datetime,plant_name,heat_demand_MWh,day_ahead_price_EUR_per_MWh,IDC_price_EUR_per_MWh,additional_electricity_charge_EUR_per_MWh_el,day_ahead_delivered_price_EUR_per_MWh,IDC_delivered_price_EUR_per_MWh,afrr_energy_delivered_price_EUR_per_MWh,gas_price_EUR_per_MWh,co2_price_EUR_per_t,day_ahead_price_signal,IDC_price_signal,gas_price_signal,co2_price_signal,gas_based_heat_benchmark_EUR_per_MWh_th,electricity_trading_benchmark_EUR_per_MWh_el,etes_charge_MWh,etes_discharge_MWh,etes_soc_MWh,gas_heat_MWh,gas_input_MWh,electricity_consumption_MWh,DA_position_MWh,IDC_buy_MWh,IDC_sell_MWh,final_planned_electricity_MWh,actual_electricity_consumption_MWh,DA_electricity_cost_EUR,IDC_buy_cost_EUR,IDC_sell_revenue_EUR,afrr_energy_bid_MWh,afrr_energy_bid_MW,afrr_energy_activated_MWh,afrr_energy_price_EUR_per_MWh,afrr_system_activation_MWh,afrr_energy_bid_price_EUR_per_MWh,afrr_energy_market_spread_EUR_per_MWh,afrr_energy_net_spread_EUR_per_MWh,afrr_energy_cost_EUR,afrr_energy_savings_vs_benchmark_EUR,afrr_energy_pay_as_cleared_reward_EUR,afrr_energy_net_value_after_charges_EUR,afrr_energy_capacity_backed_bid_MWh,afrr_energy_free_bid_MWh,afrr_energy_capacity_backed_activated_MWh,afrr_energy_free_activated_MWh,afrr_headroom_binding,afrr_curtailment_MWh,electricity_market_cost_EUR,additional_electricity_charges_cost_EUR,electricity_cost_EUR,tax_cost_EUR,gas_cost_EUR,co2_cost_EUR,operating_cost_EUR,charge_allowed_by_strategy,idc_buy_allowed_by_strategy,idc_sell_allowed_by_strategy,afrr_energy_bid_allowed_by_strategy,solver,afrr_capacity_block_id,afrr_capacity_block_duration_h,afrr_capacity_pricing_rule,afrr_capacity_bid_price_EUR_per_MW_h,afrr_capacity_clearing_price_EUR_per_MW_h,afrr_capacity_settlement_price_EUR_per_MW_h,afrr_capacity_down_price_EUR_per_MW_h,afrr_capacity_reserved_MW,afrr_capacity_reserved_MWh,afrr_capacity_revenue_EUR,afrr_capacity_opportunity_cost_EUR,afrr_capacity_market_surplus_EUR,afrr_capacity_net_value_EUR,reserved_capacity_headroom_MWh,available_charge_headroom_after_schedule_MWh,available_storage_headroom_after_schedule_MWh,gross_operating_cost_EUR,net_operating_cost_EUR,gas_heat_after_day_ahead_MWh,etes_discharge_after_day_ahead_MWh,gas_heat_after_intraday_MWh,etes_discharge_after_intraday_MWh,gas_heat_after_afrr_energy_MWh,etes_discharge_after_afrr_energy_MWh,electricity_emissions_kg,gas_emissions_kg,total_emissions_kg
2025-05-10 00:00:00+02:00,plant_1,2.0875,105.22,100.46,32.93,138.15,133.39,89.08,74.7,0.0,DE_DA_price,DE_ID3_price,natural_gas_price,,87.88235294117648,83.54096470588236,0.0,0.0,0.0,2.0875,2.4558823529411766,0.0,0.0,0.0,0.0,0.0,0.0,0.0,0.0,0.0,0.0,0.0,0.0,56.15,2.086,83.54096470588236,27.39096470588236,-5.539035294117639,0.0,0.0,0.0,0.0,0.0,0.0,0.0,0.0,False,0.0,0.0,0.0,0.0,0.0,183.4544117647059,0.0,183.4544117647059,False,False,False,False,highs,2025-05-10_00:00_04:00,4.0,pay_as_bid,2.07,2.07,2.07,2.07,0.0,0.0,0.0,0.0,0.0,0.0,0.0,2.5,51.02040816326531,183.4544117647059,183.4544117647059,2.0875,0.0,2.0875,0.0,2.0875,0.0,0.0,493.6323529411765,493.6323529411765
2025-05-10 00:15:00+02:00,plant_1,2.0875,105.22,95.75,32.93,138.15,128.68,32.93,74.7,0.0,DE_DA_price,DE_ID3_price,natural_gas_price,,87.88235294117648,83.54096470588236,0.0,0.0,0.0,2.0875,2.4558823529411766,0.0,0.0,0.0,0.0,0.0,0.0,0.0,0.0,0.0,0.0,0.0,0.0,0.0,0.0,83.54096470588236,83.54096470588236,50.61096470588236,0.0,0.0,0.0,0.0,0.0,0.0,0.0,0.0,False,0.0,0.0,0.0,0.0,0.0,183.4544117647059,0.0,183.4544117647059,False,False,False,False,highs,2025-05-10_00:00_04:00,4.0,pay_as_bid,2.07,2.07,2.07,2.07,0.0,0.0,0.0,0.0,0.0,0.0,0.0,2.5,51.02040816326531,183.4544117647059,183.4544117647059,2.0875,0.0,2.0875,0.0,2.0875,0.0,0.0,493.6323529411765,493.6323529411765
2025-05-10 00:30:00+02:00,plant_1,2.0875,105.22,101.88,32.93,138.15,134.81,109.18,74.7,0.0,DE_DA_price,DE_ID3_price,natural_gas_price,,87.88235294117648,83.54096470588236,0.0,0.0,0.0,2.0875,2.4558823529411766,0.0,0.0,0.0,0.0,0.0,0.0,0.0,0.0,0.0,0.0,0.0,0.0,76.25,0.058,83.54096470588236,7.2909647058823595,-25.639035294117647,0.0,0.0,0.0,0.0,0.0,0.0,0.0,0.0,False,0.0,0.0,0.0,0.0,0.0,183.4544117647059,0.0,183.4544117647059,False,False,False,False,highs,2025-05-10_00:00_04:00,4.0,pay_as_bid,2.07,2.07,2.07,2.07,0.0,0.0,0.0,0.0,0.0,0.0,0.0,2.5,51.02040816326531,183.4544117647059,183.4544117647059,2.0875,0.0,2.0875,0.0,2.0875,0.0,0.0,493.6323529411765,493.6323529411765
2025-05-10 00:45:00+02:00,plant_1,2.0875,105.22,108.86,32.93,138.15,141.79,111.63999999999999,74.7,0.0,DE_DA_price,DE_ID3_price,natural_gas_price,,87.88235294117648,83.54096470588236,0.0,0.0,0.0,2.0875,2.4558823529411766,0.0,0.0,0.0,0.0,0.0,0.0,0.0,0.0,0.0,0.0,0.0,0.0,78.71,0.017,83.54096470588236,4.830964705882366,-28.099035294117627,0.0,0.0,0.0,0.0,0.0,0.0,0.0,0.0,False,0.0,0.0,0.0,0.0,0.0,183.4544117647059,0.0,183.4544117647059,False,False,False,False,highs,2025-05-10_00:00_04:00,4.0,pay_as_bid,2.07,2.07,2.07,2.07,0.0,0.0,0.0,0.0,0.0,0.0,0.0,2.5,51.02040816326531,183.4544117647059,183.4544117647059,2.0875,0.0,2.0875,0.0,2.0875,0.0,0.0,493.6323529411765,493.6323529411765
2025-05-10 01:00:00+02:00,plant_1,2.0125,102.91,97.6,32.93,135.84,130.53,32.93,74.7,0.0,DE_DA_price,DE_ID3_price,natural_gas_price,,87.88235294117648,83.54096470588236,0.0,0.0,0.0,2.0125,2.36764705882353,0.0,0.0,0.0,0.0,0.0,0.0,0.0,0.0,0.0,0.0,0.0,0.0,0.0,0.0,83.54096470588236,83.54096470588236,50.61096470588236,0.0,0.0,0.0,0.0,0.0,0.0,0.0,0.0,False,0.0,0.0,0.0,0.0,0.0,176.8632352941177,0.0,176.8632352941177,False,False,False,False,highs,2025-05-10_00:00_04:00,4.0,pay_as_bid,2.07,2.07,2.07,2.07,0.0,0.0,0.0,0.0,0.0,0.0,0.0,2.5,51.02040816326531,176.8632352941177,176.8632352941177,2.0125,0.0,2.0125,0.0,2.0125,0.0,0.0,475.8970588235295,475.8970588235295
2025-05-10 01:15:00+02:00,plant_1,2.0125,102.91,98.0,32.93,135.84,130.93,32.93,74.7,0.0,DE_DA_price,DE_ID3_price,natural_gas_price,,87.88235294117648,83.54096470588236,0.0,0.0,0.0,2.0125,2.36764705882353,0.0,0.0,0.0,0.0,0.0,0.0,0.0,0.0,0.0,0.0,0.0,0.0,0.0,0.0,83.54096470588236,83.54096470588236,50.61096470588236,0.0,0.0,0.0,0.0,0.0,0.0,0.0,0.0,False,0.0,0.0,0.0,0.0,0.0,176.8632352941177,0.0,176.8632352941177,False,False,False,False,highs,2025-05-10_00:00_04:00,4.0,pay_as_bid,2.07,2.07,2.07,2.07,0.0,0.0,0.0,0.0,0.0,0.0,0.0,2.5,51.02040816326531,176.8632352941177,176.8632352941177,2.0125,0.0,2.0125,0.0,2.0125,0.0,0.0,475.8970588235295,475.8970588235295
2025-05-10 01:30:00+02:00,plant_1,2.0125,102.91,104.96,32.93,135.84,137.89,109.97,74.7,0.0,DE_DA_price,DE_ID3_price,natural_gas_price,,87.88235294117648,83.54096470588236,0.0,0.0,0.0,2.0125,2.36764705882353,0.0,0.0,0.0,0.0,0.0,0.0,0.0,0.0,0.0,0.0,0.0,0.0,77.04,0.005,83.54096470588236,6.500964705882353,-26.42903529411764,0.0,0.0,0.0,0.0,0.0,0.0,0.0,0.0,False,0.0,0.0,0.0,0.0,0.0,176.8632352941177,0.0,176.8632352941177,False,False,False,False,highs,2025-05-10_00:00_04:00,4.0,pay_as_bid,2.07,2.07,2.07,2.07,0.0,0.0,0.0,0.0,0.0,0.0,0.0,2.5,51.02040816326531,176.8632352941177,176.8632352941177,2.0125,0.0,2.0125,0.0,2.0125,0.0,0.0,475.8970588235295,475.8970588235295
2025-05-10 01:45:00+02:00,plant_1,2.0125,102.91,108.32,32.93,135.84,141.25,115.03,74.7,0.0,DE_DA_price,DE_ID3_price,natural_gas_price,,87.88235294117648,83.54096470588236,0.0,0.0,0.0,2.0125,2.36764705882353,0.0,0.0,0.0,0.0,0.0,0.0,0.0,0.0,0.0,0.0,0.0,0.0,82.1,0.0,83.54096470588236,1.4409647058823651,-31.48903529411764,0.0,0.0,0.0,0.0,0.0,0.0,0.0,0.0,False,0.0,0.0,0.0,0.0,0.0,176.8632352941177,0.0,176.8632352941177,False,False,False,False,highs,2025-05-10_00:00_04:00,4.0,pay_as_bid,2.07,2.07,2.07,2.07,0.0,0.0,0.0,0.0,0.0,0.0,0.0,2.5,51.02040816326531,176.8632352941177,176.8632352941177,2.0125,0.0,2.0125,0.0,2.0125,0.0,0.0,475.8970588235295,475.8970588235295
2025-05-10 02:00:00+02:00,plant_1,2.0125,98.78,114.95,32.93,131.71,147.88,112.94999999999999,74.7,0.0,DE_DA_price,DE_ID3_price,natural_gas_price,,87.88235294117648,83.54096470588236,0.0,0.0,0.0,2.0125,2.36764705882353,0.0,0.0,0.0,0.0,0.0,0.0,0.0,0.0,0.0,0.0,0.0,0.0,80.02,0.017,83.54096470588236,3.5209647058823634,-29.40903529411763,0.0,0.0,0.0,0.0,0.0,0.0,0.0,0.0,False,0.0,0.0,0.0,0.0,0.0,176.8632352941177,0.0,176.8632352941177,False,False,False,False,highs,2025-05-10_00:00_04:00,4.0,pay_as_bid,2.07,2.07,2.07,2.07,0.0,0.0,0.0,0.0,0.0,0.0,0.0,2.5,51.02040816326531,176.8632352941177,176.8632352941177,2.0125,0.0,2.0125,0.0,2.0125,0.0,0.0,475.8970588235295,475.8970588235295
2025-05-10 02:15:00+02:00,plant_1,2.0125,98.78,124.14,32.93,131.71,157.07,116.02000000000001,74.7,0.0,DE_DA_price,DE_ID3_price,natural_gas_price,,87.88235294117648,83.54096470588236,0.0,0.0,0.0,2.0125,2.36764705882353,0.0,0.0,0.0,0.0,0.0,0.0,0.0,0.0,0.0,0.0,0.0,0.0,83.09,0.002,83.54096470588236,0.45096470588235604,-32.47903529411765,0.0,0.0,0.0,0.0,0.0,0.0,0.0,0.0,False,0.0,0.0,0.0,0.0,0.0,176.8632352941177,0.0,176.8632352941177,False,False,False,False,highs,2025-05-10_00:00_04:00,4.0,pay_as_bid,2.07,2.07,2.07,2.07,0.0,0.0,0.0,0.0,0.0,0.0,0.0,2.5,51.02040816326531,176.8632352941177,176.8632352941177,2.0125,0.0,2.0125,0.0,2.0125,0.0,0.0,475.8970588235295,475.8970588235295
2025-05-10 02:30:00+02:00,plant_1,2.0125,98.78,126.06,32.93,131.71,158.99,32.93,74.7,0.0,DE_DA_price,DE_ID3_price,natural_gas_price,,87.88235294117648,83.54096470588236,0.0,0.0,0.0,2.0125,2.36764705882353,0.0,0.0,0.0,0.0,0.0,0.0,0.0,0.0,0.0,0.0,0.0,0.0,0.0,0.0,83.54096470588236,83.54096470588236,50.61096470588236,0.0,0.0,0.0,0.0,0.0,0.0,0.0,0.0,False,0.0,0.0,0.0,0.0,0.0,176.8632352941177,0.0,176.8632352941177,False,False,False,False,highs,2025-05-10_00:00_04:00,4.0,pay_as_bid,2.07,2.07,2.07,2.07,0.0,0.0,0.0,0.0,0.0,0.0,0.0,2.5,51.02040816326531,176.8632352941177,176.8632352941177,2.0125,0.0,2.0125,0.0,2.0125,0.0,0.0,475.8970588235295,475.8970588235295
2025-05-10 02:45:00+02:00,plant_1,2.0125,98.78,136.76,32.93,131.71,169.69,32.93,74.7,0.0,DE_DA_price,DE_ID3_price,natural_gas_price,,87.88235294117648,83.54096470588236,0.0,0.0,0.0,2.0125,2.36764705882353,0.0,0.0,0.0,0.0,0.0,0.0,0.0,0.0,0.0,0.0,0.0,0.0,0.0,0.0,83.54096470588236,83.54096470588236,50.61096470588236,0.0,0.0,0.0,0.0,0.0,0.0,0.0,0.0,False,0.0,0.0,0.0,0.0,0.0,176.8632352941177,0.0,176.8632352941177,False,False,False,False,highs,2025-05-10_00:00_04:00,4.0,pay_as_bid,2.07,2.07,2.07,2.07,0.0,0.0,0.0,0.0,0.0,0.0,0.0,2.5,51.02040816326531,176.8632352941177,176.8632352941177,2.0125,0.0,2.0125,0.0,2.0125,0.0,0.0,475.8970588235295,475.8970588235295
2025-05-10 03:00:00+02:00,plant_1,2.0125,96.28,124.92,32.93,129.21,157.85,32.93,74.7,0.0,DE_DA_price,DE_ID3_price,natural_gas_price,,87.88235294117648,83.54096470588236,0.0,0.0,0.0,2.0125,2.36764705882353,0.0,0.0,0.0,0.0,0.0,0.0,0.0,0.0,0.0,0.0,0.0,0.0,0.0,0.0,83.54096470588236,83.54096470588236,50.61096470588236,0.0,0.0,0.0,0.0,0.0,0.0,0.0,0.0,False,0.0,0.0,0.0,0.0,0.0,176.8632352941177,0.0,176.8632352941177,False,False,False,False,highs,2025-05-10_00:00_04:00,4.0,pay_as_bid,2.07,2.07,2.07,2.07,0.0,0.0,0.0,0.0,0.0,0.0,0.0,2.5,51.02040816326531,176.8632352941177,176.8632352941177,2.0125,0.0,2.0125,0.0,2.0125,0.0,0.0,475.8970588235295,475.8970588235295
2025-05-10 03:15:00+02:00,plant_1,2.0125,96.28,122.83,32.93,129.21,155.76,32.93,74.7,0.0,DE_DA_price,DE_ID3_price,natural_gas_price,,87.88235294117648,83.54096470588236,0.0,0.0,0.0,2.0125,2.36764705882353,0.0,0.0,0.0,0.0,0.0,0.0,0.0,0.0,0.0,0.0,0.0,0.0,0.0,0.0,83.54096470588236,83.54096470588236,50.61096470588236,0.0,0.0,0.0,0.0,0.0,0.0,0.0,0.0,False,0.0,0.0,0.0,0.0,0.0,176.8632352941177,0.0,176.8632352941177,False,False,False,False,highs,2025-05-10_00:00_04:00,4.0,pay_as_bid,2.07,2.07,2.07,2.07,0.0,0.0,0.0,0.0,0.0,0.0,0.0,2.5,51.02040816326531,176.8632352941177,176.8632352941177,2.0125,0.0,2.0125,0.0,2.0125,0.0,0.0,475.8970588235295,475.8970588235295
2025-05-10 03:30:00+02:00,plant_1,2.0125,96.28,122.66,32.93,129.21,155.59,32.93,74.7,0.0,DE_DA_price,DE_ID3_price,natural_gas_price,,87.88235294117648,83.54096470588236,0.0,0.0,0.0,2.0125,2.36764705882353,0.0,0.0,0.0,0.0,0.0,0.0,0.0,0.0,0.0,0.0,0.0,0.0,0.0,0.0,83.54096470588236,83.54096470588236,50.61096470588236,0.0,0.0,0.0,0.0,0.0,0.0,0.0,0.0,False,0.0,0.0,0.0,0.0,0.0,176.8632352941177,0.0,176.8632352941177,False,False,False,False,highs,2025-05-10_00:00_04:00,4.0,pay_as_bid,2.07,2.07,2.07,2.07,0.0,0.0,0.0,0.0,0.0,0.0,0.0,2.5,51.02040816326531,176.8632352941177,176.8632352941177,2.0125,0.0,2.0125,0.0,2.0125,0.0,0.0,475.8970588235295,475.8970588235295
2025-05-10 03:45:00+02:00,plant_1,2.0125,96.28,124.13,32.93,129.21,157.06,172.93,74.7,0.0,DE_DA_price,DE_ID3_price,natural_gas_price,,87.88235294117648,83.54096470588236,0.0,0.0,0.0,2.0125,2.36764705882353,0.0,0.0,0.0,0.0,0.0,0.0,0.0,0.0,0.0,0.0,0.0,0.0,140.0,0.0,83.54096470588236,-56.45903529411764,-89.38903529411765,0.0,0.0,0.0,0.0,0.0,0.0,0.0,0.0,False,0.0,0.0,0.0,0.0,0.0,176.8632352941177,0.0,176.8632352941177,False,False,False,False,highs,2025-05-10_00:00_04:00,4.0,pay_as_bid,2.07,2.07,2.07,2.07,0.0,0.0,0.0,0.0,0.0,0.0,0.0,2.5,51.02040816326531,176.8632352941177,176.8632352941177,2.0125,0.0,2.0125,0.0,2.0125,0.0,0.0,475.8970588235295,475.8970588235295
2025-05-10 04:00:00+02:00,plant_1,2.0125,100.9,132.86,32.93,133.83,165.79000000000002,172.93,74.7,0.0,DE_DA_price,DE_ID3_price,natural_gas_price,,87.88235294117648,83.54096470588236,0.0,0.0,0.0,2.0125,2.36764705882353,0.0,0.0,0.0,0.0,0.0,0.0,0.0,0.0,0.0,0.0,0.0,0.0,140.0,0.0,83.54096470588236,-56.45903529411764,-89.38903529411765,0.0,0.0,0.0,0.0,0.0,0.0,0.0,0.0,False,0.0,0.0,0.0,0.0,0.0,176.8632352941177,0.0,176.8632352941177,False,False,False,False,highs,2025-05-10_04:00_08:00,4.0,pay_as_bid,2.39,2.39,2.39,2.39,0.0,0.0,0.0,0.0,0.0,0.0,0.0,2.5,51.02040816326531,176.8632352941177,176.8632352941177,2.0125,0.0,2.0125,0.0,2.0125,0.0,0.0,475.8970588235295,475.8970588235295
2025-05-10 04:15:00+02:00,plant_1,2.0125,100.9,129.35,32.93,133.83,162.28,32.93,74.7,0.0,DE_DA_price,DE_ID3_price,natural_gas_price,,87.88235294117648,83.54096470588236,0.0,0.0,0.0,2.0125,2.36764705882353,0.0,0.0,0.0,0.0,0.0,0.0,0.0,0.0,0.0,0.0,0.0,0.0,0.0,0.0,83.54096470588236,83.54096470588236,50.61096470588236,0.0,0.0,0.0,0.0,0.0,0.0,0.0,0.0,False,0.0,0.0,0.0,0.0,0.0,176.8632352941177,0.0,176.8632352941177,False,False,False,False,highs,2025-05-10_04:00_08:00,4.0,pay_as_bid,2.39,2.39,2.39,2.39,0.0,0.0,0.0,0.0,0.0,0.0,0.0,2.5,51.02040816326531,176.8632352941177,176.8632352941177,2.0125,0.0,2.0125,0.0,2.0125,0.0,0.0,475.8970588235295,475.8970588235295
2025-05-10 04:30:00+02:00,plant_1,2.0125,100.9,121.22,32.93,133.83,154.15,32.93,74.7,0.0,DE_DA_price,DE_ID3_price,natural_gas_price,,87.88235294117648,83.54096470588236,0.0,0.0,0.0,2.0125,2.36764705882353,0.0,0.0,0.0,0.0,0.0,0.0,0.0,0.0,0.0,0.0,0.0,0.0,0.0,0.0,83.54096470588236,83.54096470588236,50.61096470588236,0.0,0.0,0.0,0.0,0.0,0.0,0.0,0.0,False,0.0,0.0,0.0,0.0,0.0,176.8632352941177,0.0,176.8632352941177,False,False,False,False,highs,2025-05-10_04:00_08:00,4.0,pay_as_bid,2.39,2.39,2.39,2.39,0.0,0.0,0.0,0.0,0.0,0.0,0.0,2.5,51.02040816326531,176.8632352941177,176.8632352941177,2.0125,0.0,2.0125,0.0,2.0125,0.0,0.0,475.8970588235295,475.8970588235295
2025-05-10 04:45:00+02:00,plant_1,2.0125,100.9,102.22,32.93,133.83,135.15,32.93,74.7,0.0,DE_DA_price,DE_ID3_price,natural_gas_price,,87.88235294117648,83.54096470588236,0.0,0.0,0.0,2.0125,2.36764705882353,0.0,0.0,0.0,0.0,0.0,0.0,0.0,0.0,0.0,0.0,0.0,0.0,0.0,0.0,83.54096470588236,83.54096470588236,50.61096470588236,0.0,0.0,0.0,0.0,0.0,0.0,0.0,0.0,False,0.0,0.0,0.0,0.0,0.0,176.8632352941177,0.0,176.8632352941177,False,False,False,False,highs,2025-05-10_04:00_08:00,4.0,pay_as_bid,2.39,2.39,2.39,2.39,0.0,0.0,0.0,0.0,0.0,0.0,0.0,2.5,51.02040816326531,176.8632352941177,176.8632352941177,2.0125,0.0,2.0125,0.0,2.0125,0.0,0.0,475.8970588235295,475.8970588235295
2025-05-10 05:00:00+02:00,plant_1,2.0125,100.47,136.24,32.93,133.4,169.17000000000002,32.93,74.7,0.0,DE_DA_price,DE_ID3_price,natural_gas_price,,87.88235294117648,83.54096470588236,0.0,0.0,0.0,2.0125,2.36764705882353,0.0,0.0,0.0,0.0,0.0,0.0,0.0,0.0,0.0,0.0,0.0,0.0,0.0,0.0,83.54096470588236,83.54096470588236,50.61096470588236,0.0,0.0,0.0,0.0,0.0,0.0,0.0,0.0,False,0.0,0.0,0.0,0.0,0.0,176.8632352941177,0.0,176.8632352941177,False,False,False,False,highs,2025-05-10_04:00_08:00,4.0,pay_as_bid,2.39,2.39,2.39,2.39,0.0,0.0,0.0,0.0,0.0,0.0,0.0,2.5,51.02040816326531,176.8632352941177,176.8632352941177,2.0125,0.0,2.0125,0.0,2.0125,0.0,0.0,475.8970588235295,475.8970588235295
2025-05-10 05:15:00+02:00,plant_1,2.0125,100.47,120.24,32.93,133.4,153.17,32.93,74.7,0.0,DE_DA_price,DE_ID3_price,natural_gas_price,,87.88235294117648,83.54096470588236,0.0,0.0,0.0,2.0125,2.36764705882353,0.0,0.0,0.0,0.0,0.0,0.0,0.0,0.0,0.0,0.0,0.0,0.0,0.0,0.0,83.54096470588236,83.54096470588236,50.61096470588236,0.0,0.0,0.0,0.0,0.0,0.0,0.0,0.0,False,0.0,0.0,0.0,0.0,0.0,176.8632352941177,0.0,176.8632352941177,False,False,False,False,highs,2025-05-10_04:00_08:00,4.0,pay_as_bid,2.39,2.39,2.39,2.39,0.0,0.0,0.0,0.0,0.0,0.0,0.0,2.5,51.02040816326531,176.8632352941177,176.8632352941177,2.0125,0.0,2.0125,0.0,2.0125,0.0,0.0,475.8970588235295,475.8970588235295
2025-05-10 05:30:00+02:00,plant_1,2.0125,100.47,93.9,32.93,133.4,126.83000000000001,84.14,74.7,0.0,DE_DA_price,DE_ID3_price,natural_gas_price,,87.88235294117648,83.54096470588236,0.0,0.0,0.0,2.0125,2.36764705882353,0.0,0.0,0.0,0.0,0.0,0.0,0.0,0.0,0.0,0.0,0.0,0.0,51.21,1.182,83.54096470588236,32.33096470588236,-0.5990352941176411,0.0,0.0,0.0,0.0,0.0,0.0,0.0,0.0,False,0.0,0.0,0.0,0.0,0.0,176.8632352941177,0.0,176.8632352941177,False,False,False,False,highs,2025-05-10_04:00_08:00,4.0,pay_as_bid,2.39,2.39,2.39,2.39,0.0,0.0,0.0,0.0,0.0,0.0,0.0,2.5,51.02040816326531,176.8632352941177,176.8632352941177,2.0125,0.0,2.0125,0.0,2.0125,0.0,0.0,475.8970588235295,475.8970588235295
2025-05-10 05:45:00+02:00,plant_1,2.0125,100.47,80.19,32.93,133.4,113.12,84.57,74.7,0.0,DE_DA_price,DE_ID3_price,natural_gas_price,,87.88235294117648,83.54096470588236,0.0,0.0,0.0,2.0125,2.36764705882353,0.0,0.0,0.0,0.0,0.0,0.0,0.0,0.0,0.0,0.0,0.0,0.0,51.64,10.132,83.54096470588236,31.90096470588236,-1.0290352941176337,0.0,0.0,0.0,0.0,0.0,0.0,0.0,0.0,False,0.0,0.0,0.0,0.0,0.0,176.8632352941177,0.0,176.8632352941177,False,False,False,False,highs,2025-05-10_04:00_08:00,4.0,pay_as_bid,2.39,2.39,2.39,2.39,0.0,0.0,0.0,0.0,0.0,0.0,0.0,2.5,51.02040816326531,176.8632352941177,176.8632352941177,2.0125,0.0,2.0125,0.0,2.0125,0.0,0.0,475.8970588235295,475.8970588235295
2025-05-10 06:00:00+02:00,plant_1,2.0125,97.73,113.8,32.93,130.66,146.73,122.38,74.7,0.0,DE_DA_price,DE_ID3_price,natural_gas_price,,87.88235294117648,83.54096470588236,0.0,0.0,0.0,2.0125,2.36764705882353,0.0,0.0,0.0,0.0,0.0,0.0,0.0,0.0,0.0,0.0,0.0,0.0,89.45,0.434,83.54096470588236,-5.909035294117643,-38.839035294117636,0.0,0.0,0.0,0.0,0.0,0.0,0.0,0.0,False,0.0,0.0,0.0,0.0,0.0,176.8632352941177,0.0,176.8632352941177,False,False,False,False,highs,2025-05-10_04:00_08:00,4.0,pay_as_bid,2.39,2.39,2.39,2.39,0.0,0.0,0.0,0.0,0.0,0.0,0.0,2.5,51.02040816326531,176.8632352941177,176.8632352941177,2.0125,0.0,2.0125,0.0,2.0125,0.0,0.0,475.8970588235295,475.8970588235295
2025-05-10 06:15:00+02:00,plant_1,2.0125,97.73,101.37,32.93,130.66,134.3,121.32,74.7,0.0,DE_DA_price,DE_ID3_price,natural_gas_price,,87.88235294117648,83.54096470588236,0.0,0.0,0.0,2.0125,2.36764705882353,0.0,0.0,0.0,0.0,0.0,0.0,0.0,0.0,0.0,0.0,0.0,0.0,88.39,0.218,83.54096470588236,-4.849035294117641,-37.779035294117634,0.0,0.0,0.0,0.0,0.0,0.0,0.0,0.0,False,0.0,0.0,0.0,0.0,0.0,176.8632352941177,0.0,176.8632352941177,False,False,False,False,highs,2025-05-10_04:00_08:00,4.0,pay_as_bid,2.39,2.39,2.39,2.39,0.0,0.0,0.0,0.0,0.0,0.0,0.0,2.5,51.02040816326531,176.8632352941177,176.8632352941177,2.0125,0.0,2.0125,0.0,2.0125,0.0,0.0,475.8970588235295,475.8970588235295
2025-05-10 06:30:00+02:00,plant_1,2.0125,97.73,77.02,32.93,130.66,109.94999999999999,118.68,74.7,0.0,DE_DA_price,DE_ID3_price,natural_gas_price,,87.88235294117648,83.54096470588236,0.0,0.0,0.0,2.0125,2.36764705882353,0.0,0.0,0.0,0.0,0.0,0.0,0.0,0.0,0.0,0.0,0.0,0.0,85.75,0.11,83.54096470588236,-2.2090352941176405,-35.13903529411765,0.0,0.0,0.0,0.0,0.0,0.0,0.0,0.0,False,0.0,0.0,0.0,0.0,0.0,176.8632352941177,0.0,176.8632352941177,False,False,False,False,highs,2025-05-10_04:00_08:00,4.0,pay_as_bid,2.39,2.39,2.39,2.39,0.0,0.0,0.0,0.0,0.0,0.0,0.0,2.5,51.02040816326531,176.8632352941177,176.8632352941177,2.0125,0.0,2.0125,0.0,2.0125,0.0,0.0,475.8970588235295,475.8970588235295
2025-05-10 06:45:00+02:00,plant_1,2.0125,97.73,50.44,32.93,130.66,83.37,112.78,74.7,0.0,DE_DA_price,DE_ID3_price,natural_gas_price,,87.88235294117648,83.54096470588236,2.5,2.0125,0.37525773195876244,0.0,0.0,2.5,0.0,2.5,0.0,2.5,2.5,0.0,126.1,0.0,0.0,0.0,0.0,79.85,0.168,83.54096470588236,3.690964705882365,-29.23903529411764,0.0,0.0,0.0,0.0,0.0,0.0,0.0,0.0,False,0.0,126.1,82.325,208.425,0.0,0.0,0.0,208.425,False,False,False,False,highs,2025-05-10_04:00_08:00,4.0,pay_as_bid,2.39,2.39,2.39,2.39,0.0,0.0,0.0,0.0,0.0,0.0,0.0,0.0,50.637492110246164,208.425,208.425,2.0125,0.0,0.0,2.0125,0.0,2.0125,1065.3964004328272,0.0,1065.3964004328272
2025-05-10 07:00:00+02:00,plant_1,2.0475,93.91,87.23,32.93,126.84,120.16,41.96,74.7,0.0,DE_DA_price,DE_ID3_price,natural_gas_price,,87.88235294117648,83.54096470588236,2.5,2.0475,0.7143391752577317,0.0,0.0,2.5,0.0,0.0,0.0,0.0,2.5,0.0,0.0,0.0,2.5,10.0,2.5,9.03,5.906,83.54096470588236,74.51096470588236,41.58096470588236,22.575,103.9524117647059,186.2774117647059,103.9524117647059,0.0,2.5,0.0,2.5,False,0.0,22.575,82.325,104.9,0.0,0.0,0.0,104.9,False,False,False,True,highs,2025-05-10_04:00_08:00,4.0,pay_as_bid,2.39,2.39,2.39,2.39,0.0,0.0,0.0,0.0,0.0,0.0,0.0,2.5,50.29149063749211,104.9,104.9,2.0475,0.0,1.6835910000000003,0.36390899999999954,0.0,2.0475,980.9537216705344,0.0,980.9537216705344
2025-05-10 07:15:00+02:00,plant_1,2.0475,93.91,68.94,32.93,126.84,101.87,113.55000000000001,74.7,0.0,DE_DA_price,DE_ID3_price,natural_gas_price,,87.88235294117648,83.54096470588236,0.0,0.6927357727499998,0.0,1.35476422725,1.5938402673529413,0.0,0.0,0.0,0.0,0.0,0.0,0.0,0.0,0.0,0.0,0.0,0.0,80.62,0.058,83.54096470588236,2.920964705882355,-30.009035294117652,0.0,0.0,0.0,0.0,0.0,0.0,0.0,0.0,False,0.0,0.0,0.0,0.0,0.0,119.05986797126472,0.0,119.05986797126472,False,False,False,False,highs,2025-05-10_04:00_08:00,4.0,pay_as_bid,2.39,2.39,2.39,2.39,0.0,0.0,0.0,0.0,0.0,0.0,0.0,2.5,51.02040816326531,119.05986797126472,119.05986797126472,2.0475,0.0,2.0475,0.0,1.35476422725,0.6927357727499998,0.0,320.3618937379412,320.3618937379412
2025-05-10 07:30:00+02:00,plant_1,2.0475,93.91,25.37,32.93,126.84,58.3,81.25999999999999,74.7,0.0,DE_DA_price,DE_ID3_price,natural_gas_price,,87.88235294117648,83.54096470588236,2.5,2.0475,0.3391752577319589,0.0,0.0,2.5,0.0,2.5,0.0,2.5,2.5,0.0,63.425000000000004,0.0,0.0,0.0,0.0,48.33,0.396,83.54096470588236,35.21096470588236,2.2809647058823685,0.0,0.0,0.0,0.0,0.0,0.0,0.0,0.0,False,0.0,63.425000000000004,82.325,145.75,0.0,0.0,0.0,145.75,False,False,False,False,highs,2025-05-10_04:00_08:00,4.0,pay_as_bid,2.39,2.39,2.39,2.39,0.0,0.0,0.0,0.0,0.0,0.0,0.0,0.0,50.674310961498,145.75,145.75,2.0475,0.0,0.0,2.0475,0.0,2.0475,885.1273583075402,0.0,885.1273583075402
2025-05-10 07:45:00+02:00,plant_1,2.0475,93.91,4.17,32.93,126.84,37.1,64.23,74.7,0.0,DE_DA_price,DE_ID3_price,natural_gas_price,,87.88235294117648,83.54096470588236,2.5,2.0475,0.6782657216494847,0.0,0.0,2.5,0.0,2.5,0.0,2.5,2.5,0.0,10.425,0.0,0.0,0.0,0.0,31.3,0.107,83.54096470588236,52.24096470588236,19.310964705882355,0.0,0.0,0.0,0.0,0.0,0.0,0.0,0.0,False,0.0,10.425,82.325,92.75,0.0,0.0,0.0,92.75,False,False,False,False,highs,2025-05-10_04:00_08:00,4.0,pay_as_bid,2.39,2.39,2.39,2.39,0.0,0.0,0.0,0.0,0.0,0.0,0.0,0.0,50.328300284031144,92.75,92.75,2.0475,0.0,0.0,2.0475,0.0,2.0475,835.4219878441182,0.0,835.4219878441182
2025-05-10 08:00:00+02:00,plant_1,2.07,73.72,65.8,32.93,106.65,98.72999999999999,32.93,74.7,0.0,DE_DA_price,DE_ID3_price,natural_gas_price,,87.88235294117648,83.54096470588236,0.0,0.6577532705625002,0.0,1.4122467294374996,1.6614667405147054,0.0,0.0,0.0,0.0,0.0,0.0,0.0,0.0,0.0,0.0,0.0,0.0,0.0,0.0,83.54096470588236,83.54096470588236,50.61096470588236,0.0,0.0,0.0,0.0,0.0,0.0,0.0,0.0,False,0.0,0.0,0.0,0.0,0.0,124.11156551644851,0.0,124.11156551644851,False,False,False,False,highs,2025-05-10_08:00_12:00,4.0,pay_as_bid,48.46,48.46,48.46,48.46,0.0,0.0,0.0,0.0,0.0,0.0,0.0,2.5,51.02040816326531,124.11156551644851,124.11156551644851,2.07,0.0,1.4122467294374996,0.6577532705625002,1.4122467294374996,0.6577532705625002,0.0,333.9548148434558,333.9548148434558
2025-05-10 08:15:00+02:00,plant_1,2.07,73.72,34.74,32.93,106.65,67.67,78.74000000000001,74.7,0.0,DE_DA_price,DE_ID3_price,natural_gas_price,,87.88235294117648,83.54096470588236,2.5,2.07,0.3159793814432992,0.0,0.0,2.5,0.0,2.5,0.0,2.5,2.5,0.0,86.85000000000001,0.0,0.0,0.0,0.0,45.81,0.334,83.54096470588236,37.73096470588236,4.80096470588235,0.0,0.0,0.0,0.0,0.0,0.0,0.0,0.0,False,0.0,86.85000000000001,82.325,169.175,0.0,0.0,0.0,169.175,False,False,False,False,highs,2025-05-10_08:00_12:00,4.0,pay_as_bid,48.46,48.46,48.46,48.46,0.0,0.0,0.0,0.0,0.0,0.0,0.0,0.0,50.69798022301704,169.175,169.175,2.07,0.0,0.0,2.07,0.0,2.07,636.0808452687938,0.0,636.0808452687938
2025-05-10 08:30:00+02:00,plant_1,2.07,73.72,19.92,32.93,106.65,52.85,56.769999999999996,74.7,0.0,DE_DA_price,DE_ID3_price,natural_gas_price,,87.88235294117648,83.54096470588236,2.5,2.07,0.6318797680412376,0.0,0.0,2.5,0.0,2.5,0.0,2.5,2.5,0.0,49.800000000000004,0.0,0.0,0.0,0.0,23.84,1.835,83.54096470588236,59.700964705882356,26.770964705882363,0.0,0.0,0.0,0.0,0.0,0.0,0.0,0.0,False,0.0,49.800000000000004,82.325,132.125,0.0,0.0,0.0,132.125,False,False,False,False,highs,2025-05-10_08:00_12:00,4.0,pay_as_bid,48.46,48.46,48.46,48.46,0.0,0.0,0.0,0.0,0.0,0.0,0.0,0.0,50.37563288975384,132.125,132.125,2.07,0.0,0.0,2.07,0.0,2.07,590.1498169543812,0.0,590.1498169543812
2025-05-10 08:45:00+02:00,plant_1,2.07,73.72,10.07,32.93,106.65,43.0,108.47999999999999,74.7,0.0,DE_DA_price,DE_ID3_price,natural_gas_price,,87.88235294117648,83.54096470588236,2.5,2.07,0.9477011795425264,0.0,0.0,2.5,0.0,2.5,0.0,2.5,2.5,0.0,25.175,0.0,0.0,0.0,0.0,75.55,0.61,83.54096470588236,7.990964705882362,-24.93903529411763,0.0,0.0,0.0,0.0,0.0,0.0,0.0,0.0,False,0.0,25.175,82.325,107.5,0.0,0.0,0.0,107.5,False,False,False,False,highs,2025-05-10_08:00_12:00,4.0,pay_as_bid,48.46,48.46,48.46,48.46,0.0,0.0,0.0,0.0,0.0,0.0,0.0,0.0,50.053366143323956,107.5,107.5,2.07,0.0,0.0,2.07,0.0,2.07,535.7168041279292,0.0,535.7168041279292
2025-05-10 09:00:00+02:00,plant_1,2.1,9.02,30.42,32.93,41.95,63.35,32.93,74.7,0.0,DE_DA_price,DE_ID3_price,natural_gas_price,,87.88235294117648,83.54096470588236,2.5,2.1,1.2325158006393933,0.0,0.0,2.5,2.5,0.0,0.0,2.5,2.5,22.549999999999997,0.0,0.0,0.0,0.0,0.0,0.0,0.0,83.54096470588236,83.54096470588236,50.61096470588236,0.0,0.0,0.0,0.0,0.0,0.0,0.0,0.0,False,0.0,22.549999999999997,82.325,104.875,0.0,0.0,0.0,104.875,False,False,False,False,highs,2025-05-10_08:00_12:00,4.0,pay_as_bid,48.46,48.46,48.46,48.46,0.0,0.0,0.0,0.0,0.0,0.0,0.0,0.0,49.762738978939396,104.875,104.875,0.0,2.1,0.0,2.1,0.0,2.1,467.24417856846503,0.0,467.24417856846503
2025-05-10 09:15:00+02:00,plant_1,2.1,9.02,6.32,32.93,41.95,39.25,46.92,74.7,0.0,DE_DA_price,DE_ID3_price,natural_gas_price,,87.88235294117648,83.54096470588236,2.5,2.1,1.5172592180809858,0.0,0.0,2.5,2.5,0.0,0.0,2.5,2.5,22.549999999999997,0.0,0.0,0.0,0.0,0.0,13.99,1.715,83.54096470588236,69.55096470588236,36.62096470588236,0.0,0.0,0.0,0.0,0.0,0.0,0.0,0.0,False,0.0,22.549999999999997,82.325,104.875,0.0,0.0,0.0,104.875,False,False,False,False,highs,2025-05-10_08:00_12:00,4.0,pay_as_bid,48.46,48.46,48.46,48.46,0.0,0.0,0.0,0.0,0.0,0.0,0.0,0.0,49.47218447134593,104.875,104.875,0.0,2.1,0.0,2.1,0.0,2.1,431.41978507769454,0.0,431.41978507769454
2025-05-10 09:30:00+02:00,plant_1,2.1,9.02,0.21,32.93,41.95,33.14,32.839999999999996,74.7,0.0,DE_DA_price,DE_ID3_price,natural_gas_price,,87.88235294117648,83.54096470588236,2.5,2.1,1.8019314496682182,0.0,0.0,2.5,2.5,0.0,0.0,2.5,2.5,22.549999999999997,0.0,0.0,0.0,0.0,0.0,-0.09,5.71,83.54096470588236,83.63096470588236,50.70096470588236,0.0,0.0,0.0,0.0,0.0,0.0,0.0,0.0,False,0.0,22.549999999999997,82.325,104.875,0.0,0.0,0.0,104.875,False,False,False,False,highs,2025-05-10_08:00_12:00,4.0,pay_as_bid,48.46,48.46,48.46,48.46,0.0,0.0,0.0,0.0,0.0,0.0,0.0,0.0,49.181702602379374,104.875,104.875,0.0,2.1,0.0,2.1,0.0,2.1,409.6848878585406,0.0,409.6848878585406
2025-05-10 09:45:00+02:00,plant_1,2.1,9.02,-4.82,32.93,41.95,28.11,11.399999999999999,74.7,0.0,DE_DA_price,DE_ID3_price,natural_gas_price,,87.88235294117648,83.54096470588236,2.5,2.1,2.086532513197554,0.0,0.0,2.5,2.5,0.0,0.0,2.5,2.5,22.549999999999997,0.0,0.0,0.0,0.0,0.0,-21.53,11.299,83.54096470588236,105.07096470588236,72.14096470588237,0.0,0.0,0.0,0.0,0.0,0.0,0.0,0.0,False,0.0,22.549999999999997,82.325,104.875,0.0,0.0,0.0,104.875,False,False,False,False,highs,2025-05-10_08:00_12:00,4.0,pay_as_bid,48.46,48.46,48.46,48.46,0.0,0.0,0.0,0.0,0.0,0.0,0.0,0.0,48.891293353880044,104.875,104.875,0.0,2.1,0.0,2.1,0.0,2.1,386.7902475,0.0,386.7902475
2025-05-10 10:00:00+02:00,plant_1,2.1,-0.07,0.69,32.93,32.86,33.62,36.16,74.7,0.0,DE_DA_price,DE_ID3_price,natural_gas_price,,87.88235294117648,83.54096470588236,2.5,2.1,2.371062426461007,0.0,0.0,2.5,2.5,0.0,0.0,2.5,2.5,-0.17500000000000002,0.0,0.0,0.0,0.0,0.0,3.23,6.396,83.54096470588236,80.31096470588236,47.38096470588236,0.0,0.0,0.0,0.0,0.0,0.0,0.0,0.0,False,0.0,-0.17500000000000002,82.325,82.15,0.0,0.0,0.0,82.15,False,False,False,False,highs,2025-05-10_08:00_12:00,4.0,pay_as_bid,48.46,48.46,48.46,48.46,0.0,0.0,0.0,0.0,0.0,0.0,0.0,0.0,48.60095670769285,82.15,82.15,0.0,2.1,0.0,2.1,0.0,2.1,361.0735012573295,0.0,361.0735012573295
2025-05-10 10:15:00+02:00,plant_1,2.1,-0.07,-5.41,32.93,32.86,27.52,43.879999999999995,74.7,0.0,DE_DA_price,DE_ID3_price,natural_gas_price,,87.88235294117648,83.54096470588236,2.5,2.1,2.6555212072461445,0.0,0.0,2.5,2.5,0.0,0.0,2.5,2.5,-0.17500000000000002,0.0,0.0,0.0,0.0,0.0,10.95,3.64,83.54096470588236,72.59096470588236,39.660964705882364,0.0,0.0,0.0,0.0,0.0,0.0,0.0,0.0,False,0.0,-0.17500000000000002,82.325,82.15,0.0,0.0,0.0,82.15,False,False,False,False,highs,2025-05-10_08:00_12:00,4.0,pay_as_bid,48.46,48.46,48.46,48.46,0.0,0.0,0.0,0.0,0.0,0.0,0.0,0.0,48.310692645667196,82.15,82.15,0.0,2.1,0.0,2.1,0.0,2.1,352.29452426762657,0.0,352.29452426762657
2025-05-10 10:30:00+02:00,plant_1,2.1,-0.07,-15.31,32.93,32.86,17.619999999999997,48.769999999999996,74.7,0.0,DE_DA_price,DE_ID3_price,natural_gas_price,,87.88235294117648,83.54096470588236,2.5,2.1,2.9399088733360856,0.0,0.0,2.5,2.5,0.0,0.0,2.5,2.5,-0.17500000000000002,0.0,0.0,0.0,0.0,0.0,15.84,1.664,83.54096470588236,67.70096470588236,34.77096470588236,0.0,0.0,0.0,0.0,0.0,0.0,0.0,0.0,False,0.0,-0.17500000000000002,82.325,82.15,0.0,0.0,0.0,82.15,False,False,False,False,highs,2025-05-10_08:00_12:00,4.0,pay_as_bid,48.46,48.46,48.46,48.46,0.0,0.0,0.0,0.0,0.0,0.0,0.0,0.0,48.02050114965706,82.15,82.15,0.0,2.1,0.0,2.1,0.0,2.1,344.82755246738515,0.0,344.82755246738515
2025-05-10 10:45:00+02:00,plant_1,2.1,-0.07,-40.78,32.93,32.86,-7.850000000000001,-15.600000000000001,74.7,0.0,DE_DA_price,DE_ID3_price,natural_gas_price,,87.88235294117648,83.54096470588236,2.5,2.1,3.2242254425095043,0.0,0.0,2.5,2.5,0.0,0.0,2.5,2.5,-0.17500000000000002,0.0,0.0,0.0,0.0,0.0,-48.53,21.279,83.54096470588236,132.07096470588237,99.14096470588237,0.0,0.0,0.0,0.0,0.0,0.0,0.0,0.0,False,0.0,-0.17500000000000002,82.325,82.15,0.0,0.0,0.0,82.15,False,False,False,False,highs,2025-05-10_08:00_12:00,4.0,pay_as_bid,48.46,48.46,48.46,48.46,0.0,0.0,0.0,0.0,0.0,0.0,0.0,0.0,47.73038220152091,82.15,82.15,0.0,2.1,0.0,2.1,0.0,2.1,338.2944122147019,0.0,338.2944122147019
2025-05-10 11:00:00+02:00,plant_1,2.1,-22.88,-46.6,32.93,10.05,-13.670000000000002,43.12,74.7,0.0,DE_DA_price,DE_ID3_price,natural_gas_price,,87.88235294117648,83.54096470588236,2.5,2.1,3.5084709325406296,0.0,0.0,2.5,2.5,0.0,0.0,2.5,2.5,-57.199999999999996,0.0,0.0,0.0,0.0,0.0,10.19,4.854,83.54096470588236,73.35096470588236,40.42096470588236,0.0,0.0,0.0,0.0,0.0,0.0,0.0,0.0,False,0.0,-57.199999999999996,82.325,25.125000000000007,0.0,0.0,0.0,25.125000000000007,False,False,False,False,highs,2025-05-10_08:00_12:00,4.0,pay_as_bid,48.46,48.46,48.46,48.46,0.0,0.0,0.0,0.0,0.0,0.0,0.0,0.0,47.4403357831218,25.125000000000007,25.125000000000007,0.0,2.1,0.0,2.1,0.0,2.1,334.22957264331416,0.0,334.22957264331416
2025-05-10 11:15:00+02:00,plant_1,2.1,-22.88,-68.97,32.93,10.05,-36.04,27.04,74.7,0.0,DE_DA_price,DE_ID3_price,natural_gas_price,,87.88235294117648,83.54096470588236,2.5,2.1,3.792645361199247,0.0,0.0,2.5,2.5,0.0,0.0,2.5,2.5,-57.199999999999996,0.0,0.0,0.0,0.0,0.0,-5.89,4.228,83.54096470588236,89.43096470588236,56.50096470588236,0.0,0.0,0.0,0.0,0.0,0.0,0.0,0.0,False,0.0,-57.199999999999996,82.325,25.125000000000007,0.0,0.0,0.0,25.125000000000007,False,False,False,False,highs,2025-05-10_08:00_12:00,4.0,pay_as_bid,48.46,48.46,48.46,48.46,0.0,0.0,0.0,0.0,0.0,0.0,0.0,0.0,47.150361876327295,25.125000000000007,25.125000000000007,0.0,2.1,0.0,2.1,0.0,2.1,329.5298559427027,0.0,329.5298559427027
2025-05-10 11:30:00+02:00,plant_1,2.1,-22.88,-90.41,32.93,10.05,-57.48,32.53,74.7,0.0,DE_DA_price,DE_ID3_price,natural_gas_price,,87.88235294117648,83.54096470588236,2.5,2.1,4.0767487462507,0.0,0.0,2.5,2.5,0.0,0.0,2.5,2.5,-57.199999999999996,0.0,0.0,0.0,0.0,0.0,-0.4,3.423,83.54096470588236,83.94096470588237,51.01096470588236,0.0,0.0,0.0,0.0,0.0,0.0,0.0,0.0,False,0.0,-57.199999999999996,82.325,25.125000000000007,0.0,0.0,0.0,25.125000000000007,False,False,False,False,highs,2025-05-10_08:00_12:00,4.0,pay_as_bid,48.46,48.46,48.46,48.46,0.0,0.0,0.0,0.0,0.0,0.0,0.0,0.0,46.86046046300949,25.125000000000007,25.125000000000007,0.0,2.1,0.0,2.1,0.0,2.1,327.7462751136398,0.0,327.7462751136398
2025-05-10 11:45:00+02:00,plant_1,2.1,-22.88,-97.49,32.93,10.05,-64.56,7.949999999999999,74.7,0.0,DE_DA_price,DE_ID3_price,natural_gas_price,,87.88235294117648,83.54096470588236,2.5,2.1,4.36078110545589,0.0,0.0,2.5,2.5,0.0,0.0,2.5,2.5,-57.199999999999996,0.0,0.0,0.0,0.0,0.0,-24.98,7.189,83.54096470588236,108.52096470588236,75.59096470588236,0.0,0.0,0.0,0.0,0.0,0.0,0.0,0.0,False,0.0,-57.199999999999996,82.325,25.125000000000007,0.0,0.0,0.0,25.125000000000007,False,False,False,False,highs,2025-05-10_08:00_12:00,4.0,pay_as_bid,48.46,48.46,48.46,48.46,0.0,0.0,0.0,0.0,0.0,0.0,0.0,0.0,46.57063152504501,25.125000000000007,25.125000000000007,0.0,2.1,0.0,2.1,0.0,2.1,318.46467570408106,0.0,318.46467570408106
2025-05-10 12:00:00+02:00,plant_1,2.1,-58.48,-158.56,32.93,-25.549999999999997,-125.63,41.96,74.7,0.0,DE_DA_price,DE_ID3_price,natural_gas_price,,87.88235294117648,83.54096470588236,2.5,2.1,4.6447424565712785,0.0,0.0,2.5,2.5,0.0,0.0,2.5,2.5,-146.2,0.0,0.0,0.0,0.0,0.0,9.03,3.936,83.54096470588236,74.51096470588236,41.58096470588236,0.0,0.0,0.0,0.0,0.0,0.0,0.0,0.0,False,0.0,-146.2,82.325,-63.874999999999986,0.0,0.0,0.0,-63.874999999999986,False,False,False,False,highs,2025-05-10_12:00_16:00,4.0,pay_as_bid,85.66,85.66,85.66,85.66,0.0,0.0,0.0,0.0,0.0,0.0,0.0,0.0,46.280875044315025,-63.874999999999986,-63.874999999999986,0.0,2.1,0.0,2.1,0.0,2.1,317.0757672375854,0.0,317.0757672375854
2025-05-10 12:15:00+02:00,plant_1,2.1,-58.48,-131.17,32.93,-25.549999999999997,-98.23999999999998,-36.720000000000006,74.7,0.0,DE_DA_price,DE_ID3_price,natural_gas_price,,87.88235294117648,83.54096470588236,2.5,2.1,4.9286328173488885,0.0,0.0,2.5,2.5,0.0,0.0,2.5,2.5,-146.2,0.0,0.0,0.0,0.0,0.0,-69.65,23.842,83.54096470588236,153.19096470588238,120.26096470588237,0.0,0.0,0.0,0.0,0.0,0.0,0.0,0.0,False,0.0,-146.2,82.325,-63.874999999999986,0.0,0.0,0.0,-63.874999999999986,False,False,False,False,highs,2025-05-10_12:00_16:00,4.0,pay_as_bid,85.66,85.66,85.66,85.66,0.0,0.0,0.0,0.0,0.0,0.0,0.0,0.0,45.991191002705214,-63.874999999999986,-63.874999999999986,0.0,2.1,0.0,2.1,0.0,2.1,316.23777483212143,0.0,316.23777483212143
2025-05-10 12:30:00+02:00,plant_1,2.1,-58.48,-121.51,32.93,-25.549999999999997,-88.58000000000001,-27.35,74.7,0.0,DE_DA_price,DE_ID3_price,natural_gas_price,,87.88235294117648,83.54096470588236,2.5,2.1,5.212452205536303,0.0,0.0,2.5,2.5,0.0,0.0,2.5,2.5,-146.2,0.0,0.0,0.0,0.0,0.0,-60.28,18.061,83.54096470588236,143.82096470588237,110.89096470588237,0.0,0.0,0.0,0.0,0.0,0.0,0.0,0.0,False,0.0,-146.2,82.325,-63.874999999999986,0.0,0.0,0.0,-63.874999999999986,False,False,False,False,highs,2025-05-10_12:00_16:00,4.0,pay_as_bid,85.66,85.66,85.66,85.66,0.0,0.0,0.0,0.0,0.0,0.0,0.0,0.0,45.70157938210581,-63.874999999999986,-63.874999999999986,0.0,2.1,0.0,2.1,0.0,2.1,316.0271649232556,0.0,316.0271649232556
2025-05-10 12:45:00+02:00,plant_1,2.1,-58.48,-99.53,32.93,-25.549999999999997,-66.6,-53.029999999999994,74.7,0.0,DE_DA_price,DE_ID3_price,natural_gas_price,,87.88235294117648,83.54096470588236,2.5,2.1,5.4962006388766715,0.0,0.0,2.5,2.5,0.0,0.0,2.5,2.5,-146.2,0.0,0.0,0.0,0.0,0.0,-85.96,27.639,83.54096470588236,169.50096470588235,136.57096470588235,0.0,0.0,0.0,0.0,0.0,0.0,0.0,0.0,False,0.0,-146.2,82.325,-63.874999999999986,0.0,0.0,0.0,-63.874999999999986,False,False,False,False,highs,2025-05-10_12:00_16:00,4.0,pay_as_bid,85.66,85.66,85.66,85.66,0.0,0.0,0.0,0.0,0.0,0.0,0.0,0.0,45.41204016441156,-63.874999999999986,-63.874999999999986,0.0,2.1,0.0,2.1,0.0,2.1,315.0695413438446,0.0,315.0695413438446
2025-05-10 13:00:00+02:00,plant_1,2.1,-114.53,-141.46,32.93,-81.6,-108.53,19.490000000000002,74.7,0.0,DE_DA_price,DE_ID3_price,natural_gas_price,,87.88235294117648,83.54096470588236,2.5,2.1,5.779878135108705,0.0,0.0,2.5,2.5,0.0,0.0,2.5,2.5,-286.325,0.0,0.0,0.0,0.0,0.0,-13.44,15.354,83.54096470588236,96.98096470588236,64.05096470588236,0.0,0.0,0.0,0.0,0.0,0.0,0.0,0.0,False,0.0,-286.325,82.325,-204.0,0.0,0.0,0.0,-204.0,False,False,False,False,highs,2025-05-10_12:00_16:00,4.0,pay_as_bid,85.66,85.66,85.66,85.66,0.0,0.0,0.0,0.0,0.0,0.0,0.0,0.0,45.122573331521735,-204.0,-204.0,0.0,2.1,0.0,2.1,0.0,2.1,314.54477524306844,0.0,314.54477524306844
2025-05-10 13:15:00+02:00,plant_1,2.1,-114.53,-74.2,32.93,-81.6,-41.27,-43.580000000000005,74.7,0.0,DE_DA_price,DE_ID3_price,natural_gas_price,,87.88235294117648,83.54096470588236,2.5,2.1,6.06348471196668,0.0,0.0,2.5,2.5,0.0,0.0,2.5,2.5,-286.325,0.0,0.0,0.0,0.0,0.0,-76.51,26.707,83.54096470588236,160.05096470588236,127.12096470588236,0.0,0.0,0.0,0.0,0.0,0.0,0.0,0.0,False,0.0,-286.325,82.325,-204.0,0.0,0.0,0.0,-204.0,False,False,False,False,highs,2025-05-10_12:00_16:00,4.0,pay_as_bid,85.66,85.66,85.66,85.66,0.0,0.0,0.0,0.0,0.0,0.0,0.0,0.0,44.83317886534012,-204.0,-204.0,0.0,2.1,0.0,2.1,0.0,2.1,316.9327709658869,0.0,316.9327709658869
2025-05-10 13:30:00+02:00,plant_1,2.1,-114.53,-22.78,32.93,-81.6,10.149999999999999,24.759999999999998,74.7,0.0,DE_DA_price,DE_ID3_price,natural_gas_price,,87.88235294117648,83.54096470588236,2.5,2.1,6.347020387180441,0.0,0.0,2.5,2.5,0.0,0.0,2.5,2.5,-286.325,0.0,0.0,0.0,0.0,0.0,-8.17,5.485,83.54096470588236,91.71096470588236,58.78096470588236,0.0,0.0,0.0,0.0,0.0,0.0,0.0,0.0,False,0.0,-286.325,82.325,-204.0,0.0,0.0,0.0,-204.0,False,False,False,False,highs,2025-05-10_12:00_16:00,4.0,pay_as_bid,85.66,85.66,85.66,85.66,0.0,0.0,0.0,0.0,0.0,0.0,0.0,0.0,44.54385674777506,-204.0,-204.0,0.0,2.1,0.0,2.1,0.0,2.1,319.51797295037136,0.0,319.51797295037136
2025-05-10 13:45:00+02:00,plant_1,2.1,-114.53,-5.96,32.93,-81.6,26.97,45.980000000000004,74.7,0.0,DE_DA_price,DE_ID3_price,natural_gas_price,,87.88235294117648,83.54096470588236,2.5,2.1,6.630485178475399,0.0,0.0,2.5,2.5,0.0,0.0,2.5,2.5,-286.325,0.0,0.0,0.0,0.0,0.0,13.05,0.023,83.54096470588236,70.49096470588236,37.560964705882355,0.0,0.0,0.0,0.0,0.0,0.0,0.0,0.0,False,0.0,-286.325,82.325,-204.0,0.0,0.0,0.0,-204.0,False,False,False,False,highs,2025-05-10_12:00_16:00,4.0,pay_as_bid,85.66,85.66,85.66,85.66,0.0,0.0,0.0,0.0,0.0,0.0,0.0,0.0,44.254606960739395,-204.0,-204.0,0.0,2.1,0.0,2.1,0.0,2.1,319.3812834905652,0.0,319.3812834905652
2025-05-10 14:00:00+02:00,plant_1,2.1,-110.51,-40.67,32.93,-77.58000000000001,-7.740000000000002,40.36,74.7,0.0,DE_DA_price,DE_ID3_price,natural_gas_price,,87.88235294117648,83.54096470588236,2.5,2.1,6.913879103572532,0.0,0.0,2.5,2.5,0.0,0.0,2.5,2.5,-276.27500000000003,0.0,0.0,0.0,0.0,0.0,7.43,10.546,83.54096470588236,76.11096470588237,43.18096470588236,0.0,0.0,0.0,0.0,0.0,0.0,0.0,0.0,False,0.0,-276.27500000000003,82.325,-193.95000000000005,0.0,0.0,0.0,-193.95000000000005,False,False,False,False,highs,2025-05-10_12:00_16:00,4.0,pay_as_bid,85.66,85.66,85.66,85.66,0.0,0.0,0.0,0.0,0.0,0.0,0.0,0.0,43.96542948615048,-193.95000000000005,-193.95000000000005,0.0,2.1,0.0,2.1,0.0,2.1,321.96774995934993,0.0,321.96774995934993
2025-05-10 14:15:00+02:00,plant_1,2.1,-110.51,-8.01,32.93,-77.58000000000001,24.92,47.08,74.7,0.0,DE_DA_price,DE_ID3_price,natural_gas_price,,87.88235294117648,83.54096470588236,2.5,2.1,7.197202180188392,0.0,0.0,2.5,2.5,0.0,0.0,2.5,2.5,-276.27500000000003,0.0,0.0,0.0,0.0,0.0,14.15,0.276,83.54096470588236,69.39096470588235,36.46096470588236,0.0,0.0,0.0,0.0,0.0,0.0,0.0,0.0,False,0.0,-276.27500000000003,82.325,-193.95000000000005,0.0,0.0,0.0,-193.95000000000005,False,False,False,False,highs,2025-05-10_12:00_16:00,4.0,pay_as_bid,85.66,85.66,85.66,85.66,0.0,0.0,0.0,0.0,0.0,0.0,0.0,0.0,43.676324305930216,-193.95000000000005,-193.95000000000005,0.0,2.1,0.0,2.1,0.0,2.1,326.02301513053425,0.0,326.02301513053425
2025-05-10 14:30:00+02:00,plant_1,2.1,-110.51,6.72,32.93,-77.58000000000001,39.65,60.33,74.7,0.0,DE_DA_price,DE_ID3_price,natural_gas_price,,87.88235294117648,83.54096470588236,2.5,2.1,7.480454426035098,0.0,0.0,2.5,2.5,0.0,0.0,2.5,2.5,-276.27500000000003,0.0,0.0,0.0,0.0,0.0,27.4,0.143,83.54096470588236,56.14096470588236,23.21096470588236,0.0,0.0,0.0,0.0,0.0,0.0,0.0,0.0,False,0.0,-276.27500000000003,82.325,-193.95000000000005,0.0,0.0,0.0,-193.95000000000005,False,False,False,False,highs,2025-05-10_12:00_16:00,4.0,pay_as_bid,85.66,85.66,85.66,85.66,0.0,0.0,0.0,0.0,0.0,0.0,0.0,0.0,43.387291402005005,-193.95000000000005,-193.95000000000005,0.0,2.1,0.0,2.1,0.0,2.1,330.176339112066,0.0,330.176339112066
2025-05-10 14:45:00+02:00,plant_1,2.1,-110.51,26.57,32.93,-77.58000000000001,59.5,40.11,74.7,0.0,DE_DA_price,DE_ID3_price,natural_gas_price,,87.88235294117648,83.54096470588236,2.5,2.1,7.763635858820342,0.0,0.0,2.5,2.5,0.0,0.0,2.5,2.5,-276.27500000000003,0.0,0.0,0.0,0.0,0.0,7.18,2.234,83.54096470588236,76.36096470588237,43.43096470588236,0.0,0.0,0.0,0.0,0.0,0.0,0.0,0.0,False,0.0,-276.27500000000003,82.325,-193.95000000000005,0.0,0.0,0.0,-193.95000000000005,False,False,False,False,highs,2025-05-10_12:00_16:00,4.0,pay_as_bid,85.66,85.66,85.66,85.66,0.0,0.0,0.0,0.0,0.0,0.0,0.0,0.0,43.09833075630577,-193.95000000000005,-193.95000000000005,0.0,2.1,0.0,2.1,0.0,2.1,333.5868988969699,0.0,333.5868988969699
2025-05-10 15:00:00+02:00,plant_1,2.07,-49.52,-7.48,32.93,-16.590000000000003,25.45,85.62,74.7,0.0,DE_DA_price,DE_ID3_price,natural_gas_price,,87.88235294117648,83.54096470588236,2.5,2.07,8.077674331298937,0.0,0.0,2.5,2.5,0.0,0.0,2.5,2.5,-123.80000000000001,0.0,0.0,0.0,0.0,0.0,52.69,0.0,83.54096470588236,30.85096470588236,-2.079035294117645,0.0,0.0,0.0,0.0,0.0,0.0,0.0,0.0,False,0.0,-123.80000000000001,82.325,-41.47500000000001,0.0,0.0,0.0,-41.47500000000001,False,False,False,False,highs,2025-05-10_12:00_16:00,4.0,pay_as_bid,85.66,85.66,85.66,85.66,0.0,0.0,0.0,0.0,0.0,0.0,0.0,0.0,42.77788333540925,-41.47500000000001,-41.47500000000001,0.0,2.07,0.0,2.07,0.0,2.07,333.74850986709623,0.0,333.74850986709623
2025-05-10 15:15:00+02:00,plant_1,2.07,-49.52,22.64,32.93,-16.590000000000003,55.57,-2.9200000000000017,74.7,0.0,DE_DA_price,DE_ID3_price,natural_gas_price,,87.88235294117648,83.54096470588236,2.5,2.07,8.391634294159411,0.0,0.0,2.5,2.5,0.0,0.0,2.5,2.5,-123.80000000000001,0.0,0.0,0.0,0.0,0.0,-35.85,6.74,83.54096470588236,119.39096470588237,86.46096470588236,0.0,0.0,0.0,0.0,0.0,0.0,0.0,0.0,False,0.0,-123.80000000000001,82.325,-41.47500000000001,0.0,0.0,0.0,-41.47500000000001,False,False,False,False,highs,2025-05-10_12:00_16:00,4.0,pay_as_bid,85.66,85.66,85.66,85.66,0.0,0.0,0.0,0.0,0.0,0.0,0.0,0.0,42.45751602636795,-41.47500000000001,-41.47500000000001,0.0,2.07,0.0,2.07,0.0,2.07,334.95728304712907,0.0,334.95728304712907
2025-05-10 15:30:00+02:00,plant_1,2.07,-49.52,70.24,32.93,-16.590000000000003,103.16999999999999,25.0,74.7,0.0,DE_DA_price,DE_ID3_price,natural_gas_price,,87.88235294117648,83.54096470588236,2.5,2.07,8.705515767029171,0.0,0.0,2.5,2.5,0.0,2.5,0.0,2.5,-123.80000000000001,0.0,175.6,2.5,10.0,2.5,-7.93,2.9,83.54096470588236,91.47096470588235,58.54096470588236,-19.825,146.3524117647059,228.67741176470588,146.3524117647059,0.0,2.5,0.0,2.5,False,0.0,-319.22499999999997,82.325,-236.89999999999998,0.0,0.0,0.0,-236.89999999999998,False,False,False,True,highs,2025-05-10_12:00_16:00,4.0,pay_as_bid,85.66,85.66,85.66,85.66,0.0,0.0,0.0,0.0,0.0,0.0,0.0,2.5,42.13722880915391,-236.89999999999998,-236.89999999999998,0.0,2.07,0.0,2.07,0.0,2.07,336.0578127004097,0.0,336.0578127004097
2025-05-10 15:45:00+02:00,plant_1,2.07,-49.52,92.63,32.93,-16.590000000000003,125.56,74.06,74.7,0.0,DE_DA_price,DE_ID3_price,natural_gas_price,,87.88235294117648,83.54096470588236,0.0,2.07,6.569318769530714,0.0,0.0,0.0,2.5,0.0,2.5,0.0,0.0,-123.80000000000001,0.0,231.575,2.5,10.0,0.0,41.13,0.0,83.54096470588236,42.41096470588236,9.480964705882357,0.0,0.0,0.0,0.0,0.0,2.5,0.0,0.0,False,0.0,-355.375,0.0,-355.375,0.0,0.0,0.0,-355.375,False,False,False,True,highs,2025-05-10_12:00_16:00,4.0,pay_as_bid,85.66,85.66,85.66,85.66,0.0,0.0,0.0,0.0,0.0,0.0,0.0,2.5,44.31702166374417,-355.375,-355.375,0.0,2.07,0.0,2.07,0.0,2.07,0.0,0.0,0.0
2025-05-10 16:00:00+02:00,plant_1,2.0475,-5.94,67.26,32.93,26.99,100.19,38.89,74.7,0.0,DE_DA_price,DE_ID3_price,natural_gas_price,,87.88235294117648,83.54096470588236,2.464,2.0475,6.871571697570291,0.0,0.0,2.464,2.5,0.0,2.5,0.0,2.464,-14.850000000000001,0.0,168.15,2.5,10.0,2.464,5.96,2.464,83.54096470588236,77.58096470588237,44.65096470588236,14.68544,110.01997703529413,191.15949703529415,110.01997703529413,0.0,2.5,0.0,2.464,False,0.0,-168.31456,81.13952,-87.17504,0.0,0.0,0.0,-87.17504,False,False,False,True,highs,2025-05-10_16:00_20:00,4.0,pay_as_bid,27.32,27.32,27.32,27.32,0.0,0.0,0.0,0.0,0.0,0.0,0.0,2.5,44.00860030860175,-87.17504,-87.17504,0.0,2.0475,0.0,2.0475,0.0,2.0475,335.19758549529394,0.0,335.19758549529394
2025-05-10 16:15:00+02:00,plant_1,2.0475,-5.94,79.09,32.93,26.99,112.02000000000001,36.49,74.7,0.0,DE_DA_price,DE_ID3_price,natural_gas_price,,87.88235294117648,83.54096470588236,2.5,2.0475,7.209029062377857,0.0,0.0,2.5,2.5,0.0,2.5,0.0,2.5,-14.850000000000001,0.0,197.72500000000002,2.5,10.0,2.5,3.56,11.933,83.54096470588236,79.98096470588236,47.05096470588236,8.9,117.6274117647059,199.9524117647059,117.6274117647059,0.0,2.5,0.0,2.5,False,0.0,-203.675,82.325,-121.35000000000001,0.0,0.0,0.0,-121.35000000000001,False,False,False,True,highs,2025-05-10_16:00_20:00,4.0,pay_as_bid,27.32,27.32,27.32,27.32,0.0,0.0,0.0,0.0,0.0,0.0,0.0,2.5,43.6642560587981,-121.35000000000001,-121.35000000000001,0.0,2.0475,0.10015271045009744,1.9473472895499024,0.0,2.0475,347.6279651797688,0.0,347.6279651797688
2025-05-10 16:30:00+02:00,plant_1,2.0475,-5.94,86.88,32.93,26.99,119.81,49.65,74.7,0.0,DE_DA_price,DE_ID3_price,natural_gas_price,,87.88235294117648,83.54096470588236,2.5,2.0475,7.546402062844221,0.0,0.0,2.5,2.5,0.0,2.5,0.0,2.5,-14.850000000000001,0.0,217.2,2.5,10.0,2.5,16.72,6.469,83.54096470588236,66.82096470588236,33.89096470588236,41.8,84.7274117647059,167.0524117647059,84.7274117647059,0.0,2.5,0.0,2.5,False,0.0,-190.25,82.325,-107.925,0.0,0.0,0.0,-107.925,False,False,False,True,highs,2025-05-10_16:00_20:00,4.0,pay_as_bid,27.32,27.32,27.32,27.32,0.0,0.0,0.0,0.0,0.0,0.0,0.0,2.5,43.319997895056915,-107.925,-107.925,0.0,2.0475,2.0475,0.0,0.0,2.0475,359.06991993011474,0.0,359.06991993011474
2025-05-10 16:45:00+02:00,plant_1,2.0475,-5.94,104.42,32.93,26.99,137.35,94.05,74.7,0.0,DE_DA_price,DE_ID3_price,natural_gas_price,,87.88235294117648,83.54096470588236,0.0,2.0475,5.4336907200604685,0.0,0.0,0.0,2.5,0.0,2.5,0.0,0.0,-14.850000000000001,0.0,261.05,0.0,0.0,0.0,61.12,0.019,83.54096470588236,22.420964705882362,-10.509035294117638,0.0,0.0,0.0,0.0,0.0,0.0,0.0,0.0,False,0.0,-275.90000000000003,0.0,-275.90000000000003,0.0,0.0,0.0,-275.90000000000003,False,False,False,False,highs,2025-05-10_16:00_20:00,4.0,pay_as_bid,27.32,27.32,27.32,27.32,0.0,0.0,0.0,0.0,0.0,0.0,0.0,2.5,45.475825795856665,-275.90000000000003,-275.90000000000003,0.0,2.0475,2.0475,0.0,0.0,2.0475,0.0,0.0,0.0
2025-05-10 17:00:00+02:00,plant_1,2.025,23.99,77.57,32.93,56.92,110.5,83.06,74.7,0.0,DE_DA_price,DE_ID3_price,natural_gas_price,,87.88235294117648,83.54096470588236,0.008,2.025,3.3525434314010716,0.0,0.0,0.008,2.5,0.0,2.5,0.0,0.008,59.974999999999994,0.0,193.92499999999998,2.5,10.0,0.008,50.13,0.008,83.54096470588236,33.41096470588236,0.4809647058823572,0.40104,0.0038477176470588575,0.2672877176470589,0.0038477176470588575,0.0,2.5,0.0,0.008,False,0.0,-133.54896,0.26344,-133.28552,0.0,0.0,0.0,-133.28552,False,False,False,True,highs,2025-05-10_16:00_20:00,4.0,pay_as_bid,27.32,27.32,27.32,27.32,0.0,0.0,0.0,0.0,0.0,0.0,0.0,2.5,47.59944547816217,-133.28552,-133.28552,0.0,2.025,2.025,0.0,0.0,2.025,1.2085292147523767,0.0,1.2085292147523767
2025-05-10 17:15:00+02:00,plant_1,2.025,23.99,82.88,32.93,56.92,115.81,110.88,74.7,0.0,DE_DA_price,DE_ID3_price,natural_gas_price,,87.88235294117648,83.54096470588236,0.0,2.025,1.2640764295638398,0.0,0.0,0.0,2.5,0.0,2.5,0.0,0.0,59.974999999999994,0.0,207.2,0.0,0.0,0.0,77.95,0.0,83.54096470588236,5.590964705882357,-27.339035294117636,0.0,0.0,0.0,0.0,0.0,0.0,0.0,0.0,False,0.0,-147.225,0.0,-147.225,0.0,0.0,0.0,-147.225,False,False,False,False,highs,2025-05-10_16:00_20:00,4.0,pay_as_bid,27.32,27.32,27.32,27.32,0.0,0.0,0.0,0.0,0.0,0.0,0.0,2.5,49.7305342555471,-147.225,-147.225,0.0,2.025,2.025,0.0,0.0,2.025,0.0,0.0,0.0
2025-05-10 17:30:00+02:00,plant_1,2.025,23.99,99.2,32.93,56.92,132.13,67.63,74.7,0.0,DE_DA_price,DE_ID3_price,natural_gas_price,,87.88235294117648,83.54096470588236,0.016,1.2410571981427552,0.0,0.7839428018572447,0.9222856492438174,0.016,2.5,0.0,2.5,0.0,0.016,59.974999999999994,0.0,248.0,2.5,10.0,0.016,34.7,0.016,83.54096470588236,48.84096470588236,15.910964705882364,0.5552,0.2545754352941178,0.7814554352941178,0.2545754352941178,0.0,2.5,0.0,0.016,False,0.0,-187.4698,0.52688,-186.94292,0.0,68.89473799851316,0.0,-118.04818200148682,False,False,False,True,highs,2025-05-10_16:00_20:00,4.0,pay_as_bid,27.32,27.32,27.32,27.32,0.0,0.0,0.0,0.0,0.0,0.0,0.0,2.5,51.02040816326531,-118.04818200148682,-118.04818200148682,0.0,2.025,2.025,0.0,0.7839428018572447,1.2410571981427552,2.697377331035804,185.3794154980073,188.0767928290431
2025-05-10 17:45:00+02:00,plant_1,2.025,23.99,129.41,32.93,56.92,162.34,112.13,74.7,0.0,DE_DA_price,DE_ID3_price,natural_gas_price,,87.88235294117648,83.54096470588236,0.0,0.0,0.0,2.025,2.3823529411764706,0.0,2.5,0.0,2.5,0.0,0.0,59.974999999999994,0.0,323.525,0.0,0.0,0.0,79.2,0.0,83.54096470588236,4.340964705882357,-28.589035294117636,0.0,0.0,0.0,0.0,0.0,0.0,0.0,0.0,False,0.0,-263.54999999999995,0.0,-263.54999999999995,0.0,177.96176470588236,0.0,-85.5882352941176,False,False,False,False,highs,2025-05-10_16:00_20:00,4.0,pay_as_bid,27.32,27.32,27.32,27.32,0.0,0.0,0.0,0.0,0.0,0.0,0.0,2.5,51.02040816326531,-85.5882352941176,-85.5882352941176,0.0,2.025,2.025,0.0,2.025,0.0,0.0,478.8529411764706,478.8529411764706
2025-05-10 18:00:00+02:00,plant_1,2.025,95.27,116.01,32.93,128.2,148.94,79.00999999999999,74.7,0.0,DE_DA_price,DE_ID3_price,natural_gas_price,,87.88235294117648,83.54096470588236,0.411,0.39069659999999995,0.0,1.6343034,1.9227098823529414,0.411,0.0,0.0,0.0,0.0,0.411,0.0,0.0,0.0,2.5,10.0,0.411,46.08,0.411,83.54096470588236,37.46096470588236,4.5309647058823685,18.938879999999997,1.8622264941176534,15.396456494117649,1.8622264941176534,0.0,2.5,0.0,0.411,False,0.0,18.938879999999997,13.534229999999999,32.47311,0.0,143.62642821176473,0.0,176.09953821176472,False,False,False,True,highs,2025-05-10_16:00_20:00,4.0,pay_as_bid,27.32,27.32,27.32,27.32,0.0,0.0,0.0,0.0,0.0,0.0,0.0,2.5,51.02040816326531,176.09953821176472,176.09953821176472,0.0,2.025,2.025,0.0,1.6343034,0.39069659999999995,87.0211690611655,386.4646863529412,473.4858554141067
2025-05-10 18:15:00+02:00,plant_1,2.025,95.27,112.03,32.93,128.2,144.96,32.93,74.7,0.0,DE_DA_price,DE_ID3_price,natural_gas_price,,87.88235294117648,83.54096470588236,0.0,0.0,0.0,2.025,2.3823529411764706,0.0,0.0,0.0,0.0,0.0,0.0,0.0,0.0,0.0,0.0,0.0,0.0,0.0,0.0,83.54096470588236,83.54096470588236,50.61096470588236,0.0,0.0,0.0,0.0,0.0,0.0,0.0,0.0,False,0.0,0.0,0.0,0.0,0.0,177.96176470588236,0.0,177.96176470588236,False,False,False,False,highs,2025-05-10_16:00_20:00,4.0,pay_as_bid,27.32,27.32,27.32,27.32,0.0,0.0,0.0,0.0,0.0,0.0,0.0,2.5,51.02040816326531,177.96176470588236,177.96176470588236,0.0,2.025,2.025,0.0,2.025,0.0,0.0,478.8529411764706,478.8529411764706
2025-05-10 18:30:00+02:00,plant_1,2.025,95.27,112.71,32.93,128.2,145.64,32.93,74.7,0.0,DE_DA_price,DE_ID3_price,natural_gas_price,,87.88235294117648,83.54096470588236,0.0,0.0,0.0,2.025,2.3823529411764706,0.0,0.0,0.0,0.0,0.0,0.0,0.0,0.0,0.0,0.0,0.0,0.0,0.0,0.0,83.54096470588236,83.54096470588236,50.61096470588236,0.0,0.0,0.0,0.0,0.0,0.0,0.0,0.0,False,0.0,0.0,0.0,0.0,0.0,177.96176470588236,0.0,177.96176470588236,False,False,False,False,highs,2025-05-10_16:00_20:00,4.0,pay_as_bid,27.32,27.32,27.32,27.32,0.0,0.0,0.0,0.0,0.0,0.0,0.0,2.5,51.02040816326531,177.96176470588236,177.96176470588236,0.0,2.025,2.025,0.0,2.025,0.0,0.0,478.8529411764706,478.8529411764706
2025-05-10 18:45:00+02:00,plant_1,2.025,95.27,107.33,32.93,128.2,140.26,32.93,74.7,0.0,DE_DA_price,DE_ID3_price,natural_gas_price,,87.88235294117648,83.54096470588236,0.0,0.0,0.0,2.025,2.3823529411764706,0.0,0.0,0.0,0.0,0.0,0.0,0.0,0.0,0.0,0.0,0.0,0.0,0.0,0.0,83.54096470588236,83.54096470588236,50.61096470588236,0.0,0.0,0.0,0.0,0.0,0.0,0.0,0.0,False,0.0,0.0,0.0,0.0,0.0,177.96176470588236,0.0,177.96176470588236,False,False,False,False,highs,2025-05-10_16:00_20:00,4.0,pay_as_bid,27.32,27.32,27.32,27.32,0.0,0.0,0.0,0.0,0.0,0.0,0.0,2.5,51.02040816326531,177.96176470588236,177.96176470588236,0.0,2.025,2.025,0.0,2.025,0.0,0.0,478.8529411764706,478.8529411764706
2025-05-10 19:00:00+02:00,plant_1,2.025,124.04,190.54,32.93,156.97,223.47,32.93,74.7,0.0,DE_DA_price,DE_ID3_price,natural_gas_price,,87.88235294117648,83.54096470588236,0.0,0.0,0.0,2.025,2.3823529411764706,0.0,0.0,0.0,0.0,0.0,0.0,0.0,0.0,0.0,0.0,0.0,0.0,0.0,0.0,83.54096470588236,83.54096470588236,50.61096470588236,0.0,0.0,0.0,0.0,0.0,0.0,0.0,0.0,False,0.0,0.0,0.0,0.0,0.0,177.96176470588236,0.0,177.96176470588236,False,False,False,False,highs,2025-05-10_16:00_20:00,4.0,pay_as_bid,27.32,27.32,27.32,27.32,0.0,0.0,0.0,0.0,0.0,0.0,0.0,2.5,51.02040816326531,177.96176470588236,177.96176470588236,0.0,2.025,2.025,0.0,2.025,0.0,0.0,478.8529411764706,478.8529411764706
2025-05-10 19:15:00+02:00,plant_1,2.025,124.04,111.55,32.93,156.97,144.48,32.93,74.7,0.0,DE_DA_price,DE_ID3_price,natural_gas_price,,87.88235294117648,83.54096470588236,0.0,0.0,0.0,2.025,2.3823529411764706,0.0,0.0,0.0,0.0,0.0,0.0,0.0,0.0,0.0,0.0,0.0,0.0,0.0,0.0,83.54096470588236,83.54096470588236,50.61096470588236,0.0,0.0,0.0,0.0,0.0,0.0,0.0,0.0,False,0.0,0.0,0.0,0.0,0.0,177.96176470588236,0.0,177.96176470588236,False,False,False,False,highs,2025-05-10_16:00_20:00,4.0,pay_as_bid,27.32,27.32,27.32,27.32,0.0,0.0,0.0,0.0,0.0,0.0,0.0,2.5,51.02040816326531,177.96176470588236,177.96176470588236,1.6183201052071818,0.40667989479281796,2.025,0.0,2.025,0.0,0.0,478.8529411764706,478.8529411764706
2025-05-10 19:30:00+02:00,plant_1,2.025,124.04,95.09,32.93,156.97,128.02,80.39,74.7,0.0,DE_DA_price,DE_ID3_price,natural_gas_price,,87.88235294117648,83.54096470588236,0.125,0.11882499999999999,0.0,1.906175,2.2425588235294116,0.125,0.0,0.0,0.0,0.0,0.125,0.0,0.0,0.0,2.5,10.0,0.125,47.46,0.125,83.54096470588236,36.08096470588236,3.150964705882359,5.9325,0.39387058823529486,4.510120588235295,0.39387058823529486,0.0,2.5,0.0,0.125,False,0.0,5.9325,4.11625,10.04875,0.0,167.51914411764704,0.0,177.56789411764706,False,False,False,True,highs,2025-05-10_16:00_20:00,4.0,pay_as_bid,27.32,27.32,27.32,27.32,0.0,0.0,0.0,0.0,0.0,0.0,0.0,2.5,51.02040816326531,177.56789411764706,177.56789411764706,2.025,0.0,2.025,0.0,1.906175,0.11882499999999999,38.77398832660352,450.75432352941175,489.52831185601525
2025-05-10 19:45:00+02:00,plant_1,2.025,124.04,86.65,32.93,156.97,119.58000000000001,109.34,74.7,0.0,DE_DA_price,DE_ID3_price,natural_gas_price,,87.88235294117648,83.54096470588236,0.0,0.0,0.0,2.025,2.3823529411764706,0.0,0.0,0.0,0.0,0.0,0.0,0.0,0.0,0.0,0.0,0.0,0.0,76.41,0.868,83.54096470588236,7.130964705882363,-25.799035294117644,0.0,0.0,0.0,0.0,0.0,0.0,0.0,0.0,False,0.0,0.0,0.0,0.0,0.0,177.96176470588236,0.0,177.96176470588236,False,False,False,False,highs,2025-05-10_16:00_20:00,4.0,pay_as_bid,27.32,27.32,27.32,27.32,0.0,0.0,0.0,0.0,0.0,0.0,0.0,2.5,51.02040816326531,177.96176470588236,177.96176470588236,2.025,0.0,2.025,0.0,2.025,0.0,0.0,478.8529411764706,478.8529411764706
2025-05-10 20:00:00+02:00,plant_1,2.025,163.2,136.58,32.93,196.13,169.51000000000002,32.93,74.7,0.0,DE_DA_price,DE_ID3_price,natural_gas_price,,87.88235294117648,83.54096470588236,0.0,0.0,0.0,2.025,2.3823529411764706,0.0,0.0,0.0,0.0,0.0,0.0,0.0,0.0,0.0,0.0,0.0,0.0,0.0,0.0,83.54096470588236,83.54096470588236,50.61096470588236,0.0,0.0,0.0,0.0,0.0,0.0,0.0,0.0,False,0.0,0.0,0.0,0.0,0.0,177.96176470588236,0.0,177.96176470588236,False,False,False,False,highs,2025-05-10_20:00_00:00,4.0,pay_as_bid,1.27,1.27,1.27,1.27,0.0,0.0,0.0,0.0,0.0,0.0,0.0,2.5,51.02040816326531,177.96176470588236,177.96176470588236,2.025,0.0,2.025,0.0,2.025,0.0,0.0,478.8529411764706,478.8529411764706
2025-05-10 20:15:00+02:00,plant_1,2.025,163.2,105.03,32.93,196.13,137.96,32.93,74.7,0.0,DE_DA_price,DE_ID3_price,natural_gas_price,,87.88235294117648,83.54096470588236,0.0,0.0,0.0,2.025,2.3823529411764706,0.0,0.0,0.0,0.0,0.0,0.0,0.0,0.0,0.0,0.0,0.0,0.0,0.0,0.0,83.54096470588236,83.54096470588236,50.61096470588236,0.0,0.0,0.0,0.0,0.0,0.0,0.0,0.0,False,0.0,0.0,0.0,0.0,0.0,177.96176470588236,0.0,177.96176470588236,False,False,False,False,highs,2025-05-10_20:00_00:00,4.0,pay_as_bid,1.27,1.27,1.27,1.27,0.0,0.0,0.0,0.0,0.0,0.0,0.0,2.5,51.02040816326531,177.96176470588236,177.96176470588236,2.025,0.0,2.025,0.0,2.025,0.0,0.0,478.8529411764706,478.8529411764706
2025-05-10 20:30:00+02:00,plant_1,2.025,163.2,95.6,32.93,196.13,128.53,94.8,74.7,0.0,DE_DA_price,DE_ID3_price,natural_gas_price,,87.88235294117648,83.54096470588236,0.0,0.0,0.0,2.025,2.3823529411764706,0.0,0.0,0.0,0.0,0.0,0.0,0.0,0.0,0.0,0.0,0.0,0.0,61.87,1.035,83.54096470588236,21.670964705882362,-11.259035294117638,0.0,0.0,0.0,0.0,0.0,0.0,0.0,0.0,False,0.0,0.0,0.0,0.0,0.0,177.96176470588236,0.0,177.96176470588236,False,False,False,False,highs,2025-05-10_20:00_00:00,4.0,pay_as_bid,1.27,1.27,1.27,1.27,0.0,0.0,0.0,0.0,0.0,0.0,0.0,2.5,51.02040816326531,177.96176470588236,177.96176470588236,2.025,0.0,2.025,0.0,2.025,0.0,0.0,478.8529411764706,478.8529411764706
2025-05-10 20:45:00+02:00,plant_1,2.025,163.2,88.88,32.93,196.13,121.81,95.38,74.7,0.0,DE_DA_price,DE_ID3_price,natural_gas_price,,87.88235294117648,83.54096470588236,0.0,0.0,0.0,2.025,2.3823529411764706,0.0,0.0,0.0,0.0,0.0,0.0,0.0,0.0,0.0,0.0,0.0,0.0,62.45,0.329,83.54096470588236,21.090964705882357,-11.839035294117636,0.0,0.0,0.0,0.0,0.0,0.0,0.0,0.0,False,0.0,0.0,0.0,0.0,0.0,177.96176470588236,0.0,177.96176470588236,False,False,False,False,highs,2025-05-10_20:00_00:00,4.0,pay_as_bid,1.27,1.27,1.27,1.27,0.0,0.0,0.0,0.0,0.0,0.0,0.0,2.5,51.02040816326531,177.96176470588236,177.96176470588236,2.025,0.0,2.025,0.0,2.025,0.0,0.0,478.8529411764706,478.8529411764706
2025-05-10 21:00:00+02:00,plant_1,2.025,129.49,99.35,32.93,162.42000000000002,132.28,114.78999999999999,74.7,0.0,DE_DA_price,DE_ID3_price,natural_gas_price,,87.88235294117648,83.54096470588236,0.0,0.0,0.0,2.025,2.3823529411764706,0.0,0.0,0.0,0.0,0.0,0.0,0.0,0.0,0.0,0.0,0.0,0.0,81.86,0.039,83.54096470588236,1.68096470588236,-31.249035294117633,0.0,0.0,0.0,0.0,0.0,0.0,0.0,0.0,False,0.0,0.0,0.0,0.0,0.0,177.96176470588236,0.0,177.96176470588236,False,False,False,False,highs,2025-05-10_20:00_00:00,4.0,pay_as_bid,1.27,1.27,1.27,1.27,0.0,0.0,0.0,0.0,0.0,0.0,0.0,2.5,51.02040816326531,177.96176470588236,177.96176470588236,2.025,0.0,2.025,0.0,2.025,0.0,0.0,478.8529411764706,478.8529411764706
2025-05-10 21:15:00+02:00,plant_1,2.025,129.49,96.88,32.93,162.42000000000002,129.81,105.24000000000001,74.7,0.0,DE_DA_price,DE_ID3_price,natural_gas_price,,87.88235294117648,83.54096470588236,0.0,0.0,0.0,2.025,2.3823529411764706,0.0,0.0,0.0,0.0,0.0,0.0,0.0,0.0,0.0,0.0,0.0,0.0,72.31,0.669,83.54096470588236,11.230964705882357,-21.69903529411765,0.0,0.0,0.0,0.0,0.0,0.0,0.0,0.0,False,0.0,0.0,0.0,0.0,0.0,177.96176470588236,0.0,177.96176470588236,False,False,False,False,highs,2025-05-10_20:00_00:00,4.0,pay_as_bid,1.27,1.27,1.27,1.27,0.0,0.0,0.0,0.0,0.0,0.0,0.0,2.5,51.02040816326531,177.96176470588236,177.96176470588236,2.025,0.0,2.025,0.0,2.025,0.0,0.0,478.8529411764706,478.8529411764706
2025-05-10 21:30:00+02:00,plant_1,2.025,129.49,95.86,32.93,162.42000000000002,128.79,91.88,74.7,0.0,DE_DA_price,DE_ID3_price,natural_gas_price,,87.88235294117648,83.54096470588236,0.0,0.0,0.0,2.025,2.3823529411764706,0.0,0.0,0.0,0.0,0.0,0.0,0.0,0.0,0.0,0.0,0.0,0.0,58.95,0.371,83.54096470588236,24.590964705882357,-8.339035294117636,0.0,0.0,0.0,0.0,0.0,0.0,0.0,0.0,False,0.0,0.0,0.0,0.0,0.0,177.96176470588236,0.0,177.96176470588236,False,False,False,False,highs,2025-05-10_20:00_00:00,4.0,pay_as_bid,1.27,1.27,1.27,1.27,0.0,0.0,0.0,0.0,0.0,0.0,0.0,2.5,51.02040816326531,177.96176470588236,177.96176470588236,2.025,0.0,2.025,0.0,2.025,0.0,0.0,478.8529411764706,478.8529411764706
2025-05-10 21:45:00+02:00,plant_1,2.025,129.49,88.95,32.93,162.42000000000002,121.88,74.89,74.7,0.0,DE_DA_price,DE_ID3_price,natural_gas_price,,87.88235294117648,83.54096470588236,2.5,2.025,0.3623711340206186,0.0,0.0,2.5,0.0,0.0,0.0,0.0,2.5,0.0,0.0,0.0,2.5,10.0,2.5,41.96,10.026,83.54096470588236,41.58096470588236,8.650964705882359,104.9,21.627411764705897,103.9524117647059,21.627411764705897,0.0,2.5,0.0,2.5,False,0.0,104.9,82.325,187.22500000000002,0.0,0.0,0.0,187.22500000000002,False,False,False,True,highs,2025-05-10_20:00_00:00,4.0,pay_as_bid,1.27,1.27,1.27,1.27,0.0,0.0,0.0,0.0,0.0,0.0,0.0,2.5,50.65064169997896,187.22500000000002,187.22500000000002,2.025,0.0,2.025,0.0,0.0,2.025,774.9342436622082,0.0,774.9342436622082
2025-05-10 22:00:00+02:00,plant_1,2.025,107.72,97.47,32.93,140.65,130.4,84.83,74.7,0.0,DE_DA_price,DE_ID3_price,natural_gas_price,,87.88235294117648,83.54096470588236,0.0,0.351412125,0.0,1.673587875,1.968926911764706,0.0,0.0,0.0,0.0,0.0,0.0,0.0,0.0,0.0,0.0,0.0,0.0,51.9,4.198,83.54096470588236,31.64096470588236,-1.2890352941176388,0.0,0.0,0.0,0.0,0.0,0.0,0.0,0.0,False,0.0,0.0,0.0,0.0,0.0,147.07884030882354,0.0,147.07884030882354,False,False,False,False,highs,2025-05-10_20:00_00:00,4.0,pay_as_bid,1.27,1.27,1.27,1.27,0.0,0.0,0.0,0.0,0.0,0.0,0.0,2.5,51.02040816326531,147.07884030882354,147.07884030882354,2.025,0.0,2.025,0.0,1.673587875,0.351412125,0.0,395.7543092647059,395.7543092647059
2025-05-10 22:15:00+02:00,plant_1,2.025,107.72,97.09,32.93,140.65,130.02,110.44,74.7,0.0,DE_DA_price,DE_ID3_price,natural_gas_price,,87.88235294117648,83.54096470588236,0.0,0.0,0.0,2.025,2.3823529411764706,0.0,0.0,0.0,0.0,0.0,0.0,0.0,0.0,0.0,0.0,0.0,0.0,77.51,0.325,83.54096470588236,6.030964705882354,-26.89903529411764,0.0,0.0,0.0,0.0,0.0,0.0,0.0,0.0,False,0.0,0.0,0.0,0.0,0.0,177.96176470588236,0.0,177.96176470588236,False,False,False,False,highs,2025-05-10_20:00_00:00,4.0,pay_as_bid,1.27,1.27,1.27,1.27,0.0,0.0,0.0,0.0,0.0,0.0,0.0,2.5,51.02040816326531,177.96176470588236,177.96176470588236,2.025,0.0,2.025,0.0,2.025,0.0,0.0,478.8529411764706,478.8529411764706
2025-05-10 22:30:00+02:00,plant_1,2.025,107.72,90.07,32.93,140.65,123.0,112.91,74.7,0.0,DE_DA_price,DE_ID3_price,natural_gas_price,,87.88235294117648,83.54096470588236,0.0,0.0,0.0,2.025,2.3823529411764706,0.0,0.0,0.0,0.0,0.0,0.0,0.0,0.0,0.0,0.0,0.0,0.0,79.98,0.048,83.54096470588236,3.5609647058823555,-29.369035294117637,0.0,0.0,0.0,0.0,0.0,0.0,0.0,0.0,False,0.0,0.0,0.0,0.0,0.0,177.96176470588236,0.0,177.96176470588236,False,False,False,False,highs,2025-05-10_20:00_00:00,4.0,pay_as_bid,1.27,1.27,1.27,1.27,0.0,0.0,0.0,0.0,0.0,0.0,0.0,2.5,51.02040816326531,177.96176470588236,177.96176470588236,2.025,0.0,2.025,0.0,2.025,0.0,0.0,478.8529411764706,478.8529411764706
2025-05-10 22:45:00+02:00,plant_1,2.025,107.72,80.64,32.93,140.65,113.57,90.57,74.7,0.0,DE_DA_price,DE_ID3_price,natural_gas_price,,87.88235294117648,83.54096470588236,0.0,0.0,0.0,2.025,2.3823529411764706,0.0,0.0,0.0,0.0,0.0,0.0,0.0,0.0,0.0,0.0,0.0,0.0,57.64,3.256,83.54096470588236,25.90096470588236,-7.029035294117634,0.0,0.0,0.0,0.0,0.0,0.0,0.0,0.0,False,0.0,0.0,0.0,0.0,0.0,177.96176470588236,0.0,177.96176470588236,False,False,False,False,highs,2025-05-10_20:00_00:00,4.0,pay_as_bid,1.27,1.27,1.27,1.27,0.0,0.0,0.0,0.0,0.0,0.0,0.0,2.5,51.02040816326531,177.96176470588236,177.96176470588236,2.025,0.0,2.025,0.0,2.025,0.0,0.0,478.8529411764706,478.8529411764706
2025-05-10 23:00:00+02:00,plant_1,2.0125,94.49,91.44,32.93,127.41999999999999,124.37,96.38,74.7,0.0,DE_DA_price,DE_ID3_price,natural_gas_price,,87.88235294117648,83.54096470588236,0.0,0.0,0.0,2.0125,2.36764705882353,0.0,0.0,0.0,0.0,0.0,0.0,0.0,0.0,0.0,0.0,0.0,0.0,63.45,0.002,83.54096470588236,20.090964705882357,-12.839035294117636,0.0,0.0,0.0,0.0,0.0,0.0,0.0,0.0,False,0.0,0.0,0.0,0.0,0.0,176.8632352941177,0.0,176.8632352941177,False,False,False,False,highs,2025-05-10_20:00_00:00,4.0,pay_as_bid,1.27,1.27,1.27,1.27,0.0,0.0,0.0,0.0,0.0,0.0,0.0,2.5,51.02040816326531,176.8632352941177,176.8632352941177,2.0125,0.0,2.0125,0.0,2.0125,0.0,0.0,475.8970588235295,475.8970588235295
2025-05-10 23:15:00+02:00,plant_1,2.0125,94.49,86.67,32.93,127.41999999999999,119.6,104.84,74.7,0.0,DE_DA_price,DE_ID3_price,natural_gas_price,,87.88235294117648,83.54096470588236,0.0,0.0,0.0,2.0125,2.36764705882353,0.0,0.0,0.0,0.0,0.0,0.0,0.0,0.0,0.0,0.0,0.0,0.0,71.91,0.126,83.54096470588236,11.630964705882363,-21.299035294117644,0.0,0.0,0.0,0.0,0.0,0.0,0.0,0.0,False,0.0,0.0,0.0,0.0,0.0,176.8632352941177,0.0,176.8632352941177,False,False,False,False,highs,2025-05-10_20:00_00:00,4.0,pay_as_bid,1.27,1.27,1.27,1.27,0.0,0.0,0.0,0.0,0.0,0.0,0.0,2.5,51.02040816326531,176.8632352941177,176.8632352941177,2.0125,0.0,2.0125,0.0,2.0125,0.0,0.0,475.8970588235295,475.8970588235295
2025-05-10 23:30:00+02:00,plant_1,2.0125,94.49,79.37,32.93,127.41999999999999,112.30000000000001,75.25999999999999,74.7,0.0,DE_DA_price,DE_ID3_price,natural_gas_price,,87.88235294117648,83.54096470588236,2.5,2.0125,0.37525773195876244,0.0,0.0,2.5,0.0,0.0,0.0,0.0,2.5,0.0,0.0,0.0,2.5,10.0,2.5,42.33,5.016,83.54096470588236,41.21096470588236,8.280964705882369,105.82499999999999,20.70241176470592,103.0274117647059,20.70241176470592,0.0,2.5,0.0,2.5,False,0.0,105.82499999999999,82.325,188.14999999999998,0.0,0.0,0.0,188.14999999999998,False,False,False,True,highs,2025-05-10_20:00_00:00,4.0,pay_as_bid,1.27,1.27,1.27,1.27,0.0,0.0,0.0,0.0,0.0,0.0,0.0,2.5,50.637492110246164,188.14999999999998,188.14999999999998,2.0125,0.0,2.0125,0.0,0.0,2.0125,745.8536773700307,0.0,745.8536773700307
2025-05-10 23:45:00+02:00,plant_1,2.0125,94.49,70.97,32.93,127.41999999999999,103.9,54.81,74.7,0.0,DE_DA_price,DE_ID3_price,natural_gas_price,,87.88235294117648,83.54096470588236,2.5,2.0125,0.7504216494845353,0.0,0.0,2.5,0.0,0.0,0.0,0.0,2.5,0.0,0.0,0.0,2.5,10.0,2.5,21.88,22.123,83.54096470588236,61.660964705882364,28.730964705882357,54.699999999999996,71.82741176470589,154.1524117647059,71.82741176470589,0.0,2.5,0.0,2.5,False,0.0,54.699999999999996,82.325,137.025,0.0,0.0,0.0,137.025,False,False,False,True,highs,2025-05-10_20:00_00:00,4.0,pay_as_bid,1.27,1.27,1.27,1.27,0.0,0.0,0.0,0.0,0.0,0.0,0.0,2.5,50.25467178624027,137.025,137.025,2.0125,0.0,2.0125,0.0,0.0,2.0125,746.6915471651512,0.0,746.6915471651512
2025-05-11 00:00:00+02:00,plant_1,2.0125,97.8,81.72,32.93,130.73,114.65,75.17,74.7,0.0,DE_DA_price,DE_ID3_price,natural_gas_price,,87.88235294117648,83.54096470588236,2.5,2.0125,1.1254917760309269,0.0,0.0,2.5,0.0,0.0,0.0,0.0,2.5,0.0,0.0,0.0,2.5,10.0,2.5,42.24,5.089,83.54096470588236,41.30096470588236,8.370964705882358,105.60000000000001,20.927411764705894,103.2524117647059,20.927411764705894,0.0,2.5,0.0,2.5,False,0.0,105.60000000000001,82.325,187.925,0.0,0.0,0.0,187.925,False,False,False,True,highs,2025-05-11_00:00_04:00,4.0,pay_as_bid,2.72,2.72,2.72,2.72,0.0,0.0,0.0,0.0,0.0,0.0,0.0,2.5,49.87194716731538,187.925,187.925,1.284772977250001,0.7277270227499992,1.284772977250001,0.7277270227499992,0.0,2.0125,746.2342298174348,0.0,746.2342298174348
2025-05-11 00:15:00+02:00,plant_1,2.0125,97.8,83.31,32.93,130.73,116.24000000000001,113.63,74.7,0.0,DE_DA_price,DE_ID3_price,natural_gas_price,,87.88235294117648,83.54096470588236,0.0,1.0914540909943116,0.0,0.9210459090056886,1.0835834223596337,0.0,0.0,0.0,0.0,0.0,0.0,0.0,0.0,0.0,0.0,0.0,0.0,80.7,0.013,83.54096470588236,2.8409647058823566,-30.089035294117636,0.0,0.0,0.0,0.0,0.0,0.0,0.0,0.0,False,0.0,0.0,0.0,0.0,0.0,80.94368165026464,0.0,80.94368165026464,False,False,False,False,highs,2025-05-11_00:00_04:00,4.0,pay_as_bid,2.72,2.72,2.72,2.72,0.0,0.0,0.0,0.0,0.0,0.0,0.0,2.5,51.02040816326531,80.94368165026464,80.94368165026464,2.0125,0.0,2.0125,0.0,0.9210459090056886,1.0914540909943116,0.0,217.80026789428638,217.80026789428638
2025-05-11 00:30:00+02:00,plant_1,2.0125,97.8,85.66,32.93,130.73,118.59,101.21000000000001,74.7,0.0,DE_DA_price,DE_ID3_price,natural_gas_price,,87.88235294117648,83.54096470588236,0.0,0.0,0.0,2.0125,2.36764705882353,0.0,0.0,0.0,0.0,0.0,0.0,0.0,0.0,0.0,0.0,0.0,0.0,68.28,0.586,83.54096470588236,15.260964705882358,-17.66903529411765,0.0,0.0,0.0,0.0,0.0,0.0,0.0,0.0,False,0.0,0.0,0.0,0.0,0.0,176.8632352941177,0.0,176.8632352941177,False,False,False,False,highs,2025-05-11_00:00_04:00,4.0,pay_as_bid,2.72,2.72,2.72,2.72,0.0,0.0,0.0,0.0,0.0,0.0,0.0,2.5,51.02040816326531,176.8632352941177,176.8632352941177,2.0125,0.0,2.0125,0.0,2.0125,0.0,0.0,475.8970588235295,475.8970588235295
2025-05-11 00:45:00+02:00,plant_1,2.0125,97.8,81.76,32.93,130.73,114.69,86.02000000000001,74.7,0.0,DE_DA_price,DE_ID3_price,natural_gas_price,,87.88235294117648,83.54096470588236,0.0,0.0,0.0,2.0125,2.36764705882353,0.0,0.0,0.0,0.0,0.0,0.0,0.0,0.0,0.0,0.0,0.0,0.0,53.09,1.632,83.54096470588236,30.450964705882356,-2.479035294117651,0.0,0.0,0.0,0.0,0.0,0.0,0.0,0.0,False,0.0,0.0,0.0,0.0,0.0,176.8632352941177,0.0,176.8632352941177,False,False,False,False,highs,2025-05-11_00:00_04:00,4.0,pay_as_bid,2.72,2.72,2.72,2.72,0.0,0.0,0.0,0.0,0.0,0.0,0.0,2.5,51.02040816326531,176.8632352941177,176.8632352941177,2.0125,0.0,2.0125,0.0,2.0125,0.0,0.0,475.8970588235295,475.8970588235295
2025-05-11 01:00:00+02:00,plant_1,2.01,95.1,86.88,32.93,128.03,119.81,102.59,74.7,0.0,DE_DA_price,DE_ID3_price,natural_gas_price,,87.88235294117648,83.54096470588236,0.0,0.0,0.0,2.01,2.3647058823529408,0.0,0.0,0.0,0.0,0.0,0.0,0.0,0.0,0.0,0.0,0.0,0.0,69.66,0.611,83.54096470588236,13.880964705882363,-19.049035294117644,0.0,0.0,0.0,0.0,0.0,0.0,0.0,0.0,False,0.0,0.0,0.0,0.0,0.0,176.6435294117647,0.0,176.6435294117647,False,False,False,False,highs,2025-05-11_00:00_04:00,4.0,pay_as_bid,2.72,2.72,2.72,2.72,0.0,0.0,0.0,0.0,0.0,0.0,0.0,2.5,51.02040816326531,176.6435294117647,176.6435294117647,2.01,0.0,2.01,0.0,2.01,0.0,0.0,475.30588235294107,475.30588235294107
2025-05-11 01:15:00+02:00,plant_1,2.01,95.1,80.88,32.93,128.03,113.81,89.08,74.7,0.0,DE_DA_price,DE_ID3_price,natural_gas_price,,87.88235294117648,83.54096470588236,0.0,0.0,0.0,2.01,2.3647058823529408,0.0,0.0,0.0,0.0,0.0,0.0,0.0,0.0,0.0,0.0,0.0,0.0,56.15,0.601,83.54096470588236,27.39096470588236,-5.539035294117639,0.0,0.0,0.0,0.0,0.0,0.0,0.0,0.0,False,0.0,0.0,0.0,0.0,0.0,176.6435294117647,0.0,176.6435294117647,False,False,False,False,highs,2025-05-11_00:00_04:00,4.0,pay_as_bid,2.72,2.72,2.72,2.72,0.0,0.0,0.0,0.0,0.0,0.0,0.0,2.5,51.02040816326531,176.6435294117647,176.6435294117647,2.01,0.0,2.01,0.0,2.01,0.0,0.0,475.30588235294107,475.30588235294107
2025-05-11 01:30:00+02:00,plant_1,2.01,95.1,81.18,32.93,128.03,114.11000000000001,84.28,74.7,0.0,DE_DA_price,DE_ID3_price,natural_gas_price,,87.88235294117648,83.54096470588236,0.0,0.0,0.0,2.01,2.3647058823529408,0.0,0.0,0.0,0.0,0.0,0.0,0.0,0.0,0.0,0.0,0.0,0.0,51.35,3.301,83.54096470588236,32.19096470588236,-0.7390352941176417,0.0,0.0,0.0,0.0,0.0,0.0,0.0,0.0,False,0.0,0.0,0.0,0.0,0.0,176.6435294117647,0.0,176.6435294117647,False,False,False,False,highs,2025-05-11_00:00_04:00,4.0,pay_as_bid,2.72,2.72,2.72,2.72,0.0,0.0,0.0,0.0,0.0,0.0,0.0,2.5,51.02040816326531,176.6435294117647,176.6435294117647,2.01,0.0,2.01,0.0,2.01,0.0,0.0,475.30588235294107,475.30588235294107
2025-05-11 01:45:00+02:00,plant_1,2.01,95.1,80.86,32.93,128.03,113.78999999999999,32.93,74.7,0.0,DE_DA_price,DE_ID3_price,natural_gas_price,,87.88235294117648,83.54096470588236,0.0,0.0,0.0,2.01,2.3647058823529408,0.0,0.0,0.0,0.0,0.0,0.0,0.0,0.0,0.0,0.0,0.0,0.0,0.0,0.0,83.54096470588236,83.54096470588236,50.61096470588236,0.0,0.0,0.0,0.0,0.0,0.0,0.0,0.0,False,0.0,0.0,0.0,0.0,0.0,176.6435294117647,0.0,176.6435294117647,False,False,False,False,highs,2025-05-11_00:00_04:00,4.0,pay_as_bid,2.72,2.72,2.72,2.72,0.0,0.0,0.0,0.0,0.0,0.0,0.0,2.5,51.02040816326531,176.6435294117647,176.6435294117647,2.01,0.0,2.01,0.0,2.01,0.0,0.0,475.30588235294107,475.30588235294107
2025-05-11 02:00:00+02:00,plant_1,2.01,94.51,86.08,32.93,127.44,119.00999999999999,120.07,74.7,0.0,DE_DA_price,DE_ID3_price,natural_gas_price,,87.88235294117648,83.54096470588236,0.0,0.0,0.0,2.01,2.3647058823529408,0.0,0.0,0.0,0.0,0.0,0.0,0.0,0.0,0.0,0.0,0.0,0.0,87.14,0.0,83.54096470588236,-3.599035294117641,-36.529035294117634,0.0,0.0,0.0,0.0,0.0,0.0,0.0,0.0,False,0.0,0.0,0.0,0.0,0.0,176.6435294117647,0.0,176.6435294117647,False,False,False,False,highs,2025-05-11_00:00_04:00,4.0,pay_as_bid,2.72,2.72,2.72,2.72,0.0,0.0,0.0,0.0,0.0,0.0,0.0,2.5,51.02040816326531,176.6435294117647,176.6435294117647,2.01,0.0,2.01,0.0,2.01,0.0,0.0,475.30588235294107,475.30588235294107
2025-05-11 02:15:00+02:00,plant_1,2.01,94.51,88.6,32.93,127.44,121.53,118.82,74.7,0.0,DE_DA_price,DE_ID3_price,natural_gas_price,,87.88235294117648,83.54096470588236,0.0,0.0,0.0,2.01,2.3647058823529408,0.0,0.0,0.0,0.0,0.0,0.0,0.0,0.0,0.0,0.0,0.0,0.0,85.89,0.009,83.54096470588236,-2.349035294117641,-35.279035294117634,0.0,0.0,0.0,0.0,0.0,0.0,0.0,0.0,False,0.0,0.0,0.0,0.0,0.0,176.6435294117647,0.0,176.6435294117647,False,False,False,False,highs,2025-05-11_00:00_04:00,4.0,pay_as_bid,2.72,2.72,2.72,2.72,0.0,0.0,0.0,0.0,0.0,0.0,0.0,2.5,51.02040816326531,176.6435294117647,176.6435294117647,2.01,0.0,2.01,0.0,2.01,0.0,0.0,475.30588235294107,475.30588235294107
2025-05-11 02:30:00+02:00,plant_1,2.01,94.51,88.28,32.93,127.44,121.21000000000001,119.78,74.7,0.0,DE_DA_price,DE_ID3_price,natural_gas_price,,87.88235294117648,83.54096470588236,0.0,0.0,0.0,2.01,2.3647058823529408,0.0,0.0,0.0,0.0,0.0,0.0,0.0,0.0,0.0,0.0,0.0,0.0,86.85,0.0,83.54096470588236,-3.309035294117635,-36.23903529411764,0.0,0.0,0.0,0.0,0.0,0.0,0.0,0.0,False,0.0,0.0,0.0,0.0,0.0,176.6435294117647,0.0,176.6435294117647,False,False,False,False,highs,2025-05-11_00:00_04:00,4.0,pay_as_bid,2.72,2.72,2.72,2.72,0.0,0.0,0.0,0.0,0.0,0.0,0.0,2.5,51.02040816326531,176.6435294117647,176.6435294117647,2.01,0.0,2.01,0.0,2.01,0.0,0.0,475.30588235294107,475.30588235294107
2025-05-11 02:45:00+02:00,plant_1,2.01,94.51,85.87,32.93,127.44,118.80000000000001,32.93,74.7,0.0,DE_DA_price,DE_ID3_price,natural_gas_price,,87.88235294117648,83.54096470588236,0.0,0.0,0.0,2.01,2.3647058823529408,0.0,0.0,0.0,0.0,0.0,0.0,0.0,0.0,0.0,0.0,0.0,0.0,0.0,0.0,83.54096470588236,83.54096470588236,50.61096470588236,0.0,0.0,0.0,0.0,0.0,0.0,0.0,0.0,False,0.0,0.0,0.0,0.0,0.0,176.6435294117647,0.0,176.6435294117647,False,False,False,False,highs,2025-05-11_00:00_04:00,4.0,pay_as_bid,2.72,2.72,2.72,2.72,0.0,0.0,0.0,0.0,0.0,0.0,0.0,2.5,51.02040816326531,176.6435294117647,176.6435294117647,2.01,0.0,2.01,0.0,2.01,0.0,0.0,475.30588235294107,475.30588235294107
2025-05-11 03:00:00+02:00,plant_1,2.01,95.42,90.96,32.93,128.35,123.88999999999999,116.00999999999999,74.7,0.0,DE_DA_price,DE_ID3_price,natural_gas_price,,87.88235294117648,83.54096470588236,0.0,0.0,0.0,2.01,2.3647058823529408,0.0,0.0,0.0,0.0,0.0,0.0,0.0,0.0,0.0,0.0,0.0,0.0,83.08,0.002,83.54096470588236,0.46096470588236116,-32.46903529411763,0.0,0.0,0.0,0.0,0.0,0.0,0.0,0.0,False,0.0,0.0,0.0,0.0,0.0,176.6435294117647,0.0,176.6435294117647,False,False,False,False,highs,2025-05-11_00:00_04:00,4.0,pay_as_bid,2.72,2.72,2.72,2.72,0.0,0.0,0.0,0.0,0.0,0.0,0.0,2.5,51.02040816326531,176.6435294117647,176.6435294117647,2.01,0.0,2.01,0.0,2.01,0.0,0.0,475.30588235294107,475.30588235294107
2025-05-11 03:15:00+02:00,plant_1,2.01,95.42,91.69,32.93,128.35,124.62,67.50999999999999,74.7,0.0,DE_DA_price,DE_ID3_price,natural_gas_price,,87.88235294117648,83.54096470588236,1.197,1.1378681999999998,0.0,0.8721318,1.026037411764706,1.197,0.0,0.0,0.0,0.0,1.197,0.0,0.0,0.0,2.5,10.0,1.197,34.58,1.197,83.54096470588236,48.96096470588236,16.03096470588237,41.39226,19.189064752941196,58.60627475294119,19.189064752941196,0.0,2.5,0.0,1.197,False,0.0,41.39226,39.417210000000004,80.80947,0.0,76.64499465882353,0.0,157.45446465882355,False,False,False,True,highs,2025-05-11_00:00_04:00,4.0,pay_as_bid,2.72,2.72,2.72,2.72,0.0,0.0,0.0,0.0,0.0,0.0,0.0,2.5,51.02040816326531,157.45446465882355,157.45446465882355,2.01,0.0,2.01,0.0,0.8721318,1.1378681999999998,371.9321521659522,206.2335197647059,578.165671930658
2025-05-11 03:30:00+02:00,plant_1,2.01,95.42,85.62,32.93,128.35,118.55000000000001,66.00999999999999,74.7,0.0,DE_DA_price,DE_ID3_price,natural_gas_price,,87.88235294117648,83.54096470588236,0.513,0.4876577999999999,0.0,1.5223421999999998,1.7909908235294116,0.513,0.0,0.0,0.0,0.0,0.513,0.0,0.0,0.0,2.5,10.0,0.513,33.08,0.513,83.54096470588236,50.46096470588236,17.53096470588237,16.97004,8.993384894117655,25.88647489411765,8.993384894117655,0.0,2.5,0.0,0.513,False,0.0,16.97004,16.89309,33.86313,0.0,133.78701451764707,0.0,167.65014451764705,False,False,False,True,highs,2025-05-11_00:00_04:00,4.0,pay_as_bid,2.72,2.72,2.72,2.72,0.0,0.0,0.0,0.0,0.0,0.0,0.0,2.5,51.02040816326531,167.65014451764705,167.65014451764705,2.01,0.0,2.01,0.0,1.5223421999999998,0.4876577999999999,159.28973567676974,359.98915552941173,519.2788912061815
2025-05-11 03:45:00+02:00,plant_1,2.01,95.42,76.32,32.93,128.35,109.25,85.72999999999999,74.7,0.0,DE_DA_price,DE_ID3_price,natural_gas_price,,87.88235294117648,83.54096470588236,0.0,0.0,0.0,2.01,2.3647058823529408,0.0,0.0,0.0,0.0,0.0,0.0,0.0,0.0,0.0,0.0,0.0,0.0,52.8,0.038,83.54096470588236,30.740964705882362,-2.1890352941176303,0.0,0.0,0.0,0.0,0.0,0.0,0.0,0.0,False,0.0,0.0,0.0,0.0,0.0,176.6435294117647,0.0,176.6435294117647,False,False,False,False,highs,2025-05-11_00:00_04:00,4.0,pay_as_bid,2.72,2.72,2.72,2.72,0.0,0.0,0.0,0.0,0.0,0.0,0.0,2.5,51.02040816326531,176.6435294117647,176.6435294117647,2.01,0.0,2.01,0.0,2.01,0.0,0.0,475.30588235294107,475.30588235294107
2025-05-11 04:00:00+02:00,plant_1,2.01,95.39,94.96,32.93,128.32,127.88999999999999,81.56,74.7,0.0,DE_DA_price,DE_ID3_price,natural_gas_price,,87.88235294117648,83.54096470588236,0.058,0.0551348,0.0,1.9548651999999997,2.2998414117647057,0.058,0.0,0.0,0.0,0.0,0.058,0.0,0.0,0.0,2.5,10.0,0.058,48.63,0.058,83.54096470588236,34.91096470588236,1.9809647058823572,2.8205400000000003,0.11489595294117672,2.024835952941177,0.11489595294117672,0.0,2.5,0.0,0.058,False,0.0,2.8205400000000003,1.90994,4.73048,0.0,171.79815345882352,0.0,176.52863345882352,False,False,False,True,highs,2025-05-11_04:00_08:00,4.0,pay_as_bid,3.93,3.93,3.93,3.93,0.0,0.0,0.0,0.0,0.0,0.0,0.0,2.5,51.02040816326531,176.52863345882352,176.52863345882352,2.01,0.0,2.01,0.0,1.9548651999999997,0.0551348,18.2209957652,462.2681237647058,480.4891195299058
2025-05-11 04:15:00+02:00,plant_1,2.01,95.39,87.64,32.93,128.32,120.57,39.99,74.7,0.0,DE_DA_price,DE_ID3_price,natural_gas_price,,87.88235294117648,83.54096470588236,2.5,2.01,0.37783505154639174,0.0,0.0,2.5,0.0,0.0,0.0,0.0,2.5,0.0,0.0,0.0,2.5,10.0,2.5,7.06,13.486,83.54096470588236,76.48096470588236,43.55096470588236,17.65,108.8774117647059,191.2024117647059,108.8774117647059,0.0,2.5,0.0,2.5,False,0.0,17.65,82.325,99.975,0.0,0.0,0.0,99.975,False,False,False,True,highs,2025-05-11_04:00_08:00,4.0,pay_as_bid,3.93,3.93,3.93,3.93,0.0,0.0,0.0,0.0,0.0,0.0,0.0,2.5,50.6348621922996,99.975,99.975,2.01,0.0,2.01,0.0,0.0,2.01,783.3554061713072,0.0,783.3554061713072
2025-05-11 04:30:00+02:00,plant_1,2.01,95.39,79.63,32.93,128.32,112.56,40.05,74.7,0.0,DE_DA_price,DE_ID3_price,natural_gas_price,,87.88235294117648,83.54096470588236,2.5,2.01,0.7555756443298969,0.0,0.0,2.5,0.0,0.0,0.0,0.0,2.5,0.0,0.0,0.0,2.5,10.0,2.5,7.12,15.025,83.54096470588236,76.42096470588235,43.49096470588236,17.8,108.7274117647059,191.05241176470588,108.7274117647059,0.0,2.5,0.0,2.5,False,0.0,17.8,82.325,100.125,0.0,0.0,0.0,100.125,False,False,False,True,highs,2025-05-11_04:00_08:00,4.0,pay_as_bid,3.93,3.93,3.93,3.93,0.0,0.0,0.0,0.0,0.0,0.0,0.0,2.5,50.24941260782664,100.125,100.125,2.01,0.0,2.01,0.0,0.0,2.01,774.8424445553476,0.0,774.8424445553476
2025-05-11 04:45:00+02:00,plant_1,2.01,95.39,65.92,32.93,128.32,98.85,48.269999999999996,74.7,0.0,DE_DA_price,DE_ID3_price,natural_gas_price,,87.88235294117648,83.54096470588236,2.5,2.01,1.133221801965206,0.0,0.0,2.5,0.0,0.0,0.0,0.0,2.5,0.0,0.0,0.0,2.5,10.0,2.5,15.34,8.834,83.54096470588236,68.20096470588236,35.27096470588236,38.35,88.17741176470591,170.5024117647059,88.17741176470591,0.0,2.5,0.0,2.5,False,0.0,38.35,82.325,120.67500000000001,0.0,0.0,0.0,120.67500000000001,False,False,False,True,highs,2025-05-11_04:00_08:00,4.0,pay_as_bid,3.93,3.93,3.93,3.93,0.0,0.0,0.0,0.0,0.0,0.0,0.0,2.5,49.86405938574979,120.67500000000001,120.67500000000001,2.01,0.0,2.01,0.0,0.0,2.01,766.6336951468116,0.0,766.6336951468116
2025-05-11 05:00:00+02:00,plant_1,2.01,95.45,95.31,32.93,128.38,128.24,32.93,74.7,0.0,DE_DA_price,DE_ID3_price,natural_gas_price,,87.88235294117648,83.54096470588236,0.0,1.0989503416192732,0.0,0.9110496583807266,1.0718231275067371,0.0,0.0,0.0,0.0,0.0,0.0,0.0,0.0,0.0,0.0,0.0,0.0,0.0,0.0,83.54096470588236,83.54096470588236,50.61096470588236,0.0,0.0,0.0,0.0,0.0,0.0,0.0,0.0,False,0.0,0.0,0.0,0.0,0.0,80.06518762475326,0.0,80.06518762475326,False,False,False,False,highs,2025-05-11_04:00_08:00,4.0,pay_as_bid,3.93,3.93,3.93,3.93,0.0,0.0,0.0,0.0,0.0,0.0,0.0,2.5,51.02040816326531,80.06518762475326,80.06518762475326,2.01,0.0,2.01,0.0,0.9110496583807266,1.0989503416192732,0.0,215.43644862885415,215.43644862885415
2025-05-11 05:15:00+02:00,plant_1,2.01,95.45,88.31,32.93,128.38,121.24000000000001,32.93,74.7,0.0,DE_DA_price,DE_ID3_price,natural_gas_price,,87.88235294117648,83.54096470588236,0.0,0.0,0.0,2.01,2.3647058823529408,0.0,0.0,0.0,0.0,0.0,0.0,0.0,0.0,0.0,0.0,0.0,0.0,0.0,0.0,83.54096470588236,83.54096470588236,50.61096470588236,0.0,0.0,0.0,0.0,0.0,0.0,0.0,0.0,False,0.0,0.0,0.0,0.0,0.0,176.6435294117647,0.0,176.6435294117647,False,False,False,False,highs,2025-05-11_04:00_08:00,4.0,pay_as_bid,3.93,3.93,3.93,3.93,0.0,0.0,0.0,0.0,0.0,0.0,0.0,2.5,51.02040816326531,176.6435294117647,176.6435294117647,2.01,0.0,2.01,0.0,2.01,0.0,0.0,475.30588235294107,475.30588235294107
2025-05-11 05:30:00+02:00,plant_1,2.01,95.45,81.5,32.93,128.38,114.43,32.93,74.7,0.0,DE_DA_price,DE_ID3_price,natural_gas_price,,87.88235294117648,83.54096470588236,0.0,0.0,0.0,2.01,2.3647058823529408,0.0,0.0,0.0,0.0,0.0,0.0,0.0,0.0,0.0,0.0,0.0,0.0,0.0,0.0,83.54096470588236,83.54096470588236,50.61096470588236,0.0,0.0,0.0,0.0,0.0,0.0,0.0,0.0,False,0.0,0.0,0.0,0.0,0.0,176.6435294117647,0.0,176.6435294117647,False,False,False,False,highs,2025-05-11_04:00_08:00,4.0,pay_as_bid,3.93,3.93,3.93,3.93,0.0,0.0,0.0,0.0,0.0,0.0,0.0,2.5,51.02040816326531,176.6435294117647,176.6435294117647,2.01,0.0,2.01,0.0,2.01,0.0,0.0,475.30588235294107,475.30588235294107
2025-05-11 05:45:00+02:00,plant_1,2.01,95.45,60.81,32.93,128.38,93.74000000000001,118.75999999999999,74.7,0.0,DE_DA_price,DE_ID3_price,natural_gas_price,,87.88235294117648,83.54096470588236,0.0,0.0,0.0,2.01,2.3647058823529408,0.0,0.0,0.0,0.0,0.0,0.0,0.0,0.0,0.0,0.0,0.0,0.0,85.83,0.0,83.54096470588236,-2.289035294117639,-35.21903529411763,0.0,0.0,0.0,0.0,0.0,0.0,0.0,0.0,False,0.0,0.0,0.0,0.0,0.0,176.6435294117647,0.0,176.6435294117647,False,False,False,False,highs,2025-05-11_04:00_08:00,4.0,pay_as_bid,3.93,3.93,3.93,3.93,0.0,0.0,0.0,0.0,0.0,0.0,0.0,2.5,51.02040816326531,176.6435294117647,176.6435294117647,2.01,0.0,2.01,0.0,2.01,0.0,0.0,475.30588235294107,475.30588235294107
2025-05-11 06:00:00+02:00,plant_1,2.01,87.61,76.67,32.93,120.53999999999999,109.6,32.93,74.7,0.0,DE_DA_price,DE_ID3_price,natural_gas_price,,87.88235294117648,83.54096470588236,0.0,0.0,0.0,2.01,2.3647058823529408,0.0,0.0,0.0,0.0,0.0,0.0,0.0,0.0,0.0,0.0,0.0,0.0,0.0,0.0,83.54096470588236,83.54096470588236,50.61096470588236,0.0,0.0,0.0,0.0,0.0,0.0,0.0,0.0,False,0.0,0.0,0.0,0.0,0.0,176.6435294117647,0.0,176.6435294117647,False,False,False,False,highs,2025-05-11_04:00_08:00,4.0,pay_as_bid,3.93,3.93,3.93,3.93,0.0,0.0,0.0,0.0,0.0,0.0,0.0,2.5,51.02040816326531,176.6435294117647,176.6435294117647,2.01,0.0,2.01,0.0,2.01,0.0,0.0,475.30588235294107,475.30588235294107
2025-05-11 06:15:00+02:00,plant_1,2.01,87.61,47.71,32.93,120.53999999999999,80.64,102.53,74.7,0.0,DE_DA_price,DE_ID3_price,natural_gas_price,,87.88235294117648,83.54096470588236,2.5,2.01,0.37783505154639174,0.0,0.0,2.5,0.0,2.5,0.0,2.5,2.5,0.0,119.275,0.0,0.0,0.0,0.0,69.6,0.022,83.54096470588236,13.940964705882365,-18.98903529411764,0.0,0.0,0.0,0.0,0.0,0.0,0.0,0.0,False,0.0,119.275,82.325,201.60000000000002,0.0,0.0,0.0,201.60000000000002,False,False,False,False,highs,2025-05-11_04:00_08:00,4.0,pay_as_bid,3.93,3.93,3.93,3.93,0.0,0.0,0.0,0.0,0.0,0.0,0.0,0.0,50.6348621922996,201.60000000000002,201.60000000000002,2.01,0.0,0.0,2.01,0.0,2.01,716.7340104163079,0.0,716.7340104163079
2025-05-11 06:30:00+02:00,plant_1,2.01,87.61,8.21,32.93,120.53999999999999,41.14,117.28,74.7,0.0,DE_DA_price,DE_ID3_price,natural_gas_price,,87.88235294117648,83.54096470588236,2.5,2.01,0.7555756443298969,0.0,0.0,2.5,0.0,2.5,0.0,2.5,2.5,0.0,20.525000000000002,0.0,0.0,0.0,0.0,84.35,0.021,83.54096470588236,-0.8090352941176349,-33.73903529411764,0.0,0.0,0.0,0.0,0.0,0.0,0.0,0.0,False,0.0,20.525000000000002,82.325,102.85000000000001,0.0,0.0,0.0,102.85000000000001,False,False,False,False,highs,2025-05-11_04:00_08:00,4.0,pay_as_bid,3.93,3.93,3.93,3.93,0.0,0.0,0.0,0.0,0.0,0.0,0.0,0.0,50.24941260782664,102.85000000000001,102.85000000000001,2.01,0.0,0.0,2.01,0.0,2.01,705.9716248162624,0.0,705.9716248162624
2025-05-11 06:45:00+02:00,plant_1,2.01,87.61,-10.41,32.93,120.53999999999999,22.52,32.93,74.7,0.0,DE_DA_price,DE_ID3_price,natural_gas_price,,87.88235294117648,83.54096470588236,2.5,2.01,1.133221801965206,0.0,0.0,2.5,0.0,2.5,0.0,2.5,2.5,0.0,-26.025,0.0,0.0,0.0,0.0,0.0,0.0,83.54096470588236,83.54096470588236,50.61096470588236,0.0,0.0,0.0,0.0,0.0,0.0,0.0,0.0,False,0.0,-26.025,82.325,56.300000000000004,0.0,0.0,0.0,56.300000000000004,False,False,False,False,highs,2025-05-11_04:00_08:00,4.0,pay_as_bid,3.93,3.93,3.93,3.93,0.0,0.0,0.0,0.0,0.0,0.0,0.0,0.0,49.86405938574979,56.300000000000004,56.300000000000004,2.01,0.0,0.0,2.01,0.0,2.01,680.9291440978473,0.0,680.9291440978473
2025-05-11 07:00:00+02:00,plant_1,2.0425,65.76,58.85,32.93,98.69,91.78,32.93,74.7,0.0,DE_DA_price,DE_ID3_price,natural_gas_price,,87.88235294117648,83.54096470588236,0.0,1.0989503416192732,0.0,0.9435496583807268,1.1100584216243845,0.0,0.0,0.0,0.0,0.0,0.0,0.0,0.0,0.0,0.0,0.0,0.0,0.0,0.0,83.54096470588236,83.54096470588236,50.61096470588236,0.0,0.0,0.0,0.0,0.0,0.0,0.0,0.0,False,0.0,0.0,0.0,0.0,0.0,82.92136409534153,0.0,82.92136409534153,False,False,False,False,highs,2025-05-11_04:00_08:00,4.0,pay_as_bid,3.93,3.93,3.93,3.93,0.0,0.0,0.0,0.0,0.0,0.0,0.0,2.5,51.02040816326531,82.92136409534153,82.92136409534153,2.0425,0.0,0.9435496583807268,1.0989503416192732,0.9435496583807268,1.0989503416192732,0.0,223.1217427465013,223.1217427465013
2025-05-11 07:15:00+02:00,plant_1,2.0425,65.76,27.35,32.93,98.69,60.28,32.93,74.7,0.0,DE_DA_price,DE_ID3_price,natural_gas_price,,87.88235294117648,83.54096470588236,2.5,2.0425,0.3443298969072166,0.0,0.0,2.5,0.0,2.5,0.0,2.5,2.5,0.0,68.375,0.0,0.0,0.0,0.0,0.0,0.0,83.54096470588236,83.54096470588236,50.61096470588236,0.0,0.0,0.0,0.0,0.0,0.0,0.0,0.0,False,0.0,68.375,82.325,150.7,0.0,0.0,0.0,150.7,False,False,False,False,highs,2025-05-11_04:00_08:00,4.0,pay_as_bid,3.93,3.93,3.93,3.93,0.0,0.0,0.0,0.0,0.0,0.0,0.0,0.0,50.66905112560488,150.7,150.7,2.0425,0.0,0.0,2.0425,0.0,2.0425,587.0967216510941,0.0,587.0967216510941
2025-05-11 07:30:00+02:00,plant_1,2.0425,65.76,-1.86,32.93,98.69,31.07,74.74000000000001,74.7,0.0,DE_DA_price,DE_ID3_price,natural_gas_price,,87.88235294117648,83.54096470588236,2.5,2.0425,0.6885737113402064,0.0,0.0,2.5,0.0,2.5,0.0,2.5,2.5,0.0,-4.65,0.0,0.0,0.0,0.0,41.81,0.0,83.54096470588236,41.73096470588236,8.80096470588235,0.0,0.0,0.0,0.0,0.0,0.0,0.0,0.0,False,0.0,-4.65,82.325,77.675,0.0,0.0,0.0,77.675,False,False,False,False,highs,2025-05-11_04:00_08:00,4.0,pay_as_bid,3.93,3.93,3.93,3.93,0.0,0.0,0.0,0.0,0.0,0.0,0.0,0.0,50.317781927203875,77.675,77.675,2.0425,0.0,0.0,2.0425,0.0,2.0425,558.1647864449083,0.0,558.1647864449083
2025-05-11 07:45:00+02:00,plant_1,2.0425,65.76,-8.48,32.93,98.69,24.45,52.5,74.7,0.0,DE_DA_price,DE_ID3_price,natural_gas_price,,87.88235294117648,83.54096470588236,2.5,2.0425,1.032731464819588,0.0,0.0,2.5,0.0,2.5,0.0,2.5,2.5,0.0,-21.200000000000003,0.0,0.0,0.0,0.0,19.57,1.036,83.54096470588236,63.97096470588236,31.04096470588236,0.0,0.0,0.0,0.0,0.0,0.0,0.0,0.0,False,0.0,-21.200000000000003,82.325,61.125,0.0,0.0,0.0,61.125,False,False,False,False,highs,2025-05-11_04:00_08:00,4.0,pay_as_bid,3.93,3.93,3.93,3.93,0.0,0.0,0.0,0.0,0.0,0.0,0.0,0.0,49.96660054610246,61.125,61.125,2.0425,0.0,0.0,2.0425,0.0,2.0425,524.6095267675627,0.0,524.6095267675627
2025-05-11 08:00:00+02:00,plant_1,2.065,4.96,2.37,32.93,37.89,35.3,62.43,74.7,0.0,DE_DA_price,DE_ID3_price,natural_gas_price,,87.88235294117648,83.54096470588236,0.695,1.6621660834947813,0.0,0.4028339165052186,0.4739222547120219,0.695,0.0,0.0,0.0,0.0,0.695,0.0,0.0,0.0,2.5,10.0,0.695,29.5,0.695,83.54096470588236,54.04096470588236,21.11096470588236,20.502499999999998,14.672120470588238,37.55847047058824,14.672120470588238,2.5,0.0,0.695,0.0,False,0.0,20.502499999999998,22.886349999999997,43.38884999999999,0.0,35.40199242698804,0.0,78.79084242698804,False,False,False,True,highs,2025-05-11_08:00_12:00,4.0,pay_as_bid,78.09,78.09,78.09,78.09,10.0,2.5,195.22500000000002,163.4711617647059,0.0,31.753838235294126,2.5,2.5,51.02040816326531,78.79084242698804,-116.43415757301199,2.065,0.0,1.0635009165052185,1.0014990834947815,0.4028339165052186,1.6621660834947813,130.9828834672868,95.2583731971164,226.24125666440318
2025-05-11 08:15:00+02:00,plant_1,2.065,4.96,-1.94,32.93,37.89,30.99,43.03,74.7,0.0,DE_DA_price,DE_ID3_price,natural_gas_price,,87.88235294117648,83.54096470588236,1.082,1.0285491999999998,0.0,1.0364508000000001,1.2193538823529413,1.082,0.0,0.0,0.0,0.0,1.082,0.0,0.0,0.0,2.5,10.0,1.082,10.1,1.082,83.54096470588236,73.44096470588237,40.51096470588236,10.9282,43.83286381176472,79.46312381176473,43.83286381176472,2.5,0.0,1.082,0.0,False,0.0,10.9282,35.63026,46.55846,0.0,91.08573501176471,0.0,137.6441950117647,False,False,False,True,highs,2025-05-11_08:00_12:00,4.0,pay_as_bid,78.09,78.09,78.09,78.09,10.0,2.5,195.22500000000002,163.4711617647059,0.0,31.753838235294126,2.5,2.5,51.02040816326531,137.6441950117647,-57.580804988235315,2.065,0.0,2.065,0.0,1.0364508000000001,1.0285491999999998,186.983011597274,245.0901303529412,432.0731419502152
2025-05-11 08:30:00+02:00,plant_1,2.065,4.96,-5.86,32.93,37.89,27.07,37.36,74.7,0.0,DE_DA_price,DE_ID3_price,natural_gas_price,,87.88235294117648,83.54096470588236,1.95,1.85367,0.0,0.21133000000000024,0.248623529411765,1.95,0.0,0.0,0.0,0.0,1.95,0.0,0.0,0.0,2.5,10.0,1.95,4.43,1.95,83.54096470588236,79.11096470588237,46.18096470588236,8.638499999999999,90.0528811764706,154.26638117647062,90.0528811764706,2.5,0.0,1.95,0.0,False,0.0,8.638499999999999,64.2135,72.85199999999999,0.0,18.572177647058847,0.0,91.42417764705884,False,False,False,True,highs,2025-05-11_08:00_12:00,4.0,pay_as_bid,78.09,78.09,78.09,78.09,10.0,2.5,195.22500000000002,163.4711617647059,0.0,31.753838235294126,2.5,2.5,51.02040816326531,91.42417764705884,-103.80082235294118,2.065,0.0,2.065,0.0,0.21133000000000024,1.85367,313.3868440352424,49.973329411764766,363.3601734470072
2025-05-11 08:45:00+02:00,plant_1,2.065,4.96,-15.44,32.93,37.89,17.490000000000002,42.480000000000004,74.7,0.0,DE_DA_price,DE_ID3_price,natural_gas_price,,87.88235294117648,83.54096470588236,1.492,1.4182951999999998,0.0,0.6467048000000002,0.7608291764705885,1.492,0.0,0.0,0.0,0.0,1.492,0.0,0.0,0.0,2.5,10.0,1.492,9.55,1.492,83.54096470588236,73.99096470588236,41.060964705882355,14.248600000000001,61.262959341176476,110.39451934117649,61.262959341176476,2.5,0.0,1.492,0.0,False,0.0,14.248600000000001,49.13156,63.380160000000004,0.0,56.83393948235296,0.0,120.21409948235296,False,False,False,True,highs,2025-05-11_08:00_12:00,4.0,pay_as_bid,78.09,78.09,78.09,78.09,10.0,2.5,195.22500000000002,163.4711617647059,0.0,31.753838235294126,2.5,2.5,51.02040816326531,120.21409948235296,-75.01090051764706,2.065,0.0,2.065,0.0,0.6467048000000002,1.4182951999999998,228.1372401153059,152.9266644705883,381.0639045858942
2025-05-11 09:00:00+02:00,plant_1,2.0975,-0.1,-2.96,32.93,32.83,29.97,55.01,74.7,0.0,DE_DA_price,DE_ID3_price,natural_gas_price,,87.88235294117648,83.54096470588236,0.639,0.6074333999999999,0.0,1.4900666000000002,1.753019529411765,0.639,0.0,0.0,0.0,0.0,0.639,0.0,0.0,0.0,2.5,10.0,0.639,22.08,0.639,83.54096470588236,61.46096470588236,28.53096470588236,14.109119999999999,18.231286447058828,39.27355644705883,18.231286447058828,2.5,0.0,0.639,0.0,False,0.0,14.109119999999999,21.04227,35.15139,0.0,130.95055884705886,0.0,166.10194884705885,False,False,False,True,highs,2025-05-11_08:00_12:00,4.0,pay_as_bid,78.09,78.09,78.09,78.09,10.0,2.5,195.22500000000002,163.4711617647059,0.0,31.753838235294126,2.5,2.5,51.02040816326531,166.10194884705885,-29.123051152941173,2.0975,0.0,2.0975,0.0,1.4900666000000002,0.6074333999999999,94.57543211023204,352.35692541176473,446.9323575219968
2025-05-11 09:15:00+02:00,plant_1,2.0975,-0.1,-7.65,32.93,32.83,25.28,48.33,74.7,0.0,DE_DA_price,DE_ID3_price,natural_gas_price,,87.88235294117648,83.54096470588236,0.347,0.32985819999999993,0.0,1.7676418000000003,2.0795785882352944,0.347,0.0,0.0,0.0,0.0,0.347,0.0,0.0,0.0,2.5,10.0,0.347,15.4,0.347,83.54096470588236,68.14096470588235,35.21096470588236,5.3438,12.218204752941178,23.644914752941176,12.218204752941178,2.5,0.0,0.347,0.0,False,0.0,5.3438,11.42671,16.77051,0.0,155.3445205411765,0.0,172.1150305411765,False,False,False,True,highs,2025-05-11_08:00_12:00,4.0,pay_as_bid,78.09,78.09,78.09,78.09,10.0,2.5,195.22500000000002,163.4711617647059,0.0,31.753838235294126,2.5,2.5,51.02040816326531,172.1150305411765,-23.109969458823514,2.0975,0.0,2.0975,0.0,1.7676418000000003,0.32985819999999993,49.38806473651286,417.9952962352942,467.38336097180706
2025-05-11 09:30:00+02:00,plant_1,2.0975,-0.1,-20.21,32.93,32.83,12.719999999999999,33.33,74.7,0.0,DE_DA_price,DE_ID3_price,natural_gas_price,,87.88235294117648,83.54096470588236,1.107,1.0523141999999999,0.0,1.0451858000000003,1.2296303529411767,1.107,0.0,0.0,0.0,0.0,1.107,0.0,0.0,0.0,2.5,10.0,1.107,0.4,1.107,83.54096470588236,83.14096470588235,50.21096470588236,0.4428,55.583537929411776,92.03704792941177,55.583537929411776,2.5,0.0,1.107,0.0,False,0.0,0.4428,36.45351,36.89631,0.0,91.85338736470591,0.0,128.74969736470592,False,False,False,True,highs,2025-05-11_08:00_12:00,4.0,pay_as_bid,78.09,78.09,78.09,78.09,10.0,2.5,195.22500000000002,163.4711617647059,0.0,31.753838235294126,2.5,2.5,51.02040816326531,128.74969736470592,-66.4753026352941,2.0975,0.0,2.0975,0.0,1.0451858000000003,1.0523141999999999,154.2944972764342,247.15570094117652,401.4501982176107
2025-05-11 09:45:00+02:00,plant_1,2.0975,-0.1,-57.92,32.93,32.83,-24.990000000000002,33.12,74.7,0.0,DE_DA_price,DE_ID3_price,natural_gas_price,,87.88235294117648,83.54096470588236,1.748,1.6616487999999998,0.0,0.43585120000000055,0.5127661176470595,1.748,0.0,0.0,0.0,0.0,1.748,0.0,0.0,0.0,2.5,10.0,1.748,0.19,1.748,83.54096470588236,83.35096470588236,50.42096470588236,0.33212,88.13584630588237,145.69748630588236,88.13584630588237,2.5,0.0,1.748,0.0,False,0.0,0.33212,57.56164,57.89376,0.0,38.303628988235346,0.0,96.19738898823535,False,False,False,True,highs,2025-05-11_08:00_12:00,4.0,pay_as_bid,78.09,78.09,78.09,78.09,10.0,2.5,195.22500000000002,163.4711617647059,0.0,31.753838235294126,2.5,2.5,51.02040816326531,96.19738898823535,-99.02761101176468,2.0975,0.0,2.0975,0.0,0.43585120000000055,1.6616487999999998,241.1461490261438,103.06598964705896,344.21213867320273
2025-05-11 10:00:00+02:00,plant_1,2.0975,-12.02,-49.62,32.93,20.91,-16.689999999999998,45.269999999999996,74.7,0.0,DE_DA_price,DE_ID3_price,natural_gas_price,,87.88235294117648,83.54096470588236,0.606,0.5760635999999999,0.0,1.5214364000000002,1.7899251764705886,0.606,0.0,0.0,0.0,0.0,0.606,0.0,0.0,0.0,2.5,10.0,0.606,12.34,0.606,83.54096470588236,71.20096470588236,38.27096470588236,7.47804,23.192204611764712,43.147784611764706,23.192204611764712,2.5,0.0,0.606,0.0,False,0.0,7.47804,19.955579999999998,27.433619999999998,0.0,133.70741068235296,0.0,161.14103068235295,False,False,False,True,highs,2025-05-11_08:00_12:00,4.0,pay_as_bid,78.09,78.09,78.09,78.09,10.0,2.5,195.22500000000002,163.4711617647059,0.0,31.753838235294126,2.5,2.5,51.02040816326531,161.14103068235295,-34.083969317647075,2.0975,0.0,2.0975,0.0,1.5214364000000002,0.5760635999999999,80.84214450971163,359.7749604705883,440.6171049802999
2025-05-11 10:15:00+02:00,plant_1,2.0975,-12.02,-98.42,32.93,20.91,-65.49000000000001,26.64,74.7,0.0,DE_DA_price,DE_ID3_price,natural_gas_price,,87.88235294117648,83.54096470588236,2.031,1.9306685999999997,0.0,0.1668314000000004,0.19627223529411814,2.031,0.0,0.0,0.0,0.0,2.031,0.0,0.0,0.0,2.5,10.0,2.031,-6.29,2.031,83.54096470588236,89.83096470588237,56.90096470588236,-12.77499,115.56585931764708,182.4466893176471,115.56585931764708,2.5,0.0,2.031,0.0,False,0.0,-12.77499,66.88083,54.10584,0.0,14.661535976470626,0.0,68.76737597647063,False,False,False,True,highs,2025-05-11_08:00_12:00,4.0,pay_as_bid,78.09,78.09,78.09,78.09,10.0,2.5,195.22500000000002,163.4711617647059,0.0,31.753838235294126,2.5,2.5,51.02040816326531,68.76737597647063,-126.45762402352939,2.0975,0.0,2.0975,0.0,0.1668314000000004,1.9306685999999997,262.8043268199407,39.45071929411775,302.2550461140584
2025-05-11 10:30:00+02:00,plant_1,2.0975,-12.02,-113.86,32.93,20.91,-80.93,3.09,74.7,0.0,DE_DA_price,DE_ID3_price,natural_gas_price,,87.88235294117648,83.54096470588236,2.5,2.0975,0.2876288659793813,0.0,0.0,2.5,0.0,0.0,0.0,0.0,2.5,0.0,0.0,0.0,2.5,10.0,2.5,-29.84,7.146,83.54096470588236,113.38096470588236,80.45096470588236,-74.6,201.1274117647059,283.4524117647059,201.1274117647059,2.5,0.0,2.5,0.0,False,0.0,-74.6,82.325,7.7250000000000085,0.0,0.0,0.0,7.7250000000000085,False,False,False,True,highs,2025-05-11_08:00_12:00,4.0,pay_as_bid,78.09,78.09,78.09,78.09,10.0,2.5,195.22500000000002,163.4711617647059,0.0,31.753838235294126,2.5,2.5,50.72690932042921,7.7250000000000085,-187.5,2.0975,0.0,2.0975,0.0,0.0,2.0975,310.33417919224183,0.0,310.33417919224183
2025-05-11 10:45:00+02:00,plant_1,2.0975,-12.02,-169.76,32.93,20.91,-136.82999999999998,-39.74,74.7,0.0,DE_DA_price,DE_ID3_price,natural_gas_price,,87.88235294117648,83.54096470588236,2.5,2.0975,0.5751858247422678,0.0,0.0,2.5,0.0,0.0,0.0,0.0,2.5,0.0,0.0,0.0,2.5,10.0,2.5,-72.67,15.959,83.54096470588236,156.21096470588236,123.28096470588235,-181.675,308.20241176470586,390.5274117647059,308.20241176470586,2.5,0.0,2.5,0.0,False,0.0,-181.675,82.325,-99.35000000000001,0.0,0.0,0.0,-99.35000000000001,False,False,False,True,highs,2025-05-11_08:00_12:00,4.0,pay_as_bid,78.09,78.09,78.09,78.09,10.0,2.5,195.22500000000002,163.4711617647059,0.0,31.753838235294126,2.5,2.5,50.43348385230381,-99.35000000000001,-294.57500000000005,2.0975,0.0,2.0975,0.0,0.0,2.0975,305.2513612637761,0.0,305.2513612637761
2025-05-11 11:00:00+02:00,plant_1,2.0975,-51.95,-149.59,32.93,-19.020000000000003,-116.66,55.489999999999995,74.7,0.0,DE_DA_price,DE_ID3_price,natural_gas_price,,87.88235294117648,83.54096470588236,2.5,2.0975,0.8626708942654635,0.0,0.0,2.5,0.0,0.0,0.0,0.0,2.5,0.0,0.0,0.0,2.5,10.0,2.5,22.56,3.095,83.54096470588236,60.98096470588236,28.050964705882365,56.4,70.12741176470591,152.4524117647059,70.12741176470591,2.5,0.0,2.5,0.0,False,0.0,56.4,82.325,138.725,0.0,0.0,0.0,138.725,False,False,False,True,highs,2025-05-11_08:00_12:00,4.0,pay_as_bid,78.09,78.09,78.09,78.09,10.0,2.5,195.22500000000002,163.4711617647059,0.0,31.753838235294126,2.5,2.5,50.14013174054545,138.725,-56.50000000000003,2.0975,0.0,2.0975,0.0,0.0,2.0975,301.2225582668473,0.0,301.2225582668473
2025-05-11 11:15:00+02:00,plant_1,2.0975,-51.95,-163.24,32.93,-19.020000000000003,-130.31,-12.54,74.7,0.0,DE_DA_price,DE_ID3_price,natural_gas_price,,87.88235294117648,83.54096470588236,2.5,2.0975,1.1500840925212785,0.0,0.0,2.5,0.0,0.0,0.0,0.0,2.5,0.0,0.0,0.0,2.5,10.0,2.5,-45.47,13.594,83.54096470588236,129.01096470588237,96.08096470588237,-113.675,240.20241176470591,322.5274117647059,240.20241176470591,2.5,0.0,2.5,0.0,False,0.0,-113.675,82.325,-31.349999999999994,0.0,0.0,0.0,-31.349999999999994,False,False,False,True,highs,2025-05-11_08:00_12:00,4.0,pay_as_bid,78.09,78.09,78.09,78.09,10.0,2.5,195.22500000000002,163.4711617647059,0.0,31.753838235294126,2.5,2.5,49.84685296681503,-31.349999999999994,-226.57500000000002,2.0975,0.0,2.0975,0.0,0.0,2.0975,296.1464786313589,0.0,296.1464786313589
2025-05-11 11:30:00+02:00,plant_1,2.0975,-51.95,-164.51,32.93,-19.020000000000003,-131.57999999999998,-71.49000000000001,74.7,0.0,DE_DA_price,DE_ID3_price,natural_gas_price,,87.88235294117648,83.54096470588236,2.5,2.0975,1.4374254374775295,0.0,0.0,2.5,0.0,0.0,0.0,0.0,2.5,0.0,0.0,0.0,2.5,10.0,2.5,-104.42,39.862,83.54096470588236,187.96096470588236,155.03096470588235,-261.05,387.57741176470586,469.9024117647059,387.57741176470586,2.5,0.0,2.5,0.0,False,0.0,-261.05,82.325,-178.72500000000002,0.0,0.0,0.0,-178.72500000000002,False,False,False,True,highs,2025-05-11_08:00_12:00,4.0,pay_as_bid,78.09,78.09,78.09,78.09,10.0,2.5,195.22500000000002,163.4711617647059,0.0,31.753838235294126,2.5,2.5,49.553647512778035,-178.72500000000002,-373.95000000000005,2.0975,0.0,2.0975,0.0,0.0,2.0975,294.1727768717987,0.0,294.1727768717987
2025-05-11 11:45:00+02:00,plant_1,2.0975,-51.95,-165.76,32.93,-19.020000000000003,-132.82999999999998,-54.24,74.7,0.0,DE_DA_price,DE_ID3_price,natural_gas_price,,87.88235294117648,83.54096470588236,2.5,2.0975,1.7246949470975415,0.0,0.0,2.5,0.0,0.0,0.0,0.0,2.5,0.0,0.0,0.0,2.5,10.0,2.5,-87.17,27.343,83.54096470588236,170.71096470588236,137.78096470588235,-217.925,344.45241176470586,426.7774117647059,344.45241176470586,2.5,0.0,2.5,0.0,False,0.0,-217.925,82.325,-135.60000000000002,0.0,0.0,0.0,-135.60000000000002,False,False,False,True,highs,2025-05-11_08:00_12:00,4.0,pay_as_bid,78.09,78.09,78.09,78.09,10.0,2.5,195.22500000000002,163.4711617647059,0.0,31.753838235294126,2.5,2.5,49.260515360104556,-135.60000000000002,-330.82500000000005,2.0975,0.0,2.0975,0.0,0.0,2.0975,288.66492176562264,0.0,288.66492176562264
2025-05-11 12:00:00+02:00,plant_1,2.0975,-212.82,-210.76,32.93,-179.89,-177.82999999999998,-75.97999999999999,74.7,0.0,DE_DA_price,DE_ID3_price,natural_gas_price,,87.88235294117648,83.54096470588236,2.5,2.0975,2.0118926393401484,0.0,0.0,2.5,2.5,0.0,0.0,2.5,2.5,-532.05,0.0,0.0,0.0,0.0,0.0,-108.91,43.908,83.54096470588236,192.45096470588237,159.52096470588236,0.0,0.0,0.0,0.0,0.0,0.0,0.0,0.0,False,0.0,-532.05,82.325,-449.72499999999997,0.0,0.0,0.0,-449.72499999999997,False,False,False,False,highs,2025-05-11_12:00_16:00,4.0,pay_as_bid,169.98,169.98,169.98,169.98,0.0,0.0,0.0,0.0,0.0,0.0,0.0,0.0,48.96745649046924,-449.72499999999997,-449.72499999999997,0.0,2.0975,0.0,2.0975,0.0,2.0975,293.5119615838162,0.0,293.5119615838162
2025-05-11 12:15:00+02:00,plant_1,2.0975,-212.82,-136.93,32.93,-179.89,-104.0,-93.30000000000001,74.7,0.0,DE_DA_price,DE_ID3_price,natural_gas_price,,87.88235294117648,83.54096470588236,2.5,2.0975,2.2990185321596948,0.0,0.0,2.5,2.5,0.0,0.0,2.5,2.5,-532.05,0.0,0.0,0.0,0.0,0.0,-126.23,62.716,83.54096470588236,209.77096470588236,176.84096470588236,0.0,0.0,0.0,0.0,0.0,0.0,0.0,0.0,False,0.0,-532.05,82.325,-449.72499999999997,0.0,0.0,0.0,-449.72499999999997,False,False,False,False,highs,2025-05-11_12:00_16:00,4.0,pay_as_bid,169.98,169.98,169.98,169.98,0.0,0.0,0.0,0.0,0.0,0.0,0.0,0.0,48.67447088555134,-449.72499999999997,-449.72499999999997,0.0,2.0975,0.0,2.0975,0.0,2.0975,292.3270073413192,0.0,292.3270073413192
2025-05-11 12:30:00+02:00,plant_1,2.0975,-212.82,-91.14,32.93,-179.89,-58.21,-92.85,74.7,0.0,DE_DA_price,DE_ID3_price,natural_gas_price,,87.88235294117648,83.54096470588236,2.5,2.0975,2.586072643506036,0.0,0.0,2.5,2.5,0.0,0.0,2.5,2.5,-532.05,0.0,0.0,0.0,0.0,0.0,-125.78,47.814,83.54096470588236,209.32096470588237,176.39096470588237,0.0,0.0,0.0,0.0,0.0,0.0,0.0,0.0,False,0.0,-532.05,82.325,-449.72499999999997,0.0,0.0,0.0,-449.72499999999997,False,False,False,False,highs,2025-05-11_12:00_16:00,4.0,pay_as_bid,169.98,169.98,169.98,169.98,0.0,0.0,0.0,0.0,0.0,0.0,0.0,0.0,48.381558527034656,-449.72499999999997,-449.72499999999997,0.0,2.0975,0.0,2.0975,0.0,2.0975,290.6913821742948,0.0,290.6913821742948
2025-05-11 12:45:00+02:00,plant_1,2.0975,-212.82,-63.92,32.93,-179.89,-30.990000000000002,-146.66,74.7,0.0,DE_DA_price,DE_ID3_price,natural_gas_price,,87.88235294117648,83.54096470588236,2.5,2.0975,2.873054991324541,0.0,0.0,2.5,2.5,0.0,0.0,2.5,2.5,-532.05,0.0,0.0,0.0,0.0,0.0,-179.59,177.294,83.54096470588236,263.1309647058824,230.20096470588237,0.0,0.0,0.0,0.0,0.0,0.0,0.0,0.0,False,0.0,-532.05,82.325,-449.72499999999997,0.0,0.0,0.0,-449.72499999999997,False,False,False,False,highs,2025-05-11_12:00_16:00,4.0,pay_as_bid,169.98,169.98,169.98,169.98,0.0,0.0,0.0,0.0,0.0,0.0,0.0,0.0,48.08871939660761,-449.72499999999997,-449.72499999999997,0.0,2.0975,0.0,2.0975,0.0,2.0975,292.42225541327673,0.0,292.42225541327673
2025-05-11 13:00:00+02:00,plant_1,2.0975,-250.32,-89.37,32.93,-217.39,-56.440000000000005,-46.21,74.7,0.0,DE_DA_price,DE_ID3_price,natural_gas_price,,87.88235294117648,83.54096470588236,2.5,2.0975,3.159965593556091,0.0,0.0,2.5,2.5,0.0,0.0,2.5,2.5,-625.8,0.0,0.0,0.0,0.0,0.0,-79.14,33.677,83.54096470588236,162.68096470588236,129.75096470588235,0.0,0.0,0.0,0.0,0.0,0.0,0.0,0.0,False,0.0,-625.8,82.325,-543.4749999999999,0.0,0.0,0.0,-543.4749999999999,False,False,False,False,highs,2025-05-11_12:00_16:00,4.0,pay_as_bid,169.98,169.98,169.98,169.98,0.0,0.0,0.0,0.0,0.0,0.0,0.0,0.0,47.79595347596317,-543.4749999999999,-543.4749999999999,0.0,2.0975,0.0,2.0975,0.0,2.0975,292.53088223057534,0.0,292.53088223057534
2025-05-11 13:15:00+02:00,plant_1,2.0975,-250.32,-49.3,32.93,-217.39,-16.369999999999997,-23.79,74.7,0.0,DE_DA_price,DE_ID3_price,natural_gas_price,,87.88235294117648,83.54096470588236,2.5,2.0975,3.4468044681370835,0.0,0.0,2.5,2.5,0.0,0.0,2.5,2.5,-625.8,0.0,0.0,0.0,0.0,0.0,-56.72,78.595,83.54096470588236,140.26096470588237,107.33096470588237,0.0,0.0,0.0,0.0,0.0,0.0,0.0,0.0,False,0.0,-625.8,82.325,-543.4749999999999,0.0,0.0,0.0,-543.4749999999999,False,False,False,False,highs,2025-05-11_12:00_16:00,4.0,pay_as_bid,169.98,169.98,169.98,169.98,0.0,0.0,0.0,0.0,0.0,0.0,0.0,0.0,47.5032607467989,-543.4749999999999,-543.4749999999999,0.0,2.0975,0.0,2.0975,0.0,2.0975,293.9145386781393,0.0,293.9145386781393
2025-05-11 13:30:00+02:00,plant_1,2.0975,-250.32,-11.5,32.93,-217.39,21.43,-38.6,74.7,0.0,DE_DA_price,DE_ID3_price,natural_gas_price,,87.88235294117648,83.54096470588236,2.5,2.0975,3.7335716329994306,0.0,0.0,2.5,2.5,0.0,0.0,2.5,2.5,-625.8,0.0,0.0,0.0,0.0,0.0,-71.53,142.379,83.54096470588236,155.07096470588237,122.14096470588237,0.0,0.0,0.0,0.0,0.0,0.0,0.0,0.0,False,0.0,-625.8,82.325,-543.4749999999999,0.0,0.0,0.0,-543.4749999999999,False,False,False,False,highs,2025-05-11_12:00_16:00,4.0,pay_as_bid,169.98,169.98,169.98,169.98,0.0,0.0,0.0,0.0,0.0,0.0,0.0,0.0,47.21064119081691,-543.4749999999999,-543.4749999999999,0.0,2.0975,0.0,2.0975,0.0,2.0975,294.14137572179806,0.0,294.14137572179806
2025-05-11 13:45:00+02:00,plant_1,2.0975,-250.32,-6.84,32.93,-217.39,26.09,-33.919999999999995,74.7,0.0,DE_DA_price,DE_ID3_price,natural_gas_price,,87.88235294117648,83.54096470588236,2.5,2.0975,4.020267106070563,0.0,0.0,2.5,2.5,0.0,0.0,2.5,2.5,-625.8,0.0,0.0,0.0,0.0,0.0,-66.85,149.242,83.54096470588236,150.39096470588237,117.46096470588236,0.0,0.0,0.0,0.0,0.0,0.0,0.0,0.0,False,0.0,-625.8,82.325,-543.4749999999999,0.0,0.0,0.0,-543.4749999999999,False,False,False,False,highs,2025-05-11_12:00_16:00,4.0,pay_as_bid,169.98,169.98,169.98,169.98,0.0,0.0,0.0,0.0,0.0,0.0,0.0,0.0,46.91809478972392,-543.4749999999999,-543.4749999999999,0.0,2.0975,0.0,2.0975,0.0,2.0975,298.1078246569825,0.0,298.1078246569825
2025-05-11 14:00:00+02:00,plant_1,2.0975,-230.98,-40.69,32.93,-198.04999999999998,-7.759999999999998,-20.03,74.7,0.0,DE_DA_price,DE_ID3_price,natural_gas_price,,87.88235294117648,83.54096470588236,2.5,2.0975,4.306890905273426,0.0,0.0,2.5,2.5,0.0,0.0,2.5,2.5,-577.4499999999999,0.0,0.0,0.0,0.0,0.0,-52.96,86.614,83.54096470588236,136.50096470588235,103.57096470588236,0.0,0.0,0.0,0.0,0.0,0.0,0.0,0.0,False,0.0,-577.4499999999999,82.325,-495.12499999999994,0.0,0.0,0.0,-495.12499999999994,False,False,False,False,highs,2025-05-11_12:00_16:00,4.0,pay_as_bid,169.98,169.98,169.98,169.98,0.0,0.0,0.0,0.0,0.0,0.0,0.0,0.0,46.625621525231196,-495.12499999999994,-495.12499999999994,0.0,2.0975,0.0,2.0975,0.0,2.0975,299.48730299046497,0.0,299.48730299046497
2025-05-11 14:15:00+02:00,plant_1,2.0975,-230.98,-10.82,32.93,-198.04999999999998,22.11,0.6400000000000006,74.7,0.0,DE_DA_price,DE_ID3_price,natural_gas_price,,87.88235294117648,83.54096470588236,2.5,2.0975,4.593443048526489,0.0,0.0,2.5,2.5,0.0,0.0,2.5,2.5,-577.4499999999999,0.0,0.0,0.0,0.0,0.0,-32.29,41.322,83.54096470588236,115.83096470588237,82.90096470588236,0.0,0.0,0.0,0.0,0.0,0.0,0.0,0.0,False,0.0,-577.4499999999999,82.325,-495.12499999999994,0.0,0.0,0.0,-495.12499999999994,False,False,False,False,highs,2025-05-11_12:00_16:00,4.0,pay_as_bid,169.98,169.98,169.98,169.98,0.0,0.0,0.0,0.0,0.0,0.0,0.0,0.0,46.333221379054606,-495.12499999999994,-495.12499999999994,0.0,2.0975,0.0,2.0975,0.0,2.0975,300.5362178173483,0.0,300.5362178173483
2025-05-11 14:30:00+02:00,plant_1,2.0975,-230.98,-0.78,32.93,-198.04999999999998,32.15,14.55,74.7,0.0,DE_DA_price,DE_ID3_price,natural_gas_price,,87.88235294117648,83.54096470588236,2.5,2.0975,4.879923553743739,0.0,0.0,2.5,2.5,0.0,0.0,2.5,2.5,-577.4499999999999,0.0,0.0,0.0,0.0,0.0,-18.38,5.946,83.54096470588236,101.92096470588235,68.99096470588236,0.0,0.0,0.0,0.0,0.0,0.0,0.0,0.0,False,0.0,-577.4499999999999,82.325,-495.12499999999994,0.0,0.0,0.0,-495.12499999999994,False,False,False,False,highs,2025-05-11_12:00_16:00,4.0,pay_as_bid,169.98,169.98,169.98,169.98,0.0,0.0,0.0,0.0,0.0,0.0,0.0,0.0,46.040894332914554,-495.12499999999994,-495.12499999999994,0.0,2.0975,0.0,2.0975,0.0,2.0975,302.4099912484856,0.0,302.4099912484856
2025-05-11 14:45:00+02:00,plant_1,2.0975,-230.98,1.71,32.93,-198.04999999999998,34.64,-1.9100000000000037,74.7,0.0,DE_DA_price,DE_ID3_price,natural_gas_price,,87.88235294117648,83.54096470588236,2.5,2.0975,5.166332438834684,0.0,0.0,2.5,2.5,0.0,0.0,2.5,2.5,-577.4499999999999,0.0,0.0,0.0,0.0,0.0,-34.84,60.331,83.54096470588236,118.38096470588236,85.45096470588237,0.0,0.0,0.0,0.0,0.0,0.0,0.0,0.0,False,0.0,-577.4499999999999,82.325,-495.12499999999994,0.0,0.0,0.0,-495.12499999999994,False,False,False,False,highs,2025-05-11_12:00_16:00,4.0,pay_as_bid,169.98,169.98,169.98,169.98,0.0,0.0,0.0,0.0,0.0,0.0,0.0,0.0,45.74864036853604,-495.12499999999994,-495.12499999999994,0.0,2.0975,0.0,2.0975,0.0,2.0975,304.92258970515513,0.0,304.92258970515513
2025-05-11 15:00:00+02:00,plant_1,2.065,-110.06,-10.56,32.93,-77.13,22.369999999999997,68.78,74.7,0.0,DE_DA_price,DE_ID3_price,natural_gas_price,,87.88235294117648,83.54096470588236,2.5,2.065,5.486174876343533,0.0,0.0,2.5,2.5,0.0,0.0,2.5,2.5,-275.15,0.0,0.0,0.0,0.0,0.0,35.85,0.683,83.54096470588236,47.69096470588236,14.760964705882358,0.0,0.0,0.0,0.0,0.0,0.0,0.0,0.0,False,0.0,-275.15,82.325,-192.825,0.0,0.0,0.0,-192.825,False,False,False,False,highs,2025-05-11_12:00_16:00,4.0,pay_as_bid,169.98,169.98,169.98,169.98,0.0,0.0,0.0,0.0,0.0,0.0,0.0,0.0,45.42227053434333,-192.825,-192.825,0.0,2.065,0.0,2.065,0.0,2.065,304.9844601194543,0.0,304.9844601194543
2025-05-11 15:15:00+02:00,plant_1,2.065,-110.06,-5.84,32.93,-77.13,27.09,39.67,74.7,0.0,DE_DA_price,DE_ID3_price,natural_gas_price,,87.88235294117648,83.54096470588236,2.5,2.065,5.805937353243005,0.0,0.0,2.5,2.5,0.0,0.0,2.5,2.5,-275.15,0.0,0.0,0.0,0.0,0.0,6.74,17.416,83.54096470588236,76.80096470588236,43.87096470588236,0.0,0.0,0.0,0.0,0.0,0.0,0.0,0.0,False,0.0,-275.15,82.325,-192.825,0.0,0.0,0.0,-192.825,False,False,False,False,highs,2025-05-11_12:00_16:00,4.0,pay_as_bid,169.98,169.98,169.98,169.98,0.0,0.0,0.0,0.0,0.0,0.0,0.0,0.0,45.09598229260918,-192.825,-192.825,0.0,2.065,0.0,2.065,0.0,2.065,307.3535436256565,0.0,307.3535436256565
2025-05-11 15:30:00+02:00,plant_1,2.065,-110.06,36.97,32.93,-77.13,69.9,21.740000000000002,74.7,0.0,DE_DA_price,DE_ID3_price,natural_gas_price,,87.88235294117648,83.54096470588236,2.5,2.065,6.125619889523252,0.0,0.0,2.5,2.5,0.0,0.0,2.5,2.5,-275.15,0.0,0.0,0.0,0.0,0.0,-11.19,22.225,83.54096470588236,94.73096470588236,61.80096470588236,0.0,0.0,0.0,0.0,0.0,0.0,0.0,0.0,False,0.0,-275.15,82.325,-192.825,0.0,0.0,0.0,-192.825,False,False,False,False,highs,2025-05-11_12:00_16:00,4.0,pay_as_bid,169.98,169.98,169.98,169.98,0.0,0.0,0.0,0.0,0.0,0.0,0.0,0.0,44.76977562293546,-192.825,-192.825,0.0,2.065,0.0,2.065,0.0,2.065,308.73244813147375,0.0,308.73244813147375
2025-05-11 15:45:00+02:00,plant_1,2.065,-110.06,76.46,32.93,-77.13,109.38999999999999,15.649999999999999,74.7,0.0,DE_DA_price,DE_ID3_price,natural_gas_price,,87.88235294117648,83.54096470588236,2.5,2.065,6.445222505169427,0.0,0.0,2.5,2.5,0.0,2.5,0.0,2.5,-275.15,0.0,191.14999999999998,2.5,10.0,2.5,-17.28,11.05,83.54096470588236,100.82096470588236,67.89096470588237,-43.2,169.72741176470592,252.0524117647059,169.72741176470592,0.0,2.5,0.0,2.5,False,0.0,-509.49999999999994,82.325,-427.17499999999995,0.0,0.0,0.0,-427.17499999999995,False,False,False,True,highs,2025-05-11_12:00_16:00,4.0,pay_as_bid,169.98,169.98,169.98,169.98,0.0,0.0,0.0,0.0,0.0,0.0,0.0,2.5,44.44365050492916,-427.17499999999995,-427.17499999999995,0.0,2.065,0.0,2.065,0.0,2.065,312.24067607278,0.0,312.24067607278
2025-05-11 16:00:00+02:00,plant_1,2.0425,-18.52,46.37,32.93,14.41,79.3,67.07,74.7,0.0,DE_DA_price,DE_ID3_price,natural_gas_price,,87.88235294117648,83.54096470588236,0.017,2.0425,4.354601096450352,0.0,0.0,0.017,0.0,0.0,0.0,0.0,0.017,0.0,0.0,0.0,2.5,10.0,0.017,34.14,0.017,83.54096470588236,49.40096470588236,16.470964705882366,0.58038,0.28000640000000027,0.8398164000000001,0.28000640000000027,2.5,0.0,0.017,0.0,False,0.0,0.58038,0.55981,1.14019,0.0,0.0,0.0,1.14019,False,False,False,True,highs,2025-05-11_16:00_20:00,4.0,pay_as_bid,37.0,37.0,37.0,37.0,10.0,2.5,92.5,74.88870588235295,0.0,17.61129411764705,2.5,2.5,46.57693765668331,1.14019,-91.35981,0.0,2.0425,0.0,2.0425,0.0,2.0425,2.190791871058164,0.0,2.190791871058164
2025-05-11 16:15:00+02:00,plant_1,2.0425,-18.52,63.08,32.93,14.41,96.00999999999999,6.890000000000001,74.7,0.0,DE_DA_price,DE_ID3_price,natural_gas_price,,87.88235294117648,83.54096470588236,2.5,2.0425,4.697842343083456,0.0,0.0,2.5,0.0,0.0,0.0,0.0,2.5,0.0,0.0,0.0,2.5,10.0,2.5,-26.04,13.692,83.54096470588236,109.58096470588237,76.65096470588236,-65.1,191.6274117647059,273.9524117647059,191.6274117647059,2.5,0.0,2.5,0.0,False,0.0,-65.1,82.325,17.22500000000001,0.0,0.0,0.0,17.22500000000001,False,False,False,True,highs,2025-05-11_16:00_20:00,4.0,pay_as_bid,37.0,37.0,37.0,37.0,10.0,2.5,92.5,74.88870588235295,0.0,17.61129411764705,2.5,2.5,46.226691486649536,17.22500000000001,-75.27499999999999,0.0,2.0425,1.8765027672442214,0.16599723275577863,0.0,2.0425,331.5251318996895,0.0,331.5251318996895
2025-05-11 16:30:00+02:00,plant_1,2.0425,-18.52,85.45,32.93,14.41,118.38,97.03,74.7,0.0,DE_DA_price,DE_ID3_price,natural_gas_price,,87.88235294117648,83.54096470588236,0.0,2.0425,2.5909977794049017,0.0,0.0,0.0,0.0,0.0,0.0,0.0,0.0,0.0,0.0,0.0,2.5,10.0,0.0,64.1,0.0,83.54096470588236,19.440964705882365,-13.489035294117642,0.0,0.0,0.0,0.0,2.5,0.0,0.0,0.0,False,0.0,0.0,0.0,0.0,0.0,0.0,0.0,0.0,False,False,False,True,highs,2025-05-11_16:00_20:00,4.0,pay_as_bid,37.0,37.0,37.0,37.0,10.0,2.5,92.5,74.88870588235295,0.0,17.61129411764705,2.5,2.5,48.376532878158265,0.0,-92.5,1.5438155709957924,0.4986844290042075,2.0425,0.0,0.0,2.0425,0.0,0.0,0.0
2025-05-11 16:45:00+02:00,plant_1,2.0425,-18.52,99.52,32.93,14.41,132.45,32.93,74.7,0.0,DE_DA_price,DE_ID3_price,natural_gas_price,,87.88235294117648,83.54096470588236,0.0,2.0425,0.4846799268672668,0.0,0.0,0.0,0.0,0.0,0.0,0.0,0.0,0.0,0.0,0.0,2.5,10.0,0.0,0.0,0.0,83.54096470588236,83.54096470588236,50.61096470588236,0.0,0.0,0.0,0.0,2.5,0.0,0.0,0.0,False,0.0,0.0,0.0,0.0,0.0,0.0,0.0,0.0,False,False,False,True,highs,2025-05-11_16:00_20:00,4.0,pay_as_bid,37.0,37.0,37.0,37.0,10.0,2.5,92.5,74.88870588235295,0.0,17.61129411764705,2.5,2.5,50.52583680931912,0.0,-92.5,2.0425,0.0,2.0425,0.0,0.0,2.0425,0.0,0.0,0.0
2025-05-11 17:00:00+02:00,plant_1,2.02,-0.08,85.0,32.93,32.85,117.93,50.11,74.7,0.0,DE_DA_price,DE_ID3_price,natural_gas_price,,87.88235294117648,83.54096470588236,0.0,0.47002199417898344,0.0,1.5499780058210166,1.8235035362600196,0.0,0.0,0.0,0.0,0.0,0.0,0.0,0.0,0.0,2.5,10.0,0.0,17.18,0.0,83.54096470588236,66.36096470588237,33.43096470588236,0.0,0.0,0.0,0.0,2.5,0.0,0.0,0.0,False,0.0,0.0,0.0,0.0,0.0,136.21571415862346,0.0,136.21571415862346,False,False,False,True,highs,2025-05-11_16:00_20:00,4.0,pay_as_bid,37.0,37.0,37.0,37.0,10.0,2.5,92.5,74.88870588235295,0.0,17.61129411764705,2.5,2.5,51.02040816326531,136.21571415862346,43.715714158623456,2.02,0.0,2.02,0.0,1.5499780058210166,0.47002199417898344,0.0,366.52421078826393,366.52421078826393
2025-05-11 17:15:00+02:00,plant_1,2.02,-0.08,91.64,32.93,32.85,124.57,29.41,74.7,0.0,DE_DA_price,DE_ID3_price,natural_gas_price,,87.88235294117648,83.54096470588236,2.5,2.02,0.3675257731958763,0.0,0.0,2.5,0.0,0.0,0.0,0.0,2.5,0.0,0.0,0.0,2.5,10.0,2.5,-3.52,3.51,83.54096470588236,87.06096470588236,54.13096470588236,-8.8,135.32741176470591,217.6524117647059,135.32741176470591,2.5,0.0,2.5,0.0,False,0.0,-8.8,82.325,73.525,0.0,0.0,0.0,73.525,False,False,False,True,highs,2025-05-11_16:00_20:00,4.0,pay_as_bid,37.0,37.0,37.0,37.0,10.0,2.5,92.5,74.88870588235295,0.0,17.61129411764705,2.5,2.5,50.64538186408584,73.525,-18.974999999999994,2.02,0.0,2.02,0.0,0.0,2.02,362.36319316132756,0.0,362.36319316132756
2025-05-11 17:30:00+02:00,plant_1,2.02,-0.08,107.84,32.93,32.85,140.77,120.33000000000001,74.7,0.0,DE_DA_price,DE_ID3_price,natural_gas_price,,87.88235294117648,83.54096470588236,0.0,0.35641087499999996,0.0,1.6635891250000001,1.9571636764705884,0.0,0.0,0.0,0.0,0.0,0.0,0.0,0.0,0.0,2.5,10.0,0.0,87.4,0.0,83.54096470588236,-3.8590352941176462,-36.78903529411765,0.0,0.0,0.0,0.0,2.5,0.0,0.0,0.0,False,0.0,0.0,0.0,0.0,0.0,146.20012663235295,0.0,146.20012663235295,False,False,False,True,highs,2025-05-11_16:00_20:00,4.0,pay_as_bid,37.0,37.0,37.0,37.0,10.0,2.5,92.5,74.88870588235295,0.0,17.61129411764705,2.5,2.5,51.02040816326531,146.20012663235295,53.70012663235295,2.02,0.0,2.02,0.0,1.6635891250000001,0.35641087499999996,0.0,393.38989897058826,393.38989897058826
2025-05-11 17:45:00+02:00,plant_1,2.02,-0.08,134.96,32.93,32.85,167.89000000000001,32.93,74.7,0.0,DE_DA_price,DE_ID3_price,natural_gas_price,,87.88235294117648,83.54096470588236,0.0,0.0,0.0,2.02,2.376470588235294,0.0,0.0,0.0,0.0,0.0,0.0,0.0,0.0,0.0,2.5,10.0,0.0,0.0,0.0,83.54096470588236,83.54096470588236,50.61096470588236,0.0,0.0,0.0,0.0,2.5,0.0,0.0,0.0,False,0.0,0.0,0.0,0.0,0.0,177.52235294117648,0.0,177.52235294117648,False,False,False,True,highs,2025-05-11_16:00_20:00,4.0,pay_as_bid,37.0,37.0,37.0,37.0,10.0,2.5,92.5,74.88870588235295,0.0,17.61129411764705,2.5,2.5,51.02040816326531,177.52235294117648,85.02235294117648,2.02,0.0,2.02,0.0,2.02,0.0,0.0,477.67058823529413,477.67058823529413
2025-05-11 18:00:00+02:00,plant_1,2.02,85.96,123.68,32.93,118.88999999999999,156.61,32.93,74.7,0.0,DE_DA_price,DE_ID3_price,natural_gas_price,,87.88235294117648,83.54096470588236,0.0,0.0,0.0,2.02,2.376470588235294,0.0,0.0,0.0,0.0,0.0,0.0,0.0,0.0,0.0,2.5,10.0,0.0,0.0,0.0,83.54096470588236,83.54096470588236,50.61096470588236,0.0,0.0,0.0,0.0,2.5,0.0,0.0,0.0,False,0.0,0.0,0.0,0.0,0.0,177.52235294117648,0.0,177.52235294117648,False,False,False,True,highs,2025-05-11_16:00_20:00,4.0,pay_as_bid,37.0,37.0,37.0,37.0,10.0,2.5,92.5,74.88870588235295,0.0,17.61129411764705,2.5,2.5,51.02040816326531,177.52235294117648,85.02235294117648,2.02,0.0,2.02,0.0,2.02,0.0,0.0,477.67058823529413,477.67058823529413
2025-05-11 18:15:00+02:00,plant_1,2.02,85.96,162.15,32.93,118.88999999999999,195.08,32.93,74.7,0.0,DE_DA_price,DE_ID3_price,natural_gas_price,,87.88235294117648,83.54096470588236,0.0,0.0,0.0,2.02,2.376470588235294,0.0,0.0,0.0,0.0,0.0,0.0,0.0,0.0,0.0,2.5,10.0,0.0,0.0,0.0,83.54096470588236,83.54096470588236,50.61096470588236,0.0,0.0,0.0,0.0,2.5,0.0,0.0,0.0,False,0.0,0.0,0.0,0.0,0.0,177.52235294117648,0.0,177.52235294117648,False,False,False,True,highs,2025-05-11_16:00_20:00,4.0,pay_as_bid,37.0,37.0,37.0,37.0,10.0,2.5,92.5,74.88870588235295,0.0,17.61129411764705,2.5,2.5,51.02040816326531,177.52235294117648,85.02235294117648,2.02,0.0,2.02,0.0,2.02,0.0,0.0,477.67058823529413,477.67058823529413
2025-05-11 18:30:00+02:00,plant_1,2.02,85.96,131.61,32.93,118.88999999999999,164.54000000000002,32.93,74.7,0.0,DE_DA_price,DE_ID3_price,natural_gas_price,,87.88235294117648,83.54096470588236,0.0,0.0,0.0,2.02,2.376470588235294,0.0,0.0,0.0,0.0,0.0,0.0,0.0,0.0,0.0,2.5,10.0,0.0,0.0,0.0,83.54096470588236,83.54096470588236,50.61096470588236,0.0,0.0,0.0,0.0,2.5,0.0,0.0,0.0,False,0.0,0.0,0.0,0.0,0.0,177.52235294117648,0.0,177.52235294117648,False,False,False,True,highs,2025-05-11_16:00_20:00,4.0,pay_as_bid,37.0,37.0,37.0,37.0,10.0,2.5,92.5,74.88870588235295,0.0,17.61129411764705,2.5,2.5,51.02040816326531,177.52235294117648,85.02235294117648,2.02,0.0,2.02,0.0,2.02,0.0,0.0,477.67058823529413,477.67058823529413
2025-05-11 18:45:00+02:00,plant_1,2.02,85.96,121.89,32.93,118.88999999999999,154.82,32.93,74.7,0.0,DE_DA_price,DE_ID3_price,natural_gas_price,,87.88235294117648,83.54096470588236,0.0,0.0,0.0,2.02,2.376470588235294,0.0,0.0,0.0,0.0,0.0,0.0,0.0,0.0,0.0,2.5,10.0,0.0,0.0,0.0,83.54096470588236,83.54096470588236,50.61096470588236,0.0,0.0,0.0,0.0,2.5,0.0,0.0,0.0,False,0.0,0.0,0.0,0.0,0.0,177.52235294117648,0.0,177.52235294117648,False,False,False,True,highs,2025-05-11_16:00_20:00,4.0,pay_as_bid,37.0,37.0,37.0,37.0,10.0,2.5,92.5,74.88870588235295,0.0,17.61129411764705,2.5,2.5,51.02040816326531,177.52235294117648,85.02235294117648,2.02,0.0,2.02,0.0,2.02,0.0,0.0,477.67058823529413,477.67058823529413
2025-05-11 19:00:00+02:00,plant_1,2.02,117.11,171.83,32.93,150.04,204.76000000000002,32.93,74.7,0.0,DE_DA_price,DE_ID3_price,natural_gas_price,,87.88235294117648,83.54096470588236,0.0,0.0,0.0,2.02,2.376470588235294,0.0,0.0,0.0,0.0,0.0,0.0,0.0,0.0,0.0,2.5,10.0,0.0,0.0,0.0,83.54096470588236,83.54096470588236,50.61096470588236,0.0,0.0,0.0,0.0,2.5,0.0,0.0,0.0,False,0.0,0.0,0.0,0.0,0.0,177.52235294117648,0.0,177.52235294117648,False,False,False,True,highs,2025-05-11_16:00_20:00,4.0,pay_as_bid,37.0,37.0,37.0,37.0,10.0,2.5,92.5,74.88870588235295,0.0,17.61129411764705,2.5,2.5,51.02040816326531,177.52235294117648,85.02235294117648,2.02,0.0,2.02,0.0,2.02,0.0,0.0,477.67058823529413,477.67058823529413
2025-05-11 19:15:00+02:00,plant_1,2.02,117.11,128.58,32.93,150.04,161.51000000000002,32.93,74.7,0.0,DE_DA_price,DE_ID3_price,natural_gas_price,,87.88235294117648,83.54096470588236,0.0,0.0,0.0,2.02,2.376470588235294,0.0,0.0,0.0,0.0,0.0,0.0,0.0,0.0,0.0,2.5,10.0,0.0,0.0,0.0,83.54096470588236,83.54096470588236,50.61096470588236,0.0,0.0,0.0,0.0,2.5,0.0,0.0,0.0,False,0.0,0.0,0.0,0.0,0.0,177.52235294117648,0.0,177.52235294117648,False,False,False,True,highs,2025-05-11_16:00_20:00,4.0,pay_as_bid,37.0,37.0,37.0,37.0,10.0,2.5,92.5,74.88870588235295,0.0,17.61129411764705,2.5,2.5,51.02040816326531,177.52235294117648,85.02235294117648,2.02,0.0,2.02,0.0,2.02,0.0,0.0,477.67058823529413,477.67058823529413
2025-05-11 19:30:00+02:00,plant_1,2.02,117.11,101.94,32.93,150.04,134.87,32.93,74.7,0.0,DE_DA_price,DE_ID3_price,natural_gas_price,,87.88235294117648,83.54096470588236,0.0,0.0,0.0,2.02,2.376470588235294,0.0,0.0,0.0,0.0,0.0,0.0,0.0,0.0,0.0,2.5,10.0,0.0,0.0,0.0,83.54096470588236,83.54096470588236,50.61096470588236,0.0,0.0,0.0,0.0,2.5,0.0,0.0,0.0,False,0.0,0.0,0.0,0.0,0.0,177.52235294117648,0.0,177.52235294117648,False,False,False,True,highs,2025-05-11_16:00_20:00,4.0,pay_as_bid,37.0,37.0,37.0,37.0,10.0,2.5,92.5,74.88870588235295,0.0,17.61129411764705,2.5,2.5,51.02040816326531,177.52235294117648,85.02235294117648,2.02,0.0,2.02,0.0,2.02,0.0,0.0,477.67058823529413,477.67058823529413
2025-05-11 19:45:00+02:00,plant_1,2.02,117.11,89.13,32.93,150.04,122.06,47.3,74.7,0.0,DE_DA_price,DE_ID3_price,natural_gas_price,,87.88235294117648,83.54096470588236,2.5,2.02,0.3675257731958763,0.0,0.0,2.5,0.0,0.0,0.0,0.0,2.5,0.0,0.0,0.0,2.5,10.0,2.5,14.37,4.932,83.54096470588236,69.17096470588235,36.24096470588236,35.925,90.6024117647059,172.92741176470588,90.6024117647059,2.5,0.0,2.5,0.0,False,0.0,35.925,82.325,118.25,0.0,0.0,0.0,118.25,False,False,False,True,highs,2025-05-11_16:00_20:00,4.0,pay_as_bid,37.0,37.0,37.0,37.0,10.0,2.5,92.5,74.88870588235295,0.0,17.61129411764705,2.5,2.5,50.64538186408584,118.25,25.75,2.02,0.0,2.02,0.0,0.0,2.02,569.2479979301679,0.0,569.2479979301679
2025-05-11 20:00:00+02:00,plant_1,2.02,124.86,122.54,32.93,157.79,155.47,80.71000000000001,74.7,0.0,DE_DA_price,DE_ID3_price,natural_gas_price,,87.88235294117648,83.54096470588236,2.5,2.02,0.7349596649484537,0.0,0.0,2.5,0.0,0.0,0.0,0.0,2.5,0.0,0.0,0.0,2.5,10.0,2.5,47.78,3.267,83.54096470588236,35.76096470588236,2.8309647058823515,119.45,7.077411764705879,89.4024117647059,7.077411764705879,0.0,2.5,0.0,2.5,False,0.0,119.45,82.325,201.775,0.0,0.0,0.0,201.775,False,False,False,True,highs,2025-05-11_20:00_00:00,4.0,pay_as_bid,1.69,1.69,1.69,1.69,0.0,0.0,0.0,0.0,0.0,0.0,0.0,2.5,50.270449321481166,201.775,201.775,2.02,0.0,2.02,0.0,0.0,2.02,590.336234917293,0.0,590.336234917293
2025-05-11 20:15:00+02:00,plant_1,2.02,124.86,95.12,32.93,157.79,128.05,57.76,74.7,0.0,DE_DA_price,DE_ID3_price,natural_gas_price,,87.88235294117648,83.54096470588236,2.5,2.02,1.1023016982280929,0.0,0.0,2.5,0.0,0.0,0.0,0.0,2.5,0.0,0.0,0.0,2.5,10.0,2.5,24.83,7.375,83.54096470588236,58.71096470588236,25.78096470588236,62.074999999999996,64.4524117647059,146.7774117647059,64.4524117647059,0.0,2.5,0.0,2.5,False,0.0,62.074999999999996,82.325,144.4,0.0,0.0,0.0,144.4,False,False,False,True,highs,2025-05-11_20:00_00:00,4.0,pay_as_bid,1.69,1.69,1.69,1.69,0.0,0.0,0.0,0.0,0.0,0.0,0.0,2.5,49.895610512012155,144.4,144.4,2.02,0.0,2.02,0.0,0.0,2.02,595.1676143754413,0.0,595.1676143754413
2025-05-11 20:30:00+02:00,plant_1,2.02,124.86,82.9,32.93,157.79,115.83000000000001,33.63,74.7,0.0,DE_DA_price,DE_ID3_price,natural_gas_price,,87.88235294117648,83.54096470588236,2.5,2.02,1.4695518959994123,0.0,0.0,2.5,0.0,0.0,0.0,0.0,2.5,0.0,0.0,0.0,2.5,10.0,2.5,0.7,30.74,83.54096470588236,82.84096470588236,49.91096470588236,1.75,124.77741176470589,207.1024117647059,124.77741176470589,0.0,2.5,0.0,2.5,False,0.0,1.75,82.325,84.075,0.0,0.0,0.0,84.075,False,False,False,True,highs,2025-05-11_20:00_00:00,4.0,pay_as_bid,1.69,1.69,1.69,1.69,0.0,0.0,0.0,0.0,0.0,0.0,0.0,2.5,49.5208654122455,84.075,84.075,2.02,0.0,2.02,0.0,0.0,2.02,584.87848425,0.0,584.87848425
2025-05-11 20:45:00+02:00,plant_1,2.02,124.86,77.1,32.93,157.79,110.03,37.41,74.7,0.0,DE_DA_price,DE_ID3_price,natural_gas_price,,87.88235294117648,83.54096470588236,2.5,2.02,1.8367102812212888,0.0,0.0,2.5,0.0,0.0,0.0,0.0,2.5,0.0,0.0,0.0,2.5,10.0,2.5,4.48,18.652,83.54096470588236,79.06096470588236,46.13096470588236,11.200000000000001,115.32741176470591,197.6524117647059,115.32741176470591,0.0,2.5,0.0,2.5,False,0.0,11.200000000000001,82.325,93.525,0.0,0.0,0.0,93.525,False,False,False,True,highs,2025-05-11_20:00_00:00,4.0,pay_as_bid,1.69,1.69,1.69,1.69,0.0,0.0,0.0,0.0,0.0,0.0,0.0,2.5,49.146213998753794,93.525,93.525,2.02,0.0,2.02,0.0,0.0,2.02,566.7189116149539,0.0,566.7189116149539
2025-05-11 21:00:00+02:00,plant_1,2.02,109.55,100.73,32.93,142.48,133.66,71.9,74.7,0.0,DE_DA_price,DE_ID3_price,natural_gas_price,,87.88235294117648,83.54096470588236,1.133,2.02,0.8641168768468594,0.0,0.0,1.133,0.0,0.0,0.0,0.0,1.133,0.0,0.0,0.0,2.5,10.0,1.133,38.97,1.133,83.54096470588236,44.57096470588236,11.640964705882354,44.15301,13.189213011764707,50.49890301176472,13.189213011764707,0.0,2.5,0.0,1.133,False,0.0,44.15301,37.30969,81.46270000000001,0.0,0.0,0.0,81.46270000000001,False,False,False,True,highs,2025-05-11_20:00_00:00,4.0,pay_as_bid,1.69,1.69,1.69,1.69,0.0,0.0,0.0,0.0,0.0,0.0,0.0,2.5,50.13865624811545,81.46270000000001,81.46270000000001,2.02,0.0,2.02,0.0,0.0,2.02,252.2137728794978,0.0,252.2137728794978
2025-05-11 21:15:00+02:00,plant_1,2.02,109.55,91.49,32.93,142.48,124.41999999999999,59.44,74.7,0.0,DE_DA_price,DE_ID3_price,natural_gas_price,,87.88235294117648,83.54096470588236,2.5,2.02,1.231426620823524,0.0,0.0,2.5,0.0,0.0,0.0,0.0,2.5,0.0,0.0,0.0,2.5,10.0,2.5,26.51,6.665,83.54096470588236,57.030964705882354,24.10096470588236,66.275,60.252411764705904,142.5774117647059,60.252411764705904,0.0,2.5,0.0,2.5,False,0.0,66.275,82.325,148.60000000000002,0.0,0.0,0.0,148.60000000000002,False,False,False,True,highs,2025-05-11_20:00_00:00,4.0,pay_as_bid,1.69,1.69,1.69,1.69,0.0,0.0,0.0,0.0,0.0,0.0,0.0,2.5,49.76385038691477,148.60000000000002,148.60000000000002,2.02,0.0,2.02,0.0,0.0,2.02,548.9156602520056,0.0,548.9156602520056
2025-05-11 21:30:00+02:00,plant_1,2.02,109.55,85.94,32.93,142.48,118.87,93.52000000000001,74.7,0.0,DE_DA_price,DE_ID3_price,natural_gas_price,,87.88235294117648,83.54096470588236,0.0,1.1941852012432685,0.0,0.8258147987567315,0.9715468220667429,0.0,0.0,0.0,0.0,0.0,0.0,0.0,0.0,0.0,0.0,0.0,0.0,60.59,1.02,83.54096470588236,22.950964705882356,-9.97903529411765,0.0,0.0,0.0,0.0,0.0,0.0,0.0,0.0,False,0.0,0.0,0.0,0.0,0.0,72.5745476083857,0.0,72.5745476083857,False,False,False,False,highs,2025-05-11_20:00_00:00,4.0,pay_as_bid,1.69,1.69,1.69,1.69,0.0,0.0,0.0,0.0,0.0,0.0,0.0,2.5,51.02040816326531,72.5745476083857,72.5745476083857,2.02,0.0,2.02,0.0,0.8258147987567315,1.1941852012432685,0.0,195.28091123541532,195.28091123541532
2025-05-11 21:45:00+02:00,plant_1,2.02,109.55,72.88,32.93,142.48,105.81,96.57,74.7,0.0,DE_DA_price,DE_ID3_price,natural_gas_price,,87.88235294117648,83.54096470588236,0.0,0.0,0.0,2.02,2.376470588235294,0.0,0.0,0.0,0.0,0.0,0.0,0.0,0.0,0.0,0.0,0.0,0.0,63.64,0.365,83.54096470588236,19.90096470588236,-13.029035294117634,0.0,0.0,0.0,0.0,0.0,0.0,0.0,0.0,False,0.0,0.0,0.0,0.0,0.0,177.52235294117648,0.0,177.52235294117648,False,False,False,False,highs,2025-05-11_20:00_00:00,4.0,pay_as_bid,1.69,1.69,1.69,1.69,0.0,0.0,0.0,0.0,0.0,0.0,0.0,2.5,51.02040816326531,177.52235294117648,177.52235294117648,2.02,0.0,2.02,0.0,2.02,0.0,0.0,477.67058823529413,477.67058823529413
2025-05-11 22:00:00+02:00,plant_1,2.02,98.45,79.78,32.93,131.38,112.71000000000001,80.75,74.7,0.0,DE_DA_price,DE_ID3_price,natural_gas_price,,87.88235294117648,83.54096470588236,0.084,0.0798504,0.0,1.9401496,2.2825289411764706,0.084,0.0,0.0,0.0,0.0,0.084,0.0,0.0,0.0,2.5,10.0,0.084,47.82,0.084,83.54096470588236,35.72096470588236,2.7909647058823595,4.0168800000000005,0.23444103529411822,3.0005610352941186,0.23444103529411822,0.0,2.5,0.0,0.084,False,0.0,4.0168800000000005,2.7661200000000004,6.783000000000001,0.0,170.50491190588235,0.0,177.28791190588237,False,False,False,True,highs,2025-05-11_20:00_00:00,4.0,pay_as_bid,1.69,1.69,1.69,1.69,0.0,0.0,0.0,0.0,0.0,0.0,0.0,2.5,51.02040816326531,177.28791190588237,177.28791190588237,2.02,0.0,2.02,0.0,1.9401496,0.0798504,18.305087762569638,458.7883171764706,477.0934049390403
2025-05-11 22:15:00+02:00,plant_1,2.02,98.45,74.94,32.93,131.38,107.87,94.55,74.7,0.0,DE_DA_price,DE_ID3_price,natural_gas_price,,87.88235294117648,83.54096470588236,0.0,0.0,0.0,2.02,2.376470588235294,0.0,0.0,0.0,0.0,0.0,0.0,0.0,0.0,0.0,0.0,0.0,0.0,61.62,0.134,83.54096470588236,21.920964705882362,-11.009035294117638,0.0,0.0,0.0,0.0,0.0,0.0,0.0,0.0,False,0.0,0.0,0.0,0.0,0.0,177.52235294117648,0.0,177.52235294117648,False,False,False,False,highs,2025-05-11_20:00_00:00,4.0,pay_as_bid,1.69,1.69,1.69,1.69,0.0,0.0,0.0,0.0,0.0,0.0,0.0,2.5,51.02040816326531,177.52235294117648,177.52235294117648,2.02,0.0,2.02,0.0,2.02,0.0,0.0,477.67058823529413,477.67058823529413
2025-05-11 22:30:00+02:00,plant_1,2.02,98.45,72.34,32.93,131.38,105.27000000000001,71.65,74.7,0.0,DE_DA_price,DE_ID3_price,natural_gas_price,,87.88235294117648,83.54096470588236,0.245,0.23289699999999997,0.0,1.787103,2.102474117647059,0.245,0.0,0.0,0.0,0.0,0.245,0.0,0.0,0.0,2.5,10.0,0.245,38.72,0.245,83.54096470588236,44.82096470588236,11.890964705882354,9.4864,2.9132863529411765,10.981136352941178,2.9132863529411765,0.0,2.5,0.0,0.245,False,0.0,9.4864,8.06785,17.55425,0.0,157.05481658823533,0.0,174.60906658823532,False,False,False,True,highs,2025-05-11_20:00_00:00,4.0,pay_as_bid,1.69,1.69,1.69,1.69,0.0,0.0,0.0,0.0,0.0,0.0,0.0,2.5,51.02040816326531,174.60906658823532,174.60906658823532,2.02,0.0,2.02,0.0,1.787103,0.23289699999999997,52.876829503442096,422.5972976470589,475.474127150501
2025-05-11 22:45:00+02:00,plant_1,2.02,98.45,71.21,32.93,131.38,104.13999999999999,38.84,74.7,0.0,DE_DA_price,DE_ID3_price,natural_gas_price,,87.88235294117648,83.54096470588236,2.5,2.02,0.3675257731958763,0.0,0.0,2.5,0.0,0.0,0.0,0.0,2.5,0.0,0.0,0.0,2.5,10.0,2.5,5.91,2.989,83.54096470588236,77.63096470588236,44.700964705882356,14.775,111.7524117647059,194.07741176470591,111.7524117647059,0.0,2.5,0.0,2.5,False,0.0,14.775,82.325,97.10000000000001,0.0,0.0,0.0,97.10000000000001,False,False,False,True,highs,2025-05-11_20:00_00:00,4.0,pay_as_bid,1.69,1.69,1.69,1.69,0.0,0.0,0.0,0.0,0.0,0.0,0.0,2.5,50.64538186408584,97.10000000000001,97.10000000000001,2.02,0.0,2.02,0.0,0.0,2.02,538.0762355549178,0.0,538.0762355549178
2025-05-11 23:00:00+02:00,plant_1,2.01,84.68,75.82,32.93,117.61000000000001,108.75,74.87,74.7,0.0,DE_DA_price,DE_ID3_price,natural_gas_price,,87.88235294117648,83.54096470588236,2.5,2.01,0.7452689432989691,0.0,0.0,2.5,0.0,0.0,0.0,0.0,2.5,0.0,0.0,0.0,2.5,10.0,2.5,41.94,3.237,83.54096470588236,41.60096470588236,8.670964705882355,104.85,21.677411764705887,104.0024117647059,21.677411764705887,0.0,2.5,0.0,2.5,False,0.0,104.85,82.325,187.175,0.0,0.0,0.0,187.175,False,False,False,True,highs,2025-05-11_20:00_00:00,4.0,pay_as_bid,1.69,1.69,1.69,1.69,0.0,0.0,0.0,0.0,0.0,0.0,0.0,2.5,50.25992964969493,187.175,187.175,2.01,0.0,2.01,0.0,0.0,2.01,523.18995344384,0.0,523.18995344384
2025-05-11 23:15:00+02:00,plant_1,2.01,84.68,74.19,32.93,117.61000000000001,107.12,69.36,74.7,0.0,DE_DA_price,DE_ID3_price,natural_gas_price,,87.88235294117648,83.54096470588236,1.238,1.8995729472812497,0.0,0.11042705271875008,0.12991417966911775,1.238,0.0,0.0,0.0,0.0,1.238,0.0,0.0,0.0,2.5,10.0,1.238,36.43,1.238,83.54096470588236,47.11096470588236,14.18096470588236,45.10034,17.55603430588236,58.32337430588236,17.55603430588236,0.0,2.5,0.0,1.238,False,0.0,45.10034,40.76734,85.86768000000001,0.0,9.704589221283097,0.0,95.57226922128311,False,False,False,True,highs,2025-05-11_20:00_00:00,4.0,pay_as_bid,1.69,1.69,1.69,1.69,0.0,0.0,0.0,0.0,0.0,0.0,0.0,2.5,51.02040816326531,95.57226922128311,95.57226922128311,2.01,0.0,2.01,0.0,0.11042705271875008,1.8995729472812497,258.18303508990374,26.11275011349267,284.2957852033964
2025-05-11 23:30:00+02:00,plant_1,2.01,84.68,72.55,32.93,117.61000000000001,105.47999999999999,70.03999999999999,74.7,0.0,DE_DA_price,DE_ID3_price,natural_gas_price,,87.88235294117648,83.54096470588236,1.869,1.7766714,0.0,0.2333286000000001,0.27450423529411777,1.869,0.0,0.0,0.0,0.0,1.869,0.0,0.0,0.0,2.5,10.0,1.869,37.11,1.869,83.54096470588236,46.43096470588236,13.500964705882367,69.35858999999999,25.233303035294146,86.77947303529413,25.233303035294146,0.0,2.5,0.0,1.869,False,0.0,69.35858999999999,61.54617,130.90475999999998,0.0,20.505466376470597,0.0,151.41022637647058,False,False,False,True,highs,2025-05-11_20:00_00:00,4.0,pay_as_bid,1.69,1.69,1.69,1.69,0.0,0.0,0.0,0.0,0.0,0.0,0.0,2.5,51.02040816326531,151.41022637647058,151.41022637647058,2.01,0.0,2.01,0.0,0.2333286000000001,1.7766714,395.4762656921632,55.175351294117675,450.6516169862809
2025-05-11 23:45:00+02:00,plant_1,2.01,84.68,71.62,32.93,117.61000000000001,104.55000000000001,54.870000000000005,74.7,0.0,DE_DA_price,DE_ID3_price,natural_gas_price,,87.88235294117648,83.54096470588236,2.5,2.01,0.37783505154639174,0.0,0.0,2.5,0.0,0.0,0.0,0.0,2.5,0.0,0.0,0.0,2.5,10.0,2.5,21.94,5.965,83.54096470588236,61.60096470588236,28.670964705882355,54.85,71.67741176470588,154.0024117647059,71.67741176470588,0.0,2.5,0.0,2.5,False,0.0,54.85,82.325,137.175,0.0,0.0,0.0,137.175,False,False,False,True,highs,2025-05-11_20:00_00:00,4.0,pay_as_bid,1.69,1.69,1.69,1.69,0.0,0.0,0.0,0.0,0.0,0.0,0.0,2.5,50.6348621922996,137.175,137.175,2.01,0.0,2.01,0.0,0.0,2.01,540.2397682194604,0.0,540.2397682194604
2025-05-12 00:00:00+02:00,plant_1,2.01,86.0,76.59,32.93,118.93,109.52000000000001,96.25,74.7,0.0,DE_DA_price,DE_ID3_price,natural_gas_price,,87.88235294117648,83.54096470588236,0.0,0.36640837499999995,0.0,1.6435916249999998,1.9336372058823528,0.0,0.0,0.0,0.0,0.0,0.0,0.0,0.0,0.0,0.0,0.0,0.0,63.32,0.832,83.54096470588236,20.22096470588236,-12.70903529411764,0.0,0.0,0.0,0.0,0.0,0.0,0.0,0.0,False,0.0,0.0,0.0,0.0,0.0,144.44269927941176,0.0,144.44269927941176,False,False,False,False,highs,2025-05-12_00:00_04:00,4.0,pay_as_bid,8.76,8.76,8.76,8.76,0.0,0.0,0.0,0.0,0.0,0.0,0.0,2.5,51.02040816326531,144.44269927941176,144.44269927941176,1.6435916249999998,0.36640837499999995,1.6435916249999998,0.36640837499999995,1.6435916249999998,0.36640837499999995,0.0,388.6610783823529,388.6610783823529
2025-05-12 00:15:00+02:00,plant_1,2.01,86.0,75.08,32.93,118.93,108.00999999999999,104.16999999999999,74.7,0.0,DE_DA_price,DE_ID3_price,natural_gas_price,,87.88235294117648,83.54096470588236,0.0,0.0,0.0,2.01,2.3647058823529408,0.0,0.0,0.0,0.0,0.0,0.0,0.0,0.0,0.0,0.0,0.0,0.0,71.24,0.069,83.54096470588236,12.300964705882365,-20.629035294117628,0.0,0.0,0.0,0.0,0.0,0.0,0.0,0.0,False,0.0,0.0,0.0,0.0,0.0,176.6435294117647,0.0,176.6435294117647,False,False,False,False,highs,2025-05-12_00:00_04:00,4.0,pay_as_bid,8.76,8.76,8.76,8.76,0.0,0.0,0.0,0.0,0.0,0.0,0.0,2.5,51.02040816326531,176.6435294117647,176.6435294117647,2.01,0.0,2.01,0.0,2.01,0.0,0.0,475.30588235294107,475.30588235294107
2025-05-12 00:30:00+02:00,plant_1,2.01,86.0,82.65,32.93,118.93,115.58000000000001,102.28999999999999,74.7,0.0,DE_DA_price,DE_ID3_price,natural_gas_price,,87.88235294117648,83.54096470588236,0.0,0.0,0.0,2.01,2.3647058823529408,0.0,0.0,0.0,0.0,0.0,0.0,0.0,0.0,0.0,0.0,0.0,0.0,69.36,0.078,83.54096470588236,14.18096470588236,-18.749035294117633,0.0,0.0,0.0,0.0,0.0,0.0,0.0,0.0,False,0.0,0.0,0.0,0.0,0.0,176.6435294117647,0.0,176.6435294117647,False,False,False,False,highs,2025-05-12_00:00_04:00,4.0,pay_as_bid,8.76,8.76,8.76,8.76,0.0,0.0,0.0,0.0,0.0,0.0,0.0,2.5,51.02040816326531,176.6435294117647,176.6435294117647,2.01,0.0,2.01,0.0,2.01,0.0,0.0,475.30588235294107,475.30588235294107
2025-05-12 00:45:00+02:00,plant_1,2.01,86.0,83.49,32.93,118.93,116.41999999999999,74.31,74.7,0.0,DE_DA_price,DE_ID3_price,natural_gas_price,,87.88235294117648,83.54096470588236,2.5,2.01,0.37783505154639174,0.0,0.0,2.5,0.0,0.0,0.0,0.0,2.5,0.0,0.0,0.0,2.5,10.0,2.5,41.38,2.503,83.54096470588236,42.16096470588236,9.230964705882357,103.45,23.077411764705893,105.40241176470589,23.077411764705893,0.0,2.5,0.0,2.5,False,0.0,103.45,82.325,185.775,0.0,0.0,0.0,185.775,False,False,False,True,highs,2025-05-12_00:00_04:00,4.0,pay_as_bid,8.76,8.76,8.76,8.76,0.0,0.0,0.0,0.0,0.0,0.0,0.0,2.5,50.6348621922996,185.775,185.775,2.01,0.0,2.01,0.0,0.0,2.01,564.9440706434236,0.0,564.9440706434236
2025-05-12 01:00:00+02:00,plant_1,2.0875,81.28,76.32,32.93,114.21000000000001,109.25,104.1,74.7,0.0,DE_DA_price,DE_ID3_price,natural_gas_price,,87.88235294117648,83.54096470588236,0.0,0.36640837499999995,0.0,1.721091625,2.024813676470588,0.0,0.0,0.0,0.0,0.0,0.0,0.0,0.0,0.0,0.0,0.0,0.0,71.17,0.147,83.54096470588236,12.370964705882358,-20.559035294117635,0.0,0.0,0.0,0.0,0.0,0.0,0.0,0.0,False,0.0,0.0,0.0,0.0,0.0,151.25358163235293,0.0,151.25358163235293,False,False,False,False,highs,2025-05-12_00:00_04:00,4.0,pay_as_bid,8.76,8.76,8.76,8.76,0.0,0.0,0.0,0.0,0.0,0.0,0.0,2.5,51.02040816326531,151.25358163235293,151.25358163235293,2.0875,0.0,2.0875,0.0,1.721091625,0.36640837499999995,0.0,406.9875489705882,406.9875489705882
2025-05-12 01:15:00+02:00,plant_1,2.0875,81.28,78.73,32.93,114.21000000000001,111.66,32.93,74.7,0.0,DE_DA_price,DE_ID3_price,natural_gas_price,,87.88235294117648,83.54096470588236,0.0,0.0,0.0,2.0875,2.4558823529411766,0.0,0.0,0.0,0.0,0.0,0.0,0.0,0.0,0.0,0.0,0.0,0.0,0.0,0.0,83.54096470588236,83.54096470588236,50.61096470588236,0.0,0.0,0.0,0.0,0.0,0.0,0.0,0.0,False,0.0,0.0,0.0,0.0,0.0,183.4544117647059,0.0,183.4544117647059,False,False,False,False,highs,2025-05-12_00:00_04:00,4.0,pay_as_bid,8.76,8.76,8.76,8.76,0.0,0.0,0.0,0.0,0.0,0.0,0.0,2.5,51.02040816326531,183.4544117647059,183.4544117647059,2.0875,0.0,2.0875,0.0,2.0875,0.0,0.0,493.6323529411765,493.6323529411765
2025-05-12 01:30:00+02:00,plant_1,2.0875,81.28,82.32,32.93,114.21000000000001,115.25,32.93,74.7,0.0,DE_DA_price,DE_ID3_price,natural_gas_price,,87.88235294117648,83.54096470588236,0.0,0.0,0.0,2.0875,2.4558823529411766,0.0,0.0,0.0,0.0,0.0,0.0,0.0,0.0,0.0,0.0,0.0,0.0,0.0,0.0,83.54096470588236,83.54096470588236,50.61096470588236,0.0,0.0,0.0,0.0,0.0,0.0,0.0,0.0,False,0.0,0.0,0.0,0.0,0.0,183.4544117647059,0.0,183.4544117647059,False,False,False,False,highs,2025-05-12_00:00_04:00,4.0,pay_as_bid,8.76,8.76,8.76,8.76,0.0,0.0,0.0,0.0,0.0,0.0,0.0,2.5,51.02040816326531,183.4544117647059,183.4544117647059,2.0875,0.0,2.0875,0.0,2.0875,0.0,0.0,493.6323529411765,493.6323529411765
2025-05-12 01:45:00+02:00,plant_1,2.0875,81.28,85.63,32.93,114.21000000000001,118.56,32.93,74.7,0.0,DE_DA_price,DE_ID3_price,natural_gas_price,,87.88235294117648,83.54096470588236,0.0,0.0,0.0,2.0875,2.4558823529411766,0.0,0.0,0.0,0.0,0.0,0.0,0.0,0.0,0.0,0.0,0.0,0.0,0.0,0.0,83.54096470588236,83.54096470588236,50.61096470588236,0.0,0.0,0.0,0.0,0.0,0.0,0.0,0.0,False,0.0,0.0,0.0,0.0,0.0,183.4544117647059,0.0,183.4544117647059,False,False,False,False,highs,2025-05-12_00:00_04:00,4.0,pay_as_bid,8.76,8.76,8.76,8.76,0.0,0.0,0.0,0.0,0.0,0.0,0.0,2.5,51.02040816326531,183.4544117647059,183.4544117647059,2.0875,0.0,2.0875,0.0,2.0875,0.0,0.0,493.6323529411765,493.6323529411765
2025-05-12 02:00:00+02:00,plant_1,2.0875,80.95,79.48,32.93,113.88,112.41,32.93,74.7,0.0,DE_DA_price,DE_ID3_price,natural_gas_price,,87.88235294117648,83.54096470588236,0.0,0.0,0.0,2.0875,2.4558823529411766,0.0,0.0,0.0,0.0,0.0,0.0,0.0,0.0,0.0,0.0,0.0,0.0,0.0,0.0,83.54096470588236,83.54096470588236,50.61096470588236,0.0,0.0,0.0,0.0,0.0,0.0,0.0,0.0,False,0.0,0.0,0.0,0.0,0.0,183.4544117647059,0.0,183.4544117647059,False,False,False,False,highs,2025-05-12_00:00_04:00,4.0,pay_as_bid,8.76,8.76,8.76,8.76,0.0,0.0,0.0,0.0,0.0,0.0,0.0,2.5,51.02040816326531,183.4544117647059,183.4544117647059,2.0875,0.0,2.0875,0.0,2.0875,0.0,0.0,493.6323529411765,493.6323529411765
2025-05-12 02:15:00+02:00,plant_1,2.0875,80.95,81.67,32.93,113.88,114.6,32.93,74.7,0.0,DE_DA_price,DE_ID3_price,natural_gas_price,,87.88235294117648,83.54096470588236,0.0,0.0,0.0,2.0875,2.4558823529411766,0.0,0.0,0.0,0.0,0.0,0.0,0.0,0.0,0.0,0.0,0.0,0.0,0.0,0.0,83.54096470588236,83.54096470588236,50.61096470588236,0.0,0.0,0.0,0.0,0.0,0.0,0.0,0.0,False,0.0,0.0,0.0,0.0,0.0,183.4544117647059,0.0,183.4544117647059,False,False,False,False,highs,2025-05-12_00:00_04:00,4.0,pay_as_bid,8.76,8.76,8.76,8.76,0.0,0.0,0.0,0.0,0.0,0.0,0.0,2.5,51.02040816326531,183.4544117647059,183.4544117647059,2.0875,0.0,2.0875,0.0,2.0875,0.0,0.0,493.6323529411765,493.6323529411765
2025-05-12 02:30:00+02:00,plant_1,2.0875,80.95,101.31,32.93,113.88,134.24,32.93,74.7,0.0,DE_DA_price,DE_ID3_price,natural_gas_price,,87.88235294117648,83.54096470588236,0.0,0.0,0.0,2.0875,2.4558823529411766,0.0,0.0,0.0,0.0,0.0,0.0,0.0,0.0,0.0,0.0,0.0,0.0,0.0,0.0,83.54096470588236,83.54096470588236,50.61096470588236,0.0,0.0,0.0,0.0,0.0,0.0,0.0,0.0,False,0.0,0.0,0.0,0.0,0.0,183.4544117647059,0.0,183.4544117647059,False,False,False,False,highs,2025-05-12_00:00_04:00,4.0,pay_as_bid,8.76,8.76,8.76,8.76,0.0,0.0,0.0,0.0,0.0,0.0,0.0,2.5,51.02040816326531,183.4544117647059,183.4544117647059,2.0875,0.0,2.0875,0.0,2.0875,0.0,0.0,493.6323529411765,493.6323529411765
2025-05-12 02:45:00+02:00,plant_1,2.0875,80.95,105.83,32.93,113.88,138.76,32.93,74.7,0.0,DE_DA_price,DE_ID3_price,natural_gas_price,,87.88235294117648,83.54096470588236,0.0,0.0,0.0,2.0875,2.4558823529411766,0.0,0.0,0.0,0.0,0.0,0.0,0.0,0.0,0.0,0.0,0.0,0.0,0.0,0.0,83.54096470588236,83.54096470588236,50.61096470588236,0.0,0.0,0.0,0.0,0.0,0.0,0.0,0.0,False,0.0,0.0,0.0,0.0,0.0,183.4544117647059,0.0,183.4544117647059,False,False,False,False,highs,2025-05-12_00:00_04:00,4.0,pay_as_bid,8.76,8.76,8.76,8.76,0.0,0.0,0.0,0.0,0.0,0.0,0.0,2.5,51.02040816326531,183.4544117647059,183.4544117647059,2.0875,0.0,2.0875,0.0,2.0875,0.0,0.0,493.6323529411765,493.6323529411765
2025-05-12 03:00:00+02:00,plant_1,2.0875,81.48,84.69,32.93,114.41,117.62,32.93,74.7,0.0,DE_DA_price,DE_ID3_price,natural_gas_price,,87.88235294117648,83.54096470588236,0.0,0.0,0.0,2.0875,2.4558823529411766,0.0,0.0,0.0,0.0,0.0,0.0,0.0,0.0,0.0,0.0,0.0,0.0,0.0,0.0,83.54096470588236,83.54096470588236,50.61096470588236,0.0,0.0,0.0,0.0,0.0,0.0,0.0,0.0,False,0.0,0.0,0.0,0.0,0.0,183.4544117647059,0.0,183.4544117647059,False,False,False,False,highs,2025-05-12_00:00_04:00,4.0,pay_as_bid,8.76,8.76,8.76,8.76,0.0,0.0,0.0,0.0,0.0,0.0,0.0,2.5,51.02040816326531,183.4544117647059,183.4544117647059,2.0875,0.0,2.0875,0.0,2.0875,0.0,0.0,493.6323529411765,493.6323529411765
2025-05-12 03:15:00+02:00,plant_1,2.0875,81.48,92.85,32.93,114.41,125.78,32.93,74.7,0.0,DE_DA_price,DE_ID3_price,natural_gas_price,,87.88235294117648,83.54096470588236,0.0,0.0,0.0,2.0875,2.4558823529411766,0.0,0.0,0.0,0.0,0.0,0.0,0.0,0.0,0.0,0.0,0.0,0.0,0.0,0.0,83.54096470588236,83.54096470588236,50.61096470588236,0.0,0.0,0.0,0.0,0.0,0.0,0.0,0.0,False,0.0,0.0,0.0,0.0,0.0,183.4544117647059,0.0,183.4544117647059,False,False,False,False,highs,2025-05-12_00:00_04:00,4.0,pay_as_bid,8.76,8.76,8.76,8.76,0.0,0.0,0.0,0.0,0.0,0.0,0.0,2.5,51.02040816326531,183.4544117647059,183.4544117647059,2.0875,0.0,2.0875,0.0,2.0875,0.0,0.0,493.6323529411765,493.6323529411765
2025-05-12 03:30:00+02:00,plant_1,2.0875,81.48,101.08,32.93,114.41,134.01,32.93,74.7,0.0,DE_DA_price,DE_ID3_price,natural_gas_price,,87.88235294117648,83.54096470588236,0.0,0.0,0.0,2.0875,2.4558823529411766,0.0,0.0,0.0,0.0,0.0,0.0,0.0,0.0,0.0,0.0,0.0,0.0,0.0,0.0,83.54096470588236,83.54096470588236,50.61096470588236,0.0,0.0,0.0,0.0,0.0,0.0,0.0,0.0,False,0.0,0.0,0.0,0.0,0.0,183.4544117647059,0.0,183.4544117647059,False,False,False,False,highs,2025-05-12_00:00_04:00,4.0,pay_as_bid,8.76,8.76,8.76,8.76,0.0,0.0,0.0,0.0,0.0,0.0,0.0,2.5,51.02040816326531,183.4544117647059,183.4544117647059,2.0875,0.0,2.0875,0.0,2.0875,0.0,0.0,493.6323529411765,493.6323529411765
2025-05-12 03:45:00+02:00,plant_1,2.0875,81.48,112.65,32.93,114.41,145.58,68.35,74.7,0.0,DE_DA_price,DE_ID3_price,natural_gas_price,,87.88235294117648,83.54096470588236,0.243,0.23099579999999997,0.0,1.8565042,2.184122588235294,0.243,0.0,0.0,0.0,0.0,0.243,0.0,0.0,0.0,2.5,10.0,0.243,35.42,0.243,83.54096470588236,48.12096470588236,15.190964705882365,8.60706,3.6914044235294146,11.693394423529412,3.6914044235294146,0.0,2.5,0.0,0.243,False,0.0,8.60706,8.00199,16.60905,0.0,163.15395734117646,0.0,179.76300734117646,False,False,False,True,highs,2025-05-12_00:00_04:00,4.0,pay_as_bid,8.76,8.76,8.76,8.76,0.0,0.0,0.0,0.0,0.0,0.0,0.0,2.5,51.02040816326531,179.76300734117646,179.76300734117646,2.0875,0.0,2.0875,0.0,1.8565042,0.23099579999999997,60.59638894272676,439.00864023529414,499.6050291780209
2025-05-12 04:00:00+02:00,plant_1,2.0875,84.65,98.9,32.93,117.58000000000001,131.83,71.93,74.7,0.0,DE_DA_price,DE_ID3_price,natural_gas_price,,87.88235294117648,83.54096470588236,0.257,0.2443042,0.0,1.8431958,2.1684656470588237,0.257,0.0,0.0,0.0,0.0,0.257,0.0,0.0,0.0,2.5,10.0,0.257,39.0,0.257,83.54096470588236,44.54096470588236,11.610964705882353,10.023,2.9840179294117646,11.447027929411767,2.9840179294117646,0.0,2.5,0.0,0.257,False,0.0,10.023,8.46301,18.48601,0.0,161.98438383529412,0.0,180.47039383529412,False,False,False,True,highs,2025-05-12_04:00_08:00,4.0,pay_as_bid,31.04,31.04,31.04,31.04,0.0,0.0,0.0,0.0,0.0,0.0,0.0,2.5,51.02040816326531,180.47039383529412,180.47039383529412,2.0875,0.0,2.0875,0.0,1.8431958,0.2443042,65.40893841623266,435.8615950588236,501.27053347505625
2025-05-12 04:15:00+02:00,plant_1,2.0875,84.65,123.49,32.93,117.58000000000001,156.42,32.93,74.7,0.0,DE_DA_price,DE_ID3_price,natural_gas_price,,87.88235294117648,83.54096470588236,0.0,0.0,0.0,2.0875,2.4558823529411766,0.0,0.0,0.0,0.0,0.0,0.0,0.0,0.0,0.0,0.0,0.0,0.0,0.0,0.0,83.54096470588236,83.54096470588236,50.61096470588236,0.0,0.0,0.0,0.0,0.0,0.0,0.0,0.0,False,0.0,0.0,0.0,0.0,0.0,183.4544117647059,0.0,183.4544117647059,False,False,False,False,highs,2025-05-12_04:00_08:00,4.0,pay_as_bid,31.04,31.04,31.04,31.04,0.0,0.0,0.0,0.0,0.0,0.0,0.0,2.5,51.02040816326531,183.4544117647059,183.4544117647059,2.0875,0.0,2.0875,0.0,2.0875,0.0,0.0,493.6323529411765,493.6323529411765
2025-05-12 04:30:00+02:00,plant_1,2.0875,84.65,144.06,32.93,117.58000000000001,176.99,32.93,74.7,0.0,DE_DA_price,DE_ID3_price,natural_gas_price,,87.88235294117648,83.54096470588236,0.0,0.0,0.0,2.0875,2.4558823529411766,0.0,0.0,0.0,0.0,0.0,0.0,0.0,0.0,0.0,0.0,0.0,0.0,0.0,0.0,83.54096470588236,83.54096470588236,50.61096470588236,0.0,0.0,0.0,0.0,0.0,0.0,0.0,0.0,False,0.0,0.0,0.0,0.0,0.0,183.4544117647059,0.0,183.4544117647059,False,False,False,False,highs,2025-05-12_04:00_08:00,4.0,pay_as_bid,31.04,31.04,31.04,31.04,0.0,0.0,0.0,0.0,0.0,0.0,0.0,2.5,51.02040816326531,183.4544117647059,183.4544117647059,2.0875,0.0,2.0875,0.0,2.0875,0.0,0.0,493.6323529411765,493.6323529411765
2025-05-12 04:45:00+02:00,plant_1,2.0875,84.65,139.72,32.93,117.58000000000001,172.65,41.97,74.7,0.0,DE_DA_price,DE_ID3_price,natural_gas_price,,87.88235294117648,83.54096470588236,2.5,2.0875,0.29793814432989674,0.0,0.0,2.5,0.0,0.0,0.0,0.0,2.5,0.0,0.0,0.0,2.5,10.0,2.5,9.04,3.619,83.54096470588236,74.50096470588235,41.57096470588236,22.599999999999998,103.92741176470591,186.25241176470587,103.92741176470591,0.0,2.5,0.0,2.5,False,0.0,22.599999999999998,82.325,104.925,0.0,0.0,0.0,104.925,False,False,False,True,highs,2025-05-12_04:00_08:00,4.0,pay_as_bid,31.04,31.04,31.04,31.04,0.0,0.0,0.0,0.0,0.0,0.0,0.0,2.5,50.71638964864296,104.925,104.925,2.0875,0.0,2.0875,0.0,0.0,2.0875,649.2547876824541,0.0,649.2547876824541
2025-05-12 05:00:00+02:00,plant_1,2.0875,97.71,281.41,32.93,130.64,314.34000000000003,110.35,74.7,0.0,DE_DA_price,DE_ID3_price,natural_gas_price,,87.88235294117648,83.54096470588236,0.0,0.2889277499999998,0.0,1.79857225,2.1159673529411767,0.0,0.0,0.0,0.0,0.0,0.0,0.0,0.0,0.0,0.0,0.0,0.0,77.42,0.023,83.54096470588236,6.120964705882358,-26.809035294117635,0.0,0.0,0.0,0.0,0.0,0.0,0.0,0.0,False,0.0,0.0,0.0,0.0,0.0,158.0627612647059,0.0,158.0627612647059,False,False,False,False,highs,2025-05-12_04:00_08:00,4.0,pay_as_bid,31.04,31.04,31.04,31.04,0.0,0.0,0.0,0.0,0.0,0.0,0.0,2.5,51.02040816326531,158.0627612647059,158.0627612647059,2.0875,0.0,2.0875,0.0,1.79857225,0.2889277499999998,0.0,425.3094379411765,425.3094379411765
2025-05-12 05:15:00+02:00,plant_1,2.0875,97.71,175.7,32.93,130.64,208.63,32.93,74.7,0.0,DE_DA_price,DE_ID3_price,natural_gas_price,,87.88235294117648,83.54096470588236,0.0,0.0,0.0,2.0875,2.4558823529411766,0.0,0.0,0.0,0.0,0.0,0.0,0.0,0.0,0.0,0.0,0.0,0.0,0.0,0.0,83.54096470588236,83.54096470588236,50.61096470588236,0.0,0.0,0.0,0.0,0.0,0.0,0.0,0.0,False,0.0,0.0,0.0,0.0,0.0,183.4544117647059,0.0,183.4544117647059,False,False,False,False,highs,2025-05-12_04:00_08:00,4.0,pay_as_bid,31.04,31.04,31.04,31.04,0.0,0.0,0.0,0.0,0.0,0.0,0.0,2.5,51.02040816326531,183.4544117647059,183.4544117647059,2.0875,0.0,2.0875,0.0,2.0875,0.0,0.0,493.6323529411765,493.6323529411765
2025-05-12 05:30:00+02:00,plant_1,2.0875,97.71,127.41,32.93,130.64,160.34,32.93,74.7,0.0,DE_DA_price,DE_ID3_price,natural_gas_price,,87.88235294117648,83.54096470588236,0.0,0.0,0.0,2.0875,2.4558823529411766,0.0,0.0,0.0,0.0,0.0,0.0,0.0,0.0,0.0,0.0,0.0,0.0,0.0,0.0,83.54096470588236,83.54096470588236,50.61096470588236,0.0,0.0,0.0,0.0,0.0,0.0,0.0,0.0,False,0.0,0.0,0.0,0.0,0.0,183.4544117647059,0.0,183.4544117647059,False,False,False,False,highs,2025-05-12_04:00_08:00,4.0,pay_as_bid,31.04,31.04,31.04,31.04,0.0,0.0,0.0,0.0,0.0,0.0,0.0,2.5,51.02040816326531,183.4544117647059,183.4544117647059,2.0875,0.0,2.0875,0.0,2.0875,0.0,0.0,493.6323529411765,493.6323529411765
2025-05-12 05:45:00+02:00,plant_1,2.0875,97.71,105.14,32.93,130.64,138.07,32.93,74.7,0.0,DE_DA_price,DE_ID3_price,natural_gas_price,,87.88235294117648,83.54096470588236,0.0,0.0,0.0,2.0875,2.4558823529411766,0.0,0.0,0.0,0.0,0.0,0.0,0.0,0.0,0.0,0.0,0.0,0.0,0.0,0.0,83.54096470588236,83.54096470588236,50.61096470588236,0.0,0.0,0.0,0.0,0.0,0.0,0.0,0.0,False,0.0,0.0,0.0,0.0,0.0,183.4544117647059,0.0,183.4544117647059,False,False,False,False,highs,2025-05-12_04:00_08:00,4.0,pay_as_bid,31.04,31.04,31.04,31.04,0.0,0.0,0.0,0.0,0.0,0.0,0.0,2.5,51.02040816326531,183.4544117647059,183.4544117647059,2.0875,0.0,2.0875,0.0,2.0875,0.0,0.0,493.6323529411765,493.6323529411765
2025-05-12 06:00:00+02:00,plant_1,2.0875,137.05,137.37,32.93,169.98000000000002,170.3,32.93,74.7,0.0,DE_DA_price,DE_ID3_price,natural_gas_price,,87.88235294117648,83.54096470588236,0.0,0.0,0.0,2.0875,2.4558823529411766,0.0,0.0,0.0,0.0,0.0,0.0,0.0,0.0,0.0,0.0,0.0,0.0,0.0,0.0,83.54096470588236,83.54096470588236,50.61096470588236,0.0,0.0,0.0,0.0,0.0,0.0,0.0,0.0,False,0.0,0.0,0.0,0.0,0.0,183.4544117647059,0.0,183.4544117647059,False,False,False,False,highs,2025-05-12_04:00_08:00,4.0,pay_as_bid,31.04,31.04,31.04,31.04,0.0,0.0,0.0,0.0,0.0,0.0,0.0,2.5,51.02040816326531,183.4544117647059,183.4544117647059,2.0875,0.0,2.0875,0.0,2.0875,0.0,0.0,493.6323529411765,493.6323529411765
2025-05-12 06:15:00+02:00,plant_1,2.0875,137.05,111.26,32.93,169.98000000000002,144.19,83.47999999999999,74.7,0.0,DE_DA_price,DE_ID3_price,natural_gas_price,,87.88235294117648,83.54096470588236,0.908,0.8631447999999998,0.0,1.2243552000000002,1.4404178823529414,0.908,0.0,0.0,0.0,0.0,0.908,0.0,0.0,0.0,2.5,10.0,0.908,50.55,0.908,83.54096470588236,32.99096470588236,0.060964705882369685,45.8994,0.05535595294119167,29.955795952941187,0.05535595294119167,0.0,2.5,0.0,0.908,False,0.0,45.8994,29.90044,75.79984,0.0,107.59921581176474,0.0,183.39905581176475,False,False,False,True,highs,2025-05-12_04:00_08:00,4.0,pay_as_bid,31.04,31.04,31.04,31.04,0.0,0.0,0.0,0.0,0.0,0.0,0.0,2.5,51.02040816326531,183.39905581176475,183.39905581176475,2.0875,0.0,2.0875,0.0,1.2243552000000002,0.8631447999999998,218.19881323558772,289.5239943529412,507.7228075885289
2025-05-12 06:30:00+02:00,plant_1,2.0875,137.05,91.13,32.93,169.98000000000002,124.06,60.17,74.7,0.0,DE_DA_price,DE_ID3_price,natural_gas_price,,87.88235294117648,83.54096470588236,2.5,2.0875,0.29793814432989674,0.0,0.0,2.5,0.0,0.0,0.0,0.0,2.5,0.0,0.0,0.0,2.5,10.0,2.5,27.24,18.272,83.54096470588236,56.300964705882365,23.370964705882358,68.1,58.427411764705894,140.75241176470593,58.427411764705894,0.0,2.5,0.0,2.5,False,0.0,68.1,82.325,150.425,0.0,0.0,0.0,150.425,False,False,False,True,highs,2025-05-12_04:00_08:00,4.0,pay_as_bid,31.04,31.04,31.04,31.04,0.0,0.0,0.0,0.0,0.0,0.0,0.0,2.5,50.71638964864296,150.425,150.425,2.0875,0.0,2.0875,0.0,0.0,2.0875,589.532368620618,0.0,589.532368620618
2025-05-12 06:45:00+02:00,plant_1,2.0875,137.05,66.63,32.93,169.98000000000002,99.56,40.47,74.7,0.0,DE_DA_price,DE_ID3_price,natural_gas_price,,87.88235294117648,83.54096470588236,2.5,2.0875,0.595801804123711,0.0,0.0,2.5,0.0,0.0,0.0,0.0,2.5,0.0,0.0,0.0,2.5,10.0,2.5,7.54,40.087,83.54096470588236,76.00096470588235,43.07096470588236,18.85,107.67741176470591,190.00241176470587,107.67741176470591,0.0,2.5,0.0,2.5,False,0.0,18.85,82.325,101.17500000000001,0.0,0.0,0.0,101.17500000000001,False,False,False,True,highs,2025-05-12_04:00_08:00,4.0,pay_as_bid,31.04,31.04,31.04,31.04,0.0,0.0,0.0,0.0,0.0,0.0,0.0,2.5,50.41244713864928,101.17500000000001,101.17500000000001,2.0875,0.0,2.0875,0.0,0.0,2.0875,577.3899693163507,0.0,577.3899693163507
2025-05-12 07:00:00+02:00,plant_1,2.135,141.15,104.02,32.93,174.08,136.95,62.05,74.7,0.0,DE_DA_price,DE_ID3_price,natural_gas_price,,87.88235294117648,83.54096470588236,2.5,2.135,0.8446219258376285,0.0,0.0,2.5,0.0,0.0,0.0,0.0,2.5,0.0,0.0,0.0,2.5,10.0,2.5,29.12,21.286,83.54096470588236,54.420964705882355,21.490964705882362,72.8,53.727411764705906,136.05241176470588,53.727411764705906,0.0,2.5,0.0,2.5,False,0.0,72.8,82.325,155.125,0.0,0.0,0.0,155.125,False,False,False,True,highs,2025-05-12_04:00_08:00,4.0,pay_as_bid,31.04,31.04,31.04,31.04,0.0,0.0,0.0,0.0,0.0,0.0,0.0,2.5,50.15854905526773,155.125,155.125,2.135,0.0,2.135,0.0,0.0,2.135,559.380326996461,0.0,559.380326996461
2025-05-12 07:15:00+02:00,plant_1,2.135,141.15,84.61,32.93,174.08,117.53999999999999,47.37,74.7,0.0,DE_DA_price,DE_ID3_price,natural_gas_price,,87.88235294117648,83.54096470588236,2.5,2.135,1.0933798425211176,0.0,0.0,2.5,0.0,0.0,0.0,0.0,2.5,0.0,0.0,0.0,2.5,10.0,2.5,14.44,25.841,83.54096470588236,69.10096470588236,36.17096470588236,36.1,90.42741176470591,172.7524117647059,90.42741176470591,0.0,2.5,0.0,2.5,False,0.0,36.1,82.325,118.42500000000001,0.0,0.0,0.0,118.42500000000001,False,False,False,True,highs,2025-05-12_04:00_08:00,4.0,pay_as_bid,31.04,31.04,31.04,31.04,0.0,0.0,0.0,0.0,0.0,0.0,0.0,2.5,49.90471444640703,118.42500000000001,118.42500000000001,2.135,0.0,2.135,0.0,0.0,2.135,552.0623526547768,0.0,552.0623526547768
2025-05-12 07:30:00+02:00,plant_1,2.135,141.15,63.24,32.93,174.08,96.17,71.72,74.7,0.0,DE_DA_price,DE_ID3_price,natural_gas_price,,87.88235294117648,83.54096470588236,2.5,2.135,1.3420755697254358,0.0,0.0,2.5,0.0,0.0,0.0,0.0,2.5,0.0,0.0,0.0,2.5,10.0,2.5,38.79,15.729,83.54096470588236,44.75096470588236,11.82096470588236,96.975,29.5524117647059,111.8774117647059,29.5524117647059,0.0,2.5,0.0,2.5,False,0.0,96.975,82.325,179.3,0.0,0.0,0.0,179.3,False,False,False,True,highs,2025-05-12_04:00_08:00,4.0,pay_as_bid,31.04,31.04,31.04,31.04,0.0,0.0,0.0,0.0,0.0,0.0,0.0,2.5,49.650943296198534,179.3,179.3,2.135,0.0,2.135,0.0,0.0,2.135,542.8307924292842,0.0,542.8307924292842
2025-05-12 07:45:00+02:00,plant_1,2.135,141.15,19.95,32.93,174.08,52.879999999999995,68.68,74.7,0.0,DE_DA_price,DE_ID3_price,natural_gas_price,,87.88235294117648,83.54096470588236,2.5,2.135,1.590709122997953,0.0,0.0,2.5,0.0,2.5,0.0,2.5,2.5,0.0,49.875,0.0,0.0,0.0,0.0,35.75,8.087,83.54096470588236,47.79096470588236,14.860964705882353,0.0,0.0,0.0,0.0,0.0,0.0,0.0,0.0,False,0.0,49.875,82.325,132.2,0.0,0.0,0.0,132.2,False,False,False,False,highs,2025-05-12_04:00_08:00,4.0,pay_as_bid,31.04,31.04,31.04,31.04,0.0,0.0,0.0,0.0,0.0,0.0,0.0,0.0,49.397235588777605,132.2,132.2,2.135,0.0,0.0,2.135,0.0,2.135,537.6048135212009,0.0,537.6048135212009
2025-05-12 08:00:00+02:00,plant_1,2.1725,108.49,77.58,32.93,141.42,110.50999999999999,45.43,74.7,0.0,DE_DA_price,DE_ID3_price,natural_gas_price,,87.88235294117648,83.54096470588236,2.5,2.1725,1.8006207240677192,0.0,0.0,2.5,0.0,0.0,0.0,0.0,2.5,0.0,0.0,0.0,2.5,10.0,2.5,12.5,27.943,83.54096470588236,71.04096470588236,38.11096470588236,31.25,95.2774117647059,177.6024117647059,95.2774117647059,2.5,0.0,2.5,0.0,False,0.0,31.25,82.325,113.575,0.0,0.0,0.0,113.575,False,False,False,True,highs,2025-05-12_08:00_12:00,4.0,pay_as_bid,431.72,431.72,431.72,431.72,10.0,2.5,1079.3000000000002,65.40120588235295,0.0,1013.8987941176472,2.5,2.5,49.18304007748192,113.575,-965.7250000000001,2.1725,0.0,1.931060375,0.241439625,0.0,2.1725,517.6160888599658,0.0,517.6160888599658
2025-05-12 08:15:00+02:00,plant_1,2.1725,108.49,61.39,32.93,141.42,94.32,21.54,74.7,0.0,DE_DA_price,DE_ID3_price,natural_gas_price,,87.88235294117648,83.54096470588236,2.5,2.1725,2.010479847237218,0.0,0.0,2.5,0.0,0.0,0.0,0.0,2.5,0.0,0.0,0.0,2.5,10.0,2.5,-11.39,51.757,83.54096470588236,94.93096470588236,62.00096470588236,-28.475,155.0024117647059,237.32741176470591,155.0024117647059,2.5,0.0,2.5,0.0,False,0.0,-28.475,82.325,53.85,0.0,0.0,0.0,53.85,False,False,False,True,highs,2025-05-12_08:00_12:00,4.0,pay_as_bid,431.72,431.72,431.72,431.72,10.0,2.5,1079.3000000000002,65.40120588235295,0.0,1013.8987941176472,2.5,2.5,48.968898115064064,53.85,-1025.4500000000003,2.1725,0.0,2.1725,0.0,0.0,2.1725,502.88088694928535,0.0,502.88088694928535
2025-05-12 08:30:00+02:00,plant_1,2.1725,108.49,-2.63,32.93,141.42,30.3,29.72,74.7,0.0,DE_DA_price,DE_ID3_price,natural_gas_price,,87.88235294117648,83.54096470588236,2.5,2.1725,2.220286505625924,0.0,0.0,2.5,0.0,0.0,0.0,0.0,2.5,0.0,0.0,0.0,2.5,10.0,2.5,-3.21,26.533,83.54096470588236,86.75096470588235,53.82096470588236,-8.025,134.5524117647059,216.87741176470587,134.5524117647059,2.5,0.0,2.5,0.0,False,0.0,-8.025,82.325,74.3,0.0,0.0,0.0,74.3,False,False,False,True,highs,2025-05-12_08:00_12:00,4.0,pay_as_bid,431.72,431.72,431.72,431.72,10.0,2.5,1079.3000000000002,65.40120588235295,0.0,1013.8987941176472,2.5,2.5,48.75480968813682,74.3,-1005.0000000000002,2.1725,0.0,2.1725,0.0,0.0,2.1725,483.038833940656,0.0,483.038833940656
2025-05-12 08:45:00+02:00,plant_1,2.1725,108.49,-15.49,32.93,141.42,17.439999999999998,3.879999999999999,74.7,0.0,DE_DA_price,DE_ID3_price,natural_gas_price,,87.88235294117648,83.54096470588236,2.5,2.1725,2.430040712350033,0.0,0.0,2.5,0.0,0.0,0.0,0.0,2.5,0.0,0.0,0.0,2.5,10.0,2.5,-29.05,145.594,83.54096470588236,112.59096470588236,79.66096470588236,-72.625,199.1524117647059,281.4774117647059,199.1524117647059,2.5,0.0,2.5,0.0,False,0.0,-72.625,82.325,9.700000000000003,0.0,0.0,0.0,9.700000000000003,False,False,False,True,highs,2025-05-12_08:00_12:00,4.0,pay_as_bid,431.72,431.72,431.72,431.72,10.0,2.5,1079.3000000000002,65.40120588235295,0.0,1013.8987941176472,2.5,2.5,48.540774783316294,9.700000000000003,-1069.6000000000001,2.1725,0.0,2.1725,0.0,0.0,2.1725,455.16861006436847,0.0,455.16861006436847
2025-05-12 09:00:00+02:00,plant_1,2.225,69.74,54.84,32.93,102.66999999999999,87.77000000000001,38.71,74.7,0.0,DE_DA_price,DE_ID3_price,natural_gas_price,,87.88235294117648,83.54096470588236,2.5,2.225,2.585618769182255,0.0,0.0,2.5,0.0,0.0,0.0,0.0,2.5,0.0,0.0,0.0,2.5,10.0,2.5,5.78,22.045,83.54096470588236,77.76096470588236,44.83096470588236,14.450000000000001,112.0774117647059,194.4024117647059,112.0774117647059,2.5,0.0,2.5,0.0,False,0.0,14.450000000000001,82.325,96.775,0.0,0.0,0.0,96.775,False,False,False,True,highs,2025-05-12_08:00_12:00,4.0,pay_as_bid,431.72,431.72,431.72,431.72,10.0,2.5,1079.3000000000002,65.40120588235295,0.0,1013.8987941176472,2.5,2.5,48.38202166409974,96.775,-982.5250000000002,2.225,0.0,2.225,0.0,0.0,2.225,420.7468143367677,0.0,420.7468143367677
2025-05-12 09:15:00+02:00,plant_1,2.225,69.74,5.02,32.93,102.66999999999999,37.95,18.54,74.7,0.0,DE_DA_price,DE_ID3_price,natural_gas_price,,87.88235294117648,83.54096470588236,2.5,2.225,2.7411579315002688,0.0,0.0,2.5,0.0,0.0,0.0,0.0,2.5,0.0,0.0,0.0,2.5,10.0,2.5,-14.39,128.024,83.54096470588236,97.93096470588236,65.00096470588235,-35.975,162.50241176470587,244.82741176470591,162.50241176470587,2.5,0.0,2.5,0.0,False,0.0,-35.975,82.325,46.35,0.0,0.0,0.0,46.35,False,False,False,True,highs,2025-05-12_08:00_12:00,4.0,pay_as_bid,431.72,431.72,431.72,431.72,10.0,2.5,1079.3000000000002,65.40120588235295,0.0,1013.8987941176472,2.5,2.5,48.223308233162996,46.35,-1032.9500000000003,2.225,0.0,2.225,0.0,0.0,2.225,398.7401075165759,0.0,398.7401075165759
2025-05-12 09:30:00+02:00,plant_1,2.225,69.74,-3.62,32.93,102.66999999999999,29.31,19.049999999999997,74.7,0.0,DE_DA_price,DE_ID3_price,natural_gas_price,,87.88235294117648,83.54096470588236,2.5,2.225,2.896658209027703,0.0,0.0,2.5,0.0,0.0,0.0,0.0,2.5,0.0,0.0,0.0,2.5,10.0,2.5,-13.88,137.782,83.54096470588236,97.42096470588235,64.49096470588236,-34.7,161.2274117647059,243.55241176470588,161.2274117647059,2.5,0.0,2.5,0.0,False,0.0,-34.7,82.325,47.625,0.0,0.0,0.0,47.625,False,False,False,True,highs,2025-05-12_08:00_12:00,4.0,pay_as_bid,431.72,431.72,431.72,431.72,10.0,2.5,1079.3000000000002,65.40120588235295,0.0,1013.8987941176472,2.5,2.5,48.064634480583976,47.625,-1031.6750000000002,2.225,0.0,2.225,0.0,0.0,2.225,368.3433255571101,0.0,368.3433255571101
2025-05-12 09:45:00+02:00,plant_1,2.225,69.74,-8.73,32.93,102.66999999999999,24.2,19.73,74.7,0.0,DE_DA_price,DE_ID3_price,natural_gas_price,,87.88235294117648,83.54096470588236,2.5,2.225,3.0521196114857556,0.0,0.0,2.5,0.0,0.0,0.0,0.0,2.5,0.0,0.0,0.0,2.5,10.0,2.5,-13.2,170.336,83.54096470588236,96.74096470588236,63.810964705882355,-33.0,159.5274117647059,241.8524117647059,159.5274117647059,2.5,0.0,2.5,0.0,False,0.0,-33.0,82.325,49.325,0.0,0.0,0.0,49.325,False,False,False,True,highs,2025-05-12_08:00_12:00,4.0,pay_as_bid,431.72,431.72,431.72,431.72,10.0,2.5,1079.3000000000002,65.40120588235295,0.0,1013.8987941176472,2.5,2.5,47.906000396443105,49.325,-1029.9750000000001,2.225,0.0,2.225,0.0,0.0,2.225,344.2023468428605,0.0,344.2023468428605
2025-05-12 10:00:00+02:00,plant_1,2.225,0.49,5.12,32.93,33.42,38.05,26.259999999999998,74.7,0.0,DE_DA_price,DE_ID3_price,natural_gas_price,,87.88235294117648,83.54096470588236,2.5,2.225,3.2075421485931934,0.0,0.0,2.5,0.0,0.0,0.0,0.0,2.5,0.0,0.0,0.0,2.5,10.0,2.5,-6.67,156.61,83.54096470588236,90.21096470588236,57.28096470588236,-16.675,143.20241176470591,225.5274117647059,143.20241176470591,2.5,0.0,2.5,0.0,False,0.0,-16.675,82.325,65.65,0.0,0.0,0.0,65.65,False,False,False,True,highs,2025-05-12_08:00_12:00,4.0,pay_as_bid,431.72,431.72,431.72,431.72,10.0,2.5,1079.3000000000002,65.40120588235295,0.0,1013.8987941176472,2.5,2.5,47.74740597082327,65.65,-1013.6500000000002,2.225,0.0,2.225,0.0,0.0,2.225,322.4969179336947,0.0,322.4969179336947
2025-05-12 10:15:00+02:00,plant_1,2.225,0.49,-1.29,32.93,33.42,31.64,12.190000000000001,74.7,0.0,DE_DA_price,DE_ID3_price,natural_gas_price,,87.88235294117648,83.54096470588236,2.5,2.225,3.3629258300663545,0.0,0.0,2.5,0.0,0.0,0.0,0.0,2.5,0.0,0.0,0.0,2.5,10.0,2.5,-20.74,90.759,83.54096470588236,104.28096470588235,71.35096470588236,-51.849999999999994,178.3774117647059,260.70241176470586,178.3774117647059,2.5,0.0,2.5,0.0,False,0.0,-51.849999999999994,82.325,30.47500000000001,0.0,0.0,0.0,30.47500000000001,False,False,False,True,highs,2025-05-12_08:00_12:00,4.0,pay_as_bid,431.72,431.72,431.72,431.72,10.0,2.5,1079.3000000000002,65.40120588235295,0.0,1013.8987941176472,2.5,2.5,47.588851193809845,30.47500000000001,-1048.8250000000003,2.225,0.0,2.225,0.0,0.0,2.225,301.4993383648379,0.0,301.4993383648379
2025-05-12 10:30:00+02:00,plant_1,2.225,0.49,-2.53,32.93,33.42,30.4,45.42,74.7,0.0,DE_DA_price,DE_ID3_price,natural_gas_price,,87.88235294117648,83.54096470588236,2.5,2.225,3.518270665619147,0.0,0.0,2.5,0.0,0.0,0.0,0.0,2.5,0.0,0.0,0.0,2.5,10.0,2.5,12.49,46.397,83.54096470588236,71.05096470588236,38.12096470588236,31.225,95.3024117647059,177.62741176470593,95.3024117647059,2.5,0.0,2.5,0.0,False,0.0,31.225,82.325,113.55000000000001,0.0,0.0,0.0,113.55000000000001,False,False,False,True,highs,2025-05-12_08:00_12:00,4.0,pay_as_bid,431.72,431.72,431.72,431.72,10.0,2.5,1079.3000000000002,65.40120588235295,0.0,1013.8987941176472,2.5,2.5,47.43033605549066,113.55000000000001,-965.7500000000002,2.225,0.0,2.225,0.0,0.0,2.225,292.1399962026347,0.0,292.1399962026347
2025-05-12 10:45:00+02:00,plant_1,2.225,0.49,-4.89,32.93,33.42,28.04,10.45,74.7,0.0,DE_DA_price,DE_ID3_price,natural_gas_price,,87.88235294117648,83.54096470588236,2.5,2.225,3.6735766649630515,0.0,0.0,2.5,0.0,0.0,0.0,0.0,2.5,0.0,0.0,0.0,2.5,10.0,2.5,-22.48,84.297,83.54096470588236,106.02096470588236,73.09096470588236,-56.2,182.7274117647059,265.0524117647059,182.7274117647059,2.5,0.0,2.5,0.0,False,0.0,-56.2,82.325,26.125,0.0,0.0,0.0,26.125,False,False,False,True,highs,2025-05-12_08:00_12:00,4.0,pay_as_bid,431.72,431.72,431.72,431.72,10.0,2.5,1079.3000000000002,65.40120588235295,0.0,1013.8987941176472,2.5,2.5,47.27186054595607,26.125,-1053.1750000000002,2.225,0.0,2.225,0.0,0.0,2.225,288.9213024670054,0.0,288.9213024670054
2025-05-12 11:00:00+02:00,plant_1,2.225,-3.91,-1.59,32.93,29.02,31.34,31.94,74.7,0.0,DE_DA_price,DE_ID3_price,natural_gas_price,,87.88235294117648,83.54096470588236,2.5,2.225,3.82884383780712,0.0,0.0,2.5,0.0,0.0,0.0,0.0,2.5,0.0,0.0,0.0,2.5,10.0,2.5,-0.99,30.749,83.54096470588236,84.53096470588235,51.60096470588236,-2.475,129.0024117647059,211.3274117647059,129.0024117647059,2.5,0.0,2.5,0.0,False,0.0,-2.475,82.325,79.85000000000001,0.0,0.0,0.0,79.85000000000001,False,False,False,True,highs,2025-05-12_08:00_12:00,4.0,pay_as_bid,431.72,431.72,431.72,431.72,10.0,2.5,1079.3000000000002,65.40120588235295,0.0,1013.8987941176472,2.5,2.5,47.11342465529886,79.85000000000001,-999.4500000000002,2.225,0.0,2.225,0.0,0.0,2.225,287.21403819928304,0.0,287.21403819928304
2025-05-12 11:15:00+02:00,plant_1,2.225,-3.91,-2.32,32.93,29.02,30.61,34.57,74.7,0.0,DE_DA_price,DE_ID3_price,natural_gas_price,,87.88235294117648,83.54096470588236,2.5,2.225,3.9840721938579775,0.0,0.0,2.5,0.0,0.0,0.0,0.0,2.5,0.0,0.0,0.0,2.5,10.0,2.5,1.64,59.149,83.54096470588236,81.90096470588236,48.97096470588236,4.1,122.4274117647059,204.7524117647059,122.4274117647059,2.5,0.0,2.5,0.0,False,0.0,4.1,82.325,86.425,0.0,0.0,0.0,86.425,False,False,False,True,highs,2025-05-12_08:00_12:00,4.0,pay_as_bid,431.72,431.72,431.72,431.72,10.0,2.5,1079.3000000000002,65.40120588235295,0.0,1013.8987941176472,2.5,2.5,46.95502837361431,86.425,-992.8750000000002,2.225,0.0,2.225,0.0,0.0,2.225,286.7702393177063,0.0,286.7702393177063
2025-05-12 11:30:00+02:00,plant_1,2.225,-3.91,-2.41,32.93,29.02,30.52,45.879999999999995,74.7,0.0,DE_DA_price,DE_ID3_price,natural_gas_price,,87.88235294117648,83.54096470588236,2.5,2.225,4.139261742819823,0.0,0.0,2.5,0.0,0.0,0.0,0.0,2.5,0.0,0.0,0.0,2.5,10.0,2.5,12.95,30.4,83.54096470588236,70.59096470588236,37.660964705882364,32.375,94.1524117647059,176.4774117647059,94.1524117647059,2.5,0.0,2.5,0.0,False,0.0,32.375,82.325,114.7,0.0,0.0,0.0,114.7,False,False,False,True,highs,2025-05-12_08:00_12:00,4.0,pay_as_bid,431.72,431.72,431.72,431.72,10.0,2.5,1079.3000000000002,65.40120588235295,0.0,1013.8987941176472,2.5,2.5,46.79667169100018,114.7,-964.6000000000001,2.225,0.0,2.225,0.0,0.0,2.225,286.020348329927,0.0,286.020348329927
2025-05-12 11:45:00+02:00,plant_1,2.225,-3.91,-3.11,32.93,29.02,29.82,41.59,74.7,0.0,DE_DA_price,DE_ID3_price,natural_gas_price,,87.88235294117648,83.54096470588236,2.5,2.225,4.294412494394427,0.0,0.0,2.5,0.0,0.0,0.0,0.0,2.5,0.0,0.0,0.0,2.5,10.0,2.5,8.66,18.596,83.54096470588236,74.88096470588236,41.950964705882356,21.65,104.8774117647059,187.20241176470591,104.8774117647059,2.5,0.0,2.5,0.0,False,0.0,21.65,82.325,103.975,0.0,0.0,0.0,103.975,False,False,False,True,highs,2025-05-12_08:00_12:00,4.0,pay_as_bid,431.72,431.72,431.72,431.72,10.0,2.5,1079.3000000000002,65.40120588235295,0.0,1013.8987941176472,2.5,2.5,46.638354597556706,103.975,-975.3250000000002,2.225,0.0,2.225,0.0,0.0,2.225,281.2310401986166,0.0,281.2310401986166
2025-05-12 12:00:00+02:00,plant_1,2.225,-25.0,-11.47,32.93,7.93,21.46,51.05,74.7,0.0,DE_DA_price,DE_ID3_price,natural_gas_price,,87.88235294117648,83.54096470588236,2.5,2.225,4.449524458281138,0.0,0.0,2.5,2.5,0.0,0.0,2.5,2.5,-62.5,0.0,0.0,0.0,0.0,0.0,18.12,10.813,83.54096470588236,65.42096470588235,32.49096470588236,0.0,0.0,0.0,0.0,0.0,0.0,0.0,0.0,False,0.0,-62.5,82.325,19.825000000000003,0.0,0.0,0.0,19.825000000000003,False,False,False,False,highs,2025-05-12_12:00_16:00,4.0,pay_as_bid,675.0,675.0,675.0,675.0,0.0,0.0,0.0,0.0,0.0,0.0,0.0,0.0,46.48007708338659,19.825000000000003,19.825000000000003,0.0,2.225,0.0,2.225,0.0,2.225,284.578432658699,0.0,284.578432658699
2025-05-12 12:15:00+02:00,plant_1,2.225,-25.0,-2.79,32.93,7.93,30.14,34.42,74.7,0.0,DE_DA_price,DE_ID3_price,natural_gas_price,,87.88235294117648,83.54096470588236,2.5,2.225,4.604597644176877,0.0,0.0,2.5,2.5,0.0,0.0,2.5,2.5,-62.5,0.0,0.0,0.0,0.0,0.0,1.49,72.164,83.54096470588236,82.05096470588236,49.12096470588236,0.0,0.0,0.0,0.0,0.0,0.0,0.0,0.0,False,0.0,-62.5,82.325,19.825000000000003,0.0,0.0,0.0,19.825000000000003,False,False,False,False,highs,2025-05-12_12:00_16:00,4.0,pay_as_bid,675.0,675.0,675.0,675.0,0.0,0.0,0.0,0.0,0.0,0.0,0.0,0.0,46.321839138595024,19.825000000000003,19.825000000000003,0.0,2.225,0.0,2.225,0.0,2.225,283.74067040851895,0.0,283.74067040851895
2025-05-12 12:30:00+02:00,plant_1,2.225,-25.0,1.74,32.93,7.93,34.67,32.55,74.7,0.0,DE_DA_price,DE_ID3_price,natural_gas_price,,87.88235294117648,83.54096470588236,2.5,2.225,4.759632061776143,0.0,0.0,2.5,2.5,0.0,0.0,2.5,2.5,-62.5,0.0,0.0,0.0,0.0,0.0,-0.38,59.237,83.54096470588236,83.92096470588235,50.99096470588236,0.0,0.0,0.0,0.0,0.0,0.0,0.0,0.0,False,0.0,-62.5,82.325,19.825000000000003,0.0,0.0,0.0,19.825000000000003,False,False,False,False,highs,2025-05-12_12:00_16:00,4.0,pay_as_bid,675.0,675.0,675.0,675.0,0.0,0.0,0.0,0.0,0.0,0.0,0.0,0.0,46.16364075328965,19.825000000000003,19.825000000000003,0.0,2.225,0.0,2.225,0.0,2.225,279.979924503161,0.0,279.979924503161
2025-05-12 12:45:00+02:00,plant_1,2.225,-25.0,6.86,32.93,7.93,39.79,31.95,74.7,0.0,DE_DA_price,DE_ID3_price,natural_gas_price,,87.88235294117648,83.54096470588236,2.5,2.225,4.9146277207710085,0.0,0.0,2.5,2.5,0.0,0.0,2.5,2.5,-62.5,0.0,0.0,0.0,0.0,0.0,-0.98,81.797,83.54096470588236,84.52096470588236,51.59096470588236,0.0,0.0,0.0,0.0,0.0,0.0,0.0,0.0,False,0.0,-62.5,82.325,19.825000000000003,0.0,0.0,0.0,19.825000000000003,False,False,False,False,highs,2025-05-12_12:00_16:00,4.0,pay_as_bid,675.0,675.0,675.0,675.0,0.0,0.0,0.0,0.0,0.0,0.0,0.0,0.0,46.0054819175806,19.825000000000003,19.825000000000003,0.0,2.225,0.0,2.225,0.0,2.225,282.2564907912986,0.0,282.2564907912986
2025-05-12 13:00:00+02:00,plant_1,2.225,-35.0,-5.97,32.93,-2.0700000000000003,26.96,44.25,74.7,0.0,DE_DA_price,DE_ID3_price,natural_gas_price,,87.88235294117648,83.54096470588236,2.5,2.225,5.069584630851125,0.0,0.0,2.5,2.5,0.0,0.0,2.5,2.5,-87.5,0.0,0.0,0.0,0.0,0.0,11.32,30.725,83.54096470588236,72.22096470588235,39.29096470588236,0.0,0.0,0.0,0.0,0.0,0.0,0.0,0.0,False,0.0,-87.5,82.325,-5.174999999999997,0.0,0.0,0.0,-5.174999999999997,False,False,False,False,highs,2025-05-12_12:00_16:00,4.0,pay_as_bid,675.0,675.0,675.0,675.0,0.0,0.0,0.0,0.0,0.0,0.0,0.0,0.0,45.84736262158049,-5.174999999999997,-5.174999999999997,0.0,2.225,0.0,2.225,0.0,2.225,284.9118610658579,0.0,284.9118610658579
2025-05-12 13:15:00+02:00,plant_1,2.225,-35.0,-3.31,32.93,-2.0700000000000003,29.62,47.6,74.7,0.0,DE_DA_price,DE_ID3_price,natural_gas_price,,87.88235294117648,83.54096470588236,2.5,2.225,5.224502801703721,0.0,0.0,2.5,2.5,0.0,0.0,2.5,2.5,-87.5,0.0,0.0,0.0,0.0,0.0,14.67,9.238,83.54096470588236,68.87096470588236,35.94096470588236,0.0,0.0,0.0,0.0,0.0,0.0,0.0,0.0,False,0.0,-87.5,82.325,-5.174999999999997,0.0,0.0,0.0,-5.174999999999997,False,False,False,False,highs,2025-05-12_12:00_16:00,4.0,pay_as_bid,675.0,675.0,675.0,675.0,0.0,0.0,0.0,0.0,0.0,0.0,0.0,0.0,45.689282855404365,-5.174999999999997,-5.174999999999997,0.0,2.225,0.0,2.225,0.0,2.225,284.8423836834915,0.0,284.8423836834915
2025-05-12 13:30:00+02:00,plant_1,2.225,-35.0,1.65,32.93,-2.0700000000000003,34.58,43.629999999999995,74.7,0.0,DE_DA_price,DE_ID3_price,natural_gas_price,,87.88235294117648,83.54096470588236,2.5,2.225,5.379382243013605,0.0,0.0,2.5,2.5,0.0,0.0,2.5,2.5,-87.5,0.0,0.0,0.0,0.0,0.0,10.7,37.951,83.54096470588236,72.84096470588236,39.910964705882364,0.0,0.0,0.0,0.0,0.0,0.0,0.0,0.0,False,0.0,-87.5,82.325,-5.174999999999997,0.0,0.0,0.0,-5.174999999999997,False,False,False,False,highs,2025-05-12_12:00_16:00,4.0,pay_as_bid,675.0,675.0,675.0,675.0,0.0,0.0,0.0,0.0,0.0,0.0,0.0,0.0,45.53124260916979,-5.174999999999997,-5.174999999999997,0.0,2.225,0.0,2.225,0.0,2.225,286.8848884365841,0.0,286.8848884365841
2025-05-12 13:45:00+02:00,plant_1,2.225,-35.0,12.61,32.93,-2.0700000000000003,45.54,50.06,74.7,0.0,DE_DA_price,DE_ID3_price,natural_gas_price,,87.88235294117648,83.54096470588236,2.5,2.225,5.5342229644631615,0.0,0.0,2.5,2.5,0.0,0.0,2.5,2.5,-87.5,0.0,0.0,0.0,0.0,0.0,17.13,38.525,83.54096470588236,66.41096470588236,33.48096470588236,0.0,0.0,0.0,0.0,0.0,0.0,0.0,0.0,False,0.0,-87.5,82.325,-5.174999999999997,0.0,0.0,0.0,-5.174999999999997,False,False,False,False,highs,2025-05-12_12:00_16:00,4.0,pay_as_bid,675.0,675.0,675.0,675.0,0.0,0.0,0.0,0.0,0.0,0.0,0.0,0.0,45.37324187299677,-5.174999999999997,-5.174999999999997,0.0,2.225,0.0,2.225,0.0,2.225,288.3111747145539,0.0,288.3111747145539
2025-05-12 14:00:00+02:00,plant_1,2.225,-29.9,-7.95,32.93,3.030000000000001,24.98,46.35,74.7,0.0,DE_DA_price,DE_ID3_price,natural_gas_price,,87.88235294117648,83.54096470588236,2.5,2.225,5.689024975732355,0.0,0.0,2.5,2.5,0.0,0.0,2.5,2.5,-74.75,0.0,0.0,0.0,0.0,0.0,13.42,45.292,83.54096470588236,70.12096470588236,37.19096470588236,0.0,0.0,0.0,0.0,0.0,0.0,0.0,0.0,False,0.0,-74.75,82.325,7.575000000000003,0.0,0.0,0.0,7.575000000000003,False,False,False,False,highs,2025-05-12_12:00_16:00,4.0,pay_as_bid,675.0,675.0,675.0,675.0,0.0,0.0,0.0,0.0,0.0,0.0,0.0,0.0,45.21528063700781,7.575000000000003,7.575000000000003,0.0,2.225,0.0,2.225,0.0,2.225,287.7254416813455,0.0,287.7254416813455
2025-05-12 14:15:00+02:00,plant_1,2.225,-29.9,1.51,32.93,3.030000000000001,34.44,51.92,74.7,0.0,DE_DA_price,DE_ID3_price,natural_gas_price,,87.88235294117648,83.54096470588236,2.5,2.225,5.843788286498732,0.0,0.0,2.5,2.5,0.0,0.0,2.5,2.5,-74.75,0.0,0.0,0.0,0.0,0.0,18.99,28.289,83.54096470588236,64.55096470588236,31.620964705882358,0.0,0.0,0.0,0.0,0.0,0.0,0.0,0.0,False,0.0,-74.75,82.325,7.575000000000003,0.0,0.0,0.0,7.575000000000003,False,False,False,False,highs,2025-05-12_12:00_16:00,4.0,pay_as_bid,675.0,675.0,675.0,675.0,0.0,0.0,0.0,0.0,0.0,0.0,0.0,0.0,45.05735889132782,7.575000000000003,7.575000000000003,0.0,2.225,0.0,2.225,0.0,2.225,288.45105679500165,0.0,288.45105679500165
2025-05-12 14:30:00+02:00,plant_1,2.225,-29.9,24.22,32.93,3.030000000000001,57.15,13.940000000000001,74.7,0.0,DE_DA_price,DE_ID3_price,natural_gas_price,,87.88235294117648,83.54096470588236,2.5,2.225,5.998512906437417,0.0,0.0,2.5,2.5,0.0,0.0,2.5,2.5,-74.75,0.0,0.0,0.0,0.0,0.0,-18.99,72.63,83.54096470588236,102.53096470588235,69.60096470588236,0.0,0.0,0.0,0.0,0.0,0.0,0.0,0.0,False,0.0,-74.75,82.325,7.575000000000003,0.0,0.0,0.0,7.575000000000003,False,False,False,False,highs,2025-05-12_12:00_16:00,4.0,pay_as_bid,675.0,675.0,675.0,675.0,0.0,0.0,0.0,0.0,0.0,0.0,0.0,0.0,44.899476626084265,7.575000000000003,7.575000000000003,0.0,2.225,0.0,2.225,0.0,2.225,289.8253845608004,0.0,289.8253845608004
2025-05-12 14:45:00+02:00,plant_1,2.225,-29.9,60.84,32.93,3.030000000000001,93.77000000000001,42.08,74.7,0.0,DE_DA_price,DE_ID3_price,natural_gas_price,,87.88235294117648,83.54096470588236,2.5,2.225,6.153198845221118,0.0,0.0,2.5,2.5,0.0,2.5,0.0,2.5,-74.75,0.0,152.10000000000002,2.5,10.0,2.5,9.15,60.127,83.54096470588236,74.39096470588235,41.46096470588236,22.875,103.6524117647059,185.9774117647059,103.6524117647059,0.0,2.5,0.0,2.5,False,0.0,-203.97500000000002,82.325,-121.65000000000002,0.0,0.0,0.0,-121.65000000000002,False,False,False,True,highs,2025-05-12_12:00_16:00,4.0,pay_as_bid,675.0,675.0,675.0,675.0,0.0,0.0,0.0,0.0,0.0,0.0,0.0,2.5,44.74163383140702,-121.65000000000002,-121.65000000000002,0.0,2.225,0.5609976680462905,1.6640023319537096,0.0,2.225,289.0124062191784,0.0,289.0124062191784
2025-05-12 15:00:00+02:00,plant_1,2.1725,-8.59,19.24,32.93,24.34,52.17,60.78,74.7,0.0,DE_DA_price,DE_ID3_price,natural_gas_price,,87.88235294117648,83.54096470588236,2.5,2.1725,6.361969823860329,0.0,0.0,2.5,2.5,0.0,0.0,2.5,2.5,-21.475,0.0,0.0,0.0,0.0,0.0,27.85,3.384,83.54096470588236,55.69096470588236,22.76096470588236,0.0,0.0,0.0,0.0,0.0,0.0,0.0,0.0,False,0.0,-21.475,82.325,60.85,0.0,0.0,0.0,60.85,False,False,False,False,highs,2025-05-12_12:00_16:00,4.0,pay_as_bid,675.0,675.0,675.0,675.0,0.0,0.0,0.0,0.0,0.0,0.0,0.0,0.0,44.52860222055069,60.85,60.85,0.0,2.1725,0.0,2.1725,0.0,2.1725,294.9026162767485,0.0,294.9026162767485
2025-05-12 15:15:00+02:00,plant_1,2.1725,-8.59,51.47,32.93,24.34,84.4,31.72,74.7,0.0,DE_DA_price,DE_ID3_price,natural_gas_price,,87.88235294117648,83.54096470588236,2.5,2.1725,6.570688609754879,0.0,0.0,2.5,2.5,0.0,2.5,0.0,2.5,-21.475,0.0,128.675,2.5,10.0,2.5,-1.21,64.009,83.54096470588236,84.75096470588235,51.82096470588236,-3.025,129.5524117647059,211.87741176470587,129.5524117647059,0.0,2.5,0.0,2.5,False,0.0,-153.175,82.325,-70.85000000000001,0.0,0.0,0.0,-70.85000000000001,False,False,False,True,highs,2025-05-12_12:00_16:00,4.0,pay_as_bid,675.0,675.0,675.0,675.0,0.0,0.0,0.0,0.0,0.0,0.0,0.0,2.5,44.31562386759706,-70.85000000000001,-70.85000000000001,0.0,2.1725,1.9685509999999997,0.2039490000000001,0.0,2.1725,297.65561681555073,0.0,297.65561681555073
2025-05-12 15:30:00+02:00,plant_1,2.1725,-8.59,89.48,32.93,24.34,122.41,114.44999999999999,74.7,0.0,DE_DA_price,DE_ID3_price,natural_gas_price,,87.88235294117648,83.54096470588236,0.0,2.1725,4.329355215952956,0.0,0.0,0.0,2.5,0.0,2.5,0.0,0.0,-21.475,0.0,223.70000000000002,0.0,0.0,0.0,81.52,0.075,83.54096470588236,2.0209647058823634,-30.90903529411763,0.0,0.0,0.0,0.0,0.0,0.0,0.0,0.0,False,0.0,-245.175,0.0,-245.175,0.0,0.0,0.0,-245.175,False,False,False,False,highs,2025-05-12_12:00_16:00,4.0,pay_as_bid,675.0,675.0,675.0,675.0,0.0,0.0,0.0,0.0,0.0,0.0,0.0,2.5,46.60269875923168,-245.175,-245.175,0.0,2.1725,2.1725,0.0,0.0,2.1725,0.0,0.0,0.0
2025-05-12 15:45:00+02:00,plant_1,2.1725,-8.59,101.61,32.93,24.34,134.54,119.46000000000001,74.7,0.0,DE_DA_price,DE_ID3_price,natural_gas_price,,87.88235294117648,83.54096470588236,0.0,2.1725,2.0885821554994832,0.0,0.0,0.0,2.5,0.0,2.5,0.0,0.0,-21.475,0.0,254.025,0.0,0.0,0.0,86.53,0.0,83.54096470588236,-2.9890352941176417,-35.91903529411765,0.0,0.0,0.0,0.0,0.0,0.0,0.0,0.0,False,0.0,-275.5,0.0,-275.5,0.0,0.0,0.0,-275.5,False,False,False,False,highs,2025-05-12_12:00_16:00,4.0,pay_as_bid,675.0,675.0,675.0,675.0,0.0,0.0,0.0,0.0,0.0,0.0,0.0,2.5,48.88920188214339,-275.5,-275.5,0.0,2.1725,2.1725,0.0,0.0,2.1725,0.0,0.0,0.0
2025-05-12 16:00:00+02:00,plant_1,2.135,-0.01,68.43,32.93,32.92,101.36000000000001,-44.13999999999999,74.7,0.0,DE_DA_price,DE_ID3_price,natural_gas_price,,87.88235294117648,83.54096470588236,2.5,2.135,2.337029082125557,0.0,0.0,2.5,2.5,0.0,2.5,0.0,2.5,-0.025,0.0,171.07500000000002,2.5,10.0,2.5,-77.07,75.013,83.54096470588236,160.61096470588234,127.68096470588236,-192.67499999999998,319.2024117647059,401.52741176470585,319.2024117647059,0.0,2.5,0.0,2.5,False,0.0,-363.775,82.325,-281.45,0.0,0.0,0.0,-281.45,False,False,False,True,highs,2025-05-12_16:00_20:00,4.0,pay_as_bid,475.73,475.73,475.73,475.73,0.0,0.0,0.0,0.0,0.0,0.0,0.0,2.5,48.63568461007597,-281.45,-281.45,0.0,2.135,2.135,0.0,0.0,2.135,313.9275770249226,0.0,313.9275770249226
2025-05-12 16:15:00+02:00,plant_1,2.135,-0.01,84.07,32.93,32.92,117.0,43.3,74.7,0.0,DE_DA_price,DE_ID3_price,natural_gas_price,,87.88235294117648,83.54096470588236,2.5,2.135,2.585413897019974,0.0,0.0,2.5,2.5,0.0,2.5,0.0,2.5,-0.025,0.0,210.17499999999998,2.5,10.0,2.5,10.37,13.209,83.54096470588236,73.17096470588235,40.24096470588236,25.924999999999997,100.6024117647059,182.92741176470588,100.6024117647059,0.0,2.5,0.0,2.5,False,0.0,-184.27499999999998,82.325,-101.94999999999997,0.0,0.0,0.0,-101.94999999999997,False,False,False,True,highs,2025-05-12_16:00_20:00,4.0,pay_as_bid,475.73,475.73,475.73,475.73,0.0,0.0,0.0,0.0,0.0,0.0,0.0,2.5,48.38223071732656,-101.94999999999997,-101.94999999999997,0.0,2.135,2.135,0.0,0.0,2.135,316.8976107417023,0.0,316.8976107417023
2025-05-12 16:30:00+02:00,plant_1,2.135,-0.01,104.61,32.93,32.92,137.54,57.86,74.7,0.0,DE_DA_price,DE_ID3_price,natural_gas_price,,87.88235294117648,83.54096470588236,2.5,2.135,2.8337366157106674,0.0,0.0,2.5,2.5,0.0,2.5,0.0,2.5,-0.025,0.0,261.525,2.5,10.0,2.5,24.93,7.708,83.54096470588236,58.61096470588236,25.68096470588236,62.325,64.2024117647059,146.5274117647059,64.2024117647059,0.0,2.5,0.0,2.5,False,0.0,-199.22499999999997,82.325,-116.89999999999996,0.0,0.0,0.0,-116.89999999999996,False,False,False,True,highs,2025-05-12_16:00_20:00,4.0,pay_as_bid,475.73,475.73,475.73,475.73,0.0,0.0,0.0,0.0,0.0,0.0,0.0,2.5,48.12884018805034,-116.89999999999996,-116.89999999999996,0.0,2.135,2.135,0.0,0.0,2.135,321.5179520929221,0.0,321.5179520929221
2025-05-12 16:45:00+02:00,plant_1,2.135,-0.01,116.27,32.93,32.92,149.2,98.25999999999999,74.7,0.0,DE_DA_price,DE_ID3_price,natural_gas_price,,87.88235294117648,83.54096470588236,0.0,2.135,0.6319972537216882,0.0,0.0,0.0,2.5,0.0,2.5,0.0,0.0,-0.025,0.0,290.675,0.0,0.0,0.0,65.33,0.015,83.54096470588236,18.21096470588236,-14.719035294117631,0.0,0.0,0.0,0.0,0.0,0.0,0.0,0.0,False,0.0,-290.7,0.0,-290.7,0.0,0.0,0.0,-290.7,False,False,False,False,highs,2025-05-12_16:00_20:00,4.0,pay_as_bid,475.73,475.73,475.73,475.73,0.0,0.0,0.0,0.0,0.0,0.0,0.0,2.5,50.37551300640644,-290.7,-290.7,0.0,2.135,2.135,0.0,0.0,2.135,0.0,0.0,0.0
2025-05-12 17:00:00+02:00,plant_1,2.1,72.58,93.94,32.93,105.50999999999999,126.87,53.21,74.7,0.0,DE_DA_price,DE_ID3_price,natural_gas_price,,87.88235294117648,83.54096470588236,2.5,2.1,0.9168908008000103,0.0,0.0,2.5,0.0,0.0,0.0,0.0,2.5,0.0,0.0,0.0,2.5,10.0,2.5,20.28,33.583,83.54096470588236,63.26096470588236,30.33096470588236,50.7,75.8274117647059,158.1524117647059,75.8274117647059,0.0,2.5,0.0,2.5,False,0.0,50.7,82.325,133.025,0.0,0.0,0.0,133.025,False,False,False,True,highs,2025-05-12_16:00_20:00,4.0,pay_as_bid,475.73,475.73,475.73,475.73,0.0,0.0,0.0,0.0,0.0,0.0,0.0,2.5,50.08480530530611,133.025,133.025,0.0,2.1,2.1,0.0,0.0,2.1,379.56701875164833,0.0,379.56701875164833
2025-05-12 17:15:00+02:00,plant_1,2.1,72.58,101.32,32.93,105.50999999999999,134.25,57.239999999999995,74.7,0.0,DE_DA_price,DE_ID3_price,natural_gas_price,,87.88235294117648,83.54096470588236,2.5,2.1,1.2017131244915626,0.0,0.0,2.5,0.0,0.0,0.0,0.0,2.5,0.0,0.0,0.0,2.5,10.0,2.5,24.31,13.204,83.54096470588236,59.23096470588236,26.300964705882365,60.775,65.75241176470591,148.0774117647059,65.75241176470591,0.0,2.5,0.0,2.5,False,0.0,60.775,82.325,143.1,0.0,0.0,0.0,143.1,False,False,False,True,highs,2025-05-12_16:00_20:00,4.0,pay_as_bid,475.73,475.73,475.73,475.73,0.0,0.0,0.0,0.0,0.0,0.0,0.0,2.5,49.79417028113106,143.1,143.1,0.6088799949814057,1.4911200050185944,2.1,0.0,0.0,2.1,414.84017837001574,0.0,414.84017837001574
2025-05-12 17:30:00+02:00,plant_1,2.1,72.58,139.2,32.93,105.50999999999999,172.13,105.15,74.7,0.0,DE_DA_price,DE_ID3_price,natural_gas_price,,87.88235294117648,83.54096470588236,0.0,1.1653703153241266,0.0,0.9346296846758735,1.0995643349127924,0.0,0.0,0.0,0.0,0.0,0.0,0.0,0.0,0.0,0.0,0.0,0.0,72.22,0.079,83.54096470588236,11.32096470588236,-21.609035294117646,0.0,0.0,0.0,0.0,0.0,0.0,0.0,0.0,False,0.0,0.0,0.0,0.0,0.0,82.1374558179856,0.0,82.1374558179856,False,False,False,False,highs,2025-05-12_16:00_20:00,4.0,pay_as_bid,475.73,475.73,475.73,475.73,0.0,0.0,0.0,0.0,0.0,0.0,0.0,2.5,51.02040816326531,82.1374558179856,82.1374558179856,2.1,0.0,2.1,0.0,0.9346296846758735,1.1653703153241266,0.0,221.01243131747125,221.01243131747125
2025-05-12 17:45:00+02:00,plant_1,2.1,72.58,245.44,32.93,105.50999999999999,278.37,32.93,74.7,0.0,DE_DA_price,DE_ID3_price,natural_gas_price,,87.88235294117648,83.54096470588236,0.0,0.0,0.0,2.1,2.4705882352941178,0.0,0.0,0.0,0.0,0.0,0.0,0.0,0.0,0.0,0.0,0.0,0.0,0.0,0.0,83.54096470588236,83.54096470588236,50.61096470588236,0.0,0.0,0.0,0.0,0.0,0.0,0.0,0.0,False,0.0,0.0,0.0,0.0,0.0,184.5529411764706,0.0,184.5529411764706,False,False,False,False,highs,2025-05-12_16:00_20:00,4.0,pay_as_bid,475.73,475.73,475.73,475.73,0.0,0.0,0.0,0.0,0.0,0.0,0.0,2.5,51.02040816326531,184.5529411764706,184.5529411764706,2.1,0.0,2.1,0.0,2.1,0.0,0.0,496.5882352941177,496.5882352941177
2025-05-12 18:00:00+02:00,plant_1,2.1,107.12,308.67,32.93,140.05,341.6,61.45,74.7,0.0,DE_DA_price,DE_ID3_price,natural_gas_price,,87.88235294117648,83.54096470588236,2.5,2.1,0.28505154639175245,0.0,0.0,2.5,0.0,0.0,0.0,0.0,2.5,0.0,0.0,0.0,2.5,10.0,2.5,28.52,3.818,83.54096470588236,55.02096470588236,22.090964705882357,71.3,55.22741176470589,137.5524117647059,55.22741176470589,0.0,2.5,0.0,2.5,False,0.0,71.3,82.325,153.625,0.0,0.0,0.0,153.625,False,False,False,True,highs,2025-05-12_16:00_20:00,4.0,pay_as_bid,475.73,475.73,475.73,475.73,0.0,0.0,0.0,0.0,0.0,0.0,0.0,2.5,50.72953923837576,153.625,153.625,2.1,0.0,2.1,0.0,0.0,2.1,547.3075225399848,0.0,547.3075225399848
2025-05-12 18:15:00+02:00,plant_1,2.1,107.12,206.43,32.93,140.05,239.36,99.72999999999999,74.7,0.0,DE_DA_price,DE_ID3_price,natural_gas_price,,87.88235294117648,83.54096470588236,0.0,0.27643087499999985,0.0,1.8235691250000001,2.145375441176471,0.0,0.0,0.0,0.0,0.0,0.0,0.0,0.0,0.0,0.0,0.0,0.0,66.8,0.123,83.54096470588236,16.740964705882362,-16.18903529411763,0.0,0.0,0.0,0.0,0.0,0.0,0.0,0.0,False,0.0,0.0,0.0,0.0,0.0,160.25954545588237,0.0,160.25954545588237,False,False,False,False,highs,2025-05-12_16:00_20:00,4.0,pay_as_bid,475.73,475.73,475.73,475.73,0.0,0.0,0.0,0.0,0.0,0.0,0.0,2.5,51.02040816326531,160.25954545588237,160.25954545588237,2.1,0.0,2.1,0.0,1.8235691250000001,0.27643087499999985,0.0,431.2204636764707,431.2204636764707
2025-05-12 18:30:00+02:00,plant_1,2.1,107.12,172.42,32.93,140.05,205.35,32.93,74.7,0.0,DE_DA_price,DE_ID3_price,natural_gas_price,,87.88235294117648,83.54096470588236,0.0,0.0,0.0,2.1,2.4705882352941178,0.0,0.0,0.0,0.0,0.0,0.0,0.0,0.0,0.0,0.0,0.0,0.0,0.0,0.0,83.54096470588236,83.54096470588236,50.61096470588236,0.0,0.0,0.0,0.0,0.0,0.0,0.0,0.0,False,0.0,0.0,0.0,0.0,0.0,184.5529411764706,0.0,184.5529411764706,False,False,False,False,highs,2025-05-12_16:00_20:00,4.0,pay_as_bid,475.73,475.73,475.73,475.73,0.0,0.0,0.0,0.0,0.0,0.0,0.0,2.5,51.02040816326531,184.5529411764706,184.5529411764706,2.1,0.0,2.1,0.0,2.1,0.0,0.0,496.5882352941177,496.5882352941177
2025-05-12 18:45:00+02:00,plant_1,2.1,107.12,150.52,32.93,140.05,183.45000000000002,32.93,74.7,0.0,DE_DA_price,DE_ID3_price,natural_gas_price,,87.88235294117648,83.54096470588236,0.0,0.0,0.0,2.1,2.4705882352941178,0.0,0.0,0.0,0.0,0.0,0.0,0.0,0.0,0.0,0.0,0.0,0.0,0.0,0.0,83.54096470588236,83.54096470588236,50.61096470588236,0.0,0.0,0.0,0.0,0.0,0.0,0.0,0.0,False,0.0,0.0,0.0,0.0,0.0,184.5529411764706,0.0,184.5529411764706,False,False,False,False,highs,2025-05-12_16:00_20:00,4.0,pay_as_bid,475.73,475.73,475.73,475.73,0.0,0.0,0.0,0.0,0.0,0.0,0.0,2.5,51.02040816326531,184.5529411764706,184.5529411764706,2.1,0.0,2.1,0.0,2.1,0.0,0.0,496.5882352941177,496.5882352941177
2025-05-12 19:00:00+02:00,plant_1,2.1,141.41,222.41,32.93,174.34,255.34,32.93,74.7,0.0,DE_DA_price,DE_ID3_price,natural_gas_price,,87.88235294117648,83.54096470588236,0.0,0.0,0.0,2.1,2.4705882352941178,0.0,0.0,0.0,0.0,0.0,0.0,0.0,0.0,0.0,0.0,0.0,0.0,0.0,0.0,83.54096470588236,83.54096470588236,50.61096470588236,0.0,0.0,0.0,0.0,0.0,0.0,0.0,0.0,False,0.0,0.0,0.0,0.0,0.0,184.5529411764706,0.0,184.5529411764706,False,False,False,False,highs,2025-05-12_16:00_20:00,4.0,pay_as_bid,475.73,475.73,475.73,475.73,0.0,0.0,0.0,0.0,0.0,0.0,0.0,2.5,51.02040816326531,184.5529411764706,184.5529411764706,2.1,0.0,2.1,0.0,2.1,0.0,0.0,496.5882352941177,496.5882352941177
2025-05-12 19:15:00+02:00,plant_1,2.1,141.41,117.27,32.93,174.34,150.2,32.93,74.7,0.0,DE_DA_price,DE_ID3_price,natural_gas_price,,87.88235294117648,83.54096470588236,0.0,0.0,0.0,2.1,2.4705882352941178,0.0,0.0,0.0,0.0,0.0,0.0,0.0,0.0,0.0,0.0,0.0,0.0,0.0,0.0,83.54096470588236,83.54096470588236,50.61096470588236,0.0,0.0,0.0,0.0,0.0,0.0,0.0,0.0,False,0.0,0.0,0.0,0.0,0.0,184.5529411764706,0.0,184.5529411764706,False,False,False,False,highs,2025-05-12_16:00_20:00,4.0,pay_as_bid,475.73,475.73,475.73,475.73,0.0,0.0,0.0,0.0,0.0,0.0,0.0,2.5,51.02040816326531,184.5529411764706,184.5529411764706,2.1,0.0,2.1,0.0,2.1,0.0,0.0,496.5882352941177,496.5882352941177
2025-05-12 19:30:00+02:00,plant_1,2.1,141.41,96.84,32.93,174.34,129.77,32.93,74.7,0.0,DE_DA_price,DE_ID3_price,natural_gas_price,,87.88235294117648,83.54096470588236,0.0,0.0,0.0,2.1,2.4705882352941178,0.0,0.0,0.0,0.0,0.0,0.0,0.0,0.0,0.0,0.0,0.0,0.0,0.0,0.0,83.54096470588236,83.54096470588236,50.61096470588236,0.0,0.0,0.0,0.0,0.0,0.0,0.0,0.0,False,0.0,0.0,0.0,0.0,0.0,184.5529411764706,0.0,184.5529411764706,False,False,False,False,highs,2025-05-12_16:00_20:00,4.0,pay_as_bid,475.73,475.73,475.73,475.73,0.0,0.0,0.0,0.0,0.0,0.0,0.0,2.5,51.02040816326531,184.5529411764706,184.5529411764706,2.1,0.0,2.1,0.0,2.1,0.0,0.0,496.5882352941177,496.5882352941177
2025-05-12 19:45:00+02:00,plant_1,2.1,141.41,85.51,32.93,174.34,118.44,55.14,74.7,0.0,DE_DA_price,DE_ID3_price,natural_gas_price,,87.88235294117648,83.54096470588236,2.5,2.1,0.28505154639175245,0.0,0.0,2.5,0.0,0.0,0.0,0.0,2.5,0.0,0.0,0.0,2.5,10.0,2.5,22.21,16.247,83.54096470588236,61.33096470588236,28.40096470588236,55.525000000000006,71.0024117647059,153.3274117647059,71.0024117647059,0.0,2.5,0.0,2.5,False,0.0,55.525000000000006,82.325,137.85000000000002,0.0,0.0,0.0,137.85000000000002,False,False,False,True,highs,2025-05-12_16:00_20:00,4.0,pay_as_bid,475.73,475.73,475.73,475.73,0.0,0.0,0.0,0.0,0.0,0.0,0.0,2.5,50.72953923837576,137.85000000000002,137.85000000000002,2.1,0.0,2.1,0.0,0.0,2.1,752.206867374482,0.0,752.206867374482
2025-05-12 20:00:00+02:00,plant_1,2.1,172.7,112.21,32.93,205.63,145.14,101.41,74.7,0.0,DE_DA_price,DE_ID3_price,natural_gas_price,,87.88235294117648,83.54096470588236,0.0,0.27643087499999985,0.0,1.8235691250000001,2.145375441176471,0.0,0.0,0.0,0.0,0.0,0.0,0.0,0.0,0.0,0.0,0.0,0.0,68.48,1.304,83.54096470588236,15.060964705882355,-17.869035294117637,0.0,0.0,0.0,0.0,0.0,0.0,0.0,0.0,False,0.0,0.0,0.0,0.0,0.0,160.25954545588237,0.0,160.25954545588237,False,False,False,False,highs,2025-05-12_20:00_00:00,4.0,pay_as_bid,34.0,34.0,34.0,34.0,0.0,0.0,0.0,0.0,0.0,0.0,0.0,2.5,51.02040816326531,160.25954545588237,160.25954545588237,2.1,0.0,2.1,0.0,1.8235691250000001,0.27643087499999985,0.0,431.2204636764707,431.2204636764707
2025-05-12 20:15:00+02:00,plant_1,2.1,172.7,103.99,32.93,205.63,136.92,68.02000000000001,74.7,0.0,DE_DA_price,DE_ID3_price,natural_gas_price,,87.88235294117648,83.54096470588236,2.5,2.1,0.28505154639175245,0.0,0.0,2.5,0.0,0.0,0.0,0.0,2.5,0.0,0.0,0.0,2.5,10.0,2.5,35.09,3.619,83.54096470588236,48.450964705882356,15.52096470588235,87.72500000000001,38.80241176470587,121.1274117647059,38.80241176470587,0.0,2.5,0.0,2.5,False,0.0,87.72500000000001,82.325,170.05,0.0,0.0,0.0,170.05,False,False,False,True,highs,2025-05-12_20:00_00:00,4.0,pay_as_bid,34.0,34.0,34.0,34.0,0.0,0.0,0.0,0.0,0.0,0.0,0.0,2.5,50.72953923837576,170.05,170.05,2.1,0.0,2.1,0.0,0.0,2.1,806.5455435422554,0.0,806.5455435422554
2025-05-12 20:30:00+02:00,plant_1,2.1,172.7,94.23,32.93,205.63,127.16,50.78,74.7,0.0,DE_DA_price,DE_ID3_price,natural_gas_price,,87.88235294117648,83.54096470588236,2.5,2.1,0.5700318298969069,0.0,0.0,2.5,0.0,0.0,0.0,0.0,2.5,0.0,0.0,0.0,2.5,10.0,2.5,17.85,17.551,83.54096470588236,65.69096470588235,32.76096470588236,44.625,81.9024117647059,164.2274117647059,81.9024117647059,0.0,2.5,0.0,2.5,False,0.0,44.625,82.325,126.95,0.0,0.0,0.0,126.95,False,False,False,True,highs,2025-05-12_20:00_00:00,4.0,pay_as_bid,34.0,34.0,34.0,34.0,0.0,0.0,0.0,0.0,0.0,0.0,0.0,2.5,50.43874303071745,126.95,126.95,2.1,0.0,2.1,0.0,0.0,2.1,810.2326009455167,0.0,810.2326009455167
2025-05-12 20:45:00+02:00,plant_1,2.1,172.7,86.66,32.93,205.63,119.59,48.53,74.7,0.0,DE_DA_price,DE_ID3_price,natural_gas_price,,87.88235294117648,83.54096470588236,2.5,2.1,0.8549408683311852,0.0,0.0,2.5,0.0,0.0,0.0,0.0,2.5,0.0,0.0,0.0,2.5,10.0,2.5,15.6,29.296,83.54096470588236,67.94096470588237,35.01096470588236,39.0,87.5274117647059,169.85241176470592,87.5274117647059,0.0,2.5,0.0,2.5,False,0.0,39.0,82.325,121.325,0.0,0.0,0.0,121.325,False,False,False,True,highs,2025-05-12_20:00_00:00,4.0,pay_as_bid,34.0,34.0,34.0,34.0,0.0,0.0,0.0,0.0,0.0,0.0,0.0,2.5,50.148019522111035,121.325,121.325,2.1,0.0,2.1,0.0,0.0,2.1,804.1938853339814,0.0,804.1938853339814
2025-05-12 21:00:00+02:00,plant_1,2.1,117.25,104.69,32.93,150.18,137.62,70.67,74.7,0.0,DE_DA_price,DE_ID3_price,natural_gas_price,,87.88235294117648,83.54096470588236,2.5,2.1,1.1397786795058549,0.0,0.0,2.5,0.0,0.0,0.0,0.0,2.5,0.0,0.0,0.0,2.5,10.0,2.5,37.74,3.232,83.54096470588236,45.80096470588236,12.870964705882358,94.35000000000001,32.177411764705894,114.5024117647059,32.177411764705894,0.0,2.5,0.0,2.5,False,0.0,94.35000000000001,82.325,176.675,0.0,0.0,0.0,176.675,False,False,False,True,highs,2025-05-12_20:00_00:00,4.0,pay_as_bid,34.0,34.0,34.0,34.0,0.0,0.0,0.0,0.0,0.0,0.0,0.0,2.5,49.85736869438178,176.675,176.675,2.1,0.0,2.1,0.0,0.0,2.1,784.8618282737583,0.0,784.8618282737583
2025-05-12 21:15:00+02:00,plant_1,2.1,117.25,95.54,32.93,150.18,128.47,45.629999999999995,74.7,0.0,DE_DA_price,DE_ID3_price,natural_gas_price,,87.88235294117648,83.54096470588236,2.5,2.1,1.4245452812277308,0.0,0.0,2.5,0.0,0.0,0.0,0.0,2.5,0.0,0.0,0.0,2.5,10.0,2.5,12.7,26.69,83.54096470588236,70.84096470588236,37.910964705882364,31.75,94.7774117647059,177.1024117647059,94.7774117647059,0.0,2.5,0.0,2.5,False,0.0,31.75,82.325,114.075,0.0,0.0,0.0,114.075,False,False,False,True,highs,2025-05-12_20:00_00:00,4.0,pay_as_bid,34.0,34.0,34.0,34.0,0.0,0.0,0.0,0.0,0.0,0.0,0.0,2.5,49.56679052935946,114.075,114.075,2.1,0.0,2.1,0.0,0.0,2.1,782.0296173297736,0.0,782.0296173297736
2025-05-12 21:30:00+02:00,plant_1,2.1,117.25,84.09,32.93,150.18,117.02000000000001,40.019999999999996,74.7,0.0,DE_DA_price,DE_ID3_price,natural_gas_price,,87.88235294117648,83.54096470588236,2.5,2.1,1.7092406912991764,0.0,0.0,2.5,0.0,0.0,0.0,0.0,2.5,0.0,0.0,0.0,2.5,10.0,2.5,7.09,55.464,83.54096470588236,76.45096470588236,43.52096470588236,17.725,108.80241176470591,191.1274117647059,108.80241176470591,0.0,2.5,0.0,2.5,False,0.0,17.725,82.325,100.05000000000001,0.0,0.0,0.0,100.05000000000001,False,False,False,True,highs,2025-05-12_20:00_00:00,4.0,pay_as_bid,34.0,34.0,34.0,34.0,0.0,0.0,0.0,0.0,0.0,0.0,0.0,2.5,49.27628500887839,100.05000000000001,100.05000000000001,2.1,0.0,2.1,0.0,0.0,2.1,785.1404446587072,0.0,785.1404446587072
2025-05-12 21:45:00+02:00,plant_1,2.1,117.25,74.1,32.93,150.18,107.03,50.0,74.7,0.0,DE_DA_price,DE_ID3_price,natural_gas_price,,87.88235294117648,83.54096470588236,2.5,2.1,1.9938649275181042,0.0,0.0,2.5,0.0,0.0,0.0,0.0,2.5,0.0,0.0,0.0,2.5,10.0,2.5,17.07,38.169,83.54096470588236,66.47096470588235,33.54096470588236,42.675,83.85241176470589,166.17741176470588,83.85241176470589,0.0,2.5,0.0,2.5,False,0.0,42.675,82.325,125.0,0.0,0.0,0.0,125.0,False,False,False,True,highs,2025-05-12_20:00_00:00,4.0,pay_as_bid,34.0,34.0,34.0,34.0,0.0,0.0,0.0,0.0,0.0,0.0,0.0,2.5,48.985852114777444,125.0,125.0,2.1,0.0,2.1,0.0,0.0,2.1,790.0125824605457,0.0,790.0125824605457
2025-05-12 22:00:00+02:00,plant_1,2.1,100.11,94.26,32.93,133.04,127.19,102.83000000000001,74.7,0.0,DE_DA_price,DE_ID3_price,natural_gas_price,,87.88235294117648,83.54096470588236,0.0,1.9335654674476377,0.0,0.1664345325523624,0.195805332414544,0.0,0.0,0.0,0.0,0.0,0.0,0.0,0.0,0.0,0.0,0.0,0.0,69.9,1.397,83.54096470588236,13.640964705882354,-19.289035294117653,0.0,0.0,0.0,0.0,0.0,0.0,0.0,0.0,False,0.0,0.0,0.0,0.0,0.0,14.626658331366437,0.0,14.626658331366437,False,False,False,False,highs,2025-05-12_20:00_00:00,4.0,pay_as_bid,34.0,34.0,34.0,34.0,0.0,0.0,0.0,0.0,0.0,0.0,0.0,2.5,51.02040816326531,14.626658331366437,14.626658331366437,2.1,0.0,2.1,0.0,0.1664345325523624,1.9335654674476377,0.0,39.356871815323345,39.356871815323345
2025-05-12 22:15:00+02:00,plant_1,2.1,100.11,90.79,32.93,133.04,123.72,99.06,74.7,0.0,DE_DA_price,DE_ID3_price,natural_gas_price,,87.88235294117648,83.54096470588236,0.0,0.0,0.0,2.1,2.4705882352941178,0.0,0.0,0.0,0.0,0.0,0.0,0.0,0.0,0.0,0.0,0.0,0.0,66.13,0.054,83.54096470588236,17.410964705882364,-15.519035294117643,0.0,0.0,0.0,0.0,0.0,0.0,0.0,0.0,False,0.0,0.0,0.0,0.0,0.0,184.5529411764706,0.0,184.5529411764706,False,False,False,False,highs,2025-05-12_20:00_00:00,4.0,pay_as_bid,34.0,34.0,34.0,34.0,0.0,0.0,0.0,0.0,0.0,0.0,0.0,2.5,51.02040816326531,184.5529411764706,184.5529411764706,2.1,0.0,2.1,0.0,2.1,0.0,0.0,496.5882352941177,496.5882352941177
2025-05-12 22:30:00+02:00,plant_1,2.1,100.11,85.68,32.93,133.04,118.61000000000001,81.83,74.7,0.0,DE_DA_price,DE_ID3_price,natural_gas_price,,87.88235294117648,83.54096470588236,0.199,0.1891694,0.0,1.9108306000000002,2.2480360000000004,0.199,0.0,0.0,0.0,0.0,0.199,0.0,0.0,0.0,2.5,10.0,0.199,48.9,0.199,83.54096470588236,34.64096470588236,1.7109647058823612,9.7311,0.34048197647058986,6.89355197647059,0.34048197647058986,0.0,2.5,0.0,0.199,False,0.0,9.7311,6.55307,16.28417,0.0,167.92828920000002,0.0,184.2124592,False,False,False,True,highs,2025-05-12_20:00_00:00,4.0,pay_as_bid,34.0,34.0,34.0,34.0,0.0,0.0,0.0,0.0,0.0,0.0,0.0,2.5,51.02040816326531,184.2124592,184.2124592,2.1,0.0,2.1,0.0,1.9108306000000002,0.1891694,62.058914686332436,451.85523600000005,513.9141506863325
2025-05-12 22:45:00+02:00,plant_1,2.1,100.11,81.17,32.93,133.04,114.1,77.7,74.7,0.0,DE_DA_price,DE_ID3_price,natural_gas_price,,87.88235294117648,83.54096470588236,0.988,0.9391927999999999,0.0,1.1608072000000003,1.3656555294117652,0.988,0.0,0.0,0.0,0.0,0.988,0.0,0.0,0.0,2.5,10.0,0.988,44.77,0.988,83.54096470588236,38.770964705882356,5.840964705882357,44.232760000000006,5.770873129411768,38.30571312941177,5.770873129411768,0.0,2.5,0.0,0.988,False,0.0,44.232760000000006,32.53484,76.76760000000002,0.0,102.01446804705886,0.0,178.78206804705889,False,False,False,True,highs,2025-05-12_20:00_00:00,4.0,pay_as_bid,34.0,34.0,34.0,34.0,0.0,0.0,0.0,0.0,0.0,0.0,0.0,2.5,51.02040816326531,178.78206804705889,178.78206804705889,2.1,0.0,2.1,0.0,1.1608072000000003,0.9391927999999999,307.16562237028353,274.4967614117648,581.6623837820483
2025-05-12 23:00:00+02:00,plant_1,2.0875,92.97,88.31,32.93,125.9,121.24000000000001,99.63,74.7,0.0,DE_DA_price,DE_ID3_price,natural_gas_price,,87.88235294117648,83.54096470588236,0.0,0.0,0.0,2.0875,2.4558823529411766,0.0,0.0,0.0,0.0,0.0,0.0,0.0,0.0,0.0,0.0,0.0,0.0,66.7,0.159,83.54096470588236,16.840964705882357,-16.089035294117636,0.0,0.0,0.0,0.0,0.0,0.0,0.0,0.0,False,0.0,0.0,0.0,0.0,0.0,183.4544117647059,0.0,183.4544117647059,False,False,False,False,highs,2025-05-12_20:00_00:00,4.0,pay_as_bid,34.0,34.0,34.0,34.0,0.0,0.0,0.0,0.0,0.0,0.0,0.0,2.5,51.02040816326531,183.4544117647059,183.4544117647059,2.0875,0.0,2.0875,0.0,2.0875,0.0,0.0,493.6323529411765,493.6323529411765
2025-05-12 23:15:00+02:00,plant_1,2.0875,92.97,82.95,32.93,125.9,115.88,97.94999999999999,74.7,0.0,DE_DA_price,DE_ID3_price,natural_gas_price,,87.88235294117648,83.54096470588236,0.0,0.0,0.0,2.0875,2.4558823529411766,0.0,0.0,0.0,0.0,0.0,0.0,0.0,0.0,0.0,0.0,0.0,0.0,65.02,0.144,83.54096470588236,18.520964705882363,-14.40903529411763,0.0,0.0,0.0,0.0,0.0,0.0,0.0,0.0,False,0.0,0.0,0.0,0.0,0.0,183.4544117647059,0.0,183.4544117647059,False,False,False,False,highs,2025-05-12_20:00_00:00,4.0,pay_as_bid,34.0,34.0,34.0,34.0,0.0,0.0,0.0,0.0,0.0,0.0,0.0,2.5,51.02040816326531,183.4544117647059,183.4544117647059,2.0875,0.0,2.0875,0.0,2.0875,0.0,0.0,493.6323529411765,493.6323529411765
2025-05-12 23:30:00+02:00,plant_1,2.0875,92.97,83.06,32.93,125.9,115.99000000000001,89.62,74.7,0.0,DE_DA_price,DE_ID3_price,natural_gas_price,,87.88235294117648,83.54096470588236,0.0,0.0,0.0,2.0875,2.4558823529411766,0.0,0.0,0.0,0.0,0.0,0.0,0.0,0.0,0.0,0.0,0.0,0.0,56.69,0.202,83.54096470588236,26.85096470588236,-6.079035294117645,0.0,0.0,0.0,0.0,0.0,0.0,0.0,0.0,False,0.0,0.0,0.0,0.0,0.0,183.4544117647059,0.0,183.4544117647059,False,False,False,False,highs,2025-05-12_20:00_00:00,4.0,pay_as_bid,34.0,34.0,34.0,34.0,0.0,0.0,0.0,0.0,0.0,0.0,0.0,2.5,51.02040816326531,183.4544117647059,183.4544117647059,2.0875,0.0,2.0875,0.0,2.0875,0.0,0.0,493.6323529411765,493.6323529411765
2025-05-12 23:45:00+02:00,plant_1,2.0875,92.97,86.54,32.93,125.9,119.47,110.69,74.7,0.0,DE_DA_price,DE_ID3_price,natural_gas_price,,87.88235294117648,83.54096470588236,0.0,0.0,0.0,2.0875,2.4558823529411766,0.0,0.0,0.0,0.0,0.0,0.0,0.0,0.0,0.0,0.0,0.0,0.0,77.76,0.119,83.54096470588236,5.780964705882354,-27.14903529411764,0.0,0.0,0.0,0.0,0.0,0.0,0.0,0.0,False,0.0,0.0,0.0,0.0,0.0,183.4544117647059,0.0,183.4544117647059,False,False,False,False,highs,2025-05-12_20:00_00:00,4.0,pay_as_bid,34.0,34.0,34.0,34.0,0.0,0.0,0.0,0.0,0.0,0.0,0.0,2.5,51.02040816326531,183.4544117647059,183.4544117647059,2.0875,0.0,2.0875,0.0,2.0875,0.0,0.0,493.6323529411765,493.6323529411765
2025-05-13 00:00:00+02:00,plant_1,2.0875,89.87,81.76,32.93,122.80000000000001,114.69,32.93,74.7,0.0,DE_DA_price,DE_ID3_price,natural_gas_price,,87.88235294117648,83.54096470588236,0.0,0.0,0.0,2.0875,2.4558823529411766,0.0,0.0,0.0,0.0,0.0,0.0,0.0,0.0,0.0,0.0,0.0,0.0,0.0,0.0,83.54096470588236,83.54096470588236,50.61096470588236,0.0,0.0,0.0,0.0,0.0,0.0,0.0,0.0,False,0.0,0.0,0.0,0.0,0.0,183.4544117647059,0.0,183.4544117647059,False,False,False,False,highs,2025-05-13_00:00_04:00,4.0,pay_as_bid,29.64,29.64,29.64,29.64,0.0,0.0,0.0,0.0,0.0,0.0,0.0,2.5,51.02040816326531,183.4544117647059,183.4544117647059,2.0875,0.0,2.0875,0.0,2.0875,0.0,0.0,493.6323529411765,493.6323529411765
2025-05-13 00:15:00+02:00,plant_1,2.0875,89.87,85.82,32.93,122.80000000000001,118.75,103.11000000000001,74.7,0.0,DE_DA_price,DE_ID3_price,natural_gas_price,,87.88235294117648,83.54096470588236,0.0,0.0,0.0,2.0875,2.4558823529411766,0.0,0.0,0.0,0.0,0.0,0.0,0.0,0.0,0.0,0.0,0.0,0.0,70.18,0.063,83.54096470588236,13.360964705882353,-19.569035294117654,0.0,0.0,0.0,0.0,0.0,0.0,0.0,0.0,False,0.0,0.0,0.0,0.0,0.0,183.4544117647059,0.0,183.4544117647059,False,False,False,False,highs,2025-05-13_00:00_04:00,4.0,pay_as_bid,29.64,29.64,29.64,29.64,0.0,0.0,0.0,0.0,0.0,0.0,0.0,2.5,51.02040816326531,183.4544117647059,183.4544117647059,2.0875,0.0,2.0875,0.0,2.0875,0.0,0.0,493.6323529411765,493.6323529411765
2025-05-13 00:30:00+02:00,plant_1,2.0875,89.87,96.24,32.93,122.80000000000001,129.17,32.93,74.7,0.0,DE_DA_price,DE_ID3_price,natural_gas_price,,87.88235294117648,83.54096470588236,0.0,0.0,0.0,2.0875,2.4558823529411766,0.0,0.0,0.0,0.0,0.0,0.0,0.0,0.0,0.0,0.0,0.0,0.0,0.0,0.0,83.54096470588236,83.54096470588236,50.61096470588236,0.0,0.0,0.0,0.0,0.0,0.0,0.0,0.0,False,0.0,0.0,0.0,0.0,0.0,183.4544117647059,0.0,183.4544117647059,False,False,False,False,highs,2025-05-13_00:00_04:00,4.0,pay_as_bid,29.64,29.64,29.64,29.64,0.0,0.0,0.0,0.0,0.0,0.0,0.0,2.5,51.02040816326531,183.4544117647059,183.4544117647059,2.0875,0.0,2.0875,0.0,2.0875,0.0,0.0,493.6323529411765,493.6323529411765
2025-05-13 00:45:00+02:00,plant_1,2.0875,89.87,98.32,32.93,122.80000000000001,131.25,32.93,74.7,0.0,DE_DA_price,DE_ID3_price,natural_gas_price,,87.88235294117648,83.54096470588236,0.0,0.0,0.0,2.0875,2.4558823529411766,0.0,0.0,0.0,0.0,0.0,0.0,0.0,0.0,0.0,0.0,0.0,0.0,0.0,0.0,83.54096470588236,83.54096470588236,50.61096470588236,0.0,0.0,0.0,0.0,0.0,0.0,0.0,0.0,False,0.0,0.0,0.0,0.0,0.0,183.4544117647059,0.0,183.4544117647059,False,False,False,False,highs,2025-05-13_00:00_04:00,4.0,pay_as_bid,29.64,29.64,29.64,29.64,0.0,0.0,0.0,0.0,0.0,0.0,0.0,2.5,51.02040816326531,183.4544117647059,183.4544117647059,2.0875,0.0,2.0875,0.0,2.0875,0.0,0.0,493.6323529411765,493.6323529411765
2025-05-13 01:00:00+02:00,plant_1,2.0875,88.55,88.29,32.93,121.47999999999999,121.22,95.89,74.7,0.0,DE_DA_price,DE_ID3_price,natural_gas_price,,87.88235294117648,83.54096470588236,0.0,0.0,0.0,2.0875,2.4558823529411766,0.0,0.0,0.0,0.0,0.0,0.0,0.0,0.0,0.0,0.0,0.0,0.0,62.96,0.447,83.54096470588236,20.58096470588236,-12.349035294117641,0.0,0.0,0.0,0.0,0.0,0.0,0.0,0.0,False,0.0,0.0,0.0,0.0,0.0,183.4544117647059,0.0,183.4544117647059,False,False,False,False,highs,2025-05-13_00:00_04:00,4.0,pay_as_bid,29.64,29.64,29.64,29.64,0.0,0.0,0.0,0.0,0.0,0.0,0.0,2.5,51.02040816326531,183.4544117647059,183.4544117647059,2.0875,0.0,2.0875,0.0,2.0875,0.0,0.0,493.6323529411765,493.6323529411765
2025-05-13 01:15:00+02:00,plant_1,2.0875,88.55,96.85,32.93,121.47999999999999,129.78,32.93,74.7,0.0,DE_DA_price,DE_ID3_price,natural_gas_price,,87.88235294117648,83.54096470588236,0.0,0.0,0.0,2.0875,2.4558823529411766,0.0,0.0,0.0,0.0,0.0,0.0,0.0,0.0,0.0,0.0,0.0,0.0,0.0,0.0,83.54096470588236,83.54096470588236,50.61096470588236,0.0,0.0,0.0,0.0,0.0,0.0,0.0,0.0,False,0.0,0.0,0.0,0.0,0.0,183.4544117647059,0.0,183.4544117647059,False,False,False,False,highs,2025-05-13_00:00_04:00,4.0,pay_as_bid,29.64,29.64,29.64,29.64,0.0,0.0,0.0,0.0,0.0,0.0,0.0,2.5,51.02040816326531,183.4544117647059,183.4544117647059,2.0875,0.0,2.0875,0.0,2.0875,0.0,0.0,493.6323529411765,493.6323529411765
2025-05-13 01:30:00+02:00,plant_1,2.0875,88.55,102.73,32.93,121.47999999999999,135.66,32.93,74.7,0.0,DE_DA_price,DE_ID3_price,natural_gas_price,,87.88235294117648,83.54096470588236,0.0,0.0,0.0,2.0875,2.4558823529411766,0.0,0.0,0.0,0.0,0.0,0.0,0.0,0.0,0.0,0.0,0.0,0.0,0.0,0.0,83.54096470588236,83.54096470588236,50.61096470588236,0.0,0.0,0.0,0.0,0.0,0.0,0.0,0.0,False,0.0,0.0,0.0,0.0,0.0,183.4544117647059,0.0,183.4544117647059,False,False,False,False,highs,2025-05-13_00:00_04:00,4.0,pay_as_bid,29.64,29.64,29.64,29.64,0.0,0.0,0.0,0.0,0.0,0.0,0.0,2.5,51.02040816326531,183.4544117647059,183.4544117647059,2.0875,0.0,2.0875,0.0,2.0875,0.0,0.0,493.6323529411765,493.6323529411765
2025-05-13 01:45:00+02:00,plant_1,2.0875,88.55,109.38,32.93,121.47999999999999,142.31,32.93,74.7,0.0,DE_DA_price,DE_ID3_price,natural_gas_price,,87.88235294117648,83.54096470588236,0.0,0.0,0.0,2.0875,2.4558823529411766,0.0,0.0,0.0,0.0,0.0,0.0,0.0,0.0,0.0,0.0,0.0,0.0,0.0,0.0,83.54096470588236,83.54096470588236,50.61096470588236,0.0,0.0,0.0,0.0,0.0,0.0,0.0,0.0,False,0.0,0.0,0.0,0.0,0.0,183.4544117647059,0.0,183.4544117647059,False,False,False,False,highs,2025-05-13_00:00_04:00,4.0,pay_as_bid,29.64,29.64,29.64,29.64,0.0,0.0,0.0,0.0,0.0,0.0,0.0,2.5,51.02040816326531,183.4544117647059,183.4544117647059,2.0875,0.0,2.0875,0.0,2.0875,0.0,0.0,493.6323529411765,493.6323529411765
2025-05-13 02:00:00+02:00,plant_1,2.0875,89.2,89.39,32.93,122.13,122.32,32.93,74.7,0.0,DE_DA_price,DE_ID3_price,natural_gas_price,,87.88235294117648,83.54096470588236,0.0,0.0,0.0,2.0875,2.4558823529411766,0.0,0.0,0.0,0.0,0.0,0.0,0.0,0.0,0.0,0.0,0.0,0.0,0.0,0.0,83.54096470588236,83.54096470588236,50.61096470588236,0.0,0.0,0.0,0.0,0.0,0.0,0.0,0.0,False,0.0,0.0,0.0,0.0,0.0,183.4544117647059,0.0,183.4544117647059,False,False,False,False,highs,2025-05-13_00:00_04:00,4.0,pay_as_bid,29.64,29.64,29.64,29.64,0.0,0.0,0.0,0.0,0.0,0.0,0.0,2.5,51.02040816326531,183.4544117647059,183.4544117647059,2.0875,0.0,2.0875,0.0,2.0875,0.0,0.0,493.6323529411765,493.6323529411765
2025-05-13 02:15:00+02:00,plant_1,2.0875,89.2,96.88,32.93,122.13,129.81,137.71,74.7,0.0,DE_DA_price,DE_ID3_price,natural_gas_price,,87.88235294117648,83.54096470588236,0.0,0.0,0.0,2.0875,2.4558823529411766,0.0,0.0,0.0,0.0,0.0,0.0,0.0,0.0,0.0,0.0,0.0,0.0,104.78,0.008,83.54096470588236,-21.23903529411764,-54.16903529411765,0.0,0.0,0.0,0.0,0.0,0.0,0.0,0.0,False,0.0,0.0,0.0,0.0,0.0,183.4544117647059,0.0,183.4544117647059,False,False,False,False,highs,2025-05-13_00:00_04:00,4.0,pay_as_bid,29.64,29.64,29.64,29.64,0.0,0.0,0.0,0.0,0.0,0.0,0.0,2.5,51.02040816326531,183.4544117647059,183.4544117647059,2.0875,0.0,2.0875,0.0,2.0875,0.0,0.0,493.6323529411765,493.6323529411765
2025-05-13 02:30:00+02:00,plant_1,2.0875,89.2,110.25,32.93,122.13,143.18,32.93,74.7,0.0,DE_DA_price,DE_ID3_price,natural_gas_price,,87.88235294117648,83.54096470588236,0.0,0.0,0.0,2.0875,2.4558823529411766,0.0,0.0,0.0,0.0,0.0,0.0,0.0,0.0,0.0,0.0,0.0,0.0,0.0,0.0,83.54096470588236,83.54096470588236,50.61096470588236,0.0,0.0,0.0,0.0,0.0,0.0,0.0,0.0,False,0.0,0.0,0.0,0.0,0.0,183.4544117647059,0.0,183.4544117647059,False,False,False,False,highs,2025-05-13_00:00_04:00,4.0,pay_as_bid,29.64,29.64,29.64,29.64,0.0,0.0,0.0,0.0,0.0,0.0,0.0,2.5,51.02040816326531,183.4544117647059,183.4544117647059,2.0875,0.0,2.0875,0.0,2.0875,0.0,0.0,493.6323529411765,493.6323529411765
2025-05-13 02:45:00+02:00,plant_1,2.0875,89.2,115.03,32.93,122.13,147.96,73.00999999999999,74.7,0.0,DE_DA_price,DE_ID3_price,natural_gas_price,,87.88235294117648,83.54096470588236,2.5,2.0875,0.29793814432989674,0.0,0.0,2.5,0.0,0.0,0.0,0.0,2.5,0.0,0.0,0.0,2.5,10.0,2.5,40.08,3.839,83.54096470588236,43.46096470588236,10.530964705882369,100.19999999999999,26.32741176470592,108.6524117647059,26.32741176470592,0.0,2.5,0.0,2.5,False,0.0,100.19999999999999,82.325,182.52499999999998,0.0,0.0,0.0,182.52499999999998,False,False,False,True,highs,2025-05-13_00:00_04:00,4.0,pay_as_bid,29.64,29.64,29.64,29.64,0.0,0.0,0.0,0.0,0.0,0.0,0.0,2.5,50.71638964864296,182.52499999999998,182.52499999999998,2.0875,0.0,2.0875,0.0,0.0,2.0875,973.6626472323233,0.0,973.6626472323233
2025-05-13 03:00:00+02:00,plant_1,2.0875,93.94,91.25,32.93,126.87,124.18,90.53999999999999,74.7,0.0,DE_DA_price,DE_ID3_price,natural_gas_price,,87.88235294117648,83.54096470588236,0.0,0.2889277499999998,0.0,1.79857225,2.1159673529411767,0.0,0.0,0.0,0.0,0.0,0.0,0.0,0.0,0.0,0.0,0.0,0.0,57.61,3.713,83.54096470588236,25.93096470588236,-6.999035294117633,0.0,0.0,0.0,0.0,0.0,0.0,0.0,0.0,False,0.0,0.0,0.0,0.0,0.0,158.0627612647059,0.0,158.0627612647059,False,False,False,False,highs,2025-05-13_00:00_04:00,4.0,pay_as_bid,29.64,29.64,29.64,29.64,0.0,0.0,0.0,0.0,0.0,0.0,0.0,2.5,51.02040816326531,158.0627612647059,158.0627612647059,2.0875,0.0,2.0875,0.0,1.79857225,0.2889277499999998,0.0,425.3094379411765,425.3094379411765
2025-05-13 03:15:00+02:00,plant_1,2.0875,93.94,99.02,32.93,126.87,131.95,95.08,74.7,0.0,DE_DA_price,DE_ID3_price,natural_gas_price,,87.88235294117648,83.54096470588236,0.0,0.0,0.0,2.0875,2.4558823529411766,0.0,0.0,0.0,0.0,0.0,0.0,0.0,0.0,0.0,0.0,0.0,0.0,62.15,0.986,83.54096470588236,21.39096470588236,-11.539035294117639,0.0,0.0,0.0,0.0,0.0,0.0,0.0,0.0,False,0.0,0.0,0.0,0.0,0.0,183.4544117647059,0.0,183.4544117647059,False,False,False,False,highs,2025-05-13_00:00_04:00,4.0,pay_as_bid,29.64,29.64,29.64,29.64,0.0,0.0,0.0,0.0,0.0,0.0,0.0,2.5,51.02040816326531,183.4544117647059,183.4544117647059,2.0875,0.0,2.0875,0.0,2.0875,0.0,0.0,493.6323529411765,493.6323529411765
2025-05-13 03:30:00+02:00,plant_1,2.0875,93.94,109.57,32.93,126.87,142.5,89.52000000000001,74.7,0.0,DE_DA_price,DE_ID3_price,natural_gas_price,,87.88235294117648,83.54096470588236,0.0,0.0,0.0,2.0875,2.4558823529411766,0.0,0.0,0.0,0.0,0.0,0.0,0.0,0.0,0.0,0.0,0.0,0.0,56.59,3.356,83.54096470588236,26.950964705882356,-5.979035294117651,0.0,0.0,0.0,0.0,0.0,0.0,0.0,0.0,False,0.0,0.0,0.0,0.0,0.0,183.4544117647059,0.0,183.4544117647059,False,False,False,False,highs,2025-05-13_00:00_04:00,4.0,pay_as_bid,29.64,29.64,29.64,29.64,0.0,0.0,0.0,0.0,0.0,0.0,0.0,2.5,51.02040816326531,183.4544117647059,183.4544117647059,2.0875,0.0,2.0875,0.0,2.0875,0.0,0.0,493.6323529411765,493.6323529411765
2025-05-13 03:45:00+02:00,plant_1,2.0875,93.94,114.8,32.93,126.87,147.73,87.37,74.7,0.0,DE_DA_price,DE_ID3_price,natural_gas_price,,87.88235294117648,83.54096470588236,0.0,0.0,0.0,2.0875,2.4558823529411766,0.0,0.0,0.0,0.0,0.0,0.0,0.0,0.0,0.0,0.0,0.0,0.0,54.44,12.64,83.54096470588236,29.10096470588236,-3.829035294117645,0.0,0.0,0.0,0.0,0.0,0.0,0.0,0.0,False,0.0,0.0,0.0,0.0,0.0,183.4544117647059,0.0,183.4544117647059,False,False,False,False,highs,2025-05-13_00:00_04:00,4.0,pay_as_bid,29.64,29.64,29.64,29.64,0.0,0.0,0.0,0.0,0.0,0.0,0.0,2.5,51.02040816326531,183.4544117647059,183.4544117647059,2.0875,0.0,2.0875,0.0,2.0875,0.0,0.0,493.6323529411765,493.6323529411765
2025-05-13 04:00:00+02:00,plant_1,2.0875,96.71,107.92,32.93,129.64,140.85,91.85,74.7,0.0,DE_DA_price,DE_ID3_price,natural_gas_price,,87.88235294117648,83.54096470588236,0.0,0.0,0.0,2.0875,2.4558823529411766,0.0,0.0,0.0,0.0,0.0,0.0,0.0,0.0,0.0,0.0,0.0,0.0,58.92,12.674,83.54096470588236,24.620964705882358,-8.309035294117635,0.0,0.0,0.0,0.0,0.0,0.0,0.0,0.0,False,0.0,0.0,0.0,0.0,0.0,183.4544117647059,0.0,183.4544117647059,False,False,False,False,highs,2025-05-13_04:00_08:00,4.0,pay_as_bid,14.15,14.15,14.15,14.15,0.0,0.0,0.0,0.0,0.0,0.0,0.0,2.5,51.02040816326531,183.4544117647059,183.4544117647059,2.0875,0.0,2.0875,0.0,2.0875,0.0,0.0,493.6323529411765,493.6323529411765
2025-05-13 04:15:00+02:00,plant_1,2.0875,96.71,121.88,32.93,129.64,154.81,111.91999999999999,74.7,0.0,DE_DA_price,DE_ID3_price,natural_gas_price,,87.88235294117648,83.54096470588236,0.0,0.0,0.0,2.0875,2.4558823529411766,0.0,0.0,0.0,0.0,0.0,0.0,0.0,0.0,0.0,0.0,0.0,0.0,78.99,0.107,83.54096470588236,4.550964705882365,-28.379035294117628,0.0,0.0,0.0,0.0,0.0,0.0,0.0,0.0,False,0.0,0.0,0.0,0.0,0.0,183.4544117647059,0.0,183.4544117647059,False,False,False,False,highs,2025-05-13_04:00_08:00,4.0,pay_as_bid,14.15,14.15,14.15,14.15,0.0,0.0,0.0,0.0,0.0,0.0,0.0,2.5,51.02040816326531,183.4544117647059,183.4544117647059,2.0875,0.0,2.0875,0.0,2.0875,0.0,0.0,493.6323529411765,493.6323529411765
2025-05-13 04:30:00+02:00,plant_1,2.0875,96.71,130.62,32.93,129.64,163.55,114.77000000000001,74.7,0.0,DE_DA_price,DE_ID3_price,natural_gas_price,,87.88235294117648,83.54096470588236,0.0,0.0,0.0,2.0875,2.4558823529411766,0.0,0.0,0.0,0.0,0.0,0.0,0.0,0.0,0.0,0.0,0.0,0.0,81.84,0.032,83.54096470588236,1.700964705882356,-31.22903529411765,0.0,0.0,0.0,0.0,0.0,0.0,0.0,0.0,False,0.0,0.0,0.0,0.0,0.0,183.4544117647059,0.0,183.4544117647059,False,False,False,False,highs,2025-05-13_04:00_08:00,4.0,pay_as_bid,14.15,14.15,14.15,14.15,0.0,0.0,0.0,0.0,0.0,0.0,0.0,2.5,51.02040816326531,183.4544117647059,183.4544117647059,2.0875,0.0,2.0875,0.0,2.0875,0.0,0.0,493.6323529411765,493.6323529411765
2025-05-13 04:45:00+02:00,plant_1,2.0875,96.71,130.21,32.93,129.64,163.14000000000001,32.93,74.7,0.0,DE_DA_price,DE_ID3_price,natural_gas_price,,87.88235294117648,83.54096470588236,0.0,0.0,0.0,2.0875,2.4558823529411766,0.0,0.0,0.0,0.0,0.0,0.0,0.0,0.0,0.0,0.0,0.0,0.0,0.0,0.0,83.54096470588236,83.54096470588236,50.61096470588236,0.0,0.0,0.0,0.0,0.0,0.0,0.0,0.0,False,0.0,0.0,0.0,0.0,0.0,183.4544117647059,0.0,183.4544117647059,False,False,False,False,highs,2025-05-13_04:00_08:00,4.0,pay_as_bid,14.15,14.15,14.15,14.15,0.0,0.0,0.0,0.0,0.0,0.0,0.0,2.5,51.02040816326531,183.4544117647059,183.4544117647059,2.0875,0.0,2.0875,0.0,2.0875,0.0,0.0,493.6323529411765,493.6323529411765
2025-05-13 05:00:00+02:00,plant_1,2.0875,104.0,160.25,32.93,136.93,193.18,32.93,74.7,0.0,DE_DA_price,DE_ID3_price,natural_gas_price,,87.88235294117648,83.54096470588236,0.0,0.0,0.0,2.0875,2.4558823529411766,0.0,0.0,0.0,0.0,0.0,0.0,0.0,0.0,0.0,0.0,0.0,0.0,0.0,0.0,83.54096470588236,83.54096470588236,50.61096470588236,0.0,0.0,0.0,0.0,0.0,0.0,0.0,0.0,False,0.0,0.0,0.0,0.0,0.0,183.4544117647059,0.0,183.4544117647059,False,False,False,False,highs,2025-05-13_04:00_08:00,4.0,pay_as_bid,14.15,14.15,14.15,14.15,0.0,0.0,0.0,0.0,0.0,0.0,0.0,2.5,51.02040816326531,183.4544117647059,183.4544117647059,2.0875,0.0,2.0875,0.0,2.0875,0.0,0.0,493.6323529411765,493.6323529411765
2025-05-13 05:15:00+02:00,plant_1,2.0875,104.0,136.47,32.93,136.93,169.4,32.93,74.7,0.0,DE_DA_price,DE_ID3_price,natural_gas_price,,87.88235294117648,83.54096470588236,0.0,0.0,0.0,2.0875,2.4558823529411766,0.0,0.0,0.0,0.0,0.0,0.0,0.0,0.0,0.0,0.0,0.0,0.0,0.0,0.0,83.54096470588236,83.54096470588236,50.61096470588236,0.0,0.0,0.0,0.0,0.0,0.0,0.0,0.0,False,0.0,0.0,0.0,0.0,0.0,183.4544117647059,0.0,183.4544117647059,False,False,False,False,highs,2025-05-13_04:00_08:00,4.0,pay_as_bid,14.15,14.15,14.15,14.15,0.0,0.0,0.0,0.0,0.0,0.0,0.0,2.5,51.02040816326531,183.4544117647059,183.4544117647059,2.0875,0.0,2.0875,0.0,2.0875,0.0,0.0,493.6323529411765,493.6323529411765
2025-05-13 05:30:00+02:00,plant_1,2.0875,104.0,114.75,32.93,136.93,147.68,32.93,74.7,0.0,DE_DA_price,DE_ID3_price,natural_gas_price,,87.88235294117648,83.54096470588236,0.0,0.0,0.0,2.0875,2.4558823529411766,0.0,0.0,0.0,0.0,0.0,0.0,0.0,0.0,0.0,0.0,0.0,0.0,0.0,0.0,83.54096470588236,83.54096470588236,50.61096470588236,0.0,0.0,0.0,0.0,0.0,0.0,0.0,0.0,False,0.0,0.0,0.0,0.0,0.0,183.4544117647059,0.0,183.4544117647059,False,False,False,False,highs,2025-05-13_04:00_08:00,4.0,pay_as_bid,14.15,14.15,14.15,14.15,0.0,0.0,0.0,0.0,0.0,0.0,0.0,2.5,51.02040816326531,183.4544117647059,183.4544117647059,2.0875,0.0,2.0875,0.0,2.0875,0.0,0.0,493.6323529411765,493.6323529411765
2025-05-13 05:45:00+02:00,plant_1,2.0875,104.0,95.32,32.93,136.93,128.25,110.94999999999999,74.7,0.0,DE_DA_price,DE_ID3_price,natural_gas_price,,87.88235294117648,83.54096470588236,0.0,0.0,0.0,2.0875,2.4558823529411766,0.0,0.0,0.0,0.0,0.0,0.0,0.0,0.0,0.0,0.0,0.0,0.0,78.02,0.026,83.54096470588236,5.520964705882363,-27.40903529411763,0.0,0.0,0.0,0.0,0.0,0.0,0.0,0.0,False,0.0,0.0,0.0,0.0,0.0,183.4544117647059,0.0,183.4544117647059,False,False,False,False,highs,2025-05-13_04:00_08:00,4.0,pay_as_bid,14.15,14.15,14.15,14.15,0.0,0.0,0.0,0.0,0.0,0.0,0.0,2.5,51.02040816326531,183.4544117647059,183.4544117647059,2.0875,0.0,2.0875,0.0,2.0875,0.0,0.0,493.6323529411765,493.6323529411765
2025-05-13 06:00:00+02:00,plant_1,2.0875,136.77,129.74,32.93,169.70000000000002,162.67000000000002,122.03,74.7,0.0,DE_DA_price,DE_ID3_price,natural_gas_price,,87.88235294117648,83.54096470588236,0.0,0.0,0.0,2.0875,2.4558823529411766,0.0,0.0,0.0,0.0,0.0,0.0,0.0,0.0,0.0,0.0,0.0,0.0,89.1,0.049,83.54096470588236,-5.559035294117635,-38.48903529411764,0.0,0.0,0.0,0.0,0.0,0.0,0.0,0.0,False,0.0,0.0,0.0,0.0,0.0,183.4544117647059,0.0,183.4544117647059,False,False,False,False,highs,2025-05-13_04:00_08:00,4.0,pay_as_bid,14.15,14.15,14.15,14.15,0.0,0.0,0.0,0.0,0.0,0.0,0.0,2.5,51.02040816326531,183.4544117647059,183.4544117647059,2.0875,0.0,2.0875,0.0,2.0875,0.0,0.0,493.6323529411765,493.6323529411765
2025-05-13 06:15:00+02:00,plant_1,2.0875,136.77,108.92,32.93,169.70000000000002,141.85,123.21000000000001,74.7,0.0,DE_DA_price,DE_ID3_price,natural_gas_price,,87.88235294117648,83.54096470588236,0.0,0.0,0.0,2.0875,2.4558823529411766,0.0,0.0,0.0,0.0,0.0,0.0,0.0,0.0,0.0,0.0,0.0,0.0,90.28,0.045,83.54096470588236,-6.739035294117642,-39.66903529411765,0.0,0.0,0.0,0.0,0.0,0.0,0.0,0.0,False,0.0,0.0,0.0,0.0,0.0,183.4544117647059,0.0,183.4544117647059,False,False,False,False,highs,2025-05-13_04:00_08:00,4.0,pay_as_bid,14.15,14.15,14.15,14.15,0.0,0.0,0.0,0.0,0.0,0.0,0.0,2.5,51.02040816326531,183.4544117647059,183.4544117647059,2.0875,0.0,2.0875,0.0,2.0875,0.0,0.0,493.6323529411765,493.6323529411765
2025-05-13 06:30:00+02:00,plant_1,2.0875,136.77,85.72,32.93,169.70000000000002,118.65,110.36000000000001,74.7,0.0,DE_DA_price,DE_ID3_price,natural_gas_price,,87.88235294117648,83.54096470588236,0.0,0.0,0.0,2.0875,2.4558823529411766,0.0,0.0,0.0,0.0,0.0,0.0,0.0,0.0,0.0,0.0,0.0,0.0,77.43,0.545,83.54096470588236,6.110964705882353,-26.819035294117654,0.0,0.0,0.0,0.0,0.0,0.0,0.0,0.0,False,0.0,0.0,0.0,0.0,0.0,183.4544117647059,0.0,183.4544117647059,False,False,False,False,highs,2025-05-13_04:00_08:00,4.0,pay_as_bid,14.15,14.15,14.15,14.15,0.0,0.0,0.0,0.0,0.0,0.0,0.0,2.5,51.02040816326531,183.4544117647059,183.4544117647059,2.0875,0.0,2.0875,0.0,2.0875,0.0,0.0,493.6323529411765,493.6323529411765
2025-05-13 06:45:00+02:00,plant_1,2.0875,136.77,70.2,32.93,169.70000000000002,103.13,113.41,74.7,0.0,DE_DA_price,DE_ID3_price,natural_gas_price,,87.88235294117648,83.54096470588236,0.0,0.0,0.0,2.0875,2.4558823529411766,0.0,0.0,0.0,0.0,0.0,0.0,0.0,0.0,0.0,0.0,0.0,0.0,80.48,0.269,83.54096470588236,3.0609647058823555,-29.869035294117637,0.0,0.0,0.0,0.0,0.0,0.0,0.0,0.0,False,0.0,0.0,0.0,0.0,0.0,183.4544117647059,0.0,183.4544117647059,False,False,False,False,highs,2025-05-13_04:00_08:00,4.0,pay_as_bid,14.15,14.15,14.15,14.15,0.0,0.0,0.0,0.0,0.0,0.0,0.0,2.5,51.02040816326531,183.4544117647059,183.4544117647059,2.0875,0.0,2.0875,0.0,2.0875,0.0,0.0,493.6323529411765,493.6323529411765
2025-05-13 07:00:00+02:00,plant_1,2.135,128.33,106.62,32.93,161.26000000000002,139.55,92.32,74.7,0.0,DE_DA_price,DE_ID3_price,natural_gas_price,,87.88235294117648,83.54096470588236,0.0,0.0,0.0,2.135,2.511764705882353,0.0,0.0,0.0,0.0,0.0,0.0,0.0,0.0,0.0,0.0,0.0,0.0,59.39,4.051,83.54096470588236,24.15096470588236,-8.779035294117634,0.0,0.0,0.0,0.0,0.0,0.0,0.0,0.0,False,0.0,0.0,0.0,0.0,0.0,187.62882352941176,0.0,187.62882352941176,False,False,False,False,highs,2025-05-13_04:00_08:00,4.0,pay_as_bid,14.15,14.15,14.15,14.15,0.0,0.0,0.0,0.0,0.0,0.0,0.0,2.5,51.02040816326531,187.62882352941176,187.62882352941176,2.135,0.0,2.135,0.0,2.135,0.0,0.0,504.86470588235295,504.86470588235295
2025-05-13 07:15:00+02:00,plant_1,2.135,128.33,101.2,32.93,161.26000000000002,134.13,89.74000000000001,74.7,0.0,DE_DA_price,DE_ID3_price,natural_gas_price,,87.88235294117648,83.54096470588236,0.0,0.0,0.0,2.135,2.511764705882353,0.0,0.0,0.0,0.0,0.0,0.0,0.0,0.0,0.0,0.0,0.0,0.0,56.81,3.091,83.54096470588236,26.730964705882357,-6.19903529411765,0.0,0.0,0.0,0.0,0.0,0.0,0.0,0.0,False,0.0,0.0,0.0,0.0,0.0,187.62882352941176,0.0,187.62882352941176,False,False,False,False,highs,2025-05-13_04:00_08:00,4.0,pay_as_bid,14.15,14.15,14.15,14.15,0.0,0.0,0.0,0.0,0.0,0.0,0.0,2.5,51.02040816326531,187.62882352941176,187.62882352941176,2.135,0.0,2.135,0.0,2.135,0.0,0.0,504.86470588235295,504.86470588235295
2025-05-13 07:30:00+02:00,plant_1,2.135,128.33,67.04,32.93,161.26000000000002,99.97,73.75999999999999,74.7,0.0,DE_DA_price,DE_ID3_price,natural_gas_price,,87.88235294117648,83.54096470588236,2.5,2.135,0.24896907216494846,0.0,0.0,2.5,0.0,0.0,0.0,0.0,2.5,0.0,0.0,0.0,2.5,10.0,2.5,40.83,25.729,83.54096470588236,42.71096470588236,9.780964705882369,102.07499999999999,24.45241176470592,106.7774117647059,24.45241176470592,0.0,2.5,0.0,2.5,False,0.0,102.07499999999999,82.325,184.39999999999998,0.0,0.0,0.0,184.39999999999998,False,False,False,True,highs,2025-05-13_04:00_08:00,4.0,pay_as_bid,14.15,14.15,14.15,14.15,0.0,0.0,0.0,0.0,0.0,0.0,0.0,2.5,50.76635808962761,184.39999999999998,184.39999999999998,2.135,0.0,2.135,0.0,0.0,2.135,883.6404091407271,0.0,883.6404091407271
2025-05-13 07:45:00+02:00,plant_1,2.135,128.33,25.46,32.93,161.26000000000002,58.39,62.379999999999995,74.7,0.0,DE_DA_price,DE_ID3_price,natural_gas_price,,87.88235294117648,83.54096470588236,2.5,2.135,0.4978759020618557,0.0,0.0,2.5,0.0,2.5,0.0,2.5,2.5,0.0,63.650000000000006,0.0,0.0,0.0,0.0,29.45,54.182,83.54096470588236,54.09096470588236,21.160964705882364,0.0,0.0,0.0,0.0,0.0,0.0,0.0,0.0,False,0.0,63.650000000000006,82.325,145.97500000000002,0.0,0.0,0.0,145.97500000000002,False,False,False,False,highs,2025-05-13_04:00_08:00,4.0,pay_as_bid,14.15,14.15,14.15,14.15,0.0,0.0,0.0,0.0,0.0,0.0,0.0,0.0,50.51237152850831,145.97500000000002,145.97500000000002,2.135,0.0,0.0,2.135,0.0,2.135,868.4566043112931,0.0,868.4566043112931
2025-05-13 08:00:00+02:00,plant_1,2.1725,100.42,72.73,32.93,133.35,105.66,66.49000000000001,74.7,0.0,DE_DA_price,DE_ID3_price,natural_gas_price,,87.88235294117648,83.54096470588236,2.5,2.1725,0.7080607114368559,0.0,0.0,2.5,0.0,0.0,0.0,0.0,2.5,0.0,0.0,0.0,2.5,10.0,2.5,33.56,30.953,83.54096470588236,49.98096470588236,17.05096470588235,83.9,42.627411764705876,124.95241176470589,42.627411764705876,2.5,0.0,2.5,0.0,False,0.0,83.9,82.325,166.22500000000002,0.0,0.0,0.0,166.22500000000002,False,False,False,True,highs,2025-05-13_08:00_12:00,4.0,pay_as_bid,149.53,149.53,149.53,149.53,10.0,2.5,373.825,53.67620588235296,0.0,320.148794117647,2.5,2.5,50.297897233227694,166.22500000000002,-207.59999999999997,2.1725,0.0,1.931060375,0.241439625,0.0,2.1725,808.4163435088755,0.0,808.4163435088755
2025-05-13 08:15:00+02:00,plant_1,2.1725,100.42,18.81,32.93,133.35,51.739999999999995,58.730000000000004,74.7,0.0,DE_DA_price,DE_ID3_price,natural_gas_price,,87.88235294117648,83.54096470588236,2.5,2.1725,0.9181929746095123,0.0,0.0,2.5,0.0,0.0,0.0,0.0,2.5,0.0,0.0,0.0,2.5,10.0,2.5,25.8,26.861,83.54096470588236,57.74096470588236,24.810964705882355,64.5,62.02741176470589,144.3524117647059,62.02741176470589,2.5,0.0,2.5,0.0,False,0.0,64.5,82.325,146.825,0.0,0.0,0.0,146.825,False,False,False,True,highs,2025-05-13_08:00_12:00,4.0,pay_as_bid,149.53,149.53,149.53,149.53,10.0,2.5,373.825,53.67620588235296,0.0,320.148794117647,2.5,2.5,50.08347655652091,146.825,-227.0,2.1725,0.0,2.1725,0.0,0.0,2.1725,787.0247294411371,0.0,787.0247294411371
2025-05-13 08:30:00+02:00,plant_1,2.1725,100.42,-7.68,32.93,133.35,25.25,76.31,74.7,0.0,DE_DA_price,DE_ID3_price,natural_gas_price,,87.88235294117648,83.54096470588236,2.5,2.1725,1.1282727047163754,0.0,0.0,2.5,0.0,0.0,0.0,0.0,2.5,0.0,0.0,0.0,2.5,10.0,2.5,43.38,8.811,83.54096470588236,40.16096470588236,7.230964705882357,108.45,18.077411764705893,100.40241176470589,18.077411764705893,2.5,0.0,2.5,0.0,False,0.0,108.45,82.325,190.775,0.0,0.0,0.0,190.775,False,False,False,True,highs,2025-05-13_08:00_12:00,4.0,pay_as_bid,149.53,149.53,149.53,149.53,10.0,2.5,373.825,53.67620588235296,0.0,320.148794117647,2.5,2.5,49.86910948498329,190.775,-183.04999999999998,2.1725,0.0,2.1725,0.0,0.0,2.1725,749.6502510295031,0.0,749.6502510295031
2025-05-13 08:45:00+02:00,plant_1,2.1725,100.42,-28.36,32.93,133.35,4.57,39.36,74.7,0.0,DE_DA_price,DE_ID3_price,natural_gas_price,,87.88235294117648,83.54096470588236,2.5,2.1725,1.338299914890712,0.0,0.0,2.5,0.0,0.0,0.0,0.0,2.5,0.0,0.0,0.0,2.5,10.0,2.5,6.43,107.264,83.54096470588236,77.11096470588237,44.18096470588236,16.075,110.4524117647059,192.7774117647059,110.4524117647059,2.5,0.0,2.5,0.0,False,0.0,16.075,82.325,98.4,0.0,0.0,0.0,98.4,False,False,False,True,highs,2025-05-13_08:00_12:00,4.0,pay_as_bid,149.53,149.53,149.53,149.53,10.0,2.5,373.825,53.67620588235296,0.0,320.148794117647,2.5,2.5,49.65479600521356,98.4,-275.42499999999995,2.1725,0.0,2.1725,0.0,0.0,2.1725,712.9594886514957,0.0,712.9594886514957
2025-05-13 09:00:00+02:00,plant_1,2.225,79.36,7.76,32.93,112.28999999999999,40.69,39.54,74.7,0.0,DE_DA_price,DE_ID3_price,natural_gas_price,,87.88235294117648,83.54096470588236,2.5,2.225,1.4941509069222985,0.0,0.0,2.5,0.0,0.0,0.0,0.0,2.5,0.0,0.0,0.0,2.5,10.0,2.5,6.61,125.709,83.54096470588236,76.93096470588236,44.00096470588236,16.525000000000002,110.0024117647059,192.32741176470591,110.0024117647059,2.5,0.0,2.5,0.0,False,0.0,16.525000000000002,82.325,98.85000000000001,0.0,0.0,0.0,98.85000000000001,False,False,False,True,highs,2025-05-13_08:00_12:00,4.0,pay_as_bid,149.53,149.53,149.53,149.53,10.0,2.5,373.825,53.67620588235296,0.0,320.148794117647,2.5,2.5,49.49576438069153,98.85000000000001,-274.97499999999997,2.225,0.0,2.225,0.0,0.0,2.225,642.2770531300232,0.0,642.2770531300232
2025-05-13 09:15:00+02:00,plant_1,2.225,79.36,-5.73,32.93,112.28999999999999,27.2,5.370000000000001,74.7,0.0,DE_DA_price,DE_ID3_price,natural_gas_price,,87.88235294117648,83.54096470588236,2.5,2.225,1.6499629362058772,0.0,0.0,2.5,0.0,0.0,0.0,0.0,2.5,0.0,0.0,0.0,2.5,10.0,2.5,-27.56,134.954,83.54096470588236,111.10096470588236,78.17096470588235,-68.89999999999999,195.42741176470588,277.7524117647059,195.42741176470588,2.5,0.0,2.5,0.0,False,0.0,-68.89999999999999,82.325,13.425000000000011,0.0,0.0,0.0,13.425000000000011,False,False,False,True,highs,2025-05-13_08:00_12:00,4.0,pay_as_bid,149.53,149.53,149.53,149.53,10.0,2.5,373.825,53.67620588235296,0.0,320.148794117647,2.5,2.5,49.33677251407564,13.425000000000011,-360.4,2.225,0.0,2.225,0.0,0.0,2.225,600.9224030989067,0.0,600.9224030989067
2025-05-13 09:30:00+02:00,plant_1,2.225,79.36,-12.54,32.93,112.28999999999999,20.39,7.699999999999999,74.7,0.0,DE_DA_price,DE_ID3_price,natural_gas_price,,87.88235294117648,83.54096470588236,2.5,2.225,1.805736012482135,0.0,0.0,2.5,0.0,0.0,0.0,0.0,2.5,0.0,0.0,0.0,2.5,10.0,2.5,-25.23,69.428,83.54096470588236,108.77096470588236,75.84096470588236,-63.075,189.6024117647059,271.9274117647059,189.6024117647059,2.5,0.0,2.5,0.0,False,0.0,-63.075,82.325,19.25,0.0,0.0,0.0,19.25,False,False,False,True,highs,2025-05-13_08:00_12:00,4.0,pay_as_bid,149.53,149.53,149.53,149.53,10.0,2.5,373.825,53.67620588235296,0.0,320.148794117647,2.5,2.5,49.177820395426394,19.25,-354.575,2.225,0.0,2.225,0.0,0.0,2.225,550.717051567846,0.0,550.717051567846
2025-05-13 09:45:00+02:00,plant_1,2.225,79.36,-31.04,32.93,112.28999999999999,1.8900000000000006,3.3599999999999994,74.7,0.0,DE_DA_price,DE_ID3_price,natural_gas_price,,87.88235294117648,83.54096470588236,2.5,2.225,1.9614701454893235,0.0,0.0,2.5,0.0,0.0,0.0,0.0,2.5,0.0,0.0,0.0,2.5,10.0,2.5,-29.57,106.934,83.54096470588236,113.11096470588237,80.18096470588236,-73.925,200.45241176470591,282.7774117647059,200.45241176470591,2.5,0.0,2.5,0.0,False,0.0,-73.925,82.325,8.400000000000006,0.0,0.0,0.0,8.400000000000006,False,False,False,True,highs,2025-05-13_08:00_12:00,4.0,pay_as_bid,149.53,149.53,149.53,149.53,10.0,2.5,373.825,53.67620588235296,0.0,320.148794117647,2.5,2.5,49.01890801480681,8.400000000000006,-365.42499999999995,2.225,0.0,2.225,0.0,0.0,2.225,484.8633890427846,0.0,484.8633890427846
2025-05-13 10:00:00+02:00,plant_1,2.225,16.09,-12.5,32.93,49.019999999999996,20.43,27.0,74.7,0.0,DE_DA_price,DE_ID3_price,natural_gas_price,,87.88235294117648,83.54096470588236,2.5,2.225,2.1171653449632606,0.0,0.0,2.5,0.0,0.0,0.0,0.0,2.5,0.0,0.0,0.0,2.5,10.0,2.5,-5.93,37.236,83.54096470588236,89.47096470588235,56.54096470588236,-14.825,141.3524117647059,223.67741176470588,141.3524117647059,2.5,0.0,2.5,0.0,False,0.0,-14.825,82.325,67.5,0.0,0.0,0.0,67.5,False,False,False,True,highs,2025-05-13_08:00_12:00,4.0,pay_as_bid,149.53,149.53,149.53,149.53,10.0,2.5,373.825,53.67620588235296,0.0,320.148794117647,2.5,2.5,48.86003536228239,67.5,-306.325,2.225,0.0,2.225,0.0,0.0,2.225,445.4394292455422,0.0,445.4394292455422
2025-05-13 10:15:00+02:00,plant_1,2.225,16.09,-10.94,32.93,49.019999999999996,21.990000000000002,55.51,74.7,0.0,DE_DA_price,DE_ID3_price,natural_gas_price,,87.88235294117648,83.54096470588236,2.5,2.225,2.272821620637329,0.0,0.0,2.5,0.0,0.0,0.0,0.0,2.5,0.0,0.0,0.0,2.5,10.0,2.5,22.58,12.148,83.54096470588236,60.96096470588236,28.03096470588236,56.449999999999996,70.0774117647059,152.4024117647059,70.0774117647059,2.5,0.0,2.5,0.0,False,0.0,56.449999999999996,82.325,138.775,0.0,0.0,0.0,138.775,False,False,False,True,highs,2025-05-13_08:00_12:00,4.0,pay_as_bid,149.53,149.53,149.53,149.53,10.0,2.5,373.825,53.67620588235296,0.0,320.148794117647,2.5,2.5,48.70120242792109,138.775,-235.04999999999998,2.225,0.0,2.225,0.0,0.0,2.225,411.683632707842,0.0,411.683632707842
2025-05-13 10:30:00+02:00,plant_1,2.225,16.09,-15.63,32.93,49.019999999999996,17.299999999999997,23.35,74.7,0.0,DE_DA_price,DE_ID3_price,natural_gas_price,,87.88235294117648,83.54096470588236,2.5,2.225,2.428438982242479,0.0,0.0,2.5,0.0,0.0,0.0,0.0,2.5,0.0,0.0,0.0,2.5,10.0,2.5,-9.58,36.46,83.54096470588236,93.12096470588236,60.19096470588236,-23.95,150.4774117647059,232.80241176470588,150.4774117647059,2.5,0.0,2.5,0.0,False,0.0,-23.95,82.325,58.375,0.0,0.0,0.0,58.375,False,False,False,True,highs,2025-05-13_08:00_12:00,4.0,pay_as_bid,149.53,149.53,149.53,149.53,10.0,2.5,373.825,53.67620588235296,0.0,320.148794117647,2.5,2.5,48.54240920179339,58.375,-315.45,2.225,0.0,2.225,0.0,0.0,2.225,388.2083611699761,0.0,388.2083611699761
2025-05-13 10:45:00+02:00,plant_1,2.225,16.09,-20.19,32.93,49.019999999999996,12.739999999999998,52.07,74.7,0.0,DE_DA_price,DE_ID3_price,natural_gas_price,,87.88235294117648,83.54096470588236,2.5,2.225,2.5840174395072273,0.0,0.0,2.5,0.0,0.0,0.0,0.0,2.5,0.0,0.0,0.0,2.5,10.0,2.5,19.14,28.39,83.54096470588236,64.40096470588236,31.47096470588236,47.85,78.6774117647059,161.0024117647059,78.6774117647059,2.5,0.0,2.5,0.0,False,0.0,47.85,82.325,130.175,0.0,0.0,0.0,130.175,False,False,False,True,highs,2025-05-13_08:00_12:00,4.0,pay_as_bid,149.53,149.53,149.53,149.53,10.0,2.5,373.825,53.67620588235296,0.0,320.148794117647,2.5,2.5,48.383655673972214,130.175,-243.64999999999998,2.225,0.0,2.225,0.0,0.0,2.225,375.5396979843442,0.0,375.5396979843442
2025-05-13 11:00:00+02:00,plant_1,2.225,-0.75,-7.97,32.93,32.18,24.96,51.5,74.7,0.0,DE_DA_price,DE_ID3_price,natural_gas_price,,87.88235294117648,83.54096470588236,2.5,2.225,2.73955700215766,0.0,0.0,2.5,0.0,0.0,0.0,0.0,2.5,0.0,0.0,0.0,2.5,10.0,2.5,18.57,6.715,83.54096470588236,64.97096470588235,32.04096470588236,46.425,80.10241176470589,162.42741176470588,80.10241176470589,2.5,0.0,2.5,0.0,False,0.0,46.425,82.325,128.75,0.0,0.0,0.0,128.75,False,False,False,True,highs,2025-05-13_08:00_12:00,4.0,pay_as_bid,149.53,149.53,149.53,149.53,10.0,2.5,373.825,53.67620588235296,0.0,320.148794117647,2.5,2.5,48.224941834533,128.75,-245.075,2.225,0.0,2.225,0.0,0.0,2.225,374.431980071377,0.0,374.431980071377
2025-05-13 11:15:00+02:00,plant_1,2.225,-0.75,-11.21,32.93,32.18,21.72,31.73,74.7,0.0,DE_DA_price,DE_ID3_price,natural_gas_price,,87.88235294117648,83.54096470588236,2.5,2.225,2.8950576799174295,0.0,0.0,2.5,0.0,0.0,0.0,0.0,2.5,0.0,0.0,0.0,2.5,10.0,2.5,-1.2,22.423,83.54096470588236,84.74096470588236,51.810964705882355,-3.0,129.5274117647059,211.8524117647059,129.5274117647059,2.5,0.0,2.5,0.0,False,0.0,-3.0,82.325,79.325,0.0,0.0,0.0,79.325,False,False,False,True,highs,2025-05-13_08:00_12:00,4.0,pay_as_bid,149.53,149.53,149.53,149.53,10.0,2.5,373.825,53.67620588235296,0.0,320.148794117647,2.5,2.5,48.06626767355365,79.325,-294.5,2.225,0.0,2.225,0.0,0.0,2.225,365.63782825,0.0,365.63782825
2025-05-13 11:30:00+02:00,plant_1,2.225,-0.75,-14.91,32.93,32.18,18.02,33.26,74.7,0.0,DE_DA_price,DE_ID3_price,natural_gas_price,,87.88235294117648,83.54096470588236,2.5,2.225,3.0505194825077595,0.0,0.0,2.5,0.0,0.0,0.0,0.0,2.5,0.0,0.0,0.0,2.5,10.0,2.5,0.33,20.917,83.54096470588236,83.21096470588236,50.28096470588236,0.8250000000000001,125.7024117647059,208.0274117647059,125.7024117647059,2.5,0.0,2.5,0.0,False,0.0,0.8250000000000001,82.325,83.15,0.0,0.0,0.0,83.15,False,False,False,True,highs,2025-05-13_08:00_12:00,4.0,pay_as_bid,149.53,149.53,149.53,149.53,10.0,2.5,373.825,53.67620588235296,0.0,320.148794117647,2.5,2.5,47.907633181114534,83.15,-290.67499999999995,2.225,0.0,2.225,0.0,0.0,2.225,360.3004301361359,0.0,360.3004301361359
2025-05-13 11:45:00+02:00,plant_1,2.225,-0.75,-20.97,32.93,32.18,11.96,22.64,74.7,0.0,DE_DA_price,DE_ID3_price,natural_gas_price,,87.88235294117648,83.54096470588236,2.5,2.225,3.205942419647442,0.0,0.0,2.5,0.0,0.0,0.0,0.0,2.5,0.0,0.0,0.0,2.5,10.0,2.5,-10.29,43.797,83.54096470588236,93.83096470588237,60.90096470588236,-25.724999999999998,152.2524117647059,234.57741176470591,152.2524117647059,2.5,0.0,2.5,0.0,False,0.0,-25.724999999999998,82.325,56.60000000000001,0.0,0.0,0.0,56.60000000000001,False,False,False,True,highs,2025-05-13_08:00_12:00,4.0,pay_as_bid,149.53,149.53,149.53,149.53,10.0,2.5,373.825,53.67620588235296,0.0,320.148794117647,2.5,2.5,47.74903834729853,56.60000000000001,-317.22499999999997,2.225,0.0,2.225,0.0,0.0,2.225,357.4991182307554,0.0,357.4991182307554
2025-05-13 12:00:00+02:00,plant_1,2.225,-6.0,-34.45,32.93,26.93,-1.5200000000000031,75.13,74.7,0.0,DE_DA_price,DE_ID3_price,natural_gas_price,,87.88235294117648,83.54096470588236,2.5,2.225,3.3613265010528393,0.0,0.0,2.5,2.5,0.0,0.0,2.5,2.5,-15.0,0.0,0.0,0.0,0.0,0.0,42.2,7.178,83.54096470588236,41.34096470588236,8.410964705882364,0.0,0.0,0.0,0.0,0.0,0.0,0.0,0.0,False,0.0,-15.0,82.325,67.325,0.0,0.0,0.0,67.325,False,False,False,False,highs,2025-05-13_12:00_16:00,4.0,pay_as_bid,240.0,240.0,240.0,240.0,0.0,0.0,0.0,0.0,0.0,0.0,0.0,0.0,47.590483162190985,67.325,67.325,0.0,2.225,0.0,2.225,0.0,2.225,360.04334536135565,0.0,360.04334536135565
2025-05-13 12:15:00+02:00,plant_1,2.225,-6.0,-12.82,32.93,26.93,20.11,27.91,74.7,0.0,DE_DA_price,DE_ID3_price,natural_gas_price,,87.88235294117648,83.54096470588236,2.5,2.225,3.5166717364378854,0.0,0.0,2.5,2.5,0.0,0.0,2.5,2.5,-15.0,0.0,0.0,0.0,0.0,0.0,-5.02,20.891,83.54096470588236,88.56096470588236,55.63096470588236,0.0,0.0,0.0,0.0,0.0,0.0,0.0,0.0,False,0.0,-15.0,82.325,67.325,0.0,0.0,0.0,67.325,False,False,False,False,highs,2025-05-13_12:00_16:00,4.0,pay_as_bid,240.0,240.0,240.0,240.0,0.0,0.0,0.0,0.0,0.0,0.0,0.0,0.0,47.43196761587971,67.325,67.325,0.0,2.225,0.0,2.225,0.0,2.225,358.84504693772357,0.0,358.84504693772357
2025-05-13 12:30:00+02:00,plant_1,2.225,-6.0,-9.11,32.93,26.93,23.82,20.740000000000002,74.7,0.0,DE_DA_price,DE_ID3_price,natural_gas_price,,87.88235294117648,83.54096470588236,2.5,2.225,3.671978135514085,0.0,0.0,2.5,2.5,0.0,0.0,2.5,2.5,-15.0,0.0,0.0,0.0,0.0,0.0,-12.19,40.306,83.54096470588236,95.73096470588236,62.80096470588236,0.0,0.0,0.0,0.0,0.0,0.0,0.0,0.0,False,0.0,-15.0,82.325,67.325,0.0,0.0,0.0,67.325,False,False,False,False,highs,2025-05-13_12:00_16:00,4.0,pay_as_bid,240.0,240.0,240.0,240.0,0.0,0.0,0.0,0.0,0.0,0.0,0.0,0.0,47.27349169845501,67.325,67.325,0.0,2.225,0.0,2.225,0.0,2.225,357.55567651511615,0.0,357.55567651511615
2025-05-13 12:45:00+02:00,plant_1,2.225,-6.0,-10.05,32.93,26.93,22.88,18.299999999999997,74.7,0.0,DE_DA_price,DE_ID3_price,natural_gas_price,,87.88235294117648,83.54096470588236,2.5,2.225,3.8272457079905156,0.0,0.0,2.5,2.5,0.0,0.0,2.5,2.5,-15.0,0.0,0.0,0.0,0.0,0.0,-14.63,179.077,83.54096470588236,98.17096470588235,65.24096470588236,0.0,0.0,0.0,0.0,0.0,0.0,0.0,0.0,False,0.0,-15.0,82.325,67.325,0.0,0.0,0.0,67.325,False,False,False,False,highs,2025-05-13_12:00_16:00,4.0,pay_as_bid,240.0,240.0,240.0,240.0,0.0,0.0,0.0,0.0,0.0,0.0,0.0,0.0,47.11505540000968,67.325,67.325,0.0,2.225,0.0,2.225,0.0,2.225,355.47577580379965,0.0,355.47577580379965
2025-05-13 13:00:00+02:00,plant_1,2.225,-16.0,-17.22,32.93,16.93,15.71,42.67,74.7,0.0,DE_DA_price,DE_ID3_price,natural_gas_price,,87.88235294117648,83.54096470588236,2.5,2.225,3.982474463573827,0.0,0.0,2.5,2.5,0.0,0.0,2.5,2.5,-40.0,0.0,0.0,0.0,0.0,0.0,9.74,17.163,83.54096470588236,73.80096470588236,40.87096470588236,0.0,0.0,0.0,0.0,0.0,0.0,0.0,0.0,False,0.0,-40.0,82.325,42.325,0.0,0.0,0.0,42.325,False,False,False,False,highs,2025-05-13_12:00_16:00,4.0,pay_as_bid,240.0,240.0,240.0,240.0,0.0,0.0,0.0,0.0,0.0,0.0,0.0,0.0,46.95665871063895,42.325,42.325,0.0,2.225,0.0,2.225,0.0,2.225,356.7689154595163,0.0,356.7689154595163
2025-05-13 13:15:00+02:00,plant_1,2.225,-16.0,-7.93,32.93,16.93,25.0,45.55,74.7,0.0,DE_DA_price,DE_ID3_price,natural_gas_price,,87.88235294117648,83.54096470588236,2.5,2.225,4.1376644119682435,0.0,0.0,2.5,2.5,0.0,0.0,2.5,2.5,-40.0,0.0,0.0,0.0,0.0,0.0,12.62,15.617,83.54096470588236,70.92096470588235,37.99096470588236,0.0,0.0,0.0,0.0,0.0,0.0,0.0,0.0,False,0.0,-40.0,82.325,42.325,0.0,0.0,0.0,42.325,False,False,False,False,highs,2025-05-13_12:00_16:00,4.0,pay_as_bid,240.0,240.0,240.0,240.0,0.0,0.0,0.0,0.0,0.0,0.0,0.0,0.0,46.79830162044057,42.325,42.325,0.0,2.225,0.0,2.225,0.0,2.225,356.53815054738004,0.0,356.53815054738004
2025-05-13 13:30:00+02:00,plant_1,2.225,-16.0,-5.84,32.93,16.93,27.09,70.21000000000001,74.7,0.0,DE_DA_price,DE_ID3_price,natural_gas_price,,87.88235294117648,83.54096470588236,2.5,2.225,4.29281556287556,0.0,0.0,2.5,2.5,0.0,0.0,2.5,2.5,-40.0,0.0,0.0,0.0,0.0,0.0,37.28,0.091,83.54096470588236,46.26096470588236,13.330964705882351,0.0,0.0,0.0,0.0,0.0,0.0,0.0,0.0,False,0.0,-40.0,82.325,42.325,0.0,0.0,0.0,42.325,False,False,False,False,highs,2025-05-13_12:00_16:00,4.0,pay_as_bid,240.0,240.0,240.0,240.0,0.0,0.0,0.0,0.0,0.0,0.0,0.0,0.0,46.639984119514736,42.325,42.325,0.0,2.225,0.0,2.225,0.0,2.225,358.15188167845974,0.0,358.15188167845974
2025-05-13 13:45:00+02:00,plant_1,2.225,-16.0,6.08,32.93,16.93,39.01,32.93,74.7,0.0,DE_DA_price,DE_ID3_price,natural_gas_price,,87.88235294117648,83.54096470588236,2.5,2.225,4.447927925995151,0.0,0.0,2.5,2.5,0.0,0.0,2.5,2.5,-40.0,0.0,0.0,0.0,0.0,0.0,0.0,0.0,83.54096470588236,83.54096470588236,50.61096470588236,0.0,0.0,0.0,0.0,0.0,0.0,0.0,0.0,False,0.0,-40.0,82.325,42.325,0.0,0.0,0.0,42.325,False,False,False,False,highs,2025-05-13_12:00_16:00,4.0,pay_as_bid,240.0,240.0,240.0,240.0,0.0,0.0,0.0,0.0,0.0,0.0,0.0,0.0,46.48170619796413,42.325,42.325,0.0,2.225,0.0,2.225,0.0,2.225,359.242381846906,0.0,359.242381846906
2025-05-13 14:00:00+02:00,plant_1,2.225,-6.55,-28.67,32.93,26.38,4.259999999999998,42.68,74.7,0.0,DE_DA_price,DE_ID3_price,natural_gas_price,,87.88235294117648,83.54096470588236,2.5,2.225,4.603001511023962,0.0,0.0,2.5,2.5,0.0,0.0,2.5,2.5,-16.375,0.0,0.0,0.0,0.0,0.0,9.75,22.899,83.54096470588236,73.79096470588236,40.86096470588236,0.0,0.0,0.0,0.0,0.0,0.0,0.0,0.0,False,0.0,-16.375,82.325,65.95,0.0,0.0,0.0,65.95,False,False,False,False,highs,2025-05-13_12:00_16:00,4.0,pay_as_bid,240.0,240.0,240.0,240.0,0.0,0.0,0.0,0.0,0.0,0.0,0.0,0.0,46.323467845893916,65.95,65.95,0.0,2.225,0.0,2.225,0.0,2.225,363.73509581519534,0.0,363.73509581519534
2025-05-13 14:15:00+02:00,plant_1,2.225,-6.55,-9.14,32.93,26.38,23.79,44.03,74.7,0.0,DE_DA_price,DE_ID3_price,natural_gas_price,,87.88235294117648,83.54096470588236,2.5,2.225,4.758036327656516,0.0,0.0,2.5,2.5,0.0,0.0,2.5,2.5,-16.375,0.0,0.0,0.0,0.0,0.0,11.1,58.088,83.54096470588236,72.44096470588237,39.51096470588236,0.0,0.0,0.0,0.0,0.0,0.0,0.0,0.0,False,0.0,-16.375,82.325,65.95,0.0,0.0,0.0,65.95,False,False,False,False,highs,2025-05-13_12:00_16:00,4.0,pay_as_bid,240.0,240.0,240.0,240.0,0.0,0.0,0.0,0.0,0.0,0.0,0.0,0.0,46.16526905341172,65.95,65.95,0.0,2.225,0.0,2.225,0.0,2.225,366.39854788767485,0.0,366.39854788767485
2025-05-13 14:30:00+02:00,plant_1,2.225,-6.55,4.0,32.93,26.38,36.93,51.18,74.7,0.0,DE_DA_price,DE_ID3_price,natural_gas_price,,87.88235294117648,83.54096470588236,2.5,2.225,4.913032385584911,0.0,0.0,2.5,2.5,0.0,0.0,2.5,2.5,-16.375,0.0,0.0,0.0,0.0,0.0,18.25,10.981,83.54096470588236,65.29096470588236,32.36096470588236,0.0,0.0,0.0,0.0,0.0,0.0,0.0,0.0,False,0.0,-16.375,82.325,65.95,0.0,0.0,0.0,65.95,False,False,False,False,highs,2025-05-13_12:00_16:00,4.0,pay_as_bid,240.0,240.0,240.0,240.0,0.0,0.0,0.0,0.0,0.0,0.0,0.0,0.0,46.00710981062764,65.95,65.95,0.0,2.225,0.0,2.225,0.0,2.225,369.29914847748165,0.0,369.29914847748165
2025-05-13 14:45:00+02:00,plant_1,2.225,-6.55,60.23,32.93,26.38,93.16,120.33000000000001,74.7,0.0,DE_DA_price,DE_ID3_price,natural_gas_price,,87.88235294117648,83.54096470588236,0.0,2.225,2.617989694498824,0.0,0.0,0.0,2.5,0.0,2.5,0.0,0.0,-16.375,0.0,150.575,0.0,0.0,0.0,87.4,0.0,83.54096470588236,-3.8590352941176462,-36.78903529411765,0.0,0.0,0.0,0.0,0.0,0.0,0.0,0.0,False,0.0,-166.95,0.0,-166.95,0.0,0.0,0.0,-166.95,False,False,False,False,highs,2025-05-13_12:00_16:00,4.0,pay_as_bid,240.0,240.0,240.0,240.0,0.0,0.0,0.0,0.0,0.0,0.0,0.0,2.5,48.34899010765426,-166.95,-166.95,0.0,2.225,0.5609976680462905,1.6640023319537096,0.0,2.225,0.0,0.0,0.0
2025-05-13 15:00:00+02:00,plant_1,2.1725,-3.83,10.94,32.93,29.1,43.87,42.83,74.7,0.0,DE_DA_price,DE_ID3_price,natural_gas_price,,87.88235294117648,83.54096470588236,2.5,2.1725,2.827644475425715,0.0,0.0,2.5,2.5,0.0,0.0,2.5,2.5,-9.575,0.0,0.0,0.0,0.0,0.0,9.9,31.436,83.54096470588236,73.64096470588235,40.71096470588236,0.0,0.0,0.0,0.0,0.0,0.0,0.0,0.0,False,0.0,-9.575,82.325,72.75,0.0,0.0,0.0,72.75,False,False,False,False,highs,2025-05-13_12:00_16:00,4.0,pay_as_bid,240.0,240.0,240.0,240.0,0.0,0.0,0.0,0.0,0.0,0.0,0.0,0.0,48.13505665772887,72.75,72.75,0.0,2.1725,0.0,2.1725,0.0,2.1725,380.20032049929716,0.0,380.20032049929716
2025-05-13 15:15:00+02:00,plant_1,2.1725,-3.83,57.31,32.93,29.1,90.24000000000001,36.83,74.7,0.0,DE_DA_price,DE_ID3_price,natural_gas_price,,87.88235294117648,83.54096470588236,2.5,2.1725,3.037246842657374,0.0,0.0,2.5,2.5,0.0,2.5,0.0,2.5,-9.575,0.0,143.275,2.5,10.0,2.5,3.9,32.408,83.54096470588236,79.64096470588235,46.71096470588236,9.75,116.7774117647059,199.1024117647059,116.7774117647059,0.0,2.5,0.0,2.5,False,0.0,-143.1,82.325,-60.77499999999999,0.0,0.0,0.0,-60.77499999999999,False,False,False,True,highs,2025-05-13_12:00_16:00,4.0,pay_as_bid,240.0,240.0,240.0,240.0,0.0,0.0,0.0,0.0,0.0,0.0,0.0,2.5,47.92117669116595,-60.77499999999999,-60.77499999999999,0.0,2.1725,1.9685509999999997,0.2039490000000001,0.0,2.1725,384.65337304696817,0.0,384.65337304696817
2025-05-13 15:30:00+02:00,plant_1,2.1725,-3.83,91.35,32.93,29.1,124.28,98.28999999999999,74.7,0.0,DE_DA_price,DE_ID3_price,natural_gas_price,,87.88235294117648,83.54096470588236,0.0,2.1725,0.7967968092972253,0.0,0.0,0.0,2.5,0.0,2.5,0.0,0.0,-9.575,0.0,228.375,0.0,0.0,0.0,65.36,0.614,83.54096470588236,18.18096470588236,-14.749035294117633,0.0,0.0,0.0,0.0,0.0,0.0,0.0,0.0,False,0.0,-237.95,0.0,-237.95,0.0,0.0,0.0,-237.95,False,False,False,False,highs,2025-05-13_12:00_16:00,4.0,pay_as_bid,240.0,240.0,240.0,240.0,0.0,0.0,0.0,0.0,0.0,0.0,0.0,2.5,50.20735019459467,-237.95,-237.95,0.0,2.1725,2.1725,0.0,0.0,2.1725,0.0,0.0,0.0
2025-05-13 15:45:00+02:00,plant_1,2.1725,-3.83,116.75,32.93,29.1,149.68,80.3,74.7,0.0,DE_DA_price,DE_ID3_price,natural_gas_price,,87.88235294117648,83.54096470588236,1.433,2.1349094817920538,0.0,0.03759051820794612,0.04422413906817191,1.433,2.5,0.0,2.5,0.0,1.433,-9.575,0.0,291.875,2.5,10.0,1.433,47.37,1.433,83.54096470588236,36.17096470588236,3.2409647058823623,67.88121,4.6443024235294255,51.832992423529426,4.6443024235294255,0.0,2.5,0.0,1.433,False,0.0,-233.56878999999998,47.18869,-186.38009999999997,0.0,3.3035431883924415,0.0,-183.07655681160753,False,False,False,True,highs,2025-05-13_12:00_16:00,4.0,pay_as_bid,240.0,240.0,240.0,240.0,0.0,0.0,0.0,0.0,0.0,0.0,0.0,2.5,51.02040816326531,-183.07655681160753,-183.07655681160753,0.0,2.1725,2.1725,0.0,0.03759051820794612,2.1349094817920538,228.92583643424055,8.889051952702554,237.8148883869431
2025-05-13 16:00:00+02:00,plant_1,2.135,0.55,76.54,32.93,33.48,109.47,56.01,74.7,0.0,DE_DA_price,DE_ID3_price,natural_gas_price,,87.88235294117648,83.54096470588236,2.5,2.135,0.24896907216494846,0.0,0.0,2.5,2.5,0.0,2.5,0.0,2.5,1.375,0.0,191.35000000000002,2.5,10.0,2.5,23.08,11.292,83.54096470588236,60.46096470588236,27.53096470588236,57.699999999999996,68.8274117647059,151.1524117647059,68.8274117647059,0.0,2.5,0.0,2.5,False,0.0,-132.27500000000003,82.325,-49.95000000000003,0.0,0.0,0.0,-49.95000000000003,False,False,False,True,highs,2025-05-13_16:00_20:00,4.0,pay_as_bid,99.41,99.41,99.41,99.41,0.0,0.0,0.0,0.0,0.0,0.0,0.0,2.5,50.76635808962761,-49.95000000000003,-49.95000000000003,0.0,2.135,2.135,0.0,0.0,2.135,407.32858759192914,0.0,407.32858759192914
2025-05-13 16:15:00+02:00,plant_1,2.135,0.55,89.35,32.93,33.48,122.28,59.21,74.7,0.0,DE_DA_price,DE_ID3_price,natural_gas_price,,87.88235294117648,83.54096470588236,2.5,2.135,0.4978759020618557,0.0,0.0,2.5,2.5,0.0,2.5,0.0,2.5,1.375,0.0,223.375,2.5,10.0,2.5,26.28,4.587,83.54096470588236,57.26096470588236,24.33096470588236,65.7,60.8274117647059,143.1524117647059,60.8274117647059,0.0,2.5,0.0,2.5,False,0.0,-156.3,82.325,-73.97500000000001,0.0,0.0,0.0,-73.97500000000001,False,False,False,True,highs,2025-05-13_16:00_20:00,4.0,pay_as_bid,99.41,99.41,99.41,99.41,0.0,0.0,0.0,0.0,0.0,0.0,0.0,2.5,50.51237152850831,-73.97500000000001,-73.97500000000001,0.0,2.135,2.135,0.0,0.0,2.135,415.95363481987624,0.0,415.95363481987624
2025-05-13 16:30:00+02:00,plant_1,2.135,0.55,118.7,32.93,33.48,151.63,32.93,74.7,0.0,DE_DA_price,DE_ID3_price,natural_gas_price,,87.88235294117648,83.54096470588236,0.0,0.48281889009375,0.0,1.6521811099062498,1.9437424822426468,0.0,2.5,0.0,2.5,0.0,0.0,1.375,0.0,296.75,0.0,0.0,0.0,0.0,0.0,83.54096470588236,83.54096470588236,50.61096470588236,0.0,0.0,0.0,0.0,0.0,0.0,0.0,0.0,False,0.0,-295.375,0.0,-295.375,0.0,145.1975634235257,0.0,-150.1774365764743,False,False,False,False,highs,2025-05-13_16:00_20:00,4.0,pay_as_bid,99.41,99.41,99.41,99.41,0.0,0.0,0.0,0.0,0.0,0.0,0.0,2.5,51.02040816326531,-150.1774365764743,-150.1774365764743,0.0,2.135,2.135,0.0,1.6521811099062498,0.48281889009375,0.0,390.692238930772,390.692238930772
2025-05-13 16:45:00+02:00,plant_1,2.135,0.55,126.94,32.93,33.48,159.87,32.93,74.7,0.0,DE_DA_price,DE_ID3_price,natural_gas_price,,87.88235294117648,83.54096470588236,0.0,0.0,0.0,2.135,2.511764705882353,0.0,2.5,0.0,2.5,0.0,0.0,1.375,0.0,317.35,0.0,0.0,0.0,0.0,0.0,83.54096470588236,83.54096470588236,50.61096470588236,0.0,0.0,0.0,0.0,0.0,0.0,0.0,0.0,False,0.0,-315.975,0.0,-315.975,0.0,187.62882352941176,0.0,-128.34617647058826,False,False,False,False,highs,2025-05-13_16:00_20:00,4.0,pay_as_bid,99.41,99.41,99.41,99.41,0.0,0.0,0.0,0.0,0.0,0.0,0.0,2.5,51.02040816326531,-128.34617647058826,-128.34617647058826,0.0,2.135,2.135,0.0,2.135,0.0,0.0,504.86470588235295,504.86470588235295
2025-05-13 17:00:00+02:00,plant_1,2.1,74.0,115.77,32.93,106.93,148.7,72.05,74.7,0.0,DE_DA_price,DE_ID3_price,natural_gas_price,,87.88235294117648,83.54096470588236,2.5,2.1,0.28505154639175245,0.0,0.0,2.5,0.0,0.0,0.0,0.0,2.5,0.0,0.0,0.0,2.5,10.0,2.5,39.12,6.242,83.54096470588236,44.42096470588236,11.490964705882362,97.8,28.727411764705906,111.05241176470591,28.727411764705906,0.0,2.5,0.0,2.5,False,0.0,97.8,82.325,180.125,0.0,0.0,0.0,180.125,False,False,False,True,highs,2025-05-13_16:00_20:00,4.0,pay_as_bid,99.41,99.41,99.41,99.41,0.0,0.0,0.0,0.0,0.0,0.0,0.0,2.5,50.72953923837576,180.125,180.125,0.0,2.1,2.1,0.0,0.0,2.1,528.7651179396032,0.0,528.7651179396032
2025-05-13 17:15:00+02:00,plant_1,2.1,74.0,139.17,32.93,106.93,172.1,49.19,74.7,0.0,DE_DA_price,DE_ID3_price,natural_gas_price,,87.88235294117648,83.54096470588236,2.5,2.1,0.5700318298969069,0.0,0.0,2.5,0.0,0.0,0.0,0.0,2.5,0.0,0.0,0.0,2.5,10.0,2.5,16.26,21.595,83.54096470588236,67.28096470588235,34.35096470588236,40.650000000000006,85.8774117647059,168.2024117647059,85.8774117647059,0.0,2.5,0.0,2.5,False,0.0,40.650000000000006,82.325,122.97500000000001,0.0,0.0,0.0,122.97500000000001,False,False,False,True,highs,2025-05-13_16:00_20:00,4.0,pay_as_bid,99.41,99.41,99.41,99.41,0.0,0.0,0.0,0.0,0.0,0.0,0.0,2.5,50.43874303071745,122.97500000000001,122.97500000000001,0.6088799949814057,1.4911200050185944,2.1,0.0,0.0,2.1,570.1863443399016,0.0,570.1863443399016
2025-05-13 17:30:00+02:00,plant_1,2.1,74.0,220.79,32.93,106.93,253.72,32.93,74.7,0.0,DE_DA_price,DE_ID3_price,natural_gas_price,,87.88235294117648,83.54096470588236,0.0,0.5527926422812497,0.0,1.5472073577187504,1.8202439502573535,0.0,0.0,0.0,0.0,0.0,0.0,0.0,0.0,0.0,0.0,0.0,0.0,0.0,0.0,83.54096470588236,83.54096470588236,50.61096470588236,0.0,0.0,0.0,0.0,0.0,0.0,0.0,0.0,False,0.0,0.0,0.0,0.0,0.0,135.9722230842243,0.0,135.9722230842243,False,False,False,False,highs,2025-05-13_16:00_20:00,4.0,pay_as_bid,99.41,99.41,99.41,99.41,0.0,0.0,0.0,0.0,0.0,0.0,0.0,2.5,51.02040816326531,135.9722230842243,135.9722230842243,2.1,0.0,2.1,0.0,1.5472073577187504,0.5527926422812497,0.0,365.86903400172804,365.86903400172804
2025-05-13 17:45:00+02:00,plant_1,2.1,74.0,296.31,32.93,106.93,329.24,97.97,74.7,0.0,DE_DA_price,DE_ID3_price,natural_gas_price,,87.88235294117648,83.54096470588236,0.0,0.0,0.0,2.1,2.4705882352941178,0.0,0.0,0.0,0.0,0.0,0.0,0.0,0.0,0.0,0.0,0.0,0.0,65.04,0.015,83.54096470588236,18.500964705882353,-14.42903529411764,0.0,0.0,0.0,0.0,0.0,0.0,0.0,0.0,False,0.0,0.0,0.0,0.0,0.0,184.5529411764706,0.0,184.5529411764706,False,False,False,False,highs,2025-05-13_16:00_20:00,4.0,pay_as_bid,99.41,99.41,99.41,99.41,0.0,0.0,0.0,0.0,0.0,0.0,0.0,2.5,51.02040816326531,184.5529411764706,184.5529411764706,2.1,0.0,2.1,0.0,2.1,0.0,0.0,496.5882352941177,496.5882352941177
2025-05-13 18:00:00+02:00,plant_1,2.1,105.23,279.64,32.93,138.16,312.57,61.72,74.7,0.0,DE_DA_price,DE_ID3_price,natural_gas_price,,87.88235294117648,83.54096470588236,2.5,2.1,0.28505154639175245,0.0,0.0,2.5,0.0,0.0,0.0,0.0,2.5,0.0,0.0,0.0,2.5,10.0,2.5,28.79,15.055,83.54096470588236,54.75096470588236,21.82096470588236,71.975,54.5524117647059,136.8774117647059,54.5524117647059,0.0,2.5,0.0,2.5,False,0.0,71.975,82.325,154.3,0.0,0.0,0.0,154.3,False,False,False,True,highs,2025-05-13_16:00_20:00,4.0,pay_as_bid,99.41,99.41,99.41,99.41,0.0,0.0,0.0,0.0,0.0,0.0,0.0,2.5,50.72953923837576,154.3,154.3,2.1,0.0,2.1,0.0,0.0,2.1,753.4592186421694,0.0,753.4592186421694
2025-05-13 18:15:00+02:00,plant_1,2.1,105.23,274.34,32.93,138.16,307.27,60.53,74.7,0.0,DE_DA_price,DE_ID3_price,natural_gas_price,,87.88235294117648,83.54096470588236,2.5,2.1,0.5700318298969069,0.0,0.0,2.5,0.0,0.0,0.0,0.0,2.5,0.0,0.0,0.0,2.5,10.0,2.5,27.6,22.971,83.54096470588236,55.94096470588236,23.01096470588236,69.0,57.527411764705896,139.8524117647059,57.527411764705896,0.0,2.5,0.0,2.5,False,0.0,69.0,82.325,151.325,0.0,0.0,0.0,151.325,False,False,False,True,highs,2025-05-13_16:00_20:00,4.0,pay_as_bid,99.41,99.41,99.41,99.41,0.0,0.0,0.0,0.0,0.0,0.0,0.0,2.5,50.43874303071745,151.325,151.325,2.1,0.0,2.1,0.0,0.0,2.1,809.5300478662141,0.0,809.5300478662141
2025-05-13 18:30:00+02:00,plant_1,2.1,105.23,240.83,32.93,138.16,273.76,51.45,74.7,0.0,DE_DA_price,DE_ID3_price,natural_gas_price,,87.88235294117648,83.54096470588236,2.5,2.1,0.8549408683311852,0.0,0.0,2.5,0.0,0.0,0.0,0.0,2.5,0.0,0.0,0.0,2.5,10.0,2.5,18.52,14.443,83.54096470588236,65.02096470588236,32.09096470588236,46.3,80.22741176470589,162.5524117647059,80.22741176470589,0.0,2.5,0.0,2.5,False,0.0,46.3,82.325,128.625,0.0,0.0,0.0,128.625,False,False,False,True,highs,2025-05-13_16:00_20:00,4.0,pay_as_bid,99.41,99.41,99.41,99.41,0.0,0.0,0.0,0.0,0.0,0.0,0.0,2.5,50.148019522111035,128.625,128.625,2.1,0.0,2.1,0.0,0.0,2.1,848.1334217410177,0.0,848.1334217410177
2025-05-13 18:45:00+02:00,plant_1,2.1,105.23,204.97,32.93,138.16,237.9,102.69,74.7,0.0,DE_DA_price,DE_ID3_price,natural_gas_price,,87.88235294117648,83.54096470588236,0.0,0.8290853191206793,0.0,1.2709146808793208,1.4951937422109658,0.0,0.0,0.0,0.0,0.0,0.0,0.0,0.0,0.0,0.0,0.0,0.0,69.76,0.091,83.54096470588236,13.780964705882354,-19.14903529411764,0.0,0.0,0.0,0.0,0.0,0.0,0.0,0.0,False,0.0,0.0,0.0,0.0,0.0,111.69097254315915,0.0,111.69097254315915,False,False,False,False,highs,2025-05-13_16:00_20:00,4.0,pay_as_bid,99.41,99.41,99.41,99.41,0.0,0.0,0.0,0.0,0.0,0.0,0.0,2.5,51.02040816326531,111.69097254315915,111.69097254315915,2.1,0.0,2.1,0.0,1.2709146808793208,0.8290853191206793,0.0,300.5339421844041,300.5339421844041
2025-05-13 19:00:00+02:00,plant_1,2.1,151.07,222.92,32.93,184.0,255.85,32.93,74.7,0.0,DE_DA_price,DE_ID3_price,natural_gas_price,,87.88235294117648,83.54096470588236,0.0,0.0,0.0,2.1,2.4705882352941178,0.0,0.0,0.0,0.0,0.0,0.0,0.0,0.0,0.0,0.0,0.0,0.0,0.0,0.0,83.54096470588236,83.54096470588236,50.61096470588236,0.0,0.0,0.0,0.0,0.0,0.0,0.0,0.0,False,0.0,0.0,0.0,0.0,0.0,184.5529411764706,0.0,184.5529411764706,False,False,False,False,highs,2025-05-13_16:00_20:00,4.0,pay_as_bid,99.41,99.41,99.41,99.41,0.0,0.0,0.0,0.0,0.0,0.0,0.0,2.5,51.02040816326531,184.5529411764706,184.5529411764706,2.1,0.0,2.1,0.0,2.1,0.0,0.0,496.5882352941177,496.5882352941177
2025-05-13 19:15:00+02:00,plant_1,2.1,151.07,168.33,32.93,184.0,201.26000000000002,32.93,74.7,0.0,DE_DA_price,DE_ID3_price,natural_gas_price,,87.88235294117648,83.54096470588236,0.0,0.0,0.0,2.1,2.4705882352941178,0.0,0.0,0.0,0.0,0.0,0.0,0.0,0.0,0.0,0.0,0.0,0.0,0.0,0.0,83.54096470588236,83.54096470588236,50.61096470588236,0.0,0.0,0.0,0.0,0.0,0.0,0.0,0.0,False,0.0,0.0,0.0,0.0,0.0,184.5529411764706,0.0,184.5529411764706,False,False,False,False,highs,2025-05-13_16:00_20:00,4.0,pay_as_bid,99.41,99.41,99.41,99.41,0.0,0.0,0.0,0.0,0.0,0.0,0.0,2.5,51.02040816326531,184.5529411764706,184.5529411764706,2.1,0.0,2.1,0.0,2.1,0.0,0.0,496.5882352941177,496.5882352941177
2025-05-13 19:30:00+02:00,plant_1,2.1,151.07,130.99,32.93,184.0,163.92000000000002,32.93,74.7,0.0,DE_DA_price,DE_ID3_price,natural_gas_price,,87.88235294117648,83.54096470588236,0.0,0.0,0.0,2.1,2.4705882352941178,0.0,0.0,0.0,0.0,0.0,0.0,0.0,0.0,0.0,0.0,0.0,0.0,0.0,0.0,83.54096470588236,83.54096470588236,50.61096470588236,0.0,0.0,0.0,0.0,0.0,0.0,0.0,0.0,False,0.0,0.0,0.0,0.0,0.0,184.5529411764706,0.0,184.5529411764706,False,False,False,False,highs,2025-05-13_16:00_20:00,4.0,pay_as_bid,99.41,99.41,99.41,99.41,0.0,0.0,0.0,0.0,0.0,0.0,0.0,2.5,51.02040816326531,184.5529411764706,184.5529411764706,2.1,0.0,2.1,0.0,2.1,0.0,0.0,496.5882352941177,496.5882352941177
2025-05-13 19:45:00+02:00,plant_1,2.1,151.07,112.55,32.93,184.0,145.48,119.05000000000001,74.7,0.0,DE_DA_price,DE_ID3_price,natural_gas_price,,87.88235294117648,83.54096470588236,0.0,0.0,0.0,2.1,2.4705882352941178,0.0,0.0,0.0,0.0,0.0,0.0,0.0,0.0,0.0,0.0,0.0,0.0,86.12,0.084,83.54096470588236,-2.579035294117645,-35.50903529411765,0.0,0.0,0.0,0.0,0.0,0.0,0.0,0.0,False,0.0,0.0,0.0,0.0,0.0,184.5529411764706,0.0,184.5529411764706,False,False,False,False,highs,2025-05-13_16:00_20:00,4.0,pay_as_bid,99.41,99.41,99.41,99.41,0.0,0.0,0.0,0.0,0.0,0.0,0.0,2.5,51.02040816326531,184.5529411764706,184.5529411764706,2.1,0.0,2.1,0.0,2.1,0.0,0.0,496.5882352941177,496.5882352941177
2025-05-13 20:00:00+02:00,plant_1,2.1,223.58,140.58,32.93,256.51,173.51000000000002,32.93,74.7,0.0,DE_DA_price,DE_ID3_price,natural_gas_price,,87.88235294117648,83.54096470588236,0.0,0.0,0.0,2.1,2.4705882352941178,0.0,0.0,0.0,0.0,0.0,0.0,0.0,0.0,0.0,0.0,0.0,0.0,0.0,0.0,83.54096470588236,83.54096470588236,50.61096470588236,0.0,0.0,0.0,0.0,0.0,0.0,0.0,0.0,False,0.0,0.0,0.0,0.0,0.0,184.5529411764706,0.0,184.5529411764706,False,False,False,False,highs,2025-05-13_20:00_00:00,4.0,pay_as_bid,10.64,10.64,10.64,10.64,0.0,0.0,0.0,0.0,0.0,0.0,0.0,2.5,51.02040816326531,184.5529411764706,184.5529411764706,2.1,0.0,2.1,0.0,2.1,0.0,0.0,496.5882352941177,496.5882352941177
2025-05-13 20:15:00+02:00,plant_1,2.1,223.58,128.38,32.93,256.51,161.31,32.93,74.7,0.0,DE_DA_price,DE_ID3_price,natural_gas_price,,87.88235294117648,83.54096470588236,0.0,0.0,0.0,2.1,2.4705882352941178,0.0,0.0,0.0,0.0,0.0,0.0,0.0,0.0,0.0,0.0,0.0,0.0,0.0,0.0,83.54096470588236,83.54096470588236,50.61096470588236,0.0,0.0,0.0,0.0,0.0,0.0,0.0,0.0,False,0.0,0.0,0.0,0.0,0.0,184.5529411764706,0.0,184.5529411764706,False,False,False,False,highs,2025-05-13_20:00_00:00,4.0,pay_as_bid,10.64,10.64,10.64,10.64,0.0,0.0,0.0,0.0,0.0,0.0,0.0,2.5,51.02040816326531,184.5529411764706,184.5529411764706,2.1,0.0,2.1,0.0,2.1,0.0,0.0,496.5882352941177,496.5882352941177
2025-05-13 20:30:00+02:00,plant_1,2.1,223.58,119.13,32.93,256.51,152.06,32.93,74.7,0.0,DE_DA_price,DE_ID3_price,natural_gas_price,,87.88235294117648,83.54096470588236,0.0,0.0,0.0,2.1,2.4705882352941178,0.0,0.0,0.0,0.0,0.0,0.0,0.0,0.0,0.0,0.0,0.0,0.0,0.0,0.0,83.54096470588236,83.54096470588236,50.61096470588236,0.0,0.0,0.0,0.0,0.0,0.0,0.0,0.0,False,0.0,0.0,0.0,0.0,0.0,184.5529411764706,0.0,184.5529411764706,False,False,False,False,highs,2025-05-13_20:00_00:00,4.0,pay_as_bid,10.64,10.64,10.64,10.64,0.0,0.0,0.0,0.0,0.0,0.0,0.0,2.5,51.02040816326531,184.5529411764706,184.5529411764706,2.1,0.0,2.1,0.0,2.1,0.0,0.0,496.5882352941177,496.5882352941177
2025-05-13 20:45:00+02:00,plant_1,2.1,223.58,115.35,32.93,256.51,148.28,32.93,74.7,0.0,DE_DA_price,DE_ID3_price,natural_gas_price,,87.88235294117648,83.54096470588236,0.0,0.0,0.0,2.1,2.4705882352941178,0.0,0.0,0.0,0.0,0.0,0.0,0.0,0.0,0.0,0.0,0.0,0.0,0.0,0.0,83.54096470588236,83.54096470588236,50.61096470588236,0.0,0.0,0.0,0.0,0.0,0.0,0.0,0.0,False,0.0,0.0,0.0,0.0,0.0,184.5529411764706,0.0,184.5529411764706,False,False,False,False,highs,2025-05-13_20:00_00:00,4.0,pay_as_bid,10.64,10.64,10.64,10.64,0.0,0.0,0.0,0.0,0.0,0.0,0.0,2.5,51.02040816326531,184.5529411764706,184.5529411764706,2.1,0.0,2.1,0.0,2.1,0.0,0.0,496.5882352941177,496.5882352941177
2025-05-13 21:00:00+02:00,plant_1,2.1,148.96,150.2,32.93,181.89000000000001,183.13,32.93,74.7,0.0,DE_DA_price,DE_ID3_price,natural_gas_price,,87.88235294117648,83.54096470588236,0.0,0.0,0.0,2.1,2.4705882352941178,0.0,0.0,0.0,0.0,0.0,0.0,0.0,0.0,0.0,0.0,0.0,0.0,0.0,0.0,83.54096470588236,83.54096470588236,50.61096470588236,0.0,0.0,0.0,0.0,0.0,0.0,0.0,0.0,False,0.0,0.0,0.0,0.0,0.0,184.5529411764706,0.0,184.5529411764706,False,False,False,False,highs,2025-05-13_20:00_00:00,4.0,pay_as_bid,10.64,10.64,10.64,10.64,0.0,0.0,0.0,0.0,0.0,0.0,0.0,2.5,51.02040816326531,184.5529411764706,184.5529411764706,2.1,0.0,2.1,0.0,2.1,0.0,0.0,496.5882352941177,496.5882352941177
2025-05-13 21:15:00+02:00,plant_1,2.1,148.96,124.46,32.93,181.89000000000001,157.39,32.93,74.7,0.0,DE_DA_price,DE_ID3_price,natural_gas_price,,87.88235294117648,83.54096470588236,0.0,0.0,0.0,2.1,2.4705882352941178,0.0,0.0,0.0,0.0,0.0,0.0,0.0,0.0,0.0,0.0,0.0,0.0,0.0,0.0,83.54096470588236,83.54096470588236,50.61096470588236,0.0,0.0,0.0,0.0,0.0,0.0,0.0,0.0,False,0.0,0.0,0.0,0.0,0.0,184.5529411764706,0.0,184.5529411764706,False,False,False,False,highs,2025-05-13_20:00_00:00,4.0,pay_as_bid,10.64,10.64,10.64,10.64,0.0,0.0,0.0,0.0,0.0,0.0,0.0,2.5,51.02040816326531,184.5529411764706,184.5529411764706,2.1,0.0,2.1,0.0,2.1,0.0,0.0,496.5882352941177,496.5882352941177
2025-05-13 21:30:00+02:00,plant_1,2.1,148.96,112.87,32.93,181.89000000000001,145.8,32.93,74.7,0.0,DE_DA_price,DE_ID3_price,natural_gas_price,,87.88235294117648,83.54096470588236,0.0,0.0,0.0,2.1,2.4705882352941178,0.0,0.0,0.0,0.0,0.0,0.0,0.0,0.0,0.0,0.0,0.0,0.0,0.0,0.0,83.54096470588236,83.54096470588236,50.61096470588236,0.0,0.0,0.0,0.0,0.0,0.0,0.0,0.0,False,0.0,0.0,0.0,0.0,0.0,184.5529411764706,0.0,184.5529411764706,False,False,False,False,highs,2025-05-13_20:00_00:00,4.0,pay_as_bid,10.64,10.64,10.64,10.64,0.0,0.0,0.0,0.0,0.0,0.0,0.0,2.5,51.02040816326531,184.5529411764706,184.5529411764706,2.1,0.0,2.1,0.0,2.1,0.0,0.0,496.5882352941177,496.5882352941177
2025-05-13 21:45:00+02:00,plant_1,2.1,148.96,100.43,32.93,181.89000000000001,133.36,98.86000000000001,74.7,0.0,DE_DA_price,DE_ID3_price,natural_gas_price,,87.88235294117648,83.54096470588236,0.0,0.0,0.0,2.1,2.4705882352941178,0.0,0.0,0.0,0.0,0.0,0.0,0.0,0.0,0.0,0.0,0.0,0.0,65.93,3.339,83.54096470588236,17.610964705882353,-15.319035294117654,0.0,0.0,0.0,0.0,0.0,0.0,0.0,0.0,False,0.0,0.0,0.0,0.0,0.0,184.5529411764706,0.0,184.5529411764706,False,False,False,False,highs,2025-05-13_20:00_00:00,4.0,pay_as_bid,10.64,10.64,10.64,10.64,0.0,0.0,0.0,0.0,0.0,0.0,0.0,2.5,51.02040816326531,184.5529411764706,184.5529411764706,2.1,0.0,2.1,0.0,2.1,0.0,0.0,496.5882352941177,496.5882352941177
2025-05-13 22:00:00+02:00,plant_1,2.1,111.97,115.17,32.93,144.9,148.1,97.46000000000001,74.7,0.0,DE_DA_price,DE_ID3_price,natural_gas_price,,87.88235294117648,83.54096470588236,0.0,0.0,0.0,2.1,2.4705882352941178,0.0,0.0,0.0,0.0,0.0,0.0,0.0,0.0,0.0,0.0,0.0,0.0,64.53,5.49,83.54096470588236,19.01096470588236,-13.919035294117649,0.0,0.0,0.0,0.0,0.0,0.0,0.0,0.0,False,0.0,0.0,0.0,0.0,0.0,184.5529411764706,0.0,184.5529411764706,False,False,False,False,highs,2025-05-13_20:00_00:00,4.0,pay_as_bid,10.64,10.64,10.64,10.64,0.0,0.0,0.0,0.0,0.0,0.0,0.0,2.5,51.02040816326531,184.5529411764706,184.5529411764706,2.1,0.0,2.1,0.0,2.1,0.0,0.0,496.5882352941177,496.5882352941177
2025-05-13 22:15:00+02:00,plant_1,2.1,111.97,112.0,32.93,144.9,144.93,96.09,74.7,0.0,DE_DA_price,DE_ID3_price,natural_gas_price,,87.88235294117648,83.54096470588236,0.0,0.0,0.0,2.1,2.4705882352941178,0.0,0.0,0.0,0.0,0.0,0.0,0.0,0.0,0.0,0.0,0.0,0.0,63.16,17.357,83.54096470588236,20.380964705882363,-12.549035294117644,0.0,0.0,0.0,0.0,0.0,0.0,0.0,0.0,False,0.0,0.0,0.0,0.0,0.0,184.5529411764706,0.0,184.5529411764706,False,False,False,False,highs,2025-05-13_20:00_00:00,4.0,pay_as_bid,10.64,10.64,10.64,10.64,0.0,0.0,0.0,0.0,0.0,0.0,0.0,2.5,51.02040816326531,184.5529411764706,184.5529411764706,2.1,0.0,2.1,0.0,2.1,0.0,0.0,496.5882352941177,496.5882352941177
2025-05-13 22:30:00+02:00,plant_1,2.1,111.97,105.9,32.93,144.9,138.83,102.15,74.7,0.0,DE_DA_price,DE_ID3_price,natural_gas_price,,87.88235294117648,83.54096470588236,0.0,0.0,0.0,2.1,2.4705882352941178,0.0,0.0,0.0,0.0,0.0,0.0,0.0,0.0,0.0,0.0,0.0,0.0,69.22,6.589,83.54096470588236,14.32096470588236,-18.609035294117646,0.0,0.0,0.0,0.0,0.0,0.0,0.0,0.0,False,0.0,0.0,0.0,0.0,0.0,184.5529411764706,0.0,184.5529411764706,False,False,False,False,highs,2025-05-13_20:00_00:00,4.0,pay_as_bid,10.64,10.64,10.64,10.64,0.0,0.0,0.0,0.0,0.0,0.0,0.0,2.5,51.02040816326531,184.5529411764706,184.5529411764706,2.1,0.0,2.1,0.0,2.1,0.0,0.0,496.5882352941177,496.5882352941177
2025-05-13 22:45:00+02:00,plant_1,2.1,111.97,95.32,32.93,144.9,128.25,100.05000000000001,74.7,0.0,DE_DA_price,DE_ID3_price,natural_gas_price,,87.88235294117648,83.54096470588236,0.0,0.0,0.0,2.1,2.4705882352941178,0.0,0.0,0.0,0.0,0.0,0.0,0.0,0.0,0.0,0.0,0.0,0.0,67.12,3.33,83.54096470588236,16.420964705882355,-16.509035294117652,0.0,0.0,0.0,0.0,0.0,0.0,0.0,0.0,False,0.0,0.0,0.0,0.0,0.0,184.5529411764706,0.0,184.5529411764706,False,False,False,False,highs,2025-05-13_20:00_00:00,4.0,pay_as_bid,10.64,10.64,10.64,10.64,0.0,0.0,0.0,0.0,0.0,0.0,0.0,2.5,51.02040816326531,184.5529411764706,184.5529411764706,2.1,0.0,2.1,0.0,2.1,0.0,0.0,496.5882352941177,496.5882352941177
2025-05-13 23:00:00+02:00,plant_1,2.0875,102.63,105.76,32.93,135.56,138.69,115.68,74.7,0.0,DE_DA_price,DE_ID3_price,natural_gas_price,,87.88235294117648,83.54096470588236,0.0,0.0,0.0,2.0875,2.4558823529411766,0.0,0.0,0.0,0.0,0.0,0.0,0.0,0.0,0.0,0.0,0.0,0.0,82.75,0.325,83.54096470588236,0.7909647058823595,-32.13903529411765,0.0,0.0,0.0,0.0,0.0,0.0,0.0,0.0,False,0.0,0.0,0.0,0.0,0.0,183.4544117647059,0.0,183.4544117647059,False,False,False,False,highs,2025-05-13_20:00_00:00,4.0,pay_as_bid,10.64,10.64,10.64,10.64,0.0,0.0,0.0,0.0,0.0,0.0,0.0,2.5,51.02040816326531,183.4544117647059,183.4544117647059,2.0875,0.0,2.0875,0.0,2.0875,0.0,0.0,493.6323529411765,493.6323529411765
2025-05-13 23:15:00+02:00,plant_1,2.0875,102.63,99.41,32.93,135.56,132.34,119.63,74.7,0.0,DE_DA_price,DE_ID3_price,natural_gas_price,,87.88235294117648,83.54096470588236,0.0,0.0,0.0,2.0875,2.4558823529411766,0.0,0.0,0.0,0.0,0.0,0.0,0.0,0.0,0.0,0.0,0.0,0.0,86.7,0.085,83.54096470588236,-3.1590352941176434,-36.089035294117636,0.0,0.0,0.0,0.0,0.0,0.0,0.0,0.0,False,0.0,0.0,0.0,0.0,0.0,183.4544117647059,0.0,183.4544117647059,False,False,False,False,highs,2025-05-13_20:00_00:00,4.0,pay_as_bid,10.64,10.64,10.64,10.64,0.0,0.0,0.0,0.0,0.0,0.0,0.0,2.5,51.02040816326531,183.4544117647059,183.4544117647059,2.0875,0.0,2.0875,0.0,2.0875,0.0,0.0,493.6323529411765,493.6323529411765
2025-05-13 23:30:00+02:00,plant_1,2.0875,102.63,99.01,32.93,135.56,131.94,32.93,74.7,0.0,DE_DA_price,DE_ID3_price,natural_gas_price,,87.88235294117648,83.54096470588236,0.0,0.0,0.0,2.0875,2.4558823529411766,0.0,0.0,0.0,0.0,0.0,0.0,0.0,0.0,0.0,0.0,0.0,0.0,0.0,0.0,83.54096470588236,83.54096470588236,50.61096470588236,0.0,0.0,0.0,0.0,0.0,0.0,0.0,0.0,False,0.0,0.0,0.0,0.0,0.0,183.4544117647059,0.0,183.4544117647059,False,False,False,False,highs,2025-05-13_20:00_00:00,4.0,pay_as_bid,10.64,10.64,10.64,10.64,0.0,0.0,0.0,0.0,0.0,0.0,0.0,2.5,51.02040816326531,183.4544117647059,183.4544117647059,2.0875,0.0,2.0875,0.0,2.0875,0.0,0.0,493.6323529411765,493.6323529411765
2025-05-13 23:45:00+02:00,plant_1,2.0875,102.63,100.36,32.93,135.56,133.29,32.93,74.7,0.0,DE_DA_price,DE_ID3_price,natural_gas_price,,87.88235294117648,83.54096470588236,0.0,0.0,0.0,2.0875,2.4558823529411766,0.0,0.0,0.0,0.0,0.0,0.0,0.0,0.0,0.0,0.0,0.0,0.0,0.0,0.0,83.54096470588236,83.54096470588236,50.61096470588236,0.0,0.0,0.0,0.0,0.0,0.0,0.0,0.0,False,0.0,0.0,0.0,0.0,0.0,183.4544117647059,0.0,183.4544117647059,False,False,False,False,highs,2025-05-13_20:00_00:00,4.0,pay_as_bid,10.64,10.64,10.64,10.64,0.0,0.0,0.0,0.0,0.0,0.0,0.0,2.5,51.02040816326531,183.4544117647059,183.4544117647059,2.0875,0.0,2.0875,0.0,2.0875,0.0,0.0,493.6323529411765,493.6323529411765
2025-05-14 00:00:00+02:00,plant_1,2.0875,102.78,101.94,32.93,135.71,134.87,32.93,74.7,0.0,DE_DA_price,DE_ID3_price,natural_gas_price,,87.88235294117648,83.54096470588236,0.0,0.0,0.0,2.0875,2.4558823529411766,0.0,0.0,0.0,0.0,0.0,0.0,0.0,0.0,0.0,0.0,0.0,0.0,0.0,0.0,83.54096470588236,83.54096470588236,50.61096470588236,0.0,0.0,0.0,0.0,0.0,0.0,0.0,0.0,False,0.0,0.0,0.0,0.0,0.0,183.4544117647059,0.0,183.4544117647059,False,False,False,False,highs,2025-05-14_00:00_04:00,4.0,pay_as_bid,14.26,14.26,14.26,14.26,0.0,0.0,0.0,0.0,0.0,0.0,0.0,2.5,51.02040816326531,183.4544117647059,183.4544117647059,2.0875,0.0,2.0875,0.0,2.0875,0.0,0.0,493.6323529411765,493.6323529411765
2025-05-14 00:15:00+02:00,plant_1,2.0875,102.78,100.63,32.93,135.71,133.56,123.69999999999999,74.7,0.0,DE_DA_price,DE_ID3_price,natural_gas_price,,87.88235294117648,83.54096470588236,0.0,0.0,0.0,2.0875,2.4558823529411766,0.0,0.0,0.0,0.0,0.0,0.0,0.0,0.0,0.0,0.0,0.0,0.0,90.77,0.158,83.54096470588236,-7.229035294117637,-40.15903529411763,0.0,0.0,0.0,0.0,0.0,0.0,0.0,0.0,False,0.0,0.0,0.0,0.0,0.0,183.4544117647059,0.0,183.4544117647059,False,False,False,False,highs,2025-05-14_00:00_04:00,4.0,pay_as_bid,14.26,14.26,14.26,14.26,0.0,0.0,0.0,0.0,0.0,0.0,0.0,2.5,51.02040816326531,183.4544117647059,183.4544117647059,2.0875,0.0,2.0875,0.0,2.0875,0.0,0.0,493.6323529411765,493.6323529411765
2025-05-14 00:30:00+02:00,plant_1,2.0875,102.78,102.84,32.93,135.71,135.77,127.09,74.7,0.0,DE_DA_price,DE_ID3_price,natural_gas_price,,87.88235294117648,83.54096470588236,0.0,0.0,0.0,2.0875,2.4558823529411766,0.0,0.0,0.0,0.0,0.0,0.0,0.0,0.0,0.0,0.0,0.0,0.0,94.16,0.171,83.54096470588236,-10.619035294117637,-43.549035294117644,0.0,0.0,0.0,0.0,0.0,0.0,0.0,0.0,False,0.0,0.0,0.0,0.0,0.0,183.4544117647059,0.0,183.4544117647059,False,False,False,False,highs,2025-05-14_00:00_04:00,4.0,pay_as_bid,14.26,14.26,14.26,14.26,0.0,0.0,0.0,0.0,0.0,0.0,0.0,2.5,51.02040816326531,183.4544117647059,183.4544117647059,2.0875,0.0,2.0875,0.0,2.0875,0.0,0.0,493.6323529411765,493.6323529411765
2025-05-14 00:45:00+02:00,plant_1,2.0875,102.78,104.01,32.93,135.71,136.94,110.5,74.7,0.0,DE_DA_price,DE_ID3_price,natural_gas_price,,87.88235294117648,83.54096470588236,0.0,0.0,0.0,2.0875,2.4558823529411766,0.0,0.0,0.0,0.0,0.0,0.0,0.0,0.0,0.0,0.0,0.0,0.0,77.57,1.636,83.54096470588236,5.970964705882366,-26.95903529411764,0.0,0.0,0.0,0.0,0.0,0.0,0.0,0.0,False,0.0,0.0,0.0,0.0,0.0,183.4544117647059,0.0,183.4544117647059,False,False,False,False,highs,2025-05-14_00:00_04:00,4.0,pay_as_bid,14.26,14.26,14.26,14.26,0.0,0.0,0.0,0.0,0.0,0.0,0.0,2.5,51.02040816326531,183.4544117647059,183.4544117647059,2.0875,0.0,2.0875,0.0,2.0875,0.0,0.0,493.6323529411765,493.6323529411765
2025-05-14 01:00:00+02:00,plant_1,2.0875,97.3,111.26,32.93,130.23,144.19,32.93,74.7,0.0,DE_DA_price,DE_ID3_price,natural_gas_price,,87.88235294117648,83.54096470588236,0.0,0.0,0.0,2.0875,2.4558823529411766,0.0,0.0,0.0,0.0,0.0,0.0,0.0,0.0,0.0,0.0,0.0,0.0,0.0,0.0,83.54096470588236,83.54096470588236,50.61096470588236,0.0,0.0,0.0,0.0,0.0,0.0,0.0,0.0,False,0.0,0.0,0.0,0.0,0.0,183.4544117647059,0.0,183.4544117647059,False,False,False,False,highs,2025-05-14_00:00_04:00,4.0,pay_as_bid,14.26,14.26,14.26,14.26,0.0,0.0,0.0,0.0,0.0,0.0,0.0,2.5,51.02040816326531,183.4544117647059,183.4544117647059,2.0875,0.0,2.0875,0.0,2.0875,0.0,0.0,493.6323529411765,493.6323529411765
2025-05-14 01:15:00+02:00,plant_1,2.0875,97.3,110.14,32.93,130.23,143.07,104.80000000000001,74.7,0.0,DE_DA_price,DE_ID3_price,natural_gas_price,,87.88235294117648,83.54096470588236,0.0,0.0,0.0,2.0875,2.4558823529411766,0.0,0.0,0.0,0.0,0.0,0.0,0.0,0.0,0.0,0.0,0.0,0.0,71.87,1.789,83.54096470588236,11.670964705882355,-21.259035294117652,0.0,0.0,0.0,0.0,0.0,0.0,0.0,0.0,False,0.0,0.0,0.0,0.0,0.0,183.4544117647059,0.0,183.4544117647059,False,False,False,False,highs,2025-05-14_00:00_04:00,4.0,pay_as_bid,14.26,14.26,14.26,14.26,0.0,0.0,0.0,0.0,0.0,0.0,0.0,2.5,51.02040816326531,183.4544117647059,183.4544117647059,2.0875,0.0,2.0875,0.0,2.0875,0.0,0.0,493.6323529411765,493.6323529411765
2025-05-14 01:30:00+02:00,plant_1,2.0875,97.3,109.4,32.93,130.23,142.33,107.13,74.7,0.0,DE_DA_price,DE_ID3_price,natural_gas_price,,87.88235294117648,83.54096470588236,0.0,0.0,0.0,2.0875,2.4558823529411766,0.0,0.0,0.0,0.0,0.0,0.0,0.0,0.0,0.0,0.0,0.0,0.0,74.2,0.084,83.54096470588236,9.340964705882357,-23.589035294117636,0.0,0.0,0.0,0.0,0.0,0.0,0.0,0.0,False,0.0,0.0,0.0,0.0,0.0,183.4544117647059,0.0,183.4544117647059,False,False,False,False,highs,2025-05-14_00:00_04:00,4.0,pay_as_bid,14.26,14.26,14.26,14.26,0.0,0.0,0.0,0.0,0.0,0.0,0.0,2.5,51.02040816326531,183.4544117647059,183.4544117647059,2.0875,0.0,2.0875,0.0,2.0875,0.0,0.0,493.6323529411765,493.6323529411765
2025-05-14 01:45:00+02:00,plant_1,2.0875,97.3,107.84,32.93,130.23,140.77,32.93,74.7,0.0,DE_DA_price,DE_ID3_price,natural_gas_price,,87.88235294117648,83.54096470588236,0.0,0.0,0.0,2.0875,2.4558823529411766,0.0,0.0,0.0,0.0,0.0,0.0,0.0,0.0,0.0,0.0,0.0,0.0,0.0,0.0,83.54096470588236,83.54096470588236,50.61096470588236,0.0,0.0,0.0,0.0,0.0,0.0,0.0,0.0,False,0.0,0.0,0.0,0.0,0.0,183.4544117647059,0.0,183.4544117647059,False,False,False,False,highs,2025-05-14_00:00_04:00,4.0,pay_as_bid,14.26,14.26,14.26,14.26,0.0,0.0,0.0,0.0,0.0,0.0,0.0,2.5,51.02040816326531,183.4544117647059,183.4544117647059,2.0875,0.0,2.0875,0.0,2.0875,0.0,0.0,493.6323529411765,493.6323529411765
2025-05-14 02:00:00+02:00,plant_1,2.0875,95.41,101.86,32.93,128.34,134.79,32.93,74.7,0.0,DE_DA_price,DE_ID3_price,natural_gas_price,,87.88235294117648,83.54096470588236,0.0,0.0,0.0,2.0875,2.4558823529411766,0.0,0.0,0.0,0.0,0.0,0.0,0.0,0.0,0.0,0.0,0.0,0.0,0.0,0.0,83.54096470588236,83.54096470588236,50.61096470588236,0.0,0.0,0.0,0.0,0.0,0.0,0.0,0.0,False,0.0,0.0,0.0,0.0,0.0,183.4544117647059,0.0,183.4544117647059,False,False,False,False,highs,2025-05-14_00:00_04:00,4.0,pay_as_bid,14.26,14.26,14.26,14.26,0.0,0.0,0.0,0.0,0.0,0.0,0.0,2.5,51.02040816326531,183.4544117647059,183.4544117647059,2.0875,0.0,2.0875,0.0,2.0875,0.0,0.0,493.6323529411765,493.6323529411765
2025-05-14 02:15:00+02:00,plant_1,2.0875,95.41,105.22,32.93,128.34,138.15,32.93,74.7,0.0,DE_DA_price,DE_ID3_price,natural_gas_price,,87.88235294117648,83.54096470588236,0.0,0.0,0.0,2.0875,2.4558823529411766,0.0,0.0,0.0,0.0,0.0,0.0,0.0,0.0,0.0,0.0,0.0,0.0,0.0,0.0,83.54096470588236,83.54096470588236,50.61096470588236,0.0,0.0,0.0,0.0,0.0,0.0,0.0,0.0,False,0.0,0.0,0.0,0.0,0.0,183.4544117647059,0.0,183.4544117647059,False,False,False,False,highs,2025-05-14_00:00_04:00,4.0,pay_as_bid,14.26,14.26,14.26,14.26,0.0,0.0,0.0,0.0,0.0,0.0,0.0,2.5,51.02040816326531,183.4544117647059,183.4544117647059,2.0875,0.0,2.0875,0.0,2.0875,0.0,0.0,493.6323529411765,493.6323529411765
2025-05-14 02:30:00+02:00,plant_1,2.0875,95.41,119.76,32.93,128.34,152.69,111.34,74.7,0.0,DE_DA_price,DE_ID3_price,natural_gas_price,,87.88235294117648,83.54096470588236,0.0,0.0,0.0,2.0875,2.4558823529411766,0.0,0.0,0.0,0.0,0.0,0.0,0.0,0.0,0.0,0.0,0.0,0.0,78.41,0.055,83.54096470588236,5.130964705882363,-27.799035294117644,0.0,0.0,0.0,0.0,0.0,0.0,0.0,0.0,False,0.0,0.0,0.0,0.0,0.0,183.4544117647059,0.0,183.4544117647059,False,False,False,False,highs,2025-05-14_00:00_04:00,4.0,pay_as_bid,14.26,14.26,14.26,14.26,0.0,0.0,0.0,0.0,0.0,0.0,0.0,2.5,51.02040816326531,183.4544117647059,183.4544117647059,2.0875,0.0,2.0875,0.0,2.0875,0.0,0.0,493.6323529411765,493.6323529411765
2025-05-14 02:45:00+02:00,plant_1,2.0875,95.41,126.67,32.93,128.34,159.6,130.01,74.7,0.0,DE_DA_price,DE_ID3_price,natural_gas_price,,87.88235294117648,83.54096470588236,0.0,0.0,0.0,2.0875,2.4558823529411766,0.0,0.0,0.0,0.0,0.0,0.0,0.0,0.0,0.0,0.0,0.0,0.0,97.08,0.007,83.54096470588236,-13.539035294117639,-46.46903529411763,0.0,0.0,0.0,0.0,0.0,0.0,0.0,0.0,False,0.0,0.0,0.0,0.0,0.0,183.4544117647059,0.0,183.4544117647059,False,False,False,False,highs,2025-05-14_00:00_04:00,4.0,pay_as_bid,14.26,14.26,14.26,14.26,0.0,0.0,0.0,0.0,0.0,0.0,0.0,2.5,51.02040816326531,183.4544117647059,183.4544117647059,2.0875,0.0,2.0875,0.0,2.0875,0.0,0.0,493.6323529411765,493.6323529411765
2025-05-14 03:00:00+02:00,plant_1,2.0875,96.96,101.5,32.93,129.89,134.43,127.06,74.7,0.0,DE_DA_price,DE_ID3_price,natural_gas_price,,87.88235294117648,83.54096470588236,0.0,0.0,0.0,2.0875,2.4558823529411766,0.0,0.0,0.0,0.0,0.0,0.0,0.0,0.0,0.0,0.0,0.0,0.0,94.13,0.155,83.54096470588236,-10.589035294117636,-43.51903529411764,0.0,0.0,0.0,0.0,0.0,0.0,0.0,0.0,False,0.0,0.0,0.0,0.0,0.0,183.4544117647059,0.0,183.4544117647059,False,False,False,False,highs,2025-05-14_00:00_04:00,4.0,pay_as_bid,14.26,14.26,14.26,14.26,0.0,0.0,0.0,0.0,0.0,0.0,0.0,2.5,51.02040816326531,183.4544117647059,183.4544117647059,2.0875,0.0,2.0875,0.0,2.0875,0.0,0.0,493.6323529411765,493.6323529411765
2025-05-14 03:15:00+02:00,plant_1,2.0875,96.96,110.6,32.93,129.89,143.53,115.36000000000001,74.7,0.0,DE_DA_price,DE_ID3_price,natural_gas_price,,87.88235294117648,83.54096470588236,0.0,0.0,0.0,2.0875,2.4558823529411766,0.0,0.0,0.0,0.0,0.0,0.0,0.0,0.0,0.0,0.0,0.0,0.0,82.43,0.088,83.54096470588236,1.1109647058823526,-31.819035294117654,0.0,0.0,0.0,0.0,0.0,0.0,0.0,0.0,False,0.0,0.0,0.0,0.0,0.0,183.4544117647059,0.0,183.4544117647059,False,False,False,False,highs,2025-05-14_00:00_04:00,4.0,pay_as_bid,14.26,14.26,14.26,14.26,0.0,0.0,0.0,0.0,0.0,0.0,0.0,2.5,51.02040816326531,183.4544117647059,183.4544117647059,2.0875,0.0,2.0875,0.0,2.0875,0.0,0.0,493.6323529411765,493.6323529411765
2025-05-14 03:30:00+02:00,plant_1,2.0875,96.96,121.67,32.93,129.89,154.6,114.1,74.7,0.0,DE_DA_price,DE_ID3_price,natural_gas_price,,87.88235294117648,83.54096470588236,0.0,0.0,0.0,2.0875,2.4558823529411766,0.0,0.0,0.0,0.0,0.0,0.0,0.0,0.0,0.0,0.0,0.0,0.0,81.17,0.41,83.54096470588236,2.3709647058823577,-30.559035294117635,0.0,0.0,0.0,0.0,0.0,0.0,0.0,0.0,False,0.0,0.0,0.0,0.0,0.0,183.4544117647059,0.0,183.4544117647059,False,False,False,False,highs,2025-05-14_00:00_04:00,4.0,pay_as_bid,14.26,14.26,14.26,14.26,0.0,0.0,0.0,0.0,0.0,0.0,0.0,2.5,51.02040816326531,183.4544117647059,183.4544117647059,2.0875,0.0,2.0875,0.0,2.0875,0.0,0.0,493.6323529411765,493.6323529411765
2025-05-14 03:45:00+02:00,plant_1,2.0875,96.96,130.27,32.93,129.89,163.20000000000002,108.86000000000001,74.7,0.0,DE_DA_price,DE_ID3_price,natural_gas_price,,87.88235294117648,83.54096470588236,0.0,0.0,0.0,2.0875,2.4558823529411766,0.0,0.0,0.0,0.0,0.0,0.0,0.0,0.0,0.0,0.0,0.0,0.0,75.93,0.228,83.54096470588236,7.610964705882353,-25.319035294117654,0.0,0.0,0.0,0.0,0.0,0.0,0.0,0.0,False,0.0,0.0,0.0,0.0,0.0,183.4544117647059,0.0,183.4544117647059,False,False,False,False,highs,2025-05-14_00:00_04:00,4.0,pay_as_bid,14.26,14.26,14.26,14.26,0.0,0.0,0.0,0.0,0.0,0.0,0.0,2.5,51.02040816326531,183.4544117647059,183.4544117647059,2.0875,0.0,2.0875,0.0,2.0875,0.0,0.0,493.6323529411765,493.6323529411765
2025-05-14 04:00:00+02:00,plant_1,2.0875,98.56,122.04,32.93,131.49,154.97,114.62,74.7,0.0,DE_DA_price,DE_ID3_price,natural_gas_price,,87.88235294117648,83.54096470588236,0.0,0.0,0.0,2.0875,2.4558823529411766,0.0,0.0,0.0,0.0,0.0,0.0,0.0,0.0,0.0,0.0,0.0,0.0,81.69,0.401,83.54096470588236,1.8509647058823617,-31.079035294117645,0.0,0.0,0.0,0.0,0.0,0.0,0.0,0.0,False,0.0,0.0,0.0,0.0,0.0,183.4544117647059,0.0,183.4544117647059,False,False,False,False,highs,2025-05-14_04:00_08:00,4.0,pay_as_bid,8.19,8.19,8.19,8.19,0.0,0.0,0.0,0.0,0.0,0.0,0.0,2.5,51.02040816326531,183.4544117647059,183.4544117647059,2.0875,0.0,2.0875,0.0,2.0875,0.0,0.0,493.6323529411765,493.6323529411765
2025-05-14 04:15:00+02:00,plant_1,2.0875,98.56,124.9,32.93,131.49,157.83,111.69,74.7,0.0,DE_DA_price,DE_ID3_price,natural_gas_price,,87.88235294117648,83.54096470588236,0.0,0.0,0.0,2.0875,2.4558823529411766,0.0,0.0,0.0,0.0,0.0,0.0,0.0,0.0,0.0,0.0,0.0,0.0,78.76,0.186,83.54096470588236,4.780964705882354,-28.14903529411764,0.0,0.0,0.0,0.0,0.0,0.0,0.0,0.0,False,0.0,0.0,0.0,0.0,0.0,183.4544117647059,0.0,183.4544117647059,False,False,False,False,highs,2025-05-14_04:00_08:00,4.0,pay_as_bid,8.19,8.19,8.19,8.19,0.0,0.0,0.0,0.0,0.0,0.0,0.0,2.5,51.02040816326531,183.4544117647059,183.4544117647059,2.0875,0.0,2.0875,0.0,2.0875,0.0,0.0,493.6323529411765,493.6323529411765
2025-05-14 04:30:00+02:00,plant_1,2.0875,98.56,130.66,32.93,131.49,163.59,92.87,74.7,0.0,DE_DA_price,DE_ID3_price,natural_gas_price,,87.88235294117648,83.54096470588236,0.0,0.0,0.0,2.0875,2.4558823529411766,0.0,0.0,0.0,0.0,0.0,0.0,0.0,0.0,0.0,0.0,0.0,0.0,59.94,0.006,83.54096470588236,23.60096470588236,-9.329035294117645,0.0,0.0,0.0,0.0,0.0,0.0,0.0,0.0,False,0.0,0.0,0.0,0.0,0.0,183.4544117647059,0.0,183.4544117647059,False,False,False,False,highs,2025-05-14_04:00_08:00,4.0,pay_as_bid,8.19,8.19,8.19,8.19,0.0,0.0,0.0,0.0,0.0,0.0,0.0,2.5,51.02040816326531,183.4544117647059,183.4544117647059,2.0875,0.0,2.0875,0.0,2.0875,0.0,0.0,493.6323529411765,493.6323529411765
2025-05-14 04:45:00+02:00,plant_1,2.0875,98.56,129.37,32.93,131.49,162.3,32.93,74.7,0.0,DE_DA_price,DE_ID3_price,natural_gas_price,,87.88235294117648,83.54096470588236,0.0,0.0,0.0,2.0875,2.4558823529411766,0.0,0.0,0.0,0.0,0.0,0.0,0.0,0.0,0.0,0.0,0.0,0.0,0.0,0.0,83.54096470588236,83.54096470588236,50.61096470588236,0.0,0.0,0.0,0.0,0.0,0.0,0.0,0.0,False,0.0,0.0,0.0,0.0,0.0,183.4544117647059,0.0,183.4544117647059,False,False,False,False,highs,2025-05-14_04:00_08:00,4.0,pay_as_bid,8.19,8.19,8.19,8.19,0.0,0.0,0.0,0.0,0.0,0.0,0.0,2.5,51.02040816326531,183.4544117647059,183.4544117647059,2.0875,0.0,2.0875,0.0,2.0875,0.0,0.0,493.6323529411765,493.6323529411765
2025-05-14 05:00:00+02:00,plant_1,2.0875,103.94,160.72,32.93,136.87,193.65,121.65,74.7,0.0,DE_DA_price,DE_ID3_price,natural_gas_price,,87.88235294117648,83.54096470588236,0.0,0.0,0.0,2.0875,2.4558823529411766,0.0,0.0,0.0,0.0,0.0,0.0,0.0,0.0,0.0,0.0,0.0,0.0,88.72,0.037,83.54096470588236,-5.179035294117639,-38.109035294117646,0.0,0.0,0.0,0.0,0.0,0.0,0.0,0.0,False,0.0,0.0,0.0,0.0,0.0,183.4544117647059,0.0,183.4544117647059,False,False,False,False,highs,2025-05-14_04:00_08:00,4.0,pay_as_bid,8.19,8.19,8.19,8.19,0.0,0.0,0.0,0.0,0.0,0.0,0.0,2.5,51.02040816326531,183.4544117647059,183.4544117647059,2.0875,0.0,2.0875,0.0,2.0875,0.0,0.0,493.6323529411765,493.6323529411765
2025-05-14 05:15:00+02:00,plant_1,2.0875,103.94,135.31,32.93,136.87,168.24,111.96000000000001,74.7,0.0,DE_DA_price,DE_ID3_price,natural_gas_price,,87.88235294117648,83.54096470588236,0.0,0.0,0.0,2.0875,2.4558823529411766,0.0,0.0,0.0,0.0,0.0,0.0,0.0,0.0,0.0,0.0,0.0,0.0,79.03,0.258,83.54096470588236,4.510964705882358,-28.41903529411765,0.0,0.0,0.0,0.0,0.0,0.0,0.0,0.0,False,0.0,0.0,0.0,0.0,0.0,183.4544117647059,0.0,183.4544117647059,False,False,False,False,highs,2025-05-14_04:00_08:00,4.0,pay_as_bid,8.19,8.19,8.19,8.19,0.0,0.0,0.0,0.0,0.0,0.0,0.0,2.5,51.02040816326531,183.4544117647059,183.4544117647059,2.0875,0.0,2.0875,0.0,2.0875,0.0,0.0,493.6323529411765,493.6323529411765
2025-05-14 05:30:00+02:00,plant_1,2.0875,103.94,118.84,32.93,136.87,151.77,115.19,74.7,0.0,DE_DA_price,DE_ID3_price,natural_gas_price,,87.88235294117648,83.54096470588236,0.0,0.0,0.0,2.0875,2.4558823529411766,0.0,0.0,0.0,0.0,0.0,0.0,0.0,0.0,0.0,0.0,0.0,0.0,82.26,0.104,83.54096470588236,1.2809647058823543,-31.64903529411764,0.0,0.0,0.0,0.0,0.0,0.0,0.0,0.0,False,0.0,0.0,0.0,0.0,0.0,183.4544117647059,0.0,183.4544117647059,False,False,False,False,highs,2025-05-14_04:00_08:00,4.0,pay_as_bid,8.19,8.19,8.19,8.19,0.0,0.0,0.0,0.0,0.0,0.0,0.0,2.5,51.02040816326531,183.4544117647059,183.4544117647059,2.0875,0.0,2.0875,0.0,2.0875,0.0,0.0,493.6323529411765,493.6323529411765
2025-05-14 05:45:00+02:00,plant_1,2.0875,103.94,101.35,32.93,136.87,134.28,32.93,74.7,0.0,DE_DA_price,DE_ID3_price,natural_gas_price,,87.88235294117648,83.54096470588236,0.0,0.0,0.0,2.0875,2.4558823529411766,0.0,0.0,0.0,0.0,0.0,0.0,0.0,0.0,0.0,0.0,0.0,0.0,0.0,0.0,83.54096470588236,83.54096470588236,50.61096470588236,0.0,0.0,0.0,0.0,0.0,0.0,0.0,0.0,False,0.0,0.0,0.0,0.0,0.0,183.4544117647059,0.0,183.4544117647059,False,False,False,False,highs,2025-05-14_04:00_08:00,4.0,pay_as_bid,8.19,8.19,8.19,8.19,0.0,0.0,0.0,0.0,0.0,0.0,0.0,2.5,51.02040816326531,183.4544117647059,183.4544117647059,2.0875,0.0,2.0875,0.0,2.0875,0.0,0.0,493.6323529411765,493.6323529411765
2025-05-14 06:00:00+02:00,plant_1,2.0875,128.58,124.45,32.93,161.51000000000002,157.38,131.79,74.7,0.0,DE_DA_price,DE_ID3_price,natural_gas_price,,87.88235294117648,83.54096470588236,0.0,0.0,0.0,2.0875,2.4558823529411766,0.0,0.0,0.0,0.0,0.0,0.0,0.0,0.0,0.0,0.0,0.0,0.0,98.86,0.017,83.54096470588236,-15.31903529411764,-48.24903529411763,0.0,0.0,0.0,0.0,0.0,0.0,0.0,0.0,False,0.0,0.0,0.0,0.0,0.0,183.4544117647059,0.0,183.4544117647059,False,False,False,False,highs,2025-05-14_04:00_08:00,4.0,pay_as_bid,8.19,8.19,8.19,8.19,0.0,0.0,0.0,0.0,0.0,0.0,0.0,2.5,51.02040816326531,183.4544117647059,183.4544117647059,2.0875,0.0,2.0875,0.0,2.0875,0.0,0.0,493.6323529411765,493.6323529411765
2025-05-14 06:15:00+02:00,plant_1,2.0875,128.58,105.26,32.93,161.51000000000002,138.19,86.0,74.7,0.0,DE_DA_price,DE_ID3_price,natural_gas_price,,87.88235294117648,83.54096470588236,0.0,0.0,0.0,2.0875,2.4558823529411766,0.0,0.0,0.0,0.0,0.0,0.0,0.0,0.0,0.0,0.0,0.0,0.0,53.07,39.932,83.54096470588236,30.47096470588236,-2.4590352941176405,0.0,0.0,0.0,0.0,0.0,0.0,0.0,0.0,False,0.0,0.0,0.0,0.0,0.0,183.4544117647059,0.0,183.4544117647059,False,False,False,False,highs,2025-05-14_04:00_08:00,4.0,pay_as_bid,8.19,8.19,8.19,8.19,0.0,0.0,0.0,0.0,0.0,0.0,0.0,2.5,51.02040816326531,183.4544117647059,183.4544117647059,2.0875,0.0,2.0875,0.0,2.0875,0.0,0.0,493.6323529411765,493.6323529411765
2025-05-14 06:30:00+02:00,plant_1,2.0875,128.58,78.06,32.93,161.51000000000002,110.99000000000001,83.31,74.7,0.0,DE_DA_price,DE_ID3_price,natural_gas_price,,87.88235294117648,83.54096470588236,2.5,2.0875,0.29793814432989674,0.0,0.0,2.5,0.0,0.0,0.0,0.0,2.5,0.0,0.0,0.0,2.5,10.0,2.5,50.38,118.966,83.54096470588236,33.16096470588236,0.23096470588235718,125.95,0.577411764705893,82.90241176470589,0.577411764705893,0.0,2.5,0.0,2.5,False,0.0,125.95,82.325,208.275,0.0,0.0,0.0,208.275,False,False,False,True,highs,2025-05-14_04:00_08:00,4.0,pay_as_bid,8.19,8.19,8.19,8.19,0.0,0.0,0.0,0.0,0.0,0.0,0.0,2.5,50.71638964864296,208.275,208.275,2.0875,0.0,2.0875,0.0,0.0,2.0875,991.4837059229624,0.0,991.4837059229624
2025-05-14 06:45:00+02:00,plant_1,2.0875,128.58,66.09,32.93,161.51000000000002,99.02000000000001,75.06,74.7,0.0,DE_DA_price,DE_ID3_price,natural_gas_price,,87.88235294117648,83.54096470588236,2.5,2.0875,0.595801804123711,0.0,0.0,2.5,0.0,0.0,0.0,0.0,2.5,0.0,0.0,0.0,2.5,10.0,2.5,42.13,220.622,83.54096470588236,41.41096470588236,8.480964705882357,105.325,21.202411764705893,103.52741176470589,21.202411764705893,0.0,2.5,0.0,2.5,False,0.0,105.325,82.325,187.65,0.0,0.0,0.0,187.65,False,False,False,True,highs,2025-05-14_04:00_08:00,4.0,pay_as_bid,8.19,8.19,8.19,8.19,0.0,0.0,0.0,0.0,0.0,0.0,0.0,2.5,50.41244713864928,187.65,187.65,2.0875,0.0,2.0875,0.0,0.0,2.0875,956.8220383487248,0.0,956.8220383487248
2025-05-14 07:00:00+02:00,plant_1,2.135,122.51,102.79,32.93,155.44,135.72,92.02000000000001,74.7,0.0,DE_DA_price,DE_ID3_price,natural_gas_price,,87.88235294117648,83.54096470588236,0.0,0.5777832680624996,0.0,1.5572167319375003,1.8320196846323533,0.0,0.0,0.0,0.0,0.0,0.0,0.0,0.0,0.0,0.0,0.0,0.0,59.09,16.243,83.54096470588236,24.450964705882356,-8.47903529411765,0.0,0.0,0.0,0.0,0.0,0.0,0.0,0.0,False,0.0,0.0,0.0,0.0,0.0,136.85187044203678,0.0,136.85187044203678,False,False,False,False,highs,2025-05-14_04:00_08:00,4.0,pay_as_bid,8.19,8.19,8.19,8.19,0.0,0.0,0.0,0.0,0.0,0.0,0.0,2.5,51.02040816326531,136.85187044203678,136.85187044203678,2.135,0.0,2.135,0.0,1.5572167319375003,0.5777832680624996,0.0,368.235956611103,368.235956611103
2025-05-14 07:15:00+02:00,plant_1,2.135,122.51,88.79,32.93,155.44,121.72,81.46000000000001,74.7,0.0,DE_DA_price,DE_ID3_price,natural_gas_price,,87.88235294117648,83.54096470588236,2.5,2.135,0.24896907216494846,0.0,0.0,2.5,0.0,0.0,0.0,0.0,2.5,0.0,0.0,0.0,2.5,10.0,2.5,48.53,31.038,83.54096470588236,35.01096470588236,2.0809647058823515,121.325,5.202411764705879,87.5274117647059,5.202411764705879,0.0,2.5,0.0,2.5,False,0.0,121.325,82.325,203.65,0.0,0.0,0.0,203.65,False,False,False,True,highs,2025-05-14_04:00_08:00,4.0,pay_as_bid,8.19,8.19,8.19,8.19,0.0,0.0,0.0,0.0,0.0,0.0,0.0,2.5,50.76635808962761,203.65,203.65,2.135,0.0,2.135,0.0,0.0,2.135,880.520487108376,0.0,880.520487108376
2025-05-14 07:30:00+02:00,plant_1,2.135,122.51,55.79,32.93,155.44,88.72,69.99000000000001,74.7,0.0,DE_DA_price,DE_ID3_price,natural_gas_price,,87.88235294117648,83.54096470588236,2.5,2.135,0.4978759020618557,0.0,0.0,2.5,0.0,0.0,0.0,0.0,2.5,0.0,0.0,0.0,2.5,10.0,2.5,37.06,41.007,83.54096470588236,46.48096470588236,13.55096470588235,92.65,33.877411764705876,116.20241176470589,33.877411764705876,0.0,2.5,0.0,2.5,False,0.0,92.65,82.325,174.97500000000002,0.0,0.0,0.0,174.97500000000002,False,False,False,True,highs,2025-05-14_04:00_08:00,4.0,pay_as_bid,8.19,8.19,8.19,8.19,0.0,0.0,0.0,0.0,0.0,0.0,0.0,2.5,50.51237152850831,174.97500000000002,174.97500000000002,2.135,0.0,2.135,0.0,0.0,2.135,877.8843594319712,0.0,877.8843594319712
2025-05-14 07:45:00+02:00,plant_1,2.135,122.51,11.67,32.93,155.44,44.6,56.01,74.7,0.0,DE_DA_price,DE_ID3_price,natural_gas_price,,87.88235294117648,83.54096470588236,2.5,2.135,0.7467205052512887,0.0,0.0,2.5,0.0,2.5,0.0,2.5,2.5,0.0,29.175,0.0,0.0,0.0,0.0,23.08,5.75,83.54096470588236,60.46096470588236,27.53096470588236,0.0,0.0,0.0,0.0,0.0,0.0,0.0,0.0,False,0.0,29.175,82.325,111.5,0.0,0.0,0.0,111.5,False,False,False,False,highs,2025-05-14_04:00_08:00,4.0,pay_as_bid,8.19,8.19,8.19,8.19,0.0,0.0,0.0,0.0,0.0,0.0,0.0,0.0,50.2584484640293,111.5,111.5,2.135,0.0,0.0,2.135,0.0,2.135,838.2979649769089,0.0,838.2979649769089
2025-05-14 08:00:00+02:00,plant_1,2.1725,99.56,65.99,32.93,132.49,98.91999999999999,32.93,74.7,0.0,DE_DA_price,DE_ID3_price,natural_gas_price,,87.88235294117648,83.54096470588236,0.0,0.7241378103712266,0.0,1.4483621896287733,1.7039555172103216,0.0,0.0,0.0,0.0,0.0,0.0,0.0,0.0,0.0,2.5,10.0,0.0,0.0,0.0,83.54096470588236,83.54096470588236,50.61096470588236,0.0,0.0,0.0,0.0,2.5,0.0,0.0,0.0,False,0.0,0.0,0.0,0.0,0.0,127.28547713561103,0.0,127.28547713561103,False,False,False,True,highs,2025-05-14_08:00_12:00,4.0,pay_as_bid,99.2,99.2,99.2,99.2,10.0,2.5,248.0,64.18245588235295,0.0,183.81754411764706,2.5,2.5,51.02040816326531,127.28547713561103,-120.71452286438897,2.1725,0.0,1.931060375,0.241439625,1.4483621896287733,0.7241378103712266,0.0,342.4950589592746,342.4950589592746
2025-05-14 08:15:00+02:00,plant_1,2.1725,99.56,17.17,32.93,132.49,50.1,60.9,74.7,0.0,DE_DA_price,DE_ID3_price,natural_gas_price,,87.88235294117648,83.54096470588236,0.48,0.4562879999999999,0.0,1.716212,2.0190729411764705,0.48,0.0,0.0,0.0,0.0,0.48,0.0,0.0,0.0,2.5,10.0,0.48,27.97,0.48,83.54096470588236,55.57096470588236,22.64096470588236,13.4256,10.867663058823533,26.67406305882353,10.867663058823533,2.5,0.0,0.48,0.0,False,0.0,13.4256,15.8064,29.232,0.0,150.82474870588234,0.0,180.05674870588234,False,False,False,True,highs,2025-05-14_08:00_12:00,4.0,pay_as_bid,99.2,99.2,99.2,99.2,10.0,2.5,248.0,64.18245588235295,0.0,183.81754411764706,2.5,2.5,51.02040816326531,180.05674870588234,-67.94325129411766,2.1725,0.0,2.1725,0.0,1.716212,0.4562879999999999,135.420534007523,405.83366117647057,541.2541951839936
2025-05-14 08:30:00+02:00,plant_1,2.1725,99.56,-8.32,32.93,132.49,24.61,25.28,74.7,0.0,DE_DA_price,DE_ID3_price,natural_gas_price,,87.88235294117648,83.54096470588236,2.5,2.1725,0.2103092783505156,0.0,0.0,2.5,0.0,0.0,0.0,0.0,2.5,0.0,0.0,0.0,2.5,10.0,2.5,-7.65,23.069,83.54096470588236,91.19096470588237,58.26096470588236,-19.125,145.6524117647059,227.97741176470592,145.6524117647059,2.5,0.0,2.5,0.0,False,0.0,-19.125,82.325,63.2,0.0,0.0,0.0,63.2,False,False,False,True,highs,2025-05-14_08:00_12:00,4.0,pay_as_bid,99.2,99.2,99.2,99.2,10.0,2.5,248.0,64.18245588235295,0.0,183.81754411764706,2.5,2.5,50.805806858826,63.2,-184.8,2.1725,0.0,2.1725,0.0,0.0,2.1725,650.2533024486303,0.0,650.2533024486303
2025-05-14 08:45:00+02:00,plant_1,2.1725,99.56,-29.49,32.93,132.49,3.4400000000000013,-79.30000000000001,74.7,0.0,DE_DA_price,DE_ID3_price,natural_gas_price,,87.88235294117648,83.54096470588236,2.5,2.1725,0.4205659793814436,0.0,0.0,2.5,0.0,0.0,0.0,0.0,2.5,0.0,0.0,0.0,2.5,10.0,2.5,-112.23,103.001,83.54096470588236,195.77096470588236,162.84096470588236,-280.575,407.1024117647059,489.4274117647059,407.1024117647059,2.5,0.0,2.5,0.0,False,0.0,-280.575,82.325,-198.25,0.0,0.0,0.0,-198.25,False,False,False,True,highs,2025-05-14_08:00_12:00,4.0,pay_as_bid,99.2,99.2,99.2,99.2,10.0,2.5,248.0,64.18245588235295,0.0,183.81754411764706,2.5,2.5,50.59125920471281,-198.25,-446.25,2.1725,0.0,2.1725,0.0,0.0,2.1725,585.7185488629179,0.0,585.7185488629179
2025-05-14 09:00:00+02:00,plant_1,2.225,70.92,17.37,32.93,103.85,50.3,-2.740000000000002,74.7,0.0,DE_DA_price,DE_ID3_price,natural_gas_price,,87.88235294117648,83.54096470588236,2.5,2.225,0.5766464048969073,0.0,0.0,2.5,0.0,0.0,0.0,0.0,2.5,0.0,0.0,0.0,2.5,10.0,2.5,-35.67,32.02,83.54096470588236,119.21096470588236,86.28096470588235,-89.17500000000001,215.7024117647059,298.0274117647059,215.7024117647059,2.5,0.0,2.5,0.0,False,0.0,-89.17500000000001,82.325,-6.8500000000000085,0.0,0.0,0.0,-6.8500000000000085,False,False,False,True,highs,2025-05-14_08:00_12:00,4.0,pay_as_bid,99.2,99.2,99.2,99.2,10.0,2.5,248.0,64.18245588235295,0.0,183.81754411764706,2.5,2.5,50.431993464390914,-6.8500000000000085,-254.85000000000002,2.225,0.0,2.225,0.0,0.0,2.225,517.5268544895221,0.0,517.5268544895221
2025-05-14 09:15:00+02:00,plant_1,2.225,70.92,-0.5,32.93,103.85,32.43,-53.27,74.7,0.0,DE_DA_price,DE_ID3_price,natural_gas_price,,87.88235294117648,83.54096470588236,2.5,2.225,0.7326878103059923,0.0,0.0,2.5,0.0,0.0,0.0,0.0,2.5,0.0,0.0,0.0,2.5,10.0,2.5,-86.2,38.257,83.54096470588236,169.74096470588236,136.81096470588236,-215.5,342.0274117647059,424.3524117647059,342.0274117647059,2.5,0.0,2.5,0.0,False,0.0,-215.5,82.325,-133.175,0.0,0.0,0.0,-133.175,False,False,False,True,highs,2025-05-14_08:00_12:00,4.0,pay_as_bid,99.2,99.2,99.2,99.2,10.0,2.5,248.0,64.18245588235295,0.0,183.81754411764706,2.5,2.5,50.27276754050409,-133.175,-381.175,2.225,0.0,2.225,0.0,0.0,2.225,477.90906900913615,0.0,477.90906900913615
2025-05-14 09:30:00+02:00,plant_1,2.225,70.92,-1.88,32.93,103.85,31.05,-76.97,74.7,0.0,DE_DA_price,DE_ID3_price,natural_gas_price,,87.88235294117648,83.54096470588236,2.5,2.225,0.888690205363725,0.0,0.0,2.5,0.0,0.0,0.0,0.0,2.5,0.0,0.0,0.0,2.5,10.0,2.5,-109.9,64.234,83.54096470588236,193.44096470588238,160.51096470588237,-274.75,401.2774117647059,483.60241176470595,401.2774117647059,2.5,0.0,2.5,0.0,False,0.0,-274.75,82.325,-192.425,0.0,0.0,0.0,-192.425,False,False,False,True,highs,2025-05-14_08:00_12:00,4.0,pay_as_bid,99.2,99.2,99.2,99.2,10.0,2.5,248.0,64.18245588235295,0.0,183.81754411764706,2.5,2.5,50.113581423098246,-192.425,-440.425,2.225,0.0,2.225,0.0,0.0,2.225,430.8170299679852,0.0,430.8170299679852
2025-05-14 09:45:00+02:00,plant_1,2.225,70.92,-11.09,32.93,103.85,21.84,22.59,74.7,0.0,DE_DA_price,DE_ID3_price,natural_gas_price,,87.88235294117648,83.54096470588236,2.5,2.225,1.0446535998226931,0.0,0.0,2.5,0.0,0.0,0.0,0.0,2.5,0.0,0.0,0.0,2.5,10.0,2.5,-10.34,52.459,83.54096470588236,93.88096470588236,60.950964705882356,-25.85,152.3774117647059,234.70241176470591,152.3774117647059,2.5,0.0,2.5,0.0,False,0.0,-25.85,82.325,56.475,0.0,0.0,0.0,56.475,False,False,False,True,highs,2025-05-14_08:00_12:00,4.0,pay_as_bid,99.2,99.2,99.2,99.2,10.0,2.5,248.0,64.18245588235295,0.0,183.81754411764706,2.5,2.5,49.954435102221744,56.475,-191.525,2.225,0.0,2.225,0.0,0.0,2.225,392.2955366685328,0.0,392.2955366685328
2025-05-14 10:00:00+02:00,plant_1,2.225,0.2,-1.06,32.93,33.13,31.87,80.03,74.7,0.0,DE_DA_price,DE_ID3_price,natural_gas_price,,87.88235294117648,83.54096470588236,2.5,2.225,1.2005780034330467,0.0,0.0,2.5,0.0,0.0,0.0,0.0,2.5,0.0,0.0,0.0,2.5,10.0,2.5,47.1,7.138,83.54096470588236,36.44096470588236,3.5109647058823583,117.75,8.777411764705896,91.10241176470589,8.777411764705896,2.5,0.0,2.5,0.0,False,0.0,117.75,82.325,200.075,0.0,0.0,0.0,200.075,False,False,False,True,highs,2025-05-14_08:00_12:00,4.0,pay_as_bid,99.2,99.2,99.2,99.2,10.0,2.5,248.0,64.18245588235295,0.0,183.81754411764706,2.5,2.5,49.795328567925466,200.075,-47.92500000000001,2.225,0.0,2.225,0.0,0.0,2.225,366.91756359194767,0.0,366.91756359194767
2025-05-14 10:15:00+02:00,plant_1,2.225,0.2,-0.32,32.93,33.13,32.61,40.48,74.7,0.0,DE_DA_price,DE_ID3_price,natural_gas_price,,87.88235294117648,83.54096470588236,2.5,2.225,1.3564634259424977,0.0,0.0,2.5,0.0,0.0,0.0,0.0,2.5,0.0,0.0,0.0,2.5,10.0,2.5,7.55,9.565,83.54096470588236,75.99096470588236,43.06096470588236,18.875,107.6524117647059,189.9774117647059,107.6524117647059,2.5,0.0,2.5,0.0,False,0.0,18.875,82.325,101.2,0.0,0.0,0.0,101.2,False,False,False,True,highs,2025-05-14_08:00_12:00,4.0,pay_as_bid,99.2,99.2,99.2,99.2,10.0,2.5,248.0,64.18245588235295,0.0,183.81754411764706,2.5,2.5,49.63626181026275,101.2,-146.8,2.225,0.0,2.225,0.0,0.0,2.225,360.14447625,0.0,360.14447625
2025-05-14 10:30:00+02:00,plant_1,2.225,0.2,-3.25,32.93,33.13,29.68,28.53,74.7,0.0,DE_DA_price,DE_ID3_price,natural_gas_price,,87.88235294117648,83.54096470588236,2.5,2.225,1.5123098770963213,0.0,0.0,2.5,0.0,0.0,0.0,0.0,2.5,0.0,0.0,0.0,2.5,10.0,2.5,-4.4,25.899,83.54096470588236,87.94096470588237,55.01096470588236,-11.0,137.5274117647059,219.85241176470592,137.5274117647059,2.5,0.0,2.5,0.0,False,0.0,-11.0,82.325,71.325,0.0,0.0,0.0,71.325,False,False,False,True,highs,2025-05-14_08:00_12:00,4.0,pay_as_bid,99.2,99.2,99.2,99.2,10.0,2.5,248.0,64.18245588235295,0.0,183.81754411764706,2.5,2.5,49.47723481928947,71.325,-176.675,2.225,0.0,2.225,0.0,0.0,2.225,360.5587850232836,0.0,360.5587850232836
2025-05-14 10:45:00+02:00,plant_1,2.225,0.2,-7.93,32.93,33.13,25.0,0.6400000000000006,74.7,0.0,DE_DA_price,DE_ID3_price,natural_gas_price,,87.88235294117648,83.54096470588236,2.5,2.225,1.6681173666373563,0.0,0.0,2.5,0.0,0.0,0.0,0.0,2.5,0.0,0.0,0.0,2.5,10.0,2.5,-32.29,38.573,83.54096470588236,115.83096470588237,82.90096470588236,-80.725,207.2524117647059,289.5774117647059,207.2524117647059,2.5,0.0,2.5,0.0,False,0.0,-80.725,82.325,1.6000000000000085,0.0,0.0,0.0,1.6000000000000085,False,False,False,True,highs,2025-05-14_08:00_12:00,4.0,pay_as_bid,99.2,99.2,99.2,99.2,10.0,2.5,248.0,64.18245588235295,0.0,183.81754411764706,2.5,2.5,49.31824758506392,1.6000000000000085,-246.39999999999998,2.225,0.0,2.225,0.0,0.0,2.225,357.7869961226301,0.0,357.7869961226301
2025-05-14 11:00:00+02:00,plant_1,2.225,-1.67,-1.44,32.93,31.259999999999998,31.49,36.19,74.7,0.0,DE_DA_price,DE_ID3_price,natural_gas_price,,87.88235294117648,83.54096470588236,2.5,2.225,1.8238859043060063,0.0,0.0,2.5,0.0,0.0,0.0,0.0,2.5,0.0,0.0,0.0,2.5,10.0,2.5,3.26,28.67,83.54096470588236,80.28096470588235,47.35096470588236,8.149999999999999,118.3774117647059,200.7024117647059,118.3774117647059,2.5,0.0,2.5,0.0,False,0.0,8.149999999999999,82.325,90.475,0.0,0.0,0.0,90.475,False,False,False,True,highs,2025-05-14_08:00_12:00,4.0,pay_as_bid,99.2,99.2,99.2,99.2,10.0,2.5,248.0,64.18245588235295,0.0,183.81754411764706,2.5,2.5,49.159300097646934,90.475,-157.525,2.225,0.0,2.225,0.0,0.0,2.225,347.429656985459,0.0,347.429656985459
2025-05-14 11:15:00+02:00,plant_1,2.225,-1.67,-4.4,32.93,31.259999999999998,28.53,44.12,74.7,0.0,DE_DA_price,DE_ID3_price,natural_gas_price,,87.88235294117648,83.54096470588236,2.5,2.225,1.979615499840239,0.0,0.0,2.5,0.0,0.0,0.0,0.0,2.5,0.0,0.0,0.0,2.5,10.0,2.5,11.19,7.956,83.54096470588236,72.35096470588236,39.42096470588236,27.974999999999998,98.55241176470591,180.8774117647059,98.55241176470591,2.5,0.0,2.5,0.0,False,0.0,27.974999999999998,82.325,110.3,0.0,0.0,0.0,110.3,False,False,False,True,highs,2025-05-14_08:00_12:00,4.0,pay_as_bid,99.2,99.2,99.2,99.2,10.0,2.5,248.0,64.18245588235295,0.0,183.81754411764706,2.5,2.5,49.0003923471018,110.3,-137.7,2.225,0.0,2.225,0.0,0.0,2.225,335.7865969438045,0.0,335.7865969438045
2025-05-14 11:30:00+02:00,plant_1,2.225,-1.67,-5.66,32.93,31.259999999999998,27.27,60.379999999999995,74.7,0.0,DE_DA_price,DE_ID3_price,natural_gas_price,,87.88235294117648,83.54096470588236,2.5,2.225,2.1353061629755885,0.0,0.0,2.5,0.0,0.0,0.0,0.0,2.5,0.0,0.0,0.0,2.5,10.0,2.5,27.45,7.076,83.54096470588236,56.09096470588236,23.160964705882364,68.625,57.90241176470591,140.2274117647059,57.90241176470591,2.5,0.0,2.5,0.0,False,0.0,68.625,82.325,150.95,0.0,0.0,0.0,150.95,False,False,False,True,highs,2025-05-14_08:00_12:00,4.0,pay_as_bid,99.2,99.2,99.2,99.2,10.0,2.5,248.0,64.18245588235295,0.0,183.81754411764706,2.5,2.5,48.8415243234943,150.95,-97.05000000000001,2.225,0.0,2.225,0.0,0.0,2.225,333.38401328415046,0.0,333.38401328415046
2025-05-14 11:45:00+02:00,plant_1,2.225,-1.67,-6.65,32.93,31.259999999999998,26.28,29.42,74.7,0.0,DE_DA_price,DE_ID3_price,natural_gas_price,,87.88235294117648,83.54096470588236,2.5,2.225,2.290957903445154,0.0,0.0,2.5,0.0,0.0,0.0,0.0,2.5,0.0,0.0,0.0,2.5,10.0,2.5,-3.51,40.746,83.54096470588236,87.05096470588236,54.12096470588236,-8.774999999999999,135.30241176470588,217.62741176470593,135.30241176470588,2.5,0.0,2.5,0.0,False,0.0,-8.774999999999999,82.325,73.55000000000001,0.0,0.0,0.0,73.55000000000001,False,False,False,True,highs,2025-05-14_08:00_12:00,4.0,pay_as_bid,99.2,99.2,99.2,99.2,10.0,2.5,248.0,64.18245588235295,0.0,183.81754411764706,2.5,2.5,48.6826960168927,73.55000000000001,-174.45,2.225,0.0,2.225,0.0,0.0,2.225,330.40075999306407,0.0,330.40075999306407
2025-05-14 12:00:00+02:00,plant_1,2.225,-18.16,-13.92,32.93,14.77,19.009999999999998,60.739999999999995,74.7,0.0,DE_DA_price,DE_ID3_price,natural_gas_price,,87.88235294117648,83.54096470588236,2.5,2.225,2.446570730979602,0.0,0.0,2.5,0.0,0.0,0.0,0.0,2.5,0.0,0.0,0.0,2.5,10.0,2.5,27.81,8.057,83.54096470588236,55.73096470588236,22.800964705882365,69.52499999999999,57.00241176470591,139.3274117647059,57.00241176470591,2.5,0.0,2.5,0.0,False,0.0,69.52499999999999,82.325,151.85,0.0,0.0,0.0,151.85,False,False,False,True,highs,2025-05-14_12:00_16:00,4.0,pay_as_bid,195.0,195.0,195.0,195.0,10.0,2.5,487.5,184.4524117647059,0.0,303.04758823529414,2.5,2.5,48.52390741736775,151.85,-335.65,2.225,0.0,2.225,0.0,0.0,2.225,332.7247920133112,0.0,332.7247920133112
2025-05-14 12:15:00+02:00,plant_1,2.225,-18.16,-5.53,32.93,14.77,27.4,32.78,74.7,0.0,DE_DA_price,DE_ID3_price,natural_gas_price,,87.88235294117648,83.54096470588236,2.5,2.225,2.6021446553071663,0.0,0.0,2.5,0.0,0.0,0.0,0.0,2.5,0.0,0.0,0.0,2.5,10.0,2.5,-0.15,9.779,83.54096470588236,83.69096470588237,50.76096470588236,-0.375,126.9024117647059,209.22741176470592,126.9024117647059,2.5,0.0,2.5,0.0,False,0.0,-0.375,82.325,81.95,0.0,0.0,0.0,81.95,False,False,False,True,highs,2025-05-14_12:00_16:00,4.0,pay_as_bid,195.0,195.0,195.0,195.0,10.0,2.5,487.5,184.4524117647059,0.0,303.04758823529414,2.5,2.5,48.36515851499269,81.95,-405.55,2.225,0.0,2.225,0.0,0.0,2.225,332.6977530376579,0.0,332.6977530376579
2025-05-14 12:30:00+02:00,plant_1,2.225,-18.16,-2.82,32.93,14.77,30.11,39.75,74.7,0.0,DE_DA_price,DE_ID3_price,natural_gas_price,,87.88235294117648,83.54096470588236,2.5,2.225,2.7576796861536486,0.0,0.0,2.5,0.0,0.0,0.0,0.0,2.5,0.0,0.0,0.0,2.5,10.0,2.5,6.82,9.948,83.54096470588236,76.72096470588235,43.79096470588236,17.05,109.47741176470589,191.80241176470588,109.47741176470589,2.5,0.0,2.5,0.0,False,0.0,17.05,82.325,99.375,0.0,0.0,0.0,99.375,False,False,False,True,highs,2025-05-14_12:00_16:00,4.0,pay_as_bid,195.0,195.0,195.0,195.0,10.0,2.5,487.5,184.4524117647059,0.0,303.04758823529414,2.5,2.5,48.206449299843214,99.375,-388.125,2.225,0.0,2.225,0.0,0.0,2.225,331.0187323630441,0.0,331.0187323630441
2025-05-14 12:45:00+02:00,plant_1,2.225,-18.16,-0.01,32.93,14.77,32.92,-4.859999999999999,74.7,0.0,DE_DA_price,DE_ID3_price,natural_gas_price,,87.88235294117648,83.54096470588236,2.5,2.225,2.9131758332424194,0.0,0.0,2.5,0.0,0.0,0.0,0.0,2.5,0.0,0.0,0.0,2.5,10.0,2.5,-37.79,47.246,83.54096470588236,121.33096470588237,88.40096470588236,-94.475,221.0024117647059,303.3274117647059,221.0024117647059,2.5,0.0,2.5,0.0,False,0.0,-94.475,82.325,-12.149999999999991,0.0,0.0,0.0,-12.149999999999991,False,False,False,True,highs,2025-05-14_12:00_16:00,4.0,pay_as_bid,195.0,195.0,195.0,195.0,10.0,2.5,487.5,184.4524117647059,0.0,303.04758823529414,2.5,2.5,48.04777976199753,-12.149999999999991,-499.65,2.225,0.0,2.225,0.0,0.0,2.225,330.0817432606759,0.0,330.0817432606759
2025-05-14 13:00:00+02:00,plant_1,2.225,-29.91,-8.83,32.93,3.0199999999999996,24.1,15.100000000000001,74.7,0.0,DE_DA_price,DE_ID3_price,natural_gas_price,,87.88235294117648,83.54096470588236,2.5,2.225,3.068633106294418,0.0,0.0,2.5,0.0,0.0,0.0,0.0,2.5,0.0,0.0,0.0,2.5,10.0,2.5,-17.83,45.905,83.54096470588236,101.37096470588236,68.44096470588235,-44.574999999999996,171.1024117647059,253.42741176470588,171.1024117647059,2.5,0.0,2.5,0.0,False,0.0,-44.574999999999996,82.325,37.75000000000001,0.0,0.0,0.0,37.75000000000001,False,False,False,True,highs,2025-05-14_12:00_16:00,4.0,pay_as_bid,195.0,195.0,195.0,195.0,10.0,2.5,487.5,184.4524117647059,0.0,303.04758823529414,2.5,2.5,47.889149891536306,37.75000000000001,-449.75,2.225,0.0,2.225,0.0,0.0,2.225,333.3987887868565,0.0,333.3987887868565
2025-05-14 13:15:00+02:00,plant_1,2.225,-29.91,-4.57,32.93,3.0199999999999996,28.36,36.22,74.7,0.0,DE_DA_price,DE_ID3_price,natural_gas_price,,87.88235294117648,83.54096470588236,2.5,2.225,3.2240515150281537,0.0,0.0,2.5,0.0,0.0,0.0,0.0,2.5,0.0,0.0,0.0,2.5,10.0,2.5,3.29,30.432,83.54096470588236,80.25096470588235,47.32096470588236,8.225,118.30241176470591,200.62741176470587,118.30241176470591,2.5,0.0,2.5,0.0,False,0.0,8.225,82.325,90.55,0.0,0.0,0.0,90.55,False,False,False,True,highs,2025-05-14_12:00_16:00,4.0,pay_as_bid,195.0,195.0,195.0,195.0,10.0,2.5,487.5,184.4524117647059,0.0,303.04758823529414,2.5,2.5,47.730559678542704,90.55,-396.95,2.225,0.0,2.225,0.0,0.0,2.225,335.6688352354471,0.0,335.6688352354471
2025-05-14 13:30:00+02:00,plant_1,2.225,-29.91,-2.13,32.93,3.0199999999999996,30.8,34.91,74.7,0.0,DE_DA_price,DE_ID3_price,natural_gas_price,,87.88235294117648,83.54096470588236,2.5,2.225,3.379431069159706,0.0,0.0,2.5,0.0,0.0,0.0,0.0,2.5,0.0,0.0,0.0,2.5,10.0,2.5,1.98,26.37,83.54096470588236,81.56096470588236,48.63096470588236,4.95,121.57741176470591,203.9024117647059,121.57741176470591,2.5,0.0,2.5,0.0,False,0.0,4.95,82.325,87.275,0.0,0.0,0.0,87.275,False,False,False,True,highs,2025-05-14_12:00_16:00,4.0,pay_as_bid,195.0,195.0,195.0,195.0,10.0,2.5,487.5,184.4524117647059,0.0,303.04758823529414,2.5,2.5,47.57200911310234,87.275,-400.225,2.225,0.0,2.225,0.0,0.0,2.225,338.62883789083673,0.0,338.62883789083673
2025-05-14 13:45:00+02:00,plant_1,2.225,-29.91,2.91,32.93,3.0199999999999996,35.84,21.1,74.7,0.0,DE_DA_price,DE_ID3_price,natural_gas_price,,87.88235294117648,83.54096470588236,2.5,2.225,3.534771778402725,0.0,0.0,2.5,0.0,0.0,0.0,0.0,2.5,0.0,0.0,0.0,2.5,10.0,2.5,-11.83,46.963,83.54096470588236,95.37096470588236,62.44096470588236,-29.575,156.1024117647059,238.42741176470588,156.1024117647059,2.5,0.0,2.5,0.0,False,0.0,-29.575,82.325,52.75,0.0,0.0,0.0,52.75,False,False,False,True,highs,2025-05-14_12:00_16:00,4.0,pay_as_bid,195.0,195.0,195.0,195.0,10.0,2.5,487.5,184.4524117647059,0.0,303.04758823529414,2.5,2.5,47.41349818530334,52.75,-434.75,2.225,0.0,2.225,0.0,0.0,2.225,338.2911604253207,0.0,338.2911604253207
2025-05-14 14:00:00+02:00,plant_1,2.225,-31.82,-10.02,32.93,1.1099999999999994,22.91,33.05,74.7,0.0,DE_DA_price,DE_ID3_price,natural_gas_price,,87.88235294117648,83.54096470588236,2.5,2.225,3.6900736524684334,0.0,0.0,2.5,0.0,0.0,0.0,0.0,2.5,0.0,0.0,0.0,2.5,10.0,2.5,0.12,38.081,83.54096470588236,83.42096470588235,50.49096470588236,0.3,126.2274117647059,208.55241176470588,126.2274117647059,2.5,0.0,2.5,0.0,False,0.0,0.3,82.325,82.625,0.0,0.0,0.0,82.625,False,False,False,True,highs,2025-05-14_12:00_16:00,4.0,pay_as_bid,195.0,195.0,195.0,195.0,10.0,2.5,487.5,184.4524117647059,0.0,303.04758823529414,2.5,2.5,47.25502688523629,82.625,-404.875,2.225,0.0,2.225,0.0,0.0,2.225,342.27388070297224,0.0,342.27388070297224
2025-05-14 14:15:00+02:00,plant_1,2.225,-31.82,-5.58,32.93,1.1099999999999994,27.35,69.91,74.7,0.0,DE_DA_price,DE_ID3_price,natural_gas_price,,87.88235294117648,83.54096470588236,1.439,2.225,2.8055567010656253,0.0,0.0,1.439,0.0,0.0,0.0,0.0,1.439,0.0,0.0,0.0,2.5,10.0,1.439,36.98,1.439,83.54096470588236,46.56096470588236,13.630964705882363,53.21422,19.61495821176472,67.00122821176473,19.61495821176472,2.5,0.0,1.439,0.0,False,0.0,53.21422,47.38627,100.60049000000001,0.0,0.0,0.0,100.60049000000001,False,False,False,True,highs,2025-05-14_12:00_16:00,4.0,pay_as_bid,195.0,195.0,195.0,195.0,10.0,2.5,487.5,184.4524117647059,0.0,303.04758823529414,2.5,2.5,48.15759520299426,100.60049000000001,-386.89950999999996,2.225,0.0,2.225,0.0,0.0,2.225,196.69989107303218,0.0,196.69989107303218
2025-05-14 14:30:00+02:00,plant_1,2.225,-31.82,1.67,32.93,1.1099999999999994,34.6,98.6,74.7,0.0,DE_DA_price,DE_ID3_price,natural_gas_price,,87.88235294117648,83.54096470588236,0.0,2.225,0.5110408789006677,0.0,0.0,0.0,0.0,0.0,0.0,0.0,0.0,0.0,0.0,0.0,2.5,10.0,0.0,65.67,0.0,83.54096470588236,17.870964705882358,-15.059035294117635,0.0,0.0,0.0,0.0,2.5,0.0,0.0,0.0,False,0.0,0.0,0.0,0.0,0.0,0.0,0.0,0.0,False,False,False,True,highs,2025-05-14_12:00_16:00,4.0,pay_as_bid,195.0,195.0,195.0,195.0,10.0,2.5,487.5,184.4524117647059,0.0,303.04758823529414,2.5,2.5,50.49893787867279,0.0,-487.5,2.225,0.0,2.225,0.0,0.0,2.225,0.0,0.0,0.0
2025-05-14 14:45:00+02:00,plant_1,2.225,-31.82,29.78,32.93,1.1099999999999994,62.71,58.92,74.7,0.0,DE_DA_price,DE_ID3_price,natural_gas_price,,87.88235294117648,83.54096470588236,2.5,2.225,0.6670986856912517,0.0,0.0,2.5,0.0,0.0,0.0,0.0,2.5,0.0,0.0,0.0,2.5,10.0,2.5,25.99,2.926,83.54096470588236,57.550964705882365,24.620964705882358,64.975,61.552411764705894,143.87741176470593,61.552411764705894,2.5,0.0,2.5,0.0,False,0.0,64.975,82.325,147.3,0.0,0.0,0.0,147.3,False,False,False,True,highs,2025-05-14_12:00_16:00,4.0,pay_as_bid,195.0,195.0,195.0,195.0,10.0,2.5,487.5,184.4524117647059,0.0,303.04758823529414,2.5,2.5,50.3396952186824,147.3,-340.2,2.225,0.0,2.225,0.0,0.0,2.225,341.08431704550895,0.0,341.08431704550895
2025-05-14 15:00:00+02:00,plant_1,2.1725,-12.79,-21.64,32.93,20.14,11.29,40.72,74.7,0.0,DE_DA_price,DE_ID3_price,natural_gas_price,,87.88235294117648,83.54096470588236,2.5,2.1725,0.8772411893703446,0.0,0.0,2.5,0.0,0.0,0.0,0.0,2.5,0.0,0.0,0.0,2.5,10.0,2.5,7.79,56.281,83.54096470588236,75.75096470588235,42.82096470588236,19.475,107.05241176470591,189.37741176470587,107.05241176470591,2.5,0.0,2.5,0.0,False,0.0,19.475,82.325,101.80000000000001,0.0,0.0,0.0,101.80000000000001,False,False,False,True,highs,2025-05-14_12:00_16:00,4.0,pay_as_bid,195.0,195.0,195.0,195.0,10.0,2.5,487.5,184.4524117647059,0.0,303.04758823529414,2.5,2.5,50.12526409247924,101.80000000000001,-385.7,2.1725,0.0,2.1725,0.0,0.0,2.1725,340.8172187812188,0.0,340.8172187812188
2025-05-14 15:15:00+02:00,plant_1,2.1725,-12.79,1.25,32.93,20.14,34.18,39.65,74.7,0.0,DE_DA_price,DE_ID3_price,natural_gas_price,,87.88235294117648,83.54096470588236,2.5,2.1725,1.0873311574235176,0.0,0.0,2.5,0.0,0.0,0.0,0.0,2.5,0.0,0.0,0.0,2.5,10.0,2.5,6.72,19.732,83.54096470588236,76.82096470588236,43.89096470588236,16.8,109.7274117647059,192.0524117647059,109.7274117647059,2.5,0.0,2.5,0.0,False,0.0,16.8,82.325,99.125,0.0,0.0,0.0,99.125,False,False,False,True,highs,2025-05-14_12:00_16:00,4.0,pay_as_bid,195.0,195.0,195.0,195.0,10.0,2.5,487.5,184.4524117647059,0.0,303.04758823529414,2.5,2.5,49.910886574057635,99.125,-388.375,2.1725,0.0,2.1725,0.0,0.0,2.1725,343.6026724549944,0.0,343.6026724549944
2025-05-14 15:30:00+02:00,plant_1,2.1725,-12.79,36.01,32.93,20.14,68.94,37.64,74.7,0.0,DE_DA_price,DE_ID3_price,natural_gas_price,,87.88235294117648,83.54096470588236,2.5,2.1725,1.2973686029846774,0.0,0.0,2.5,0.0,0.0,0.0,0.0,2.5,0.0,0.0,0.0,2.5,10.0,2.5,4.71,94.019,83.54096470588236,78.83096470588237,45.90096470588236,11.775,114.7524117647059,197.07741176470591,114.7524117647059,2.5,0.0,2.5,0.0,False,0.0,11.775,82.325,94.10000000000001,0.0,0.0,0.0,94.10000000000001,False,False,False,True,highs,2025-05-14_12:00_16:00,4.0,pay_as_bid,195.0,195.0,195.0,195.0,10.0,2.5,487.5,184.4524117647059,0.0,303.04758823529414,2.5,2.5,49.696562650015636,94.10000000000001,-393.4,2.1725,0.0,2.1725,0.0,0.0,2.1725,345.71338686289914,0.0,345.71338686289914
2025-05-14 15:45:00+02:00,plant_1,2.1725,-12.79,88.27,32.93,20.14,121.19999999999999,37.93,74.7,0.0,DE_DA_price,DE_ID3_price,natural_gas_price,,87.88235294117648,83.54096470588236,2.5,2.1725,1.5073535391844468,0.0,0.0,2.5,0.0,0.0,0.0,0.0,2.5,0.0,0.0,0.0,2.5,10.0,2.5,5.0,112.888,83.54096470588236,78.54096470588236,45.61096470588236,12.5,114.0274117647059,196.3524117647059,114.0274117647059,2.5,0.0,2.5,0.0,False,0.0,12.5,82.325,94.825,0.0,0.0,0.0,94.825,False,False,False,True,highs,2025-05-14_12:00_16:00,4.0,pay_as_bid,195.0,195.0,195.0,195.0,10.0,2.5,487.5,184.4524117647059,0.0,303.04758823529414,2.5,2.5,49.48229230695464,94.825,-392.675,2.1725,0.0,2.1725,0.0,0.0,2.1725,346.87105,0.0,346.87105
2025-05-14 16:00:00+02:00,plant_1,2.135,-1.33,46.35,32.93,31.6,79.28,41.97,74.7,0.0,DE_DA_price,DE_ID3_price,natural_gas_price,,87.88235294117648,83.54096470588236,2.5,2.135,1.7559457729645993,0.0,0.0,2.5,2.5,0.0,0.0,2.5,2.5,-3.325,0.0,0.0,0.0,0.0,0.0,9.04,76.287,83.54096470588236,74.50096470588235,41.57096470588236,0.0,0.0,0.0,0.0,0.0,0.0,0.0,0.0,False,0.0,-3.325,82.325,79.0,0.0,0.0,0.0,79.0,False,False,False,False,highs,2025-05-14_16:00_20:00,4.0,pay_as_bid,67.52,67.52,67.52,67.52,0.0,0.0,0.0,0.0,0.0,0.0,0.0,0.0,49.22862676228102,79.0,79.0,0.0,2.135,0.0,2.135,0.0,2.135,354.51726880328397,0.0,354.51726880328397
2025-05-14 16:15:00+02:00,plant_1,2.135,-1.33,69.87,32.93,31.6,102.80000000000001,29.95,74.7,0.0,DE_DA_price,DE_ID3_price,natural_gas_price,,87.88235294117648,83.54096470588236,2.5,2.135,2.0044758586863067,0.0,0.0,2.5,2.5,0.0,2.5,0.0,2.5,-3.325,0.0,174.675,2.5,10.0,2.5,-2.98,117.817,83.54096470588236,86.52096470588236,53.59096470588236,-7.45,133.9774117647059,216.3024117647059,133.9774117647059,0.0,2.5,0.0,2.5,False,0.0,-185.45,82.325,-103.12499999999999,0.0,0.0,0.0,-103.12499999999999,False,False,False,True,highs,2025-05-14_16:00_20:00,4.0,pay_as_bid,67.52,67.52,67.52,67.52,0.0,0.0,0.0,0.0,0.0,0.0,0.0,2.5,48.97502463399357,-103.12499999999999,-103.12499999999999,0.0,2.135,1.8935603749999999,0.241439625,0.0,2.135,359.1868644778239,0.0,359.1868644778239
2025-05-14 16:30:00+02:00,plant_1,2.135,-1.33,88.55,32.93,31.6,121.47999999999999,47.41,74.7,0.0,DE_DA_price,DE_ID3_price,natural_gas_price,,87.88235294117648,83.54096470588236,2.5,2.135,2.252943811886584,0.0,0.0,2.5,2.5,0.0,2.5,0.0,2.5,-3.325,0.0,221.375,2.5,10.0,2.5,14.48,73.447,83.54096470588236,69.06096470588236,36.13096470588236,36.2,90.32741176470591,172.6524117647059,90.32741176470591,0.0,2.5,0.0,2.5,False,0.0,-188.5,82.325,-106.175,0.0,0.0,0.0,-106.175,False,False,False,True,highs,2025-05-14_16:00_20:00,4.0,pay_as_bid,67.52,67.52,67.52,67.52,0.0,0.0,0.0,0.0,0.0,0.0,0.0,2.5,48.721485906238186,-106.175,-106.175,0.0,2.135,2.135,0.0,0.0,2.135,361.68452928319647,0.0,361.68452928319647
2025-05-14 16:45:00+02:00,plant_1,2.135,-1.33,110.41,32.93,31.6,143.34,74.9,74.7,0.0,DE_DA_price,DE_ID3_price,natural_gas_price,,87.88235294117648,83.54096470588236,0.883,2.135,0.9166896480985607,0.0,0.0,0.883,2.5,0.0,2.5,0.0,0.883,-3.325,0.0,276.025,2.5,10.0,0.883,41.97,0.883,83.54096470588236,41.57096470588236,8.640964705882354,37.059509999999996,7.629971835294119,36.70716183529412,7.629971835294119,0.0,2.5,0.0,0.883,False,0.0,-242.29048999999998,29.07719,-213.21329999999998,0.0,0.0,0.0,-213.21329999999998,False,False,False,True,highs,2025-05-14_16:00_20:00,4.0,pay_as_bid,67.52,67.52,67.52,67.52,0.0,0.0,0.0,0.0,0.0,0.0,0.0,2.5,50.08501056316474,-213.21329999999998,-213.21329999999998,0.0,2.135,2.135,0.0,0.0,2.135,127.91502958673726,0.0,127.91502958673726
2025-05-14 17:00:00+02:00,plant_1,2.1,30.94,84.85,32.93,63.870000000000005,117.78,58.01,74.7,0.0,DE_DA_price,DE_ID3_price,natural_gas_price,,87.88235294117648,83.54096470588236,2.5,2.1,1.2015120220782887,0.0,0.0,2.5,2.5,0.0,2.5,0.0,2.5,77.35000000000001,0.0,212.125,2.5,10.0,2.5,25.08,18.27,83.54096470588236,58.46096470588236,25.53096470588236,62.699999999999996,63.8274117647059,146.1524117647059,63.8274117647059,0.0,2.5,0.0,2.5,False,0.0,-72.07499999999999,82.325,10.250000000000014,0.0,0.0,0.0,10.250000000000014,False,False,False,True,highs,2025-05-14_16:00_20:00,4.0,pay_as_bid,67.52,67.52,67.52,67.52,0.0,0.0,0.0,0.0,0.0,0.0,0.0,2.5,49.79437548767522,10.250000000000014,10.250000000000014,0.0,2.1,2.1,0.0,0.0,2.1,367.3619310851567,0.0,367.3619310851567
2025-05-14 17:15:00+02:00,plant_1,2.1,30.94,93.91,32.93,63.870000000000005,126.84,33.29,74.7,0.0,DE_DA_price,DE_ID3_price,natural_gas_price,,87.88235294117648,83.54096470588236,2.5,2.1,1.4862631904645216,0.0,0.0,2.5,2.5,0.0,2.5,0.0,2.5,77.35000000000001,0.0,234.77499999999998,2.5,10.0,2.5,0.36,117.008,83.54096470588236,83.18096470588236,50.25096470588236,0.8999999999999999,125.6274117647059,207.95241176470591,125.6274117647059,0.0,2.5,0.0,2.5,False,0.0,-156.52499999999995,82.325,-74.19999999999995,0.0,0.0,0.0,-74.19999999999995,False,False,False,True,highs,2025-05-14_16:00_20:00,4.0,pay_as_bid,67.52,67.52,67.52,67.52,0.0,0.0,0.0,0.0,0.0,0.0,0.0,2.5,49.50381307095457,-74.19999999999995,-74.19999999999995,0.0,2.1,2.1,0.0,0.0,2.1,368.5117875805079,0.0,368.5117875805079
2025-05-14 17:30:00+02:00,plant_1,2.1,30.94,104.44,32.93,63.870000000000005,137.37,47.269999999999996,74.7,0.0,DE_DA_price,DE_ID3_price,natural_gas_price,,87.88235294117648,83.54096470588236,2.5,2.1,1.770943171058658,0.0,0.0,2.5,2.5,0.0,2.5,0.0,2.5,77.35000000000001,0.0,261.1,2.5,10.0,2.5,14.34,56.391,83.54096470588236,69.20096470588236,36.27096470588236,35.85,90.67741176470591,173.0024117647059,90.67741176470591,0.0,2.5,0.0,2.5,False,0.0,-147.9,82.325,-65.575,0.0,0.0,0.0,-65.575,False,False,False,True,highs,2025-05-14_16:00_20:00,4.0,pay_as_bid,67.52,67.52,67.52,67.52,0.0,0.0,0.0,0.0,0.0,0.0,0.0,2.5,49.213323294838105,-65.575,-65.575,0.0,2.1,2.1,0.0,0.0,2.1,384.6452808449694,0.0,384.6452808449694
2025-05-14 17:45:00+02:00,plant_1,2.1,30.94,123.49,32.93,63.870000000000005,156.42,98.94999999999999,74.7,0.0,DE_DA_price,DE_ID3_price,natural_gas_price,,87.88235294117648,83.54096470588236,0.0,1.7173854222079166,0.0,0.3826145777920835,0.4501347974024512,0.0,2.5,0.0,2.5,0.0,0.0,77.35000000000001,0.0,308.72499999999997,0.0,0.0,0.0,66.02,0.133,83.54096470588236,17.520964705882363,-15.40903529411763,0.0,0.0,0.0,0.0,0.0,0.0,0.0,0.0,False,0.0,-231.37499999999994,0.0,-231.37499999999994,0.0,33.62506936596311,0.0,-197.74993063403684,False,False,False,False,highs,2025-05-14_16:00_20:00,4.0,pay_as_bid,67.52,67.52,67.52,67.52,0.0,0.0,0.0,0.0,0.0,0.0,0.0,2.5,51.02040816326531,-197.74993063403684,-197.74993063403684,0.0,2.1,2.1,0.0,0.3826145777920835,1.7173854222079166,0.0,90.47709427789269,90.47709427789269
2025-05-14 18:00:00+02:00,plant_1,2.1,91.6,103.98,32.93,124.53,136.91,109.03,74.7,0.0,DE_DA_price,DE_ID3_price,natural_gas_price,,87.88235294117648,83.54096470588236,0.0,0.0,0.0,2.1,2.4705882352941178,0.0,0.0,0.0,0.0,0.0,0.0,0.0,0.0,0.0,0.0,0.0,0.0,76.1,0.003,83.54096470588236,7.440964705882365,-25.48903529411764,0.0,0.0,0.0,0.0,0.0,0.0,0.0,0.0,False,0.0,0.0,0.0,0.0,0.0,184.5529411764706,0.0,184.5529411764706,False,False,False,False,highs,2025-05-14_16:00_20:00,4.0,pay_as_bid,67.52,67.52,67.52,67.52,0.0,0.0,0.0,0.0,0.0,0.0,0.0,2.5,51.02040816326531,184.5529411764706,184.5529411764706,0.030259710728069322,2.0697402892719308,2.1,0.0,2.1,0.0,0.0,496.5882352941177,496.5882352941177
2025-05-14 18:15:00+02:00,plant_1,2.1,91.6,115.39,32.93,124.53,148.32,100.28999999999999,74.7,0.0,DE_DA_price,DE_ID3_price,natural_gas_price,,87.88235294117648,83.54096470588236,0.0,0.0,0.0,2.1,2.4705882352941178,0.0,0.0,0.0,0.0,0.0,0.0,0.0,0.0,0.0,0.0,0.0,0.0,67.36,0.876,83.54096470588236,16.18096470588236,-16.749035294117633,0.0,0.0,0.0,0.0,0.0,0.0,0.0,0.0,False,0.0,0.0,0.0,0.0,0.0,184.5529411764706,0.0,184.5529411764706,False,False,False,False,highs,2025-05-14_16:00_20:00,4.0,pay_as_bid,67.52,67.52,67.52,67.52,0.0,0.0,0.0,0.0,0.0,0.0,0.0,2.5,51.02040816326531,184.5529411764706,184.5529411764706,2.1,0.0,2.1,0.0,2.1,0.0,0.0,496.5882352941177,496.5882352941177
2025-05-14 18:30:00+02:00,plant_1,2.1,91.6,118.29,32.93,124.53,151.22,77.67,74.7,0.0,DE_DA_price,DE_ID3_price,natural_gas_price,,87.88235294117648,83.54096470588236,2.5,2.1,0.28505154639175245,0.0,0.0,2.5,0.0,0.0,0.0,0.0,2.5,0.0,0.0,0.0,2.5,10.0,2.5,44.74,8.922,83.54096470588236,38.80096470588236,5.870964705882358,111.85000000000001,14.677411764705894,97.0024117647059,14.677411764705894,0.0,2.5,0.0,2.5,False,0.0,111.85000000000001,82.325,194.175,0.0,0.0,0.0,194.175,False,False,False,True,highs,2025-05-14_16:00_20:00,4.0,pay_as_bid,67.52,67.52,67.52,67.52,0.0,0.0,0.0,0.0,0.0,0.0,0.0,2.5,50.72953923837576,194.175,194.175,2.1,0.0,2.1,0.0,0.0,2.1,595.5512971698114,0.0,595.5512971698114
2025-05-14 18:45:00+02:00,plant_1,2.1,91.6,121.09,32.93,124.53,154.02,68.81,74.7,0.0,DE_DA_price,DE_ID3_price,natural_gas_price,,87.88235294117648,83.54096470588236,2.5,2.1,0.5700318298969069,0.0,0.0,2.5,0.0,0.0,0.0,0.0,2.5,0.0,0.0,0.0,2.5,10.0,2.5,35.88,16.925,83.54096470588236,47.66096470588236,14.730964705882357,89.7,36.82741176470589,119.15241176470589,36.82741176470589,0.0,2.5,0.0,2.5,False,0.0,89.7,82.325,172.025,0.0,0.0,0.0,172.025,False,False,False,True,highs,2025-05-14_16:00_20:00,4.0,pay_as_bid,67.52,67.52,67.52,67.52,0.0,0.0,0.0,0.0,0.0,0.0,0.0,2.5,50.43874303071745,172.025,172.025,2.1,0.0,2.1,0.0,0.0,2.1,627.4243890307264,0.0,627.4243890307264
2025-05-14 19:00:00+02:00,plant_1,2.1,114.0,123.01,32.93,146.93,155.94,77.53,74.7,0.0,DE_DA_price,DE_ID3_price,natural_gas_price,,87.88235294117648,83.54096470588236,2.5,2.1,0.8549408683311852,0.0,0.0,2.5,0.0,0.0,0.0,0.0,2.5,0.0,0.0,0.0,2.5,10.0,2.5,44.6,19.838,83.54096470588236,38.94096470588236,6.010964705882358,111.5,15.027411764705896,97.35241176470589,15.027411764705896,0.0,2.5,0.0,2.5,False,0.0,111.5,82.325,193.825,0.0,0.0,0.0,193.825,False,False,False,True,highs,2025-05-14_16:00_20:00,4.0,pay_as_bid,67.52,67.52,67.52,67.52,0.0,0.0,0.0,0.0,0.0,0.0,0.0,2.5,50.148019522111035,193.825,193.825,2.1,0.0,2.1,0.0,0.0,2.1,685.9285523066718,0.0,685.9285523066718
2025-05-14 19:15:00+02:00,plant_1,2.1,114.0,105.48,32.93,146.93,138.41,98.88,74.7,0.0,DE_DA_price,DE_ID3_price,natural_gas_price,,87.88235294117648,83.54096470588236,0.0,0.8290853191206793,0.0,1.2709146808793208,1.4951937422109658,0.0,0.0,0.0,0.0,0.0,0.0,0.0,0.0,0.0,0.0,0.0,0.0,65.95,0.439,83.54096470588236,17.590964705882357,-15.339035294117636,0.0,0.0,0.0,0.0,0.0,0.0,0.0,0.0,False,0.0,0.0,0.0,0.0,0.0,111.69097254315915,0.0,111.69097254315915,False,False,False,False,highs,2025-05-14_16:00_20:00,4.0,pay_as_bid,67.52,67.52,67.52,67.52,0.0,0.0,0.0,0.0,0.0,0.0,0.0,2.5,51.02040816326531,111.69097254315915,111.69097254315915,2.1,0.0,2.1,0.0,1.2709146808793208,0.8290853191206793,0.0,300.5339421844041,300.5339421844041
2025-05-14 19:30:00+02:00,plant_1,2.1,114.0,94.63,32.93,146.93,127.56,80.88,74.7,0.0,DE_DA_price,DE_ID3_price,natural_gas_price,,87.88235294117648,83.54096470588236,2.5,2.1,0.28505154639175245,0.0,0.0,2.5,0.0,0.0,0.0,0.0,2.5,0.0,0.0,0.0,2.5,10.0,2.5,47.95,3.182,83.54096470588236,35.59096470588236,2.660964705882364,119.875,6.65241176470591,88.97741176470589,6.65241176470591,0.0,2.5,0.0,2.5,False,0.0,119.875,82.325,202.2,0.0,0.0,0.0,202.2,False,False,False,True,highs,2025-05-14_16:00_20:00,4.0,pay_as_bid,67.52,67.52,67.52,67.52,0.0,0.0,0.0,0.0,0.0,0.0,0.0,2.5,50.72953923837576,202.2,202.2,2.1,0.0,2.1,0.0,0.0,2.1,717.7681625,0.0,717.7681625
2025-05-14 19:45:00+02:00,plant_1,2.1,114.0,85.91,32.93,146.93,118.84,51.489999999999995,74.7,0.0,DE_DA_price,DE_ID3_price,natural_gas_price,,87.88235294117648,83.54096470588236,2.5,2.1,0.5700318298969069,0.0,0.0,2.5,0.0,0.0,0.0,0.0,2.5,0.0,0.0,0.0,2.5,10.0,2.5,18.56,88.252,83.54096470588236,64.98096470588236,32.050964705882365,46.4,80.12741176470591,162.4524117647059,80.12741176470591,0.0,2.5,0.0,2.5,False,0.0,46.4,82.325,128.725,0.0,0.0,0.0,128.725,False,False,False,True,highs,2025-05-14_16:00_20:00,4.0,pay_as_bid,67.52,67.52,67.52,67.52,0.0,0.0,0.0,0.0,0.0,0.0,0.0,2.5,50.43874303071745,128.725,128.725,2.1,0.0,2.1,0.0,0.0,2.1,728.0252011533202,0.0,728.0252011533202
2025-05-14 20:00:00+02:00,plant_1,2.1,158.45,108.43,32.93,191.38,141.36,88.42,74.7,0.0,DE_DA_price,DE_ID3_price,natural_gas_price,,87.88235294117648,83.54096470588236,0.0,0.5527926422812497,0.0,1.5472073577187504,1.8202439502573535,0.0,0.0,0.0,0.0,0.0,0.0,0.0,0.0,0.0,0.0,0.0,0.0,55.49,17.177,83.54096470588236,28.050964705882357,-4.879035294117642,0.0,0.0,0.0,0.0,0.0,0.0,0.0,0.0,False,0.0,0.0,0.0,0.0,0.0,135.9722230842243,0.0,135.9722230842243,False,False,False,False,highs,2025-05-14_20:00_00:00,4.0,pay_as_bid,5.78,5.78,5.78,5.78,0.0,0.0,0.0,0.0,0.0,0.0,0.0,2.5,51.02040816326531,135.9722230842243,135.9722230842243,2.1,0.0,2.1,0.0,1.5472073577187504,0.5527926422812497,0.0,365.86903400172804,365.86903400172804
2025-05-14 20:15:00+02:00,plant_1,2.1,158.45,93.95,32.93,191.38,126.88,112.82,74.7,0.0,DE_DA_price,DE_ID3_price,natural_gas_price,,87.88235294117648,83.54096470588236,0.0,0.0,0.0,2.1,2.4705882352941178,0.0,0.0,0.0,0.0,0.0,0.0,0.0,0.0,0.0,0.0,0.0,0.0,79.89,0.401,83.54096470588236,3.650964705882359,-29.279035294117634,0.0,0.0,0.0,0.0,0.0,0.0,0.0,0.0,False,0.0,0.0,0.0,0.0,0.0,184.5529411764706,0.0,184.5529411764706,False,False,False,False,highs,2025-05-14_20:00_00:00,4.0,pay_as_bid,5.78,5.78,5.78,5.78,0.0,0.0,0.0,0.0,0.0,0.0,0.0,2.5,51.02040816326531,184.5529411764706,184.5529411764706,2.1,0.0,2.1,0.0,2.1,0.0,0.0,496.5882352941177,496.5882352941177
2025-05-14 20:30:00+02:00,plant_1,2.1,158.45,88.53,32.93,191.38,121.46000000000001,73.09,74.7,0.0,DE_DA_price,DE_ID3_price,natural_gas_price,,87.88235294117648,83.54096470588236,2.5,2.1,0.28505154639175245,0.0,0.0,2.5,0.0,0.0,0.0,0.0,2.5,0.0,0.0,0.0,2.5,10.0,2.5,40.16,16.363,83.54096470588236,43.38096470588236,10.450964705882356,100.39999999999999,26.12741176470589,108.45241176470591,26.12741176470589,0.0,2.5,0.0,2.5,False,0.0,100.39999999999999,82.325,182.725,0.0,0.0,0.0,182.725,False,False,False,True,highs,2025-05-14_20:00_00:00,4.0,pay_as_bid,5.78,5.78,5.78,5.78,0.0,0.0,0.0,0.0,0.0,0.0,0.0,2.5,50.72953923837576,182.725,182.725,2.1,0.0,2.1,0.0,0.0,2.1,780.2211525,0.0,780.2211525
2025-05-14 20:45:00+02:00,plant_1,2.1,158.45,76.17,32.93,191.38,109.1,68.55,74.7,0.0,DE_DA_price,DE_ID3_price,natural_gas_price,,87.88235294117648,83.54096470588236,2.5,2.1,0.5700318298969069,0.0,0.0,2.5,0.0,0.0,0.0,0.0,2.5,0.0,0.0,0.0,2.5,10.0,2.5,35.62,40.988,83.54096470588236,47.92096470588236,14.990964705882362,89.05,37.477411764705906,119.80241176470591,37.477411764705906,0.0,2.5,0.0,2.5,False,0.0,89.05,82.325,171.375,0.0,0.0,0.0,171.375,False,False,False,True,highs,2025-05-14_20:00_00:00,4.0,pay_as_bid,5.78,5.78,5.78,5.78,0.0,0.0,0.0,0.0,0.0,0.0,0.0,2.5,50.43874303071745,171.375,171.375,2.1,0.0,2.1,0.0,0.0,2.1,777.6286497760766,0.0,777.6286497760766
2025-05-14 21:00:00+02:00,plant_1,2.1,132.59,86.77,32.93,165.52,119.69999999999999,70.91,74.7,0.0,DE_DA_price,DE_ID3_price,natural_gas_price,,87.88235294117648,83.54096470588236,2.5,2.1,0.8549408683311852,0.0,0.0,2.5,0.0,0.0,0.0,0.0,2.5,0.0,0.0,0.0,2.5,10.0,2.5,37.98,6.826,83.54096470588236,45.56096470588236,12.630964705882363,94.94999999999999,31.577411764705907,113.9024117647059,31.577411764705907,0.0,2.5,0.0,2.5,False,0.0,94.94999999999999,82.325,177.27499999999998,0.0,0.0,0.0,177.27499999999998,False,False,False,True,highs,2025-05-14_20:00_00:00,4.0,pay_as_bid,5.78,5.78,5.78,5.78,0.0,0.0,0.0,0.0,0.0,0.0,0.0,2.5,50.148019522111035,177.27499999999998,177.27499999999998,2.1,0.0,2.1,0.0,0.0,2.1,776.3023343267104,0.0,776.3023343267104
2025-05-14 21:15:00+02:00,plant_1,2.1,132.59,75.73,32.93,165.52,108.66,92.44,74.7,0.0,DE_DA_price,DE_ID3_price,natural_gas_price,,87.88235294117648,83.54096470588236,0.0,0.8290853191206793,0.0,1.2709146808793208,1.4951937422109658,0.0,0.0,0.0,0.0,0.0,0.0,0.0,0.0,0.0,0.0,0.0,0.0,59.51,1.196,83.54096470588236,24.03096470588236,-8.899035294117638,0.0,0.0,0.0,0.0,0.0,0.0,0.0,0.0,False,0.0,0.0,0.0,0.0,0.0,111.69097254315915,0.0,111.69097254315915,False,False,False,False,highs,2025-05-14_20:00_00:00,4.0,pay_as_bid,5.78,5.78,5.78,5.78,0.0,0.0,0.0,0.0,0.0,0.0,0.0,2.5,51.02040816326531,111.69097254315915,111.69097254315915,2.1,0.0,2.1,0.0,1.2709146808793208,0.8290853191206793,0.0,300.5339421844041,300.5339421844041
2025-05-14 21:30:00+02:00,plant_1,2.1,132.59,71.85,32.93,165.52,104.78,111.46000000000001,74.7,0.0,DE_DA_price,DE_ID3_price,natural_gas_price,,87.88235294117648,83.54096470588236,0.0,0.0,0.0,2.1,2.4705882352941178,0.0,0.0,0.0,0.0,0.0,0.0,0.0,0.0,0.0,0.0,0.0,0.0,78.53,0.496,83.54096470588236,5.010964705882358,-27.91903529411765,0.0,0.0,0.0,0.0,0.0,0.0,0.0,0.0,False,0.0,0.0,0.0,0.0,0.0,184.5529411764706,0.0,184.5529411764706,False,False,False,False,highs,2025-05-14_20:00_00:00,4.0,pay_as_bid,5.78,5.78,5.78,5.78,0.0,0.0,0.0,0.0,0.0,0.0,0.0,2.5,51.02040816326531,184.5529411764706,184.5529411764706,2.1,0.0,2.1,0.0,2.1,0.0,0.0,496.5882352941177,496.5882352941177
2025-05-14 21:45:00+02:00,plant_1,2.1,132.59,66.67,32.93,165.52,99.6,110.03999999999999,74.7,0.0,DE_DA_price,DE_ID3_price,natural_gas_price,,87.88235294117648,83.54096470588236,0.0,0.0,0.0,2.1,2.4705882352941178,0.0,0.0,0.0,0.0,0.0,0.0,0.0,0.0,0.0,0.0,0.0,0.0,77.11,0.03,83.54096470588236,6.43096470588236,-26.499035294117633,0.0,0.0,0.0,0.0,0.0,0.0,0.0,0.0,False,0.0,0.0,0.0,0.0,0.0,184.5529411764706,0.0,184.5529411764706,False,False,False,False,highs,2025-05-14_20:00_00:00,4.0,pay_as_bid,5.78,5.78,5.78,5.78,0.0,0.0,0.0,0.0,0.0,0.0,0.0,2.5,51.02040816326531,184.5529411764706,184.5529411764706,2.1,0.0,2.1,0.0,2.1,0.0,0.0,496.5882352941177,496.5882352941177
2025-05-14 22:00:00+02:00,plant_1,2.1,109.08,91.17,32.93,142.01,124.1,109.13,74.7,0.0,DE_DA_price,DE_ID3_price,natural_gas_price,,87.88235294117648,83.54096470588236,0.0,0.0,0.0,2.1,2.4705882352941178,0.0,0.0,0.0,0.0,0.0,0.0,0.0,0.0,0.0,0.0,0.0,0.0,76.2,0.0,83.54096470588236,7.340964705882357,-25.589035294117636,0.0,0.0,0.0,0.0,0.0,0.0,0.0,0.0,False,0.0,0.0,0.0,0.0,0.0,184.5529411764706,0.0,184.5529411764706,False,False,False,False,highs,2025-05-14_20:00_00:00,4.0,pay_as_bid,5.78,5.78,5.78,5.78,0.0,0.0,0.0,0.0,0.0,0.0,0.0,2.5,51.02040816326531,184.5529411764706,184.5529411764706,2.1,0.0,2.1,0.0,2.1,0.0,0.0,496.5882352941177,496.5882352941177
2025-05-14 22:15:00+02:00,plant_1,2.1,109.08,89.89,32.93,142.01,122.82,89.93,74.7,0.0,DE_DA_price,DE_ID3_price,natural_gas_price,,87.88235294117648,83.54096470588236,0.0,0.0,0.0,2.1,2.4705882352941178,0.0,0.0,0.0,0.0,0.0,0.0,0.0,0.0,0.0,0.0,0.0,0.0,57.0,1.983,83.54096470588236,26.54096470588236,-6.389035294117647,0.0,0.0,0.0,0.0,0.0,0.0,0.0,0.0,False,0.0,0.0,0.0,0.0,0.0,184.5529411764706,0.0,184.5529411764706,False,False,False,False,highs,2025-05-14_20:00_00:00,4.0,pay_as_bid,5.78,5.78,5.78,5.78,0.0,0.0,0.0,0.0,0.0,0.0,0.0,2.5,51.02040816326531,184.5529411764706,184.5529411764706,2.1,0.0,2.1,0.0,2.1,0.0,0.0,496.5882352941177,496.5882352941177
2025-05-14 22:30:00+02:00,plant_1,2.1,109.08,81.35,32.93,142.01,114.28,100.86000000000001,74.7,0.0,DE_DA_price,DE_ID3_price,natural_gas_price,,87.88235294117648,83.54096470588236,0.0,0.0,0.0,2.1,2.4705882352941178,0.0,0.0,0.0,0.0,0.0,0.0,0.0,0.0,0.0,0.0,0.0,0.0,67.93,0.049,83.54096470588236,15.610964705882353,-17.319035294117654,0.0,0.0,0.0,0.0,0.0,0.0,0.0,0.0,False,0.0,0.0,0.0,0.0,0.0,184.5529411764706,0.0,184.5529411764706,False,False,False,False,highs,2025-05-14_20:00_00:00,4.0,pay_as_bid,5.78,5.78,5.78,5.78,0.0,0.0,0.0,0.0,0.0,0.0,0.0,2.5,51.02040816326531,184.5529411764706,184.5529411764706,2.1,0.0,2.1,0.0,2.1,0.0,0.0,496.5882352941177,496.5882352941177
2025-05-14 22:45:00+02:00,plant_1,2.1,109.08,78.08,32.93,142.01,111.00999999999999,99.36000000000001,74.7,0.0,DE_DA_price,DE_ID3_price,natural_gas_price,,87.88235294117648,83.54096470588236,0.0,0.0,0.0,2.1,2.4705882352941178,0.0,0.0,0.0,0.0,0.0,0.0,0.0,0.0,0.0,0.0,0.0,0.0,66.43,0.016,83.54096470588236,17.110964705882353,-15.819035294117654,0.0,0.0,0.0,0.0,0.0,0.0,0.0,0.0,False,0.0,0.0,0.0,0.0,0.0,184.5529411764706,0.0,184.5529411764706,False,False,False,False,highs,2025-05-14_20:00_00:00,4.0,pay_as_bid,5.78,5.78,5.78,5.78,0.0,0.0,0.0,0.0,0.0,0.0,0.0,2.5,51.02040816326531,184.5529411764706,184.5529411764706,2.1,0.0,2.1,0.0,2.1,0.0,0.0,496.5882352941177,496.5882352941177
2025-05-14 23:00:00+02:00,plant_1,2.0875,99.86,87.48,32.93,132.79,120.41,113.71000000000001,74.7,0.0,DE_DA_price,DE_ID3_price,natural_gas_price,,87.88235294117648,83.54096470588236,0.0,0.0,0.0,2.0875,2.4558823529411766,0.0,0.0,0.0,0.0,0.0,0.0,0.0,0.0,0.0,0.0,0.0,0.0,80.78,0.014,83.54096470588236,2.7609647058823583,-30.16903529411765,0.0,0.0,0.0,0.0,0.0,0.0,0.0,0.0,False,0.0,0.0,0.0,0.0,0.0,183.4544117647059,0.0,183.4544117647059,False,False,False,False,highs,2025-05-14_20:00_00:00,4.0,pay_as_bid,5.78,5.78,5.78,5.78,0.0,0.0,0.0,0.0,0.0,0.0,0.0,2.5,51.02040816326531,183.4544117647059,183.4544117647059,2.0875,0.0,2.0875,0.0,2.0875,0.0,0.0,493.6323529411765,493.6323529411765
2025-05-14 23:15:00+02:00,plant_1,2.0875,99.86,78.78,32.93,132.79,111.71000000000001,96.24000000000001,74.7,0.0,DE_DA_price,DE_ID3_price,natural_gas_price,,87.88235294117648,83.54096470588236,0.0,0.0,0.0,2.0875,2.4558823529411766,0.0,0.0,0.0,0.0,0.0,0.0,0.0,0.0,0.0,0.0,0.0,0.0,63.31,0.449,83.54096470588236,20.230964705882357,-12.69903529411765,0.0,0.0,0.0,0.0,0.0,0.0,0.0,0.0,False,0.0,0.0,0.0,0.0,0.0,183.4544117647059,0.0,183.4544117647059,False,False,False,False,highs,2025-05-14_20:00_00:00,4.0,pay_as_bid,5.78,5.78,5.78,5.78,0.0,0.0,0.0,0.0,0.0,0.0,0.0,2.5,51.02040816326531,183.4544117647059,183.4544117647059,2.0875,0.0,2.0875,0.0,2.0875,0.0,0.0,493.6323529411765,493.6323529411765
2025-05-14 23:30:00+02:00,plant_1,2.0875,99.86,79.54,32.93,132.79,112.47,88.88,74.7,0.0,DE_DA_price,DE_ID3_price,natural_gas_price,,87.88235294117648,83.54096470588236,0.0,0.0,0.0,2.0875,2.4558823529411766,0.0,0.0,0.0,0.0,0.0,0.0,0.0,0.0,0.0,0.0,0.0,0.0,55.95,2.435,83.54096470588236,27.590964705882357,-5.339035294117636,0.0,0.0,0.0,0.0,0.0,0.0,0.0,0.0,False,0.0,0.0,0.0,0.0,0.0,183.4544117647059,0.0,183.4544117647059,False,False,False,False,highs,2025-05-14_20:00_00:00,4.0,pay_as_bid,5.78,5.78,5.78,5.78,0.0,0.0,0.0,0.0,0.0,0.0,0.0,2.5,51.02040816326531,183.4544117647059,183.4544117647059,2.0875,0.0,2.0875,0.0,2.0875,0.0,0.0,493.6323529411765,493.6323529411765
2025-05-14 23:45:00+02:00,plant_1,2.0875,99.86,76.97,32.93,132.79,109.9,92.24000000000001,74.7,0.0,DE_DA_price,DE_ID3_price,natural_gas_price,,87.88235294117648,83.54096470588236,0.0,0.0,0.0,2.0875,2.4558823529411766,0.0,0.0,0.0,0.0,0.0,0.0,0.0,0.0,0.0,0.0,0.0,0.0,59.31,6.493,83.54096470588236,24.230964705882357,-8.69903529411765,0.0,0.0,0.0,0.0,0.0,0.0,0.0,0.0,False,0.0,0.0,0.0,0.0,0.0,183.4544117647059,0.0,183.4544117647059,False,False,False,False,highs,2025-05-14_20:00_00:00,4.0,pay_as_bid,5.78,5.78,5.78,5.78,0.0,0.0,0.0,0.0,0.0,0.0,0.0,2.5,51.02040816326531,183.4544117647059,183.4544117647059,2.0875,0.0,2.0875,0.0,2.0875,0.0,0.0,493.6323529411765,493.6323529411765
2025-05-15 00:00:00+02:00,plant_1,2.0875,98.06,80.82,32.93,130.99,113.75,99.58000000000001,74.7,0.0,DE_DA_price,DE_ID3_price,natural_gas_price,,87.88235294117648,83.54096470588236,0.0,0.0,0.0,2.0875,2.4558823529411766,0.0,0.0,0.0,0.0,0.0,0.0,0.0,0.0,0.0,0.0,0.0,0.0,66.65,0.793,83.54096470588236,16.890964705882354,-16.039035294117653,0.0,0.0,0.0,0.0,0.0,0.0,0.0,0.0,False,0.0,0.0,0.0,0.0,0.0,183.4544117647059,0.0,183.4544117647059,False,False,False,False,highs,2025-05-15_00:00_04:00,4.0,pay_as_bid,12.58,12.58,12.58,12.58,0.0,0.0,0.0,0.0,0.0,0.0,0.0,2.5,51.02040816326531,183.4544117647059,183.4544117647059,2.0875,0.0,2.0875,0.0,2.0875,0.0,0.0,493.6323529411765,493.6323529411765
2025-05-15 00:15:00+02:00,plant_1,2.0875,98.06,79.91,32.93,130.99,112.84,114.11000000000001,74.7,0.0,DE_DA_price,DE_ID3_price,natural_gas_price,,87.88235294117648,83.54096470588236,0.0,0.0,0.0,2.0875,2.4558823529411766,0.0,0.0,0.0,0.0,0.0,0.0,0.0,0.0,0.0,0.0,0.0,0.0,81.18,0.08,83.54096470588236,2.3609647058823526,-30.569035294117654,0.0,0.0,0.0,0.0,0.0,0.0,0.0,0.0,False,0.0,0.0,0.0,0.0,0.0,183.4544117647059,0.0,183.4544117647059,False,False,False,False,highs,2025-05-15_00:00_04:00,4.0,pay_as_bid,12.58,12.58,12.58,12.58,0.0,0.0,0.0,0.0,0.0,0.0,0.0,2.5,51.02040816326531,183.4544117647059,183.4544117647059,2.0875,0.0,2.0875,0.0,2.0875,0.0,0.0,493.6323529411765,493.6323529411765
2025-05-15 00:30:00+02:00,plant_1,2.0875,98.06,86.69,32.93,130.99,119.62,112.03,74.7,0.0,DE_DA_price,DE_ID3_price,natural_gas_price,,87.88235294117648,83.54096470588236,0.0,0.0,0.0,2.0875,2.4558823529411766,0.0,0.0,0.0,0.0,0.0,0.0,0.0,0.0,0.0,0.0,0.0,0.0,79.1,0.224,83.54096470588236,4.440964705882365,-28.48903529411764,0.0,0.0,0.0,0.0,0.0,0.0,0.0,0.0,False,0.0,0.0,0.0,0.0,0.0,183.4544117647059,0.0,183.4544117647059,False,False,False,False,highs,2025-05-15_00:00_04:00,4.0,pay_as_bid,12.58,12.58,12.58,12.58,0.0,0.0,0.0,0.0,0.0,0.0,0.0,2.5,51.02040816326531,183.4544117647059,183.4544117647059,2.0875,0.0,2.0875,0.0,2.0875,0.0,0.0,493.6323529411765,493.6323529411765
2025-05-15 00:45:00+02:00,plant_1,2.0875,98.06,87.71,32.93,130.99,120.63999999999999,112.62,74.7,0.0,DE_DA_price,DE_ID3_price,natural_gas_price,,87.88235294117648,83.54096470588236,0.0,0.0,0.0,2.0875,2.4558823529411766,0.0,0.0,0.0,0.0,0.0,0.0,0.0,0.0,0.0,0.0,0.0,0.0,79.69,0.0,83.54096470588236,3.8509647058823617,-29.079035294117645,0.0,0.0,0.0,0.0,0.0,0.0,0.0,0.0,False,0.0,0.0,0.0,0.0,0.0,183.4544117647059,0.0,183.4544117647059,False,False,False,False,highs,2025-05-15_00:00_04:00,4.0,pay_as_bid,12.58,12.58,12.58,12.58,0.0,0.0,0.0,0.0,0.0,0.0,0.0,2.5,51.02040816326531,183.4544117647059,183.4544117647059,2.0875,0.0,2.0875,0.0,2.0875,0.0,0.0,493.6323529411765,493.6323529411765
2025-05-15 01:00:00+02:00,plant_1,2.0875,89.88,89.32,32.93,122.81,122.25,32.93,74.7,0.0,DE_DA_price,DE_ID3_price,natural_gas_price,,87.88235294117648,83.54096470588236,0.0,0.0,0.0,2.0875,2.4558823529411766,0.0,0.0,0.0,0.0,0.0,0.0,0.0,0.0,0.0,0.0,0.0,0.0,0.0,0.0,83.54096470588236,83.54096470588236,50.61096470588236,0.0,0.0,0.0,0.0,0.0,0.0,0.0,0.0,False,0.0,0.0,0.0,0.0,0.0,183.4544117647059,0.0,183.4544117647059,False,False,False,False,highs,2025-05-15_00:00_04:00,4.0,pay_as_bid,12.58,12.58,12.58,12.58,0.0,0.0,0.0,0.0,0.0,0.0,0.0,2.5,51.02040816326531,183.4544117647059,183.4544117647059,2.0875,0.0,2.0875,0.0,2.0875,0.0,0.0,493.6323529411765,493.6323529411765
2025-05-15 01:15:00+02:00,plant_1,2.0875,89.88,89.74,32.93,122.81,122.66999999999999,32.93,74.7,0.0,DE_DA_price,DE_ID3_price,natural_gas_price,,87.88235294117648,83.54096470588236,0.0,0.0,0.0,2.0875,2.4558823529411766,0.0,0.0,0.0,0.0,0.0,0.0,0.0,0.0,0.0,0.0,0.0,0.0,0.0,0.0,83.54096470588236,83.54096470588236,50.61096470588236,0.0,0.0,0.0,0.0,0.0,0.0,0.0,0.0,False,0.0,0.0,0.0,0.0,0.0,183.4544117647059,0.0,183.4544117647059,False,False,False,False,highs,2025-05-15_00:00_04:00,4.0,pay_as_bid,12.58,12.58,12.58,12.58,0.0,0.0,0.0,0.0,0.0,0.0,0.0,2.5,51.02040816326531,183.4544117647059,183.4544117647059,2.0875,0.0,2.0875,0.0,2.0875,0.0,0.0,493.6323529411765,493.6323529411765
2025-05-15 01:30:00+02:00,plant_1,2.0875,89.88,91.86,32.93,122.81,124.78999999999999,32.93,74.7,0.0,DE_DA_price,DE_ID3_price,natural_gas_price,,87.88235294117648,83.54096470588236,0.0,0.0,0.0,2.0875,2.4558823529411766,0.0,0.0,0.0,0.0,0.0,0.0,0.0,0.0,0.0,0.0,0.0,0.0,0.0,0.0,83.54096470588236,83.54096470588236,50.61096470588236,0.0,0.0,0.0,0.0,0.0,0.0,0.0,0.0,False,0.0,0.0,0.0,0.0,0.0,183.4544117647059,0.0,183.4544117647059,False,False,False,False,highs,2025-05-15_00:00_04:00,4.0,pay_as_bid,12.58,12.58,12.58,12.58,0.0,0.0,0.0,0.0,0.0,0.0,0.0,2.5,51.02040816326531,183.4544117647059,183.4544117647059,2.0875,0.0,2.0875,0.0,2.0875,0.0,0.0,493.6323529411765,493.6323529411765
2025-05-15 01:45:00+02:00,plant_1,2.0875,89.88,86.66,32.93,122.81,119.59,32.93,74.7,0.0,DE_DA_price,DE_ID3_price,natural_gas_price,,87.88235294117648,83.54096470588236,0.0,0.0,0.0,2.0875,2.4558823529411766,0.0,0.0,0.0,0.0,0.0,0.0,0.0,0.0,0.0,0.0,0.0,0.0,0.0,0.0,83.54096470588236,83.54096470588236,50.61096470588236,0.0,0.0,0.0,0.0,0.0,0.0,0.0,0.0,False,0.0,0.0,0.0,0.0,0.0,183.4544117647059,0.0,183.4544117647059,False,False,False,False,highs,2025-05-15_00:00_04:00,4.0,pay_as_bid,12.58,12.58,12.58,12.58,0.0,0.0,0.0,0.0,0.0,0.0,0.0,2.5,51.02040816326531,183.4544117647059,183.4544117647059,2.0875,0.0,2.0875,0.0,2.0875,0.0,0.0,493.6323529411765,493.6323529411765
2025-05-15 02:00:00+02:00,plant_1,2.0875,87.8,81.73,32.93,120.72999999999999,114.66,91.25999999999999,74.7,0.0,DE_DA_price,DE_ID3_price,natural_gas_price,,87.88235294117648,83.54096470588236,0.0,0.0,0.0,2.0875,2.4558823529411766,0.0,0.0,0.0,0.0,0.0,0.0,0.0,0.0,0.0,0.0,0.0,0.0,58.33,2.573,83.54096470588236,25.21096470588236,-7.7190352941176315,0.0,0.0,0.0,0.0,0.0,0.0,0.0,0.0,False,0.0,0.0,0.0,0.0,0.0,183.4544117647059,0.0,183.4544117647059,False,False,False,False,highs,2025-05-15_00:00_04:00,4.0,pay_as_bid,12.58,12.58,12.58,12.58,0.0,0.0,0.0,0.0,0.0,0.0,0.0,2.5,51.02040816326531,183.4544117647059,183.4544117647059,2.0875,0.0,2.0875,0.0,2.0875,0.0,0.0,493.6323529411765,493.6323529411765
2025-05-15 02:15:00+02:00,plant_1,2.0875,87.8,81.94,32.93,120.72999999999999,114.87,67.05,74.7,0.0,DE_DA_price,DE_ID3_price,natural_gas_price,,87.88235294117648,83.54096470588236,2.5,2.0875,0.29793814432989674,0.0,0.0,2.5,0.0,0.0,0.0,0.0,2.5,0.0,0.0,0.0,2.5,10.0,2.5,34.12,44.97,83.54096470588236,49.42096470588236,16.490964705882362,85.3,41.227411764705906,123.55241176470591,41.227411764705906,0.0,2.5,0.0,2.5,False,0.0,85.3,82.325,167.625,0.0,0.0,0.0,167.625,False,False,False,True,highs,2025-05-15_00:00_04:00,4.0,pay_as_bid,12.58,12.58,12.58,12.58,0.0,0.0,0.0,0.0,0.0,0.0,0.0,2.5,50.71638964864296,167.625,167.625,2.0875,0.0,2.0875,0.0,0.0,2.0875,845.2019604587779,0.0,845.2019604587779
2025-05-15 02:30:00+02:00,plant_1,2.0875,87.8,84.19,32.93,120.72999999999999,117.12,60.04,74.7,0.0,DE_DA_price,DE_ID3_price,natural_gas_price,,87.88235294117648,83.54096470588236,2.5,2.0875,0.595801804123711,0.0,0.0,2.5,0.0,0.0,0.0,0.0,2.5,0.0,0.0,0.0,2.5,10.0,2.5,27.11,85.448,83.54096470588236,56.43096470588236,23.50096470588236,67.775,58.7524117647059,141.07741176470591,58.7524117647059,0.0,2.5,0.0,2.5,False,0.0,67.775,82.325,150.10000000000002,0.0,0.0,0.0,150.10000000000002,False,False,False,True,highs,2025-05-15_00:00_04:00,4.0,pay_as_bid,12.58,12.58,12.58,12.58,0.0,0.0,0.0,0.0,0.0,0.0,0.0,2.5,50.41244713864928,150.10000000000002,150.10000000000002,2.0875,0.0,2.0875,0.0,0.0,2.0875,854.343915840887,0.0,854.343915840887
2025-05-15 02:45:00+02:00,plant_1,2.0875,87.8,91.91,32.93,120.72999999999999,124.84,69.50999999999999,74.7,0.0,DE_DA_price,DE_ID3_price,natural_gas_price,,87.88235294117648,83.54096470588236,2.5,2.0875,0.8935909980025768,0.0,0.0,2.5,0.0,0.0,0.0,0.0,2.5,0.0,0.0,0.0,2.5,10.0,2.5,36.58,71.715,83.54096470588236,46.96096470588236,14.030964705882369,91.44999999999999,35.07741176470592,117.4024117647059,35.07741176470592,0.0,2.5,0.0,2.5,False,0.0,91.44999999999999,82.325,173.77499999999998,0.0,0.0,0.0,173.77499999999998,False,False,False,True,highs,2025-05-15_00:00_04:00,4.0,pay_as_bid,12.58,12.58,12.58,12.58,0.0,0.0,0.0,0.0,0.0,0.0,0.0,2.5,50.108580614283085,173.77499999999998,173.77499999999998,2.0875,0.0,2.0875,0.0,0.0,2.0875,861.6120635546621,0.0,861.6120635546621
2025-05-15 03:00:00+02:00,plant_1,2.0875,87.63,78.53,32.93,120.56,111.46000000000001,95.47,74.7,0.0,DE_DA_price,DE_ID3_price,natural_gas_price,,87.88235294117648,83.54096470588236,0.0,0.8665665722454837,0.0,1.2209334277545163,1.4363922679464898,0.0,0.0,0.0,0.0,0.0,0.0,0.0,0.0,0.0,0.0,0.0,0.0,62.54,6.87,83.54096470588236,21.00096470588236,-11.92903529411764,0.0,0.0,0.0,0.0,0.0,0.0,0.0,0.0,False,0.0,0.0,0.0,0.0,0.0,107.29850241560278,0.0,107.29850241560278,False,False,False,False,highs,2025-05-15_00:00_04:00,4.0,pay_as_bid,12.58,12.58,12.58,12.58,0.0,0.0,0.0,0.0,0.0,0.0,0.0,2.5,51.02040816326531,107.29850241560278,107.29850241560278,2.0875,0.0,2.0875,0.0,1.2209334277545163,0.8665665722454837,0.0,288.7148458572444,288.7148458572444
2025-05-15 03:15:00+02:00,plant_1,2.0875,87.63,83.64,32.93,120.56,116.57,97.38999999999999,74.7,0.0,DE_DA_price,DE_ID3_price,natural_gas_price,,87.88235294117648,83.54096470588236,0.0,0.0,0.0,2.0875,2.4558823529411766,0.0,0.0,0.0,0.0,0.0,0.0,0.0,0.0,0.0,0.0,0.0,0.0,64.46,2.46,83.54096470588236,19.080964705882366,-13.849035294117627,0.0,0.0,0.0,0.0,0.0,0.0,0.0,0.0,False,0.0,0.0,0.0,0.0,0.0,183.4544117647059,0.0,183.4544117647059,False,False,False,False,highs,2025-05-15_00:00_04:00,4.0,pay_as_bid,12.58,12.58,12.58,12.58,0.0,0.0,0.0,0.0,0.0,0.0,0.0,2.5,51.02040816326531,183.4544117647059,183.4544117647059,2.0875,0.0,2.0875,0.0,2.0875,0.0,0.0,493.6323529411765,493.6323529411765
2025-05-15 03:30:00+02:00,plant_1,2.0875,87.63,95.49,32.93,120.56,128.42,106.19999999999999,74.7,0.0,DE_DA_price,DE_ID3_price,natural_gas_price,,87.88235294117648,83.54096470588236,0.0,0.0,0.0,2.0875,2.4558823529411766,0.0,0.0,0.0,0.0,0.0,0.0,0.0,0.0,0.0,0.0,0.0,0.0,73.27,1.301,83.54096470588236,10.270964705882363,-22.65903529411763,0.0,0.0,0.0,0.0,0.0,0.0,0.0,0.0,False,0.0,0.0,0.0,0.0,0.0,183.4544117647059,0.0,183.4544117647059,False,False,False,False,highs,2025-05-15_00:00_04:00,4.0,pay_as_bid,12.58,12.58,12.58,12.58,0.0,0.0,0.0,0.0,0.0,0.0,0.0,2.5,51.02040816326531,183.4544117647059,183.4544117647059,2.0875,0.0,2.0875,0.0,2.0875,0.0,0.0,493.6323529411765,493.6323529411765
2025-05-15 03:45:00+02:00,plant_1,2.0875,87.63,103.85,32.93,120.56,136.78,94.24000000000001,74.7,0.0,DE_DA_price,DE_ID3_price,natural_gas_price,,87.88235294117648,83.54096470588236,0.0,0.0,0.0,2.0875,2.4558823529411766,0.0,0.0,0.0,0.0,0.0,0.0,0.0,0.0,0.0,0.0,0.0,0.0,61.31,5.699,83.54096470588236,22.230964705882357,-10.69903529411765,0.0,0.0,0.0,0.0,0.0,0.0,0.0,0.0,False,0.0,0.0,0.0,0.0,0.0,183.4544117647059,0.0,183.4544117647059,False,False,False,False,highs,2025-05-15_00:00_04:00,4.0,pay_as_bid,12.58,12.58,12.58,12.58,0.0,0.0,0.0,0.0,0.0,0.0,0.0,2.5,51.02040816326531,183.4544117647059,183.4544117647059,2.0875,0.0,2.0875,0.0,2.0875,0.0,0.0,493.6323529411765,493.6323529411765
2025-05-15 04:00:00+02:00,plant_1,2.0875,90.28,91.21,32.93,123.21000000000001,124.13999999999999,100.69999999999999,74.7,0.0,DE_DA_price,DE_ID3_price,natural_gas_price,,87.88235294117648,83.54096470588236,0.0,0.0,0.0,2.0875,2.4558823529411766,0.0,0.0,0.0,0.0,0.0,0.0,0.0,0.0,0.0,0.0,0.0,0.0,67.77,0.787,83.54096470588236,15.770964705882363,-17.15903529411763,0.0,0.0,0.0,0.0,0.0,0.0,0.0,0.0,False,0.0,0.0,0.0,0.0,0.0,183.4544117647059,0.0,183.4544117647059,False,False,False,False,highs,2025-05-15_04:00_08:00,4.0,pay_as_bid,7.0,7.0,7.0,7.0,0.0,0.0,0.0,0.0,0.0,0.0,0.0,2.5,51.02040816326531,183.4544117647059,183.4544117647059,2.0875,0.0,2.0875,0.0,2.0875,0.0,0.0,493.6323529411765,493.6323529411765
2025-05-15 04:15:00+02:00,plant_1,2.0875,90.28,98.21,32.93,123.21000000000001,131.14,91.38,74.7,0.0,DE_DA_price,DE_ID3_price,natural_gas_price,,87.88235294117648,83.54096470588236,0.0,0.0,0.0,2.0875,2.4558823529411766,0.0,0.0,0.0,0.0,0.0,0.0,0.0,0.0,0.0,0.0,0.0,0.0,58.45,3.631,83.54096470588236,25.090964705882357,-7.839035294117636,0.0,0.0,0.0,0.0,0.0,0.0,0.0,0.0,False,0.0,0.0,0.0,0.0,0.0,183.4544117647059,0.0,183.4544117647059,False,False,False,False,highs,2025-05-15_04:00_08:00,4.0,pay_as_bid,7.0,7.0,7.0,7.0,0.0,0.0,0.0,0.0,0.0,0.0,0.0,2.5,51.02040816326531,183.4544117647059,183.4544117647059,2.0875,0.0,2.0875,0.0,2.0875,0.0,0.0,493.6323529411765,493.6323529411765
2025-05-15 04:30:00+02:00,plant_1,2.0875,90.28,105.48,32.93,123.21000000000001,138.41,86.89,74.7,0.0,DE_DA_price,DE_ID3_price,natural_gas_price,,87.88235294117648,83.54096470588236,0.0,0.0,0.0,2.0875,2.4558823529411766,0.0,0.0,0.0,0.0,0.0,0.0,0.0,0.0,0.0,0.0,0.0,0.0,53.96,12.902,83.54096470588236,29.58096470588236,-3.349035294117641,0.0,0.0,0.0,0.0,0.0,0.0,0.0,0.0,False,0.0,0.0,0.0,0.0,0.0,183.4544117647059,0.0,183.4544117647059,False,False,False,False,highs,2025-05-15_04:00_08:00,4.0,pay_as_bid,7.0,7.0,7.0,7.0,0.0,0.0,0.0,0.0,0.0,0.0,0.0,2.5,51.02040816326531,183.4544117647059,183.4544117647059,2.0875,0.0,2.0875,0.0,2.0875,0.0,0.0,493.6323529411765,493.6323529411765
2025-05-15 04:45:00+02:00,plant_1,2.0875,90.28,103.0,32.93,123.21000000000001,135.93,97.38999999999999,74.7,0.0,DE_DA_price,DE_ID3_price,natural_gas_price,,87.88235294117648,83.54096470588236,0.0,0.0,0.0,2.0875,2.4558823529411766,0.0,0.0,0.0,0.0,0.0,0.0,0.0,0.0,0.0,0.0,0.0,0.0,64.46,3.306,83.54096470588236,19.080964705882366,-13.849035294117627,0.0,0.0,0.0,0.0,0.0,0.0,0.0,0.0,False,0.0,0.0,0.0,0.0,0.0,183.4544117647059,0.0,183.4544117647059,False,False,False,False,highs,2025-05-15_04:00_08:00,4.0,pay_as_bid,7.0,7.0,7.0,7.0,0.0,0.0,0.0,0.0,0.0,0.0,0.0,2.5,51.02040816326531,183.4544117647059,183.4544117647059,2.0875,0.0,2.0875,0.0,2.0875,0.0,0.0,493.6323529411765,493.6323529411765
2025-05-15 05:00:00+02:00,plant_1,2.0875,98.94,137.9,32.93,131.87,170.83,81.13,74.7,0.0,DE_DA_price,DE_ID3_price,natural_gas_price,,87.88235294117648,83.54096470588236,2.5,2.0875,0.29793814432989674,0.0,0.0,2.5,0.0,0.0,0.0,0.0,2.5,0.0,0.0,0.0,2.5,10.0,2.5,48.2,18.77,83.54096470588236,35.34096470588236,2.410964705882364,120.5,6.02741176470591,88.35241176470589,6.02741176470591,0.0,2.5,0.0,2.5,False,0.0,120.5,82.325,202.825,0.0,0.0,0.0,202.825,False,False,False,True,highs,2025-05-15_04:00_08:00,4.0,pay_as_bid,7.0,7.0,7.0,7.0,0.0,0.0,0.0,0.0,0.0,0.0,0.0,2.5,50.71638964864296,202.825,202.825,2.0875,0.0,2.0875,0.0,0.0,2.0875,849.6691891629021,0.0,849.6691891629021
2025-05-15 05:15:00+02:00,plant_1,2.0875,98.94,112.89,32.93,131.87,145.82,113.83000000000001,74.7,0.0,DE_DA_price,DE_ID3_price,natural_gas_price,,87.88235294117648,83.54096470588236,0.0,0.2889277499999998,0.0,1.79857225,2.1159673529411767,0.0,0.0,0.0,0.0,0.0,0.0,0.0,0.0,0.0,0.0,0.0,0.0,80.9,0.021,83.54096470588236,2.6409647058823538,-30.289035294117653,0.0,0.0,0.0,0.0,0.0,0.0,0.0,0.0,False,0.0,0.0,0.0,0.0,0.0,158.0627612647059,0.0,158.0627612647059,False,False,False,False,highs,2025-05-15_04:00_08:00,4.0,pay_as_bid,7.0,7.0,7.0,7.0,0.0,0.0,0.0,0.0,0.0,0.0,0.0,2.5,51.02040816326531,158.0627612647059,158.0627612647059,2.0875,0.0,2.0875,0.0,1.79857225,0.2889277499999998,0.0,425.3094379411765,425.3094379411765
2025-05-15 05:30:00+02:00,plant_1,2.0875,98.94,98.85,32.93,131.87,131.78,105.91999999999999,74.7,0.0,DE_DA_price,DE_ID3_price,natural_gas_price,,87.88235294117648,83.54096470588236,0.0,0.0,0.0,2.0875,2.4558823529411766,0.0,0.0,0.0,0.0,0.0,0.0,0.0,0.0,0.0,0.0,0.0,0.0,72.99,3.274,83.54096470588236,10.550964705882365,-22.379035294117628,0.0,0.0,0.0,0.0,0.0,0.0,0.0,0.0,False,0.0,0.0,0.0,0.0,0.0,183.4544117647059,0.0,183.4544117647059,False,False,False,False,highs,2025-05-15_04:00_08:00,4.0,pay_as_bid,7.0,7.0,7.0,7.0,0.0,0.0,0.0,0.0,0.0,0.0,0.0,2.5,51.02040816326531,183.4544117647059,183.4544117647059,2.0875,0.0,2.0875,0.0,2.0875,0.0,0.0,493.6323529411765,493.6323529411765
2025-05-15 05:45:00+02:00,plant_1,2.0875,98.94,95.26,32.93,131.87,128.19,121.00999999999999,74.7,0.0,DE_DA_price,DE_ID3_price,natural_gas_price,,87.88235294117648,83.54096470588236,0.0,0.0,0.0,2.0875,2.4558823529411766,0.0,0.0,0.0,0.0,0.0,0.0,0.0,0.0,0.0,0.0,0.0,0.0,88.08,0.04,83.54096470588236,-4.539035294117639,-37.46903529411763,0.0,0.0,0.0,0.0,0.0,0.0,0.0,0.0,False,0.0,0.0,0.0,0.0,0.0,183.4544117647059,0.0,183.4544117647059,False,False,False,False,highs,2025-05-15_04:00_08:00,4.0,pay_as_bid,7.0,7.0,7.0,7.0,0.0,0.0,0.0,0.0,0.0,0.0,0.0,2.5,51.02040816326531,183.4544117647059,183.4544117647059,2.0875,0.0,2.0875,0.0,2.0875,0.0,0.0,493.6323529411765,493.6323529411765
2025-05-15 06:00:00+02:00,plant_1,2.0875,119.9,128.46,32.93,152.83,161.39000000000001,32.93,74.7,0.0,DE_DA_price,DE_ID3_price,natural_gas_price,,87.88235294117648,83.54096470588236,0.0,0.0,0.0,2.0875,2.4558823529411766,0.0,0.0,0.0,0.0,0.0,0.0,0.0,0.0,0.0,0.0,0.0,0.0,0.0,0.0,83.54096470588236,83.54096470588236,50.61096470588236,0.0,0.0,0.0,0.0,0.0,0.0,0.0,0.0,False,0.0,0.0,0.0,0.0,0.0,183.4544117647059,0.0,183.4544117647059,False,False,False,False,highs,2025-05-15_04:00_08:00,4.0,pay_as_bid,7.0,7.0,7.0,7.0,0.0,0.0,0.0,0.0,0.0,0.0,0.0,2.5,51.02040816326531,183.4544117647059,183.4544117647059,2.0875,0.0,2.0875,0.0,2.0875,0.0,0.0,493.6323529411765,493.6323529411765
2025-05-15 06:15:00+02:00,plant_1,2.0875,119.9,103.21,32.93,152.83,136.14,32.93,74.7,0.0,DE_DA_price,DE_ID3_price,natural_gas_price,,87.88235294117648,83.54096470588236,0.0,0.0,0.0,2.0875,2.4558823529411766,0.0,0.0,0.0,0.0,0.0,0.0,0.0,0.0,0.0,0.0,0.0,0.0,0.0,0.0,83.54096470588236,83.54096470588236,50.61096470588236,0.0,0.0,0.0,0.0,0.0,0.0,0.0,0.0,False,0.0,0.0,0.0,0.0,0.0,183.4544117647059,0.0,183.4544117647059,False,False,False,False,highs,2025-05-15_04:00_08:00,4.0,pay_as_bid,7.0,7.0,7.0,7.0,0.0,0.0,0.0,0.0,0.0,0.0,0.0,2.5,51.02040816326531,183.4544117647059,183.4544117647059,2.0875,0.0,2.0875,0.0,2.0875,0.0,0.0,493.6323529411765,493.6323529411765
2025-05-15 06:30:00+02:00,plant_1,2.0875,119.9,89.36,32.93,152.83,122.28999999999999,32.93,74.7,0.0,DE_DA_price,DE_ID3_price,natural_gas_price,,87.88235294117648,83.54096470588236,0.0,0.0,0.0,2.0875,2.4558823529411766,0.0,0.0,0.0,0.0,0.0,0.0,0.0,0.0,0.0,0.0,0.0,0.0,0.0,0.0,83.54096470588236,83.54096470588236,50.61096470588236,0.0,0.0,0.0,0.0,0.0,0.0,0.0,0.0,False,0.0,0.0,0.0,0.0,0.0,183.4544117647059,0.0,183.4544117647059,False,False,False,False,highs,2025-05-15_04:00_08:00,4.0,pay_as_bid,7.0,7.0,7.0,7.0,0.0,0.0,0.0,0.0,0.0,0.0,0.0,2.5,51.02040816326531,183.4544117647059,183.4544117647059,2.0875,0.0,2.0875,0.0,2.0875,0.0,0.0,493.6323529411765,493.6323529411765
2025-05-15 06:45:00+02:00,plant_1,2.0875,119.9,68.73,32.93,152.83,101.66,90.09,74.7,0.0,DE_DA_price,DE_ID3_price,natural_gas_price,,87.88235294117648,83.54096470588236,0.0,0.0,0.0,2.0875,2.4558823529411766,0.0,0.0,0.0,0.0,0.0,0.0,0.0,0.0,0.0,0.0,0.0,0.0,57.16,12.876,83.54096470588236,26.380964705882363,-6.549035294117644,0.0,0.0,0.0,0.0,0.0,0.0,0.0,0.0,False,0.0,0.0,0.0,0.0,0.0,183.4544117647059,0.0,183.4544117647059,False,False,False,False,highs,2025-05-15_04:00_08:00,4.0,pay_as_bid,7.0,7.0,7.0,7.0,0.0,0.0,0.0,0.0,0.0,0.0,0.0,2.5,51.02040816326531,183.4544117647059,183.4544117647059,2.0875,0.0,2.0875,0.0,2.0875,0.0,0.0,493.6323529411765,493.6323529411765
2025-05-15 07:00:00+02:00,plant_1,2.135,119.91,106.63,32.93,152.84,139.56,79.18,74.7,0.0,DE_DA_price,DE_ID3_price,natural_gas_price,,87.88235294117648,83.54096470588236,2.5,2.135,0.24896907216494846,0.0,0.0,2.5,0.0,0.0,0.0,0.0,2.5,0.0,0.0,0.0,2.5,10.0,2.5,46.25,60.884,83.54096470588236,37.29096470588236,4.360964705882353,115.625,10.902411764705882,93.22741176470589,10.902411764705882,0.0,2.5,0.0,2.5,False,0.0,115.625,82.325,197.95,0.0,0.0,0.0,197.95,False,False,False,True,highs,2025-05-15_04:00_08:00,4.0,pay_as_bid,7.0,7.0,7.0,7.0,0.0,0.0,0.0,0.0,0.0,0.0,0.0,2.5,50.76635808962761,197.95,197.95,2.135,0.0,2.135,0.0,0.0,2.135,732.3241532019053,0.0,732.3241532019053
2025-05-15 07:15:00+02:00,plant_1,2.135,119.91,79.17,32.93,152.84,112.1,57.66,74.7,0.0,DE_DA_price,DE_ID3_price,natural_gas_price,,87.88235294117648,83.54096470588236,2.5,2.135,0.4978759020618557,0.0,0.0,2.5,0.0,0.0,0.0,0.0,2.5,0.0,0.0,0.0,2.5,10.0,2.5,24.73,115.798,83.54096470588236,58.810964705882355,25.880964705882363,61.825,64.70241176470591,147.0274117647059,64.70241176470591,0.0,2.5,0.0,2.5,False,0.0,61.825,82.325,144.15,0.0,0.0,0.0,144.15,False,False,False,True,highs,2025-05-15_04:00_08:00,4.0,pay_as_bid,7.0,7.0,7.0,7.0,0.0,0.0,0.0,0.0,0.0,0.0,0.0,2.5,50.51237152850831,144.15,144.15,2.135,0.0,2.135,0.0,0.0,2.135,723.5161968581556,0.0,723.5161968581556
2025-05-15 07:30:00+02:00,plant_1,2.135,119.91,49.93,32.93,152.84,82.86,61.129999999999995,74.7,0.0,DE_DA_price,DE_ID3_price,natural_gas_price,,87.88235294117648,83.54096470588236,2.5,2.135,0.7467205052512887,0.0,0.0,2.5,0.0,2.5,0.0,2.5,2.5,0.0,124.825,0.0,0.0,0.0,0.0,28.2,30.099,83.54096470588236,55.34096470588236,22.410964705882364,0.0,0.0,0.0,0.0,0.0,0.0,0.0,0.0,False,0.0,124.825,82.325,207.15,0.0,0.0,0.0,207.15,False,False,False,False,highs,2025-05-15_04:00_08:00,4.0,pay_as_bid,7.0,7.0,7.0,7.0,0.0,0.0,0.0,0.0,0.0,0.0,0.0,0.0,50.2584484640293,207.15,207.15,2.135,0.0,0.0,2.135,0.0,2.135,708.8218370213252,0.0,708.8218370213252
2025-05-15 07:45:00+02:00,plant_1,2.135,119.91,8.99,32.93,152.84,41.92,91.11,74.7,0.0,DE_DA_price,DE_ID3_price,natural_gas_price,,87.88235294117648,83.54096470588236,2.5,2.135,0.9955028972899244,0.0,0.0,2.5,0.0,2.5,0.0,2.5,2.5,0.0,22.475,0.0,0.0,0.0,0.0,58.18,9.978,83.54096470588236,25.36096470588236,-7.56903529411764,0.0,0.0,0.0,0.0,0.0,0.0,0.0,0.0,False,0.0,22.475,82.325,104.80000000000001,0.0,0.0,0.0,104.80000000000001,False,False,False,False,highs,2025-05-15_04:00_08:00,4.0,pay_as_bid,7.0,7.0,7.0,7.0,0.0,0.0,0.0,0.0,0.0,0.0,0.0,0.0,50.004588880316405,104.80000000000001,104.80000000000001,2.135,0.0,0.0,2.135,0.0,2.135,690.7926127535011,0.0,690.7926127535011
2025-05-15 08:00:00+02:00,plant_1,2.1725,102.06,48.43,32.93,134.99,81.36,84.71000000000001,74.7,0.0,DE_DA_price,DE_ID3_price,natural_gas_price,,87.88235294117648,83.54096470588236,2.5,2.1725,1.2055632999161174,0.0,0.0,2.5,0.0,2.5,0.0,2.5,2.5,0.0,121.075,0.0,0.0,0.0,0.0,51.78,3.298,83.54096470588236,31.76096470588236,-1.1690352941176485,0.0,0.0,0.0,0.0,0.0,0.0,0.0,0.0,False,0.0,121.075,82.325,203.4,0.0,0.0,0.0,203.4,False,False,False,False,highs,2025-05-15_08:00_12:00,4.0,pay_as_bid,296.07,296.07,296.07,296.07,0.0,0.0,0.0,0.0,0.0,0.0,0.0,0.0,49.79024153069784,203.4,203.4,2.1725,0.0,0.0,2.1725,0.0,2.1725,651.8727888254743,0.0,651.8727888254743
2025-05-15 08:15:00+02:00,plant_1,2.1725,102.06,-0.56,32.93,134.99,32.37,50.41,74.7,0.0,DE_DA_price,DE_ID3_price,natural_gas_price,,87.88235294117648,83.54096470588236,2.5,2.1725,1.415571187441654,0.0,0.0,2.5,0.0,2.5,0.0,2.5,2.5,0.0,-1.4000000000000001,0.0,0.0,0.0,0.0,17.48,12.697,83.54096470588236,66.06096470588236,33.13096470588236,0.0,0.0,0.0,0.0,0.0,0.0,0.0,0.0,False,0.0,-1.4000000000000001,82.325,80.925,0.0,0.0,0.0,80.925,False,False,False,False,highs,2025-05-15_08:00_12:00,4.0,pay_as_bid,296.07,296.07,296.07,296.07,0.0,0.0,0.0,0.0,0.0,0.0,0.0,0.0,49.57594776791668,80.925,80.925,2.1725,0.0,0.0,2.1725,0.0,2.1725,629.1405004310174,0.0,629.1405004310174
2025-05-15 08:30:00+02:00,plant_1,2.1725,102.06,-15.07,32.93,134.99,17.86,57.69,74.7,0.0,DE_DA_price,DE_ID3_price,natural_gas_price,,87.88235294117648,83.54096470588236,2.5,2.1725,1.6255265729953094,0.0,0.0,2.5,0.0,2.5,0.0,2.5,2.5,0.0,-37.675,0.0,0.0,0.0,0.0,24.76,6.756,83.54096470588236,58.780964705882354,25.85096470588236,0.0,0.0,0.0,0.0,0.0,0.0,0.0,0.0,False,0.0,-37.675,82.325,44.650000000000006,0.0,0.0,0.0,44.650000000000006,False,False,False,False,highs,2025-05-15_08:00_12:00,4.0,pay_as_bid,296.07,296.07,296.07,296.07,0.0,0.0,0.0,0.0,0.0,0.0,0.0,0.0,49.361707578576215,44.650000000000006,44.650000000000006,2.1725,0.0,0.0,2.1725,0.0,2.1725,608.89933,0.0,608.89933
2025-05-15 08:45:00+02:00,plant_1,2.1725,102.06,-39.09,32.93,134.99,-6.160000000000004,56.989999999999995,74.7,0.0,DE_DA_price,DE_ID3_price,natural_gas_price,,87.88235294117648,83.54096470588236,2.5,2.1725,1.8354294697025764,0.0,0.0,2.5,0.0,2.5,0.0,2.5,2.5,0.0,-97.72500000000001,0.0,0.0,0.0,0.0,24.06,16.77,83.54096470588236,59.48096470588236,26.550964705882365,0.0,0.0,0.0,0.0,0.0,0.0,0.0,0.0,False,0.0,-97.72500000000001,82.325,-15.400000000000006,0.0,0.0,0.0,-15.400000000000006,False,False,False,False,highs,2025-05-15_08:00_12:00,4.0,pay_as_bid,296.07,296.07,296.07,296.07,0.0,0.0,0.0,0.0,0.0,0.0,0.0,0.0,49.147520949283084,-15.400000000000006,-15.400000000000006,2.1725,0.0,0.0,2.1725,0.0,2.1725,557.7816606069171,0.0,557.7816606069171
2025-05-15 09:00:00+02:00,plant_1,2.225,75.65,6.7,32.93,108.58000000000001,39.63,12.04,74.7,0.0,DE_DA_price,DE_ID3_price,natural_gas_price,,87.88235294117648,83.54096470588236,2.5,2.225,1.99115617934546,0.0,0.0,2.5,0.0,2.5,0.0,2.5,2.5,0.0,16.75,0.0,0.0,0.0,0.0,-20.89,67.814,83.54096470588236,104.43096470588236,71.50096470588235,0.0,0.0,0.0,0.0,0.0,0.0,0.0,0.0,False,0.0,16.75,82.325,99.075,0.0,0.0,0.0,99.075,False,False,False,False,highs,2025-05-15_08:00_12:00,4.0,pay_as_bid,296.07,296.07,296.07,296.07,0.0,0.0,0.0,0.0,0.0,0.0,0.0,0.0,48.98861614352504,99.075,99.075,2.225,0.0,0.0,2.225,0.0,2.225,484.11799538629623,0.0,484.11799538629623
2025-05-15 09:15:00+02:00,plant_1,2.225,75.65,0.31,32.93,108.58000000000001,33.24,-287.88,74.7,0.0,DE_DA_price,DE_ID3_price,natural_gas_price,,87.88235294117648,83.54096470588236,2.5,2.225,2.146843957310933,0.0,0.0,2.5,0.0,2.5,0.0,2.5,2.5,0.0,0.775,0.0,0.0,0.0,0.0,-320.81,79.316,83.54096470588236,404.35096470588235,371.42096470588234,0.0,0.0,0.0,0.0,0.0,0.0,0.0,0.0,False,0.0,0.775,82.325,83.10000000000001,0.0,0.0,0.0,83.10000000000001,False,False,False,False,highs,2025-05-15_08:00_12:00,4.0,pay_as_bid,296.07,296.07,296.07,296.07,0.0,0.0,0.0,0.0,0.0,0.0,0.0,0.0,48.82975106396844,83.10000000000001,83.10000000000001,2.225,0.0,0.0,2.225,0.0,2.225,442.23658114317465,0.0,442.23658114317465
2025-05-15 09:30:00+02:00,plant_1,2.225,75.65,-1.68,32.93,108.58000000000001,31.25,-16.92,74.7,0.0,DE_DA_price,DE_ID3_price,natural_gas_price,,87.88235294117648,83.54096470588236,2.5,2.225,2.3024928133319142,0.0,0.0,2.5,0.0,2.5,0.0,2.5,2.5,0.0,-4.2,0.0,0.0,0.0,0.0,-49.85,67.757,83.54096470588236,133.39096470588237,100.46096470588236,0.0,0.0,0.0,0.0,0.0,0.0,0.0,0.0,False,0.0,-4.2,82.325,78.125,0.0,0.0,0.0,78.125,False,False,False,False,highs,2025-05-15_08:00_12:00,4.0,pay_as_bid,296.07,296.07,296.07,296.07,0.0,0.0,0.0,0.0,0.0,0.0,0.0,0.0,48.67092570068172,78.125,78.125,2.225,0.0,0.0,2.225,0.0,2.225,398.42265152037334,0.0,398.42265152037334
2025-05-15 09:45:00+02:00,plant_1,2.225,75.65,-11.42,32.93,108.58000000000001,21.509999999999998,38.769999999999996,74.7,0.0,DE_DA_price,DE_ID3_price,natural_gas_price,,87.88235294117648,83.54096470588236,2.5,2.225,2.4581027571388905,0.0,0.0,2.5,0.0,2.5,0.0,2.5,2.5,0.0,-28.55,0.0,0.0,0.0,0.0,5.84,14.002,83.54096470588236,77.70096470588236,44.77096470588236,0.0,0.0,0.0,0.0,0.0,0.0,0.0,0.0,False,0.0,-28.55,82.325,53.775000000000006,0.0,0.0,0.0,53.775000000000006,False,False,False,False,highs,2025-05-15_08:00_12:00,4.0,pay_as_bid,296.07,296.07,296.07,296.07,0.0,0.0,0.0,0.0,0.0,0.0,0.0,0.0,48.512140043735826,53.775000000000006,53.775000000000006,2.225,0.0,0.0,2.225,0.0,2.225,376.66855575,0.0,376.66855575
2025-05-15 10:00:00+02:00,plant_1,2.225,4.58,-0.55,32.93,37.51,32.38,15.41,74.7,0.0,DE_DA_price,DE_ID3_price,natural_gas_price,,87.88235294117648,83.54096470588236,2.5,2.225,2.613673798459915,0.0,0.0,2.5,2.5,0.0,0.0,2.5,2.5,11.45,0.0,0.0,0.0,0.0,0.0,-17.52,63.151,83.54096470588236,101.06096470588236,68.13096470588236,0.0,0.0,0.0,0.0,0.0,0.0,0.0,0.0,False,0.0,11.45,82.325,93.775,0.0,0.0,0.0,93.775,False,False,False,False,highs,2025-05-15_08:00_12:00,4.0,pay_as_bid,296.07,296.07,296.07,296.07,0.0,0.0,0.0,0.0,0.0,0.0,0.0,0.0,48.35339408320417,93.775,93.775,0.0,2.225,0.0,2.225,0.0,2.225,360.28777052635587,0.0,360.28777052635587
2025-05-15 10:15:00+02:00,plant_1,2.225,4.58,-4.69,32.93,37.51,28.24,31.419999999999998,74.7,0.0,DE_DA_price,DE_ID3_price,natural_gas_price,,87.88235294117648,83.54096470588236,2.5,2.225,2.7692059470206094,0.0,0.0,2.5,2.5,0.0,0.0,2.5,2.5,11.45,0.0,0.0,0.0,0.0,0.0,-1.51,10.612,83.54096470588236,85.05096470588236,52.12096470588236,0.0,0.0,0.0,0.0,0.0,0.0,0.0,0.0,False,0.0,11.45,82.325,93.775,0.0,0.0,0.0,93.775,False,False,False,False,highs,2025-05-15_08:00_12:00,4.0,pay_as_bid,296.07,296.07,296.07,296.07,0.0,0.0,0.0,0.0,0.0,0.0,0.0,0.0,48.194687809162644,93.775,93.775,0.0,2.225,0.0,2.225,0.0,2.225,352.2013906508165,0.0,352.2013906508165
2025-05-15 10:30:00+02:00,plant_1,2.225,4.58,-5.18,32.93,37.51,27.75,23.65,74.7,0.0,DE_DA_price,DE_ID3_price,natural_gas_price,,87.88235294117648,83.54096470588236,2.5,2.225,2.9246992125441635,0.0,0.0,2.5,2.5,0.0,0.0,2.5,2.5,11.45,0.0,0.0,0.0,0.0,0.0,-9.28,26.534,83.54096470588236,92.82096470588236,59.89096470588236,0.0,0.0,0.0,0.0,0.0,0.0,0.0,0.0,False,0.0,11.45,82.325,93.775,0.0,0.0,0.0,93.775,False,False,False,False,highs,2025-05-15_08:00_12:00,4.0,pay_as_bid,296.07,296.07,296.07,296.07,0.0,0.0,0.0,0.0,0.0,0.0,0.0,0.0,48.03602121168963,93.775,93.775,0.0,2.225,0.0,2.225,0.0,2.225,349.9693032301008,0.0,349.9693032301008
2025-05-15 10:45:00+02:00,plant_1,2.225,4.58,-8.89,32.93,37.51,24.04,29.15,74.7,0.0,DE_DA_price,DE_ID3_price,natural_gas_price,,87.88235294117648,83.54096470588236,2.5,2.225,3.0801536047513367,0.0,0.0,2.5,2.5,0.0,0.0,2.5,2.5,11.45,0.0,0.0,0.0,0.0,0.0,-3.78,29.012,83.54096470588236,87.32096470588236,54.39096470588236,0.0,0.0,0.0,0.0,0.0,0.0,0.0,0.0,False,0.0,11.45,82.325,93.775,0.0,0.0,0.0,93.775,False,False,False,False,highs,2025-05-15_08:00_12:00,4.0,pay_as_bid,296.07,296.07,296.07,296.07,0.0,0.0,0.0,0.0,0.0,0.0,0.0,0.0,47.877394280865985,93.775,93.775,0.0,2.225,0.0,2.225,0.0,2.225,348.80466206947403,0.0,348.80466206947403
2025-05-15 11:00:00+02:00,plant_1,2.225,-0.08,-3.11,32.93,32.85,29.82,61.58,74.7,0.0,DE_DA_price,DE_ID3_price,natural_gas_price,,87.88235294117648,83.54096470588236,2.5,2.225,3.235569133360458,0.0,0.0,2.5,2.5,0.0,0.0,2.5,2.5,-0.2,0.0,0.0,0.0,0.0,0.0,28.65,9.685,83.54096470588236,54.89096470588236,21.96096470588236,0.0,0.0,0.0,0.0,0.0,0.0,0.0,0.0,False,0.0,-0.2,82.325,82.125,0.0,0.0,0.0,82.125,False,False,False,False,highs,2025-05-15_08:00_12:00,4.0,pay_as_bid,296.07,296.07,296.07,296.07,0.0,0.0,0.0,0.0,0.0,0.0,0.0,0.0,47.718807006775044,82.125,82.125,0.0,2.225,0.0,2.225,0.0,2.225,342.9922242939762,0.0,342.9922242939762
2025-05-15 11:15:00+02:00,plant_1,2.225,-0.08,-5.62,32.93,32.85,27.31,64.09,74.7,0.0,DE_DA_price,DE_ID3_price,natural_gas_price,,87.88235294117648,83.54096470588236,2.5,2.225,3.390945808087427,0.0,0.0,2.5,2.5,0.0,0.0,2.5,2.5,-0.2,0.0,0.0,0.0,0.0,0.0,31.16,4.592,83.54096470588236,52.38096470588236,19.450964705882356,0.0,0.0,0.0,0.0,0.0,0.0,0.0,0.0,False,0.0,-0.2,82.325,82.125,0.0,0.0,0.0,82.125,False,False,False,False,highs,2025-05-15_08:00_12:00,4.0,pay_as_bid,296.07,296.07,296.07,296.07,0.0,0.0,0.0,0.0,0.0,0.0,0.0,0.0,47.560259379502625,82.125,82.125,0.0,2.225,0.0,2.225,0.0,2.225,338.1653833630794,0.0,338.1653833630794
2025-05-15 11:30:00+02:00,plant_1,2.225,-0.08,-7.86,32.93,32.85,25.07,103.97,74.7,0.0,DE_DA_price,DE_ID3_price,natural_gas_price,,87.88235294117648,83.54096470588236,2.5,2.225,3.5462836386457144,0.0,0.0,2.5,2.5,0.0,0.0,2.5,2.5,-0.2,0.0,0.0,0.0,0.0,0.0,71.04,1.508,83.54096470588236,12.500964705882353,-20.42903529411764,0.0,0.0,0.0,0.0,0.0,0.0,0.0,0.0,False,0.0,-0.2,82.325,82.125,0.0,0.0,0.0,82.125,False,False,False,False,highs,2025-05-15_08:00_12:00,4.0,pay_as_bid,296.07,296.07,296.07,296.07,0.0,0.0,0.0,0.0,0.0,0.0,0.0,0.0,47.40175138913703,82.125,82.125,0.0,2.225,0.0,2.225,0.0,2.225,339.42872765058297,0.0,339.42872765058297
2025-05-15 11:45:00+02:00,plant_1,2.225,-0.08,-12.21,32.93,32.85,20.72,56.78,74.7,0.0,DE_DA_price,DE_ID3_price,natural_gas_price,,87.88235294117648,83.54096470588236,2.5,2.225,3.7015826347463623,0.0,0.0,2.5,2.5,0.0,0.0,2.5,2.5,-0.2,0.0,0.0,0.0,0.0,0.0,23.85,1.084,83.54096470588236,59.69096470588236,26.76096470588236,0.0,0.0,0.0,0.0,0.0,0.0,0.0,0.0,False,0.0,-0.2,82.325,82.125,0.0,0.0,0.0,82.125,False,False,False,False,highs,2025-05-15_08:00_12:00,4.0,pay_as_bid,296.07,296.07,296.07,296.07,0.0,0.0,0.0,0.0,0.0,0.0,0.0,0.0,47.243283025769024,82.125,82.125,0.0,2.225,0.0,2.225,0.0,2.225,340.4283959810442,0.0,340.4283959810442
2025-05-15 12:00:00+02:00,plant_1,2.225,-4.97,-8.27,32.93,27.96,24.66,37.26,74.7,0.0,DE_DA_price,DE_ID3_price,natural_gas_price,,87.88235294117648,83.54096470588236,2.5,2.225,3.856842806097985,0.0,0.0,2.5,0.0,0.0,0.0,0.0,2.5,0.0,0.0,0.0,2.5,10.0,2.5,4.33,32.734,83.54096470588236,79.21096470588236,46.28096470588236,10.825,115.7024117647059,198.0274117647059,115.7024117647059,2.5,0.0,2.5,0.0,False,0.0,10.825,82.325,93.15,0.0,0.0,0.0,93.15,False,False,False,True,highs,2025-05-15_12:00_16:00,4.0,pay_as_bid,1597.12,1597.12,1597.12,1597.12,10.0,2.5,3992.7999999999997,151.9024117647059,0.0,3840.897588235294,2.5,2.5,47.08485427949185,93.15,-3899.6499999999996,1.014362704923192,1.210637295076808,0.0,2.225,0.0,2.225,335.26090457677117,0.0,335.26090457677117
2025-05-15 12:15:00+02:00,plant_1,2.225,-4.97,-4.37,32.93,27.96,28.56,34.69,74.7,0.0,DE_DA_price,DE_ID3_price,natural_gas_price,,87.88235294117648,83.54096470588236,2.5,2.225,4.012064162406769,0.0,0.0,2.5,0.0,0.0,0.0,0.0,2.5,0.0,0.0,0.0,2.5,10.0,2.5,1.76,45.506,83.54096470588236,81.78096470588235,48.85096470588236,4.4,122.1274117647059,204.4524117647059,122.1274117647059,2.5,0.0,2.5,0.0,False,0.0,4.4,82.325,86.72500000000001,0.0,0.0,0.0,86.72500000000001,False,False,False,True,highs,2025-05-15_12:00_16:00,4.0,pay_as_bid,1597.12,1597.12,1597.12,1597.12,10.0,2.5,3992.7999999999997,151.9024117647059,0.0,3840.897588235294,2.5,2.5,46.926465140401255,86.72500000000001,-3906.075,2.225,0.0,1.3412342906552515,0.8837657093447485,0.0,2.225,334.2251201378803,0.0,334.2251201378803
2025-05-15 12:30:00+02:00,plant_1,2.225,-4.97,-2.26,32.93,27.96,30.67,38.68,74.7,0.0,DE_DA_price,DE_ID3_price,natural_gas_price,,87.88235294117648,83.54096470588236,2.5,2.225,4.167246713376477,0.0,0.0,2.5,0.0,0.0,0.0,0.0,2.5,0.0,0.0,0.0,2.5,10.0,2.5,5.75,40.44,83.54096470588236,77.79096470588236,44.86096470588236,14.375,112.1524117647059,194.4774117647059,112.1524117647059,2.5,0.0,2.5,0.0,False,0.0,14.375,82.325,96.7,0.0,0.0,0.0,96.7,False,False,False,True,highs,2025-05-15_12:00_16:00,4.0,pay_as_bid,1597.12,1597.12,1597.12,1597.12,10.0,2.5,3992.7999999999997,151.9024117647059,0.0,3840.897588235294,2.5,2.5,46.76811559859543,96.7,-3896.1,2.225,0.0,2.225,0.0,0.0,2.225,334.453838789648,0.0,334.453838789648
2025-05-15 12:45:00+02:00,plant_1,2.225,-4.97,-0.02,32.93,27.96,32.91,35.59,74.7,0.0,DE_DA_price,DE_ID3_price,natural_gas_price,,87.88235294117648,83.54096470588236,2.5,2.225,4.322390468708441,0.0,0.0,2.5,0.0,0.0,0.0,0.0,2.5,0.0,0.0,0.0,2.5,10.0,2.5,2.66,35.267,83.54096470588236,80.88096470588236,47.950964705882356,6.65,119.8774117647059,202.20241176470591,119.8774117647059,2.5,0.0,2.5,0.0,False,0.0,6.65,82.325,88.97500000000001,0.0,0.0,0.0,88.97500000000001,False,False,False,True,highs,2025-05-15_12:00_16:00,4.0,pay_as_bid,1597.12,1597.12,1597.12,1597.12,10.0,2.5,3992.7999999999997,151.9024117647059,0.0,3840.897588235294,2.5,2.5,46.60980564417506,88.97500000000001,-3903.825,2.225,0.0,2.225,0.0,0.0,2.225,334.09396661629637,0.0,334.09396661629637
2025-05-15 13:00:00+02:00,plant_1,2.225,-14.76,-8.95,32.93,18.17,23.98,16.83,74.7,0.0,DE_DA_price,DE_ID3_price,natural_gas_price,,87.88235294117648,83.54096470588236,2.5,2.225,4.477495438101574,0.0,0.0,2.5,0.0,0.0,0.0,0.0,2.5,0.0,0.0,0.0,2.5,10.0,2.5,-16.1,84.566,83.54096470588236,99.64096470588237,66.71096470588236,-40.25,166.7774117647059,249.10241176470592,166.7774117647059,2.5,0.0,2.5,0.0,False,0.0,-40.25,82.325,42.075,0.0,0.0,0.0,42.075,False,False,False,True,highs,2025-05-15_12:00_16:00,4.0,pay_as_bid,1597.12,1597.12,1597.12,1597.12,10.0,2.5,3992.7999999999997,151.9024117647059,0.0,3840.897588235294,2.5,2.5,46.451535267243294,42.075,-3950.725,2.225,0.0,2.225,0.0,0.0,2.225,334.0810253526407,0.0,334.0810253526407
2025-05-15 13:15:00+02:00,plant_1,2.225,-14.76,-3.37,32.93,18.17,29.56,25.13,74.7,0.0,DE_DA_price,DE_ID3_price,natural_gas_price,,87.88235294117648,83.54096470588236,2.5,2.225,4.632561631252358,0.0,0.0,2.5,0.0,0.0,0.0,0.0,2.5,0.0,0.0,0.0,2.5,10.0,2.5,-7.8,83.432,83.54096470588236,91.34096470588236,58.410964705882364,-19.5,146.0274117647059,228.3524117647059,146.0274117647059,2.5,0.0,2.5,0.0,False,0.0,-19.5,82.325,62.825,0.0,0.0,0.0,62.825,False,False,False,True,highs,2025-05-15_12:00_16:00,4.0,pay_as_bid,1597.12,1597.12,1597.12,1597.12,10.0,2.5,3992.7999999999997,151.9024117647059,0.0,3840.897588235294,2.5,2.5,46.293304457905755,62.825,-3929.975,2.225,0.0,2.225,0.0,0.0,2.225,332.4967956086691,0.0,332.4967956086691
2025-05-15 13:30:00+02:00,plant_1,2.225,-14.76,-2.76,32.93,18.17,30.17,41.019999999999996,74.7,0.0,DE_DA_price,DE_ID3_price,natural_gas_price,,87.88235294117648,83.54096470588236,2.5,2.225,4.787589057854854,0.0,0.0,2.5,0.0,0.0,0.0,0.0,2.5,0.0,0.0,0.0,2.5,10.0,2.5,8.09,12.94,83.54096470588236,75.45096470588236,42.52096470588236,20.225,106.30241176470591,188.6274117647059,106.30241176470591,2.5,0.0,2.5,0.0,False,0.0,20.225,82.325,102.55000000000001,0.0,0.0,0.0,102.55000000000001,False,False,False,True,highs,2025-05-15_12:00_16:00,4.0,pay_as_bid,1597.12,1597.12,1597.12,1597.12,10.0,2.5,3992.7999999999997,151.9024117647059,0.0,3840.897588235294,2.5,2.5,46.13511320627056,102.55000000000001,-3890.2499999999995,2.225,0.0,2.225,0.0,0.0,2.225,332.29874805372555,0.0,332.29874805372555
2025-05-15 13:45:00+02:00,plant_1,2.225,-14.76,2.2,32.93,18.17,35.13,44.14,74.7,0.0,DE_DA_price,DE_ID3_price,natural_gas_price,,87.88235294117648,83.54096470588236,2.5,2.225,4.9425777276007,0.0,0.0,2.5,0.0,0.0,0.0,0.0,2.5,0.0,0.0,0.0,2.5,10.0,2.5,11.21,30.89,83.54096470588236,72.33096470588237,39.40096470588236,28.025000000000002,98.5024117647059,180.82741176470591,98.5024117647059,2.5,0.0,2.5,0.0,False,0.0,28.025000000000002,82.325,110.35000000000001,0.0,0.0,0.0,110.35000000000001,False,False,False,True,highs,2025-05-15_12:00_16:00,4.0,pay_as_bid,1597.12,1597.12,1597.12,1597.12,10.0,2.5,3992.7999999999997,151.9024117647059,0.0,3840.897588235294,2.5,2.5,45.97696150244827,110.35000000000001,-3882.45,2.225,0.0,2.225,0.0,0.0,2.225,331.4139016767934,0.0,331.4139016767934
2025-05-15 14:00:00+02:00,plant_1,2.225,-14.25,-15.3,32.93,18.68,17.63,27.689999999999998,74.7,0.0,DE_DA_price,DE_ID3_price,natural_gas_price,,87.88235294117648,83.54096470588236,2.5,2.225,5.097527650179108,0.0,0.0,2.5,0.0,0.0,0.0,0.0,2.5,0.0,0.0,0.0,2.5,10.0,2.5,-5.24,36.026,83.54096470588236,88.78096470588235,55.85096470588236,-13.100000000000001,139.6274117647059,221.9524117647059,139.6274117647059,2.5,0.0,2.5,0.0,False,0.0,-13.100000000000001,82.325,69.225,0.0,0.0,0.0,69.225,False,False,False,True,highs,2025-05-15_12:00_16:00,4.0,pay_as_bid,1597.12,1597.12,1597.12,1597.12,10.0,2.5,3992.7999999999997,151.9024117647059,0.0,3840.897588235294,2.5,2.5,45.81884933655193,69.225,-3923.575,2.225,0.0,2.225,0.0,0.0,2.225,328.97511284394056,0.0,328.97511284394056
2025-05-15 14:15:00+02:00,plant_1,2.225,-14.25,-3.11,32.93,18.68,29.82,28.96,74.7,0.0,DE_DA_price,DE_ID3_price,natural_gas_price,,87.88235294117648,83.54096470588236,2.5,2.225,5.252438835276873,0.0,0.0,2.5,0.0,0.0,0.0,0.0,2.5,0.0,0.0,0.0,2.5,10.0,2.5,-3.97,65.129,83.54096470588236,87.51096470588236,54.58096470588236,-9.925,136.4524117647059,218.7774117647059,136.4524117647059,2.5,0.0,2.5,0.0,False,0.0,-9.925,82.325,72.4,0.0,0.0,0.0,72.4,False,False,False,True,highs,2025-05-15_12:00_16:00,4.0,pay_as_bid,1597.12,1597.12,1597.12,1597.12,10.0,2.5,3992.7999999999997,151.9024117647059,0.0,3840.897588235294,2.5,2.5,45.66077669869706,72.4,-3920.3999999999996,2.225,0.0,2.225,0.0,0.0,2.225,326.9299539526617,0.0,326.9299539526617
2025-05-15 14:30:00+02:00,plant_1,2.225,-14.25,2.48,32.93,18.68,35.41,38.37,74.7,0.0,DE_DA_price,DE_ID3_price,natural_gas_price,,87.88235294117648,83.54096470588236,2.5,2.225,5.407311292578363,0.0,0.0,2.5,0.0,0.0,0.0,0.0,2.5,0.0,0.0,0.0,2.5,10.0,2.5,5.44,26.198,83.54096470588236,78.10096470588236,45.17096470588236,13.600000000000001,112.92741176470591,195.2524117647059,112.92741176470591,2.5,0.0,2.5,0.0,False,0.0,13.600000000000001,82.325,95.92500000000001,0.0,0.0,0.0,95.92500000000001,False,False,False,True,highs,2025-05-15_12:00_16:00,4.0,pay_as_bid,1597.12,1597.12,1597.12,1597.12,10.0,2.5,3992.7999999999997,151.9024117647059,0.0,3840.897588235294,2.5,2.5,45.502743579001674,95.92500000000001,-3896.8749999999995,2.225,0.0,2.225,0.0,0.0,2.225,326.55792567687024,0.0,326.55792567687024
2025-05-15 14:45:00+02:00,plant_1,2.225,-14.25,16.06,32.93,18.68,48.989999999999995,25.02,74.7,0.0,DE_DA_price,DE_ID3_price,natural_gas_price,,87.88235294117648,83.54096470588236,2.5,2.225,5.562145031765528,0.0,0.0,2.5,0.0,0.0,0.0,0.0,2.5,0.0,0.0,0.0,2.5,10.0,2.5,-7.91,97.135,83.54096470588236,91.45096470588236,58.52096470588236,-19.775,146.3024117647059,228.6274117647059,146.3024117647059,2.5,0.0,2.5,0.0,False,0.0,-19.775,82.325,62.550000000000004,0.0,0.0,0.0,62.550000000000004,False,False,False,True,highs,2025-05-15_12:00_16:00,4.0,pay_as_bid,1597.12,1597.12,1597.12,1597.12,10.0,2.5,3992.7999999999997,151.9024117647059,0.0,3840.897588235294,2.5,2.5,45.3447499675862,62.550000000000004,-3930.2499999999995,2.225,0.0,2.225,0.0,0.0,2.225,325.88478425,0.0,325.88478425
2025-05-15 15:00:00+02:00,plant_1,2.1725,-6.62,-31.07,32.93,26.31,1.8599999999999994,36.92,74.7,0.0,DE_DA_price,DE_ID3_price,natural_gas_price,,87.88235294117648,83.54096470588236,2.5,2.1725,5.771063773858103,0.0,0.0,2.5,0.0,0.0,0.0,0.0,2.5,0.0,0.0,0.0,2.5,10.0,2.5,3.99,78.469,83.54096470588236,79.55096470588236,46.62096470588236,9.975000000000001,116.5524117647059,198.87741176470593,116.5524117647059,2.5,0.0,2.5,0.0,False,0.0,9.975000000000001,82.325,92.30000000000001,0.0,0.0,0.0,92.30000000000001,False,False,False,True,highs,2025-05-15_12:00_16:00,4.0,pay_as_bid,1597.12,1597.12,1597.12,1597.12,10.0,2.5,3992.7999999999997,151.9024117647059,0.0,3840.897588235294,2.5,2.5,45.13156757769581,92.30000000000001,-3900.4999999999995,2.1725,0.0,2.1725,0.0,0.0,2.1725,326.36129378711354,0.0,326.36129378711354
2025-05-15 15:15:00+02:00,plant_1,2.1725,-6.62,-13.32,32.93,26.31,19.61,4.620000000000001,74.7,0.0,DE_DA_price,DE_ID3_price,natural_gas_price,,87.88235294117648,83.54096470588236,2.5,2.1725,5.979930286265154,0.0,0.0,2.5,0.0,0.0,0.0,0.0,2.5,0.0,0.0,0.0,2.5,10.0,2.5,-28.31,108.096,83.54096470588236,111.85096470588236,78.92096470588235,-70.77499999999999,197.30241176470588,279.6274117647059,197.30241176470588,2.5,0.0,2.5,0.0,False,0.0,-70.77499999999999,82.325,11.550000000000011,0.0,0.0,0.0,11.550000000000011,False,False,False,True,highs,2025-05-15_12:00_16:00,4.0,pay_as_bid,1597.12,1597.12,1597.12,1597.12,10.0,2.5,3992.7999999999997,151.9024117647059,0.0,3840.897588235294,2.5,2.5,44.91843848340291,11.550000000000011,-3981.2499999999995,2.1725,0.0,2.1725,0.0,0.0,2.1725,325.58182950564424,0.0,325.58182950564424
2025-05-15 15:30:00+02:00,plant_1,2.1725,-6.62,-0.43,32.93,26.31,32.5,36.67,74.7,0.0,DE_DA_price,DE_ID3_price,natural_gas_price,,87.88235294117648,83.54096470588236,2.5,2.1725,6.188744582044103,0.0,0.0,2.5,0.0,0.0,0.0,0.0,2.5,0.0,0.0,0.0,2.5,10.0,2.5,3.74,23.786,83.54096470588236,79.80096470588236,46.87096470588236,9.350000000000001,117.1774117647059,199.50241176470593,117.1774117647059,2.5,0.0,2.5,0.0,False,0.0,9.350000000000001,82.325,91.67500000000001,0.0,0.0,0.0,91.67500000000001,False,False,False,True,highs,2025-05-15_12:00_16:00,4.0,pay_as_bid,1597.12,1597.12,1597.12,1597.12,10.0,2.5,3992.7999999999997,151.9024117647059,0.0,3840.897588235294,2.5,2.5,44.70536267138357,91.67500000000001,-3901.1249999999995,2.1725,0.0,2.1725,0.0,0.0,2.1725,324.88049614028193,0.0,324.88049614028193
2025-05-15 15:45:00+02:00,plant_1,2.1725,-6.62,50.95,32.93,26.31,83.88,36.18,74.7,0.0,DE_DA_price,DE_ID3_price,natural_gas_price,,87.88235294117648,83.54096470588236,2.5,2.1725,6.397506674249108,0.0,0.0,2.5,0.0,0.0,0.0,0.0,2.5,0.0,0.0,0.0,2.5,10.0,2.5,3.25,57.606,83.54096470588236,80.29096470588236,47.36096470588236,8.125,118.4024117647059,200.7274117647059,118.4024117647059,2.5,0.0,2.5,0.0,False,0.0,8.125,82.325,90.45,0.0,0.0,0.0,90.45,False,False,False,True,highs,2025-05-15_12:00_16:00,4.0,pay_as_bid,1597.12,1597.12,1597.12,1597.12,10.0,2.5,3992.7999999999997,151.9024117647059,0.0,3840.897588235294,2.5,2.5,44.49234012831724,90.45,-3902.35,2.1725,0.0,2.1725,0.0,0.0,2.1725,329.34858111369493,0.0,329.34858111369493
2025-05-15 16:00:00+02:00,plant_1,2.135,-0.6,20.09,32.93,32.33,53.019999999999996,38.47,74.7,0.0,DE_DA_price,DE_ID3_price,natural_gas_price,,87.88235294117648,83.54096470588236,2.5,2.135,6.644876369745495,0.0,0.0,2.5,2.5,0.0,0.0,2.5,2.5,-1.5,0.0,0.0,0.0,0.0,0.0,5.54,27.173,83.54096470588236,78.00096470588235,45.07096470588236,0.0,0.0,0.0,0.0,0.0,0.0,0.0,0.0,False,0.0,-1.5,82.325,80.825,0.0,0.0,0.0,80.825,False,False,False,False,highs,2025-05-15_16:00_20:00,4.0,pay_as_bid,290.0,290.0,290.0,290.0,0.0,0.0,0.0,0.0,0.0,0.0,0.0,0.0,44.23992207168827,80.825,80.825,0.0,2.135,0.0,2.135,0.0,2.135,334.7754552551499,0.0,334.7754552551499
2025-05-15 16:15:00+02:00,plant_1,2.135,-0.6,62.53,32.93,32.33,95.46000000000001,37.94,74.7,0.0,DE_DA_price,DE_ID3_price,natural_gas_price,,87.88235294117648,83.54096470588236,2.5,2.135,6.892184222818007,0.0,0.0,2.5,2.5,0.0,2.5,0.0,2.5,-1.5,0.0,156.325,2.5,10.0,2.5,5.01,41.817,83.54096470588236,78.53096470588235,45.60096470588236,12.524999999999999,114.0024117647059,196.3274117647059,114.0024117647059,0.0,2.5,0.0,2.5,False,0.0,-145.29999999999998,82.325,-62.97499999999998,0.0,0.0,0.0,-62.97499999999998,False,False,False,True,highs,2025-05-15_16:00_20:00,4.0,pay_as_bid,290.0,290.0,290.0,290.0,0.0,0.0,0.0,0.0,0.0,0.0,0.0,2.5,43.98756711957346,-62.97499999999998,-62.97499999999998,0.0,2.135,1.8935603749999999,0.241439625,0.0,2.135,336.95324051454804,0.0,336.95324051454804
2025-05-15 16:30:00+02:00,plant_1,2.135,-0.6,93.18,32.93,32.33,126.11000000000001,43.730000000000004,74.7,0.0,DE_DA_price,DE_ID3_price,natural_gas_price,,87.88235294117648,83.54096470588236,2.5,2.135,7.139430248927251,0.0,0.0,2.5,2.5,0.0,2.5,0.0,2.5,-1.5,0.0,232.95000000000002,2.5,10.0,2.5,10.8,7.013,83.54096470588236,72.74096470588236,39.810964705882355,27.0,99.52741176470589,181.8524117647059,99.52741176470589,0.0,2.5,0.0,2.5,False,0.0,-207.45000000000002,82.325,-125.12500000000001,0.0,0.0,0.0,-125.12500000000001,False,False,False,True,highs,2025-05-15_16:00_20:00,4.0,pay_as_bid,290.0,290.0,290.0,290.0,0.0,0.0,0.0,0.0,0.0,0.0,0.0,2.5,43.73527525619668,-125.12500000000001,-125.12500000000001,0.0,2.135,2.135,0.0,0.0,2.135,337.7084717060329,0.0,337.7084717060329
2025-05-15 16:45:00+02:00,plant_1,2.135,-0.6,105.46,32.93,32.33,138.39,55.53,74.7,0.0,DE_DA_price,DE_ID3_price,natural_gas_price,,87.88235294117648,83.54096470588236,1.008,2.135,5.924454463529967,0.0,0.0,1.008,2.5,0.0,2.5,0.0,1.008,-1.5,0.0,263.65,2.5,10.0,1.008,22.6,1.008,83.54096470588236,60.94096470588236,28.01096470588236,22.780800000000003,28.235052423529417,61.42849242352942,28.235052423529417,0.0,2.5,0.0,1.008,False,0.0,-242.36919999999998,33.19344,-209.17575999999997,0.0,0.0,0.0,-209.17575999999997,False,False,False,True,highs,2025-05-15_16:00_20:00,4.0,pay_as_bid,290.0,290.0,290.0,290.0,0.0,0.0,0.0,0.0,0.0,0.0,0.0,2.5,44.975046465785745,-209.17575999999997,-209.17575999999997,0.0,2.135,2.135,0.0,0.0,2.135,137.72072942135557,0.0,137.72072942135557
2025-05-15 17:00:00+02:00,plant_1,2.1,3.83,97.53,32.93,36.76,130.46,32.93,74.7,0.0,DE_DA_price,DE_ID3_price,natural_gas_price,,87.88235294117648,83.54096470588236,0.0,2.1,3.7580248963058374,0.0,0.0,0.0,2.5,0.0,2.5,0.0,0.0,9.575,0.0,243.825,0.0,0.0,0.0,0.0,0.0,83.54096470588236,83.54096470588236,50.61096470588236,0.0,0.0,0.0,0.0,0.0,0.0,0.0,0.0,False,0.0,-234.25,0.0,-234.25,0.0,0.0,0.0,-234.25,False,False,False,False,highs,2025-05-15_16:00_20:00,4.0,pay_as_bid,290.0,290.0,290.0,290.0,0.0,0.0,0.0,0.0,0.0,0.0,0.0,2.5,47.18568888132057,-234.25,-234.25,0.0,2.1,2.1,0.0,0.0,2.1,0.0,0.0,0.0
2025-05-15 17:15:00+02:00,plant_1,2.1,3.83,118.24,32.93,36.76,151.17,42.93,74.7,0.0,DE_DA_price,DE_ID3_price,natural_gas_price,,87.88235294117648,83.54096470588236,0.866,2.1,2.4408169364735133,0.0,0.0,0.866,2.5,0.0,2.5,0.0,0.866,9.575,0.0,295.59999999999997,2.5,10.0,0.866,10.0,0.866,83.54096470588236,73.54096470588236,40.61096470588236,8.66,35.169095435294125,63.68647543529412,35.169095435294125,0.0,2.5,0.0,0.866,False,0.0,-277.36499999999995,28.51738,-248.84761999999995,0.0,0.0,0.0,-248.84761999999995,False,False,False,True,highs,2025-05-15_16:00_20:00,4.0,pay_as_bid,290.0,290.0,290.0,290.0,0.0,0.0,0.0,0.0,0.0,0.0,0.0,2.5,48.52977863625152,-248.84761999999995,-248.84761999999995,0.0,2.1,2.1,0.0,0.0,2.1,122.38405607404096,0.0,122.38405607404096
2025-05-15 17:30:00+02:00,plant_1,2.1,3.83,120.35,32.93,36.76,153.28,45.9,74.7,0.0,DE_DA_price,DE_ID3_price,natural_gas_price,,87.88235294117648,83.54096470588236,2.5,2.1,2.7252582786311472,0.0,0.0,2.5,2.5,0.0,2.5,0.0,2.5,9.575,0.0,300.875,2.5,10.0,2.5,12.97,5.073,83.54096470588236,70.57096470588236,37.64096470588236,32.425000000000004,94.1024117647059,176.4274117647059,94.1024117647059,0.0,2.5,0.0,2.5,False,0.0,-258.875,82.325,-176.55,0.0,0.0,0.0,-176.55,False,False,False,True,highs,2025-05-15_16:00_20:00,4.0,pay_as_bid,290.0,290.0,290.0,290.0,0.0,0.0,0.0,0.0,0.0,0.0,0.0,2.5,48.23953236874373,-176.55,-176.55,0.0,2.1,2.1,0.0,0.0,2.1,370.15129025286365,0.0,370.15129025286365
2025-05-15 17:45:00+02:00,plant_1,2.1,3.83,142.78,32.93,36.76,175.71,25.82,74.7,0.0,DE_DA_price,DE_ID3_price,natural_gas_price,,87.88235294117648,83.54096470588236,2.5,2.1,3.009628510453242,0.0,0.0,2.5,2.5,0.0,2.5,0.0,2.5,9.575,0.0,356.95,2.5,10.0,2.5,-7.11,77.395,83.54096470588236,90.65096470588236,57.72096470588236,-17.775000000000002,144.3024117647059,226.6274117647059,144.3024117647059,0.0,2.5,0.0,2.5,False,0.0,-365.15,82.325,-282.825,0.0,0.0,0.0,-282.825,False,False,False,True,highs,2025-05-15_16:00_20:00,4.0,pay_as_bid,290.0,290.0,290.0,290.0,0.0,0.0,0.0,0.0,0.0,0.0,0.0,2.5,47.949358662802815,-282.825,-282.825,0.0,2.1,2.1,0.0,0.0,2.1,391.3090335162002,0.0,391.3090335162002
2025-05-15 18:00:00+02:00,plant_1,2.1,76.11,116.7,32.93,109.03999999999999,149.63,73.58,74.7,0.0,DE_DA_price,DE_ID3_price,natural_gas_price,,87.88235294117648,83.54096470588236,2.5,2.1,3.2939276497173813,0.0,0.0,2.5,0.0,0.0,0.0,0.0,2.5,0.0,0.0,0.0,2.5,10.0,2.5,40.65,8.244,83.54096470588236,42.89096470588236,9.960964705882361,101.625,24.902411764705903,107.2274117647059,24.902411764705903,0.0,2.5,0.0,2.5,False,0.0,101.625,82.325,183.95,0.0,0.0,0.0,183.95,False,False,False,True,highs,2025-05-15_16:00_20:00,4.0,pay_as_bid,290.0,290.0,290.0,290.0,0.0,0.0,0.0,0.0,0.0,0.0,0.0,2.5,47.65925750028838,183.95,183.95,0.030259710728069322,2.0697402892719308,2.1,0.0,0.0,2.1,433.82160956857894,0.0,433.82160956857894
2025-05-15 18:15:00+02:00,plant_1,2.1,76.11,125.28,32.93,109.03999999999999,158.21,107.87,74.7,0.0,DE_DA_price,DE_ID3_price,natural_gas_price,,87.88235294117648,83.54096470588236,0.0,2.1,1.1281557141967045,0.0,0.0,0.0,0.0,0.0,0.0,0.0,0.0,0.0,0.0,0.0,0.0,0.0,0.0,74.94,1.102,83.54096470588236,8.600964705882362,-24.329035294117645,0.0,0.0,0.0,0.0,0.0,0.0,0.0,0.0,False,0.0,0.0,0.0,0.0,0.0,0.0,0.0,0.0,False,False,False,False,highs,2025-05-15_16:00_20:00,4.0,pay_as_bid,290.0,290.0,290.0,290.0,0.0,0.0,0.0,0.0,0.0,0.0,0.0,2.5,49.86922886306459,0.0,0.0,2.1,0.0,2.1,0.0,0.0,2.1,0.0,0.0,0.0
2025-05-15 18:30:00+02:00,plant_1,2.1,76.11,151.19,32.93,109.03999999999999,184.12,111.25,74.7,0.0,DE_DA_price,DE_ID3_price,natural_gas_price,,87.88235294117648,83.54096470588236,0.0,1.0940374650101106,0.0,1.0059625349898895,1.183485335282223,0.0,0.0,0.0,0.0,0.0,0.0,0.0,0.0,0.0,0.0,0.0,0.0,78.32,0.769,83.54096470588236,5.220964705882366,-27.70903529411764,0.0,0.0,0.0,0.0,0.0,0.0,0.0,0.0,False,0.0,0.0,0.0,0.0,0.0,88.40635454558206,0.0,88.40635454558206,False,False,False,False,highs,2025-05-15_16:00_20:00,4.0,pay_as_bid,290.0,290.0,290.0,290.0,0.0,0.0,0.0,0.0,0.0,0.0,0.0,2.5,51.02040816326531,88.40635454558206,88.40635454558206,2.1,0.0,2.1,0.0,1.0059625349898895,1.0940374650101106,0.0,237.8805523917268,237.8805523917268
2025-05-15 18:45:00+02:00,plant_1,2.1,76.11,176.65,32.93,109.03999999999999,209.58,32.93,74.7,0.0,DE_DA_price,DE_ID3_price,natural_gas_price,,87.88235294117648,83.54096470588236,0.0,0.0,0.0,2.1,2.4705882352941178,0.0,0.0,0.0,0.0,0.0,0.0,0.0,0.0,0.0,0.0,0.0,0.0,0.0,0.0,83.54096470588236,83.54096470588236,50.61096470588236,0.0,0.0,0.0,0.0,0.0,0.0,0.0,0.0,False,0.0,0.0,0.0,0.0,0.0,184.5529411764706,0.0,184.5529411764706,False,False,False,False,highs,2025-05-15_16:00_20:00,4.0,pay_as_bid,290.0,290.0,290.0,290.0,0.0,0.0,0.0,0.0,0.0,0.0,0.0,2.5,51.02040816326531,184.5529411764706,184.5529411764706,2.1,0.0,2.1,0.0,2.1,0.0,0.0,496.5882352941177,496.5882352941177
2025-05-15 19:00:00+02:00,plant_1,2.1,108.97,465.2,32.93,141.9,498.13,32.93,74.7,0.0,DE_DA_price,DE_ID3_price,natural_gas_price,,87.88235294117648,83.54096470588236,0.0,0.0,0.0,2.1,2.4705882352941178,0.0,0.0,0.0,0.0,0.0,0.0,0.0,0.0,0.0,0.0,0.0,0.0,0.0,0.0,83.54096470588236,83.54096470588236,50.61096470588236,0.0,0.0,0.0,0.0,0.0,0.0,0.0,0.0,False,0.0,0.0,0.0,0.0,0.0,184.5529411764706,0.0,184.5529411764706,False,False,False,False,highs,2025-05-15_16:00_20:00,4.0,pay_as_bid,290.0,290.0,290.0,290.0,0.0,0.0,0.0,0.0,0.0,0.0,0.0,2.5,51.02040816326531,184.5529411764706,184.5529411764706,2.1,0.0,2.1,0.0,2.1,0.0,0.0,496.5882352941177,496.5882352941177
2025-05-15 19:15:00+02:00,plant_1,2.1,108.97,158.45,32.93,141.9,191.38,32.93,74.7,0.0,DE_DA_price,DE_ID3_price,natural_gas_price,,87.88235294117648,83.54096470588236,0.0,0.0,0.0,2.1,2.4705882352941178,0.0,0.0,0.0,0.0,0.0,0.0,0.0,0.0,0.0,0.0,0.0,0.0,0.0,0.0,83.54096470588236,83.54096470588236,50.61096470588236,0.0,0.0,0.0,0.0,0.0,0.0,0.0,0.0,False,0.0,0.0,0.0,0.0,0.0,184.5529411764706,0.0,184.5529411764706,False,False,False,False,highs,2025-05-15_16:00_20:00,4.0,pay_as_bid,290.0,290.0,290.0,290.0,0.0,0.0,0.0,0.0,0.0,0.0,0.0,2.5,51.02040816326531,184.5529411764706,184.5529411764706,2.1,0.0,2.1,0.0,2.1,0.0,0.0,496.5882352941177,496.5882352941177
2025-05-15 19:30:00+02:00,plant_1,2.1,108.97,137.31,32.93,141.9,170.24,32.93,74.7,0.0,DE_DA_price,DE_ID3_price,natural_gas_price,,87.88235294117648,83.54096470588236,0.0,0.0,0.0,2.1,2.4705882352941178,0.0,0.0,0.0,0.0,0.0,0.0,0.0,0.0,0.0,0.0,0.0,0.0,0.0,0.0,83.54096470588236,83.54096470588236,50.61096470588236,0.0,0.0,0.0,0.0,0.0,0.0,0.0,0.0,False,0.0,0.0,0.0,0.0,0.0,184.5529411764706,0.0,184.5529411764706,False,False,False,False,highs,2025-05-15_16:00_20:00,4.0,pay_as_bid,290.0,290.0,290.0,290.0,0.0,0.0,0.0,0.0,0.0,0.0,0.0,2.5,51.02040816326531,184.5529411764706,184.5529411764706,2.1,0.0,2.1,0.0,2.1,0.0,0.0,496.5882352941177,496.5882352941177
2025-05-15 19:45:00+02:00,plant_1,2.1,108.97,111.1,32.93,141.9,144.03,32.93,74.7,0.0,DE_DA_price,DE_ID3_price,natural_gas_price,,87.88235294117648,83.54096470588236,0.0,0.0,0.0,2.1,2.4705882352941178,0.0,0.0,0.0,0.0,0.0,0.0,0.0,0.0,0.0,0.0,0.0,0.0,0.0,0.0,83.54096470588236,83.54096470588236,50.61096470588236,0.0,0.0,0.0,0.0,0.0,0.0,0.0,0.0,False,0.0,0.0,0.0,0.0,0.0,184.5529411764706,0.0,184.5529411764706,False,False,False,False,highs,2025-05-15_16:00_20:00,4.0,pay_as_bid,290.0,290.0,290.0,290.0,0.0,0.0,0.0,0.0,0.0,0.0,0.0,2.5,51.02040816326531,184.5529411764706,184.5529411764706,2.1,0.0,2.1,0.0,2.1,0.0,0.0,496.5882352941177,496.5882352941177
2025-05-15 20:00:00+02:00,plant_1,2.1,130.74,143.07,32.93,163.67000000000002,176.0,162.03,74.7,0.0,DE_DA_price,DE_ID3_price,natural_gas_price,,87.88235294117648,83.54096470588236,0.0,0.0,0.0,2.1,2.4705882352941178,0.0,0.0,0.0,0.0,0.0,0.0,0.0,0.0,0.0,0.0,0.0,0.0,129.1,0.05,83.54096470588236,-45.559035294117635,-78.48903529411764,0.0,0.0,0.0,0.0,0.0,0.0,0.0,0.0,False,0.0,0.0,0.0,0.0,0.0,184.5529411764706,0.0,184.5529411764706,False,False,False,False,highs,2025-05-15_20:00_00:00,4.0,pay_as_bid,4.6,4.6,4.6,4.6,0.0,0.0,0.0,0.0,0.0,0.0,0.0,2.5,51.02040816326531,184.5529411764706,184.5529411764706,2.1,0.0,2.1,0.0,2.1,0.0,0.0,496.5882352941177,496.5882352941177
2025-05-15 20:15:00+02:00,plant_1,2.1,130.74,132.37,32.93,163.67000000000002,165.3,32.93,74.7,0.0,DE_DA_price,DE_ID3_price,natural_gas_price,,87.88235294117648,83.54096470588236,0.0,0.0,0.0,2.1,2.4705882352941178,0.0,0.0,0.0,0.0,0.0,0.0,0.0,0.0,0.0,0.0,0.0,0.0,0.0,0.0,83.54096470588236,83.54096470588236,50.61096470588236,0.0,0.0,0.0,0.0,0.0,0.0,0.0,0.0,False,0.0,0.0,0.0,0.0,0.0,184.5529411764706,0.0,184.5529411764706,False,False,False,False,highs,2025-05-15_20:00_00:00,4.0,pay_as_bid,4.6,4.6,4.6,4.6,0.0,0.0,0.0,0.0,0.0,0.0,0.0,2.5,51.02040816326531,184.5529411764706,184.5529411764706,2.1,0.0,2.1,0.0,2.1,0.0,0.0,496.5882352941177,496.5882352941177
2025-05-15 20:30:00+02:00,plant_1,2.1,130.74,114.65,32.93,163.67000000000002,147.58,70.06,74.7,0.0,DE_DA_price,DE_ID3_price,natural_gas_price,,87.88235294117648,83.54096470588236,2.5,2.1,0.28505154639175245,0.0,0.0,2.5,0.0,0.0,0.0,0.0,2.5,0.0,0.0,0.0,2.5,10.0,2.5,37.13,4.311,83.54096470588236,46.41096470588236,13.480964705882357,92.825,33.70241176470589,116.02741176470589,33.70241176470589,0.0,2.5,0.0,2.5,False,0.0,92.825,82.325,175.15,0.0,0.0,0.0,175.15,False,False,False,True,highs,2025-05-15_20:00_00:00,4.0,pay_as_bid,4.6,4.6,4.6,4.6,0.0,0.0,0.0,0.0,0.0,0.0,0.0,2.5,50.72953923837576,175.15,175.15,2.1,0.0,2.1,0.0,0.0,2.1,801.9860654211411,0.0,801.9860654211411
2025-05-15 20:45:00+02:00,plant_1,2.1,130.74,100.24,32.93,163.67000000000002,133.17,64.31,74.7,0.0,DE_DA_price,DE_ID3_price,natural_gas_price,,87.88235294117648,83.54096470588236,2.5,2.1,0.5700318298969069,0.0,0.0,2.5,0.0,0.0,0.0,0.0,2.5,0.0,0.0,0.0,2.5,10.0,2.5,31.38,38.688,83.54096470588236,52.160964705882364,19.230964705882357,78.45,48.07741176470589,130.4024117647059,48.07741176470589,0.0,2.5,0.0,2.5,False,0.0,78.45,82.325,160.775,0.0,0.0,0.0,160.775,False,False,False,True,highs,2025-05-15_20:00_00:00,4.0,pay_as_bid,4.6,4.6,4.6,4.6,0.0,0.0,0.0,0.0,0.0,0.0,0.0,2.5,50.43874303071745,160.775,160.775,2.1,0.0,2.1,0.0,0.0,2.1,801.4041200488682,0.0,801.4041200488682
2025-05-15 21:00:00+02:00,plant_1,2.1,125.13,111.22,32.93,158.06,144.15,58.239999999999995,74.7,0.0,DE_DA_price,DE_ID3_price,natural_gas_price,,87.88235294117648,83.54096470588236,2.5,2.1,0.8549408683311852,0.0,0.0,2.5,0.0,0.0,0.0,0.0,2.5,0.0,0.0,0.0,2.5,10.0,2.5,25.31,60.9,83.54096470588236,58.23096470588236,25.300964705882365,63.275,63.25241176470591,145.5774117647059,63.25241176470591,0.0,2.5,0.0,2.5,False,0.0,63.275,82.325,145.6,0.0,0.0,0.0,145.6,False,False,False,True,highs,2025-05-15_20:00_00:00,4.0,pay_as_bid,4.6,4.6,4.6,4.6,0.0,0.0,0.0,0.0,0.0,0.0,0.0,2.5,50.148019522111035,145.6,145.6,2.1,0.0,2.1,0.0,0.0,2.1,813.1238643386187,0.0,813.1238643386187
2025-05-15 21:15:00+02:00,plant_1,2.1,125.13,101.03,32.93,158.06,133.96,54.67,74.7,0.0,DE_DA_price,DE_ID3_price,natural_gas_price,,87.88235294117648,83.54096470588236,2.5,2.1,1.1397786795058549,0.0,0.0,2.5,0.0,0.0,0.0,0.0,2.5,0.0,0.0,0.0,2.5,10.0,2.5,21.74,120.619,83.54096470588236,61.800964705882365,28.870964705882358,54.349999999999994,72.1774117647059,154.50241176470593,72.1774117647059,0.0,2.5,0.0,2.5,False,0.0,54.349999999999994,82.325,136.675,0.0,0.0,0.0,136.675,False,False,False,True,highs,2025-05-15_20:00_00:00,4.0,pay_as_bid,4.6,4.6,4.6,4.6,0.0,0.0,0.0,0.0,0.0,0.0,0.0,2.5,49.85736869438178,136.675,136.675,2.1,0.0,2.1,0.0,0.0,2.1,827.254106523573,0.0,827.254106523573
2025-05-15 21:30:00+02:00,plant_1,2.1,125.13,95.78,32.93,158.06,128.71,64.85,74.7,0.0,DE_DA_price,DE_ID3_price,natural_gas_price,,87.88235294117648,83.54096470588236,2.5,2.1,1.4245452812277308,0.0,0.0,2.5,0.0,0.0,0.0,0.0,2.5,0.0,0.0,0.0,2.5,10.0,2.5,31.92,136.874,83.54096470588236,51.62096470588236,18.690964705882365,79.80000000000001,46.72741176470591,129.05241176470588,46.72741176470591,0.0,2.5,0.0,2.5,False,0.0,79.80000000000001,82.325,162.125,0.0,0.0,0.0,162.125,False,False,False,True,highs,2025-05-15_20:00_00:00,4.0,pay_as_bid,4.6,4.6,4.6,4.6,0.0,0.0,0.0,0.0,0.0,0.0,0.0,2.5,49.56679052935946,162.125,162.125,2.1,0.0,2.1,0.0,0.0,2.1,841.7142717600027,0.0,841.7142717600027
2025-05-15 21:45:00+02:00,plant_1,2.1,125.13,85.17,32.93,158.06,118.1,61.879999999999995,74.7,0.0,DE_DA_price,DE_ID3_price,natural_gas_price,,87.88235294117648,83.54096470588236,2.5,2.1,1.7092406912991764,0.0,0.0,2.5,0.0,0.0,0.0,0.0,2.5,0.0,0.0,0.0,2.5,10.0,2.5,28.95,147.353,83.54096470588236,54.59096470588236,21.660964705882364,72.375,54.15241176470591,136.4774117647059,54.15241176470591,0.0,2.5,0.0,2.5,False,0.0,72.375,82.325,154.7,0.0,0.0,0.0,154.7,False,False,False,True,highs,2025-05-15_20:00_00:00,4.0,pay_as_bid,4.6,4.6,4.6,4.6,0.0,0.0,0.0,0.0,0.0,0.0,0.0,2.5,49.27628500887839,154.7,154.7,2.1,0.0,2.1,0.0,0.0,2.1,860.5476572942082,0.0,860.5476572942082
2025-05-15 22:00:00+02:00,plant_1,2.1,110.49,106.26,32.93,143.42,139.19,65.66,74.7,0.0,DE_DA_price,DE_ID3_price,natural_gas_price,,87.88235294117648,83.54096470588236,2.5,2.1,1.9938649275181042,0.0,0.0,2.5,0.0,0.0,0.0,0.0,2.5,0.0,0.0,0.0,2.5,10.0,2.5,32.73,94.306,83.54096470588236,50.81096470588236,17.880964705882363,81.82499999999999,44.70241176470591,127.0274117647059,44.70241176470591,0.0,2.5,0.0,2.5,False,0.0,81.82499999999999,82.325,164.14999999999998,0.0,0.0,0.0,164.14999999999998,False,False,False,True,highs,2025-05-15_20:00_00:00,4.0,pay_as_bid,4.6,4.6,4.6,4.6,0.0,0.0,0.0,0.0,0.0,0.0,0.0,2.5,48.985852114777444,164.14999999999998,164.14999999999998,2.1,0.0,2.1,0.0,0.0,2.1,847.6645057711721,0.0,847.6645057711721
2025-05-15 22:15:00+02:00,plant_1,2.1,110.49,93.92,32.93,143.42,126.85,73.36,74.7,0.0,DE_DA_price,DE_ID3_price,natural_gas_price,,87.88235294117648,83.54096470588236,2.5,2.1,2.278418007677977,0.0,0.0,2.5,0.0,0.0,0.0,0.0,2.5,0.0,0.0,0.0,2.5,10.0,2.5,40.43,117.262,83.54096470588236,43.11096470588236,10.18096470588236,101.075,25.4524117647059,107.7774117647059,25.4524117647059,0.0,2.5,0.0,2.5,False,0.0,101.075,82.325,183.4,0.0,0.0,0.0,183.4,False,False,False,True,highs,2025-05-15_20:00_00:00,4.0,pay_as_bid,4.6,4.6,4.6,4.6,0.0,0.0,0.0,0.0,0.0,0.0,0.0,2.5,48.695491828900025,183.4,183.4,2.1,0.0,2.1,0.0,0.0,2.1,856.390922914529,0.0,856.390922914529
2025-05-15 22:30:00+02:00,plant_1,2.1,110.49,86.28,32.93,143.42,119.21000000000001,81.42,74.7,0.0,DE_DA_price,DE_ID3_price,natural_gas_price,,87.88235294117648,83.54096470588236,2.5,2.1,2.5628999495678104,0.0,0.0,2.5,0.0,0.0,0.0,0.0,2.5,0.0,0.0,0.0,2.5,10.0,2.5,48.49,65.894,83.54096470588236,35.05096470588236,2.1209647058823577,121.22500000000001,5.302411764705894,87.6274117647059,5.302411764705894,0.0,2.5,0.0,2.5,False,0.0,121.22500000000001,82.325,203.55,0.0,0.0,0.0,203.55,False,False,False,True,highs,2025-05-15_20:00_00:00,4.0,pay_as_bid,4.6,4.6,4.6,4.6,0.0,0.0,0.0,0.0,0.0,0.0,0.0,2.5,48.405204133094074,203.55,203.55,2.1,0.0,2.1,0.0,0.0,2.1,887.8752797680933,0.0,887.8752797680933
2025-05-15 22:45:00+02:00,plant_1,2.1,110.49,82.74,32.93,143.42,115.66999999999999,85.03,74.7,0.0,DE_DA_price,DE_ID3_price,natural_gas_price,,87.88235294117648,83.54096470588236,0.0,2.1,0.3973107709721706,0.0,0.0,0.0,0.0,0.0,0.0,0.0,0.0,0.0,0.0,0.0,0.0,0.0,0.0,52.1,26.175,83.54096470588236,31.440964705882358,-1.4890352941176417,0.0,0.0,0.0,0.0,0.0,0.0,0.0,0.0,False,0.0,0.0,0.0,0.0,0.0,0.0,0.0,0.0,False,False,False,False,highs,2025-05-15_20:00_00:00,4.0,pay_as_bid,4.6,4.6,4.6,4.6,0.0,0.0,0.0,0.0,0.0,0.0,0.0,2.5,50.614989009212074,0.0,0.0,2.1,0.0,2.1,0.0,0.0,2.1,0.0,0.0,0.0
2025-05-15 23:00:00+02:00,plant_1,2.0875,101.0,89.34,32.93,133.93,122.27000000000001,78.78999999999999,74.7,0.0,DE_DA_price,DE_ID3_price,natural_gas_price,,87.88235294117648,83.54096470588236,1.917,2.0875,0.12380958760932415,0.0,0.0,1.917,0.0,0.0,0.0,0.0,1.917,0.0,0.0,0.0,2.5,10.0,1.917,45.86,1.917,83.54096470588236,37.68096470588236,4.750964705882367,87.91362,9.107599341176499,72.23440934117649,9.107599341176499,0.0,2.5,0.0,1.917,False,0.0,87.91362,63.12681,151.04043,0.0,0.0,0.0,151.04043,False,False,False,True,highs,2025-05-15_20:00_00:00,4.0,pay_as_bid,4.6,4.6,4.6,4.6,0.0,0.0,0.0,0.0,0.0,0.0,0.0,2.5,50.89407184937824,151.04043,151.04043,2.0875,0.0,2.0875,0.0,0.0,2.0875,681.1478871164188,0.0,681.1478871164188
2025-05-15 23:15:00+02:00,plant_1,2.0875,101.0,84.93,32.93,133.93,117.86000000000001,83.33,74.7,0.0,DE_DA_price,DE_ID3_price,natural_gas_price,,87.88235294117648,83.54096470588236,0.064,0.18090367615604916,0.0,1.9065963238439507,2.243054498639942,0.064,0.0,0.0,0.0,0.0,0.064,0.0,0.0,0.0,2.5,10.0,0.064,50.4,0.064,83.54096470588236,33.14096470588236,0.21096470588236116,3.2256,0.013501741176471115,2.121021741176471,0.013501741176471115,0.0,2.5,0.0,0.064,False,0.0,3.2256,2.10752,5.33312,0.0,167.55617104840368,0.0,172.8892910484037,False,False,False,True,highs,2025-05-15_20:00_00:00,4.0,pay_as_bid,4.6,4.6,4.6,4.6,0.0,0.0,0.0,0.0,0.0,0.0,0.0,2.5,51.02040816326531,172.8892910484037,172.8892910484037,2.0875,0.0,2.0875,0.0,1.9065963238439507,0.18090367615604916,23.03620130939122,450.8539542266284,473.8901555360196
2025-05-15 23:30:00+02:00,plant_1,2.0875,101.0,84.49,32.93,133.93,117.41999999999999,32.93,74.7,0.0,DE_DA_price,DE_ID3_price,natural_gas_price,,87.88235294117648,83.54096470588236,0.0,0.0,0.0,2.0875,2.4558823529411766,0.0,0.0,0.0,0.0,0.0,0.0,0.0,0.0,0.0,0.0,0.0,0.0,0.0,0.0,83.54096470588236,83.54096470588236,50.61096470588236,0.0,0.0,0.0,0.0,0.0,0.0,0.0,0.0,False,0.0,0.0,0.0,0.0,0.0,183.4544117647059,0.0,183.4544117647059,False,False,False,False,highs,2025-05-15_20:00_00:00,4.0,pay_as_bid,4.6,4.6,4.6,4.6,0.0,0.0,0.0,0.0,0.0,0.0,0.0,2.5,51.02040816326531,183.4544117647059,183.4544117647059,2.0875,0.0,2.0875,0.0,2.0875,0.0,0.0,493.6323529411765,493.6323529411765
2025-05-15 23:45:00+02:00,plant_1,2.0875,101.0,84.78,32.93,133.93,117.71000000000001,80.75,74.7,0.0,DE_DA_price,DE_ID3_price,natural_gas_price,,87.88235294117648,83.54096470588236,0.457,0.4344242,0.0,1.6530757999999999,1.9447950588235292,0.457,0.0,0.0,0.0,0.0,0.457,0.0,0.0,0.0,2.5,10.0,0.457,47.82,0.457,83.54096470588236,35.72096470588236,2.7909647058823595,21.853740000000002,1.2754708705882383,16.32448087058824,1.2754708705882383,0.0,2.5,0.0,0.457,False,0.0,21.853740000000002,15.04901,36.902750000000005,0.0,145.27619089411763,0.0,182.17894089411763,False,False,False,True,highs,2025-05-15_20:00_00:00,4.0,pay_as_bid,4.6,4.6,4.6,4.6,0.0,0.0,0.0,0.0,0.0,0.0,0.0,2.5,51.02040816326531,182.17894089411763,182.17894089411763,2.0875,0.0,2.0875,0.0,1.6530757999999999,0.4344242,162.36488596094077,390.90380682352935,553.2686927844701
2025-05-16 00:00:00+02:00,plant_1,2.0875,94.5,86.34,32.93,127.43,119.27000000000001,84.99000000000001,74.7,0.0,DE_DA_price,DE_ID3_price,natural_gas_price,,87.88235294117648,83.54096470588236,0.0,0.0,0.0,2.0875,2.4558823529411766,0.0,0.0,0.0,0.0,0.0,0.0,0.0,0.0,0.0,0.0,0.0,0.0,52.06,5.439,83.54096470588236,31.480964705882357,-1.4490352941176496,0.0,0.0,0.0,0.0,0.0,0.0,0.0,0.0,False,0.0,0.0,0.0,0.0,0.0,183.4544117647059,0.0,183.4544117647059,False,False,False,False,highs,2025-05-16_00:00_04:00,4.0,pay_as_bid,7.78,7.78,7.78,7.78,0.0,0.0,0.0,0.0,0.0,0.0,0.0,2.5,51.02040816326531,183.4544117647059,183.4544117647059,2.0875,0.0,2.0875,0.0,2.0875,0.0,0.0,493.6323529411765,493.6323529411765
2025-05-16 00:15:00+02:00,plant_1,2.0875,94.5,84.33,32.93,127.43,117.25999999999999,84.14,74.7,0.0,DE_DA_price,DE_ID3_price,natural_gas_price,,87.88235294117648,83.54096470588236,0.0,0.0,0.0,2.0875,2.4558823529411766,0.0,0.0,0.0,0.0,0.0,0.0,0.0,0.0,0.0,0.0,0.0,0.0,51.21,10.162,83.54096470588236,32.33096470588236,-0.5990352941176411,0.0,0.0,0.0,0.0,0.0,0.0,0.0,0.0,False,0.0,0.0,0.0,0.0,0.0,183.4544117647059,0.0,183.4544117647059,False,False,False,False,highs,2025-05-16_00:00_04:00,4.0,pay_as_bid,7.78,7.78,7.78,7.78,0.0,0.0,0.0,0.0,0.0,0.0,0.0,2.5,51.02040816326531,183.4544117647059,183.4544117647059,2.0875,0.0,2.0875,0.0,2.0875,0.0,0.0,493.6323529411765,493.6323529411765
2025-05-16 00:30:00+02:00,plant_1,2.0875,94.5,86.15,32.93,127.43,119.08000000000001,88.88,74.7,0.0,DE_DA_price,DE_ID3_price,natural_gas_price,,87.88235294117648,83.54096470588236,0.0,0.0,0.0,2.0875,2.4558823529411766,0.0,0.0,0.0,0.0,0.0,0.0,0.0,0.0,0.0,0.0,0.0,0.0,55.95,5.36,83.54096470588236,27.590964705882357,-5.339035294117636,0.0,0.0,0.0,0.0,0.0,0.0,0.0,0.0,False,0.0,0.0,0.0,0.0,0.0,183.4544117647059,0.0,183.4544117647059,False,False,False,False,highs,2025-05-16_00:00_04:00,4.0,pay_as_bid,7.78,7.78,7.78,7.78,0.0,0.0,0.0,0.0,0.0,0.0,0.0,2.5,51.02040816326531,183.4544117647059,183.4544117647059,2.0875,0.0,2.0875,0.0,2.0875,0.0,0.0,493.6323529411765,493.6323529411765
2025-05-16 00:45:00+02:00,plant_1,2.0875,94.5,89.73,32.93,127.43,122.66,104.33000000000001,74.7,0.0,DE_DA_price,DE_ID3_price,natural_gas_price,,87.88235294117648,83.54096470588236,0.0,0.0,0.0,2.0875,2.4558823529411766,0.0,0.0,0.0,0.0,0.0,0.0,0.0,0.0,0.0,0.0,0.0,0.0,71.4,0.147,83.54096470588236,12.140964705882354,-20.789035294117653,0.0,0.0,0.0,0.0,0.0,0.0,0.0,0.0,False,0.0,0.0,0.0,0.0,0.0,183.4544117647059,0.0,183.4544117647059,False,False,False,False,highs,2025-05-16_00:00_04:00,4.0,pay_as_bid,7.78,7.78,7.78,7.78,0.0,0.0,0.0,0.0,0.0,0.0,0.0,2.5,51.02040816326531,183.4544117647059,183.4544117647059,2.0875,0.0,2.0875,0.0,2.0875,0.0,0.0,493.6323529411765,493.6323529411765
2025-05-16 01:00:00+02:00,plant_1,2.0875,88.47,90.02,32.93,121.4,122.94999999999999,32.93,74.7,0.0,DE_DA_price,DE_ID3_price,natural_gas_price,,87.88235294117648,83.54096470588236,0.0,0.0,0.0,2.0875,2.4558823529411766,0.0,0.0,0.0,0.0,0.0,0.0,0.0,0.0,0.0,0.0,0.0,0.0,0.0,0.0,83.54096470588236,83.54096470588236,50.61096470588236,0.0,0.0,0.0,0.0,0.0,0.0,0.0,0.0,False,0.0,0.0,0.0,0.0,0.0,183.4544117647059,0.0,183.4544117647059,False,False,False,False,highs,2025-05-16_00:00_04:00,4.0,pay_as_bid,7.78,7.78,7.78,7.78,0.0,0.0,0.0,0.0,0.0,0.0,0.0,2.5,51.02040816326531,183.4544117647059,183.4544117647059,2.0875,0.0,2.0875,0.0,2.0875,0.0,0.0,493.6323529411765,493.6323529411765
2025-05-16 01:15:00+02:00,plant_1,2.0875,88.47,94.85,32.93,121.4,127.78,32.93,74.7,0.0,DE_DA_price,DE_ID3_price,natural_gas_price,,87.88235294117648,83.54096470588236,0.0,0.0,0.0,2.0875,2.4558823529411766,0.0,0.0,0.0,0.0,0.0,0.0,0.0,0.0,0.0,0.0,0.0,0.0,0.0,0.0,83.54096470588236,83.54096470588236,50.61096470588236,0.0,0.0,0.0,0.0,0.0,0.0,0.0,0.0,False,0.0,0.0,0.0,0.0,0.0,183.4544117647059,0.0,183.4544117647059,False,False,False,False,highs,2025-05-16_00:00_04:00,4.0,pay_as_bid,7.78,7.78,7.78,7.78,0.0,0.0,0.0,0.0,0.0,0.0,0.0,2.5,51.02040816326531,183.4544117647059,183.4544117647059,2.0875,0.0,2.0875,0.0,2.0875,0.0,0.0,493.6323529411765,493.6323529411765
2025-05-16 01:30:00+02:00,plant_1,2.0875,88.47,101.55,32.93,121.4,134.48,32.93,74.7,0.0,DE_DA_price,DE_ID3_price,natural_gas_price,,87.88235294117648,83.54096470588236,0.0,0.0,0.0,2.0875,2.4558823529411766,0.0,0.0,0.0,0.0,0.0,0.0,0.0,0.0,0.0,0.0,0.0,0.0,0.0,0.0,83.54096470588236,83.54096470588236,50.61096470588236,0.0,0.0,0.0,0.0,0.0,0.0,0.0,0.0,False,0.0,0.0,0.0,0.0,0.0,183.4544117647059,0.0,183.4544117647059,False,False,False,False,highs,2025-05-16_00:00_04:00,4.0,pay_as_bid,7.78,7.78,7.78,7.78,0.0,0.0,0.0,0.0,0.0,0.0,0.0,2.5,51.02040816326531,183.4544117647059,183.4544117647059,2.0875,0.0,2.0875,0.0,2.0875,0.0,0.0,493.6323529411765,493.6323529411765
2025-05-16 01:45:00+02:00,plant_1,2.0875,88.47,102.05,32.93,121.4,134.98,32.93,74.7,0.0,DE_DA_price,DE_ID3_price,natural_gas_price,,87.88235294117648,83.54096470588236,0.0,0.0,0.0,2.0875,2.4558823529411766,0.0,0.0,0.0,0.0,0.0,0.0,0.0,0.0,0.0,0.0,0.0,0.0,0.0,0.0,83.54096470588236,83.54096470588236,50.61096470588236,0.0,0.0,0.0,0.0,0.0,0.0,0.0,0.0,False,0.0,0.0,0.0,0.0,0.0,183.4544117647059,0.0,183.4544117647059,False,False,False,False,highs,2025-05-16_00:00_04:00,4.0,pay_as_bid,7.78,7.78,7.78,7.78,0.0,0.0,0.0,0.0,0.0,0.0,0.0,2.5,51.02040816326531,183.4544117647059,183.4544117647059,2.0875,0.0,2.0875,0.0,2.0875,0.0,0.0,493.6323529411765,493.6323529411765
2025-05-16 02:00:00+02:00,plant_1,2.0875,84.91,90.15,32.93,117.84,123.08000000000001,32.93,74.7,0.0,DE_DA_price,DE_ID3_price,natural_gas_price,,87.88235294117648,83.54096470588236,0.0,0.0,0.0,2.0875,2.4558823529411766,0.0,0.0,0.0,0.0,0.0,0.0,0.0,0.0,0.0,0.0,0.0,0.0,0.0,0.0,83.54096470588236,83.54096470588236,50.61096470588236,0.0,0.0,0.0,0.0,0.0,0.0,0.0,0.0,False,0.0,0.0,0.0,0.0,0.0,183.4544117647059,0.0,183.4544117647059,False,False,False,False,highs,2025-05-16_00:00_04:00,4.0,pay_as_bid,7.78,7.78,7.78,7.78,0.0,0.0,0.0,0.0,0.0,0.0,0.0,2.5,51.02040816326531,183.4544117647059,183.4544117647059,2.0875,0.0,2.0875,0.0,2.0875,0.0,0.0,493.6323529411765,493.6323529411765
2025-05-16 02:15:00+02:00,plant_1,2.0875,84.91,94.34,32.93,117.84,127.27000000000001,100.66999999999999,74.7,0.0,DE_DA_price,DE_ID3_price,natural_gas_price,,87.88235294117648,83.54096470588236,0.0,0.0,0.0,2.0875,2.4558823529411766,0.0,0.0,0.0,0.0,0.0,0.0,0.0,0.0,0.0,0.0,0.0,0.0,67.74,0.072,83.54096470588236,15.800964705882365,-17.129035294117628,0.0,0.0,0.0,0.0,0.0,0.0,0.0,0.0,False,0.0,0.0,0.0,0.0,0.0,183.4544117647059,0.0,183.4544117647059,False,False,False,False,highs,2025-05-16_00:00_04:00,4.0,pay_as_bid,7.78,7.78,7.78,7.78,0.0,0.0,0.0,0.0,0.0,0.0,0.0,2.5,51.02040816326531,183.4544117647059,183.4544117647059,2.0875,0.0,2.0875,0.0,2.0875,0.0,0.0,493.6323529411765,493.6323529411765
2025-05-16 02:30:00+02:00,plant_1,2.0875,84.91,98.71,32.93,117.84,131.64,114.72999999999999,74.7,0.0,DE_DA_price,DE_ID3_price,natural_gas_price,,87.88235294117648,83.54096470588236,0.0,0.0,0.0,2.0875,2.4558823529411766,0.0,0.0,0.0,0.0,0.0,0.0,0.0,0.0,0.0,0.0,0.0,0.0,81.8,0.011,83.54096470588236,1.7409647058823623,-31.18903529411763,0.0,0.0,0.0,0.0,0.0,0.0,0.0,0.0,False,0.0,0.0,0.0,0.0,0.0,183.4544117647059,0.0,183.4544117647059,False,False,False,False,highs,2025-05-16_00:00_04:00,4.0,pay_as_bid,7.78,7.78,7.78,7.78,0.0,0.0,0.0,0.0,0.0,0.0,0.0,2.5,51.02040816326531,183.4544117647059,183.4544117647059,2.0875,0.0,2.0875,0.0,2.0875,0.0,0.0,493.6323529411765,493.6323529411765
2025-05-16 02:45:00+02:00,plant_1,2.0875,84.91,103.01,32.93,117.84,135.94,110.00999999999999,74.7,0.0,DE_DA_price,DE_ID3_price,natural_gas_price,,87.88235294117648,83.54096470588236,0.0,0.0,0.0,2.0875,2.4558823529411766,0.0,0.0,0.0,0.0,0.0,0.0,0.0,0.0,0.0,0.0,0.0,0.0,77.08,0.0,83.54096470588236,6.460964705882361,-26.46903529411763,0.0,0.0,0.0,0.0,0.0,0.0,0.0,0.0,False,0.0,0.0,0.0,0.0,0.0,183.4544117647059,0.0,183.4544117647059,False,False,False,False,highs,2025-05-16_00:00_04:00,4.0,pay_as_bid,7.78,7.78,7.78,7.78,0.0,0.0,0.0,0.0,0.0,0.0,0.0,2.5,51.02040816326531,183.4544117647059,183.4544117647059,2.0875,0.0,2.0875,0.0,2.0875,0.0,0.0,493.6323529411765,493.6323529411765
2025-05-16 03:00:00+02:00,plant_1,2.0875,85.0,97.12,32.93,117.93,130.05,32.93,74.7,0.0,DE_DA_price,DE_ID3_price,natural_gas_price,,87.88235294117648,83.54096470588236,0.0,0.0,0.0,2.0875,2.4558823529411766,0.0,0.0,0.0,0.0,0.0,0.0,0.0,0.0,0.0,0.0,0.0,0.0,0.0,0.0,83.54096470588236,83.54096470588236,50.61096470588236,0.0,0.0,0.0,0.0,0.0,0.0,0.0,0.0,False,0.0,0.0,0.0,0.0,0.0,183.4544117647059,0.0,183.4544117647059,False,False,False,False,highs,2025-05-16_00:00_04:00,4.0,pay_as_bid,7.78,7.78,7.78,7.78,0.0,0.0,0.0,0.0,0.0,0.0,0.0,2.5,51.02040816326531,183.4544117647059,183.4544117647059,2.0875,0.0,2.0875,0.0,2.0875,0.0,0.0,493.6323529411765,493.6323529411765
2025-05-16 03:15:00+02:00,plant_1,2.0875,85.0,100.8,32.93,117.93,133.73,82.74000000000001,74.7,0.0,DE_DA_price,DE_ID3_price,natural_gas_price,,87.88235294117648,83.54096470588236,2.5,2.0875,0.29793814432989674,0.0,0.0,2.5,0.0,0.0,0.0,0.0,2.5,0.0,0.0,0.0,2.5,10.0,2.5,49.81,2.577,83.54096470588236,33.73096470588236,0.8009647058823504,124.525,2.002411764705876,84.32741176470589,2.002411764705876,0.0,2.5,0.0,2.5,False,0.0,124.525,82.325,206.85000000000002,0.0,0.0,0.0,206.85000000000002,False,False,False,True,highs,2025-05-16_00:00_04:00,4.0,pay_as_bid,7.78,7.78,7.78,7.78,0.0,0.0,0.0,0.0,0.0,0.0,0.0,2.5,50.71638964864296,206.85000000000002,206.85000000000002,2.0875,0.0,2.0875,0.0,0.0,2.0875,939.47832025,0.0,939.47832025
2025-05-16 03:30:00+02:00,plant_1,2.0875,85.0,104.61,32.93,117.93,137.54,90.74000000000001,74.7,0.0,DE_DA_price,DE_ID3_price,natural_gas_price,,87.88235294117648,83.54096470588236,0.0,0.2889277499999998,0.0,1.79857225,2.1159673529411767,0.0,0.0,0.0,0.0,0.0,0.0,0.0,0.0,0.0,0.0,0.0,0.0,57.81,10.229,83.54096470588236,25.730964705882357,-7.19903529411765,0.0,0.0,0.0,0.0,0.0,0.0,0.0,0.0,False,0.0,0.0,0.0,0.0,0.0,158.0627612647059,0.0,158.0627612647059,False,False,False,False,highs,2025-05-16_00:00_04:00,4.0,pay_as_bid,7.78,7.78,7.78,7.78,0.0,0.0,0.0,0.0,0.0,0.0,0.0,2.5,51.02040816326531,158.0627612647059,158.0627612647059,2.0875,0.0,2.0875,0.0,1.79857225,0.2889277499999998,0.0,425.3094379411765,425.3094379411765
2025-05-16 03:45:00+02:00,plant_1,2.0875,85.0,105.74,32.93,117.93,138.67,89.97999999999999,74.7,0.0,DE_DA_price,DE_ID3_price,natural_gas_price,,87.88235294117648,83.54096470588236,0.0,0.0,0.0,2.0875,2.4558823529411766,0.0,0.0,0.0,0.0,0.0,0.0,0.0,0.0,0.0,0.0,0.0,0.0,57.05,16.687,83.54096470588236,26.490964705882362,-6.43903529411763,0.0,0.0,0.0,0.0,0.0,0.0,0.0,0.0,False,0.0,0.0,0.0,0.0,0.0,183.4544117647059,0.0,183.4544117647059,False,False,False,False,highs,2025-05-16_00:00_04:00,4.0,pay_as_bid,7.78,7.78,7.78,7.78,0.0,0.0,0.0,0.0,0.0,0.0,0.0,2.5,51.02040816326531,183.4544117647059,183.4544117647059,2.0875,0.0,2.0875,0.0,2.0875,0.0,0.0,493.6323529411765,493.6323529411765
2025-05-16 04:00:00+02:00,plant_1,2.0875,88.76,98.76,32.93,121.69,131.69,78.59,74.7,0.0,DE_DA_price,DE_ID3_price,natural_gas_price,,87.88235294117648,83.54096470588236,2.5,2.0875,0.29793814432989674,0.0,0.0,2.5,0.0,0.0,0.0,0.0,2.5,0.0,0.0,0.0,2.5,10.0,2.5,45.66,35.972,83.54096470588236,37.88096470588236,4.950964705882356,114.14999999999999,12.37741176470589,94.70241176470591,12.37741176470589,0.0,2.5,0.0,2.5,False,0.0,114.14999999999999,82.325,196.475,0.0,0.0,0.0,196.475,False,False,False,True,highs,2025-05-16_04:00_08:00,4.0,pay_as_bid,4.83,4.83,4.83,4.83,0.0,0.0,0.0,0.0,0.0,0.0,0.0,2.5,50.71638964864296,196.475,196.475,2.0875,0.0,2.0875,0.0,0.0,2.0875,936.5731026326013,0.0,936.5731026326013
2025-05-16 04:15:00+02:00,plant_1,2.0875,88.76,109.4,32.93,121.69,142.33,103.50999999999999,74.7,0.0,DE_DA_price,DE_ID3_price,natural_gas_price,,87.88235294117648,83.54096470588236,0.0,0.2889277499999998,0.0,1.79857225,2.1159673529411767,0.0,0.0,0.0,0.0,0.0,0.0,0.0,0.0,0.0,0.0,0.0,0.0,70.58,1.747,83.54096470588236,12.960964705882361,-19.96903529411763,0.0,0.0,0.0,0.0,0.0,0.0,0.0,0.0,False,0.0,0.0,0.0,0.0,0.0,158.0627612647059,0.0,158.0627612647059,False,False,False,False,highs,2025-05-16_04:00_08:00,4.0,pay_as_bid,4.83,4.83,4.83,4.83,0.0,0.0,0.0,0.0,0.0,0.0,0.0,2.5,51.02040816326531,158.0627612647059,158.0627612647059,2.0875,0.0,2.0875,0.0,1.79857225,0.2889277499999998,0.0,425.3094379411765,425.3094379411765
2025-05-16 04:30:00+02:00,plant_1,2.0875,88.76,109.47,32.93,121.69,142.4,95.5,74.7,0.0,DE_DA_price,DE_ID3_price,natural_gas_price,,87.88235294117648,83.54096470588236,0.0,0.0,0.0,2.0875,2.4558823529411766,0.0,0.0,0.0,0.0,0.0,0.0,0.0,0.0,0.0,0.0,0.0,0.0,62.57,6.314,83.54096470588236,20.97096470588236,-11.95903529411764,0.0,0.0,0.0,0.0,0.0,0.0,0.0,0.0,False,0.0,0.0,0.0,0.0,0.0,183.4544117647059,0.0,183.4544117647059,False,False,False,False,highs,2025-05-16_04:00_08:00,4.0,pay_as_bid,4.83,4.83,4.83,4.83,0.0,0.0,0.0,0.0,0.0,0.0,0.0,2.5,51.02040816326531,183.4544117647059,183.4544117647059,2.0875,0.0,2.0875,0.0,2.0875,0.0,0.0,493.6323529411765,493.6323529411765
2025-05-16 04:45:00+02:00,plant_1,2.0875,88.76,110.31,32.93,121.69,143.24,32.93,74.7,0.0,DE_DA_price,DE_ID3_price,natural_gas_price,,87.88235294117648,83.54096470588236,0.0,0.0,0.0,2.0875,2.4558823529411766,0.0,0.0,0.0,0.0,0.0,0.0,0.0,0.0,0.0,0.0,0.0,0.0,0.0,0.0,83.54096470588236,83.54096470588236,50.61096470588236,0.0,0.0,0.0,0.0,0.0,0.0,0.0,0.0,False,0.0,0.0,0.0,0.0,0.0,183.4544117647059,0.0,183.4544117647059,False,False,False,False,highs,2025-05-16_04:00_08:00,4.0,pay_as_bid,4.83,4.83,4.83,4.83,0.0,0.0,0.0,0.0,0.0,0.0,0.0,2.5,51.02040816326531,183.4544117647059,183.4544117647059,2.0875,0.0,2.0875,0.0,2.0875,0.0,0.0,493.6323529411765,493.6323529411765
2025-05-16 05:00:00+02:00,plant_1,2.0875,98.26,129.69,32.93,131.19,162.62,114.82,74.7,0.0,DE_DA_price,DE_ID3_price,natural_gas_price,,87.88235294117648,83.54096470588236,0.0,0.0,0.0,2.0875,2.4558823529411766,0.0,0.0,0.0,0.0,0.0,0.0,0.0,0.0,0.0,0.0,0.0,0.0,81.89,0.136,83.54096470588236,1.6509647058823589,-31.279035294117634,0.0,0.0,0.0,0.0,0.0,0.0,0.0,0.0,False,0.0,0.0,0.0,0.0,0.0,183.4544117647059,0.0,183.4544117647059,False,False,False,False,highs,2025-05-16_04:00_08:00,4.0,pay_as_bid,4.83,4.83,4.83,4.83,0.0,0.0,0.0,0.0,0.0,0.0,0.0,2.5,51.02040816326531,183.4544117647059,183.4544117647059,2.0875,0.0,2.0875,0.0,2.0875,0.0,0.0,493.6323529411765,493.6323529411765
2025-05-16 05:15:00+02:00,plant_1,2.0875,98.26,125.45,32.93,131.19,158.38,32.93,74.7,0.0,DE_DA_price,DE_ID3_price,natural_gas_price,,87.88235294117648,83.54096470588236,0.0,0.0,0.0,2.0875,2.4558823529411766,0.0,0.0,0.0,0.0,0.0,0.0,0.0,0.0,0.0,0.0,0.0,0.0,0.0,0.0,83.54096470588236,83.54096470588236,50.61096470588236,0.0,0.0,0.0,0.0,0.0,0.0,0.0,0.0,False,0.0,0.0,0.0,0.0,0.0,183.4544117647059,0.0,183.4544117647059,False,False,False,False,highs,2025-05-16_04:00_08:00,4.0,pay_as_bid,4.83,4.83,4.83,4.83,0.0,0.0,0.0,0.0,0.0,0.0,0.0,2.5,51.02040816326531,183.4544117647059,183.4544117647059,2.0875,0.0,2.0875,0.0,2.0875,0.0,0.0,493.6323529411765,493.6323529411765
2025-05-16 05:30:00+02:00,plant_1,2.0875,98.26,105.32,32.93,131.19,138.25,32.93,74.7,0.0,DE_DA_price,DE_ID3_price,natural_gas_price,,87.88235294117648,83.54096470588236,0.0,0.0,0.0,2.0875,2.4558823529411766,0.0,0.0,0.0,0.0,0.0,0.0,0.0,0.0,0.0,0.0,0.0,0.0,0.0,0.0,83.54096470588236,83.54096470588236,50.61096470588236,0.0,0.0,0.0,0.0,0.0,0.0,0.0,0.0,False,0.0,0.0,0.0,0.0,0.0,183.4544117647059,0.0,183.4544117647059,False,False,False,False,highs,2025-05-16_04:00_08:00,4.0,pay_as_bid,4.83,4.83,4.83,4.83,0.0,0.0,0.0,0.0,0.0,0.0,0.0,2.5,51.02040816326531,183.4544117647059,183.4544117647059,2.0875,0.0,2.0875,0.0,2.0875,0.0,0.0,493.6323529411765,493.6323529411765
2025-05-16 05:45:00+02:00,plant_1,2.0875,98.26,97.12,32.93,131.19,130.05,32.93,74.7,0.0,DE_DA_price,DE_ID3_price,natural_gas_price,,87.88235294117648,83.54096470588236,0.0,0.0,0.0,2.0875,2.4558823529411766,0.0,0.0,0.0,0.0,0.0,0.0,0.0,0.0,0.0,0.0,0.0,0.0,0.0,0.0,83.54096470588236,83.54096470588236,50.61096470588236,0.0,0.0,0.0,0.0,0.0,0.0,0.0,0.0,False,0.0,0.0,0.0,0.0,0.0,183.4544117647059,0.0,183.4544117647059,False,False,False,False,highs,2025-05-16_04:00_08:00,4.0,pay_as_bid,4.83,4.83,4.83,4.83,0.0,0.0,0.0,0.0,0.0,0.0,0.0,2.5,51.02040816326531,183.4544117647059,183.4544117647059,2.0875,0.0,2.0875,0.0,2.0875,0.0,0.0,493.6323529411765,493.6323529411765
2025-05-16 06:00:00+02:00,plant_1,2.0875,113.18,115.17,32.93,146.11,148.1,32.93,74.7,0.0,DE_DA_price,DE_ID3_price,natural_gas_price,,87.88235294117648,83.54096470588236,0.0,0.0,0.0,2.0875,2.4558823529411766,0.0,0.0,0.0,0.0,0.0,0.0,0.0,0.0,0.0,0.0,0.0,0.0,0.0,0.0,83.54096470588236,83.54096470588236,50.61096470588236,0.0,0.0,0.0,0.0,0.0,0.0,0.0,0.0,False,0.0,0.0,0.0,0.0,0.0,183.4544117647059,0.0,183.4544117647059,False,False,False,False,highs,2025-05-16_04:00_08:00,4.0,pay_as_bid,4.83,4.83,4.83,4.83,0.0,0.0,0.0,0.0,0.0,0.0,0.0,2.5,51.02040816326531,183.4544117647059,183.4544117647059,2.0875,0.0,2.0875,0.0,2.0875,0.0,0.0,493.6323529411765,493.6323529411765
2025-05-16 06:15:00+02:00,plant_1,2.0875,113.18,110.58,32.93,146.11,143.51,32.93,74.7,0.0,DE_DA_price,DE_ID3_price,natural_gas_price,,87.88235294117648,83.54096470588236,0.0,0.0,0.0,2.0875,2.4558823529411766,0.0,0.0,0.0,0.0,0.0,0.0,0.0,0.0,0.0,0.0,0.0,0.0,0.0,0.0,83.54096470588236,83.54096470588236,50.61096470588236,0.0,0.0,0.0,0.0,0.0,0.0,0.0,0.0,False,0.0,0.0,0.0,0.0,0.0,183.4544117647059,0.0,183.4544117647059,False,False,False,False,highs,2025-05-16_04:00_08:00,4.0,pay_as_bid,4.83,4.83,4.83,4.83,0.0,0.0,0.0,0.0,0.0,0.0,0.0,2.5,51.02040816326531,183.4544117647059,183.4544117647059,2.0875,0.0,2.0875,0.0,2.0875,0.0,0.0,493.6323529411765,493.6323529411765
2025-05-16 06:30:00+02:00,plant_1,2.0875,113.18,96.44,32.93,146.11,129.37,32.93,74.7,0.0,DE_DA_price,DE_ID3_price,natural_gas_price,,87.88235294117648,83.54096470588236,0.0,0.0,0.0,2.0875,2.4558823529411766,0.0,0.0,0.0,0.0,0.0,0.0,0.0,0.0,0.0,0.0,0.0,0.0,0.0,0.0,83.54096470588236,83.54096470588236,50.61096470588236,0.0,0.0,0.0,0.0,0.0,0.0,0.0,0.0,False,0.0,0.0,0.0,0.0,0.0,183.4544117647059,0.0,183.4544117647059,False,False,False,False,highs,2025-05-16_04:00_08:00,4.0,pay_as_bid,4.83,4.83,4.83,4.83,0.0,0.0,0.0,0.0,0.0,0.0,0.0,2.5,51.02040816326531,183.4544117647059,183.4544117647059,2.0875,0.0,2.0875,0.0,2.0875,0.0,0.0,493.6323529411765,493.6323529411765
2025-05-16 06:45:00+02:00,plant_1,2.0875,113.18,64.3,32.93,146.11,97.22999999999999,32.93,74.7,0.0,DE_DA_price,DE_ID3_price,natural_gas_price,,87.88235294117648,83.54096470588236,0.0,0.0,0.0,2.0875,2.4558823529411766,0.0,0.0,0.0,0.0,0.0,0.0,0.0,0.0,0.0,0.0,0.0,0.0,0.0,0.0,83.54096470588236,83.54096470588236,50.61096470588236,0.0,0.0,0.0,0.0,0.0,0.0,0.0,0.0,False,0.0,0.0,0.0,0.0,0.0,183.4544117647059,0.0,183.4544117647059,False,False,False,False,highs,2025-05-16_04:00_08:00,4.0,pay_as_bid,4.83,4.83,4.83,4.83,0.0,0.0,0.0,0.0,0.0,0.0,0.0,2.5,51.02040816326531,183.4544117647059,183.4544117647059,2.0875,0.0,2.0875,0.0,2.0875,0.0,0.0,493.6323529411765,493.6323529411765
2025-05-16 07:00:00+02:00,plant_1,2.135,117.6,123.65,32.93,150.53,156.58,32.93,74.7,0.0,DE_DA_price,DE_ID3_price,natural_gas_price,,87.88235294117648,83.54096470588236,0.0,0.0,0.0,2.135,2.511764705882353,0.0,0.0,0.0,0.0,0.0,0.0,0.0,0.0,0.0,0.0,0.0,0.0,0.0,0.0,83.54096470588236,83.54096470588236,50.61096470588236,0.0,0.0,0.0,0.0,0.0,0.0,0.0,0.0,False,0.0,0.0,0.0,0.0,0.0,187.62882352941176,0.0,187.62882352941176,False,False,False,False,highs,2025-05-16_04:00_08:00,4.0,pay_as_bid,4.83,4.83,4.83,4.83,0.0,0.0,0.0,0.0,0.0,0.0,0.0,2.5,51.02040816326531,187.62882352941176,187.62882352941176,2.135,0.0,2.135,0.0,2.135,0.0,0.0,504.86470588235295,504.86470588235295
2025-05-16 07:15:00+02:00,plant_1,2.135,117.6,88.87,32.93,150.53,121.80000000000001,102.56,74.7,0.0,DE_DA_price,DE_ID3_price,natural_gas_price,,87.88235294117648,83.54096470588236,0.0,0.0,0.0,2.135,2.511764705882353,0.0,0.0,0.0,0.0,0.0,0.0,0.0,0.0,0.0,0.0,0.0,0.0,69.63,1.264,83.54096470588236,13.910964705882364,-19.019035294117643,0.0,0.0,0.0,0.0,0.0,0.0,0.0,0.0,False,0.0,0.0,0.0,0.0,0.0,187.62882352941176,0.0,187.62882352941176,False,False,False,False,highs,2025-05-16_04:00_08:00,4.0,pay_as_bid,4.83,4.83,4.83,4.83,0.0,0.0,0.0,0.0,0.0,0.0,0.0,2.5,51.02040816326531,187.62882352941176,187.62882352941176,2.135,0.0,2.135,0.0,2.135,0.0,0.0,504.86470588235295,504.86470588235295
2025-05-16 07:30:00+02:00,plant_1,2.135,117.6,65.61,32.93,150.53,98.53999999999999,59.629999999999995,74.7,0.0,DE_DA_price,DE_ID3_price,natural_gas_price,,87.88235294117648,83.54096470588236,2.5,2.135,0.24896907216494846,0.0,0.0,2.5,0.0,0.0,0.0,0.0,2.5,0.0,0.0,0.0,2.5,10.0,2.5,26.7,13.666,83.54096470588236,56.84096470588236,23.910964705882364,66.75,59.77741176470591,142.1024117647059,59.77741176470591,0.0,2.5,0.0,2.5,False,0.0,66.75,82.325,149.075,0.0,0.0,0.0,149.075,False,False,False,True,highs,2025-05-16_04:00_08:00,4.0,pay_as_bid,4.83,4.83,4.83,4.83,0.0,0.0,0.0,0.0,0.0,0.0,0.0,2.5,50.76635808962761,149.075,149.075,2.135,0.0,2.135,0.0,0.0,2.135,748.3569021038137,0.0,748.3569021038137
2025-05-16 07:45:00+02:00,plant_1,2.135,117.6,42.12,32.93,150.53,75.05,69.16,74.7,0.0,DE_DA_price,DE_ID3_price,natural_gas_price,,87.88235294117648,83.54096470588236,2.5,2.135,0.4978759020618557,0.0,0.0,2.5,0.0,2.5,0.0,2.5,2.5,0.0,105.3,0.0,0.0,0.0,0.0,36.23,12.628,83.54096470588236,47.31096470588236,14.380964705882363,0.0,0.0,0.0,0.0,0.0,0.0,0.0,0.0,False,0.0,105.3,82.325,187.625,0.0,0.0,0.0,187.625,False,False,False,False,highs,2025-05-16_04:00_08:00,4.0,pay_as_bid,4.83,4.83,4.83,4.83,0.0,0.0,0.0,0.0,0.0,0.0,0.0,0.0,50.51237152850831,187.625,187.625,2.135,0.0,0.0,2.135,0.0,2.135,728.8717203601072,0.0,728.8717203601072
2025-05-16 08:00:00+02:00,plant_1,2.1725,106.66,82.21,32.93,139.59,115.13999999999999,44.96,74.7,0.0,DE_DA_price,DE_ID3_price,natural_gas_price,,87.88235294117648,83.54096470588236,2.5,2.1725,0.7080607114368559,0.0,0.0,2.5,0.0,0.0,0.0,0.0,2.5,0.0,0.0,0.0,2.5,10.0,2.5,12.03,103.853,83.54096470588236,71.51096470588236,38.58096470588236,30.075,96.4524117647059,178.7774117647059,96.4524117647059,2.5,0.0,2.5,0.0,False,0.0,30.075,82.325,112.4,0.0,0.0,0.0,112.4,False,False,False,True,highs,2025-05-16_08:00_12:00,4.0,pay_as_bid,119.75,119.75,119.75,119.75,10.0,2.5,299.375,56.326205882352944,0.0,243.04879411764705,2.5,2.5,50.297897233227694,112.4,-186.975,2.1725,0.0,1.931060375,0.241439625,0.0,2.1725,676.5136811704798,0.0,676.5136811704798
2025-05-16 08:15:00+02:00,plant_1,2.1725,106.66,44.22,32.93,139.59,77.15,-1.0799999999999983,74.7,0.0,DE_DA_price,DE_ID3_price,natural_gas_price,,87.88235294117648,83.54096470588236,2.5,2.1725,0.9181929746095123,0.0,0.0,2.5,0.0,0.0,0.0,0.0,2.5,0.0,0.0,0.0,2.5,10.0,2.5,-34.01,93.636,83.54096470588236,117.55096470588236,84.62096470588236,-85.02499999999999,211.55241176470588,293.8774117647059,211.55241176470588,2.5,0.0,2.5,0.0,False,0.0,-85.02499999999999,82.325,-2.6999999999999886,0.0,0.0,0.0,-2.6999999999999886,False,False,False,True,highs,2025-05-16_08:00_12:00,4.0,pay_as_bid,119.75,119.75,119.75,119.75,10.0,2.5,299.375,56.326205882352944,0.0,243.04879411764705,2.5,2.5,50.08347655652091,-2.6999999999999886,-302.075,2.1725,0.0,2.1725,0.0,0.0,2.1725,656.0779770792261,0.0,656.0779770792261
2025-05-16 08:30:00+02:00,plant_1,2.1725,106.66,5.44,32.93,139.59,38.37,5.059999999999999,74.7,0.0,DE_DA_price,DE_ID3_price,natural_gas_price,,87.88235294117648,83.54096470588236,2.5,2.1725,1.1282727047163754,0.0,0.0,2.5,0.0,0.0,0.0,0.0,2.5,0.0,0.0,0.0,2.5,10.0,2.5,-27.87,73.425,83.54096470588236,111.41096470588236,78.48096470588236,-69.675,196.2024117647059,278.5274117647059,196.2024117647059,2.5,0.0,2.5,0.0,False,0.0,-69.675,82.325,12.650000000000006,0.0,0.0,0.0,12.650000000000006,False,False,False,True,highs,2025-05-16_08:00_12:00,4.0,pay_as_bid,119.75,119.75,119.75,119.75,10.0,2.5,299.375,56.326205882352944,0.0,243.04879411764705,2.5,2.5,49.86910948498329,12.650000000000006,-286.725,2.1725,0.0,2.1725,0.0,0.0,2.1725,634.5091498566176,0.0,634.5091498566176
2025-05-16 08:45:00+02:00,plant_1,2.1725,106.66,-3.75,32.93,139.59,29.18,42.11,74.7,0.0,DE_DA_price,DE_ID3_price,natural_gas_price,,87.88235294117648,83.54096470588236,2.5,2.1725,1.338299914890712,0.0,0.0,2.5,0.0,0.0,0.0,0.0,2.5,0.0,0.0,0.0,2.5,10.0,2.5,9.18,58.255,83.54096470588236,74.36096470588237,41.43096470588236,22.95,103.5774117647059,185.9024117647059,103.5774117647059,2.5,0.0,2.5,0.0,False,0.0,22.95,82.325,105.275,0.0,0.0,0.0,105.275,False,False,False,True,highs,2025-05-16_08:00_12:00,4.0,pay_as_bid,119.75,119.75,119.75,119.75,10.0,2.5,299.375,56.326205882352944,0.0,243.04879411764705,2.5,2.5,49.65479600521356,105.275,-194.1,2.1725,0.0,2.1725,0.0,0.0,2.1725,589.9205613320644,0.0,589.9205613320644
2025-05-16 09:00:00+02:00,plant_1,2.225,78.99,43.81,32.93,111.91999999999999,76.74000000000001,53.01,74.7,0.0,DE_DA_price,DE_ID3_price,natural_gas_price,,87.88235294117648,83.54096470588236,2.5,2.225,1.4941509069222985,0.0,0.0,2.5,0.0,0.0,0.0,0.0,2.5,0.0,0.0,0.0,2.5,10.0,2.5,20.08,4.97,83.54096470588236,63.46096470588236,30.53096470588236,50.199999999999996,76.3274117647059,158.6524117647059,76.3274117647059,2.5,0.0,2.5,0.0,False,0.0,50.199999999999996,82.325,132.525,0.0,0.0,0.0,132.525,False,False,False,True,highs,2025-05-16_08:00_12:00,4.0,pay_as_bid,119.75,119.75,119.75,119.75,10.0,2.5,299.375,56.326205882352944,0.0,243.04879411764705,2.5,2.5,49.49576438069153,132.525,-166.85,2.225,0.0,2.225,0.0,0.0,2.225,539.3904468812011,0.0,539.3904468812011
2025-05-16 09:15:00+02:00,plant_1,2.225,78.99,19.71,32.93,111.91999999999999,52.64,35.0,74.7,0.0,DE_DA_price,DE_ID3_price,natural_gas_price,,87.88235294117648,83.54096470588236,2.5,2.225,1.6499629362058772,0.0,0.0,2.5,0.0,0.0,0.0,0.0,2.5,0.0,0.0,0.0,2.5,10.0,2.5,2.07,49.582,83.54096470588236,81.47096470588237,48.54096470588236,5.175,121.35241176470589,203.6774117647059,121.35241176470589,2.5,0.0,2.5,0.0,False,0.0,5.175,82.325,87.5,0.0,0.0,0.0,87.5,False,False,False,True,highs,2025-05-16_08:00_12:00,4.0,pay_as_bid,119.75,119.75,119.75,119.75,10.0,2.5,299.375,56.326205882352944,0.0,243.04879411764705,2.5,2.5,49.33677251407564,87.5,-211.875,2.225,0.0,2.225,0.0,0.0,2.225,508.24659251252024,0.0,508.24659251252024
2025-05-16 09:30:00+02:00,plant_1,2.225,78.99,10.4,32.93,111.91999999999999,43.33,23.95,74.7,0.0,DE_DA_price,DE_ID3_price,natural_gas_price,,87.88235294117648,83.54096470588236,2.5,2.225,1.805736012482135,0.0,0.0,2.5,0.0,0.0,0.0,0.0,2.5,0.0,0.0,0.0,2.5,10.0,2.5,-8.98,15.536,83.54096470588236,92.52096470588236,59.59096470588236,-22.450000000000003,148.9774117647059,231.3024117647059,148.9774117647059,2.5,0.0,2.5,0.0,False,0.0,-22.450000000000003,82.325,59.875,0.0,0.0,0.0,59.875,False,False,False,True,highs,2025-05-16_08:00_12:00,4.0,pay_as_bid,119.75,119.75,119.75,119.75,10.0,2.5,299.375,56.326205882352944,0.0,243.04879411764705,2.5,2.5,49.177820395426394,59.875,-239.5,2.225,0.0,2.225,0.0,0.0,2.225,463.0736425253219,0.0,463.0736425253219
2025-05-16 09:45:00+02:00,plant_1,2.225,78.99,9.7,32.93,111.91999999999999,42.629999999999995,68.85,74.7,0.0,DE_DA_price,DE_ID3_price,natural_gas_price,,87.88235294117648,83.54096470588236,0.069,1.8167174411246438,0.0,0.40828255887535625,0.48033242220630146,0.069,0.0,0.0,0.0,0.0,0.069,0.0,0.0,0.0,2.5,10.0,0.069,35.92,0.069,83.54096470588236,47.62096470588236,14.690964705882365,2.4784800000000002,1.0136765647058832,3.2858465647058828,1.0136765647058832,2.5,0.0,0.069,0.0,False,0.0,2.4784800000000002,2.27217,4.75065,0.0,35.88083193881072,0.0,40.63148193881072,False,False,False,True,highs,2025-05-16_08:00_12:00,4.0,pay_as_bid,119.75,119.75,119.75,119.75,10.0,2.5,299.375,56.326205882352944,0.0,243.04879411764705,2.5,2.5,51.02040816326531,40.63148193881072,-258.74351806118926,2.225,0.0,2.225,0.0,0.40828255887535625,1.8167174411246438,11.429743068676364,96.54681686346659,107.97655993214295
2025-05-16 10:00:00+02:00,plant_1,2.225,11.11,55.0,32.93,44.04,87.93,32.93,74.7,0.0,DE_DA_price,DE_ID3_price,natural_gas_price,,87.88235294117648,83.54096470588236,0.0,0.0,0.0,2.225,2.6176470588235294,0.0,0.0,0.0,0.0,0.0,0.0,0.0,0.0,0.0,2.5,10.0,0.0,0.0,0.0,83.54096470588236,83.54096470588236,50.61096470588236,0.0,0.0,0.0,0.0,2.5,0.0,0.0,0.0,False,0.0,0.0,0.0,0.0,0.0,195.53823529411767,0.0,195.53823529411767,False,False,False,True,highs,2025-05-16_08:00_12:00,4.0,pay_as_bid,119.75,119.75,119.75,119.75,10.0,2.5,299.375,56.326205882352944,0.0,243.04879411764705,2.5,2.5,51.02040816326531,195.53823529411767,-103.83676470588233,2.225,0.0,2.225,0.0,2.225,0.0,0.0,526.1470588235294,526.1470588235294
2025-05-16 10:15:00+02:00,plant_1,2.225,11.11,23.12,32.93,44.04,56.05,32.93,74.7,0.0,DE_DA_price,DE_ID3_price,natural_gas_price,,87.88235294117648,83.54096470588236,0.0,0.0,0.0,2.225,2.6176470588235294,0.0,0.0,0.0,0.0,0.0,0.0,0.0,0.0,0.0,2.5,10.0,0.0,0.0,0.0,83.54096470588236,83.54096470588236,50.61096470588236,0.0,0.0,0.0,0.0,2.5,0.0,0.0,0.0,False,0.0,0.0,0.0,0.0,0.0,195.53823529411767,0.0,195.53823529411767,False,False,False,True,highs,2025-05-16_08:00_12:00,4.0,pay_as_bid,119.75,119.75,119.75,119.75,10.0,2.5,299.375,56.326205882352944,0.0,243.04879411764705,2.5,2.5,51.02040816326531,195.53823529411767,-103.83676470588233,2.225,0.0,2.225,0.0,2.225,0.0,0.0,526.1470588235294,526.1470588235294
2025-05-16 10:30:00+02:00,plant_1,2.225,11.11,9.05,32.93,44.04,41.980000000000004,32.93,74.7,0.0,DE_DA_price,DE_ID3_price,natural_gas_price,,87.88235294117648,83.54096470588236,0.0,0.0,0.0,2.225,2.6176470588235294,0.0,0.0,0.0,0.0,0.0,0.0,0.0,0.0,0.0,2.5,10.0,0.0,0.0,0.0,83.54096470588236,83.54096470588236,50.61096470588236,0.0,0.0,0.0,0.0,2.5,0.0,0.0,0.0,False,0.0,0.0,0.0,0.0,0.0,195.53823529411767,0.0,195.53823529411767,False,False,False,True,highs,2025-05-16_08:00_12:00,4.0,pay_as_bid,119.75,119.75,119.75,119.75,10.0,2.5,299.375,56.326205882352944,0.0,243.04879411764705,2.5,2.5,51.02040816326531,195.53823529411767,-103.83676470588233,2.225,0.0,2.225,0.0,2.225,0.0,0.0,526.1470588235294,526.1470588235294
2025-05-16 10:45:00+02:00,plant_1,2.225,11.11,3.42,32.93,44.04,36.35,42.46,74.7,0.0,DE_DA_price,DE_ID3_price,natural_gas_price,,87.88235294117648,83.54096470588236,2.5,2.225,0.15618556701030917,0.0,0.0,2.5,0.0,0.0,0.0,0.0,2.5,0.0,0.0,0.0,2.5,10.0,2.5,9.53,4.643,83.54096470588236,74.01096470588236,41.08096470588236,23.825,102.7024117647059,185.0274117647059,102.7024117647059,2.5,0.0,2.5,0.0,False,0.0,23.825,82.325,106.15,0.0,0.0,0.0,106.15,False,False,False,True,highs,2025-05-16_08:00_12:00,4.0,pay_as_bid,119.75,119.75,119.75,119.75,10.0,2.5,299.375,56.326205882352944,0.0,243.04879411764705,2.5,2.5,50.861035135703766,106.15,-193.225,2.225,0.0,2.225,0.0,0.0,2.225,317.3110459204426,0.0,317.3110459204426
2025-05-16 11:00:00+02:00,plant_1,2.225,-0.01,8.89,32.93,32.92,41.82,26.25,74.7,0.0,DE_DA_price,DE_ID3_price,natural_gas_price,,87.88235294117648,83.54096470588236,2.5,2.225,0.3123320876288658,0.0,0.0,2.5,0.0,0.0,0.0,0.0,2.5,0.0,0.0,0.0,2.5,10.0,2.5,-6.68,93.356,83.54096470588236,90.22096470588235,57.29096470588236,-16.7,143.2274117647059,225.55241176470588,143.2274117647059,2.5,0.0,2.5,0.0,False,0.0,-16.7,82.325,65.625,0.0,0.0,0.0,65.625,False,False,False,True,highs,2025-05-16_08:00_12:00,4.0,pay_as_bid,119.75,119.75,119.75,119.75,10.0,2.5,299.375,56.326205882352944,0.0,243.04879411764705,2.5,2.5,50.701701951399116,65.625,-233.75,2.225,0.0,2.225,0.0,0.0,2.225,314.8103942226226,0.0,314.8103942226226
2025-05-16 11:15:00+02:00,plant_1,2.225,-0.01,3.33,32.93,32.92,36.26,45.31,74.7,0.0,DE_DA_price,DE_ID3_price,natural_gas_price,,87.88235294117648,83.54096470588236,2.5,2.225,0.46843957161726774,0.0,0.0,2.5,0.0,0.0,0.0,0.0,2.5,0.0,0.0,0.0,2.5,10.0,2.5,12.38,49.02,83.54096470588236,71.16096470588236,38.23096470588236,30.950000000000003,95.57741176470589,177.9024117647059,95.57741176470589,2.5,0.0,2.5,0.0,False,0.0,30.950000000000003,82.325,113.275,0.0,0.0,0.0,113.275,False,False,False,True,highs,2025-05-16_08:00_12:00,4.0,pay_as_bid,119.75,119.75,119.75,119.75,10.0,2.5,299.375,56.326205882352944,0.0,243.04879411764705,2.5,2.5,50.542408600390544,113.275,-186.1,2.225,0.0,2.225,0.0,0.0,2.225,312.6619227369968,0.0,312.6619227369968
2025-05-16 11:30:00+02:00,plant_1,2.225,-0.01,1.96,32.93,32.92,34.89,42.22,74.7,0.0,DE_DA_price,DE_ID3_price,natural_gas_price,,87.88235294117648,83.54096470588236,2.5,2.225,0.6245080287346726,0.0,0.0,2.5,0.0,0.0,0.0,0.0,2.5,0.0,0.0,0.0,2.5,10.0,2.5,9.29,19.353,83.54096470588236,74.25096470588235,41.32096470588236,23.224999999999998,103.30241176470591,185.62741176470587,103.30241176470591,2.5,0.0,2.5,0.0,False,0.0,23.224999999999998,82.325,105.55,0.0,0.0,0.0,105.55,False,False,False,True,highs,2025-05-16_08:00_12:00,4.0,pay_as_bid,119.75,119.75,119.75,119.75,10.0,2.5,299.375,56.326205882352944,0.0,243.04879411764705,2.5,2.5,50.383155072719724,105.55,-193.825,2.225,0.0,2.225,0.0,0.0,2.225,312.9822002863435,0.0,312.9822002863435
2025-05-16 11:45:00+02:00,plant_1,2.225,-0.01,-1.29,32.93,32.92,31.64,33.08,74.7,0.0,DE_DA_price,DE_ID3_price,natural_gas_price,,87.88235294117648,83.54096470588236,2.5,2.225,0.7805374687377981,0.0,0.0,2.5,0.0,0.0,0.0,0.0,2.5,0.0,0.0,0.0,2.5,10.0,2.5,0.15,87.9,83.54096470588236,83.39096470588235,50.46096470588236,0.375,126.1524117647059,208.4774117647059,126.1524117647059,2.5,0.0,2.5,0.0,False,0.0,0.375,82.325,82.7,0.0,0.0,0.0,82.7,False,False,False,True,highs,2025-05-16_08:00_12:00,4.0,pay_as_bid,119.75,119.75,119.75,119.75,10.0,2.5,299.375,56.326205882352944,0.0,243.04879411764705,2.5,2.5,50.22394135843082,82.7,-216.675,2.225,0.0,2.225,0.0,0.0,2.225,318.0322536160574,0.0,318.0322536160574
2025-05-16 12:00:00+02:00,plant_1,2.225,-3.15,-0.81,32.93,29.78,32.12,22.83,74.7,0.0,DE_DA_price,DE_ID3_price,natural_gas_price,,87.88235294117648,83.54096470588236,2.5,2.225,0.9365279013809228,0.0,0.0,2.5,2.5,0.0,0.0,2.5,2.5,-7.875,0.0,0.0,0.0,0.0,0.0,-10.1,124.997,83.54096470588236,93.64096470588235,60.71096470588236,0.0,0.0,0.0,0.0,0.0,0.0,0.0,0.0,False,0.0,-7.875,82.325,74.45,0.0,0.0,0.0,74.45,False,False,False,False,highs,2025-05-16_12:00_16:00,4.0,pay_as_bid,246.13,246.13,246.13,246.13,0.0,0.0,0.0,0.0,0.0,0.0,0.0,0.0,50.06476744757049,74.45,74.45,0.0,2.225,0.0,2.225,0.0,2.225,316.21539315650176,0.0,316.21539315650176
2025-05-16 12:15:00+02:00,plant_1,2.225,-3.15,0.7,32.93,29.78,33.63,28.98,74.7,0.0,DE_DA_price,DE_ID3_price,natural_gas_price,,87.88235294117648,83.54096470588236,2.5,2.225,1.0924793364158867,0.0,0.0,2.5,2.5,0.0,0.0,2.5,2.5,-7.875,0.0,0.0,0.0,0.0,0.0,-3.95,84.762,83.54096470588236,87.49096470588236,54.560964705882355,0.0,0.0,0.0,0.0,0.0,0.0,0.0,0.0,False,0.0,-7.875,82.325,74.45,0.0,0.0,0.0,74.45,False,False,False,False,highs,2025-05-16_12:00_16:00,4.0,pay_as_bid,246.13,246.13,246.13,246.13,0.0,0.0,0.0,0.0,0.0,0.0,0.0,0.0,49.905633330187875,74.45,74.45,0.0,2.225,0.0,2.225,0.0,2.225,320.11672535297095,0.0,320.11672535297095
2025-05-16 12:30:00+02:00,plant_1,2.225,-3.15,0.82,32.93,29.78,33.75,42.05,74.7,0.0,DE_DA_price,DE_ID3_price,natural_gas_price,,87.88235294117648,83.54096470588236,2.5,2.225,1.248391783592092,0.0,0.0,2.5,2.5,0.0,0.0,2.5,2.5,-7.875,0.0,0.0,0.0,0.0,0.0,9.12,23.961,83.54096470588236,74.42096470588235,41.49096470588236,0.0,0.0,0.0,0.0,0.0,0.0,0.0,0.0,False,0.0,-7.875,82.325,74.45,0.0,0.0,0.0,74.45,False,False,False,False,highs,2025-05-16_12:00_16:00,4.0,pay_as_bid,246.13,246.13,246.13,246.13,0.0,0.0,0.0,0.0,0.0,0.0,0.0,0.0,49.7465389963346,74.45,74.45,0.0,2.225,0.0,2.225,0.0,2.225,318.0862904323731,0.0,318.0862904323731
2025-05-16 12:45:00+02:00,plant_1,2.225,-3.15,2.57,32.93,29.78,35.5,22.13,74.7,0.0,DE_DA_price,DE_ID3_price,natural_gas_price,,87.88235294117648,83.54096470588236,2.5,2.225,1.4042652526565031,0.0,0.0,2.5,2.5,0.0,0.0,2.5,2.5,-7.875,0.0,0.0,0.0,0.0,0.0,-10.8,116.206,83.54096470588236,94.34096470588236,61.410964705882364,0.0,0.0,0.0,0.0,0.0,0.0,0.0,0.0,False,0.0,-7.875,82.325,74.45,0.0,0.0,0.0,74.45,False,False,False,False,highs,2025-05-16_12:00_16:00,4.0,pay_as_bid,246.13,246.13,246.13,246.13,0.0,0.0,0.0,0.0,0.0,0.0,0.0,0.0,49.5874844360648,74.45,74.45,0.0,2.225,0.0,2.225,0.0,2.225,315.31190317246103,0.0,315.31190317246103
2025-05-16 13:00:00+02:00,plant_1,2.225,-1.97,-4.84,32.93,30.96,28.09,44.22,74.7,0.0,DE_DA_price,DE_ID3_price,natural_gas_price,,87.88235294117648,83.54096470588236,2.5,2.225,1.5600997533536483,0.0,0.0,2.5,2.5,0.0,0.0,2.5,2.5,-4.925,0.0,0.0,0.0,0.0,0.0,11.29,34.794,83.54096470588236,72.25096470588235,39.32096470588236,0.0,0.0,0.0,0.0,0.0,0.0,0.0,0.0,False,0.0,-4.925,82.325,77.4,0.0,0.0,0.0,77.4,False,False,False,False,highs,2025-05-16_12:00_16:00,4.0,pay_as_bid,246.13,246.13,246.13,246.13,0.0,0.0,0.0,0.0,0.0,0.0,0.0,0.0,49.42846963943506,77.4,77.4,0.0,2.225,0.0,2.225,0.0,2.225,311.3286838225611,0.0,311.3286838225611
2025-05-16 13:15:00+02:00,plant_1,2.225,-1.97,0.54,32.93,30.96,33.47,109.00999999999999,74.7,0.0,DE_DA_price,DE_ID3_price,natural_gas_price,,87.88235294117648,83.54096470588236,2.5,2.225,1.715895295425619,0.0,0.0,2.5,2.5,0.0,0.0,2.5,2.5,-4.925,0.0,0.0,0.0,0.0,0.0,76.08,0.0,83.54096470588236,7.460964705882361,-25.46903529411763,0.0,0.0,0.0,0.0,0.0,0.0,0.0,0.0,False,0.0,-4.925,82.325,77.4,0.0,0.0,0.0,77.4,False,False,False,False,highs,2025-05-16_12:00_16:00,4.0,pay_as_bid,246.13,246.13,246.13,246.13,0.0,0.0,0.0,0.0,0.0,0.0,0.0,0.0,49.26949459650447,77.4,77.4,0.0,2.225,0.0,2.225,0.0,2.225,312.82215226592155,0.0,312.82215226592155
2025-05-16 13:30:00+02:00,plant_1,2.225,-1.97,11.3,32.93,30.96,44.230000000000004,116.00999999999999,74.7,0.0,DE_DA_price,DE_ID3_price,natural_gas_price,,87.88235294117648,83.54096470588236,2.5,2.225,1.8716518886120719,0.0,0.0,2.5,2.5,0.0,0.0,2.5,2.5,-4.925,0.0,0.0,0.0,0.0,0.0,83.08,0.0,83.54096470588236,0.46096470588236116,-32.46903529411763,0.0,0.0,0.0,0.0,0.0,0.0,0.0,0.0,False,0.0,-4.925,82.325,77.4,0.0,0.0,0.0,77.4,False,False,False,False,highs,2025-05-16_12:00_16:00,4.0,pay_as_bid,246.13,246.13,246.13,246.13,0.0,0.0,0.0,0.0,0.0,0.0,0.0,0.0,49.110559297334625,77.4,77.4,0.0,2.225,0.0,2.225,0.0,2.225,312.3359733709906,0.0,312.3359733709906
2025-05-16 13:45:00+02:00,plant_1,2.225,-1.97,25.7,32.93,30.96,58.629999999999995,62.15,74.7,0.0,DE_DA_price,DE_ID3_price,natural_gas_price,,87.88235294117648,83.54096470588236,2.5,2.225,2.027369542650228,0.0,0.0,2.5,2.5,0.0,0.0,2.5,2.5,-4.925,0.0,0.0,0.0,0.0,0.0,29.22,17.556,83.54096470588236,54.32096470588236,21.39096470588236,0.0,0.0,0.0,0.0,0.0,0.0,0.0,0.0,False,0.0,-4.925,82.325,77.4,0.0,0.0,0.0,77.4,False,False,False,False,highs,2025-05-16_12:00_16:00,4.0,pay_as_bid,246.13,246.13,246.13,246.13,0.0,0.0,0.0,0.0,0.0,0.0,0.0,0.0,48.95166373198956,77.4,77.4,0.0,2.225,0.0,2.225,0.0,2.225,313.50780022949033,0.0,313.50780022949033
2025-05-16 14:00:00+02:00,plant_1,2.225,-1.55,-2.67,32.93,31.38,30.259999999999998,65.0,74.7,0.0,DE_DA_price,DE_ID3_price,natural_gas_price,,87.88235294117648,83.54096470588236,2.5,2.225,2.1830482672748746,0.0,0.0,2.5,2.5,0.0,0.0,2.5,2.5,-3.875,0.0,0.0,0.0,0.0,0.0,32.07,0.056,83.54096470588236,51.47096470588236,18.54096470588236,0.0,0.0,0.0,0.0,0.0,0.0,0.0,0.0,False,0.0,-3.875,82.325,78.45,0.0,0.0,0.0,78.45,False,False,False,False,highs,2025-05-16_12:00_16:00,4.0,pay_as_bid,246.13,246.13,246.13,246.13,0.0,0.0,0.0,0.0,0.0,0.0,0.0,0.0,48.79280789053584,78.45,78.45,0.0,2.225,0.0,2.225,0.0,2.225,313.51382909809513,0.0,313.51382909809513
2025-05-16 14:15:00+02:00,plant_1,2.225,-1.55,23.33,32.93,31.38,56.26,61.980000000000004,74.7,0.0,DE_DA_price,DE_ID3_price,natural_gas_price,,87.88235294117648,83.54096470588236,2.5,2.225,2.338688072218365,0.0,0.0,2.5,2.5,0.0,0.0,2.5,2.5,-3.875,0.0,0.0,0.0,0.0,0.0,29.05,0.789,83.54096470588236,54.49096470588236,21.560964705882355,0.0,0.0,0.0,0.0,0.0,0.0,0.0,0.0,False,0.0,-3.875,82.325,78.45,0.0,0.0,0.0,78.45,False,False,False,False,highs,2025-05-16_12:00_16:00,4.0,pay_as_bid,246.13,246.13,246.13,246.13,0.0,0.0,0.0,0.0,0.0,0.0,0.0,0.0,48.63399176304248,78.45,78.45,0.0,2.225,0.0,2.225,0.0,2.225,315.1673556058426,0.0,315.1673556058426
2025-05-16 14:30:00+02:00,plant_1,2.225,-1.55,58.48,32.93,31.38,91.41,32.93,74.7,0.0,DE_DA_price,DE_ID3_price,natural_gas_price,,87.88235294117648,83.54096470588236,0.0,2.225,0.04428896721061948,0.0,0.0,0.0,2.5,0.0,2.5,0.0,0.0,-3.875,0.0,146.2,0.0,0.0,0.0,0.0,0.0,83.54096470588236,83.54096470588236,50.61096470588236,0.0,0.0,0.0,0.0,0.0,0.0,0.0,0.0,False,0.0,-150.075,0.0,-150.075,0.0,0.0,0.0,-150.075,False,False,False,False,highs,2025-05-16_12:00_16:00,4.0,pay_as_bid,246.13,246.13,246.13,246.13,0.0,0.0,0.0,0.0,0.0,0.0,0.0,2.5,50.975215339581,-150.075,-150.075,0.0,2.225,0.7120815634371498,1.5129184365628503,0.0,2.225,0.0,0.0,0.0
2025-05-16 14:45:00+02:00,plant_1,2.225,-1.55,88.01,32.93,31.38,120.94,118.53999999999999,74.7,0.0,DE_DA_price,DE_ID3_price,natural_gas_price,,87.88235294117648,83.54096470588236,0.0,0.04294955811975231,0.0,2.1820504418802478,2.567118166917939,0.0,2.5,0.0,2.5,0.0,0.0,-3.875,0.0,220.025,0.0,0.0,0.0,85.61,0.012,83.54096470588236,-2.06903529411764,-34.99903529411763,0.0,0.0,0.0,0.0,0.0,0.0,0.0,0.0,False,0.0,-223.9,0.0,-223.9,0.0,191.76372706877004,0.0,-32.13627293122997,False,False,False,False,highs,2025-05-16_12:00_16:00,4.0,pay_as_bid,246.13,246.13,246.13,246.13,0.0,0.0,0.0,0.0,0.0,0.0,0.0,2.5,51.02040816326531,-32.13627293122997,-32.13627293122997,0.0,2.225,2.225,0.0,2.1820504418802478,0.04294955811975231,0.0,515.9907515505057,515.9907515505057
2025-05-16 15:00:00+02:00,plant_1,2.1725,-0.01,38.26,32.93,32.92,71.19,58.89,74.7,0.0,DE_DA_price,DE_ID3_price,natural_gas_price,,87.88235294117648,83.54096470588236,2.5,2.1725,0.2103092783505156,0.0,0.0,2.5,2.5,0.0,0.0,2.5,2.5,-0.025,0.0,0.0,0.0,0.0,0.0,25.96,14.259,83.54096470588236,57.58096470588236,24.65096470588236,0.0,0.0,0.0,0.0,0.0,0.0,0.0,0.0,False,0.0,-0.025,82.325,82.3,0.0,0.0,0.0,82.3,False,False,False,False,highs,2025-05-16_12:00_16:00,4.0,pay_as_bid,246.13,246.13,246.13,246.13,0.0,0.0,0.0,0.0,0.0,0.0,0.0,0.0,50.805806858826,82.3,82.3,0.0,2.1725,0.0,2.1725,0.0,2.1725,316.34486287145114,0.0,316.34486287145114
2025-05-16 15:15:00+02:00,plant_1,2.1725,-0.01,70.79,32.93,32.92,103.72,57.16,74.7,0.0,DE_DA_price,DE_ID3_price,natural_gas_price,,87.88235294117648,83.54096470588236,2.5,2.1725,0.4205659793814436,0.0,0.0,2.5,2.5,0.0,2.5,0.0,2.5,-0.025,0.0,176.97500000000002,2.5,10.0,2.5,24.23,3.967,83.54096470588236,59.310964705882355,26.380964705882363,60.575,65.95241176470591,148.2774117647059,65.95241176470591,0.0,2.5,0.0,2.5,False,0.0,-116.42500000000003,82.325,-34.10000000000002,0.0,0.0,0.0,-34.10000000000002,False,False,False,True,highs,2025-05-16_12:00_16:00,4.0,pay_as_bid,246.13,246.13,246.13,246.13,0.0,0.0,0.0,0.0,0.0,0.0,0.0,2.5,50.59125920471281,-34.10000000000002,-34.10000000000002,0.0,2.1725,1.9685509999999997,0.2039490000000001,0.0,2.1725,320.41298185510095,0.0,320.41298185510095
2025-05-16 15:30:00+02:00,plant_1,2.1725,-0.01,92.36,32.93,32.92,125.28999999999999,32.93,74.7,0.0,DE_DA_price,DE_ID3_price,natural_gas_price,,87.88235294117648,83.54096470588236,0.0,0.40784701275000024,0.0,1.7646529872499996,2.0760623379411762,0.0,2.5,0.0,2.5,0.0,0.0,-0.025,0.0,230.9,0.0,0.0,0.0,0.0,0.0,83.54096470588236,83.54096470588236,50.61096470588236,0.0,0.0,0.0,0.0,0.0,0.0,0.0,0.0,False,0.0,-230.925,0.0,-230.925,0.0,155.08185664420586,0.0,-75.84314335579415,False,False,False,False,highs,2025-05-16_12:00_16:00,4.0,pay_as_bid,246.13,246.13,246.13,246.13,0.0,0.0,0.0,0.0,0.0,0.0,0.0,2.5,51.02040816326531,-75.84314335579415,-75.84314335579415,0.0,2.1725,2.1725,0.0,1.7646529872499996,0.40784701275000024,0.0,417.2885299261764,417.2885299261764
2025-05-16 15:45:00+02:00,plant_1,2.1725,-0.01,113.46,32.93,32.92,146.39,32.93,74.7,0.0,DE_DA_price,DE_ID3_price,natural_gas_price,,87.88235294117648,83.54096470588236,0.0,0.0,0.0,2.1725,2.5558823529411763,0.0,2.5,0.0,2.5,0.0,0.0,-0.025,0.0,283.65,0.0,0.0,0.0,0.0,0.0,83.54096470588236,83.54096470588236,50.61096470588236,0.0,0.0,0.0,0.0,0.0,0.0,0.0,0.0,False,0.0,-283.67499999999995,0.0,-283.67499999999995,0.0,190.92441176470587,0.0,-92.75058823529409,False,False,False,False,highs,2025-05-16_12:00_16:00,4.0,pay_as_bid,246.13,246.13,246.13,246.13,0.0,0.0,0.0,0.0,0.0,0.0,0.0,2.5,51.02040816326531,-92.75058823529409,-92.75058823529409,0.0,2.1725,2.1725,0.0,2.1725,0.0,0.0,513.7323529411765,513.7323529411765
2025-05-16 16:00:00+02:00,plant_1,2.135,2.98,77.7,32.93,35.91,110.63,63.26,74.7,0.0,DE_DA_price,DE_ID3_price,natural_gas_price,,87.88235294117648,83.54096470588236,2.5,2.135,0.24896907216494846,0.0,0.0,2.5,2.5,0.0,2.5,0.0,2.5,7.45,0.0,194.25,2.5,10.0,2.5,30.33,44.402,83.54096470588236,53.21096470588236,20.28096470588236,75.82499999999999,50.7024117647059,133.0274117647059,50.7024117647059,0.0,2.5,0.0,2.5,False,0.0,-110.97500000000002,82.325,-28.65000000000002,0.0,0.0,0.0,-28.65000000000002,False,False,False,True,highs,2025-05-16_16:00_20:00,4.0,pay_as_bid,74.25,74.25,74.25,74.25,0.0,0.0,0.0,0.0,0.0,0.0,0.0,2.5,50.76635808962761,-28.65000000000002,-28.65000000000002,0.0,2.135,2.135,0.0,0.0,2.135,345.1758991234663,0.0,345.1758991234663
2025-05-16 16:15:00+02:00,plant_1,2.135,2.98,98.89,32.93,35.91,131.82,84.69,74.7,0.0,DE_DA_price,DE_ID3_price,natural_gas_price,,87.88235294117648,83.54096470588236,0.0,0.241439625,0.0,1.8935603749999999,2.227718088235294,0.0,2.5,0.0,2.5,0.0,0.0,7.45,0.0,247.225,0.0,0.0,0.0,51.76,1.658,83.54096470588236,31.78096470588236,-1.1490352941176383,0.0,0.0,0.0,0.0,0.0,0.0,0.0,0.0,False,0.0,-239.775,0.0,-239.775,0.0,166.41054119117646,0.0,-73.36445880882354,False,False,False,False,highs,2025-05-16_16:00_20:00,4.0,pay_as_bid,74.25,74.25,74.25,74.25,0.0,0.0,0.0,0.0,0.0,0.0,0.0,2.5,51.02040816326531,-73.36445880882354,-73.36445880882354,0.0,2.135,2.135,0.0,1.8935603749999999,0.241439625,0.0,447.7713357352941,447.7713357352941
2025-05-16 16:30:00+02:00,plant_1,2.135,2.98,108.98,32.93,35.91,141.91,63.28,74.7,0.0,DE_DA_price,DE_ID3_price,natural_gas_price,,87.88235294117648,83.54096470588236,2.5,2.135,0.24896907216494846,0.0,0.0,2.5,2.5,0.0,2.5,0.0,2.5,7.45,0.0,272.45,2.5,10.0,2.5,30.35,25.362,83.54096470588236,53.19096470588236,20.26096470588236,75.875,50.652411764705896,132.9774117647059,50.652411764705896,0.0,2.5,0.0,2.5,False,0.0,-189.125,82.325,-106.8,0.0,0.0,0.0,-106.8,False,False,False,True,highs,2025-05-16_16:00_20:00,4.0,pay_as_bid,74.25,74.25,74.25,74.25,0.0,0.0,0.0,0.0,0.0,0.0,0.0,2.5,50.76635808962761,-106.8,-106.8,0.0,2.135,2.135,0.0,0.0,2.135,376.96070636060875,0.0,376.96070636060875
2025-05-16 16:45:00+02:00,plant_1,2.135,2.98,127.5,32.93,35.91,160.43,32.93,74.7,0.0,DE_DA_price,DE_ID3_price,natural_gas_price,,87.88235294117648,83.54096470588236,0.0,0.241439625,0.0,1.8935603749999999,2.227718088235294,0.0,2.5,0.0,2.5,0.0,0.0,7.45,0.0,318.75,0.0,0.0,0.0,0.0,0.0,83.54096470588236,83.54096470588236,50.61096470588236,0.0,0.0,0.0,0.0,0.0,0.0,0.0,0.0,False,0.0,-311.3,0.0,-311.3,0.0,166.41054119117646,0.0,-144.88945880882355,False,False,False,False,highs,2025-05-16_16:00_20:00,4.0,pay_as_bid,74.25,74.25,74.25,74.25,0.0,0.0,0.0,0.0,0.0,0.0,0.0,2.5,51.02040816326531,-144.88945880882355,-144.88945880882355,0.0,2.135,2.135,0.0,1.8935603749999999,0.241439625,0.0,447.7713357352941,447.7713357352941
2025-05-16 17:00:00+02:00,plant_1,2.1,69.79,96.28,32.93,102.72,129.21,95.34,74.7,0.0,DE_DA_price,DE_ID3_price,natural_gas_price,,87.88235294117648,83.54096470588236,0.0,0.0,0.0,2.1,2.4705882352941178,0.0,0.0,0.0,0.0,0.0,0.0,0.0,0.0,0.0,0.0,0.0,0.0,62.41,4.921,83.54096470588236,21.130964705882363,-11.799035294117644,0.0,0.0,0.0,0.0,0.0,0.0,0.0,0.0,False,0.0,0.0,0.0,0.0,0.0,184.5529411764706,0.0,184.5529411764706,False,False,False,False,highs,2025-05-16_16:00_20:00,4.0,pay_as_bid,74.25,74.25,74.25,74.25,0.0,0.0,0.0,0.0,0.0,0.0,0.0,2.5,51.02040816326531,184.5529411764706,184.5529411764706,0.0,2.1,2.1,0.0,2.1,0.0,0.0,496.5882352941177,496.5882352941177
2025-05-16 17:15:00+02:00,plant_1,2.1,69.79,105.81,32.93,102.72,138.74,78.39,74.7,0.0,DE_DA_price,DE_ID3_price,natural_gas_price,,87.88235294117648,83.54096470588236,2.5,2.1,0.28505154639175245,0.0,0.0,2.5,0.0,0.0,0.0,0.0,2.5,0.0,0.0,0.0,2.5,10.0,2.5,45.46,6.458,83.54096470588236,38.08096470588236,5.150964705882359,113.65,12.877411764705897,95.2024117647059,12.877411764705897,0.0,2.5,0.0,2.5,False,0.0,113.65,82.325,195.97500000000002,0.0,0.0,0.0,195.97500000000002,False,False,False,True,highs,2025-05-16_16:00_20:00,4.0,pay_as_bid,74.25,74.25,74.25,74.25,0.0,0.0,0.0,0.0,0.0,0.0,0.0,2.5,50.72953923837576,195.97500000000002,195.97500000000002,0.6088799949814057,1.4911200050185944,2.1,0.0,0.0,2.1,457.69567490749205,0.0,457.69567490749205
2025-05-16 17:30:00+02:00,plant_1,2.1,69.79,119.14,32.93,102.72,152.07,72.99000000000001,74.7,0.0,DE_DA_price,DE_ID3_price,natural_gas_price,,87.88235294117648,83.54096470588236,2.5,2.1,0.5700318298969069,0.0,0.0,2.5,0.0,0.0,0.0,0.0,2.5,0.0,0.0,0.0,2.5,10.0,2.5,40.06,19.015,83.54096470588236,43.48096470588236,10.55096470588235,100.15,26.377411764705876,108.70241176470589,26.377411764705876,0.0,2.5,0.0,2.5,False,0.0,100.15,82.325,182.47500000000002,0.0,0.0,0.0,182.47500000000002,False,False,False,True,highs,2025-05-16_16:00_20:00,4.0,pay_as_bid,74.25,74.25,74.25,74.25,0.0,0.0,0.0,0.0,0.0,0.0,0.0,2.5,50.43874303071745,182.47500000000002,182.47500000000002,2.1,0.0,2.1,0.0,0.0,2.1,488.3526479593128,0.0,488.3526479593128
2025-05-16 17:45:00+02:00,plant_1,2.1,69.79,151.56,32.93,102.72,184.49,96.57,74.7,0.0,DE_DA_price,DE_ID3_price,natural_gas_price,,87.88235294117648,83.54096470588236,0.0,0.5527926422812497,0.0,1.5472073577187504,1.8202439502573535,0.0,0.0,0.0,0.0,0.0,0.0,0.0,0.0,0.0,0.0,0.0,0.0,63.64,7.643,83.54096470588236,19.90096470588236,-13.029035294117634,0.0,0.0,0.0,0.0,0.0,0.0,0.0,0.0,False,0.0,0.0,0.0,0.0,0.0,135.9722230842243,0.0,135.9722230842243,False,False,False,False,highs,2025-05-16_16:00_20:00,4.0,pay_as_bid,74.25,74.25,74.25,74.25,0.0,0.0,0.0,0.0,0.0,0.0,0.0,2.5,51.02040816326531,135.9722230842243,135.9722230842243,2.1,0.0,2.1,0.0,1.5472073577187504,0.5527926422812497,0.0,365.86903400172804,365.86903400172804
2025-05-16 18:00:00+02:00,plant_1,2.1,100.05,133.28,32.93,132.98,166.21,88.7,74.7,0.0,DE_DA_price,DE_ID3_price,natural_gas_price,,87.88235294117648,83.54096470588236,0.0,0.0,0.0,2.1,2.4705882352941178,0.0,0.0,0.0,0.0,0.0,0.0,0.0,0.0,0.0,0.0,0.0,0.0,55.77,10.61,83.54096470588236,27.770964705882356,-5.159035294117643,0.0,0.0,0.0,0.0,0.0,0.0,0.0,0.0,False,0.0,0.0,0.0,0.0,0.0,184.5529411764706,0.0,184.5529411764706,False,False,False,False,highs,2025-05-16_16:00_20:00,4.0,pay_as_bid,74.25,74.25,74.25,74.25,0.0,0.0,0.0,0.0,0.0,0.0,0.0,2.5,51.02040816326531,184.5529411764706,184.5529411764706,2.1,0.0,2.1,0.0,2.1,0.0,0.0,496.5882352941177,496.5882352941177
2025-05-16 18:15:00+02:00,plant_1,2.1,100.05,145.16,32.93,132.98,178.09,32.93,74.7,0.0,DE_DA_price,DE_ID3_price,natural_gas_price,,87.88235294117648,83.54096470588236,0.0,0.0,0.0,2.1,2.4705882352941178,0.0,0.0,0.0,0.0,0.0,0.0,0.0,0.0,0.0,0.0,0.0,0.0,0.0,0.0,83.54096470588236,83.54096470588236,50.61096470588236,0.0,0.0,0.0,0.0,0.0,0.0,0.0,0.0,False,0.0,0.0,0.0,0.0,0.0,184.5529411764706,0.0,184.5529411764706,False,False,False,False,highs,2025-05-16_16:00_20:00,4.0,pay_as_bid,74.25,74.25,74.25,74.25,0.0,0.0,0.0,0.0,0.0,0.0,0.0,2.5,51.02040816326531,184.5529411764706,184.5529411764706,2.1,0.0,2.1,0.0,2.1,0.0,0.0,496.5882352941177,496.5882352941177
2025-05-16 18:30:00+02:00,plant_1,2.1,100.05,163.05,32.93,132.98,195.98000000000002,103.22999999999999,74.7,0.0,DE_DA_price,DE_ID3_price,natural_gas_price,,87.88235294117648,83.54096470588236,0.0,0.0,0.0,2.1,2.4705882352941178,0.0,0.0,0.0,0.0,0.0,0.0,0.0,0.0,0.0,0.0,0.0,0.0,70.3,0.154,83.54096470588236,13.240964705882362,-19.68903529411763,0.0,0.0,0.0,0.0,0.0,0.0,0.0,0.0,False,0.0,0.0,0.0,0.0,0.0,184.5529411764706,0.0,184.5529411764706,False,False,False,False,highs,2025-05-16_16:00_20:00,4.0,pay_as_bid,74.25,74.25,74.25,74.25,0.0,0.0,0.0,0.0,0.0,0.0,0.0,2.5,51.02040816326531,184.5529411764706,184.5529411764706,2.1,0.0,2.1,0.0,2.1,0.0,0.0,496.5882352941177,496.5882352941177
2025-05-16 18:45:00+02:00,plant_1,2.1,100.05,186.38,32.93,132.98,219.31,104.83000000000001,74.7,0.0,DE_DA_price,DE_ID3_price,natural_gas_price,,87.88235294117648,83.54096470588236,0.0,0.0,0.0,2.1,2.4705882352941178,0.0,0.0,0.0,0.0,0.0,0.0,0.0,0.0,0.0,0.0,0.0,0.0,71.9,0.0,83.54096470588236,11.640964705882354,-21.289035294117653,0.0,0.0,0.0,0.0,0.0,0.0,0.0,0.0,False,0.0,0.0,0.0,0.0,0.0,184.5529411764706,0.0,184.5529411764706,False,False,False,False,highs,2025-05-16_16:00_20:00,4.0,pay_as_bid,74.25,74.25,74.25,74.25,0.0,0.0,0.0,0.0,0.0,0.0,0.0,2.5,51.02040816326531,184.5529411764706,184.5529411764706,2.1,0.0,2.1,0.0,2.1,0.0,0.0,496.5882352941177,496.5882352941177
2025-05-16 19:00:00+02:00,plant_1,2.1,111.81,171.3,32.93,144.74,204.23000000000002,113.37,74.7,0.0,DE_DA_price,DE_ID3_price,natural_gas_price,,87.88235294117648,83.54096470588236,0.0,0.0,0.0,2.1,2.4705882352941178,0.0,0.0,0.0,0.0,0.0,0.0,0.0,0.0,0.0,0.0,0.0,0.0,80.44,0.197,83.54096470588236,3.1009647058823617,-29.829035294117645,0.0,0.0,0.0,0.0,0.0,0.0,0.0,0.0,False,0.0,0.0,0.0,0.0,0.0,184.5529411764706,0.0,184.5529411764706,False,False,False,False,highs,2025-05-16_16:00_20:00,4.0,pay_as_bid,74.25,74.25,74.25,74.25,0.0,0.0,0.0,0.0,0.0,0.0,0.0,2.5,51.02040816326531,184.5529411764706,184.5529411764706,2.1,0.0,2.1,0.0,2.1,0.0,0.0,496.5882352941177,496.5882352941177
2025-05-16 19:15:00+02:00,plant_1,2.1,111.81,150.57,32.93,144.74,183.5,100.47,74.7,0.0,DE_DA_price,DE_ID3_price,natural_gas_price,,87.88235294117648,83.54096470588236,0.0,0.0,0.0,2.1,2.4705882352941178,0.0,0.0,0.0,0.0,0.0,0.0,0.0,0.0,0.0,0.0,0.0,0.0,67.54,7.358,83.54096470588236,16.000964705882353,-16.92903529411764,0.0,0.0,0.0,0.0,0.0,0.0,0.0,0.0,False,0.0,0.0,0.0,0.0,0.0,184.5529411764706,0.0,184.5529411764706,False,False,False,False,highs,2025-05-16_16:00_20:00,4.0,pay_as_bid,74.25,74.25,74.25,74.25,0.0,0.0,0.0,0.0,0.0,0.0,0.0,2.5,51.02040816326531,184.5529411764706,184.5529411764706,2.1,0.0,2.1,0.0,2.1,0.0,0.0,496.5882352941177,496.5882352941177
2025-05-16 19:30:00+02:00,plant_1,2.1,111.81,130.86,32.93,144.74,163.79000000000002,159.77,74.7,0.0,DE_DA_price,DE_ID3_price,natural_gas_price,,87.88235294117648,83.54096470588236,0.0,0.0,0.0,2.1,2.4705882352941178,0.0,0.0,0.0,0.0,0.0,0.0,0.0,0.0,0.0,0.0,0.0,0.0,126.84,0.161,83.54096470588236,-43.299035294117644,-76.22903529411765,0.0,0.0,0.0,0.0,0.0,0.0,0.0,0.0,False,0.0,0.0,0.0,0.0,0.0,184.5529411764706,0.0,184.5529411764706,False,False,False,False,highs,2025-05-16_16:00_20:00,4.0,pay_as_bid,74.25,74.25,74.25,74.25,0.0,0.0,0.0,0.0,0.0,0.0,0.0,2.5,51.02040816326531,184.5529411764706,184.5529411764706,2.1,0.0,2.1,0.0,2.1,0.0,0.0,496.5882352941177,496.5882352941177
2025-05-16 19:45:00+02:00,plant_1,2.1,111.81,112.89,32.93,144.74,145.82,114.11000000000001,74.7,0.0,DE_DA_price,DE_ID3_price,natural_gas_price,,87.88235294117648,83.54096470588236,0.0,0.0,0.0,2.1,2.4705882352941178,0.0,0.0,0.0,0.0,0.0,0.0,0.0,0.0,0.0,0.0,0.0,0.0,81.18,4.302,83.54096470588236,2.3609647058823526,-30.569035294117654,0.0,0.0,0.0,0.0,0.0,0.0,0.0,0.0,False,0.0,0.0,0.0,0.0,0.0,184.5529411764706,0.0,184.5529411764706,False,False,False,False,highs,2025-05-16_16:00_20:00,4.0,pay_as_bid,74.25,74.25,74.25,74.25,0.0,0.0,0.0,0.0,0.0,0.0,0.0,2.5,51.02040816326531,184.5529411764706,184.5529411764706,2.1,0.0,2.1,0.0,2.1,0.0,0.0,496.5882352941177,496.5882352941177
2025-05-16 20:00:00+02:00,plant_1,2.1,154.91,132.33,32.93,187.84,165.26000000000002,121.53,74.7,0.0,DE_DA_price,DE_ID3_price,natural_gas_price,,87.88235294117648,83.54096470588236,0.0,0.0,0.0,2.1,2.4705882352941178,0.0,0.0,0.0,0.0,0.0,0.0,0.0,0.0,0.0,0.0,0.0,0.0,88.6,0.037,83.54096470588236,-5.059035294117635,-37.98903529411764,0.0,0.0,0.0,0.0,0.0,0.0,0.0,0.0,False,0.0,0.0,0.0,0.0,0.0,184.5529411764706,0.0,184.5529411764706,False,False,False,False,highs,2025-05-16_20:00_00:00,4.0,pay_as_bid,3.41,3.41,3.41,3.41,0.0,0.0,0.0,0.0,0.0,0.0,0.0,2.5,51.02040816326531,184.5529411764706,184.5529411764706,2.1,0.0,2.1,0.0,2.1,0.0,0.0,496.5882352941177,496.5882352941177
2025-05-16 20:15:00+02:00,plant_1,2.1,154.91,120.12,32.93,187.84,153.05,32.93,74.7,0.0,DE_DA_price,DE_ID3_price,natural_gas_price,,87.88235294117648,83.54096470588236,0.0,0.0,0.0,2.1,2.4705882352941178,0.0,0.0,0.0,0.0,0.0,0.0,0.0,0.0,0.0,0.0,0.0,0.0,0.0,0.0,83.54096470588236,83.54096470588236,50.61096470588236,0.0,0.0,0.0,0.0,0.0,0.0,0.0,0.0,False,0.0,0.0,0.0,0.0,0.0,184.5529411764706,0.0,184.5529411764706,False,False,False,False,highs,2025-05-16_20:00_00:00,4.0,pay_as_bid,3.41,3.41,3.41,3.41,0.0,0.0,0.0,0.0,0.0,0.0,0.0,2.5,51.02040816326531,184.5529411764706,184.5529411764706,2.1,0.0,2.1,0.0,2.1,0.0,0.0,496.5882352941177,496.5882352941177
2025-05-16 20:30:00+02:00,plant_1,2.1,154.91,102.99,32.93,187.84,135.92,32.93,74.7,0.0,DE_DA_price,DE_ID3_price,natural_gas_price,,87.88235294117648,83.54096470588236,0.0,0.0,0.0,2.1,2.4705882352941178,0.0,0.0,0.0,0.0,0.0,0.0,0.0,0.0,0.0,0.0,0.0,0.0,0.0,0.0,83.54096470588236,83.54096470588236,50.61096470588236,0.0,0.0,0.0,0.0,0.0,0.0,0.0,0.0,False,0.0,0.0,0.0,0.0,0.0,184.5529411764706,0.0,184.5529411764706,False,False,False,False,highs,2025-05-16_20:00_00:00,4.0,pay_as_bid,3.41,3.41,3.41,3.41,0.0,0.0,0.0,0.0,0.0,0.0,0.0,2.5,51.02040816326531,184.5529411764706,184.5529411764706,2.1,0.0,2.1,0.0,2.1,0.0,0.0,496.5882352941177,496.5882352941177
2025-05-16 20:45:00+02:00,plant_1,2.1,154.91,101.44,32.93,187.84,134.37,32.93,74.7,0.0,DE_DA_price,DE_ID3_price,natural_gas_price,,87.88235294117648,83.54096470588236,0.0,0.0,0.0,2.1,2.4705882352941178,0.0,0.0,0.0,0.0,0.0,0.0,0.0,0.0,0.0,0.0,0.0,0.0,0.0,0.0,83.54096470588236,83.54096470588236,50.61096470588236,0.0,0.0,0.0,0.0,0.0,0.0,0.0,0.0,False,0.0,0.0,0.0,0.0,0.0,184.5529411764706,0.0,184.5529411764706,False,False,False,False,highs,2025-05-16_20:00_00:00,4.0,pay_as_bid,3.41,3.41,3.41,3.41,0.0,0.0,0.0,0.0,0.0,0.0,0.0,2.5,51.02040816326531,184.5529411764706,184.5529411764706,2.1,0.0,2.1,0.0,2.1,0.0,0.0,496.5882352941177,496.5882352941177
2025-05-16 21:00:00+02:00,plant_1,2.1,143.23,130.9,32.93,176.16,163.83,126.25,74.7,0.0,DE_DA_price,DE_ID3_price,natural_gas_price,,87.88235294117648,83.54096470588236,0.0,0.0,0.0,2.1,2.4705882352941178,0.0,0.0,0.0,0.0,0.0,0.0,0.0,0.0,0.0,0.0,0.0,0.0,93.32,0.018,83.54096470588236,-9.779035294117634,-42.70903529411764,0.0,0.0,0.0,0.0,0.0,0.0,0.0,0.0,False,0.0,0.0,0.0,0.0,0.0,184.5529411764706,0.0,184.5529411764706,False,False,False,False,highs,2025-05-16_20:00_00:00,4.0,pay_as_bid,3.41,3.41,3.41,3.41,0.0,0.0,0.0,0.0,0.0,0.0,0.0,2.5,51.02040816326531,184.5529411764706,184.5529411764706,2.1,0.0,2.1,0.0,2.1,0.0,0.0,496.5882352941177,496.5882352941177
2025-05-16 21:15:00+02:00,plant_1,2.1,143.23,104.8,32.93,176.16,137.73,112.07,74.7,0.0,DE_DA_price,DE_ID3_price,natural_gas_price,,87.88235294117648,83.54096470588236,0.0,0.0,0.0,2.1,2.4705882352941178,0.0,0.0,0.0,0.0,0.0,0.0,0.0,0.0,0.0,0.0,0.0,0.0,79.14,0.091,83.54096470588236,4.400964705882359,-28.529035294117634,0.0,0.0,0.0,0.0,0.0,0.0,0.0,0.0,False,0.0,0.0,0.0,0.0,0.0,184.5529411764706,0.0,184.5529411764706,False,False,False,False,highs,2025-05-16_20:00_00:00,4.0,pay_as_bid,3.41,3.41,3.41,3.41,0.0,0.0,0.0,0.0,0.0,0.0,0.0,2.5,51.02040816326531,184.5529411764706,184.5529411764706,2.1,0.0,2.1,0.0,2.1,0.0,0.0,496.5882352941177,496.5882352941177
2025-05-16 21:30:00+02:00,plant_1,2.1,143.23,94.15,32.93,176.16,127.08000000000001,130.48,74.7,0.0,DE_DA_price,DE_ID3_price,natural_gas_price,,87.88235294117648,83.54096470588236,0.0,0.0,0.0,2.1,2.4705882352941178,0.0,0.0,0.0,0.0,0.0,0.0,0.0,0.0,0.0,0.0,0.0,0.0,97.55,0.023,83.54096470588236,-14.009035294117638,-46.93903529411763,0.0,0.0,0.0,0.0,0.0,0.0,0.0,0.0,False,0.0,0.0,0.0,0.0,0.0,184.5529411764706,0.0,184.5529411764706,False,False,False,False,highs,2025-05-16_20:00_00:00,4.0,pay_as_bid,3.41,3.41,3.41,3.41,0.0,0.0,0.0,0.0,0.0,0.0,0.0,2.5,51.02040816326531,184.5529411764706,184.5529411764706,2.1,0.0,2.1,0.0,2.1,0.0,0.0,496.5882352941177,496.5882352941177
2025-05-16 21:45:00+02:00,plant_1,2.1,143.23,85.89,32.93,176.16,118.82,88.99000000000001,74.7,0.0,DE_DA_price,DE_ID3_price,natural_gas_price,,87.88235294117648,83.54096470588236,0.0,0.0,0.0,2.1,2.4705882352941178,0.0,0.0,0.0,0.0,0.0,0.0,0.0,0.0,0.0,0.0,0.0,0.0,56.06,11.653,83.54096470588236,27.480964705882357,-5.44903529411765,0.0,0.0,0.0,0.0,0.0,0.0,0.0,0.0,False,0.0,0.0,0.0,0.0,0.0,184.5529411764706,0.0,184.5529411764706,False,False,False,False,highs,2025-05-16_20:00_00:00,4.0,pay_as_bid,3.41,3.41,3.41,3.41,0.0,0.0,0.0,0.0,0.0,0.0,0.0,2.5,51.02040816326531,184.5529411764706,184.5529411764706,2.1,0.0,2.1,0.0,2.1,0.0,0.0,496.5882352941177,496.5882352941177
2025-05-16 22:00:00+02:00,plant_1,2.1,116.08,109.31,32.93,149.01,142.24,76.27000000000001,74.7,0.0,DE_DA_price,DE_ID3_price,natural_gas_price,,87.88235294117648,83.54096470588236,2.5,2.1,0.28505154639175245,0.0,0.0,2.5,0.0,0.0,0.0,0.0,2.5,0.0,0.0,0.0,2.5,10.0,2.5,43.34,48.672,83.54096470588236,40.200964705882356,7.270964705882349,108.35000000000001,18.177411764705873,100.5024117647059,18.177411764705873,0.0,2.5,0.0,2.5,False,0.0,108.35000000000001,82.325,190.675,0.0,0.0,0.0,190.675,False,False,False,True,highs,2025-05-16_20:00_00:00,4.0,pay_as_bid,3.41,3.41,3.41,3.41,0.0,0.0,0.0,0.0,0.0,0.0,0.0,2.5,50.72953923837576,190.675,190.675,2.1,0.0,2.1,0.0,0.0,2.1,854.6051469428528,0.0,854.6051469428528
2025-05-16 22:15:00+02:00,plant_1,2.1,116.08,102.21,32.93,149.01,135.14,74.09,74.7,0.0,DE_DA_price,DE_ID3_price,natural_gas_price,,87.88235294117648,83.54096470588236,2.5,2.1,0.5700318298969069,0.0,0.0,2.5,0.0,0.0,0.0,0.0,2.5,0.0,0.0,0.0,2.5,10.0,2.5,41.16,73.854,83.54096470588236,42.38096470588236,9.450964705882356,102.89999999999999,23.62741176470589,105.95241176470591,23.62741176470589,0.0,2.5,0.0,2.5,False,0.0,102.89999999999999,82.325,185.225,0.0,0.0,0.0,185.225,False,False,False,True,highs,2025-05-16_20:00_00:00,4.0,pay_as_bid,3.41,3.41,3.41,3.41,0.0,0.0,0.0,0.0,0.0,0.0,0.0,2.5,50.43874303071745,185.225,185.225,2.1,0.0,2.1,0.0,0.0,2.1,862.0396870000001,0.0,862.0396870000001
2025-05-16 22:30:00+02:00,plant_1,2.1,116.08,98.2,32.93,149.01,131.13,111.25999999999999,74.7,0.0,DE_DA_price,DE_ID3_price,natural_gas_price,,87.88235294117648,83.54096470588236,0.0,0.5527926422812497,0.0,1.5472073577187504,1.8202439502573535,0.0,0.0,0.0,0.0,0.0,0.0,0.0,0.0,0.0,0.0,0.0,0.0,78.33,11.253,83.54096470588236,5.210964705882361,-27.71903529411763,0.0,0.0,0.0,0.0,0.0,0.0,0.0,0.0,False,0.0,0.0,0.0,0.0,0.0,135.9722230842243,0.0,135.9722230842243,False,False,False,False,highs,2025-05-16_20:00_00:00,4.0,pay_as_bid,3.41,3.41,3.41,3.41,0.0,0.0,0.0,0.0,0.0,0.0,0.0,2.5,51.02040816326531,135.9722230842243,135.9722230842243,2.1,0.0,2.1,0.0,1.5472073577187504,0.5527926422812497,0.0,365.86903400172804,365.86903400172804
2025-05-16 22:45:00+02:00,plant_1,2.1,116.08,89.73,32.93,149.01,122.66,103.30000000000001,74.7,0.0,DE_DA_price,DE_ID3_price,natural_gas_price,,87.88235294117648,83.54096470588236,0.0,0.0,0.0,2.1,2.4705882352941178,0.0,0.0,0.0,0.0,0.0,0.0,0.0,0.0,0.0,0.0,0.0,0.0,70.37,0.4,83.54096470588236,13.170964705882355,-19.759035294117652,0.0,0.0,0.0,0.0,0.0,0.0,0.0,0.0,False,0.0,0.0,0.0,0.0,0.0,184.5529411764706,0.0,184.5529411764706,False,False,False,False,highs,2025-05-16_20:00_00:00,4.0,pay_as_bid,3.41,3.41,3.41,3.41,0.0,0.0,0.0,0.0,0.0,0.0,0.0,2.5,51.02040816326531,184.5529411764706,184.5529411764706,2.1,0.0,2.1,0.0,2.1,0.0,0.0,496.5882352941177,496.5882352941177
2025-05-16 23:00:00+02:00,plant_1,2.0875,102.08,104.64,32.93,135.01,137.57,83.92,74.7,0.0,DE_DA_price,DE_ID3_price,natural_gas_price,,87.88235294117648,83.54096470588236,0.0,0.0,0.0,2.0875,2.4558823529411766,0.0,0.0,0.0,0.0,0.0,0.0,0.0,0.0,0.0,0.0,0.0,0.0,50.99,9.086,83.54096470588236,32.55096470588236,-0.37903529411764225,0.0,0.0,0.0,0.0,0.0,0.0,0.0,0.0,False,0.0,0.0,0.0,0.0,0.0,183.4544117647059,0.0,183.4544117647059,False,False,False,False,highs,2025-05-16_20:00_00:00,4.0,pay_as_bid,3.41,3.41,3.41,3.41,0.0,0.0,0.0,0.0,0.0,0.0,0.0,2.5,51.02040816326531,183.4544117647059,183.4544117647059,2.0875,0.0,2.0875,0.0,2.0875,0.0,0.0,493.6323529411765,493.6323529411765
2025-05-16 23:15:00+02:00,plant_1,2.0875,102.08,94.93,32.93,135.01,127.86000000000001,82.3,74.7,0.0,DE_DA_price,DE_ID3_price,natural_gas_price,,87.88235294117648,83.54096470588236,2.5,2.0875,0.29793814432989674,0.0,0.0,2.5,0.0,0.0,0.0,0.0,2.5,0.0,0.0,0.0,2.5,10.0,2.5,49.37,14.544,83.54096470588236,34.17096470588236,1.2409647058823623,123.425,3.1024117647059057,85.42741176470591,3.1024117647059057,0.0,2.5,0.0,2.5,False,0.0,123.425,82.325,205.75,0.0,0.0,0.0,205.75,False,False,False,True,highs,2025-05-16_20:00_00:00,4.0,pay_as_bid,3.41,3.41,3.41,3.41,0.0,0.0,0.0,0.0,0.0,0.0,0.0,2.5,50.71638964864296,205.75,205.75,2.0875,0.0,2.0875,0.0,0.0,2.0875,885.04862525,0.0,885.04862525
2025-05-16 23:30:00+02:00,plant_1,2.0875,102.08,98.45,32.93,135.01,131.38,101.53,74.7,0.0,DE_DA_price,DE_ID3_price,natural_gas_price,,87.88235294117648,83.54096470588236,0.0,0.2889277499999998,0.0,1.79857225,2.1159673529411767,0.0,0.0,0.0,0.0,0.0,0.0,0.0,0.0,0.0,0.0,0.0,0.0,68.6,9.532,83.54096470588236,14.940964705882365,-17.98903529411764,0.0,0.0,0.0,0.0,0.0,0.0,0.0,0.0,False,0.0,0.0,0.0,0.0,0.0,158.0627612647059,0.0,158.0627612647059,False,False,False,False,highs,2025-05-16_20:00_00:00,4.0,pay_as_bid,3.41,3.41,3.41,3.41,0.0,0.0,0.0,0.0,0.0,0.0,0.0,2.5,51.02040816326531,158.0627612647059,158.0627612647059,2.0875,0.0,2.0875,0.0,1.79857225,0.2889277499999998,0.0,425.3094379411765,425.3094379411765
2025-05-16 23:45:00+02:00,plant_1,2.0875,102.08,94.4,32.93,135.01,127.33000000000001,81.46000000000001,74.7,0.0,DE_DA_price,DE_ID3_price,natural_gas_price,,87.88235294117648,83.54096470588236,2.5,2.0875,0.29793814432989674,0.0,0.0,2.5,0.0,0.0,0.0,0.0,2.5,0.0,0.0,0.0,2.5,10.0,2.5,48.53,11.301,83.54096470588236,35.01096470588236,2.0809647058823515,121.325,5.202411764705879,87.5274117647059,5.202411764705879,0.0,2.5,0.0,2.5,False,0.0,121.325,82.325,203.65,0.0,0.0,0.0,203.65,False,False,False,True,highs,2025-05-16_20:00_00:00,4.0,pay_as_bid,3.41,3.41,3.41,3.41,0.0,0.0,0.0,0.0,0.0,0.0,0.0,2.5,50.71638964864296,203.65,203.65,2.0875,0.0,2.0875,0.0,0.0,2.0875,914.1245141850682,0.0,914.1245141850682
2025-05-17 00:00:00+02:00,plant_1,2.0875,93.0,100.6,32.93,125.93,133.53,78.02000000000001,74.7,0.0,DE_DA_price,DE_ID3_price,natural_gas_price,,87.88235294117648,83.54096470588236,2.5,2.0875,0.595801804123711,0.0,0.0,2.5,0.0,0.0,0.0,0.0,2.5,0.0,0.0,0.0,2.5,10.0,2.5,45.09,3.824,83.54096470588236,38.450964705882356,5.520964705882349,112.72500000000001,13.802411764705873,96.1274117647059,13.802411764705873,0.0,2.5,0.0,2.5,False,0.0,112.72500000000001,82.325,195.05,0.0,0.0,0.0,195.05,False,False,False,True,highs,2025-05-17_00:00_04:00,4.0,pay_as_bid,5.44,5.44,5.44,5.44,0.0,0.0,0.0,0.0,0.0,0.0,0.0,2.5,50.41244713864928,195.05,195.05,1.79857225,0.2889277499999998,1.79857225,0.2889277499999998,0.0,2.0875,877.8989860102251,0.0,877.8989860102251
2025-05-17 00:15:00+02:00,plant_1,2.0875,93.0,103.93,32.93,125.93,136.86,125.52000000000001,74.7,0.0,DE_DA_price,DE_ID3_price,natural_gas_price,,87.88235294117648,83.54096470588236,0.0,0.5777832680624996,0.0,1.5097167319375004,1.776137331691177,0.0,0.0,0.0,0.0,0.0,0.0,0.0,0.0,0.0,0.0,0.0,0.0,92.59,0.086,83.54096470588236,-9.049035294117644,-41.97903529411765,0.0,0.0,0.0,0.0,0.0,0.0,0.0,0.0,False,0.0,0.0,0.0,0.0,0.0,132.67745867733092,0.0,132.67745867733092,False,False,False,False,highs,2025-05-17_00:00_04:00,4.0,pay_as_bid,5.44,5.44,5.44,5.44,0.0,0.0,0.0,0.0,0.0,0.0,0.0,2.5,51.02040816326531,132.67745867733092,132.67745867733092,2.0875,0.0,2.0875,0.0,1.5097167319375004,0.5777832680624996,0.0,357.0036036699266,357.0036036699266
2025-05-17 00:30:00+02:00,plant_1,2.0875,93.0,106.65,32.93,125.93,139.58,32.93,74.7,0.0,DE_DA_price,DE_ID3_price,natural_gas_price,,87.88235294117648,83.54096470588236,0.0,0.0,0.0,2.0875,2.4558823529411766,0.0,0.0,0.0,0.0,0.0,0.0,0.0,0.0,0.0,0.0,0.0,0.0,0.0,0.0,83.54096470588236,83.54096470588236,50.61096470588236,0.0,0.0,0.0,0.0,0.0,0.0,0.0,0.0,False,0.0,0.0,0.0,0.0,0.0,183.4544117647059,0.0,183.4544117647059,False,False,False,False,highs,2025-05-17_00:00_04:00,4.0,pay_as_bid,5.44,5.44,5.44,5.44,0.0,0.0,0.0,0.0,0.0,0.0,0.0,2.5,51.02040816326531,183.4544117647059,183.4544117647059,2.0875,0.0,2.0875,0.0,2.0875,0.0,0.0,493.6323529411765,493.6323529411765
2025-05-17 00:45:00+02:00,plant_1,2.0875,93.0,99.2,32.93,125.93,132.13,32.93,74.7,0.0,DE_DA_price,DE_ID3_price,natural_gas_price,,87.88235294117648,83.54096470588236,0.0,0.0,0.0,2.0875,2.4558823529411766,0.0,0.0,0.0,0.0,0.0,0.0,0.0,0.0,0.0,0.0,0.0,0.0,0.0,0.0,83.54096470588236,83.54096470588236,50.61096470588236,0.0,0.0,0.0,0.0,0.0,0.0,0.0,0.0,False,0.0,0.0,0.0,0.0,0.0,183.4544117647059,0.0,183.4544117647059,False,False,False,False,highs,2025-05-17_00:00_04:00,4.0,pay_as_bid,5.44,5.44,5.44,5.44,0.0,0.0,0.0,0.0,0.0,0.0,0.0,2.5,51.02040816326531,183.4544117647059,183.4544117647059,2.0875,0.0,2.0875,0.0,2.0875,0.0,0.0,493.6323529411765,493.6323529411765
2025-05-17 01:00:00+02:00,plant_1,2.0125,93.48,103.71,32.93,126.41,136.64,125.93,74.7,0.0,DE_DA_price,DE_ID3_price,natural_gas_price,,87.88235294117648,83.54096470588236,0.0,0.0,0.0,2.0125,2.36764705882353,0.0,0.0,0.0,0.0,0.0,0.0,0.0,0.0,0.0,0.0,0.0,0.0,93.0,0.045,83.54096470588236,-9.45903529411764,-42.38903529411765,0.0,0.0,0.0,0.0,0.0,0.0,0.0,0.0,False,0.0,0.0,0.0,0.0,0.0,176.8632352941177,0.0,176.8632352941177,False,False,False,False,highs,2025-05-17_00:00_04:00,4.0,pay_as_bid,5.44,5.44,5.44,5.44,0.0,0.0,0.0,0.0,0.0,0.0,0.0,2.5,51.02040816326531,176.8632352941177,176.8632352941177,2.0125,0.0,2.0125,0.0,2.0125,0.0,0.0,475.8970588235295,475.8970588235295
2025-05-17 01:15:00+02:00,plant_1,2.0125,93.48,100.37,32.93,126.41,133.3,151.93,74.7,0.0,DE_DA_price,DE_ID3_price,natural_gas_price,,87.88235294117648,83.54096470588236,0.0,0.0,0.0,2.0125,2.36764705882353,0.0,0.0,0.0,0.0,0.0,0.0,0.0,0.0,0.0,0.0,0.0,0.0,119.0,0.075,83.54096470588236,-35.45903529411764,-68.38903529411765,0.0,0.0,0.0,0.0,0.0,0.0,0.0,0.0,False,0.0,0.0,0.0,0.0,0.0,176.8632352941177,0.0,176.8632352941177,False,False,False,False,highs,2025-05-17_00:00_04:00,4.0,pay_as_bid,5.44,5.44,5.44,5.44,0.0,0.0,0.0,0.0,0.0,0.0,0.0,2.5,51.02040816326531,176.8632352941177,176.8632352941177,2.0125,0.0,2.0125,0.0,2.0125,0.0,0.0,475.8970588235295,475.8970588235295
2025-05-17 01:30:00+02:00,plant_1,2.0125,93.48,98.37,32.93,126.41,131.3,32.93,74.7,0.0,DE_DA_price,DE_ID3_price,natural_gas_price,,87.88235294117648,83.54096470588236,0.0,0.0,0.0,2.0125,2.36764705882353,0.0,0.0,0.0,0.0,0.0,0.0,0.0,0.0,0.0,0.0,0.0,0.0,0.0,0.0,83.54096470588236,83.54096470588236,50.61096470588236,0.0,0.0,0.0,0.0,0.0,0.0,0.0,0.0,False,0.0,0.0,0.0,0.0,0.0,176.8632352941177,0.0,176.8632352941177,False,False,False,False,highs,2025-05-17_00:00_04:00,4.0,pay_as_bid,5.44,5.44,5.44,5.44,0.0,0.0,0.0,0.0,0.0,0.0,0.0,2.5,51.02040816326531,176.8632352941177,176.8632352941177,2.0125,0.0,2.0125,0.0,2.0125,0.0,0.0,475.8970588235295,475.8970588235295
2025-05-17 01:45:00+02:00,plant_1,2.0125,93.48,95.78,32.93,126.41,128.71,32.93,74.7,0.0,DE_DA_price,DE_ID3_price,natural_gas_price,,87.88235294117648,83.54096470588236,0.0,0.0,0.0,2.0125,2.36764705882353,0.0,0.0,0.0,0.0,0.0,0.0,0.0,0.0,0.0,0.0,0.0,0.0,0.0,0.0,83.54096470588236,83.54096470588236,50.61096470588236,0.0,0.0,0.0,0.0,0.0,0.0,0.0,0.0,False,0.0,0.0,0.0,0.0,0.0,176.8632352941177,0.0,176.8632352941177,False,False,False,False,highs,2025-05-17_00:00_04:00,4.0,pay_as_bid,5.44,5.44,5.44,5.44,0.0,0.0,0.0,0.0,0.0,0.0,0.0,2.5,51.02040816326531,176.8632352941177,176.8632352941177,2.0125,0.0,2.0125,0.0,2.0125,0.0,0.0,475.8970588235295,475.8970588235295
2025-05-17 02:00:00+02:00,plant_1,2.0125,88.93,97.66,32.93,121.86000000000001,130.59,32.93,74.7,0.0,DE_DA_price,DE_ID3_price,natural_gas_price,,87.88235294117648,83.54096470588236,0.0,0.0,0.0,2.0125,2.36764705882353,0.0,0.0,0.0,0.0,0.0,0.0,0.0,0.0,0.0,0.0,0.0,0.0,0.0,0.0,83.54096470588236,83.54096470588236,50.61096470588236,0.0,0.0,0.0,0.0,0.0,0.0,0.0,0.0,False,0.0,0.0,0.0,0.0,0.0,176.8632352941177,0.0,176.8632352941177,False,False,False,False,highs,2025-05-17_00:00_04:00,4.0,pay_as_bid,5.44,5.44,5.44,5.44,0.0,0.0,0.0,0.0,0.0,0.0,0.0,2.5,51.02040816326531,176.8632352941177,176.8632352941177,2.0125,0.0,2.0125,0.0,2.0125,0.0,0.0,475.8970588235295,475.8970588235295
2025-05-17 02:15:00+02:00,plant_1,2.0125,88.93,95.04,32.93,121.86000000000001,127.97,32.93,74.7,0.0,DE_DA_price,DE_ID3_price,natural_gas_price,,87.88235294117648,83.54096470588236,0.0,0.0,0.0,2.0125,2.36764705882353,0.0,0.0,0.0,0.0,0.0,0.0,0.0,0.0,0.0,0.0,0.0,0.0,0.0,0.0,83.54096470588236,83.54096470588236,50.61096470588236,0.0,0.0,0.0,0.0,0.0,0.0,0.0,0.0,False,0.0,0.0,0.0,0.0,0.0,176.8632352941177,0.0,176.8632352941177,False,False,False,False,highs,2025-05-17_00:00_04:00,4.0,pay_as_bid,5.44,5.44,5.44,5.44,0.0,0.0,0.0,0.0,0.0,0.0,0.0,2.5,51.02040816326531,176.8632352941177,176.8632352941177,2.0125,0.0,2.0125,0.0,2.0125,0.0,0.0,475.8970588235295,475.8970588235295
2025-05-17 02:30:00+02:00,plant_1,2.0125,88.93,95.23,32.93,121.86000000000001,128.16,32.93,74.7,0.0,DE_DA_price,DE_ID3_price,natural_gas_price,,87.88235294117648,83.54096470588236,0.0,0.0,0.0,2.0125,2.36764705882353,0.0,0.0,0.0,0.0,0.0,0.0,0.0,0.0,0.0,0.0,0.0,0.0,0.0,0.0,83.54096470588236,83.54096470588236,50.61096470588236,0.0,0.0,0.0,0.0,0.0,0.0,0.0,0.0,False,0.0,0.0,0.0,0.0,0.0,176.8632352941177,0.0,176.8632352941177,False,False,False,False,highs,2025-05-17_00:00_04:00,4.0,pay_as_bid,5.44,5.44,5.44,5.44,0.0,0.0,0.0,0.0,0.0,0.0,0.0,2.5,51.02040816326531,176.8632352941177,176.8632352941177,2.0125,0.0,2.0125,0.0,2.0125,0.0,0.0,475.8970588235295,475.8970588235295
2025-05-17 02:45:00+02:00,plant_1,2.0125,88.93,92.98,32.93,121.86000000000001,125.91,32.93,74.7,0.0,DE_DA_price,DE_ID3_price,natural_gas_price,,87.88235294117648,83.54096470588236,0.0,0.0,0.0,2.0125,2.36764705882353,0.0,0.0,0.0,0.0,0.0,0.0,0.0,0.0,0.0,0.0,0.0,0.0,0.0,0.0,83.54096470588236,83.54096470588236,50.61096470588236,0.0,0.0,0.0,0.0,0.0,0.0,0.0,0.0,False,0.0,0.0,0.0,0.0,0.0,176.8632352941177,0.0,176.8632352941177,False,False,False,False,highs,2025-05-17_00:00_04:00,4.0,pay_as_bid,5.44,5.44,5.44,5.44,0.0,0.0,0.0,0.0,0.0,0.0,0.0,2.5,51.02040816326531,176.8632352941177,176.8632352941177,2.0125,0.0,2.0125,0.0,2.0125,0.0,0.0,475.8970588235295,475.8970588235295
2025-05-17 03:00:00+02:00,plant_1,2.0125,88.9,95.73,32.93,121.83000000000001,128.66,32.93,74.7,0.0,DE_DA_price,DE_ID3_price,natural_gas_price,,87.88235294117648,83.54096470588236,0.0,0.0,0.0,2.0125,2.36764705882353,0.0,0.0,0.0,0.0,0.0,0.0,0.0,0.0,0.0,0.0,0.0,0.0,0.0,0.0,83.54096470588236,83.54096470588236,50.61096470588236,0.0,0.0,0.0,0.0,0.0,0.0,0.0,0.0,False,0.0,0.0,0.0,0.0,0.0,176.8632352941177,0.0,176.8632352941177,False,False,False,False,highs,2025-05-17_00:00_04:00,4.0,pay_as_bid,5.44,5.44,5.44,5.44,0.0,0.0,0.0,0.0,0.0,0.0,0.0,2.5,51.02040816326531,176.8632352941177,176.8632352941177,2.0125,0.0,2.0125,0.0,2.0125,0.0,0.0,475.8970588235295,475.8970588235295
2025-05-17 03:15:00+02:00,plant_1,2.0125,88.9,91.04,32.93,121.83000000000001,123.97,32.93,74.7,0.0,DE_DA_price,DE_ID3_price,natural_gas_price,,87.88235294117648,83.54096470588236,0.0,0.0,0.0,2.0125,2.36764705882353,0.0,0.0,0.0,0.0,0.0,0.0,0.0,0.0,0.0,0.0,0.0,0.0,0.0,0.0,83.54096470588236,83.54096470588236,50.61096470588236,0.0,0.0,0.0,0.0,0.0,0.0,0.0,0.0,False,0.0,0.0,0.0,0.0,0.0,176.8632352941177,0.0,176.8632352941177,False,False,False,False,highs,2025-05-17_00:00_04:00,4.0,pay_as_bid,5.44,5.44,5.44,5.44,0.0,0.0,0.0,0.0,0.0,0.0,0.0,2.5,51.02040816326531,176.8632352941177,176.8632352941177,2.0125,0.0,2.0125,0.0,2.0125,0.0,0.0,475.8970588235295,475.8970588235295
2025-05-17 03:30:00+02:00,plant_1,2.0125,88.9,89.36,32.93,121.83000000000001,122.28999999999999,32.93,74.7,0.0,DE_DA_price,DE_ID3_price,natural_gas_price,,87.88235294117648,83.54096470588236,0.0,0.0,0.0,2.0125,2.36764705882353,0.0,0.0,0.0,0.0,0.0,0.0,0.0,0.0,0.0,0.0,0.0,0.0,0.0,0.0,83.54096470588236,83.54096470588236,50.61096470588236,0.0,0.0,0.0,0.0,0.0,0.0,0.0,0.0,False,0.0,0.0,0.0,0.0,0.0,176.8632352941177,0.0,176.8632352941177,False,False,False,False,highs,2025-05-17_00:00_04:00,4.0,pay_as_bid,5.44,5.44,5.44,5.44,0.0,0.0,0.0,0.0,0.0,0.0,0.0,2.5,51.02040816326531,176.8632352941177,176.8632352941177,2.0125,0.0,2.0125,0.0,2.0125,0.0,0.0,475.8970588235295,475.8970588235295
2025-05-17 03:45:00+02:00,plant_1,2.0125,88.9,85.63,32.93,121.83000000000001,118.56,103.97999999999999,74.7,0.0,DE_DA_price,DE_ID3_price,natural_gas_price,,87.88235294117648,83.54096470588236,0.0,0.0,0.0,2.0125,2.36764705882353,0.0,0.0,0.0,0.0,0.0,0.0,0.0,0.0,0.0,0.0,0.0,0.0,71.05,0.612,83.54096470588236,12.490964705882362,-20.43903529411763,0.0,0.0,0.0,0.0,0.0,0.0,0.0,0.0,False,0.0,0.0,0.0,0.0,0.0,176.8632352941177,0.0,176.8632352941177,False,False,False,False,highs,2025-05-17_00:00_04:00,4.0,pay_as_bid,5.44,5.44,5.44,5.44,0.0,0.0,0.0,0.0,0.0,0.0,0.0,2.5,51.02040816326531,176.8632352941177,176.8632352941177,2.0125,0.0,2.0125,0.0,2.0125,0.0,0.0,475.8970588235295,475.8970588235295
2025-05-17 04:00:00+02:00,plant_1,2.0125,89.89,93.28,32.93,122.82,126.21000000000001,75.49000000000001,74.7,0.0,DE_DA_price,DE_ID3_price,natural_gas_price,,87.88235294117648,83.54096470588236,2.5,2.0125,0.37525773195876244,0.0,0.0,2.5,0.0,0.0,0.0,0.0,2.5,0.0,0.0,0.0,2.5,10.0,2.5,42.56,33.46,83.54096470588236,40.98096470588236,8.05096470588235,106.4,20.127411764705876,102.45241176470589,20.127411764705876,0.0,2.5,0.0,2.5,False,0.0,106.4,82.325,188.72500000000002,0.0,0.0,0.0,188.72500000000002,False,False,False,True,highs,2025-05-17_04:00_08:00,4.0,pay_as_bid,4.39,4.39,4.39,4.39,0.0,0.0,0.0,0.0,0.0,0.0,0.0,2.5,50.637492110246164,188.72500000000002,188.72500000000002,2.0125,0.0,2.0125,0.0,0.0,2.0125,863.1368172499999,0.0,863.1368172499999
2025-05-17 04:15:00+02:00,plant_1,2.0125,89.89,90.34,32.93,122.82,123.27000000000001,75.43,74.7,0.0,DE_DA_price,DE_ID3_price,natural_gas_price,,87.88235294117648,83.54096470588236,2.5,2.0125,0.7504216494845353,0.0,0.0,2.5,0.0,0.0,0.0,0.0,2.5,0.0,0.0,0.0,2.5,10.0,2.5,42.5,48.367,83.54096470588236,41.04096470588236,8.110964705882353,106.25,20.27741176470588,102.60241176470589,20.27741176470588,0.0,2.5,0.0,2.5,False,0.0,106.25,82.325,188.575,0.0,0.0,0.0,188.575,False,False,False,True,highs,2025-05-17_04:00_08:00,4.0,pay_as_bid,4.39,4.39,4.39,4.39,0.0,0.0,0.0,0.0,0.0,0.0,0.0,2.5,50.25467178624027,188.575,188.575,2.0125,0.0,2.0125,0.0,0.0,2.0125,865.8233000537167,0.0,865.8233000537167
2025-05-17 04:30:00+02:00,plant_1,2.0125,89.89,85.71,32.93,122.82,118.63999999999999,74.3,74.7,0.0,DE_DA_price,DE_ID3_price,natural_gas_price,,87.88235294117648,83.54096470588236,2.5,2.0125,1.1254917760309266,0.0,0.0,2.5,0.0,0.0,0.0,0.0,2.5,0.0,0.0,0.0,2.5,10.0,2.5,41.37,56.875,83.54096470588236,42.17096470588236,9.240964705882362,103.425,23.102411764705906,105.42741176470591,23.102411764705906,0.0,2.5,0.0,2.5,False,0.0,103.425,82.325,185.75,0.0,0.0,0.0,185.75,False,False,False,True,highs,2025-05-17_04:00_08:00,4.0,pay_as_bid,4.39,4.39,4.39,4.39,0.0,0.0,0.0,0.0,0.0,0.0,0.0,2.5,49.87194716731538,185.75,185.75,2.0125,0.0,2.0125,0.0,0.0,2.0125,857.432703211868,0.0,857.432703211868
2025-05-17 04:45:00+02:00,plant_1,2.0125,89.89,80.4,32.93,122.82,113.33000000000001,86.1,74.7,0.0,DE_DA_price,DE_ID3_price,natural_gas_price,,87.88235294117648,83.54096470588236,0.0,1.0914540909943113,0.0,0.9210459090056888,1.083583422359634,0.0,0.0,0.0,0.0,0.0,0.0,0.0,0.0,0.0,0.0,0.0,0.0,53.17,14.844,83.54096470588236,30.370964705882358,-2.559035294117635,0.0,0.0,0.0,0.0,0.0,0.0,0.0,0.0,False,0.0,0.0,0.0,0.0,0.0,80.94368165026465,0.0,80.94368165026465,False,False,False,False,highs,2025-05-17_04:00_08:00,4.0,pay_as_bid,4.39,4.39,4.39,4.39,0.0,0.0,0.0,0.0,0.0,0.0,0.0,2.5,51.02040816326531,80.94368165026465,80.94368165026465,2.0125,0.0,2.0125,0.0,0.9210459090056888,1.0914540909943113,0.0,217.8002678942864,217.8002678942864
2025-05-17 05:00:00+02:00,plant_1,2.0125,93.46,109.28,32.93,126.38999999999999,142.21,106.75,74.7,0.0,DE_DA_price,DE_ID3_price,natural_gas_price,,87.88235294117648,83.54096470588236,0.0,0.0,0.0,2.0125,2.36764705882353,0.0,0.0,0.0,0.0,0.0,0.0,0.0,0.0,0.0,0.0,0.0,0.0,73.82,4.087,83.54096470588236,9.720964705882366,-23.20903529411764,0.0,0.0,0.0,0.0,0.0,0.0,0.0,0.0,False,0.0,0.0,0.0,0.0,0.0,176.8632352941177,0.0,176.8632352941177,False,False,False,False,highs,2025-05-17_04:00_08:00,4.0,pay_as_bid,4.39,4.39,4.39,4.39,0.0,0.0,0.0,0.0,0.0,0.0,0.0,2.5,51.02040816326531,176.8632352941177,176.8632352941177,2.0125,0.0,2.0125,0.0,2.0125,0.0,0.0,475.8970588235295,475.8970588235295
2025-05-17 05:15:00+02:00,plant_1,2.0125,93.46,89.48,32.93,126.38999999999999,122.41,134.76,74.7,0.0,DE_DA_price,DE_ID3_price,natural_gas_price,,87.88235294117648,83.54096470588236,0.0,0.0,0.0,2.0125,2.36764705882353,0.0,0.0,0.0,0.0,0.0,0.0,0.0,0.0,0.0,0.0,0.0,0.0,101.83,4.919,83.54096470588236,-18.28903529411764,-51.21903529411763,0.0,0.0,0.0,0.0,0.0,0.0,0.0,0.0,False,0.0,0.0,0.0,0.0,0.0,176.8632352941177,0.0,176.8632352941177,False,False,False,False,highs,2025-05-17_04:00_08:00,4.0,pay_as_bid,4.39,4.39,4.39,4.39,0.0,0.0,0.0,0.0,0.0,0.0,0.0,2.5,51.02040816326531,176.8632352941177,176.8632352941177,2.0125,0.0,2.0125,0.0,2.0125,0.0,0.0,475.8970588235295,475.8970588235295
2025-05-17 05:30:00+02:00,plant_1,2.0125,93.46,74.2,32.93,126.38999999999999,107.13,101.12,74.7,0.0,DE_DA_price,DE_ID3_price,natural_gas_price,,87.88235294117648,83.54096470588236,0.0,0.0,0.0,2.0125,2.36764705882353,0.0,0.0,0.0,0.0,0.0,0.0,0.0,0.0,0.0,0.0,0.0,0.0,68.19,2.921,83.54096470588236,15.350964705882362,-17.579035294117645,0.0,0.0,0.0,0.0,0.0,0.0,0.0,0.0,False,0.0,0.0,0.0,0.0,0.0,176.8632352941177,0.0,176.8632352941177,False,False,False,False,highs,2025-05-17_04:00_08:00,4.0,pay_as_bid,4.39,4.39,4.39,4.39,0.0,0.0,0.0,0.0,0.0,0.0,0.0,2.5,51.02040816326531,176.8632352941177,176.8632352941177,2.0125,0.0,2.0125,0.0,2.0125,0.0,0.0,475.8970588235295,475.8970588235295
2025-05-17 05:45:00+02:00,plant_1,2.0125,93.46,65.49,32.93,126.38999999999999,98.41999999999999,108.72,74.7,0.0,DE_DA_price,DE_ID3_price,natural_gas_price,,87.88235294117648,83.54096470588236,0.0,0.0,0.0,2.0125,2.36764705882353,0.0,0.0,0.0,0.0,0.0,0.0,0.0,0.0,0.0,0.0,0.0,0.0,75.79,0.298,83.54096470588236,7.750964705882353,-25.17903529411764,0.0,0.0,0.0,0.0,0.0,0.0,0.0,0.0,False,0.0,0.0,0.0,0.0,0.0,176.8632352941177,0.0,176.8632352941177,False,False,False,False,highs,2025-05-17_04:00_08:00,4.0,pay_as_bid,4.39,4.39,4.39,4.39,0.0,0.0,0.0,0.0,0.0,0.0,0.0,2.5,51.02040816326531,176.8632352941177,176.8632352941177,2.0125,0.0,2.0125,0.0,2.0125,0.0,0.0,475.8970588235295,475.8970588235295
2025-05-17 06:00:00+02:00,plant_1,2.0125,91.56,99.42,32.93,124.49000000000001,132.35,110.93,74.7,0.0,DE_DA_price,DE_ID3_price,natural_gas_price,,87.88235294117648,83.54096470588236,0.0,0.0,0.0,2.0125,2.36764705882353,0.0,0.0,0.0,0.0,0.0,0.0,0.0,0.0,0.0,0.0,0.0,0.0,78.0,0.0,83.54096470588236,5.5409647058823595,-27.389035294117647,0.0,0.0,0.0,0.0,0.0,0.0,0.0,0.0,False,0.0,0.0,0.0,0.0,0.0,176.8632352941177,0.0,176.8632352941177,False,False,False,False,highs,2025-05-17_04:00_08:00,4.0,pay_as_bid,4.39,4.39,4.39,4.39,0.0,0.0,0.0,0.0,0.0,0.0,0.0,2.5,51.02040816326531,176.8632352941177,176.8632352941177,2.0125,0.0,2.0125,0.0,2.0125,0.0,0.0,475.8970588235295,475.8970588235295
2025-05-17 06:15:00+02:00,plant_1,2.0125,91.56,85.65,32.93,124.49000000000001,118.58000000000001,104.27000000000001,74.7,0.0,DE_DA_price,DE_ID3_price,natural_gas_price,,87.88235294117648,83.54096470588236,0.0,0.0,0.0,2.0125,2.36764705882353,0.0,0.0,0.0,0.0,0.0,0.0,0.0,0.0,0.0,0.0,0.0,0.0,71.34,0.0,83.54096470588236,12.200964705882356,-20.72903529411765,0.0,0.0,0.0,0.0,0.0,0.0,0.0,0.0,False,0.0,0.0,0.0,0.0,0.0,176.8632352941177,0.0,176.8632352941177,False,False,False,False,highs,2025-05-17_04:00_08:00,4.0,pay_as_bid,4.39,4.39,4.39,4.39,0.0,0.0,0.0,0.0,0.0,0.0,0.0,2.5,51.02040816326531,176.8632352941177,176.8632352941177,2.0125,0.0,2.0125,0.0,2.0125,0.0,0.0,475.8970588235295,475.8970588235295
2025-05-17 06:30:00+02:00,plant_1,2.0125,91.56,60.91,32.93,124.49000000000001,93.84,102.27000000000001,74.7,0.0,DE_DA_price,DE_ID3_price,natural_gas_price,,87.88235294117648,83.54096470588236,0.0,0.0,0.0,2.0125,2.36764705882353,0.0,0.0,0.0,0.0,0.0,0.0,0.0,0.0,0.0,0.0,0.0,0.0,69.34,0.0,83.54096470588236,14.200964705882356,-18.72903529411765,0.0,0.0,0.0,0.0,0.0,0.0,0.0,0.0,False,0.0,0.0,0.0,0.0,0.0,176.8632352941177,0.0,176.8632352941177,False,False,False,False,highs,2025-05-17_04:00_08:00,4.0,pay_as_bid,4.39,4.39,4.39,4.39,0.0,0.0,0.0,0.0,0.0,0.0,0.0,2.5,51.02040816326531,176.8632352941177,176.8632352941177,2.0125,0.0,2.0125,0.0,2.0125,0.0,0.0,475.8970588235295,475.8970588235295
2025-05-17 06:45:00+02:00,plant_1,2.0125,91.56,27.6,32.93,124.49000000000001,60.53,32.93,74.7,0.0,DE_DA_price,DE_ID3_price,natural_gas_price,,87.88235294117648,83.54096470588236,2.5,2.0125,0.37525773195876244,0.0,0.0,2.5,0.0,2.5,0.0,2.5,2.5,0.0,69.0,0.0,0.0,0.0,0.0,0.0,0.0,83.54096470588236,83.54096470588236,50.61096470588236,0.0,0.0,0.0,0.0,0.0,0.0,0.0,0.0,False,0.0,69.0,82.325,151.325,0.0,0.0,0.0,151.325,False,False,False,False,highs,2025-05-17_04:00_08:00,4.0,pay_as_bid,4.39,4.39,4.39,4.39,0.0,0.0,0.0,0.0,0.0,0.0,0.0,0.0,50.637492110246164,151.325,151.325,2.0125,0.0,0.0,2.0125,0.0,2.0125,728.2210571199109,0.0,728.2210571199109
2025-05-17 07:00:00+02:00,plant_1,2.0475,89.85,78.45,32.93,122.78,111.38,32.93,74.7,0.0,DE_DA_price,DE_ID3_price,natural_gas_price,,87.88235294117648,83.54096470588236,0.0,0.36390899999999954,0.0,1.6835910000000003,1.9806952941176474,0.0,0.0,0.0,0.0,0.0,0.0,0.0,0.0,0.0,0.0,0.0,0.0,0.0,0.0,83.54096470588236,83.54096470588236,50.61096470588236,0.0,0.0,0.0,0.0,0.0,0.0,0.0,0.0,False,0.0,0.0,0.0,0.0,0.0,147.95793847058826,0.0,147.95793847058826,False,False,False,False,highs,2025-05-17_04:00_08:00,4.0,pay_as_bid,4.39,4.39,4.39,4.39,0.0,0.0,0.0,0.0,0.0,0.0,0.0,2.5,51.02040816326531,147.95793847058826,147.95793847058826,2.0475,0.0,1.6835910000000003,0.36390899999999954,1.6835910000000003,0.36390899999999954,0.0,398.1197541176471,398.1197541176471
2025-05-17 07:15:00+02:00,plant_1,2.0475,89.85,53.8,32.93,122.78,86.72999999999999,81.94,74.7,0.0,DE_DA_price,DE_ID3_price,natural_gas_price,,87.88235294117648,83.54096470588236,0.381,0.36217859999999996,0.0,1.6853213999999999,1.9827310588235294,0.381,0.0,0.0,0.0,0.0,0.381,0.0,0.0,0.0,2.5,10.0,0.381,49.01,0.381,83.54096470588236,34.53096470588236,1.6009647058823617,18.67281,0.6099675529411799,13.15629755294118,0.6099675529411799,0.0,2.5,0.0,0.381,False,0.0,18.67281,12.54633,31.219139999999996,0.0,148.11001009411765,0.0,179.32915009411767,False,False,False,True,highs,2025-05-17_04:00_08:00,4.0,pay_as_bid,4.39,4.39,4.39,4.39,0.0,0.0,0.0,0.0,0.0,0.0,0.0,2.5,51.02040816326531,179.32915009411767,179.32915009411767,2.0475,0.0,2.0475,0.0,1.6853213999999999,0.36217859999999996,101.06561961986806,398.5289428235294,499.5945624433975
2025-05-17 07:30:00+02:00,plant_1,2.0475,89.85,26.59,32.93,122.78,59.519999999999996,79.55,74.7,0.0,DE_DA_price,DE_ID3_price,natural_gas_price,,87.88235294117648,83.54096470588236,2.5,2.0475,0.3391752577319589,0.0,0.0,2.5,0.0,2.5,0.0,2.5,2.5,0.0,66.475,0.0,0.0,0.0,0.0,46.62,5.299,83.54096470588236,36.92096470588236,3.9909647058823623,0.0,0.0,0.0,0.0,0.0,0.0,0.0,0.0,False,0.0,66.475,82.325,148.8,0.0,0.0,0.0,148.8,False,False,False,False,highs,2025-05-17_04:00_08:00,4.0,pay_as_bid,4.39,4.39,4.39,4.39,0.0,0.0,0.0,0.0,0.0,0.0,0.0,0.0,50.674310961498,148.8,148.8,2.0475,0.0,0.0,2.0475,0.0,2.0475,632.4922032027955,0.0,632.4922032027955
2025-05-17 07:45:00+02:00,plant_1,2.0475,89.85,2.6,32.93,122.78,35.53,61.730000000000004,74.7,0.0,DE_DA_price,DE_ID3_price,natural_gas_price,,87.88235294117648,83.54096470588236,2.5,2.0475,0.6782657216494847,0.0,0.0,2.5,0.0,2.5,0.0,2.5,2.5,0.0,6.5,0.0,0.0,0.0,0.0,28.8,18.8,83.54096470588236,54.74096470588236,21.810964705882355,0.0,0.0,0.0,0.0,0.0,0.0,0.0,0.0,False,0.0,6.5,82.325,88.825,0.0,0.0,0.0,88.825,False,False,False,False,highs,2025-05-17_04:00_08:00,4.0,pay_as_bid,4.39,4.39,4.39,4.39,0.0,0.0,0.0,0.0,0.0,0.0,0.0,0.0,50.328300284031144,88.825,88.825,2.0475,0.0,0.0,2.0475,0.0,2.0475,584.8141827490422,0.0,584.8141827490422
2025-05-17 08:00:00+02:00,plant_1,2.07,59.11,35.24,32.93,92.03999999999999,68.17,55.71,74.7,0.0,DE_DA_price,DE_ID3_price,natural_gas_price,,87.88235294117648,83.54096470588236,2.5,2.07,0.9940755366623716,0.0,0.0,2.5,0.0,2.5,0.0,2.5,2.5,0.0,88.10000000000001,0.0,0.0,0.0,0.0,22.78,41.292,83.54096470588236,60.76096470588236,27.83096470588236,0.0,0.0,0.0,0.0,0.0,0.0,0.0,0.0,False,0.0,88.10000000000001,82.325,170.425,0.0,0.0,0.0,170.425,False,False,False,False,highs,2025-05-17_08:00_12:00,4.0,pay_as_bid,97.33,97.33,97.33,97.33,0.0,0.0,0.0,0.0,0.0,0.0,0.0,0.0,50.00604537075268,170.425,170.425,2.07,0.0,0.0,2.07,0.0,2.07,523.1133792443013,0.0,523.1133792443013
2025-05-17 08:15:00+02:00,plant_1,2.07,59.11,12.2,32.93,92.03999999999999,45.129999999999995,53.22,74.7,0.0,DE_DA_price,DE_ID3_price,natural_gas_price,,87.88235294117648,83.54096470588236,2.5,2.07,1.3098063992215052,0.0,0.0,2.5,0.0,2.5,0.0,2.5,2.5,0.0,30.5,0.0,0.0,0.0,0.0,20.29,10.562,83.54096470588236,63.25096470588236,30.32096470588236,0.0,0.0,0.0,0.0,0.0,0.0,0.0,0.0,False,0.0,30.5,82.325,112.825,0.0,0.0,0.0,112.825,False,False,False,False,highs,2025-05-17_08:00_12:00,4.0,pay_as_bid,97.33,97.33,97.33,97.33,0.0,0.0,0.0,0.0,0.0,0.0,0.0,0.0,49.68387102120254,112.825,112.825,2.07,0.0,0.0,2.07,0.0,2.07,488.04312125679417,0.0,488.04312125679417
2025-05-17 08:30:00+02:00,plant_1,2.07,59.11,2.34,32.93,92.03999999999999,35.269999999999996,93.17,74.7,0.0,DE_DA_price,DE_ID3_price,natural_gas_price,,87.88235294117648,83.54096470588236,2.5,2.07,1.625458329064999,0.0,0.0,2.5,0.0,2.5,0.0,2.5,2.5,0.0,5.85,0.0,0.0,0.0,0.0,60.24,2.491,83.54096470588236,23.300964705882357,-9.629035294117642,0.0,0.0,0.0,0.0,0.0,0.0,0.0,0.0,False,0.0,5.85,82.325,88.175,0.0,0.0,0.0,88.175,False,False,False,False,highs,2025-05-17_08:00_12:00,4.0,pay_as_bid,97.33,97.33,97.33,97.33,0.0,0.0,0.0,0.0,0.0,0.0,0.0,0.0,49.3617772152398,88.175,88.175,2.07,0.0,0.0,2.07,0.0,2.07,450.42890269823806,0.0,450.42890269823806
2025-05-17 08:45:00+02:00,plant_1,2.07,59.11,-6.04,32.93,92.03999999999999,26.89,48.87,74.7,0.0,DE_DA_price,DE_ID3_price,natural_gas_price,,87.88235294117648,83.54096470588236,2.5,2.07,1.941031345926032,0.0,0.0,2.5,0.0,2.5,0.0,2.5,2.5,0.0,-15.1,0.0,0.0,0.0,0.0,15.94,13.492,83.54096470588236,67.60096470588236,34.67096470588236,0.0,0.0,0.0,0.0,0.0,0.0,0.0,0.0,False,0.0,-15.1,82.325,67.22500000000001,0.0,0.0,0.0,67.22500000000001,False,False,False,False,highs,2025-05-17_08:00_12:00,4.0,pay_as_bid,97.33,97.33,97.33,97.33,0.0,0.0,0.0,0.0,0.0,0.0,0.0,0.0,49.03976393272853,67.22500000000001,67.22500000000001,2.07,0.0,0.0,2.07,0.0,2.07,414.32332471664347,0.0,414.32332471664347
2025-05-17 09:00:00+02:00,plant_1,2.1,0.86,6.93,32.93,33.79,39.86,47.25,74.7,0.0,DE_DA_price,DE_ID3_price,natural_gas_price,,87.88235294117648,83.54096470588236,2.5,2.1,2.225597634481303,0.0,0.0,2.5,2.5,0.0,0.0,2.5,2.5,2.15,0.0,0.0,0.0,0.0,0.0,14.32,3.383,83.54096470588236,69.22096470588235,36.29096470588236,0.0,0.0,0.0,0.0,0.0,0.0,0.0,0.0,False,0.0,2.15,82.325,84.47500000000001,0.0,0.0,0.0,84.47500000000001,False,False,False,False,highs,2025-05-17_08:00_12:00,4.0,pay_as_bid,97.33,97.33,97.33,97.33,0.0,0.0,0.0,0.0,0.0,0.0,0.0,0.0,48.74939016889663,84.47500000000001,84.47500000000001,0.0,2.1,0.0,2.1,0.0,2.1,362.4608506509699,0.0,362.4608506509699
2025-05-17 09:15:00+02:00,plant_1,2.1,0.86,-1.84,32.93,33.79,31.09,21.48,74.7,0.0,DE_DA_price,DE_ID3_price,natural_gas_price,,87.88235294117648,83.54096470588236,2.5,2.1,2.510092781464435,0.0,0.0,2.5,2.5,0.0,0.0,2.5,2.5,2.15,0.0,0.0,0.0,0.0,0.0,-11.45,19.39,83.54096470588236,94.99096470588236,62.060964705882355,0.0,0.0,0.0,0.0,0.0,0.0,0.0,0.0,False,0.0,2.15,82.325,84.47500000000001,0.0,0.0,0.0,84.47500000000001,False,False,False,False,highs,2025-05-17_08:00_12:00,4.0,pay_as_bid,97.33,97.33,97.33,97.33,0.0,0.0,0.0,0.0,0.0,0.0,0.0,0.0,48.45908899850568,84.47500000000001,84.47500000000001,0.0,2.1,0.0,2.1,0.0,2.1,329.9096979868483,0.0,329.9096979868483
2025-05-17 09:30:00+02:00,plant_1,2.1,0.86,-5.33,32.93,33.79,27.6,38.41,74.7,0.0,DE_DA_price,DE_ID3_price,natural_gas_price,,87.88235294117648,83.54096470588236,2.5,2.1,2.7945168046608218,0.0,0.0,2.5,2.5,0.0,0.0,2.5,2.5,2.15,0.0,0.0,0.0,0.0,0.0,5.48,17.917,83.54096470588236,78.06096470588236,45.13096470588236,0.0,0.0,0.0,0.0,0.0,0.0,0.0,0.0,False,0.0,2.15,82.325,84.47500000000001,0.0,0.0,0.0,84.47500000000001,False,False,False,False,highs,2025-05-17_08:00_12:00,4.0,pay_as_bid,97.33,97.33,97.33,97.33,0.0,0.0,0.0,0.0,0.0,0.0,0.0,0.0,48.16886040340732,84.47500000000001,84.47500000000001,0.0,2.1,0.0,2.1,0.0,2.1,317.59684536954757,0.0,317.59684536954757
2025-05-17 09:45:00+02:00,plant_1,2.1,0.86,-7.59,32.93,33.79,25.34,44.47,74.7,0.0,DE_DA_price,DE_ID3_price,natural_gas_price,,87.88235294117648,83.54096470588236,2.5,2.1,3.078869721851409,0.0,0.0,2.5,2.5,0.0,0.0,2.5,2.5,2.15,0.0,0.0,0.0,0.0,0.0,11.54,7.929,83.54096470588236,72.00096470588235,39.07096470588236,0.0,0.0,0.0,0.0,0.0,0.0,0.0,0.0,False,0.0,2.15,82.325,84.47500000000001,0.0,0.0,0.0,84.47500000000001,False,False,False,False,highs,2025-05-17_08:00_12:00,4.0,pay_as_bid,97.33,97.33,97.33,97.33,0.0,0.0,0.0,0.0,0.0,0.0,0.0,0.0,47.87870436545774,84.47500000000001,84.47500000000001,0.0,2.1,0.0,2.1,0.0,2.1,308.4288672427805,0.0,308.4288672427805
2025-05-17 10:00:00+02:00,plant_1,2.1,-0.06,-1.79,32.93,32.87,31.14,67.58,74.7,0.0,DE_DA_price,DE_ID3_price,natural_gas_price,,87.88235294117648,83.54096470588236,2.5,2.1,3.363151550812699,0.0,0.0,2.5,2.5,0.0,0.0,2.5,2.5,-0.15,0.0,0.0,0.0,0.0,0.0,34.65,3.263,83.54096470588236,48.89096470588236,15.960964705882361,0.0,0.0,0.0,0.0,0.0,0.0,0.0,0.0,False,0.0,-0.15,82.325,82.175,0.0,0.0,0.0,82.175,False,False,False,False,highs,2025-05-17_08:00_12:00,4.0,pay_as_bid,97.33,97.33,97.33,97.33,0.0,0.0,0.0,0.0,0.0,0.0,0.0,0.0,47.58862086651765,82.175,82.175,0.0,2.1,0.0,2.1,0.0,2.1,304.653490214881,0.0,304.653490214881
2025-05-17 10:15:00+02:00,plant_1,2.1,-0.06,-3.53,32.93,32.87,29.4,74.25999999999999,74.7,0.0,DE_DA_price,DE_ID3_price,natural_gas_price,,87.88235294117648,83.54096470588236,2.5,2.1,3.647362309316748,0.0,0.0,2.5,2.5,0.0,0.0,2.5,2.5,-0.15,0.0,0.0,0.0,0.0,0.0,41.33,0.0,83.54096470588236,42.21096470588236,9.280964705882369,0.0,0.0,0.0,0.0,0.0,0.0,0.0,0.0,False,0.0,-0.15,82.325,82.175,0.0,0.0,0.0,82.175,False,False,False,False,highs,2025-05-17_08:00_12:00,4.0,pay_as_bid,97.33,97.33,97.33,97.33,0.0,0.0,0.0,0.0,0.0,0.0,0.0,0.0,47.2986098884523,82.175,82.175,0.0,2.1,0.0,2.1,0.0,2.1,298.21570923643117,0.0,298.21570923643117
2025-05-17 10:30:00+02:00,plant_1,2.1,-0.06,-3.19,32.93,32.87,29.74,44.89,74.7,0.0,DE_DA_price,DE_ID3_price,natural_gas_price,,87.88235294117648,83.54096470588236,2.5,2.1,3.9315020151311715,0.0,0.0,2.5,2.5,0.0,0.0,2.5,2.5,-0.15,0.0,0.0,0.0,0.0,0.0,11.96,16.112,83.54096470588236,71.58096470588237,38.65096470588236,0.0,0.0,0.0,0.0,0.0,0.0,0.0,0.0,False,0.0,-0.15,82.325,82.175,0.0,0.0,0.0,82.175,False,False,False,False,highs,2025-05-17_08:00_12:00,4.0,pay_as_bid,97.33,97.33,97.33,97.33,0.0,0.0,0.0,0.0,0.0,0.0,0.0,0.0,47.00867141313146,82.175,82.175,0.0,2.1,0.0,2.1,0.0,2.1,296.078306695647,0.0,296.078306695647
2025-05-17 10:45:00+02:00,plant_1,2.1,-0.06,-5.85,32.93,32.87,27.08,34.9,74.7,0.0,DE_DA_price,DE_ID3_price,natural_gas_price,,87.88235294117648,83.54096470588236,2.5,2.1,4.2155706860191415,0.0,0.0,2.5,2.5,0.0,0.0,2.5,2.5,-0.15,0.0,0.0,0.0,0.0,0.0,1.97,32.373,83.54096470588236,81.57096470588236,48.64096470588236,0.0,0.0,0.0,0.0,0.0,0.0,0.0,0.0,False,0.0,-0.15,82.325,82.175,0.0,0.0,0.0,82.175,False,False,False,False,highs,2025-05-17_08:00_12:00,4.0,pay_as_bid,97.33,97.33,97.33,97.33,0.0,0.0,0.0,0.0,0.0,0.0,0.0,0.0,46.71880542242945,82.175,82.175,0.0,2.1,0.0,2.1,0.0,2.1,293.4295897559662,0.0,293.4295897559662
2025-05-17 11:00:00+02:00,plant_1,2.1,-4.49,-7.92,32.93,28.439999999999998,25.009999999999998,42.79,74.7,0.0,DE_DA_price,DE_ID3_price,natural_gas_price,,87.88235294117648,83.54096470588236,2.5,2.1,4.4995683397393895,0.0,0.0,2.5,2.5,0.0,0.0,2.5,2.5,-11.225000000000001,0.0,0.0,0.0,0.0,0.0,9.86,3.049,83.54096470588236,73.68096470588236,40.75096470588236,0.0,0.0,0.0,0.0,0.0,0.0,0.0,0.0,False,0.0,-11.225000000000001,82.325,71.1,0.0,0.0,0.0,71.1,False,False,False,False,highs,2025-05-17_08:00_12:00,4.0,pay_as_bid,97.33,97.33,97.33,97.33,0.0,0.0,0.0,0.0,0.0,0.0,0.0,0.0,46.42901189822511,71.1,71.1,0.0,2.1,0.0,2.1,0.0,2.1,293.2704797912673,0.0,293.2704797912673
2025-05-17 11:15:00+02:00,plant_1,2.1,-4.49,-6.94,32.93,28.439999999999998,25.99,49.34,74.7,0.0,DE_DA_price,DE_ID3_price,natural_gas_price,,87.88235294117648,83.54096470588236,2.5,2.1,4.783494994046207,0.0,0.0,2.5,2.5,0.0,0.0,2.5,2.5,-11.225000000000001,0.0,0.0,0.0,0.0,0.0,16.41,5.518,83.54096470588236,67.13096470588236,34.200964705882356,0.0,0.0,0.0,0.0,0.0,0.0,0.0,0.0,False,0.0,-11.225000000000001,82.325,71.1,0.0,0.0,0.0,71.1,False,False,False,False,highs,2025-05-17_08:00_12:00,4.0,pay_as_bid,97.33,97.33,97.33,97.33,0.0,0.0,0.0,0.0,0.0,0.0,0.0,0.0,46.13929082240183,71.1,71.1,0.0,2.1,0.0,2.1,0.0,2.1,291.0789477352159,0.0,291.0789477352159
2025-05-17 11:30:00+02:00,plant_1,2.1,-4.49,-5.62,32.93,28.439999999999998,27.31,43.08,74.7,0.0,DE_DA_price,DE_ID3_price,natural_gas_price,,87.88235294117648,83.54096470588236,2.5,2.1,5.067350666689448,0.0,0.0,2.5,2.5,0.0,0.0,2.5,2.5,-11.225000000000001,0.0,0.0,0.0,0.0,0.0,10.15,15.942,83.54096470588236,73.39096470588235,40.46096470588236,0.0,0.0,0.0,0.0,0.0,0.0,0.0,0.0,False,0.0,-11.225000000000001,82.325,71.1,0.0,0.0,0.0,71.1,False,False,False,False,highs,2025-05-17_08:00_12:00,4.0,pay_as_bid,97.33,97.33,97.33,97.33,0.0,0.0,0.0,0.0,0.0,0.0,0.0,0.0,45.8496421768475,71.1,71.1,0.0,2.1,0.0,2.1,0.0,2.1,287.7283363714614,0.0,287.7283363714614
2025-05-17 11:45:00+02:00,plant_1,2.1,-4.49,-4.38,32.93,28.439999999999998,28.55,30.94,74.7,0.0,DE_DA_price,DE_ID3_price,natural_gas_price,,87.88235294117648,83.54096470588236,2.5,2.1,5.351135375414528,0.0,0.0,2.5,2.5,0.0,0.0,2.5,2.5,-11.225000000000001,0.0,0.0,0.0,0.0,0.0,-1.99,58.053,83.54096470588236,85.53096470588235,52.60096470588236,0.0,0.0,0.0,0.0,0.0,0.0,0.0,0.0,False,0.0,-11.225000000000001,82.325,71.1,0.0,0.0,0.0,71.1,False,False,False,False,highs,2025-05-17_08:00_12:00,4.0,pay_as_bid,97.33,97.33,97.33,97.33,0.0,0.0,0.0,0.0,0.0,0.0,0.0,0.0,45.56006594345456,71.1,71.1,0.0,2.1,0.0,2.1,0.0,2.1,287.749449821684,0.0,287.749449821684
2025-05-17 12:00:00+02:00,plant_1,2.1,-4.96,-8.01,32.93,27.97,24.92,43.49,74.7,0.0,DE_DA_price,DE_ID3_price,natural_gas_price,,87.88235294117648,83.54096470588236,2.5,2.1,5.634849137962427,0.0,0.0,2.5,0.0,0.0,0.0,0.0,2.5,0.0,0.0,0.0,2.5,10.0,2.5,10.56,14.484,83.54096470588236,72.98096470588236,40.05096470588236,26.400000000000002,100.1274117647059,182.4524117647059,100.1274117647059,2.5,0.0,2.5,0.0,False,0.0,26.400000000000002,82.325,108.72500000000001,0.0,0.0,0.0,108.72500000000001,False,False,False,True,highs,2025-05-17_12:00_16:00,4.0,pay_as_bid,187.71,187.71,187.71,187.71,10.0,2.5,469.27500000000003,146.5586617647059,0.0,322.71633823529413,2.5,2.5,45.270562104119975,108.72500000000001,-360.55,0.0,2.1,0.0,2.1,0.0,2.1,286.4333866486215,0.0,286.4333866486215
2025-05-17 12:15:00+02:00,plant_1,2.1,-4.96,-5.43,32.93,27.97,27.5,37.269999999999996,74.7,0.0,DE_DA_price,DE_ID3_price,natural_gas_price,,87.88235294117648,83.54096470588236,2.5,2.1,5.918491972069689,0.0,0.0,2.5,0.0,0.0,0.0,0.0,2.5,0.0,0.0,0.0,2.5,10.0,2.5,4.34,13.259,83.54096470588236,79.20096470588236,46.27096470588236,10.85,115.67741176470591,198.0024117647059,115.67741176470591,2.5,0.0,2.5,0.0,False,0.0,10.85,82.325,93.175,0.0,0.0,0.0,93.175,False,False,False,True,highs,2025-05-17_12:00_16:00,4.0,pay_as_bid,187.71,187.71,187.71,187.71,10.0,2.5,469.27500000000003,146.5586617647059,0.0,322.71633823529413,2.5,2.5,44.981130640745214,93.175,-376.1,0.8876899639474729,1.2123100360525272,0.0,2.1,0.0,2.1,286.69320900321554,0.0,286.69320900321554
2025-05-17 12:30:00+02:00,plant_1,2.1,-4.96,-3.28,32.93,27.97,29.65,40.16,74.7,0.0,DE_DA_price,DE_ID3_price,natural_gas_price,,87.88235294117648,83.54096470588236,2.5,2.1,6.202063895468425,0.0,0.0,2.5,0.0,0.0,0.0,0.0,2.5,0.0,0.0,0.0,2.5,10.0,2.5,7.23,31.206,83.54096470588236,76.31096470588236,43.38096470588236,18.075000000000003,108.45241176470591,190.7774117647059,108.45241176470591,2.5,0.0,2.5,0.0,False,0.0,18.075000000000003,82.325,100.4,0.0,0.0,0.0,100.4,False,False,False,True,highs,2025-05-17_12:00_16:00,4.0,pay_as_bid,187.71,187.71,187.71,187.71,10.0,2.5,469.27500000000003,146.5586617647059,0.0,322.71633823529413,2.5,2.5,44.6917715352363,100.4,-368.875,2.1,0.0,1.111715794926879,0.9882842050731211,0.0,2.1,287.6123895666083,0.0,287.6123895666083
2025-05-17 12:45:00+02:00,plant_1,2.1,-4.96,-1.39,32.93,27.97,31.54,35.93,74.7,0.0,DE_DA_price,DE_ID3_price,natural_gas_price,,87.88235294117648,83.54096470588236,2.5,2.1,6.48556492588631,0.0,0.0,2.5,0.0,0.0,0.0,0.0,2.5,0.0,0.0,0.0,2.5,10.0,2.5,3.0,26.963,83.54096470588236,80.54096470588236,47.61096470588236,7.5,119.0274117647059,201.3524117647059,119.0274117647059,2.5,0.0,2.5,0.0,False,0.0,7.5,82.325,89.825,0.0,0.0,0.0,89.825,False,False,False,True,highs,2025-05-17_12:00_16:00,4.0,pay_as_bid,187.71,187.71,187.71,187.71,10.0,2.5,469.27500000000003,146.5586617647059,0.0,322.71633823529413,2.5,2.5,44.402484769503765,89.825,-379.45000000000005,2.1,0.0,2.1,0.0,0.0,2.1,288.67540759952146,0.0,288.67540759952146
2025-05-17 13:00:00+02:00,plant_1,2.1,-10.02,-6.49,32.93,22.91,26.439999999999998,48.43,74.7,0.0,DE_DA_price,DE_ID3_price,natural_gas_price,,87.88235294117648,83.54096470588236,2.5,2.1,6.768995081046591,0.0,0.0,2.5,0.0,0.0,0.0,0.0,2.5,0.0,0.0,0.0,2.5,10.0,2.5,15.5,4.311,83.54096470588236,68.04096470588236,35.11096470588236,38.75,87.7774117647059,170.1024117647059,87.7774117647059,2.5,0.0,2.5,0.0,False,0.0,38.75,82.325,121.075,0.0,0.0,0.0,121.075,False,False,False,True,highs,2025-05-17_12:00_16:00,4.0,pay_as_bid,187.71,187.71,187.71,187.71,10.0,2.5,469.27500000000003,146.5586617647059,0.0,322.71633823529413,2.5,2.5,44.113270325462665,121.075,-348.20000000000005,2.1,0.0,2.1,0.0,0.0,2.1,293.6234973083218,0.0,293.6234973083218
2025-05-17 13:15:00+02:00,plant_1,2.1,-10.02,-2.87,32.93,22.91,30.06,42.47,74.7,0.0,DE_DA_price,DE_ID3_price,natural_gas_price,,87.88235294117648,83.54096470588236,2.5,2.1,7.052354378668082,0.0,0.0,2.5,0.0,0.0,0.0,0.0,2.5,0.0,0.0,0.0,2.5,10.0,2.5,9.54,8.358,83.54096470588236,74.00096470588235,41.07096470588236,23.849999999999998,102.67741176470591,185.00241176470587,102.67741176470591,2.5,0.0,2.5,0.0,False,0.0,23.849999999999998,82.325,106.175,0.0,0.0,0.0,106.175,False,False,False,True,highs,2025-05-17_12:00_16:00,4.0,pay_as_bid,187.71,187.71,187.71,187.71,10.0,2.5,469.27500000000003,146.5586617647059,0.0,322.71633823529413,2.5,2.5,43.82412818503257,106.175,-363.1,2.1,0.0,2.1,0.0,0.0,2.1,296.8308232087869,0.0,296.8308232087869
2025-05-17 13:30:00+02:00,plant_1,2.1,-10.02,-0.44,32.93,22.91,32.49,49.58,74.7,0.0,DE_DA_price,DE_ID3_price,natural_gas_price,,87.88235294117648,83.54096470588236,2.5,2.1,7.335642836465167,0.0,0.0,2.5,0.0,0.0,0.0,0.0,2.5,0.0,0.0,0.0,2.5,10.0,2.5,16.65,9.221,83.54096470588236,66.89096470588237,33.96096470588236,41.625,84.9024117647059,167.22741176470592,84.9024117647059,2.5,0.0,2.5,0.0,False,0.0,41.625,82.325,123.95,0.0,0.0,0.0,123.95,False,False,False,True,highs,2025-05-17_12:00_16:00,4.0,pay_as_bid,187.71,187.71,187.71,187.71,10.0,2.5,469.27500000000003,146.5586617647059,0.0,322.71633823529413,2.5,2.5,43.53505833013758,123.95,-345.32500000000005,2.1,0.0,2.1,0.0,0.0,2.1,297.83689275,0.0,297.83689275
2025-05-17 13:45:00+02:00,plant_1,2.1,-10.02,-0.47,32.93,22.91,32.46,27.45,74.7,0.0,DE_DA_price,DE_ID3_price,natural_gas_price,,87.88235294117648,83.54096470588236,2.5,2.1,7.618860472147804,0.0,0.0,2.5,0.0,0.0,0.0,0.0,2.5,0.0,0.0,0.0,2.5,10.0,2.5,-5.48,39.527,83.54096470588236,89.02096470588236,56.09096470588236,-13.700000000000001,140.2274117647059,222.5524117647059,140.2274117647059,2.5,0.0,2.5,0.0,False,0.0,-13.700000000000001,82.325,68.625,0.0,0.0,0.0,68.625,False,False,False,True,highs,2025-05-17_12:00_16:00,4.0,pay_as_bid,187.71,187.71,187.71,187.71,10.0,2.5,469.27500000000003,146.5586617647059,0.0,322.71633823529413,2.5,2.5,43.24606074270633,68.625,-400.65000000000003,2.1,0.0,2.1,0.0,0.0,2.1,301.9084923005784,0.0,301.9084923005784
2025-05-17 14:00:00+02:00,plant_1,2.1,-11.27,-7.31,32.93,21.66,25.62,34.85,74.7,0.0,DE_DA_price,DE_ID3_price,natural_gas_price,,87.88235294117648,83.54096470588236,2.5,2.1,7.90200730342152,0.0,0.0,2.5,0.0,0.0,0.0,0.0,2.5,0.0,0.0,0.0,2.5,10.0,2.5,1.92,18.105,83.54096470588236,81.62096470588236,48.69096470588236,4.8,121.72741176470589,204.05241176470588,121.72741176470589,2.5,0.0,2.5,0.0,False,0.0,4.8,82.325,87.125,0.0,0.0,0.0,87.125,False,False,False,True,highs,2025-05-17_12:00_16:00,4.0,pay_as_bid,187.71,187.71,187.71,187.71,10.0,2.5,469.27500000000003,146.5586617647059,0.0,322.71633823529413,2.5,2.5,42.95713540467192,87.125,-382.15000000000003,2.1,0.0,2.1,0.0,0.0,2.1,304.25155177985715,0.0,304.25155177985715
2025-05-17 14:15:00+02:00,plant_1,2.1,-11.27,-1.52,32.93,21.66,31.41,86.53999999999999,74.7,0.0,DE_DA_price,DE_ID3_price,natural_gas_price,,87.88235294117648,83.54096470588236,0.0,2.1,5.735083347987417,0.0,0.0,0.0,0.0,0.0,0.0,0.0,0.0,0.0,0.0,0.0,2.5,10.0,0.0,53.61,0.0,83.54096470588236,29.93096470588236,-2.9990352941176326,0.0,0.0,0.0,0.0,2.5,0.0,0.0,0.0,False,0.0,0.0,0.0,0.0,0.0,0.0,0.0,0.0,False,False,False,True,highs,2025-05-17_12:00_16:00,4.0,pay_as_bid,187.71,187.71,187.71,187.71,10.0,2.5,469.27500000000003,146.5586617647059,0.0,322.71633823529413,2.5,2.5,45.16828229797202,0.0,-469.27500000000003,2.1,0.0,2.1,0.0,0.0,2.1,0.0,0.0,0.0
2025-05-17 14:30:00+02:00,plant_1,2.1,-11.27,2.77,32.93,21.66,35.7,32.93,74.7,0.0,DE_DA_price,DE_ID3_price,natural_gas_price,,87.88235294117648,83.54096470588236,0.0,2.1,3.568701123542173,0.0,0.0,0.0,0.0,0.0,0.0,0.0,0.0,0.0,0.0,0.0,2.5,10.0,0.0,0.0,0.0,83.54096470588236,83.54096470588236,50.61096470588236,0.0,0.0,0.0,0.0,2.5,0.0,0.0,0.0,False,0.0,0.0,0.0,0.0,0.0,0.0,0.0,0.0,False,False,False,True,highs,2025-05-17_12:00_16:00,4.0,pay_as_bid,187.71,187.71,187.71,187.71,10.0,2.5,469.27500000000003,146.5586617647059,0.0,322.71633823529413,2.5,2.5,47.378876404548805,0.0,-469.27500000000003,2.1,0.0,2.1,0.0,0.0,2.1,0.0,0.0,0.0
2025-05-17 14:45:00+02:00,plant_1,2.1,-11.27,13.78,32.93,21.66,46.71,32.93,74.7,0.0,DE_DA_price,DE_ID3_price,natural_gas_price,,87.88235294117648,83.54096470588236,0.0,2.1,1.4028604946530399,0.0,0.0,0.0,0.0,0.0,0.0,0.0,0.0,0.0,0.0,0.0,2.5,10.0,0.0,0.0,0.0,83.54096470588236,83.54096470588236,50.61096470588236,0.0,0.0,0.0,0.0,2.5,0.0,0.0,0.0,False,0.0,0.0,0.0,0.0,0.0,0.0,0.0,0.0,False,False,False,True,highs,2025-05-17_12:00_16:00,4.0,pay_as_bid,187.71,187.71,187.71,187.71,10.0,2.5,469.27500000000003,146.5586617647059,0.0,322.71633823529413,2.5,2.5,49.58891786259894,0.0,-469.27500000000003,2.1,0.0,2.1,0.0,0.0,2.1,0.0,0.0,0.0
2025-05-17 15:00:00+02:00,plant_1,2.07,-5.8,-12.62,32.93,27.13,20.310000000000002,32.93,74.7,0.0,DE_DA_price,DE_ID3_price,natural_gas_price,,87.88235294117648,83.54096470588236,0.0,1.3604344861434952,0.0,0.7095655138565047,0.8347829574782408,0.0,0.0,0.0,0.0,0.0,0.0,0.0,0.0,0.0,2.5,10.0,0.0,0.0,0.0,83.54096470588236,83.54096470588236,50.61096470588236,0.0,0.0,0.0,0.0,2.5,0.0,0.0,0.0,False,0.0,0.0,0.0,0.0,0.0,62.35828692362459,0.0,62.35828692362459,False,False,False,True,highs,2025-05-17_12:00_16:00,4.0,pay_as_bid,187.71,187.71,187.71,187.71,10.0,2.5,469.27500000000003,146.5586617647059,0.0,322.71633823529413,2.5,2.5,51.02040816326531,62.35828692362459,-406.91671307637546,2.07,0.0,2.07,0.0,0.7095655138565047,1.3604344861434952,0.0,167.7913744531264,167.7913744531264
2025-05-17 15:15:00+02:00,plant_1,2.07,-5.8,-1.5,32.93,27.13,31.43,122.93,74.7,0.0,DE_DA_price,DE_ID3_price,natural_gas_price,,87.88235294117648,83.54096470588236,0.0,0.0,0.0,2.07,2.4352941176470586,0.0,0.0,0.0,0.0,0.0,0.0,0.0,0.0,0.0,2.5,10.0,0.0,90.0,0.0,83.54096470588236,-6.4590352941176405,-39.38903529411765,0.0,0.0,0.0,0.0,2.5,0.0,0.0,0.0,False,0.0,0.0,0.0,0.0,0.0,181.91647058823528,0.0,181.91647058823528,False,False,False,True,highs,2025-05-17_12:00_16:00,4.0,pay_as_bid,187.71,187.71,187.71,187.71,10.0,2.5,469.27500000000003,146.5586617647059,0.0,322.71633823529413,2.5,2.5,51.02040816326531,181.91647058823528,-287.3585294117647,2.07,0.0,2.07,0.0,2.07,0.0,0.0,489.4941176470588,489.4941176470588
2025-05-17 15:30:00+02:00,plant_1,2.07,-5.8,35.62,32.93,27.13,68.55,69.89,74.7,0.0,DE_DA_price,DE_ID3_price,natural_gas_price,,87.88235294117648,83.54096470588236,0.0,0.0,0.0,2.07,2.4352941176470586,0.0,0.0,0.0,0.0,0.0,0.0,0.0,0.0,0.0,2.5,10.0,0.0,36.96,0.0,83.54096470588236,46.58096470588236,13.650964705882359,0.0,0.0,0.0,0.0,2.5,0.0,0.0,0.0,False,0.0,0.0,0.0,0.0,0.0,181.91647058823528,0.0,181.91647058823528,False,False,False,True,highs,2025-05-17_12:00_16:00,4.0,pay_as_bid,187.71,187.71,187.71,187.71,10.0,2.5,469.27500000000003,146.5586617647059,0.0,322.71633823529413,2.5,2.5,51.02040816326531,181.91647058823528,-287.3585294117647,2.07,0.0,2.07,0.0,2.07,0.0,0.0,489.4941176470588,489.4941176470588
2025-05-17 15:45:00+02:00,plant_1,2.07,-5.8,74.13,32.93,27.13,107.06,32.93,74.7,0.0,DE_DA_price,DE_ID3_price,natural_gas_price,,87.88235294117648,83.54096470588236,0.0,0.0,0.0,2.07,2.4352941176470586,0.0,0.0,0.0,0.0,0.0,0.0,0.0,0.0,0.0,2.5,10.0,0.0,0.0,0.0,83.54096470588236,83.54096470588236,50.61096470588236,0.0,0.0,0.0,0.0,2.5,0.0,0.0,0.0,False,0.0,0.0,0.0,0.0,0.0,181.91647058823528,0.0,181.91647058823528,False,False,False,True,highs,2025-05-17_12:00_16:00,4.0,pay_as_bid,187.71,187.71,187.71,187.71,10.0,2.5,469.27500000000003,146.5586617647059,0.0,322.71633823529413,2.5,2.5,51.02040816326531,181.91647058823528,-287.3585294117647,2.07,0.0,2.07,0.0,2.07,0.0,0.0,489.4941176470588,489.4941176470588
2025-05-17 16:00:00+02:00,plant_1,2.0475,-0.8,60.83,32.93,32.13,93.75999999999999,32.93,74.7,0.0,DE_DA_price,DE_ID3_price,natural_gas_price,,87.88235294117648,83.54096470588236,0.0,0.0,0.0,2.0475,2.4088235294117646,0.0,2.5,0.0,2.5,0.0,0.0,-2.0,0.0,152.075,0.0,0.0,0.0,0.0,0.0,83.54096470588236,83.54096470588236,50.61096470588236,0.0,0.0,0.0,0.0,0.0,0.0,0.0,0.0,False,0.0,-154.075,0.0,-154.075,0.0,179.93911764705882,0.0,25.864117647058833,False,False,False,False,highs,2025-05-17_16:00_20:00,4.0,pay_as_bid,62.22,62.22,62.22,62.22,0.0,0.0,0.0,0.0,0.0,0.0,0.0,2.5,51.02040816326531,25.864117647058833,25.864117647058833,0.0,2.0475,2.0475,0.0,2.0475,0.0,0.0,484.17352941176466,484.17352941176466
2025-05-17 16:15:00+02:00,plant_1,2.0475,-0.8,78.79,32.93,32.13,111.72,67.28,74.7,0.0,DE_DA_price,DE_ID3_price,natural_gas_price,,87.88235294117648,83.54096470588236,0.0,0.0,0.0,2.0475,2.4088235294117646,0.0,2.5,0.0,2.5,0.0,0.0,-2.0,0.0,196.97500000000002,2.5,10.0,0.0,34.35,0.0,83.54096470588236,49.19096470588236,16.26096470588236,0.0,0.0,0.0,0.0,0.0,2.5,0.0,0.0,False,0.0,-198.97500000000002,0.0,-198.97500000000002,0.0,179.93911764705882,0.0,-19.0358823529412,False,False,False,True,highs,2025-05-17_16:00_20:00,4.0,pay_as_bid,62.22,62.22,62.22,62.22,0.0,0.0,0.0,0.0,0.0,0.0,0.0,2.5,51.02040816326531,-19.0358823529412,-19.0358823529412,0.0,2.0475,2.0475,0.0,2.0475,0.0,0.0,484.17352941176466,484.17352941176466
2025-05-17 16:30:00+02:00,plant_1,2.0475,-0.8,100.65,32.93,32.13,133.58,72.27000000000001,74.7,0.0,DE_DA_price,DE_ID3_price,natural_gas_price,,87.88235294117648,83.54096470588236,0.181,0.17205859999999995,0.0,1.8754414,2.2064016470588235,0.181,2.5,0.0,2.5,0.0,0.181,-2.0,0.0,251.625,2.5,10.0,0.181,39.34,0.181,83.54096470588236,44.200964705882356,11.27096470588235,7.12054,2.040044611764705,8.000374611764705,2.040044611764705,0.0,2.5,0.0,0.181,False,0.0,-246.50446,5.96033,-240.54413,0.0,164.81820303529412,0.0,-75.72592696470588,False,False,False,True,highs,2025-05-17_16:00_20:00,4.0,pay_as_bid,62.22,62.22,62.22,62.22,0.0,0.0,0.0,0.0,0.0,0.0,0.0,2.5,51.02040816326531,-75.72592696470588,-75.72592696470588,0.0,2.0475,2.0475,0.0,1.8754414,0.17205859999999995,23.981757400073832,443.4867310588235,467.46848845889735
2025-05-17 16:45:00+02:00,plant_1,2.0475,-0.8,122.86,32.93,32.13,155.79,92.75999999999999,74.7,0.0,DE_DA_price,DE_ID3_price,natural_gas_price,,87.88235294117648,83.54096470588236,0.0,0.0,0.0,2.0475,2.4088235294117646,0.0,2.5,0.0,2.5,0.0,0.0,-2.0,0.0,307.15,0.0,0.0,0.0,59.83,0.008,83.54096470588236,23.71096470588236,-9.219035294117631,0.0,0.0,0.0,0.0,0.0,0.0,0.0,0.0,False,0.0,-309.15,0.0,-309.15,0.0,179.93911764705882,0.0,-129.21088235294116,False,False,False,False,highs,2025-05-17_16:00_20:00,4.0,pay_as_bid,62.22,62.22,62.22,62.22,0.0,0.0,0.0,0.0,0.0,0.0,0.0,2.5,51.02040816326531,-129.21088235294116,-129.21088235294116,0.0,2.0475,2.0475,0.0,2.0475,0.0,0.0,484.17352941176466,484.17352941176466
2025-05-17 17:00:00+02:00,plant_1,2.025,5.01,82.31,32.93,37.94,115.24000000000001,111.19999999999999,74.7,0.0,DE_DA_price,DE_ID3_price,natural_gas_price,,87.88235294117648,83.54096470588236,0.0,0.0,0.0,2.025,2.3823529411764706,0.0,2.5,0.0,2.5,0.0,0.0,12.524999999999999,0.0,205.775,0.0,0.0,0.0,78.27,0.011,83.54096470588236,5.270964705882363,-27.65903529411763,0.0,0.0,0.0,0.0,0.0,0.0,0.0,0.0,False,0.0,-193.25,0.0,-193.25,0.0,177.96176470588236,0.0,-15.28823529411764,False,False,False,False,highs,2025-05-17_16:00_20:00,4.0,pay_as_bid,62.22,62.22,62.22,62.22,0.0,0.0,0.0,0.0,0.0,0.0,0.0,2.5,51.02040816326531,-15.28823529411764,-15.28823529411764,0.0,2.025,2.025,0.0,2.025,0.0,0.0,478.8529411764706,478.8529411764706
2025-05-17 17:15:00+02:00,plant_1,2.025,5.01,96.65,32.93,37.94,129.58,28.7,74.7,0.0,DE_DA_price,DE_ID3_price,natural_gas_price,,87.88235294117648,83.54096470588236,2.5,2.025,0.3623711340206186,0.0,0.0,2.5,2.5,0.0,2.5,0.0,2.5,12.524999999999999,0.0,241.625,2.5,10.0,2.5,-4.23,121.065,83.54096470588236,87.77096470588236,54.84096470588236,-10.575000000000001,137.1024117647059,219.4274117647059,137.1024117647059,0.0,2.5,0.0,2.5,False,0.0,-239.67499999999998,82.325,-157.34999999999997,0.0,0.0,0.0,-157.34999999999997,False,False,False,True,highs,2025-05-17_16:00_20:00,4.0,pay_as_bid,62.22,62.22,62.22,62.22,0.0,0.0,0.0,0.0,0.0,0.0,0.0,2.5,50.65064169997896,-157.34999999999997,-157.34999999999997,0.0,2.025,2.025,0.0,0.0,2.025,340.05361760492013,0.0,340.05361760492013
2025-05-17 17:30:00+02:00,plant_1,2.025,5.01,109.85,32.93,37.94,142.78,40.24,74.7,0.0,DE_DA_price,DE_ID3_price,natural_gas_price,,87.88235294117648,83.54096470588236,2.5,2.025,0.7246516752577321,0.0,0.0,2.5,2.5,0.0,2.5,0.0,2.5,12.524999999999999,0.0,274.625,2.5,10.0,2.5,7.31,49.32,83.54096470588236,76.23096470588236,43.30096470588236,18.275,108.2524117647059,190.5774117647059,108.2524117647059,0.0,2.5,0.0,2.5,False,0.0,-243.82500000000002,82.325,-161.5,0.0,0.0,0.0,-161.5,False,False,False,True,highs,2025-05-17_16:00_20:00,4.0,pay_as_bid,62.22,62.22,62.22,62.22,0.0,0.0,0.0,0.0,0.0,0.0,0.0,2.5,50.280967678308436,-161.5,-161.5,0.0,2.025,2.025,0.0,0.0,2.025,351.5451889209094,0.0,351.5451889209094
2025-05-17 17:45:00+02:00,plant_1,2.025,5.01,122.9,32.93,37.94,155.83,57.16,74.7,0.0,DE_DA_price,DE_ID3_price,natural_gas_price,,87.88235294117648,83.54096470588236,2.5,2.025,1.0868416463595363,0.0,0.0,2.5,2.5,0.0,2.5,0.0,2.5,12.524999999999999,0.0,307.25,2.5,10.0,2.5,24.23,5.686,83.54096470588236,59.310964705882355,26.380964705882363,60.575,65.95241176470591,148.2774117647059,65.95241176470591,0.0,2.5,0.0,2.5,False,0.0,-234.15000000000003,82.325,-151.82500000000005,0.0,0.0,0.0,-151.82500000000005,False,False,False,True,highs,2025-05-17_16:00_20:00,4.0,pay_as_bid,62.22,62.22,62.22,62.22,0.0,0.0,0.0,0.0,0.0,0.0,0.0,2.5,49.91138607514333,-151.82500000000005,-151.82500000000005,0.0,2.025,2.025,0.0,0.0,2.025,395.79271043747906,0.0,395.79271043747906
2025-05-17 18:00:00+02:00,plant_1,2.025,78.77,97.64,32.93,111.69999999999999,130.57,112.74000000000001,74.7,0.0,DE_DA_price,DE_ID3_price,natural_gas_price,,87.88235294117648,83.54096470588236,0.0,1.053972837869508,0.0,0.971027162130492,1.1423848966241084,0.0,0.0,0.0,0.0,0.0,0.0,0.0,0.0,0.0,0.0,0.0,0.0,79.81,0.03,83.54096470588236,3.730964705882357,-29.19903529411765,0.0,0.0,0.0,0.0,0.0,0.0,0.0,0.0,False,0.0,0.0,0.0,0.0,0.0,85.3361517778209,0.0,85.3361517778209,False,False,False,False,highs,2025-05-17_16:00_20:00,4.0,pay_as_bid,62.22,62.22,62.22,62.22,0.0,0.0,0.0,0.0,0.0,0.0,0.0,2.5,51.02040816326531,85.3361517778209,85.3361517778209,0.0,2.025,2.025,0.0,0.971027162130492,1.053972837869508,0.0,229.61936422144578,229.61936422144578
2025-05-17 18:15:00+02:00,plant_1,2.025,78.77,103.97,32.93,111.69999999999999,136.9,32.93,74.7,0.0,DE_DA_price,DE_ID3_price,natural_gas_price,,87.88235294117648,83.54096470588236,0.0,0.0,0.0,2.025,2.3823529411764706,0.0,0.0,0.0,0.0,0.0,0.0,0.0,0.0,0.0,0.0,0.0,0.0,0.0,0.0,83.54096470588236,83.54096470588236,50.61096470588236,0.0,0.0,0.0,0.0,0.0,0.0,0.0,0.0,False,0.0,0.0,0.0,0.0,0.0,177.96176470588236,0.0,177.96176470588236,False,False,False,False,highs,2025-05-17_16:00_20:00,4.0,pay_as_bid,62.22,62.22,62.22,62.22,0.0,0.0,0.0,0.0,0.0,0.0,0.0,2.5,51.02040816326531,177.96176470588236,177.96176470588236,1.33118900545948,0.69381099454052,2.025,0.0,2.025,0.0,0.0,478.8529411764706,478.8529411764706
2025-05-17 18:30:00+02:00,plant_1,2.025,78.77,119.02,32.93,111.69999999999999,151.95,32.93,74.7,0.0,DE_DA_price,DE_ID3_price,natural_gas_price,,87.88235294117648,83.54096470588236,0.0,0.0,0.0,2.025,2.3823529411764706,0.0,0.0,0.0,0.0,0.0,0.0,0.0,0.0,0.0,0.0,0.0,0.0,0.0,0.0,83.54096470588236,83.54096470588236,50.61096470588236,0.0,0.0,0.0,0.0,0.0,0.0,0.0,0.0,False,0.0,0.0,0.0,0.0,0.0,177.96176470588236,0.0,177.96176470588236,False,False,False,False,highs,2025-05-17_16:00_20:00,4.0,pay_as_bid,62.22,62.22,62.22,62.22,0.0,0.0,0.0,0.0,0.0,0.0,0.0,2.5,51.02040816326531,177.96176470588236,177.96176470588236,2.025,0.0,2.025,0.0,2.025,0.0,0.0,478.8529411764706,478.8529411764706
2025-05-17 18:45:00+02:00,plant_1,2.025,78.77,130.27,32.93,111.69999999999999,163.20000000000002,116.69,74.7,0.0,DE_DA_price,DE_ID3_price,natural_gas_price,,87.88235294117648,83.54096470588236,0.0,0.0,0.0,2.025,2.3823529411764706,0.0,0.0,0.0,0.0,0.0,0.0,0.0,0.0,0.0,0.0,0.0,0.0,83.76,0.0,83.54096470588236,-0.21903529411764566,-33.14903529411764,0.0,0.0,0.0,0.0,0.0,0.0,0.0,0.0,False,0.0,0.0,0.0,0.0,0.0,177.96176470588236,0.0,177.96176470588236,False,False,False,False,highs,2025-05-17_16:00_20:00,4.0,pay_as_bid,62.22,62.22,62.22,62.22,0.0,0.0,0.0,0.0,0.0,0.0,0.0,2.5,51.02040816326531,177.96176470588236,177.96176470588236,2.025,0.0,2.025,0.0,2.025,0.0,0.0,478.8529411764706,478.8529411764706
2025-05-17 19:00:00+02:00,plant_1,2.025,99.64,137.68,32.93,132.57,170.61,95.82,74.7,0.0,DE_DA_price,DE_ID3_price,natural_gas_price,,87.88235294117648,83.54096470588236,0.0,0.0,0.0,2.025,2.3823529411764706,0.0,0.0,0.0,0.0,0.0,0.0,0.0,0.0,0.0,0.0,0.0,0.0,62.89,1.933,83.54096470588236,20.65096470588236,-12.279035294117634,0.0,0.0,0.0,0.0,0.0,0.0,0.0,0.0,False,0.0,0.0,0.0,0.0,0.0,177.96176470588236,0.0,177.96176470588236,False,False,False,False,highs,2025-05-17_16:00_20:00,4.0,pay_as_bid,62.22,62.22,62.22,62.22,0.0,0.0,0.0,0.0,0.0,0.0,0.0,2.5,51.02040816326531,177.96176470588236,177.96176470588236,2.025,0.0,2.025,0.0,2.025,0.0,0.0,478.8529411764706,478.8529411764706
2025-05-17 19:15:00+02:00,plant_1,2.025,99.64,125.24,32.93,132.57,158.17,55.5,74.7,0.0,DE_DA_price,DE_ID3_price,natural_gas_price,,87.88235294117648,83.54096470588236,2.5,2.025,0.3623711340206186,0.0,0.0,2.5,0.0,0.0,0.0,0.0,2.5,0.0,0.0,0.0,2.5,10.0,2.5,22.57,12.251,83.54096470588236,60.97096470588236,28.04096470588236,56.425,70.10241176470589,152.4274117647059,70.10241176470589,0.0,2.5,0.0,2.5,False,0.0,56.425,82.325,138.75,0.0,0.0,0.0,138.75,False,False,False,True,highs,2025-05-17_16:00_20:00,4.0,pay_as_bid,62.22,62.22,62.22,62.22,0.0,0.0,0.0,0.0,0.0,0.0,0.0,2.5,50.65064169997896,138.75,138.75,2.025,0.0,2.025,0.0,0.0,2.025,642.6288511632084,0.0,642.6288511632084
2025-05-17 19:30:00+02:00,plant_1,2.025,99.64,118.29,32.93,132.57,151.22,32.93,74.7,0.0,DE_DA_price,DE_ID3_price,natural_gas_price,,87.88235294117648,83.54096470588236,0.0,0.351412125,0.0,1.673587875,1.968926911764706,0.0,0.0,0.0,0.0,0.0,0.0,0.0,0.0,0.0,0.0,0.0,0.0,0.0,0.0,83.54096470588236,83.54096470588236,50.61096470588236,0.0,0.0,0.0,0.0,0.0,0.0,0.0,0.0,False,0.0,0.0,0.0,0.0,0.0,147.07884030882354,0.0,147.07884030882354,False,False,False,False,highs,2025-05-17_16:00_20:00,4.0,pay_as_bid,62.22,62.22,62.22,62.22,0.0,0.0,0.0,0.0,0.0,0.0,0.0,2.5,51.02040816326531,147.07884030882354,147.07884030882354,2.025,0.0,2.025,0.0,1.673587875,0.351412125,0.0,395.7543092647059,395.7543092647059
2025-05-17 19:45:00+02:00,plant_1,2.025,99.64,109.73,32.93,132.57,142.66,69.37,74.7,0.0,DE_DA_price,DE_ID3_price,natural_gas_price,,87.88235294117648,83.54096470588236,2.5,2.025,0.3623711340206186,0.0,0.0,2.5,0.0,0.0,0.0,0.0,2.5,0.0,0.0,0.0,2.5,10.0,2.5,36.44,4.212,83.54096470588236,47.10096470588236,14.170964705882355,91.1,35.42741176470589,117.7524117647059,35.42741176470589,0.0,2.5,0.0,2.5,False,0.0,91.1,82.325,173.425,0.0,0.0,0.0,173.425,False,False,False,True,highs,2025-05-17_16:00_20:00,4.0,pay_as_bid,62.22,62.22,62.22,62.22,0.0,0.0,0.0,0.0,0.0,0.0,0.0,2.5,50.65064169997896,173.425,173.425,2.025,0.0,2.025,0.0,0.0,2.025,675.698725,0.0,675.698725
2025-05-17 20:00:00+02:00,plant_1,2.025,121.38,146.44,32.93,154.31,179.37,94.74000000000001,74.7,0.0,DE_DA_price,DE_ID3_price,natural_gas_price,,87.88235294117648,83.54096470588236,0.0,0.351412125,0.0,1.673587875,1.968926911764706,0.0,0.0,0.0,0.0,0.0,0.0,0.0,0.0,0.0,0.0,0.0,0.0,61.81,3.136,83.54096470588236,21.730964705882357,-11.19903529411765,0.0,0.0,0.0,0.0,0.0,0.0,0.0,0.0,False,0.0,0.0,0.0,0.0,0.0,147.07884030882354,0.0,147.07884030882354,False,False,False,False,highs,2025-05-17_20:00_00:00,4.0,pay_as_bid,3.14,3.14,3.14,3.14,0.0,0.0,0.0,0.0,0.0,0.0,0.0,2.5,51.02040816326531,147.07884030882354,147.07884030882354,2.025,0.0,2.025,0.0,1.673587875,0.351412125,0.0,395.7543092647059,395.7543092647059
2025-05-17 20:15:00+02:00,plant_1,2.025,121.38,119.62,32.93,154.31,152.55,32.93,74.7,0.0,DE_DA_price,DE_ID3_price,natural_gas_price,,87.88235294117648,83.54096470588236,0.0,0.0,0.0,2.025,2.3823529411764706,0.0,0.0,0.0,0.0,0.0,0.0,0.0,0.0,0.0,0.0,0.0,0.0,0.0,0.0,83.54096470588236,83.54096470588236,50.61096470588236,0.0,0.0,0.0,0.0,0.0,0.0,0.0,0.0,False,0.0,0.0,0.0,0.0,0.0,177.96176470588236,0.0,177.96176470588236,False,False,False,False,highs,2025-05-17_20:00_00:00,4.0,pay_as_bid,3.14,3.14,3.14,3.14,0.0,0.0,0.0,0.0,0.0,0.0,0.0,2.5,51.02040816326531,177.96176470588236,177.96176470588236,2.025,0.0,2.025,0.0,2.025,0.0,0.0,478.8529411764706,478.8529411764706
2025-05-17 20:30:00+02:00,plant_1,2.025,121.38,105.2,32.93,154.31,138.13,32.93,74.7,0.0,DE_DA_price,DE_ID3_price,natural_gas_price,,87.88235294117648,83.54096470588236,0.0,0.0,0.0,2.025,2.3823529411764706,0.0,0.0,0.0,0.0,0.0,0.0,0.0,0.0,0.0,0.0,0.0,0.0,0.0,0.0,83.54096470588236,83.54096470588236,50.61096470588236,0.0,0.0,0.0,0.0,0.0,0.0,0.0,0.0,False,0.0,0.0,0.0,0.0,0.0,177.96176470588236,0.0,177.96176470588236,False,False,False,False,highs,2025-05-17_20:00_00:00,4.0,pay_as_bid,3.14,3.14,3.14,3.14,0.0,0.0,0.0,0.0,0.0,0.0,0.0,2.5,51.02040816326531,177.96176470588236,177.96176470588236,2.025,0.0,2.025,0.0,2.025,0.0,0.0,478.8529411764706,478.8529411764706
2025-05-17 20:45:00+02:00,plant_1,2.025,121.38,100.11,32.93,154.31,133.04,122.93,74.7,0.0,DE_DA_price,DE_ID3_price,natural_gas_price,,87.88235294117648,83.54096470588236,0.0,0.0,0.0,2.025,2.3823529411764706,0.0,0.0,0.0,0.0,0.0,0.0,0.0,0.0,0.0,0.0,0.0,0.0,90.0,0.002,83.54096470588236,-6.4590352941176405,-39.38903529411765,0.0,0.0,0.0,0.0,0.0,0.0,0.0,0.0,False,0.0,0.0,0.0,0.0,0.0,177.96176470588236,0.0,177.96176470588236,False,False,False,False,highs,2025-05-17_20:00_00:00,4.0,pay_as_bid,3.14,3.14,3.14,3.14,0.0,0.0,0.0,0.0,0.0,0.0,0.0,2.5,51.02040816326531,177.96176470588236,177.96176470588236,2.025,0.0,2.025,0.0,2.025,0.0,0.0,478.8529411764706,478.8529411764706
2025-05-17 21:00:00+02:00,plant_1,2.025,130.21,116.07,32.93,163.14000000000001,149.0,32.93,74.7,0.0,DE_DA_price,DE_ID3_price,natural_gas_price,,87.88235294117648,83.54096470588236,0.0,0.0,0.0,2.025,2.3823529411764706,0.0,0.0,0.0,0.0,0.0,0.0,0.0,0.0,0.0,0.0,0.0,0.0,0.0,0.0,83.54096470588236,83.54096470588236,50.61096470588236,0.0,0.0,0.0,0.0,0.0,0.0,0.0,0.0,False,0.0,0.0,0.0,0.0,0.0,177.96176470588236,0.0,177.96176470588236,False,False,False,False,highs,2025-05-17_20:00_00:00,4.0,pay_as_bid,3.14,3.14,3.14,3.14,0.0,0.0,0.0,0.0,0.0,0.0,0.0,2.5,51.02040816326531,177.96176470588236,177.96176470588236,2.025,0.0,2.025,0.0,2.025,0.0,0.0,478.8529411764706,478.8529411764706
2025-05-17 21:15:00+02:00,plant_1,2.025,130.21,100.65,32.93,163.14000000000001,133.58,101.47999999999999,74.7,0.0,DE_DA_price,DE_ID3_price,natural_gas_price,,87.88235294117648,83.54096470588236,0.0,0.0,0.0,2.025,2.3823529411764706,0.0,0.0,0.0,0.0,0.0,0.0,0.0,0.0,0.0,0.0,0.0,0.0,68.55,0.557,83.54096470588236,14.990964705882362,-17.93903529411763,0.0,0.0,0.0,0.0,0.0,0.0,0.0,0.0,False,0.0,0.0,0.0,0.0,0.0,177.96176470588236,0.0,177.96176470588236,False,False,False,False,highs,2025-05-17_20:00_00:00,4.0,pay_as_bid,3.14,3.14,3.14,3.14,0.0,0.0,0.0,0.0,0.0,0.0,0.0,2.5,51.02040816326531,177.96176470588236,177.96176470588236,2.025,0.0,2.025,0.0,2.025,0.0,0.0,478.8529411764706,478.8529411764706
2025-05-17 21:30:00+02:00,plant_1,2.025,130.21,95.47,32.93,163.14000000000001,128.4,115.91,74.7,0.0,DE_DA_price,DE_ID3_price,natural_gas_price,,87.88235294117648,83.54096470588236,0.0,0.0,0.0,2.025,2.3823529411764706,0.0,0.0,0.0,0.0,0.0,0.0,0.0,0.0,0.0,0.0,0.0,0.0,82.98,0.013,83.54096470588236,0.5609647058823555,-32.36903529411764,0.0,0.0,0.0,0.0,0.0,0.0,0.0,0.0,False,0.0,0.0,0.0,0.0,0.0,177.96176470588236,0.0,177.96176470588236,False,False,False,False,highs,2025-05-17_20:00_00:00,4.0,pay_as_bid,3.14,3.14,3.14,3.14,0.0,0.0,0.0,0.0,0.0,0.0,0.0,2.5,51.02040816326531,177.96176470588236,177.96176470588236,2.025,0.0,2.025,0.0,2.025,0.0,0.0,478.8529411764706,478.8529411764706
2025-05-17 21:45:00+02:00,plant_1,2.025,130.21,95.13,32.93,163.14000000000001,128.06,75.56,74.7,0.0,DE_DA_price,DE_ID3_price,natural_gas_price,,87.88235294117648,83.54096470588236,2.007,1.9078541999999998,0.0,0.11714580000000008,0.13781858823529422,2.007,0.0,0.0,0.0,0.0,2.007,0.0,0.0,0.0,2.5,10.0,2.007,42.63,2.007,83.54096470588236,40.91096470588236,7.980964705882357,85.55841000000001,16.017796164705892,82.1083061647059,16.017796164705892,0.0,2.5,0.0,2.007,False,0.0,85.55841000000001,66.09051000000001,151.64892000000003,0.0,10.29504854117648,0.0,161.9439685411765,False,False,False,True,highs,2025-05-17_20:00_00:00,4.0,pay_as_bid,3.14,3.14,3.14,3.14,0.0,0.0,0.0,0.0,0.0,0.0,0.0,2.5,51.02040816326531,161.9439685411765,161.9439685411765,2.025,0.0,2.025,0.0,0.11714580000000008,1.9078541999999998,616.4189228398405,27.70153623529414,644.1204590751347
2025-05-17 22:00:00+02:00,plant_1,2.025,129.9,121.02,32.93,162.83,153.95,74.78,74.7,0.0,DE_DA_price,DE_ID3_price,natural_gas_price,,87.88235294117648,83.54096470588236,2.114,2.0095683999999996,0.0,0.015431600000000323,0.018154823529412147,2.114,0.0,0.0,0.0,0.0,2.114,0.0,0.0,0.0,2.5,10.0,2.114,41.85,2.114,83.54096470588236,41.69096470588236,8.760964705882358,88.4709,18.520679388235305,88.1346993882353,18.520679388235305,0.0,2.5,0.0,2.114,False,0.0,88.4709,69.61402,158.08492,0.0,1.3561653176470874,0.0,159.4410853176471,False,False,False,True,highs,2025-05-17_20:00_00:00,4.0,pay_as_bid,3.14,3.14,3.14,3.14,0.0,0.0,0.0,0.0,0.0,0.0,0.0,2.5,51.02040816326531,159.4410853176471,159.4410853176471,2.025,0.0,2.025,0.0,0.015431600000000323,2.0095683999999996,647.1795393389947,3.6491195294118413,650.8286588684065
2025-05-17 22:15:00+02:00,plant_1,2.025,129.9,108.3,32.93,162.83,141.23,81.53,74.7,0.0,DE_DA_price,DE_ID3_price,natural_gas_price,,87.88235294117648,83.54096470588236,2.5,2.025,0.3623711340206186,0.0,0.0,2.5,0.0,0.0,0.0,0.0,2.5,0.0,0.0,0.0,2.5,10.0,2.5,48.6,8.629,83.54096470588236,34.94096470588236,2.0109647058823583,121.5,5.027411764705896,87.35241176470589,5.027411764705896,0.0,2.5,0.0,2.5,False,0.0,121.5,82.325,203.825,0.0,0.0,0.0,203.825,False,False,False,True,highs,2025-05-17_20:00_00:00,4.0,pay_as_bid,3.14,3.14,3.14,3.14,0.0,0.0,0.0,0.0,0.0,0.0,0.0,2.5,50.65064169997896,203.825,203.825,2.025,0.0,2.025,0.0,0.0,2.025,771.4347155206218,0.0,771.4347155206218
2025-05-17 22:30:00+02:00,plant_1,2.025,129.9,97.45,32.93,162.83,130.38,88.11,74.7,0.0,DE_DA_price,DE_ID3_price,natural_gas_price,,87.88235294117648,83.54096470588236,0.0,0.351412125,0.0,1.673587875,1.968926911764706,0.0,0.0,0.0,0.0,0.0,0.0,0.0,0.0,0.0,0.0,0.0,0.0,55.18,2.518,83.54096470588236,28.36096470588236,-4.56903529411764,0.0,0.0,0.0,0.0,0.0,0.0,0.0,0.0,False,0.0,0.0,0.0,0.0,0.0,147.07884030882354,0.0,147.07884030882354,False,False,False,False,highs,2025-05-17_20:00_00:00,4.0,pay_as_bid,3.14,3.14,3.14,3.14,0.0,0.0,0.0,0.0,0.0,0.0,0.0,2.5,51.02040816326531,147.07884030882354,147.07884030882354,2.025,0.0,2.025,0.0,1.673587875,0.351412125,0.0,395.7543092647059,395.7543092647059
2025-05-17 22:45:00+02:00,plant_1,2.025,129.9,91.08,32.93,162.83,124.00999999999999,98.56,74.7,0.0,DE_DA_price,DE_ID3_price,natural_gas_price,,87.88235294117648,83.54096470588236,0.0,0.0,0.0,2.025,2.3823529411764706,0.0,0.0,0.0,0.0,0.0,0.0,0.0,0.0,0.0,0.0,0.0,0.0,65.63,1.687,83.54096470588236,17.910964705882364,-15.019035294117643,0.0,0.0,0.0,0.0,0.0,0.0,0.0,0.0,False,0.0,0.0,0.0,0.0,0.0,177.96176470588236,0.0,177.96176470588236,False,False,False,False,highs,2025-05-17_20:00_00:00,4.0,pay_as_bid,3.14,3.14,3.14,3.14,0.0,0.0,0.0,0.0,0.0,0.0,0.0,2.5,51.02040816326531,177.96176470588236,177.96176470588236,2.025,0.0,2.025,0.0,2.025,0.0,0.0,478.8529411764706,478.8529411764706
2025-05-17 23:00:00+02:00,plant_1,2.0125,111.6,103.48,32.93,144.53,136.41,115.00999999999999,74.7,0.0,DE_DA_price,DE_ID3_price,natural_gas_price,,87.88235294117648,83.54096470588236,0.0,0.0,0.0,2.0125,2.36764705882353,0.0,0.0,0.0,0.0,0.0,0.0,0.0,0.0,0.0,0.0,0.0,0.0,82.08,0.002,83.54096470588236,1.4609647058823612,-31.46903529411763,0.0,0.0,0.0,0.0,0.0,0.0,0.0,0.0,False,0.0,0.0,0.0,0.0,0.0,176.8632352941177,0.0,176.8632352941177,False,False,False,False,highs,2025-05-17_20:00_00:00,4.0,pay_as_bid,3.14,3.14,3.14,3.14,0.0,0.0,0.0,0.0,0.0,0.0,0.0,2.5,51.02040816326531,176.8632352941177,176.8632352941177,2.0125,0.0,2.0125,0.0,2.0125,0.0,0.0,475.8970588235295,475.8970588235295
2025-05-17 23:15:00+02:00,plant_1,2.0125,111.6,97.73,32.93,144.53,130.66,91.55,74.7,0.0,DE_DA_price,DE_ID3_price,natural_gas_price,,87.88235294117648,83.54096470588236,0.0,0.0,0.0,2.0125,2.36764705882353,0.0,0.0,0.0,0.0,0.0,0.0,0.0,0.0,0.0,0.0,0.0,0.0,58.62,5.863,83.54096470588236,24.920964705882362,-8.009035294117638,0.0,0.0,0.0,0.0,0.0,0.0,0.0,0.0,False,0.0,0.0,0.0,0.0,0.0,176.8632352941177,0.0,176.8632352941177,False,False,False,False,highs,2025-05-17_20:00_00:00,4.0,pay_as_bid,3.14,3.14,3.14,3.14,0.0,0.0,0.0,0.0,0.0,0.0,0.0,2.5,51.02040816326531,176.8632352941177,176.8632352941177,2.0125,0.0,2.0125,0.0,2.0125,0.0,0.0,475.8970588235295,475.8970588235295
2025-05-17 23:30:00+02:00,plant_1,2.0125,111.6,93.24,32.93,144.53,126.16999999999999,88.06,74.7,0.0,DE_DA_price,DE_ID3_price,natural_gas_price,,87.88235294117648,83.54096470588236,0.0,0.0,0.0,2.0125,2.36764705882353,0.0,0.0,0.0,0.0,0.0,0.0,0.0,0.0,0.0,0.0,0.0,0.0,55.13,0.733,83.54096470588236,28.410964705882357,-4.519035294117643,0.0,0.0,0.0,0.0,0.0,0.0,0.0,0.0,False,0.0,0.0,0.0,0.0,0.0,176.8632352941177,0.0,176.8632352941177,False,False,False,False,highs,2025-05-17_20:00_00:00,4.0,pay_as_bid,3.14,3.14,3.14,3.14,0.0,0.0,0.0,0.0,0.0,0.0,0.0,2.5,51.02040816326531,176.8632352941177,176.8632352941177,2.0125,0.0,2.0125,0.0,2.0125,0.0,0.0,475.8970588235295,475.8970588235295
2025-05-17 23:45:00+02:00,plant_1,2.0125,111.6,87.79,32.93,144.53,120.72,81.03,74.7,0.0,DE_DA_price,DE_ID3_price,natural_gas_price,,87.88235294117648,83.54096470588236,2.5,2.0125,0.37525773195876244,0.0,0.0,2.5,0.0,0.0,0.0,0.0,2.5,0.0,0.0,0.0,2.5,10.0,2.5,48.1,7.925,83.54096470588236,35.44096470588236,2.5109647058823583,120.25,6.277411764705896,88.60241176470589,6.277411764705896,0.0,2.5,0.0,2.5,False,0.0,120.25,82.325,202.575,0.0,0.0,0.0,202.575,False,False,False,True,highs,2025-05-17_20:00_00:00,4.0,pay_as_bid,3.14,3.14,3.14,3.14,0.0,0.0,0.0,0.0,0.0,0.0,0.0,2.5,50.637492110246164,202.575,202.575,2.0125,0.0,2.0125,0.0,0.0,2.0125,819.1378865504406,0.0,819.1378865504406
2025-05-18 00:00:00+02:00,plant_1,2.0125,106.73,99.23,32.93,139.66,132.16,116.44999999999999,74.7,0.0,DE_DA_price,DE_ID3_price,natural_gas_price,,87.88235294117648,83.54096470588236,0.0,0.36390899999999954,0.0,1.6485910000000006,1.9395188235294125,0.0,0.0,0.0,0.0,0.0,0.0,0.0,0.0,0.0,0.0,0.0,0.0,83.52,0.948,83.54096470588236,0.020964705882363432,-32.90903529411763,0.0,0.0,0.0,0.0,0.0,0.0,0.0,0.0,False,0.0,0.0,0.0,0.0,0.0,144.88205611764712,0.0,144.88205611764712,False,False,False,False,highs,2025-05-18_00:00_04:00,4.0,pay_as_bid,4.37,4.37,4.37,4.37,0.0,0.0,0.0,0.0,0.0,0.0,0.0,2.5,51.02040816326531,144.88205611764712,144.88205611764712,1.6485910000000006,0.36390899999999954,1.6485910000000006,0.36390899999999954,1.6485910000000006,0.36390899999999954,0.0,389.8432835294119,389.8432835294119
2025-05-18 00:15:00+02:00,plant_1,2.0125,106.73,98.55,32.93,139.66,131.48,101.18,74.7,0.0,DE_DA_price,DE_ID3_price,natural_gas_price,,87.88235294117648,83.54096470588236,0.0,0.0,0.0,2.0125,2.36764705882353,0.0,0.0,0.0,0.0,0.0,0.0,0.0,0.0,0.0,0.0,0.0,0.0,68.25,0.337,83.54096470588236,15.29096470588236,-17.639035294117647,0.0,0.0,0.0,0.0,0.0,0.0,0.0,0.0,False,0.0,0.0,0.0,0.0,0.0,176.8632352941177,0.0,176.8632352941177,False,False,False,False,highs,2025-05-18_00:00_04:00,4.0,pay_as_bid,4.37,4.37,4.37,4.37,0.0,0.0,0.0,0.0,0.0,0.0,0.0,2.5,51.02040816326531,176.8632352941177,176.8632352941177,2.0125,0.0,2.0125,0.0,2.0125,0.0,0.0,475.8970588235295,475.8970588235295
2025-05-18 00:30:00+02:00,plant_1,2.0125,106.73,96.52,32.93,139.66,129.45,89.12,74.7,0.0,DE_DA_price,DE_ID3_price,natural_gas_price,,87.88235294117648,83.54096470588236,0.0,0.0,0.0,2.0125,2.36764705882353,0.0,0.0,0.0,0.0,0.0,0.0,0.0,0.0,0.0,0.0,0.0,0.0,56.19,0.559,83.54096470588236,27.35096470588236,-5.579035294117645,0.0,0.0,0.0,0.0,0.0,0.0,0.0,0.0,False,0.0,0.0,0.0,0.0,0.0,176.8632352941177,0.0,176.8632352941177,False,False,False,False,highs,2025-05-18_00:00_04:00,4.0,pay_as_bid,4.37,4.37,4.37,4.37,0.0,0.0,0.0,0.0,0.0,0.0,0.0,2.5,51.02040816326531,176.8632352941177,176.8632352941177,2.0125,0.0,2.0125,0.0,2.0125,0.0,0.0,475.8970588235295,475.8970588235295
2025-05-18 00:45:00+02:00,plant_1,2.0125,106.73,91.6,32.93,139.66,124.53,98.0,74.7,0.0,DE_DA_price,DE_ID3_price,natural_gas_price,,87.88235294117648,83.54096470588236,0.0,0.0,0.0,2.0125,2.36764705882353,0.0,0.0,0.0,0.0,0.0,0.0,0.0,0.0,0.0,0.0,0.0,0.0,65.07,1.817,83.54096470588236,18.470964705882366,-14.45903529411764,0.0,0.0,0.0,0.0,0.0,0.0,0.0,0.0,False,0.0,0.0,0.0,0.0,0.0,176.8632352941177,0.0,176.8632352941177,False,False,False,False,highs,2025-05-18_00:00_04:00,4.0,pay_as_bid,4.37,4.37,4.37,4.37,0.0,0.0,0.0,0.0,0.0,0.0,0.0,2.5,51.02040816326531,176.8632352941177,176.8632352941177,2.0125,0.0,2.0125,0.0,2.0125,0.0,0.0,475.8970588235295,475.8970588235295
2025-05-18 01:00:00+02:00,plant_1,2.01,101.49,100.46,32.93,134.42,133.39,103.80000000000001,74.7,0.0,DE_DA_price,DE_ID3_price,natural_gas_price,,87.88235294117648,83.54096470588236,0.0,0.0,0.0,2.01,2.3647058823529408,0.0,0.0,0.0,0.0,0.0,0.0,0.0,0.0,0.0,0.0,0.0,0.0,70.87,0.287,83.54096470588236,12.670964705882355,-20.259035294117652,0.0,0.0,0.0,0.0,0.0,0.0,0.0,0.0,False,0.0,0.0,0.0,0.0,0.0,176.6435294117647,0.0,176.6435294117647,False,False,False,False,highs,2025-05-18_00:00_04:00,4.0,pay_as_bid,4.37,4.37,4.37,4.37,0.0,0.0,0.0,0.0,0.0,0.0,0.0,2.5,51.02040816326531,176.6435294117647,176.6435294117647,2.01,0.0,2.01,0.0,2.01,0.0,0.0,475.30588235294107,475.30588235294107
2025-05-18 01:15:00+02:00,plant_1,2.01,101.49,105.0,32.93,134.42,137.93,32.93,74.7,0.0,DE_DA_price,DE_ID3_price,natural_gas_price,,87.88235294117648,83.54096470588236,0.0,0.0,0.0,2.01,2.3647058823529408,0.0,0.0,0.0,0.0,0.0,0.0,0.0,0.0,0.0,0.0,0.0,0.0,0.0,0.0,83.54096470588236,83.54096470588236,50.61096470588236,0.0,0.0,0.0,0.0,0.0,0.0,0.0,0.0,False,0.0,0.0,0.0,0.0,0.0,176.6435294117647,0.0,176.6435294117647,False,False,False,False,highs,2025-05-18_00:00_04:00,4.0,pay_as_bid,4.37,4.37,4.37,4.37,0.0,0.0,0.0,0.0,0.0,0.0,0.0,2.5,51.02040816326531,176.6435294117647,176.6435294117647,2.01,0.0,2.01,0.0,2.01,0.0,0.0,475.30588235294107,475.30588235294107
2025-05-18 01:30:00+02:00,plant_1,2.01,101.49,103.81,32.93,134.42,136.74,95.2,74.7,0.0,DE_DA_price,DE_ID3_price,natural_gas_price,,87.88235294117648,83.54096470588236,0.0,0.0,0.0,2.01,2.3647058823529408,0.0,0.0,0.0,0.0,0.0,0.0,0.0,0.0,0.0,0.0,0.0,0.0,62.27,0.377,83.54096470588236,21.270964705882356,-11.659035294117643,0.0,0.0,0.0,0.0,0.0,0.0,0.0,0.0,False,0.0,0.0,0.0,0.0,0.0,176.6435294117647,0.0,176.6435294117647,False,False,False,False,highs,2025-05-18_00:00_04:00,4.0,pay_as_bid,4.37,4.37,4.37,4.37,0.0,0.0,0.0,0.0,0.0,0.0,0.0,2.5,51.02040816326531,176.6435294117647,176.6435294117647,2.01,0.0,2.01,0.0,2.01,0.0,0.0,475.30588235294107,475.30588235294107
2025-05-18 01:45:00+02:00,plant_1,2.01,101.49,97.04,32.93,134.42,129.97,109.37,74.7,0.0,DE_DA_price,DE_ID3_price,natural_gas_price,,87.88235294117648,83.54096470588236,0.0,0.0,0.0,2.01,2.3647058823529408,0.0,0.0,0.0,0.0,0.0,0.0,0.0,0.0,0.0,0.0,0.0,0.0,76.44,0.301,83.54096470588236,7.100964705882362,-25.829035294117645,0.0,0.0,0.0,0.0,0.0,0.0,0.0,0.0,False,0.0,0.0,0.0,0.0,0.0,176.6435294117647,0.0,176.6435294117647,False,False,False,False,highs,2025-05-18_00:00_04:00,4.0,pay_as_bid,4.37,4.37,4.37,4.37,0.0,0.0,0.0,0.0,0.0,0.0,0.0,2.5,51.02040816326531,176.6435294117647,176.6435294117647,2.01,0.0,2.01,0.0,2.01,0.0,0.0,475.30588235294107,475.30588235294107
2025-05-18 02:00:00+02:00,plant_1,2.01,98.57,94.69,32.93,131.5,127.62,116.03,74.7,0.0,DE_DA_price,DE_ID3_price,natural_gas_price,,87.88235294117648,83.54096470588236,0.0,0.0,0.0,2.01,2.3647058823529408,0.0,0.0,0.0,0.0,0.0,0.0,0.0,0.0,0.0,0.0,0.0,0.0,83.1,0.361,83.54096470588236,0.44096470588236514,-32.48903529411764,0.0,0.0,0.0,0.0,0.0,0.0,0.0,0.0,False,0.0,0.0,0.0,0.0,0.0,176.6435294117647,0.0,176.6435294117647,False,False,False,False,highs,2025-05-18_00:00_04:00,4.0,pay_as_bid,4.37,4.37,4.37,4.37,0.0,0.0,0.0,0.0,0.0,0.0,0.0,2.5,51.02040816326531,176.6435294117647,176.6435294117647,2.01,0.0,2.01,0.0,2.01,0.0,0.0,475.30588235294107,475.30588235294107
2025-05-18 02:15:00+02:00,plant_1,2.01,98.57,87.32,32.93,131.5,120.25,73.61,74.7,0.0,DE_DA_price,DE_ID3_price,natural_gas_price,,87.88235294117648,83.54096470588236,2.5,2.01,0.37783505154639174,0.0,0.0,2.5,0.0,0.0,0.0,0.0,2.5,0.0,0.0,0.0,2.5,10.0,2.5,40.68,54.439,83.54096470588236,42.86096470588236,9.93096470588236,101.7,24.8274117647059,107.1524117647059,24.8274117647059,0.0,2.5,0.0,2.5,False,0.0,101.7,82.325,184.025,0.0,0.0,0.0,184.025,False,False,False,True,highs,2025-05-18_00:00_04:00,4.0,pay_as_bid,4.37,4.37,4.37,4.37,0.0,0.0,0.0,0.0,0.0,0.0,0.0,2.5,50.6348621922996,184.025,184.025,2.01,0.0,2.01,0.0,0.0,2.01,939.632189742246,0.0,939.632189742246
2025-05-18 02:30:00+02:00,plant_1,2.01,98.57,86.4,32.93,131.5,119.33000000000001,59.04,74.7,0.0,DE_DA_price,DE_ID3_price,natural_gas_price,,87.88235294117648,83.54096470588236,2.5,2.01,0.7555756443298969,0.0,0.0,2.5,0.0,0.0,0.0,0.0,2.5,0.0,0.0,0.0,2.5,10.0,2.5,26.11,86.194,83.54096470588236,57.43096470588236,24.50096470588236,65.275,61.2524117647059,143.57741176470591,61.2524117647059,0.0,2.5,0.0,2.5,False,0.0,65.275,82.325,147.60000000000002,0.0,0.0,0.0,147.60000000000002,False,False,False,True,highs,2025-05-18_00:00_04:00,4.0,pay_as_bid,4.37,4.37,4.37,4.37,0.0,0.0,0.0,0.0,0.0,0.0,0.0,2.5,50.24941260782664,147.60000000000002,147.60000000000002,2.01,0.0,2.01,0.0,0.0,2.01,947.6727622112978,0.0,947.6727622112978
2025-05-18 02:45:00+02:00,plant_1,2.01,98.57,83.85,32.93,131.5,116.78,78.85,74.7,0.0,DE_DA_price,DE_ID3_price,natural_gas_price,,87.88235294117648,83.54096470588236,2.5,2.01,1.133221801965206,0.0,0.0,2.5,0.0,0.0,0.0,0.0,2.5,0.0,0.0,0.0,2.5,10.0,2.5,45.92,19.56,83.54096470588236,37.62096470588236,4.690964705882365,114.80000000000001,11.727411764705913,94.0524117647059,11.727411764705913,0.0,2.5,0.0,2.5,False,0.0,114.80000000000001,82.325,197.125,0.0,0.0,0.0,197.125,False,False,False,True,highs,2025-05-18_00:00_04:00,4.0,pay_as_bid,4.37,4.37,4.37,4.37,0.0,0.0,0.0,0.0,0.0,0.0,0.0,2.5,49.86405938574979,197.125,197.125,2.01,0.0,2.01,0.0,0.0,2.01,952.434344682122,0.0,952.434344682122
2025-05-18 03:00:00+02:00,plant_1,2.01,97.4,99.96,32.93,130.33,132.89,114.4,74.7,0.0,DE_DA_price,DE_ID3_price,natural_gas_price,,87.88235294117648,83.54096470588236,0.0,1.0989503416192732,0.0,0.9110496583807266,1.0718231275067371,0.0,0.0,0.0,0.0,0.0,0.0,0.0,0.0,0.0,0.0,0.0,0.0,81.47,3.334,83.54096470588236,2.0709647058823606,-30.859035294117646,0.0,0.0,0.0,0.0,0.0,0.0,0.0,0.0,False,0.0,0.0,0.0,0.0,0.0,80.06518762475326,0.0,80.06518762475326,False,False,False,False,highs,2025-05-18_00:00_04:00,4.0,pay_as_bid,4.37,4.37,4.37,4.37,0.0,0.0,0.0,0.0,0.0,0.0,0.0,2.5,51.02040816326531,80.06518762475326,80.06518762475326,2.01,0.0,2.01,0.0,0.9110496583807266,1.0989503416192732,0.0,215.43644862885415,215.43644862885415
2025-05-18 03:15:00+02:00,plant_1,2.01,97.4,97.53,32.93,130.33,130.46,119.22,74.7,0.0,DE_DA_price,DE_ID3_price,natural_gas_price,,87.88235294117648,83.54096470588236,0.0,0.0,0.0,2.01,2.3647058823529408,0.0,0.0,0.0,0.0,0.0,0.0,0.0,0.0,0.0,0.0,0.0,0.0,86.29,0.099,83.54096470588236,-2.749035294117647,-35.67903529411764,0.0,0.0,0.0,0.0,0.0,0.0,0.0,0.0,False,0.0,0.0,0.0,0.0,0.0,176.6435294117647,0.0,176.6435294117647,False,False,False,False,highs,2025-05-18_00:00_04:00,4.0,pay_as_bid,4.37,4.37,4.37,4.37,0.0,0.0,0.0,0.0,0.0,0.0,0.0,2.5,51.02040816326531,176.6435294117647,176.6435294117647,2.01,0.0,2.01,0.0,2.01,0.0,0.0,475.30588235294107,475.30588235294107
2025-05-18 03:30:00+02:00,plant_1,2.01,97.4,93.99,32.93,130.33,126.91999999999999,115.66,74.7,0.0,DE_DA_price,DE_ID3_price,natural_gas_price,,87.88235294117648,83.54096470588236,0.0,0.0,0.0,2.01,2.3647058823529408,0.0,0.0,0.0,0.0,0.0,0.0,0.0,0.0,0.0,0.0,0.0,0.0,82.73,0.073,83.54096470588236,0.8109647058823555,-32.11903529411764,0.0,0.0,0.0,0.0,0.0,0.0,0.0,0.0,False,0.0,0.0,0.0,0.0,0.0,176.6435294117647,0.0,176.6435294117647,False,False,False,False,highs,2025-05-18_00:00_04:00,4.0,pay_as_bid,4.37,4.37,4.37,4.37,0.0,0.0,0.0,0.0,0.0,0.0,0.0,2.5,51.02040816326531,176.6435294117647,176.6435294117647,2.01,0.0,2.01,0.0,2.01,0.0,0.0,475.30588235294107,475.30588235294107
2025-05-18 03:45:00+02:00,plant_1,2.01,97.4,82.14,32.93,130.33,115.07,118.93,74.7,0.0,DE_DA_price,DE_ID3_price,natural_gas_price,,87.88235294117648,83.54096470588236,0.0,0.0,0.0,2.01,2.3647058823529408,0.0,0.0,0.0,0.0,0.0,0.0,0.0,0.0,0.0,0.0,0.0,0.0,86.0,0.002,83.54096470588236,-2.4590352941176405,-35.38903529411765,0.0,0.0,0.0,0.0,0.0,0.0,0.0,0.0,False,0.0,0.0,0.0,0.0,0.0,176.6435294117647,0.0,176.6435294117647,False,False,False,False,highs,2025-05-18_00:00_04:00,4.0,pay_as_bid,4.37,4.37,4.37,4.37,0.0,0.0,0.0,0.0,0.0,0.0,0.0,2.5,51.02040816326531,176.6435294117647,176.6435294117647,2.01,0.0,2.01,0.0,2.01,0.0,0.0,475.30588235294107,475.30588235294107
2025-05-18 04:00:00+02:00,plant_1,2.01,98.41,88.8,32.93,131.34,121.72999999999999,32.93,74.7,0.0,DE_DA_price,DE_ID3_price,natural_gas_price,,87.88235294117648,83.54096470588236,0.0,0.0,0.0,2.01,2.3647058823529408,0.0,0.0,0.0,0.0,0.0,0.0,0.0,0.0,0.0,0.0,0.0,0.0,0.0,0.0,83.54096470588236,83.54096470588236,50.61096470588236,0.0,0.0,0.0,0.0,0.0,0.0,0.0,0.0,False,0.0,0.0,0.0,0.0,0.0,176.6435294117647,0.0,176.6435294117647,False,False,False,False,highs,2025-05-18_04:00_08:00,4.0,pay_as_bid,5.73,5.73,5.73,5.73,0.0,0.0,0.0,0.0,0.0,0.0,0.0,2.5,51.02040816326531,176.6435294117647,176.6435294117647,2.01,0.0,2.01,0.0,2.01,0.0,0.0,475.30588235294107,475.30588235294107
2025-05-18 04:15:00+02:00,plant_1,2.01,98.41,78.72,32.93,131.34,111.65,120.38,74.7,0.0,DE_DA_price,DE_ID3_price,natural_gas_price,,87.88235294117648,83.54096470588236,0.0,0.0,0.0,2.01,2.3647058823529408,0.0,0.0,0.0,0.0,0.0,0.0,0.0,0.0,0.0,0.0,0.0,0.0,87.45,0.015,83.54096470588236,-3.9090352941176434,-36.839035294117636,0.0,0.0,0.0,0.0,0.0,0.0,0.0,0.0,False,0.0,0.0,0.0,0.0,0.0,176.6435294117647,0.0,176.6435294117647,False,False,False,False,highs,2025-05-18_04:00_08:00,4.0,pay_as_bid,5.73,5.73,5.73,5.73,0.0,0.0,0.0,0.0,0.0,0.0,0.0,2.5,51.02040816326531,176.6435294117647,176.6435294117647,2.01,0.0,2.01,0.0,2.01,0.0,0.0,475.30588235294107,475.30588235294107
2025-05-18 04:30:00+02:00,plant_1,2.01,98.41,71.62,32.93,131.34,104.55000000000001,112.12,74.7,0.0,DE_DA_price,DE_ID3_price,natural_gas_price,,87.88235294117648,83.54096470588236,0.0,0.0,0.0,2.01,2.3647058823529408,0.0,0.0,0.0,0.0,0.0,0.0,0.0,0.0,0.0,0.0,0.0,0.0,79.19,0.149,83.54096470588236,4.350964705882362,-28.579035294117645,0.0,0.0,0.0,0.0,0.0,0.0,0.0,0.0,False,0.0,0.0,0.0,0.0,0.0,176.6435294117647,0.0,176.6435294117647,False,False,False,False,highs,2025-05-18_04:00_08:00,4.0,pay_as_bid,5.73,5.73,5.73,5.73,0.0,0.0,0.0,0.0,0.0,0.0,0.0,2.5,51.02040816326531,176.6435294117647,176.6435294117647,2.01,0.0,2.01,0.0,2.01,0.0,0.0,475.30588235294107,475.30588235294107
2025-05-18 04:45:00+02:00,plant_1,2.01,98.41,70.64,32.93,131.34,103.57,114.05000000000001,74.7,0.0,DE_DA_price,DE_ID3_price,natural_gas_price,,87.88235294117648,83.54096470588236,0.0,0.0,0.0,2.01,2.3647058823529408,0.0,0.0,0.0,0.0,0.0,0.0,0.0,0.0,0.0,0.0,0.0,0.0,81.12,0.023,83.54096470588236,2.420964705882355,-30.509035294117652,0.0,0.0,0.0,0.0,0.0,0.0,0.0,0.0,False,0.0,0.0,0.0,0.0,0.0,176.6435294117647,0.0,176.6435294117647,False,False,False,False,highs,2025-05-18_04:00_08:00,4.0,pay_as_bid,5.73,5.73,5.73,5.73,0.0,0.0,0.0,0.0,0.0,0.0,0.0,2.5,51.02040816326531,176.6435294117647,176.6435294117647,2.01,0.0,2.01,0.0,2.01,0.0,0.0,475.30588235294107,475.30588235294107
2025-05-18 05:00:00+02:00,plant_1,2.01,97.98,97.0,32.93,130.91,129.93,32.93,74.7,0.0,DE_DA_price,DE_ID3_price,natural_gas_price,,87.88235294117648,83.54096470588236,0.0,0.0,0.0,2.01,2.3647058823529408,0.0,0.0,0.0,0.0,0.0,0.0,0.0,0.0,0.0,0.0,0.0,0.0,0.0,0.0,83.54096470588236,83.54096470588236,50.61096470588236,0.0,0.0,0.0,0.0,0.0,0.0,0.0,0.0,False,0.0,0.0,0.0,0.0,0.0,176.6435294117647,0.0,176.6435294117647,False,False,False,False,highs,2025-05-18_04:00_08:00,4.0,pay_as_bid,5.73,5.73,5.73,5.73,0.0,0.0,0.0,0.0,0.0,0.0,0.0,2.5,51.02040816326531,176.6435294117647,176.6435294117647,2.01,0.0,2.01,0.0,2.01,0.0,0.0,475.30588235294107,475.30588235294107
2025-05-18 05:15:00+02:00,plant_1,2.01,97.98,98.32,32.93,130.91,131.25,108.93,74.7,0.0,DE_DA_price,DE_ID3_price,natural_gas_price,,87.88235294117648,83.54096470588236,0.0,0.0,0.0,2.01,2.3647058823529408,0.0,0.0,0.0,0.0,0.0,0.0,0.0,0.0,0.0,0.0,0.0,0.0,76.0,0.0,83.54096470588236,7.5409647058823595,-25.389035294117647,0.0,0.0,0.0,0.0,0.0,0.0,0.0,0.0,False,0.0,0.0,0.0,0.0,0.0,176.6435294117647,0.0,176.6435294117647,False,False,False,False,highs,2025-05-18_04:00_08:00,4.0,pay_as_bid,5.73,5.73,5.73,5.73,0.0,0.0,0.0,0.0,0.0,0.0,0.0,2.5,51.02040816326531,176.6435294117647,176.6435294117647,2.01,0.0,2.01,0.0,2.01,0.0,0.0,475.30588235294107,475.30588235294107
2025-05-18 05:30:00+02:00,plant_1,2.01,97.98,87.47,32.93,130.91,120.4,108.93,74.7,0.0,DE_DA_price,DE_ID3_price,natural_gas_price,,87.88235294117648,83.54096470588236,0.0,0.0,0.0,2.01,2.3647058823529408,0.0,0.0,0.0,0.0,0.0,0.0,0.0,0.0,0.0,0.0,0.0,0.0,76.0,0.002,83.54096470588236,7.5409647058823595,-25.389035294117647,0.0,0.0,0.0,0.0,0.0,0.0,0.0,0.0,False,0.0,0.0,0.0,0.0,0.0,176.6435294117647,0.0,176.6435294117647,False,False,False,False,highs,2025-05-18_04:00_08:00,4.0,pay_as_bid,5.73,5.73,5.73,5.73,0.0,0.0,0.0,0.0,0.0,0.0,0.0,2.5,51.02040816326531,176.6435294117647,176.6435294117647,2.01,0.0,2.01,0.0,2.01,0.0,0.0,475.30588235294107,475.30588235294107
2025-05-18 05:45:00+02:00,plant_1,2.01,97.98,79.97,32.93,130.91,112.9,75.69,74.7,0.0,DE_DA_price,DE_ID3_price,natural_gas_price,,87.88235294117648,83.54096470588236,0.034,0.0323204,0.0,1.9776795999999999,2.326681882352941,0.034,0.0,0.0,0.0,0.0,0.034,0.0,0.0,0.0,2.5,10.0,0.034,42.76,0.034,83.54096470588236,40.78096470588236,7.850964705882362,1.45384,0.2669328000000003,1.3865528000000005,0.2669328000000003,0.0,2.5,0.0,0.034,False,0.0,1.45384,1.11962,2.57346,0.0,173.8031366117647,0.0,176.3765966117647,False,False,False,True,highs,2025-05-18_04:00_08:00,4.0,pay_as_bid,5.73,5.73,5.73,5.73,0.0,0.0,0.0,0.0,0.0,0.0,0.0,2.5,51.02040816326531,176.3765966117647,176.3765966117647,2.01,0.0,2.01,0.0,1.9776795999999999,0.0323204,11.432570140625703,467.66305835294116,479.0956284935669
2025-05-18 06:00:00+02:00,plant_1,2.01,91.3,90.24,32.93,124.22999999999999,123.16999999999999,77.55,74.7,0.0,DE_DA_price,DE_ID3_price,natural_gas_price,,87.88235294117648,83.54096470588236,2.5,2.01,0.37783505154639174,0.0,0.0,2.5,0.0,0.0,0.0,0.0,2.5,0.0,0.0,0.0,2.5,10.0,2.5,44.62,3.364,83.54096470588236,38.92096470588236,5.990964705882362,111.55,14.977411764705906,97.30241176470591,14.977411764705906,0.0,2.5,0.0,2.5,False,0.0,111.55,82.325,193.875,0.0,0.0,0.0,193.875,False,False,False,True,highs,2025-05-18_04:00_08:00,4.0,pay_as_bid,5.73,5.73,5.73,5.73,0.0,0.0,0.0,0.0,0.0,0.0,0.0,2.5,50.6348621922996,193.875,193.875,2.01,0.0,2.01,0.0,0.0,2.01,808.0939502495722,0.0,808.0939502495722
2025-05-18 06:15:00+02:00,plant_1,2.01,91.3,81.14,32.93,124.22999999999999,114.07,83.14,74.7,0.0,DE_DA_price,DE_ID3_price,natural_gas_price,,87.88235294117648,83.54096470588236,1.461,1.7552349749999998,0.0,0.254765025,0.2997235588235294,1.461,0.0,0.0,0.0,0.0,1.461,0.0,0.0,0.0,2.5,10.0,1.461,50.21,1.461,83.54096470588236,33.33096470588236,0.4009647058823589,73.35681000000001,0.5858094352941263,48.69653943529413,0.5858094352941263,0.0,2.5,0.0,1.461,False,0.0,73.35681000000001,48.110730000000004,121.46754000000001,0.0,22.38934984411765,0.0,143.85688984411766,False,False,False,True,highs,2025-05-18_04:00_08:00,4.0,pay_as_bid,5.73,5.73,5.73,5.73,0.0,0.0,0.0,0.0,0.0,0.0,0.0,2.5,51.02040816326531,143.85688984411766,143.85688984411766,2.01,0.0,2.01,0.0,0.254765025,1.7552349749999998,457.556581246155,60.24443532352941,517.8010165696844
2025-05-18 06:30:00+02:00,plant_1,2.01,91.3,64.79,32.93,124.22999999999999,97.72,77.58,74.7,0.0,DE_DA_price,DE_ID3_price,natural_gas_price,,87.88235294117648,83.54096470588236,2.5,2.01,0.37783505154639174,0.0,0.0,2.5,0.0,0.0,0.0,0.0,2.5,0.0,0.0,0.0,2.5,10.0,2.5,44.65,2.574,83.54096470588236,38.89096470588236,5.960964705882361,111.625,14.902411764705903,97.2274117647059,14.902411764705903,0.0,2.5,0.0,2.5,False,0.0,111.625,82.325,193.95,0.0,0.0,0.0,193.95,False,False,False,True,highs,2025-05-18_04:00_08:00,4.0,pay_as_bid,5.73,5.73,5.73,5.73,0.0,0.0,0.0,0.0,0.0,0.0,0.0,2.5,50.6348621922996,193.95,193.95,2.01,0.0,2.01,0.0,0.0,2.01,777.6077045921313,0.0,777.6077045921313
2025-05-18 06:45:00+02:00,plant_1,2.01,91.3,45.48,32.93,124.22999999999999,78.41,101.91999999999999,74.7,0.0,DE_DA_price,DE_ID3_price,natural_gas_price,,87.88235294117648,83.54096470588236,2.5,2.01,0.7555756443298969,0.0,0.0,2.5,0.0,2.5,0.0,2.5,2.5,0.0,113.69999999999999,0.0,0.0,0.0,0.0,68.99,0.118,83.54096470588236,14.550964705882365,-18.379035294117628,0.0,0.0,0.0,0.0,0.0,0.0,0.0,0.0,False,0.0,113.69999999999999,82.325,196.02499999999998,0.0,0.0,0.0,196.02499999999998,False,False,False,False,highs,2025-05-18_04:00_08:00,4.0,pay_as_bid,5.73,5.73,5.73,5.73,0.0,0.0,0.0,0.0,0.0,0.0,0.0,0.0,50.24941260782664,196.02499999999998,196.02499999999998,2.01,0.0,0.0,2.01,0.0,2.01,761.5684273047691,0.0,761.5684273047691
2025-05-18 07:00:00+02:00,plant_1,2.0425,87.16,83.52,32.93,120.09,116.44999999999999,32.93,74.7,0.0,DE_DA_price,DE_ID3_price,natural_gas_price,,87.88235294117648,83.54096470588236,0.0,0.7327251479062499,0.0,1.3097748520937502,1.5409115906985298,0.0,0.0,0.0,0.0,0.0,0.0,0.0,0.0,0.0,0.0,0.0,0.0,0.0,0.0,83.54096470588236,83.54096470588236,50.61096470588236,0.0,0.0,0.0,0.0,0.0,0.0,0.0,0.0,False,0.0,0.0,0.0,0.0,0.0,115.10609582518018,0.0,115.10609582518018,False,False,False,False,highs,2025-05-18_04:00_08:00,4.0,pay_as_bid,5.73,5.73,5.73,5.73,0.0,0.0,0.0,0.0,0.0,0.0,0.0,2.5,51.02040816326531,115.10609582518018,115.10609582518018,2.0425,0.0,1.676091625,0.36640837499999995,1.3097748520937502,0.7327251479062499,0.0,309.7232297304045,309.7232297304045
2025-05-18 07:15:00+02:00,plant_1,2.0425,87.16,62.43,32.93,120.09,95.36,108.24000000000001,74.7,0.0,DE_DA_price,DE_ID3_price,natural_gas_price,,87.88235294117648,83.54096470588236,0.0,0.0,0.0,2.0425,2.402941176470588,0.0,0.0,0.0,0.0,0.0,0.0,0.0,0.0,0.0,0.0,0.0,0.0,75.31,0.022,83.54096470588236,8.230964705882357,-24.69903529411765,0.0,0.0,0.0,0.0,0.0,0.0,0.0,0.0,False,0.0,0.0,0.0,0.0,0.0,179.49970588235294,0.0,179.49970588235294,False,False,False,False,highs,2025-05-18_04:00_08:00,4.0,pay_as_bid,5.73,5.73,5.73,5.73,0.0,0.0,0.0,0.0,0.0,0.0,0.0,2.5,51.02040816326531,179.49970588235294,179.49970588235294,2.0425,0.0,2.0425,0.0,2.0425,0.0,0.0,482.99117647058824,482.99117647058824
2025-05-18 07:30:00+02:00,plant_1,2.0425,87.16,15.72,32.93,120.09,48.65,68.12,74.7,0.0,DE_DA_price,DE_ID3_price,natural_gas_price,,87.88235294117648,83.54096470588236,2.5,2.0425,0.3443298969072166,0.0,0.0,2.5,0.0,2.5,0.0,2.5,2.5,0.0,39.300000000000004,0.0,0.0,0.0,0.0,35.19,1.62,83.54096470588236,48.35096470588236,15.420964705882355,0.0,0.0,0.0,0.0,0.0,0.0,0.0,0.0,False,0.0,39.300000000000004,82.325,121.625,0.0,0.0,0.0,121.625,False,False,False,False,highs,2025-05-18_04:00_08:00,4.0,pay_as_bid,5.73,5.73,5.73,5.73,0.0,0.0,0.0,0.0,0.0,0.0,0.0,0.0,50.66905112560488,121.625,121.625,2.0425,0.0,0.0,2.0425,0.0,2.0425,677.8532776102163,0.0,677.8532776102163
2025-05-18 07:45:00+02:00,plant_1,2.0425,87.16,2.34,32.93,120.09,35.269999999999996,93.91,74.7,0.0,DE_DA_price,DE_ID3_price,natural_gas_price,,87.88235294117648,83.54096470588236,2.5,2.0425,0.6885737113402064,0.0,0.0,2.5,0.0,2.5,0.0,2.5,2.5,0.0,5.85,0.0,0.0,0.0,0.0,60.98,0.337,83.54096470588236,22.560964705882363,-10.369035294117637,0.0,0.0,0.0,0.0,0.0,0.0,0.0,0.0,False,0.0,5.85,82.325,88.175,0.0,0.0,0.0,88.175,False,False,False,False,highs,2025-05-18_04:00_08:00,4.0,pay_as_bid,5.73,5.73,5.73,5.73,0.0,0.0,0.0,0.0,0.0,0.0,0.0,0.0,50.317781927203875,88.175,88.175,2.0425,0.0,0.0,2.0425,0.0,2.0425,647.0243666786671,0.0,647.0243666786671
2025-05-18 08:00:00+02:00,plant_1,2.065,67.86,27.94,32.93,100.78999999999999,60.870000000000005,32.93,74.7,0.0,DE_DA_price,DE_ID3_price,natural_gas_price,,87.88235294117648,83.54096470588236,2.5,2.065,1.0095355885309283,0.0,0.0,2.5,0.0,2.5,0.0,2.5,2.5,0.0,69.85000000000001,0.0,0.0,0.0,0.0,0.0,0.0,83.54096470588236,83.54096470588236,50.61096470588236,0.0,0.0,0.0,0.0,0.0,0.0,0.0,0.0,False,0.0,69.85000000000001,82.325,152.175,0.0,0.0,0.0,152.175,False,False,False,False,highs,2025-05-18_08:00_12:00,4.0,pay_as_bid,78.05,78.05,78.05,78.05,0.0,0.0,0.0,0.0,0.0,0.0,0.0,0.0,49.9902698076215,152.175,152.175,2.065,0.0,0.0,2.065,0.0,2.065,593.6908435525826,0.0,593.6908435525826
2025-05-18 08:15:00+02:00,plant_1,2.065,67.86,16.48,32.93,100.78999999999999,49.41,121.19,74.7,0.0,DE_DA_price,DE_ID3_price,natural_gas_price,,87.88235294117648,83.54096470588236,2.5,2.065,1.3304172252523525,0.0,0.0,2.5,0.0,2.5,0.0,2.5,2.5,0.0,41.2,0.0,0.0,0.0,0.0,88.26,0.0,83.54096470588236,-4.719035294117646,-37.64903529411764,0.0,0.0,0.0,0.0,0.0,0.0,0.0,0.0,False,0.0,41.2,82.325,123.525,0.0,0.0,0.0,123.525,False,False,False,False,highs,2025-05-18_08:00_12:00,4.0,pay_as_bid,78.05,78.05,78.05,78.05,0.0,0.0,0.0,0.0,0.0,0.0,0.0,0.0,49.662839566069024,123.525,123.525,2.065,0.0,0.0,2.065,0.0,2.065,552.289854128126,0.0,552.289854128126
2025-05-18 08:30:00+02:00,plant_1,2.065,67.86,3.64,32.93,100.78999999999999,36.57,85.49000000000001,74.7,0.0,DE_DA_price,DE_ID3_price,natural_gas_price,,87.88235294117648,83.54096470588236,2.5,2.065,1.6512186415645964,0.0,0.0,2.5,0.0,2.5,0.0,2.5,2.5,0.0,9.1,0.0,0.0,0.0,0.0,52.56,0.041,83.54096470588236,30.980964705882357,-1.9490352941176496,0.0,0.0,0.0,0.0,0.0,0.0,0.0,0.0,False,0.0,9.1,82.325,91.425,0.0,0.0,0.0,91.425,False,False,False,False,highs,2025-05-18_08:00_12:00,4.0,pay_as_bid,78.05,78.05,78.05,78.05,0.0,0.0,0.0,0.0,0.0,0.0,0.0,0.0,49.33549118207694,91.425,91.425,2.065,0.0,0.0,2.065,0.0,2.065,500.9246403706011,0.0,500.9246403706011
2025-05-18 08:45:00+02:00,plant_1,2.065,67.86,-5.36,32.93,100.78999999999999,27.57,62.2,74.7,0.0,DE_DA_price,DE_ID3_price,natural_gas_price,,87.88235294117648,83.54096470588236,2.5,2.065,1.9719398575227622,0.0,0.0,2.5,0.0,2.5,0.0,2.5,2.5,0.0,-13.4,0.0,0.0,0.0,0.0,29.27,0.005,83.54096470588236,54.27096470588236,21.340964705882357,0.0,0.0,0.0,0.0,0.0,0.0,0.0,0.0,False,0.0,-13.4,82.325,68.925,0.0,0.0,0.0,68.925,False,False,False,False,highs,2025-05-18_08:00_12:00,4.0,pay_as_bid,78.05,78.05,78.05,78.05,0.0,0.0,0.0,0.0,0.0,0.0,0.0,0.0,49.00822463518085,68.925,68.925,2.065,0.0,0.0,2.065,0.0,2.065,453.720183164276,0.0,453.720183164276
2025-05-18 09:00:00+02:00,plant_1,2.0975,10.1,15.2,32.93,43.03,48.129999999999995,35.68,74.7,0.0,DE_DA_price,DE_ID3_price,natural_gas_price,,87.88235294117648,83.54096470588236,2.5,2.0975,2.2590757385377627,0.0,0.0,2.5,2.5,0.0,0.0,2.5,2.5,25.25,0.0,0.0,0.0,0.0,0.0,2.75,29.135,83.54096470588236,80.79096470588236,47.86096470588236,0.0,0.0,0.0,0.0,0.0,0.0,0.0,0.0,False,0.0,25.25,82.325,107.575,0.0,0.0,0.0,107.575,False,False,False,False,highs,2025-05-18_08:00_12:00,4.0,pay_as_bid,78.05,78.05,78.05,78.05,0.0,0.0,0.0,0.0,0.0,0.0,0.0,0.0,48.71522883822678,107.575,107.575,0.0,2.0975,0.0,2.0975,0.0,2.0975,408.80258622614963,0.0,408.80258622614963
2025-05-18 09:15:00+02:00,plant_1,2.0975,10.1,9.61,32.93,43.03,42.54,47.16,74.7,0.0,DE_DA_price,DE_ID3_price,natural_gas_price,,87.88235294117648,83.54096470588236,2.5,2.0975,2.5461398355825096,0.0,0.0,2.5,2.5,0.0,0.0,2.5,2.5,25.25,0.0,0.0,0.0,0.0,0.0,14.23,3.587,83.54096470588236,69.31096470588236,36.38096470588236,0.0,0.0,0.0,0.0,0.0,0.0,0.0,0.0,False,0.0,25.25,82.325,107.575,0.0,0.0,0.0,107.575,False,False,False,False,highs,2025-05-18_08:00_12:00,4.0,pay_as_bid,78.05,78.05,78.05,78.05,0.0,0.0,0.0,0.0,0.0,0.0,0.0,0.0,48.42230629022193,107.575,107.575,0.0,2.0975,0.0,2.0975,0.0,2.0975,382.46032959685914,0.0,382.46032959685914
2025-05-18 09:30:00+02:00,plant_1,2.0975,10.1,3.38,32.93,43.03,36.31,39.41,74.7,0.0,DE_DA_price,DE_ID3_price,natural_gas_price,,87.88235294117648,83.54096470588236,2.5,2.0975,2.8331321666029954,0.0,0.0,2.5,2.5,0.0,0.0,2.5,2.5,25.25,0.0,0.0,0.0,0.0,0.0,6.48,24.067,83.54096470588236,77.06096470588236,44.13096470588236,0.0,0.0,0.0,0.0,0.0,0.0,0.0,0.0,False,0.0,25.25,82.325,107.575,0.0,0.0,0.0,107.575,False,False,False,False,highs,2025-05-18_08:00_12:00,4.0,pay_as_bid,78.05,78.05,78.05,78.05,0.0,0.0,0.0,0.0,0.0,0.0,0.0,0.0,48.129456972854086,107.575,107.575,0.0,2.0975,0.0,2.0975,0.0,2.0975,365.2389764666141,0.0,365.2389764666141
2025-05-18 09:45:00+02:00,plant_1,2.0975,10.1,1.22,32.93,43.03,34.15,75.39,74.7,0.0,DE_DA_price,DE_ID3_price,natural_gas_price,,87.88235294117648,83.54096470588236,2.5,2.0975,3.120052749540726,0.0,0.0,2.5,2.5,0.0,0.0,2.5,2.5,25.25,0.0,0.0,0.0,0.0,0.0,42.46,2.062,83.54096470588236,41.08096470588236,8.150964705882359,0.0,0.0,0.0,0.0,0.0,0.0,0.0,0.0,False,0.0,25.25,82.325,107.575,0.0,0.0,0.0,107.575,False,False,False,False,highs,2025-05-18_08:00_12:00,4.0,pay_as_bid,78.05,78.05,78.05,78.05,0.0,0.0,0.0,0.0,0.0,0.0,0.0,0.0,47.83668086781559,107.575,107.575,0.0,2.0975,0.0,2.0975,0.0,2.0975,353.4068100087146,0.0,353.4068100087146
2025-05-18 10:00:00+02:00,plant_1,2.0975,0.0,15.45,32.93,32.93,48.379999999999995,47.19,74.7,0.0,DE_DA_price,DE_ID3_price,natural_gas_price,,87.88235294117648,83.54096470588236,2.5,2.0975,3.4069016023327223,0.0,0.0,2.5,2.5,0.0,0.0,2.5,2.5,0.0,0.0,0.0,0.0,0.0,0.0,14.26,0.074,83.54096470588236,69.28096470588235,36.35096470588236,0.0,0.0,0.0,0.0,0.0,0.0,0.0,0.0,False,0.0,0.0,82.325,82.325,0.0,0.0,0.0,82.325,False,False,False,False,highs,2025-05-18_08:00_12:00,4.0,pay_as_bid,78.05,78.05,78.05,78.05,0.0,0.0,0.0,0.0,0.0,0.0,0.0,0.0,47.543977956803346,82.325,82.325,0.0,2.0975,0.0,2.0975,0.0,2.0975,342.58695833073284,0.0,342.58695833073284
2025-05-18 10:15:00+02:00,plant_1,2.0975,0.0,12.68,32.93,32.93,45.61,62.14,74.7,0.0,DE_DA_price,DE_ID3_price,natural_gas_price,,87.88235294117648,83.54096470588236,2.5,2.0975,3.6936787429115205,0.0,0.0,2.5,2.5,0.0,0.0,2.5,2.5,0.0,0.0,0.0,0.0,0.0,0.0,29.21,0.0,83.54096470588236,54.33096470588236,21.40096470588236,0.0,0.0,0.0,0.0,0.0,0.0,0.0,0.0,False,0.0,0.0,82.325,82.325,0.0,0.0,0.0,82.325,False,False,False,False,highs,2025-05-18_08:00_12:00,4.0,pay_as_bid,78.05,78.05,78.05,78.05,0.0,0.0,0.0,0.0,0.0,0.0,0.0,0.0,47.25134822151885,82.325,82.325,0.0,2.0975,0.0,2.0975,0.0,2.0975,334.60686648303266,0.0,334.60686648303266
2025-05-18 10:30:00+02:00,plant_1,2.0975,0.0,5.98,32.93,32.93,38.91,57.230000000000004,74.7,0.0,DE_DA_price,DE_ID3_price,natural_gas_price,,87.88235294117648,83.54096470588236,2.5,2.0975,3.980384189205174,0.0,0.0,2.5,2.5,0.0,0.0,2.5,2.5,0.0,0.0,0.0,0.0,0.0,0.0,24.3,0.0,83.54096470588236,59.24096470588236,26.310964705882355,0.0,0.0,0.0,0.0,0.0,0.0,0.0,0.0,False,0.0,0.0,82.325,82.325,0.0,0.0,0.0,82.325,False,False,False,False,highs,2025-05-18_08:00_12:00,4.0,pay_as_bid,78.05,78.05,78.05,78.05,0.0,0.0,0.0,0.0,0.0,0.0,0.0,0.0,46.95879164366819,82.325,82.325,0.0,2.0975,0.0,2.0975,0.0,2.0975,328.2580640391174,0.0,328.2580640391174
2025-05-18 10:45:00+02:00,plant_1,2.0975,0.0,3.21,32.93,32.93,36.14,81.97999999999999,74.7,0.0,DE_DA_price,DE_ID3_price,natural_gas_price,,87.88235294117648,83.54096470588236,2.5,2.0975,4.267017959137254,0.0,0.0,2.5,2.5,0.0,0.0,2.5,2.5,0.0,0.0,0.0,0.0,0.0,0.0,49.05,0.0,83.54096470588236,34.49096470588236,1.5609647058823697,0.0,0.0,0.0,0.0,0.0,0.0,0.0,0.0,False,0.0,0.0,82.325,82.325,0.0,0.0,0.0,82.325,False,False,False,False,highs,2025-05-18_08:00_12:00,4.0,pay_as_bid,78.05,78.05,78.05,78.05,0.0,0.0,0.0,0.0,0.0,0.0,0.0,0.0,46.666308204961986,82.325,82.325,0.0,2.0975,0.0,2.0975,0.0,2.0975,323.50418529265175,0.0,323.50418529265175
2025-05-18 11:00:00+02:00,plant_1,2.0975,-0.2,13.55,32.93,32.73,46.480000000000004,93.94,74.7,0.0,DE_DA_price,DE_ID3_price,natural_gas_price,,87.88235294117648,83.54096470588236,2.5,2.0975,4.553580070626851,0.0,0.0,2.5,2.5,0.0,0.0,2.5,2.5,-0.5,0.0,0.0,0.0,0.0,0.0,61.01,0.0,83.54096470588236,22.53096470588236,-10.399035294117638,0.0,0.0,0.0,0.0,0.0,0.0,0.0,0.0,False,0.0,-0.5,82.325,81.825,0.0,0.0,0.0,81.825,False,False,False,False,highs,2025-05-18_08:00_12:00,4.0,pay_as_bid,78.05,78.05,78.05,78.05,0.0,0.0,0.0,0.0,0.0,0.0,0.0,0.0,46.37389788711546,81.825,81.825,0.0,2.0975,0.0,2.0975,0.0,2.0975,320.12556589501054,0.0,320.12556589501054
2025-05-18 11:15:00+02:00,plant_1,2.0975,-0.2,8.04,32.93,32.73,40.97,65.1,74.7,0.0,DE_DA_price,DE_ID3_price,natural_gas_price,,87.88235294117648,83.54096470588236,2.5,2.0975,4.840070541588576,0.0,0.0,2.5,2.5,0.0,0.0,2.5,2.5,-0.5,0.0,0.0,0.0,0.0,0.0,32.17,0.0,83.54096470588236,51.37096470588236,18.440964705882365,0.0,0.0,0.0,0.0,0.0,0.0,0.0,0.0,False,0.0,-0.5,82.325,81.825,0.0,0.0,0.0,81.825,False,False,False,False,highs,2025-05-18_08:00_12:00,4.0,pay_as_bid,78.05,78.05,78.05,78.05,0.0,0.0,0.0,0.0,0.0,0.0,0.0,0.0,46.08156067184839,81.825,81.825,0.0,2.0975,0.0,2.0975,0.0,2.0975,318.7616045368793,0.0,318.7616045368793
2025-05-18 11:30:00+02:00,plant_1,2.0975,-0.2,3.31,32.93,32.73,36.24,51.53,74.7,0.0,DE_DA_price,DE_ID3_price,natural_gas_price,,87.88235294117648,83.54096470588236,2.5,2.0975,5.12648938993256,0.0,0.0,2.5,2.5,0.0,0.0,2.5,2.5,-0.5,0.0,0.0,0.0,0.0,0.0,18.6,0.0,83.54096470588236,64.94096470588235,32.01096470588236,0.0,0.0,0.0,0.0,0.0,0.0,0.0,0.0,False,0.0,-0.5,82.325,81.825,0.0,0.0,0.0,81.825,False,False,False,False,highs,2025-05-18_08:00_12:00,4.0,pay_as_bid,78.05,78.05,78.05,78.05,0.0,0.0,0.0,0.0,0.0,0.0,0.0,0.0,45.78929654088515,81.825,81.825,0.0,2.0975,0.0,2.0975,0.0,2.0975,316.919078432902,0.0,316.919078432902
2025-05-18 11:45:00+02:00,plant_1,2.0975,-0.2,4.33,32.93,32.73,37.26,48.11,74.7,0.0,DE_DA_price,DE_ID3_price,natural_gas_price,,87.88235294117648,83.54096470588236,2.5,2.0975,5.412836633564458,0.0,0.0,2.5,2.5,0.0,0.0,2.5,2.5,-0.5,0.0,0.0,0.0,0.0,0.0,15.18,12.663,83.54096470588236,68.36096470588237,35.43096470588236,0.0,0.0,0.0,0.0,0.0,0.0,0.0,0.0,False,0.0,-0.5,82.325,81.825,0.0,0.0,0.0,81.825,False,False,False,False,highs,2025-05-18_08:00_12:00,4.0,pay_as_bid,78.05,78.05,78.05,78.05,0.0,0.0,0.0,0.0,0.0,0.0,0.0,0.0,45.49710547595463,81.825,81.825,0.0,2.0975,0.0,2.0975,0.0,2.0975,315.4074498572759,0.0,315.4074498572759
2025-05-18 12:00:00+02:00,plant_1,2.0975,-2.0,1.52,32.93,30.93,34.45,37.72,74.7,0.0,DE_DA_price,DE_ID3_price,natural_gas_price,,87.88235294117648,83.54096470588236,2.5,2.0975,5.6991122903854485,0.0,0.0,2.5,0.0,0.0,0.0,0.0,2.5,0.0,0.0,0.0,2.5,10.0,2.5,4.79,21.718,83.54096470588236,78.75096470588235,45.82096470588236,11.975,114.55241176470591,196.87741176470587,114.55241176470591,2.5,0.0,2.5,0.0,False,0.0,11.975,82.325,94.3,0.0,0.0,0.0,94.3,False,False,False,True,highs,2025-05-18_12:00_16:00,4.0,pay_as_bid,140.96,140.96,140.96,140.96,10.0,2.5,352.40000000000003,147.3649117647059,0.0,205.03508823529413,2.5,2.5,45.204987458790356,94.3,-258.1,0.0,2.0975,0.0,2.0975,0.0,2.0975,310.743496543768,0.0,310.743496543768
2025-05-18 12:15:00+02:00,plant_1,2.0975,-2.0,0.38,32.93,30.93,33.31,-22.97,74.7,0.0,DE_DA_price,DE_ID3_price,natural_gas_price,,87.88235294117648,83.54096470588236,2.5,2.0975,5.985316378292234,0.0,0.0,2.5,0.0,0.0,0.0,0.0,2.5,0.0,0.0,0.0,2.5,10.0,2.5,-55.9,80.362,83.54096470588236,139.44096470588235,106.51096470588236,-139.75,266.2774117647059,348.6024117647059,266.2774117647059,2.5,0.0,2.5,0.0,False,0.0,-139.75,82.325,-57.425,0.0,0.0,0.0,-57.425,False,False,False,True,highs,2025-05-18_12:00_16:00,4.0,pay_as_bid,140.96,140.96,140.96,140.96,10.0,2.5,352.40000000000003,147.3649117647059,0.0,205.03508823529413,2.5,2.5,44.91294247113038,-57.425,-409.82500000000005,0.8527467821115551,1.244753217888445,0.0,2.0975,0.0,2.0975,310.3125314347666,0.0,310.3125314347666
2025-05-18 12:30:00+02:00,plant_1,2.0975,-2.0,-0.63,32.93,30.93,32.3,34.25,74.7,0.0,DE_DA_price,DE_ID3_price,natural_gas_price,,87.88235294117648,83.54096470588236,2.5,2.0975,6.271448915177042,0.0,0.0,2.5,0.0,0.0,0.0,0.0,2.5,0.0,0.0,0.0,2.5,10.0,2.5,1.32,33.517,83.54096470588236,82.22096470588237,49.29096470588236,3.3000000000000003,123.22741176470589,205.5524117647059,123.22741176470589,2.5,0.0,2.5,0.0,False,0.0,3.3000000000000003,82.325,85.625,0.0,0.0,0.0,85.625,False,False,False,True,highs,2025-05-18_12:00_16:00,4.0,pay_as_bid,140.96,140.96,140.96,140.96,10.0,2.5,352.40000000000003,147.3649117647059,0.0,205.03508823529413,2.5,2.5,44.620970494717305,85.625,-266.77500000000003,2.0975,0.0,1.04441232580952,1.0530876741904802,0.0,2.0975,310.6139138960692,0.0,310.6139138960692
2025-05-18 12:45:00+02:00,plant_1,2.0975,-2.0,-0.31,32.93,30.93,32.62,42.05,74.7,0.0,DE_DA_price,DE_ID3_price,natural_gas_price,,87.88235294117648,83.54096470588236,2.5,2.0975,6.55750991892763,0.0,0.0,2.5,0.0,0.0,0.0,0.0,2.5,0.0,0.0,0.0,2.5,10.0,2.5,9.12,9.855,83.54096470588236,74.42096470588235,41.49096470588236,22.799999999999997,103.7274117647059,186.05241176470588,103.7274117647059,2.5,0.0,2.5,0.0,False,0.0,22.799999999999997,82.325,105.125,0.0,0.0,0.0,105.125,False,False,False,True,highs,2025-05-18_12:00_16:00,4.0,pay_as_bid,140.96,140.96,140.96,140.96,10.0,2.5,352.40000000000003,147.3649117647059,0.0,205.03508823529413,2.5,2.5,44.32907151129834,105.125,-247.27500000000003,2.0975,0.0,2.0975,0.0,0.0,2.0975,305.04352620250893,0.0,305.04352620250893
2025-05-18 13:00:00+02:00,plant_1,2.0975,-7.37,-1.94,32.93,25.56,30.99,57.65,74.7,0.0,DE_DA_price,DE_ID3_price,natural_gas_price,,87.88235294117648,83.54096470588236,0.371,2.0975,4.757079407427279,0.0,0.0,0.371,0.0,0.0,0.0,0.0,0.371,0.0,0.0,0.0,2.5,10.0,0.371,24.72,0.371,83.54096470588236,58.82096470588236,25.89096470588236,9.17112,9.605547905882355,21.822577905882355,9.605547905882355,2.5,0.0,0.371,0.0,False,0.0,9.17112,12.21703,21.38815,0.0,0.0,0.0,21.38815,False,False,False,True,highs,2025-05-18_12:00_16:00,4.0,pay_as_bid,140.96,140.96,140.96,140.96,10.0,2.5,352.40000000000003,147.3649117647059,0.0,205.03508823529413,2.5,2.5,46.16624550262523,21.38815,-331.01185000000004,2.0975,0.0,2.0975,0.0,0.0,2.0975,45.21377635466539,0.0,45.21377635466539
2025-05-18 13:15:00+02:00,plant_1,2.0975,-7.37,-1.56,32.93,25.56,31.37,56.14,74.7,0.0,DE_DA_price,DE_ID3_price,natural_gas_price,,87.88235294117648,83.54096470588236,0.648,2.0975,3.2285590035548033,0.0,0.0,0.648,0.0,0.0,0.0,0.0,0.648,0.0,0.0,0.0,2.5,10.0,0.648,23.21,0.648,83.54096470588236,60.33096470588236,27.40096470588236,15.040080000000001,17.755825129411768,39.094465129411766,17.755825129411768,2.5,0.0,0.648,0.0,False,0.0,15.040080000000001,21.33864,36.37872,0.0,0.0,0.0,36.37872,False,False,False,True,highs,2025-05-18_12:00_16:00,4.0,pay_as_bid,140.96,140.96,140.96,140.96,10.0,2.5,352.40000000000003,147.3649117647059,0.0,205.03508823529413,2.5,2.5,47.72596020045428,36.37872,-316.02128000000005,2.0975,0.0,2.0975,0.0,0.0,2.0975,79.29975668519167,0.0,79.29975668519167
2025-05-18 13:30:00+02:00,plant_1,2.0975,-7.37,-0.84,32.93,25.56,32.089999999999996,32.01,74.7,0.0,DE_DA_price,DE_ID3_price,natural_gas_price,,87.88235294117648,83.54096470588236,2.5,2.0975,3.515380729783296,0.0,0.0,2.5,0.0,0.0,0.0,0.0,2.5,0.0,0.0,0.0,2.5,10.0,2.5,-0.92,21.739,83.54096470588236,84.46096470588236,51.53096470588236,-2.3000000000000003,128.82741176470591,211.1524117647059,128.82741176470591,2.5,0.0,2.5,0.0,False,0.0,-2.3000000000000003,82.325,80.025,0.0,0.0,0.0,80.025,False,False,False,True,highs,2025-05-18_12:00_16:00,4.0,pay_as_bid,140.96,140.96,140.96,140.96,10.0,2.5,352.40000000000003,147.3649117647059,0.0,205.03508823529413,2.5,2.5,47.433284969608884,80.025,-272.375,2.0975,0.0,2.0975,0.0,0.0,2.0975,307.69735916145044,0.0,307.69735916145044
2025-05-18 13:45:00+02:00,plant_1,2.0975,-7.37,0.15,32.93,25.56,33.08,39.93,74.7,0.0,DE_DA_price,DE_ID3_price,natural_gas_price,,87.88235294117648,83.54096470588236,2.5,2.0975,3.8021307505802318,0.0,0.0,2.5,0.0,0.0,0.0,0.0,2.5,0.0,0.0,0.0,2.5,10.0,2.5,7.0,14.381,83.54096470588236,76.54096470588236,43.61096470588236,17.5,109.0274117647059,191.3524117647059,109.0274117647059,2.5,0.0,2.5,0.0,False,0.0,17.5,82.325,99.825,0.0,0.0,0.0,99.825,False,False,False,True,highs,2025-05-18_12:00_16:00,4.0,pay_as_bid,140.96,140.96,140.96,140.96,10.0,2.5,352.40000000000003,147.3649117647059,0.0,205.03508823529413,2.5,2.5,47.14068290757119,99.825,-252.57500000000005,2.0975,0.0,2.0975,0.0,0.0,2.0975,309.7940003025905,0.0,309.7940003025905
2025-05-18 14:00:00+02:00,plant_1,2.0975,-15.0,-4.11,32.93,17.93,28.82,49.15,74.7,0.0,DE_DA_price,DE_ID3_price,natural_gas_price,,87.88235294117648,83.54096470588236,0.294,2.0975,1.9269290838719677,0.0,0.0,0.294,0.0,0.0,0.0,0.0,0.294,0.0,0.0,0.0,2.5,10.0,0.294,16.22,0.294,83.54096470588236,67.32096470588236,34.39096470588236,4.76868,10.110943623529414,19.79236362352941,10.110943623529414,2.5,0.0,0.294,0.0,False,0.0,4.76868,9.68142,14.450099999999999,0.0,0.0,0.0,14.450099999999999,False,False,False,True,highs,2025-05-18_12:00_16:00,4.0,pay_as_bid,140.96,140.96,140.96,140.96,10.0,2.5,352.40000000000003,147.3649117647059,0.0,205.03508823529413,2.5,2.5,49.05415399604901,14.450099999999999,-337.9499,2.0975,0.0,2.0975,0.0,0.0,2.0975,36.887464837618296,0.0,36.887464837618296
2025-05-18 14:15:00+02:00,plant_1,2.0975,-15.0,-0.92,32.93,17.93,32.01,22.28,74.7,0.0,DE_DA_price,DE_ID3_price,natural_gas_price,,87.88235294117648,83.54096470588236,2.5,2.0975,2.2140762175803808,0.0,0.0,2.5,0.0,0.0,0.0,0.0,2.5,0.0,0.0,0.0,2.5,10.0,2.5,-10.65,22.429,83.54096470588236,94.19096470588237,61.26096470588236,-26.625,153.1524117647059,235.47741176470592,153.1524117647059,2.5,0.0,2.5,0.0,False,0.0,-26.625,82.325,55.7,0.0,0.0,0.0,55.7,False,False,False,True,highs,2025-05-18_12:00_16:00,4.0,pay_as_bid,140.96,140.96,140.96,140.96,10.0,2.5,352.40000000000003,147.3649117647059,0.0,205.03508823529413,2.5,2.5,48.76114671675471,55.7,-296.70000000000005,2.0975,0.0,2.0975,0.0,0.0,2.0975,316.6535029362522,0.0,316.6535029362522
2025-05-18 14:30:00+02:00,plant_1,2.0975,-15.0,9.72,32.93,17.93,42.65,41.29,74.7,0.0,DE_DA_price,DE_ID3_price,natural_gas_price,,87.88235294117648,83.54096470588236,2.5,2.0975,2.501151564505367,0.0,0.0,2.5,0.0,0.0,0.0,0.0,2.5,0.0,0.0,0.0,2.5,10.0,2.5,8.36,11.995,83.54096470588236,75.18096470588236,42.25096470588236,20.9,105.6274117647059,187.95241176470591,105.6274117647059,2.5,0.0,2.5,0.0,False,0.0,20.9,82.325,103.225,0.0,0.0,0.0,103.225,False,False,False,True,highs,2025-05-18_12:00_16:00,4.0,pay_as_bid,140.96,140.96,140.96,140.96,10.0,2.5,352.40000000000003,147.3649117647059,0.0,205.03508823529413,2.5,2.5,48.46821268928024,103.225,-249.17500000000004,2.0975,0.0,2.0975,0.0,0.0,2.0975,318.77545520118525,0.0,318.77545520118525
2025-05-18 14:45:00+02:00,plant_1,2.0975,-15.0,30.71,32.93,17.93,63.64,51.14,74.7,0.0,DE_DA_price,DE_ID3_price,natural_gas_price,,87.88235294117648,83.54096470588236,0.355,2.0975,0.6860551425936219,0.0,0.0,0.355,0.0,0.0,0.0,0.0,0.355,0.0,0.0,0.0,2.5,10.0,0.355,18.21,0.355,83.54096470588236,65.33096470588237,32.40096470588236,6.46455,11.502342470588237,23.19249247058824,11.502342470588237,2.5,0.0,0.355,0.0,False,0.0,6.46455,11.69015,18.1547,0.0,0.0,0.0,18.1547,False,False,False,True,highs,2025-05-18_12:00_16:00,4.0,pay_as_bid,140.96,140.96,140.96,140.96,10.0,2.5,352.40000000000003,147.3649117647059,0.0,205.03508823529413,2.5,2.5,50.320351895312626,18.1547,-334.24530000000004,2.0975,0.0,2.0975,0.0,0.0,2.0975,45.53605149291996,0.0,45.53605149291996
2025-05-18 15:00:00+02:00,plant_1,2.065,-8.97,-12.48,32.93,23.96,20.45,61.68,74.7,0.0,DE_DA_price,DE_ID3_price,natural_gas_price,,87.88235294117648,83.54096470588236,2.5,2.065,1.0070176494265304,0.0,0.0,2.5,0.0,0.0,0.0,0.0,2.5,0.0,0.0,0.0,2.5,10.0,2.5,28.75,7.735,83.54096470588236,54.79096470588236,21.86096470588236,71.875,54.6524117647059,136.9774117647059,54.6524117647059,2.5,0.0,2.5,0.0,False,0.0,71.875,82.325,154.2,0.0,0.0,0.0,154.2,False,False,False,True,highs,2025-05-18_12:00_16:00,4.0,pay_as_bid,140.96,140.96,140.96,140.96,10.0,2.5,352.40000000000003,147.3649117647059,0.0,205.03508823529413,2.5,2.5,49.992839133238235,154.2,-198.20000000000005,2.065,0.0,2.065,0.0,0.0,2.065,326.59535225186494,0.0,326.59535225186494
2025-05-18 15:15:00+02:00,plant_1,2.065,-8.97,4.84,32.93,23.96,37.769999999999996,46.81,74.7,0.0,DE_DA_price,DE_ID3_price,natural_gas_price,,87.88235294117648,83.54096470588236,2.5,2.065,1.3278999156327307,0.0,0.0,2.5,0.0,0.0,0.0,0.0,2.5,0.0,0.0,0.0,2.5,10.0,2.5,13.88,18.25,83.54096470588236,69.66096470588236,36.73096470588236,34.7,91.82741176470589,174.1524117647059,91.82741176470589,2.5,0.0,2.5,0.0,False,0.0,34.7,82.325,117.025,0.0,0.0,0.0,117.025,False,False,False,True,highs,2025-05-18_12:00_16:00,4.0,pay_as_bid,140.96,140.96,140.96,140.96,10.0,2.5,352.40000000000003,147.3649117647059,0.0,205.03508823529413,2.5,2.5,49.665408249354364,117.025,-235.37500000000003,2.065,0.0,2.065,0.0,0.0,2.065,330.25061274385786,0.0,330.25061274385786
2025-05-18 15:30:00+02:00,plant_1,2.065,-8.97,46.07,32.93,23.96,79.0,47.67,74.7,0.0,DE_DA_price,DE_ID3_price,natural_gas_price,,87.88235294117648,83.54096470588236,2.5,2.065,1.6487019612723794,0.0,0.0,2.5,0.0,0.0,0.0,0.0,2.5,0.0,0.0,0.0,2.5,10.0,2.5,14.74,8.478,83.54096470588236,68.80096470588236,35.87096470588236,36.85,89.6774117647059,172.00241176470593,89.6774117647059,2.5,0.0,2.5,0.0,False,0.0,36.85,82.325,119.17500000000001,0.0,0.0,0.0,119.17500000000001,False,False,False,True,highs,2025-05-18_12:00_16:00,4.0,pay_as_bid,140.96,140.96,140.96,140.96,10.0,2.5,352.40000000000003,147.3649117647059,0.0,205.03508823529413,2.5,2.5,49.33805922319145,119.17500000000001,-233.22500000000002,2.065,0.0,2.065,0.0,0.0,2.065,335.402898461412,0.0,335.402898461412
2025-05-18 15:45:00+02:00,plant_1,2.065,-8.97,78.96,32.93,23.96,111.88999999999999,80.28999999999999,74.7,0.0,DE_DA_price,DE_ID3_price,natural_gas_price,,87.88235294117648,83.54096470588236,0.0,1.5988410922085994,0.0,0.46615890779140057,0.5484222444604713,0.0,0.0,0.0,0.0,0.0,0.0,0.0,0.0,0.0,2.5,10.0,0.0,47.36,0.0,83.54096470588236,36.18096470588236,3.2509647058823674,0.0,0.0,0.0,0.0,2.5,0.0,0.0,0.0,False,0.0,0.0,0.0,0.0,0.0,40.9671416611972,0.0,40.9671416611972,False,False,False,True,highs,2025-05-18_12:00_16:00,4.0,pay_as_bid,140.96,140.96,140.96,140.96,10.0,2.5,352.40000000000003,147.3649117647059,0.0,205.03508823529413,2.5,2.5,51.02040816326531,40.9671416611972,-311.4328583388028,2.065,0.0,2.065,0.0,0.46615890779140057,1.5988410922085994,0.0,110.23287113655472,110.23287113655472
2025-05-18 16:00:00+02:00,plant_1,2.0425,-0.2,57.71,32.93,32.73,90.64,33.49,74.7,0.0,DE_DA_price,DE_ID3_price,natural_gas_price,,87.88235294117648,83.54096470588236,2.5,2.0425,0.3443298969072166,0.0,0.0,2.5,2.5,0.0,2.5,0.0,2.5,-0.5,0.0,144.275,2.5,10.0,2.5,0.56,32.127,83.54096470588236,82.98096470588236,50.05096470588236,1.4000000000000001,125.1274117647059,207.4524117647059,125.1274117647059,0.0,2.5,0.0,2.5,False,0.0,-143.375,82.325,-61.05,0.0,0.0,0.0,-61.05,False,False,False,True,highs,2025-05-18_16:00_20:00,4.0,pay_as_bid,48.33,48.33,48.33,48.33,0.0,0.0,0.0,0.0,0.0,0.0,0.0,2.5,50.66905112560488,-61.05,-61.05,0.0,2.0425,2.0425,0.0,0.0,2.0425,340.72974540032925,0.0,340.72974540032925
2025-05-18 16:15:00+02:00,plant_1,2.0425,-0.2,73.3,32.93,32.73,106.22999999999999,-17.700000000000003,74.7,0.0,DE_DA_price,DE_ID3_price,natural_gas_price,,87.88235294117648,83.54096470588236,2.5,2.0425,0.6885737113402064,0.0,0.0,2.5,2.5,0.0,2.5,0.0,2.5,-0.5,0.0,183.25,2.5,10.0,2.5,-50.63,52.393,83.54096470588236,134.17096470588237,101.24096470588236,-126.575,253.1024117647059,335.42741176470594,253.1024117647059,0.0,2.5,0.0,2.5,False,0.0,-310.325,82.325,-228.0,0.0,0.0,0.0,-228.0,False,False,False,True,highs,2025-05-18_16:00_20:00,4.0,pay_as_bid,48.33,48.33,48.33,48.33,0.0,0.0,0.0,0.0,0.0,0.0,0.0,2.5,50.317781927203875,-228.0,-228.0,0.0,2.0425,2.0425,0.0,0.0,2.0425,341.98939836393725,0.0,341.98939836393725
2025-05-18 16:30:00+02:00,plant_1,2.0425,-0.2,92.95,32.93,32.73,125.88,32.93,74.7,0.0,DE_DA_price,DE_ID3_price,natural_gas_price,,87.88235294117648,83.54096470588236,0.0,0.6677495208750002,0.0,1.3747504791249998,1.617353504852941,0.0,2.5,0.0,2.5,0.0,0.0,-0.5,0.0,232.375,0.0,0.0,0.0,0.0,0.0,83.54096470588236,83.54096470588236,50.61096470588236,0.0,0.0,0.0,0.0,0.0,0.0,0.0,0.0,False,0.0,-232.875,0.0,-232.875,0.0,120.8163068125147,0.0,-112.0586931874853,False,False,False,False,highs,2025-05-18_16:00_20:00,4.0,pay_as_bid,48.33,48.33,48.33,48.33,0.0,0.0,0.0,0.0,0.0,0.0,0.0,2.5,51.02040816326531,-112.0586931874853,-112.0586931874853,0.0,2.0425,2.0425,0.0,1.3747504791249998,0.6677495208750002,0.0,325.08805447544114,325.08805447544114
2025-05-18 16:45:00+02:00,plant_1,2.0425,-0.2,112.24,32.93,32.73,145.17,32.93,74.7,0.0,DE_DA_price,DE_ID3_price,natural_gas_price,,87.88235294117648,83.54096470588236,0.0,0.0,0.0,2.0425,2.402941176470588,0.0,2.5,0.0,2.5,0.0,0.0,-0.5,0.0,280.59999999999997,0.0,0.0,0.0,0.0,0.0,83.54096470588236,83.54096470588236,50.61096470588236,0.0,0.0,0.0,0.0,0.0,0.0,0.0,0.0,False,0.0,-281.09999999999997,0.0,-281.09999999999997,0.0,179.49970588235294,0.0,-101.60029411764702,False,False,False,False,highs,2025-05-18_16:00_20:00,4.0,pay_as_bid,48.33,48.33,48.33,48.33,0.0,0.0,0.0,0.0,0.0,0.0,0.0,2.5,51.02040816326531,-101.60029411764702,-101.60029411764702,0.0,2.0425,2.0425,0.0,2.0425,0.0,0.0,482.99117647058824,482.99117647058824
2025-05-18 17:00:00+02:00,plant_1,2.02,9.67,89.25,32.93,42.6,122.18,32.93,74.7,0.0,DE_DA_price,DE_ID3_price,natural_gas_price,,87.88235294117648,83.54096470588236,0.0,0.0,0.0,2.02,2.376470588235294,0.0,2.5,0.0,2.5,0.0,0.0,24.175,0.0,223.125,0.0,0.0,0.0,0.0,0.0,83.54096470588236,83.54096470588236,50.61096470588236,0.0,0.0,0.0,0.0,0.0,0.0,0.0,0.0,False,0.0,-198.95,0.0,-198.95,0.0,177.52235294117648,0.0,-21.42764705882351,False,False,False,False,highs,2025-05-18_16:00_20:00,4.0,pay_as_bid,48.33,48.33,48.33,48.33,0.0,0.0,0.0,0.0,0.0,0.0,0.0,2.5,51.02040816326531,-21.42764705882351,-21.42764705882351,0.0,2.02,2.02,0.0,2.02,0.0,0.0,477.67058823529413,477.67058823529413
2025-05-18 17:15:00+02:00,plant_1,2.02,9.67,108.82,32.93,42.6,141.75,32.93,74.7,0.0,DE_DA_price,DE_ID3_price,natural_gas_price,,87.88235294117648,83.54096470588236,0.0,0.0,0.0,2.02,2.376470588235294,0.0,2.5,0.0,2.5,0.0,0.0,24.175,0.0,272.04999999999995,0.0,0.0,0.0,0.0,0.0,83.54096470588236,83.54096470588236,50.61096470588236,0.0,0.0,0.0,0.0,0.0,0.0,0.0,0.0,False,0.0,-247.87499999999994,0.0,-247.87499999999994,0.0,177.52235294117648,0.0,-70.35264705882346,False,False,False,False,highs,2025-05-18_16:00_20:00,4.0,pay_as_bid,48.33,48.33,48.33,48.33,0.0,0.0,0.0,0.0,0.0,0.0,0.0,2.5,51.02040816326531,-70.35264705882346,-70.35264705882346,0.0,2.02,2.02,0.0,2.02,0.0,0.0,477.67058823529413,477.67058823529413
2025-05-18 17:30:00+02:00,plant_1,2.02,9.67,117.55,32.93,42.6,150.48,61.64,74.7,0.0,DE_DA_price,DE_ID3_price,natural_gas_price,,87.88235294117648,83.54096470588236,2.5,2.02,0.3675257731958763,0.0,0.0,2.5,2.5,0.0,2.5,0.0,2.5,24.175,0.0,293.875,2.5,10.0,2.5,28.71,5.453,83.54096470588236,54.83096470588236,21.90096470588236,71.775,54.7524117647059,137.0774117647059,54.7524117647059,0.0,2.5,0.0,2.5,False,0.0,-197.92499999999998,82.325,-115.59999999999998,0.0,0.0,0.0,-115.59999999999998,False,False,False,True,highs,2025-05-18_16:00_20:00,4.0,pay_as_bid,48.33,48.33,48.33,48.33,0.0,0.0,0.0,0.0,0.0,0.0,0.0,2.5,50.64538186408584,-115.59999999999998,-115.59999999999998,0.0,2.02,2.02,0.0,0.0,2.02,395.25947206372086,0.0,395.25947206372086
2025-05-18 17:45:00+02:00,plant_1,2.02,9.67,117.62,32.93,42.6,150.55,130.83,74.7,0.0,DE_DA_price,DE_ID3_price,natural_gas_price,,87.88235294117648,83.54096470588236,0.0,0.35641087499999996,0.0,1.6635891250000001,1.9571636764705884,0.0,2.5,0.0,2.5,0.0,0.0,24.175,0.0,294.05,0.0,0.0,0.0,97.9,0.674,83.54096470588236,-14.359035294117646,-47.28903529411765,0.0,0.0,0.0,0.0,0.0,0.0,0.0,0.0,False,0.0,-269.875,0.0,-269.875,0.0,146.20012663235295,0.0,-123.67487336764705,False,False,False,False,highs,2025-05-18_16:00_20:00,4.0,pay_as_bid,48.33,48.33,48.33,48.33,0.0,0.0,0.0,0.0,0.0,0.0,0.0,2.5,51.02040816326531,-123.67487336764705,-123.67487336764705,0.0,2.02,2.02,0.0,1.6635891250000001,0.35641087499999996,0.0,393.38989897058826,393.38989897058826
2025-05-18 18:00:00+02:00,plant_1,2.02,91.38,103.93,32.93,124.31,136.86,57.43,74.7,0.0,DE_DA_price,DE_ID3_price,natural_gas_price,,87.88235294117648,83.54096470588236,2.5,2.02,0.3675257731958763,0.0,0.0,2.5,0.0,0.0,0.0,0.0,2.5,0.0,0.0,0.0,2.5,10.0,2.5,24.5,10.279,83.54096470588236,59.04096470588236,26.11096470588236,61.25,65.2774117647059,147.6024117647059,65.2774117647059,0.0,2.5,0.0,2.5,False,0.0,61.25,82.325,143.575,0.0,0.0,0.0,143.575,False,False,False,True,highs,2025-05-18_16:00_20:00,4.0,pay_as_bid,48.33,48.33,48.33,48.33,0.0,0.0,0.0,0.0,0.0,0.0,0.0,2.5,50.64538186408584,143.575,143.575,0.0,2.02,2.02,0.0,0.0,2.02,511.9518964933807,0.0,511.9518964933807
2025-05-18 18:15:00+02:00,plant_1,2.02,91.38,108.43,32.93,124.31,141.36,80.2,74.7,0.0,DE_DA_price,DE_ID3_price,natural_gas_price,,87.88235294117648,83.54096470588236,2.5,2.02,0.7349596649484537,0.0,0.0,2.5,0.0,0.0,0.0,0.0,2.5,0.0,0.0,0.0,2.5,10.0,2.5,47.27,4.807,83.54096470588236,36.270964705882356,3.3409647058823566,118.17500000000001,8.352411764705892,90.6774117647059,8.352411764705892,0.0,2.5,0.0,2.5,False,0.0,118.17500000000001,82.325,200.5,0.0,0.0,0.0,200.5,False,False,False,True,highs,2025-05-18_16:00_20:00,4.0,pay_as_bid,48.33,48.33,48.33,48.33,0.0,0.0,0.0,0.0,0.0,0.0,0.0,2.5,50.270449321481166,200.5,200.5,1.2812452179758809,0.7387547820241191,2.02,0.0,0.0,2.02,576.4948375592983,0.0,576.4948375592983
2025-05-18 18:30:00+02:00,plant_1,2.02,91.38,113.34,32.93,124.31,146.27,134.86,74.7,0.0,DE_DA_price,DE_ID3_price,natural_gas_price,,87.88235294117648,83.54096470588236,0.0,0.71273264728125,0.0,1.3072673527187502,1.5379615914338238,0.0,0.0,0.0,0.0,0.0,0.0,0.0,0.0,0.0,0.0,0.0,0.0,101.93,0.164,83.54096470588236,-18.389035294117647,-51.319035294117654,0.0,0.0,0.0,0.0,0.0,0.0,0.0,0.0,False,0.0,0.0,0.0,0.0,0.0,114.88573088010665,0.0,114.88573088010665,False,False,False,False,highs,2025-05-18_16:00_20:00,4.0,pay_as_bid,48.33,48.33,48.33,48.33,0.0,0.0,0.0,0.0,0.0,0.0,0.0,2.5,51.02040816326531,114.88573088010665,114.88573088010665,2.02,0.0,2.02,0.0,1.3072673527187502,0.71273264728125,0.0,309.13027987819856,309.13027987819856
2025-05-18 18:45:00+02:00,plant_1,2.02,91.38,118.18,32.93,124.31,151.11,32.93,74.7,0.0,DE_DA_price,DE_ID3_price,natural_gas_price,,87.88235294117648,83.54096470588236,0.0,0.0,0.0,2.02,2.376470588235294,0.0,0.0,0.0,0.0,0.0,0.0,0.0,0.0,0.0,0.0,0.0,0.0,0.0,0.0,83.54096470588236,83.54096470588236,50.61096470588236,0.0,0.0,0.0,0.0,0.0,0.0,0.0,0.0,False,0.0,0.0,0.0,0.0,0.0,177.52235294117648,0.0,177.52235294117648,False,False,False,False,highs,2025-05-18_16:00_20:00,4.0,pay_as_bid,48.33,48.33,48.33,48.33,0.0,0.0,0.0,0.0,0.0,0.0,0.0,2.5,51.02040816326531,177.52235294117648,177.52235294117648,2.02,0.0,2.02,0.0,2.02,0.0,0.0,477.67058823529413,477.67058823529413
2025-05-18 19:00:00+02:00,plant_1,2.02,108.4,115.12,32.93,141.33,148.05,116.43,74.7,0.0,DE_DA_price,DE_ID3_price,natural_gas_price,,87.88235294117648,83.54096470588236,0.0,0.0,0.0,2.02,2.376470588235294,0.0,0.0,0.0,0.0,0.0,0.0,0.0,0.0,0.0,0.0,0.0,0.0,83.5,0.719,83.54096470588236,0.04096470588235945,-32.88903529411765,0.0,0.0,0.0,0.0,0.0,0.0,0.0,0.0,False,0.0,0.0,0.0,0.0,0.0,177.52235294117648,0.0,177.52235294117648,False,False,False,False,highs,2025-05-18_16:00_20:00,4.0,pay_as_bid,48.33,48.33,48.33,48.33,0.0,0.0,0.0,0.0,0.0,0.0,0.0,2.5,51.02040816326531,177.52235294117648,177.52235294117648,2.02,0.0,2.02,0.0,2.02,0.0,0.0,477.67058823529413,477.67058823529413
2025-05-18 19:15:00+02:00,plant_1,2.02,108.4,112.44,32.93,141.33,145.37,96.5,74.7,0.0,DE_DA_price,DE_ID3_price,natural_gas_price,,87.88235294117648,83.54096470588236,0.0,0.0,0.0,2.02,2.376470588235294,0.0,0.0,0.0,0.0,0.0,0.0,0.0,0.0,0.0,0.0,0.0,0.0,63.57,1.8,83.54096470588236,19.97096470588236,-12.95903529411764,0.0,0.0,0.0,0.0,0.0,0.0,0.0,0.0,False,0.0,0.0,0.0,0.0,0.0,177.52235294117648,0.0,177.52235294117648,False,False,False,False,highs,2025-05-18_16:00_20:00,4.0,pay_as_bid,48.33,48.33,48.33,48.33,0.0,0.0,0.0,0.0,0.0,0.0,0.0,2.5,51.02040816326531,177.52235294117648,177.52235294117648,2.02,0.0,2.02,0.0,2.02,0.0,0.0,477.67058823529413,477.67058823529413
2025-05-18 19:30:00+02:00,plant_1,2.02,108.4,109.19,32.93,141.33,142.12,32.93,74.7,0.0,DE_DA_price,DE_ID3_price,natural_gas_price,,87.88235294117648,83.54096470588236,0.0,0.0,0.0,2.02,2.376470588235294,0.0,0.0,0.0,0.0,0.0,0.0,0.0,0.0,0.0,0.0,0.0,0.0,0.0,0.0,83.54096470588236,83.54096470588236,50.61096470588236,0.0,0.0,0.0,0.0,0.0,0.0,0.0,0.0,False,0.0,0.0,0.0,0.0,0.0,177.52235294117648,0.0,177.52235294117648,False,False,False,False,highs,2025-05-18_16:00_20:00,4.0,pay_as_bid,48.33,48.33,48.33,48.33,0.0,0.0,0.0,0.0,0.0,0.0,0.0,2.5,51.02040816326531,177.52235294117648,177.52235294117648,2.02,0.0,2.02,0.0,2.02,0.0,0.0,477.67058823529413,477.67058823529413
2025-05-18 19:45:00+02:00,plant_1,2.02,108.4,105.45,32.93,141.33,138.38,69.38,74.7,0.0,DE_DA_price,DE_ID3_price,natural_gas_price,,87.88235294117648,83.54096470588236,2.5,2.02,0.3675257731958763,0.0,0.0,2.5,0.0,0.0,0.0,0.0,2.5,0.0,0.0,0.0,2.5,10.0,2.5,36.45,49.264,83.54096470588236,47.09096470588236,14.160964705882364,91.125,35.40241176470591,117.72741176470589,35.40241176470591,0.0,2.5,0.0,2.5,False,0.0,91.125,82.325,173.45,0.0,0.0,0.0,173.45,False,False,False,True,highs,2025-05-18_16:00_20:00,4.0,pay_as_bid,48.33,48.33,48.33,48.33,0.0,0.0,0.0,0.0,0.0,0.0,0.0,2.5,50.64538186408584,173.45,173.45,2.02,0.0,2.02,0.0,0.0,2.02,896.5997821133691,0.0,896.5997821133691
2025-05-18 20:00:00+02:00,plant_1,2.02,125.17,139.0,32.93,158.1,171.93,108.44,74.7,0.0,DE_DA_price,DE_ID3_price,natural_gas_price,,87.88235294117648,83.54096470588236,0.0,0.35641087499999996,0.0,1.6635891250000001,1.9571636764705884,0.0,0.0,0.0,0.0,0.0,0.0,0.0,0.0,0.0,0.0,0.0,0.0,75.51,14.802,83.54096470588236,8.030964705882354,-24.89903529411764,0.0,0.0,0.0,0.0,0.0,0.0,0.0,0.0,False,0.0,0.0,0.0,0.0,0.0,146.20012663235295,0.0,146.20012663235295,False,False,False,False,highs,2025-05-18_20:00_00:00,4.0,pay_as_bid,2.76,2.76,2.76,2.76,0.0,0.0,0.0,0.0,0.0,0.0,0.0,2.5,51.02040816326531,146.20012663235295,146.20012663235295,2.02,0.0,2.02,0.0,1.6635891250000001,0.35641087499999996,0.0,393.38989897058826,393.38989897058826
2025-05-18 20:15:00+02:00,plant_1,2.02,125.17,129.18,32.93,158.1,162.11,130.97,74.7,0.0,DE_DA_price,DE_ID3_price,natural_gas_price,,87.88235294117648,83.54096470588236,0.0,0.0,0.0,2.02,2.376470588235294,0.0,0.0,0.0,0.0,0.0,0.0,0.0,0.0,0.0,0.0,0.0,0.0,98.04,0.067,83.54096470588236,-14.499035294117647,-47.42903529411764,0.0,0.0,0.0,0.0,0.0,0.0,0.0,0.0,False,0.0,0.0,0.0,0.0,0.0,177.52235294117648,0.0,177.52235294117648,False,False,False,False,highs,2025-05-18_20:00_00:00,4.0,pay_as_bid,2.76,2.76,2.76,2.76,0.0,0.0,0.0,0.0,0.0,0.0,0.0,2.5,51.02040816326531,177.52235294117648,177.52235294117648,2.02,0.0,2.02,0.0,2.02,0.0,0.0,477.67058823529413,477.67058823529413
2025-05-18 20:30:00+02:00,plant_1,2.02,125.17,113.64,32.93,158.1,146.57,32.93,74.7,0.0,DE_DA_price,DE_ID3_price,natural_gas_price,,87.88235294117648,83.54096470588236,0.0,0.0,0.0,2.02,2.376470588235294,0.0,0.0,0.0,0.0,0.0,0.0,0.0,0.0,0.0,0.0,0.0,0.0,0.0,0.0,83.54096470588236,83.54096470588236,50.61096470588236,0.0,0.0,0.0,0.0,0.0,0.0,0.0,0.0,False,0.0,0.0,0.0,0.0,0.0,177.52235294117648,0.0,177.52235294117648,False,False,False,False,highs,2025-05-18_20:00_00:00,4.0,pay_as_bid,2.76,2.76,2.76,2.76,0.0,0.0,0.0,0.0,0.0,0.0,0.0,2.5,51.02040816326531,177.52235294117648,177.52235294117648,2.02,0.0,2.02,0.0,2.02,0.0,0.0,477.67058823529413,477.67058823529413
2025-05-18 20:45:00+02:00,plant_1,2.02,125.17,109.92,32.93,158.1,142.85,32.93,74.7,0.0,DE_DA_price,DE_ID3_price,natural_gas_price,,87.88235294117648,83.54096470588236,0.0,0.0,0.0,2.02,2.376470588235294,0.0,0.0,0.0,0.0,0.0,0.0,0.0,0.0,0.0,0.0,0.0,0.0,0.0,0.0,83.54096470588236,83.54096470588236,50.61096470588236,0.0,0.0,0.0,0.0,0.0,0.0,0.0,0.0,False,0.0,0.0,0.0,0.0,0.0,177.52235294117648,0.0,177.52235294117648,False,False,False,False,highs,2025-05-18_20:00_00:00,4.0,pay_as_bid,2.76,2.76,2.76,2.76,0.0,0.0,0.0,0.0,0.0,0.0,0.0,2.5,51.02040816326531,177.52235294117648,177.52235294117648,2.02,0.0,2.02,0.0,2.02,0.0,0.0,477.67058823529413,477.67058823529413
2025-05-18 21:00:00+02:00,plant_1,2.02,130.47,123.07,32.93,163.4,156.0,32.93,74.7,0.0,DE_DA_price,DE_ID3_price,natural_gas_price,,87.88235294117648,83.54096470588236,0.0,0.0,0.0,2.02,2.376470588235294,0.0,0.0,0.0,0.0,0.0,0.0,0.0,0.0,0.0,0.0,0.0,0.0,0.0,0.0,83.54096470588236,83.54096470588236,50.61096470588236,0.0,0.0,0.0,0.0,0.0,0.0,0.0,0.0,False,0.0,0.0,0.0,0.0,0.0,177.52235294117648,0.0,177.52235294117648,False,False,False,False,highs,2025-05-18_20:00_00:00,4.0,pay_as_bid,2.76,2.76,2.76,2.76,0.0,0.0,0.0,0.0,0.0,0.0,0.0,2.5,51.02040816326531,177.52235294117648,177.52235294117648,2.02,0.0,2.02,0.0,2.02,0.0,0.0,477.67058823529413,477.67058823529413
2025-05-18 21:15:00+02:00,plant_1,2.02,130.47,119.84,32.93,163.4,152.77,94.69,74.7,0.0,DE_DA_price,DE_ID3_price,natural_gas_price,,87.88235294117648,83.54096470588236,0.0,0.0,0.0,2.02,2.376470588235294,0.0,0.0,0.0,0.0,0.0,0.0,0.0,0.0,0.0,0.0,0.0,0.0,61.76,3.387,83.54096470588236,21.78096470588236,-11.149035294117638,0.0,0.0,0.0,0.0,0.0,0.0,0.0,0.0,False,0.0,0.0,0.0,0.0,0.0,177.52235294117648,0.0,177.52235294117648,False,False,False,False,highs,2025-05-18_20:00_00:00,4.0,pay_as_bid,2.76,2.76,2.76,2.76,0.0,0.0,0.0,0.0,0.0,0.0,0.0,2.5,51.02040816326531,177.52235294117648,177.52235294117648,2.02,0.0,2.02,0.0,2.02,0.0,0.0,477.67058823529413,477.67058823529413
2025-05-18 21:30:00+02:00,plant_1,2.02,130.47,109.32,32.93,163.4,142.25,114.09,74.7,0.0,DE_DA_price,DE_ID3_price,natural_gas_price,,87.88235294117648,83.54096470588236,0.0,0.0,0.0,2.02,2.376470588235294,0.0,0.0,0.0,0.0,0.0,0.0,0.0,0.0,0.0,0.0,0.0,0.0,81.16,2.215,83.54096470588236,2.380964705882363,-30.549035294117644,0.0,0.0,0.0,0.0,0.0,0.0,0.0,0.0,False,0.0,0.0,0.0,0.0,0.0,177.52235294117648,0.0,177.52235294117648,False,False,False,False,highs,2025-05-18_20:00_00:00,4.0,pay_as_bid,2.76,2.76,2.76,2.76,0.0,0.0,0.0,0.0,0.0,0.0,0.0,2.5,51.02040816326531,177.52235294117648,177.52235294117648,2.02,0.0,2.02,0.0,2.02,0.0,0.0,477.67058823529413,477.67058823529413
2025-05-18 21:45:00+02:00,plant_1,2.02,130.47,98.95,32.93,163.4,131.88,117.49000000000001,74.7,0.0,DE_DA_price,DE_ID3_price,natural_gas_price,,87.88235294117648,83.54096470588236,0.0,0.0,0.0,2.02,2.376470588235294,0.0,0.0,0.0,0.0,0.0,0.0,0.0,0.0,0.0,0.0,0.0,0.0,84.56,0.067,83.54096470588236,-1.0190352941176428,-33.94903529411765,0.0,0.0,0.0,0.0,0.0,0.0,0.0,0.0,False,0.0,0.0,0.0,0.0,0.0,177.52235294117648,0.0,177.52235294117648,False,False,False,False,highs,2025-05-18_20:00_00:00,4.0,pay_as_bid,2.76,2.76,2.76,2.76,0.0,0.0,0.0,0.0,0.0,0.0,0.0,2.5,51.02040816326531,177.52235294117648,177.52235294117648,2.02,0.0,2.02,0.0,2.02,0.0,0.0,477.67058823529413,477.67058823529413
2025-05-18 22:00:00+02:00,plant_1,2.02,118.41,120.06,32.93,151.34,152.99,111.09,74.7,0.0,DE_DA_price,DE_ID3_price,natural_gas_price,,87.88235294117648,83.54096470588236,0.0,0.0,0.0,2.02,2.376470588235294,0.0,0.0,0.0,0.0,0.0,0.0,0.0,0.0,0.0,0.0,0.0,0.0,78.16,0.04,83.54096470588236,5.380964705882363,-27.549035294117644,0.0,0.0,0.0,0.0,0.0,0.0,0.0,0.0,False,0.0,0.0,0.0,0.0,0.0,177.52235294117648,0.0,177.52235294117648,False,False,False,False,highs,2025-05-18_20:00_00:00,4.0,pay_as_bid,2.76,2.76,2.76,2.76,0.0,0.0,0.0,0.0,0.0,0.0,0.0,2.5,51.02040816326531,177.52235294117648,177.52235294117648,2.02,0.0,2.02,0.0,2.02,0.0,0.0,477.67058823529413,477.67058823529413
2025-05-18 22:15:00+02:00,plant_1,2.02,118.41,118.23,32.93,151.34,151.16,97.47,74.7,0.0,DE_DA_price,DE_ID3_price,natural_gas_price,,87.88235294117648,83.54096470588236,0.0,0.0,0.0,2.02,2.376470588235294,0.0,0.0,0.0,0.0,0.0,0.0,0.0,0.0,0.0,0.0,0.0,0.0,64.54,3.382,83.54096470588236,19.000964705882353,-13.92903529411764,0.0,0.0,0.0,0.0,0.0,0.0,0.0,0.0,False,0.0,0.0,0.0,0.0,0.0,177.52235294117648,0.0,177.52235294117648,False,False,False,False,highs,2025-05-18_20:00_00:00,4.0,pay_as_bid,2.76,2.76,2.76,2.76,0.0,0.0,0.0,0.0,0.0,0.0,0.0,2.5,51.02040816326531,177.52235294117648,177.52235294117648,2.02,0.0,2.02,0.0,2.02,0.0,0.0,477.67058823529413,477.67058823529413
2025-05-18 22:30:00+02:00,plant_1,2.02,118.41,108.16,32.93,151.34,141.09,122.35,74.7,0.0,DE_DA_price,DE_ID3_price,natural_gas_price,,87.88235294117648,83.54096470588236,0.0,0.0,0.0,2.02,2.376470588235294,0.0,0.0,0.0,0.0,0.0,0.0,0.0,0.0,0.0,0.0,0.0,0.0,89.42,0.898,83.54096470588236,-5.879035294117642,-38.809035294117635,0.0,0.0,0.0,0.0,0.0,0.0,0.0,0.0,False,0.0,0.0,0.0,0.0,0.0,177.52235294117648,0.0,177.52235294117648,False,False,False,False,highs,2025-05-18_20:00_00:00,4.0,pay_as_bid,2.76,2.76,2.76,2.76,0.0,0.0,0.0,0.0,0.0,0.0,0.0,2.5,51.02040816326531,177.52235294117648,177.52235294117648,2.02,0.0,2.02,0.0,2.02,0.0,0.0,477.67058823529413,477.67058823529413
2025-05-18 22:45:00+02:00,plant_1,2.02,118.41,100.05,32.93,151.34,132.98,88.06,74.7,0.0,DE_DA_price,DE_ID3_price,natural_gas_price,,87.88235294117648,83.54096470588236,0.0,0.0,0.0,2.02,2.376470588235294,0.0,0.0,0.0,0.0,0.0,0.0,0.0,0.0,0.0,0.0,0.0,0.0,55.13,8.349,83.54096470588236,28.410964705882357,-4.519035294117643,0.0,0.0,0.0,0.0,0.0,0.0,0.0,0.0,False,0.0,0.0,0.0,0.0,0.0,177.52235294117648,0.0,177.52235294117648,False,False,False,False,highs,2025-05-18_20:00_00:00,4.0,pay_as_bid,2.76,2.76,2.76,2.76,0.0,0.0,0.0,0.0,0.0,0.0,0.0,2.5,51.02040816326531,177.52235294117648,177.52235294117648,2.02,0.0,2.02,0.0,2.02,0.0,0.0,477.67058823529413,477.67058823529413
2025-05-18 23:00:00+02:00,plant_1,2.01,103.62,109.78,32.93,136.55,142.71,113.56,74.7,0.0,DE_DA_price,DE_ID3_price,natural_gas_price,,87.88235294117648,83.54096470588236,0.0,0.0,0.0,2.01,2.3647058823529408,0.0,0.0,0.0,0.0,0.0,0.0,0.0,0.0,0.0,0.0,0.0,0.0,80.63,7.22,83.54096470588236,2.910964705882364,-30.019035294117643,0.0,0.0,0.0,0.0,0.0,0.0,0.0,0.0,False,0.0,0.0,0.0,0.0,0.0,176.6435294117647,0.0,176.6435294117647,False,False,False,False,highs,2025-05-18_20:00_00:00,4.0,pay_as_bid,2.76,2.76,2.76,2.76,0.0,0.0,0.0,0.0,0.0,0.0,0.0,2.5,51.02040816326531,176.6435294117647,176.6435294117647,2.01,0.0,2.01,0.0,2.01,0.0,0.0,475.30588235294107,475.30588235294107
2025-05-18 23:15:00+02:00,plant_1,2.01,103.62,108.34,32.93,136.55,141.27,121.13999999999999,74.7,0.0,DE_DA_price,DE_ID3_price,natural_gas_price,,87.88235294117648,83.54096470588236,0.0,0.0,0.0,2.01,2.3647058823529408,0.0,0.0,0.0,0.0,0.0,0.0,0.0,0.0,0.0,0.0,0.0,0.0,88.21,0.218,83.54096470588236,-4.669035294117634,-37.59903529411763,0.0,0.0,0.0,0.0,0.0,0.0,0.0,0.0,False,0.0,0.0,0.0,0.0,0.0,176.6435294117647,0.0,176.6435294117647,False,False,False,False,highs,2025-05-18_20:00_00:00,4.0,pay_as_bid,2.76,2.76,2.76,2.76,0.0,0.0,0.0,0.0,0.0,0.0,0.0,2.5,51.02040816326531,176.6435294117647,176.6435294117647,2.01,0.0,2.01,0.0,2.01,0.0,0.0,475.30588235294107,475.30588235294107
2025-05-18 23:30:00+02:00,plant_1,2.01,103.62,106.75,32.93,136.55,139.68,129.2,74.7,0.0,DE_DA_price,DE_ID3_price,natural_gas_price,,87.88235294117648,83.54096470588236,0.0,0.0,0.0,2.01,2.3647058823529408,0.0,0.0,0.0,0.0,0.0,0.0,0.0,0.0,0.0,0.0,0.0,0.0,96.27,0.038,83.54096470588236,-12.729035294117637,-45.65903529411763,0.0,0.0,0.0,0.0,0.0,0.0,0.0,0.0,False,0.0,0.0,0.0,0.0,0.0,176.6435294117647,0.0,176.6435294117647,False,False,False,False,highs,2025-05-18_20:00_00:00,4.0,pay_as_bid,2.76,2.76,2.76,2.76,0.0,0.0,0.0,0.0,0.0,0.0,0.0,2.5,51.02040816326531,176.6435294117647,176.6435294117647,2.01,0.0,2.01,0.0,2.01,0.0,0.0,475.30588235294107,475.30588235294107
2025-05-18 23:45:00+02:00,plant_1,2.01,103.62,103.46,32.93,136.55,136.39,117.19,74.7,0.0,DE_DA_price,DE_ID3_price,natural_gas_price,,87.88235294117648,83.54096470588236,0.0,0.0,0.0,2.01,2.3647058823529408,0.0,0.0,0.0,0.0,0.0,0.0,0.0,0.0,0.0,0.0,0.0,0.0,84.26,0.261,83.54096470588236,-0.7190352941176457,-33.64903529411764,0.0,0.0,0.0,0.0,0.0,0.0,0.0,0.0,False,0.0,0.0,0.0,0.0,0.0,176.6435294117647,0.0,176.6435294117647,False,False,False,False,highs,2025-05-18_20:00_00:00,4.0,pay_as_bid,2.76,2.76,2.76,2.76,0.0,0.0,0.0,0.0,0.0,0.0,0.0,2.5,51.02040816326531,176.6435294117647,176.6435294117647,2.01,0.0,2.01,0.0,2.01,0.0,0.0,475.30588235294107,475.30588235294107
2025-05-19 00:00:00+02:00,plant_1,2.01,110.48,117.29,32.93,143.41,150.22,32.93,74.7,0.0,DE_DA_price,DE_ID3_price,natural_gas_price,,87.88235294117648,83.54096470588236,0.0,0.0,0.0,2.01,2.3647058823529408,0.0,0.0,0.0,0.0,0.0,0.0,0.0,0.0,0.0,0.0,0.0,0.0,0.0,0.0,83.54096470588236,83.54096470588236,50.61096470588236,0.0,0.0,0.0,0.0,0.0,0.0,0.0,0.0,False,0.0,0.0,0.0,0.0,0.0,176.6435294117647,0.0,176.6435294117647,False,False,False,False,highs,2025-05-19_00:00_04:00,4.0,pay_as_bid,3.7,3.7,3.7,3.7,0.0,0.0,0.0,0.0,0.0,0.0,0.0,2.5,51.02040816326531,176.6435294117647,176.6435294117647,2.01,0.0,2.01,0.0,2.01,0.0,0.0,475.30588235294107,475.30588235294107
2025-05-19 00:15:00+02:00,plant_1,2.01,110.48,107.33,32.93,143.41,140.26,32.93,74.7,0.0,DE_DA_price,DE_ID3_price,natural_gas_price,,87.88235294117648,83.54096470588236,0.0,0.0,0.0,2.01,2.3647058823529408,0.0,0.0,0.0,0.0,0.0,0.0,0.0,0.0,0.0,0.0,0.0,0.0,0.0,0.0,83.54096470588236,83.54096470588236,50.61096470588236,0.0,0.0,0.0,0.0,0.0,0.0,0.0,0.0,False,0.0,0.0,0.0,0.0,0.0,176.6435294117647,0.0,176.6435294117647,False,False,False,False,highs,2025-05-19_00:00_04:00,4.0,pay_as_bid,3.7,3.7,3.7,3.7,0.0,0.0,0.0,0.0,0.0,0.0,0.0,2.5,51.02040816326531,176.6435294117647,176.6435294117647,2.01,0.0,2.01,0.0,2.01,0.0,0.0,475.30588235294107,475.30588235294107
2025-05-19 00:30:00+02:00,plant_1,2.01,110.48,107.09,32.93,143.41,140.02,32.93,74.7,0.0,DE_DA_price,DE_ID3_price,natural_gas_price,,87.88235294117648,83.54096470588236,0.0,0.0,0.0,2.01,2.3647058823529408,0.0,0.0,0.0,0.0,0.0,0.0,0.0,0.0,0.0,0.0,0.0,0.0,0.0,0.0,83.54096470588236,83.54096470588236,50.61096470588236,0.0,0.0,0.0,0.0,0.0,0.0,0.0,0.0,False,0.0,0.0,0.0,0.0,0.0,176.6435294117647,0.0,176.6435294117647,False,False,False,False,highs,2025-05-19_00:00_04:00,4.0,pay_as_bid,3.7,3.7,3.7,3.7,0.0,0.0,0.0,0.0,0.0,0.0,0.0,2.5,51.02040816326531,176.6435294117647,176.6435294117647,2.01,0.0,2.01,0.0,2.01,0.0,0.0,475.30588235294107,475.30588235294107
2025-05-19 00:45:00+02:00,plant_1,2.01,110.48,104.87,32.93,143.41,137.8,121.78999999999999,74.7,0.0,DE_DA_price,DE_ID3_price,natural_gas_price,,87.88235294117648,83.54096470588236,0.0,0.0,0.0,2.01,2.3647058823529408,0.0,0.0,0.0,0.0,0.0,0.0,0.0,0.0,0.0,0.0,0.0,0.0,88.86,0.416,83.54096470588236,-5.31903529411764,-38.24903529411763,0.0,0.0,0.0,0.0,0.0,0.0,0.0,0.0,False,0.0,0.0,0.0,0.0,0.0,176.6435294117647,0.0,176.6435294117647,False,False,False,False,highs,2025-05-19_00:00_04:00,4.0,pay_as_bid,3.7,3.7,3.7,3.7,0.0,0.0,0.0,0.0,0.0,0.0,0.0,2.5,51.02040816326531,176.6435294117647,176.6435294117647,2.01,0.0,2.01,0.0,2.01,0.0,0.0,475.30588235294107,475.30588235294107
2025-05-19 01:00:00+02:00,plant_1,2.0875,102.62,111.73,32.93,135.55,144.66,128.48,74.7,0.0,DE_DA_price,DE_ID3_price,natural_gas_price,,87.88235294117648,83.54096470588236,0.0,0.0,0.0,2.0875,2.4558823529411766,0.0,0.0,0.0,0.0,0.0,0.0,0.0,0.0,0.0,0.0,0.0,0.0,95.55,0.41,83.54096470588236,-12.009035294117638,-44.93903529411763,0.0,0.0,0.0,0.0,0.0,0.0,0.0,0.0,False,0.0,0.0,0.0,0.0,0.0,183.4544117647059,0.0,183.4544117647059,False,False,False,False,highs,2025-05-19_00:00_04:00,4.0,pay_as_bid,3.7,3.7,3.7,3.7,0.0,0.0,0.0,0.0,0.0,0.0,0.0,2.5,51.02040816326531,183.4544117647059,183.4544117647059,2.0875,0.0,2.0875,0.0,2.0875,0.0,0.0,493.6323529411765,493.6323529411765
2025-05-19 01:15:00+02:00,plant_1,2.0875,102.62,103.98,32.93,135.55,136.91,123.55000000000001,74.7,0.0,DE_DA_price,DE_ID3_price,natural_gas_price,,87.88235294117648,83.54096470588236,0.0,0.0,0.0,2.0875,2.4558823529411766,0.0,0.0,0.0,0.0,0.0,0.0,0.0,0.0,0.0,0.0,0.0,0.0,90.62,0.448,83.54096470588236,-7.079035294117645,-40.00903529411765,0.0,0.0,0.0,0.0,0.0,0.0,0.0,0.0,False,0.0,0.0,0.0,0.0,0.0,183.4544117647059,0.0,183.4544117647059,False,False,False,False,highs,2025-05-19_00:00_04:00,4.0,pay_as_bid,3.7,3.7,3.7,3.7,0.0,0.0,0.0,0.0,0.0,0.0,0.0,2.5,51.02040816326531,183.4544117647059,183.4544117647059,2.0875,0.0,2.0875,0.0,2.0875,0.0,0.0,493.6323529411765,493.6323529411765
2025-05-19 01:30:00+02:00,plant_1,2.0875,102.62,103.18,32.93,135.55,136.11,103.35,74.7,0.0,DE_DA_price,DE_ID3_price,natural_gas_price,,87.88235294117648,83.54096470588236,0.0,0.0,0.0,2.0875,2.4558823529411766,0.0,0.0,0.0,0.0,0.0,0.0,0.0,0.0,0.0,0.0,0.0,0.0,70.42,2.118,83.54096470588236,13.120964705882358,-19.809035294117635,0.0,0.0,0.0,0.0,0.0,0.0,0.0,0.0,False,0.0,0.0,0.0,0.0,0.0,183.4544117647059,0.0,183.4544117647059,False,False,False,False,highs,2025-05-19_00:00_04:00,4.0,pay_as_bid,3.7,3.7,3.7,3.7,0.0,0.0,0.0,0.0,0.0,0.0,0.0,2.5,51.02040816326531,183.4544117647059,183.4544117647059,2.0875,0.0,2.0875,0.0,2.0875,0.0,0.0,493.6323529411765,493.6323529411765
2025-05-19 01:45:00+02:00,plant_1,2.0875,102.62,99.81,32.93,135.55,132.74,103.84,74.7,0.0,DE_DA_price,DE_ID3_price,natural_gas_price,,87.88235294117648,83.54096470588236,0.0,0.0,0.0,2.0875,2.4558823529411766,0.0,0.0,0.0,0.0,0.0,0.0,0.0,0.0,0.0,0.0,0.0,0.0,70.91,2.482,83.54096470588236,12.630964705882363,-20.299035294117644,0.0,0.0,0.0,0.0,0.0,0.0,0.0,0.0,False,0.0,0.0,0.0,0.0,0.0,183.4544117647059,0.0,183.4544117647059,False,False,False,False,highs,2025-05-19_00:00_04:00,4.0,pay_as_bid,3.7,3.7,3.7,3.7,0.0,0.0,0.0,0.0,0.0,0.0,0.0,2.5,51.02040816326531,183.4544117647059,183.4544117647059,2.0875,0.0,2.0875,0.0,2.0875,0.0,0.0,493.6323529411765,493.6323529411765
2025-05-19 02:00:00+02:00,plant_1,2.0875,96.1,103.18,32.93,129.03,136.11,117.32,74.7,0.0,DE_DA_price,DE_ID3_price,natural_gas_price,,87.88235294117648,83.54096470588236,0.0,0.0,0.0,2.0875,2.4558823529411766,0.0,0.0,0.0,0.0,0.0,0.0,0.0,0.0,0.0,0.0,0.0,0.0,84.39,1.614,83.54096470588236,-0.8490352941176411,-33.779035294117634,0.0,0.0,0.0,0.0,0.0,0.0,0.0,0.0,False,0.0,0.0,0.0,0.0,0.0,183.4544117647059,0.0,183.4544117647059,False,False,False,False,highs,2025-05-19_00:00_04:00,4.0,pay_as_bid,3.7,3.7,3.7,3.7,0.0,0.0,0.0,0.0,0.0,0.0,0.0,2.5,51.02040816326531,183.4544117647059,183.4544117647059,2.0875,0.0,2.0875,0.0,2.0875,0.0,0.0,493.6323529411765,493.6323529411765
2025-05-19 02:15:00+02:00,plant_1,2.0875,96.1,108.33,32.93,129.03,141.26,113.97,74.7,0.0,DE_DA_price,DE_ID3_price,natural_gas_price,,87.88235294117648,83.54096470588236,0.0,0.0,0.0,2.0875,2.4558823529411766,0.0,0.0,0.0,0.0,0.0,0.0,0.0,0.0,0.0,0.0,0.0,0.0,81.04,0.79,83.54096470588236,2.500964705882353,-30.42903529411764,0.0,0.0,0.0,0.0,0.0,0.0,0.0,0.0,False,0.0,0.0,0.0,0.0,0.0,183.4544117647059,0.0,183.4544117647059,False,False,False,False,highs,2025-05-19_00:00_04:00,4.0,pay_as_bid,3.7,3.7,3.7,3.7,0.0,0.0,0.0,0.0,0.0,0.0,0.0,2.5,51.02040816326531,183.4544117647059,183.4544117647059,2.0875,0.0,2.0875,0.0,2.0875,0.0,0.0,493.6323529411765,493.6323529411765
2025-05-19 02:30:00+02:00,plant_1,2.0875,96.1,118.59,32.93,129.03,151.52,121.55000000000001,74.7,0.0,DE_DA_price,DE_ID3_price,natural_gas_price,,87.88235294117648,83.54096470588236,0.0,0.0,0.0,2.0875,2.4558823529411766,0.0,0.0,0.0,0.0,0.0,0.0,0.0,0.0,0.0,0.0,0.0,0.0,88.62,0.024,83.54096470588236,-5.079035294117645,-38.00903529411765,0.0,0.0,0.0,0.0,0.0,0.0,0.0,0.0,False,0.0,0.0,0.0,0.0,0.0,183.4544117647059,0.0,183.4544117647059,False,False,False,False,highs,2025-05-19_00:00_04:00,4.0,pay_as_bid,3.7,3.7,3.7,3.7,0.0,0.0,0.0,0.0,0.0,0.0,0.0,2.5,51.02040816326531,183.4544117647059,183.4544117647059,2.0875,0.0,2.0875,0.0,2.0875,0.0,0.0,493.6323529411765,493.6323529411765
2025-05-19 02:45:00+02:00,plant_1,2.0875,96.1,116.23,32.93,129.03,149.16,32.93,74.7,0.0,DE_DA_price,DE_ID3_price,natural_gas_price,,87.88235294117648,83.54096470588236,0.0,0.0,0.0,2.0875,2.4558823529411766,0.0,0.0,0.0,0.0,0.0,0.0,0.0,0.0,0.0,0.0,0.0,0.0,0.0,0.0,83.54096470588236,83.54096470588236,50.61096470588236,0.0,0.0,0.0,0.0,0.0,0.0,0.0,0.0,False,0.0,0.0,0.0,0.0,0.0,183.4544117647059,0.0,183.4544117647059,False,False,False,False,highs,2025-05-19_00:00_04:00,4.0,pay_as_bid,3.7,3.7,3.7,3.7,0.0,0.0,0.0,0.0,0.0,0.0,0.0,2.5,51.02040816326531,183.4544117647059,183.4544117647059,2.0875,0.0,2.0875,0.0,2.0875,0.0,0.0,493.6323529411765,493.6323529411765
2025-05-19 03:00:00+02:00,plant_1,2.0875,92.95,103.82,32.93,125.88,136.75,32.93,74.7,0.0,DE_DA_price,DE_ID3_price,natural_gas_price,,87.88235294117648,83.54096470588236,0.0,0.0,0.0,2.0875,2.4558823529411766,0.0,0.0,0.0,0.0,0.0,0.0,0.0,0.0,0.0,0.0,0.0,0.0,0.0,0.0,83.54096470588236,83.54096470588236,50.61096470588236,0.0,0.0,0.0,0.0,0.0,0.0,0.0,0.0,False,0.0,0.0,0.0,0.0,0.0,183.4544117647059,0.0,183.4544117647059,False,False,False,False,highs,2025-05-19_00:00_04:00,4.0,pay_as_bid,3.7,3.7,3.7,3.7,0.0,0.0,0.0,0.0,0.0,0.0,0.0,2.5,51.02040816326531,183.4544117647059,183.4544117647059,2.0875,0.0,2.0875,0.0,2.0875,0.0,0.0,493.6323529411765,493.6323529411765
2025-05-19 03:15:00+02:00,plant_1,2.0875,92.95,114.81,32.93,125.88,147.74,32.93,74.7,0.0,DE_DA_price,DE_ID3_price,natural_gas_price,,87.88235294117648,83.54096470588236,0.0,0.0,0.0,2.0875,2.4558823529411766,0.0,0.0,0.0,0.0,0.0,0.0,0.0,0.0,0.0,0.0,0.0,0.0,0.0,0.0,83.54096470588236,83.54096470588236,50.61096470588236,0.0,0.0,0.0,0.0,0.0,0.0,0.0,0.0,False,0.0,0.0,0.0,0.0,0.0,183.4544117647059,0.0,183.4544117647059,False,False,False,False,highs,2025-05-19_00:00_04:00,4.0,pay_as_bid,3.7,3.7,3.7,3.7,0.0,0.0,0.0,0.0,0.0,0.0,0.0,2.5,51.02040816326531,183.4544117647059,183.4544117647059,2.0875,0.0,2.0875,0.0,2.0875,0.0,0.0,493.6323529411765,493.6323529411765
2025-05-19 03:30:00+02:00,plant_1,2.0875,92.95,123.29,32.93,125.88,156.22,32.93,74.7,0.0,DE_DA_price,DE_ID3_price,natural_gas_price,,87.88235294117648,83.54096470588236,0.0,0.0,0.0,2.0875,2.4558823529411766,0.0,0.0,0.0,0.0,0.0,0.0,0.0,0.0,0.0,0.0,0.0,0.0,0.0,0.0,83.54096470588236,83.54096470588236,50.61096470588236,0.0,0.0,0.0,0.0,0.0,0.0,0.0,0.0,False,0.0,0.0,0.0,0.0,0.0,183.4544117647059,0.0,183.4544117647059,False,False,False,False,highs,2025-05-19_00:00_04:00,4.0,pay_as_bid,3.7,3.7,3.7,3.7,0.0,0.0,0.0,0.0,0.0,0.0,0.0,2.5,51.02040816326531,183.4544117647059,183.4544117647059,2.0875,0.0,2.0875,0.0,2.0875,0.0,0.0,493.6323529411765,493.6323529411765
2025-05-19 03:45:00+02:00,plant_1,2.0875,92.95,130.81,32.93,125.88,163.74,114.62,74.7,0.0,DE_DA_price,DE_ID3_price,natural_gas_price,,87.88235294117648,83.54096470588236,0.0,0.0,0.0,2.0875,2.4558823529411766,0.0,0.0,0.0,0.0,0.0,0.0,0.0,0.0,0.0,0.0,0.0,0.0,81.69,0.35,83.54096470588236,1.8509647058823617,-31.079035294117645,0.0,0.0,0.0,0.0,0.0,0.0,0.0,0.0,False,0.0,0.0,0.0,0.0,0.0,183.4544117647059,0.0,183.4544117647059,False,False,False,False,highs,2025-05-19_00:00_04:00,4.0,pay_as_bid,3.7,3.7,3.7,3.7,0.0,0.0,0.0,0.0,0.0,0.0,0.0,2.5,51.02040816326531,183.4544117647059,183.4544117647059,2.0875,0.0,2.0875,0.0,2.0875,0.0,0.0,493.6323529411765,493.6323529411765
2025-05-19 04:00:00+02:00,plant_1,2.0875,98.03,117.39,32.93,130.96,150.32,122.5,74.7,0.0,DE_DA_price,DE_ID3_price,natural_gas_price,,87.88235294117648,83.54096470588236,0.0,0.0,0.0,2.0875,2.4558823529411766,0.0,0.0,0.0,0.0,0.0,0.0,0.0,0.0,0.0,0.0,0.0,0.0,89.57,0.335,83.54096470588236,-6.029035294117634,-38.95903529411764,0.0,0.0,0.0,0.0,0.0,0.0,0.0,0.0,False,0.0,0.0,0.0,0.0,0.0,183.4544117647059,0.0,183.4544117647059,False,False,False,False,highs,2025-05-19_04:00_08:00,4.0,pay_as_bid,3.73,3.73,3.73,3.73,0.0,0.0,0.0,0.0,0.0,0.0,0.0,2.5,51.02040816326531,183.4544117647059,183.4544117647059,2.0875,0.0,2.0875,0.0,2.0875,0.0,0.0,493.6323529411765,493.6323529411765
2025-05-19 04:15:00+02:00,plant_1,2.0875,98.03,134.97,32.93,130.96,167.9,134.2,74.7,0.0,DE_DA_price,DE_ID3_price,natural_gas_price,,87.88235294117648,83.54096470588236,0.0,0.0,0.0,2.0875,2.4558823529411766,0.0,0.0,0.0,0.0,0.0,0.0,0.0,0.0,0.0,0.0,0.0,0.0,101.27,0.01,83.54096470588236,-17.729035294117637,-50.65903529411763,0.0,0.0,0.0,0.0,0.0,0.0,0.0,0.0,False,0.0,0.0,0.0,0.0,0.0,183.4544117647059,0.0,183.4544117647059,False,False,False,False,highs,2025-05-19_04:00_08:00,4.0,pay_as_bid,3.73,3.73,3.73,3.73,0.0,0.0,0.0,0.0,0.0,0.0,0.0,2.5,51.02040816326531,183.4544117647059,183.4544117647059,2.0875,0.0,2.0875,0.0,2.0875,0.0,0.0,493.6323529411765,493.6323529411765
2025-05-19 04:30:00+02:00,plant_1,2.0875,98.03,142.54,32.93,130.96,175.47,32.93,74.7,0.0,DE_DA_price,DE_ID3_price,natural_gas_price,,87.88235294117648,83.54096470588236,0.0,0.0,0.0,2.0875,2.4558823529411766,0.0,0.0,0.0,0.0,0.0,0.0,0.0,0.0,0.0,0.0,0.0,0.0,0.0,0.0,83.54096470588236,83.54096470588236,50.61096470588236,0.0,0.0,0.0,0.0,0.0,0.0,0.0,0.0,False,0.0,0.0,0.0,0.0,0.0,183.4544117647059,0.0,183.4544117647059,False,False,False,False,highs,2025-05-19_04:00_08:00,4.0,pay_as_bid,3.73,3.73,3.73,3.73,0.0,0.0,0.0,0.0,0.0,0.0,0.0,2.5,51.02040816326531,183.4544117647059,183.4544117647059,2.0875,0.0,2.0875,0.0,2.0875,0.0,0.0,493.6323529411765,493.6323529411765
2025-05-19 04:45:00+02:00,plant_1,2.0875,98.03,138.98,32.93,130.96,171.91,135.41,74.7,0.0,DE_DA_price,DE_ID3_price,natural_gas_price,,87.88235294117648,83.54096470588236,0.0,0.0,0.0,2.0875,2.4558823529411766,0.0,0.0,0.0,0.0,0.0,0.0,0.0,0.0,0.0,0.0,0.0,0.0,102.48,0.059,83.54096470588236,-18.939035294117645,-51.86903529411764,0.0,0.0,0.0,0.0,0.0,0.0,0.0,0.0,False,0.0,0.0,0.0,0.0,0.0,183.4544117647059,0.0,183.4544117647059,False,False,False,False,highs,2025-05-19_04:00_08:00,4.0,pay_as_bid,3.73,3.73,3.73,3.73,0.0,0.0,0.0,0.0,0.0,0.0,0.0,2.5,51.02040816326531,183.4544117647059,183.4544117647059,2.0875,0.0,2.0875,0.0,2.0875,0.0,0.0,493.6323529411765,493.6323529411765
2025-05-19 05:00:00+02:00,plant_1,2.0875,109.39,151.09,32.93,142.32,184.02,104.00999999999999,74.7,0.0,DE_DA_price,DE_ID3_price,natural_gas_price,,87.88235294117648,83.54096470588236,0.0,0.0,0.0,2.0875,2.4558823529411766,0.0,0.0,0.0,0.0,0.0,0.0,0.0,0.0,0.0,0.0,0.0,0.0,71.08,1.158,83.54096470588236,12.460964705882361,-20.46903529411763,0.0,0.0,0.0,0.0,0.0,0.0,0.0,0.0,False,0.0,0.0,0.0,0.0,0.0,183.4544117647059,0.0,183.4544117647059,False,False,False,False,highs,2025-05-19_04:00_08:00,4.0,pay_as_bid,3.73,3.73,3.73,3.73,0.0,0.0,0.0,0.0,0.0,0.0,0.0,2.5,51.02040816326531,183.4544117647059,183.4544117647059,2.0875,0.0,2.0875,0.0,2.0875,0.0,0.0,493.6323529411765,493.6323529411765
2025-05-19 05:15:00+02:00,plant_1,2.0875,109.39,138.81,32.93,142.32,171.74,32.93,74.7,0.0,DE_DA_price,DE_ID3_price,natural_gas_price,,87.88235294117648,83.54096470588236,0.0,0.0,0.0,2.0875,2.4558823529411766,0.0,0.0,0.0,0.0,0.0,0.0,0.0,0.0,0.0,0.0,0.0,0.0,0.0,0.0,83.54096470588236,83.54096470588236,50.61096470588236,0.0,0.0,0.0,0.0,0.0,0.0,0.0,0.0,False,0.0,0.0,0.0,0.0,0.0,183.4544117647059,0.0,183.4544117647059,False,False,False,False,highs,2025-05-19_04:00_08:00,4.0,pay_as_bid,3.73,3.73,3.73,3.73,0.0,0.0,0.0,0.0,0.0,0.0,0.0,2.5,51.02040816326531,183.4544117647059,183.4544117647059,2.0875,0.0,2.0875,0.0,2.0875,0.0,0.0,493.6323529411765,493.6323529411765
2025-05-19 05:30:00+02:00,plant_1,2.0875,109.39,122.54,32.93,142.32,155.47,131.8,74.7,0.0,DE_DA_price,DE_ID3_price,natural_gas_price,,87.88235294117648,83.54096470588236,0.0,0.0,0.0,2.0875,2.4558823529411766,0.0,0.0,0.0,0.0,0.0,0.0,0.0,0.0,0.0,0.0,0.0,0.0,98.87,0.128,83.54096470588236,-15.329035294117645,-48.25903529411765,0.0,0.0,0.0,0.0,0.0,0.0,0.0,0.0,False,0.0,0.0,0.0,0.0,0.0,183.4544117647059,0.0,183.4544117647059,False,False,False,False,highs,2025-05-19_04:00_08:00,4.0,pay_as_bid,3.73,3.73,3.73,3.73,0.0,0.0,0.0,0.0,0.0,0.0,0.0,2.5,51.02040816326531,183.4544117647059,183.4544117647059,2.0875,0.0,2.0875,0.0,2.0875,0.0,0.0,493.6323529411765,493.6323529411765
2025-05-19 05:45:00+02:00,plant_1,2.0875,109.39,103.74,32.93,142.32,136.67,120.28,74.7,0.0,DE_DA_price,DE_ID3_price,natural_gas_price,,87.88235294117648,83.54096470588236,0.0,0.0,0.0,2.0875,2.4558823529411766,0.0,0.0,0.0,0.0,0.0,0.0,0.0,0.0,0.0,0.0,0.0,0.0,87.35,0.978,83.54096470588236,-3.809035294117635,-36.73903529411764,0.0,0.0,0.0,0.0,0.0,0.0,0.0,0.0,False,0.0,0.0,0.0,0.0,0.0,183.4544117647059,0.0,183.4544117647059,False,False,False,False,highs,2025-05-19_04:00_08:00,4.0,pay_as_bid,3.73,3.73,3.73,3.73,0.0,0.0,0.0,0.0,0.0,0.0,0.0,2.5,51.02040816326531,183.4544117647059,183.4544117647059,2.0875,0.0,2.0875,0.0,2.0875,0.0,0.0,493.6323529411765,493.6323529411765
2025-05-19 06:00:00+02:00,plant_1,2.0875,131.22,136.13,32.93,164.15,169.06,122.81,74.7,0.0,DE_DA_price,DE_ID3_price,natural_gas_price,,87.88235294117648,83.54096470588236,0.0,0.0,0.0,2.0875,2.4558823529411766,0.0,0.0,0.0,0.0,0.0,0.0,0.0,0.0,0.0,0.0,0.0,0.0,89.88,0.642,83.54096470588236,-6.339035294117636,-39.26903529411764,0.0,0.0,0.0,0.0,0.0,0.0,0.0,0.0,False,0.0,0.0,0.0,0.0,0.0,183.4544117647059,0.0,183.4544117647059,False,False,False,False,highs,2025-05-19_04:00_08:00,4.0,pay_as_bid,3.73,3.73,3.73,3.73,0.0,0.0,0.0,0.0,0.0,0.0,0.0,2.5,51.02040816326531,183.4544117647059,183.4544117647059,2.0875,0.0,2.0875,0.0,2.0875,0.0,0.0,493.6323529411765,493.6323529411765
2025-05-19 06:15:00+02:00,plant_1,2.0875,131.22,120.1,32.93,164.15,153.03,126.41999999999999,74.7,0.0,DE_DA_price,DE_ID3_price,natural_gas_price,,87.88235294117648,83.54096470588236,0.0,0.0,0.0,2.0875,2.4558823529411766,0.0,0.0,0.0,0.0,0.0,0.0,0.0,0.0,0.0,0.0,0.0,0.0,93.49,0.04,83.54096470588236,-9.949035294117635,-42.87903529411763,0.0,0.0,0.0,0.0,0.0,0.0,0.0,0.0,False,0.0,0.0,0.0,0.0,0.0,183.4544117647059,0.0,183.4544117647059,False,False,False,False,highs,2025-05-19_04:00_08:00,4.0,pay_as_bid,3.73,3.73,3.73,3.73,0.0,0.0,0.0,0.0,0.0,0.0,0.0,2.5,51.02040816326531,183.4544117647059,183.4544117647059,2.0875,0.0,2.0875,0.0,2.0875,0.0,0.0,493.6323529411765,493.6323529411765
2025-05-19 06:30:00+02:00,plant_1,2.0875,131.22,95.96,32.93,164.15,128.89,122.61000000000001,74.7,0.0,DE_DA_price,DE_ID3_price,natural_gas_price,,87.88235294117648,83.54096470588236,0.0,0.0,0.0,2.0875,2.4558823529411766,0.0,0.0,0.0,0.0,0.0,0.0,0.0,0.0,0.0,0.0,0.0,0.0,89.68,0.191,83.54096470588236,-6.139035294117647,-39.069035294117654,0.0,0.0,0.0,0.0,0.0,0.0,0.0,0.0,False,0.0,0.0,0.0,0.0,0.0,183.4544117647059,0.0,183.4544117647059,False,False,False,False,highs,2025-05-19_04:00_08:00,4.0,pay_as_bid,3.73,3.73,3.73,3.73,0.0,0.0,0.0,0.0,0.0,0.0,0.0,2.5,51.02040816326531,183.4544117647059,183.4544117647059,2.0875,0.0,2.0875,0.0,2.0875,0.0,0.0,493.6323529411765,493.6323529411765
2025-05-19 06:45:00+02:00,plant_1,2.0875,131.22,76.01,32.93,164.15,108.94,121.0,74.7,0.0,DE_DA_price,DE_ID3_price,natural_gas_price,,87.88235294117648,83.54096470588236,0.0,0.0,0.0,2.0875,2.4558823529411766,0.0,0.0,0.0,0.0,0.0,0.0,0.0,0.0,0.0,0.0,0.0,0.0,88.07,0.033,83.54096470588236,-4.529035294117634,-37.45903529411764,0.0,0.0,0.0,0.0,0.0,0.0,0.0,0.0,False,0.0,0.0,0.0,0.0,0.0,183.4544117647059,0.0,183.4544117647059,False,False,False,False,highs,2025-05-19_04:00_08:00,4.0,pay_as_bid,3.73,3.73,3.73,3.73,0.0,0.0,0.0,0.0,0.0,0.0,0.0,2.5,51.02040816326531,183.4544117647059,183.4544117647059,2.0875,0.0,2.0875,0.0,2.0875,0.0,0.0,493.6323529411765,493.6323529411765
2025-05-19 07:00:00+02:00,plant_1,2.135,137.22,113.33,32.93,170.15,146.26,32.93,74.7,0.0,DE_DA_price,DE_ID3_price,natural_gas_price,,87.88235294117648,83.54096470588236,0.0,0.0,0.0,2.135,2.511764705882353,0.0,0.0,0.0,0.0,0.0,0.0,0.0,0.0,0.0,0.0,0.0,0.0,0.0,0.0,83.54096470588236,83.54096470588236,50.61096470588236,0.0,0.0,0.0,0.0,0.0,0.0,0.0,0.0,False,0.0,0.0,0.0,0.0,0.0,187.62882352941176,0.0,187.62882352941176,False,False,False,False,highs,2025-05-19_04:00_08:00,4.0,pay_as_bid,3.73,3.73,3.73,3.73,0.0,0.0,0.0,0.0,0.0,0.0,0.0,2.5,51.02040816326531,187.62882352941176,187.62882352941176,2.135,0.0,2.135,0.0,2.135,0.0,0.0,504.86470588235295,504.86470588235295
2025-05-19 07:15:00+02:00,plant_1,2.135,137.22,101.99,32.93,170.15,134.92,121.33000000000001,74.7,0.0,DE_DA_price,DE_ID3_price,natural_gas_price,,87.88235294117648,83.54096470588236,0.0,0.0,0.0,2.135,2.511764705882353,0.0,0.0,0.0,0.0,0.0,0.0,0.0,0.0,0.0,0.0,0.0,0.0,88.4,1.229,83.54096470588236,-4.859035294117646,-37.78903529411765,0.0,0.0,0.0,0.0,0.0,0.0,0.0,0.0,False,0.0,0.0,0.0,0.0,0.0,187.62882352941176,0.0,187.62882352941176,False,False,False,False,highs,2025-05-19_04:00_08:00,4.0,pay_as_bid,3.73,3.73,3.73,3.73,0.0,0.0,0.0,0.0,0.0,0.0,0.0,2.5,51.02040816326531,187.62882352941176,187.62882352941176,2.135,0.0,2.135,0.0,2.135,0.0,0.0,504.86470588235295,504.86470588235295
2025-05-19 07:30:00+02:00,plant_1,2.135,137.22,80.41,32.93,170.15,113.34,98.38999999999999,74.7,0.0,DE_DA_price,DE_ID3_price,natural_gas_price,,87.88235294117648,83.54096470588236,0.0,0.0,0.0,2.135,2.511764705882353,0.0,0.0,0.0,0.0,0.0,0.0,0.0,0.0,0.0,0.0,0.0,0.0,65.46,4.501,83.54096470588236,18.080964705882366,-14.849035294117627,0.0,0.0,0.0,0.0,0.0,0.0,0.0,0.0,False,0.0,0.0,0.0,0.0,0.0,187.62882352941176,0.0,187.62882352941176,False,False,False,False,highs,2025-05-19_04:00_08:00,4.0,pay_as_bid,3.73,3.73,3.73,3.73,0.0,0.0,0.0,0.0,0.0,0.0,0.0,2.5,51.02040816326531,187.62882352941176,187.62882352941176,2.135,0.0,2.135,0.0,2.135,0.0,0.0,504.86470588235295,504.86470588235295
2025-05-19 07:45:00+02:00,plant_1,2.135,137.22,69.96,32.93,170.15,102.88999999999999,92.44,74.7,0.0,DE_DA_price,DE_ID3_price,natural_gas_price,,87.88235294117648,83.54096470588236,0.0,0.0,0.0,2.135,2.511764705882353,0.0,0.0,0.0,0.0,0.0,0.0,0.0,0.0,0.0,0.0,0.0,0.0,59.51,24.124,83.54096470588236,24.03096470588236,-8.899035294117638,0.0,0.0,0.0,0.0,0.0,0.0,0.0,0.0,False,0.0,0.0,0.0,0.0,0.0,187.62882352941176,0.0,187.62882352941176,False,False,False,False,highs,2025-05-19_04:00_08:00,4.0,pay_as_bid,3.73,3.73,3.73,3.73,0.0,0.0,0.0,0.0,0.0,0.0,0.0,2.5,51.02040816326531,187.62882352941176,187.62882352941176,2.135,0.0,2.135,0.0,2.135,0.0,0.0,504.86470588235295,504.86470588235295
2025-05-19 08:00:00+02:00,plant_1,2.1725,113.41,94.05,32.93,146.34,126.97999999999999,126.16,74.7,0.0,DE_DA_price,DE_ID3_price,natural_gas_price,,87.88235294117648,83.54096470588236,0.0,0.0,0.0,2.1725,2.5558823529411763,0.0,0.0,0.0,0.0,0.0,0.0,0.0,0.0,0.0,0.0,0.0,0.0,93.23,0.058,83.54096470588236,-9.689035294117645,-42.61903529411764,0.0,0.0,0.0,0.0,0.0,0.0,0.0,0.0,False,0.0,0.0,0.0,0.0,0.0,190.92441176470587,0.0,190.92441176470587,False,False,False,False,highs,2025-05-19_08:00_12:00,4.0,pay_as_bid,59.02,59.02,59.02,59.02,0.0,0.0,0.0,0.0,0.0,0.0,0.0,2.5,51.02040816326531,190.92441176470587,190.92441176470587,2.1725,0.0,2.1725,0.0,2.1725,0.0,0.0,513.7323529411765,513.7323529411765
2025-05-19 08:15:00+02:00,plant_1,2.1725,113.41,79.84,32.93,146.34,112.77000000000001,117.53,74.7,0.0,DE_DA_price,DE_ID3_price,natural_gas_price,,87.88235294117648,83.54096470588236,0.0,0.0,0.0,2.1725,2.5558823529411763,0.0,0.0,0.0,0.0,0.0,0.0,0.0,0.0,0.0,0.0,0.0,0.0,84.6,0.046,83.54096470588236,-1.0590352941176349,-33.98903529411764,0.0,0.0,0.0,0.0,0.0,0.0,0.0,0.0,False,0.0,0.0,0.0,0.0,0.0,190.92441176470587,0.0,190.92441176470587,False,False,False,False,highs,2025-05-19_08:00_12:00,4.0,pay_as_bid,59.02,59.02,59.02,59.02,0.0,0.0,0.0,0.0,0.0,0.0,0.0,2.5,51.02040816326531,190.92441176470587,190.92441176470587,2.1725,0.0,2.1725,0.0,2.1725,0.0,0.0,513.7323529411765,513.7323529411765
2025-05-19 08:30:00+02:00,plant_1,2.1725,113.41,60.36,32.93,146.34,93.28999999999999,87.21000000000001,74.7,0.0,DE_DA_price,DE_ID3_price,natural_gas_price,,87.88235294117648,83.54096470588236,0.0,0.0,0.0,2.1725,2.5558823529411763,0.0,0.0,0.0,0.0,0.0,0.0,0.0,0.0,0.0,0.0,0.0,0.0,54.28,14.92,83.54096470588236,29.26096470588236,-3.6690352941176485,0.0,0.0,0.0,0.0,0.0,0.0,0.0,0.0,False,0.0,0.0,0.0,0.0,0.0,190.92441176470587,0.0,190.92441176470587,False,False,False,False,highs,2025-05-19_08:00_12:00,4.0,pay_as_bid,59.02,59.02,59.02,59.02,0.0,0.0,0.0,0.0,0.0,0.0,0.0,2.5,51.02040816326531,190.92441176470587,190.92441176470587,2.1725,0.0,2.1725,0.0,2.1725,0.0,0.0,513.7323529411765,513.7323529411765
2025-05-19 08:45:00+02:00,plant_1,2.1725,113.41,46.32,32.93,146.34,79.25,95.58,74.7,0.0,DE_DA_price,DE_ID3_price,natural_gas_price,,87.88235294117648,83.54096470588236,2.5,2.1725,0.2103092783505156,0.0,0.0,2.5,0.0,2.5,0.0,2.5,2.5,0.0,115.8,0.0,0.0,0.0,0.0,62.65,5.201,83.54096470588236,20.89096470588236,-12.039035294117639,0.0,0.0,0.0,0.0,0.0,0.0,0.0,0.0,False,0.0,115.8,82.325,198.125,0.0,0.0,0.0,198.125,False,False,False,False,highs,2025-05-19_08:00_12:00,4.0,pay_as_bid,59.02,59.02,59.02,59.02,0.0,0.0,0.0,0.0,0.0,0.0,0.0,0.0,50.805806858826,198.125,198.125,2.1725,0.0,0.0,2.1725,0.0,2.1725,760.8621566632756,0.0,760.8621566632756
2025-05-19 09:00:00+02:00,plant_1,2.225,93.69,73.7,32.93,126.62,106.63,97.96000000000001,74.7,0.0,DE_DA_price,DE_ID3_price,natural_gas_price,,87.88235294117648,83.54096470588236,0.0,0.2039490000000001,0.0,2.021051,2.377707058823529,0.0,0.0,0.0,0.0,0.0,0.0,0.0,0.0,0.0,0.0,0.0,0.0,65.03,7.148,83.54096470588236,18.51096470588236,-14.419035294117649,0.0,0.0,0.0,0.0,0.0,0.0,0.0,0.0,False,0.0,0.0,0.0,0.0,0.0,177.61471729411764,0.0,177.61471729411764,False,False,False,False,highs,2025-05-19_08:00_12:00,4.0,pay_as_bid,59.02,59.02,59.02,59.02,0.0,0.0,0.0,0.0,0.0,0.0,0.0,2.5,51.02040816326531,177.61471729411764,177.61471729411764,2.225,0.0,2.021051,0.2039490000000001,2.021051,0.2039490000000001,0.0,477.91911882352935,477.91911882352935
2025-05-19 09:15:00+02:00,plant_1,2.225,93.69,64.15,32.93,126.62,97.08000000000001,47.24,74.7,0.0,DE_DA_price,DE_ID3_price,natural_gas_price,,87.88235294117648,83.54096470588236,2.5,2.225,0.15618556701030917,0.0,0.0,2.5,0.0,0.0,0.0,0.0,2.5,0.0,0.0,0.0,2.5,10.0,2.5,14.31,54.437,83.54096470588236,69.23096470588236,36.30096470588236,35.775,90.7524117647059,173.0774117647059,90.7524117647059,0.0,2.5,0.0,2.5,False,0.0,35.775,82.325,118.1,0.0,0.0,0.0,118.1,False,False,False,True,highs,2025-05-19_08:00_12:00,4.0,pay_as_bid,59.02,59.02,59.02,59.02,0.0,0.0,0.0,0.0,0.0,0.0,0.0,2.5,50.861035135703766,118.1,118.1,2.225,0.0,2.225,0.0,0.0,2.225,662.9955607193023,0.0,662.9955607193023
2025-05-19 09:30:00+02:00,plant_1,2.225,93.69,44.16,32.93,126.62,77.09,42.25,74.7,0.0,DE_DA_price,DE_ID3_price,natural_gas_price,,87.88235294117648,83.54096470588236,2.5,2.225,0.3123320876288658,0.0,0.0,2.5,0.0,2.5,0.0,2.5,2.5,0.0,110.39999999999999,0.0,0.0,0.0,0.0,9.32,45.244,83.54096470588236,74.22096470588235,41.29096470588236,0.0,0.0,0.0,0.0,0.0,0.0,0.0,0.0,False,0.0,110.39999999999999,82.325,192.725,0.0,0.0,0.0,192.725,False,False,False,False,highs,2025-05-19_08:00_12:00,4.0,pay_as_bid,59.02,59.02,59.02,59.02,0.0,0.0,0.0,0.0,0.0,0.0,0.0,0.0,50.701701951399116,192.725,192.725,2.225,0.0,0.0,2.225,0.0,2.225,629.7115827612292,0.0,629.7115827612292
2025-05-19 09:45:00+02:00,plant_1,2.225,93.69,29.18,32.93,126.62,62.11,38.45,74.7,0.0,DE_DA_price,DE_ID3_price,natural_gas_price,,87.88235294117648,83.54096470588236,2.5,2.225,0.46843957161726774,0.0,0.0,2.5,0.0,2.5,0.0,2.5,2.5,0.0,72.95,0.0,0.0,0.0,0.0,5.52,52.679,83.54096470588236,78.02096470588236,45.09096470588236,0.0,0.0,0.0,0.0,0.0,0.0,0.0,0.0,False,0.0,72.95,82.325,155.275,0.0,0.0,0.0,155.275,False,False,False,False,highs,2025-05-19_08:00_12:00,4.0,pay_as_bid,59.02,59.02,59.02,59.02,0.0,0.0,0.0,0.0,0.0,0.0,0.0,0.0,50.542408600390544,155.275,155.275,2.225,0.0,0.0,2.225,0.0,2.225,591.7130457541177,0.0,591.7130457541177
2025-05-19 10:00:00+02:00,plant_1,2.225,69.59,45.08,32.93,102.52000000000001,78.00999999999999,57.480000000000004,74.7,0.0,DE_DA_price,DE_ID3_price,natural_gas_price,,87.88235294117648,83.54096470588236,2.5,2.225,0.6245080287346726,0.0,0.0,2.5,0.0,2.5,0.0,2.5,2.5,0.0,112.69999999999999,0.0,0.0,0.0,0.0,24.55,33.966,83.54096470588236,58.99096470588236,26.060964705882355,0.0,0.0,0.0,0.0,0.0,0.0,0.0,0.0,False,0.0,112.69999999999999,82.325,195.02499999999998,0.0,0.0,0.0,195.02499999999998,False,False,False,False,highs,2025-05-19_08:00_12:00,4.0,pay_as_bid,59.02,59.02,59.02,59.02,0.0,0.0,0.0,0.0,0.0,0.0,0.0,0.0,50.383155072719724,195.02499999999998,195.02499999999998,2.225,0.0,0.0,2.225,0.0,2.225,546.969861623298,0.0,546.969861623298
2025-05-19 10:15:00+02:00,plant_1,2.225,69.59,26.55,32.93,102.52000000000001,59.480000000000004,61.4,74.7,0.0,DE_DA_price,DE_ID3_price,natural_gas_price,,87.88235294117648,83.54096470588236,2.5,2.225,0.7805374687377981,0.0,0.0,2.5,0.0,2.5,0.0,2.5,2.5,0.0,66.375,0.0,0.0,0.0,0.0,28.47,31.024,83.54096470588236,55.07096470588236,22.14096470588236,0.0,0.0,0.0,0.0,0.0,0.0,0.0,0.0,False,0.0,66.375,82.325,148.7,0.0,0.0,0.0,148.7,False,False,False,False,highs,2025-05-19_08:00_12:00,4.0,pay_as_bid,59.02,59.02,59.02,59.02,0.0,0.0,0.0,0.0,0.0,0.0,0.0,0.0,50.22394135843082,148.7,148.7,2.225,0.0,0.0,2.225,0.0,2.225,521.6082001569563,0.0,521.6082001569563
2025-05-19 10:30:00+02:00,plant_1,2.225,69.59,24.1,32.93,102.52000000000001,57.03,84.86,74.7,0.0,DE_DA_price,DE_ID3_price,natural_gas_price,,87.88235294117648,83.54096470588236,2.5,2.225,0.9365279013809228,0.0,0.0,2.5,0.0,2.5,0.0,2.5,2.5,0.0,60.25,0.0,0.0,0.0,0.0,51.93,4.772,83.54096470588236,31.61096470588236,-1.31903529411764,0.0,0.0,0.0,0.0,0.0,0.0,0.0,0.0,False,0.0,60.25,82.325,142.575,0.0,0.0,0.0,142.575,False,False,False,False,highs,2025-05-19_08:00_12:00,4.0,pay_as_bid,59.02,59.02,59.02,59.02,0.0,0.0,0.0,0.0,0.0,0.0,0.0,0.0,50.06476744757049,142.575,142.575,2.225,0.0,0.0,2.225,0.0,2.225,490.96609753431727,0.0,490.96609753431727
2025-05-19 10:45:00+02:00,plant_1,2.225,69.59,23.84,32.93,102.52000000000001,56.769999999999996,73.6,74.7,0.0,DE_DA_price,DE_ID3_price,natural_gas_price,,87.88235294117648,83.54096470588236,2.5,2.225,1.0924793364158867,0.0,0.0,2.5,0.0,2.5,0.0,2.5,2.5,0.0,59.6,0.0,0.0,0.0,0.0,40.67,13.757,83.54096470588236,42.87096470588236,9.940964705882365,0.0,0.0,0.0,0.0,0.0,0.0,0.0,0.0,False,0.0,59.6,82.325,141.925,0.0,0.0,0.0,141.925,False,False,False,False,highs,2025-05-19_08:00_12:00,4.0,pay_as_bid,59.02,59.02,59.02,59.02,0.0,0.0,0.0,0.0,0.0,0.0,0.0,0.0,49.905633330187875,141.925,141.925,2.225,0.0,0.0,2.225,0.0,2.225,458.187308600771,0.0,458.187308600771
2025-05-19 11:00:00+02:00,plant_1,2.225,28.56,37.43,32.93,61.489999999999995,70.36,37.9,74.7,0.0,DE_DA_price,DE_ID3_price,natural_gas_price,,87.88235294117648,83.54096470588236,2.5,2.225,1.248391783592092,0.0,0.0,2.5,2.5,0.0,0.0,2.5,2.5,71.39999999999999,0.0,0.0,0.0,0.0,0.0,4.97,41.722,83.54096470588236,78.57096470588236,45.64096470588236,0.0,0.0,0.0,0.0,0.0,0.0,0.0,0.0,False,0.0,71.39999999999999,82.325,153.725,0.0,0.0,0.0,153.725,False,False,False,False,highs,2025-05-19_08:00_12:00,4.0,pay_as_bid,59.02,59.02,59.02,59.02,0.0,0.0,0.0,0.0,0.0,0.0,0.0,0.0,49.7465389963346,153.725,153.725,0.0,2.225,0.0,2.225,0.0,2.225,438.94784801786693,0.0,438.94784801786693
2025-05-19 11:15:00+02:00,plant_1,2.225,28.56,30.41,32.93,61.489999999999995,63.34,77.94,74.7,0.0,DE_DA_price,DE_ID3_price,natural_gas_price,,87.88235294117648,83.54096470588236,2.5,2.225,1.4042652526565031,0.0,0.0,2.5,2.5,0.0,0.0,2.5,2.5,71.39999999999999,0.0,0.0,0.0,0.0,0.0,45.01,2.726,83.54096470588236,38.53096470588236,5.600964705882362,0.0,0.0,0.0,0.0,0.0,0.0,0.0,0.0,False,0.0,71.39999999999999,82.325,153.725,0.0,0.0,0.0,153.725,False,False,False,False,highs,2025-05-19_08:00_12:00,4.0,pay_as_bid,59.02,59.02,59.02,59.02,0.0,0.0,0.0,0.0,0.0,0.0,0.0,0.0,49.5874844360648,153.725,153.725,0.0,2.225,0.0,2.225,0.0,2.225,425.54490062254206,0.0,425.54490062254206
2025-05-19 11:30:00+02:00,plant_1,2.225,28.56,35.49,32.93,61.489999999999995,68.42,79.84,74.7,0.0,DE_DA_price,DE_ID3_price,natural_gas_price,,87.88235294117648,83.54096470588236,2.5,2.225,1.5600997533536483,0.0,0.0,2.5,2.5,0.0,0.0,2.5,2.5,71.39999999999999,0.0,0.0,0.0,0.0,0.0,46.91,0.674,83.54096470588236,36.63096470588236,3.700964705882356,0.0,0.0,0.0,0.0,0.0,0.0,0.0,0.0,False,0.0,71.39999999999999,82.325,153.725,0.0,0.0,0.0,153.725,False,False,False,False,highs,2025-05-19_08:00_12:00,4.0,pay_as_bid,59.02,59.02,59.02,59.02,0.0,0.0,0.0,0.0,0.0,0.0,0.0,0.0,49.42846963943506,153.725,153.725,0.0,2.225,0.0,2.225,0.0,2.225,410.11210906868814,0.0,410.11210906868814
2025-05-19 11:45:00+02:00,plant_1,2.225,28.56,40.9,32.93,61.489999999999995,73.83,32.93,74.7,0.0,DE_DA_price,DE_ID3_price,natural_gas_price,,87.88235294117648,83.54096470588236,2.5,2.225,1.715895295425619,0.0,0.0,2.5,2.5,0.0,0.0,2.5,2.5,71.39999999999999,0.0,0.0,0.0,0.0,0.0,0.0,0.0,83.54096470588236,83.54096470588236,50.61096470588236,0.0,0.0,0.0,0.0,0.0,0.0,0.0,0.0,False,0.0,71.39999999999999,82.325,153.725,0.0,0.0,0.0,153.725,False,False,False,False,highs,2025-05-19_08:00_12:00,4.0,pay_as_bid,59.02,59.02,59.02,59.02,0.0,0.0,0.0,0.0,0.0,0.0,0.0,0.0,49.26949459650447,153.725,153.725,0.0,2.225,0.0,2.225,0.0,2.225,404.722904989433,0.0,404.722904989433
2025-05-19 12:00:00+02:00,plant_1,2.225,12.77,19.78,32.93,45.7,52.71,92.31,74.7,0.0,DE_DA_price,DE_ID3_price,natural_gas_price,,87.88235294117648,83.54096470588236,2.5,2.225,1.8716518886120719,0.0,0.0,2.5,2.5,0.0,0.0,2.5,2.5,31.924999999999997,0.0,0.0,0.0,0.0,0.0,59.38,0.0,83.54096470588236,24.160964705882357,-8.769035294117643,0.0,0.0,0.0,0.0,0.0,0.0,0.0,0.0,False,0.0,31.924999999999997,82.325,114.25,0.0,0.0,0.0,114.25,False,False,False,False,highs,2025-05-19_12:00_16:00,4.0,pay_as_bid,98.19,98.19,98.19,98.19,0.0,0.0,0.0,0.0,0.0,0.0,0.0,0.0,49.110559297334625,114.25,114.25,0.0,2.225,0.0,2.225,0.0,2.225,405.30447863744314,0.0,405.30447863744314
2025-05-19 12:15:00+02:00,plant_1,2.225,12.77,53.06,32.93,45.7,85.99000000000001,102.84,74.7,0.0,DE_DA_price,DE_ID3_price,natural_gas_price,,87.88235294117648,83.54096470588236,0.0,1.8150484563707212,0.0,0.4099515436292789,0.4822959336815046,0.0,2.5,0.0,2.5,0.0,0.0,31.924999999999997,0.0,132.65,0.0,0.0,0.0,69.91,0.0,83.54096470588236,13.630964705882363,-19.299035294117644,0.0,0.0,0.0,0.0,0.0,0.0,0.0,0.0,False,0.0,-100.72500000000001,0.0,-100.72500000000001,0.0,36.02750624600839,0.0,-64.69749375399161,False,False,False,False,highs,2025-05-19_12:00_16:00,4.0,pay_as_bid,98.19,98.19,98.19,98.19,0.0,0.0,0.0,0.0,0.0,0.0,0.0,2.5,51.02040816326531,-64.69749375399161,-64.69749375399161,0.0,2.225,0.5609976680462905,1.6640023319537096,0.4099515436292789,1.8150484563707212,0.0,96.94148266998242,96.94148266998242
2025-05-19 12:30:00+02:00,plant_1,2.225,12.77,69.98,32.93,45.7,102.91,87.64,74.7,0.0,DE_DA_price,DE_ID3_price,natural_gas_price,,87.88235294117648,83.54096470588236,0.0,0.0,0.0,2.225,2.6176470588235294,0.0,2.5,0.0,2.5,0.0,0.0,31.924999999999997,0.0,174.95000000000002,0.0,0.0,0.0,54.71,0.695,83.54096470588236,28.83096470588236,-4.099035294117641,0.0,0.0,0.0,0.0,0.0,0.0,0.0,0.0,False,0.0,-143.02500000000003,0.0,-143.02500000000003,0.0,195.53823529411767,0.0,52.513235294117635,False,False,False,False,highs,2025-05-19_12:00_16:00,4.0,pay_as_bid,98.19,98.19,98.19,98.19,0.0,0.0,0.0,0.0,0.0,0.0,0.0,2.5,51.02040816326531,52.513235294117635,52.513235294117635,0.0,2.225,2.225,0.0,2.225,0.0,0.0,526.1470588235294,526.1470588235294
2025-05-19 12:45:00+02:00,plant_1,2.225,12.77,77.58,32.93,45.7,110.50999999999999,58.51,74.7,0.0,DE_DA_price,DE_ID3_price,natural_gas_price,,87.88235294117648,83.54096470588236,2.5,2.225,0.15618556701030917,0.0,0.0,2.5,2.5,0.0,2.5,0.0,2.5,31.924999999999997,0.0,193.95,2.5,10.0,2.5,25.58,8.505,83.54096470588236,57.96096470588236,25.03096470588236,63.949999999999996,62.5774117647059,144.9024117647059,62.5774117647059,0.0,2.5,0.0,2.5,False,0.0,-98.07499999999999,82.325,-15.749999999999986,0.0,0.0,0.0,-15.749999999999986,False,False,False,True,highs,2025-05-19_12:00_16:00,4.0,pay_as_bid,98.19,98.19,98.19,98.19,0.0,0.0,0.0,0.0,0.0,0.0,0.0,2.5,50.861035135703766,-15.749999999999986,-15.749999999999986,0.0,2.225,2.225,0.0,0.0,2.225,407.2563116520744,0.0,407.2563116520744
2025-05-19 13:00:00+02:00,plant_1,2.225,5.0,43.77,32.93,37.93,76.7,72.11,74.7,0.0,DE_DA_price,DE_ID3_price,natural_gas_price,,87.88235294117648,83.54096470588236,2.5,2.225,0.3123320876288658,0.0,0.0,2.5,2.5,0.0,0.0,2.5,2.5,12.5,0.0,0.0,0.0,0.0,0.0,39.18,0.181,83.54096470588236,44.36096470588236,11.43096470588236,0.0,0.0,0.0,0.0,0.0,0.0,0.0,0.0,False,0.0,12.5,82.325,94.825,0.0,0.0,0.0,94.825,False,False,False,False,highs,2025-05-19_12:00_16:00,4.0,pay_as_bid,98.19,98.19,98.19,98.19,0.0,0.0,0.0,0.0,0.0,0.0,0.0,0.0,50.701701951399116,94.825,94.825,0.0,2.225,0.0,2.225,0.0,2.225,408.90430281112185,0.0,408.90430281112185
2025-05-19 13:15:00+02:00,plant_1,2.225,5.0,67.78,32.93,37.93,100.71000000000001,32.93,74.7,0.0,DE_DA_price,DE_ID3_price,natural_gas_price,,87.88235294117648,83.54096470588236,0.0,0.30288638446874977,0.0,1.9221136155312504,2.261310135919118,0.0,2.5,0.0,2.5,0.0,0.0,12.5,0.0,169.45,0.0,0.0,0.0,0.0,0.0,83.54096470588236,83.54096470588236,50.61096470588236,0.0,0.0,0.0,0.0,0.0,0.0,0.0,0.0,False,0.0,-156.95,0.0,-156.95,0.0,168.91986715315812,0.0,11.969867153158134,False,False,False,False,highs,2025-05-19_12:00_16:00,4.0,pay_as_bid,98.19,98.19,98.19,98.19,0.0,0.0,0.0,0.0,0.0,0.0,0.0,2.5,51.02040816326531,11.969867153158134,11.969867153158134,0.0,2.225,2.0735378750000004,0.1514621249999999,1.9221136155312504,0.30288638446874977,0.0,454.5233373197427,454.5233373197427
2025-05-19 13:30:00+02:00,plant_1,2.225,5.0,82.57,32.93,37.93,115.5,80.86,74.7,0.0,DE_DA_price,DE_ID3_price,natural_gas_price,,87.88235294117648,83.54096470588236,0.369,0.35077139999999996,0.0,1.8742286000000001,2.2049748235294118,0.369,2.5,0.0,2.5,0.0,0.369,12.5,0.0,206.42499999999998,2.5,10.0,0.369,47.93,0.369,83.54096470588236,35.61096470588236,2.68096470588236,17.68617,0.9892759764705908,13.140445976470591,0.9892759764705908,0.0,2.5,0.0,0.369,False,0.0,-176.23882999999998,12.15117,-164.08765999999997,0.0,164.71161931764706,0.0,0.6239593176470919,False,False,False,True,highs,2025-05-19_12:00_16:00,4.0,pay_as_bid,98.19,98.19,98.19,98.19,0.0,0.0,0.0,0.0,0.0,0.0,0.0,2.5,51.02040816326531,0.6239593176470919,0.6239593176470919,0.0,2.225,2.225,0.0,1.8742286000000001,0.35077139999999996,61.553271139397474,443.1999395294118,504.75321066880923
2025-05-19 13:45:00+02:00,plant_1,2.225,5.0,85.51,32.93,37.93,118.44,54.8,74.7,0.0,DE_DA_price,DE_ID3_price,natural_gas_price,,87.88235294117648,83.54096470588236,2.339,2.2234533999999995,0.0,0.0015466000000006197,0.001819529411765435,2.339,2.5,0.0,2.5,0.0,2.339,12.5,0.0,213.775,2.5,10.0,2.339,21.87,2.339,83.54096470588236,61.670964705882355,28.740964705882362,51.15393,67.22511644705884,144.24838644705883,67.22511644705884,0.0,2.5,0.0,2.339,False,0.0,-150.12107,77.02327,-73.0978,0.0,0.135918847058878,0.0,-72.96188115294113,False,False,False,True,highs,2025-05-19_12:00_16:00,4.0,pay_as_bid,98.19,98.19,98.19,98.19,0.0,0.0,0.0,0.0,0.0,0.0,0.0,2.5,51.02040816326531,-72.96188115294113,-72.96188115294113,0.0,2.225,2.225,0.0,0.0015466000000006197,2.2234533999999995,394.99539160277993,0.3657254117648524,395.3611170145448
2025-05-19 14:00:00+02:00,plant_1,2.225,8.0,68.09,32.93,40.93,101.02000000000001,40.0,74.7,0.0,DE_DA_price,DE_ID3_price,natural_gas_price,,87.88235294117648,83.54096470588236,2.5,2.225,0.15618556701030917,0.0,0.0,2.5,2.5,0.0,2.5,0.0,2.5,20.0,0.0,170.22500000000002,2.5,10.0,2.5,7.07,8.193,83.54096470588236,76.47096470588235,43.54096470588236,17.675,108.85241176470589,191.17741176470588,108.85241176470589,0.0,2.5,0.0,2.5,False,0.0,-132.55,82.325,-50.22500000000001,0.0,0.0,0.0,-50.22500000000001,False,False,False,True,highs,2025-05-19_12:00_16:00,4.0,pay_as_bid,98.19,98.19,98.19,98.19,0.0,0.0,0.0,0.0,0.0,0.0,0.0,2.5,50.861035135703766,-50.22500000000001,-50.22500000000001,0.0,2.225,2.225,0.0,0.0,2.225,439.66158373461747,0.0,439.66158373461747
2025-05-19 14:15:00+02:00,plant_1,2.225,8.0,78.98,32.93,40.93,111.91,32.93,74.7,0.0,DE_DA_price,DE_ID3_price,natural_gas_price,,87.88235294117648,83.54096470588236,0.0,0.1514621249999999,0.0,2.0735378750000004,2.4394563235294124,0.0,2.5,0.0,2.5,0.0,0.0,20.0,0.0,197.45000000000002,0.0,0.0,0.0,0.0,0.0,83.54096470588236,83.54096470588236,50.61096470588236,0.0,0.0,0.0,0.0,0.0,0.0,0.0,0.0,False,0.0,-177.45000000000002,0.0,-177.45000000000002,0.0,182.2273873676471,0.0,4.777387367647094,False,False,False,False,highs,2025-05-19_12:00_16:00,4.0,pay_as_bid,98.19,98.19,98.19,98.19,0.0,0.0,0.0,0.0,0.0,0.0,0.0,2.5,51.02040816326531,4.777387367647094,4.777387367647094,0.0,2.225,2.225,0.0,2.0735378750000004,0.1514621249999999,0.0,490.3307210294119,490.3307210294119
2025-05-19 14:30:00+02:00,plant_1,2.225,8.0,90.3,32.93,40.93,123.22999999999999,29.46,74.7,0.0,DE_DA_price,DE_ID3_price,natural_gas_price,,87.88235294117648,83.54096470588236,2.5,2.225,0.15618556701030917,0.0,0.0,2.5,2.5,0.0,2.5,0.0,2.5,20.0,0.0,225.75,2.5,10.0,2.5,-3.47,8.2,83.54096470588236,87.01096470588236,54.08096470588236,-8.675,135.2024117647059,217.5274117647059,135.2024117647059,0.0,2.5,0.0,2.5,False,0.0,-214.425,82.325,-132.10000000000002,0.0,0.0,0.0,-132.10000000000002,False,False,False,True,highs,2025-05-19_12:00_16:00,4.0,pay_as_bid,98.19,98.19,98.19,98.19,0.0,0.0,0.0,0.0,0.0,0.0,0.0,2.5,50.861035135703766,-132.10000000000002,-132.10000000000002,0.0,2.225,2.225,0.0,0.0,2.225,449.0765366154306,0.0,449.0765366154306
2025-05-19 14:45:00+02:00,plant_1,2.225,8.0,90.07,32.93,40.93,123.0,30.9,74.7,0.0,DE_DA_price,DE_ID3_price,natural_gas_price,,87.88235294117648,83.54096470588236,2.5,2.225,0.3123320876288658,0.0,0.0,2.5,2.5,0.0,2.5,0.0,2.5,20.0,0.0,225.17499999999998,2.5,10.0,2.5,-2.03,23.702,83.54096470588236,85.57096470588236,52.64096470588236,-5.074999999999999,131.6024117647059,213.9274117647059,131.6024117647059,0.0,2.5,0.0,2.5,False,0.0,-210.24999999999997,82.325,-127.92499999999997,0.0,0.0,0.0,-127.92499999999997,False,False,False,True,highs,2025-05-19_12:00_16:00,4.0,pay_as_bid,98.19,98.19,98.19,98.19,0.0,0.0,0.0,0.0,0.0,0.0,0.0,2.5,50.701701951399116,-127.92499999999997,-127.92499999999997,0.0,2.225,2.225,0.0,0.0,2.225,461.8931949721532,0.0,461.8931949721532
2025-05-19 15:00:00+02:00,plant_1,2.1725,28.15,67.7,32.93,61.08,100.63,31.74,74.7,0.0,DE_DA_price,DE_ID3_price,natural_gas_price,,87.88235294117648,83.54096470588236,2.5,2.1725,0.5225632829574742,0.0,0.0,2.5,2.5,0.0,2.5,0.0,2.5,70.375,0.0,169.25,2.5,10.0,2.5,-1.19,36.039,83.54096470588236,84.73096470588236,51.800964705882365,-2.9749999999999996,129.50241176470593,211.8274117647059,129.50241176470593,0.0,2.5,0.0,2.5,False,0.0,-101.85,82.325,-19.52499999999999,0.0,0.0,0.0,-19.52499999999999,False,False,False,True,highs,2025-05-19_12:00_16:00,4.0,pay_as_bid,98.19,98.19,98.19,98.19,0.0,0.0,0.0,0.0,0.0,0.0,0.0,2.5,50.48718032351278,-19.52499999999999,-19.52499999999999,0.0,2.1725,2.1725,0.0,0.0,2.1725,483.0972120497285,0.0,483.0972120497285
2025-05-19 15:15:00+02:00,plant_1,2.1725,28.15,81.42,32.93,61.08,114.35,35.6,74.7,0.0,DE_DA_price,DE_ID3_price,natural_gas_price,,87.88235294117648,83.54096470588236,2.5,2.1725,0.7327419204872505,0.0,0.0,2.5,2.5,0.0,2.5,0.0,2.5,70.375,0.0,203.55,2.5,10.0,2.5,2.67,41.042,83.54096470588236,80.87096470588236,47.94096470588236,6.675,119.85241176470589,202.17741176470588,119.85241176470589,0.0,2.5,0.0,2.5,False,0.0,-126.50000000000001,82.325,-44.17500000000001,0.0,0.0,0.0,-44.17500000000001,False,False,False,True,highs,2025-05-19_12:00_16:00,4.0,pay_as_bid,98.19,98.19,98.19,98.19,0.0,0.0,0.0,0.0,0.0,0.0,0.0,2.5,50.27271232603342,-44.17500000000001,-44.17500000000001,0.0,2.1725,2.1725,0.0,0.0,2.1725,500.451831,0.0,500.451831
2025-05-19 15:30:00+02:00,plant_1,2.1725,28.15,93.65,32.93,61.08,126.58000000000001,36.64,74.7,0.0,DE_DA_price,DE_ID3_price,natural_gas_price,,87.88235294117648,83.54096470588236,2.5,2.1725,0.9428680133576444,0.0,0.0,2.5,2.5,0.0,2.5,0.0,2.5,70.375,0.0,234.125,2.5,10.0,2.5,3.71,70.258,83.54096470588236,79.83096470588237,46.90096470588236,9.275,117.2524117647059,199.57741176470591,117.2524117647059,0.0,2.5,0.0,2.5,False,0.0,-154.475,82.325,-72.14999999999999,0.0,0.0,0.0,-72.14999999999999,False,False,False,True,highs,2025-05-19_12:00_16:00,4.0,pay_as_bid,98.19,98.19,98.19,98.19,0.0,0.0,0.0,0.0,0.0,0.0,0.0,2.5,50.05829794555342,-72.14999999999999,-72.14999999999999,0.0,2.1725,2.1725,0.0,0.0,2.1725,518.7851077002601,0.0,518.7851077002601
2025-05-19 15:45:00+02:00,plant_1,2.1725,28.15,129.94,32.93,61.08,162.87,64.92,74.7,0.0,DE_DA_price,DE_ID3_price,natural_gas_price,,87.88235294117648,83.54096470588236,2.5,2.1725,1.1529415747048206,0.0,0.0,2.5,2.5,0.0,2.5,0.0,2.5,70.375,0.0,324.85,2.5,10.0,2.5,31.99,4.381,83.54096470588236,51.550964705882365,18.620964705882358,79.975,46.552411764705894,128.87741176470593,46.552411764705894,0.0,2.5,0.0,2.5,False,0.0,-174.50000000000003,82.325,-92.17500000000003,0.0,0.0,0.0,-92.17500000000003,False,False,False,True,highs,2025-05-19_12:00_16:00,4.0,pay_as_bid,98.19,98.19,98.19,98.19,0.0,0.0,0.0,0.0,0.0,0.0,0.0,2.5,49.84393716866855,-92.17500000000003,-92.17500000000003,0.0,2.1725,2.1725,0.0,0.0,2.1725,554.2389571196339,0.0,554.2389571196339
2025-05-19 16:00:00+02:00,plant_1,2.135,72.98,83.39,32.93,105.91,116.32,78.12,74.7,0.0,DE_DA_price,DE_ID3_price,natural_gas_price,,87.88235294117648,83.54096470588236,0.881,1.9555523391318101,0.0,0.17944766086818964,0.21111489513904663,0.881,0.0,0.0,0.0,0.0,0.881,0.0,0.0,0.0,2.5,10.0,0.881,45.19,0.881,83.54096470588236,38.35096470588236,5.420964705882355,39.81239,4.775869905882355,33.78719990588236,4.775869905882355,0.0,2.5,0.0,0.881,False,0.0,39.81239,29.01133,68.82372000000001,0.0,15.770282666886784,0.0,84.5940026668868,False,False,False,True,highs,2025-05-19_16:00_20:00,4.0,pay_as_bid,34.66,34.66,34.66,34.66,0.0,0.0,0.0,0.0,0.0,0.0,0.0,2.5,51.02040816326531,84.5940026668868,84.5940026668868,0.0,2.135,2.135,0.0,0.17944766086818964,1.9555523391318101,199.25638106463003,42.43409392294837,241.6904749875784
2025-05-19 16:15:00+02:00,plant_1,2.135,72.98,105.77,32.93,105.91,138.7,48.62,74.7,0.0,DE_DA_price,DE_ID3_price,natural_gas_price,,87.88235294117648,83.54096470588236,2.5,2.135,0.24896907216494846,0.0,0.0,2.5,0.0,0.0,0.0,0.0,2.5,0.0,0.0,0.0,2.5,10.0,2.5,15.69,6.971,83.54096470588236,67.85096470588236,34.92096470588236,39.225,87.30241176470591,169.6274117647059,87.30241176470591,0.0,2.5,0.0,2.5,False,0.0,39.225,82.325,121.55000000000001,0.0,0.0,0.0,121.55000000000001,False,False,False,True,highs,2025-05-19_16:00_20:00,4.0,pay_as_bid,34.66,34.66,34.66,34.66,0.0,0.0,0.0,0.0,0.0,0.0,0.0,2.5,50.76635808962761,121.55000000000001,121.55000000000001,1.0383466198127067,1.096653380187293,2.135,0.0,0.0,2.135,591.7494248639902,0.0,591.7494248639902
2025-05-19 16:30:00+02:00,plant_1,2.135,72.98,132.17,32.93,105.91,165.1,33.04,74.7,0.0,DE_DA_price,DE_ID3_price,natural_gas_price,,87.88235294117648,83.54096470588236,2.5,2.135,0.4978759020618557,0.0,0.0,2.5,0.0,0.0,0.0,0.0,2.5,0.0,0.0,0.0,2.5,10.0,2.5,0.11,29.686,83.54096470588236,83.43096470588236,50.50096470588236,0.275,126.2524117647059,208.57741176470591,126.2524117647059,0.0,2.5,0.0,2.5,False,0.0,0.275,82.325,82.60000000000001,0.0,0.0,0.0,82.60000000000001,False,False,False,True,highs,2025-05-19_16:00_20:00,4.0,pay_as_bid,34.66,34.66,34.66,34.66,0.0,0.0,0.0,0.0,0.0,0.0,0.0,2.5,50.51237152850831,82.60000000000001,82.60000000000001,2.135,0.0,2.135,0.0,0.0,2.135,628.6634005828473,0.0,628.6634005828473
2025-05-19 16:45:00+02:00,plant_1,2.135,72.98,146.48,32.93,105.91,179.41,44.14,74.7,0.0,DE_DA_price,DE_ID3_price,natural_gas_price,,87.88235294117648,83.54096470588236,2.5,2.135,0.7467205052512887,0.0,0.0,2.5,0.0,0.0,0.0,0.0,2.5,0.0,0.0,0.0,2.5,10.0,2.5,11.21,8.602,83.54096470588236,72.33096470588237,39.40096470588236,28.025000000000002,98.5024117647059,180.82741176470591,98.5024117647059,0.0,2.5,0.0,2.5,False,0.0,28.025000000000002,82.325,110.35000000000001,0.0,0.0,0.0,110.35000000000001,False,False,False,True,highs,2025-05-19_16:00_20:00,4.0,pay_as_bid,34.66,34.66,34.66,34.66,0.0,0.0,0.0,0.0,0.0,0.0,0.0,2.5,50.2584484640293,110.35000000000001,110.35000000000001,2.135,0.0,2.135,0.0,0.0,2.135,667.2282999550259,0.0,667.2282999550259
2025-05-19 17:00:00+02:00,plant_1,2.1,97.09,121.22,32.93,130.02,154.15,100.88,74.7,0.0,DE_DA_price,DE_ID3_price,natural_gas_price,,87.88235294117648,83.54096470588236,0.0,0.7241378103712266,0.0,1.3758621896287735,1.618661399563263,0.0,0.0,0.0,0.0,0.0,0.0,0.0,0.0,0.0,0.0,0.0,0.0,67.95,0.022,83.54096470588236,15.590964705882357,-17.339035294117636,0.0,0.0,0.0,0.0,0.0,0.0,0.0,0.0,False,0.0,0.0,0.0,0.0,0.0,120.91400654737575,0.0,120.91400654737575,False,False,False,False,highs,2025-05-19_16:00_20:00,4.0,pay_as_bid,34.66,34.66,34.66,34.66,0.0,0.0,0.0,0.0,0.0,0.0,0.0,2.5,51.02040816326531,120.91400654737575,120.91400654737575,2.1,0.0,2.1,0.0,1.3758621896287735,0.7241378103712266,0.0,325.35094131221587,325.35094131221587
2025-05-19 17:15:00+02:00,plant_1,2.1,97.09,138.0,32.93,130.02,170.93,51.68,74.7,0.0,DE_DA_price,DE_ID3_price,natural_gas_price,,87.88235294117648,83.54096470588236,2.5,2.1,0.28505154639175245,0.0,0.0,2.5,0.0,0.0,0.0,0.0,2.5,0.0,0.0,0.0,2.5,10.0,2.5,18.75,9.476,83.54096470588236,64.79096470588236,31.86096470588236,46.875,79.6524117647059,161.9774117647059,79.6524117647059,0.0,2.5,0.0,2.5,False,0.0,46.875,82.325,129.2,0.0,0.0,0.0,129.2,False,False,False,True,highs,2025-05-19_16:00_20:00,4.0,pay_as_bid,34.66,34.66,34.66,34.66,0.0,0.0,0.0,0.0,0.0,0.0,0.0,2.5,50.72953923837576,129.2,129.2,2.1,0.0,2.1,0.0,0.0,2.1,776.3463097530612,0.0,776.3463097530612
2025-05-19 17:30:00+02:00,plant_1,2.1,97.09,223.2,32.93,130.02,256.13,107.58000000000001,74.7,0.0,DE_DA_price,DE_ID3_price,natural_gas_price,,87.88235294117648,83.54096470588236,0.0,0.27643087499999985,0.0,1.8235691250000001,2.145375441176471,0.0,0.0,0.0,0.0,0.0,0.0,0.0,0.0,0.0,0.0,0.0,0.0,74.65,0.113,83.54096470588236,8.890964705882354,-24.039035294117653,0.0,0.0,0.0,0.0,0.0,0.0,0.0,0.0,False,0.0,0.0,0.0,0.0,0.0,160.25954545588237,0.0,160.25954545588237,False,False,False,False,highs,2025-05-19_16:00_20:00,4.0,pay_as_bid,34.66,34.66,34.66,34.66,0.0,0.0,0.0,0.0,0.0,0.0,0.0,2.5,51.02040816326531,160.25954545588237,160.25954545588237,2.1,0.0,2.1,0.0,1.8235691250000001,0.27643087499999985,0.0,431.2204636764707,431.2204636764707
2025-05-19 17:45:00+02:00,plant_1,2.1,97.09,304.0,32.93,130.02,336.93,32.93,74.7,0.0,DE_DA_price,DE_ID3_price,natural_gas_price,,87.88235294117648,83.54096470588236,0.0,0.0,0.0,2.1,2.4705882352941178,0.0,0.0,0.0,0.0,0.0,0.0,0.0,0.0,0.0,0.0,0.0,0.0,0.0,0.0,83.54096470588236,83.54096470588236,50.61096470588236,0.0,0.0,0.0,0.0,0.0,0.0,0.0,0.0,False,0.0,0.0,0.0,0.0,0.0,184.5529411764706,0.0,184.5529411764706,False,False,False,False,highs,2025-05-19_16:00_20:00,4.0,pay_as_bid,34.66,34.66,34.66,34.66,0.0,0.0,0.0,0.0,0.0,0.0,0.0,2.5,51.02040816326531,184.5529411764706,184.5529411764706,2.1,0.0,2.1,0.0,2.1,0.0,0.0,496.5882352941177,496.5882352941177
2025-05-19 18:00:00+02:00,plant_1,2.1,114.49,299.36,32.93,147.42,332.29,69.03,74.7,0.0,DE_DA_price,DE_ID3_price,natural_gas_price,,87.88235294117648,83.54096470588236,2.5,2.1,0.28505154639175245,0.0,0.0,2.5,0.0,0.0,0.0,0.0,2.5,0.0,0.0,0.0,2.5,10.0,2.5,36.1,6.362,83.54096470588236,47.44096470588236,14.510964705882358,90.25,36.277411764705896,118.60241176470589,36.277411764705896,0.0,2.5,0.0,2.5,False,0.0,90.25,82.325,172.575,0.0,0.0,0.0,172.575,False,False,False,True,highs,2025-05-19_16:00_20:00,4.0,pay_as_bid,34.66,34.66,34.66,34.66,0.0,0.0,0.0,0.0,0.0,0.0,0.0,2.5,50.72953923837576,172.575,172.575,2.1,0.0,2.1,0.0,0.0,2.1,925.3563122018961,0.0,925.3563122018961
2025-05-19 18:15:00+02:00,plant_1,2.1,114.49,318.66,32.93,147.42,351.59000000000003,145.53,74.7,0.0,DE_DA_price,DE_ID3_price,natural_gas_price,,87.88235294117648,83.54096470588236,0.0,0.27643087499999985,0.0,1.8235691250000001,2.145375441176471,0.0,0.0,0.0,0.0,0.0,0.0,0.0,0.0,0.0,0.0,0.0,0.0,112.6,0.431,83.54096470588236,-29.059035294117635,-61.98903529411764,0.0,0.0,0.0,0.0,0.0,0.0,0.0,0.0,False,0.0,0.0,0.0,0.0,0.0,160.25954545588237,0.0,160.25954545588237,False,False,False,False,highs,2025-05-19_16:00_20:00,4.0,pay_as_bid,34.66,34.66,34.66,34.66,0.0,0.0,0.0,0.0,0.0,0.0,0.0,2.5,51.02040816326531,160.25954545588237,160.25954545588237,2.1,0.0,2.1,0.0,1.8235691250000001,0.27643087499999985,0.0,431.2204636764707,431.2204636764707
2025-05-19 18:30:00+02:00,plant_1,2.1,114.49,288.46,32.93,147.42,321.39,32.93,74.7,0.0,DE_DA_price,DE_ID3_price,natural_gas_price,,87.88235294117648,83.54096470588236,0.0,0.0,0.0,2.1,2.4705882352941178,0.0,0.0,0.0,0.0,0.0,0.0,0.0,0.0,0.0,0.0,0.0,0.0,0.0,0.0,83.54096470588236,83.54096470588236,50.61096470588236,0.0,0.0,0.0,0.0,0.0,0.0,0.0,0.0,False,0.0,0.0,0.0,0.0,0.0,184.5529411764706,0.0,184.5529411764706,False,False,False,False,highs,2025-05-19_16:00_20:00,4.0,pay_as_bid,34.66,34.66,34.66,34.66,0.0,0.0,0.0,0.0,0.0,0.0,0.0,2.5,51.02040816326531,184.5529411764706,184.5529411764706,2.1,0.0,2.1,0.0,2.1,0.0,0.0,496.5882352941177,496.5882352941177
2025-05-19 18:45:00+02:00,plant_1,2.1,114.49,240.49,32.93,147.42,273.42,32.93,74.7,0.0,DE_DA_price,DE_ID3_price,natural_gas_price,,87.88235294117648,83.54096470588236,0.0,0.0,0.0,2.1,2.4705882352941178,0.0,0.0,0.0,0.0,0.0,0.0,0.0,0.0,0.0,0.0,0.0,0.0,0.0,0.0,83.54096470588236,83.54096470588236,50.61096470588236,0.0,0.0,0.0,0.0,0.0,0.0,0.0,0.0,False,0.0,0.0,0.0,0.0,0.0,184.5529411764706,0.0,184.5529411764706,False,False,False,False,highs,2025-05-19_16:00_20:00,4.0,pay_as_bid,34.66,34.66,34.66,34.66,0.0,0.0,0.0,0.0,0.0,0.0,0.0,2.5,51.02040816326531,184.5529411764706,184.5529411764706,2.1,0.0,2.1,0.0,2.1,0.0,0.0,496.5882352941177,496.5882352941177
2025-05-19 19:00:00+02:00,plant_1,2.1,148.45,272.09,32.93,181.38,305.02,183.27,74.7,0.0,DE_DA_price,DE_ID3_price,natural_gas_price,,87.88235294117648,83.54096470588236,0.0,0.0,0.0,2.1,2.4705882352941178,0.0,0.0,0.0,0.0,0.0,0.0,0.0,0.0,0.0,0.0,0.0,0.0,150.34,0.135,83.54096470588236,-66.79903529411764,-99.72903529411765,0.0,0.0,0.0,0.0,0.0,0.0,0.0,0.0,False,0.0,0.0,0.0,0.0,0.0,184.5529411764706,0.0,184.5529411764706,False,False,False,False,highs,2025-05-19_16:00_20:00,4.0,pay_as_bid,34.66,34.66,34.66,34.66,0.0,0.0,0.0,0.0,0.0,0.0,0.0,2.5,51.02040816326531,184.5529411764706,184.5529411764706,2.1,0.0,2.1,0.0,2.1,0.0,0.0,496.5882352941177,496.5882352941177
2025-05-19 19:15:00+02:00,plant_1,2.1,148.45,195.92,32.93,181.38,228.85,257.28,74.7,0.0,DE_DA_price,DE_ID3_price,natural_gas_price,,87.88235294117648,83.54096470588236,0.0,0.0,0.0,2.1,2.4705882352941178,0.0,0.0,0.0,0.0,0.0,0.0,0.0,0.0,0.0,0.0,0.0,0.0,224.35,0.005,83.54096470588236,-140.80903529411762,-173.73903529411763,0.0,0.0,0.0,0.0,0.0,0.0,0.0,0.0,False,0.0,0.0,0.0,0.0,0.0,184.5529411764706,0.0,184.5529411764706,False,False,False,False,highs,2025-05-19_16:00_20:00,4.0,pay_as_bid,34.66,34.66,34.66,34.66,0.0,0.0,0.0,0.0,0.0,0.0,0.0,2.5,51.02040816326531,184.5529411764706,184.5529411764706,2.1,0.0,2.1,0.0,2.1,0.0,0.0,496.5882352941177,496.5882352941177
2025-05-19 19:30:00+02:00,plant_1,2.1,148.45,141.5,32.93,181.38,174.43,130.76,74.7,0.0,DE_DA_price,DE_ID3_price,natural_gas_price,,87.88235294117648,83.54096470588236,0.0,0.0,0.0,2.1,2.4705882352941178,0.0,0.0,0.0,0.0,0.0,0.0,0.0,0.0,0.0,0.0,0.0,0.0,97.83,0.028,83.54096470588236,-14.289035294117639,-47.21903529411763,0.0,0.0,0.0,0.0,0.0,0.0,0.0,0.0,False,0.0,0.0,0.0,0.0,0.0,184.5529411764706,0.0,184.5529411764706,False,False,False,False,highs,2025-05-19_16:00_20:00,4.0,pay_as_bid,34.66,34.66,34.66,34.66,0.0,0.0,0.0,0.0,0.0,0.0,0.0,2.5,51.02040816326531,184.5529411764706,184.5529411764706,2.1,0.0,2.1,0.0,2.1,0.0,0.0,496.5882352941177,496.5882352941177
2025-05-19 19:45:00+02:00,plant_1,2.1,148.45,120.87,32.93,181.38,153.8,110.03999999999999,74.7,0.0,DE_DA_price,DE_ID3_price,natural_gas_price,,87.88235294117648,83.54096470588236,0.0,0.0,0.0,2.1,2.4705882352941178,0.0,0.0,0.0,0.0,0.0,0.0,0.0,0.0,0.0,0.0,0.0,0.0,77.11,0.21,83.54096470588236,6.43096470588236,-26.499035294117633,0.0,0.0,0.0,0.0,0.0,0.0,0.0,0.0,False,0.0,0.0,0.0,0.0,0.0,184.5529411764706,0.0,184.5529411764706,False,False,False,False,highs,2025-05-19_16:00_20:00,4.0,pay_as_bid,34.66,34.66,34.66,34.66,0.0,0.0,0.0,0.0,0.0,0.0,0.0,2.5,51.02040816326531,184.5529411764706,184.5529411764706,2.1,0.0,2.1,0.0,2.1,0.0,0.0,496.5882352941177,496.5882352941177
2025-05-19 20:00:00+02:00,plant_1,2.1,229.11,165.55,32.93,262.04,198.48000000000002,79.78999999999999,74.7,0.0,DE_DA_price,DE_ID3_price,natural_gas_price,,87.88235294117648,83.54096470588236,2.5,2.1,0.28505154639175245,0.0,0.0,2.5,0.0,0.0,0.0,0.0,2.5,0.0,0.0,0.0,2.5,10.0,2.5,46.86,4.182,83.54096470588236,36.68096470588236,3.7509647058823674,117.15,9.377411764705919,91.7024117647059,9.377411764705919,0.0,2.5,0.0,2.5,False,0.0,117.15,82.325,199.47500000000002,0.0,0.0,0.0,199.47500000000002,False,False,False,True,highs,2025-05-19_20:00_00:00,4.0,pay_as_bid,2.35,2.35,2.35,2.35,0.0,0.0,0.0,0.0,0.0,0.0,0.0,2.5,50.72953923837576,199.47500000000002,199.47500000000002,2.1,0.0,2.1,0.0,0.0,2.1,1185.94337575,0.0,1185.94337575
2025-05-19 20:15:00+02:00,plant_1,2.1,229.11,145.33,32.93,262.04,178.26000000000002,74.34,74.7,0.0,DE_DA_price,DE_ID3_price,natural_gas_price,,87.88235294117648,83.54096470588236,2.5,2.1,0.5700318298969069,0.0,0.0,2.5,0.0,0.0,0.0,0.0,2.5,0.0,0.0,0.0,2.5,10.0,2.5,41.41,17.603,83.54096470588236,42.13096470588236,9.200964705882356,103.52499999999999,23.00241176470589,105.32741176470591,23.00241176470589,0.0,2.5,0.0,2.5,False,0.0,103.52499999999999,82.325,185.85,0.0,0.0,0.0,185.85,False,False,False,True,highs,2025-05-19_20:00_00:00,4.0,pay_as_bid,2.35,2.35,2.35,2.35,0.0,0.0,0.0,0.0,0.0,0.0,0.0,2.5,50.43874303071745,185.85,185.85,2.1,0.0,2.1,0.0,0.0,2.1,1213.1968980515749,0.0,1213.1968980515749
2025-05-19 20:30:00+02:00,plant_1,2.1,229.11,121.62,32.93,262.04,154.55,56.92,74.7,0.0,DE_DA_price,DE_ID3_price,natural_gas_price,,87.88235294117648,83.54096470588236,2.5,2.1,0.8549408683311852,0.0,0.0,2.5,0.0,0.0,0.0,0.0,2.5,0.0,0.0,0.0,2.5,10.0,2.5,23.99,56.484,83.54096470588236,59.550964705882365,26.620964705882358,59.974999999999994,66.5524117647059,148.87741176470593,66.5524117647059,0.0,2.5,0.0,2.5,False,0.0,59.974999999999994,82.325,142.3,0.0,0.0,0.0,142.3,False,False,False,True,highs,2025-05-19_20:00_00:00,4.0,pay_as_bid,2.35,2.35,2.35,2.35,0.0,0.0,0.0,0.0,0.0,0.0,0.0,2.5,50.148019522111035,142.3,142.3,2.1,0.0,2.1,0.0,0.0,2.1,1227.9423641654241,0.0,1227.9423641654241
2025-05-19 20:45:00+02:00,plant_1,2.1,229.11,112.52,32.93,262.04,145.45,60.33,74.7,0.0,DE_DA_price,DE_ID3_price,natural_gas_price,,87.88235294117648,83.54096470588236,2.5,2.1,1.1397786795058549,0.0,0.0,2.5,0.0,0.0,0.0,0.0,2.5,0.0,0.0,0.0,2.5,10.0,2.5,27.4,71.571,83.54096470588236,56.14096470588236,23.21096470588236,68.5,58.0274117647059,140.3524117647059,58.0274117647059,0.0,2.5,0.0,2.5,False,0.0,68.5,82.325,150.825,0.0,0.0,0.0,150.825,False,False,False,True,highs,2025-05-19_20:00_00:00,4.0,pay_as_bid,2.35,2.35,2.35,2.35,0.0,0.0,0.0,0.0,0.0,0.0,0.0,2.5,49.85736869438178,150.825,150.825,2.1,0.0,2.1,0.0,0.0,2.1,1231.9606603248671,0.0,1231.9606603248671
2025-05-19 21:00:00+02:00,plant_1,2.1,154.86,136.54,32.93,187.79000000000002,169.47,62.57,74.7,0.0,DE_DA_price,DE_ID3_price,natural_gas_price,,87.88235294117648,83.54096470588236,2.5,2.1,1.4245452812277308,0.0,0.0,2.5,0.0,0.0,0.0,0.0,2.5,0.0,0.0,0.0,2.5,10.0,2.5,29.64,63.553,83.54096470588236,53.90096470588236,20.97096470588236,74.1,52.427411764705894,134.7524117647059,52.427411764705894,0.0,2.5,0.0,2.5,False,0.0,74.1,82.325,156.425,0.0,0.0,0.0,156.425,False,False,False,True,highs,2025-05-19_20:00_00:00,4.0,pay_as_bid,2.35,2.35,2.35,2.35,0.0,0.0,0.0,0.0,0.0,0.0,0.0,2.5,49.56679052935946,156.425,156.425,2.1,0.0,2.1,0.0,0.0,2.1,1228.1516772382854,0.0,1228.1516772382854
2025-05-19 21:15:00+02:00,plant_1,2.1,154.86,129.73,32.93,187.79000000000002,162.66,74.91,74.7,0.0,DE_DA_price,DE_ID3_price,natural_gas_price,,87.88235294117648,83.54096470588236,2.5,2.1,1.7092406912991764,0.0,0.0,2.5,0.0,0.0,0.0,0.0,2.5,0.0,0.0,0.0,2.5,10.0,2.5,41.98,81.194,83.54096470588236,41.56096470588236,8.630964705882363,104.94999999999999,21.577411764705907,103.9024117647059,21.577411764705907,0.0,2.5,0.0,2.5,False,0.0,104.94999999999999,82.325,187.27499999999998,0.0,0.0,0.0,187.27499999999998,False,False,False,True,highs,2025-05-19_20:00_00:00,4.0,pay_as_bid,2.35,2.35,2.35,2.35,0.0,0.0,0.0,0.0,0.0,0.0,0.0,2.5,49.27628500887839,187.27499999999998,187.27499999999998,2.1,0.0,2.1,0.0,0.0,2.1,1230.6128912726558,0.0,1230.6128912726558
2025-05-19 21:30:00+02:00,plant_1,2.1,154.86,117.88,32.93,187.79000000000002,150.81,70.28999999999999,74.7,0.0,DE_DA_price,DE_ID3_price,natural_gas_price,,87.88235294117648,83.54096470588236,2.5,2.1,1.9938649275181042,0.0,0.0,2.5,0.0,0.0,0.0,0.0,2.5,0.0,0.0,0.0,2.5,10.0,2.5,37.36,86.693,83.54096470588236,46.18096470588236,13.250964705882367,93.4,33.12741176470592,115.4524117647059,33.12741176470592,0.0,2.5,0.0,2.5,False,0.0,93.4,82.325,175.72500000000002,0.0,0.0,0.0,175.72500000000002,False,False,False,True,highs,2025-05-19_20:00_00:00,4.0,pay_as_bid,2.35,2.35,2.35,2.35,0.0,0.0,0.0,0.0,0.0,0.0,0.0,2.5,48.985852114777444,175.72500000000002,175.72500000000002,2.1,0.0,2.1,0.0,0.0,2.1,1229.68308093881,0.0,1229.68308093881
2025-05-19 21:45:00+02:00,plant_1,2.1,154.86,109.56,32.93,187.79000000000002,142.49,82.49000000000001,74.7,0.0,DE_DA_price,DE_ID3_price,natural_gas_price,,87.88235294117648,83.54096470588236,2.5,2.1,2.278418007677977,0.0,0.0,2.5,0.0,0.0,0.0,0.0,2.5,0.0,0.0,0.0,2.5,10.0,2.5,49.56,72.216,83.54096470588236,33.98096470588236,1.0509647058823504,123.9,2.627411764705876,84.95241176470589,2.627411764705876,0.0,2.5,0.0,2.5,False,0.0,123.9,82.325,206.22500000000002,0.0,0.0,0.0,206.22500000000002,False,False,False,True,highs,2025-05-19_20:00_00:00,4.0,pay_as_bid,2.35,2.35,2.35,2.35,0.0,0.0,0.0,0.0,0.0,0.0,0.0,2.5,48.695491828900025,206.22500000000002,206.22500000000002,2.1,0.0,2.1,0.0,0.0,2.1,1240.0794378246258,0.0,1240.0794378246258
2025-05-19 22:00:00+02:00,plant_1,2.1,126.81,132.12,32.93,159.74,165.05,107.57,74.7,0.0,DE_DA_price,DE_ID3_price,natural_gas_price,,87.88235294117648,83.54096470588236,0.0,2.1,0.11289994956781024,0.0,0.0,0.0,0.0,0.0,0.0,0.0,0.0,0.0,0.0,0.0,0.0,0.0,0.0,74.64,5.153,83.54096470588236,8.900964705882359,-24.029035294117634,0.0,0.0,0.0,0.0,0.0,0.0,0.0,0.0,False,0.0,0.0,0.0,0.0,0.0,0.0,0.0,0.0,False,False,False,False,highs,2025-05-19_20:00_00:00,4.0,pay_as_bid,2.35,2.35,2.35,2.35,0.0,0.0,0.0,0.0,0.0,0.0,0.0,2.5,50.905204133094074,0.0,0.0,2.1,0.0,2.1,0.0,0.0,2.1,0.0,0.0,0.0
2025-05-19 22:15:00+02:00,plant_1,2.1,126.81,130.27,32.93,159.74,163.20000000000002,95.46000000000001,74.7,0.0,DE_DA_price,DE_ID3_price,natural_gas_price,,87.88235294117648,83.54096470588236,0.0,0.10948557284300572,0.0,1.9905144271569943,2.341781679008229,0.0,0.0,0.0,0.0,0.0,0.0,0.0,0.0,0.0,0.0,0.0,0.0,62.53,2.506,83.54096470588236,21.01096470588236,-11.919035294117649,0.0,0.0,0.0,0.0,0.0,0.0,0.0,0.0,False,0.0,0.0,0.0,0.0,0.0,174.93109142191472,0.0,174.93109142191472,False,False,False,False,highs,2025-05-19_20:00_00:00,4.0,pay_as_bid,2.35,2.35,2.35,2.35,0.0,0.0,0.0,0.0,0.0,0.0,0.0,2.5,51.02040816326531,174.93109142191472,174.93109142191472,2.1,0.0,2.1,0.0,1.9905144271569943,0.10948557284300572,0.0,470.698117480654,470.698117480654
2025-05-19 22:30:00+02:00,plant_1,2.1,126.81,121.18,32.93,159.74,154.11,95.08,74.7,0.0,DE_DA_price,DE_ID3_price,natural_gas_price,,87.88235294117648,83.54096470588236,0.0,0.0,0.0,2.1,2.4705882352941178,0.0,0.0,0.0,0.0,0.0,0.0,0.0,0.0,0.0,0.0,0.0,0.0,62.15,2.495,83.54096470588236,21.39096470588236,-11.539035294117639,0.0,0.0,0.0,0.0,0.0,0.0,0.0,0.0,False,0.0,0.0,0.0,0.0,0.0,184.5529411764706,0.0,184.5529411764706,False,False,False,False,highs,2025-05-19_20:00_00:00,4.0,pay_as_bid,2.35,2.35,2.35,2.35,0.0,0.0,0.0,0.0,0.0,0.0,0.0,2.5,51.02040816326531,184.5529411764706,184.5529411764706,2.1,0.0,2.1,0.0,2.1,0.0,0.0,496.5882352941177,496.5882352941177
2025-05-19 22:45:00+02:00,plant_1,2.1,126.81,108.55,32.93,159.74,141.48,94.91,74.7,0.0,DE_DA_price,DE_ID3_price,natural_gas_price,,87.88235294117648,83.54096470588236,0.0,0.0,0.0,2.1,2.4705882352941178,0.0,0.0,0.0,0.0,0.0,0.0,0.0,0.0,0.0,0.0,0.0,0.0,61.98,6.886,83.54096470588236,21.560964705882363,-11.369035294117637,0.0,0.0,0.0,0.0,0.0,0.0,0.0,0.0,False,0.0,0.0,0.0,0.0,0.0,184.5529411764706,0.0,184.5529411764706,False,False,False,False,highs,2025-05-19_20:00_00:00,4.0,pay_as_bid,2.35,2.35,2.35,2.35,0.0,0.0,0.0,0.0,0.0,0.0,0.0,2.5,51.02040816326531,184.5529411764706,184.5529411764706,2.1,0.0,2.1,0.0,2.1,0.0,0.0,496.5882352941177,496.5882352941177
2025-05-19 23:00:00+02:00,plant_1,2.0875,111.88,119.63,32.93,144.81,152.56,101.37,74.7,0.0,DE_DA_price,DE_ID3_price,natural_gas_price,,87.88235294117648,83.54096470588236,0.0,0.0,0.0,2.0875,2.4558823529411766,0.0,0.0,0.0,0.0,0.0,0.0,0.0,0.0,0.0,0.0,0.0,0.0,68.44,2.98,83.54096470588236,15.100964705882362,-17.829035294117645,0.0,0.0,0.0,0.0,0.0,0.0,0.0,0.0,False,0.0,0.0,0.0,0.0,0.0,183.4544117647059,0.0,183.4544117647059,False,False,False,False,highs,2025-05-19_20:00_00:00,4.0,pay_as_bid,2.35,2.35,2.35,2.35,0.0,0.0,0.0,0.0,0.0,0.0,0.0,2.5,51.02040816326531,183.4544117647059,183.4544117647059,2.0875,0.0,2.0875,0.0,2.0875,0.0,0.0,493.6323529411765,493.6323529411765
2025-05-19 23:15:00+02:00,plant_1,2.0875,111.88,116.49,32.93,144.81,149.42,132.42,74.7,0.0,DE_DA_price,DE_ID3_price,natural_gas_price,,87.88235294117648,83.54096470588236,0.0,0.0,0.0,2.0875,2.4558823529411766,0.0,0.0,0.0,0.0,0.0,0.0,0.0,0.0,0.0,0.0,0.0,0.0,99.49,0.221,83.54096470588236,-15.949035294117635,-48.87903529411763,0.0,0.0,0.0,0.0,0.0,0.0,0.0,0.0,False,0.0,0.0,0.0,0.0,0.0,183.4544117647059,0.0,183.4544117647059,False,False,False,False,highs,2025-05-19_20:00_00:00,4.0,pay_as_bid,2.35,2.35,2.35,2.35,0.0,0.0,0.0,0.0,0.0,0.0,0.0,2.5,51.02040816326531,183.4544117647059,183.4544117647059,2.0875,0.0,2.0875,0.0,2.0875,0.0,0.0,493.6323529411765,493.6323529411765
2025-05-19 23:30:00+02:00,plant_1,2.0875,111.88,119.57,32.93,144.81,152.5,32.93,74.7,0.0,DE_DA_price,DE_ID3_price,natural_gas_price,,87.88235294117648,83.54096470588236,0.0,0.0,0.0,2.0875,2.4558823529411766,0.0,0.0,0.0,0.0,0.0,0.0,0.0,0.0,0.0,0.0,0.0,0.0,0.0,0.0,83.54096470588236,83.54096470588236,50.61096470588236,0.0,0.0,0.0,0.0,0.0,0.0,0.0,0.0,False,0.0,0.0,0.0,0.0,0.0,183.4544117647059,0.0,183.4544117647059,False,False,False,False,highs,2025-05-19_20:00_00:00,4.0,pay_as_bid,2.35,2.35,2.35,2.35,0.0,0.0,0.0,0.0,0.0,0.0,0.0,2.5,51.02040816326531,183.4544117647059,183.4544117647059,2.0875,0.0,2.0875,0.0,2.0875,0.0,0.0,493.6323529411765,493.6323529411765
2025-05-19 23:45:00+02:00,plant_1,2.0875,111.88,113.96,32.93,144.81,146.89,32.93,74.7,0.0,DE_DA_price,DE_ID3_price,natural_gas_price,,87.88235294117648,83.54096470588236,0.0,0.0,0.0,2.0875,2.4558823529411766,0.0,0.0,0.0,0.0,0.0,0.0,0.0,0.0,0.0,0.0,0.0,0.0,0.0,0.0,83.54096470588236,83.54096470588236,50.61096470588236,0.0,0.0,0.0,0.0,0.0,0.0,0.0,0.0,False,0.0,0.0,0.0,0.0,0.0,183.4544117647059,0.0,183.4544117647059,False,False,False,False,highs,2025-05-19_20:00_00:00,4.0,pay_as_bid,2.35,2.35,2.35,2.35,0.0,0.0,0.0,0.0,0.0,0.0,0.0,2.5,51.02040816326531,183.4544117647059,183.4544117647059,2.0875,0.0,2.0875,0.0,2.0875,0.0,0.0,493.6323529411765,493.6323529411765
