datetime,plant_name,day_ahead_position_MWh_el,day_ahead_price_EUR_per_MWh_el,additional_electricity_charge_EUR_per_MWh_el,day_ahead_delivered_price_EUR_per_MWh_el,intraday_buy_MWh_el,intraday_sell_MWh_el,intraday_price_EUR_per_MWh_el,intraday_delivered_price_EUR_per_MWh_el,scheduled_electricity_procurement_MWh_el,afrr_energy_bid_MW_el,afrr_energy_bid_MWh_el,afrr_energy_activated_MWh_el,afrr_energy_price_EUR_per_MWh_el,afrr_energy_delivered_price_EUR_per_MWh_el,afrr_energy_bid_price_EUR_per_MWh_el,afrr_energy_market_spread_EUR_per_MWh_el,afrr_energy_net_spread_EUR_per_MWh_el,afrr_energy_pay_as_cleared_reward_EUR,afrr_energy_net_value_after_charges_EUR,afrr_energy_capacity_backed_bid_MWh_el,afrr_energy_free_bid_MWh_el,afrr_energy_capacity_backed_activated_MWh_el,afrr_energy_free_activated_MWh_el,afrr_system_activation_MWh_el,afrr_headroom_binding,afrr_curtailment_MWh,afrr_capacity_block_id,afrr_capacity_block_duration_h,afrr_capacity_pricing_rule,afrr_capacity_bid_price_EUR_per_MW_h,afrr_capacity_clearing_price_EUR_per_MW_h,afrr_capacity_settlement_price_EUR_per_MW_h,afrr_capacity_down_price_EUR_per_MW_h,afrr_capacity_reserved_MW,afrr_capacity_reserved_MWh,afrr_capacity_revenue_EUR,afrr_capacity_opportunity_cost_EUR,afrr_capacity_market_surplus_EUR,afrr_capacity_net_value_EUR,reserved_capacity_headroom_MWh,available_charge_headroom_after_schedule_MWh,available_storage_headroom_after_schedule_MWh,actual_electricity_consumption_MWh_el,gas_heat_output_MWh_th,etes_charge_MWh_el,etes_discharge_MWh_th,etes_thermal_inventory_MWh_th
2025-05-10 00:00:00+02:00,plant_1,0.0,105.22,32.93,138.15,0.0,0.0,100.46,133.39,0.0,0.0,0.0,0.0,56.15,89.08,83.54096470588236,27.39096470588236,-5.539035294117639,0.0,0.0,0.0,0.0,0.0,0.0,2.086,0.0,0.0,2025-05-10_00:00_04:00,4.0,pay_as_bid,2.07,2.07,2.07,2.07,0.0,0.0,0.0,0.0,0.0,0.0,0.0,2.5,51.02040816326531,0.0,2.0875,0.0,0.0,0.0
2025-05-10 00:15:00+02:00,plant_1,0.0,105.22,32.93,138.15,0.0,0.0,95.75,128.68,0.0,0.0,0.0,0.0,0.0,32.93,83.54096470588236,83.54096470588236,50.61096470588236,0.0,0.0,0.0,0.0,0.0,0.0,0.0,0.0,0.0,2025-05-10_00:00_04:00,4.0,pay_as_bid,2.07,2.07,2.07,2.07,0.0,0.0,0.0,0.0,0.0,0.0,0.0,2.5,51.02040816326531,0.0,2.0875,0.0,0.0,0.0
2025-05-10 00:30:00+02:00,plant_1,0.0,105.22,32.93,138.15,0.0,0.0,101.88,134.81,0.0,0.0,0.0,0.0,76.25,109.18,83.54096470588236,7.2909647058823595,-25.639035294117647,0.0,0.0,0.0,0.0,0.0,0.0,0.058,0.0,0.0,2025-05-10_00:00_04:00,4.0,pay_as_bid,2.07,2.07,2.07,2.07,0.0,0.0,0.0,0.0,0.0,0.0,0.0,2.5,51.02040816326531,0.0,2.0875,0.0,0.0,0.0
2025-05-10 00:45:00+02:00,plant_1,0.0,105.22,32.93,138.15,0.0,0.0,108.86,141.79,0.0,0.0,0.0,0.0,78.71,111.63999999999999,83.54096470588236,4.830964705882366,-28.099035294117627,0.0,0.0,0.0,0.0,0.0,0.0,0.017,0.0,0.0,2025-05-10_00:00_04:00,4.0,pay_as_bid,2.07,2.07,2.07,2.07,0.0,0.0,0.0,0.0,0.0,0.0,0.0,2.5,51.02040816326531,0.0,2.0875,0.0,0.0,0.0
2025-05-10 01:00:00+02:00,plant_1,0.0,102.91,32.93,135.84,0.0,0.0,97.6,130.53,0.0,0.0,0.0,0.0,0.0,32.93,83.54096470588236,83.54096470588236,50.61096470588236,0.0,0.0,0.0,0.0,0.0,0.0,0.0,0.0,0.0,2025-05-10_00:00_04:00,4.0,pay_as_bid,2.07,2.07,2.07,2.07,0.0,0.0,0.0,0.0,0.0,0.0,0.0,2.5,51.02040816326531,0.0,2.0125,0.0,0.0,0.0
2025-05-10 01:15:00+02:00,plant_1,0.0,102.91,32.93,135.84,0.0,0.0,98.0,130.93,0.0,0.0,0.0,0.0,0.0,32.93,83.54096470588236,83.54096470588236,50.61096470588236,0.0,0.0,0.0,0.0,0.0,0.0,0.0,0.0,0.0,2025-05-10_00:00_04:00,4.0,pay_as_bid,2.07,2.07,2.07,2.07,0.0,0.0,0.0,0.0,0.0,0.0,0.0,2.5,51.02040816326531,0.0,2.0125,0.0,0.0,0.0
2025-05-10 01:30:00+02:00,plant_1,0.0,102.91,32.93,135.84,0.0,0.0,104.96,137.89,0.0,0.0,0.0,0.0,77.04,109.97,83.54096470588236,6.500964705882353,-26.42903529411764,0.0,0.0,0.0,0.0,0.0,0.0,0.005,0.0,0.0,2025-05-10_00:00_04:00,4.0,pay_as_bid,2.07,2.07,2.07,2.07,0.0,0.0,0.0,0.0,0.0,0.0,0.0,2.5,51.02040816326531,0.0,2.0125,0.0,0.0,0.0
2025-05-10 01:45:00+02:00,plant_1,0.0,102.91,32.93,135.84,0.0,0.0,108.32,141.25,0.0,0.0,0.0,0.0,82.1,115.03,83.54096470588236,1.4409647058823651,-31.48903529411764,0.0,0.0,0.0,0.0,0.0,0.0,0.0,0.0,0.0,2025-05-10_00:00_04:00,4.0,pay_as_bid,2.07,2.07,2.07,2.07,0.0,0.0,0.0,0.0,0.0,0.0,0.0,2.5,51.02040816326531,0.0,2.0125,0.0,0.0,0.0
2025-05-10 02:00:00+02:00,plant_1,0.0,98.78,32.93,131.71,0.0,0.0,114.95,147.88,0.0,0.0,0.0,0.0,80.02,112.94999999999999,83.54096470588236,3.5209647058823634,-29.40903529411763,0.0,0.0,0.0,0.0,0.0,0.0,0.017,0.0,0.0,2025-05-10_00:00_04:00,4.0,pay_as_bid,2.07,2.07,2.07,2.07,0.0,0.0,0.0,0.0,0.0,0.0,0.0,2.5,51.02040816326531,0.0,2.0125,0.0,0.0,0.0
2025-05-10 02:15:00+02:00,plant_1,0.0,98.78,32.93,131.71,0.0,0.0,124.14,157.07,0.0,0.0,0.0,0.0,83.09,116.02000000000001,83.54096470588236,0.45096470588235604,-32.47903529411765,0.0,0.0,0.0,0.0,0.0,0.0,0.002,0.0,0.0,2025-05-10_00:00_04:00,4.0,pay_as_bid,2.07,2.07,2.07,2.07,0.0,0.0,0.0,0.0,0.0,0.0,0.0,2.5,51.02040816326531,0.0,2.0125,0.0,0.0,0.0
2025-05-10 02:30:00+02:00,plant_1,0.0,98.78,32.93,131.71,0.0,0.0,126.06,158.99,0.0,0.0,0.0,0.0,0.0,32.93,83.54096470588236,83.54096470588236,50.61096470588236,0.0,0.0,0.0,0.0,0.0,0.0,0.0,0.0,0.0,2025-05-10_00:00_04:00,4.0,pay_as_bid,2.07,2.07,2.07,2.07,0.0,0.0,0.0,0.0,0.0,0.0,0.0,2.5,51.02040816326531,0.0,2.0125,0.0,0.0,0.0
2025-05-10 02:45:00+02:00,plant_1,0.0,98.78,32.93,131.71,0.0,0.0,136.76,169.69,0.0,0.0,0.0,0.0,0.0,32.93,83.54096470588236,83.54096470588236,50.61096470588236,0.0,0.0,0.0,0.0,0.0,0.0,0.0,0.0,0.0,2025-05-10_00:00_04:00,4.0,pay_as_bid,2.07,2.07,2.07,2.07,0.0,0.0,0.0,0.0,0.0,0.0,0.0,2.5,51.02040816326531,0.0,2.0125,0.0,0.0,0.0
2025-05-10 03:00:00+02:00,plant_1,0.0,96.28,32.93,129.21,0.0,0.0,124.92,157.85,0.0,0.0,0.0,0.0,0.0,32.93,83.54096470588236,83.54096470588236,50.61096470588236,0.0,0.0,0.0,0.0,0.0,0.0,0.0,0.0,0.0,2025-05-10_00:00_04:00,4.0,pay_as_bid,2.07,2.07,2.07,2.07,0.0,0.0,0.0,0.0,0.0,0.0,0.0,2.5,51.02040816326531,0.0,2.0125,0.0,0.0,0.0
2025-05-10 03:15:00+02:00,plant_1,0.0,96.28,32.93,129.21,0.0,0.0,122.83,155.76,0.0,0.0,0.0,0.0,0.0,32.93,83.54096470588236,83.54096470588236,50.61096470588236,0.0,0.0,0.0,0.0,0.0,0.0,0.0,0.0,0.0,2025-05-10_00:00_04:00,4.0,pay_as_bid,2.07,2.07,2.07,2.07,0.0,0.0,0.0,0.0,0.0,0.0,0.0,2.5,51.02040816326531,0.0,2.0125,0.0,0.0,0.0
2025-05-10 03:30:00+02:00,plant_1,0.0,96.28,32.93,129.21,0.0,0.0,122.66,155.59,0.0,0.0,0.0,0.0,0.0,32.93,83.54096470588236,83.54096470588236,50.61096470588236,0.0,0.0,0.0,0.0,0.0,0.0,0.0,0.0,0.0,2025-05-10_00:00_04:00,4.0,pay_as_bid,2.07,2.07,2.07,2.07,0.0,0.0,0.0,0.0,0.0,0.0,0.0,2.5,51.02040816326531,0.0,2.0125,0.0,0.0,0.0
2025-05-10 03:45:00+02:00,plant_1,0.0,96.28,32.93,129.21,0.0,0.0,124.13,157.06,0.0,0.0,0.0,0.0,140.0,172.93,83.54096470588236,-56.45903529411764,-89.38903529411765,0.0,0.0,0.0,0.0,0.0,0.0,0.0,0.0,0.0,2025-05-10_00:00_04:00,4.0,pay_as_bid,2.07,2.07,2.07,2.07,0.0,0.0,0.0,0.0,0.0,0.0,0.0,2.5,51.02040816326531,0.0,2.0125,0.0,0.0,0.0
2025-05-10 04:00:00+02:00,plant_1,0.0,100.9,32.93,133.83,0.0,0.0,132.86,165.79000000000002,0.0,0.0,0.0,0.0,140.0,172.93,83.54096470588236,-56.45903529411764,-89.38903529411765,0.0,0.0,0.0,0.0,0.0,0.0,0.0,0.0,0.0,2025-05-10_04:00_08:00,4.0,pay_as_bid,2.39,2.39,2.39,2.39,0.0,0.0,0.0,0.0,0.0,0.0,0.0,2.5,51.02040816326531,0.0,2.0125,0.0,0.0,0.0
2025-05-10 04:15:00+02:00,plant_1,0.0,100.9,32.93,133.83,0.0,0.0,129.35,162.28,0.0,0.0,0.0,0.0,0.0,32.93,83.54096470588236,83.54096470588236,50.61096470588236,0.0,0.0,0.0,0.0,0.0,0.0,0.0,0.0,0.0,2025-05-10_04:00_08:00,4.0,pay_as_bid,2.39,2.39,2.39,2.39,0.0,0.0,0.0,0.0,0.0,0.0,0.0,2.5,51.02040816326531,0.0,2.0125,0.0,0.0,0.0
2025-05-10 04:30:00+02:00,plant_1,0.0,100.9,32.93,133.83,0.0,0.0,121.22,154.15,0.0,0.0,0.0,0.0,0.0,32.93,83.54096470588236,83.54096470588236,50.61096470588236,0.0,0.0,0.0,0.0,0.0,0.0,0.0,0.0,0.0,2025-05-10_04:00_08:00,4.0,pay_as_bid,2.39,2.39,2.39,2.39,0.0,0.0,0.0,0.0,0.0,0.0,0.0,2.5,51.02040816326531,0.0,2.0125,0.0,0.0,0.0
2025-05-10 04:45:00+02:00,plant_1,0.0,100.9,32.93,133.83,0.0,0.0,102.22,135.15,0.0,0.0,0.0,0.0,0.0,32.93,83.54096470588236,83.54096470588236,50.61096470588236,0.0,0.0,0.0,0.0,0.0,0.0,0.0,0.0,0.0,2025-05-10_04:00_08:00,4.0,pay_as_bid,2.39,2.39,2.39,2.39,0.0,0.0,0.0,0.0,0.0,0.0,0.0,2.5,51.02040816326531,0.0,2.0125,0.0,0.0,0.0
2025-05-10 05:00:00+02:00,plant_1,0.0,100.47,32.93,133.4,0.0,0.0,136.24,169.17000000000002,0.0,0.0,0.0,0.0,0.0,32.93,83.54096470588236,83.54096470588236,50.61096470588236,0.0,0.0,0.0,0.0,0.0,0.0,0.0,0.0,0.0,2025-05-10_04:00_08:00,4.0,pay_as_bid,2.39,2.39,2.39,2.39,0.0,0.0,0.0,0.0,0.0,0.0,0.0,2.5,51.02040816326531,0.0,2.0125,0.0,0.0,0.0
2025-05-10 05:15:00+02:00,plant_1,0.0,100.47,32.93,133.4,0.0,0.0,120.24,153.17,0.0,0.0,0.0,0.0,0.0,32.93,83.54096470588236,83.54096470588236,50.61096470588236,0.0,0.0,0.0,0.0,0.0,0.0,0.0,0.0,0.0,2025-05-10_04:00_08:00,4.0,pay_as_bid,2.39,2.39,2.39,2.39,0.0,0.0,0.0,0.0,0.0,0.0,0.0,2.5,51.02040816326531,0.0,2.0125,0.0,0.0,0.0
2025-05-10 05:30:00+02:00,plant_1,0.0,100.47,32.93,133.4,0.0,0.0,93.9,126.83000000000001,0.0,0.0,0.0,0.0,51.21,84.14,83.54096470588236,32.33096470588236,-0.5990352941176411,0.0,0.0,0.0,0.0,0.0,0.0,1.182,0.0,0.0,2025-05-10_04:00_08:00,4.0,pay_as_bid,2.39,2.39,2.39,2.39,0.0,0.0,0.0,0.0,0.0,0.0,0.0,2.5,51.02040816326531,0.0,2.0125,0.0,0.0,0.0
2025-05-10 05:45:00+02:00,plant_1,0.0,100.47,32.93,133.4,0.0,0.0,80.19,113.12,0.0,0.0,0.0,0.0,51.64,84.57,83.54096470588236,31.90096470588236,-1.0290352941176337,0.0,0.0,0.0,0.0,0.0,0.0,10.132,0.0,0.0,2025-05-10_04:00_08:00,4.0,pay_as_bid,2.39,2.39,2.39,2.39,0.0,0.0,0.0,0.0,0.0,0.0,0.0,2.5,51.02040816326531,0.0,2.0125,0.0,0.0,0.0
2025-05-10 06:00:00+02:00,plant_1,0.0,97.73,32.93,130.66,0.0,0.0,113.8,146.73,0.0,0.0,0.0,0.0,89.45,122.38,83.54096470588236,-5.909035294117643,-38.839035294117636,0.0,0.0,0.0,0.0,0.0,0.0,0.434,0.0,0.0,2025-05-10_04:00_08:00,4.0,pay_as_bid,2.39,2.39,2.39,2.39,0.0,0.0,0.0,0.0,0.0,0.0,0.0,2.5,51.02040816326531,0.0,2.0125,0.0,0.0,0.0
2025-05-10 06:15:00+02:00,plant_1,0.0,97.73,32.93,130.66,0.0,0.0,101.37,134.3,0.0,0.0,0.0,0.0,88.39,121.32,83.54096470588236,-4.849035294117641,-37.779035294117634,0.0,0.0,0.0,0.0,0.0,0.0,0.218,0.0,0.0,2025-05-10_04:00_08:00,4.0,pay_as_bid,2.39,2.39,2.39,2.39,0.0,0.0,0.0,0.0,0.0,0.0,0.0,2.5,51.02040816326531,0.0,2.0125,0.0,0.0,0.0
2025-05-10 06:30:00+02:00,plant_1,0.0,97.73,32.93,130.66,0.0,0.0,77.02,109.94999999999999,0.0,0.0,0.0,0.0,85.75,118.68,83.54096470588236,-2.2090352941176405,-35.13903529411765,0.0,0.0,0.0,0.0,0.0,0.0,0.11,0.0,0.0,2025-05-10_04:00_08:00,4.0,pay_as_bid,2.39,2.39,2.39,2.39,0.0,0.0,0.0,0.0,0.0,0.0,0.0,2.5,51.02040816326531,0.0,2.0125,0.0,0.0,0.0
2025-05-10 06:45:00+02:00,plant_1,0.0,97.73,32.93,130.66,2.5,0.0,50.44,83.37,2.5,0.0,0.0,0.0,79.85,112.78,83.54096470588236,3.690964705882365,-29.23903529411764,0.0,0.0,0.0,0.0,0.0,0.0,0.168,0.0,0.0,2025-05-10_04:00_08:00,4.0,pay_as_bid,2.39,2.39,2.39,2.39,0.0,0.0,0.0,0.0,0.0,0.0,0.0,0.0,50.637492110246164,2.5,0.0,2.5,2.0125,0.37525773195876244
2025-05-10 07:00:00+02:00,plant_1,0.0,93.91,32.93,126.84,0.0,0.0,87.23,120.16,0.0,10.0,2.5,2.5,9.03,41.96,83.54096470588236,74.51096470588236,41.58096470588236,186.2774117647059,103.9524117647059,0.0,2.5,0.0,2.5,5.906,0.0,0.0,2025-05-10_04:00_08:00,4.0,pay_as_bid,2.39,2.39,2.39,2.39,0.0,0.0,0.0,0.0,0.0,0.0,0.0,2.5,50.29149063749211,2.5,0.0,2.5,2.0475,0.7143391752577317
2025-05-10 07:15:00+02:00,plant_1,0.0,93.91,32.93,126.84,0.0,0.0,68.94,101.87,0.0,0.0,0.0,0.0,80.62,113.55000000000001,83.54096470588236,2.920964705882355,-30.009035294117652,0.0,0.0,0.0,0.0,0.0,0.0,0.058,0.0,0.0,2025-05-10_04:00_08:00,4.0,pay_as_bid,2.39,2.39,2.39,2.39,0.0,0.0,0.0,0.0,0.0,0.0,0.0,2.5,51.02040816326531,0.0,1.35476422725,0.0,0.6927357727499998,0.0
2025-05-10 07:30:00+02:00,plant_1,0.0,93.91,32.93,126.84,2.5,0.0,25.37,58.3,2.5,0.0,0.0,0.0,48.33,81.25999999999999,83.54096470588236,35.21096470588236,2.2809647058823685,0.0,0.0,0.0,0.0,0.0,0.0,0.396,0.0,0.0,2025-05-10_04:00_08:00,4.0,pay_as_bid,2.39,2.39,2.39,2.39,0.0,0.0,0.0,0.0,0.0,0.0,0.0,0.0,50.674310961498,2.5,0.0,2.5,2.0475,0.3391752577319589
2025-05-10 07:45:00+02:00,plant_1,0.0,93.91,32.93,126.84,2.5,0.0,4.17,37.1,2.5,0.0,0.0,0.0,31.3,64.23,83.54096470588236,52.24096470588236,19.310964705882355,0.0,0.0,0.0,0.0,0.0,0.0,0.107,0.0,0.0,2025-05-10_04:00_08:00,4.0,pay_as_bid,2.39,2.39,2.39,2.39,0.0,0.0,0.0,0.0,0.0,0.0,0.0,0.0,50.328300284031144,2.5,0.0,2.5,2.0475,0.6782657216494847
2025-05-10 08:00:00+02:00,plant_1,0.0,73.72,32.93,106.65,0.0,0.0,65.8,98.72999999999999,0.0,0.0,0.0,0.0,0.0,32.93,83.54096470588236,83.54096470588236,50.61096470588236,0.0,0.0,0.0,0.0,0.0,0.0,0.0,0.0,0.0,2025-05-10_08:00_12:00,4.0,pay_as_bid,48.46,48.46,48.46,48.46,0.0,0.0,0.0,0.0,0.0,0.0,0.0,2.5,51.02040816326531,0.0,1.4122467294374996,0.0,0.6577532705625002,0.0
2025-05-10 08:15:00+02:00,plant_1,0.0,73.72,32.93,106.65,2.5,0.0,34.74,67.67,2.5,0.0,0.0,0.0,45.81,78.74000000000001,83.54096470588236,37.73096470588236,4.80096470588235,0.0,0.0,0.0,0.0,0.0,0.0,0.334,0.0,0.0,2025-05-10_08:00_12:00,4.0,pay_as_bid,48.46,48.46,48.46,48.46,0.0,0.0,0.0,0.0,0.0,0.0,0.0,0.0,50.69798022301704,2.5,0.0,2.5,2.07,0.3159793814432992
2025-05-10 08:30:00+02:00,plant_1,0.0,73.72,32.93,106.65,2.5,0.0,19.92,52.85,2.5,0.0,0.0,0.0,23.84,56.769999999999996,83.54096470588236,59.700964705882356,26.770964705882363,0.0,0.0,0.0,0.0,0.0,0.0,1.835,0.0,0.0,2025-05-10_08:00_12:00,4.0,pay_as_bid,48.46,48.46,48.46,48.46,0.0,0.0,0.0,0.0,0.0,0.0,0.0,0.0,50.37563288975384,2.5,0.0,2.5,2.07,0.6318797680412376
2025-05-10 08:45:00+02:00,plant_1,0.0,73.72,32.93,106.65,2.5,0.0,10.07,43.0,2.5,0.0,0.0,0.0,75.55,108.47999999999999,83.54096470588236,7.990964705882362,-24.93903529411763,0.0,0.0,0.0,0.0,0.0,0.0,0.61,0.0,0.0,2025-05-10_08:00_12:00,4.0,pay_as_bid,48.46,48.46,48.46,48.46,0.0,0.0,0.0,0.0,0.0,0.0,0.0,0.0,50.053366143323956,2.5,0.0,2.5,2.07,0.9477011795425264
2025-05-10 09:00:00+02:00,plant_1,2.5,9.02,32.93,41.95,0.0,0.0,30.42,63.35,2.5,0.0,0.0,0.0,0.0,32.93,83.54096470588236,83.54096470588236,50.61096470588236,0.0,0.0,0.0,0.0,0.0,0.0,0.0,0.0,0.0,2025-05-10_08:00_12:00,4.0,pay_as_bid,48.46,48.46,48.46,48.46,0.0,0.0,0.0,0.0,0.0,0.0,0.0,0.0,49.762738978939396,2.5,0.0,2.5,2.1,1.2325158006393933
2025-05-10 09:15:00+02:00,plant_1,2.5,9.02,32.93,41.95,0.0,0.0,6.32,39.25,2.5,0.0,0.0,0.0,13.99,46.92,83.54096470588236,69.55096470588236,36.62096470588236,0.0,0.0,0.0,0.0,0.0,0.0,1.715,0.0,0.0,2025-05-10_08:00_12:00,4.0,pay_as_bid,48.46,48.46,48.46,48.46,0.0,0.0,0.0,0.0,0.0,0.0,0.0,0.0,49.47218447134593,2.5,0.0,2.5,2.1,1.5172592180809858
2025-05-10 09:30:00+02:00,plant_1,2.5,9.02,32.93,41.95,0.0,0.0,0.21,33.14,2.5,0.0,0.0,0.0,-0.09,32.839999999999996,83.54096470588236,83.63096470588236,50.70096470588236,0.0,0.0,0.0,0.0,0.0,0.0,5.71,0.0,0.0,2025-05-10_08:00_12:00,4.0,pay_as_bid,48.46,48.46,48.46,48.46,0.0,0.0,0.0,0.0,0.0,0.0,0.0,0.0,49.181702602379374,2.5,0.0,2.5,2.1,1.8019314496682182
2025-05-10 09:45:00+02:00,plant_1,2.5,9.02,32.93,41.95,0.0,0.0,-4.82,28.11,2.5,0.0,0.0,0.0,-21.53,11.399999999999999,83.54096470588236,105.07096470588236,72.14096470588237,0.0,0.0,0.0,0.0,0.0,0.0,11.299,0.0,0.0,2025-05-10_08:00_12:00,4.0,pay_as_bid,48.46,48.46,48.46,48.46,0.0,0.0,0.0,0.0,0.0,0.0,0.0,0.0,48.891293353880044,2.5,0.0,2.5,2.1,2.086532513197554
2025-05-10 10:00:00+02:00,plant_1,2.5,-0.07,32.93,32.86,0.0,0.0,0.69,33.62,2.5,0.0,0.0,0.0,3.23,36.16,83.54096470588236,80.31096470588236,47.38096470588236,0.0,0.0,0.0,0.0,0.0,0.0,6.396,0.0,0.0,2025-05-10_08:00_12:00,4.0,pay_as_bid,48.46,48.46,48.46,48.46,0.0,0.0,0.0,0.0,0.0,0.0,0.0,0.0,48.60095670769285,2.5,0.0,2.5,2.1,2.371062426461007
2025-05-10 10:15:00+02:00,plant_1,2.5,-0.07,32.93,32.86,0.0,0.0,-5.41,27.52,2.5,0.0,0.0,0.0,10.95,43.879999999999995,83.54096470588236,72.59096470588236,39.660964705882364,0.0,0.0,0.0,0.0,0.0,0.0,3.64,0.0,0.0,2025-05-10_08:00_12:00,4.0,pay_as_bid,48.46,48.46,48.46,48.46,0.0,0.0,0.0,0.0,0.0,0.0,0.0,0.0,48.310692645667196,2.5,0.0,2.5,2.1,2.6555212072461445
2025-05-10 10:30:00+02:00,plant_1,2.5,-0.07,32.93,32.86,0.0,0.0,-15.31,17.619999999999997,2.5,0.0,0.0,0.0,15.84,48.769999999999996,83.54096470588236,67.70096470588236,34.77096470588236,0.0,0.0,0.0,0.0,0.0,0.0,1.664,0.0,0.0,2025-05-10_08:00_12:00,4.0,pay_as_bid,48.46,48.46,48.46,48.46,0.0,0.0,0.0,0.0,0.0,0.0,0.0,0.0,48.02050114965706,2.5,0.0,2.5,2.1,2.9399088733360856
2025-05-10 10:45:00+02:00,plant_1,2.5,-0.07,32.93,32.86,0.0,0.0,-40.78,-7.850000000000001,2.5,0.0,0.0,0.0,-48.53,-15.600000000000001,83.54096470588236,132.07096470588237,99.14096470588237,0.0,0.0,0.0,0.0,0.0,0.0,21.279,0.0,0.0,2025-05-10_08:00_12:00,4.0,pay_as_bid,48.46,48.46,48.46,48.46,0.0,0.0,0.0,0.0,0.0,0.0,0.0,0.0,47.73038220152091,2.5,0.0,2.5,2.1,3.2242254425095043
2025-05-10 11:00:00+02:00,plant_1,2.5,-22.88,32.93,10.05,0.0,0.0,-46.6,-13.670000000000002,2.5,0.0,0.0,0.0,10.19,43.12,83.54096470588236,73.35096470588236,40.42096470588236,0.0,0.0,0.0,0.0,0.0,0.0,4.854,0.0,0.0,2025-05-10_08:00_12:00,4.0,pay_as_bid,48.46,48.46,48.46,48.46,0.0,0.0,0.0,0.0,0.0,0.0,0.0,0.0,47.4403357831218,2.5,0.0,2.5,2.1,3.5084709325406296
2025-05-10 11:15:00+02:00,plant_1,2.5,-22.88,32.93,10.05,0.0,0.0,-68.97,-36.04,2.5,0.0,0.0,0.0,-5.89,27.04,83.54096470588236,89.43096470588236,56.50096470588236,0.0,0.0,0.0,0.0,0.0,0.0,4.228,0.0,0.0,2025-05-10_08:00_12:00,4.0,pay_as_bid,48.46,48.46,48.46,48.46,0.0,0.0,0.0,0.0,0.0,0.0,0.0,0.0,47.150361876327295,2.5,0.0,2.5,2.1,3.792645361199247
2025-05-10 11:30:00+02:00,plant_1,2.5,-22.88,32.93,10.05,0.0,0.0,-90.41,-57.48,2.5,0.0,0.0,0.0,-0.4,32.53,83.54096470588236,83.94096470588237,51.01096470588236,0.0,0.0,0.0,0.0,0.0,0.0,3.423,0.0,0.0,2025-05-10_08:00_12:00,4.0,pay_as_bid,48.46,48.46,48.46,48.46,0.0,0.0,0.0,0.0,0.0,0.0,0.0,0.0,46.86046046300949,2.5,0.0,2.5,2.1,4.0767487462507
2025-05-10 11:45:00+02:00,plant_1,2.5,-22.88,32.93,10.05,0.0,0.0,-97.49,-64.56,2.5,0.0,0.0,0.0,-24.98,7.949999999999999,83.54096470588236,108.52096470588236,75.59096470588236,0.0,0.0,0.0,0.0,0.0,0.0,7.189,0.0,0.0,2025-05-10_08:00_12:00,4.0,pay_as_bid,48.46,48.46,48.46,48.46,0.0,0.0,0.0,0.0,0.0,0.0,0.0,0.0,46.57063152504501,2.5,0.0,2.5,2.1,4.36078110545589
2025-05-10 12:00:00+02:00,plant_1,2.5,-58.48,32.93,-25.549999999999997,0.0,0.0,-158.56,-125.63,2.5,0.0,0.0,0.0,9.03,41.96,83.54096470588236,74.51096470588236,41.58096470588236,0.0,0.0,0.0,0.0,0.0,0.0,3.936,0.0,0.0,2025-05-10_12:00_16:00,4.0,pay_as_bid,85.66,85.66,85.66,85.66,0.0,0.0,0.0,0.0,0.0,0.0,0.0,0.0,46.280875044315025,2.5,0.0,2.5,2.1,4.6447424565712785
2025-05-10 12:15:00+02:00,plant_1,2.5,-58.48,32.93,-25.549999999999997,0.0,0.0,-131.17,-98.23999999999998,2.5,0.0,0.0,0.0,-69.65,-36.720000000000006,83.54096470588236,153.19096470588238,120.26096470588237,0.0,0.0,0.0,0.0,0.0,0.0,23.842,0.0,0.0,2025-05-10_12:00_16:00,4.0,pay_as_bid,85.66,85.66,85.66,85.66,0.0,0.0,0.0,0.0,0.0,0.0,0.0,0.0,45.991191002705214,2.5,0.0,2.5,2.1,4.9286328173488885
2025-05-10 12:30:00+02:00,plant_1,2.5,-58.48,32.93,-25.549999999999997,0.0,0.0,-121.51,-88.58000000000001,2.5,0.0,0.0,0.0,-60.28,-27.35,83.54096470588236,143.82096470588237,110.89096470588237,0.0,0.0,0.0,0.0,0.0,0.0,18.061,0.0,0.0,2025-05-10_12:00_16:00,4.0,pay_as_bid,85.66,85.66,85.66,85.66,0.0,0.0,0.0,0.0,0.0,0.0,0.0,0.0,45.70157938210581,2.5,0.0,2.5,2.1,5.212452205536303
2025-05-10 12:45:00+02:00,plant_1,2.5,-58.48,32.93,-25.549999999999997,0.0,0.0,-99.53,-66.6,2.5,0.0,0.0,0.0,-85.96,-53.029999999999994,83.54096470588236,169.50096470588235,136.57096470588235,0.0,0.0,0.0,0.0,0.0,0.0,27.639,0.0,0.0,2025-05-10_12:00_16:00,4.0,pay_as_bid,85.66,85.66,85.66,85.66,0.0,0.0,0.0,0.0,0.0,0.0,0.0,0.0,45.41204016441156,2.5,0.0,2.5,2.1,5.4962006388766715
2025-05-10 13:00:00+02:00,plant_1,2.5,-114.53,32.93,-81.6,0.0,0.0,-141.46,-108.53,2.5,0.0,0.0,0.0,-13.44,19.490000000000002,83.54096470588236,96.98096470588236,64.05096470588236,0.0,0.0,0.0,0.0,0.0,0.0,15.354,0.0,0.0,2025-05-10_12:00_16:00,4.0,pay_as_bid,85.66,85.66,85.66,85.66,0.0,0.0,0.0,0.0,0.0,0.0,0.0,0.0,45.122573331521735,2.5,0.0,2.5,2.1,5.779878135108705
2025-05-10 13:15:00+02:00,plant_1,2.5,-114.53,32.93,-81.6,0.0,0.0,-74.2,-41.27,2.5,0.0,0.0,0.0,-76.51,-43.580000000000005,83.54096470588236,160.05096470588236,127.12096470588236,0.0,0.0,0.0,0.0,0.0,0.0,26.707,0.0,0.0,2025-05-10_12:00_16:00,4.0,pay_as_bid,85.66,85.66,85.66,85.66,0.0,0.0,0.0,0.0,0.0,0.0,0.0,0.0,44.83317886534012,2.5,0.0,2.5,2.1,6.06348471196668
2025-05-10 13:30:00+02:00,plant_1,2.5,-114.53,32.93,-81.6,0.0,0.0,-22.78,10.149999999999999,2.5,0.0,0.0,0.0,-8.17,24.759999999999998,83.54096470588236,91.71096470588236,58.78096470588236,0.0,0.0,0.0,0.0,0.0,0.0,5.485,0.0,0.0,2025-05-10_12:00_16:00,4.0,pay_as_bid,85.66,85.66,85.66,85.66,0.0,0.0,0.0,0.0,0.0,0.0,0.0,0.0,44.54385674777506,2.5,0.0,2.5,2.1,6.347020387180441
2025-05-10 13:45:00+02:00,plant_1,2.5,-114.53,32.93,-81.6,0.0,0.0,-5.96,26.97,2.5,0.0,0.0,0.0,13.05,45.980000000000004,83.54096470588236,70.49096470588236,37.560964705882355,0.0,0.0,0.0,0.0,0.0,0.0,0.023,0.0,0.0,2025-05-10_12:00_16:00,4.0,pay_as_bid,85.66,85.66,85.66,85.66,0.0,0.0,0.0,0.0,0.0,0.0,0.0,0.0,44.254606960739395,2.5,0.0,2.5,2.1,6.630485178475399
2025-05-10 14:00:00+02:00,plant_1,2.5,-110.51,32.93,-77.58000000000001,0.0,0.0,-40.67,-7.740000000000002,2.5,0.0,0.0,0.0,7.43,40.36,83.54096470588236,76.11096470588237,43.18096470588236,0.0,0.0,0.0,0.0,0.0,0.0,10.546,0.0,0.0,2025-05-10_12:00_16:00,4.0,pay_as_bid,85.66,85.66,85.66,85.66,0.0,0.0,0.0,0.0,0.0,0.0,0.0,0.0,43.96542948615048,2.5,0.0,2.5,2.1,6.913879103572532
2025-05-10 14:15:00+02:00,plant_1,2.5,-110.51,32.93,-77.58000000000001,0.0,0.0,-8.01,24.92,2.5,0.0,0.0,0.0,14.15,47.08,83.54096470588236,69.39096470588235,36.46096470588236,0.0,0.0,0.0,0.0,0.0,0.0,0.276,0.0,0.0,2025-05-10_12:00_16:00,4.0,pay_as_bid,85.66,85.66,85.66,85.66,0.0,0.0,0.0,0.0,0.0,0.0,0.0,0.0,43.676324305930216,2.5,0.0,2.5,2.1,7.197202180188392
2025-05-10 14:30:00+02:00,plant_1,2.5,-110.51,32.93,-77.58000000000001,0.0,0.0,6.72,39.65,2.5,0.0,0.0,0.0,27.4,60.33,83.54096470588236,56.14096470588236,23.21096470588236,0.0,0.0,0.0,0.0,0.0,0.0,0.143,0.0,0.0,2025-05-10_12:00_16:00,4.0,pay_as_bid,85.66,85.66,85.66,85.66,0.0,0.0,0.0,0.0,0.0,0.0,0.0,0.0,43.387291402005005,2.5,0.0,2.5,2.1,7.480454426035098
2025-05-10 14:45:00+02:00,plant_1,2.5,-110.51,32.93,-77.58000000000001,0.0,0.0,26.57,59.5,2.5,0.0,0.0,0.0,7.18,40.11,83.54096470588236,76.36096470588237,43.43096470588236,0.0,0.0,0.0,0.0,0.0,0.0,2.234,0.0,0.0,2025-05-10_12:00_16:00,4.0,pay_as_bid,85.66,85.66,85.66,85.66,0.0,0.0,0.0,0.0,0.0,0.0,0.0,0.0,43.09833075630577,2.5,0.0,2.5,2.1,7.763635858820342
2025-05-10 15:00:00+02:00,plant_1,2.5,-49.52,32.93,-16.590000000000003,0.0,0.0,-7.48,25.45,2.5,0.0,0.0,0.0,52.69,85.62,83.54096470588236,30.85096470588236,-2.079035294117645,0.0,0.0,0.0,0.0,0.0,0.0,0.0,0.0,0.0,2025-05-10_12:00_16:00,4.0,pay_as_bid,85.66,85.66,85.66,85.66,0.0,0.0,0.0,0.0,0.0,0.0,0.0,0.0,42.77788333540925,2.5,0.0,2.5,2.07,8.077674331298937
2025-05-10 15:15:00+02:00,plant_1,2.5,-49.52,32.93,-16.590000000000003,0.0,0.0,22.64,55.57,2.5,0.0,0.0,0.0,-35.85,-2.9200000000000017,83.54096470588236,119.39096470588237,86.46096470588236,0.0,0.0,0.0,0.0,0.0,0.0,6.74,0.0,0.0,2025-05-10_12:00_16:00,4.0,pay_as_bid,85.66,85.66,85.66,85.66,0.0,0.0,0.0,0.0,0.0,0.0,0.0,0.0,42.45751602636795,2.5,0.0,2.5,2.07,8.391634294159411
2025-05-10 15:30:00+02:00,plant_1,2.5,-49.52,32.93,-16.590000000000003,0.0,2.5,70.24,103.16999999999999,0.0,10.0,2.5,2.5,-7.93,25.0,83.54096470588236,91.47096470588235,58.54096470588236,228.67741176470588,146.3524117647059,0.0,2.5,0.0,2.5,2.9,0.0,0.0,2025-05-10_12:00_16:00,4.0,pay_as_bid,85.66,85.66,85.66,85.66,0.0,0.0,0.0,0.0,0.0,0.0,0.0,2.5,42.13722880915391,2.5,0.0,2.5,2.07,8.705515767029171
2025-05-10 15:45:00+02:00,plant_1,2.5,-49.52,32.93,-16.590000000000003,0.0,2.5,92.63,125.56,0.0,10.0,2.5,0.0,41.13,74.06,83.54096470588236,42.41096470588236,9.480964705882357,0.0,0.0,0.0,2.5,0.0,0.0,0.0,0.0,0.0,2025-05-10_12:00_16:00,4.0,pay_as_bid,85.66,85.66,85.66,85.66,0.0,0.0,0.0,0.0,0.0,0.0,0.0,2.5,44.31702166374417,0.0,0.0,0.0,2.07,6.569318769530714
2025-05-10 16:00:00+02:00,plant_1,2.5,-5.94,32.93,26.99,0.0,2.5,67.26,100.19,0.0,10.0,2.5,2.464,5.96,38.89,83.54096470588236,77.58096470588237,44.65096470588236,191.15949703529415,110.01997703529413,0.0,2.5,0.0,2.464,2.464,0.0,0.0,2025-05-10_16:00_20:00,4.0,pay_as_bid,27.32,27.32,27.32,27.32,0.0,0.0,0.0,0.0,0.0,0.0,0.0,2.5,44.00860030860175,2.464,0.0,2.464,2.0475,6.871571697570291
2025-05-10 16:15:00+02:00,plant_1,2.5,-5.94,32.93,26.99,0.0,2.5,79.09,112.02000000000001,0.0,10.0,2.5,2.5,3.56,36.49,83.54096470588236,79.98096470588236,47.05096470588236,199.9524117647059,117.6274117647059,0.0,2.5,0.0,2.5,11.933,0.0,0.0,2025-05-10_16:00_20:00,4.0,pay_as_bid,27.32,27.32,27.32,27.32,0.0,0.0,0.0,0.0,0.0,0.0,0.0,2.5,43.6642560587981,2.5,0.0,2.5,2.0475,7.209029062377857
2025-05-10 16:30:00+02:00,plant_1,2.5,-5.94,32.93,26.99,0.0,2.5,86.88,119.81,0.0,10.0,2.5,2.5,16.72,49.65,83.54096470588236,66.82096470588236,33.89096470588236,167.0524117647059,84.7274117647059,0.0,2.5,0.0,2.5,6.469,0.0,0.0,2025-05-10_16:00_20:00,4.0,pay_as_bid,27.32,27.32,27.32,27.32,0.0,0.0,0.0,0.0,0.0,0.0,0.0,2.5,43.319997895056915,2.5,0.0,2.5,2.0475,7.546402062844221
2025-05-10 16:45:00+02:00,plant_1,2.5,-5.94,32.93,26.99,0.0,2.5,104.42,137.35,0.0,0.0,0.0,0.0,61.12,94.05,83.54096470588236,22.420964705882362,-10.509035294117638,0.0,0.0,0.0,0.0,0.0,0.0,0.019,0.0,0.0,2025-05-10_16:00_20:00,4.0,pay_as_bid,27.32,27.32,27.32,27.32,0.0,0.0,0.0,0.0,0.0,0.0,0.0,2.5,45.475825795856665,0.0,0.0,0.0,2.0475,5.4336907200604685
2025-05-10 17:00:00+02:00,plant_1,2.5,23.99,32.93,56.92,0.0,2.5,77.57,110.5,0.0,10.0,2.5,0.008,50.13,83.06,83.54096470588236,33.41096470588236,0.4809647058823572,0.2672877176470589,0.0038477176470588575,0.0,2.5,0.0,0.008,0.008,0.0,0.0,2025-05-10_16:00_20:00,4.0,pay_as_bid,27.32,27.32,27.32,27.32,0.0,0.0,0.0,0.0,0.0,0.0,0.0,2.5,47.59944547816217,0.008,0.0,0.008,2.025,3.3525434314010716
2025-05-10 17:15:00+02:00,plant_1,2.5,23.99,32.93,56.92,0.0,2.5,82.88,115.81,0.0,0.0,0.0,0.0,77.95,110.88,83.54096470588236,5.590964705882357,-27.339035294117636,0.0,0.0,0.0,0.0,0.0,0.0,0.0,0.0,0.0,2025-05-10_16:00_20:00,4.0,pay_as_bid,27.32,27.32,27.32,27.32,0.0,0.0,0.0,0.0,0.0,0.0,0.0,2.5,49.7305342555471,0.0,0.0,0.0,2.025,1.2640764295638398
2025-05-10 17:30:00+02:00,plant_1,2.5,23.99,32.93,56.92,0.0,2.5,99.2,132.13,0.0,10.0,2.5,0.016,34.7,67.63,83.54096470588236,48.84096470588236,15.910964705882364,0.7814554352941178,0.2545754352941178,0.0,2.5,0.0,0.016,0.016,0.0,0.0,2025-05-10_16:00_20:00,4.0,pay_as_bid,27.32,27.32,27.32,27.32,0.0,0.0,0.0,0.0,0.0,0.0,0.0,2.5,51.02040816326531,0.016,0.7839428018572447,0.016,1.2410571981427552,0.0
2025-05-10 17:45:00+02:00,plant_1,2.5,23.99,32.93,56.92,0.0,2.5,129.41,162.34,0.0,0.0,0.0,0.0,79.2,112.13,83.54096470588236,4.340964705882357,-28.589035294117636,0.0,0.0,0.0,0.0,0.0,0.0,0.0,0.0,0.0,2025-05-10_16:00_20:00,4.0,pay_as_bid,27.32,27.32,27.32,27.32,0.0,0.0,0.0,0.0,0.0,0.0,0.0,2.5,51.02040816326531,0.0,2.025,0.0,0.0,0.0
2025-05-10 18:00:00+02:00,plant_1,0.0,95.27,32.93,128.2,0.0,0.0,116.01,148.94,0.0,10.0,2.5,0.411,46.08,79.00999999999999,83.54096470588236,37.46096470588236,4.5309647058823685,15.396456494117649,1.8622264941176534,0.0,2.5,0.0,0.411,0.411,0.0,0.0,2025-05-10_16:00_20:00,4.0,pay_as_bid,27.32,27.32,27.32,27.32,0.0,0.0,0.0,0.0,0.0,0.0,0.0,2.5,51.02040816326531,0.411,1.6343034,0.411,0.39069659999999995,0.0
2025-05-10 18:15:00+02:00,plant_1,0.0,95.27,32.93,128.2,0.0,0.0,112.03,144.96,0.0,0.0,0.0,0.0,0.0,32.93,83.54096470588236,83.54096470588236,50.61096470588236,0.0,0.0,0.0,0.0,0.0,0.0,0.0,0.0,0.0,2025-05-10_16:00_20:00,4.0,pay_as_bid,27.32,27.32,27.32,27.32,0.0,0.0,0.0,0.0,0.0,0.0,0.0,2.5,51.02040816326531,0.0,2.025,0.0,0.0,0.0
2025-05-10 18:30:00+02:00,plant_1,0.0,95.27,32.93,128.2,0.0,0.0,112.71,145.64,0.0,0.0,0.0,0.0,0.0,32.93,83.54096470588236,83.54096470588236,50.61096470588236,0.0,0.0,0.0,0.0,0.0,0.0,0.0,0.0,0.0,2025-05-10_16:00_20:00,4.0,pay_as_bid,27.32,27.32,27.32,27.32,0.0,0.0,0.0,0.0,0.0,0.0,0.0,2.5,51.02040816326531,0.0,2.025,0.0,0.0,0.0
2025-05-10 18:45:00+02:00,plant_1,0.0,95.27,32.93,128.2,0.0,0.0,107.33,140.26,0.0,0.0,0.0,0.0,0.0,32.93,83.54096470588236,83.54096470588236,50.61096470588236,0.0,0.0,0.0,0.0,0.0,0.0,0.0,0.0,0.0,2025-05-10_16:00_20:00,4.0,pay_as_bid,27.32,27.32,27.32,27.32,0.0,0.0,0.0,0.0,0.0,0.0,0.0,2.5,51.02040816326531,0.0,2.025,0.0,0.0,0.0
2025-05-10 19:00:00+02:00,plant_1,0.0,124.04,32.93,156.97,0.0,0.0,190.54,223.47,0.0,0.0,0.0,0.0,0.0,32.93,83.54096470588236,83.54096470588236,50.61096470588236,0.0,0.0,0.0,0.0,0.0,0.0,0.0,0.0,0.0,2025-05-10_16:00_20:00,4.0,pay_as_bid,27.32,27.32,27.32,27.32,0.0,0.0,0.0,0.0,0.0,0.0,0.0,2.5,51.02040816326531,0.0,2.025,0.0,0.0,0.0
2025-05-10 19:15:00+02:00,plant_1,0.0,124.04,32.93,156.97,0.0,0.0,111.55,144.48,0.0,0.0,0.0,0.0,0.0,32.93,83.54096470588236,83.54096470588236,50.61096470588236,0.0,0.0,0.0,0.0,0.0,0.0,0.0,0.0,0.0,2025-05-10_16:00_20:00,4.0,pay_as_bid,27.32,27.32,27.32,27.32,0.0,0.0,0.0,0.0,0.0,0.0,0.0,2.5,51.02040816326531,0.0,2.025,0.0,0.0,0.0
2025-05-10 19:30:00+02:00,plant_1,0.0,124.04,32.93,156.97,0.0,0.0,95.09,128.02,0.0,10.0,2.5,0.125,47.46,80.39,83.54096470588236,36.08096470588236,3.150964705882359,4.510120588235295,0.39387058823529486,0.0,2.5,0.0,0.125,0.125,0.0,0.0,2025-05-10_16:00_20:00,4.0,pay_as_bid,27.32,27.32,27.32,27.32,0.0,0.0,0.0,0.0,0.0,0.0,0.0,2.5,51.02040816326531,0.125,1.906175,0.125,0.11882499999999999,0.0
2025-05-10 19:45:00+02:00,plant_1,0.0,124.04,32.93,156.97,0.0,0.0,86.65,119.58000000000001,0.0,0.0,0.0,0.0,76.41,109.34,83.54096470588236,7.130964705882363,-25.799035294117644,0.0,0.0,0.0,0.0,0.0,0.0,0.868,0.0,0.0,2025-05-10_16:00_20:00,4.0,pay_as_bid,27.32,27.32,27.32,27.32,0.0,0.0,0.0,0.0,0.0,0.0,0.0,2.5,51.02040816326531,0.0,2.025,0.0,0.0,0.0
2025-05-10 20:00:00+02:00,plant_1,0.0,163.2,32.93,196.13,0.0,0.0,136.58,169.51000000000002,0.0,0.0,0.0,0.0,0.0,32.93,83.54096470588236,83.54096470588236,50.61096470588236,0.0,0.0,0.0,0.0,0.0,0.0,0.0,0.0,0.0,2025-05-10_20:00_00:00,4.0,pay_as_bid,1.27,1.27,1.27,1.27,0.0,0.0,0.0,0.0,0.0,0.0,0.0,2.5,51.02040816326531,0.0,2.025,0.0,0.0,0.0
2025-05-10 20:15:00+02:00,plant_1,0.0,163.2,32.93,196.13,0.0,0.0,105.03,137.96,0.0,0.0,0.0,0.0,0.0,32.93,83.54096470588236,83.54096470588236,50.61096470588236,0.0,0.0,0.0,0.0,0.0,0.0,0.0,0.0,0.0,2025-05-10_20:00_00:00,4.0,pay_as_bid,1.27,1.27,1.27,1.27,0.0,0.0,0.0,0.0,0.0,0.0,0.0,2.5,51.02040816326531,0.0,2.025,0.0,0.0,0.0
2025-05-10 20:30:00+02:00,plant_1,0.0,163.2,32.93,196.13,0.0,0.0,95.6,128.53,0.0,0.0,0.0,0.0,61.87,94.8,83.54096470588236,21.670964705882362,-11.259035294117638,0.0,0.0,0.0,0.0,0.0,0.0,1.035,0.0,0.0,2025-05-10_20:00_00:00,4.0,pay_as_bid,1.27,1.27,1.27,1.27,0.0,0.0,0.0,0.0,0.0,0.0,0.0,2.5,51.02040816326531,0.0,2.025,0.0,0.0,0.0
2025-05-10 20:45:00+02:00,plant_1,0.0,163.2,32.93,196.13,0.0,0.0,88.88,121.81,0.0,0.0,0.0,0.0,62.45,95.38,83.54096470588236,21.090964705882357,-11.839035294117636,0.0,0.0,0.0,0.0,0.0,0.0,0.329,0.0,0.0,2025-05-10_20:00_00:00,4.0,pay_as_bid,1.27,1.27,1.27,1.27,0.0,0.0,0.0,0.0,0.0,0.0,0.0,2.5,51.02040816326531,0.0,2.025,0.0,0.0,0.0
2025-05-10 21:00:00+02:00,plant_1,0.0,129.49,32.93,162.42000000000002,0.0,0.0,99.35,132.28,0.0,0.0,0.0,0.0,81.86,114.78999999999999,83.54096470588236,1.68096470588236,-31.249035294117633,0.0,0.0,0.0,0.0,0.0,0.0,0.039,0.0,0.0,2025-05-10_20:00_00:00,4.0,pay_as_bid,1.27,1.27,1.27,1.27,0.0,0.0,0.0,0.0,0.0,0.0,0.0,2.5,51.02040816326531,0.0,2.025,0.0,0.0,0.0
2025-05-10 21:15:00+02:00,plant_1,0.0,129.49,32.93,162.42000000000002,0.0,0.0,96.88,129.81,0.0,0.0,0.0,0.0,72.31,105.24000000000001,83.54096470588236,11.230964705882357,-21.69903529411765,0.0,0.0,0.0,0.0,0.0,0.0,0.669,0.0,0.0,2025-05-10_20:00_00:00,4.0,pay_as_bid,1.27,1.27,1.27,1.27,0.0,0.0,0.0,0.0,0.0,0.0,0.0,2.5,51.02040816326531,0.0,2.025,0.0,0.0,0.0
2025-05-10 21:30:00+02:00,plant_1,0.0,129.49,32.93,162.42000000000002,0.0,0.0,95.86,128.79,0.0,0.0,0.0,0.0,58.95,91.88,83.54096470588236,24.590964705882357,-8.339035294117636,0.0,0.0,0.0,0.0,0.0,0.0,0.371,0.0,0.0,2025-05-10_20:00_00:00,4.0,pay_as_bid,1.27,1.27,1.27,1.27,0.0,0.0,0.0,0.0,0.0,0.0,0.0,2.5,51.02040816326531,0.0,2.025,0.0,0.0,0.0
2025-05-10 21:45:00+02:00,plant_1,0.0,129.49,32.93,162.42000000000002,0.0,0.0,88.95,121.88,0.0,10.0,2.5,2.5,41.96,74.89,83.54096470588236,41.58096470588236,8.650964705882359,103.9524117647059,21.627411764705897,0.0,2.5,0.0,2.5,10.026,0.0,0.0,2025-05-10_20:00_00:00,4.0,pay_as_bid,1.27,1.27,1.27,1.27,0.0,0.0,0.0,0.0,0.0,0.0,0.0,2.5,50.65064169997896,2.5,0.0,2.5,2.025,0.3623711340206186
2025-05-10 22:00:00+02:00,plant_1,0.0,107.72,32.93,140.65,0.0,0.0,97.47,130.4,0.0,0.0,0.0,0.0,51.9,84.83,83.54096470588236,31.64096470588236,-1.2890352941176388,0.0,0.0,0.0,0.0,0.0,0.0,4.198,0.0,0.0,2025-05-10_20:00_00:00,4.0,pay_as_bid,1.27,1.27,1.27,1.27,0.0,0.0,0.0,0.0,0.0,0.0,0.0,2.5,51.02040816326531,0.0,1.673587875,0.0,0.351412125,0.0
2025-05-10 22:15:00+02:00,plant_1,0.0,107.72,32.93,140.65,0.0,0.0,97.09,130.02,0.0,0.0,0.0,0.0,77.51,110.44,83.54096470588236,6.030964705882354,-26.89903529411764,0.0,0.0,0.0,0.0,0.0,0.0,0.325,0.0,0.0,2025-05-10_20:00_00:00,4.0,pay_as_bid,1.27,1.27,1.27,1.27,0.0,0.0,0.0,0.0,0.0,0.0,0.0,2.5,51.02040816326531,0.0,2.025,0.0,0.0,0.0
2025-05-10 22:30:00+02:00,plant_1,0.0,107.72,32.93,140.65,0.0,0.0,90.07,123.0,0.0,0.0,0.0,0.0,79.98,112.91,83.54096470588236,3.5609647058823555,-29.369035294117637,0.0,0.0,0.0,0.0,0.0,0.0,0.048,0.0,0.0,2025-05-10_20:00_00:00,4.0,pay_as_bid,1.27,1.27,1.27,1.27,0.0,0.0,0.0,0.0,0.0,0.0,0.0,2.5,51.02040816326531,0.0,2.025,0.0,0.0,0.0
2025-05-10 22:45:00+02:00,plant_1,0.0,107.72,32.93,140.65,0.0,0.0,80.64,113.57,0.0,0.0,0.0,0.0,57.64,90.57,83.54096470588236,25.90096470588236,-7.029035294117634,0.0,0.0,0.0,0.0,0.0,0.0,3.256,0.0,0.0,2025-05-10_20:00_00:00,4.0,pay_as_bid,1.27,1.27,1.27,1.27,0.0,0.0,0.0,0.0,0.0,0.0,0.0,2.5,51.02040816326531,0.0,2.025,0.0,0.0,0.0
2025-05-10 23:00:00+02:00,plant_1,0.0,94.49,32.93,127.41999999999999,0.0,0.0,91.44,124.37,0.0,0.0,0.0,0.0,63.45,96.38,83.54096470588236,20.090964705882357,-12.839035294117636,0.0,0.0,0.0,0.0,0.0,0.0,0.002,0.0,0.0,2025-05-10_20:00_00:00,4.0,pay_as_bid,1.27,1.27,1.27,1.27,0.0,0.0,0.0,0.0,0.0,0.0,0.0,2.5,51.02040816326531,0.0,2.0125,0.0,0.0,0.0
2025-05-10 23:15:00+02:00,plant_1,0.0,94.49,32.93,127.41999999999999,0.0,0.0,86.67,119.6,0.0,0.0,0.0,0.0,71.91,104.84,83.54096470588236,11.630964705882363,-21.299035294117644,0.0,0.0,0.0,0.0,0.0,0.0,0.126,0.0,0.0,2025-05-10_20:00_00:00,4.0,pay_as_bid,1.27,1.27,1.27,1.27,0.0,0.0,0.0,0.0,0.0,0.0,0.0,2.5,51.02040816326531,0.0,2.0125,0.0,0.0,0.0
2025-05-10 23:30:00+02:00,plant_1,0.0,94.49,32.93,127.41999999999999,0.0,0.0,79.37,112.30000000000001,0.0,10.0,2.5,2.5,42.33,75.25999999999999,83.54096470588236,41.21096470588236,8.280964705882369,103.0274117647059,20.70241176470592,0.0,2.5,0.0,2.5,5.016,0.0,0.0,2025-05-10_20:00_00:00,4.0,pay_as_bid,1.27,1.27,1.27,1.27,0.0,0.0,0.0,0.0,0.0,0.0,0.0,2.5,50.637492110246164,2.5,0.0,2.5,2.0125,0.37525773195876244
2025-05-10 23:45:00+02:00,plant_1,0.0,94.49,32.93,127.41999999999999,0.0,0.0,70.97,103.9,0.0,10.0,2.5,2.5,21.88,54.81,83.54096470588236,61.660964705882364,28.730964705882357,154.1524117647059,71.82741176470589,0.0,2.5,0.0,2.5,22.123,0.0,0.0,2025-05-10_20:00_00:00,4.0,pay_as_bid,1.27,1.27,1.27,1.27,0.0,0.0,0.0,0.0,0.0,0.0,0.0,2.5,50.25467178624027,2.5,0.0,2.5,2.0125,0.7504216494845353
2025-05-11 00:00:00+02:00,plant_1,0.0,97.8,32.93,130.73,0.0,0.0,81.72,114.65,0.0,10.0,2.5,2.5,42.24,75.17,83.54096470588236,41.30096470588236,8.370964705882358,103.2524117647059,20.927411764705894,0.0,2.5,0.0,2.5,5.089,0.0,0.0,2025-05-11_00:00_04:00,4.0,pay_as_bid,2.72,2.72,2.72,2.72,0.0,0.0,0.0,0.0,0.0,0.0,0.0,2.5,49.87194716731538,2.5,0.0,2.5,2.0125,1.1254917760309269
2025-05-11 00:15:00+02:00,plant_1,0.0,97.8,32.93,130.73,0.0,0.0,83.31,116.24000000000001,0.0,0.0,0.0,0.0,80.7,113.63,83.54096470588236,2.8409647058823566,-30.089035294117636,0.0,0.0,0.0,0.0,0.0,0.0,0.013,0.0,0.0,2025-05-11_00:00_04:00,4.0,pay_as_bid,2.72,2.72,2.72,2.72,0.0,0.0,0.0,0.0,0.0,0.0,0.0,2.5,51.02040816326531,0.0,0.9210459090056886,0.0,1.0914540909943116,0.0
2025-05-11 00:30:00+02:00,plant_1,0.0,97.8,32.93,130.73,0.0,0.0,85.66,118.59,0.0,0.0,0.0,0.0,68.28,101.21000000000001,83.54096470588236,15.260964705882358,-17.66903529411765,0.0,0.0,0.0,0.0,0.0,0.0,0.586,0.0,0.0,2025-05-11_00:00_04:00,4.0,pay_as_bid,2.72,2.72,2.72,2.72,0.0,0.0,0.0,0.0,0.0,0.0,0.0,2.5,51.02040816326531,0.0,2.0125,0.0,0.0,0.0
2025-05-11 00:45:00+02:00,plant_1,0.0,97.8,32.93,130.73,0.0,0.0,81.76,114.69,0.0,0.0,0.0,0.0,53.09,86.02000000000001,83.54096470588236,30.450964705882356,-2.479035294117651,0.0,0.0,0.0,0.0,0.0,0.0,1.632,0.0,0.0,2025-05-11_00:00_04:00,4.0,pay_as_bid,2.72,2.72,2.72,2.72,0.0,0.0,0.0,0.0,0.0,0.0,0.0,2.5,51.02040816326531,0.0,2.0125,0.0,0.0,0.0
2025-05-11 01:00:00+02:00,plant_1,0.0,95.1,32.93,128.03,0.0,0.0,86.88,119.81,0.0,0.0,0.0,0.0,69.66,102.59,83.54096470588236,13.880964705882363,-19.049035294117644,0.0,0.0,0.0,0.0,0.0,0.0,0.611,0.0,0.0,2025-05-11_00:00_04:00,4.0,pay_as_bid,2.72,2.72,2.72,2.72,0.0,0.0,0.0,0.0,0.0,0.0,0.0,2.5,51.02040816326531,0.0,2.01,0.0,0.0,0.0
2025-05-11 01:15:00+02:00,plant_1,0.0,95.1,32.93,128.03,0.0,0.0,80.88,113.81,0.0,0.0,0.0,0.0,56.15,89.08,83.54096470588236,27.39096470588236,-5.539035294117639,0.0,0.0,0.0,0.0,0.0,0.0,0.601,0.0,0.0,2025-05-11_00:00_04:00,4.0,pay_as_bid,2.72,2.72,2.72,2.72,0.0,0.0,0.0,0.0,0.0,0.0,0.0,2.5,51.02040816326531,0.0,2.01,0.0,0.0,0.0
2025-05-11 01:30:00+02:00,plant_1,0.0,95.1,32.93,128.03,0.0,0.0,81.18,114.11000000000001,0.0,0.0,0.0,0.0,51.35,84.28,83.54096470588236,32.19096470588236,-0.7390352941176417,0.0,0.0,0.0,0.0,0.0,0.0,3.301,0.0,0.0,2025-05-11_00:00_04:00,4.0,pay_as_bid,2.72,2.72,2.72,2.72,0.0,0.0,0.0,0.0,0.0,0.0,0.0,2.5,51.02040816326531,0.0,2.01,0.0,0.0,0.0
2025-05-11 01:45:00+02:00,plant_1,0.0,95.1,32.93,128.03,0.0,0.0,80.86,113.78999999999999,0.0,0.0,0.0,0.0,0.0,32.93,83.54096470588236,83.54096470588236,50.61096470588236,0.0,0.0,0.0,0.0,0.0,0.0,0.0,0.0,0.0,2025-05-11_00:00_04:00,4.0,pay_as_bid,2.72,2.72,2.72,2.72,0.0,0.0,0.0,0.0,0.0,0.0,0.0,2.5,51.02040816326531,0.0,2.01,0.0,0.0,0.0
2025-05-11 02:00:00+02:00,plant_1,0.0,94.51,32.93,127.44,0.0,0.0,86.08,119.00999999999999,0.0,0.0,0.0,0.0,87.14,120.07,83.54096470588236,-3.599035294117641,-36.529035294117634,0.0,0.0,0.0,0.0,0.0,0.0,0.0,0.0,0.0,2025-05-11_00:00_04:00,4.0,pay_as_bid,2.72,2.72,2.72,2.72,0.0,0.0,0.0,0.0,0.0,0.0,0.0,2.5,51.02040816326531,0.0,2.01,0.0,0.0,0.0
2025-05-11 02:15:00+02:00,plant_1,0.0,94.51,32.93,127.44,0.0,0.0,88.6,121.53,0.0,0.0,0.0,0.0,85.89,118.82,83.54096470588236,-2.349035294117641,-35.279035294117634,0.0,0.0,0.0,0.0,0.0,0.0,0.009,0.0,0.0,2025-05-11_00:00_04:00,4.0,pay_as_bid,2.72,2.72,2.72,2.72,0.0,0.0,0.0,0.0,0.0,0.0,0.0,2.5,51.02040816326531,0.0,2.01,0.0,0.0,0.0
2025-05-11 02:30:00+02:00,plant_1,0.0,94.51,32.93,127.44,0.0,0.0,88.28,121.21000000000001,0.0,0.0,0.0,0.0,86.85,119.78,83.54096470588236,-3.309035294117635,-36.23903529411764,0.0,0.0,0.0,0.0,0.0,0.0,0.0,0.0,0.0,2025-05-11_00:00_04:00,4.0,pay_as_bid,2.72,2.72,2.72,2.72,0.0,0.0,0.0,0.0,0.0,0.0,0.0,2.5,51.02040816326531,0.0,2.01,0.0,0.0,0.0
2025-05-11 02:45:00+02:00,plant_1,0.0,94.51,32.93,127.44,0.0,0.0,85.87,118.80000000000001,0.0,0.0,0.0,0.0,0.0,32.93,83.54096470588236,83.54096470588236,50.61096470588236,0.0,0.0,0.0,0.0,0.0,0.0,0.0,0.0,0.0,2025-05-11_00:00_04:00,4.0,pay_as_bid,2.72,2.72,2.72,2.72,0.0,0.0,0.0,0.0,0.0,0.0,0.0,2.5,51.02040816326531,0.0,2.01,0.0,0.0,0.0
2025-05-11 03:00:00+02:00,plant_1,0.0,95.42,32.93,128.35,0.0,0.0,90.96,123.88999999999999,0.0,0.0,0.0,0.0,83.08,116.00999999999999,83.54096470588236,0.46096470588236116,-32.46903529411763,0.0,0.0,0.0,0.0,0.0,0.0,0.002,0.0,0.0,2025-05-11_00:00_04:00,4.0,pay_as_bid,2.72,2.72,2.72,2.72,0.0,0.0,0.0,0.0,0.0,0.0,0.0,2.5,51.02040816326531,0.0,2.01,0.0,0.0,0.0
2025-05-11 03:15:00+02:00,plant_1,0.0,95.42,32.93,128.35,0.0,0.0,91.69,124.62,0.0,10.0,2.5,1.197,34.58,67.50999999999999,83.54096470588236,48.96096470588236,16.03096470588237,58.60627475294119,19.189064752941196,0.0,2.5,0.0,1.197,1.197,0.0,0.0,2025-05-11_00:00_04:00,4.0,pay_as_bid,2.72,2.72,2.72,2.72,0.0,0.0,0.0,0.0,0.0,0.0,0.0,2.5,51.02040816326531,1.197,0.8721318,1.197,1.1378681999999998,0.0
2025-05-11 03:30:00+02:00,plant_1,0.0,95.42,32.93,128.35,0.0,0.0,85.62,118.55000000000001,0.0,10.0,2.5,0.513,33.08,66.00999999999999,83.54096470588236,50.46096470588236,17.53096470588237,25.88647489411765,8.993384894117655,0.0,2.5,0.0,0.513,0.513,0.0,0.0,2025-05-11_00:00_04:00,4.0,pay_as_bid,2.72,2.72,2.72,2.72,0.0,0.0,0.0,0.0,0.0,0.0,0.0,2.5,51.02040816326531,0.513,1.5223421999999998,0.513,0.4876577999999999,0.0
2025-05-11 03:45:00+02:00,plant_1,0.0,95.42,32.93,128.35,0.0,0.0,76.32,109.25,0.0,0.0,0.0,0.0,52.8,85.72999999999999,83.54096470588236,30.740964705882362,-2.1890352941176303,0.0,0.0,0.0,0.0,0.0,0.0,0.038,0.0,0.0,2025-05-11_00:00_04:00,4.0,pay_as_bid,2.72,2.72,2.72,2.72,0.0,0.0,0.0,0.0,0.0,0.0,0.0,2.5,51.02040816326531,0.0,2.01,0.0,0.0,0.0
2025-05-11 04:00:00+02:00,plant_1,0.0,95.39,32.93,128.32,0.0,0.0,94.96,127.88999999999999,0.0,10.0,2.5,0.058,48.63,81.56,83.54096470588236,34.91096470588236,1.9809647058823572,2.024835952941177,0.11489595294117672,0.0,2.5,0.0,0.058,0.058,0.0,0.0,2025-05-11_04:00_08:00,4.0,pay_as_bid,3.93,3.93,3.93,3.93,0.0,0.0,0.0,0.0,0.0,0.0,0.0,2.5,51.02040816326531,0.058,1.9548651999999997,0.058,0.0551348,0.0
2025-05-11 04:15:00+02:00,plant_1,0.0,95.39,32.93,128.32,0.0,0.0,87.64,120.57,0.0,10.0,2.5,2.5,7.06,39.99,83.54096470588236,76.48096470588236,43.55096470588236,191.2024117647059,108.8774117647059,0.0,2.5,0.0,2.5,13.486,0.0,0.0,2025-05-11_04:00_08:00,4.0,pay_as_bid,3.93,3.93,3.93,3.93,0.0,0.0,0.0,0.0,0.0,0.0,0.0,2.5,50.6348621922996,2.5,0.0,2.5,2.01,0.37783505154639174
2025-05-11 04:30:00+02:00,plant_1,0.0,95.39,32.93,128.32,0.0,0.0,79.63,112.56,0.0,10.0,2.5,2.5,7.12,40.05,83.54096470588236,76.42096470588235,43.49096470588236,191.05241176470588,108.7274117647059,0.0,2.5,0.0,2.5,15.025,0.0,0.0,2025-05-11_04:00_08:00,4.0,pay_as_bid,3.93,3.93,3.93,3.93,0.0,0.0,0.0,0.0,0.0,0.0,0.0,2.5,50.24941260782664,2.5,0.0,2.5,2.01,0.7555756443298969
2025-05-11 04:45:00+02:00,plant_1,0.0,95.39,32.93,128.32,0.0,0.0,65.92,98.85,0.0,10.0,2.5,2.5,15.34,48.269999999999996,83.54096470588236,68.20096470588236,35.27096470588236,170.5024117647059,88.17741176470591,0.0,2.5,0.0,2.5,8.834,0.0,0.0,2025-05-11_04:00_08:00,4.0,pay_as_bid,3.93,3.93,3.93,3.93,0.0,0.0,0.0,0.0,0.0,0.0,0.0,2.5,49.86405938574979,2.5,0.0,2.5,2.01,1.133221801965206
2025-05-11 05:00:00+02:00,plant_1,0.0,95.45,32.93,128.38,0.0,0.0,95.31,128.24,0.0,0.0,0.0,0.0,0.0,32.93,83.54096470588236,83.54096470588236,50.61096470588236,0.0,0.0,0.0,0.0,0.0,0.0,0.0,0.0,0.0,2025-05-11_04:00_08:00,4.0,pay_as_bid,3.93,3.93,3.93,3.93,0.0,0.0,0.0,0.0,0.0,0.0,0.0,2.5,51.02040816326531,0.0,0.9110496583807266,0.0,1.0989503416192732,0.0
2025-05-11 05:15:00+02:00,plant_1,0.0,95.45,32.93,128.38,0.0,0.0,88.31,121.24000000000001,0.0,0.0,0.0,0.0,0.0,32.93,83.54096470588236,83.54096470588236,50.61096470588236,0.0,0.0,0.0,0.0,0.0,0.0,0.0,0.0,0.0,2025-05-11_04:00_08:00,4.0,pay_as_bid,3.93,3.93,3.93,3.93,0.0,0.0,0.0,0.0,0.0,0.0,0.0,2.5,51.02040816326531,0.0,2.01,0.0,0.0,0.0
2025-05-11 05:30:00+02:00,plant_1,0.0,95.45,32.93,128.38,0.0,0.0,81.5,114.43,0.0,0.0,0.0,0.0,0.0,32.93,83.54096470588236,83.54096470588236,50.61096470588236,0.0,0.0,0.0,0.0,0.0,0.0,0.0,0.0,0.0,2025-05-11_04:00_08:00,4.0,pay_as_bid,3.93,3.93,3.93,3.93,0.0,0.0,0.0,0.0,0.0,0.0,0.0,2.5,51.02040816326531,0.0,2.01,0.0,0.0,0.0
2025-05-11 05:45:00+02:00,plant_1,0.0,95.45,32.93,128.38,0.0,0.0,60.81,93.74000000000001,0.0,0.0,0.0,0.0,85.83,118.75999999999999,83.54096470588236,-2.289035294117639,-35.21903529411763,0.0,0.0,0.0,0.0,0.0,0.0,0.0,0.0,0.0,2025-05-11_04:00_08:00,4.0,pay_as_bid,3.93,3.93,3.93,3.93,0.0,0.0,0.0,0.0,0.0,0.0,0.0,2.5,51.02040816326531,0.0,2.01,0.0,0.0,0.0
2025-05-11 06:00:00+02:00,plant_1,0.0,87.61,32.93,120.53999999999999,0.0,0.0,76.67,109.6,0.0,0.0,0.0,0.0,0.0,32.93,83.54096470588236,83.54096470588236,50.61096470588236,0.0,0.0,0.0,0.0,0.0,0.0,0.0,0.0,0.0,2025-05-11_04:00_08:00,4.0,pay_as_bid,3.93,3.93,3.93,3.93,0.0,0.0,0.0,0.0,0.0,0.0,0.0,2.5,51.02040816326531,0.0,2.01,0.0,0.0,0.0
2025-05-11 06:15:00+02:00,plant_1,0.0,87.61,32.93,120.53999999999999,2.5,0.0,47.71,80.64,2.5,0.0,0.0,0.0,69.6,102.53,83.54096470588236,13.940964705882365,-18.98903529411764,0.0,0.0,0.0,0.0,0.0,0.0,0.022,0.0,0.0,2025-05-11_04:00_08:00,4.0,pay_as_bid,3.93,3.93,3.93,3.93,0.0,0.0,0.0,0.0,0.0,0.0,0.0,0.0,50.6348621922996,2.5,0.0,2.5,2.01,0.37783505154639174
2025-05-11 06:30:00+02:00,plant_1,0.0,87.61,32.93,120.53999999999999,2.5,0.0,8.21,41.14,2.5,0.0,0.0,0.0,84.35,117.28,83.54096470588236,-0.8090352941176349,-33.73903529411764,0.0,0.0,0.0,0.0,0.0,0.0,0.021,0.0,0.0,2025-05-11_04:00_08:00,4.0,pay_as_bid,3.93,3.93,3.93,3.93,0.0,0.0,0.0,0.0,0.0,0.0,0.0,0.0,50.24941260782664,2.5,0.0,2.5,2.01,0.7555756443298969
2025-05-11 06:45:00+02:00,plant_1,0.0,87.61,32.93,120.53999999999999,2.5,0.0,-10.41,22.52,2.5,0.0,0.0,0.0,0.0,32.93,83.54096470588236,83.54096470588236,50.61096470588236,0.0,0.0,0.0,0.0,0.0,0.0,0.0,0.0,0.0,2025-05-11_04:00_08:00,4.0,pay_as_bid,3.93,3.93,3.93,3.93,0.0,0.0,0.0,0.0,0.0,0.0,0.0,0.0,49.86405938574979,2.5,0.0,2.5,2.01,1.133221801965206
2025-05-11 07:00:00+02:00,plant_1,0.0,65.76,32.93,98.69,0.0,0.0,58.85,91.78,0.0,0.0,0.0,0.0,0.0,32.93,83.54096470588236,83.54096470588236,50.61096470588236,0.0,0.0,0.0,0.0,0.0,0.0,0.0,0.0,0.0,2025-05-11_04:00_08:00,4.0,pay_as_bid,3.93,3.93,3.93,3.93,0.0,0.0,0.0,0.0,0.0,0.0,0.0,2.5,51.02040816326531,0.0,0.9435496583807268,0.0,1.0989503416192732,0.0
2025-05-11 07:15:00+02:00,plant_1,0.0,65.76,32.93,98.69,2.5,0.0,27.35,60.28,2.5,0.0,0.0,0.0,0.0,32.93,83.54096470588236,83.54096470588236,50.61096470588236,0.0,0.0,0.0,0.0,0.0,0.0,0.0,0.0,0.0,2025-05-11_04:00_08:00,4.0,pay_as_bid,3.93,3.93,3.93,3.93,0.0,0.0,0.0,0.0,0.0,0.0,0.0,0.0,50.66905112560488,2.5,0.0,2.5,2.0425,0.3443298969072166
2025-05-11 07:30:00+02:00,plant_1,0.0,65.76,32.93,98.69,2.5,0.0,-1.86,31.07,2.5,0.0,0.0,0.0,41.81,74.74000000000001,83.54096470588236,41.73096470588236,8.80096470588235,0.0,0.0,0.0,0.0,0.0,0.0,0.0,0.0,0.0,2025-05-11_04:00_08:00,4.0,pay_as_bid,3.93,3.93,3.93,3.93,0.0,0.0,0.0,0.0,0.0,0.0,0.0,0.0,50.317781927203875,2.5,0.0,2.5,2.0425,0.6885737113402064
2025-05-11 07:45:00+02:00,plant_1,0.0,65.76,32.93,98.69,2.5,0.0,-8.48,24.45,2.5,0.0,0.0,0.0,19.57,52.5,83.54096470588236,63.97096470588236,31.04096470588236,0.0,0.0,0.0,0.0,0.0,0.0,1.036,0.0,0.0,2025-05-11_04:00_08:00,4.0,pay_as_bid,3.93,3.93,3.93,3.93,0.0,0.0,0.0,0.0,0.0,0.0,0.0,0.0,49.96660054610246,2.5,0.0,2.5,2.0425,1.032731464819588
2025-05-11 08:00:00+02:00,plant_1,0.0,4.96,32.93,37.89,0.0,0.0,2.37,35.3,0.0,10.0,2.5,0.695,29.5,62.43,83.54096470588236,54.04096470588236,21.11096470588236,37.55847047058824,14.672120470588238,2.5,0.0,0.695,0.0,0.695,0.0,0.0,2025-05-11_08:00_12:00,4.0,pay_as_bid,78.09,78.09,78.09,78.09,10.0,2.5,195.22500000000002,163.4711617647059,0.0,31.753838235294126,2.5,2.5,51.02040816326531,0.695,0.4028339165052186,0.695,1.6621660834947813,0.0
2025-05-11 08:15:00+02:00,plant_1,0.0,4.96,32.93,37.89,0.0,0.0,-1.94,30.99,0.0,10.0,2.5,1.082,10.1,43.03,83.54096470588236,73.44096470588237,40.51096470588236,79.46312381176473,43.83286381176472,2.5,0.0,1.082,0.0,1.082,0.0,0.0,2025-05-11_08:00_12:00,4.0,pay_as_bid,78.09,78.09,78.09,78.09,10.0,2.5,195.22500000000002,163.4711617647059,0.0,31.753838235294126,2.5,2.5,51.02040816326531,1.082,1.0364508000000001,1.082,1.0285491999999998,0.0
2025-05-11 08:30:00+02:00,plant_1,0.0,4.96,32.93,37.89,0.0,0.0,-5.86,27.07,0.0,10.0,2.5,1.95,4.43,37.36,83.54096470588236,79.11096470588237,46.18096470588236,154.26638117647062,90.0528811764706,2.5,0.0,1.95,0.0,1.95,0.0,0.0,2025-05-11_08:00_12:00,4.0,pay_as_bid,78.09,78.09,78.09,78.09,10.0,2.5,195.22500000000002,163.4711617647059,0.0,31.753838235294126,2.5,2.5,51.02040816326531,1.95,0.21133000000000024,1.95,1.85367,0.0
2025-05-11 08:45:00+02:00,plant_1,0.0,4.96,32.93,37.89,0.0,0.0,-15.44,17.490000000000002,0.0,10.0,2.5,1.492,9.55,42.480000000000004,83.54096470588236,73.99096470588236,41.060964705882355,110.39451934117649,61.262959341176476,2.5,0.0,1.492,0.0,1.492,0.0,0.0,2025-05-11_08:00_12:00,4.0,pay_as_bid,78.09,78.09,78.09,78.09,10.0,2.5,195.22500000000002,163.4711617647059,0.0,31.753838235294126,2.5,2.5,51.02040816326531,1.492,0.6467048000000002,1.492,1.4182951999999998,0.0
2025-05-11 09:00:00+02:00,plant_1,0.0,-0.1,32.93,32.83,0.0,0.0,-2.96,29.97,0.0,10.0,2.5,0.639,22.08,55.01,83.54096470588236,61.46096470588236,28.53096470588236,39.27355644705883,18.231286447058828,2.5,0.0,0.639,0.0,0.639,0.0,0.0,2025-05-11_08:00_12:00,4.0,pay_as_bid,78.09,78.09,78.09,78.09,10.0,2.5,195.22500000000002,163.4711617647059,0.0,31.753838235294126,2.5,2.5,51.02040816326531,0.639,1.4900666000000002,0.639,0.6074333999999999,0.0
2025-05-11 09:15:00+02:00,plant_1,0.0,-0.1,32.93,32.83,0.0,0.0,-7.65,25.28,0.0,10.0,2.5,0.347,15.4,48.33,83.54096470588236,68.14096470588235,35.21096470588236,23.644914752941176,12.218204752941178,2.5,0.0,0.347,0.0,0.347,0.0,0.0,2025-05-11_08:00_12:00,4.0,pay_as_bid,78.09,78.09,78.09,78.09,10.0,2.5,195.22500000000002,163.4711617647059,0.0,31.753838235294126,2.5,2.5,51.02040816326531,0.347,1.7676418000000003,0.347,0.32985819999999993,0.0
2025-05-11 09:30:00+02:00,plant_1,0.0,-0.1,32.93,32.83,0.0,0.0,-20.21,12.719999999999999,0.0,10.0,2.5,1.107,0.4,33.33,83.54096470588236,83.14096470588235,50.21096470588236,92.03704792941177,55.583537929411776,2.5,0.0,1.107,0.0,1.107,0.0,0.0,2025-05-11_08:00_12:00,4.0,pay_as_bid,78.09,78.09,78.09,78.09,10.0,2.5,195.22500000000002,163.4711617647059,0.0,31.753838235294126,2.5,2.5,51.02040816326531,1.107,1.0451858000000003,1.107,1.0523141999999999,0.0
2025-05-11 09:45:00+02:00,plant_1,0.0,-0.1,32.93,32.83,0.0,0.0,-57.92,-24.990000000000002,0.0,10.0,2.5,1.748,0.19,33.12,83.54096470588236,83.35096470588236,50.42096470588236,145.69748630588236,88.13584630588237,2.5,0.0,1.748,0.0,1.748,0.0,0.0,2025-05-11_08:00_12:00,4.0,pay_as_bid,78.09,78.09,78.09,78.09,10.0,2.5,195.22500000000002,163.4711617647059,0.0,31.753838235294126,2.5,2.5,51.02040816326531,1.748,0.43585120000000055,1.748,1.6616487999999998,0.0
2025-05-11 10:00:00+02:00,plant_1,0.0,-12.02,32.93,20.91,0.0,0.0,-49.62,-16.689999999999998,0.0,10.0,2.5,0.606,12.34,45.269999999999996,83.54096470588236,71.20096470588236,38.27096470588236,43.147784611764706,23.192204611764712,2.5,0.0,0.606,0.0,0.606,0.0,0.0,2025-05-11_08:00_12:00,4.0,pay_as_bid,78.09,78.09,78.09,78.09,10.0,2.5,195.22500000000002,163.4711617647059,0.0,31.753838235294126,2.5,2.5,51.02040816326531,0.606,1.5214364000000002,0.606,0.5760635999999999,0.0
2025-05-11 10:15:00+02:00,plant_1,0.0,-12.02,32.93,20.91,0.0,0.0,-98.42,-65.49000000000001,0.0,10.0,2.5,2.031,-6.29,26.64,83.54096470588236,89.83096470588237,56.90096470588236,182.4466893176471,115.56585931764708,2.5,0.0,2.031,0.0,2.031,0.0,0.0,2025-05-11_08:00_12:00,4.0,pay_as_bid,78.09,78.09,78.09,78.09,10.0,2.5,195.22500000000002,163.4711617647059,0.0,31.753838235294126,2.5,2.5,51.02040816326531,2.031,0.1668314000000004,2.031,1.9306685999999997,0.0
2025-05-11 10:30:00+02:00,plant_1,0.0,-12.02,32.93,20.91,0.0,0.0,-113.86,-80.93,0.0,10.0,2.5,2.5,-29.84,3.09,83.54096470588236,113.38096470588236,80.45096470588236,283.4524117647059,201.1274117647059,2.5,0.0,2.5,0.0,7.146,0.0,0.0,2025-05-11_08:00_12:00,4.0,pay_as_bid,78.09,78.09,78.09,78.09,10.0,2.5,195.22500000000002,163.4711617647059,0.0,31.753838235294126,2.5,2.5,50.72690932042921,2.5,0.0,2.5,2.0975,0.2876288659793813
2025-05-11 10:45:00+02:00,plant_1,0.0,-12.02,32.93,20.91,0.0,0.0,-169.76,-136.82999999999998,0.0,10.0,2.5,2.5,-72.67,-39.74,83.54096470588236,156.21096470588236,123.28096470588235,390.5274117647059,308.20241176470586,2.5,0.0,2.5,0.0,15.959,0.0,0.0,2025-05-11_08:00_12:00,4.0,pay_as_bid,78.09,78.09,78.09,78.09,10.0,2.5,195.22500000000002,163.4711617647059,0.0,31.753838235294126,2.5,2.5,50.43348385230381,2.5,0.0,2.5,2.0975,0.5751858247422678
2025-05-11 11:00:00+02:00,plant_1,0.0,-51.95,32.93,-19.020000000000003,0.0,0.0,-149.59,-116.66,0.0,10.0,2.5,2.5,22.56,55.489999999999995,83.54096470588236,60.98096470588236,28.050964705882365,152.4524117647059,70.12741176470591,2.5,0.0,2.5,0.0,3.095,0.0,0.0,2025-05-11_08:00_12:00,4.0,pay_as_bid,78.09,78.09,78.09,78.09,10.0,2.5,195.22500000000002,163.4711617647059,0.0,31.753838235294126,2.5,2.5,50.14013174054545,2.5,0.0,2.5,2.0975,0.8626708942654635
2025-05-11 11:15:00+02:00,plant_1,0.0,-51.95,32.93,-19.020000000000003,0.0,0.0,-163.24,-130.31,0.0,10.0,2.5,2.5,-45.47,-12.54,83.54096470588236,129.01096470588237,96.08096470588237,322.5274117647059,240.20241176470591,2.5,0.0,2.5,0.0,13.594,0.0,0.0,2025-05-11_08:00_12:00,4.0,pay_as_bid,78.09,78.09,78.09,78.09,10.0,2.5,195.22500000000002,163.4711617647059,0.0,31.753838235294126,2.5,2.5,49.84685296681503,2.5,0.0,2.5,2.0975,1.1500840925212785
2025-05-11 11:30:00+02:00,plant_1,0.0,-51.95,32.93,-19.020000000000003,0.0,0.0,-164.51,-131.57999999999998,0.0,10.0,2.5,2.5,-104.42,-71.49000000000001,83.54096470588236,187.96096470588236,155.03096470588235,469.9024117647059,387.57741176470586,2.5,0.0,2.5,0.0,39.862,0.0,0.0,2025-05-11_08:00_12:00,4.0,pay_as_bid,78.09,78.09,78.09,78.09,10.0,2.5,195.22500000000002,163.4711617647059,0.0,31.753838235294126,2.5,2.5,49.553647512778035,2.5,0.0,2.5,2.0975,1.4374254374775295
2025-05-11 11:45:00+02:00,plant_1,0.0,-51.95,32.93,-19.020000000000003,0.0,0.0,-165.76,-132.82999999999998,0.0,10.0,2.5,2.5,-87.17,-54.24,83.54096470588236,170.71096470588236,137.78096470588235,426.7774117647059,344.45241176470586,2.5,0.0,2.5,0.0,27.343,0.0,0.0,2025-05-11_08:00_12:00,4.0,pay_as_bid,78.09,78.09,78.09,78.09,10.0,2.5,195.22500000000002,163.4711617647059,0.0,31.753838235294126,2.5,2.5,49.260515360104556,2.5,0.0,2.5,2.0975,1.7246949470975415
2025-05-11 12:00:00+02:00,plant_1,2.5,-212.82,32.93,-179.89,0.0,0.0,-210.76,-177.82999999999998,2.5,0.0,0.0,0.0,-108.91,-75.97999999999999,83.54096470588236,192.45096470588237,159.52096470588236,0.0,0.0,0.0,0.0,0.0,0.0,43.908,0.0,0.0,2025-05-11_12:00_16:00,4.0,pay_as_bid,169.98,169.98,169.98,169.98,0.0,0.0,0.0,0.0,0.0,0.0,0.0,0.0,48.96745649046924,2.5,0.0,2.5,2.0975,2.0118926393401484
2025-05-11 12:15:00+02:00,plant_1,2.5,-212.82,32.93,-179.89,0.0,0.0,-136.93,-104.0,2.5,0.0,0.0,0.0,-126.23,-93.30000000000001,83.54096470588236,209.77096470588236,176.84096470588236,0.0,0.0,0.0,0.0,0.0,0.0,62.716,0.0,0.0,2025-05-11_12:00_16:00,4.0,pay_as_bid,169.98,169.98,169.98,169.98,0.0,0.0,0.0,0.0,0.0,0.0,0.0,0.0,48.67447088555134,2.5,0.0,2.5,2.0975,2.2990185321596948
2025-05-11 12:30:00+02:00,plant_1,2.5,-212.82,32.93,-179.89,0.0,0.0,-91.14,-58.21,2.5,0.0,0.0,0.0,-125.78,-92.85,83.54096470588236,209.32096470588237,176.39096470588237,0.0,0.0,0.0,0.0,0.0,0.0,47.814,0.0,0.0,2025-05-11_12:00_16:00,4.0,pay_as_bid,169.98,169.98,169.98,169.98,0.0,0.0,0.0,0.0,0.0,0.0,0.0,0.0,48.381558527034656,2.5,0.0,2.5,2.0975,2.586072643506036
2025-05-11 12:45:00+02:00,plant_1,2.5,-212.82,32.93,-179.89,0.0,0.0,-63.92,-30.990000000000002,2.5,0.0,0.0,0.0,-179.59,-146.66,83.54096470588236,263.1309647058824,230.20096470588237,0.0,0.0,0.0,0.0,0.0,0.0,177.294,0.0,0.0,2025-05-11_12:00_16:00,4.0,pay_as_bid,169.98,169.98,169.98,169.98,0.0,0.0,0.0,0.0,0.0,0.0,0.0,0.0,48.08871939660761,2.5,0.0,2.5,2.0975,2.873054991324541
2025-05-11 13:00:00+02:00,plant_1,2.5,-250.32,32.93,-217.39,0.0,0.0,-89.37,-56.440000000000005,2.5,0.0,0.0,0.0,-79.14,-46.21,83.54096470588236,162.68096470588236,129.75096470588235,0.0,0.0,0.0,0.0,0.0,0.0,33.677,0.0,0.0,2025-05-11_12:00_16:00,4.0,pay_as_bid,169.98,169.98,169.98,169.98,0.0,0.0,0.0,0.0,0.0,0.0,0.0,0.0,47.79595347596317,2.5,0.0,2.5,2.0975,3.159965593556091
2025-05-11 13:15:00+02:00,plant_1,2.5,-250.32,32.93,-217.39,0.0,0.0,-49.3,-16.369999999999997,2.5,0.0,0.0,0.0,-56.72,-23.79,83.54096470588236,140.26096470588237,107.33096470588237,0.0,0.0,0.0,0.0,0.0,0.0,78.595,0.0,0.0,2025-05-11_12:00_16:00,4.0,pay_as_bid,169.98,169.98,169.98,169.98,0.0,0.0,0.0,0.0,0.0,0.0,0.0,0.0,47.5032607467989,2.5,0.0,2.5,2.0975,3.4468044681370835
2025-05-11 13:30:00+02:00,plant_1,2.5,-250.32,32.93,-217.39,0.0,0.0,-11.5,21.43,2.5,0.0,0.0,0.0,-71.53,-38.6,83.54096470588236,155.07096470588237,122.14096470588237,0.0,0.0,0.0,0.0,0.0,0.0,142.379,0.0,0.0,2025-05-11_12:00_16:00,4.0,pay_as_bid,169.98,169.98,169.98,169.98,0.0,0.0,0.0,0.0,0.0,0.0,0.0,0.0,47.21064119081691,2.5,0.0,2.5,2.0975,3.7335716329994306
2025-05-11 13:45:00+02:00,plant_1,2.5,-250.32,32.93,-217.39,0.0,0.0,-6.84,26.09,2.5,0.0,0.0,0.0,-66.85,-33.919999999999995,83.54096470588236,150.39096470588237,117.46096470588236,0.0,0.0,0.0,0.0,0.0,0.0,149.242,0.0,0.0,2025-05-11_12:00_16:00,4.0,pay_as_bid,169.98,169.98,169.98,169.98,0.0,0.0,0.0,0.0,0.0,0.0,0.0,0.0,46.91809478972392,2.5,0.0,2.5,2.0975,4.020267106070563
2025-05-11 14:00:00+02:00,plant_1,2.5,-230.98,32.93,-198.04999999999998,0.0,0.0,-40.69,-7.759999999999998,2.5,0.0,0.0,0.0,-52.96,-20.03,83.54096470588236,136.50096470588235,103.57096470588236,0.0,0.0,0.0,0.0,0.0,0.0,86.614,0.0,0.0,2025-05-11_12:00_16:00,4.0,pay_as_bid,169.98,169.98,169.98,169.98,0.0,0.0,0.0,0.0,0.0,0.0,0.0,0.0,46.625621525231196,2.5,0.0,2.5,2.0975,4.306890905273426
2025-05-11 14:15:00+02:00,plant_1,2.5,-230.98,32.93,-198.04999999999998,0.0,0.0,-10.82,22.11,2.5,0.0,0.0,0.0,-32.29,0.6400000000000006,83.54096470588236,115.83096470588237,82.90096470588236,0.0,0.0,0.0,0.0,0.0,0.0,41.322,0.0,0.0,2025-05-11_12:00_16:00,4.0,pay_as_bid,169.98,169.98,169.98,169.98,0.0,0.0,0.0,0.0,0.0,0.0,0.0,0.0,46.333221379054606,2.5,0.0,2.5,2.0975,4.593443048526489
2025-05-11 14:30:00+02:00,plant_1,2.5,-230.98,32.93,-198.04999999999998,0.0,0.0,-0.78,32.15,2.5,0.0,0.0,0.0,-18.38,14.55,83.54096470588236,101.92096470588235,68.99096470588236,0.0,0.0,0.0,0.0,0.0,0.0,5.946,0.0,0.0,2025-05-11_12:00_16:00,4.0,pay_as_bid,169.98,169.98,169.98,169.98,0.0,0.0,0.0,0.0,0.0,0.0,0.0,0.0,46.040894332914554,2.5,0.0,2.5,2.0975,4.879923553743739
2025-05-11 14:45:00+02:00,plant_1,2.5,-230.98,32.93,-198.04999999999998,0.0,0.0,1.71,34.64,2.5,0.0,0.0,0.0,-34.84,-1.9100000000000037,83.54096470588236,118.38096470588236,85.45096470588237,0.0,0.0,0.0,0.0,0.0,0.0,60.331,0.0,0.0,2025-05-11_12:00_16:00,4.0,pay_as_bid,169.98,169.98,169.98,169.98,0.0,0.0,0.0,0.0,0.0,0.0,0.0,0.0,45.74864036853604,2.5,0.0,2.5,2.0975,5.166332438834684
2025-05-11 15:00:00+02:00,plant_1,2.5,-110.06,32.93,-77.13,0.0,0.0,-10.56,22.369999999999997,2.5,0.0,0.0,0.0,35.85,68.78,83.54096470588236,47.69096470588236,14.760964705882358,0.0,0.0,0.0,0.0,0.0,0.0,0.683,0.0,0.0,2025-05-11_12:00_16:00,4.0,pay_as_bid,169.98,169.98,169.98,169.98,0.0,0.0,0.0,0.0,0.0,0.0,0.0,0.0,45.42227053434333,2.5,0.0,2.5,2.065,5.486174876343533
2025-05-11 15:15:00+02:00,plant_1,2.5,-110.06,32.93,-77.13,0.0,0.0,-5.84,27.09,2.5,0.0,0.0,0.0,6.74,39.67,83.54096470588236,76.80096470588236,43.87096470588236,0.0,0.0,0.0,0.0,0.0,0.0,17.416,0.0,0.0,2025-05-11_12:00_16:00,4.0,pay_as_bid,169.98,169.98,169.98,169.98,0.0,0.0,0.0,0.0,0.0,0.0,0.0,0.0,45.09598229260918,2.5,0.0,2.5,2.065,5.805937353243005
2025-05-11 15:30:00+02:00,plant_1,2.5,-110.06,32.93,-77.13,0.0,0.0,36.97,69.9,2.5,0.0,0.0,0.0,-11.19,21.740000000000002,83.54096470588236,94.73096470588236,61.80096470588236,0.0,0.0,0.0,0.0,0.0,0.0,22.225,0.0,0.0,2025-05-11_12:00_16:00,4.0,pay_as_bid,169.98,169.98,169.98,169.98,0.0,0.0,0.0,0.0,0.0,0.0,0.0,0.0,44.76977562293546,2.5,0.0,2.5,2.065,6.125619889523252
2025-05-11 15:45:00+02:00,plant_1,2.5,-110.06,32.93,-77.13,0.0,2.5,76.46,109.38999999999999,0.0,10.0,2.5,2.5,-17.28,15.649999999999999,83.54096470588236,100.82096470588236,67.89096470588237,252.0524117647059,169.72741176470592,0.0,2.5,0.0,2.5,11.05,0.0,0.0,2025-05-11_12:00_16:00,4.0,pay_as_bid,169.98,169.98,169.98,169.98,0.0,0.0,0.0,0.0,0.0,0.0,0.0,2.5,44.44365050492916,2.5,0.0,2.5,2.065,6.445222505169427
2025-05-11 16:00:00+02:00,plant_1,0.0,-18.52,32.93,14.41,0.0,0.0,46.37,79.3,0.0,10.0,2.5,0.017,34.14,67.07,83.54096470588236,49.40096470588236,16.470964705882366,0.8398164000000001,0.28000640000000027,2.5,0.0,0.017,0.0,0.017,0.0,0.0,2025-05-11_16:00_20:00,4.0,pay_as_bid,37.0,37.0,37.0,37.0,10.0,2.5,92.5,74.88870588235295,0.0,17.61129411764705,2.5,2.5,46.57693765668331,0.017,0.0,0.017,2.0425,4.354601096450352
2025-05-11 16:15:00+02:00,plant_1,0.0,-18.52,32.93,14.41,0.0,0.0,63.08,96.00999999999999,0.0,10.0,2.5,2.5,-26.04,6.890000000000001,83.54096470588236,109.58096470588237,76.65096470588236,273.9524117647059,191.6274117647059,2.5,0.0,2.5,0.0,13.692,0.0,0.0,2025-05-11_16:00_20:00,4.0,pay_as_bid,37.0,37.0,37.0,37.0,10.0,2.5,92.5,74.88870588235295,0.0,17.61129411764705,2.5,2.5,46.226691486649536,2.5,0.0,2.5,2.0425,4.697842343083456
2025-05-11 16:30:00+02:00,plant_1,0.0,-18.52,32.93,14.41,0.0,0.0,85.45,118.38,0.0,10.0,2.5,0.0,64.1,97.03,83.54096470588236,19.440964705882365,-13.489035294117642,0.0,0.0,2.5,0.0,0.0,0.0,0.0,0.0,0.0,2025-05-11_16:00_20:00,4.0,pay_as_bid,37.0,37.0,37.0,37.0,10.0,2.5,92.5,74.88870588235295,0.0,17.61129411764705,2.5,2.5,48.376532878158265,0.0,0.0,0.0,2.0425,2.5909977794049017
2025-05-11 16:45:00+02:00,plant_1,0.0,-18.52,32.93,14.41,0.0,0.0,99.52,132.45,0.0,10.0,2.5,0.0,0.0,32.93,83.54096470588236,83.54096470588236,50.61096470588236,0.0,0.0,2.5,0.0,0.0,0.0,0.0,0.0,0.0,2025-05-11_16:00_20:00,4.0,pay_as_bid,37.0,37.0,37.0,37.0,10.0,2.5,92.5,74.88870588235295,0.0,17.61129411764705,2.5,2.5,50.52583680931912,0.0,0.0,0.0,2.0425,0.4846799268672668
2025-05-11 17:00:00+02:00,plant_1,0.0,-0.08,32.93,32.85,0.0,0.0,85.0,117.93,0.0,10.0,2.5,0.0,17.18,50.11,83.54096470588236,66.36096470588237,33.43096470588236,0.0,0.0,2.5,0.0,0.0,0.0,0.0,0.0,0.0,2025-05-11_16:00_20:00,4.0,pay_as_bid,37.0,37.0,37.0,37.0,10.0,2.5,92.5,74.88870588235295,0.0,17.61129411764705,2.5,2.5,51.02040816326531,0.0,1.5499780058210166,0.0,0.47002199417898344,0.0
2025-05-11 17:15:00+02:00,plant_1,0.0,-0.08,32.93,32.85,0.0,0.0,91.64,124.57,0.0,10.0,2.5,2.5,-3.52,29.41,83.54096470588236,87.06096470588236,54.13096470588236,217.6524117647059,135.32741176470591,2.5,0.0,2.5,0.0,3.51,0.0,0.0,2025-05-11_16:00_20:00,4.0,pay_as_bid,37.0,37.0,37.0,37.0,10.0,2.5,92.5,74.88870588235295,0.0,17.61129411764705,2.5,2.5,50.64538186408584,2.5,0.0,2.5,2.02,0.3675257731958763
2025-05-11 17:30:00+02:00,plant_1,0.0,-0.08,32.93,32.85,0.0,0.0,107.84,140.77,0.0,10.0,2.5,0.0,87.4,120.33000000000001,83.54096470588236,-3.8590352941176462,-36.78903529411765,0.0,0.0,2.5,0.0,0.0,0.0,0.0,0.0,0.0,2025-05-11_16:00_20:00,4.0,pay_as_bid,37.0,37.0,37.0,37.0,10.0,2.5,92.5,74.88870588235295,0.0,17.61129411764705,2.5,2.5,51.02040816326531,0.0,1.6635891250000001,0.0,0.35641087499999996,0.0
2025-05-11 17:45:00+02:00,plant_1,0.0,-0.08,32.93,32.85,0.0,0.0,134.96,167.89000000000001,0.0,10.0,2.5,0.0,0.0,32.93,83.54096470588236,83.54096470588236,50.61096470588236,0.0,0.0,2.5,0.0,0.0,0.0,0.0,0.0,0.0,2025-05-11_16:00_20:00,4.0,pay_as_bid,37.0,37.0,37.0,37.0,10.0,2.5,92.5,74.88870588235295,0.0,17.61129411764705,2.5,2.5,51.02040816326531,0.0,2.02,0.0,0.0,0.0
2025-05-11 18:00:00+02:00,plant_1,0.0,85.96,32.93,118.88999999999999,0.0,0.0,123.68,156.61,0.0,10.0,2.5,0.0,0.0,32.93,83.54096470588236,83.54096470588236,50.61096470588236,0.0,0.0,2.5,0.0,0.0,0.0,0.0,0.0,0.0,2025-05-11_16:00_20:00,4.0,pay_as_bid,37.0,37.0,37.0,37.0,10.0,2.5,92.5,74.88870588235295,0.0,17.61129411764705,2.5,2.5,51.02040816326531,0.0,2.02,0.0,0.0,0.0
2025-05-11 18:15:00+02:00,plant_1,0.0,85.96,32.93,118.88999999999999,0.0,0.0,162.15,195.08,0.0,10.0,2.5,0.0,0.0,32.93,83.54096470588236,83.54096470588236,50.61096470588236,0.0,0.0,2.5,0.0,0.0,0.0,0.0,0.0,0.0,2025-05-11_16:00_20:00,4.0,pay_as_bid,37.0,37.0,37.0,37.0,10.0,2.5,92.5,74.88870588235295,0.0,17.61129411764705,2.5,2.5,51.02040816326531,0.0,2.02,0.0,0.0,0.0
2025-05-11 18:30:00+02:00,plant_1,0.0,85.96,32.93,118.88999999999999,0.0,0.0,131.61,164.54000000000002,0.0,10.0,2.5,0.0,0.0,32.93,83.54096470588236,83.54096470588236,50.61096470588236,0.0,0.0,2.5,0.0,0.0,0.0,0.0,0.0,0.0,2025-05-11_16:00_20:00,4.0,pay_as_bid,37.0,37.0,37.0,37.0,10.0,2.5,92.5,74.88870588235295,0.0,17.61129411764705,2.5,2.5,51.02040816326531,0.0,2.02,0.0,0.0,0.0
2025-05-11 18:45:00+02:00,plant_1,0.0,85.96,32.93,118.88999999999999,0.0,0.0,121.89,154.82,0.0,10.0,2.5,0.0,0.0,32.93,83.54096470588236,83.54096470588236,50.61096470588236,0.0,0.0,2.5,0.0,0.0,0.0,0.0,0.0,0.0,2025-05-11_16:00_20:00,4.0,pay_as_bid,37.0,37.0,37.0,37.0,10.0,2.5,92.5,74.88870588235295,0.0,17.61129411764705,2.5,2.5,51.02040816326531,0.0,2.02,0.0,0.0,0.0
2025-05-11 19:00:00+02:00,plant_1,0.0,117.11,32.93,150.04,0.0,0.0,171.83,204.76000000000002,0.0,10.0,2.5,0.0,0.0,32.93,83.54096470588236,83.54096470588236,50.61096470588236,0.0,0.0,2.5,0.0,0.0,0.0,0.0,0.0,0.0,2025-05-11_16:00_20:00,4.0,pay_as_bid,37.0,37.0,37.0,37.0,10.0,2.5,92.5,74.88870588235295,0.0,17.61129411764705,2.5,2.5,51.02040816326531,0.0,2.02,0.0,0.0,0.0
2025-05-11 19:15:00+02:00,plant_1,0.0,117.11,32.93,150.04,0.0,0.0,128.58,161.51000000000002,0.0,10.0,2.5,0.0,0.0,32.93,83.54096470588236,83.54096470588236,50.61096470588236,0.0,0.0,2.5,0.0,0.0,0.0,0.0,0.0,0.0,2025-05-11_16:00_20:00,4.0,pay_as_bid,37.0,37.0,37.0,37.0,10.0,2.5,92.5,74.88870588235295,0.0,17.61129411764705,2.5,2.5,51.02040816326531,0.0,2.02,0.0,0.0,0.0
2025-05-11 19:30:00+02:00,plant_1,0.0,117.11,32.93,150.04,0.0,0.0,101.94,134.87,0.0,10.0,2.5,0.0,0.0,32.93,83.54096470588236,83.54096470588236,50.61096470588236,0.0,0.0,2.5,0.0,0.0,0.0,0.0,0.0,0.0,2025-05-11_16:00_20:00,4.0,pay_as_bid,37.0,37.0,37.0,37.0,10.0,2.5,92.5,74.88870588235295,0.0,17.61129411764705,2.5,2.5,51.02040816326531,0.0,2.02,0.0,0.0,0.0
2025-05-11 19:45:00+02:00,plant_1,0.0,117.11,32.93,150.04,0.0,0.0,89.13,122.06,0.0,10.0,2.5,2.5,14.37,47.3,83.54096470588236,69.17096470588235,36.24096470588236,172.92741176470588,90.6024117647059,2.5,0.0,2.5,0.0,4.932,0.0,0.0,2025-05-11_16:00_20:00,4.0,pay_as_bid,37.0,37.0,37.0,37.0,10.0,2.5,92.5,74.88870588235295,0.0,17.61129411764705,2.5,2.5,50.64538186408584,2.5,0.0,2.5,2.02,0.3675257731958763
2025-05-11 20:00:00+02:00,plant_1,0.0,124.86,32.93,157.79,0.0,0.0,122.54,155.47,0.0,10.0,2.5,2.5,47.78,80.71000000000001,83.54096470588236,35.76096470588236,2.8309647058823515,89.4024117647059,7.077411764705879,0.0,2.5,0.0,2.5,3.267,0.0,0.0,2025-05-11_20:00_00:00,4.0,pay_as_bid,1.69,1.69,1.69,1.69,0.0,0.0,0.0,0.0,0.0,0.0,0.0,2.5,50.270449321481166,2.5,0.0,2.5,2.02,0.7349596649484537
2025-05-11 20:15:00+02:00,plant_1,0.0,124.86,32.93,157.79,0.0,0.0,95.12,128.05,0.0,10.0,2.5,2.5,24.83,57.76,83.54096470588236,58.71096470588236,25.78096470588236,146.7774117647059,64.4524117647059,0.0,2.5,0.0,2.5,7.375,0.0,0.0,2025-05-11_20:00_00:00,4.0,pay_as_bid,1.69,1.69,1.69,1.69,0.0,0.0,0.0,0.0,0.0,0.0,0.0,2.5,49.895610512012155,2.5,0.0,2.5,2.02,1.1023016982280929
2025-05-11 20:30:00+02:00,plant_1,0.0,124.86,32.93,157.79,0.0,0.0,82.9,115.83000000000001,0.0,10.0,2.5,2.5,0.7,33.63,83.54096470588236,82.84096470588236,49.91096470588236,207.1024117647059,124.77741176470589,0.0,2.5,0.0,2.5,30.74,0.0,0.0,2025-05-11_20:00_00:00,4.0,pay_as_bid,1.69,1.69,1.69,1.69,0.0,0.0,0.0,0.0,0.0,0.0,0.0,2.5,49.5208654122455,2.5,0.0,2.5,2.02,1.4695518959994123
2025-05-11 20:45:00+02:00,plant_1,0.0,124.86,32.93,157.79,0.0,0.0,77.1,110.03,0.0,10.0,2.5,2.5,4.48,37.41,83.54096470588236,79.06096470588236,46.13096470588236,197.6524117647059,115.32741176470591,0.0,2.5,0.0,2.5,18.652,0.0,0.0,2025-05-11_20:00_00:00,4.0,pay_as_bid,1.69,1.69,1.69,1.69,0.0,0.0,0.0,0.0,0.0,0.0,0.0,2.5,49.146213998753794,2.5,0.0,2.5,2.02,1.8367102812212888
2025-05-11 21:00:00+02:00,plant_1,0.0,109.55,32.93,142.48,0.0,0.0,100.73,133.66,0.0,10.0,2.5,1.133,38.97,71.9,83.54096470588236,44.57096470588236,11.640964705882354,50.49890301176472,13.189213011764707,0.0,2.5,0.0,1.133,1.133,0.0,0.0,2025-05-11_20:00_00:00,4.0,pay_as_bid,1.69,1.69,1.69,1.69,0.0,0.0,0.0,0.0,0.0,0.0,0.0,2.5,50.13865624811545,1.133,0.0,1.133,2.02,0.8641168768468594
2025-05-11 21:15:00+02:00,plant_1,0.0,109.55,32.93,142.48,0.0,0.0,91.49,124.41999999999999,0.0,10.0,2.5,2.5,26.51,59.44,83.54096470588236,57.030964705882354,24.10096470588236,142.5774117647059,60.252411764705904,0.0,2.5,0.0,2.5,6.665,0.0,0.0,2025-05-11_20:00_00:00,4.0,pay_as_bid,1.69,1.69,1.69,1.69,0.0,0.0,0.0,0.0,0.0,0.0,0.0,2.5,49.76385038691477,2.5,0.0,2.5,2.02,1.231426620823524
2025-05-11 21:30:00+02:00,plant_1,0.0,109.55,32.93,142.48,0.0,0.0,85.94,118.87,0.0,0.0,0.0,0.0,60.59,93.52000000000001,83.54096470588236,22.950964705882356,-9.97903529411765,0.0,0.0,0.0,0.0,0.0,0.0,1.02,0.0,0.0,2025-05-11_20:00_00:00,4.0,pay_as_bid,1.69,1.69,1.69,1.69,0.0,0.0,0.0,0.0,0.0,0.0,0.0,2.5,51.02040816326531,0.0,0.8258147987567315,0.0,1.1941852012432685,0.0
2025-05-11 21:45:00+02:00,plant_1,0.0,109.55,32.93,142.48,0.0,0.0,72.88,105.81,0.0,0.0,0.0,0.0,63.64,96.57,83.54096470588236,19.90096470588236,-13.029035294117634,0.0,0.0,0.0,0.0,0.0,0.0,0.365,0.0,0.0,2025-05-11_20:00_00:00,4.0,pay_as_bid,1.69,1.69,1.69,1.69,0.0,0.0,0.0,0.0,0.0,0.0,0.0,2.5,51.02040816326531,0.0,2.02,0.0,0.0,0.0
2025-05-11 22:00:00+02:00,plant_1,0.0,98.45,32.93,131.38,0.0,0.0,79.78,112.71000000000001,0.0,10.0,2.5,0.084,47.82,80.75,83.54096470588236,35.72096470588236,2.7909647058823595,3.0005610352941186,0.23444103529411822,0.0,2.5,0.0,0.084,0.084,0.0,0.0,2025-05-11_20:00_00:00,4.0,pay_as_bid,1.69,1.69,1.69,1.69,0.0,0.0,0.0,0.0,0.0,0.0,0.0,2.5,51.02040816326531,0.084,1.9401496,0.084,0.0798504,0.0
2025-05-11 22:15:00+02:00,plant_1,0.0,98.45,32.93,131.38,0.0,0.0,74.94,107.87,0.0,0.0,0.0,0.0,61.62,94.55,83.54096470588236,21.920964705882362,-11.009035294117638,0.0,0.0,0.0,0.0,0.0,0.0,0.134,0.0,0.0,2025-05-11_20:00_00:00,4.0,pay_as_bid,1.69,1.69,1.69,1.69,0.0,0.0,0.0,0.0,0.0,0.0,0.0,2.5,51.02040816326531,0.0,2.02,0.0,0.0,0.0
2025-05-11 22:30:00+02:00,plant_1,0.0,98.45,32.93,131.38,0.0,0.0,72.34,105.27000000000001,0.0,10.0,2.5,0.245,38.72,71.65,83.54096470588236,44.82096470588236,11.890964705882354,10.981136352941178,2.9132863529411765,0.0,2.5,0.0,0.245,0.245,0.0,0.0,2025-05-11_20:00_00:00,4.0,pay_as_bid,1.69,1.69,1.69,1.69,0.0,0.0,0.0,0.0,0.0,0.0,0.0,2.5,51.02040816326531,0.245,1.787103,0.245,0.23289699999999997,0.0
2025-05-11 22:45:00+02:00,plant_1,0.0,98.45,32.93,131.38,0.0,0.0,71.21,104.13999999999999,0.0,10.0,2.5,2.5,5.91,38.84,83.54096470588236,77.63096470588236,44.700964705882356,194.07741176470591,111.7524117647059,0.0,2.5,0.0,2.5,2.989,0.0,0.0,2025-05-11_20:00_00:00,4.0,pay_as_bid,1.69,1.69,1.69,1.69,0.0,0.0,0.0,0.0,0.0,0.0,0.0,2.5,50.64538186408584,2.5,0.0,2.5,2.02,0.3675257731958763
2025-05-11 23:00:00+02:00,plant_1,0.0,84.68,32.93,117.61000000000001,0.0,0.0,75.82,108.75,0.0,10.0,2.5,2.5,41.94,74.87,83.54096470588236,41.60096470588236,8.670964705882355,104.0024117647059,21.677411764705887,0.0,2.5,0.0,2.5,3.237,0.0,0.0,2025-05-11_20:00_00:00,4.0,pay_as_bid,1.69,1.69,1.69,1.69,0.0,0.0,0.0,0.0,0.0,0.0,0.0,2.5,50.25992964969493,2.5,0.0,2.5,2.01,0.7452689432989691
2025-05-11 23:15:00+02:00,plant_1,0.0,84.68,32.93,117.61000000000001,0.0,0.0,74.19,107.12,0.0,10.0,2.5,1.238,36.43,69.36,83.54096470588236,47.11096470588236,14.18096470588236,58.32337430588236,17.55603430588236,0.0,2.5,0.0,1.238,1.238,0.0,0.0,2025-05-11_20:00_00:00,4.0,pay_as_bid,1.69,1.69,1.69,1.69,0.0,0.0,0.0,0.0,0.0,0.0,0.0,2.5,51.02040816326531,1.238,0.11042705271875008,1.238,1.8995729472812497,0.0
2025-05-11 23:30:00+02:00,plant_1,0.0,84.68,32.93,117.61000000000001,0.0,0.0,72.55,105.47999999999999,0.0,10.0,2.5,1.869,37.11,70.03999999999999,83.54096470588236,46.43096470588236,13.500964705882367,86.77947303529413,25.233303035294146,0.0,2.5,0.0,1.869,1.869,0.0,0.0,2025-05-11_20:00_00:00,4.0,pay_as_bid,1.69,1.69,1.69,1.69,0.0,0.0,0.0,0.0,0.0,0.0,0.0,2.5,51.02040816326531,1.869,0.2333286000000001,1.869,1.7766714,0.0
2025-05-11 23:45:00+02:00,plant_1,0.0,84.68,32.93,117.61000000000001,0.0,0.0,71.62,104.55000000000001,0.0,10.0,2.5,2.5,21.94,54.870000000000005,83.54096470588236,61.60096470588236,28.670964705882355,154.0024117647059,71.67741176470588,0.0,2.5,0.0,2.5,5.965,0.0,0.0,2025-05-11_20:00_00:00,4.0,pay_as_bid,1.69,1.69,1.69,1.69,0.0,0.0,0.0,0.0,0.0,0.0,0.0,2.5,50.6348621922996,2.5,0.0,2.5,2.01,0.37783505154639174
2025-05-12 00:00:00+02:00,plant_1,0.0,86.0,32.93,118.93,0.0,0.0,76.59,109.52000000000001,0.0,0.0,0.0,0.0,63.32,96.25,83.54096470588236,20.22096470588236,-12.70903529411764,0.0,0.0,0.0,0.0,0.0,0.0,0.832,0.0,0.0,2025-05-12_00:00_04:00,4.0,pay_as_bid,8.76,8.76,8.76,8.76,0.0,0.0,0.0,0.0,0.0,0.0,0.0,2.5,51.02040816326531,0.0,1.6435916249999998,0.0,0.36640837499999995,0.0
2025-05-12 00:15:00+02:00,plant_1,0.0,86.0,32.93,118.93,0.0,0.0,75.08,108.00999999999999,0.0,0.0,0.0,0.0,71.24,104.16999999999999,83.54096470588236,12.300964705882365,-20.629035294117628,0.0,0.0,0.0,0.0,0.0,0.0,0.069,0.0,0.0,2025-05-12_00:00_04:00,4.0,pay_as_bid,8.76,8.76,8.76,8.76,0.0,0.0,0.0,0.0,0.0,0.0,0.0,2.5,51.02040816326531,0.0,2.01,0.0,0.0,0.0
2025-05-12 00:30:00+02:00,plant_1,0.0,86.0,32.93,118.93,0.0,0.0,82.65,115.58000000000001,0.0,0.0,0.0,0.0,69.36,102.28999999999999,83.54096470588236,14.18096470588236,-18.749035294117633,0.0,0.0,0.0,0.0,0.0,0.0,0.078,0.0,0.0,2025-05-12_00:00_04:00,4.0,pay_as_bid,8.76,8.76,8.76,8.76,0.0,0.0,0.0,0.0,0.0,0.0,0.0,2.5,51.02040816326531,0.0,2.01,0.0,0.0,0.0
2025-05-12 00:45:00+02:00,plant_1,0.0,86.0,32.93,118.93,0.0,0.0,83.49,116.41999999999999,0.0,10.0,2.5,2.5,41.38,74.31,83.54096470588236,42.16096470588236,9.230964705882357,105.40241176470589,23.077411764705893,0.0,2.5,0.0,2.5,2.503,0.0,0.0,2025-05-12_00:00_04:00,4.0,pay_as_bid,8.76,8.76,8.76,8.76,0.0,0.0,0.0,0.0,0.0,0.0,0.0,2.5,50.6348621922996,2.5,0.0,2.5,2.01,0.37783505154639174
2025-05-12 01:00:00+02:00,plant_1,0.0,81.28,32.93,114.21000000000001,0.0,0.0,76.32,109.25,0.0,0.0,0.0,0.0,71.17,104.1,83.54096470588236,12.370964705882358,-20.559035294117635,0.0,0.0,0.0,0.0,0.0,0.0,0.147,0.0,0.0,2025-05-12_00:00_04:00,4.0,pay_as_bid,8.76,8.76,8.76,8.76,0.0,0.0,0.0,0.0,0.0,0.0,0.0,2.5,51.02040816326531,0.0,1.721091625,0.0,0.36640837499999995,0.0
2025-05-12 01:15:00+02:00,plant_1,0.0,81.28,32.93,114.21000000000001,0.0,0.0,78.73,111.66,0.0,0.0,0.0,0.0,0.0,32.93,83.54096470588236,83.54096470588236,50.61096470588236,0.0,0.0,0.0,0.0,0.0,0.0,0.0,0.0,0.0,2025-05-12_00:00_04:00,4.0,pay_as_bid,8.76,8.76,8.76,8.76,0.0,0.0,0.0,0.0,0.0,0.0,0.0,2.5,51.02040816326531,0.0,2.0875,0.0,0.0,0.0
2025-05-12 01:30:00+02:00,plant_1,0.0,81.28,32.93,114.21000000000001,0.0,0.0,82.32,115.25,0.0,0.0,0.0,0.0,0.0,32.93,83.54096470588236,83.54096470588236,50.61096470588236,0.0,0.0,0.0,0.0,0.0,0.0,0.0,0.0,0.0,2025-05-12_00:00_04:00,4.0,pay_as_bid,8.76,8.76,8.76,8.76,0.0,0.0,0.0,0.0,0.0,0.0,0.0,2.5,51.02040816326531,0.0,2.0875,0.0,0.0,0.0
2025-05-12 01:45:00+02:00,plant_1,0.0,81.28,32.93,114.21000000000001,0.0,0.0,85.63,118.56,0.0,0.0,0.0,0.0,0.0,32.93,83.54096470588236,83.54096470588236,50.61096470588236,0.0,0.0,0.0,0.0,0.0,0.0,0.0,0.0,0.0,2025-05-12_00:00_04:00,4.0,pay_as_bid,8.76,8.76,8.76,8.76,0.0,0.0,0.0,0.0,0.0,0.0,0.0,2.5,51.02040816326531,0.0,2.0875,0.0,0.0,0.0
2025-05-12 02:00:00+02:00,plant_1,0.0,80.95,32.93,113.88,0.0,0.0,79.48,112.41,0.0,0.0,0.0,0.0,0.0,32.93,83.54096470588236,83.54096470588236,50.61096470588236,0.0,0.0,0.0,0.0,0.0,0.0,0.0,0.0,0.0,2025-05-12_00:00_04:00,4.0,pay_as_bid,8.76,8.76,8.76,8.76,0.0,0.0,0.0,0.0,0.0,0.0,0.0,2.5,51.02040816326531,0.0,2.0875,0.0,0.0,0.0
2025-05-12 02:15:00+02:00,plant_1,0.0,80.95,32.93,113.88,0.0,0.0,81.67,114.6,0.0,0.0,0.0,0.0,0.0,32.93,83.54096470588236,83.54096470588236,50.61096470588236,0.0,0.0,0.0,0.0,0.0,0.0,0.0,0.0,0.0,2025-05-12_00:00_04:00,4.0,pay_as_bid,8.76,8.76,8.76,8.76,0.0,0.0,0.0,0.0,0.0,0.0,0.0,2.5,51.02040816326531,0.0,2.0875,0.0,0.0,0.0
2025-05-12 02:30:00+02:00,plant_1,0.0,80.95,32.93,113.88,0.0,0.0,101.31,134.24,0.0,0.0,0.0,0.0,0.0,32.93,83.54096470588236,83.54096470588236,50.61096470588236,0.0,0.0,0.0,0.0,0.0,0.0,0.0,0.0,0.0,2025-05-12_00:00_04:00,4.0,pay_as_bid,8.76,8.76,8.76,8.76,0.0,0.0,0.0,0.0,0.0,0.0,0.0,2.5,51.02040816326531,0.0,2.0875,0.0,0.0,0.0
2025-05-12 02:45:00+02:00,plant_1,0.0,80.95,32.93,113.88,0.0,0.0,105.83,138.76,0.0,0.0,0.0,0.0,0.0,32.93,83.54096470588236,83.54096470588236,50.61096470588236,0.0,0.0,0.0,0.0,0.0,0.0,0.0,0.0,0.0,2025-05-12_00:00_04:00,4.0,pay_as_bid,8.76,8.76,8.76,8.76,0.0,0.0,0.0,0.0,0.0,0.0,0.0,2.5,51.02040816326531,0.0,2.0875,0.0,0.0,0.0
2025-05-12 03:00:00+02:00,plant_1,0.0,81.48,32.93,114.41,0.0,0.0,84.69,117.62,0.0,0.0,0.0,0.0,0.0,32.93,83.54096470588236,83.54096470588236,50.61096470588236,0.0,0.0,0.0,0.0,0.0,0.0,0.0,0.0,0.0,2025-05-12_00:00_04:00,4.0,pay_as_bid,8.76,8.76,8.76,8.76,0.0,0.0,0.0,0.0,0.0,0.0,0.0,2.5,51.02040816326531,0.0,2.0875,0.0,0.0,0.0
2025-05-12 03:15:00+02:00,plant_1,0.0,81.48,32.93,114.41,0.0,0.0,92.85,125.78,0.0,0.0,0.0,0.0,0.0,32.93,83.54096470588236,83.54096470588236,50.61096470588236,0.0,0.0,0.0,0.0,0.0,0.0,0.0,0.0,0.0,2025-05-12_00:00_04:00,4.0,pay_as_bid,8.76,8.76,8.76,8.76,0.0,0.0,0.0,0.0,0.0,0.0,0.0,2.5,51.02040816326531,0.0,2.0875,0.0,0.0,0.0
2025-05-12 03:30:00+02:00,plant_1,0.0,81.48,32.93,114.41,0.0,0.0,101.08,134.01,0.0,0.0,0.0,0.0,0.0,32.93,83.54096470588236,83.54096470588236,50.61096470588236,0.0,0.0,0.0,0.0,0.0,0.0,0.0,0.0,0.0,2025-05-12_00:00_04:00,4.0,pay_as_bid,8.76,8.76,8.76,8.76,0.0,0.0,0.0,0.0,0.0,0.0,0.0,2.5,51.02040816326531,0.0,2.0875,0.0,0.0,0.0
2025-05-12 03:45:00+02:00,plant_1,0.0,81.48,32.93,114.41,0.0,0.0,112.65,145.58,0.0,10.0,2.5,0.243,35.42,68.35,83.54096470588236,48.12096470588236,15.190964705882365,11.693394423529412,3.6914044235294146,0.0,2.5,0.0,0.243,0.243,0.0,0.0,2025-05-12_00:00_04:00,4.0,pay_as_bid,8.76,8.76,8.76,8.76,0.0,0.0,0.0,0.0,0.0,0.0,0.0,2.5,51.02040816326531,0.243,1.8565042,0.243,0.23099579999999997,0.0
2025-05-12 04:00:00+02:00,plant_1,0.0,84.65,32.93,117.58000000000001,0.0,0.0,98.9,131.83,0.0,10.0,2.5,0.257,39.0,71.93,83.54096470588236,44.54096470588236,11.610964705882353,11.447027929411767,2.9840179294117646,0.0,2.5,0.0,0.257,0.257,0.0,0.0,2025-05-12_04:00_08:00,4.0,pay_as_bid,31.04,31.04,31.04,31.04,0.0,0.0,0.0,0.0,0.0,0.0,0.0,2.5,51.02040816326531,0.257,1.8431958,0.257,0.2443042,0.0
2025-05-12 04:15:00+02:00,plant_1,0.0,84.65,32.93,117.58000000000001,0.0,0.0,123.49,156.42,0.0,0.0,0.0,0.0,0.0,32.93,83.54096470588236,83.54096470588236,50.61096470588236,0.0,0.0,0.0,0.0,0.0,0.0,0.0,0.0,0.0,2025-05-12_04:00_08:00,4.0,pay_as_bid,31.04,31.04,31.04,31.04,0.0,0.0,0.0,0.0,0.0,0.0,0.0,2.5,51.02040816326531,0.0,2.0875,0.0,0.0,0.0
2025-05-12 04:30:00+02:00,plant_1,0.0,84.65,32.93,117.58000000000001,0.0,0.0,144.06,176.99,0.0,0.0,0.0,0.0,0.0,32.93,83.54096470588236,83.54096470588236,50.61096470588236,0.0,0.0,0.0,0.0,0.0,0.0,0.0,0.0,0.0,2025-05-12_04:00_08:00,4.0,pay_as_bid,31.04,31.04,31.04,31.04,0.0,0.0,0.0,0.0,0.0,0.0,0.0,2.5,51.02040816326531,0.0,2.0875,0.0,0.0,0.0
2025-05-12 04:45:00+02:00,plant_1,0.0,84.65,32.93,117.58000000000001,0.0,0.0,139.72,172.65,0.0,10.0,2.5,2.5,9.04,41.97,83.54096470588236,74.50096470588235,41.57096470588236,186.25241176470587,103.92741176470591,0.0,2.5,0.0,2.5,3.619,0.0,0.0,2025-05-12_04:00_08:00,4.0,pay_as_bid,31.04,31.04,31.04,31.04,0.0,0.0,0.0,0.0,0.0,0.0,0.0,2.5,50.71638964864296,2.5,0.0,2.5,2.0875,0.29793814432989674
2025-05-12 05:00:00+02:00,plant_1,0.0,97.71,32.93,130.64,0.0,0.0,281.41,314.34000000000003,0.0,0.0,0.0,0.0,77.42,110.35,83.54096470588236,6.120964705882358,-26.809035294117635,0.0,0.0,0.0,0.0,0.0,0.0,0.023,0.0,0.0,2025-05-12_04:00_08:00,4.0,pay_as_bid,31.04,31.04,31.04,31.04,0.0,0.0,0.0,0.0,0.0,0.0,0.0,2.5,51.02040816326531,0.0,1.79857225,0.0,0.2889277499999998,0.0
2025-05-12 05:15:00+02:00,plant_1,0.0,97.71,32.93,130.64,0.0,0.0,175.7,208.63,0.0,0.0,0.0,0.0,0.0,32.93,83.54096470588236,83.54096470588236,50.61096470588236,0.0,0.0,0.0,0.0,0.0,0.0,0.0,0.0,0.0,2025-05-12_04:00_08:00,4.0,pay_as_bid,31.04,31.04,31.04,31.04,0.0,0.0,0.0,0.0,0.0,0.0,0.0,2.5,51.02040816326531,0.0,2.0875,0.0,0.0,0.0
2025-05-12 05:30:00+02:00,plant_1,0.0,97.71,32.93,130.64,0.0,0.0,127.41,160.34,0.0,0.0,0.0,0.0,0.0,32.93,83.54096470588236,83.54096470588236,50.61096470588236,0.0,0.0,0.0,0.0,0.0,0.0,0.0,0.0,0.0,2025-05-12_04:00_08:00,4.0,pay_as_bid,31.04,31.04,31.04,31.04,0.0,0.0,0.0,0.0,0.0,0.0,0.0,2.5,51.02040816326531,0.0,2.0875,0.0,0.0,0.0
2025-05-12 05:45:00+02:00,plant_1,0.0,97.71,32.93,130.64,0.0,0.0,105.14,138.07,0.0,0.0,0.0,0.0,0.0,32.93,83.54096470588236,83.54096470588236,50.61096470588236,0.0,0.0,0.0,0.0,0.0,0.0,0.0,0.0,0.0,2025-05-12_04:00_08:00,4.0,pay_as_bid,31.04,31.04,31.04,31.04,0.0,0.0,0.0,0.0,0.0,0.0,0.0,2.5,51.02040816326531,0.0,2.0875,0.0,0.0,0.0
2025-05-12 06:00:00+02:00,plant_1,0.0,137.05,32.93,169.98000000000002,0.0,0.0,137.37,170.3,0.0,0.0,0.0,0.0,0.0,32.93,83.54096470588236,83.54096470588236,50.61096470588236,0.0,0.0,0.0,0.0,0.0,0.0,0.0,0.0,0.0,2025-05-12_04:00_08:00,4.0,pay_as_bid,31.04,31.04,31.04,31.04,0.0,0.0,0.0,0.0,0.0,0.0,0.0,2.5,51.02040816326531,0.0,2.0875,0.0,0.0,0.0
2025-05-12 06:15:00+02:00,plant_1,0.0,137.05,32.93,169.98000000000002,0.0,0.0,111.26,144.19,0.0,10.0,2.5,0.908,50.55,83.47999999999999,83.54096470588236,32.99096470588236,0.060964705882369685,29.955795952941187,0.05535595294119167,0.0,2.5,0.0,0.908,0.908,0.0,0.0,2025-05-12_04:00_08:00,4.0,pay_as_bid,31.04,31.04,31.04,31.04,0.0,0.0,0.0,0.0,0.0,0.0,0.0,2.5,51.02040816326531,0.908,1.2243552000000002,0.908,0.8631447999999998,0.0
2025-05-12 06:30:00+02:00,plant_1,0.0,137.05,32.93,169.98000000000002,0.0,0.0,91.13,124.06,0.0,10.0,2.5,2.5,27.24,60.17,83.54096470588236,56.300964705882365,23.370964705882358,140.75241176470593,58.427411764705894,0.0,2.5,0.0,2.5,18.272,0.0,0.0,2025-05-12_04:00_08:00,4.0,pay_as_bid,31.04,31.04,31.04,31.04,0.0,0.0,0.0,0.0,0.0,0.0,0.0,2.5,50.71638964864296,2.5,0.0,2.5,2.0875,0.29793814432989674
2025-05-12 06:45:00+02:00,plant_1,0.0,137.05,32.93,169.98000000000002,0.0,0.0,66.63,99.56,0.0,10.0,2.5,2.5,7.54,40.47,83.54096470588236,76.00096470588235,43.07096470588236,190.00241176470587,107.67741176470591,0.0,2.5,0.0,2.5,40.087,0.0,0.0,2025-05-12_04:00_08:00,4.0,pay_as_bid,31.04,31.04,31.04,31.04,0.0,0.0,0.0,0.0,0.0,0.0,0.0,2.5,50.41244713864928,2.5,0.0,2.5,2.0875,0.595801804123711
2025-05-12 07:00:00+02:00,plant_1,0.0,141.15,32.93,174.08,0.0,0.0,104.02,136.95,0.0,10.0,2.5,2.5,29.12,62.05,83.54096470588236,54.420964705882355,21.490964705882362,136.05241176470588,53.727411764705906,0.0,2.5,0.0,2.5,21.286,0.0,0.0,2025-05-12_04:00_08:00,4.0,pay_as_bid,31.04,31.04,31.04,31.04,0.0,0.0,0.0,0.0,0.0,0.0,0.0,2.5,50.15854905526773,2.5,0.0,2.5,2.135,0.8446219258376285
2025-05-12 07:15:00+02:00,plant_1,0.0,141.15,32.93,174.08,0.0,0.0,84.61,117.53999999999999,0.0,10.0,2.5,2.5,14.44,47.37,83.54096470588236,69.10096470588236,36.17096470588236,172.7524117647059,90.42741176470591,0.0,2.5,0.0,2.5,25.841,0.0,0.0,2025-05-12_04:00_08:00,4.0,pay_as_bid,31.04,31.04,31.04,31.04,0.0,0.0,0.0,0.0,0.0,0.0,0.0,2.5,49.90471444640703,2.5,0.0,2.5,2.135,1.0933798425211176
2025-05-12 07:30:00+02:00,plant_1,0.0,141.15,32.93,174.08,0.0,0.0,63.24,96.17,0.0,10.0,2.5,2.5,38.79,71.72,83.54096470588236,44.75096470588236,11.82096470588236,111.8774117647059,29.5524117647059,0.0,2.5,0.0,2.5,15.729,0.0,0.0,2025-05-12_04:00_08:00,4.0,pay_as_bid,31.04,31.04,31.04,31.04,0.0,0.0,0.0,0.0,0.0,0.0,0.0,2.5,49.650943296198534,2.5,0.0,2.5,2.135,1.3420755697254358
2025-05-12 07:45:00+02:00,plant_1,0.0,141.15,32.93,174.08,2.5,0.0,19.95,52.879999999999995,2.5,0.0,0.0,0.0,35.75,68.68,83.54096470588236,47.79096470588236,14.860964705882353,0.0,0.0,0.0,0.0,0.0,0.0,8.087,0.0,0.0,2025-05-12_04:00_08:00,4.0,pay_as_bid,31.04,31.04,31.04,31.04,0.0,0.0,0.0,0.0,0.0,0.0,0.0,0.0,49.397235588777605,2.5,0.0,2.5,2.135,1.590709122997953
2025-05-12 08:00:00+02:00,plant_1,0.0,108.49,32.93,141.42,0.0,0.0,77.58,110.50999999999999,0.0,10.0,2.5,2.5,12.5,45.43,83.54096470588236,71.04096470588236,38.11096470588236,177.6024117647059,95.2774117647059,2.5,0.0,2.5,0.0,27.943,0.0,0.0,2025-05-12_08:00_12:00,4.0,pay_as_bid,431.72,431.72,431.72,431.72,10.0,2.5,1079.3000000000002,65.40120588235295,0.0,1013.8987941176472,2.5,2.5,49.18304007748192,2.5,0.0,2.5,2.1725,1.8006207240677192
2025-05-12 08:15:00+02:00,plant_1,0.0,108.49,32.93,141.42,0.0,0.0,61.39,94.32,0.0,10.0,2.5,2.5,-11.39,21.54,83.54096470588236,94.93096470588236,62.00096470588236,237.32741176470591,155.0024117647059,2.5,0.0,2.5,0.0,51.757,0.0,0.0,2025-05-12_08:00_12:00,4.0,pay_as_bid,431.72,431.72,431.72,431.72,10.0,2.5,1079.3000000000002,65.40120588235295,0.0,1013.8987941176472,2.5,2.5,48.968898115064064,2.5,0.0,2.5,2.1725,2.010479847237218
2025-05-12 08:30:00+02:00,plant_1,0.0,108.49,32.93,141.42,0.0,0.0,-2.63,30.3,0.0,10.0,2.5,2.5,-3.21,29.72,83.54096470588236,86.75096470588235,53.82096470588236,216.87741176470587,134.5524117647059,2.5,0.0,2.5,0.0,26.533,0.0,0.0,2025-05-12_08:00_12:00,4.0,pay_as_bid,431.72,431.72,431.72,431.72,10.0,2.5,1079.3000000000002,65.40120588235295,0.0,1013.8987941176472,2.5,2.5,48.75480968813682,2.5,0.0,2.5,2.1725,2.220286505625924
2025-05-12 08:45:00+02:00,plant_1,0.0,108.49,32.93,141.42,0.0,0.0,-15.49,17.439999999999998,0.0,10.0,2.5,2.5,-29.05,3.879999999999999,83.54096470588236,112.59096470588236,79.66096470588236,281.4774117647059,199.1524117647059,2.5,0.0,2.5,0.0,145.594,0.0,0.0,2025-05-12_08:00_12:00,4.0,pay_as_bid,431.72,431.72,431.72,431.72,10.0,2.5,1079.3000000000002,65.40120588235295,0.0,1013.8987941176472,2.5,2.5,48.540774783316294,2.5,0.0,2.5,2.1725,2.430040712350033
2025-05-12 09:00:00+02:00,plant_1,0.0,69.74,32.93,102.66999999999999,0.0,0.0,54.84,87.77000000000001,0.0,10.0,2.5,2.5,5.78,38.71,83.54096470588236,77.76096470588236,44.83096470588236,194.4024117647059,112.0774117647059,2.5,0.0,2.5,0.0,22.045,0.0,0.0,2025-05-12_08:00_12:00,4.0,pay_as_bid,431.72,431.72,431.72,431.72,10.0,2.5,1079.3000000000002,65.40120588235295,0.0,1013.8987941176472,2.5,2.5,48.38202166409974,2.5,0.0,2.5,2.225,2.585618769182255
2025-05-12 09:15:00+02:00,plant_1,0.0,69.74,32.93,102.66999999999999,0.0,0.0,5.02,37.95,0.0,10.0,2.5,2.5,-14.39,18.54,83.54096470588236,97.93096470588236,65.00096470588235,244.82741176470591,162.50241176470587,2.5,0.0,2.5,0.0,128.024,0.0,0.0,2025-05-12_08:00_12:00,4.0,pay_as_bid,431.72,431.72,431.72,431.72,10.0,2.5,1079.3000000000002,65.40120588235295,0.0,1013.8987941176472,2.5,2.5,48.223308233162996,2.5,0.0,2.5,2.225,2.7411579315002688
2025-05-12 09:30:00+02:00,plant_1,0.0,69.74,32.93,102.66999999999999,0.0,0.0,-3.62,29.31,0.0,10.0,2.5,2.5,-13.88,19.049999999999997,83.54096470588236,97.42096470588235,64.49096470588236,243.55241176470588,161.2274117647059,2.5,0.0,2.5,0.0,137.782,0.0,0.0,2025-05-12_08:00_12:00,4.0,pay_as_bid,431.72,431.72,431.72,431.72,10.0,2.5,1079.3000000000002,65.40120588235295,0.0,1013.8987941176472,2.5,2.5,48.064634480583976,2.5,0.0,2.5,2.225,2.896658209027703
2025-05-12 09:45:00+02:00,plant_1,0.0,69.74,32.93,102.66999999999999,0.0,0.0,-8.73,24.2,0.0,10.0,2.5,2.5,-13.2,19.73,83.54096470588236,96.74096470588236,63.810964705882355,241.8524117647059,159.5274117647059,2.5,0.0,2.5,0.0,170.336,0.0,0.0,2025-05-12_08:00_12:00,4.0,pay_as_bid,431.72,431.72,431.72,431.72,10.0,2.5,1079.3000000000002,65.40120588235295,0.0,1013.8987941176472,2.5,2.5,47.906000396443105,2.5,0.0,2.5,2.225,3.0521196114857556
2025-05-12 10:00:00+02:00,plant_1,0.0,0.49,32.93,33.42,0.0,0.0,5.12,38.05,0.0,10.0,2.5,2.5,-6.67,26.259999999999998,83.54096470588236,90.21096470588236,57.28096470588236,225.5274117647059,143.20241176470591,2.5,0.0,2.5,0.0,156.61,0.0,0.0,2025-05-12_08:00_12:00,4.0,pay_as_bid,431.72,431.72,431.72,431.72,10.0,2.5,1079.3000000000002,65.40120588235295,0.0,1013.8987941176472,2.5,2.5,47.74740597082327,2.5,0.0,2.5,2.225,3.2075421485931934
2025-05-12 10:15:00+02:00,plant_1,0.0,0.49,32.93,33.42,0.0,0.0,-1.29,31.64,0.0,10.0,2.5,2.5,-20.74,12.190000000000001,83.54096470588236,104.28096470588235,71.35096470588236,260.70241176470586,178.3774117647059,2.5,0.0,2.5,0.0,90.759,0.0,0.0,2025-05-12_08:00_12:00,4.0,pay_as_bid,431.72,431.72,431.72,431.72,10.0,2.5,1079.3000000000002,65.40120588235295,0.0,1013.8987941176472,2.5,2.5,47.588851193809845,2.5,0.0,2.5,2.225,3.3629258300663545
2025-05-12 10:30:00+02:00,plant_1,0.0,0.49,32.93,33.42,0.0,0.0,-2.53,30.4,0.0,10.0,2.5,2.5,12.49,45.42,83.54096470588236,71.05096470588236,38.12096470588236,177.62741176470593,95.3024117647059,2.5,0.0,2.5,0.0,46.397,0.0,0.0,2025-05-12_08:00_12:00,4.0,pay_as_bid,431.72,431.72,431.72,431.72,10.0,2.5,1079.3000000000002,65.40120588235295,0.0,1013.8987941176472,2.5,2.5,47.43033605549066,2.5,0.0,2.5,2.225,3.518270665619147
2025-05-12 10:45:00+02:00,plant_1,0.0,0.49,32.93,33.42,0.0,0.0,-4.89,28.04,0.0,10.0,2.5,2.5,-22.48,10.45,83.54096470588236,106.02096470588236,73.09096470588236,265.0524117647059,182.7274117647059,2.5,0.0,2.5,0.0,84.297,0.0,0.0,2025-05-12_08:00_12:00,4.0,pay_as_bid,431.72,431.72,431.72,431.72,10.0,2.5,1079.3000000000002,65.40120588235295,0.0,1013.8987941176472,2.5,2.5,47.27186054595607,2.5,0.0,2.5,2.225,3.6735766649630515
2025-05-12 11:00:00+02:00,plant_1,0.0,-3.91,32.93,29.02,0.0,0.0,-1.59,31.34,0.0,10.0,2.5,2.5,-0.99,31.94,83.54096470588236,84.53096470588235,51.60096470588236,211.3274117647059,129.0024117647059,2.5,0.0,2.5,0.0,30.749,0.0,0.0,2025-05-12_08:00_12:00,4.0,pay_as_bid,431.72,431.72,431.72,431.72,10.0,2.5,1079.3000000000002,65.40120588235295,0.0,1013.8987941176472,2.5,2.5,47.11342465529886,2.5,0.0,2.5,2.225,3.82884383780712
2025-05-12 11:15:00+02:00,plant_1,0.0,-3.91,32.93,29.02,0.0,0.0,-2.32,30.61,0.0,10.0,2.5,2.5,1.64,34.57,83.54096470588236,81.90096470588236,48.97096470588236,204.7524117647059,122.4274117647059,2.5,0.0,2.5,0.0,59.149,0.0,0.0,2025-05-12_08:00_12:00,4.0,pay_as_bid,431.72,431.72,431.72,431.72,10.0,2.5,1079.3000000000002,65.40120588235295,0.0,1013.8987941176472,2.5,2.5,46.95502837361431,2.5,0.0,2.5,2.225,3.9840721938579775
2025-05-12 11:30:00+02:00,plant_1,0.0,-3.91,32.93,29.02,0.0,0.0,-2.41,30.52,0.0,10.0,2.5,2.5,12.95,45.879999999999995,83.54096470588236,70.59096470588236,37.660964705882364,176.4774117647059,94.1524117647059,2.5,0.0,2.5,0.0,30.4,0.0,0.0,2025-05-12_08:00_12:00,4.0,pay_as_bid,431.72,431.72,431.72,431.72,10.0,2.5,1079.3000000000002,65.40120588235295,0.0,1013.8987941176472,2.5,2.5,46.79667169100018,2.5,0.0,2.5,2.225,4.139261742819823
2025-05-12 11:45:00+02:00,plant_1,0.0,-3.91,32.93,29.02,0.0,0.0,-3.11,29.82,0.0,10.0,2.5,2.5,8.66,41.59,83.54096470588236,74.88096470588236,41.950964705882356,187.20241176470591,104.8774117647059,2.5,0.0,2.5,0.0,18.596,0.0,0.0,2025-05-12_08:00_12:00,4.0,pay_as_bid,431.72,431.72,431.72,431.72,10.0,2.5,1079.3000000000002,65.40120588235295,0.0,1013.8987941176472,2.5,2.5,46.638354597556706,2.5,0.0,2.5,2.225,4.294412494394427
2025-05-12 12:00:00+02:00,plant_1,2.5,-25.0,32.93,7.93,0.0,0.0,-11.47,21.46,2.5,0.0,0.0,0.0,18.12,51.05,83.54096470588236,65.42096470588235,32.49096470588236,0.0,0.0,0.0,0.0,0.0,0.0,10.813,0.0,0.0,2025-05-12_12:00_16:00,4.0,pay_as_bid,675.0,675.0,675.0,675.0,0.0,0.0,0.0,0.0,0.0,0.0,0.0,0.0,46.48007708338659,2.5,0.0,2.5,2.225,4.449524458281138
2025-05-12 12:15:00+02:00,plant_1,2.5,-25.0,32.93,7.93,0.0,0.0,-2.79,30.14,2.5,0.0,0.0,0.0,1.49,34.42,83.54096470588236,82.05096470588236,49.12096470588236,0.0,0.0,0.0,0.0,0.0,0.0,72.164,0.0,0.0,2025-05-12_12:00_16:00,4.0,pay_as_bid,675.0,675.0,675.0,675.0,0.0,0.0,0.0,0.0,0.0,0.0,0.0,0.0,46.321839138595024,2.5,0.0,2.5,2.225,4.604597644176877
2025-05-12 12:30:00+02:00,plant_1,2.5,-25.0,32.93,7.93,0.0,0.0,1.74,34.67,2.5,0.0,0.0,0.0,-0.38,32.55,83.54096470588236,83.92096470588235,50.99096470588236,0.0,0.0,0.0,0.0,0.0,0.0,59.237,0.0,0.0,2025-05-12_12:00_16:00,4.0,pay_as_bid,675.0,675.0,675.0,675.0,0.0,0.0,0.0,0.0,0.0,0.0,0.0,0.0,46.16364075328965,2.5,0.0,2.5,2.225,4.759632061776143
2025-05-12 12:45:00+02:00,plant_1,2.5,-25.0,32.93,7.93,0.0,0.0,6.86,39.79,2.5,0.0,0.0,0.0,-0.98,31.95,83.54096470588236,84.52096470588236,51.59096470588236,0.0,0.0,0.0,0.0,0.0,0.0,81.797,0.0,0.0,2025-05-12_12:00_16:00,4.0,pay_as_bid,675.0,675.0,675.0,675.0,0.0,0.0,0.0,0.0,0.0,0.0,0.0,0.0,46.0054819175806,2.5,0.0,2.5,2.225,4.9146277207710085
2025-05-12 13:00:00+02:00,plant_1,2.5,-35.0,32.93,-2.0700000000000003,0.0,0.0,-5.97,26.96,2.5,0.0,0.0,0.0,11.32,44.25,83.54096470588236,72.22096470588235,39.29096470588236,0.0,0.0,0.0,0.0,0.0,0.0,30.725,0.0,0.0,2025-05-12_12:00_16:00,4.0,pay_as_bid,675.0,675.0,675.0,675.0,0.0,0.0,0.0,0.0,0.0,0.0,0.0,0.0,45.84736262158049,2.5,0.0,2.5,2.225,5.069584630851125
2025-05-12 13:15:00+02:00,plant_1,2.5,-35.0,32.93,-2.0700000000000003,0.0,0.0,-3.31,29.62,2.5,0.0,0.0,0.0,14.67,47.6,83.54096470588236,68.87096470588236,35.94096470588236,0.0,0.0,0.0,0.0,0.0,0.0,9.238,0.0,0.0,2025-05-12_12:00_16:00,4.0,pay_as_bid,675.0,675.0,675.0,675.0,0.0,0.0,0.0,0.0,0.0,0.0,0.0,0.0,45.689282855404365,2.5,0.0,2.5,2.225,5.224502801703721
2025-05-12 13:30:00+02:00,plant_1,2.5,-35.0,32.93,-2.0700000000000003,0.0,0.0,1.65,34.58,2.5,0.0,0.0,0.0,10.7,43.629999999999995,83.54096470588236,72.84096470588236,39.910964705882364,0.0,0.0,0.0,0.0,0.0,0.0,37.951,0.0,0.0,2025-05-12_12:00_16:00,4.0,pay_as_bid,675.0,675.0,675.0,675.0,0.0,0.0,0.0,0.0,0.0,0.0,0.0,0.0,45.53124260916979,2.5,0.0,2.5,2.225,5.379382243013605
2025-05-12 13:45:00+02:00,plant_1,2.5,-35.0,32.93,-2.0700000000000003,0.0,0.0,12.61,45.54,2.5,0.0,0.0,0.0,17.13,50.06,83.54096470588236,66.41096470588236,33.48096470588236,0.0,0.0,0.0,0.0,0.0,0.0,38.525,0.0,0.0,2025-05-12_12:00_16:00,4.0,pay_as_bid,675.0,675.0,675.0,675.0,0.0,0.0,0.0,0.0,0.0,0.0,0.0,0.0,45.37324187299677,2.5,0.0,2.5,2.225,5.5342229644631615
2025-05-12 14:00:00+02:00,plant_1,2.5,-29.9,32.93,3.030000000000001,0.0,0.0,-7.95,24.98,2.5,0.0,0.0,0.0,13.42,46.35,83.54096470588236,70.12096470588236,37.19096470588236,0.0,0.0,0.0,0.0,0.0,0.0,45.292,0.0,0.0,2025-05-12_12:00_16:00,4.0,pay_as_bid,675.0,675.0,675.0,675.0,0.0,0.0,0.0,0.0,0.0,0.0,0.0,0.0,45.21528063700781,2.5,0.0,2.5,2.225,5.689024975732355
2025-05-12 14:15:00+02:00,plant_1,2.5,-29.9,32.93,3.030000000000001,0.0,0.0,1.51,34.44,2.5,0.0,0.0,0.0,18.99,51.92,83.54096470588236,64.55096470588236,31.620964705882358,0.0,0.0,0.0,0.0,0.0,0.0,28.289,0.0,0.0,2025-05-12_12:00_16:00,4.0,pay_as_bid,675.0,675.0,675.0,675.0,0.0,0.0,0.0,0.0,0.0,0.0,0.0,0.0,45.05735889132782,2.5,0.0,2.5,2.225,5.843788286498732
2025-05-12 14:30:00+02:00,plant_1,2.5,-29.9,32.93,3.030000000000001,0.0,0.0,24.22,57.15,2.5,0.0,0.0,0.0,-18.99,13.940000000000001,83.54096470588236,102.53096470588235,69.60096470588236,0.0,0.0,0.0,0.0,0.0,0.0,72.63,0.0,0.0,2025-05-12_12:00_16:00,4.0,pay_as_bid,675.0,675.0,675.0,675.0,0.0,0.0,0.0,0.0,0.0,0.0,0.0,0.0,44.899476626084265,2.5,0.0,2.5,2.225,5.998512906437417
2025-05-12 14:45:00+02:00,plant_1,2.5,-29.9,32.93,3.030000000000001,0.0,2.5,60.84,93.77000000000001,0.0,10.0,2.5,2.5,9.15,42.08,83.54096470588236,74.39096470588235,41.46096470588236,185.9774117647059,103.6524117647059,0.0,2.5,0.0,2.5,60.127,0.0,0.0,2025-05-12_12:00_16:00,4.0,pay_as_bid,675.0,675.0,675.0,675.0,0.0,0.0,0.0,0.0,0.0,0.0,0.0,2.5,44.74163383140702,2.5,0.0,2.5,2.225,6.153198845221118
2025-05-12 15:00:00+02:00,plant_1,2.5,-8.59,32.93,24.34,0.0,0.0,19.24,52.17,2.5,0.0,0.0,0.0,27.85,60.78,83.54096470588236,55.69096470588236,22.76096470588236,0.0,0.0,0.0,0.0,0.0,0.0,3.384,0.0,0.0,2025-05-12_12:00_16:00,4.0,pay_as_bid,675.0,675.0,675.0,675.0,0.0,0.0,0.0,0.0,0.0,0.0,0.0,0.0,44.52860222055069,2.5,0.0,2.5,2.1725,6.361969823860329
2025-05-12 15:15:00+02:00,plant_1,2.5,-8.59,32.93,24.34,0.0,2.5,51.47,84.4,0.0,10.0,2.5,2.5,-1.21,31.72,83.54096470588236,84.75096470588235,51.82096470588236,211.87741176470587,129.5524117647059,0.0,2.5,0.0,2.5,64.009,0.0,0.0,2025-05-12_12:00_16:00,4.0,pay_as_bid,675.0,675.0,675.0,675.0,0.0,0.0,0.0,0.0,0.0,0.0,0.0,2.5,44.31562386759706,2.5,0.0,2.5,2.1725,6.570688609754879
2025-05-12 15:30:00+02:00,plant_1,2.5,-8.59,32.93,24.34,0.0,2.5,89.48,122.41,0.0,0.0,0.0,0.0,81.52,114.44999999999999,83.54096470588236,2.0209647058823634,-30.90903529411763,0.0,0.0,0.0,0.0,0.0,0.0,0.075,0.0,0.0,2025-05-12_12:00_16:00,4.0,pay_as_bid,675.0,675.0,675.0,675.0,0.0,0.0,0.0,0.0,0.0,0.0,0.0,2.5,46.60269875923168,0.0,0.0,0.0,2.1725,4.329355215952956
2025-05-12 15:45:00+02:00,plant_1,2.5,-8.59,32.93,24.34,0.0,2.5,101.61,134.54,0.0,0.0,0.0,0.0,86.53,119.46000000000001,83.54096470588236,-2.9890352941176417,-35.91903529411765,0.0,0.0,0.0,0.0,0.0,0.0,0.0,0.0,0.0,2025-05-12_12:00_16:00,4.0,pay_as_bid,675.0,675.0,675.0,675.0,0.0,0.0,0.0,0.0,0.0,0.0,0.0,2.5,48.88920188214339,0.0,0.0,0.0,2.1725,2.0885821554994832
2025-05-12 16:00:00+02:00,plant_1,2.5,-0.01,32.93,32.92,0.0,2.5,68.43,101.36000000000001,0.0,10.0,2.5,2.5,-77.07,-44.13999999999999,83.54096470588236,160.61096470588234,127.68096470588236,401.52741176470585,319.2024117647059,0.0,2.5,0.0,2.5,75.013,0.0,0.0,2025-05-12_16:00_20:00,4.0,pay_as_bid,475.73,475.73,475.73,475.73,0.0,0.0,0.0,0.0,0.0,0.0,0.0,2.5,48.63568461007597,2.5,0.0,2.5,2.135,2.337029082125557
2025-05-12 16:15:00+02:00,plant_1,2.5,-0.01,32.93,32.92,0.0,2.5,84.07,117.0,0.0,10.0,2.5,2.5,10.37,43.3,83.54096470588236,73.17096470588235,40.24096470588236,182.92741176470588,100.6024117647059,0.0,2.5,0.0,2.5,13.209,0.0,0.0,2025-05-12_16:00_20:00,4.0,pay_as_bid,475.73,475.73,475.73,475.73,0.0,0.0,0.0,0.0,0.0,0.0,0.0,2.5,48.38223071732656,2.5,0.0,2.5,2.135,2.585413897019974
2025-05-12 16:30:00+02:00,plant_1,2.5,-0.01,32.93,32.92,0.0,2.5,104.61,137.54,0.0,10.0,2.5,2.5,24.93,57.86,83.54096470588236,58.61096470588236,25.68096470588236,146.5274117647059,64.2024117647059,0.0,2.5,0.0,2.5,7.708,0.0,0.0,2025-05-12_16:00_20:00,4.0,pay_as_bid,475.73,475.73,475.73,475.73,0.0,0.0,0.0,0.0,0.0,0.0,0.0,2.5,48.12884018805034,2.5,0.0,2.5,2.135,2.8337366157106674
2025-05-12 16:45:00+02:00,plant_1,2.5,-0.01,32.93,32.92,0.0,2.5,116.27,149.2,0.0,0.0,0.0,0.0,65.33,98.25999999999999,83.54096470588236,18.21096470588236,-14.719035294117631,0.0,0.0,0.0,0.0,0.0,0.0,0.015,0.0,0.0,2025-05-12_16:00_20:00,4.0,pay_as_bid,475.73,475.73,475.73,475.73,0.0,0.0,0.0,0.0,0.0,0.0,0.0,2.5,50.37551300640644,0.0,0.0,0.0,2.135,0.6319972537216882
2025-05-12 17:00:00+02:00,plant_1,0.0,72.58,32.93,105.50999999999999,0.0,0.0,93.94,126.87,0.0,10.0,2.5,2.5,20.28,53.21,83.54096470588236,63.26096470588236,30.33096470588236,158.1524117647059,75.8274117647059,0.0,2.5,0.0,2.5,33.583,0.0,0.0,2025-05-12_16:00_20:00,4.0,pay_as_bid,475.73,475.73,475.73,475.73,0.0,0.0,0.0,0.0,0.0,0.0,0.0,2.5,50.08480530530611,2.5,0.0,2.5,2.1,0.9168908008000103
2025-05-12 17:15:00+02:00,plant_1,0.0,72.58,32.93,105.50999999999999,0.0,0.0,101.32,134.25,0.0,10.0,2.5,2.5,24.31,57.239999999999995,83.54096470588236,59.23096470588236,26.300964705882365,148.0774117647059,65.75241176470591,0.0,2.5,0.0,2.5,13.204,0.0,0.0,2025-05-12_16:00_20:00,4.0,pay_as_bid,475.73,475.73,475.73,475.73,0.0,0.0,0.0,0.0,0.0,0.0,0.0,2.5,49.79417028113106,2.5,0.0,2.5,2.1,1.2017131244915626
2025-05-12 17:30:00+02:00,plant_1,0.0,72.58,32.93,105.50999999999999,0.0,0.0,139.2,172.13,0.0,0.0,0.0,0.0,72.22,105.15,83.54096470588236,11.32096470588236,-21.609035294117646,0.0,0.0,0.0,0.0,0.0,0.0,0.079,0.0,0.0,2025-05-12_16:00_20:00,4.0,pay_as_bid,475.73,475.73,475.73,475.73,0.0,0.0,0.0,0.0,0.0,0.0,0.0,2.5,51.02040816326531,0.0,0.9346296846758735,0.0,1.1653703153241266,0.0
2025-05-12 17:45:00+02:00,plant_1,0.0,72.58,32.93,105.50999999999999,0.0,0.0,245.44,278.37,0.0,0.0,0.0,0.0,0.0,32.93,83.54096470588236,83.54096470588236,50.61096470588236,0.0,0.0,0.0,0.0,0.0,0.0,0.0,0.0,0.0,2025-05-12_16:00_20:00,4.0,pay_as_bid,475.73,475.73,475.73,475.73,0.0,0.0,0.0,0.0,0.0,0.0,0.0,2.5,51.02040816326531,0.0,2.1,0.0,0.0,0.0
2025-05-12 18:00:00+02:00,plant_1,0.0,107.12,32.93,140.05,0.0,0.0,308.67,341.6,0.0,10.0,2.5,2.5,28.52,61.45,83.54096470588236,55.02096470588236,22.090964705882357,137.5524117647059,55.22741176470589,0.0,2.5,0.0,2.5,3.818,0.0,0.0,2025-05-12_16:00_20:00,4.0,pay_as_bid,475.73,475.73,475.73,475.73,0.0,0.0,0.0,0.0,0.0,0.0,0.0,2.5,50.72953923837576,2.5,0.0,2.5,2.1,0.28505154639175245
2025-05-12 18:15:00+02:00,plant_1,0.0,107.12,32.93,140.05,0.0,0.0,206.43,239.36,0.0,0.0,0.0,0.0,66.8,99.72999999999999,83.54096470588236,16.740964705882362,-16.18903529411763,0.0,0.0,0.0,0.0,0.0,0.0,0.123,0.0,0.0,2025-05-12_16:00_20:00,4.0,pay_as_bid,475.73,475.73,475.73,475.73,0.0,0.0,0.0,0.0,0.0,0.0,0.0,2.5,51.02040816326531,0.0,1.8235691250000001,0.0,0.27643087499999985,0.0
2025-05-12 18:30:00+02:00,plant_1,0.0,107.12,32.93,140.05,0.0,0.0,172.42,205.35,0.0,0.0,0.0,0.0,0.0,32.93,83.54096470588236,83.54096470588236,50.61096470588236,0.0,0.0,0.0,0.0,0.0,0.0,0.0,0.0,0.0,2025-05-12_16:00_20:00,4.0,pay_as_bid,475.73,475.73,475.73,475.73,0.0,0.0,0.0,0.0,0.0,0.0,0.0,2.5,51.02040816326531,0.0,2.1,0.0,0.0,0.0
2025-05-12 18:45:00+02:00,plant_1,0.0,107.12,32.93,140.05,0.0,0.0,150.52,183.45000000000002,0.0,0.0,0.0,0.0,0.0,32.93,83.54096470588236,83.54096470588236,50.61096470588236,0.0,0.0,0.0,0.0,0.0,0.0,0.0,0.0,0.0,2025-05-12_16:00_20:00,4.0,pay_as_bid,475.73,475.73,475.73,475.73,0.0,0.0,0.0,0.0,0.0,0.0,0.0,2.5,51.02040816326531,0.0,2.1,0.0,0.0,0.0
2025-05-12 19:00:00+02:00,plant_1,0.0,141.41,32.93,174.34,0.0,0.0,222.41,255.34,0.0,0.0,0.0,0.0,0.0,32.93,83.54096470588236,83.54096470588236,50.61096470588236,0.0,0.0,0.0,0.0,0.0,0.0,0.0,0.0,0.0,2025-05-12_16:00_20:00,4.0,pay_as_bid,475.73,475.73,475.73,475.73,0.0,0.0,0.0,0.0,0.0,0.0,0.0,2.5,51.02040816326531,0.0,2.1,0.0,0.0,0.0
2025-05-12 19:15:00+02:00,plant_1,0.0,141.41,32.93,174.34,0.0,0.0,117.27,150.2,0.0,0.0,0.0,0.0,0.0,32.93,83.54096470588236,83.54096470588236,50.61096470588236,0.0,0.0,0.0,0.0,0.0,0.0,0.0,0.0,0.0,2025-05-12_16:00_20:00,4.0,pay_as_bid,475.73,475.73,475.73,475.73,0.0,0.0,0.0,0.0,0.0,0.0,0.0,2.5,51.02040816326531,0.0,2.1,0.0,0.0,0.0
2025-05-12 19:30:00+02:00,plant_1,0.0,141.41,32.93,174.34,0.0,0.0,96.84,129.77,0.0,0.0,0.0,0.0,0.0,32.93,83.54096470588236,83.54096470588236,50.61096470588236,0.0,0.0,0.0,0.0,0.0,0.0,0.0,0.0,0.0,2025-05-12_16:00_20:00,4.0,pay_as_bid,475.73,475.73,475.73,475.73,0.0,0.0,0.0,0.0,0.0,0.0,0.0,2.5,51.02040816326531,0.0,2.1,0.0,0.0,0.0
2025-05-12 19:45:00+02:00,plant_1,0.0,141.41,32.93,174.34,0.0,0.0,85.51,118.44,0.0,10.0,2.5,2.5,22.21,55.14,83.54096470588236,61.33096470588236,28.40096470588236,153.3274117647059,71.0024117647059,0.0,2.5,0.0,2.5,16.247,0.0,0.0,2025-05-12_16:00_20:00,4.0,pay_as_bid,475.73,475.73,475.73,475.73,0.0,0.0,0.0,0.0,0.0,0.0,0.0,2.5,50.72953923837576,2.5,0.0,2.5,2.1,0.28505154639175245
2025-05-12 20:00:00+02:00,plant_1,0.0,172.7,32.93,205.63,0.0,0.0,112.21,145.14,0.0,0.0,0.0,0.0,68.48,101.41,83.54096470588236,15.060964705882355,-17.869035294117637,0.0,0.0,0.0,0.0,0.0,0.0,1.304,0.0,0.0,2025-05-12_20:00_00:00,4.0,pay_as_bid,34.0,34.0,34.0,34.0,0.0,0.0,0.0,0.0,0.0,0.0,0.0,2.5,51.02040816326531,0.0,1.8235691250000001,0.0,0.27643087499999985,0.0
2025-05-12 20:15:00+02:00,plant_1,0.0,172.7,32.93,205.63,0.0,0.0,103.99,136.92,0.0,10.0,2.5,2.5,35.09,68.02000000000001,83.54096470588236,48.450964705882356,15.52096470588235,121.1274117647059,38.80241176470587,0.0,2.5,0.0,2.5,3.619,0.0,0.0,2025-05-12_20:00_00:00,4.0,pay_as_bid,34.0,34.0,34.0,34.0,0.0,0.0,0.0,0.0,0.0,0.0,0.0,2.5,50.72953923837576,2.5,0.0,2.5,2.1,0.28505154639175245
2025-05-12 20:30:00+02:00,plant_1,0.0,172.7,32.93,205.63,0.0,0.0,94.23,127.16,0.0,10.0,2.5,2.5,17.85,50.78,83.54096470588236,65.69096470588235,32.76096470588236,164.2274117647059,81.9024117647059,0.0,2.5,0.0,2.5,17.551,0.0,0.0,2025-05-12_20:00_00:00,4.0,pay_as_bid,34.0,34.0,34.0,34.0,0.0,0.0,0.0,0.0,0.0,0.0,0.0,2.5,50.43874303071745,2.5,0.0,2.5,2.1,0.5700318298969069
2025-05-12 20:45:00+02:00,plant_1,0.0,172.7,32.93,205.63,0.0,0.0,86.66,119.59,0.0,10.0,2.5,2.5,15.6,48.53,83.54096470588236,67.94096470588237,35.01096470588236,169.85241176470592,87.5274117647059,0.0,2.5,0.0,2.5,29.296,0.0,0.0,2025-05-12_20:00_00:00,4.0,pay_as_bid,34.0,34.0,34.0,34.0,0.0,0.0,0.0,0.0,0.0,0.0,0.0,2.5,50.148019522111035,2.5,0.0,2.5,2.1,0.8549408683311852
2025-05-12 21:00:00+02:00,plant_1,0.0,117.25,32.93,150.18,0.0,0.0,104.69,137.62,0.0,10.0,2.5,2.5,37.74,70.67,83.54096470588236,45.80096470588236,12.870964705882358,114.5024117647059,32.177411764705894,0.0,2.5,0.0,2.5,3.232,0.0,0.0,2025-05-12_20:00_00:00,4.0,pay_as_bid,34.0,34.0,34.0,34.0,0.0,0.0,0.0,0.0,0.0,0.0,0.0,2.5,49.85736869438178,2.5,0.0,2.5,2.1,1.1397786795058549
2025-05-12 21:15:00+02:00,plant_1,0.0,117.25,32.93,150.18,0.0,0.0,95.54,128.47,0.0,10.0,2.5,2.5,12.7,45.629999999999995,83.54096470588236,70.84096470588236,37.910964705882364,177.1024117647059,94.7774117647059,0.0,2.5,0.0,2.5,26.69,0.0,0.0,2025-05-12_20:00_00:00,4.0,pay_as_bid,34.0,34.0,34.0,34.0,0.0,0.0,0.0,0.0,0.0,0.0,0.0,2.5,49.56679052935946,2.5,0.0,2.5,2.1,1.4245452812277308
2025-05-12 21:30:00+02:00,plant_1,0.0,117.25,32.93,150.18,0.0,0.0,84.09,117.02000000000001,0.0,10.0,2.5,2.5,7.09,40.019999999999996,83.54096470588236,76.45096470588236,43.52096470588236,191.1274117647059,108.80241176470591,0.0,2.5,0.0,2.5,55.464,0.0,0.0,2025-05-12_20:00_00:00,4.0,pay_as_bid,34.0,34.0,34.0,34.0,0.0,0.0,0.0,0.0,0.0,0.0,0.0,2.5,49.27628500887839,2.5,0.0,2.5,2.1,1.7092406912991764
2025-05-12 21:45:00+02:00,plant_1,0.0,117.25,32.93,150.18,0.0,0.0,74.1,107.03,0.0,10.0,2.5,2.5,17.07,50.0,83.54096470588236,66.47096470588235,33.54096470588236,166.17741176470588,83.85241176470589,0.0,2.5,0.0,2.5,38.169,0.0,0.0,2025-05-12_20:00_00:00,4.0,pay_as_bid,34.0,34.0,34.0,34.0,0.0,0.0,0.0,0.0,0.0,0.0,0.0,2.5,48.985852114777444,2.5,0.0,2.5,2.1,1.9938649275181042
2025-05-12 22:00:00+02:00,plant_1,0.0,100.11,32.93,133.04,0.0,0.0,94.26,127.19,0.0,0.0,0.0,0.0,69.9,102.83000000000001,83.54096470588236,13.640964705882354,-19.289035294117653,0.0,0.0,0.0,0.0,0.0,0.0,1.397,0.0,0.0,2025-05-12_20:00_00:00,4.0,pay_as_bid,34.0,34.0,34.0,34.0,0.0,0.0,0.0,0.0,0.0,0.0,0.0,2.5,51.02040816326531,0.0,0.1664345325523624,0.0,1.9335654674476377,0.0
2025-05-12 22:15:00+02:00,plant_1,0.0,100.11,32.93,133.04,0.0,0.0,90.79,123.72,0.0,0.0,0.0,0.0,66.13,99.06,83.54096470588236,17.410964705882364,-15.519035294117643,0.0,0.0,0.0,0.0,0.0,0.0,0.054,0.0,0.0,2025-05-12_20:00_00:00,4.0,pay_as_bid,34.0,34.0,34.0,34.0,0.0,0.0,0.0,0.0,0.0,0.0,0.0,2.5,51.02040816326531,0.0,2.1,0.0,0.0,0.0
2025-05-12 22:30:00+02:00,plant_1,0.0,100.11,32.93,133.04,0.0,0.0,85.68,118.61000000000001,0.0,10.0,2.5,0.199,48.9,81.83,83.54096470588236,34.64096470588236,1.7109647058823612,6.89355197647059,0.34048197647058986,0.0,2.5,0.0,0.199,0.199,0.0,0.0,2025-05-12_20:00_00:00,4.0,pay_as_bid,34.0,34.0,34.0,34.0,0.0,0.0,0.0,0.0,0.0,0.0,0.0,2.5,51.02040816326531,0.199,1.9108306000000002,0.199,0.1891694,0.0
2025-05-12 22:45:00+02:00,plant_1,0.0,100.11,32.93,133.04,0.0,0.0,81.17,114.1,0.0,10.0,2.5,0.988,44.77,77.7,83.54096470588236,38.770964705882356,5.840964705882357,38.30571312941177,5.770873129411768,0.0,2.5,0.0,0.988,0.988,0.0,0.0,2025-05-12_20:00_00:00,4.0,pay_as_bid,34.0,34.0,34.0,34.0,0.0,0.0,0.0,0.0,0.0,0.0,0.0,2.5,51.02040816326531,0.988,1.1608072000000003,0.988,0.9391927999999999,0.0
2025-05-12 23:00:00+02:00,plant_1,0.0,92.97,32.93,125.9,0.0,0.0,88.31,121.24000000000001,0.0,0.0,0.0,0.0,66.7,99.63,83.54096470588236,16.840964705882357,-16.089035294117636,0.0,0.0,0.0,0.0,0.0,0.0,0.159,0.0,0.0,2025-05-12_20:00_00:00,4.0,pay_as_bid,34.0,34.0,34.0,34.0,0.0,0.0,0.0,0.0,0.0,0.0,0.0,2.5,51.02040816326531,0.0,2.0875,0.0,0.0,0.0
2025-05-12 23:15:00+02:00,plant_1,0.0,92.97,32.93,125.9,0.0,0.0,82.95,115.88,0.0,0.0,0.0,0.0,65.02,97.94999999999999,83.54096470588236,18.520964705882363,-14.40903529411763,0.0,0.0,0.0,0.0,0.0,0.0,0.144,0.0,0.0,2025-05-12_20:00_00:00,4.0,pay_as_bid,34.0,34.0,34.0,34.0,0.0,0.0,0.0,0.0,0.0,0.0,0.0,2.5,51.02040816326531,0.0,2.0875,0.0,0.0,0.0
2025-05-12 23:30:00+02:00,plant_1,0.0,92.97,32.93,125.9,0.0,0.0,83.06,115.99000000000001,0.0,0.0,0.0,0.0,56.69,89.62,83.54096470588236,26.85096470588236,-6.079035294117645,0.0,0.0,0.0,0.0,0.0,0.0,0.202,0.0,0.0,2025-05-12_20:00_00:00,4.0,pay_as_bid,34.0,34.0,34.0,34.0,0.0,0.0,0.0,0.0,0.0,0.0,0.0,2.5,51.02040816326531,0.0,2.0875,0.0,0.0,0.0
2025-05-12 23:45:00+02:00,plant_1,0.0,92.97,32.93,125.9,0.0,0.0,86.54,119.47,0.0,0.0,0.0,0.0,77.76,110.69,83.54096470588236,5.780964705882354,-27.14903529411764,0.0,0.0,0.0,0.0,0.0,0.0,0.119,0.0,0.0,2025-05-12_20:00_00:00,4.0,pay_as_bid,34.0,34.0,34.0,34.0,0.0,0.0,0.0,0.0,0.0,0.0,0.0,2.5,51.02040816326531,0.0,2.0875,0.0,0.0,0.0
2025-05-13 00:00:00+02:00,plant_1,0.0,89.87,32.93,122.80000000000001,0.0,0.0,81.76,114.69,0.0,0.0,0.0,0.0,0.0,32.93,83.54096470588236,83.54096470588236,50.61096470588236,0.0,0.0,0.0,0.0,0.0,0.0,0.0,0.0,0.0,2025-05-13_00:00_04:00,4.0,pay_as_bid,29.64,29.64,29.64,29.64,0.0,0.0,0.0,0.0,0.0,0.0,0.0,2.5,51.02040816326531,0.0,2.0875,0.0,0.0,0.0
2025-05-13 00:15:00+02:00,plant_1,0.0,89.87,32.93,122.80000000000001,0.0,0.0,85.82,118.75,0.0,0.0,0.0,0.0,70.18,103.11000000000001,83.54096470588236,13.360964705882353,-19.569035294117654,0.0,0.0,0.0,0.0,0.0,0.0,0.063,0.0,0.0,2025-05-13_00:00_04:00,4.0,pay_as_bid,29.64,29.64,29.64,29.64,0.0,0.0,0.0,0.0,0.0,0.0,0.0,2.5,51.02040816326531,0.0,2.0875,0.0,0.0,0.0
2025-05-13 00:30:00+02:00,plant_1,0.0,89.87,32.93,122.80000000000001,0.0,0.0,96.24,129.17,0.0,0.0,0.0,0.0,0.0,32.93,83.54096470588236,83.54096470588236,50.61096470588236,0.0,0.0,0.0,0.0,0.0,0.0,0.0,0.0,0.0,2025-05-13_00:00_04:00,4.0,pay_as_bid,29.64,29.64,29.64,29.64,0.0,0.0,0.0,0.0,0.0,0.0,0.0,2.5,51.02040816326531,0.0,2.0875,0.0,0.0,0.0
2025-05-13 00:45:00+02:00,plant_1,0.0,89.87,32.93,122.80000000000001,0.0,0.0,98.32,131.25,0.0,0.0,0.0,0.0,0.0,32.93,83.54096470588236,83.54096470588236,50.61096470588236,0.0,0.0,0.0,0.0,0.0,0.0,0.0,0.0,0.0,2025-05-13_00:00_04:00,4.0,pay_as_bid,29.64,29.64,29.64,29.64,0.0,0.0,0.0,0.0,0.0,0.0,0.0,2.5,51.02040816326531,0.0,2.0875,0.0,0.0,0.0
2025-05-13 01:00:00+02:00,plant_1,0.0,88.55,32.93,121.47999999999999,0.0,0.0,88.29,121.22,0.0,0.0,0.0,0.0,62.96,95.89,83.54096470588236,20.58096470588236,-12.349035294117641,0.0,0.0,0.0,0.0,0.0,0.0,0.447,0.0,0.0,2025-05-13_00:00_04:00,4.0,pay_as_bid,29.64,29.64,29.64,29.64,0.0,0.0,0.0,0.0,0.0,0.0,0.0,2.5,51.02040816326531,0.0,2.0875,0.0,0.0,0.0
2025-05-13 01:15:00+02:00,plant_1,0.0,88.55,32.93,121.47999999999999,0.0,0.0,96.85,129.78,0.0,0.0,0.0,0.0,0.0,32.93,83.54096470588236,83.54096470588236,50.61096470588236,0.0,0.0,0.0,0.0,0.0,0.0,0.0,0.0,0.0,2025-05-13_00:00_04:00,4.0,pay_as_bid,29.64,29.64,29.64,29.64,0.0,0.0,0.0,0.0,0.0,0.0,0.0,2.5,51.02040816326531,0.0,2.0875,0.0,0.0,0.0
2025-05-13 01:30:00+02:00,plant_1,0.0,88.55,32.93,121.47999999999999,0.0,0.0,102.73,135.66,0.0,0.0,0.0,0.0,0.0,32.93,83.54096470588236,83.54096470588236,50.61096470588236,0.0,0.0,0.0,0.0,0.0,0.0,0.0,0.0,0.0,2025-05-13_00:00_04:00,4.0,pay_as_bid,29.64,29.64,29.64,29.64,0.0,0.0,0.0,0.0,0.0,0.0,0.0,2.5,51.02040816326531,0.0,2.0875,0.0,0.0,0.0
2025-05-13 01:45:00+02:00,plant_1,0.0,88.55,32.93,121.47999999999999,0.0,0.0,109.38,142.31,0.0,0.0,0.0,0.0,0.0,32.93,83.54096470588236,83.54096470588236,50.61096470588236,0.0,0.0,0.0,0.0,0.0,0.0,0.0,0.0,0.0,2025-05-13_00:00_04:00,4.0,pay_as_bid,29.64,29.64,29.64,29.64,0.0,0.0,0.0,0.0,0.0,0.0,0.0,2.5,51.02040816326531,0.0,2.0875,0.0,0.0,0.0
2025-05-13 02:00:00+02:00,plant_1,0.0,89.2,32.93,122.13,0.0,0.0,89.39,122.32,0.0,0.0,0.0,0.0,0.0,32.93,83.54096470588236,83.54096470588236,50.61096470588236,0.0,0.0,0.0,0.0,0.0,0.0,0.0,0.0,0.0,2025-05-13_00:00_04:00,4.0,pay_as_bid,29.64,29.64,29.64,29.64,0.0,0.0,0.0,0.0,0.0,0.0,0.0,2.5,51.02040816326531,0.0,2.0875,0.0,0.0,0.0
2025-05-13 02:15:00+02:00,plant_1,0.0,89.2,32.93,122.13,0.0,0.0,96.88,129.81,0.0,0.0,0.0,0.0,104.78,137.71,83.54096470588236,-21.23903529411764,-54.16903529411765,0.0,0.0,0.0,0.0,0.0,0.0,0.008,0.0,0.0,2025-05-13_00:00_04:00,4.0,pay_as_bid,29.64,29.64,29.64,29.64,0.0,0.0,0.0,0.0,0.0,0.0,0.0,2.5,51.02040816326531,0.0,2.0875,0.0,0.0,0.0
2025-05-13 02:30:00+02:00,plant_1,0.0,89.2,32.93,122.13,0.0,0.0,110.25,143.18,0.0,0.0,0.0,0.0,0.0,32.93,83.54096470588236,83.54096470588236,50.61096470588236,0.0,0.0,0.0,0.0,0.0,0.0,0.0,0.0,0.0,2025-05-13_00:00_04:00,4.0,pay_as_bid,29.64,29.64,29.64,29.64,0.0,0.0,0.0,0.0,0.0,0.0,0.0,2.5,51.02040816326531,0.0,2.0875,0.0,0.0,0.0
2025-05-13 02:45:00+02:00,plant_1,0.0,89.2,32.93,122.13,0.0,0.0,115.03,147.96,0.0,10.0,2.5,2.5,40.08,73.00999999999999,83.54096470588236,43.46096470588236,10.530964705882369,108.6524117647059,26.32741176470592,0.0,2.5,0.0,2.5,3.839,0.0,0.0,2025-05-13_00:00_04:00,4.0,pay_as_bid,29.64,29.64,29.64,29.64,0.0,0.0,0.0,0.0,0.0,0.0,0.0,2.5,50.71638964864296,2.5,0.0,2.5,2.0875,0.29793814432989674
2025-05-13 03:00:00+02:00,plant_1,0.0,93.94,32.93,126.87,0.0,0.0,91.25,124.18,0.0,0.0,0.0,0.0,57.61,90.53999999999999,83.54096470588236,25.93096470588236,-6.999035294117633,0.0,0.0,0.0,0.0,0.0,0.0,3.713,0.0,0.0,2025-05-13_00:00_04:00,4.0,pay_as_bid,29.64,29.64,29.64,29.64,0.0,0.0,0.0,0.0,0.0,0.0,0.0,2.5,51.02040816326531,0.0,1.79857225,0.0,0.2889277499999998,0.0
2025-05-13 03:15:00+02:00,plant_1,0.0,93.94,32.93,126.87,0.0,0.0,99.02,131.95,0.0,0.0,0.0,0.0,62.15,95.08,83.54096470588236,21.39096470588236,-11.539035294117639,0.0,0.0,0.0,0.0,0.0,0.0,0.986,0.0,0.0,2025-05-13_00:00_04:00,4.0,pay_as_bid,29.64,29.64,29.64,29.64,0.0,0.0,0.0,0.0,0.0,0.0,0.0,2.5,51.02040816326531,0.0,2.0875,0.0,0.0,0.0
2025-05-13 03:30:00+02:00,plant_1,0.0,93.94,32.93,126.87,0.0,0.0,109.57,142.5,0.0,0.0,0.0,0.0,56.59,89.52000000000001,83.54096470588236,26.950964705882356,-5.979035294117651,0.0,0.0,0.0,0.0,0.0,0.0,3.356,0.0,0.0,2025-05-13_00:00_04:00,4.0,pay_as_bid,29.64,29.64,29.64,29.64,0.0,0.0,0.0,0.0,0.0,0.0,0.0,2.5,51.02040816326531,0.0,2.0875,0.0,0.0,0.0
2025-05-13 03:45:00+02:00,plant_1,0.0,93.94,32.93,126.87,0.0,0.0,114.8,147.73,0.0,0.0,0.0,0.0,54.44,87.37,83.54096470588236,29.10096470588236,-3.829035294117645,0.0,0.0,0.0,0.0,0.0,0.0,12.64,0.0,0.0,2025-05-13_00:00_04:00,4.0,pay_as_bid,29.64,29.64,29.64,29.64,0.0,0.0,0.0,0.0,0.0,0.0,0.0,2.5,51.02040816326531,0.0,2.0875,0.0,0.0,0.0
2025-05-13 04:00:00+02:00,plant_1,0.0,96.71,32.93,129.64,0.0,0.0,107.92,140.85,0.0,0.0,0.0,0.0,58.92,91.85,83.54096470588236,24.620964705882358,-8.309035294117635,0.0,0.0,0.0,0.0,0.0,0.0,12.674,0.0,0.0,2025-05-13_04:00_08:00,4.0,pay_as_bid,14.15,14.15,14.15,14.15,0.0,0.0,0.0,0.0,0.0,0.0,0.0,2.5,51.02040816326531,0.0,2.0875,0.0,0.0,0.0
2025-05-13 04:15:00+02:00,plant_1,0.0,96.71,32.93,129.64,0.0,0.0,121.88,154.81,0.0,0.0,0.0,0.0,78.99,111.91999999999999,83.54096470588236,4.550964705882365,-28.379035294117628,0.0,0.0,0.0,0.0,0.0,0.0,0.107,0.0,0.0,2025-05-13_04:00_08:00,4.0,pay_as_bid,14.15,14.15,14.15,14.15,0.0,0.0,0.0,0.0,0.0,0.0,0.0,2.5,51.02040816326531,0.0,2.0875,0.0,0.0,0.0
2025-05-13 04:30:00+02:00,plant_1,0.0,96.71,32.93,129.64,0.0,0.0,130.62,163.55,0.0,0.0,0.0,0.0,81.84,114.77000000000001,83.54096470588236,1.700964705882356,-31.22903529411765,0.0,0.0,0.0,0.0,0.0,0.0,0.032,0.0,0.0,2025-05-13_04:00_08:00,4.0,pay_as_bid,14.15,14.15,14.15,14.15,0.0,0.0,0.0,0.0,0.0,0.0,0.0,2.5,51.02040816326531,0.0,2.0875,0.0,0.0,0.0
2025-05-13 04:45:00+02:00,plant_1,0.0,96.71,32.93,129.64,0.0,0.0,130.21,163.14000000000001,0.0,0.0,0.0,0.0,0.0,32.93,83.54096470588236,83.54096470588236,50.61096470588236,0.0,0.0,0.0,0.0,0.0,0.0,0.0,0.0,0.0,2025-05-13_04:00_08:00,4.0,pay_as_bid,14.15,14.15,14.15,14.15,0.0,0.0,0.0,0.0,0.0,0.0,0.0,2.5,51.02040816326531,0.0,2.0875,0.0,0.0,0.0
2025-05-13 05:00:00+02:00,plant_1,0.0,104.0,32.93,136.93,0.0,0.0,160.25,193.18,0.0,0.0,0.0,0.0,0.0,32.93,83.54096470588236,83.54096470588236,50.61096470588236,0.0,0.0,0.0,0.0,0.0,0.0,0.0,0.0,0.0,2025-05-13_04:00_08:00,4.0,pay_as_bid,14.15,14.15,14.15,14.15,0.0,0.0,0.0,0.0,0.0,0.0,0.0,2.5,51.02040816326531,0.0,2.0875,0.0,0.0,0.0
2025-05-13 05:15:00+02:00,plant_1,0.0,104.0,32.93,136.93,0.0,0.0,136.47,169.4,0.0,0.0,0.0,0.0,0.0,32.93,83.54096470588236,83.54096470588236,50.61096470588236,0.0,0.0,0.0,0.0,0.0,0.0,0.0,0.0,0.0,2025-05-13_04:00_08:00,4.0,pay_as_bid,14.15,14.15,14.15,14.15,0.0,0.0,0.0,0.0,0.0,0.0,0.0,2.5,51.02040816326531,0.0,2.0875,0.0,0.0,0.0
2025-05-13 05:30:00+02:00,plant_1,0.0,104.0,32.93,136.93,0.0,0.0,114.75,147.68,0.0,0.0,0.0,0.0,0.0,32.93,83.54096470588236,83.54096470588236,50.61096470588236,0.0,0.0,0.0,0.0,0.0,0.0,0.0,0.0,0.0,2025-05-13_04:00_08:00,4.0,pay_as_bid,14.15,14.15,14.15,14.15,0.0,0.0,0.0,0.0,0.0,0.0,0.0,2.5,51.02040816326531,0.0,2.0875,0.0,0.0,0.0
2025-05-13 05:45:00+02:00,plant_1,0.0,104.0,32.93,136.93,0.0,0.0,95.32,128.25,0.0,0.0,0.0,0.0,78.02,110.94999999999999,83.54096470588236,5.520964705882363,-27.40903529411763,0.0,0.0,0.0,0.0,0.0,0.0,0.026,0.0,0.0,2025-05-13_04:00_08:00,4.0,pay_as_bid,14.15,14.15,14.15,14.15,0.0,0.0,0.0,0.0,0.0,0.0,0.0,2.5,51.02040816326531,0.0,2.0875,0.0,0.0,0.0
2025-05-13 06:00:00+02:00,plant_1,0.0,136.77,32.93,169.70000000000002,0.0,0.0,129.74,162.67000000000002,0.0,0.0,0.0,0.0,89.1,122.03,83.54096470588236,-5.559035294117635,-38.48903529411764,0.0,0.0,0.0,0.0,0.0,0.0,0.049,0.0,0.0,2025-05-13_04:00_08:00,4.0,pay_as_bid,14.15,14.15,14.15,14.15,0.0,0.0,0.0,0.0,0.0,0.0,0.0,2.5,51.02040816326531,0.0,2.0875,0.0,0.0,0.0
2025-05-13 06:15:00+02:00,plant_1,0.0,136.77,32.93,169.70000000000002,0.0,0.0,108.92,141.85,0.0,0.0,0.0,0.0,90.28,123.21000000000001,83.54096470588236,-6.739035294117642,-39.66903529411765,0.0,0.0,0.0,0.0,0.0,0.0,0.045,0.0,0.0,2025-05-13_04:00_08:00,4.0,pay_as_bid,14.15,14.15,14.15,14.15,0.0,0.0,0.0,0.0,0.0,0.0,0.0,2.5,51.02040816326531,0.0,2.0875,0.0,0.0,0.0
2025-05-13 06:30:00+02:00,plant_1,0.0,136.77,32.93,169.70000000000002,0.0,0.0,85.72,118.65,0.0,0.0,0.0,0.0,77.43,110.36000000000001,83.54096470588236,6.110964705882353,-26.819035294117654,0.0,0.0,0.0,0.0,0.0,0.0,0.545,0.0,0.0,2025-05-13_04:00_08:00,4.0,pay_as_bid,14.15,14.15,14.15,14.15,0.0,0.0,0.0,0.0,0.0,0.0,0.0,2.5,51.02040816326531,0.0,2.0875,0.0,0.0,0.0
2025-05-13 06:45:00+02:00,plant_1,0.0,136.77,32.93,169.70000000000002,0.0,0.0,70.2,103.13,0.0,0.0,0.0,0.0,80.48,113.41,83.54096470588236,3.0609647058823555,-29.869035294117637,0.0,0.0,0.0,0.0,0.0,0.0,0.269,0.0,0.0,2025-05-13_04:00_08:00,4.0,pay_as_bid,14.15,14.15,14.15,14.15,0.0,0.0,0.0,0.0,0.0,0.0,0.0,2.5,51.02040816326531,0.0,2.0875,0.0,0.0,0.0
2025-05-13 07:00:00+02:00,plant_1,0.0,128.33,32.93,161.26000000000002,0.0,0.0,106.62,139.55,0.0,0.0,0.0,0.0,59.39,92.32,83.54096470588236,24.15096470588236,-8.779035294117634,0.0,0.0,0.0,0.0,0.0,0.0,4.051,0.0,0.0,2025-05-13_04:00_08:00,4.0,pay_as_bid,14.15,14.15,14.15,14.15,0.0,0.0,0.0,0.0,0.0,0.0,0.0,2.5,51.02040816326531,0.0,2.135,0.0,0.0,0.0
2025-05-13 07:15:00+02:00,plant_1,0.0,128.33,32.93,161.26000000000002,0.0,0.0,101.2,134.13,0.0,0.0,0.0,0.0,56.81,89.74000000000001,83.54096470588236,26.730964705882357,-6.19903529411765,0.0,0.0,0.0,0.0,0.0,0.0,3.091,0.0,0.0,2025-05-13_04:00_08:00,4.0,pay_as_bid,14.15,14.15,14.15,14.15,0.0,0.0,0.0,0.0,0.0,0.0,0.0,2.5,51.02040816326531,0.0,2.135,0.0,0.0,0.0
2025-05-13 07:30:00+02:00,plant_1,0.0,128.33,32.93,161.26000000000002,0.0,0.0,67.04,99.97,0.0,10.0,2.5,2.5,40.83,73.75999999999999,83.54096470588236,42.71096470588236,9.780964705882369,106.7774117647059,24.45241176470592,0.0,2.5,0.0,2.5,25.729,0.0,0.0,2025-05-13_04:00_08:00,4.0,pay_as_bid,14.15,14.15,14.15,14.15,0.0,0.0,0.0,0.0,0.0,0.0,0.0,2.5,50.76635808962761,2.5,0.0,2.5,2.135,0.24896907216494846
2025-05-13 07:45:00+02:00,plant_1,0.0,128.33,32.93,161.26000000000002,2.5,0.0,25.46,58.39,2.5,0.0,0.0,0.0,29.45,62.379999999999995,83.54096470588236,54.09096470588236,21.160964705882364,0.0,0.0,0.0,0.0,0.0,0.0,54.182,0.0,0.0,2025-05-13_04:00_08:00,4.0,pay_as_bid,14.15,14.15,14.15,14.15,0.0,0.0,0.0,0.0,0.0,0.0,0.0,0.0,50.51237152850831,2.5,0.0,2.5,2.135,0.4978759020618557
2025-05-13 08:00:00+02:00,plant_1,0.0,100.42,32.93,133.35,0.0,0.0,72.73,105.66,0.0,10.0,2.5,2.5,33.56,66.49000000000001,83.54096470588236,49.98096470588236,17.05096470588235,124.95241176470589,42.627411764705876,2.5,0.0,2.5,0.0,30.953,0.0,0.0,2025-05-13_08:00_12:00,4.0,pay_as_bid,149.53,149.53,149.53,149.53,10.0,2.5,373.825,53.67620588235296,0.0,320.148794117647,2.5,2.5,50.297897233227694,2.5,0.0,2.5,2.1725,0.7080607114368559
2025-05-13 08:15:00+02:00,plant_1,0.0,100.42,32.93,133.35,0.0,0.0,18.81,51.739999999999995,0.0,10.0,2.5,2.5,25.8,58.730000000000004,83.54096470588236,57.74096470588236,24.810964705882355,144.3524117647059,62.02741176470589,2.5,0.0,2.5,0.0,26.861,0.0,0.0,2025-05-13_08:00_12:00,4.0,pay_as_bid,149.53,149.53,149.53,149.53,10.0,2.5,373.825,53.67620588235296,0.0,320.148794117647,2.5,2.5,50.08347655652091,2.5,0.0,2.5,2.1725,0.9181929746095123
2025-05-13 08:30:00+02:00,plant_1,0.0,100.42,32.93,133.35,0.0,0.0,-7.68,25.25,0.0,10.0,2.5,2.5,43.38,76.31,83.54096470588236,40.16096470588236,7.230964705882357,100.40241176470589,18.077411764705893,2.5,0.0,2.5,0.0,8.811,0.0,0.0,2025-05-13_08:00_12:00,4.0,pay_as_bid,149.53,149.53,149.53,149.53,10.0,2.5,373.825,53.67620588235296,0.0,320.148794117647,2.5,2.5,49.86910948498329,2.5,0.0,2.5,2.1725,1.1282727047163754
2025-05-13 08:45:00+02:00,plant_1,0.0,100.42,32.93,133.35,0.0,0.0,-28.36,4.57,0.0,10.0,2.5,2.5,6.43,39.36,83.54096470588236,77.11096470588237,44.18096470588236,192.7774117647059,110.4524117647059,2.5,0.0,2.5,0.0,107.264,0.0,0.0,2025-05-13_08:00_12:00,4.0,pay_as_bid,149.53,149.53,149.53,149.53,10.0,2.5,373.825,53.67620588235296,0.0,320.148794117647,2.5,2.5,49.65479600521356,2.5,0.0,2.5,2.1725,1.338299914890712
2025-05-13 09:00:00+02:00,plant_1,0.0,79.36,32.93,112.28999999999999,0.0,0.0,7.76,40.69,0.0,10.0,2.5,2.5,6.61,39.54,83.54096470588236,76.93096470588236,44.00096470588236,192.32741176470591,110.0024117647059,2.5,0.0,2.5,0.0,125.709,0.0,0.0,2025-05-13_08:00_12:00,4.0,pay_as_bid,149.53,149.53,149.53,149.53,10.0,2.5,373.825,53.67620588235296,0.0,320.148794117647,2.5,2.5,49.49576438069153,2.5,0.0,2.5,2.225,1.4941509069222985
2025-05-13 09:15:00+02:00,plant_1,0.0,79.36,32.93,112.28999999999999,0.0,0.0,-5.73,27.2,0.0,10.0,2.5,2.5,-27.56,5.370000000000001,83.54096470588236,111.10096470588236,78.17096470588235,277.7524117647059,195.42741176470588,2.5,0.0,2.5,0.0,134.954,0.0,0.0,2025-05-13_08:00_12:00,4.0,pay_as_bid,149.53,149.53,149.53,149.53,10.0,2.5,373.825,53.67620588235296,0.0,320.148794117647,2.5,2.5,49.33677251407564,2.5,0.0,2.5,2.225,1.6499629362058772
2025-05-13 09:30:00+02:00,plant_1,0.0,79.36,32.93,112.28999999999999,0.0,0.0,-12.54,20.39,0.0,10.0,2.5,2.5,-25.23,7.699999999999999,83.54096470588236,108.77096470588236,75.84096470588236,271.9274117647059,189.6024117647059,2.5,0.0,2.5,0.0,69.428,0.0,0.0,2025-05-13_08:00_12:00,4.0,pay_as_bid,149.53,149.53,149.53,149.53,10.0,2.5,373.825,53.67620588235296,0.0,320.148794117647,2.5,2.5,49.177820395426394,2.5,0.0,2.5,2.225,1.805736012482135
2025-05-13 09:45:00+02:00,plant_1,0.0,79.36,32.93,112.28999999999999,0.0,0.0,-31.04,1.8900000000000006,0.0,10.0,2.5,2.5,-29.57,3.3599999999999994,83.54096470588236,113.11096470588237,80.18096470588236,282.7774117647059,200.45241176470591,2.5,0.0,2.5,0.0,106.934,0.0,0.0,2025-05-13_08:00_12:00,4.0,pay_as_bid,149.53,149.53,149.53,149.53,10.0,2.5,373.825,53.67620588235296,0.0,320.148794117647,2.5,2.5,49.01890801480681,2.5,0.0,2.5,2.225,1.9614701454893235
2025-05-13 10:00:00+02:00,plant_1,0.0,16.09,32.93,49.019999999999996,0.0,0.0,-12.5,20.43,0.0,10.0,2.5,2.5,-5.93,27.0,83.54096470588236,89.47096470588235,56.54096470588236,223.67741176470588,141.3524117647059,2.5,0.0,2.5,0.0,37.236,0.0,0.0,2025-05-13_08:00_12:00,4.0,pay_as_bid,149.53,149.53,149.53,149.53,10.0,2.5,373.825,53.67620588235296,0.0,320.148794117647,2.5,2.5,48.86003536228239,2.5,0.0,2.5,2.225,2.1171653449632606
2025-05-13 10:15:00+02:00,plant_1,0.0,16.09,32.93,49.019999999999996,0.0,0.0,-10.94,21.990000000000002,0.0,10.0,2.5,2.5,22.58,55.51,83.54096470588236,60.96096470588236,28.03096470588236,152.4024117647059,70.0774117647059,2.5,0.0,2.5,0.0,12.148,0.0,0.0,2025-05-13_08:00_12:00,4.0,pay_as_bid,149.53,149.53,149.53,149.53,10.0,2.5,373.825,53.67620588235296,0.0,320.148794117647,2.5,2.5,48.70120242792109,2.5,0.0,2.5,2.225,2.272821620637329
2025-05-13 10:30:00+02:00,plant_1,0.0,16.09,32.93,49.019999999999996,0.0,0.0,-15.63,17.299999999999997,0.0,10.0,2.5,2.5,-9.58,23.35,83.54096470588236,93.12096470588236,60.19096470588236,232.80241176470588,150.4774117647059,2.5,0.0,2.5,0.0,36.46,0.0,0.0,2025-05-13_08:00_12:00,4.0,pay_as_bid,149.53,149.53,149.53,149.53,10.0,2.5,373.825,53.67620588235296,0.0,320.148794117647,2.5,2.5,48.54240920179339,2.5,0.0,2.5,2.225,2.428438982242479
2025-05-13 10:45:00+02:00,plant_1,0.0,16.09,32.93,49.019999999999996,0.0,0.0,-20.19,12.739999999999998,0.0,10.0,2.5,2.5,19.14,52.07,83.54096470588236,64.40096470588236,31.47096470588236,161.0024117647059,78.6774117647059,2.5,0.0,2.5,0.0,28.39,0.0,0.0,2025-05-13_08:00_12:00,4.0,pay_as_bid,149.53,149.53,149.53,149.53,10.0,2.5,373.825,53.67620588235296,0.0,320.148794117647,2.5,2.5,48.383655673972214,2.5,0.0,2.5,2.225,2.5840174395072273
2025-05-13 11:00:00+02:00,plant_1,0.0,-0.75,32.93,32.18,0.0,0.0,-7.97,24.96,0.0,10.0,2.5,2.5,18.57,51.5,83.54096470588236,64.97096470588235,32.04096470588236,162.42741176470588,80.10241176470589,2.5,0.0,2.5,0.0,6.715,0.0,0.0,2025-05-13_08:00_12:00,4.0,pay_as_bid,149.53,149.53,149.53,149.53,10.0,2.5,373.825,53.67620588235296,0.0,320.148794117647,2.5,2.5,48.224941834533,2.5,0.0,2.5,2.225,2.73955700215766
2025-05-13 11:15:00+02:00,plant_1,0.0,-0.75,32.93,32.18,0.0,0.0,-11.21,21.72,0.0,10.0,2.5,2.5,-1.2,31.73,83.54096470588236,84.74096470588236,51.810964705882355,211.8524117647059,129.5274117647059,2.5,0.0,2.5,0.0,22.423,0.0,0.0,2025-05-13_08:00_12:00,4.0,pay_as_bid,149.53,149.53,149.53,149.53,10.0,2.5,373.825,53.67620588235296,0.0,320.148794117647,2.5,2.5,48.06626767355365,2.5,0.0,2.5,2.225,2.8950576799174295
2025-05-13 11:30:00+02:00,plant_1,0.0,-0.75,32.93,32.18,0.0,0.0,-14.91,18.02,0.0,10.0,2.5,2.5,0.33,33.26,83.54096470588236,83.21096470588236,50.28096470588236,208.0274117647059,125.7024117647059,2.5,0.0,2.5,0.0,20.917,0.0,0.0,2025-05-13_08:00_12:00,4.0,pay_as_bid,149.53,149.53,149.53,149.53,10.0,2.5,373.825,53.67620588235296,0.0,320.148794117647,2.5,2.5,47.907633181114534,2.5,0.0,2.5,2.225,3.0505194825077595
2025-05-13 11:45:00+02:00,plant_1,0.0,-0.75,32.93,32.18,0.0,0.0,-20.97,11.96,0.0,10.0,2.5,2.5,-10.29,22.64,83.54096470588236,93.83096470588237,60.90096470588236,234.57741176470591,152.2524117647059,2.5,0.0,2.5,0.0,43.797,0.0,0.0,2025-05-13_08:00_12:00,4.0,pay_as_bid,149.53,149.53,149.53,149.53,10.0,2.5,373.825,53.67620588235296,0.0,320.148794117647,2.5,2.5,47.74903834729853,2.5,0.0,2.5,2.225,3.205942419647442
2025-05-13 12:00:00+02:00,plant_1,2.5,-6.0,32.93,26.93,0.0,0.0,-34.45,-1.5200000000000031,2.5,0.0,0.0,0.0,42.2,75.13,83.54096470588236,41.34096470588236,8.410964705882364,0.0,0.0,0.0,0.0,0.0,0.0,7.178,0.0,0.0,2025-05-13_12:00_16:00,4.0,pay_as_bid,240.0,240.0,240.0,240.0,0.0,0.0,0.0,0.0,0.0,0.0,0.0,0.0,47.590483162190985,2.5,0.0,2.5,2.225,3.3613265010528393
2025-05-13 12:15:00+02:00,plant_1,2.5,-6.0,32.93,26.93,0.0,0.0,-12.82,20.11,2.5,0.0,0.0,0.0,-5.02,27.91,83.54096470588236,88.56096470588236,55.63096470588236,0.0,0.0,0.0,0.0,0.0,0.0,20.891,0.0,0.0,2025-05-13_12:00_16:00,4.0,pay_as_bid,240.0,240.0,240.0,240.0,0.0,0.0,0.0,0.0,0.0,0.0,0.0,0.0,47.43196761587971,2.5,0.0,2.5,2.225,3.5166717364378854
2025-05-13 12:30:00+02:00,plant_1,2.5,-6.0,32.93,26.93,0.0,0.0,-9.11,23.82,2.5,0.0,0.0,0.0,-12.19,20.740000000000002,83.54096470588236,95.73096470588236,62.80096470588236,0.0,0.0,0.0,0.0,0.0,0.0,40.306,0.0,0.0,2025-05-13_12:00_16:00,4.0,pay_as_bid,240.0,240.0,240.0,240.0,0.0,0.0,0.0,0.0,0.0,0.0,0.0,0.0,47.27349169845501,2.5,0.0,2.5,2.225,3.671978135514085
2025-05-13 12:45:00+02:00,plant_1,2.5,-6.0,32.93,26.93,0.0,0.0,-10.05,22.88,2.5,0.0,0.0,0.0,-14.63,18.299999999999997,83.54096470588236,98.17096470588235,65.24096470588236,0.0,0.0,0.0,0.0,0.0,0.0,179.077,0.0,0.0,2025-05-13_12:00_16:00,4.0,pay_as_bid,240.0,240.0,240.0,240.0,0.0,0.0,0.0,0.0,0.0,0.0,0.0,0.0,47.11505540000968,2.5,0.0,2.5,2.225,3.8272457079905156
2025-05-13 13:00:00+02:00,plant_1,2.5,-16.0,32.93,16.93,0.0,0.0,-17.22,15.71,2.5,0.0,0.0,0.0,9.74,42.67,83.54096470588236,73.80096470588236,40.87096470588236,0.0,0.0,0.0,0.0,0.0,0.0,17.163,0.0,0.0,2025-05-13_12:00_16:00,4.0,pay_as_bid,240.0,240.0,240.0,240.0,0.0,0.0,0.0,0.0,0.0,0.0,0.0,0.0,46.95665871063895,2.5,0.0,2.5,2.225,3.982474463573827
2025-05-13 13:15:00+02:00,plant_1,2.5,-16.0,32.93,16.93,0.0,0.0,-7.93,25.0,2.5,0.0,0.0,0.0,12.62,45.55,83.54096470588236,70.92096470588235,37.99096470588236,0.0,0.0,0.0,0.0,0.0,0.0,15.617,0.0,0.0,2025-05-13_12:00_16:00,4.0,pay_as_bid,240.0,240.0,240.0,240.0,0.0,0.0,0.0,0.0,0.0,0.0,0.0,0.0,46.79830162044057,2.5,0.0,2.5,2.225,4.1376644119682435
2025-05-13 13:30:00+02:00,plant_1,2.5,-16.0,32.93,16.93,0.0,0.0,-5.84,27.09,2.5,0.0,0.0,0.0,37.28,70.21000000000001,83.54096470588236,46.26096470588236,13.330964705882351,0.0,0.0,0.0,0.0,0.0,0.0,0.091,0.0,0.0,2025-05-13_12:00_16:00,4.0,pay_as_bid,240.0,240.0,240.0,240.0,0.0,0.0,0.0,0.0,0.0,0.0,0.0,0.0,46.639984119514736,2.5,0.0,2.5,2.225,4.29281556287556
2025-05-13 13:45:00+02:00,plant_1,2.5,-16.0,32.93,16.93,0.0,0.0,6.08,39.01,2.5,0.0,0.0,0.0,0.0,32.93,83.54096470588236,83.54096470588236,50.61096470588236,0.0,0.0,0.0,0.0,0.0,0.0,0.0,0.0,0.0,2025-05-13_12:00_16:00,4.0,pay_as_bid,240.0,240.0,240.0,240.0,0.0,0.0,0.0,0.0,0.0,0.0,0.0,0.0,46.48170619796413,2.5,0.0,2.5,2.225,4.447927925995151
2025-05-13 14:00:00+02:00,plant_1,2.5,-6.55,32.93,26.38,0.0,0.0,-28.67,4.259999999999998,2.5,0.0,0.0,0.0,9.75,42.68,83.54096470588236,73.79096470588236,40.86096470588236,0.0,0.0,0.0,0.0,0.0,0.0,22.899,0.0,0.0,2025-05-13_12:00_16:00,4.0,pay_as_bid,240.0,240.0,240.0,240.0,0.0,0.0,0.0,0.0,0.0,0.0,0.0,0.0,46.323467845893916,2.5,0.0,2.5,2.225,4.603001511023962
2025-05-13 14:15:00+02:00,plant_1,2.5,-6.55,32.93,26.38,0.0,0.0,-9.14,23.79,2.5,0.0,0.0,0.0,11.1,44.03,83.54096470588236,72.44096470588237,39.51096470588236,0.0,0.0,0.0,0.0,0.0,0.0,58.088,0.0,0.0,2025-05-13_12:00_16:00,4.0,pay_as_bid,240.0,240.0,240.0,240.0,0.0,0.0,0.0,0.0,0.0,0.0,0.0,0.0,46.16526905341172,2.5,0.0,2.5,2.225,4.758036327656516
2025-05-13 14:30:00+02:00,plant_1,2.5,-6.55,32.93,26.38,0.0,0.0,4.0,36.93,2.5,0.0,0.0,0.0,18.25,51.18,83.54096470588236,65.29096470588236,32.36096470588236,0.0,0.0,0.0,0.0,0.0,0.0,10.981,0.0,0.0,2025-05-13_12:00_16:00,4.0,pay_as_bid,240.0,240.0,240.0,240.0,0.0,0.0,0.0,0.0,0.0,0.0,0.0,0.0,46.00710981062764,2.5,0.0,2.5,2.225,4.913032385584911
2025-05-13 14:45:00+02:00,plant_1,2.5,-6.55,32.93,26.38,0.0,2.5,60.23,93.16,0.0,0.0,0.0,0.0,87.4,120.33000000000001,83.54096470588236,-3.8590352941176462,-36.78903529411765,0.0,0.0,0.0,0.0,0.0,0.0,0.0,0.0,0.0,2025-05-13_12:00_16:00,4.0,pay_as_bid,240.0,240.0,240.0,240.0,0.0,0.0,0.0,0.0,0.0,0.0,0.0,2.5,48.34899010765426,0.0,0.0,0.0,2.225,2.617989694498824
2025-05-13 15:00:00+02:00,plant_1,2.5,-3.83,32.93,29.1,0.0,0.0,10.94,43.87,2.5,0.0,0.0,0.0,9.9,42.83,83.54096470588236,73.64096470588235,40.71096470588236,0.0,0.0,0.0,0.0,0.0,0.0,31.436,0.0,0.0,2025-05-13_12:00_16:00,4.0,pay_as_bid,240.0,240.0,240.0,240.0,0.0,0.0,0.0,0.0,0.0,0.0,0.0,0.0,48.13505665772887,2.5,0.0,2.5,2.1725,2.827644475425715
2025-05-13 15:15:00+02:00,plant_1,2.5,-3.83,32.93,29.1,0.0,2.5,57.31,90.24000000000001,0.0,10.0,2.5,2.5,3.9,36.83,83.54096470588236,79.64096470588235,46.71096470588236,199.1024117647059,116.7774117647059,0.0,2.5,0.0,2.5,32.408,0.0,0.0,2025-05-13_12:00_16:00,4.0,pay_as_bid,240.0,240.0,240.0,240.0,0.0,0.0,0.0,0.0,0.0,0.0,0.0,2.5,47.92117669116595,2.5,0.0,2.5,2.1725,3.037246842657374
2025-05-13 15:30:00+02:00,plant_1,2.5,-3.83,32.93,29.1,0.0,2.5,91.35,124.28,0.0,0.0,0.0,0.0,65.36,98.28999999999999,83.54096470588236,18.18096470588236,-14.749035294117633,0.0,0.0,0.0,0.0,0.0,0.0,0.614,0.0,0.0,2025-05-13_12:00_16:00,4.0,pay_as_bid,240.0,240.0,240.0,240.0,0.0,0.0,0.0,0.0,0.0,0.0,0.0,2.5,50.20735019459467,0.0,0.0,0.0,2.1725,0.7967968092972253
2025-05-13 15:45:00+02:00,plant_1,2.5,-3.83,32.93,29.1,0.0,2.5,116.75,149.68,0.0,10.0,2.5,1.433,47.37,80.3,83.54096470588236,36.17096470588236,3.2409647058823623,51.832992423529426,4.6443024235294255,0.0,2.5,0.0,1.433,1.433,0.0,0.0,2025-05-13_12:00_16:00,4.0,pay_as_bid,240.0,240.0,240.0,240.0,0.0,0.0,0.0,0.0,0.0,0.0,0.0,2.5,51.02040816326531,1.433,0.03759051820794612,1.433,2.1349094817920538,0.0
2025-05-13 16:00:00+02:00,plant_1,2.5,0.55,32.93,33.48,0.0,2.5,76.54,109.47,0.0,10.0,2.5,2.5,23.08,56.01,83.54096470588236,60.46096470588236,27.53096470588236,151.1524117647059,68.8274117647059,0.0,2.5,0.0,2.5,11.292,0.0,0.0,2025-05-13_16:00_20:00,4.0,pay_as_bid,99.41,99.41,99.41,99.41,0.0,0.0,0.0,0.0,0.0,0.0,0.0,2.5,50.76635808962761,2.5,0.0,2.5,2.135,0.24896907216494846
2025-05-13 16:15:00+02:00,plant_1,2.5,0.55,32.93,33.48,0.0,2.5,89.35,122.28,0.0,10.0,2.5,2.5,26.28,59.21,83.54096470588236,57.26096470588236,24.33096470588236,143.1524117647059,60.8274117647059,0.0,2.5,0.0,2.5,4.587,0.0,0.0,2025-05-13_16:00_20:00,4.0,pay_as_bid,99.41,99.41,99.41,99.41,0.0,0.0,0.0,0.0,0.0,0.0,0.0,2.5,50.51237152850831,2.5,0.0,2.5,2.135,0.4978759020618557
2025-05-13 16:30:00+02:00,plant_1,2.5,0.55,32.93,33.48,0.0,2.5,118.7,151.63,0.0,0.0,0.0,0.0,0.0,32.93,83.54096470588236,83.54096470588236,50.61096470588236,0.0,0.0,0.0,0.0,0.0,0.0,0.0,0.0,0.0,2025-05-13_16:00_20:00,4.0,pay_as_bid,99.41,99.41,99.41,99.41,0.0,0.0,0.0,0.0,0.0,0.0,0.0,2.5,51.02040816326531,0.0,1.6521811099062498,0.0,0.48281889009375,0.0
2025-05-13 16:45:00+02:00,plant_1,2.5,0.55,32.93,33.48,0.0,2.5,126.94,159.87,0.0,0.0,0.0,0.0,0.0,32.93,83.54096470588236,83.54096470588236,50.61096470588236,0.0,0.0,0.0,0.0,0.0,0.0,0.0,0.0,0.0,2025-05-13_16:00_20:00,4.0,pay_as_bid,99.41,99.41,99.41,99.41,0.0,0.0,0.0,0.0,0.0,0.0,0.0,2.5,51.02040816326531,0.0,2.135,0.0,0.0,0.0
2025-05-13 17:00:00+02:00,plant_1,0.0,74.0,32.93,106.93,0.0,0.0,115.77,148.7,0.0,10.0,2.5,2.5,39.12,72.05,83.54096470588236,44.42096470588236,11.490964705882362,111.05241176470591,28.727411764705906,0.0,2.5,0.0,2.5,6.242,0.0,0.0,2025-05-13_16:00_20:00,4.0,pay_as_bid,99.41,99.41,99.41,99.41,0.0,0.0,0.0,0.0,0.0,0.0,0.0,2.5,50.72953923837576,2.5,0.0,2.5,2.1,0.28505154639175245
2025-05-13 17:15:00+02:00,plant_1,0.0,74.0,32.93,106.93,0.0,0.0,139.17,172.1,0.0,10.0,2.5,2.5,16.26,49.19,83.54096470588236,67.28096470588235,34.35096470588236,168.2024117647059,85.8774117647059,0.0,2.5,0.0,2.5,21.595,0.0,0.0,2025-05-13_16:00_20:00,4.0,pay_as_bid,99.41,99.41,99.41,99.41,0.0,0.0,0.0,0.0,0.0,0.0,0.0,2.5,50.43874303071745,2.5,0.0,2.5,2.1,0.5700318298969069
2025-05-13 17:30:00+02:00,plant_1,0.0,74.0,32.93,106.93,0.0,0.0,220.79,253.72,0.0,0.0,0.0,0.0,0.0,32.93,83.54096470588236,83.54096470588236,50.61096470588236,0.0,0.0,0.0,0.0,0.0,0.0,0.0,0.0,0.0,2025-05-13_16:00_20:00,4.0,pay_as_bid,99.41,99.41,99.41,99.41,0.0,0.0,0.0,0.0,0.0,0.0,0.0,2.5,51.02040816326531,0.0,1.5472073577187504,0.0,0.5527926422812497,0.0
2025-05-13 17:45:00+02:00,plant_1,0.0,74.0,32.93,106.93,0.0,0.0,296.31,329.24,0.0,0.0,0.0,0.0,65.04,97.97,83.54096470588236,18.500964705882353,-14.42903529411764,0.0,0.0,0.0,0.0,0.0,0.0,0.015,0.0,0.0,2025-05-13_16:00_20:00,4.0,pay_as_bid,99.41,99.41,99.41,99.41,0.0,0.0,0.0,0.0,0.0,0.0,0.0,2.5,51.02040816326531,0.0,2.1,0.0,0.0,0.0
2025-05-13 18:00:00+02:00,plant_1,0.0,105.23,32.93,138.16,0.0,0.0,279.64,312.57,0.0,10.0,2.5,2.5,28.79,61.72,83.54096470588236,54.75096470588236,21.82096470588236,136.8774117647059,54.5524117647059,0.0,2.5,0.0,2.5,15.055,0.0,0.0,2025-05-13_16:00_20:00,4.0,pay_as_bid,99.41,99.41,99.41,99.41,0.0,0.0,0.0,0.0,0.0,0.0,0.0,2.5,50.72953923837576,2.5,0.0,2.5,2.1,0.28505154639175245
2025-05-13 18:15:00+02:00,plant_1,0.0,105.23,32.93,138.16,0.0,0.0,274.34,307.27,0.0,10.0,2.5,2.5,27.6,60.53,83.54096470588236,55.94096470588236,23.01096470588236,139.8524117647059,57.527411764705896,0.0,2.5,0.0,2.5,22.971,0.0,0.0,2025-05-13_16:00_20:00,4.0,pay_as_bid,99.41,99.41,99.41,99.41,0.0,0.0,0.0,0.0,0.0,0.0,0.0,2.5,50.43874303071745,2.5,0.0,2.5,2.1,0.5700318298969069
2025-05-13 18:30:00+02:00,plant_1,0.0,105.23,32.93,138.16,0.0,0.0,240.83,273.76,0.0,10.0,2.5,2.5,18.52,51.45,83.54096470588236,65.02096470588236,32.09096470588236,162.5524117647059,80.22741176470589,0.0,2.5,0.0,2.5,14.443,0.0,0.0,2025-05-13_16:00_20:00,4.0,pay_as_bid,99.41,99.41,99.41,99.41,0.0,0.0,0.0,0.0,0.0,0.0,0.0,2.5,50.148019522111035,2.5,0.0,2.5,2.1,0.8549408683311852
2025-05-13 18:45:00+02:00,plant_1,0.0,105.23,32.93,138.16,0.0,0.0,204.97,237.9,0.0,0.0,0.0,0.0,69.76,102.69,83.54096470588236,13.780964705882354,-19.14903529411764,0.0,0.0,0.0,0.0,0.0,0.0,0.091,0.0,0.0,2025-05-13_16:00_20:00,4.0,pay_as_bid,99.41,99.41,99.41,99.41,0.0,0.0,0.0,0.0,0.0,0.0,0.0,2.5,51.02040816326531,0.0,1.2709146808793208,0.0,0.8290853191206793,0.0
2025-05-13 19:00:00+02:00,plant_1,0.0,151.07,32.93,184.0,0.0,0.0,222.92,255.85,0.0,0.0,0.0,0.0,0.0,32.93,83.54096470588236,83.54096470588236,50.61096470588236,0.0,0.0,0.0,0.0,0.0,0.0,0.0,0.0,0.0,2025-05-13_16:00_20:00,4.0,pay_as_bid,99.41,99.41,99.41,99.41,0.0,0.0,0.0,0.0,0.0,0.0,0.0,2.5,51.02040816326531,0.0,2.1,0.0,0.0,0.0
2025-05-13 19:15:00+02:00,plant_1,0.0,151.07,32.93,184.0,0.0,0.0,168.33,201.26000000000002,0.0,0.0,0.0,0.0,0.0,32.93,83.54096470588236,83.54096470588236,50.61096470588236,0.0,0.0,0.0,0.0,0.0,0.0,0.0,0.0,0.0,2025-05-13_16:00_20:00,4.0,pay_as_bid,99.41,99.41,99.41,99.41,0.0,0.0,0.0,0.0,0.0,0.0,0.0,2.5,51.02040816326531,0.0,2.1,0.0,0.0,0.0
2025-05-13 19:30:00+02:00,plant_1,0.0,151.07,32.93,184.0,0.0,0.0,130.99,163.92000000000002,0.0,0.0,0.0,0.0,0.0,32.93,83.54096470588236,83.54096470588236,50.61096470588236,0.0,0.0,0.0,0.0,0.0,0.0,0.0,0.0,0.0,2025-05-13_16:00_20:00,4.0,pay_as_bid,99.41,99.41,99.41,99.41,0.0,0.0,0.0,0.0,0.0,0.0,0.0,2.5,51.02040816326531,0.0,2.1,0.0,0.0,0.0
2025-05-13 19:45:00+02:00,plant_1,0.0,151.07,32.93,184.0,0.0,0.0,112.55,145.48,0.0,0.0,0.0,0.0,86.12,119.05000000000001,83.54096470588236,-2.579035294117645,-35.50903529411765,0.0,0.0,0.0,0.0,0.0,0.0,0.084,0.0,0.0,2025-05-13_16:00_20:00,4.0,pay_as_bid,99.41,99.41,99.41,99.41,0.0,0.0,0.0,0.0,0.0,0.0,0.0,2.5,51.02040816326531,0.0,2.1,0.0,0.0,0.0
2025-05-13 20:00:00+02:00,plant_1,0.0,223.58,32.93,256.51,0.0,0.0,140.58,173.51000000000002,0.0,0.0,0.0,0.0,0.0,32.93,83.54096470588236,83.54096470588236,50.61096470588236,0.0,0.0,0.0,0.0,0.0,0.0,0.0,0.0,0.0,2025-05-13_20:00_00:00,4.0,pay_as_bid,10.64,10.64,10.64,10.64,0.0,0.0,0.0,0.0,0.0,0.0,0.0,2.5,51.02040816326531,0.0,2.1,0.0,0.0,0.0
2025-05-13 20:15:00+02:00,plant_1,0.0,223.58,32.93,256.51,0.0,0.0,128.38,161.31,0.0,0.0,0.0,0.0,0.0,32.93,83.54096470588236,83.54096470588236,50.61096470588236,0.0,0.0,0.0,0.0,0.0,0.0,0.0,0.0,0.0,2025-05-13_20:00_00:00,4.0,pay_as_bid,10.64,10.64,10.64,10.64,0.0,0.0,0.0,0.0,0.0,0.0,0.0,2.5,51.02040816326531,0.0,2.1,0.0,0.0,0.0
2025-05-13 20:30:00+02:00,plant_1,0.0,223.58,32.93,256.51,0.0,0.0,119.13,152.06,0.0,0.0,0.0,0.0,0.0,32.93,83.54096470588236,83.54096470588236,50.61096470588236,0.0,0.0,0.0,0.0,0.0,0.0,0.0,0.0,0.0,2025-05-13_20:00_00:00,4.0,pay_as_bid,10.64,10.64,10.64,10.64,0.0,0.0,0.0,0.0,0.0,0.0,0.0,2.5,51.02040816326531,0.0,2.1,0.0,0.0,0.0
2025-05-13 20:45:00+02:00,plant_1,0.0,223.58,32.93,256.51,0.0,0.0,115.35,148.28,0.0,0.0,0.0,0.0,0.0,32.93,83.54096470588236,83.54096470588236,50.61096470588236,0.0,0.0,0.0,0.0,0.0,0.0,0.0,0.0,0.0,2025-05-13_20:00_00:00,4.0,pay_as_bid,10.64,10.64,10.64,10.64,0.0,0.0,0.0,0.0,0.0,0.0,0.0,2.5,51.02040816326531,0.0,2.1,0.0,0.0,0.0
2025-05-13 21:00:00+02:00,plant_1,0.0,148.96,32.93,181.89000000000001,0.0,0.0,150.2,183.13,0.0,0.0,0.0,0.0,0.0,32.93,83.54096470588236,83.54096470588236,50.61096470588236,0.0,0.0,0.0,0.0,0.0,0.0,0.0,0.0,0.0,2025-05-13_20:00_00:00,4.0,pay_as_bid,10.64,10.64,10.64,10.64,0.0,0.0,0.0,0.0,0.0,0.0,0.0,2.5,51.02040816326531,0.0,2.1,0.0,0.0,0.0
2025-05-13 21:15:00+02:00,plant_1,0.0,148.96,32.93,181.89000000000001,0.0,0.0,124.46,157.39,0.0,0.0,0.0,0.0,0.0,32.93,83.54096470588236,83.54096470588236,50.61096470588236,0.0,0.0,0.0,0.0,0.0,0.0,0.0,0.0,0.0,2025-05-13_20:00_00:00,4.0,pay_as_bid,10.64,10.64,10.64,10.64,0.0,0.0,0.0,0.0,0.0,0.0,0.0,2.5,51.02040816326531,0.0,2.1,0.0,0.0,0.0
2025-05-13 21:30:00+02:00,plant_1,0.0,148.96,32.93,181.89000000000001,0.0,0.0,112.87,145.8,0.0,0.0,0.0,0.0,0.0,32.93,83.54096470588236,83.54096470588236,50.61096470588236,0.0,0.0,0.0,0.0,0.0,0.0,0.0,0.0,0.0,2025-05-13_20:00_00:00,4.0,pay_as_bid,10.64,10.64,10.64,10.64,0.0,0.0,0.0,0.0,0.0,0.0,0.0,2.5,51.02040816326531,0.0,2.1,0.0,0.0,0.0
2025-05-13 21:45:00+02:00,plant_1,0.0,148.96,32.93,181.89000000000001,0.0,0.0,100.43,133.36,0.0,0.0,0.0,0.0,65.93,98.86000000000001,83.54096470588236,17.610964705882353,-15.319035294117654,0.0,0.0,0.0,0.0,0.0,0.0,3.339,0.0,0.0,2025-05-13_20:00_00:00,4.0,pay_as_bid,10.64,10.64,10.64,10.64,0.0,0.0,0.0,0.0,0.0,0.0,0.0,2.5,51.02040816326531,0.0,2.1,0.0,0.0,0.0
2025-05-13 22:00:00+02:00,plant_1,0.0,111.97,32.93,144.9,0.0,0.0,115.17,148.1,0.0,0.0,0.0,0.0,64.53,97.46000000000001,83.54096470588236,19.01096470588236,-13.919035294117649,0.0,0.0,0.0,0.0,0.0,0.0,5.49,0.0,0.0,2025-05-13_20:00_00:00,4.0,pay_as_bid,10.64,10.64,10.64,10.64,0.0,0.0,0.0,0.0,0.0,0.0,0.0,2.5,51.02040816326531,0.0,2.1,0.0,0.0,0.0
2025-05-13 22:15:00+02:00,plant_1,0.0,111.97,32.93,144.9,0.0,0.0,112.0,144.93,0.0,0.0,0.0,0.0,63.16,96.09,83.54096470588236,20.380964705882363,-12.549035294117644,0.0,0.0,0.0,0.0,0.0,0.0,17.357,0.0,0.0,2025-05-13_20:00_00:00,4.0,pay_as_bid,10.64,10.64,10.64,10.64,0.0,0.0,0.0,0.0,0.0,0.0,0.0,2.5,51.02040816326531,0.0,2.1,0.0,0.0,0.0
2025-05-13 22:30:00+02:00,plant_1,0.0,111.97,32.93,144.9,0.0,0.0,105.9,138.83,0.0,0.0,0.0,0.0,69.22,102.15,83.54096470588236,14.32096470588236,-18.609035294117646,0.0,0.0,0.0,0.0,0.0,0.0,6.589,0.0,0.0,2025-05-13_20:00_00:00,4.0,pay_as_bid,10.64,10.64,10.64,10.64,0.0,0.0,0.0,0.0,0.0,0.0,0.0,2.5,51.02040816326531,0.0,2.1,0.0,0.0,0.0
2025-05-13 22:45:00+02:00,plant_1,0.0,111.97,32.93,144.9,0.0,0.0,95.32,128.25,0.0,0.0,0.0,0.0,67.12,100.05000000000001,83.54096470588236,16.420964705882355,-16.509035294117652,0.0,0.0,0.0,0.0,0.0,0.0,3.33,0.0,0.0,2025-05-13_20:00_00:00,4.0,pay_as_bid,10.64,10.64,10.64,10.64,0.0,0.0,0.0,0.0,0.0,0.0,0.0,2.5,51.02040816326531,0.0,2.1,0.0,0.0,0.0
2025-05-13 23:00:00+02:00,plant_1,0.0,102.63,32.93,135.56,0.0,0.0,105.76,138.69,0.0,0.0,0.0,0.0,82.75,115.68,83.54096470588236,0.7909647058823595,-32.13903529411765,0.0,0.0,0.0,0.0,0.0,0.0,0.325,0.0,0.0,2025-05-13_20:00_00:00,4.0,pay_as_bid,10.64,10.64,10.64,10.64,0.0,0.0,0.0,0.0,0.0,0.0,0.0,2.5,51.02040816326531,0.0,2.0875,0.0,0.0,0.0
2025-05-13 23:15:00+02:00,plant_1,0.0,102.63,32.93,135.56,0.0,0.0,99.41,132.34,0.0,0.0,0.0,0.0,86.7,119.63,83.54096470588236,-3.1590352941176434,-36.089035294117636,0.0,0.0,0.0,0.0,0.0,0.0,0.085,0.0,0.0,2025-05-13_20:00_00:00,4.0,pay_as_bid,10.64,10.64,10.64,10.64,0.0,0.0,0.0,0.0,0.0,0.0,0.0,2.5,51.02040816326531,0.0,2.0875,0.0,0.0,0.0
2025-05-13 23:30:00+02:00,plant_1,0.0,102.63,32.93,135.56,0.0,0.0,99.01,131.94,0.0,0.0,0.0,0.0,0.0,32.93,83.54096470588236,83.54096470588236,50.61096470588236,0.0,0.0,0.0,0.0,0.0,0.0,0.0,0.0,0.0,2025-05-13_20:00_00:00,4.0,pay_as_bid,10.64,10.64,10.64,10.64,0.0,0.0,0.0,0.0,0.0,0.0,0.0,2.5,51.02040816326531,0.0,2.0875,0.0,0.0,0.0
2025-05-13 23:45:00+02:00,plant_1,0.0,102.63,32.93,135.56,0.0,0.0,100.36,133.29,0.0,0.0,0.0,0.0,0.0,32.93,83.54096470588236,83.54096470588236,50.61096470588236,0.0,0.0,0.0,0.0,0.0,0.0,0.0,0.0,0.0,2025-05-13_20:00_00:00,4.0,pay_as_bid,10.64,10.64,10.64,10.64,0.0,0.0,0.0,0.0,0.0,0.0,0.0,2.5,51.02040816326531,0.0,2.0875,0.0,0.0,0.0
2025-05-14 00:00:00+02:00,plant_1,0.0,102.78,32.93,135.71,0.0,0.0,101.94,134.87,0.0,0.0,0.0,0.0,0.0,32.93,83.54096470588236,83.54096470588236,50.61096470588236,0.0,0.0,0.0,0.0,0.0,0.0,0.0,0.0,0.0,2025-05-14_00:00_04:00,4.0,pay_as_bid,14.26,14.26,14.26,14.26,0.0,0.0,0.0,0.0,0.0,0.0,0.0,2.5,51.02040816326531,0.0,2.0875,0.0,0.0,0.0
2025-05-14 00:15:00+02:00,plant_1,0.0,102.78,32.93,135.71,0.0,0.0,100.63,133.56,0.0,0.0,0.0,0.0,90.77,123.69999999999999,83.54096470588236,-7.229035294117637,-40.15903529411763,0.0,0.0,0.0,0.0,0.0,0.0,0.158,0.0,0.0,2025-05-14_00:00_04:00,4.0,pay_as_bid,14.26,14.26,14.26,14.26,0.0,0.0,0.0,0.0,0.0,0.0,0.0,2.5,51.02040816326531,0.0,2.0875,0.0,0.0,0.0
2025-05-14 00:30:00+02:00,plant_1,0.0,102.78,32.93,135.71,0.0,0.0,102.84,135.77,0.0,0.0,0.0,0.0,94.16,127.09,83.54096470588236,-10.619035294117637,-43.549035294117644,0.0,0.0,0.0,0.0,0.0,0.0,0.171,0.0,0.0,2025-05-14_00:00_04:00,4.0,pay_as_bid,14.26,14.26,14.26,14.26,0.0,0.0,0.0,0.0,0.0,0.0,0.0,2.5,51.02040816326531,0.0,2.0875,0.0,0.0,0.0
2025-05-14 00:45:00+02:00,plant_1,0.0,102.78,32.93,135.71,0.0,0.0,104.01,136.94,0.0,0.0,0.0,0.0,77.57,110.5,83.54096470588236,5.970964705882366,-26.95903529411764,0.0,0.0,0.0,0.0,0.0,0.0,1.636,0.0,0.0,2025-05-14_00:00_04:00,4.0,pay_as_bid,14.26,14.26,14.26,14.26,0.0,0.0,0.0,0.0,0.0,0.0,0.0,2.5,51.02040816326531,0.0,2.0875,0.0,0.0,0.0
2025-05-14 01:00:00+02:00,plant_1,0.0,97.3,32.93,130.23,0.0,0.0,111.26,144.19,0.0,0.0,0.0,0.0,0.0,32.93,83.54096470588236,83.54096470588236,50.61096470588236,0.0,0.0,0.0,0.0,0.0,0.0,0.0,0.0,0.0,2025-05-14_00:00_04:00,4.0,pay_as_bid,14.26,14.26,14.26,14.26,0.0,0.0,0.0,0.0,0.0,0.0,0.0,2.5,51.02040816326531,0.0,2.0875,0.0,0.0,0.0
2025-05-14 01:15:00+02:00,plant_1,0.0,97.3,32.93,130.23,0.0,0.0,110.14,143.07,0.0,0.0,0.0,0.0,71.87,104.80000000000001,83.54096470588236,11.670964705882355,-21.259035294117652,0.0,0.0,0.0,0.0,0.0,0.0,1.789,0.0,0.0,2025-05-14_00:00_04:00,4.0,pay_as_bid,14.26,14.26,14.26,14.26,0.0,0.0,0.0,0.0,0.0,0.0,0.0,2.5,51.02040816326531,0.0,2.0875,0.0,0.0,0.0
2025-05-14 01:30:00+02:00,plant_1,0.0,97.3,32.93,130.23,0.0,0.0,109.4,142.33,0.0,0.0,0.0,0.0,74.2,107.13,83.54096470588236,9.340964705882357,-23.589035294117636,0.0,0.0,0.0,0.0,0.0,0.0,0.084,0.0,0.0,2025-05-14_00:00_04:00,4.0,pay_as_bid,14.26,14.26,14.26,14.26,0.0,0.0,0.0,0.0,0.0,0.0,0.0,2.5,51.02040816326531,0.0,2.0875,0.0,0.0,0.0
2025-05-14 01:45:00+02:00,plant_1,0.0,97.3,32.93,130.23,0.0,0.0,107.84,140.77,0.0,0.0,0.0,0.0,0.0,32.93,83.54096470588236,83.54096470588236,50.61096470588236,0.0,0.0,0.0,0.0,0.0,0.0,0.0,0.0,0.0,2025-05-14_00:00_04:00,4.0,pay_as_bid,14.26,14.26,14.26,14.26,0.0,0.0,0.0,0.0,0.0,0.0,0.0,2.5,51.02040816326531,0.0,2.0875,0.0,0.0,0.0
2025-05-14 02:00:00+02:00,plant_1,0.0,95.41,32.93,128.34,0.0,0.0,101.86,134.79,0.0,0.0,0.0,0.0,0.0,32.93,83.54096470588236,83.54096470588236,50.61096470588236,0.0,0.0,0.0,0.0,0.0,0.0,0.0,0.0,0.0,2025-05-14_00:00_04:00,4.0,pay_as_bid,14.26,14.26,14.26,14.26,0.0,0.0,0.0,0.0,0.0,0.0,0.0,2.5,51.02040816326531,0.0,2.0875,0.0,0.0,0.0
2025-05-14 02:15:00+02:00,plant_1,0.0,95.41,32.93,128.34,0.0,0.0,105.22,138.15,0.0,0.0,0.0,0.0,0.0,32.93,83.54096470588236,83.54096470588236,50.61096470588236,0.0,0.0,0.0,0.0,0.0,0.0,0.0,0.0,0.0,2025-05-14_00:00_04:00,4.0,pay_as_bid,14.26,14.26,14.26,14.26,0.0,0.0,0.0,0.0,0.0,0.0,0.0,2.5,51.02040816326531,0.0,2.0875,0.0,0.0,0.0
2025-05-14 02:30:00+02:00,plant_1,0.0,95.41,32.93,128.34,0.0,0.0,119.76,152.69,0.0,0.0,0.0,0.0,78.41,111.34,83.54096470588236,5.130964705882363,-27.799035294117644,0.0,0.0,0.0,0.0,0.0,0.0,0.055,0.0,0.0,2025-05-14_00:00_04:00,4.0,pay_as_bid,14.26,14.26,14.26,14.26,0.0,0.0,0.0,0.0,0.0,0.0,0.0,2.5,51.02040816326531,0.0,2.0875,0.0,0.0,0.0
2025-05-14 02:45:00+02:00,plant_1,0.0,95.41,32.93,128.34,0.0,0.0,126.67,159.6,0.0,0.0,0.0,0.0,97.08,130.01,83.54096470588236,-13.539035294117639,-46.46903529411763,0.0,0.0,0.0,0.0,0.0,0.0,0.007,0.0,0.0,2025-05-14_00:00_04:00,4.0,pay_as_bid,14.26,14.26,14.26,14.26,0.0,0.0,0.0,0.0,0.0,0.0,0.0,2.5,51.02040816326531,0.0,2.0875,0.0,0.0,0.0
2025-05-14 03:00:00+02:00,plant_1,0.0,96.96,32.93,129.89,0.0,0.0,101.5,134.43,0.0,0.0,0.0,0.0,94.13,127.06,83.54096470588236,-10.589035294117636,-43.51903529411764,0.0,0.0,0.0,0.0,0.0,0.0,0.155,0.0,0.0,2025-05-14_00:00_04:00,4.0,pay_as_bid,14.26,14.26,14.26,14.26,0.0,0.0,0.0,0.0,0.0,0.0,0.0,2.5,51.02040816326531,0.0,2.0875,0.0,0.0,0.0
2025-05-14 03:15:00+02:00,plant_1,0.0,96.96,32.93,129.89,0.0,0.0,110.6,143.53,0.0,0.0,0.0,0.0,82.43,115.36000000000001,83.54096470588236,1.1109647058823526,-31.819035294117654,0.0,0.0,0.0,0.0,0.0,0.0,0.088,0.0,0.0,2025-05-14_00:00_04:00,4.0,pay_as_bid,14.26,14.26,14.26,14.26,0.0,0.0,0.0,0.0,0.0,0.0,0.0,2.5,51.02040816326531,0.0,2.0875,0.0,0.0,0.0
2025-05-14 03:30:00+02:00,plant_1,0.0,96.96,32.93,129.89,0.0,0.0,121.67,154.6,0.0,0.0,0.0,0.0,81.17,114.1,83.54096470588236,2.3709647058823577,-30.559035294117635,0.0,0.0,0.0,0.0,0.0,0.0,0.41,0.0,0.0,2025-05-14_00:00_04:00,4.0,pay_as_bid,14.26,14.26,14.26,14.26,0.0,0.0,0.0,0.0,0.0,0.0,0.0,2.5,51.02040816326531,0.0,2.0875,0.0,0.0,0.0
2025-05-14 03:45:00+02:00,plant_1,0.0,96.96,32.93,129.89,0.0,0.0,130.27,163.20000000000002,0.0,0.0,0.0,0.0,75.93,108.86000000000001,83.54096470588236,7.610964705882353,-25.319035294117654,0.0,0.0,0.0,0.0,0.0,0.0,0.228,0.0,0.0,2025-05-14_00:00_04:00,4.0,pay_as_bid,14.26,14.26,14.26,14.26,0.0,0.0,0.0,0.0,0.0,0.0,0.0,2.5,51.02040816326531,0.0,2.0875,0.0,0.0,0.0
2025-05-14 04:00:00+02:00,plant_1,0.0,98.56,32.93,131.49,0.0,0.0,122.04,154.97,0.0,0.0,0.0,0.0,81.69,114.62,83.54096470588236,1.8509647058823617,-31.079035294117645,0.0,0.0,0.0,0.0,0.0,0.0,0.401,0.0,0.0,2025-05-14_04:00_08:00,4.0,pay_as_bid,8.19,8.19,8.19,8.19,0.0,0.0,0.0,0.0,0.0,0.0,0.0,2.5,51.02040816326531,0.0,2.0875,0.0,0.0,0.0
2025-05-14 04:15:00+02:00,plant_1,0.0,98.56,32.93,131.49,0.0,0.0,124.9,157.83,0.0,0.0,0.0,0.0,78.76,111.69,83.54096470588236,4.780964705882354,-28.14903529411764,0.0,0.0,0.0,0.0,0.0,0.0,0.186,0.0,0.0,2025-05-14_04:00_08:00,4.0,pay_as_bid,8.19,8.19,8.19,8.19,0.0,0.0,0.0,0.0,0.0,0.0,0.0,2.5,51.02040816326531,0.0,2.0875,0.0,0.0,0.0
2025-05-14 04:30:00+02:00,plant_1,0.0,98.56,32.93,131.49,0.0,0.0,130.66,163.59,0.0,0.0,0.0,0.0,59.94,92.87,83.54096470588236,23.60096470588236,-9.329035294117645,0.0,0.0,0.0,0.0,0.0,0.0,0.006,0.0,0.0,2025-05-14_04:00_08:00,4.0,pay_as_bid,8.19,8.19,8.19,8.19,0.0,0.0,0.0,0.0,0.0,0.0,0.0,2.5,51.02040816326531,0.0,2.0875,0.0,0.0,0.0
2025-05-14 04:45:00+02:00,plant_1,0.0,98.56,32.93,131.49,0.0,0.0,129.37,162.3,0.0,0.0,0.0,0.0,0.0,32.93,83.54096470588236,83.54096470588236,50.61096470588236,0.0,0.0,0.0,0.0,0.0,0.0,0.0,0.0,0.0,2025-05-14_04:00_08:00,4.0,pay_as_bid,8.19,8.19,8.19,8.19,0.0,0.0,0.0,0.0,0.0,0.0,0.0,2.5,51.02040816326531,0.0,2.0875,0.0,0.0,0.0
2025-05-14 05:00:00+02:00,plant_1,0.0,103.94,32.93,136.87,0.0,0.0,160.72,193.65,0.0,0.0,0.0,0.0,88.72,121.65,83.54096470588236,-5.179035294117639,-38.109035294117646,0.0,0.0,0.0,0.0,0.0,0.0,0.037,0.0,0.0,2025-05-14_04:00_08:00,4.0,pay_as_bid,8.19,8.19,8.19,8.19,0.0,0.0,0.0,0.0,0.0,0.0,0.0,2.5,51.02040816326531,0.0,2.0875,0.0,0.0,0.0
2025-05-14 05:15:00+02:00,plant_1,0.0,103.94,32.93,136.87,0.0,0.0,135.31,168.24,0.0,0.0,0.0,0.0,79.03,111.96000000000001,83.54096470588236,4.510964705882358,-28.41903529411765,0.0,0.0,0.0,0.0,0.0,0.0,0.258,0.0,0.0,2025-05-14_04:00_08:00,4.0,pay_as_bid,8.19,8.19,8.19,8.19,0.0,0.0,0.0,0.0,0.0,0.0,0.0,2.5,51.02040816326531,0.0,2.0875,0.0,0.0,0.0
2025-05-14 05:30:00+02:00,plant_1,0.0,103.94,32.93,136.87,0.0,0.0,118.84,151.77,0.0,0.0,0.0,0.0,82.26,115.19,83.54096470588236,1.2809647058823543,-31.64903529411764,0.0,0.0,0.0,0.0,0.0,0.0,0.104,0.0,0.0,2025-05-14_04:00_08:00,4.0,pay_as_bid,8.19,8.19,8.19,8.19,0.0,0.0,0.0,0.0,0.0,0.0,0.0,2.5,51.02040816326531,0.0,2.0875,0.0,0.0,0.0
2025-05-14 05:45:00+02:00,plant_1,0.0,103.94,32.93,136.87,0.0,0.0,101.35,134.28,0.0,0.0,0.0,0.0,0.0,32.93,83.54096470588236,83.54096470588236,50.61096470588236,0.0,0.0,0.0,0.0,0.0,0.0,0.0,0.0,0.0,2025-05-14_04:00_08:00,4.0,pay_as_bid,8.19,8.19,8.19,8.19,0.0,0.0,0.0,0.0,0.0,0.0,0.0,2.5,51.02040816326531,0.0,2.0875,0.0,0.0,0.0
2025-05-14 06:00:00+02:00,plant_1,0.0,128.58,32.93,161.51000000000002,0.0,0.0,124.45,157.38,0.0,0.0,0.0,0.0,98.86,131.79,83.54096470588236,-15.31903529411764,-48.24903529411763,0.0,0.0,0.0,0.0,0.0,0.0,0.017,0.0,0.0,2025-05-14_04:00_08:00,4.0,pay_as_bid,8.19,8.19,8.19,8.19,0.0,0.0,0.0,0.0,0.0,0.0,0.0,2.5,51.02040816326531,0.0,2.0875,0.0,0.0,0.0
2025-05-14 06:15:00+02:00,plant_1,0.0,128.58,32.93,161.51000000000002,0.0,0.0,105.26,138.19,0.0,0.0,0.0,0.0,53.07,86.0,83.54096470588236,30.47096470588236,-2.4590352941176405,0.0,0.0,0.0,0.0,0.0,0.0,39.932,0.0,0.0,2025-05-14_04:00_08:00,4.0,pay_as_bid,8.19,8.19,8.19,8.19,0.0,0.0,0.0,0.0,0.0,0.0,0.0,2.5,51.02040816326531,0.0,2.0875,0.0,0.0,0.0
2025-05-14 06:30:00+02:00,plant_1,0.0,128.58,32.93,161.51000000000002,0.0,0.0,78.06,110.99000000000001,0.0,10.0,2.5,2.5,50.38,83.31,83.54096470588236,33.16096470588236,0.23096470588235718,82.90241176470589,0.577411764705893,0.0,2.5,0.0,2.5,118.966,0.0,0.0,2025-05-14_04:00_08:00,4.0,pay_as_bid,8.19,8.19,8.19,8.19,0.0,0.0,0.0,0.0,0.0,0.0,0.0,2.5,50.71638964864296,2.5,0.0,2.5,2.0875,0.29793814432989674
2025-05-14 06:45:00+02:00,plant_1,0.0,128.58,32.93,161.51000000000002,0.0,0.0,66.09,99.02000000000001,0.0,10.0,2.5,2.5,42.13,75.06,83.54096470588236,41.41096470588236,8.480964705882357,103.52741176470589,21.202411764705893,0.0,2.5,0.0,2.5,220.622,0.0,0.0,2025-05-14_04:00_08:00,4.0,pay_as_bid,8.19,8.19,8.19,8.19,0.0,0.0,0.0,0.0,0.0,0.0,0.0,2.5,50.41244713864928,2.5,0.0,2.5,2.0875,0.595801804123711
2025-05-14 07:00:00+02:00,plant_1,0.0,122.51,32.93,155.44,0.0,0.0,102.79,135.72,0.0,0.0,0.0,0.0,59.09,92.02000000000001,83.54096470588236,24.450964705882356,-8.47903529411765,0.0,0.0,0.0,0.0,0.0,0.0,16.243,0.0,0.0,2025-05-14_04:00_08:00,4.0,pay_as_bid,8.19,8.19,8.19,8.19,0.0,0.0,0.0,0.0,0.0,0.0,0.0,2.5,51.02040816326531,0.0,1.5572167319375003,0.0,0.5777832680624996,0.0
2025-05-14 07:15:00+02:00,plant_1,0.0,122.51,32.93,155.44,0.0,0.0,88.79,121.72,0.0,10.0,2.5,2.5,48.53,81.46000000000001,83.54096470588236,35.01096470588236,2.0809647058823515,87.5274117647059,5.202411764705879,0.0,2.5,0.0,2.5,31.038,0.0,0.0,2025-05-14_04:00_08:00,4.0,pay_as_bid,8.19,8.19,8.19,8.19,0.0,0.0,0.0,0.0,0.0,0.0,0.0,2.5,50.76635808962761,2.5,0.0,2.5,2.135,0.24896907216494846
2025-05-14 07:30:00+02:00,plant_1,0.0,122.51,32.93,155.44,0.0,0.0,55.79,88.72,0.0,10.0,2.5,2.5,37.06,69.99000000000001,83.54096470588236,46.48096470588236,13.55096470588235,116.20241176470589,33.877411764705876,0.0,2.5,0.0,2.5,41.007,0.0,0.0,2025-05-14_04:00_08:00,4.0,pay_as_bid,8.19,8.19,8.19,8.19,0.0,0.0,0.0,0.0,0.0,0.0,0.0,2.5,50.51237152850831,2.5,0.0,2.5,2.135,0.4978759020618557
2025-05-14 07:45:00+02:00,plant_1,0.0,122.51,32.93,155.44,2.5,0.0,11.67,44.6,2.5,0.0,0.0,0.0,23.08,56.01,83.54096470588236,60.46096470588236,27.53096470588236,0.0,0.0,0.0,0.0,0.0,0.0,5.75,0.0,0.0,2025-05-14_04:00_08:00,4.0,pay_as_bid,8.19,8.19,8.19,8.19,0.0,0.0,0.0,0.0,0.0,0.0,0.0,0.0,50.2584484640293,2.5,0.0,2.5,2.135,0.7467205052512887
2025-05-14 08:00:00+02:00,plant_1,0.0,99.56,32.93,132.49,0.0,0.0,65.99,98.91999999999999,0.0,10.0,2.5,0.0,0.0,32.93,83.54096470588236,83.54096470588236,50.61096470588236,0.0,0.0,2.5,0.0,0.0,0.0,0.0,0.0,0.0,2025-05-14_08:00_12:00,4.0,pay_as_bid,99.2,99.2,99.2,99.2,10.0,2.5,248.0,64.18245588235295,0.0,183.81754411764706,2.5,2.5,51.02040816326531,0.0,1.4483621896287733,0.0,0.7241378103712266,0.0
2025-05-14 08:15:00+02:00,plant_1,0.0,99.56,32.93,132.49,0.0,0.0,17.17,50.1,0.0,10.0,2.5,0.48,27.97,60.9,83.54096470588236,55.57096470588236,22.64096470588236,26.67406305882353,10.867663058823533,2.5,0.0,0.48,0.0,0.48,0.0,0.0,2025-05-14_08:00_12:00,4.0,pay_as_bid,99.2,99.2,99.2,99.2,10.0,2.5,248.0,64.18245588235295,0.0,183.81754411764706,2.5,2.5,51.02040816326531,0.48,1.716212,0.48,0.4562879999999999,0.0
2025-05-14 08:30:00+02:00,plant_1,0.0,99.56,32.93,132.49,0.0,0.0,-8.32,24.61,0.0,10.0,2.5,2.5,-7.65,25.28,83.54096470588236,91.19096470588237,58.26096470588236,227.97741176470592,145.6524117647059,2.5,0.0,2.5,0.0,23.069,0.0,0.0,2025-05-14_08:00_12:00,4.0,pay_as_bid,99.2,99.2,99.2,99.2,10.0,2.5,248.0,64.18245588235295,0.0,183.81754411764706,2.5,2.5,50.805806858826,2.5,0.0,2.5,2.1725,0.2103092783505156
2025-05-14 08:45:00+02:00,plant_1,0.0,99.56,32.93,132.49,0.0,0.0,-29.49,3.4400000000000013,0.0,10.0,2.5,2.5,-112.23,-79.30000000000001,83.54096470588236,195.77096470588236,162.84096470588236,489.4274117647059,407.1024117647059,2.5,0.0,2.5,0.0,103.001,0.0,0.0,2025-05-14_08:00_12:00,4.0,pay_as_bid,99.2,99.2,99.2,99.2,10.0,2.5,248.0,64.18245588235295,0.0,183.81754411764706,2.5,2.5,50.59125920471281,2.5,0.0,2.5,2.1725,0.4205659793814436
2025-05-14 09:00:00+02:00,plant_1,0.0,70.92,32.93,103.85,0.0,0.0,17.37,50.3,0.0,10.0,2.5,2.5,-35.67,-2.740000000000002,83.54096470588236,119.21096470588236,86.28096470588235,298.0274117647059,215.7024117647059,2.5,0.0,2.5,0.0,32.02,0.0,0.0,2025-05-14_08:00_12:00,4.0,pay_as_bid,99.2,99.2,99.2,99.2,10.0,2.5,248.0,64.18245588235295,0.0,183.81754411764706,2.5,2.5,50.431993464390914,2.5,0.0,2.5,2.225,0.5766464048969073
2025-05-14 09:15:00+02:00,plant_1,0.0,70.92,32.93,103.85,0.0,0.0,-0.5,32.43,0.0,10.0,2.5,2.5,-86.2,-53.27,83.54096470588236,169.74096470588236,136.81096470588236,424.3524117647059,342.0274117647059,2.5,0.0,2.5,0.0,38.257,0.0,0.0,2025-05-14_08:00_12:00,4.0,pay_as_bid,99.2,99.2,99.2,99.2,10.0,2.5,248.0,64.18245588235295,0.0,183.81754411764706,2.5,2.5,50.27276754050409,2.5,0.0,2.5,2.225,0.7326878103059923
2025-05-14 09:30:00+02:00,plant_1,0.0,70.92,32.93,103.85,0.0,0.0,-1.88,31.05,0.0,10.0,2.5,2.5,-109.9,-76.97,83.54096470588236,193.44096470588238,160.51096470588237,483.60241176470595,401.2774117647059,2.5,0.0,2.5,0.0,64.234,0.0,0.0,2025-05-14_08:00_12:00,4.0,pay_as_bid,99.2,99.2,99.2,99.2,10.0,2.5,248.0,64.18245588235295,0.0,183.81754411764706,2.5,2.5,50.113581423098246,2.5,0.0,2.5,2.225,0.888690205363725
2025-05-14 09:45:00+02:00,plant_1,0.0,70.92,32.93,103.85,0.0,0.0,-11.09,21.84,0.0,10.0,2.5,2.5,-10.34,22.59,83.54096470588236,93.88096470588236,60.950964705882356,234.70241176470591,152.3774117647059,2.5,0.0,2.5,0.0,52.459,0.0,0.0,2025-05-14_08:00_12:00,4.0,pay_as_bid,99.2,99.2,99.2,99.2,10.0,2.5,248.0,64.18245588235295,0.0,183.81754411764706,2.5,2.5,49.954435102221744,2.5,0.0,2.5,2.225,1.0446535998226931
2025-05-14 10:00:00+02:00,plant_1,0.0,0.2,32.93,33.13,0.0,0.0,-1.06,31.87,0.0,10.0,2.5,2.5,47.1,80.03,83.54096470588236,36.44096470588236,3.5109647058823583,91.10241176470589,8.777411764705896,2.5,0.0,2.5,0.0,7.138,0.0,0.0,2025-05-14_08:00_12:00,4.0,pay_as_bid,99.2,99.2,99.2,99.2,10.0,2.5,248.0,64.18245588235295,0.0,183.81754411764706,2.5,2.5,49.795328567925466,2.5,0.0,2.5,2.225,1.2005780034330467
2025-05-14 10:15:00+02:00,plant_1,0.0,0.2,32.93,33.13,0.0,0.0,-0.32,32.61,0.0,10.0,2.5,2.5,7.55,40.48,83.54096470588236,75.99096470588236,43.06096470588236,189.9774117647059,107.6524117647059,2.5,0.0,2.5,0.0,9.565,0.0,0.0,2025-05-14_08:00_12:00,4.0,pay_as_bid,99.2,99.2,99.2,99.2,10.0,2.5,248.0,64.18245588235295,0.0,183.81754411764706,2.5,2.5,49.63626181026275,2.5,0.0,2.5,2.225,1.3564634259424977
2025-05-14 10:30:00+02:00,plant_1,0.0,0.2,32.93,33.13,0.0,0.0,-3.25,29.68,0.0,10.0,2.5,2.5,-4.4,28.53,83.54096470588236,87.94096470588237,55.01096470588236,219.85241176470592,137.5274117647059,2.5,0.0,2.5,0.0,25.899,0.0,0.0,2025-05-14_08:00_12:00,4.0,pay_as_bid,99.2,99.2,99.2,99.2,10.0,2.5,248.0,64.18245588235295,0.0,183.81754411764706,2.5,2.5,49.47723481928947,2.5,0.0,2.5,2.225,1.5123098770963213
2025-05-14 10:45:00+02:00,plant_1,0.0,0.2,32.93,33.13,0.0,0.0,-7.93,25.0,0.0,10.0,2.5,2.5,-32.29,0.6400000000000006,83.54096470588236,115.83096470588237,82.90096470588236,289.5774117647059,207.2524117647059,2.5,0.0,2.5,0.0,38.573,0.0,0.0,2025-05-14_08:00_12:00,4.0,pay_as_bid,99.2,99.2,99.2,99.2,10.0,2.5,248.0,64.18245588235295,0.0,183.81754411764706,2.5,2.5,49.31824758506392,2.5,0.0,2.5,2.225,1.6681173666373563
2025-05-14 11:00:00+02:00,plant_1,0.0,-1.67,32.93,31.259999999999998,0.0,0.0,-1.44,31.49,0.0,10.0,2.5,2.5,3.26,36.19,83.54096470588236,80.28096470588235,47.35096470588236,200.7024117647059,118.3774117647059,2.5,0.0,2.5,0.0,28.67,0.0,0.0,2025-05-14_08:00_12:00,4.0,pay_as_bid,99.2,99.2,99.2,99.2,10.0,2.5,248.0,64.18245588235295,0.0,183.81754411764706,2.5,2.5,49.159300097646934,2.5,0.0,2.5,2.225,1.8238859043060063
2025-05-14 11:15:00+02:00,plant_1,0.0,-1.67,32.93,31.259999999999998,0.0,0.0,-4.4,28.53,0.0,10.0,2.5,2.5,11.19,44.12,83.54096470588236,72.35096470588236,39.42096470588236,180.8774117647059,98.55241176470591,2.5,0.0,2.5,0.0,7.956,0.0,0.0,2025-05-14_08:00_12:00,4.0,pay_as_bid,99.2,99.2,99.2,99.2,10.0,2.5,248.0,64.18245588235295,0.0,183.81754411764706,2.5,2.5,49.0003923471018,2.5,0.0,2.5,2.225,1.979615499840239
2025-05-14 11:30:00+02:00,plant_1,0.0,-1.67,32.93,31.259999999999998,0.0,0.0,-5.66,27.27,0.0,10.0,2.5,2.5,27.45,60.379999999999995,83.54096470588236,56.09096470588236,23.160964705882364,140.2274117647059,57.90241176470591,2.5,0.0,2.5,0.0,7.076,0.0,0.0,2025-05-14_08:00_12:00,4.0,pay_as_bid,99.2,99.2,99.2,99.2,10.0,2.5,248.0,64.18245588235295,0.0,183.81754411764706,2.5,2.5,48.8415243234943,2.5,0.0,2.5,2.225,2.1353061629755885
2025-05-14 11:45:00+02:00,plant_1,0.0,-1.67,32.93,31.259999999999998,0.0,0.0,-6.65,26.28,0.0,10.0,2.5,2.5,-3.51,29.42,83.54096470588236,87.05096470588236,54.12096470588236,217.62741176470593,135.30241176470588,2.5,0.0,2.5,0.0,40.746,0.0,0.0,2025-05-14_08:00_12:00,4.0,pay_as_bid,99.2,99.2,99.2,99.2,10.0,2.5,248.0,64.18245588235295,0.0,183.81754411764706,2.5,2.5,48.6826960168927,2.5,0.0,2.5,2.225,2.290957903445154
2025-05-14 12:00:00+02:00,plant_1,0.0,-18.16,32.93,14.77,0.0,0.0,-13.92,19.009999999999998,0.0,10.0,2.5,2.5,27.81,60.739999999999995,83.54096470588236,55.73096470588236,22.800964705882365,139.3274117647059,57.00241176470591,2.5,0.0,2.5,0.0,8.057,0.0,0.0,2025-05-14_12:00_16:00,4.0,pay_as_bid,195.0,195.0,195.0,195.0,10.0,2.5,487.5,184.4524117647059,0.0,303.04758823529414,2.5,2.5,48.52390741736775,2.5,0.0,2.5,2.225,2.446570730979602
2025-05-14 12:15:00+02:00,plant_1,0.0,-18.16,32.93,14.77,0.0,0.0,-5.53,27.4,0.0,10.0,2.5,2.5,-0.15,32.78,83.54096470588236,83.69096470588237,50.76096470588236,209.22741176470592,126.9024117647059,2.5,0.0,2.5,0.0,9.779,0.0,0.0,2025-05-14_12:00_16:00,4.0,pay_as_bid,195.0,195.0,195.0,195.0,10.0,2.5,487.5,184.4524117647059,0.0,303.04758823529414,2.5,2.5,48.36515851499269,2.5,0.0,2.5,2.225,2.6021446553071663
2025-05-14 12:30:00+02:00,plant_1,0.0,-18.16,32.93,14.77,0.0,0.0,-2.82,30.11,0.0,10.0,2.5,2.5,6.82,39.75,83.54096470588236,76.72096470588235,43.79096470588236,191.80241176470588,109.47741176470589,2.5,0.0,2.5,0.0,9.948,0.0,0.0,2025-05-14_12:00_16:00,4.0,pay_as_bid,195.0,195.0,195.0,195.0,10.0,2.5,487.5,184.4524117647059,0.0,303.04758823529414,2.5,2.5,48.206449299843214,2.5,0.0,2.5,2.225,2.7576796861536486
2025-05-14 12:45:00+02:00,plant_1,0.0,-18.16,32.93,14.77,0.0,0.0,-0.01,32.92,0.0,10.0,2.5,2.5,-37.79,-4.859999999999999,83.54096470588236,121.33096470588237,88.40096470588236,303.3274117647059,221.0024117647059,2.5,0.0,2.5,0.0,47.246,0.0,0.0,2025-05-14_12:00_16:00,4.0,pay_as_bid,195.0,195.0,195.0,195.0,10.0,2.5,487.5,184.4524117647059,0.0,303.04758823529414,2.5,2.5,48.04777976199753,2.5,0.0,2.5,2.225,2.9131758332424194
2025-05-14 13:00:00+02:00,plant_1,0.0,-29.91,32.93,3.0199999999999996,0.0,0.0,-8.83,24.1,0.0,10.0,2.5,2.5,-17.83,15.100000000000001,83.54096470588236,101.37096470588236,68.44096470588235,253.42741176470588,171.1024117647059,2.5,0.0,2.5,0.0,45.905,0.0,0.0,2025-05-14_12:00_16:00,4.0,pay_as_bid,195.0,195.0,195.0,195.0,10.0,2.5,487.5,184.4524117647059,0.0,303.04758823529414,2.5,2.5,47.889149891536306,2.5,0.0,2.5,2.225,3.068633106294418
2025-05-14 13:15:00+02:00,plant_1,0.0,-29.91,32.93,3.0199999999999996,0.0,0.0,-4.57,28.36,0.0,10.0,2.5,2.5,3.29,36.22,83.54096470588236,80.25096470588235,47.32096470588236,200.62741176470587,118.30241176470591,2.5,0.0,2.5,0.0,30.432,0.0,0.0,2025-05-14_12:00_16:00,4.0,pay_as_bid,195.0,195.0,195.0,195.0,10.0,2.5,487.5,184.4524117647059,0.0,303.04758823529414,2.5,2.5,47.730559678542704,2.5,0.0,2.5,2.225,3.2240515150281537
2025-05-14 13:30:00+02:00,plant_1,0.0,-29.91,32.93,3.0199999999999996,0.0,0.0,-2.13,30.8,0.0,10.0,2.5,2.5,1.98,34.91,83.54096470588236,81.56096470588236,48.63096470588236,203.9024117647059,121.57741176470591,2.5,0.0,2.5,0.0,26.37,0.0,0.0,2025-05-14_12:00_16:00,4.0,pay_as_bid,195.0,195.0,195.0,195.0,10.0,2.5,487.5,184.4524117647059,0.0,303.04758823529414,2.5,2.5,47.57200911310234,2.5,0.0,2.5,2.225,3.379431069159706
2025-05-14 13:45:00+02:00,plant_1,0.0,-29.91,32.93,3.0199999999999996,0.0,0.0,2.91,35.84,0.0,10.0,2.5,2.5,-11.83,21.1,83.54096470588236,95.37096470588236,62.44096470588236,238.42741176470588,156.1024117647059,2.5,0.0,2.5,0.0,46.963,0.0,0.0,2025-05-14_12:00_16:00,4.0,pay_as_bid,195.0,195.0,195.0,195.0,10.0,2.5,487.5,184.4524117647059,0.0,303.04758823529414,2.5,2.5,47.41349818530334,2.5,0.0,2.5,2.225,3.534771778402725
2025-05-14 14:00:00+02:00,plant_1,0.0,-31.82,32.93,1.1099999999999994,0.0,0.0,-10.02,22.91,0.0,10.0,2.5,2.5,0.12,33.05,83.54096470588236,83.42096470588235,50.49096470588236,208.55241176470588,126.2274117647059,2.5,0.0,2.5,0.0,38.081,0.0,0.0,2025-05-14_12:00_16:00,4.0,pay_as_bid,195.0,195.0,195.0,195.0,10.0,2.5,487.5,184.4524117647059,0.0,303.04758823529414,2.5,2.5,47.25502688523629,2.5,0.0,2.5,2.225,3.6900736524684334
2025-05-14 14:15:00+02:00,plant_1,0.0,-31.82,32.93,1.1099999999999994,0.0,0.0,-5.58,27.35,0.0,10.0,2.5,1.439,36.98,69.91,83.54096470588236,46.56096470588236,13.630964705882363,67.00122821176473,19.61495821176472,2.5,0.0,1.439,0.0,1.439,0.0,0.0,2025-05-14_12:00_16:00,4.0,pay_as_bid,195.0,195.0,195.0,195.0,10.0,2.5,487.5,184.4524117647059,0.0,303.04758823529414,2.5,2.5,48.15759520299426,1.439,0.0,1.439,2.225,2.8055567010656253
2025-05-14 14:30:00+02:00,plant_1,0.0,-31.82,32.93,1.1099999999999994,0.0,0.0,1.67,34.6,0.0,10.0,2.5,0.0,65.67,98.6,83.54096470588236,17.870964705882358,-15.059035294117635,0.0,0.0,2.5,0.0,0.0,0.0,0.0,0.0,0.0,2025-05-14_12:00_16:00,4.0,pay_as_bid,195.0,195.0,195.0,195.0,10.0,2.5,487.5,184.4524117647059,0.0,303.04758823529414,2.5,2.5,50.49893787867279,0.0,0.0,0.0,2.225,0.5110408789006677
2025-05-14 14:45:00+02:00,plant_1,0.0,-31.82,32.93,1.1099999999999994,0.0,0.0,29.78,62.71,0.0,10.0,2.5,2.5,25.99,58.92,83.54096470588236,57.550964705882365,24.620964705882358,143.87741176470593,61.552411764705894,2.5,0.0,2.5,0.0,2.926,0.0,0.0,2025-05-14_12:00_16:00,4.0,pay_as_bid,195.0,195.0,195.0,195.0,10.0,2.5,487.5,184.4524117647059,0.0,303.04758823529414,2.5,2.5,50.3396952186824,2.5,0.0,2.5,2.225,0.6670986856912517
2025-05-14 15:00:00+02:00,plant_1,0.0,-12.79,32.93,20.14,0.0,0.0,-21.64,11.29,0.0,10.0,2.5,2.5,7.79,40.72,83.54096470588236,75.75096470588235,42.82096470588236,189.37741176470587,107.05241176470591,2.5,0.0,2.5,0.0,56.281,0.0,0.0,2025-05-14_12:00_16:00,4.0,pay_as_bid,195.0,195.0,195.0,195.0,10.0,2.5,487.5,184.4524117647059,0.0,303.04758823529414,2.5,2.5,50.12526409247924,2.5,0.0,2.5,2.1725,0.8772411893703446
2025-05-14 15:15:00+02:00,plant_1,0.0,-12.79,32.93,20.14,0.0,0.0,1.25,34.18,0.0,10.0,2.5,2.5,6.72,39.65,83.54096470588236,76.82096470588236,43.89096470588236,192.0524117647059,109.7274117647059,2.5,0.0,2.5,0.0,19.732,0.0,0.0,2025-05-14_12:00_16:00,4.0,pay_as_bid,195.0,195.0,195.0,195.0,10.0,2.5,487.5,184.4524117647059,0.0,303.04758823529414,2.5,2.5,49.910886574057635,2.5,0.0,2.5,2.1725,1.0873311574235176
2025-05-14 15:30:00+02:00,plant_1,0.0,-12.79,32.93,20.14,0.0,0.0,36.01,68.94,0.0,10.0,2.5,2.5,4.71,37.64,83.54096470588236,78.83096470588237,45.90096470588236,197.07741176470591,114.7524117647059,2.5,0.0,2.5,0.0,94.019,0.0,0.0,2025-05-14_12:00_16:00,4.0,pay_as_bid,195.0,195.0,195.0,195.0,10.0,2.5,487.5,184.4524117647059,0.0,303.04758823529414,2.5,2.5,49.696562650015636,2.5,0.0,2.5,2.1725,1.2973686029846774
2025-05-14 15:45:00+02:00,plant_1,0.0,-12.79,32.93,20.14,0.0,0.0,88.27,121.19999999999999,0.0,10.0,2.5,2.5,5.0,37.93,83.54096470588236,78.54096470588236,45.61096470588236,196.3524117647059,114.0274117647059,2.5,0.0,2.5,0.0,112.888,0.0,0.0,2025-05-14_12:00_16:00,4.0,pay_as_bid,195.0,195.0,195.0,195.0,10.0,2.5,487.5,184.4524117647059,0.0,303.04758823529414,2.5,2.5,49.48229230695464,2.5,0.0,2.5,2.1725,1.5073535391844468
2025-05-14 16:00:00+02:00,plant_1,2.5,-1.33,32.93,31.6,0.0,0.0,46.35,79.28,2.5,0.0,0.0,0.0,9.04,41.97,83.54096470588236,74.50096470588235,41.57096470588236,0.0,0.0,0.0,0.0,0.0,0.0,76.287,0.0,0.0,2025-05-14_16:00_20:00,4.0,pay_as_bid,67.52,67.52,67.52,67.52,0.0,0.0,0.0,0.0,0.0,0.0,0.0,0.0,49.22862676228102,2.5,0.0,2.5,2.135,1.7559457729645993
2025-05-14 16:15:00+02:00,plant_1,2.5,-1.33,32.93,31.6,0.0,2.5,69.87,102.80000000000001,0.0,10.0,2.5,2.5,-2.98,29.95,83.54096470588236,86.52096470588236,53.59096470588236,216.3024117647059,133.9774117647059,0.0,2.5,0.0,2.5,117.817,0.0,0.0,2025-05-14_16:00_20:00,4.0,pay_as_bid,67.52,67.52,67.52,67.52,0.0,0.0,0.0,0.0,0.0,0.0,0.0,2.5,48.97502463399357,2.5,0.0,2.5,2.135,2.0044758586863067
2025-05-14 16:30:00+02:00,plant_1,2.5,-1.33,32.93,31.6,0.0,2.5,88.55,121.47999999999999,0.0,10.0,2.5,2.5,14.48,47.41,83.54096470588236,69.06096470588236,36.13096470588236,172.6524117647059,90.32741176470591,0.0,2.5,0.0,2.5,73.447,0.0,0.0,2025-05-14_16:00_20:00,4.0,pay_as_bid,67.52,67.52,67.52,67.52,0.0,0.0,0.0,0.0,0.0,0.0,0.0,2.5,48.721485906238186,2.5,0.0,2.5,2.135,2.252943811886584
2025-05-14 16:45:00+02:00,plant_1,2.5,-1.33,32.93,31.6,0.0,2.5,110.41,143.34,0.0,10.0,2.5,0.883,41.97,74.9,83.54096470588236,41.57096470588236,8.640964705882354,36.70716183529412,7.629971835294119,0.0,2.5,0.0,0.883,0.883,0.0,0.0,2025-05-14_16:00_20:00,4.0,pay_as_bid,67.52,67.52,67.52,67.52,0.0,0.0,0.0,0.0,0.0,0.0,0.0,2.5,50.08501056316474,0.883,0.0,0.883,2.135,0.9166896480985607
2025-05-14 17:00:00+02:00,plant_1,2.5,30.94,32.93,63.870000000000005,0.0,2.5,84.85,117.78,0.0,10.0,2.5,2.5,25.08,58.01,83.54096470588236,58.46096470588236,25.53096470588236,146.1524117647059,63.8274117647059,0.0,2.5,0.0,2.5,18.27,0.0,0.0,2025-05-14_16:00_20:00,4.0,pay_as_bid,67.52,67.52,67.52,67.52,0.0,0.0,0.0,0.0,0.0,0.0,0.0,2.5,49.79437548767522,2.5,0.0,2.5,2.1,1.2015120220782887
2025-05-14 17:15:00+02:00,plant_1,2.5,30.94,32.93,63.870000000000005,0.0,2.5,93.91,126.84,0.0,10.0,2.5,2.5,0.36,33.29,83.54096470588236,83.18096470588236,50.25096470588236,207.95241176470591,125.6274117647059,0.0,2.5,0.0,2.5,117.008,0.0,0.0,2025-05-14_16:00_20:00,4.0,pay_as_bid,67.52,67.52,67.52,67.52,0.0,0.0,0.0,0.0,0.0,0.0,0.0,2.5,49.50381307095457,2.5,0.0,2.5,2.1,1.4862631904645216
2025-05-14 17:30:00+02:00,plant_1,2.5,30.94,32.93,63.870000000000005,0.0,2.5,104.44,137.37,0.0,10.0,2.5,2.5,14.34,47.269999999999996,83.54096470588236,69.20096470588236,36.27096470588236,173.0024117647059,90.67741176470591,0.0,2.5,0.0,2.5,56.391,0.0,0.0,2025-05-14_16:00_20:00,4.0,pay_as_bid,67.52,67.52,67.52,67.52,0.0,0.0,0.0,0.0,0.0,0.0,0.0,2.5,49.213323294838105,2.5,0.0,2.5,2.1,1.770943171058658
2025-05-14 17:45:00+02:00,plant_1,2.5,30.94,32.93,63.870000000000005,0.0,2.5,123.49,156.42,0.0,0.0,0.0,0.0,66.02,98.94999999999999,83.54096470588236,17.520964705882363,-15.40903529411763,0.0,0.0,0.0,0.0,0.0,0.0,0.133,0.0,0.0,2025-05-14_16:00_20:00,4.0,pay_as_bid,67.52,67.52,67.52,67.52,0.0,0.0,0.0,0.0,0.0,0.0,0.0,2.5,51.02040816326531,0.0,0.3826145777920835,0.0,1.7173854222079166,0.0
2025-05-14 18:00:00+02:00,plant_1,0.0,91.6,32.93,124.53,0.0,0.0,103.98,136.91,0.0,0.0,0.0,0.0,76.1,109.03,83.54096470588236,7.440964705882365,-25.48903529411764,0.0,0.0,0.0,0.0,0.0,0.0,0.003,0.0,0.0,2025-05-14_16:00_20:00,4.0,pay_as_bid,67.52,67.52,67.52,67.52,0.0,0.0,0.0,0.0,0.0,0.0,0.0,2.5,51.02040816326531,0.0,2.1,0.0,0.0,0.0
2025-05-14 18:15:00+02:00,plant_1,0.0,91.6,32.93,124.53,0.0,0.0,115.39,148.32,0.0,0.0,0.0,0.0,67.36,100.28999999999999,83.54096470588236,16.18096470588236,-16.749035294117633,0.0,0.0,0.0,0.0,0.0,0.0,0.876,0.0,0.0,2025-05-14_16:00_20:00,4.0,pay_as_bid,67.52,67.52,67.52,67.52,0.0,0.0,0.0,0.0,0.0,0.0,0.0,2.5,51.02040816326531,0.0,2.1,0.0,0.0,0.0
2025-05-14 18:30:00+02:00,plant_1,0.0,91.6,32.93,124.53,0.0,0.0,118.29,151.22,0.0,10.0,2.5,2.5,44.74,77.67,83.54096470588236,38.80096470588236,5.870964705882358,97.0024117647059,14.677411764705894,0.0,2.5,0.0,2.5,8.922,0.0,0.0,2025-05-14_16:00_20:00,4.0,pay_as_bid,67.52,67.52,67.52,67.52,0.0,0.0,0.0,0.0,0.0,0.0,0.0,2.5,50.72953923837576,2.5,0.0,2.5,2.1,0.28505154639175245
2025-05-14 18:45:00+02:00,plant_1,0.0,91.6,32.93,124.53,0.0,0.0,121.09,154.02,0.0,10.0,2.5,2.5,35.88,68.81,83.54096470588236,47.66096470588236,14.730964705882357,119.15241176470589,36.82741176470589,0.0,2.5,0.0,2.5,16.925,0.0,0.0,2025-05-14_16:00_20:00,4.0,pay_as_bid,67.52,67.52,67.52,67.52,0.0,0.0,0.0,0.0,0.0,0.0,0.0,2.5,50.43874303071745,2.5,0.0,2.5,2.1,0.5700318298969069
2025-05-14 19:00:00+02:00,plant_1,0.0,114.0,32.93,146.93,0.0,0.0,123.01,155.94,0.0,10.0,2.5,2.5,44.6,77.53,83.54096470588236,38.94096470588236,6.010964705882358,97.35241176470589,15.027411764705896,0.0,2.5,0.0,2.5,19.838,0.0,0.0,2025-05-14_16:00_20:00,4.0,pay_as_bid,67.52,67.52,67.52,67.52,0.0,0.0,0.0,0.0,0.0,0.0,0.0,2.5,50.148019522111035,2.5,0.0,2.5,2.1,0.8549408683311852
2025-05-14 19:15:00+02:00,plant_1,0.0,114.0,32.93,146.93,0.0,0.0,105.48,138.41,0.0,0.0,0.0,0.0,65.95,98.88,83.54096470588236,17.590964705882357,-15.339035294117636,0.0,0.0,0.0,0.0,0.0,0.0,0.439,0.0,0.0,2025-05-14_16:00_20:00,4.0,pay_as_bid,67.52,67.52,67.52,67.52,0.0,0.0,0.0,0.0,0.0,0.0,0.0,2.5,51.02040816326531,0.0,1.2709146808793208,0.0,0.8290853191206793,0.0
2025-05-14 19:30:00+02:00,plant_1,0.0,114.0,32.93,146.93,0.0,0.0,94.63,127.56,0.0,10.0,2.5,2.5,47.95,80.88,83.54096470588236,35.59096470588236,2.660964705882364,88.97741176470589,6.65241176470591,0.0,2.5,0.0,2.5,3.182,0.0,0.0,2025-05-14_16:00_20:00,4.0,pay_as_bid,67.52,67.52,67.52,67.52,0.0,0.0,0.0,0.0,0.0,0.0,0.0,2.5,50.72953923837576,2.5,0.0,2.5,2.1,0.28505154639175245
2025-05-14 19:45:00+02:00,plant_1,0.0,114.0,32.93,146.93,0.0,0.0,85.91,118.84,0.0,10.0,2.5,2.5,18.56,51.489999999999995,83.54096470588236,64.98096470588236,32.050964705882365,162.4524117647059,80.12741176470591,0.0,2.5,0.0,2.5,88.252,0.0,0.0,2025-05-14_16:00_20:00,4.0,pay_as_bid,67.52,67.52,67.52,67.52,0.0,0.0,0.0,0.0,0.0,0.0,0.0,2.5,50.43874303071745,2.5,0.0,2.5,2.1,0.5700318298969069
2025-05-14 20:00:00+02:00,plant_1,0.0,158.45,32.93,191.38,0.0,0.0,108.43,141.36,0.0,0.0,0.0,0.0,55.49,88.42,83.54096470588236,28.050964705882357,-4.879035294117642,0.0,0.0,0.0,0.0,0.0,0.0,17.177,0.0,0.0,2025-05-14_20:00_00:00,4.0,pay_as_bid,5.78,5.78,5.78,5.78,0.0,0.0,0.0,0.0,0.0,0.0,0.0,2.5,51.02040816326531,0.0,1.5472073577187504,0.0,0.5527926422812497,0.0
2025-05-14 20:15:00+02:00,plant_1,0.0,158.45,32.93,191.38,0.0,0.0,93.95,126.88,0.0,0.0,0.0,0.0,79.89,112.82,83.54096470588236,3.650964705882359,-29.279035294117634,0.0,0.0,0.0,0.0,0.0,0.0,0.401,0.0,0.0,2025-05-14_20:00_00:00,4.0,pay_as_bid,5.78,5.78,5.78,5.78,0.0,0.0,0.0,0.0,0.0,0.0,0.0,2.5,51.02040816326531,0.0,2.1,0.0,0.0,0.0
2025-05-14 20:30:00+02:00,plant_1,0.0,158.45,32.93,191.38,0.0,0.0,88.53,121.46000000000001,0.0,10.0,2.5,2.5,40.16,73.09,83.54096470588236,43.38096470588236,10.450964705882356,108.45241176470591,26.12741176470589,0.0,2.5,0.0,2.5,16.363,0.0,0.0,2025-05-14_20:00_00:00,4.0,pay_as_bid,5.78,5.78,5.78,5.78,0.0,0.0,0.0,0.0,0.0,0.0,0.0,2.5,50.72953923837576,2.5,0.0,2.5,2.1,0.28505154639175245
2025-05-14 20:45:00+02:00,plant_1,0.0,158.45,32.93,191.38,0.0,0.0,76.17,109.1,0.0,10.0,2.5,2.5,35.62,68.55,83.54096470588236,47.92096470588236,14.990964705882362,119.80241176470591,37.477411764705906,0.0,2.5,0.0,2.5,40.988,0.0,0.0,2025-05-14_20:00_00:00,4.0,pay_as_bid,5.78,5.78,5.78,5.78,0.0,0.0,0.0,0.0,0.0,0.0,0.0,2.5,50.43874303071745,2.5,0.0,2.5,2.1,0.5700318298969069
2025-05-14 21:00:00+02:00,plant_1,0.0,132.59,32.93,165.52,0.0,0.0,86.77,119.69999999999999,0.0,10.0,2.5,2.5,37.98,70.91,83.54096470588236,45.56096470588236,12.630964705882363,113.9024117647059,31.577411764705907,0.0,2.5,0.0,2.5,6.826,0.0,0.0,2025-05-14_20:00_00:00,4.0,pay_as_bid,5.78,5.78,5.78,5.78,0.0,0.0,0.0,0.0,0.0,0.0,0.0,2.5,50.148019522111035,2.5,0.0,2.5,2.1,0.8549408683311852
2025-05-14 21:15:00+02:00,plant_1,0.0,132.59,32.93,165.52,0.0,0.0,75.73,108.66,0.0,0.0,0.0,0.0,59.51,92.44,83.54096470588236,24.03096470588236,-8.899035294117638,0.0,0.0,0.0,0.0,0.0,0.0,1.196,0.0,0.0,2025-05-14_20:00_00:00,4.0,pay_as_bid,5.78,5.78,5.78,5.78,0.0,0.0,0.0,0.0,0.0,0.0,0.0,2.5,51.02040816326531,0.0,1.2709146808793208,0.0,0.8290853191206793,0.0
2025-05-14 21:30:00+02:00,plant_1,0.0,132.59,32.93,165.52,0.0,0.0,71.85,104.78,0.0,0.0,0.0,0.0,78.53,111.46000000000001,83.54096470588236,5.010964705882358,-27.91903529411765,0.0,0.0,0.0,0.0,0.0,0.0,0.496,0.0,0.0,2025-05-14_20:00_00:00,4.0,pay_as_bid,5.78,5.78,5.78,5.78,0.0,0.0,0.0,0.0,0.0,0.0,0.0,2.5,51.02040816326531,0.0,2.1,0.0,0.0,0.0
2025-05-14 21:45:00+02:00,plant_1,0.0,132.59,32.93,165.52,0.0,0.0,66.67,99.6,0.0,0.0,0.0,0.0,77.11,110.03999999999999,83.54096470588236,6.43096470588236,-26.499035294117633,0.0,0.0,0.0,0.0,0.0,0.0,0.03,0.0,0.0,2025-05-14_20:00_00:00,4.0,pay_as_bid,5.78,5.78,5.78,5.78,0.0,0.0,0.0,0.0,0.0,0.0,0.0,2.5,51.02040816326531,0.0,2.1,0.0,0.0,0.0
2025-05-14 22:00:00+02:00,plant_1,0.0,109.08,32.93,142.01,0.0,0.0,91.17,124.1,0.0,0.0,0.0,0.0,76.2,109.13,83.54096470588236,7.340964705882357,-25.589035294117636,0.0,0.0,0.0,0.0,0.0,0.0,0.0,0.0,0.0,2025-05-14_20:00_00:00,4.0,pay_as_bid,5.78,5.78,5.78,5.78,0.0,0.0,0.0,0.0,0.0,0.0,0.0,2.5,51.02040816326531,0.0,2.1,0.0,0.0,0.0
2025-05-14 22:15:00+02:00,plant_1,0.0,109.08,32.93,142.01,0.0,0.0,89.89,122.82,0.0,0.0,0.0,0.0,57.0,89.93,83.54096470588236,26.54096470588236,-6.389035294117647,0.0,0.0,0.0,0.0,0.0,0.0,1.983,0.0,0.0,2025-05-14_20:00_00:00,4.0,pay_as_bid,5.78,5.78,5.78,5.78,0.0,0.0,0.0,0.0,0.0,0.0,0.0,2.5,51.02040816326531,0.0,2.1,0.0,0.0,0.0
2025-05-14 22:30:00+02:00,plant_1,0.0,109.08,32.93,142.01,0.0,0.0,81.35,114.28,0.0,0.0,0.0,0.0,67.93,100.86000000000001,83.54096470588236,15.610964705882353,-17.319035294117654,0.0,0.0,0.0,0.0,0.0,0.0,0.049,0.0,0.0,2025-05-14_20:00_00:00,4.0,pay_as_bid,5.78,5.78,5.78,5.78,0.0,0.0,0.0,0.0,0.0,0.0,0.0,2.5,51.02040816326531,0.0,2.1,0.0,0.0,0.0
2025-05-14 22:45:00+02:00,plant_1,0.0,109.08,32.93,142.01,0.0,0.0,78.08,111.00999999999999,0.0,0.0,0.0,0.0,66.43,99.36000000000001,83.54096470588236,17.110964705882353,-15.819035294117654,0.0,0.0,0.0,0.0,0.0,0.0,0.016,0.0,0.0,2025-05-14_20:00_00:00,4.0,pay_as_bid,5.78,5.78,5.78,5.78,0.0,0.0,0.0,0.0,0.0,0.0,0.0,2.5,51.02040816326531,0.0,2.1,0.0,0.0,0.0
2025-05-14 23:00:00+02:00,plant_1,0.0,99.86,32.93,132.79,0.0,0.0,87.48,120.41,0.0,0.0,0.0,0.0,80.78,113.71000000000001,83.54096470588236,2.7609647058823583,-30.16903529411765,0.0,0.0,0.0,0.0,0.0,0.0,0.014,0.0,0.0,2025-05-14_20:00_00:00,4.0,pay_as_bid,5.78,5.78,5.78,5.78,0.0,0.0,0.0,0.0,0.0,0.0,0.0,2.5,51.02040816326531,0.0,2.0875,0.0,0.0,0.0
2025-05-14 23:15:00+02:00,plant_1,0.0,99.86,32.93,132.79,0.0,0.0,78.78,111.71000000000001,0.0,0.0,0.0,0.0,63.31,96.24000000000001,83.54096470588236,20.230964705882357,-12.69903529411765,0.0,0.0,0.0,0.0,0.0,0.0,0.449,0.0,0.0,2025-05-14_20:00_00:00,4.0,pay_as_bid,5.78,5.78,5.78,5.78,0.0,0.0,0.0,0.0,0.0,0.0,0.0,2.5,51.02040816326531,0.0,2.0875,0.0,0.0,0.0
2025-05-14 23:30:00+02:00,plant_1,0.0,99.86,32.93,132.79,0.0,0.0,79.54,112.47,0.0,0.0,0.0,0.0,55.95,88.88,83.54096470588236,27.590964705882357,-5.339035294117636,0.0,0.0,0.0,0.0,0.0,0.0,2.435,0.0,0.0,2025-05-14_20:00_00:00,4.0,pay_as_bid,5.78,5.78,5.78,5.78,0.0,0.0,0.0,0.0,0.0,0.0,0.0,2.5,51.02040816326531,0.0,2.0875,0.0,0.0,0.0
2025-05-14 23:45:00+02:00,plant_1,0.0,99.86,32.93,132.79,0.0,0.0,76.97,109.9,0.0,0.0,0.0,0.0,59.31,92.24000000000001,83.54096470588236,24.230964705882357,-8.69903529411765,0.0,0.0,0.0,0.0,0.0,0.0,6.493,0.0,0.0,2025-05-14_20:00_00:00,4.0,pay_as_bid,5.78,5.78,5.78,5.78,0.0,0.0,0.0,0.0,0.0,0.0,0.0,2.5,51.02040816326531,0.0,2.0875,0.0,0.0,0.0
2025-05-15 00:00:00+02:00,plant_1,0.0,98.06,32.93,130.99,0.0,0.0,80.82,113.75,0.0,0.0,0.0,0.0,66.65,99.58000000000001,83.54096470588236,16.890964705882354,-16.039035294117653,0.0,0.0,0.0,0.0,0.0,0.0,0.793,0.0,0.0,2025-05-15_00:00_04:00,4.0,pay_as_bid,12.58,12.58,12.58,12.58,0.0,0.0,0.0,0.0,0.0,0.0,0.0,2.5,51.02040816326531,0.0,2.0875,0.0,0.0,0.0
2025-05-15 00:15:00+02:00,plant_1,0.0,98.06,32.93,130.99,0.0,0.0,79.91,112.84,0.0,0.0,0.0,0.0,81.18,114.11000000000001,83.54096470588236,2.3609647058823526,-30.569035294117654,0.0,0.0,0.0,0.0,0.0,0.0,0.08,0.0,0.0,2025-05-15_00:00_04:00,4.0,pay_as_bid,12.58,12.58,12.58,12.58,0.0,0.0,0.0,0.0,0.0,0.0,0.0,2.5,51.02040816326531,0.0,2.0875,0.0,0.0,0.0
2025-05-15 00:30:00+02:00,plant_1,0.0,98.06,32.93,130.99,0.0,0.0,86.69,119.62,0.0,0.0,0.0,0.0,79.1,112.03,83.54096470588236,4.440964705882365,-28.48903529411764,0.0,0.0,0.0,0.0,0.0,0.0,0.224,0.0,0.0,2025-05-15_00:00_04:00,4.0,pay_as_bid,12.58,12.58,12.58,12.58,0.0,0.0,0.0,0.0,0.0,0.0,0.0,2.5,51.02040816326531,0.0,2.0875,0.0,0.0,0.0
2025-05-15 00:45:00+02:00,plant_1,0.0,98.06,32.93,130.99,0.0,0.0,87.71,120.63999999999999,0.0,0.0,0.0,0.0,79.69,112.62,83.54096470588236,3.8509647058823617,-29.079035294117645,0.0,0.0,0.0,0.0,0.0,0.0,0.0,0.0,0.0,2025-05-15_00:00_04:00,4.0,pay_as_bid,12.58,12.58,12.58,12.58,0.0,0.0,0.0,0.0,0.0,0.0,0.0,2.5,51.02040816326531,0.0,2.0875,0.0,0.0,0.0
2025-05-15 01:00:00+02:00,plant_1,0.0,89.88,32.93,122.81,0.0,0.0,89.32,122.25,0.0,0.0,0.0,0.0,0.0,32.93,83.54096470588236,83.54096470588236,50.61096470588236,0.0,0.0,0.0,0.0,0.0,0.0,0.0,0.0,0.0,2025-05-15_00:00_04:00,4.0,pay_as_bid,12.58,12.58,12.58,12.58,0.0,0.0,0.0,0.0,0.0,0.0,0.0,2.5,51.02040816326531,0.0,2.0875,0.0,0.0,0.0
2025-05-15 01:15:00+02:00,plant_1,0.0,89.88,32.93,122.81,0.0,0.0,89.74,122.66999999999999,0.0,0.0,0.0,0.0,0.0,32.93,83.54096470588236,83.54096470588236,50.61096470588236,0.0,0.0,0.0,0.0,0.0,0.0,0.0,0.0,0.0,2025-05-15_00:00_04:00,4.0,pay_as_bid,12.58,12.58,12.58,12.58,0.0,0.0,0.0,0.0,0.0,0.0,0.0,2.5,51.02040816326531,0.0,2.0875,0.0,0.0,0.0
2025-05-15 01:30:00+02:00,plant_1,0.0,89.88,32.93,122.81,0.0,0.0,91.86,124.78999999999999,0.0,0.0,0.0,0.0,0.0,32.93,83.54096470588236,83.54096470588236,50.61096470588236,0.0,0.0,0.0,0.0,0.0,0.0,0.0,0.0,0.0,2025-05-15_00:00_04:00,4.0,pay_as_bid,12.58,12.58,12.58,12.58,0.0,0.0,0.0,0.0,0.0,0.0,0.0,2.5,51.02040816326531,0.0,2.0875,0.0,0.0,0.0
2025-05-15 01:45:00+02:00,plant_1,0.0,89.88,32.93,122.81,0.0,0.0,86.66,119.59,0.0,0.0,0.0,0.0,0.0,32.93,83.54096470588236,83.54096470588236,50.61096470588236,0.0,0.0,0.0,0.0,0.0,0.0,0.0,0.0,0.0,2025-05-15_00:00_04:00,4.0,pay_as_bid,12.58,12.58,12.58,12.58,0.0,0.0,0.0,0.0,0.0,0.0,0.0,2.5,51.02040816326531,0.0,2.0875,0.0,0.0,0.0
2025-05-15 02:00:00+02:00,plant_1,0.0,87.8,32.93,120.72999999999999,0.0,0.0,81.73,114.66,0.0,0.0,0.0,0.0,58.33,91.25999999999999,83.54096470588236,25.21096470588236,-7.7190352941176315,0.0,0.0,0.0,0.0,0.0,0.0,2.573,0.0,0.0,2025-05-15_00:00_04:00,4.0,pay_as_bid,12.58,12.58,12.58,12.58,0.0,0.0,0.0,0.0,0.0,0.0,0.0,2.5,51.02040816326531,0.0,2.0875,0.0,0.0,0.0
2025-05-15 02:15:00+02:00,plant_1,0.0,87.8,32.93,120.72999999999999,0.0,0.0,81.94,114.87,0.0,10.0,2.5,2.5,34.12,67.05,83.54096470588236,49.42096470588236,16.490964705882362,123.55241176470591,41.227411764705906,0.0,2.5,0.0,2.5,44.97,0.0,0.0,2025-05-15_00:00_04:00,4.0,pay_as_bid,12.58,12.58,12.58,12.58,0.0,0.0,0.0,0.0,0.0,0.0,0.0,2.5,50.71638964864296,2.5,0.0,2.5,2.0875,0.29793814432989674
2025-05-15 02:30:00+02:00,plant_1,0.0,87.8,32.93,120.72999999999999,0.0,0.0,84.19,117.12,0.0,10.0,2.5,2.5,27.11,60.04,83.54096470588236,56.43096470588236,23.50096470588236,141.07741176470591,58.7524117647059,0.0,2.5,0.0,2.5,85.448,0.0,0.0,2025-05-15_00:00_04:00,4.0,pay_as_bid,12.58,12.58,12.58,12.58,0.0,0.0,0.0,0.0,0.0,0.0,0.0,2.5,50.41244713864928,2.5,0.0,2.5,2.0875,0.595801804123711
2025-05-15 02:45:00+02:00,plant_1,0.0,87.8,32.93,120.72999999999999,0.0,0.0,91.91,124.84,0.0,10.0,2.5,2.5,36.58,69.50999999999999,83.54096470588236,46.96096470588236,14.030964705882369,117.4024117647059,35.07741176470592,0.0,2.5,0.0,2.5,71.715,0.0,0.0,2025-05-15_00:00_04:00,4.0,pay_as_bid,12.58,12.58,12.58,12.58,0.0,0.0,0.0,0.0,0.0,0.0,0.0,2.5,50.108580614283085,2.5,0.0,2.5,2.0875,0.8935909980025768
2025-05-15 03:00:00+02:00,plant_1,0.0,87.63,32.93,120.56,0.0,0.0,78.53,111.46000000000001,0.0,0.0,0.0,0.0,62.54,95.47,83.54096470588236,21.00096470588236,-11.92903529411764,0.0,0.0,0.0,0.0,0.0,0.0,6.87,0.0,0.0,2025-05-15_00:00_04:00,4.0,pay_as_bid,12.58,12.58,12.58,12.58,0.0,0.0,0.0,0.0,0.0,0.0,0.0,2.5,51.02040816326531,0.0,1.2209334277545163,0.0,0.8665665722454837,0.0
2025-05-15 03:15:00+02:00,plant_1,0.0,87.63,32.93,120.56,0.0,0.0,83.64,116.57,0.0,0.0,0.0,0.0,64.46,97.38999999999999,83.54096470588236,19.080964705882366,-13.849035294117627,0.0,0.0,0.0,0.0,0.0,0.0,2.46,0.0,0.0,2025-05-15_00:00_04:00,4.0,pay_as_bid,12.58,12.58,12.58,12.58,0.0,0.0,0.0,0.0,0.0,0.0,0.0,2.5,51.02040816326531,0.0,2.0875,0.0,0.0,0.0
2025-05-15 03:30:00+02:00,plant_1,0.0,87.63,32.93,120.56,0.0,0.0,95.49,128.42,0.0,0.0,0.0,0.0,73.27,106.19999999999999,83.54096470588236,10.270964705882363,-22.65903529411763,0.0,0.0,0.0,0.0,0.0,0.0,1.301,0.0,0.0,2025-05-15_00:00_04:00,4.0,pay_as_bid,12.58,12.58,12.58,12.58,0.0,0.0,0.0,0.0,0.0,0.0,0.0,2.5,51.02040816326531,0.0,2.0875,0.0,0.0,0.0
2025-05-15 03:45:00+02:00,plant_1,0.0,87.63,32.93,120.56,0.0,0.0,103.85,136.78,0.0,0.0,0.0,0.0,61.31,94.24000000000001,83.54096470588236,22.230964705882357,-10.69903529411765,0.0,0.0,0.0,0.0,0.0,0.0,5.699,0.0,0.0,2025-05-15_00:00_04:00,4.0,pay_as_bid,12.58,12.58,12.58,12.58,0.0,0.0,0.0,0.0,0.0,0.0,0.0,2.5,51.02040816326531,0.0,2.0875,0.0,0.0,0.0
2025-05-15 04:00:00+02:00,plant_1,0.0,90.28,32.93,123.21000000000001,0.0,0.0,91.21,124.13999999999999,0.0,0.0,0.0,0.0,67.77,100.69999999999999,83.54096470588236,15.770964705882363,-17.15903529411763,0.0,0.0,0.0,0.0,0.0,0.0,0.787,0.0,0.0,2025-05-15_04:00_08:00,4.0,pay_as_bid,7.0,7.0,7.0,7.0,0.0,0.0,0.0,0.0,0.0,0.0,0.0,2.5,51.02040816326531,0.0,2.0875,0.0,0.0,0.0
2025-05-15 04:15:00+02:00,plant_1,0.0,90.28,32.93,123.21000000000001,0.0,0.0,98.21,131.14,0.0,0.0,0.0,0.0,58.45,91.38,83.54096470588236,25.090964705882357,-7.839035294117636,0.0,0.0,0.0,0.0,0.0,0.0,3.631,0.0,0.0,2025-05-15_04:00_08:00,4.0,pay_as_bid,7.0,7.0,7.0,7.0,0.0,0.0,0.0,0.0,0.0,0.0,0.0,2.5,51.02040816326531,0.0,2.0875,0.0,0.0,0.0
2025-05-15 04:30:00+02:00,plant_1,0.0,90.28,32.93,123.21000000000001,0.0,0.0,105.48,138.41,0.0,0.0,0.0,0.0,53.96,86.89,83.54096470588236,29.58096470588236,-3.349035294117641,0.0,0.0,0.0,0.0,0.0,0.0,12.902,0.0,0.0,2025-05-15_04:00_08:00,4.0,pay_as_bid,7.0,7.0,7.0,7.0,0.0,0.0,0.0,0.0,0.0,0.0,0.0,2.5,51.02040816326531,0.0,2.0875,0.0,0.0,0.0
2025-05-15 04:45:00+02:00,plant_1,0.0,90.28,32.93,123.21000000000001,0.0,0.0,103.0,135.93,0.0,0.0,0.0,0.0,64.46,97.38999999999999,83.54096470588236,19.080964705882366,-13.849035294117627,0.0,0.0,0.0,0.0,0.0,0.0,3.306,0.0,0.0,2025-05-15_04:00_08:00,4.0,pay_as_bid,7.0,7.0,7.0,7.0,0.0,0.0,0.0,0.0,0.0,0.0,0.0,2.5,51.02040816326531,0.0,2.0875,0.0,0.0,0.0
2025-05-15 05:00:00+02:00,plant_1,0.0,98.94,32.93,131.87,0.0,0.0,137.9,170.83,0.0,10.0,2.5,2.5,48.2,81.13,83.54096470588236,35.34096470588236,2.410964705882364,88.35241176470589,6.02741176470591,0.0,2.5,0.0,2.5,18.77,0.0,0.0,2025-05-15_04:00_08:00,4.0,pay_as_bid,7.0,7.0,7.0,7.0,0.0,0.0,0.0,0.0,0.0,0.0,0.0,2.5,50.71638964864296,2.5,0.0,2.5,2.0875,0.29793814432989674
2025-05-15 05:15:00+02:00,plant_1,0.0,98.94,32.93,131.87,0.0,0.0,112.89,145.82,0.0,0.0,0.0,0.0,80.9,113.83000000000001,83.54096470588236,2.6409647058823538,-30.289035294117653,0.0,0.0,0.0,0.0,0.0,0.0,0.021,0.0,0.0,2025-05-15_04:00_08:00,4.0,pay_as_bid,7.0,7.0,7.0,7.0,0.0,0.0,0.0,0.0,0.0,0.0,0.0,2.5,51.02040816326531,0.0,1.79857225,0.0,0.2889277499999998,0.0
2025-05-15 05:30:00+02:00,plant_1,0.0,98.94,32.93,131.87,0.0,0.0,98.85,131.78,0.0,0.0,0.0,0.0,72.99,105.91999999999999,83.54096470588236,10.550964705882365,-22.379035294117628,0.0,0.0,0.0,0.0,0.0,0.0,3.274,0.0,0.0,2025-05-15_04:00_08:00,4.0,pay_as_bid,7.0,7.0,7.0,7.0,0.0,0.0,0.0,0.0,0.0,0.0,0.0,2.5,51.02040816326531,0.0,2.0875,0.0,0.0,0.0
2025-05-15 05:45:00+02:00,plant_1,0.0,98.94,32.93,131.87,0.0,0.0,95.26,128.19,0.0,0.0,0.0,0.0,88.08,121.00999999999999,83.54096470588236,-4.539035294117639,-37.46903529411763,0.0,0.0,0.0,0.0,0.0,0.0,0.04,0.0,0.0,2025-05-15_04:00_08:00,4.0,pay_as_bid,7.0,7.0,7.0,7.0,0.0,0.0,0.0,0.0,0.0,0.0,0.0,2.5,51.02040816326531,0.0,2.0875,0.0,0.0,0.0
2025-05-15 06:00:00+02:00,plant_1,0.0,119.9,32.93,152.83,0.0,0.0,128.46,161.39000000000001,0.0,0.0,0.0,0.0,0.0,32.93,83.54096470588236,83.54096470588236,50.61096470588236,0.0,0.0,0.0,0.0,0.0,0.0,0.0,0.0,0.0,2025-05-15_04:00_08:00,4.0,pay_as_bid,7.0,7.0,7.0,7.0,0.0,0.0,0.0,0.0,0.0,0.0,0.0,2.5,51.02040816326531,0.0,2.0875,0.0,0.0,0.0
2025-05-15 06:15:00+02:00,plant_1,0.0,119.9,32.93,152.83,0.0,0.0,103.21,136.14,0.0,0.0,0.0,0.0,0.0,32.93,83.54096470588236,83.54096470588236,50.61096470588236,0.0,0.0,0.0,0.0,0.0,0.0,0.0,0.0,0.0,2025-05-15_04:00_08:00,4.0,pay_as_bid,7.0,7.0,7.0,7.0,0.0,0.0,0.0,0.0,0.0,0.0,0.0,2.5,51.02040816326531,0.0,2.0875,0.0,0.0,0.0
2025-05-15 06:30:00+02:00,plant_1,0.0,119.9,32.93,152.83,0.0,0.0,89.36,122.28999999999999,0.0,0.0,0.0,0.0,0.0,32.93,83.54096470588236,83.54096470588236,50.61096470588236,0.0,0.0,0.0,0.0,0.0,0.0,0.0,0.0,0.0,2025-05-15_04:00_08:00,4.0,pay_as_bid,7.0,7.0,7.0,7.0,0.0,0.0,0.0,0.0,0.0,0.0,0.0,2.5,51.02040816326531,0.0,2.0875,0.0,0.0,0.0
2025-05-15 06:45:00+02:00,plant_1,0.0,119.9,32.93,152.83,0.0,0.0,68.73,101.66,0.0,0.0,0.0,0.0,57.16,90.09,83.54096470588236,26.380964705882363,-6.549035294117644,0.0,0.0,0.0,0.0,0.0,0.0,12.876,0.0,0.0,2025-05-15_04:00_08:00,4.0,pay_as_bid,7.0,7.0,7.0,7.0,0.0,0.0,0.0,0.0,0.0,0.0,0.0,2.5,51.02040816326531,0.0,2.0875,0.0,0.0,0.0
2025-05-15 07:00:00+02:00,plant_1,0.0,119.91,32.93,152.84,0.0,0.0,106.63,139.56,0.0,10.0,2.5,2.5,46.25,79.18,83.54096470588236,37.29096470588236,4.360964705882353,93.22741176470589,10.902411764705882,0.0,2.5,0.0,2.5,60.884,0.0,0.0,2025-05-15_04:00_08:00,4.0,pay_as_bid,7.0,7.0,7.0,7.0,0.0,0.0,0.0,0.0,0.0,0.0,0.0,2.5,50.76635808962761,2.5,0.0,2.5,2.135,0.24896907216494846
2025-05-15 07:15:00+02:00,plant_1,0.0,119.91,32.93,152.84,0.0,0.0,79.17,112.1,0.0,10.0,2.5,2.5,24.73,57.66,83.54096470588236,58.810964705882355,25.880964705882363,147.0274117647059,64.70241176470591,0.0,2.5,0.0,2.5,115.798,0.0,0.0,2025-05-15_04:00_08:00,4.0,pay_as_bid,7.0,7.0,7.0,7.0,0.0,0.0,0.0,0.0,0.0,0.0,0.0,2.5,50.51237152850831,2.5,0.0,2.5,2.135,0.4978759020618557
2025-05-15 07:30:00+02:00,plant_1,0.0,119.91,32.93,152.84,2.5,0.0,49.93,82.86,2.5,0.0,0.0,0.0,28.2,61.129999999999995,83.54096470588236,55.34096470588236,22.410964705882364,0.0,0.0,0.0,0.0,0.0,0.0,30.099,0.0,0.0,2025-05-15_04:00_08:00,4.0,pay_as_bid,7.0,7.0,7.0,7.0,0.0,0.0,0.0,0.0,0.0,0.0,0.0,0.0,50.2584484640293,2.5,0.0,2.5,2.135,0.7467205052512887
2025-05-15 07:45:00+02:00,plant_1,0.0,119.91,32.93,152.84,2.5,0.0,8.99,41.92,2.5,0.0,0.0,0.0,58.18,91.11,83.54096470588236,25.36096470588236,-7.56903529411764,0.0,0.0,0.0,0.0,0.0,0.0,9.978,0.0,0.0,2025-05-15_04:00_08:00,4.0,pay_as_bid,7.0,7.0,7.0,7.0,0.0,0.0,0.0,0.0,0.0,0.0,0.0,0.0,50.004588880316405,2.5,0.0,2.5,2.135,0.9955028972899244
2025-05-15 08:00:00+02:00,plant_1,0.0,102.06,32.93,134.99,2.5,0.0,48.43,81.36,2.5,0.0,0.0,0.0,51.78,84.71000000000001,83.54096470588236,31.76096470588236,-1.1690352941176485,0.0,0.0,0.0,0.0,0.0,0.0,3.298,0.0,0.0,2025-05-15_08:00_12:00,4.0,pay_as_bid,296.07,296.07,296.07,296.07,0.0,0.0,0.0,0.0,0.0,0.0,0.0,0.0,49.79024153069784,2.5,0.0,2.5,2.1725,1.2055632999161174
2025-05-15 08:15:00+02:00,plant_1,0.0,102.06,32.93,134.99,2.5,0.0,-0.56,32.37,2.5,0.0,0.0,0.0,17.48,50.41,83.54096470588236,66.06096470588236,33.13096470588236,0.0,0.0,0.0,0.0,0.0,0.0,12.697,0.0,0.0,2025-05-15_08:00_12:00,4.0,pay_as_bid,296.07,296.07,296.07,296.07,0.0,0.0,0.0,0.0,0.0,0.0,0.0,0.0,49.57594776791668,2.5,0.0,2.5,2.1725,1.415571187441654
2025-05-15 08:30:00+02:00,plant_1,0.0,102.06,32.93,134.99,2.5,0.0,-15.07,17.86,2.5,0.0,0.0,0.0,24.76,57.69,83.54096470588236,58.780964705882354,25.85096470588236,0.0,0.0,0.0,0.0,0.0,0.0,6.756,0.0,0.0,2025-05-15_08:00_12:00,4.0,pay_as_bid,296.07,296.07,296.07,296.07,0.0,0.0,0.0,0.0,0.0,0.0,0.0,0.0,49.361707578576215,2.5,0.0,2.5,2.1725,1.6255265729953094
2025-05-15 08:45:00+02:00,plant_1,0.0,102.06,32.93,134.99,2.5,0.0,-39.09,-6.160000000000004,2.5,0.0,0.0,0.0,24.06,56.989999999999995,83.54096470588236,59.48096470588236,26.550964705882365,0.0,0.0,0.0,0.0,0.0,0.0,16.77,0.0,0.0,2025-05-15_08:00_12:00,4.0,pay_as_bid,296.07,296.07,296.07,296.07,0.0,0.0,0.0,0.0,0.0,0.0,0.0,0.0,49.147520949283084,2.5,0.0,2.5,2.1725,1.8354294697025764
2025-05-15 09:00:00+02:00,plant_1,0.0,75.65,32.93,108.58000000000001,2.5,0.0,6.7,39.63,2.5,0.0,0.0,0.0,-20.89,12.04,83.54096470588236,104.43096470588236,71.50096470588235,0.0,0.0,0.0,0.0,0.0,0.0,67.814,0.0,0.0,2025-05-15_08:00_12:00,4.0,pay_as_bid,296.07,296.07,296.07,296.07,0.0,0.0,0.0,0.0,0.0,0.0,0.0,0.0,48.98861614352504,2.5,0.0,2.5,2.225,1.99115617934546
2025-05-15 09:15:00+02:00,plant_1,0.0,75.65,32.93,108.58000000000001,2.5,0.0,0.31,33.24,2.5,0.0,0.0,0.0,-320.81,-287.88,83.54096470588236,404.35096470588235,371.42096470588234,0.0,0.0,0.0,0.0,0.0,0.0,79.316,0.0,0.0,2025-05-15_08:00_12:00,4.0,pay_as_bid,296.07,296.07,296.07,296.07,0.0,0.0,0.0,0.0,0.0,0.0,0.0,0.0,48.82975106396844,2.5,0.0,2.5,2.225,2.146843957310933
2025-05-15 09:30:00+02:00,plant_1,0.0,75.65,32.93,108.58000000000001,2.5,0.0,-1.68,31.25,2.5,0.0,0.0,0.0,-49.85,-16.92,83.54096470588236,133.39096470588237,100.46096470588236,0.0,0.0,0.0,0.0,0.0,0.0,67.757,0.0,0.0,2025-05-15_08:00_12:00,4.0,pay_as_bid,296.07,296.07,296.07,296.07,0.0,0.0,0.0,0.0,0.0,0.0,0.0,0.0,48.67092570068172,2.5,0.0,2.5,2.225,2.3024928133319142
2025-05-15 09:45:00+02:00,plant_1,0.0,75.65,32.93,108.58000000000001,2.5,0.0,-11.42,21.509999999999998,2.5,0.0,0.0,0.0,5.84,38.769999999999996,83.54096470588236,77.70096470588236,44.77096470588236,0.0,0.0,0.0,0.0,0.0,0.0,14.002,0.0,0.0,2025-05-15_08:00_12:00,4.0,pay_as_bid,296.07,296.07,296.07,296.07,0.0,0.0,0.0,0.0,0.0,0.0,0.0,0.0,48.512140043735826,2.5,0.0,2.5,2.225,2.4581027571388905
2025-05-15 10:00:00+02:00,plant_1,2.5,4.58,32.93,37.51,0.0,0.0,-0.55,32.38,2.5,0.0,0.0,0.0,-17.52,15.41,83.54096470588236,101.06096470588236,68.13096470588236,0.0,0.0,0.0,0.0,0.0,0.0,63.151,0.0,0.0,2025-05-15_08:00_12:00,4.0,pay_as_bid,296.07,296.07,296.07,296.07,0.0,0.0,0.0,0.0,0.0,0.0,0.0,0.0,48.35339408320417,2.5,0.0,2.5,2.225,2.613673798459915
2025-05-15 10:15:00+02:00,plant_1,2.5,4.58,32.93,37.51,0.0,0.0,-4.69,28.24,2.5,0.0,0.0,0.0,-1.51,31.419999999999998,83.54096470588236,85.05096470588236,52.12096470588236,0.0,0.0,0.0,0.0,0.0,0.0,10.612,0.0,0.0,2025-05-15_08:00_12:00,4.0,pay_as_bid,296.07,296.07,296.07,296.07,0.0,0.0,0.0,0.0,0.0,0.0,0.0,0.0,48.194687809162644,2.5,0.0,2.5,2.225,2.7692059470206094
2025-05-15 10:30:00+02:00,plant_1,2.5,4.58,32.93,37.51,0.0,0.0,-5.18,27.75,2.5,0.0,0.0,0.0,-9.28,23.65,83.54096470588236,92.82096470588236,59.89096470588236,0.0,0.0,0.0,0.0,0.0,0.0,26.534,0.0,0.0,2025-05-15_08:00_12:00,4.0,pay_as_bid,296.07,296.07,296.07,296.07,0.0,0.0,0.0,0.0,0.0,0.0,0.0,0.0,48.03602121168963,2.5,0.0,2.5,2.225,2.9246992125441635
2025-05-15 10:45:00+02:00,plant_1,2.5,4.58,32.93,37.51,0.0,0.0,-8.89,24.04,2.5,0.0,0.0,0.0,-3.78,29.15,83.54096470588236,87.32096470588236,54.39096470588236,0.0,0.0,0.0,0.0,0.0,0.0,29.012,0.0,0.0,2025-05-15_08:00_12:00,4.0,pay_as_bid,296.07,296.07,296.07,296.07,0.0,0.0,0.0,0.0,0.0,0.0,0.0,0.0,47.877394280865985,2.5,0.0,2.5,2.225,3.0801536047513367
2025-05-15 11:00:00+02:00,plant_1,2.5,-0.08,32.93,32.85,0.0,0.0,-3.11,29.82,2.5,0.0,0.0,0.0,28.65,61.58,83.54096470588236,54.89096470588236,21.96096470588236,0.0,0.0,0.0,0.0,0.0,0.0,9.685,0.0,0.0,2025-05-15_08:00_12:00,4.0,pay_as_bid,296.07,296.07,296.07,296.07,0.0,0.0,0.0,0.0,0.0,0.0,0.0,0.0,47.718807006775044,2.5,0.0,2.5,2.225,3.235569133360458
2025-05-15 11:15:00+02:00,plant_1,2.5,-0.08,32.93,32.85,0.0,0.0,-5.62,27.31,2.5,0.0,0.0,0.0,31.16,64.09,83.54096470588236,52.38096470588236,19.450964705882356,0.0,0.0,0.0,0.0,0.0,0.0,4.592,0.0,0.0,2025-05-15_08:00_12:00,4.0,pay_as_bid,296.07,296.07,296.07,296.07,0.0,0.0,0.0,0.0,0.0,0.0,0.0,0.0,47.560259379502625,2.5,0.0,2.5,2.225,3.390945808087427
2025-05-15 11:30:00+02:00,plant_1,2.5,-0.08,32.93,32.85,0.0,0.0,-7.86,25.07,2.5,0.0,0.0,0.0,71.04,103.97,83.54096470588236,12.500964705882353,-20.42903529411764,0.0,0.0,0.0,0.0,0.0,0.0,1.508,0.0,0.0,2025-05-15_08:00_12:00,4.0,pay_as_bid,296.07,296.07,296.07,296.07,0.0,0.0,0.0,0.0,0.0,0.0,0.0,0.0,47.40175138913703,2.5,0.0,2.5,2.225,3.5462836386457144
2025-05-15 11:45:00+02:00,plant_1,2.5,-0.08,32.93,32.85,0.0,0.0,-12.21,20.72,2.5,0.0,0.0,0.0,23.85,56.78,83.54096470588236,59.69096470588236,26.76096470588236,0.0,0.0,0.0,0.0,0.0,0.0,1.084,0.0,0.0,2025-05-15_08:00_12:00,4.0,pay_as_bid,296.07,296.07,296.07,296.07,0.0,0.0,0.0,0.0,0.0,0.0,0.0,0.0,47.243283025769024,2.5,0.0,2.5,2.225,3.7015826347463623
2025-05-15 12:00:00+02:00,plant_1,0.0,-4.97,32.93,27.96,0.0,0.0,-8.27,24.66,0.0,10.0,2.5,2.5,4.33,37.26,83.54096470588236,79.21096470588236,46.28096470588236,198.0274117647059,115.7024117647059,2.5,0.0,2.5,0.0,32.734,0.0,0.0,2025-05-15_12:00_16:00,4.0,pay_as_bid,1597.12,1597.12,1597.12,1597.12,10.0,2.5,3992.7999999999997,151.9024117647059,0.0,3840.897588235294,2.5,2.5,47.08485427949185,2.5,0.0,2.5,2.225,3.856842806097985
2025-05-15 12:15:00+02:00,plant_1,0.0,-4.97,32.93,27.96,0.0,0.0,-4.37,28.56,0.0,10.0,2.5,2.5,1.76,34.69,83.54096470588236,81.78096470588235,48.85096470588236,204.4524117647059,122.1274117647059,2.5,0.0,2.5,0.0,45.506,0.0,0.0,2025-05-15_12:00_16:00,4.0,pay_as_bid,1597.12,1597.12,1597.12,1597.12,10.0,2.5,3992.7999999999997,151.9024117647059,0.0,3840.897588235294,2.5,2.5,46.926465140401255,2.5,0.0,2.5,2.225,4.012064162406769
2025-05-15 12:30:00+02:00,plant_1,0.0,-4.97,32.93,27.96,0.0,0.0,-2.26,30.67,0.0,10.0,2.5,2.5,5.75,38.68,83.54096470588236,77.79096470588236,44.86096470588236,194.4774117647059,112.1524117647059,2.5,0.0,2.5,0.0,40.44,0.0,0.0,2025-05-15_12:00_16:00,4.0,pay_as_bid,1597.12,1597.12,1597.12,1597.12,10.0,2.5,3992.7999999999997,151.9024117647059,0.0,3840.897588235294,2.5,2.5,46.76811559859543,2.5,0.0,2.5,2.225,4.167246713376477
2025-05-15 12:45:00+02:00,plant_1,0.0,-4.97,32.93,27.96,0.0,0.0,-0.02,32.91,0.0,10.0,2.5,2.5,2.66,35.59,83.54096470588236,80.88096470588236,47.950964705882356,202.20241176470591,119.8774117647059,2.5,0.0,2.5,0.0,35.267,0.0,0.0,2025-05-15_12:00_16:00,4.0,pay_as_bid,1597.12,1597.12,1597.12,1597.12,10.0,2.5,3992.7999999999997,151.9024117647059,0.0,3840.897588235294,2.5,2.5,46.60980564417506,2.5,0.0,2.5,2.225,4.322390468708441
2025-05-15 13:00:00+02:00,plant_1,0.0,-14.76,32.93,18.17,0.0,0.0,-8.95,23.98,0.0,10.0,2.5,2.5,-16.1,16.83,83.54096470588236,99.64096470588237,66.71096470588236,249.10241176470592,166.7774117647059,2.5,0.0,2.5,0.0,84.566,0.0,0.0,2025-05-15_12:00_16:00,4.0,pay_as_bid,1597.12,1597.12,1597.12,1597.12,10.0,2.5,3992.7999999999997,151.9024117647059,0.0,3840.897588235294,2.5,2.5,46.451535267243294,2.5,0.0,2.5,2.225,4.477495438101574
2025-05-15 13:15:00+02:00,plant_1,0.0,-14.76,32.93,18.17,0.0,0.0,-3.37,29.56,0.0,10.0,2.5,2.5,-7.8,25.13,83.54096470588236,91.34096470588236,58.410964705882364,228.3524117647059,146.0274117647059,2.5,0.0,2.5,0.0,83.432,0.0,0.0,2025-05-15_12:00_16:00,4.0,pay_as_bid,1597.12,1597.12,1597.12,1597.12,10.0,2.5,3992.7999999999997,151.9024117647059,0.0,3840.897588235294,2.5,2.5,46.293304457905755,2.5,0.0,2.5,2.225,4.632561631252358
2025-05-15 13:30:00+02:00,plant_1,0.0,-14.76,32.93,18.17,0.0,0.0,-2.76,30.17,0.0,10.0,2.5,2.5,8.09,41.019999999999996,83.54096470588236,75.45096470588236,42.52096470588236,188.6274117647059,106.30241176470591,2.5,0.0,2.5,0.0,12.94,0.0,0.0,2025-05-15_12:00_16:00,4.0,pay_as_bid,1597.12,1597.12,1597.12,1597.12,10.0,2.5,3992.7999999999997,151.9024117647059,0.0,3840.897588235294,2.5,2.5,46.13511320627056,2.5,0.0,2.5,2.225,4.787589057854854
2025-05-15 13:45:00+02:00,plant_1,0.0,-14.76,32.93,18.17,0.0,0.0,2.2,35.13,0.0,10.0,2.5,2.5,11.21,44.14,83.54096470588236,72.33096470588237,39.40096470588236,180.82741176470591,98.5024117647059,2.5,0.0,2.5,0.0,30.89,0.0,0.0,2025-05-15_12:00_16:00,4.0,pay_as_bid,1597.12,1597.12,1597.12,1597.12,10.0,2.5,3992.7999999999997,151.9024117647059,0.0,3840.897588235294,2.5,2.5,45.97696150244827,2.5,0.0,2.5,2.225,4.9425777276007
2025-05-15 14:00:00+02:00,plant_1,0.0,-14.25,32.93,18.68,0.0,0.0,-15.3,17.63,0.0,10.0,2.5,2.5,-5.24,27.689999999999998,83.54096470588236,88.78096470588235,55.85096470588236,221.9524117647059,139.6274117647059,2.5,0.0,2.5,0.0,36.026,0.0,0.0,2025-05-15_12:00_16:00,4.0,pay_as_bid,1597.12,1597.12,1597.12,1597.12,10.0,2.5,3992.7999999999997,151.9024117647059,0.0,3840.897588235294,2.5,2.5,45.81884933655193,2.5,0.0,2.5,2.225,5.097527650179108
2025-05-15 14:15:00+02:00,plant_1,0.0,-14.25,32.93,18.68,0.0,0.0,-3.11,29.82,0.0,10.0,2.5,2.5,-3.97,28.96,83.54096470588236,87.51096470588236,54.58096470588236,218.7774117647059,136.4524117647059,2.5,0.0,2.5,0.0,65.129,0.0,0.0,2025-05-15_12:00_16:00,4.0,pay_as_bid,1597.12,1597.12,1597.12,1597.12,10.0,2.5,3992.7999999999997,151.9024117647059,0.0,3840.897588235294,2.5,2.5,45.66077669869706,2.5,0.0,2.5,2.225,5.252438835276873
2025-05-15 14:30:00+02:00,plant_1,0.0,-14.25,32.93,18.68,0.0,0.0,2.48,35.41,0.0,10.0,2.5,2.5,5.44,38.37,83.54096470588236,78.10096470588236,45.17096470588236,195.2524117647059,112.92741176470591,2.5,0.0,2.5,0.0,26.198,0.0,0.0,2025-05-15_12:00_16:00,4.0,pay_as_bid,1597.12,1597.12,1597.12,1597.12,10.0,2.5,3992.7999999999997,151.9024117647059,0.0,3840.897588235294,2.5,2.5,45.502743579001674,2.5,0.0,2.5,2.225,5.407311292578363
2025-05-15 14:45:00+02:00,plant_1,0.0,-14.25,32.93,18.68,0.0,0.0,16.06,48.989999999999995,0.0,10.0,2.5,2.5,-7.91,25.02,83.54096470588236,91.45096470588236,58.52096470588236,228.6274117647059,146.3024117647059,2.5,0.0,2.5,0.0,97.135,0.0,0.0,2025-05-15_12:00_16:00,4.0,pay_as_bid,1597.12,1597.12,1597.12,1597.12,10.0,2.5,3992.7999999999997,151.9024117647059,0.0,3840.897588235294,2.5,2.5,45.3447499675862,2.5,0.0,2.5,2.225,5.562145031765528
2025-05-15 15:00:00+02:00,plant_1,0.0,-6.62,32.93,26.31,0.0,0.0,-31.07,1.8599999999999994,0.0,10.0,2.5,2.5,3.99,36.92,83.54096470588236,79.55096470588236,46.62096470588236,198.87741176470593,116.5524117647059,2.5,0.0,2.5,0.0,78.469,0.0,0.0,2025-05-15_12:00_16:00,4.0,pay_as_bid,1597.12,1597.12,1597.12,1597.12,10.0,2.5,3992.7999999999997,151.9024117647059,0.0,3840.897588235294,2.5,2.5,45.13156757769581,2.5,0.0,2.5,2.1725,5.771063773858103
2025-05-15 15:15:00+02:00,plant_1,0.0,-6.62,32.93,26.31,0.0,0.0,-13.32,19.61,0.0,10.0,2.5,2.5,-28.31,4.620000000000001,83.54096470588236,111.85096470588236,78.92096470588235,279.6274117647059,197.30241176470588,2.5,0.0,2.5,0.0,108.096,0.0,0.0,2025-05-15_12:00_16:00,4.0,pay_as_bid,1597.12,1597.12,1597.12,1597.12,10.0,2.5,3992.7999999999997,151.9024117647059,0.0,3840.897588235294,2.5,2.5,44.91843848340291,2.5,0.0,2.5,2.1725,5.979930286265154
2025-05-15 15:30:00+02:00,plant_1,0.0,-6.62,32.93,26.31,0.0,0.0,-0.43,32.5,0.0,10.0,2.5,2.5,3.74,36.67,83.54096470588236,79.80096470588236,46.87096470588236,199.50241176470593,117.1774117647059,2.5,0.0,2.5,0.0,23.786,0.0,0.0,2025-05-15_12:00_16:00,4.0,pay_as_bid,1597.12,1597.12,1597.12,1597.12,10.0,2.5,3992.7999999999997,151.9024117647059,0.0,3840.897588235294,2.5,2.5,44.70536267138357,2.5,0.0,2.5,2.1725,6.188744582044103
2025-05-15 15:45:00+02:00,plant_1,0.0,-6.62,32.93,26.31,0.0,0.0,50.95,83.88,0.0,10.0,2.5,2.5,3.25,36.18,83.54096470588236,80.29096470588236,47.36096470588236,200.7274117647059,118.4024117647059,2.5,0.0,2.5,0.0,57.606,0.0,0.0,2025-05-15_12:00_16:00,4.0,pay_as_bid,1597.12,1597.12,1597.12,1597.12,10.0,2.5,3992.7999999999997,151.9024117647059,0.0,3840.897588235294,2.5,2.5,44.49234012831724,2.5,0.0,2.5,2.1725,6.397506674249108
2025-05-15 16:00:00+02:00,plant_1,2.5,-0.6,32.93,32.33,0.0,0.0,20.09,53.019999999999996,2.5,0.0,0.0,0.0,5.54,38.47,83.54096470588236,78.00096470588235,45.07096470588236,0.0,0.0,0.0,0.0,0.0,0.0,27.173,0.0,0.0,2025-05-15_16:00_20:00,4.0,pay_as_bid,290.0,290.0,290.0,290.0,0.0,0.0,0.0,0.0,0.0,0.0,0.0,0.0,44.23992207168827,2.5,0.0,2.5,2.135,6.644876369745495
2025-05-15 16:15:00+02:00,plant_1,2.5,-0.6,32.93,32.33,0.0,2.5,62.53,95.46000000000001,0.0,10.0,2.5,2.5,5.01,37.94,83.54096470588236,78.53096470588235,45.60096470588236,196.3274117647059,114.0024117647059,0.0,2.5,0.0,2.5,41.817,0.0,0.0,2025-05-15_16:00_20:00,4.0,pay_as_bid,290.0,290.0,290.0,290.0,0.0,0.0,0.0,0.0,0.0,0.0,0.0,2.5,43.98756711957346,2.5,0.0,2.5,2.135,6.892184222818007
2025-05-15 16:30:00+02:00,plant_1,2.5,-0.6,32.93,32.33,0.0,2.5,93.18,126.11000000000001,0.0,10.0,2.5,2.5,10.8,43.730000000000004,83.54096470588236,72.74096470588236,39.810964705882355,181.8524117647059,99.52741176470589,0.0,2.5,0.0,2.5,7.013,0.0,0.0,2025-05-15_16:00_20:00,4.0,pay_as_bid,290.0,290.0,290.0,290.0,0.0,0.0,0.0,0.0,0.0,0.0,0.0,2.5,43.73527525619668,2.5,0.0,2.5,2.135,7.139430248927251
2025-05-15 16:45:00+02:00,plant_1,2.5,-0.6,32.93,32.33,0.0,2.5,105.46,138.39,0.0,10.0,2.5,1.008,22.6,55.53,83.54096470588236,60.94096470588236,28.01096470588236,61.42849242352942,28.235052423529417,0.0,2.5,0.0,1.008,1.008,0.0,0.0,2025-05-15_16:00_20:00,4.0,pay_as_bid,290.0,290.0,290.0,290.0,0.0,0.0,0.0,0.0,0.0,0.0,0.0,2.5,44.975046465785745,1.008,0.0,1.008,2.135,5.924454463529967
2025-05-15 17:00:00+02:00,plant_1,2.5,3.83,32.93,36.76,0.0,2.5,97.53,130.46,0.0,0.0,0.0,0.0,0.0,32.93,83.54096470588236,83.54096470588236,50.61096470588236,0.0,0.0,0.0,0.0,0.0,0.0,0.0,0.0,0.0,2025-05-15_16:00_20:00,4.0,pay_as_bid,290.0,290.0,290.0,290.0,0.0,0.0,0.0,0.0,0.0,0.0,0.0,2.5,47.18568888132057,0.0,0.0,0.0,2.1,3.7580248963058374
2025-05-15 17:15:00+02:00,plant_1,2.5,3.83,32.93,36.76,0.0,2.5,118.24,151.17,0.0,10.0,2.5,0.866,10.0,42.93,83.54096470588236,73.54096470588236,40.61096470588236,63.68647543529412,35.169095435294125,0.0,2.5,0.0,0.866,0.866,0.0,0.0,2025-05-15_16:00_20:00,4.0,pay_as_bid,290.0,290.0,290.0,290.0,0.0,0.0,0.0,0.0,0.0,0.0,0.0,2.5,48.52977863625152,0.866,0.0,0.866,2.1,2.4408169364735133
2025-05-15 17:30:00+02:00,plant_1,2.5,3.83,32.93,36.76,0.0,2.5,120.35,153.28,0.0,10.0,2.5,2.5,12.97,45.9,83.54096470588236,70.57096470588236,37.64096470588236,176.4274117647059,94.1024117647059,0.0,2.5,0.0,2.5,5.073,0.0,0.0,2025-05-15_16:00_20:00,4.0,pay_as_bid,290.0,290.0,290.0,290.0,0.0,0.0,0.0,0.0,0.0,0.0,0.0,2.5,48.23953236874373,2.5,0.0,2.5,2.1,2.7252582786311472
2025-05-15 17:45:00+02:00,plant_1,2.5,3.83,32.93,36.76,0.0,2.5,142.78,175.71,0.0,10.0,2.5,2.5,-7.11,25.82,83.54096470588236,90.65096470588236,57.72096470588236,226.6274117647059,144.3024117647059,0.0,2.5,0.0,2.5,77.395,0.0,0.0,2025-05-15_16:00_20:00,4.0,pay_as_bid,290.0,290.0,290.0,290.0,0.0,0.0,0.0,0.0,0.0,0.0,0.0,2.5,47.949358662802815,2.5,0.0,2.5,2.1,3.009628510453242
2025-05-15 18:00:00+02:00,plant_1,0.0,76.11,32.93,109.03999999999999,0.0,0.0,116.7,149.63,0.0,10.0,2.5,2.5,40.65,73.58,83.54096470588236,42.89096470588236,9.960964705882361,107.2274117647059,24.902411764705903,0.0,2.5,0.0,2.5,8.244,0.0,0.0,2025-05-15_16:00_20:00,4.0,pay_as_bid,290.0,290.0,290.0,290.0,0.0,0.0,0.0,0.0,0.0,0.0,0.0,2.5,47.65925750028838,2.5,0.0,2.5,2.1,3.2939276497173813
2025-05-15 18:15:00+02:00,plant_1,0.0,76.11,32.93,109.03999999999999,0.0,0.0,125.28,158.21,0.0,0.0,0.0,0.0,74.94,107.87,83.54096470588236,8.600964705882362,-24.329035294117645,0.0,0.0,0.0,0.0,0.0,0.0,1.102,0.0,0.0,2025-05-15_16:00_20:00,4.0,pay_as_bid,290.0,290.0,290.0,290.0,0.0,0.0,0.0,0.0,0.0,0.0,0.0,2.5,49.86922886306459,0.0,0.0,0.0,2.1,1.1281557141967045
2025-05-15 18:30:00+02:00,plant_1,0.0,76.11,32.93,109.03999999999999,0.0,0.0,151.19,184.12,0.0,0.0,0.0,0.0,78.32,111.25,83.54096470588236,5.220964705882366,-27.70903529411764,0.0,0.0,0.0,0.0,0.0,0.0,0.769,0.0,0.0,2025-05-15_16:00_20:00,4.0,pay_as_bid,290.0,290.0,290.0,290.0,0.0,0.0,0.0,0.0,0.0,0.0,0.0,2.5,51.02040816326531,0.0,1.0059625349898895,0.0,1.0940374650101106,0.0
2025-05-15 18:45:00+02:00,plant_1,0.0,76.11,32.93,109.03999999999999,0.0,0.0,176.65,209.58,0.0,0.0,0.0,0.0,0.0,32.93,83.54096470588236,83.54096470588236,50.61096470588236,0.0,0.0,0.0,0.0,0.0,0.0,0.0,0.0,0.0,2025-05-15_16:00_20:00,4.0,pay_as_bid,290.0,290.0,290.0,290.0,0.0,0.0,0.0,0.0,0.0,0.0,0.0,2.5,51.02040816326531,0.0,2.1,0.0,0.0,0.0
2025-05-15 19:00:00+02:00,plant_1,0.0,108.97,32.93,141.9,0.0,0.0,465.2,498.13,0.0,0.0,0.0,0.0,0.0,32.93,83.54096470588236,83.54096470588236,50.61096470588236,0.0,0.0,0.0,0.0,0.0,0.0,0.0,0.0,0.0,2025-05-15_16:00_20:00,4.0,pay_as_bid,290.0,290.0,290.0,290.0,0.0,0.0,0.0,0.0,0.0,0.0,0.0,2.5,51.02040816326531,0.0,2.1,0.0,0.0,0.0
2025-05-15 19:15:00+02:00,plant_1,0.0,108.97,32.93,141.9,0.0,0.0,158.45,191.38,0.0,0.0,0.0,0.0,0.0,32.93,83.54096470588236,83.54096470588236,50.61096470588236,0.0,0.0,0.0,0.0,0.0,0.0,0.0,0.0,0.0,2025-05-15_16:00_20:00,4.0,pay_as_bid,290.0,290.0,290.0,290.0,0.0,0.0,0.0,0.0,0.0,0.0,0.0,2.5,51.02040816326531,0.0,2.1,0.0,0.0,0.0
2025-05-15 19:30:00+02:00,plant_1,0.0,108.97,32.93,141.9,0.0,0.0,137.31,170.24,0.0,0.0,0.0,0.0,0.0,32.93,83.54096470588236,83.54096470588236,50.61096470588236,0.0,0.0,0.0,0.0,0.0,0.0,0.0,0.0,0.0,2025-05-15_16:00_20:00,4.0,pay_as_bid,290.0,290.0,290.0,290.0,0.0,0.0,0.0,0.0,0.0,0.0,0.0,2.5,51.02040816326531,0.0,2.1,0.0,0.0,0.0
2025-05-15 19:45:00+02:00,plant_1,0.0,108.97,32.93,141.9,0.0,0.0,111.1,144.03,0.0,0.0,0.0,0.0,0.0,32.93,83.54096470588236,83.54096470588236,50.61096470588236,0.0,0.0,0.0,0.0,0.0,0.0,0.0,0.0,0.0,2025-05-15_16:00_20:00,4.0,pay_as_bid,290.0,290.0,290.0,290.0,0.0,0.0,0.0,0.0,0.0,0.0,0.0,2.5,51.02040816326531,0.0,2.1,0.0,0.0,0.0
2025-05-15 20:00:00+02:00,plant_1,0.0,130.74,32.93,163.67000000000002,0.0,0.0,143.07,176.0,0.0,0.0,0.0,0.0,129.1,162.03,83.54096470588236,-45.559035294117635,-78.48903529411764,0.0,0.0,0.0,0.0,0.0,0.0,0.05,0.0,0.0,2025-05-15_20:00_00:00,4.0,pay_as_bid,4.6,4.6,4.6,4.6,0.0,0.0,0.0,0.0,0.0,0.0,0.0,2.5,51.02040816326531,0.0,2.1,0.0,0.0,0.0
2025-05-15 20:15:00+02:00,plant_1,0.0,130.74,32.93,163.67000000000002,0.0,0.0,132.37,165.3,0.0,0.0,0.0,0.0,0.0,32.93,83.54096470588236,83.54096470588236,50.61096470588236,0.0,0.0,0.0,0.0,0.0,0.0,0.0,0.0,0.0,2025-05-15_20:00_00:00,4.0,pay_as_bid,4.6,4.6,4.6,4.6,0.0,0.0,0.0,0.0,0.0,0.0,0.0,2.5,51.02040816326531,0.0,2.1,0.0,0.0,0.0
2025-05-15 20:30:00+02:00,plant_1,0.0,130.74,32.93,163.67000000000002,0.0,0.0,114.65,147.58,0.0,10.0,2.5,2.5,37.13,70.06,83.54096470588236,46.41096470588236,13.480964705882357,116.02741176470589,33.70241176470589,0.0,2.5,0.0,2.5,4.311,0.0,0.0,2025-05-15_20:00_00:00,4.0,pay_as_bid,4.6,4.6,4.6,4.6,0.0,0.0,0.0,0.0,0.0,0.0,0.0,2.5,50.72953923837576,2.5,0.0,2.5,2.1,0.28505154639175245
2025-05-15 20:45:00+02:00,plant_1,0.0,130.74,32.93,163.67000000000002,0.0,0.0,100.24,133.17,0.0,10.0,2.5,2.5,31.38,64.31,83.54096470588236,52.160964705882364,19.230964705882357,130.4024117647059,48.07741176470589,0.0,2.5,0.0,2.5,38.688,0.0,0.0,2025-05-15_20:00_00:00,4.0,pay_as_bid,4.6,4.6,4.6,4.6,0.0,0.0,0.0,0.0,0.0,0.0,0.0,2.5,50.43874303071745,2.5,0.0,2.5,2.1,0.5700318298969069
2025-05-15 21:00:00+02:00,plant_1,0.0,125.13,32.93,158.06,0.0,0.0,111.22,144.15,0.0,10.0,2.5,2.5,25.31,58.239999999999995,83.54096470588236,58.23096470588236,25.300964705882365,145.5774117647059,63.25241176470591,0.0,2.5,0.0,2.5,60.9,0.0,0.0,2025-05-15_20:00_00:00,4.0,pay_as_bid,4.6,4.6,4.6,4.6,0.0,0.0,0.0,0.0,0.0,0.0,0.0,2.5,50.148019522111035,2.5,0.0,2.5,2.1,0.8549408683311852
2025-05-15 21:15:00+02:00,plant_1,0.0,125.13,32.93,158.06,0.0,0.0,101.03,133.96,0.0,10.0,2.5,2.5,21.74,54.67,83.54096470588236,61.800964705882365,28.870964705882358,154.50241176470593,72.1774117647059,0.0,2.5,0.0,2.5,120.619,0.0,0.0,2025-05-15_20:00_00:00,4.0,pay_as_bid,4.6,4.6,4.6,4.6,0.0,0.0,0.0,0.0,0.0,0.0,0.0,2.5,49.85736869438178,2.5,0.0,2.5,2.1,1.1397786795058549
2025-05-15 21:30:00+02:00,plant_1,0.0,125.13,32.93,158.06,0.0,0.0,95.78,128.71,0.0,10.0,2.5,2.5,31.92,64.85,83.54096470588236,51.62096470588236,18.690964705882365,129.05241176470588,46.72741176470591,0.0,2.5,0.0,2.5,136.874,0.0,0.0,2025-05-15_20:00_00:00,4.0,pay_as_bid,4.6,4.6,4.6,4.6,0.0,0.0,0.0,0.0,0.0,0.0,0.0,2.5,49.56679052935946,2.5,0.0,2.5,2.1,1.4245452812277308
2025-05-15 21:45:00+02:00,plant_1,0.0,125.13,32.93,158.06,0.0,0.0,85.17,118.1,0.0,10.0,2.5,2.5,28.95,61.879999999999995,83.54096470588236,54.59096470588236,21.660964705882364,136.4774117647059,54.15241176470591,0.0,2.5,0.0,2.5,147.353,0.0,0.0,2025-05-15_20:00_00:00,4.0,pay_as_bid,4.6,4.6,4.6,4.6,0.0,0.0,0.0,0.0,0.0,0.0,0.0,2.5,49.27628500887839,2.5,0.0,2.5,2.1,1.7092406912991764
2025-05-15 22:00:00+02:00,plant_1,0.0,110.49,32.93,143.42,0.0,0.0,106.26,139.19,0.0,10.0,2.5,2.5,32.73,65.66,83.54096470588236,50.81096470588236,17.880964705882363,127.0274117647059,44.70241176470591,0.0,2.5,0.0,2.5,94.306,0.0,0.0,2025-05-15_20:00_00:00,4.0,pay_as_bid,4.6,4.6,4.6,4.6,0.0,0.0,0.0,0.0,0.0,0.0,0.0,2.5,48.985852114777444,2.5,0.0,2.5,2.1,1.9938649275181042
2025-05-15 22:15:00+02:00,plant_1,0.0,110.49,32.93,143.42,0.0,0.0,93.92,126.85,0.0,10.0,2.5,2.5,40.43,73.36,83.54096470588236,43.11096470588236,10.18096470588236,107.7774117647059,25.4524117647059,0.0,2.5,0.0,2.5,117.262,0.0,0.0,2025-05-15_20:00_00:00,4.0,pay_as_bid,4.6,4.6,4.6,4.6,0.0,0.0,0.0,0.0,0.0,0.0,0.0,2.5,48.695491828900025,2.5,0.0,2.5,2.1,2.278418007677977
2025-05-15 22:30:00+02:00,plant_1,0.0,110.49,32.93,143.42,0.0,0.0,86.28,119.21000000000001,0.0,10.0,2.5,2.5,48.49,81.42,83.54096470588236,35.05096470588236,2.1209647058823577,87.6274117647059,5.302411764705894,0.0,2.5,0.0,2.5,65.894,0.0,0.0,2025-05-15_20:00_00:00,4.0,pay_as_bid,4.6,4.6,4.6,4.6,0.0,0.0,0.0,0.0,0.0,0.0,0.0,2.5,48.405204133094074,2.5,0.0,2.5,2.1,2.5628999495678104
2025-05-15 22:45:00+02:00,plant_1,0.0,110.49,32.93,143.42,0.0,0.0,82.74,115.66999999999999,0.0,0.0,0.0,0.0,52.1,85.03,83.54096470588236,31.440964705882358,-1.4890352941176417,0.0,0.0,0.0,0.0,0.0,0.0,26.175,0.0,0.0,2025-05-15_20:00_00:00,4.0,pay_as_bid,4.6,4.6,4.6,4.6,0.0,0.0,0.0,0.0,0.0,0.0,0.0,2.5,50.614989009212074,0.0,0.0,0.0,2.1,0.3973107709721706
2025-05-15 23:00:00+02:00,plant_1,0.0,101.0,32.93,133.93,0.0,0.0,89.34,122.27000000000001,0.0,10.0,2.5,1.917,45.86,78.78999999999999,83.54096470588236,37.68096470588236,4.750964705882367,72.23440934117649,9.107599341176499,0.0,2.5,0.0,1.917,1.917,0.0,0.0,2025-05-15_20:00_00:00,4.0,pay_as_bid,4.6,4.6,4.6,4.6,0.0,0.0,0.0,0.0,0.0,0.0,0.0,2.5,50.89407184937824,1.917,0.0,1.917,2.0875,0.12380958760932415
2025-05-15 23:15:00+02:00,plant_1,0.0,101.0,32.93,133.93,0.0,0.0,84.93,117.86000000000001,0.0,10.0,2.5,0.064,50.4,83.33,83.54096470588236,33.14096470588236,0.21096470588236116,2.121021741176471,0.013501741176471115,0.0,2.5,0.0,0.064,0.064,0.0,0.0,2025-05-15_20:00_00:00,4.0,pay_as_bid,4.6,4.6,4.6,4.6,0.0,0.0,0.0,0.0,0.0,0.0,0.0,2.5,51.02040816326531,0.064,1.9065963238439507,0.064,0.18090367615604916,0.0
2025-05-15 23:30:00+02:00,plant_1,0.0,101.0,32.93,133.93,0.0,0.0,84.49,117.41999999999999,0.0,0.0,0.0,0.0,0.0,32.93,83.54096470588236,83.54096470588236,50.61096470588236,0.0,0.0,0.0,0.0,0.0,0.0,0.0,0.0,0.0,2025-05-15_20:00_00:00,4.0,pay_as_bid,4.6,4.6,4.6,4.6,0.0,0.0,0.0,0.0,0.0,0.0,0.0,2.5,51.02040816326531,0.0,2.0875,0.0,0.0,0.0
2025-05-15 23:45:00+02:00,plant_1,0.0,101.0,32.93,133.93,0.0,0.0,84.78,117.71000000000001,0.0,10.0,2.5,0.457,47.82,80.75,83.54096470588236,35.72096470588236,2.7909647058823595,16.32448087058824,1.2754708705882383,0.0,2.5,0.0,0.457,0.457,0.0,0.0,2025-05-15_20:00_00:00,4.0,pay_as_bid,4.6,4.6,4.6,4.6,0.0,0.0,0.0,0.0,0.0,0.0,0.0,2.5,51.02040816326531,0.457,1.6530757999999999,0.457,0.4344242,0.0
2025-05-16 00:00:00+02:00,plant_1,0.0,94.5,32.93,127.43,0.0,0.0,86.34,119.27000000000001,0.0,0.0,0.0,0.0,52.06,84.99000000000001,83.54096470588236,31.480964705882357,-1.4490352941176496,0.0,0.0,0.0,0.0,0.0,0.0,5.439,0.0,0.0,2025-05-16_00:00_04:00,4.0,pay_as_bid,7.78,7.78,7.78,7.78,0.0,0.0,0.0,0.0,0.0,0.0,0.0,2.5,51.02040816326531,0.0,2.0875,0.0,0.0,0.0
2025-05-16 00:15:00+02:00,plant_1,0.0,94.5,32.93,127.43,0.0,0.0,84.33,117.25999999999999,0.0,0.0,0.0,0.0,51.21,84.14,83.54096470588236,32.33096470588236,-0.5990352941176411,0.0,0.0,0.0,0.0,0.0,0.0,10.162,0.0,0.0,2025-05-16_00:00_04:00,4.0,pay_as_bid,7.78,7.78,7.78,7.78,0.0,0.0,0.0,0.0,0.0,0.0,0.0,2.5,51.02040816326531,0.0,2.0875,0.0,0.0,0.0
2025-05-16 00:30:00+02:00,plant_1,0.0,94.5,32.93,127.43,0.0,0.0,86.15,119.08000000000001,0.0,0.0,0.0,0.0,55.95,88.88,83.54096470588236,27.590964705882357,-5.339035294117636,0.0,0.0,0.0,0.0,0.0,0.0,5.36,0.0,0.0,2025-05-16_00:00_04:00,4.0,pay_as_bid,7.78,7.78,7.78,7.78,0.0,0.0,0.0,0.0,0.0,0.0,0.0,2.5,51.02040816326531,0.0,2.0875,0.0,0.0,0.0
2025-05-16 00:45:00+02:00,plant_1,0.0,94.5,32.93,127.43,0.0,0.0,89.73,122.66,0.0,0.0,0.0,0.0,71.4,104.33000000000001,83.54096470588236,12.140964705882354,-20.789035294117653,0.0,0.0,0.0,0.0,0.0,0.0,0.147,0.0,0.0,2025-05-16_00:00_04:00,4.0,pay_as_bid,7.78,7.78,7.78,7.78,0.0,0.0,0.0,0.0,0.0,0.0,0.0,2.5,51.02040816326531,0.0,2.0875,0.0,0.0,0.0
2025-05-16 01:00:00+02:00,plant_1,0.0,88.47,32.93,121.4,0.0,0.0,90.02,122.94999999999999,0.0,0.0,0.0,0.0,0.0,32.93,83.54096470588236,83.54096470588236,50.61096470588236,0.0,0.0,0.0,0.0,0.0,0.0,0.0,0.0,0.0,2025-05-16_00:00_04:00,4.0,pay_as_bid,7.78,7.78,7.78,7.78,0.0,0.0,0.0,0.0,0.0,0.0,0.0,2.5,51.02040816326531,0.0,2.0875,0.0,0.0,0.0
2025-05-16 01:15:00+02:00,plant_1,0.0,88.47,32.93,121.4,0.0,0.0,94.85,127.78,0.0,0.0,0.0,0.0,0.0,32.93,83.54096470588236,83.54096470588236,50.61096470588236,0.0,0.0,0.0,0.0,0.0,0.0,0.0,0.0,0.0,2025-05-16_00:00_04:00,4.0,pay_as_bid,7.78,7.78,7.78,7.78,0.0,0.0,0.0,0.0,0.0,0.0,0.0,2.5,51.02040816326531,0.0,2.0875,0.0,0.0,0.0
2025-05-16 01:30:00+02:00,plant_1,0.0,88.47,32.93,121.4,0.0,0.0,101.55,134.48,0.0,0.0,0.0,0.0,0.0,32.93,83.54096470588236,83.54096470588236,50.61096470588236,0.0,0.0,0.0,0.0,0.0,0.0,0.0,0.0,0.0,2025-05-16_00:00_04:00,4.0,pay_as_bid,7.78,7.78,7.78,7.78,0.0,0.0,0.0,0.0,0.0,0.0,0.0,2.5,51.02040816326531,0.0,2.0875,0.0,0.0,0.0
2025-05-16 01:45:00+02:00,plant_1,0.0,88.47,32.93,121.4,0.0,0.0,102.05,134.98,0.0,0.0,0.0,0.0,0.0,32.93,83.54096470588236,83.54096470588236,50.61096470588236,0.0,0.0,0.0,0.0,0.0,0.0,0.0,0.0,0.0,2025-05-16_00:00_04:00,4.0,pay_as_bid,7.78,7.78,7.78,7.78,0.0,0.0,0.0,0.0,0.0,0.0,0.0,2.5,51.02040816326531,0.0,2.0875,0.0,0.0,0.0
2025-05-16 02:00:00+02:00,plant_1,0.0,84.91,32.93,117.84,0.0,0.0,90.15,123.08000000000001,0.0,0.0,0.0,0.0,0.0,32.93,83.54096470588236,83.54096470588236,50.61096470588236,0.0,0.0,0.0,0.0,0.0,0.0,0.0,0.0,0.0,2025-05-16_00:00_04:00,4.0,pay_as_bid,7.78,7.78,7.78,7.78,0.0,0.0,0.0,0.0,0.0,0.0,0.0,2.5,51.02040816326531,0.0,2.0875,0.0,0.0,0.0
2025-05-16 02:15:00+02:00,plant_1,0.0,84.91,32.93,117.84,0.0,0.0,94.34,127.27000000000001,0.0,0.0,0.0,0.0,67.74,100.66999999999999,83.54096470588236,15.800964705882365,-17.129035294117628,0.0,0.0,0.0,0.0,0.0,0.0,0.072,0.0,0.0,2025-05-16_00:00_04:00,4.0,pay_as_bid,7.78,7.78,7.78,7.78,0.0,0.0,0.0,0.0,0.0,0.0,0.0,2.5,51.02040816326531,0.0,2.0875,0.0,0.0,0.0
2025-05-16 02:30:00+02:00,plant_1,0.0,84.91,32.93,117.84,0.0,0.0,98.71,131.64,0.0,0.0,0.0,0.0,81.8,114.72999999999999,83.54096470588236,1.7409647058823623,-31.18903529411763,0.0,0.0,0.0,0.0,0.0,0.0,0.011,0.0,0.0,2025-05-16_00:00_04:00,4.0,pay_as_bid,7.78,7.78,7.78,7.78,0.0,0.0,0.0,0.0,0.0,0.0,0.0,2.5,51.02040816326531,0.0,2.0875,0.0,0.0,0.0
2025-05-16 02:45:00+02:00,plant_1,0.0,84.91,32.93,117.84,0.0,0.0,103.01,135.94,0.0,0.0,0.0,0.0,77.08,110.00999999999999,83.54096470588236,6.460964705882361,-26.46903529411763,0.0,0.0,0.0,0.0,0.0,0.0,0.0,0.0,0.0,2025-05-16_00:00_04:00,4.0,pay_as_bid,7.78,7.78,7.78,7.78,0.0,0.0,0.0,0.0,0.0,0.0,0.0,2.5,51.02040816326531,0.0,2.0875,0.0,0.0,0.0
2025-05-16 03:00:00+02:00,plant_1,0.0,85.0,32.93,117.93,0.0,0.0,97.12,130.05,0.0,0.0,0.0,0.0,0.0,32.93,83.54096470588236,83.54096470588236,50.61096470588236,0.0,0.0,0.0,0.0,0.0,0.0,0.0,0.0,0.0,2025-05-16_00:00_04:00,4.0,pay_as_bid,7.78,7.78,7.78,7.78,0.0,0.0,0.0,0.0,0.0,0.0,0.0,2.5,51.02040816326531,0.0,2.0875,0.0,0.0,0.0
2025-05-16 03:15:00+02:00,plant_1,0.0,85.0,32.93,117.93,0.0,0.0,100.8,133.73,0.0,10.0,2.5,2.5,49.81,82.74000000000001,83.54096470588236,33.73096470588236,0.8009647058823504,84.32741176470589,2.002411764705876,0.0,2.5,0.0,2.5,2.577,0.0,0.0,2025-05-16_00:00_04:00,4.0,pay_as_bid,7.78,7.78,7.78,7.78,0.0,0.0,0.0,0.0,0.0,0.0,0.0,2.5,50.71638964864296,2.5,0.0,2.5,2.0875,0.29793814432989674
2025-05-16 03:30:00+02:00,plant_1,0.0,85.0,32.93,117.93,0.0,0.0,104.61,137.54,0.0,0.0,0.0,0.0,57.81,90.74000000000001,83.54096470588236,25.730964705882357,-7.19903529411765,0.0,0.0,0.0,0.0,0.0,0.0,10.229,0.0,0.0,2025-05-16_00:00_04:00,4.0,pay_as_bid,7.78,7.78,7.78,7.78,0.0,0.0,0.0,0.0,0.0,0.0,0.0,2.5,51.02040816326531,0.0,1.79857225,0.0,0.2889277499999998,0.0
2025-05-16 03:45:00+02:00,plant_1,0.0,85.0,32.93,117.93,0.0,0.0,105.74,138.67,0.0,0.0,0.0,0.0,57.05,89.97999999999999,83.54096470588236,26.490964705882362,-6.43903529411763,0.0,0.0,0.0,0.0,0.0,0.0,16.687,0.0,0.0,2025-05-16_00:00_04:00,4.0,pay_as_bid,7.78,7.78,7.78,7.78,0.0,0.0,0.0,0.0,0.0,0.0,0.0,2.5,51.02040816326531,0.0,2.0875,0.0,0.0,0.0
2025-05-16 04:00:00+02:00,plant_1,0.0,88.76,32.93,121.69,0.0,0.0,98.76,131.69,0.0,10.0,2.5,2.5,45.66,78.59,83.54096470588236,37.88096470588236,4.950964705882356,94.70241176470591,12.37741176470589,0.0,2.5,0.0,2.5,35.972,0.0,0.0,2025-05-16_04:00_08:00,4.0,pay_as_bid,4.83,4.83,4.83,4.83,0.0,0.0,0.0,0.0,0.0,0.0,0.0,2.5,50.71638964864296,2.5,0.0,2.5,2.0875,0.29793814432989674
2025-05-16 04:15:00+02:00,plant_1,0.0,88.76,32.93,121.69,0.0,0.0,109.4,142.33,0.0,0.0,0.0,0.0,70.58,103.50999999999999,83.54096470588236,12.960964705882361,-19.96903529411763,0.0,0.0,0.0,0.0,0.0,0.0,1.747,0.0,0.0,2025-05-16_04:00_08:00,4.0,pay_as_bid,4.83,4.83,4.83,4.83,0.0,0.0,0.0,0.0,0.0,0.0,0.0,2.5,51.02040816326531,0.0,1.79857225,0.0,0.2889277499999998,0.0
2025-05-16 04:30:00+02:00,plant_1,0.0,88.76,32.93,121.69,0.0,0.0,109.47,142.4,0.0,0.0,0.0,0.0,62.57,95.5,83.54096470588236,20.97096470588236,-11.95903529411764,0.0,0.0,0.0,0.0,0.0,0.0,6.314,0.0,0.0,2025-05-16_04:00_08:00,4.0,pay_as_bid,4.83,4.83,4.83,4.83,0.0,0.0,0.0,0.0,0.0,0.0,0.0,2.5,51.02040816326531,0.0,2.0875,0.0,0.0,0.0
2025-05-16 04:45:00+02:00,plant_1,0.0,88.76,32.93,121.69,0.0,0.0,110.31,143.24,0.0,0.0,0.0,0.0,0.0,32.93,83.54096470588236,83.54096470588236,50.61096470588236,0.0,0.0,0.0,0.0,0.0,0.0,0.0,0.0,0.0,2025-05-16_04:00_08:00,4.0,pay_as_bid,4.83,4.83,4.83,4.83,0.0,0.0,0.0,0.0,0.0,0.0,0.0,2.5,51.02040816326531,0.0,2.0875,0.0,0.0,0.0
2025-05-16 05:00:00+02:00,plant_1,0.0,98.26,32.93,131.19,0.0,0.0,129.69,162.62,0.0,0.0,0.0,0.0,81.89,114.82,83.54096470588236,1.6509647058823589,-31.279035294117634,0.0,0.0,0.0,0.0,0.0,0.0,0.136,0.0,0.0,2025-05-16_04:00_08:00,4.0,pay_as_bid,4.83,4.83,4.83,4.83,0.0,0.0,0.0,0.0,0.0,0.0,0.0,2.5,51.02040816326531,0.0,2.0875,0.0,0.0,0.0
2025-05-16 05:15:00+02:00,plant_1,0.0,98.26,32.93,131.19,0.0,0.0,125.45,158.38,0.0,0.0,0.0,0.0,0.0,32.93,83.54096470588236,83.54096470588236,50.61096470588236,0.0,0.0,0.0,0.0,0.0,0.0,0.0,0.0,0.0,2025-05-16_04:00_08:00,4.0,pay_as_bid,4.83,4.83,4.83,4.83,0.0,0.0,0.0,0.0,0.0,0.0,0.0,2.5,51.02040816326531,0.0,2.0875,0.0,0.0,0.0
2025-05-16 05:30:00+02:00,plant_1,0.0,98.26,32.93,131.19,0.0,0.0,105.32,138.25,0.0,0.0,0.0,0.0,0.0,32.93,83.54096470588236,83.54096470588236,50.61096470588236,0.0,0.0,0.0,0.0,0.0,0.0,0.0,0.0,0.0,2025-05-16_04:00_08:00,4.0,pay_as_bid,4.83,4.83,4.83,4.83,0.0,0.0,0.0,0.0,0.0,0.0,0.0,2.5,51.02040816326531,0.0,2.0875,0.0,0.0,0.0
2025-05-16 05:45:00+02:00,plant_1,0.0,98.26,32.93,131.19,0.0,0.0,97.12,130.05,0.0,0.0,0.0,0.0,0.0,32.93,83.54096470588236,83.54096470588236,50.61096470588236,0.0,0.0,0.0,0.0,0.0,0.0,0.0,0.0,0.0,2025-05-16_04:00_08:00,4.0,pay_as_bid,4.83,4.83,4.83,4.83,0.0,0.0,0.0,0.0,0.0,0.0,0.0,2.5,51.02040816326531,0.0,2.0875,0.0,0.0,0.0
2025-05-16 06:00:00+02:00,plant_1,0.0,113.18,32.93,146.11,0.0,0.0,115.17,148.1,0.0,0.0,0.0,0.0,0.0,32.93,83.54096470588236,83.54096470588236,50.61096470588236,0.0,0.0,0.0,0.0,0.0,0.0,0.0,0.0,0.0,2025-05-16_04:00_08:00,4.0,pay_as_bid,4.83,4.83,4.83,4.83,0.0,0.0,0.0,0.0,0.0,0.0,0.0,2.5,51.02040816326531,0.0,2.0875,0.0,0.0,0.0
2025-05-16 06:15:00+02:00,plant_1,0.0,113.18,32.93,146.11,0.0,0.0,110.58,143.51,0.0,0.0,0.0,0.0,0.0,32.93,83.54096470588236,83.54096470588236,50.61096470588236,0.0,0.0,0.0,0.0,0.0,0.0,0.0,0.0,0.0,2025-05-16_04:00_08:00,4.0,pay_as_bid,4.83,4.83,4.83,4.83,0.0,0.0,0.0,0.0,0.0,0.0,0.0,2.5,51.02040816326531,0.0,2.0875,0.0,0.0,0.0
2025-05-16 06:30:00+02:00,plant_1,0.0,113.18,32.93,146.11,0.0,0.0,96.44,129.37,0.0,0.0,0.0,0.0,0.0,32.93,83.54096470588236,83.54096470588236,50.61096470588236,0.0,0.0,0.0,0.0,0.0,0.0,0.0,0.0,0.0,2025-05-16_04:00_08:00,4.0,pay_as_bid,4.83,4.83,4.83,4.83,0.0,0.0,0.0,0.0,0.0,0.0,0.0,2.5,51.02040816326531,0.0,2.0875,0.0,0.0,0.0
2025-05-16 06:45:00+02:00,plant_1,0.0,113.18,32.93,146.11,0.0,0.0,64.3,97.22999999999999,0.0,0.0,0.0,0.0,0.0,32.93,83.54096470588236,83.54096470588236,50.61096470588236,0.0,0.0,0.0,0.0,0.0,0.0,0.0,0.0,0.0,2025-05-16_04:00_08:00,4.0,pay_as_bid,4.83,4.83,4.83,4.83,0.0,0.0,0.0,0.0,0.0,0.0,0.0,2.5,51.02040816326531,0.0,2.0875,0.0,0.0,0.0
2025-05-16 07:00:00+02:00,plant_1,0.0,117.6,32.93,150.53,0.0,0.0,123.65,156.58,0.0,0.0,0.0,0.0,0.0,32.93,83.54096470588236,83.54096470588236,50.61096470588236,0.0,0.0,0.0,0.0,0.0,0.0,0.0,0.0,0.0,2025-05-16_04:00_08:00,4.0,pay_as_bid,4.83,4.83,4.83,4.83,0.0,0.0,0.0,0.0,0.0,0.0,0.0,2.5,51.02040816326531,0.0,2.135,0.0,0.0,0.0
2025-05-16 07:15:00+02:00,plant_1,0.0,117.6,32.93,150.53,0.0,0.0,88.87,121.80000000000001,0.0,0.0,0.0,0.0,69.63,102.56,83.54096470588236,13.910964705882364,-19.019035294117643,0.0,0.0,0.0,0.0,0.0,0.0,1.264,0.0,0.0,2025-05-16_04:00_08:00,4.0,pay_as_bid,4.83,4.83,4.83,4.83,0.0,0.0,0.0,0.0,0.0,0.0,0.0,2.5,51.02040816326531,0.0,2.135,0.0,0.0,0.0
2025-05-16 07:30:00+02:00,plant_1,0.0,117.6,32.93,150.53,0.0,0.0,65.61,98.53999999999999,0.0,10.0,2.5,2.5,26.7,59.629999999999995,83.54096470588236,56.84096470588236,23.910964705882364,142.1024117647059,59.77741176470591,0.0,2.5,0.0,2.5,13.666,0.0,0.0,2025-05-16_04:00_08:00,4.0,pay_as_bid,4.83,4.83,4.83,4.83,0.0,0.0,0.0,0.0,0.0,0.0,0.0,2.5,50.76635808962761,2.5,0.0,2.5,2.135,0.24896907216494846
2025-05-16 07:45:00+02:00,plant_1,0.0,117.6,32.93,150.53,2.5,0.0,42.12,75.05,2.5,0.0,0.0,0.0,36.23,69.16,83.54096470588236,47.31096470588236,14.380964705882363,0.0,0.0,0.0,0.0,0.0,0.0,12.628,0.0,0.0,2025-05-16_04:00_08:00,4.0,pay_as_bid,4.83,4.83,4.83,4.83,0.0,0.0,0.0,0.0,0.0,0.0,0.0,0.0,50.51237152850831,2.5,0.0,2.5,2.135,0.4978759020618557
2025-05-16 08:00:00+02:00,plant_1,0.0,106.66,32.93,139.59,0.0,0.0,82.21,115.13999999999999,0.0,10.0,2.5,2.5,12.03,44.96,83.54096470588236,71.51096470588236,38.58096470588236,178.7774117647059,96.4524117647059,2.5,0.0,2.5,0.0,103.853,0.0,0.0,2025-05-16_08:00_12:00,4.0,pay_as_bid,119.75,119.75,119.75,119.75,10.0,2.5,299.375,56.326205882352944,0.0,243.04879411764705,2.5,2.5,50.297897233227694,2.5,0.0,2.5,2.1725,0.7080607114368559
2025-05-16 08:15:00+02:00,plant_1,0.0,106.66,32.93,139.59,0.0,0.0,44.22,77.15,0.0,10.0,2.5,2.5,-34.01,-1.0799999999999983,83.54096470588236,117.55096470588236,84.62096470588236,293.8774117647059,211.55241176470588,2.5,0.0,2.5,0.0,93.636,0.0,0.0,2025-05-16_08:00_12:00,4.0,pay_as_bid,119.75,119.75,119.75,119.75,10.0,2.5,299.375,56.326205882352944,0.0,243.04879411764705,2.5,2.5,50.08347655652091,2.5,0.0,2.5,2.1725,0.9181929746095123
2025-05-16 08:30:00+02:00,plant_1,0.0,106.66,32.93,139.59,0.0,0.0,5.44,38.37,0.0,10.0,2.5,2.5,-27.87,5.059999999999999,83.54096470588236,111.41096470588236,78.48096470588236,278.5274117647059,196.2024117647059,2.5,0.0,2.5,0.0,73.425,0.0,0.0,2025-05-16_08:00_12:00,4.0,pay_as_bid,119.75,119.75,119.75,119.75,10.0,2.5,299.375,56.326205882352944,0.0,243.04879411764705,2.5,2.5,49.86910948498329,2.5,0.0,2.5,2.1725,1.1282727047163754
2025-05-16 08:45:00+02:00,plant_1,0.0,106.66,32.93,139.59,0.0,0.0,-3.75,29.18,0.0,10.0,2.5,2.5,9.18,42.11,83.54096470588236,74.36096470588237,41.43096470588236,185.9024117647059,103.5774117647059,2.5,0.0,2.5,0.0,58.255,0.0,0.0,2025-05-16_08:00_12:00,4.0,pay_as_bid,119.75,119.75,119.75,119.75,10.0,2.5,299.375,56.326205882352944,0.0,243.04879411764705,2.5,2.5,49.65479600521356,2.5,0.0,2.5,2.1725,1.338299914890712
2025-05-16 09:00:00+02:00,plant_1,0.0,78.99,32.93,111.91999999999999,0.0,0.0,43.81,76.74000000000001,0.0,10.0,2.5,2.5,20.08,53.01,83.54096470588236,63.46096470588236,30.53096470588236,158.6524117647059,76.3274117647059,2.5,0.0,2.5,0.0,4.97,0.0,0.0,2025-05-16_08:00_12:00,4.0,pay_as_bid,119.75,119.75,119.75,119.75,10.0,2.5,299.375,56.326205882352944,0.0,243.04879411764705,2.5,2.5,49.49576438069153,2.5,0.0,2.5,2.225,1.4941509069222985
2025-05-16 09:15:00+02:00,plant_1,0.0,78.99,32.93,111.91999999999999,0.0,0.0,19.71,52.64,0.0,10.0,2.5,2.5,2.07,35.0,83.54096470588236,81.47096470588237,48.54096470588236,203.6774117647059,121.35241176470589,2.5,0.0,2.5,0.0,49.582,0.0,0.0,2025-05-16_08:00_12:00,4.0,pay_as_bid,119.75,119.75,119.75,119.75,10.0,2.5,299.375,56.326205882352944,0.0,243.04879411764705,2.5,2.5,49.33677251407564,2.5,0.0,2.5,2.225,1.6499629362058772
2025-05-16 09:30:00+02:00,plant_1,0.0,78.99,32.93,111.91999999999999,0.0,0.0,10.4,43.33,0.0,10.0,2.5,2.5,-8.98,23.95,83.54096470588236,92.52096470588236,59.59096470588236,231.3024117647059,148.9774117647059,2.5,0.0,2.5,0.0,15.536,0.0,0.0,2025-05-16_08:00_12:00,4.0,pay_as_bid,119.75,119.75,119.75,119.75,10.0,2.5,299.375,56.326205882352944,0.0,243.04879411764705,2.5,2.5,49.177820395426394,2.5,0.0,2.5,2.225,1.805736012482135
2025-05-16 09:45:00+02:00,plant_1,0.0,78.99,32.93,111.91999999999999,0.0,0.0,9.7,42.629999999999995,0.0,10.0,2.5,0.069,35.92,68.85,83.54096470588236,47.62096470588236,14.690964705882365,3.2858465647058828,1.0136765647058832,2.5,0.0,0.069,0.0,0.069,0.0,0.0,2025-05-16_08:00_12:00,4.0,pay_as_bid,119.75,119.75,119.75,119.75,10.0,2.5,299.375,56.326205882352944,0.0,243.04879411764705,2.5,2.5,51.02040816326531,0.069,0.40828255887535625,0.069,1.8167174411246438,0.0
2025-05-16 10:00:00+02:00,plant_1,0.0,11.11,32.93,44.04,0.0,0.0,55.0,87.93,0.0,10.0,2.5,0.0,0.0,32.93,83.54096470588236,83.54096470588236,50.61096470588236,0.0,0.0,2.5,0.0,0.0,0.0,0.0,0.0,0.0,2025-05-16_08:00_12:00,4.0,pay_as_bid,119.75,119.75,119.75,119.75,10.0,2.5,299.375,56.326205882352944,0.0,243.04879411764705,2.5,2.5,51.02040816326531,0.0,2.225,0.0,0.0,0.0
2025-05-16 10:15:00+02:00,plant_1,0.0,11.11,32.93,44.04,0.0,0.0,23.12,56.05,0.0,10.0,2.5,0.0,0.0,32.93,83.54096470588236,83.54096470588236,50.61096470588236,0.0,0.0,2.5,0.0,0.0,0.0,0.0,0.0,0.0,2025-05-16_08:00_12:00,4.0,pay_as_bid,119.75,119.75,119.75,119.75,10.0,2.5,299.375,56.326205882352944,0.0,243.04879411764705,2.5,2.5,51.02040816326531,0.0,2.225,0.0,0.0,0.0
2025-05-16 10:30:00+02:00,plant_1,0.0,11.11,32.93,44.04,0.0,0.0,9.05,41.980000000000004,0.0,10.0,2.5,0.0,0.0,32.93,83.54096470588236,83.54096470588236,50.61096470588236,0.0,0.0,2.5,0.0,0.0,0.0,0.0,0.0,0.0,2025-05-16_08:00_12:00,4.0,pay_as_bid,119.75,119.75,119.75,119.75,10.0,2.5,299.375,56.326205882352944,0.0,243.04879411764705,2.5,2.5,51.02040816326531,0.0,2.225,0.0,0.0,0.0
2025-05-16 10:45:00+02:00,plant_1,0.0,11.11,32.93,44.04,0.0,0.0,3.42,36.35,0.0,10.0,2.5,2.5,9.53,42.46,83.54096470588236,74.01096470588236,41.08096470588236,185.0274117647059,102.7024117647059,2.5,0.0,2.5,0.0,4.643,0.0,0.0,2025-05-16_08:00_12:00,4.0,pay_as_bid,119.75,119.75,119.75,119.75,10.0,2.5,299.375,56.326205882352944,0.0,243.04879411764705,2.5,2.5,50.861035135703766,2.5,0.0,2.5,2.225,0.15618556701030917
2025-05-16 11:00:00+02:00,plant_1,0.0,-0.01,32.93,32.92,0.0,0.0,8.89,41.82,0.0,10.0,2.5,2.5,-6.68,26.25,83.54096470588236,90.22096470588235,57.29096470588236,225.55241176470588,143.2274117647059,2.5,0.0,2.5,0.0,93.356,0.0,0.0,2025-05-16_08:00_12:00,4.0,pay_as_bid,119.75,119.75,119.75,119.75,10.0,2.5,299.375,56.326205882352944,0.0,243.04879411764705,2.5,2.5,50.701701951399116,2.5,0.0,2.5,2.225,0.3123320876288658
2025-05-16 11:15:00+02:00,plant_1,0.0,-0.01,32.93,32.92,0.0,0.0,3.33,36.26,0.0,10.0,2.5,2.5,12.38,45.31,83.54096470588236,71.16096470588236,38.23096470588236,177.9024117647059,95.57741176470589,2.5,0.0,2.5,0.0,49.02,0.0,0.0,2025-05-16_08:00_12:00,4.0,pay_as_bid,119.75,119.75,119.75,119.75,10.0,2.5,299.375,56.326205882352944,0.0,243.04879411764705,2.5,2.5,50.542408600390544,2.5,0.0,2.5,2.225,0.46843957161726774
2025-05-16 11:30:00+02:00,plant_1,0.0,-0.01,32.93,32.92,0.0,0.0,1.96,34.89,0.0,10.0,2.5,2.5,9.29,42.22,83.54096470588236,74.25096470588235,41.32096470588236,185.62741176470587,103.30241176470591,2.5,0.0,2.5,0.0,19.353,0.0,0.0,2025-05-16_08:00_12:00,4.0,pay_as_bid,119.75,119.75,119.75,119.75,10.0,2.5,299.375,56.326205882352944,0.0,243.04879411764705,2.5,2.5,50.383155072719724,2.5,0.0,2.5,2.225,0.6245080287346726
2025-05-16 11:45:00+02:00,plant_1,0.0,-0.01,32.93,32.92,0.0,0.0,-1.29,31.64,0.0,10.0,2.5,2.5,0.15,33.08,83.54096470588236,83.39096470588235,50.46096470588236,208.4774117647059,126.1524117647059,2.5,0.0,2.5,0.0,87.9,0.0,0.0,2025-05-16_08:00_12:00,4.0,pay_as_bid,119.75,119.75,119.75,119.75,10.0,2.5,299.375,56.326205882352944,0.0,243.04879411764705,2.5,2.5,50.22394135843082,2.5,0.0,2.5,2.225,0.7805374687377981
2025-05-16 12:00:00+02:00,plant_1,2.5,-3.15,32.93,29.78,0.0,0.0,-0.81,32.12,2.5,0.0,0.0,0.0,-10.1,22.83,83.54096470588236,93.64096470588235,60.71096470588236,0.0,0.0,0.0,0.0,0.0,0.0,124.997,0.0,0.0,2025-05-16_12:00_16:00,4.0,pay_as_bid,246.13,246.13,246.13,246.13,0.0,0.0,0.0,0.0,0.0,0.0,0.0,0.0,50.06476744757049,2.5,0.0,2.5,2.225,0.9365279013809228
2025-05-16 12:15:00+02:00,plant_1,2.5,-3.15,32.93,29.78,0.0,0.0,0.7,33.63,2.5,0.0,0.0,0.0,-3.95,28.98,83.54096470588236,87.49096470588236,54.560964705882355,0.0,0.0,0.0,0.0,0.0,0.0,84.762,0.0,0.0,2025-05-16_12:00_16:00,4.0,pay_as_bid,246.13,246.13,246.13,246.13,0.0,0.0,0.0,0.0,0.0,0.0,0.0,0.0,49.905633330187875,2.5,0.0,2.5,2.225,1.0924793364158867
2025-05-16 12:30:00+02:00,plant_1,2.5,-3.15,32.93,29.78,0.0,0.0,0.82,33.75,2.5,0.0,0.0,0.0,9.12,42.05,83.54096470588236,74.42096470588235,41.49096470588236,0.0,0.0,0.0,0.0,0.0,0.0,23.961,0.0,0.0,2025-05-16_12:00_16:00,4.0,pay_as_bid,246.13,246.13,246.13,246.13,0.0,0.0,0.0,0.0,0.0,0.0,0.0,0.0,49.7465389963346,2.5,0.0,2.5,2.225,1.248391783592092
2025-05-16 12:45:00+02:00,plant_1,2.5,-3.15,32.93,29.78,0.0,0.0,2.57,35.5,2.5,0.0,0.0,0.0,-10.8,22.13,83.54096470588236,94.34096470588236,61.410964705882364,0.0,0.0,0.0,0.0,0.0,0.0,116.206,0.0,0.0,2025-05-16_12:00_16:00,4.0,pay_as_bid,246.13,246.13,246.13,246.13,0.0,0.0,0.0,0.0,0.0,0.0,0.0,0.0,49.5874844360648,2.5,0.0,2.5,2.225,1.4042652526565031
2025-05-16 13:00:00+02:00,plant_1,2.5,-1.97,32.93,30.96,0.0,0.0,-4.84,28.09,2.5,0.0,0.0,0.0,11.29,44.22,83.54096470588236,72.25096470588235,39.32096470588236,0.0,0.0,0.0,0.0,0.0,0.0,34.794,0.0,0.0,2025-05-16_12:00_16:00,4.0,pay_as_bid,246.13,246.13,246.13,246.13,0.0,0.0,0.0,0.0,0.0,0.0,0.0,0.0,49.42846963943506,2.5,0.0,2.5,2.225,1.5600997533536483
2025-05-16 13:15:00+02:00,plant_1,2.5,-1.97,32.93,30.96,0.0,0.0,0.54,33.47,2.5,0.0,0.0,0.0,76.08,109.00999999999999,83.54096470588236,7.460964705882361,-25.46903529411763,0.0,0.0,0.0,0.0,0.0,0.0,0.0,0.0,0.0,2025-05-16_12:00_16:00,4.0,pay_as_bid,246.13,246.13,246.13,246.13,0.0,0.0,0.0,0.0,0.0,0.0,0.0,0.0,49.26949459650447,2.5,0.0,2.5,2.225,1.715895295425619
2025-05-16 13:30:00+02:00,plant_1,2.5,-1.97,32.93,30.96,0.0,0.0,11.3,44.230000000000004,2.5,0.0,0.0,0.0,83.08,116.00999999999999,83.54096470588236,0.46096470588236116,-32.46903529411763,0.0,0.0,0.0,0.0,0.0,0.0,0.0,0.0,0.0,2025-05-16_12:00_16:00,4.0,pay_as_bid,246.13,246.13,246.13,246.13,0.0,0.0,0.0,0.0,0.0,0.0,0.0,0.0,49.110559297334625,2.5,0.0,2.5,2.225,1.8716518886120719
2025-05-16 13:45:00+02:00,plant_1,2.5,-1.97,32.93,30.96,0.0,0.0,25.7,58.629999999999995,2.5,0.0,0.0,0.0,29.22,62.15,83.54096470588236,54.32096470588236,21.39096470588236,0.0,0.0,0.0,0.0,0.0,0.0,17.556,0.0,0.0,2025-05-16_12:00_16:00,4.0,pay_as_bid,246.13,246.13,246.13,246.13,0.0,0.0,0.0,0.0,0.0,0.0,0.0,0.0,48.95166373198956,2.5,0.0,2.5,2.225,2.027369542650228
2025-05-16 14:00:00+02:00,plant_1,2.5,-1.55,32.93,31.38,0.0,0.0,-2.67,30.259999999999998,2.5,0.0,0.0,0.0,32.07,65.0,83.54096470588236,51.47096470588236,18.54096470588236,0.0,0.0,0.0,0.0,0.0,0.0,0.056,0.0,0.0,2025-05-16_12:00_16:00,4.0,pay_as_bid,246.13,246.13,246.13,246.13,0.0,0.0,0.0,0.0,0.0,0.0,0.0,0.0,48.79280789053584,2.5,0.0,2.5,2.225,2.1830482672748746
2025-05-16 14:15:00+02:00,plant_1,2.5,-1.55,32.93,31.38,0.0,0.0,23.33,56.26,2.5,0.0,0.0,0.0,29.05,61.980000000000004,83.54096470588236,54.49096470588236,21.560964705882355,0.0,0.0,0.0,0.0,0.0,0.0,0.789,0.0,0.0,2025-05-16_12:00_16:00,4.0,pay_as_bid,246.13,246.13,246.13,246.13,0.0,0.0,0.0,0.0,0.0,0.0,0.0,0.0,48.63399176304248,2.5,0.0,2.5,2.225,2.338688072218365
2025-05-16 14:30:00+02:00,plant_1,2.5,-1.55,32.93,31.38,0.0,2.5,58.48,91.41,0.0,0.0,0.0,0.0,0.0,32.93,83.54096470588236,83.54096470588236,50.61096470588236,0.0,0.0,0.0,0.0,0.0,0.0,0.0,0.0,0.0,2025-05-16_12:00_16:00,4.0,pay_as_bid,246.13,246.13,246.13,246.13,0.0,0.0,0.0,0.0,0.0,0.0,0.0,2.5,50.975215339581,0.0,0.0,0.0,2.225,0.04428896721061948
2025-05-16 14:45:00+02:00,plant_1,2.5,-1.55,32.93,31.38,0.0,2.5,88.01,120.94,0.0,0.0,0.0,0.0,85.61,118.53999999999999,83.54096470588236,-2.06903529411764,-34.99903529411763,0.0,0.0,0.0,0.0,0.0,0.0,0.012,0.0,0.0,2025-05-16_12:00_16:00,4.0,pay_as_bid,246.13,246.13,246.13,246.13,0.0,0.0,0.0,0.0,0.0,0.0,0.0,2.5,51.02040816326531,0.0,2.1820504418802478,0.0,0.04294955811975231,0.0
2025-05-16 15:00:00+02:00,plant_1,2.5,-0.01,32.93,32.92,0.0,0.0,38.26,71.19,2.5,0.0,0.0,0.0,25.96,58.89,83.54096470588236,57.58096470588236,24.65096470588236,0.0,0.0,0.0,0.0,0.0,0.0,14.259,0.0,0.0,2025-05-16_12:00_16:00,4.0,pay_as_bid,246.13,246.13,246.13,246.13,0.0,0.0,0.0,0.0,0.0,0.0,0.0,0.0,50.805806858826,2.5,0.0,2.5,2.1725,0.2103092783505156
2025-05-16 15:15:00+02:00,plant_1,2.5,-0.01,32.93,32.92,0.0,2.5,70.79,103.72,0.0,10.0,2.5,2.5,24.23,57.16,83.54096470588236,59.310964705882355,26.380964705882363,148.2774117647059,65.95241176470591,0.0,2.5,0.0,2.5,3.967,0.0,0.0,2025-05-16_12:00_16:00,4.0,pay_as_bid,246.13,246.13,246.13,246.13,0.0,0.0,0.0,0.0,0.0,0.0,0.0,2.5,50.59125920471281,2.5,0.0,2.5,2.1725,0.4205659793814436
2025-05-16 15:30:00+02:00,plant_1,2.5,-0.01,32.93,32.92,0.0,2.5,92.36,125.28999999999999,0.0,0.0,0.0,0.0,0.0,32.93,83.54096470588236,83.54096470588236,50.61096470588236,0.0,0.0,0.0,0.0,0.0,0.0,0.0,0.0,0.0,2025-05-16_12:00_16:00,4.0,pay_as_bid,246.13,246.13,246.13,246.13,0.0,0.0,0.0,0.0,0.0,0.0,0.0,2.5,51.02040816326531,0.0,1.7646529872499996,0.0,0.40784701275000024,0.0
2025-05-16 15:45:00+02:00,plant_1,2.5,-0.01,32.93,32.92,0.0,2.5,113.46,146.39,0.0,0.0,0.0,0.0,0.0,32.93,83.54096470588236,83.54096470588236,50.61096470588236,0.0,0.0,0.0,0.0,0.0,0.0,0.0,0.0,0.0,2025-05-16_12:00_16:00,4.0,pay_as_bid,246.13,246.13,246.13,246.13,0.0,0.0,0.0,0.0,0.0,0.0,0.0,2.5,51.02040816326531,0.0,2.1725,0.0,0.0,0.0
2025-05-16 16:00:00+02:00,plant_1,2.5,2.98,32.93,35.91,0.0,2.5,77.7,110.63,0.0,10.0,2.5,2.5,30.33,63.26,83.54096470588236,53.21096470588236,20.28096470588236,133.0274117647059,50.7024117647059,0.0,2.5,0.0,2.5,44.402,0.0,0.0,2025-05-16_16:00_20:00,4.0,pay_as_bid,74.25,74.25,74.25,74.25,0.0,0.0,0.0,0.0,0.0,0.0,0.0,2.5,50.76635808962761,2.5,0.0,2.5,2.135,0.24896907216494846
2025-05-16 16:15:00+02:00,plant_1,2.5,2.98,32.93,35.91,0.0,2.5,98.89,131.82,0.0,0.0,0.0,0.0,51.76,84.69,83.54096470588236,31.78096470588236,-1.1490352941176383,0.0,0.0,0.0,0.0,0.0,0.0,1.658,0.0,0.0,2025-05-16_16:00_20:00,4.0,pay_as_bid,74.25,74.25,74.25,74.25,0.0,0.0,0.0,0.0,0.0,0.0,0.0,2.5,51.02040816326531,0.0,1.8935603749999999,0.0,0.241439625,0.0
2025-05-16 16:30:00+02:00,plant_1,2.5,2.98,32.93,35.91,0.0,2.5,108.98,141.91,0.0,10.0,2.5,2.5,30.35,63.28,83.54096470588236,53.19096470588236,20.26096470588236,132.9774117647059,50.652411764705896,0.0,2.5,0.0,2.5,25.362,0.0,0.0,2025-05-16_16:00_20:00,4.0,pay_as_bid,74.25,74.25,74.25,74.25,0.0,0.0,0.0,0.0,0.0,0.0,0.0,2.5,50.76635808962761,2.5,0.0,2.5,2.135,0.24896907216494846
2025-05-16 16:45:00+02:00,plant_1,2.5,2.98,32.93,35.91,0.0,2.5,127.5,160.43,0.0,0.0,0.0,0.0,0.0,32.93,83.54096470588236,83.54096470588236,50.61096470588236,0.0,0.0,0.0,0.0,0.0,0.0,0.0,0.0,0.0,2025-05-16_16:00_20:00,4.0,pay_as_bid,74.25,74.25,74.25,74.25,0.0,0.0,0.0,0.0,0.0,0.0,0.0,2.5,51.02040816326531,0.0,1.8935603749999999,0.0,0.241439625,0.0
2025-05-16 17:00:00+02:00,plant_1,0.0,69.79,32.93,102.72,0.0,0.0,96.28,129.21,0.0,0.0,0.0,0.0,62.41,95.34,83.54096470588236,21.130964705882363,-11.799035294117644,0.0,0.0,0.0,0.0,0.0,0.0,4.921,0.0,0.0,2025-05-16_16:00_20:00,4.0,pay_as_bid,74.25,74.25,74.25,74.25,0.0,0.0,0.0,0.0,0.0,0.0,0.0,2.5,51.02040816326531,0.0,2.1,0.0,0.0,0.0
2025-05-16 17:15:00+02:00,plant_1,0.0,69.79,32.93,102.72,0.0,0.0,105.81,138.74,0.0,10.0,2.5,2.5,45.46,78.39,83.54096470588236,38.08096470588236,5.150964705882359,95.2024117647059,12.877411764705897,0.0,2.5,0.0,2.5,6.458,0.0,0.0,2025-05-16_16:00_20:00,4.0,pay_as_bid,74.25,74.25,74.25,74.25,0.0,0.0,0.0,0.0,0.0,0.0,0.0,2.5,50.72953923837576,2.5,0.0,2.5,2.1,0.28505154639175245
2025-05-16 17:30:00+02:00,plant_1,0.0,69.79,32.93,102.72,0.0,0.0,119.14,152.07,0.0,10.0,2.5,2.5,40.06,72.99000000000001,83.54096470588236,43.48096470588236,10.55096470588235,108.70241176470589,26.377411764705876,0.0,2.5,0.0,2.5,19.015,0.0,0.0,2025-05-16_16:00_20:00,4.0,pay_as_bid,74.25,74.25,74.25,74.25,0.0,0.0,0.0,0.0,0.0,0.0,0.0,2.5,50.43874303071745,2.5,0.0,2.5,2.1,0.5700318298969069
2025-05-16 17:45:00+02:00,plant_1,0.0,69.79,32.93,102.72,0.0,0.0,151.56,184.49,0.0,0.0,0.0,0.0,63.64,96.57,83.54096470588236,19.90096470588236,-13.029035294117634,0.0,0.0,0.0,0.0,0.0,0.0,7.643,0.0,0.0,2025-05-16_16:00_20:00,4.0,pay_as_bid,74.25,74.25,74.25,74.25,0.0,0.0,0.0,0.0,0.0,0.0,0.0,2.5,51.02040816326531,0.0,1.5472073577187504,0.0,0.5527926422812497,0.0
2025-05-16 18:00:00+02:00,plant_1,0.0,100.05,32.93,132.98,0.0,0.0,133.28,166.21,0.0,0.0,0.0,0.0,55.77,88.7,83.54096470588236,27.770964705882356,-5.159035294117643,0.0,0.0,0.0,0.0,0.0,0.0,10.61,0.0,0.0,2025-05-16_16:00_20:00,4.0,pay_as_bid,74.25,74.25,74.25,74.25,0.0,0.0,0.0,0.0,0.0,0.0,0.0,2.5,51.02040816326531,0.0,2.1,0.0,0.0,0.0
2025-05-16 18:15:00+02:00,plant_1,0.0,100.05,32.93,132.98,0.0,0.0,145.16,178.09,0.0,0.0,0.0,0.0,0.0,32.93,83.54096470588236,83.54096470588236,50.61096470588236,0.0,0.0,0.0,0.0,0.0,0.0,0.0,0.0,0.0,2025-05-16_16:00_20:00,4.0,pay_as_bid,74.25,74.25,74.25,74.25,0.0,0.0,0.0,0.0,0.0,0.0,0.0,2.5,51.02040816326531,0.0,2.1,0.0,0.0,0.0
2025-05-16 18:30:00+02:00,plant_1,0.0,100.05,32.93,132.98,0.0,0.0,163.05,195.98000000000002,0.0,0.0,0.0,0.0,70.3,103.22999999999999,83.54096470588236,13.240964705882362,-19.68903529411763,0.0,0.0,0.0,0.0,0.0,0.0,0.154,0.0,0.0,2025-05-16_16:00_20:00,4.0,pay_as_bid,74.25,74.25,74.25,74.25,0.0,0.0,0.0,0.0,0.0,0.0,0.0,2.5,51.02040816326531,0.0,2.1,0.0,0.0,0.0
2025-05-16 18:45:00+02:00,plant_1,0.0,100.05,32.93,132.98,0.0,0.0,186.38,219.31,0.0,0.0,0.0,0.0,71.9,104.83000000000001,83.54096470588236,11.640964705882354,-21.289035294117653,0.0,0.0,0.0,0.0,0.0,0.0,0.0,0.0,0.0,2025-05-16_16:00_20:00,4.0,pay_as_bid,74.25,74.25,74.25,74.25,0.0,0.0,0.0,0.0,0.0,0.0,0.0,2.5,51.02040816326531,0.0,2.1,0.0,0.0,0.0
2025-05-16 19:00:00+02:00,plant_1,0.0,111.81,32.93,144.74,0.0,0.0,171.3,204.23000000000002,0.0,0.0,0.0,0.0,80.44,113.37,83.54096470588236,3.1009647058823617,-29.829035294117645,0.0,0.0,0.0,0.0,0.0,0.0,0.197,0.0,0.0,2025-05-16_16:00_20:00,4.0,pay_as_bid,74.25,74.25,74.25,74.25,0.0,0.0,0.0,0.0,0.0,0.0,0.0,2.5,51.02040816326531,0.0,2.1,0.0,0.0,0.0
2025-05-16 19:15:00+02:00,plant_1,0.0,111.81,32.93,144.74,0.0,0.0,150.57,183.5,0.0,0.0,0.0,0.0,67.54,100.47,83.54096470588236,16.000964705882353,-16.92903529411764,0.0,0.0,0.0,0.0,0.0,0.0,7.358,0.0,0.0,2025-05-16_16:00_20:00,4.0,pay_as_bid,74.25,74.25,74.25,74.25,0.0,0.0,0.0,0.0,0.0,0.0,0.0,2.5,51.02040816326531,0.0,2.1,0.0,0.0,0.0
2025-05-16 19:30:00+02:00,plant_1,0.0,111.81,32.93,144.74,0.0,0.0,130.86,163.79000000000002,0.0,0.0,0.0,0.0,126.84,159.77,83.54096470588236,-43.299035294117644,-76.22903529411765,0.0,0.0,0.0,0.0,0.0,0.0,0.161,0.0,0.0,2025-05-16_16:00_20:00,4.0,pay_as_bid,74.25,74.25,74.25,74.25,0.0,0.0,0.0,0.0,0.0,0.0,0.0,2.5,51.02040816326531,0.0,2.1,0.0,0.0,0.0
2025-05-16 19:45:00+02:00,plant_1,0.0,111.81,32.93,144.74,0.0,0.0,112.89,145.82,0.0,0.0,0.0,0.0,81.18,114.11000000000001,83.54096470588236,2.3609647058823526,-30.569035294117654,0.0,0.0,0.0,0.0,0.0,0.0,4.302,0.0,0.0,2025-05-16_16:00_20:00,4.0,pay_as_bid,74.25,74.25,74.25,74.25,0.0,0.0,0.0,0.0,0.0,0.0,0.0,2.5,51.02040816326531,0.0,2.1,0.0,0.0,0.0
2025-05-16 20:00:00+02:00,plant_1,0.0,154.91,32.93,187.84,0.0,0.0,132.33,165.26000000000002,0.0,0.0,0.0,0.0,88.6,121.53,83.54096470588236,-5.059035294117635,-37.98903529411764,0.0,0.0,0.0,0.0,0.0,0.0,0.037,0.0,0.0,2025-05-16_20:00_00:00,4.0,pay_as_bid,3.41,3.41,3.41,3.41,0.0,0.0,0.0,0.0,0.0,0.0,0.0,2.5,51.02040816326531,0.0,2.1,0.0,0.0,0.0
2025-05-16 20:15:00+02:00,plant_1,0.0,154.91,32.93,187.84,0.0,0.0,120.12,153.05,0.0,0.0,0.0,0.0,0.0,32.93,83.54096470588236,83.54096470588236,50.61096470588236,0.0,0.0,0.0,0.0,0.0,0.0,0.0,0.0,0.0,2025-05-16_20:00_00:00,4.0,pay_as_bid,3.41,3.41,3.41,3.41,0.0,0.0,0.0,0.0,0.0,0.0,0.0,2.5,51.02040816326531,0.0,2.1,0.0,0.0,0.0
2025-05-16 20:30:00+02:00,plant_1,0.0,154.91,32.93,187.84,0.0,0.0,102.99,135.92,0.0,0.0,0.0,0.0,0.0,32.93,83.54096470588236,83.54096470588236,50.61096470588236,0.0,0.0,0.0,0.0,0.0,0.0,0.0,0.0,0.0,2025-05-16_20:00_00:00,4.0,pay_as_bid,3.41,3.41,3.41,3.41,0.0,0.0,0.0,0.0,0.0,0.0,0.0,2.5,51.02040816326531,0.0,2.1,0.0,0.0,0.0
2025-05-16 20:45:00+02:00,plant_1,0.0,154.91,32.93,187.84,0.0,0.0,101.44,134.37,0.0,0.0,0.0,0.0,0.0,32.93,83.54096470588236,83.54096470588236,50.61096470588236,0.0,0.0,0.0,0.0,0.0,0.0,0.0,0.0,0.0,2025-05-16_20:00_00:00,4.0,pay_as_bid,3.41,3.41,3.41,3.41,0.0,0.0,0.0,0.0,0.0,0.0,0.0,2.5,51.02040816326531,0.0,2.1,0.0,0.0,0.0
2025-05-16 21:00:00+02:00,plant_1,0.0,143.23,32.93,176.16,0.0,0.0,130.9,163.83,0.0,0.0,0.0,0.0,93.32,126.25,83.54096470588236,-9.779035294117634,-42.70903529411764,0.0,0.0,0.0,0.0,0.0,0.0,0.018,0.0,0.0,2025-05-16_20:00_00:00,4.0,pay_as_bid,3.41,3.41,3.41,3.41,0.0,0.0,0.0,0.0,0.0,0.0,0.0,2.5,51.02040816326531,0.0,2.1,0.0,0.0,0.0
2025-05-16 21:15:00+02:00,plant_1,0.0,143.23,32.93,176.16,0.0,0.0,104.8,137.73,0.0,0.0,0.0,0.0,79.14,112.07,83.54096470588236,4.400964705882359,-28.529035294117634,0.0,0.0,0.0,0.0,0.0,0.0,0.091,0.0,0.0,2025-05-16_20:00_00:00,4.0,pay_as_bid,3.41,3.41,3.41,3.41,0.0,0.0,0.0,0.0,0.0,0.0,0.0,2.5,51.02040816326531,0.0,2.1,0.0,0.0,0.0
2025-05-16 21:30:00+02:00,plant_1,0.0,143.23,32.93,176.16,0.0,0.0,94.15,127.08000000000001,0.0,0.0,0.0,0.0,97.55,130.48,83.54096470588236,-14.009035294117638,-46.93903529411763,0.0,0.0,0.0,0.0,0.0,0.0,0.023,0.0,0.0,2025-05-16_20:00_00:00,4.0,pay_as_bid,3.41,3.41,3.41,3.41,0.0,0.0,0.0,0.0,0.0,0.0,0.0,2.5,51.02040816326531,0.0,2.1,0.0,0.0,0.0
2025-05-16 21:45:00+02:00,plant_1,0.0,143.23,32.93,176.16,0.0,0.0,85.89,118.82,0.0,0.0,0.0,0.0,56.06,88.99000000000001,83.54096470588236,27.480964705882357,-5.44903529411765,0.0,0.0,0.0,0.0,0.0,0.0,11.653,0.0,0.0,2025-05-16_20:00_00:00,4.0,pay_as_bid,3.41,3.41,3.41,3.41,0.0,0.0,0.0,0.0,0.0,0.0,0.0,2.5,51.02040816326531,0.0,2.1,0.0,0.0,0.0
2025-05-16 22:00:00+02:00,plant_1,0.0,116.08,32.93,149.01,0.0,0.0,109.31,142.24,0.0,10.0,2.5,2.5,43.34,76.27000000000001,83.54096470588236,40.200964705882356,7.270964705882349,100.5024117647059,18.177411764705873,0.0,2.5,0.0,2.5,48.672,0.0,0.0,2025-05-16_20:00_00:00,4.0,pay_as_bid,3.41,3.41,3.41,3.41,0.0,0.0,0.0,0.0,0.0,0.0,0.0,2.5,50.72953923837576,2.5,0.0,2.5,2.1,0.28505154639175245
2025-05-16 22:15:00+02:00,plant_1,0.0,116.08,32.93,149.01,0.0,0.0,102.21,135.14,0.0,10.0,2.5,2.5,41.16,74.09,83.54096470588236,42.38096470588236,9.450964705882356,105.95241176470591,23.62741176470589,0.0,2.5,0.0,2.5,73.854,0.0,0.0,2025-05-16_20:00_00:00,4.0,pay_as_bid,3.41,3.41,3.41,3.41,0.0,0.0,0.0,0.0,0.0,0.0,0.0,2.5,50.43874303071745,2.5,0.0,2.5,2.1,0.5700318298969069
2025-05-16 22:30:00+02:00,plant_1,0.0,116.08,32.93,149.01,0.0,0.0,98.2,131.13,0.0,0.0,0.0,0.0,78.33,111.25999999999999,83.54096470588236,5.210964705882361,-27.71903529411763,0.0,0.0,0.0,0.0,0.0,0.0,11.253,0.0,0.0,2025-05-16_20:00_00:00,4.0,pay_as_bid,3.41,3.41,3.41,3.41,0.0,0.0,0.0,0.0,0.0,0.0,0.0,2.5,51.02040816326531,0.0,1.5472073577187504,0.0,0.5527926422812497,0.0
2025-05-16 22:45:00+02:00,plant_1,0.0,116.08,32.93,149.01,0.0,0.0,89.73,122.66,0.0,0.0,0.0,0.0,70.37,103.30000000000001,83.54096470588236,13.170964705882355,-19.759035294117652,0.0,0.0,0.0,0.0,0.0,0.0,0.4,0.0,0.0,2025-05-16_20:00_00:00,4.0,pay_as_bid,3.41,3.41,3.41,3.41,0.0,0.0,0.0,0.0,0.0,0.0,0.0,2.5,51.02040816326531,0.0,2.1,0.0,0.0,0.0
2025-05-16 23:00:00+02:00,plant_1,0.0,102.08,32.93,135.01,0.0,0.0,104.64,137.57,0.0,0.0,0.0,0.0,50.99,83.92,83.54096470588236,32.55096470588236,-0.37903529411764225,0.0,0.0,0.0,0.0,0.0,0.0,9.086,0.0,0.0,2025-05-16_20:00_00:00,4.0,pay_as_bid,3.41,3.41,3.41,3.41,0.0,0.0,0.0,0.0,0.0,0.0,0.0,2.5,51.02040816326531,0.0,2.0875,0.0,0.0,0.0
2025-05-16 23:15:00+02:00,plant_1,0.0,102.08,32.93,135.01,0.0,0.0,94.93,127.86000000000001,0.0,10.0,2.5,2.5,49.37,82.3,83.54096470588236,34.17096470588236,1.2409647058823623,85.42741176470591,3.1024117647059057,0.0,2.5,0.0,2.5,14.544,0.0,0.0,2025-05-16_20:00_00:00,4.0,pay_as_bid,3.41,3.41,3.41,3.41,0.0,0.0,0.0,0.0,0.0,0.0,0.0,2.5,50.71638964864296,2.5,0.0,2.5,2.0875,0.29793814432989674
2025-05-16 23:30:00+02:00,plant_1,0.0,102.08,32.93,135.01,0.0,0.0,98.45,131.38,0.0,0.0,0.0,0.0,68.6,101.53,83.54096470588236,14.940964705882365,-17.98903529411764,0.0,0.0,0.0,0.0,0.0,0.0,9.532,0.0,0.0,2025-05-16_20:00_00:00,4.0,pay_as_bid,3.41,3.41,3.41,3.41,0.0,0.0,0.0,0.0,0.0,0.0,0.0,2.5,51.02040816326531,0.0,1.79857225,0.0,0.2889277499999998,0.0
2025-05-16 23:45:00+02:00,plant_1,0.0,102.08,32.93,135.01,0.0,0.0,94.4,127.33000000000001,0.0,10.0,2.5,2.5,48.53,81.46000000000001,83.54096470588236,35.01096470588236,2.0809647058823515,87.5274117647059,5.202411764705879,0.0,2.5,0.0,2.5,11.301,0.0,0.0,2025-05-16_20:00_00:00,4.0,pay_as_bid,3.41,3.41,3.41,3.41,0.0,0.0,0.0,0.0,0.0,0.0,0.0,2.5,50.71638964864296,2.5,0.0,2.5,2.0875,0.29793814432989674
2025-05-17 00:00:00+02:00,plant_1,0.0,93.0,32.93,125.93,0.0,0.0,100.6,133.53,0.0,10.0,2.5,2.5,45.09,78.02000000000001,83.54096470588236,38.450964705882356,5.520964705882349,96.1274117647059,13.802411764705873,0.0,2.5,0.0,2.5,3.824,0.0,0.0,2025-05-17_00:00_04:00,4.0,pay_as_bid,5.44,5.44,5.44,5.44,0.0,0.0,0.0,0.0,0.0,0.0,0.0,2.5,50.41244713864928,2.5,0.0,2.5,2.0875,0.595801804123711
2025-05-17 00:15:00+02:00,plant_1,0.0,93.0,32.93,125.93,0.0,0.0,103.93,136.86,0.0,0.0,0.0,0.0,92.59,125.52000000000001,83.54096470588236,-9.049035294117644,-41.97903529411765,0.0,0.0,0.0,0.0,0.0,0.0,0.086,0.0,0.0,2025-05-17_00:00_04:00,4.0,pay_as_bid,5.44,5.44,5.44,5.44,0.0,0.0,0.0,0.0,0.0,0.0,0.0,2.5,51.02040816326531,0.0,1.5097167319375004,0.0,0.5777832680624996,0.0
2025-05-17 00:30:00+02:00,plant_1,0.0,93.0,32.93,125.93,0.0,0.0,106.65,139.58,0.0,0.0,0.0,0.0,0.0,32.93,83.54096470588236,83.54096470588236,50.61096470588236,0.0,0.0,0.0,0.0,0.0,0.0,0.0,0.0,0.0,2025-05-17_00:00_04:00,4.0,pay_as_bid,5.44,5.44,5.44,5.44,0.0,0.0,0.0,0.0,0.0,0.0,0.0,2.5,51.02040816326531,0.0,2.0875,0.0,0.0,0.0
2025-05-17 00:45:00+02:00,plant_1,0.0,93.0,32.93,125.93,0.0,0.0,99.2,132.13,0.0,0.0,0.0,0.0,0.0,32.93,83.54096470588236,83.54096470588236,50.61096470588236,0.0,0.0,0.0,0.0,0.0,0.0,0.0,0.0,0.0,2025-05-17_00:00_04:00,4.0,pay_as_bid,5.44,5.44,5.44,5.44,0.0,0.0,0.0,0.0,0.0,0.0,0.0,2.5,51.02040816326531,0.0,2.0875,0.0,0.0,0.0
2025-05-17 01:00:00+02:00,plant_1,0.0,93.48,32.93,126.41,0.0,0.0,103.71,136.64,0.0,0.0,0.0,0.0,93.0,125.93,83.54096470588236,-9.45903529411764,-42.38903529411765,0.0,0.0,0.0,0.0,0.0,0.0,0.045,0.0,0.0,2025-05-17_00:00_04:00,4.0,pay_as_bid,5.44,5.44,5.44,5.44,0.0,0.0,0.0,0.0,0.0,0.0,0.0,2.5,51.02040816326531,0.0,2.0125,0.0,0.0,0.0
2025-05-17 01:15:00+02:00,plant_1,0.0,93.48,32.93,126.41,0.0,0.0,100.37,133.3,0.0,0.0,0.0,0.0,119.0,151.93,83.54096470588236,-35.45903529411764,-68.38903529411765,0.0,0.0,0.0,0.0,0.0,0.0,0.075,0.0,0.0,2025-05-17_00:00_04:00,4.0,pay_as_bid,5.44,5.44,5.44,5.44,0.0,0.0,0.0,0.0,0.0,0.0,0.0,2.5,51.02040816326531,0.0,2.0125,0.0,0.0,0.0
2025-05-17 01:30:00+02:00,plant_1,0.0,93.48,32.93,126.41,0.0,0.0,98.37,131.3,0.0,0.0,0.0,0.0,0.0,32.93,83.54096470588236,83.54096470588236,50.61096470588236,0.0,0.0,0.0,0.0,0.0,0.0,0.0,0.0,0.0,2025-05-17_00:00_04:00,4.0,pay_as_bid,5.44,5.44,5.44,5.44,0.0,0.0,0.0,0.0,0.0,0.0,0.0,2.5,51.02040816326531,0.0,2.0125,0.0,0.0,0.0
2025-05-17 01:45:00+02:00,plant_1,0.0,93.48,32.93,126.41,0.0,0.0,95.78,128.71,0.0,0.0,0.0,0.0,0.0,32.93,83.54096470588236,83.54096470588236,50.61096470588236,0.0,0.0,0.0,0.0,0.0,0.0,0.0,0.0,0.0,2025-05-17_00:00_04:00,4.0,pay_as_bid,5.44,5.44,5.44,5.44,0.0,0.0,0.0,0.0,0.0,0.0,0.0,2.5,51.02040816326531,0.0,2.0125,0.0,0.0,0.0
2025-05-17 02:00:00+02:00,plant_1,0.0,88.93,32.93,121.86000000000001,0.0,0.0,97.66,130.59,0.0,0.0,0.0,0.0,0.0,32.93,83.54096470588236,83.54096470588236,50.61096470588236,0.0,0.0,0.0,0.0,0.0,0.0,0.0,0.0,0.0,2025-05-17_00:00_04:00,4.0,pay_as_bid,5.44,5.44,5.44,5.44,0.0,0.0,0.0,0.0,0.0,0.0,0.0,2.5,51.02040816326531,0.0,2.0125,0.0,0.0,0.0
2025-05-17 02:15:00+02:00,plant_1,0.0,88.93,32.93,121.86000000000001,0.0,0.0,95.04,127.97,0.0,0.0,0.0,0.0,0.0,32.93,83.54096470588236,83.54096470588236,50.61096470588236,0.0,0.0,0.0,0.0,0.0,0.0,0.0,0.0,0.0,2025-05-17_00:00_04:00,4.0,pay_as_bid,5.44,5.44,5.44,5.44,0.0,0.0,0.0,0.0,0.0,0.0,0.0,2.5,51.02040816326531,0.0,2.0125,0.0,0.0,0.0
2025-05-17 02:30:00+02:00,plant_1,0.0,88.93,32.93,121.86000000000001,0.0,0.0,95.23,128.16,0.0,0.0,0.0,0.0,0.0,32.93,83.54096470588236,83.54096470588236,50.61096470588236,0.0,0.0,0.0,0.0,0.0,0.0,0.0,0.0,0.0,2025-05-17_00:00_04:00,4.0,pay_as_bid,5.44,5.44,5.44,5.44,0.0,0.0,0.0,0.0,0.0,0.0,0.0,2.5,51.02040816326531,0.0,2.0125,0.0,0.0,0.0
2025-05-17 02:45:00+02:00,plant_1,0.0,88.93,32.93,121.86000000000001,0.0,0.0,92.98,125.91,0.0,0.0,0.0,0.0,0.0,32.93,83.54096470588236,83.54096470588236,50.61096470588236,0.0,0.0,0.0,0.0,0.0,0.0,0.0,0.0,0.0,2025-05-17_00:00_04:00,4.0,pay_as_bid,5.44,5.44,5.44,5.44,0.0,0.0,0.0,0.0,0.0,0.0,0.0,2.5,51.02040816326531,0.0,2.0125,0.0,0.0,0.0
2025-05-17 03:00:00+02:00,plant_1,0.0,88.9,32.93,121.83000000000001,0.0,0.0,95.73,128.66,0.0,0.0,0.0,0.0,0.0,32.93,83.54096470588236,83.54096470588236,50.61096470588236,0.0,0.0,0.0,0.0,0.0,0.0,0.0,0.0,0.0,2025-05-17_00:00_04:00,4.0,pay_as_bid,5.44,5.44,5.44,5.44,0.0,0.0,0.0,0.0,0.0,0.0,0.0,2.5,51.02040816326531,0.0,2.0125,0.0,0.0,0.0
2025-05-17 03:15:00+02:00,plant_1,0.0,88.9,32.93,121.83000000000001,0.0,0.0,91.04,123.97,0.0,0.0,0.0,0.0,0.0,32.93,83.54096470588236,83.54096470588236,50.61096470588236,0.0,0.0,0.0,0.0,0.0,0.0,0.0,0.0,0.0,2025-05-17_00:00_04:00,4.0,pay_as_bid,5.44,5.44,5.44,5.44,0.0,0.0,0.0,0.0,0.0,0.0,0.0,2.5,51.02040816326531,0.0,2.0125,0.0,0.0,0.0
2025-05-17 03:30:00+02:00,plant_1,0.0,88.9,32.93,121.83000000000001,0.0,0.0,89.36,122.28999999999999,0.0,0.0,0.0,0.0,0.0,32.93,83.54096470588236,83.54096470588236,50.61096470588236,0.0,0.0,0.0,0.0,0.0,0.0,0.0,0.0,0.0,2025-05-17_00:00_04:00,4.0,pay_as_bid,5.44,5.44,5.44,5.44,0.0,0.0,0.0,0.0,0.0,0.0,0.0,2.5,51.02040816326531,0.0,2.0125,0.0,0.0,0.0
2025-05-17 03:45:00+02:00,plant_1,0.0,88.9,32.93,121.83000000000001,0.0,0.0,85.63,118.56,0.0,0.0,0.0,0.0,71.05,103.97999999999999,83.54096470588236,12.490964705882362,-20.43903529411763,0.0,0.0,0.0,0.0,0.0,0.0,0.612,0.0,0.0,2025-05-17_00:00_04:00,4.0,pay_as_bid,5.44,5.44,5.44,5.44,0.0,0.0,0.0,0.0,0.0,0.0,0.0,2.5,51.02040816326531,0.0,2.0125,0.0,0.0,0.0
2025-05-17 04:00:00+02:00,plant_1,0.0,89.89,32.93,122.82,0.0,0.0,93.28,126.21000000000001,0.0,10.0,2.5,2.5,42.56,75.49000000000001,83.54096470588236,40.98096470588236,8.05096470588235,102.45241176470589,20.127411764705876,0.0,2.5,0.0,2.5,33.46,0.0,0.0,2025-05-17_04:00_08:00,4.0,pay_as_bid,4.39,4.39,4.39,4.39,0.0,0.0,0.0,0.0,0.0,0.0,0.0,2.5,50.637492110246164,2.5,0.0,2.5,2.0125,0.37525773195876244
2025-05-17 04:15:00+02:00,plant_1,0.0,89.89,32.93,122.82,0.0,0.0,90.34,123.27000000000001,0.0,10.0,2.5,2.5,42.5,75.43,83.54096470588236,41.04096470588236,8.110964705882353,102.60241176470589,20.27741176470588,0.0,2.5,0.0,2.5,48.367,0.0,0.0,2025-05-17_04:00_08:00,4.0,pay_as_bid,4.39,4.39,4.39,4.39,0.0,0.0,0.0,0.0,0.0,0.0,0.0,2.5,50.25467178624027,2.5,0.0,2.5,2.0125,0.7504216494845353
2025-05-17 04:30:00+02:00,plant_1,0.0,89.89,32.93,122.82,0.0,0.0,85.71,118.63999999999999,0.0,10.0,2.5,2.5,41.37,74.3,83.54096470588236,42.17096470588236,9.240964705882362,105.42741176470591,23.102411764705906,0.0,2.5,0.0,2.5,56.875,0.0,0.0,2025-05-17_04:00_08:00,4.0,pay_as_bid,4.39,4.39,4.39,4.39,0.0,0.0,0.0,0.0,0.0,0.0,0.0,2.5,49.87194716731538,2.5,0.0,2.5,2.0125,1.1254917760309266
2025-05-17 04:45:00+02:00,plant_1,0.0,89.89,32.93,122.82,0.0,0.0,80.4,113.33000000000001,0.0,0.0,0.0,0.0,53.17,86.1,83.54096470588236,30.370964705882358,-2.559035294117635,0.0,0.0,0.0,0.0,0.0,0.0,14.844,0.0,0.0,2025-05-17_04:00_08:00,4.0,pay_as_bid,4.39,4.39,4.39,4.39,0.0,0.0,0.0,0.0,0.0,0.0,0.0,2.5,51.02040816326531,0.0,0.9210459090056888,0.0,1.0914540909943113,0.0
2025-05-17 05:00:00+02:00,plant_1,0.0,93.46,32.93,126.38999999999999,0.0,0.0,109.28,142.21,0.0,0.0,0.0,0.0,73.82,106.75,83.54096470588236,9.720964705882366,-23.20903529411764,0.0,0.0,0.0,0.0,0.0,0.0,4.087,0.0,0.0,2025-05-17_04:00_08:00,4.0,pay_as_bid,4.39,4.39,4.39,4.39,0.0,0.0,0.0,0.0,0.0,0.0,0.0,2.5,51.02040816326531,0.0,2.0125,0.0,0.0,0.0
2025-05-17 05:15:00+02:00,plant_1,0.0,93.46,32.93,126.38999999999999,0.0,0.0,89.48,122.41,0.0,0.0,0.0,0.0,101.83,134.76,83.54096470588236,-18.28903529411764,-51.21903529411763,0.0,0.0,0.0,0.0,0.0,0.0,4.919,0.0,0.0,2025-05-17_04:00_08:00,4.0,pay_as_bid,4.39,4.39,4.39,4.39,0.0,0.0,0.0,0.0,0.0,0.0,0.0,2.5,51.02040816326531,0.0,2.0125,0.0,0.0,0.0
2025-05-17 05:30:00+02:00,plant_1,0.0,93.46,32.93,126.38999999999999,0.0,0.0,74.2,107.13,0.0,0.0,0.0,0.0,68.19,101.12,83.54096470588236,15.350964705882362,-17.579035294117645,0.0,0.0,0.0,0.0,0.0,0.0,2.921,0.0,0.0,2025-05-17_04:00_08:00,4.0,pay_as_bid,4.39,4.39,4.39,4.39,0.0,0.0,0.0,0.0,0.0,0.0,0.0,2.5,51.02040816326531,0.0,2.0125,0.0,0.0,0.0
2025-05-17 05:45:00+02:00,plant_1,0.0,93.46,32.93,126.38999999999999,0.0,0.0,65.49,98.41999999999999,0.0,0.0,0.0,0.0,75.79,108.72,83.54096470588236,7.750964705882353,-25.17903529411764,0.0,0.0,0.0,0.0,0.0,0.0,0.298,0.0,0.0,2025-05-17_04:00_08:00,4.0,pay_as_bid,4.39,4.39,4.39,4.39,0.0,0.0,0.0,0.0,0.0,0.0,0.0,2.5,51.02040816326531,0.0,2.0125,0.0,0.0,0.0
2025-05-17 06:00:00+02:00,plant_1,0.0,91.56,32.93,124.49000000000001,0.0,0.0,99.42,132.35,0.0,0.0,0.0,0.0,78.0,110.93,83.54096470588236,5.5409647058823595,-27.389035294117647,0.0,0.0,0.0,0.0,0.0,0.0,0.0,0.0,0.0,2025-05-17_04:00_08:00,4.0,pay_as_bid,4.39,4.39,4.39,4.39,0.0,0.0,0.0,0.0,0.0,0.0,0.0,2.5,51.02040816326531,0.0,2.0125,0.0,0.0,0.0
2025-05-17 06:15:00+02:00,plant_1,0.0,91.56,32.93,124.49000000000001,0.0,0.0,85.65,118.58000000000001,0.0,0.0,0.0,0.0,71.34,104.27000000000001,83.54096470588236,12.200964705882356,-20.72903529411765,0.0,0.0,0.0,0.0,0.0,0.0,0.0,0.0,0.0,2025-05-17_04:00_08:00,4.0,pay_as_bid,4.39,4.39,4.39,4.39,0.0,0.0,0.0,0.0,0.0,0.0,0.0,2.5,51.02040816326531,0.0,2.0125,0.0,0.0,0.0
2025-05-17 06:30:00+02:00,plant_1,0.0,91.56,32.93,124.49000000000001,0.0,0.0,60.91,93.84,0.0,0.0,0.0,0.0,69.34,102.27000000000001,83.54096470588236,14.200964705882356,-18.72903529411765,0.0,0.0,0.0,0.0,0.0,0.0,0.0,0.0,0.0,2025-05-17_04:00_08:00,4.0,pay_as_bid,4.39,4.39,4.39,4.39,0.0,0.0,0.0,0.0,0.0,0.0,0.0,2.5,51.02040816326531,0.0,2.0125,0.0,0.0,0.0
2025-05-17 06:45:00+02:00,plant_1,0.0,91.56,32.93,124.49000000000001,2.5,0.0,27.6,60.53,2.5,0.0,0.0,0.0,0.0,32.93,83.54096470588236,83.54096470588236,50.61096470588236,0.0,0.0,0.0,0.0,0.0,0.0,0.0,0.0,0.0,2025-05-17_04:00_08:00,4.0,pay_as_bid,4.39,4.39,4.39,4.39,0.0,0.0,0.0,0.0,0.0,0.0,0.0,0.0,50.637492110246164,2.5,0.0,2.5,2.0125,0.37525773195876244
2025-05-17 07:00:00+02:00,plant_1,0.0,89.85,32.93,122.78,0.0,0.0,78.45,111.38,0.0,0.0,0.0,0.0,0.0,32.93,83.54096470588236,83.54096470588236,50.61096470588236,0.0,0.0,0.0,0.0,0.0,0.0,0.0,0.0,0.0,2025-05-17_04:00_08:00,4.0,pay_as_bid,4.39,4.39,4.39,4.39,0.0,0.0,0.0,0.0,0.0,0.0,0.0,2.5,51.02040816326531,0.0,1.6835910000000003,0.0,0.36390899999999954,0.0
2025-05-17 07:15:00+02:00,plant_1,0.0,89.85,32.93,122.78,0.0,0.0,53.8,86.72999999999999,0.0,10.0,2.5,0.381,49.01,81.94,83.54096470588236,34.53096470588236,1.6009647058823617,13.15629755294118,0.6099675529411799,0.0,2.5,0.0,0.381,0.381,0.0,0.0,2025-05-17_04:00_08:00,4.0,pay_as_bid,4.39,4.39,4.39,4.39,0.0,0.0,0.0,0.0,0.0,0.0,0.0,2.5,51.02040816326531,0.381,1.6853213999999999,0.381,0.36217859999999996,0.0
2025-05-17 07:30:00+02:00,plant_1,0.0,89.85,32.93,122.78,2.5,0.0,26.59,59.519999999999996,2.5,0.0,0.0,0.0,46.62,79.55,83.54096470588236,36.92096470588236,3.9909647058823623,0.0,0.0,0.0,0.0,0.0,0.0,5.299,0.0,0.0,2025-05-17_04:00_08:00,4.0,pay_as_bid,4.39,4.39,4.39,4.39,0.0,0.0,0.0,0.0,0.0,0.0,0.0,0.0,50.674310961498,2.5,0.0,2.5,2.0475,0.3391752577319589
2025-05-17 07:45:00+02:00,plant_1,0.0,89.85,32.93,122.78,2.5,0.0,2.6,35.53,2.5,0.0,0.0,0.0,28.8,61.730000000000004,83.54096470588236,54.74096470588236,21.810964705882355,0.0,0.0,0.0,0.0,0.0,0.0,18.8,0.0,0.0,2025-05-17_04:00_08:00,4.0,pay_as_bid,4.39,4.39,4.39,4.39,0.0,0.0,0.0,0.0,0.0,0.0,0.0,0.0,50.328300284031144,2.5,0.0,2.5,2.0475,0.6782657216494847
2025-05-17 08:00:00+02:00,plant_1,0.0,59.11,32.93,92.03999999999999,2.5,0.0,35.24,68.17,2.5,0.0,0.0,0.0,22.78,55.71,83.54096470588236,60.76096470588236,27.83096470588236,0.0,0.0,0.0,0.0,0.0,0.0,41.292,0.0,0.0,2025-05-17_08:00_12:00,4.0,pay_as_bid,97.33,97.33,97.33,97.33,0.0,0.0,0.0,0.0,0.0,0.0,0.0,0.0,50.00604537075268,2.5,0.0,2.5,2.07,0.9940755366623716
2025-05-17 08:15:00+02:00,plant_1,0.0,59.11,32.93,92.03999999999999,2.5,0.0,12.2,45.129999999999995,2.5,0.0,0.0,0.0,20.29,53.22,83.54096470588236,63.25096470588236,30.32096470588236,0.0,0.0,0.0,0.0,0.0,0.0,10.562,0.0,0.0,2025-05-17_08:00_12:00,4.0,pay_as_bid,97.33,97.33,97.33,97.33,0.0,0.0,0.0,0.0,0.0,0.0,0.0,0.0,49.68387102120254,2.5,0.0,2.5,2.07,1.3098063992215052
2025-05-17 08:30:00+02:00,plant_1,0.0,59.11,32.93,92.03999999999999,2.5,0.0,2.34,35.269999999999996,2.5,0.0,0.0,0.0,60.24,93.17,83.54096470588236,23.300964705882357,-9.629035294117642,0.0,0.0,0.0,0.0,0.0,0.0,2.491,0.0,0.0,2025-05-17_08:00_12:00,4.0,pay_as_bid,97.33,97.33,97.33,97.33,0.0,0.0,0.0,0.0,0.0,0.0,0.0,0.0,49.3617772152398,2.5,0.0,2.5,2.07,1.625458329064999
2025-05-17 08:45:00+02:00,plant_1,0.0,59.11,32.93,92.03999999999999,2.5,0.0,-6.04,26.89,2.5,0.0,0.0,0.0,15.94,48.87,83.54096470588236,67.60096470588236,34.67096470588236,0.0,0.0,0.0,0.0,0.0,0.0,13.492,0.0,0.0,2025-05-17_08:00_12:00,4.0,pay_as_bid,97.33,97.33,97.33,97.33,0.0,0.0,0.0,0.0,0.0,0.0,0.0,0.0,49.03976393272853,2.5,0.0,2.5,2.07,1.941031345926032
2025-05-17 09:00:00+02:00,plant_1,2.5,0.86,32.93,33.79,0.0,0.0,6.93,39.86,2.5,0.0,0.0,0.0,14.32,47.25,83.54096470588236,69.22096470588235,36.29096470588236,0.0,0.0,0.0,0.0,0.0,0.0,3.383,0.0,0.0,2025-05-17_08:00_12:00,4.0,pay_as_bid,97.33,97.33,97.33,97.33,0.0,0.0,0.0,0.0,0.0,0.0,0.0,0.0,48.74939016889663,2.5,0.0,2.5,2.1,2.225597634481303
2025-05-17 09:15:00+02:00,plant_1,2.5,0.86,32.93,33.79,0.0,0.0,-1.84,31.09,2.5,0.0,0.0,0.0,-11.45,21.48,83.54096470588236,94.99096470588236,62.060964705882355,0.0,0.0,0.0,0.0,0.0,0.0,19.39,0.0,0.0,2025-05-17_08:00_12:00,4.0,pay_as_bid,97.33,97.33,97.33,97.33,0.0,0.0,0.0,0.0,0.0,0.0,0.0,0.0,48.45908899850568,2.5,0.0,2.5,2.1,2.510092781464435
2025-05-17 09:30:00+02:00,plant_1,2.5,0.86,32.93,33.79,0.0,0.0,-5.33,27.6,2.5,0.0,0.0,0.0,5.48,38.41,83.54096470588236,78.06096470588236,45.13096470588236,0.0,0.0,0.0,0.0,0.0,0.0,17.917,0.0,0.0,2025-05-17_08:00_12:00,4.0,pay_as_bid,97.33,97.33,97.33,97.33,0.0,0.0,0.0,0.0,0.0,0.0,0.0,0.0,48.16886040340732,2.5,0.0,2.5,2.1,2.7945168046608218
2025-05-17 09:45:00+02:00,plant_1,2.5,0.86,32.93,33.79,0.0,0.0,-7.59,25.34,2.5,0.0,0.0,0.0,11.54,44.47,83.54096470588236,72.00096470588235,39.07096470588236,0.0,0.0,0.0,0.0,0.0,0.0,7.929,0.0,0.0,2025-05-17_08:00_12:00,4.0,pay_as_bid,97.33,97.33,97.33,97.33,0.0,0.0,0.0,0.0,0.0,0.0,0.0,0.0,47.87870436545774,2.5,0.0,2.5,2.1,3.078869721851409
2025-05-17 10:00:00+02:00,plant_1,2.5,-0.06,32.93,32.87,0.0,0.0,-1.79,31.14,2.5,0.0,0.0,0.0,34.65,67.58,83.54096470588236,48.89096470588236,15.960964705882361,0.0,0.0,0.0,0.0,0.0,0.0,3.263,0.0,0.0,2025-05-17_08:00_12:00,4.0,pay_as_bid,97.33,97.33,97.33,97.33,0.0,0.0,0.0,0.0,0.0,0.0,0.0,0.0,47.58862086651765,2.5,0.0,2.5,2.1,3.363151550812699
2025-05-17 10:15:00+02:00,plant_1,2.5,-0.06,32.93,32.87,0.0,0.0,-3.53,29.4,2.5,0.0,0.0,0.0,41.33,74.25999999999999,83.54096470588236,42.21096470588236,9.280964705882369,0.0,0.0,0.0,0.0,0.0,0.0,0.0,0.0,0.0,2025-05-17_08:00_12:00,4.0,pay_as_bid,97.33,97.33,97.33,97.33,0.0,0.0,0.0,0.0,0.0,0.0,0.0,0.0,47.2986098884523,2.5,0.0,2.5,2.1,3.647362309316748
2025-05-17 10:30:00+02:00,plant_1,2.5,-0.06,32.93,32.87,0.0,0.0,-3.19,29.74,2.5,0.0,0.0,0.0,11.96,44.89,83.54096470588236,71.58096470588237,38.65096470588236,0.0,0.0,0.0,0.0,0.0,0.0,16.112,0.0,0.0,2025-05-17_08:00_12:00,4.0,pay_as_bid,97.33,97.33,97.33,97.33,0.0,0.0,0.0,0.0,0.0,0.0,0.0,0.0,47.00867141313146,2.5,0.0,2.5,2.1,3.9315020151311715
2025-05-17 10:45:00+02:00,plant_1,2.5,-0.06,32.93,32.87,0.0,0.0,-5.85,27.08,2.5,0.0,0.0,0.0,1.97,34.9,83.54096470588236,81.57096470588236,48.64096470588236,0.0,0.0,0.0,0.0,0.0,0.0,32.373,0.0,0.0,2025-05-17_08:00_12:00,4.0,pay_as_bid,97.33,97.33,97.33,97.33,0.0,0.0,0.0,0.0,0.0,0.0,0.0,0.0,46.71880542242945,2.5,0.0,2.5,2.1,4.2155706860191415
2025-05-17 11:00:00+02:00,plant_1,2.5,-4.49,32.93,28.439999999999998,0.0,0.0,-7.92,25.009999999999998,2.5,0.0,0.0,0.0,9.86,42.79,83.54096470588236,73.68096470588236,40.75096470588236,0.0,0.0,0.0,0.0,0.0,0.0,3.049,0.0,0.0,2025-05-17_08:00_12:00,4.0,pay_as_bid,97.33,97.33,97.33,97.33,0.0,0.0,0.0,0.0,0.0,0.0,0.0,0.0,46.42901189822511,2.5,0.0,2.5,2.1,4.4995683397393895
2025-05-17 11:15:00+02:00,plant_1,2.5,-4.49,32.93,28.439999999999998,0.0,0.0,-6.94,25.99,2.5,0.0,0.0,0.0,16.41,49.34,83.54096470588236,67.13096470588236,34.200964705882356,0.0,0.0,0.0,0.0,0.0,0.0,5.518,0.0,0.0,2025-05-17_08:00_12:00,4.0,pay_as_bid,97.33,97.33,97.33,97.33,0.0,0.0,0.0,0.0,0.0,0.0,0.0,0.0,46.13929082240183,2.5,0.0,2.5,2.1,4.783494994046207
2025-05-17 11:30:00+02:00,plant_1,2.5,-4.49,32.93,28.439999999999998,0.0,0.0,-5.62,27.31,2.5,0.0,0.0,0.0,10.15,43.08,83.54096470588236,73.39096470588235,40.46096470588236,0.0,0.0,0.0,0.0,0.0,0.0,15.942,0.0,0.0,2025-05-17_08:00_12:00,4.0,pay_as_bid,97.33,97.33,97.33,97.33,0.0,0.0,0.0,0.0,0.0,0.0,0.0,0.0,45.8496421768475,2.5,0.0,2.5,2.1,5.067350666689448
2025-05-17 11:45:00+02:00,plant_1,2.5,-4.49,32.93,28.439999999999998,0.0,0.0,-4.38,28.55,2.5,0.0,0.0,0.0,-1.99,30.94,83.54096470588236,85.53096470588235,52.60096470588236,0.0,0.0,0.0,0.0,0.0,0.0,58.053,0.0,0.0,2025-05-17_08:00_12:00,4.0,pay_as_bid,97.33,97.33,97.33,97.33,0.0,0.0,0.0,0.0,0.0,0.0,0.0,0.0,45.56006594345456,2.5,0.0,2.5,2.1,5.351135375414528
2025-05-17 12:00:00+02:00,plant_1,0.0,-4.96,32.93,27.97,0.0,0.0,-8.01,24.92,0.0,10.0,2.5,2.5,10.56,43.49,83.54096470588236,72.98096470588236,40.05096470588236,182.4524117647059,100.1274117647059,2.5,0.0,2.5,0.0,14.484,0.0,0.0,2025-05-17_12:00_16:00,4.0,pay_as_bid,187.71,187.71,187.71,187.71,10.0,2.5,469.27500000000003,146.5586617647059,0.0,322.71633823529413,2.5,2.5,45.270562104119975,2.5,0.0,2.5,2.1,5.634849137962427
2025-05-17 12:15:00+02:00,plant_1,0.0,-4.96,32.93,27.97,0.0,0.0,-5.43,27.5,0.0,10.0,2.5,2.5,4.34,37.269999999999996,83.54096470588236,79.20096470588236,46.27096470588236,198.0024117647059,115.67741176470591,2.5,0.0,2.5,0.0,13.259,0.0,0.0,2025-05-17_12:00_16:00,4.0,pay_as_bid,187.71,187.71,187.71,187.71,10.0,2.5,469.27500000000003,146.5586617647059,0.0,322.71633823529413,2.5,2.5,44.981130640745214,2.5,0.0,2.5,2.1,5.918491972069689
2025-05-17 12:30:00+02:00,plant_1,0.0,-4.96,32.93,27.97,0.0,0.0,-3.28,29.65,0.0,10.0,2.5,2.5,7.23,40.16,83.54096470588236,76.31096470588236,43.38096470588236,190.7774117647059,108.45241176470591,2.5,0.0,2.5,0.0,31.206,0.0,0.0,2025-05-17_12:00_16:00,4.0,pay_as_bid,187.71,187.71,187.71,187.71,10.0,2.5,469.27500000000003,146.5586617647059,0.0,322.71633823529413,2.5,2.5,44.6917715352363,2.5,0.0,2.5,2.1,6.202063895468425
2025-05-17 12:45:00+02:00,plant_1,0.0,-4.96,32.93,27.97,0.0,0.0,-1.39,31.54,0.0,10.0,2.5,2.5,3.0,35.93,83.54096470588236,80.54096470588236,47.61096470588236,201.3524117647059,119.0274117647059,2.5,0.0,2.5,0.0,26.963,0.0,0.0,2025-05-17_12:00_16:00,4.0,pay_as_bid,187.71,187.71,187.71,187.71,10.0,2.5,469.27500000000003,146.5586617647059,0.0,322.71633823529413,2.5,2.5,44.402484769503765,2.5,0.0,2.5,2.1,6.48556492588631
2025-05-17 13:00:00+02:00,plant_1,0.0,-10.02,32.93,22.91,0.0,0.0,-6.49,26.439999999999998,0.0,10.0,2.5,2.5,15.5,48.43,83.54096470588236,68.04096470588236,35.11096470588236,170.1024117647059,87.7774117647059,2.5,0.0,2.5,0.0,4.311,0.0,0.0,2025-05-17_12:00_16:00,4.0,pay_as_bid,187.71,187.71,187.71,187.71,10.0,2.5,469.27500000000003,146.5586617647059,0.0,322.71633823529413,2.5,2.5,44.113270325462665,2.5,0.0,2.5,2.1,6.768995081046591
2025-05-17 13:15:00+02:00,plant_1,0.0,-10.02,32.93,22.91,0.0,0.0,-2.87,30.06,0.0,10.0,2.5,2.5,9.54,42.47,83.54096470588236,74.00096470588235,41.07096470588236,185.00241176470587,102.67741176470591,2.5,0.0,2.5,0.0,8.358,0.0,0.0,2025-05-17_12:00_16:00,4.0,pay_as_bid,187.71,187.71,187.71,187.71,10.0,2.5,469.27500000000003,146.5586617647059,0.0,322.71633823529413,2.5,2.5,43.82412818503257,2.5,0.0,2.5,2.1,7.052354378668082
2025-05-17 13:30:00+02:00,plant_1,0.0,-10.02,32.93,22.91,0.0,0.0,-0.44,32.49,0.0,10.0,2.5,2.5,16.65,49.58,83.54096470588236,66.89096470588237,33.96096470588236,167.22741176470592,84.9024117647059,2.5,0.0,2.5,0.0,9.221,0.0,0.0,2025-05-17_12:00_16:00,4.0,pay_as_bid,187.71,187.71,187.71,187.71,10.0,2.5,469.27500000000003,146.5586617647059,0.0,322.71633823529413,2.5,2.5,43.53505833013758,2.5,0.0,2.5,2.1,7.335642836465167
2025-05-17 13:45:00+02:00,plant_1,0.0,-10.02,32.93,22.91,0.0,0.0,-0.47,32.46,0.0,10.0,2.5,2.5,-5.48,27.45,83.54096470588236,89.02096470588236,56.09096470588236,222.5524117647059,140.2274117647059,2.5,0.0,2.5,0.0,39.527,0.0,0.0,2025-05-17_12:00_16:00,4.0,pay_as_bid,187.71,187.71,187.71,187.71,10.0,2.5,469.27500000000003,146.5586617647059,0.0,322.71633823529413,2.5,2.5,43.24606074270633,2.5,0.0,2.5,2.1,7.618860472147804
2025-05-17 14:00:00+02:00,plant_1,0.0,-11.27,32.93,21.66,0.0,0.0,-7.31,25.62,0.0,10.0,2.5,2.5,1.92,34.85,83.54096470588236,81.62096470588236,48.69096470588236,204.05241176470588,121.72741176470589,2.5,0.0,2.5,0.0,18.105,0.0,0.0,2025-05-17_12:00_16:00,4.0,pay_as_bid,187.71,187.71,187.71,187.71,10.0,2.5,469.27500000000003,146.5586617647059,0.0,322.71633823529413,2.5,2.5,42.95713540467192,2.5,0.0,2.5,2.1,7.90200730342152
2025-05-17 14:15:00+02:00,plant_1,0.0,-11.27,32.93,21.66,0.0,0.0,-1.52,31.41,0.0,10.0,2.5,0.0,53.61,86.53999999999999,83.54096470588236,29.93096470588236,-2.9990352941176326,0.0,0.0,2.5,0.0,0.0,0.0,0.0,0.0,0.0,2025-05-17_12:00_16:00,4.0,pay_as_bid,187.71,187.71,187.71,187.71,10.0,2.5,469.27500000000003,146.5586617647059,0.0,322.71633823529413,2.5,2.5,45.16828229797202,0.0,0.0,0.0,2.1,5.735083347987417
2025-05-17 14:30:00+02:00,plant_1,0.0,-11.27,32.93,21.66,0.0,0.0,2.77,35.7,0.0,10.0,2.5,0.0,0.0,32.93,83.54096470588236,83.54096470588236,50.61096470588236,0.0,0.0,2.5,0.0,0.0,0.0,0.0,0.0,0.0,2025-05-17_12:00_16:00,4.0,pay_as_bid,187.71,187.71,187.71,187.71,10.0,2.5,469.27500000000003,146.5586617647059,0.0,322.71633823529413,2.5,2.5,47.378876404548805,0.0,0.0,0.0,2.1,3.568701123542173
2025-05-17 14:45:00+02:00,plant_1,0.0,-11.27,32.93,21.66,0.0,0.0,13.78,46.71,0.0,10.0,2.5,0.0,0.0,32.93,83.54096470588236,83.54096470588236,50.61096470588236,0.0,0.0,2.5,0.0,0.0,0.0,0.0,0.0,0.0,2025-05-17_12:00_16:00,4.0,pay_as_bid,187.71,187.71,187.71,187.71,10.0,2.5,469.27500000000003,146.5586617647059,0.0,322.71633823529413,2.5,2.5,49.58891786259894,0.0,0.0,0.0,2.1,1.4028604946530399
2025-05-17 15:00:00+02:00,plant_1,0.0,-5.8,32.93,27.13,0.0,0.0,-12.62,20.310000000000002,0.0,10.0,2.5,0.0,0.0,32.93,83.54096470588236,83.54096470588236,50.61096470588236,0.0,0.0,2.5,0.0,0.0,0.0,0.0,0.0,0.0,2025-05-17_12:00_16:00,4.0,pay_as_bid,187.71,187.71,187.71,187.71,10.0,2.5,469.27500000000003,146.5586617647059,0.0,322.71633823529413,2.5,2.5,51.02040816326531,0.0,0.7095655138565047,0.0,1.3604344861434952,0.0
2025-05-17 15:15:00+02:00,plant_1,0.0,-5.8,32.93,27.13,0.0,0.0,-1.5,31.43,0.0,10.0,2.5,0.0,90.0,122.93,83.54096470588236,-6.4590352941176405,-39.38903529411765,0.0,0.0,2.5,0.0,0.0,0.0,0.0,0.0,0.0,2025-05-17_12:00_16:00,4.0,pay_as_bid,187.71,187.71,187.71,187.71,10.0,2.5,469.27500000000003,146.5586617647059,0.0,322.71633823529413,2.5,2.5,51.02040816326531,0.0,2.07,0.0,0.0,0.0
2025-05-17 15:30:00+02:00,plant_1,0.0,-5.8,32.93,27.13,0.0,0.0,35.62,68.55,0.0,10.0,2.5,0.0,36.96,69.89,83.54096470588236,46.58096470588236,13.650964705882359,0.0,0.0,2.5,0.0,0.0,0.0,0.0,0.0,0.0,2025-05-17_12:00_16:00,4.0,pay_as_bid,187.71,187.71,187.71,187.71,10.0,2.5,469.27500000000003,146.5586617647059,0.0,322.71633823529413,2.5,2.5,51.02040816326531,0.0,2.07,0.0,0.0,0.0
2025-05-17 15:45:00+02:00,plant_1,0.0,-5.8,32.93,27.13,0.0,0.0,74.13,107.06,0.0,10.0,2.5,0.0,0.0,32.93,83.54096470588236,83.54096470588236,50.61096470588236,0.0,0.0,2.5,0.0,0.0,0.0,0.0,0.0,0.0,2025-05-17_12:00_16:00,4.0,pay_as_bid,187.71,187.71,187.71,187.71,10.0,2.5,469.27500000000003,146.5586617647059,0.0,322.71633823529413,2.5,2.5,51.02040816326531,0.0,2.07,0.0,0.0,0.0
2025-05-17 16:00:00+02:00,plant_1,2.5,-0.8,32.93,32.13,0.0,2.5,60.83,93.75999999999999,0.0,0.0,0.0,0.0,0.0,32.93,83.54096470588236,83.54096470588236,50.61096470588236,0.0,0.0,0.0,0.0,0.0,0.0,0.0,0.0,0.0,2025-05-17_16:00_20:00,4.0,pay_as_bid,62.22,62.22,62.22,62.22,0.0,0.0,0.0,0.0,0.0,0.0,0.0,2.5,51.02040816326531,0.0,2.0475,0.0,0.0,0.0
2025-05-17 16:15:00+02:00,plant_1,2.5,-0.8,32.93,32.13,0.0,2.5,78.79,111.72,0.0,10.0,2.5,0.0,34.35,67.28,83.54096470588236,49.19096470588236,16.26096470588236,0.0,0.0,0.0,2.5,0.0,0.0,0.0,0.0,0.0,2025-05-17_16:00_20:00,4.0,pay_as_bid,62.22,62.22,62.22,62.22,0.0,0.0,0.0,0.0,0.0,0.0,0.0,2.5,51.02040816326531,0.0,2.0475,0.0,0.0,0.0
2025-05-17 16:30:00+02:00,plant_1,2.5,-0.8,32.93,32.13,0.0,2.5,100.65,133.58,0.0,10.0,2.5,0.181,39.34,72.27000000000001,83.54096470588236,44.200964705882356,11.27096470588235,8.000374611764705,2.040044611764705,0.0,2.5,0.0,0.181,0.181,0.0,0.0,2025-05-17_16:00_20:00,4.0,pay_as_bid,62.22,62.22,62.22,62.22,0.0,0.0,0.0,0.0,0.0,0.0,0.0,2.5,51.02040816326531,0.181,1.8754414,0.181,0.17205859999999995,0.0
2025-05-17 16:45:00+02:00,plant_1,2.5,-0.8,32.93,32.13,0.0,2.5,122.86,155.79,0.0,0.0,0.0,0.0,59.83,92.75999999999999,83.54096470588236,23.71096470588236,-9.219035294117631,0.0,0.0,0.0,0.0,0.0,0.0,0.008,0.0,0.0,2025-05-17_16:00_20:00,4.0,pay_as_bid,62.22,62.22,62.22,62.22,0.0,0.0,0.0,0.0,0.0,0.0,0.0,2.5,51.02040816326531,0.0,2.0475,0.0,0.0,0.0
2025-05-17 17:00:00+02:00,plant_1,2.5,5.01,32.93,37.94,0.0,2.5,82.31,115.24000000000001,0.0,0.0,0.0,0.0,78.27,111.19999999999999,83.54096470588236,5.270964705882363,-27.65903529411763,0.0,0.0,0.0,0.0,0.0,0.0,0.011,0.0,0.0,2025-05-17_16:00_20:00,4.0,pay_as_bid,62.22,62.22,62.22,62.22,0.0,0.0,0.0,0.0,0.0,0.0,0.0,2.5,51.02040816326531,0.0,2.025,0.0,0.0,0.0
2025-05-17 17:15:00+02:00,plant_1,2.5,5.01,32.93,37.94,0.0,2.5,96.65,129.58,0.0,10.0,2.5,2.5,-4.23,28.7,83.54096470588236,87.77096470588236,54.84096470588236,219.4274117647059,137.1024117647059,0.0,2.5,0.0,2.5,121.065,0.0,0.0,2025-05-17_16:00_20:00,4.0,pay_as_bid,62.22,62.22,62.22,62.22,0.0,0.0,0.0,0.0,0.0,0.0,0.0,2.5,50.65064169997896,2.5,0.0,2.5,2.025,0.3623711340206186
2025-05-17 17:30:00+02:00,plant_1,2.5,5.01,32.93,37.94,0.0,2.5,109.85,142.78,0.0,10.0,2.5,2.5,7.31,40.24,83.54096470588236,76.23096470588236,43.30096470588236,190.5774117647059,108.2524117647059,0.0,2.5,0.0,2.5,49.32,0.0,0.0,2025-05-17_16:00_20:00,4.0,pay_as_bid,62.22,62.22,62.22,62.22,0.0,0.0,0.0,0.0,0.0,0.0,0.0,2.5,50.280967678308436,2.5,0.0,2.5,2.025,0.7246516752577321
2025-05-17 17:45:00+02:00,plant_1,2.5,5.01,32.93,37.94,0.0,2.5,122.9,155.83,0.0,10.0,2.5,2.5,24.23,57.16,83.54096470588236,59.310964705882355,26.380964705882363,148.2774117647059,65.95241176470591,0.0,2.5,0.0,2.5,5.686,0.0,0.0,2025-05-17_16:00_20:00,4.0,pay_as_bid,62.22,62.22,62.22,62.22,0.0,0.0,0.0,0.0,0.0,0.0,0.0,2.5,49.91138607514333,2.5,0.0,2.5,2.025,1.0868416463595363
2025-05-17 18:00:00+02:00,plant_1,0.0,78.77,32.93,111.69999999999999,0.0,0.0,97.64,130.57,0.0,0.0,0.0,0.0,79.81,112.74000000000001,83.54096470588236,3.730964705882357,-29.19903529411765,0.0,0.0,0.0,0.0,0.0,0.0,0.03,0.0,0.0,2025-05-17_16:00_20:00,4.0,pay_as_bid,62.22,62.22,62.22,62.22,0.0,0.0,0.0,0.0,0.0,0.0,0.0,2.5,51.02040816326531,0.0,0.971027162130492,0.0,1.053972837869508,0.0
2025-05-17 18:15:00+02:00,plant_1,0.0,78.77,32.93,111.69999999999999,0.0,0.0,103.97,136.9,0.0,0.0,0.0,0.0,0.0,32.93,83.54096470588236,83.54096470588236,50.61096470588236,0.0,0.0,0.0,0.0,0.0,0.0,0.0,0.0,0.0,2025-05-17_16:00_20:00,4.0,pay_as_bid,62.22,62.22,62.22,62.22,0.0,0.0,0.0,0.0,0.0,0.0,0.0,2.5,51.02040816326531,0.0,2.025,0.0,0.0,0.0
2025-05-17 18:30:00+02:00,plant_1,0.0,78.77,32.93,111.69999999999999,0.0,0.0,119.02,151.95,0.0,0.0,0.0,0.0,0.0,32.93,83.54096470588236,83.54096470588236,50.61096470588236,0.0,0.0,0.0,0.0,0.0,0.0,0.0,0.0,0.0,2025-05-17_16:00_20:00,4.0,pay_as_bid,62.22,62.22,62.22,62.22,0.0,0.0,0.0,0.0,0.0,0.0,0.0,2.5,51.02040816326531,0.0,2.025,0.0,0.0,0.0
2025-05-17 18:45:00+02:00,plant_1,0.0,78.77,32.93,111.69999999999999,0.0,0.0,130.27,163.20000000000002,0.0,0.0,0.0,0.0,83.76,116.69,83.54096470588236,-0.21903529411764566,-33.14903529411764,0.0,0.0,0.0,0.0,0.0,0.0,0.0,0.0,0.0,2025-05-17_16:00_20:00,4.0,pay_as_bid,62.22,62.22,62.22,62.22,0.0,0.0,0.0,0.0,0.0,0.0,0.0,2.5,51.02040816326531,0.0,2.025,0.0,0.0,0.0
2025-05-17 19:00:00+02:00,plant_1,0.0,99.64,32.93,132.57,0.0,0.0,137.68,170.61,0.0,0.0,0.0,0.0,62.89,95.82,83.54096470588236,20.65096470588236,-12.279035294117634,0.0,0.0,0.0,0.0,0.0,0.0,1.933,0.0,0.0,2025-05-17_16:00_20:00,4.0,pay_as_bid,62.22,62.22,62.22,62.22,0.0,0.0,0.0,0.0,0.0,0.0,0.0,2.5,51.02040816326531,0.0,2.025,0.0,0.0,0.0
2025-05-17 19:15:00+02:00,plant_1,0.0,99.64,32.93,132.57,0.0,0.0,125.24,158.17,0.0,10.0,2.5,2.5,22.57,55.5,83.54096470588236,60.97096470588236,28.04096470588236,152.4274117647059,70.10241176470589,0.0,2.5,0.0,2.5,12.251,0.0,0.0,2025-05-17_16:00_20:00,4.0,pay_as_bid,62.22,62.22,62.22,62.22,0.0,0.0,0.0,0.0,0.0,0.0,0.0,2.5,50.65064169997896,2.5,0.0,2.5,2.025,0.3623711340206186
2025-05-17 19:30:00+02:00,plant_1,0.0,99.64,32.93,132.57,0.0,0.0,118.29,151.22,0.0,0.0,0.0,0.0,0.0,32.93,83.54096470588236,83.54096470588236,50.61096470588236,0.0,0.0,0.0,0.0,0.0,0.0,0.0,0.0,0.0,2025-05-17_16:00_20:00,4.0,pay_as_bid,62.22,62.22,62.22,62.22,0.0,0.0,0.0,0.0,0.0,0.0,0.0,2.5,51.02040816326531,0.0,1.673587875,0.0,0.351412125,0.0
2025-05-17 19:45:00+02:00,plant_1,0.0,99.64,32.93,132.57,0.0,0.0,109.73,142.66,0.0,10.0,2.5,2.5,36.44,69.37,83.54096470588236,47.10096470588236,14.170964705882355,117.7524117647059,35.42741176470589,0.0,2.5,0.0,2.5,4.212,0.0,0.0,2025-05-17_16:00_20:00,4.0,pay_as_bid,62.22,62.22,62.22,62.22,0.0,0.0,0.0,0.0,0.0,0.0,0.0,2.5,50.65064169997896,2.5,0.0,2.5,2.025,0.3623711340206186
2025-05-17 20:00:00+02:00,plant_1,0.0,121.38,32.93,154.31,0.0,0.0,146.44,179.37,0.0,0.0,0.0,0.0,61.81,94.74000000000001,83.54096470588236,21.730964705882357,-11.19903529411765,0.0,0.0,0.0,0.0,0.0,0.0,3.136,0.0,0.0,2025-05-17_20:00_00:00,4.0,pay_as_bid,3.14,3.14,3.14,3.14,0.0,0.0,0.0,0.0,0.0,0.0,0.0,2.5,51.02040816326531,0.0,1.673587875,0.0,0.351412125,0.0
2025-05-17 20:15:00+02:00,plant_1,0.0,121.38,32.93,154.31,0.0,0.0,119.62,152.55,0.0,0.0,0.0,0.0,0.0,32.93,83.54096470588236,83.54096470588236,50.61096470588236,0.0,0.0,0.0,0.0,0.0,0.0,0.0,0.0,0.0,2025-05-17_20:00_00:00,4.0,pay_as_bid,3.14,3.14,3.14,3.14,0.0,0.0,0.0,0.0,0.0,0.0,0.0,2.5,51.02040816326531,0.0,2.025,0.0,0.0,0.0
2025-05-17 20:30:00+02:00,plant_1,0.0,121.38,32.93,154.31,0.0,0.0,105.2,138.13,0.0,0.0,0.0,0.0,0.0,32.93,83.54096470588236,83.54096470588236,50.61096470588236,0.0,0.0,0.0,0.0,0.0,0.0,0.0,0.0,0.0,2025-05-17_20:00_00:00,4.0,pay_as_bid,3.14,3.14,3.14,3.14,0.0,0.0,0.0,0.0,0.0,0.0,0.0,2.5,51.02040816326531,0.0,2.025,0.0,0.0,0.0
2025-05-17 20:45:00+02:00,plant_1,0.0,121.38,32.93,154.31,0.0,0.0,100.11,133.04,0.0,0.0,0.0,0.0,90.0,122.93,83.54096470588236,-6.4590352941176405,-39.38903529411765,0.0,0.0,0.0,0.0,0.0,0.0,0.002,0.0,0.0,2025-05-17_20:00_00:00,4.0,pay_as_bid,3.14,3.14,3.14,3.14,0.0,0.0,0.0,0.0,0.0,0.0,0.0,2.5,51.02040816326531,0.0,2.025,0.0,0.0,0.0
2025-05-17 21:00:00+02:00,plant_1,0.0,130.21,32.93,163.14000000000001,0.0,0.0,116.07,149.0,0.0,0.0,0.0,0.0,0.0,32.93,83.54096470588236,83.54096470588236,50.61096470588236,0.0,0.0,0.0,0.0,0.0,0.0,0.0,0.0,0.0,2025-05-17_20:00_00:00,4.0,pay_as_bid,3.14,3.14,3.14,3.14,0.0,0.0,0.0,0.0,0.0,0.0,0.0,2.5,51.02040816326531,0.0,2.025,0.0,0.0,0.0
2025-05-17 21:15:00+02:00,plant_1,0.0,130.21,32.93,163.14000000000001,0.0,0.0,100.65,133.58,0.0,0.0,0.0,0.0,68.55,101.47999999999999,83.54096470588236,14.990964705882362,-17.93903529411763,0.0,0.0,0.0,0.0,0.0,0.0,0.557,0.0,0.0,2025-05-17_20:00_00:00,4.0,pay_as_bid,3.14,3.14,3.14,3.14,0.0,0.0,0.0,0.0,0.0,0.0,0.0,2.5,51.02040816326531,0.0,2.025,0.0,0.0,0.0
2025-05-17 21:30:00+02:00,plant_1,0.0,130.21,32.93,163.14000000000001,0.0,0.0,95.47,128.4,0.0,0.0,0.0,0.0,82.98,115.91,83.54096470588236,0.5609647058823555,-32.36903529411764,0.0,0.0,0.0,0.0,0.0,0.0,0.013,0.0,0.0,2025-05-17_20:00_00:00,4.0,pay_as_bid,3.14,3.14,3.14,3.14,0.0,0.0,0.0,0.0,0.0,0.0,0.0,2.5,51.02040816326531,0.0,2.025,0.0,0.0,0.0
2025-05-17 21:45:00+02:00,plant_1,0.0,130.21,32.93,163.14000000000001,0.0,0.0,95.13,128.06,0.0,10.0,2.5,2.007,42.63,75.56,83.54096470588236,40.91096470588236,7.980964705882357,82.1083061647059,16.017796164705892,0.0,2.5,0.0,2.007,2.007,0.0,0.0,2025-05-17_20:00_00:00,4.0,pay_as_bid,3.14,3.14,3.14,3.14,0.0,0.0,0.0,0.0,0.0,0.0,0.0,2.5,51.02040816326531,2.007,0.11714580000000008,2.007,1.9078541999999998,0.0
2025-05-17 22:00:00+02:00,plant_1,0.0,129.9,32.93,162.83,0.0,0.0,121.02,153.95,0.0,10.0,2.5,2.114,41.85,74.78,83.54096470588236,41.69096470588236,8.760964705882358,88.1346993882353,18.520679388235305,0.0,2.5,0.0,2.114,2.114,0.0,0.0,2025-05-17_20:00_00:00,4.0,pay_as_bid,3.14,3.14,3.14,3.14,0.0,0.0,0.0,0.0,0.0,0.0,0.0,2.5,51.02040816326531,2.114,0.015431600000000323,2.114,2.0095683999999996,0.0
2025-05-17 22:15:00+02:00,plant_1,0.0,129.9,32.93,162.83,0.0,0.0,108.3,141.23,0.0,10.0,2.5,2.5,48.6,81.53,83.54096470588236,34.94096470588236,2.0109647058823583,87.35241176470589,5.027411764705896,0.0,2.5,0.0,2.5,8.629,0.0,0.0,2025-05-17_20:00_00:00,4.0,pay_as_bid,3.14,3.14,3.14,3.14,0.0,0.0,0.0,0.0,0.0,0.0,0.0,2.5,50.65064169997896,2.5,0.0,2.5,2.025,0.3623711340206186
2025-05-17 22:30:00+02:00,plant_1,0.0,129.9,32.93,162.83,0.0,0.0,97.45,130.38,0.0,0.0,0.0,0.0,55.18,88.11,83.54096470588236,28.36096470588236,-4.56903529411764,0.0,0.0,0.0,0.0,0.0,0.0,2.518,0.0,0.0,2025-05-17_20:00_00:00,4.0,pay_as_bid,3.14,3.14,3.14,3.14,0.0,0.0,0.0,0.0,0.0,0.0,0.0,2.5,51.02040816326531,0.0,1.673587875,0.0,0.351412125,0.0
2025-05-17 22:45:00+02:00,plant_1,0.0,129.9,32.93,162.83,0.0,0.0,91.08,124.00999999999999,0.0,0.0,0.0,0.0,65.63,98.56,83.54096470588236,17.910964705882364,-15.019035294117643,0.0,0.0,0.0,0.0,0.0,0.0,1.687,0.0,0.0,2025-05-17_20:00_00:00,4.0,pay_as_bid,3.14,3.14,3.14,3.14,0.0,0.0,0.0,0.0,0.0,0.0,0.0,2.5,51.02040816326531,0.0,2.025,0.0,0.0,0.0
2025-05-17 23:00:00+02:00,plant_1,0.0,111.6,32.93,144.53,0.0,0.0,103.48,136.41,0.0,0.0,0.0,0.0,82.08,115.00999999999999,83.54096470588236,1.4609647058823612,-31.46903529411763,0.0,0.0,0.0,0.0,0.0,0.0,0.002,0.0,0.0,2025-05-17_20:00_00:00,4.0,pay_as_bid,3.14,3.14,3.14,3.14,0.0,0.0,0.0,0.0,0.0,0.0,0.0,2.5,51.02040816326531,0.0,2.0125,0.0,0.0,0.0
2025-05-17 23:15:00+02:00,plant_1,0.0,111.6,32.93,144.53,0.0,0.0,97.73,130.66,0.0,0.0,0.0,0.0,58.62,91.55,83.54096470588236,24.920964705882362,-8.009035294117638,0.0,0.0,0.0,0.0,0.0,0.0,5.863,0.0,0.0,2025-05-17_20:00_00:00,4.0,pay_as_bid,3.14,3.14,3.14,3.14,0.0,0.0,0.0,0.0,0.0,0.0,0.0,2.5,51.02040816326531,0.0,2.0125,0.0,0.0,0.0
2025-05-17 23:30:00+02:00,plant_1,0.0,111.6,32.93,144.53,0.0,0.0,93.24,126.16999999999999,0.0,0.0,0.0,0.0,55.13,88.06,83.54096470588236,28.410964705882357,-4.519035294117643,0.0,0.0,0.0,0.0,0.0,0.0,0.733,0.0,0.0,2025-05-17_20:00_00:00,4.0,pay_as_bid,3.14,3.14,3.14,3.14,0.0,0.0,0.0,0.0,0.0,0.0,0.0,2.5,51.02040816326531,0.0,2.0125,0.0,0.0,0.0
2025-05-17 23:45:00+02:00,plant_1,0.0,111.6,32.93,144.53,0.0,0.0,87.79,120.72,0.0,10.0,2.5,2.5,48.1,81.03,83.54096470588236,35.44096470588236,2.5109647058823583,88.60241176470589,6.277411764705896,0.0,2.5,0.0,2.5,7.925,0.0,0.0,2025-05-17_20:00_00:00,4.0,pay_as_bid,3.14,3.14,3.14,3.14,0.0,0.0,0.0,0.0,0.0,0.0,0.0,2.5,50.637492110246164,2.5,0.0,2.5,2.0125,0.37525773195876244
2025-05-18 00:00:00+02:00,plant_1,0.0,106.73,32.93,139.66,0.0,0.0,99.23,132.16,0.0,0.0,0.0,0.0,83.52,116.44999999999999,83.54096470588236,0.020964705882363432,-32.90903529411763,0.0,0.0,0.0,0.0,0.0,0.0,0.948,0.0,0.0,2025-05-18_00:00_04:00,4.0,pay_as_bid,4.37,4.37,4.37,4.37,0.0,0.0,0.0,0.0,0.0,0.0,0.0,2.5,51.02040816326531,0.0,1.6485910000000006,0.0,0.36390899999999954,0.0
2025-05-18 00:15:00+02:00,plant_1,0.0,106.73,32.93,139.66,0.0,0.0,98.55,131.48,0.0,0.0,0.0,0.0,68.25,101.18,83.54096470588236,15.29096470588236,-17.639035294117647,0.0,0.0,0.0,0.0,0.0,0.0,0.337,0.0,0.0,2025-05-18_00:00_04:00,4.0,pay_as_bid,4.37,4.37,4.37,4.37,0.0,0.0,0.0,0.0,0.0,0.0,0.0,2.5,51.02040816326531,0.0,2.0125,0.0,0.0,0.0
2025-05-18 00:30:00+02:00,plant_1,0.0,106.73,32.93,139.66,0.0,0.0,96.52,129.45,0.0,0.0,0.0,0.0,56.19,89.12,83.54096470588236,27.35096470588236,-5.579035294117645,0.0,0.0,0.0,0.0,0.0,0.0,0.559,0.0,0.0,2025-05-18_00:00_04:00,4.0,pay_as_bid,4.37,4.37,4.37,4.37,0.0,0.0,0.0,0.0,0.0,0.0,0.0,2.5,51.02040816326531,0.0,2.0125,0.0,0.0,0.0
2025-05-18 00:45:00+02:00,plant_1,0.0,106.73,32.93,139.66,0.0,0.0,91.6,124.53,0.0,0.0,0.0,0.0,65.07,98.0,83.54096470588236,18.470964705882366,-14.45903529411764,0.0,0.0,0.0,0.0,0.0,0.0,1.817,0.0,0.0,2025-05-18_00:00_04:00,4.0,pay_as_bid,4.37,4.37,4.37,4.37,0.0,0.0,0.0,0.0,0.0,0.0,0.0,2.5,51.02040816326531,0.0,2.0125,0.0,0.0,0.0
2025-05-18 01:00:00+02:00,plant_1,0.0,101.49,32.93,134.42,0.0,0.0,100.46,133.39,0.0,0.0,0.0,0.0,70.87,103.80000000000001,83.54096470588236,12.670964705882355,-20.259035294117652,0.0,0.0,0.0,0.0,0.0,0.0,0.287,0.0,0.0,2025-05-18_00:00_04:00,4.0,pay_as_bid,4.37,4.37,4.37,4.37,0.0,0.0,0.0,0.0,0.0,0.0,0.0,2.5,51.02040816326531,0.0,2.01,0.0,0.0,0.0
2025-05-18 01:15:00+02:00,plant_1,0.0,101.49,32.93,134.42,0.0,0.0,105.0,137.93,0.0,0.0,0.0,0.0,0.0,32.93,83.54096470588236,83.54096470588236,50.61096470588236,0.0,0.0,0.0,0.0,0.0,0.0,0.0,0.0,0.0,2025-05-18_00:00_04:00,4.0,pay_as_bid,4.37,4.37,4.37,4.37,0.0,0.0,0.0,0.0,0.0,0.0,0.0,2.5,51.02040816326531,0.0,2.01,0.0,0.0,0.0
2025-05-18 01:30:00+02:00,plant_1,0.0,101.49,32.93,134.42,0.0,0.0,103.81,136.74,0.0,0.0,0.0,0.0,62.27,95.2,83.54096470588236,21.270964705882356,-11.659035294117643,0.0,0.0,0.0,0.0,0.0,0.0,0.377,0.0,0.0,2025-05-18_00:00_04:00,4.0,pay_as_bid,4.37,4.37,4.37,4.37,0.0,0.0,0.0,0.0,0.0,0.0,0.0,2.5,51.02040816326531,0.0,2.01,0.0,0.0,0.0
2025-05-18 01:45:00+02:00,plant_1,0.0,101.49,32.93,134.42,0.0,0.0,97.04,129.97,0.0,0.0,0.0,0.0,76.44,109.37,83.54096470588236,7.100964705882362,-25.829035294117645,0.0,0.0,0.0,0.0,0.0,0.0,0.301,0.0,0.0,2025-05-18_00:00_04:00,4.0,pay_as_bid,4.37,4.37,4.37,4.37,0.0,0.0,0.0,0.0,0.0,0.0,0.0,2.5,51.02040816326531,0.0,2.01,0.0,0.0,0.0
2025-05-18 02:00:00+02:00,plant_1,0.0,98.57,32.93,131.5,0.0,0.0,94.69,127.62,0.0,0.0,0.0,0.0,83.1,116.03,83.54096470588236,0.44096470588236514,-32.48903529411764,0.0,0.0,0.0,0.0,0.0,0.0,0.361,0.0,0.0,2025-05-18_00:00_04:00,4.0,pay_as_bid,4.37,4.37,4.37,4.37,0.0,0.0,0.0,0.0,0.0,0.0,0.0,2.5,51.02040816326531,0.0,2.01,0.0,0.0,0.0
2025-05-18 02:15:00+02:00,plant_1,0.0,98.57,32.93,131.5,0.0,0.0,87.32,120.25,0.0,10.0,2.5,2.5,40.68,73.61,83.54096470588236,42.86096470588236,9.93096470588236,107.1524117647059,24.8274117647059,0.0,2.5,0.0,2.5,54.439,0.0,0.0,2025-05-18_00:00_04:00,4.0,pay_as_bid,4.37,4.37,4.37,4.37,0.0,0.0,0.0,0.0,0.0,0.0,0.0,2.5,50.6348621922996,2.5,0.0,2.5,2.01,0.37783505154639174
2025-05-18 02:30:00+02:00,plant_1,0.0,98.57,32.93,131.5,0.0,0.0,86.4,119.33000000000001,0.0,10.0,2.5,2.5,26.11,59.04,83.54096470588236,57.43096470588236,24.50096470588236,143.57741176470591,61.2524117647059,0.0,2.5,0.0,2.5,86.194,0.0,0.0,2025-05-18_00:00_04:00,4.0,pay_as_bid,4.37,4.37,4.37,4.37,0.0,0.0,0.0,0.0,0.0,0.0,0.0,2.5,50.24941260782664,2.5,0.0,2.5,2.01,0.7555756443298969
2025-05-18 02:45:00+02:00,plant_1,0.0,98.57,32.93,131.5,0.0,0.0,83.85,116.78,0.0,10.0,2.5,2.5,45.92,78.85,83.54096470588236,37.62096470588236,4.690964705882365,94.0524117647059,11.727411764705913,0.0,2.5,0.0,2.5,19.56,0.0,0.0,2025-05-18_00:00_04:00,4.0,pay_as_bid,4.37,4.37,4.37,4.37,0.0,0.0,0.0,0.0,0.0,0.0,0.0,2.5,49.86405938574979,2.5,0.0,2.5,2.01,1.133221801965206
2025-05-18 03:00:00+02:00,plant_1,0.0,97.4,32.93,130.33,0.0,0.0,99.96,132.89,0.0,0.0,0.0,0.0,81.47,114.4,83.54096470588236,2.0709647058823606,-30.859035294117646,0.0,0.0,0.0,0.0,0.0,0.0,3.334,0.0,0.0,2025-05-18_00:00_04:00,4.0,pay_as_bid,4.37,4.37,4.37,4.37,0.0,0.0,0.0,0.0,0.0,0.0,0.0,2.5,51.02040816326531,0.0,0.9110496583807266,0.0,1.0989503416192732,0.0
2025-05-18 03:15:00+02:00,plant_1,0.0,97.4,32.93,130.33,0.0,0.0,97.53,130.46,0.0,0.0,0.0,0.0,86.29,119.22,83.54096470588236,-2.749035294117647,-35.67903529411764,0.0,0.0,0.0,0.0,0.0,0.0,0.099,0.0,0.0,2025-05-18_00:00_04:00,4.0,pay_as_bid,4.37,4.37,4.37,4.37,0.0,0.0,0.0,0.0,0.0,0.0,0.0,2.5,51.02040816326531,0.0,2.01,0.0,0.0,0.0
2025-05-18 03:30:00+02:00,plant_1,0.0,97.4,32.93,130.33,0.0,0.0,93.99,126.91999999999999,0.0,0.0,0.0,0.0,82.73,115.66,83.54096470588236,0.8109647058823555,-32.11903529411764,0.0,0.0,0.0,0.0,0.0,0.0,0.073,0.0,0.0,2025-05-18_00:00_04:00,4.0,pay_as_bid,4.37,4.37,4.37,4.37,0.0,0.0,0.0,0.0,0.0,0.0,0.0,2.5,51.02040816326531,0.0,2.01,0.0,0.0,0.0
2025-05-18 03:45:00+02:00,plant_1,0.0,97.4,32.93,130.33,0.0,0.0,82.14,115.07,0.0,0.0,0.0,0.0,86.0,118.93,83.54096470588236,-2.4590352941176405,-35.38903529411765,0.0,0.0,0.0,0.0,0.0,0.0,0.002,0.0,0.0,2025-05-18_00:00_04:00,4.0,pay_as_bid,4.37,4.37,4.37,4.37,0.0,0.0,0.0,0.0,0.0,0.0,0.0,2.5,51.02040816326531,0.0,2.01,0.0,0.0,0.0
2025-05-18 04:00:00+02:00,plant_1,0.0,98.41,32.93,131.34,0.0,0.0,88.8,121.72999999999999,0.0,0.0,0.0,0.0,0.0,32.93,83.54096470588236,83.54096470588236,50.61096470588236,0.0,0.0,0.0,0.0,0.0,0.0,0.0,0.0,0.0,2025-05-18_04:00_08:00,4.0,pay_as_bid,5.73,5.73,5.73,5.73,0.0,0.0,0.0,0.0,0.0,0.0,0.0,2.5,51.02040816326531,0.0,2.01,0.0,0.0,0.0
2025-05-18 04:15:00+02:00,plant_1,0.0,98.41,32.93,131.34,0.0,0.0,78.72,111.65,0.0,0.0,0.0,0.0,87.45,120.38,83.54096470588236,-3.9090352941176434,-36.839035294117636,0.0,0.0,0.0,0.0,0.0,0.0,0.015,0.0,0.0,2025-05-18_04:00_08:00,4.0,pay_as_bid,5.73,5.73,5.73,5.73,0.0,0.0,0.0,0.0,0.0,0.0,0.0,2.5,51.02040816326531,0.0,2.01,0.0,0.0,0.0
2025-05-18 04:30:00+02:00,plant_1,0.0,98.41,32.93,131.34,0.0,0.0,71.62,104.55000000000001,0.0,0.0,0.0,0.0,79.19,112.12,83.54096470588236,4.350964705882362,-28.579035294117645,0.0,0.0,0.0,0.0,0.0,0.0,0.149,0.0,0.0,2025-05-18_04:00_08:00,4.0,pay_as_bid,5.73,5.73,5.73,5.73,0.0,0.0,0.0,0.0,0.0,0.0,0.0,2.5,51.02040816326531,0.0,2.01,0.0,0.0,0.0
2025-05-18 04:45:00+02:00,plant_1,0.0,98.41,32.93,131.34,0.0,0.0,70.64,103.57,0.0,0.0,0.0,0.0,81.12,114.05000000000001,83.54096470588236,2.420964705882355,-30.509035294117652,0.0,0.0,0.0,0.0,0.0,0.0,0.023,0.0,0.0,2025-05-18_04:00_08:00,4.0,pay_as_bid,5.73,5.73,5.73,5.73,0.0,0.0,0.0,0.0,0.0,0.0,0.0,2.5,51.02040816326531,0.0,2.01,0.0,0.0,0.0
2025-05-18 05:00:00+02:00,plant_1,0.0,97.98,32.93,130.91,0.0,0.0,97.0,129.93,0.0,0.0,0.0,0.0,0.0,32.93,83.54096470588236,83.54096470588236,50.61096470588236,0.0,0.0,0.0,0.0,0.0,0.0,0.0,0.0,0.0,2025-05-18_04:00_08:00,4.0,pay_as_bid,5.73,5.73,5.73,5.73,0.0,0.0,0.0,0.0,0.0,0.0,0.0,2.5,51.02040816326531,0.0,2.01,0.0,0.0,0.0
2025-05-18 05:15:00+02:00,plant_1,0.0,97.98,32.93,130.91,0.0,0.0,98.32,131.25,0.0,0.0,0.0,0.0,76.0,108.93,83.54096470588236,7.5409647058823595,-25.389035294117647,0.0,0.0,0.0,0.0,0.0,0.0,0.0,0.0,0.0,2025-05-18_04:00_08:00,4.0,pay_as_bid,5.73,5.73,5.73,5.73,0.0,0.0,0.0,0.0,0.0,0.0,0.0,2.5,51.02040816326531,0.0,2.01,0.0,0.0,0.0
2025-05-18 05:30:00+02:00,plant_1,0.0,97.98,32.93,130.91,0.0,0.0,87.47,120.4,0.0,0.0,0.0,0.0,76.0,108.93,83.54096470588236,7.5409647058823595,-25.389035294117647,0.0,0.0,0.0,0.0,0.0,0.0,0.002,0.0,0.0,2025-05-18_04:00_08:00,4.0,pay_as_bid,5.73,5.73,5.73,5.73,0.0,0.0,0.0,0.0,0.0,0.0,0.0,2.5,51.02040816326531,0.0,2.01,0.0,0.0,0.0
2025-05-18 05:45:00+02:00,plant_1,0.0,97.98,32.93,130.91,0.0,0.0,79.97,112.9,0.0,10.0,2.5,0.034,42.76,75.69,83.54096470588236,40.78096470588236,7.850964705882362,1.3865528000000005,0.2669328000000003,0.0,2.5,0.0,0.034,0.034,0.0,0.0,2025-05-18_04:00_08:00,4.0,pay_as_bid,5.73,5.73,5.73,5.73,0.0,0.0,0.0,0.0,0.0,0.0,0.0,2.5,51.02040816326531,0.034,1.9776795999999999,0.034,0.0323204,0.0
2025-05-18 06:00:00+02:00,plant_1,0.0,91.3,32.93,124.22999999999999,0.0,0.0,90.24,123.16999999999999,0.0,10.0,2.5,2.5,44.62,77.55,83.54096470588236,38.92096470588236,5.990964705882362,97.30241176470591,14.977411764705906,0.0,2.5,0.0,2.5,3.364,0.0,0.0,2025-05-18_04:00_08:00,4.0,pay_as_bid,5.73,5.73,5.73,5.73,0.0,0.0,0.0,0.0,0.0,0.0,0.0,2.5,50.6348621922996,2.5,0.0,2.5,2.01,0.37783505154639174
2025-05-18 06:15:00+02:00,plant_1,0.0,91.3,32.93,124.22999999999999,0.0,0.0,81.14,114.07,0.0,10.0,2.5,1.461,50.21,83.14,83.54096470588236,33.33096470588236,0.4009647058823589,48.69653943529413,0.5858094352941263,0.0,2.5,0.0,1.461,1.461,0.0,0.0,2025-05-18_04:00_08:00,4.0,pay_as_bid,5.73,5.73,5.73,5.73,0.0,0.0,0.0,0.0,0.0,0.0,0.0,2.5,51.02040816326531,1.461,0.254765025,1.461,1.7552349749999998,0.0
2025-05-18 06:30:00+02:00,plant_1,0.0,91.3,32.93,124.22999999999999,0.0,0.0,64.79,97.72,0.0,10.0,2.5,2.5,44.65,77.58,83.54096470588236,38.89096470588236,5.960964705882361,97.2274117647059,14.902411764705903,0.0,2.5,0.0,2.5,2.574,0.0,0.0,2025-05-18_04:00_08:00,4.0,pay_as_bid,5.73,5.73,5.73,5.73,0.0,0.0,0.0,0.0,0.0,0.0,0.0,2.5,50.6348621922996,2.5,0.0,2.5,2.01,0.37783505154639174
2025-05-18 06:45:00+02:00,plant_1,0.0,91.3,32.93,124.22999999999999,2.5,0.0,45.48,78.41,2.5,0.0,0.0,0.0,68.99,101.91999999999999,83.54096470588236,14.550964705882365,-18.379035294117628,0.0,0.0,0.0,0.0,0.0,0.0,0.118,0.0,0.0,2025-05-18_04:00_08:00,4.0,pay_as_bid,5.73,5.73,5.73,5.73,0.0,0.0,0.0,0.0,0.0,0.0,0.0,0.0,50.24941260782664,2.5,0.0,2.5,2.01,0.7555756443298969
2025-05-18 07:00:00+02:00,plant_1,0.0,87.16,32.93,120.09,0.0,0.0,83.52,116.44999999999999,0.0,0.0,0.0,0.0,0.0,32.93,83.54096470588236,83.54096470588236,50.61096470588236,0.0,0.0,0.0,0.0,0.0,0.0,0.0,0.0,0.0,2025-05-18_04:00_08:00,4.0,pay_as_bid,5.73,5.73,5.73,5.73,0.0,0.0,0.0,0.0,0.0,0.0,0.0,2.5,51.02040816326531,0.0,1.3097748520937502,0.0,0.7327251479062499,0.0
2025-05-18 07:15:00+02:00,plant_1,0.0,87.16,32.93,120.09,0.0,0.0,62.43,95.36,0.0,0.0,0.0,0.0,75.31,108.24000000000001,83.54096470588236,8.230964705882357,-24.69903529411765,0.0,0.0,0.0,0.0,0.0,0.0,0.022,0.0,0.0,2025-05-18_04:00_08:00,4.0,pay_as_bid,5.73,5.73,5.73,5.73,0.0,0.0,0.0,0.0,0.0,0.0,0.0,2.5,51.02040816326531,0.0,2.0425,0.0,0.0,0.0
2025-05-18 07:30:00+02:00,plant_1,0.0,87.16,32.93,120.09,2.5,0.0,15.72,48.65,2.5,0.0,0.0,0.0,35.19,68.12,83.54096470588236,48.35096470588236,15.420964705882355,0.0,0.0,0.0,0.0,0.0,0.0,1.62,0.0,0.0,2025-05-18_04:00_08:00,4.0,pay_as_bid,5.73,5.73,5.73,5.73,0.0,0.0,0.0,0.0,0.0,0.0,0.0,0.0,50.66905112560488,2.5,0.0,2.5,2.0425,0.3443298969072166
2025-05-18 07:45:00+02:00,plant_1,0.0,87.16,32.93,120.09,2.5,0.0,2.34,35.269999999999996,2.5,0.0,0.0,0.0,60.98,93.91,83.54096470588236,22.560964705882363,-10.369035294117637,0.0,0.0,0.0,0.0,0.0,0.0,0.337,0.0,0.0,2025-05-18_04:00_08:00,4.0,pay_as_bid,5.73,5.73,5.73,5.73,0.0,0.0,0.0,0.0,0.0,0.0,0.0,0.0,50.317781927203875,2.5,0.0,2.5,2.0425,0.6885737113402064
2025-05-18 08:00:00+02:00,plant_1,0.0,67.86,32.93,100.78999999999999,2.5,0.0,27.94,60.870000000000005,2.5,0.0,0.0,0.0,0.0,32.93,83.54096470588236,83.54096470588236,50.61096470588236,0.0,0.0,0.0,0.0,0.0,0.0,0.0,0.0,0.0,2025-05-18_08:00_12:00,4.0,pay_as_bid,78.05,78.05,78.05,78.05,0.0,0.0,0.0,0.0,0.0,0.0,0.0,0.0,49.9902698076215,2.5,0.0,2.5,2.065,1.0095355885309283
2025-05-18 08:15:00+02:00,plant_1,0.0,67.86,32.93,100.78999999999999,2.5,0.0,16.48,49.41,2.5,0.0,0.0,0.0,88.26,121.19,83.54096470588236,-4.719035294117646,-37.64903529411764,0.0,0.0,0.0,0.0,0.0,0.0,0.0,0.0,0.0,2025-05-18_08:00_12:00,4.0,pay_as_bid,78.05,78.05,78.05,78.05,0.0,0.0,0.0,0.0,0.0,0.0,0.0,0.0,49.662839566069024,2.5,0.0,2.5,2.065,1.3304172252523525
2025-05-18 08:30:00+02:00,plant_1,0.0,67.86,32.93,100.78999999999999,2.5,0.0,3.64,36.57,2.5,0.0,0.0,0.0,52.56,85.49000000000001,83.54096470588236,30.980964705882357,-1.9490352941176496,0.0,0.0,0.0,0.0,0.0,0.0,0.041,0.0,0.0,2025-05-18_08:00_12:00,4.0,pay_as_bid,78.05,78.05,78.05,78.05,0.0,0.0,0.0,0.0,0.0,0.0,0.0,0.0,49.33549118207694,2.5,0.0,2.5,2.065,1.6512186415645964
2025-05-18 08:45:00+02:00,plant_1,0.0,67.86,32.93,100.78999999999999,2.5,0.0,-5.36,27.57,2.5,0.0,0.0,0.0,29.27,62.2,83.54096470588236,54.27096470588236,21.340964705882357,0.0,0.0,0.0,0.0,0.0,0.0,0.005,0.0,0.0,2025-05-18_08:00_12:00,4.0,pay_as_bid,78.05,78.05,78.05,78.05,0.0,0.0,0.0,0.0,0.0,0.0,0.0,0.0,49.00822463518085,2.5,0.0,2.5,2.065,1.9719398575227622
2025-05-18 09:00:00+02:00,plant_1,2.5,10.1,32.93,43.03,0.0,0.0,15.2,48.129999999999995,2.5,0.0,0.0,0.0,2.75,35.68,83.54096470588236,80.79096470588236,47.86096470588236,0.0,0.0,0.0,0.0,0.0,0.0,29.135,0.0,0.0,2025-05-18_08:00_12:00,4.0,pay_as_bid,78.05,78.05,78.05,78.05,0.0,0.0,0.0,0.0,0.0,0.0,0.0,0.0,48.71522883822678,2.5,0.0,2.5,2.0975,2.2590757385377627
2025-05-18 09:15:00+02:00,plant_1,2.5,10.1,32.93,43.03,0.0,0.0,9.61,42.54,2.5,0.0,0.0,0.0,14.23,47.16,83.54096470588236,69.31096470588236,36.38096470588236,0.0,0.0,0.0,0.0,0.0,0.0,3.587,0.0,0.0,2025-05-18_08:00_12:00,4.0,pay_as_bid,78.05,78.05,78.05,78.05,0.0,0.0,0.0,0.0,0.0,0.0,0.0,0.0,48.42230629022193,2.5,0.0,2.5,2.0975,2.5461398355825096
2025-05-18 09:30:00+02:00,plant_1,2.5,10.1,32.93,43.03,0.0,0.0,3.38,36.31,2.5,0.0,0.0,0.0,6.48,39.41,83.54096470588236,77.06096470588236,44.13096470588236,0.0,0.0,0.0,0.0,0.0,0.0,24.067,0.0,0.0,2025-05-18_08:00_12:00,4.0,pay_as_bid,78.05,78.05,78.05,78.05,0.0,0.0,0.0,0.0,0.0,0.0,0.0,0.0,48.129456972854086,2.5,0.0,2.5,2.0975,2.8331321666029954
2025-05-18 09:45:00+02:00,plant_1,2.5,10.1,32.93,43.03,0.0,0.0,1.22,34.15,2.5,0.0,0.0,0.0,42.46,75.39,83.54096470588236,41.08096470588236,8.150964705882359,0.0,0.0,0.0,0.0,0.0,0.0,2.062,0.0,0.0,2025-05-18_08:00_12:00,4.0,pay_as_bid,78.05,78.05,78.05,78.05,0.0,0.0,0.0,0.0,0.0,0.0,0.0,0.0,47.83668086781559,2.5,0.0,2.5,2.0975,3.120052749540726
2025-05-18 10:00:00+02:00,plant_1,2.5,0.0,32.93,32.93,0.0,0.0,15.45,48.379999999999995,2.5,0.0,0.0,0.0,14.26,47.19,83.54096470588236,69.28096470588235,36.35096470588236,0.0,0.0,0.0,0.0,0.0,0.0,0.074,0.0,0.0,2025-05-18_08:00_12:00,4.0,pay_as_bid,78.05,78.05,78.05,78.05,0.0,0.0,0.0,0.0,0.0,0.0,0.0,0.0,47.543977956803346,2.5,0.0,2.5,2.0975,3.4069016023327223
2025-05-18 10:15:00+02:00,plant_1,2.5,0.0,32.93,32.93,0.0,0.0,12.68,45.61,2.5,0.0,0.0,0.0,29.21,62.14,83.54096470588236,54.33096470588236,21.40096470588236,0.0,0.0,0.0,0.0,0.0,0.0,0.0,0.0,0.0,2025-05-18_08:00_12:00,4.0,pay_as_bid,78.05,78.05,78.05,78.05,0.0,0.0,0.0,0.0,0.0,0.0,0.0,0.0,47.25134822151885,2.5,0.0,2.5,2.0975,3.6936787429115205
2025-05-18 10:30:00+02:00,plant_1,2.5,0.0,32.93,32.93,0.0,0.0,5.98,38.91,2.5,0.0,0.0,0.0,24.3,57.230000000000004,83.54096470588236,59.24096470588236,26.310964705882355,0.0,0.0,0.0,0.0,0.0,0.0,0.0,0.0,0.0,2025-05-18_08:00_12:00,4.0,pay_as_bid,78.05,78.05,78.05,78.05,0.0,0.0,0.0,0.0,0.0,0.0,0.0,0.0,46.95879164366819,2.5,0.0,2.5,2.0975,3.980384189205174
2025-05-18 10:45:00+02:00,plant_1,2.5,0.0,32.93,32.93,0.0,0.0,3.21,36.14,2.5,0.0,0.0,0.0,49.05,81.97999999999999,83.54096470588236,34.49096470588236,1.5609647058823697,0.0,0.0,0.0,0.0,0.0,0.0,0.0,0.0,0.0,2025-05-18_08:00_12:00,4.0,pay_as_bid,78.05,78.05,78.05,78.05,0.0,0.0,0.0,0.0,0.0,0.0,0.0,0.0,46.666308204961986,2.5,0.0,2.5,2.0975,4.267017959137254
2025-05-18 11:00:00+02:00,plant_1,2.5,-0.2,32.93,32.73,0.0,0.0,13.55,46.480000000000004,2.5,0.0,0.0,0.0,61.01,93.94,83.54096470588236,22.53096470588236,-10.399035294117638,0.0,0.0,0.0,0.0,0.0,0.0,0.0,0.0,0.0,2025-05-18_08:00_12:00,4.0,pay_as_bid,78.05,78.05,78.05,78.05,0.0,0.0,0.0,0.0,0.0,0.0,0.0,0.0,46.37389788711546,2.5,0.0,2.5,2.0975,4.553580070626851
2025-05-18 11:15:00+02:00,plant_1,2.5,-0.2,32.93,32.73,0.0,0.0,8.04,40.97,2.5,0.0,0.0,0.0,32.17,65.1,83.54096470588236,51.37096470588236,18.440964705882365,0.0,0.0,0.0,0.0,0.0,0.0,0.0,0.0,0.0,2025-05-18_08:00_12:00,4.0,pay_as_bid,78.05,78.05,78.05,78.05,0.0,0.0,0.0,0.0,0.0,0.0,0.0,0.0,46.08156067184839,2.5,0.0,2.5,2.0975,4.840070541588576
2025-05-18 11:30:00+02:00,plant_1,2.5,-0.2,32.93,32.73,0.0,0.0,3.31,36.24,2.5,0.0,0.0,0.0,18.6,51.53,83.54096470588236,64.94096470588235,32.01096470588236,0.0,0.0,0.0,0.0,0.0,0.0,0.0,0.0,0.0,2025-05-18_08:00_12:00,4.0,pay_as_bid,78.05,78.05,78.05,78.05,0.0,0.0,0.0,0.0,0.0,0.0,0.0,0.0,45.78929654088515,2.5,0.0,2.5,2.0975,5.12648938993256
2025-05-18 11:45:00+02:00,plant_1,2.5,-0.2,32.93,32.73,0.0,0.0,4.33,37.26,2.5,0.0,0.0,0.0,15.18,48.11,83.54096470588236,68.36096470588237,35.43096470588236,0.0,0.0,0.0,0.0,0.0,0.0,12.663,0.0,0.0,2025-05-18_08:00_12:00,4.0,pay_as_bid,78.05,78.05,78.05,78.05,0.0,0.0,0.0,0.0,0.0,0.0,0.0,0.0,45.49710547595463,2.5,0.0,2.5,2.0975,5.412836633564458
2025-05-18 12:00:00+02:00,plant_1,0.0,-2.0,32.93,30.93,0.0,0.0,1.52,34.45,0.0,10.0,2.5,2.5,4.79,37.72,83.54096470588236,78.75096470588235,45.82096470588236,196.87741176470587,114.55241176470591,2.5,0.0,2.5,0.0,21.718,0.0,0.0,2025-05-18_12:00_16:00,4.0,pay_as_bid,140.96,140.96,140.96,140.96,10.0,2.5,352.40000000000003,147.3649117647059,0.0,205.03508823529413,2.5,2.5,45.204987458790356,2.5,0.0,2.5,2.0975,5.6991122903854485
2025-05-18 12:15:00+02:00,plant_1,0.0,-2.0,32.93,30.93,0.0,0.0,0.38,33.31,0.0,10.0,2.5,2.5,-55.9,-22.97,83.54096470588236,139.44096470588235,106.51096470588236,348.6024117647059,266.2774117647059,2.5,0.0,2.5,0.0,80.362,0.0,0.0,2025-05-18_12:00_16:00,4.0,pay_as_bid,140.96,140.96,140.96,140.96,10.0,2.5,352.40000000000003,147.3649117647059,0.0,205.03508823529413,2.5,2.5,44.91294247113038,2.5,0.0,2.5,2.0975,5.985316378292234
2025-05-18 12:30:00+02:00,plant_1,0.0,-2.0,32.93,30.93,0.0,0.0,-0.63,32.3,0.0,10.0,2.5,2.5,1.32,34.25,83.54096470588236,82.22096470588237,49.29096470588236,205.5524117647059,123.22741176470589,2.5,0.0,2.5,0.0,33.517,0.0,0.0,2025-05-18_12:00_16:00,4.0,pay_as_bid,140.96,140.96,140.96,140.96,10.0,2.5,352.40000000000003,147.3649117647059,0.0,205.03508823529413,2.5,2.5,44.620970494717305,2.5,0.0,2.5,2.0975,6.271448915177042
2025-05-18 12:45:00+02:00,plant_1,0.0,-2.0,32.93,30.93,0.0,0.0,-0.31,32.62,0.0,10.0,2.5,2.5,9.12,42.05,83.54096470588236,74.42096470588235,41.49096470588236,186.05241176470588,103.7274117647059,2.5,0.0,2.5,0.0,9.855,0.0,0.0,2025-05-18_12:00_16:00,4.0,pay_as_bid,140.96,140.96,140.96,140.96,10.0,2.5,352.40000000000003,147.3649117647059,0.0,205.03508823529413,2.5,2.5,44.32907151129834,2.5,0.0,2.5,2.0975,6.55750991892763
2025-05-18 13:00:00+02:00,plant_1,0.0,-7.37,32.93,25.56,0.0,0.0,-1.94,30.99,0.0,10.0,2.5,0.371,24.72,57.65,83.54096470588236,58.82096470588236,25.89096470588236,21.822577905882355,9.605547905882355,2.5,0.0,0.371,0.0,0.371,0.0,0.0,2025-05-18_12:00_16:00,4.0,pay_as_bid,140.96,140.96,140.96,140.96,10.0,2.5,352.40000000000003,147.3649117647059,0.0,205.03508823529413,2.5,2.5,46.16624550262523,0.371,0.0,0.371,2.0975,4.757079407427279
2025-05-18 13:15:00+02:00,plant_1,0.0,-7.37,32.93,25.56,0.0,0.0,-1.56,31.37,0.0,10.0,2.5,0.648,23.21,56.14,83.54096470588236,60.33096470588236,27.40096470588236,39.094465129411766,17.755825129411768,2.5,0.0,0.648,0.0,0.648,0.0,0.0,2025-05-18_12:00_16:00,4.0,pay_as_bid,140.96,140.96,140.96,140.96,10.0,2.5,352.40000000000003,147.3649117647059,0.0,205.03508823529413,2.5,2.5,47.72596020045428,0.648,0.0,0.648,2.0975,3.2285590035548033
2025-05-18 13:30:00+02:00,plant_1,0.0,-7.37,32.93,25.56,0.0,0.0,-0.84,32.089999999999996,0.0,10.0,2.5,2.5,-0.92,32.01,83.54096470588236,84.46096470588236,51.53096470588236,211.1524117647059,128.82741176470591,2.5,0.0,2.5,0.0,21.739,0.0,0.0,2025-05-18_12:00_16:00,4.0,pay_as_bid,140.96,140.96,140.96,140.96,10.0,2.5,352.40000000000003,147.3649117647059,0.0,205.03508823529413,2.5,2.5,47.433284969608884,2.5,0.0,2.5,2.0975,3.515380729783296
2025-05-18 13:45:00+02:00,plant_1,0.0,-7.37,32.93,25.56,0.0,0.0,0.15,33.08,0.0,10.0,2.5,2.5,7.0,39.93,83.54096470588236,76.54096470588236,43.61096470588236,191.3524117647059,109.0274117647059,2.5,0.0,2.5,0.0,14.381,0.0,0.0,2025-05-18_12:00_16:00,4.0,pay_as_bid,140.96,140.96,140.96,140.96,10.0,2.5,352.40000000000003,147.3649117647059,0.0,205.03508823529413,2.5,2.5,47.14068290757119,2.5,0.0,2.5,2.0975,3.8021307505802318
2025-05-18 14:00:00+02:00,plant_1,0.0,-15.0,32.93,17.93,0.0,0.0,-4.11,28.82,0.0,10.0,2.5,0.294,16.22,49.15,83.54096470588236,67.32096470588236,34.39096470588236,19.79236362352941,10.110943623529414,2.5,0.0,0.294,0.0,0.294,0.0,0.0,2025-05-18_12:00_16:00,4.0,pay_as_bid,140.96,140.96,140.96,140.96,10.0,2.5,352.40000000000003,147.3649117647059,0.0,205.03508823529413,2.5,2.5,49.05415399604901,0.294,0.0,0.294,2.0975,1.9269290838719677
2025-05-18 14:15:00+02:00,plant_1,0.0,-15.0,32.93,17.93,0.0,0.0,-0.92,32.01,0.0,10.0,2.5,2.5,-10.65,22.28,83.54096470588236,94.19096470588237,61.26096470588236,235.47741176470592,153.1524117647059,2.5,0.0,2.5,0.0,22.429,0.0,0.0,2025-05-18_12:00_16:00,4.0,pay_as_bid,140.96,140.96,140.96,140.96,10.0,2.5,352.40000000000003,147.3649117647059,0.0,205.03508823529413,2.5,2.5,48.76114671675471,2.5,0.0,2.5,2.0975,2.2140762175803808
2025-05-18 14:30:00+02:00,plant_1,0.0,-15.0,32.93,17.93,0.0,0.0,9.72,42.65,0.0,10.0,2.5,2.5,8.36,41.29,83.54096470588236,75.18096470588236,42.25096470588236,187.95241176470591,105.6274117647059,2.5,0.0,2.5,0.0,11.995,0.0,0.0,2025-05-18_12:00_16:00,4.0,pay_as_bid,140.96,140.96,140.96,140.96,10.0,2.5,352.40000000000003,147.3649117647059,0.0,205.03508823529413,2.5,2.5,48.46821268928024,2.5,0.0,2.5,2.0975,2.501151564505367
2025-05-18 14:45:00+02:00,plant_1,0.0,-15.0,32.93,17.93,0.0,0.0,30.71,63.64,0.0,10.0,2.5,0.355,18.21,51.14,83.54096470588236,65.33096470588237,32.40096470588236,23.19249247058824,11.502342470588237,2.5,0.0,0.355,0.0,0.355,0.0,0.0,2025-05-18_12:00_16:00,4.0,pay_as_bid,140.96,140.96,140.96,140.96,10.0,2.5,352.40000000000003,147.3649117647059,0.0,205.03508823529413,2.5,2.5,50.320351895312626,0.355,0.0,0.355,2.0975,0.6860551425936219
2025-05-18 15:00:00+02:00,plant_1,0.0,-8.97,32.93,23.96,0.0,0.0,-12.48,20.45,0.0,10.0,2.5,2.5,28.75,61.68,83.54096470588236,54.79096470588236,21.86096470588236,136.9774117647059,54.6524117647059,2.5,0.0,2.5,0.0,7.735,0.0,0.0,2025-05-18_12:00_16:00,4.0,pay_as_bid,140.96,140.96,140.96,140.96,10.0,2.5,352.40000000000003,147.3649117647059,0.0,205.03508823529413,2.5,2.5,49.992839133238235,2.5,0.0,2.5,2.065,1.0070176494265304
2025-05-18 15:15:00+02:00,plant_1,0.0,-8.97,32.93,23.96,0.0,0.0,4.84,37.769999999999996,0.0,10.0,2.5,2.5,13.88,46.81,83.54096470588236,69.66096470588236,36.73096470588236,174.1524117647059,91.82741176470589,2.5,0.0,2.5,0.0,18.25,0.0,0.0,2025-05-18_12:00_16:00,4.0,pay_as_bid,140.96,140.96,140.96,140.96,10.0,2.5,352.40000000000003,147.3649117647059,0.0,205.03508823529413,2.5,2.5,49.665408249354364,2.5,0.0,2.5,2.065,1.3278999156327307
2025-05-18 15:30:00+02:00,plant_1,0.0,-8.97,32.93,23.96,0.0,0.0,46.07,79.0,0.0,10.0,2.5,2.5,14.74,47.67,83.54096470588236,68.80096470588236,35.87096470588236,172.00241176470593,89.6774117647059,2.5,0.0,2.5,0.0,8.478,0.0,0.0,2025-05-18_12:00_16:00,4.0,pay_as_bid,140.96,140.96,140.96,140.96,10.0,2.5,352.40000000000003,147.3649117647059,0.0,205.03508823529413,2.5,2.5,49.33805922319145,2.5,0.0,2.5,2.065,1.6487019612723794
2025-05-18 15:45:00+02:00,plant_1,0.0,-8.97,32.93,23.96,0.0,0.0,78.96,111.88999999999999,0.0,10.0,2.5,0.0,47.36,80.28999999999999,83.54096470588236,36.18096470588236,3.2509647058823674,0.0,0.0,2.5,0.0,0.0,0.0,0.0,0.0,0.0,2025-05-18_12:00_16:00,4.0,pay_as_bid,140.96,140.96,140.96,140.96,10.0,2.5,352.40000000000003,147.3649117647059,0.0,205.03508823529413,2.5,2.5,51.02040816326531,0.0,0.46615890779140057,0.0,1.5988410922085994,0.0
2025-05-18 16:00:00+02:00,plant_1,2.5,-0.2,32.93,32.73,0.0,2.5,57.71,90.64,0.0,10.0,2.5,2.5,0.56,33.49,83.54096470588236,82.98096470588236,50.05096470588236,207.4524117647059,125.1274117647059,0.0,2.5,0.0,2.5,32.127,0.0,0.0,2025-05-18_16:00_20:00,4.0,pay_as_bid,48.33,48.33,48.33,48.33,0.0,0.0,0.0,0.0,0.0,0.0,0.0,2.5,50.66905112560488,2.5,0.0,2.5,2.0425,0.3443298969072166
2025-05-18 16:15:00+02:00,plant_1,2.5,-0.2,32.93,32.73,0.0,2.5,73.3,106.22999999999999,0.0,10.0,2.5,2.5,-50.63,-17.700000000000003,83.54096470588236,134.17096470588237,101.24096470588236,335.42741176470594,253.1024117647059,0.0,2.5,0.0,2.5,52.393,0.0,0.0,2025-05-18_16:00_20:00,4.0,pay_as_bid,48.33,48.33,48.33,48.33,0.0,0.0,0.0,0.0,0.0,0.0,0.0,2.5,50.317781927203875,2.5,0.0,2.5,2.0425,0.6885737113402064
2025-05-18 16:30:00+02:00,plant_1,2.5,-0.2,32.93,32.73,0.0,2.5,92.95,125.88,0.0,0.0,0.0,0.0,0.0,32.93,83.54096470588236,83.54096470588236,50.61096470588236,0.0,0.0,0.0,0.0,0.0,0.0,0.0,0.0,0.0,2025-05-18_16:00_20:00,4.0,pay_as_bid,48.33,48.33,48.33,48.33,0.0,0.0,0.0,0.0,0.0,0.0,0.0,2.5,51.02040816326531,0.0,1.3747504791249998,0.0,0.6677495208750002,0.0
2025-05-18 16:45:00+02:00,plant_1,2.5,-0.2,32.93,32.73,0.0,2.5,112.24,145.17,0.0,0.0,0.0,0.0,0.0,32.93,83.54096470588236,83.54096470588236,50.61096470588236,0.0,0.0,0.0,0.0,0.0,0.0,0.0,0.0,0.0,2025-05-18_16:00_20:00,4.0,pay_as_bid,48.33,48.33,48.33,48.33,0.0,0.0,0.0,0.0,0.0,0.0,0.0,2.5,51.02040816326531,0.0,2.0425,0.0,0.0,0.0
2025-05-18 17:00:00+02:00,plant_1,2.5,9.67,32.93,42.6,0.0,2.5,89.25,122.18,0.0,0.0,0.0,0.0,0.0,32.93,83.54096470588236,83.54096470588236,50.61096470588236,0.0,0.0,0.0,0.0,0.0,0.0,0.0,0.0,0.0,2025-05-18_16:00_20:00,4.0,pay_as_bid,48.33,48.33,48.33,48.33,0.0,0.0,0.0,0.0,0.0,0.0,0.0,2.5,51.02040816326531,0.0,2.02,0.0,0.0,0.0
2025-05-18 17:15:00+02:00,plant_1,2.5,9.67,32.93,42.6,0.0,2.5,108.82,141.75,0.0,0.0,0.0,0.0,0.0,32.93,83.54096470588236,83.54096470588236,50.61096470588236,0.0,0.0,0.0,0.0,0.0,0.0,0.0,0.0,0.0,2025-05-18_16:00_20:00,4.0,pay_as_bid,48.33,48.33,48.33,48.33,0.0,0.0,0.0,0.0,0.0,0.0,0.0,2.5,51.02040816326531,0.0,2.02,0.0,0.0,0.0
2025-05-18 17:30:00+02:00,plant_1,2.5,9.67,32.93,42.6,0.0,2.5,117.55,150.48,0.0,10.0,2.5,2.5,28.71,61.64,83.54096470588236,54.83096470588236,21.90096470588236,137.0774117647059,54.7524117647059,0.0,2.5,0.0,2.5,5.453,0.0,0.0,2025-05-18_16:00_20:00,4.0,pay_as_bid,48.33,48.33,48.33,48.33,0.0,0.0,0.0,0.0,0.0,0.0,0.0,2.5,50.64538186408584,2.5,0.0,2.5,2.02,0.3675257731958763
2025-05-18 17:45:00+02:00,plant_1,2.5,9.67,32.93,42.6,0.0,2.5,117.62,150.55,0.0,0.0,0.0,0.0,97.9,130.83,83.54096470588236,-14.359035294117646,-47.28903529411765,0.0,0.0,0.0,0.0,0.0,0.0,0.674,0.0,0.0,2025-05-18_16:00_20:00,4.0,pay_as_bid,48.33,48.33,48.33,48.33,0.0,0.0,0.0,0.0,0.0,0.0,0.0,2.5,51.02040816326531,0.0,1.6635891250000001,0.0,0.35641087499999996,0.0
2025-05-18 18:00:00+02:00,plant_1,0.0,91.38,32.93,124.31,0.0,0.0,103.93,136.86,0.0,10.0,2.5,2.5,24.5,57.43,83.54096470588236,59.04096470588236,26.11096470588236,147.6024117647059,65.2774117647059,0.0,2.5,0.0,2.5,10.279,0.0,0.0,2025-05-18_16:00_20:00,4.0,pay_as_bid,48.33,48.33,48.33,48.33,0.0,0.0,0.0,0.0,0.0,0.0,0.0,2.5,50.64538186408584,2.5,0.0,2.5,2.02,0.3675257731958763
2025-05-18 18:15:00+02:00,plant_1,0.0,91.38,32.93,124.31,0.0,0.0,108.43,141.36,0.0,10.0,2.5,2.5,47.27,80.2,83.54096470588236,36.270964705882356,3.3409647058823566,90.6774117647059,8.352411764705892,0.0,2.5,0.0,2.5,4.807,0.0,0.0,2025-05-18_16:00_20:00,4.0,pay_as_bid,48.33,48.33,48.33,48.33,0.0,0.0,0.0,0.0,0.0,0.0,0.0,2.5,50.270449321481166,2.5,0.0,2.5,2.02,0.7349596649484537
2025-05-18 18:30:00+02:00,plant_1,0.0,91.38,32.93,124.31,0.0,0.0,113.34,146.27,0.0,0.0,0.0,0.0,101.93,134.86,83.54096470588236,-18.389035294117647,-51.319035294117654,0.0,0.0,0.0,0.0,0.0,0.0,0.164,0.0,0.0,2025-05-18_16:00_20:00,4.0,pay_as_bid,48.33,48.33,48.33,48.33,0.0,0.0,0.0,0.0,0.0,0.0,0.0,2.5,51.02040816326531,0.0,1.3072673527187502,0.0,0.71273264728125,0.0
2025-05-18 18:45:00+02:00,plant_1,0.0,91.38,32.93,124.31,0.0,0.0,118.18,151.11,0.0,0.0,0.0,0.0,0.0,32.93,83.54096470588236,83.54096470588236,50.61096470588236,0.0,0.0,0.0,0.0,0.0,0.0,0.0,0.0,0.0,2025-05-18_16:00_20:00,4.0,pay_as_bid,48.33,48.33,48.33,48.33,0.0,0.0,0.0,0.0,0.0,0.0,0.0,2.5,51.02040816326531,0.0,2.02,0.0,0.0,0.0
2025-05-18 19:00:00+02:00,plant_1,0.0,108.4,32.93,141.33,0.0,0.0,115.12,148.05,0.0,0.0,0.0,0.0,83.5,116.43,83.54096470588236,0.04096470588235945,-32.88903529411765,0.0,0.0,0.0,0.0,0.0,0.0,0.719,0.0,0.0,2025-05-18_16:00_20:00,4.0,pay_as_bid,48.33,48.33,48.33,48.33,0.0,0.0,0.0,0.0,0.0,0.0,0.0,2.5,51.02040816326531,0.0,2.02,0.0,0.0,0.0
2025-05-18 19:15:00+02:00,plant_1,0.0,108.4,32.93,141.33,0.0,0.0,112.44,145.37,0.0,0.0,0.0,0.0,63.57,96.5,83.54096470588236,19.97096470588236,-12.95903529411764,0.0,0.0,0.0,0.0,0.0,0.0,1.8,0.0,0.0,2025-05-18_16:00_20:00,4.0,pay_as_bid,48.33,48.33,48.33,48.33,0.0,0.0,0.0,0.0,0.0,0.0,0.0,2.5,51.02040816326531,0.0,2.02,0.0,0.0,0.0
2025-05-18 19:30:00+02:00,plant_1,0.0,108.4,32.93,141.33,0.0,0.0,109.19,142.12,0.0,0.0,0.0,0.0,0.0,32.93,83.54096470588236,83.54096470588236,50.61096470588236,0.0,0.0,0.0,0.0,0.0,0.0,0.0,0.0,0.0,2025-05-18_16:00_20:00,4.0,pay_as_bid,48.33,48.33,48.33,48.33,0.0,0.0,0.0,0.0,0.0,0.0,0.0,2.5,51.02040816326531,0.0,2.02,0.0,0.0,0.0
2025-05-18 19:45:00+02:00,plant_1,0.0,108.4,32.93,141.33,0.0,0.0,105.45,138.38,0.0,10.0,2.5,2.5,36.45,69.38,83.54096470588236,47.09096470588236,14.160964705882364,117.72741176470589,35.40241176470591,0.0,2.5,0.0,2.5,49.264,0.0,0.0,2025-05-18_16:00_20:00,4.0,pay_as_bid,48.33,48.33,48.33,48.33,0.0,0.0,0.0,0.0,0.0,0.0,0.0,2.5,50.64538186408584,2.5,0.0,2.5,2.02,0.3675257731958763
2025-05-18 20:00:00+02:00,plant_1,0.0,125.17,32.93,158.1,0.0,0.0,139.0,171.93,0.0,0.0,0.0,0.0,75.51,108.44,83.54096470588236,8.030964705882354,-24.89903529411764,0.0,0.0,0.0,0.0,0.0,0.0,14.802,0.0,0.0,2025-05-18_20:00_00:00,4.0,pay_as_bid,2.76,2.76,2.76,2.76,0.0,0.0,0.0,0.0,0.0,0.0,0.0,2.5,51.02040816326531,0.0,1.6635891250000001,0.0,0.35641087499999996,0.0
2025-05-18 20:15:00+02:00,plant_1,0.0,125.17,32.93,158.1,0.0,0.0,129.18,162.11,0.0,0.0,0.0,0.0,98.04,130.97,83.54096470588236,-14.499035294117647,-47.42903529411764,0.0,0.0,0.0,0.0,0.0,0.0,0.067,0.0,0.0,2025-05-18_20:00_00:00,4.0,pay_as_bid,2.76,2.76,2.76,2.76,0.0,0.0,0.0,0.0,0.0,0.0,0.0,2.5,51.02040816326531,0.0,2.02,0.0,0.0,0.0
2025-05-18 20:30:00+02:00,plant_1,0.0,125.17,32.93,158.1,0.0,0.0,113.64,146.57,0.0,0.0,0.0,0.0,0.0,32.93,83.54096470588236,83.54096470588236,50.61096470588236,0.0,0.0,0.0,0.0,0.0,0.0,0.0,0.0,0.0,2025-05-18_20:00_00:00,4.0,pay_as_bid,2.76,2.76,2.76,2.76,0.0,0.0,0.0,0.0,0.0,0.0,0.0,2.5,51.02040816326531,0.0,2.02,0.0,0.0,0.0
2025-05-18 20:45:00+02:00,plant_1,0.0,125.17,32.93,158.1,0.0,0.0,109.92,142.85,0.0,0.0,0.0,0.0,0.0,32.93,83.54096470588236,83.54096470588236,50.61096470588236,0.0,0.0,0.0,0.0,0.0,0.0,0.0,0.0,0.0,2025-05-18_20:00_00:00,4.0,pay_as_bid,2.76,2.76,2.76,2.76,0.0,0.0,0.0,0.0,0.0,0.0,0.0,2.5,51.02040816326531,0.0,2.02,0.0,0.0,0.0
2025-05-18 21:00:00+02:00,plant_1,0.0,130.47,32.93,163.4,0.0,0.0,123.07,156.0,0.0,0.0,0.0,0.0,0.0,32.93,83.54096470588236,83.54096470588236,50.61096470588236,0.0,0.0,0.0,0.0,0.0,0.0,0.0,0.0,0.0,2025-05-18_20:00_00:00,4.0,pay_as_bid,2.76,2.76,2.76,2.76,0.0,0.0,0.0,0.0,0.0,0.0,0.0,2.5,51.02040816326531,0.0,2.02,0.0,0.0,0.0
2025-05-18 21:15:00+02:00,plant_1,0.0,130.47,32.93,163.4,0.0,0.0,119.84,152.77,0.0,0.0,0.0,0.0,61.76,94.69,83.54096470588236,21.78096470588236,-11.149035294117638,0.0,0.0,0.0,0.0,0.0,0.0,3.387,0.0,0.0,2025-05-18_20:00_00:00,4.0,pay_as_bid,2.76,2.76,2.76,2.76,0.0,0.0,0.0,0.0,0.0,0.0,0.0,2.5,51.02040816326531,0.0,2.02,0.0,0.0,0.0
2025-05-18 21:30:00+02:00,plant_1,0.0,130.47,32.93,163.4,0.0,0.0,109.32,142.25,0.0,0.0,0.0,0.0,81.16,114.09,83.54096470588236,2.380964705882363,-30.549035294117644,0.0,0.0,0.0,0.0,0.0,0.0,2.215,0.0,0.0,2025-05-18_20:00_00:00,4.0,pay_as_bid,2.76,2.76,2.76,2.76,0.0,0.0,0.0,0.0,0.0,0.0,0.0,2.5,51.02040816326531,0.0,2.02,0.0,0.0,0.0
2025-05-18 21:45:00+02:00,plant_1,0.0,130.47,32.93,163.4,0.0,0.0,98.95,131.88,0.0,0.0,0.0,0.0,84.56,117.49000000000001,83.54096470588236,-1.0190352941176428,-33.94903529411765,0.0,0.0,0.0,0.0,0.0,0.0,0.067,0.0,0.0,2025-05-18_20:00_00:00,4.0,pay_as_bid,2.76,2.76,2.76,2.76,0.0,0.0,0.0,0.0,0.0,0.0,0.0,2.5,51.02040816326531,0.0,2.02,0.0,0.0,0.0
2025-05-18 22:00:00+02:00,plant_1,0.0,118.41,32.93,151.34,0.0,0.0,120.06,152.99,0.0,0.0,0.0,0.0,78.16,111.09,83.54096470588236,5.380964705882363,-27.549035294117644,0.0,0.0,0.0,0.0,0.0,0.0,0.04,0.0,0.0,2025-05-18_20:00_00:00,4.0,pay_as_bid,2.76,2.76,2.76,2.76,0.0,0.0,0.0,0.0,0.0,0.0,0.0,2.5,51.02040816326531,0.0,2.02,0.0,0.0,0.0
2025-05-18 22:15:00+02:00,plant_1,0.0,118.41,32.93,151.34,0.0,0.0,118.23,151.16,0.0,0.0,0.0,0.0,64.54,97.47,83.54096470588236,19.000964705882353,-13.92903529411764,0.0,0.0,0.0,0.0,0.0,0.0,3.382,0.0,0.0,2025-05-18_20:00_00:00,4.0,pay_as_bid,2.76,2.76,2.76,2.76,0.0,0.0,0.0,0.0,0.0,0.0,0.0,2.5,51.02040816326531,0.0,2.02,0.0,0.0,0.0
2025-05-18 22:30:00+02:00,plant_1,0.0,118.41,32.93,151.34,0.0,0.0,108.16,141.09,0.0,0.0,0.0,0.0,89.42,122.35,83.54096470588236,-5.879035294117642,-38.809035294117635,0.0,0.0,0.0,0.0,0.0,0.0,0.898,0.0,0.0,2025-05-18_20:00_00:00,4.0,pay_as_bid,2.76,2.76,2.76,2.76,0.0,0.0,0.0,0.0,0.0,0.0,0.0,2.5,51.02040816326531,0.0,2.02,0.0,0.0,0.0
2025-05-18 22:45:00+02:00,plant_1,0.0,118.41,32.93,151.34,0.0,0.0,100.05,132.98,0.0,0.0,0.0,0.0,55.13,88.06,83.54096470588236,28.410964705882357,-4.519035294117643,0.0,0.0,0.0,0.0,0.0,0.0,8.349,0.0,0.0,2025-05-18_20:00_00:00,4.0,pay_as_bid,2.76,2.76,2.76,2.76,0.0,0.0,0.0,0.0,0.0,0.0,0.0,2.5,51.02040816326531,0.0,2.02,0.0,0.0,0.0
2025-05-18 23:00:00+02:00,plant_1,0.0,103.62,32.93,136.55,0.0,0.0,109.78,142.71,0.0,0.0,0.0,0.0,80.63,113.56,83.54096470588236,2.910964705882364,-30.019035294117643,0.0,0.0,0.0,0.0,0.0,0.0,7.22,0.0,0.0,2025-05-18_20:00_00:00,4.0,pay_as_bid,2.76,2.76,2.76,2.76,0.0,0.0,0.0,0.0,0.0,0.0,0.0,2.5,51.02040816326531,0.0,2.01,0.0,0.0,0.0
2025-05-18 23:15:00+02:00,plant_1,0.0,103.62,32.93,136.55,0.0,0.0,108.34,141.27,0.0,0.0,0.0,0.0,88.21,121.13999999999999,83.54096470588236,-4.669035294117634,-37.59903529411763,0.0,0.0,0.0,0.0,0.0,0.0,0.218,0.0,0.0,2025-05-18_20:00_00:00,4.0,pay_as_bid,2.76,2.76,2.76,2.76,0.0,0.0,0.0,0.0,0.0,0.0,0.0,2.5,51.02040816326531,0.0,2.01,0.0,0.0,0.0
2025-05-18 23:30:00+02:00,plant_1,0.0,103.62,32.93,136.55,0.0,0.0,106.75,139.68,0.0,0.0,0.0,0.0,96.27,129.2,83.54096470588236,-12.729035294117637,-45.65903529411763,0.0,0.0,0.0,0.0,0.0,0.0,0.038,0.0,0.0,2025-05-18_20:00_00:00,4.0,pay_as_bid,2.76,2.76,2.76,2.76,0.0,0.0,0.0,0.0,0.0,0.0,0.0,2.5,51.02040816326531,0.0,2.01,0.0,0.0,0.0
2025-05-18 23:45:00+02:00,plant_1,0.0,103.62,32.93,136.55,0.0,0.0,103.46,136.39,0.0,0.0,0.0,0.0,84.26,117.19,83.54096470588236,-0.7190352941176457,-33.64903529411764,0.0,0.0,0.0,0.0,0.0,0.0,0.261,0.0,0.0,2025-05-18_20:00_00:00,4.0,pay_as_bid,2.76,2.76,2.76,2.76,0.0,0.0,0.0,0.0,0.0,0.0,0.0,2.5,51.02040816326531,0.0,2.01,0.0,0.0,0.0
2025-05-19 00:00:00+02:00,plant_1,0.0,110.48,32.93,143.41,0.0,0.0,117.29,150.22,0.0,0.0,0.0,0.0,0.0,32.93,83.54096470588236,83.54096470588236,50.61096470588236,0.0,0.0,0.0,0.0,0.0,0.0,0.0,0.0,0.0,2025-05-19_00:00_04:00,4.0,pay_as_bid,3.7,3.7,3.7,3.7,0.0,0.0,0.0,0.0,0.0,0.0,0.0,2.5,51.02040816326531,0.0,2.01,0.0,0.0,0.0
2025-05-19 00:15:00+02:00,plant_1,0.0,110.48,32.93,143.41,0.0,0.0,107.33,140.26,0.0,0.0,0.0,0.0,0.0,32.93,83.54096470588236,83.54096470588236,50.61096470588236,0.0,0.0,0.0,0.0,0.0,0.0,0.0,0.0,0.0,2025-05-19_00:00_04:00,4.0,pay_as_bid,3.7,3.7,3.7,3.7,0.0,0.0,0.0,0.0,0.0,0.0,0.0,2.5,51.02040816326531,0.0,2.01,0.0,0.0,0.0
2025-05-19 00:30:00+02:00,plant_1,0.0,110.48,32.93,143.41,0.0,0.0,107.09,140.02,0.0,0.0,0.0,0.0,0.0,32.93,83.54096470588236,83.54096470588236,50.61096470588236,0.0,0.0,0.0,0.0,0.0,0.0,0.0,0.0,0.0,2025-05-19_00:00_04:00,4.0,pay_as_bid,3.7,3.7,3.7,3.7,0.0,0.0,0.0,0.0,0.0,0.0,0.0,2.5,51.02040816326531,0.0,2.01,0.0,0.0,0.0
2025-05-19 00:45:00+02:00,plant_1,0.0,110.48,32.93,143.41,0.0,0.0,104.87,137.8,0.0,0.0,0.0,0.0,88.86,121.78999999999999,83.54096470588236,-5.31903529411764,-38.24903529411763,0.0,0.0,0.0,0.0,0.0,0.0,0.416,0.0,0.0,2025-05-19_00:00_04:00,4.0,pay_as_bid,3.7,3.7,3.7,3.7,0.0,0.0,0.0,0.0,0.0,0.0,0.0,2.5,51.02040816326531,0.0,2.01,0.0,0.0,0.0
2025-05-19 01:00:00+02:00,plant_1,0.0,102.62,32.93,135.55,0.0,0.0,111.73,144.66,0.0,0.0,0.0,0.0,95.55,128.48,83.54096470588236,-12.009035294117638,-44.93903529411763,0.0,0.0,0.0,0.0,0.0,0.0,0.41,0.0,0.0,2025-05-19_00:00_04:00,4.0,pay_as_bid,3.7,3.7,3.7,3.7,0.0,0.0,0.0,0.0,0.0,0.0,0.0,2.5,51.02040816326531,0.0,2.0875,0.0,0.0,0.0
2025-05-19 01:15:00+02:00,plant_1,0.0,102.62,32.93,135.55,0.0,0.0,103.98,136.91,0.0,0.0,0.0,0.0,90.62,123.55000000000001,83.54096470588236,-7.079035294117645,-40.00903529411765,0.0,0.0,0.0,0.0,0.0,0.0,0.448,0.0,0.0,2025-05-19_00:00_04:00,4.0,pay_as_bid,3.7,3.7,3.7,3.7,0.0,0.0,0.0,0.0,0.0,0.0,0.0,2.5,51.02040816326531,0.0,2.0875,0.0,0.0,0.0
2025-05-19 01:30:00+02:00,plant_1,0.0,102.62,32.93,135.55,0.0,0.0,103.18,136.11,0.0,0.0,0.0,0.0,70.42,103.35,83.54096470588236,13.120964705882358,-19.809035294117635,0.0,0.0,0.0,0.0,0.0,0.0,2.118,0.0,0.0,2025-05-19_00:00_04:00,4.0,pay_as_bid,3.7,3.7,3.7,3.7,0.0,0.0,0.0,0.0,0.0,0.0,0.0,2.5,51.02040816326531,0.0,2.0875,0.0,0.0,0.0
2025-05-19 01:45:00+02:00,plant_1,0.0,102.62,32.93,135.55,0.0,0.0,99.81,132.74,0.0,0.0,0.0,0.0,70.91,103.84,83.54096470588236,12.630964705882363,-20.299035294117644,0.0,0.0,0.0,0.0,0.0,0.0,2.482,0.0,0.0,2025-05-19_00:00_04:00,4.0,pay_as_bid,3.7,3.7,3.7,3.7,0.0,0.0,0.0,0.0,0.0,0.0,0.0,2.5,51.02040816326531,0.0,2.0875,0.0,0.0,0.0
2025-05-19 02:00:00+02:00,plant_1,0.0,96.1,32.93,129.03,0.0,0.0,103.18,136.11,0.0,0.0,0.0,0.0,84.39,117.32,83.54096470588236,-0.8490352941176411,-33.779035294117634,0.0,0.0,0.0,0.0,0.0,0.0,1.614,0.0,0.0,2025-05-19_00:00_04:00,4.0,pay_as_bid,3.7,3.7,3.7,3.7,0.0,0.0,0.0,0.0,0.0,0.0,0.0,2.5,51.02040816326531,0.0,2.0875,0.0,0.0,0.0
2025-05-19 02:15:00+02:00,plant_1,0.0,96.1,32.93,129.03,0.0,0.0,108.33,141.26,0.0,0.0,0.0,0.0,81.04,113.97,83.54096470588236,2.500964705882353,-30.42903529411764,0.0,0.0,0.0,0.0,0.0,0.0,0.79,0.0,0.0,2025-05-19_00:00_04:00,4.0,pay_as_bid,3.7,3.7,3.7,3.7,0.0,0.0,0.0,0.0,0.0,0.0,0.0,2.5,51.02040816326531,0.0,2.0875,0.0,0.0,0.0
2025-05-19 02:30:00+02:00,plant_1,0.0,96.1,32.93,129.03,0.0,0.0,118.59,151.52,0.0,0.0,0.0,0.0,88.62,121.55000000000001,83.54096470588236,-5.079035294117645,-38.00903529411765,0.0,0.0,0.0,0.0,0.0,0.0,0.024,0.0,0.0,2025-05-19_00:00_04:00,4.0,pay_as_bid,3.7,3.7,3.7,3.7,0.0,0.0,0.0,0.0,0.0,0.0,0.0,2.5,51.02040816326531,0.0,2.0875,0.0,0.0,0.0
2025-05-19 02:45:00+02:00,plant_1,0.0,96.1,32.93,129.03,0.0,0.0,116.23,149.16,0.0,0.0,0.0,0.0,0.0,32.93,83.54096470588236,83.54096470588236,50.61096470588236,0.0,0.0,0.0,0.0,0.0,0.0,0.0,0.0,0.0,2025-05-19_00:00_04:00,4.0,pay_as_bid,3.7,3.7,3.7,3.7,0.0,0.0,0.0,0.0,0.0,0.0,0.0,2.5,51.02040816326531,0.0,2.0875,0.0,0.0,0.0
2025-05-19 03:00:00+02:00,plant_1,0.0,92.95,32.93,125.88,0.0,0.0,103.82,136.75,0.0,0.0,0.0,0.0,0.0,32.93,83.54096470588236,83.54096470588236,50.61096470588236,0.0,0.0,0.0,0.0,0.0,0.0,0.0,0.0,0.0,2025-05-19_00:00_04:00,4.0,pay_as_bid,3.7,3.7,3.7,3.7,0.0,0.0,0.0,0.0,0.0,0.0,0.0,2.5,51.02040816326531,0.0,2.0875,0.0,0.0,0.0
2025-05-19 03:15:00+02:00,plant_1,0.0,92.95,32.93,125.88,0.0,0.0,114.81,147.74,0.0,0.0,0.0,0.0,0.0,32.93,83.54096470588236,83.54096470588236,50.61096470588236,0.0,0.0,0.0,0.0,0.0,0.0,0.0,0.0,0.0,2025-05-19_00:00_04:00,4.0,pay_as_bid,3.7,3.7,3.7,3.7,0.0,0.0,0.0,0.0,0.0,0.0,0.0,2.5,51.02040816326531,0.0,2.0875,0.0,0.0,0.0
2025-05-19 03:30:00+02:00,plant_1,0.0,92.95,32.93,125.88,0.0,0.0,123.29,156.22,0.0,0.0,0.0,0.0,0.0,32.93,83.54096470588236,83.54096470588236,50.61096470588236,0.0,0.0,0.0,0.0,0.0,0.0,0.0,0.0,0.0,2025-05-19_00:00_04:00,4.0,pay_as_bid,3.7,3.7,3.7,3.7,0.0,0.0,0.0,0.0,0.0,0.0,0.0,2.5,51.02040816326531,0.0,2.0875,0.0,0.0,0.0
2025-05-19 03:45:00+02:00,plant_1,0.0,92.95,32.93,125.88,0.0,0.0,130.81,163.74,0.0,0.0,0.0,0.0,81.69,114.62,83.54096470588236,1.8509647058823617,-31.079035294117645,0.0,0.0,0.0,0.0,0.0,0.0,0.35,0.0,0.0,2025-05-19_00:00_04:00,4.0,pay_as_bid,3.7,3.7,3.7,3.7,0.0,0.0,0.0,0.0,0.0,0.0,0.0,2.5,51.02040816326531,0.0,2.0875,0.0,0.0,0.0
2025-05-19 04:00:00+02:00,plant_1,0.0,98.03,32.93,130.96,0.0,0.0,117.39,150.32,0.0,0.0,0.0,0.0,89.57,122.5,83.54096470588236,-6.029035294117634,-38.95903529411764,0.0,0.0,0.0,0.0,0.0,0.0,0.335,0.0,0.0,2025-05-19_04:00_08:00,4.0,pay_as_bid,3.73,3.73,3.73,3.73,0.0,0.0,0.0,0.0,0.0,0.0,0.0,2.5,51.02040816326531,0.0,2.0875,0.0,0.0,0.0
2025-05-19 04:15:00+02:00,plant_1,0.0,98.03,32.93,130.96,0.0,0.0,134.97,167.9,0.0,0.0,0.0,0.0,101.27,134.2,83.54096470588236,-17.729035294117637,-50.65903529411763,0.0,0.0,0.0,0.0,0.0,0.0,0.01,0.0,0.0,2025-05-19_04:00_08:00,4.0,pay_as_bid,3.73,3.73,3.73,3.73,0.0,0.0,0.0,0.0,0.0,0.0,0.0,2.5,51.02040816326531,0.0,2.0875,0.0,0.0,0.0
2025-05-19 04:30:00+02:00,plant_1,0.0,98.03,32.93,130.96,0.0,0.0,142.54,175.47,0.0,0.0,0.0,0.0,0.0,32.93,83.54096470588236,83.54096470588236,50.61096470588236,0.0,0.0,0.0,0.0,0.0,0.0,0.0,0.0,0.0,2025-05-19_04:00_08:00,4.0,pay_as_bid,3.73,3.73,3.73,3.73,0.0,0.0,0.0,0.0,0.0,0.0,0.0,2.5,51.02040816326531,0.0,2.0875,0.0,0.0,0.0
2025-05-19 04:45:00+02:00,plant_1,0.0,98.03,32.93,130.96,0.0,0.0,138.98,171.91,0.0,0.0,0.0,0.0,102.48,135.41,83.54096470588236,-18.939035294117645,-51.86903529411764,0.0,0.0,0.0,0.0,0.0,0.0,0.059,0.0,0.0,2025-05-19_04:00_08:00,4.0,pay_as_bid,3.73,3.73,3.73,3.73,0.0,0.0,0.0,0.0,0.0,0.0,0.0,2.5,51.02040816326531,0.0,2.0875,0.0,0.0,0.0
2025-05-19 05:00:00+02:00,plant_1,0.0,109.39,32.93,142.32,0.0,0.0,151.09,184.02,0.0,0.0,0.0,0.0,71.08,104.00999999999999,83.54096470588236,12.460964705882361,-20.46903529411763,0.0,0.0,0.0,0.0,0.0,0.0,1.158,0.0,0.0,2025-05-19_04:00_08:00,4.0,pay_as_bid,3.73,3.73,3.73,3.73,0.0,0.0,0.0,0.0,0.0,0.0,0.0,2.5,51.02040816326531,0.0,2.0875,0.0,0.0,0.0
2025-05-19 05:15:00+02:00,plant_1,0.0,109.39,32.93,142.32,0.0,0.0,138.81,171.74,0.0,0.0,0.0,0.0,0.0,32.93,83.54096470588236,83.54096470588236,50.61096470588236,0.0,0.0,0.0,0.0,0.0,0.0,0.0,0.0,0.0,2025-05-19_04:00_08:00,4.0,pay_as_bid,3.73,3.73,3.73,3.73,0.0,0.0,0.0,0.0,0.0,0.0,0.0,2.5,51.02040816326531,0.0,2.0875,0.0,0.0,0.0
2025-05-19 05:30:00+02:00,plant_1,0.0,109.39,32.93,142.32,0.0,0.0,122.54,155.47,0.0,0.0,0.0,0.0,98.87,131.8,83.54096470588236,-15.329035294117645,-48.25903529411765,0.0,0.0,0.0,0.0,0.0,0.0,0.128,0.0,0.0,2025-05-19_04:00_08:00,4.0,pay_as_bid,3.73,3.73,3.73,3.73,0.0,0.0,0.0,0.0,0.0,0.0,0.0,2.5,51.02040816326531,0.0,2.0875,0.0,0.0,0.0
2025-05-19 05:45:00+02:00,plant_1,0.0,109.39,32.93,142.32,0.0,0.0,103.74,136.67,0.0,0.0,0.0,0.0,87.35,120.28,83.54096470588236,-3.809035294117635,-36.73903529411764,0.0,0.0,0.0,0.0,0.0,0.0,0.978,0.0,0.0,2025-05-19_04:00_08:00,4.0,pay_as_bid,3.73,3.73,3.73,3.73,0.0,0.0,0.0,0.0,0.0,0.0,0.0,2.5,51.02040816326531,0.0,2.0875,0.0,0.0,0.0
2025-05-19 06:00:00+02:00,plant_1,0.0,131.22,32.93,164.15,0.0,0.0,136.13,169.06,0.0,0.0,0.0,0.0,89.88,122.81,83.54096470588236,-6.339035294117636,-39.26903529411764,0.0,0.0,0.0,0.0,0.0,0.0,0.642,0.0,0.0,2025-05-19_04:00_08:00,4.0,pay_as_bid,3.73,3.73,3.73,3.73,0.0,0.0,0.0,0.0,0.0,0.0,0.0,2.5,51.02040816326531,0.0,2.0875,0.0,0.0,0.0
2025-05-19 06:15:00+02:00,plant_1,0.0,131.22,32.93,164.15,0.0,0.0,120.1,153.03,0.0,0.0,0.0,0.0,93.49,126.41999999999999,83.54096470588236,-9.949035294117635,-42.87903529411763,0.0,0.0,0.0,0.0,0.0,0.0,0.04,0.0,0.0,2025-05-19_04:00_08:00,4.0,pay_as_bid,3.73,3.73,3.73,3.73,0.0,0.0,0.0,0.0,0.0,0.0,0.0,2.5,51.02040816326531,0.0,2.0875,0.0,0.0,0.0
2025-05-19 06:30:00+02:00,plant_1,0.0,131.22,32.93,164.15,0.0,0.0,95.96,128.89,0.0,0.0,0.0,0.0,89.68,122.61000000000001,83.54096470588236,-6.139035294117647,-39.069035294117654,0.0,0.0,0.0,0.0,0.0,0.0,0.191,0.0,0.0,2025-05-19_04:00_08:00,4.0,pay_as_bid,3.73,3.73,3.73,3.73,0.0,0.0,0.0,0.0,0.0,0.0,0.0,2.5,51.02040816326531,0.0,2.0875,0.0,0.0,0.0
2025-05-19 06:45:00+02:00,plant_1,0.0,131.22,32.93,164.15,0.0,0.0,76.01,108.94,0.0,0.0,0.0,0.0,88.07,121.0,83.54096470588236,-4.529035294117634,-37.45903529411764,0.0,0.0,0.0,0.0,0.0,0.0,0.033,0.0,0.0,2025-05-19_04:00_08:00,4.0,pay_as_bid,3.73,3.73,3.73,3.73,0.0,0.0,0.0,0.0,0.0,0.0,0.0,2.5,51.02040816326531,0.0,2.0875,0.0,0.0,0.0
2025-05-19 07:00:00+02:00,plant_1,0.0,137.22,32.93,170.15,0.0,0.0,113.33,146.26,0.0,0.0,0.0,0.0,0.0,32.93,83.54096470588236,83.54096470588236,50.61096470588236,0.0,0.0,0.0,0.0,0.0,0.0,0.0,0.0,0.0,2025-05-19_04:00_08:00,4.0,pay_as_bid,3.73,3.73,3.73,3.73,0.0,0.0,0.0,0.0,0.0,0.0,0.0,2.5,51.02040816326531,0.0,2.135,0.0,0.0,0.0
2025-05-19 07:15:00+02:00,plant_1,0.0,137.22,32.93,170.15,0.0,0.0,101.99,134.92,0.0,0.0,0.0,0.0,88.4,121.33000000000001,83.54096470588236,-4.859035294117646,-37.78903529411765,0.0,0.0,0.0,0.0,0.0,0.0,1.229,0.0,0.0,2025-05-19_04:00_08:00,4.0,pay_as_bid,3.73,3.73,3.73,3.73,0.0,0.0,0.0,0.0,0.0,0.0,0.0,2.5,51.02040816326531,0.0,2.135,0.0,0.0,0.0
2025-05-19 07:30:00+02:00,plant_1,0.0,137.22,32.93,170.15,0.0,0.0,80.41,113.34,0.0,0.0,0.0,0.0,65.46,98.38999999999999,83.54096470588236,18.080964705882366,-14.849035294117627,0.0,0.0,0.0,0.0,0.0,0.0,4.501,0.0,0.0,2025-05-19_04:00_08:00,4.0,pay_as_bid,3.73,3.73,3.73,3.73,0.0,0.0,0.0,0.0,0.0,0.0,0.0,2.5,51.02040816326531,0.0,2.135,0.0,0.0,0.0
2025-05-19 07:45:00+02:00,plant_1,0.0,137.22,32.93,170.15,0.0,0.0,69.96,102.88999999999999,0.0,0.0,0.0,0.0,59.51,92.44,83.54096470588236,24.03096470588236,-8.899035294117638,0.0,0.0,0.0,0.0,0.0,0.0,24.124,0.0,0.0,2025-05-19_04:00_08:00,4.0,pay_as_bid,3.73,3.73,3.73,3.73,0.0,0.0,0.0,0.0,0.0,0.0,0.0,2.5,51.02040816326531,0.0,2.135,0.0,0.0,0.0
2025-05-19 08:00:00+02:00,plant_1,0.0,113.41,32.93,146.34,0.0,0.0,94.05,126.97999999999999,0.0,0.0,0.0,0.0,93.23,126.16,83.54096470588236,-9.689035294117645,-42.61903529411764,0.0,0.0,0.0,0.0,0.0,0.0,0.058,0.0,0.0,2025-05-19_08:00_12:00,4.0,pay_as_bid,59.02,59.02,59.02,59.02,0.0,0.0,0.0,0.0,0.0,0.0,0.0,2.5,51.02040816326531,0.0,2.1725,0.0,0.0,0.0
2025-05-19 08:15:00+02:00,plant_1,0.0,113.41,32.93,146.34,0.0,0.0,79.84,112.77000000000001,0.0,0.0,0.0,0.0,84.6,117.53,83.54096470588236,-1.0590352941176349,-33.98903529411764,0.0,0.0,0.0,0.0,0.0,0.0,0.046,0.0,0.0,2025-05-19_08:00_12:00,4.0,pay_as_bid,59.02,59.02,59.02,59.02,0.0,0.0,0.0,0.0,0.0,0.0,0.0,2.5,51.02040816326531,0.0,2.1725,0.0,0.0,0.0
2025-05-19 08:30:00+02:00,plant_1,0.0,113.41,32.93,146.34,0.0,0.0,60.36,93.28999999999999,0.0,0.0,0.0,0.0,54.28,87.21000000000001,83.54096470588236,29.26096470588236,-3.6690352941176485,0.0,0.0,0.0,0.0,0.0,0.0,14.92,0.0,0.0,2025-05-19_08:00_12:00,4.0,pay_as_bid,59.02,59.02,59.02,59.02,0.0,0.0,0.0,0.0,0.0,0.0,0.0,2.5,51.02040816326531,0.0,2.1725,0.0,0.0,0.0
2025-05-19 08:45:00+02:00,plant_1,0.0,113.41,32.93,146.34,2.5,0.0,46.32,79.25,2.5,0.0,0.0,0.0,62.65,95.58,83.54096470588236,20.89096470588236,-12.039035294117639,0.0,0.0,0.0,0.0,0.0,0.0,5.201,0.0,0.0,2025-05-19_08:00_12:00,4.0,pay_as_bid,59.02,59.02,59.02,59.02,0.0,0.0,0.0,0.0,0.0,0.0,0.0,0.0,50.805806858826,2.5,0.0,2.5,2.1725,0.2103092783505156
2025-05-19 09:00:00+02:00,plant_1,0.0,93.69,32.93,126.62,0.0,0.0,73.7,106.63,0.0,0.0,0.0,0.0,65.03,97.96000000000001,83.54096470588236,18.51096470588236,-14.419035294117649,0.0,0.0,0.0,0.0,0.0,0.0,7.148,0.0,0.0,2025-05-19_08:00_12:00,4.0,pay_as_bid,59.02,59.02,59.02,59.02,0.0,0.0,0.0,0.0,0.0,0.0,0.0,2.5,51.02040816326531,0.0,2.021051,0.0,0.2039490000000001,0.0
2025-05-19 09:15:00+02:00,plant_1,0.0,93.69,32.93,126.62,0.0,0.0,64.15,97.08000000000001,0.0,10.0,2.5,2.5,14.31,47.24,83.54096470588236,69.23096470588236,36.30096470588236,173.0774117647059,90.7524117647059,0.0,2.5,0.0,2.5,54.437,0.0,0.0,2025-05-19_08:00_12:00,4.0,pay_as_bid,59.02,59.02,59.02,59.02,0.0,0.0,0.0,0.0,0.0,0.0,0.0,2.5,50.861035135703766,2.5,0.0,2.5,2.225,0.15618556701030917
2025-05-19 09:30:00+02:00,plant_1,0.0,93.69,32.93,126.62,2.5,0.0,44.16,77.09,2.5,0.0,0.0,0.0,9.32,42.25,83.54096470588236,74.22096470588235,41.29096470588236,0.0,0.0,0.0,0.0,0.0,0.0,45.244,0.0,0.0,2025-05-19_08:00_12:00,4.0,pay_as_bid,59.02,59.02,59.02,59.02,0.0,0.0,0.0,0.0,0.0,0.0,0.0,0.0,50.701701951399116,2.5,0.0,2.5,2.225,0.3123320876288658
2025-05-19 09:45:00+02:00,plant_1,0.0,93.69,32.93,126.62,2.5,0.0,29.18,62.11,2.5,0.0,0.0,0.0,5.52,38.45,83.54096470588236,78.02096470588236,45.09096470588236,0.0,0.0,0.0,0.0,0.0,0.0,52.679,0.0,0.0,2025-05-19_08:00_12:00,4.0,pay_as_bid,59.02,59.02,59.02,59.02,0.0,0.0,0.0,0.0,0.0,0.0,0.0,0.0,50.542408600390544,2.5,0.0,2.5,2.225,0.46843957161726774
2025-05-19 10:00:00+02:00,plant_1,0.0,69.59,32.93,102.52000000000001,2.5,0.0,45.08,78.00999999999999,2.5,0.0,0.0,0.0,24.55,57.480000000000004,83.54096470588236,58.99096470588236,26.060964705882355,0.0,0.0,0.0,0.0,0.0,0.0,33.966,0.0,0.0,2025-05-19_08:00_12:00,4.0,pay_as_bid,59.02,59.02,59.02,59.02,0.0,0.0,0.0,0.0,0.0,0.0,0.0,0.0,50.383155072719724,2.5,0.0,2.5,2.225,0.6245080287346726
2025-05-19 10:15:00+02:00,plant_1,0.0,69.59,32.93,102.52000000000001,2.5,0.0,26.55,59.480000000000004,2.5,0.0,0.0,0.0,28.47,61.4,83.54096470588236,55.07096470588236,22.14096470588236,0.0,0.0,0.0,0.0,0.0,0.0,31.024,0.0,0.0,2025-05-19_08:00_12:00,4.0,pay_as_bid,59.02,59.02,59.02,59.02,0.0,0.0,0.0,0.0,0.0,0.0,0.0,0.0,50.22394135843082,2.5,0.0,2.5,2.225,0.7805374687377981
2025-05-19 10:30:00+02:00,plant_1,0.0,69.59,32.93,102.52000000000001,2.5,0.0,24.1,57.03,2.5,0.0,0.0,0.0,51.93,84.86,83.54096470588236,31.61096470588236,-1.31903529411764,0.0,0.0,0.0,0.0,0.0,0.0,4.772,0.0,0.0,2025-05-19_08:00_12:00,4.0,pay_as_bid,59.02,59.02,59.02,59.02,0.0,0.0,0.0,0.0,0.0,0.0,0.0,0.0,50.06476744757049,2.5,0.0,2.5,2.225,0.9365279013809228
2025-05-19 10:45:00+02:00,plant_1,0.0,69.59,32.93,102.52000000000001,2.5,0.0,23.84,56.769999999999996,2.5,0.0,0.0,0.0,40.67,73.6,83.54096470588236,42.87096470588236,9.940964705882365,0.0,0.0,0.0,0.0,0.0,0.0,13.757,0.0,0.0,2025-05-19_08:00_12:00,4.0,pay_as_bid,59.02,59.02,59.02,59.02,0.0,0.0,0.0,0.0,0.0,0.0,0.0,0.0,49.905633330187875,2.5,0.0,2.5,2.225,1.0924793364158867
2025-05-19 11:00:00+02:00,plant_1,2.5,28.56,32.93,61.489999999999995,0.0,0.0,37.43,70.36,2.5,0.0,0.0,0.0,4.97,37.9,83.54096470588236,78.57096470588236,45.64096470588236,0.0,0.0,0.0,0.0,0.0,0.0,41.722,0.0,0.0,2025-05-19_08:00_12:00,4.0,pay_as_bid,59.02,59.02,59.02,59.02,0.0,0.0,0.0,0.0,0.0,0.0,0.0,0.0,49.7465389963346,2.5,0.0,2.5,2.225,1.248391783592092
2025-05-19 11:15:00+02:00,plant_1,2.5,28.56,32.93,61.489999999999995,0.0,0.0,30.41,63.34,2.5,0.0,0.0,0.0,45.01,77.94,83.54096470588236,38.53096470588236,5.600964705882362,0.0,0.0,0.0,0.0,0.0,0.0,2.726,0.0,0.0,2025-05-19_08:00_12:00,4.0,pay_as_bid,59.02,59.02,59.02,59.02,0.0,0.0,0.0,0.0,0.0,0.0,0.0,0.0,49.5874844360648,2.5,0.0,2.5,2.225,1.4042652526565031
2025-05-19 11:30:00+02:00,plant_1,2.5,28.56,32.93,61.489999999999995,0.0,0.0,35.49,68.42,2.5,0.0,0.0,0.0,46.91,79.84,83.54096470588236,36.63096470588236,3.700964705882356,0.0,0.0,0.0,0.0,0.0,0.0,0.674,0.0,0.0,2025-05-19_08:00_12:00,4.0,pay_as_bid,59.02,59.02,59.02,59.02,0.0,0.0,0.0,0.0,0.0,0.0,0.0,0.0,49.42846963943506,2.5,0.0,2.5,2.225,1.5600997533536483
2025-05-19 11:45:00+02:00,plant_1,2.5,28.56,32.93,61.489999999999995,0.0,0.0,40.9,73.83,2.5,0.0,0.0,0.0,0.0,32.93,83.54096470588236,83.54096470588236,50.61096470588236,0.0,0.0,0.0,0.0,0.0,0.0,0.0,0.0,0.0,2025-05-19_08:00_12:00,4.0,pay_as_bid,59.02,59.02,59.02,59.02,0.0,0.0,0.0,0.0,0.0,0.0,0.0,0.0,49.26949459650447,2.5,0.0,2.5,2.225,1.715895295425619
2025-05-19 12:00:00+02:00,plant_1,2.5,12.77,32.93,45.7,0.0,0.0,19.78,52.71,2.5,0.0,0.0,0.0,59.38,92.31,83.54096470588236,24.160964705882357,-8.769035294117643,0.0,0.0,0.0,0.0,0.0,0.0,0.0,0.0,0.0,2025-05-19_12:00_16:00,4.0,pay_as_bid,98.19,98.19,98.19,98.19,0.0,0.0,0.0,0.0,0.0,0.0,0.0,0.0,49.110559297334625,2.5,0.0,2.5,2.225,1.8716518886120719
2025-05-19 12:15:00+02:00,plant_1,2.5,12.77,32.93,45.7,0.0,2.5,53.06,85.99000000000001,0.0,0.0,0.0,0.0,69.91,102.84,83.54096470588236,13.630964705882363,-19.299035294117644,0.0,0.0,0.0,0.0,0.0,0.0,0.0,0.0,0.0,2025-05-19_12:00_16:00,4.0,pay_as_bid,98.19,98.19,98.19,98.19,0.0,0.0,0.0,0.0,0.0,0.0,0.0,2.5,51.02040816326531,0.0,0.4099515436292789,0.0,1.8150484563707212,0.0
2025-05-19 12:30:00+02:00,plant_1,2.5,12.77,32.93,45.7,0.0,2.5,69.98,102.91,0.0,0.0,0.0,0.0,54.71,87.64,83.54096470588236,28.83096470588236,-4.099035294117641,0.0,0.0,0.0,0.0,0.0,0.0,0.695,0.0,0.0,2025-05-19_12:00_16:00,4.0,pay_as_bid,98.19,98.19,98.19,98.19,0.0,0.0,0.0,0.0,0.0,0.0,0.0,2.5,51.02040816326531,0.0,2.225,0.0,0.0,0.0
2025-05-19 12:45:00+02:00,plant_1,2.5,12.77,32.93,45.7,0.0,2.5,77.58,110.50999999999999,0.0,10.0,2.5,2.5,25.58,58.51,83.54096470588236,57.96096470588236,25.03096470588236,144.9024117647059,62.5774117647059,0.0,2.5,0.0,2.5,8.505,0.0,0.0,2025-05-19_12:00_16:00,4.0,pay_as_bid,98.19,98.19,98.19,98.19,0.0,0.0,0.0,0.0,0.0,0.0,0.0,2.5,50.861035135703766,2.5,0.0,2.5,2.225,0.15618556701030917
2025-05-19 13:00:00+02:00,plant_1,2.5,5.0,32.93,37.93,0.0,0.0,43.77,76.7,2.5,0.0,0.0,0.0,39.18,72.11,83.54096470588236,44.36096470588236,11.43096470588236,0.0,0.0,0.0,0.0,0.0,0.0,0.181,0.0,0.0,2025-05-19_12:00_16:00,4.0,pay_as_bid,98.19,98.19,98.19,98.19,0.0,0.0,0.0,0.0,0.0,0.0,0.0,0.0,50.701701951399116,2.5,0.0,2.5,2.225,0.3123320876288658
2025-05-19 13:15:00+02:00,plant_1,2.5,5.0,32.93,37.93,0.0,2.5,67.78,100.71000000000001,0.0,0.0,0.0,0.0,0.0,32.93,83.54096470588236,83.54096470588236,50.61096470588236,0.0,0.0,0.0,0.0,0.0,0.0,0.0,0.0,0.0,2025-05-19_12:00_16:00,4.0,pay_as_bid,98.19,98.19,98.19,98.19,0.0,0.0,0.0,0.0,0.0,0.0,0.0,2.5,51.02040816326531,0.0,1.9221136155312504,0.0,0.30288638446874977,0.0
2025-05-19 13:30:00+02:00,plant_1,2.5,5.0,32.93,37.93,0.0,2.5,82.57,115.5,0.0,10.0,2.5,0.369,47.93,80.86,83.54096470588236,35.61096470588236,2.68096470588236,13.140445976470591,0.9892759764705908,0.0,2.5,0.0,0.369,0.369,0.0,0.0,2025-05-19_12:00_16:00,4.0,pay_as_bid,98.19,98.19,98.19,98.19,0.0,0.0,0.0,0.0,0.0,0.0,0.0,2.5,51.02040816326531,0.369,1.8742286000000001,0.369,0.35077139999999996,0.0
2025-05-19 13:45:00+02:00,plant_1,2.5,5.0,32.93,37.93,0.0,2.5,85.51,118.44,0.0,10.0,2.5,2.339,21.87,54.8,83.54096470588236,61.670964705882355,28.740964705882362,144.24838644705883,67.22511644705884,0.0,2.5,0.0,2.339,2.339,0.0,0.0,2025-05-19_12:00_16:00,4.0,pay_as_bid,98.19,98.19,98.19,98.19,0.0,0.0,0.0,0.0,0.0,0.0,0.0,2.5,51.02040816326531,2.339,0.0015466000000006197,2.339,2.2234533999999995,0.0
2025-05-19 14:00:00+02:00,plant_1,2.5,8.0,32.93,40.93,0.0,2.5,68.09,101.02000000000001,0.0,10.0,2.5,2.5,7.07,40.0,83.54096470588236,76.47096470588235,43.54096470588236,191.17741176470588,108.85241176470589,0.0,2.5,0.0,2.5,8.193,0.0,0.0,2025-05-19_12:00_16:00,4.0,pay_as_bid,98.19,98.19,98.19,98.19,0.0,0.0,0.0,0.0,0.0,0.0,0.0,2.5,50.861035135703766,2.5,0.0,2.5,2.225,0.15618556701030917
2025-05-19 14:15:00+02:00,plant_1,2.5,8.0,32.93,40.93,0.0,2.5,78.98,111.91,0.0,0.0,0.0,0.0,0.0,32.93,83.54096470588236,83.54096470588236,50.61096470588236,0.0,0.0,0.0,0.0,0.0,0.0,0.0,0.0,0.0,2025-05-19_12:00_16:00,4.0,pay_as_bid,98.19,98.19,98.19,98.19,0.0,0.0,0.0,0.0,0.0,0.0,0.0,2.5,51.02040816326531,0.0,2.0735378750000004,0.0,0.1514621249999999,0.0
2025-05-19 14:30:00+02:00,plant_1,2.5,8.0,32.93,40.93,0.0,2.5,90.3,123.22999999999999,0.0,10.0,2.5,2.5,-3.47,29.46,83.54096470588236,87.01096470588236,54.08096470588236,217.5274117647059,135.2024117647059,0.0,2.5,0.0,2.5,8.2,0.0,0.0,2025-05-19_12:00_16:00,4.0,pay_as_bid,98.19,98.19,98.19,98.19,0.0,0.0,0.0,0.0,0.0,0.0,0.0,2.5,50.861035135703766,2.5,0.0,2.5,2.225,0.15618556701030917
2025-05-19 14:45:00+02:00,plant_1,2.5,8.0,32.93,40.93,0.0,2.5,90.07,123.0,0.0,10.0,2.5,2.5,-2.03,30.9,83.54096470588236,85.57096470588236,52.64096470588236,213.9274117647059,131.6024117647059,0.0,2.5,0.0,2.5,23.702,0.0,0.0,2025-05-19_12:00_16:00,4.0,pay_as_bid,98.19,98.19,98.19,98.19,0.0,0.0,0.0,0.0,0.0,0.0,0.0,2.5,50.701701951399116,2.5,0.0,2.5,2.225,0.3123320876288658
2025-05-19 15:00:00+02:00,plant_1,2.5,28.15,32.93,61.08,0.0,2.5,67.7,100.63,0.0,10.0,2.5,2.5,-1.19,31.74,83.54096470588236,84.73096470588236,51.800964705882365,211.8274117647059,129.50241176470593,0.0,2.5,0.0,2.5,36.039,0.0,0.0,2025-05-19_12:00_16:00,4.0,pay_as_bid,98.19,98.19,98.19,98.19,0.0,0.0,0.0,0.0,0.0,0.0,0.0,2.5,50.48718032351278,2.5,0.0,2.5,2.1725,0.5225632829574742
2025-05-19 15:15:00+02:00,plant_1,2.5,28.15,32.93,61.08,0.0,2.5,81.42,114.35,0.0,10.0,2.5,2.5,2.67,35.6,83.54096470588236,80.87096470588236,47.94096470588236,202.17741176470588,119.85241176470589,0.0,2.5,0.0,2.5,41.042,0.0,0.0,2025-05-19_12:00_16:00,4.0,pay_as_bid,98.19,98.19,98.19,98.19,0.0,0.0,0.0,0.0,0.0,0.0,0.0,2.5,50.27271232603342,2.5,0.0,2.5,2.1725,0.7327419204872505
2025-05-19 15:30:00+02:00,plant_1,2.5,28.15,32.93,61.08,0.0,2.5,93.65,126.58000000000001,0.0,10.0,2.5,2.5,3.71,36.64,83.54096470588236,79.83096470588237,46.90096470588236,199.57741176470591,117.2524117647059,0.0,2.5,0.0,2.5,70.258,0.0,0.0,2025-05-19_12:00_16:00,4.0,pay_as_bid,98.19,98.19,98.19,98.19,0.0,0.0,0.0,0.0,0.0,0.0,0.0,2.5,50.05829794555342,2.5,0.0,2.5,2.1725,0.9428680133576444
2025-05-19 15:45:00+02:00,plant_1,2.5,28.15,32.93,61.08,0.0,2.5,129.94,162.87,0.0,10.0,2.5,2.5,31.99,64.92,83.54096470588236,51.550964705882365,18.620964705882358,128.87741176470593,46.552411764705894,0.0,2.5,0.0,2.5,4.381,0.0,0.0,2025-05-19_12:00_16:00,4.0,pay_as_bid,98.19,98.19,98.19,98.19,0.0,0.0,0.0,0.0,0.0,0.0,0.0,2.5,49.84393716866855,2.5,0.0,2.5,2.1725,1.1529415747048206
2025-05-19 16:00:00+02:00,plant_1,0.0,72.98,32.93,105.91,0.0,0.0,83.39,116.32,0.0,10.0,2.5,0.881,45.19,78.12,83.54096470588236,38.35096470588236,5.420964705882355,33.78719990588236,4.775869905882355,0.0,2.5,0.0,0.881,0.881,0.0,0.0,2025-05-19_16:00_20:00,4.0,pay_as_bid,34.66,34.66,34.66,34.66,0.0,0.0,0.0,0.0,0.0,0.0,0.0,2.5,51.02040816326531,0.881,0.17944766086818964,0.881,1.9555523391318101,0.0
2025-05-19 16:15:00+02:00,plant_1,0.0,72.98,32.93,105.91,0.0,0.0,105.77,138.7,0.0,10.0,2.5,2.5,15.69,48.62,83.54096470588236,67.85096470588236,34.92096470588236,169.6274117647059,87.30241176470591,0.0,2.5,0.0,2.5,6.971,0.0,0.0,2025-05-19_16:00_20:00,4.0,pay_as_bid,34.66,34.66,34.66,34.66,0.0,0.0,0.0,0.0,0.0,0.0,0.0,2.5,50.76635808962761,2.5,0.0,2.5,2.135,0.24896907216494846
2025-05-19 16:30:00+02:00,plant_1,0.0,72.98,32.93,105.91,0.0,0.0,132.17,165.1,0.0,10.0,2.5,2.5,0.11,33.04,83.54096470588236,83.43096470588236,50.50096470588236,208.57741176470591,126.2524117647059,0.0,2.5,0.0,2.5,29.686,0.0,0.0,2025-05-19_16:00_20:00,4.0,pay_as_bid,34.66,34.66,34.66,34.66,0.0,0.0,0.0,0.0,0.0,0.0,0.0,2.5,50.51237152850831,2.5,0.0,2.5,2.135,0.4978759020618557
2025-05-19 16:45:00+02:00,plant_1,0.0,72.98,32.93,105.91,0.0,0.0,146.48,179.41,0.0,10.0,2.5,2.5,11.21,44.14,83.54096470588236,72.33096470588237,39.40096470588236,180.82741176470591,98.5024117647059,0.0,2.5,0.0,2.5,8.602,0.0,0.0,2025-05-19_16:00_20:00,4.0,pay_as_bid,34.66,34.66,34.66,34.66,0.0,0.0,0.0,0.0,0.0,0.0,0.0,2.5,50.2584484640293,2.5,0.0,2.5,2.135,0.7467205052512887
2025-05-19 17:00:00+02:00,plant_1,0.0,97.09,32.93,130.02,0.0,0.0,121.22,154.15,0.0,0.0,0.0,0.0,67.95,100.88,83.54096470588236,15.590964705882357,-17.339035294117636,0.0,0.0,0.0,0.0,0.0,0.0,0.022,0.0,0.0,2025-05-19_16:00_20:00,4.0,pay_as_bid,34.66,34.66,34.66,34.66,0.0,0.0,0.0,0.0,0.0,0.0,0.0,2.5,51.02040816326531,0.0,1.3758621896287735,0.0,0.7241378103712266,0.0
2025-05-19 17:15:00+02:00,plant_1,0.0,97.09,32.93,130.02,0.0,0.0,138.0,170.93,0.0,10.0,2.5,2.5,18.75,51.68,83.54096470588236,64.79096470588236,31.86096470588236,161.9774117647059,79.6524117647059,0.0,2.5,0.0,2.5,9.476,0.0,0.0,2025-05-19_16:00_20:00,4.0,pay_as_bid,34.66,34.66,34.66,34.66,0.0,0.0,0.0,0.0,0.0,0.0,0.0,2.5,50.72953923837576,2.5,0.0,2.5,2.1,0.28505154639175245
2025-05-19 17:30:00+02:00,plant_1,0.0,97.09,32.93,130.02,0.0,0.0,223.2,256.13,0.0,0.0,0.0,0.0,74.65,107.58000000000001,83.54096470588236,8.890964705882354,-24.039035294117653,0.0,0.0,0.0,0.0,0.0,0.0,0.113,0.0,0.0,2025-05-19_16:00_20:00,4.0,pay_as_bid,34.66,34.66,34.66,34.66,0.0,0.0,0.0,0.0,0.0,0.0,0.0,2.5,51.02040816326531,0.0,1.8235691250000001,0.0,0.27643087499999985,0.0
2025-05-19 17:45:00+02:00,plant_1,0.0,97.09,32.93,130.02,0.0,0.0,304.0,336.93,0.0,0.0,0.0,0.0,0.0,32.93,83.54096470588236,83.54096470588236,50.61096470588236,0.0,0.0,0.0,0.0,0.0,0.0,0.0,0.0,0.0,2025-05-19_16:00_20:00,4.0,pay_as_bid,34.66,34.66,34.66,34.66,0.0,0.0,0.0,0.0,0.0,0.0,0.0,2.5,51.02040816326531,0.0,2.1,0.0,0.0,0.0
2025-05-19 18:00:00+02:00,plant_1,0.0,114.49,32.93,147.42,0.0,0.0,299.36,332.29,0.0,10.0,2.5,2.5,36.1,69.03,83.54096470588236,47.44096470588236,14.510964705882358,118.60241176470589,36.277411764705896,0.0,2.5,0.0,2.5,6.362,0.0,0.0,2025-05-19_16:00_20:00,4.0,pay_as_bid,34.66,34.66,34.66,34.66,0.0,0.0,0.0,0.0,0.0,0.0,0.0,2.5,50.72953923837576,2.5,0.0,2.5,2.1,0.28505154639175245
2025-05-19 18:15:00+02:00,plant_1,0.0,114.49,32.93,147.42,0.0,0.0,318.66,351.59000000000003,0.0,0.0,0.0,0.0,112.6,145.53,83.54096470588236,-29.059035294117635,-61.98903529411764,0.0,0.0,0.0,0.0,0.0,0.0,0.431,0.0,0.0,2025-05-19_16:00_20:00,4.0,pay_as_bid,34.66,34.66,34.66,34.66,0.0,0.0,0.0,0.0,0.0,0.0,0.0,2.5,51.02040816326531,0.0,1.8235691250000001,0.0,0.27643087499999985,0.0
2025-05-19 18:30:00+02:00,plant_1,0.0,114.49,32.93,147.42,0.0,0.0,288.46,321.39,0.0,0.0,0.0,0.0,0.0,32.93,83.54096470588236,83.54096470588236,50.61096470588236,0.0,0.0,0.0,0.0,0.0,0.0,0.0,0.0,0.0,2025-05-19_16:00_20:00,4.0,pay_as_bid,34.66,34.66,34.66,34.66,0.0,0.0,0.0,0.0,0.0,0.0,0.0,2.5,51.02040816326531,0.0,2.1,0.0,0.0,0.0
2025-05-19 18:45:00+02:00,plant_1,0.0,114.49,32.93,147.42,0.0,0.0,240.49,273.42,0.0,0.0,0.0,0.0,0.0,32.93,83.54096470588236,83.54096470588236,50.61096470588236,0.0,0.0,0.0,0.0,0.0,0.0,0.0,0.0,0.0,2025-05-19_16:00_20:00,4.0,pay_as_bid,34.66,34.66,34.66,34.66,0.0,0.0,0.0,0.0,0.0,0.0,0.0,2.5,51.02040816326531,0.0,2.1,0.0,0.0,0.0
2025-05-19 19:00:00+02:00,plant_1,0.0,148.45,32.93,181.38,0.0,0.0,272.09,305.02,0.0,0.0,0.0,0.0,150.34,183.27,83.54096470588236,-66.79903529411764,-99.72903529411765,0.0,0.0,0.0,0.0,0.0,0.0,0.135,0.0,0.0,2025-05-19_16:00_20:00,4.0,pay_as_bid,34.66,34.66,34.66,34.66,0.0,0.0,0.0,0.0,0.0,0.0,0.0,2.5,51.02040816326531,0.0,2.1,0.0,0.0,0.0
2025-05-19 19:15:00+02:00,plant_1,0.0,148.45,32.93,181.38,0.0,0.0,195.92,228.85,0.0,0.0,0.0,0.0,224.35,257.28,83.54096470588236,-140.80903529411762,-173.73903529411763,0.0,0.0,0.0,0.0,0.0,0.0,0.005,0.0,0.0,2025-05-19_16:00_20:00,4.0,pay_as_bid,34.66,34.66,34.66,34.66,0.0,0.0,0.0,0.0,0.0,0.0,0.0,2.5,51.02040816326531,0.0,2.1,0.0,0.0,0.0
2025-05-19 19:30:00+02:00,plant_1,0.0,148.45,32.93,181.38,0.0,0.0,141.5,174.43,0.0,0.0,0.0,0.0,97.83,130.76,83.54096470588236,-14.289035294117639,-47.21903529411763,0.0,0.0,0.0,0.0,0.0,0.0,0.028,0.0,0.0,2025-05-19_16:00_20:00,4.0,pay_as_bid,34.66,34.66,34.66,34.66,0.0,0.0,0.0,0.0,0.0,0.0,0.0,2.5,51.02040816326531,0.0,2.1,0.0,0.0,0.0
2025-05-19 19:45:00+02:00,plant_1,0.0,148.45,32.93,181.38,0.0,0.0,120.87,153.8,0.0,0.0,0.0,0.0,77.11,110.03999999999999,83.54096470588236,6.43096470588236,-26.499035294117633,0.0,0.0,0.0,0.0,0.0,0.0,0.21,0.0,0.0,2025-05-19_16:00_20:00,4.0,pay_as_bid,34.66,34.66,34.66,34.66,0.0,0.0,0.0,0.0,0.0,0.0,0.0,2.5,51.02040816326531,0.0,2.1,0.0,0.0,0.0
2025-05-19 20:00:00+02:00,plant_1,0.0,229.11,32.93,262.04,0.0,0.0,165.55,198.48000000000002,0.0,10.0,2.5,2.5,46.86,79.78999999999999,83.54096470588236,36.68096470588236,3.7509647058823674,91.7024117647059,9.377411764705919,0.0,2.5,0.0,2.5,4.182,0.0,0.0,2025-05-19_20:00_00:00,4.0,pay_as_bid,2.35,2.35,2.35,2.35,0.0,0.0,0.0,0.0,0.0,0.0,0.0,2.5,50.72953923837576,2.5,0.0,2.5,2.1,0.28505154639175245
2025-05-19 20:15:00+02:00,plant_1,0.0,229.11,32.93,262.04,0.0,0.0,145.33,178.26000000000002,0.0,10.0,2.5,2.5,41.41,74.34,83.54096470588236,42.13096470588236,9.200964705882356,105.32741176470591,23.00241176470589,0.0,2.5,0.0,2.5,17.603,0.0,0.0,2025-05-19_20:00_00:00,4.0,pay_as_bid,2.35,2.35,2.35,2.35,0.0,0.0,0.0,0.0,0.0,0.0,0.0,2.5,50.43874303071745,2.5,0.0,2.5,2.1,0.5700318298969069
2025-05-19 20:30:00+02:00,plant_1,0.0,229.11,32.93,262.04,0.0,0.0,121.62,154.55,0.0,10.0,2.5,2.5,23.99,56.92,83.54096470588236,59.550964705882365,26.620964705882358,148.87741176470593,66.5524117647059,0.0,2.5,0.0,2.5,56.484,0.0,0.0,2025-05-19_20:00_00:00,4.0,pay_as_bid,2.35,2.35,2.35,2.35,0.0,0.0,0.0,0.0,0.0,0.0,0.0,2.5,50.148019522111035,2.5,0.0,2.5,2.1,0.8549408683311852
2025-05-19 20:45:00+02:00,plant_1,0.0,229.11,32.93,262.04,0.0,0.0,112.52,145.45,0.0,10.0,2.5,2.5,27.4,60.33,83.54096470588236,56.14096470588236,23.21096470588236,140.3524117647059,58.0274117647059,0.0,2.5,0.0,2.5,71.571,0.0,0.0,2025-05-19_20:00_00:00,4.0,pay_as_bid,2.35,2.35,2.35,2.35,0.0,0.0,0.0,0.0,0.0,0.0,0.0,2.5,49.85736869438178,2.5,0.0,2.5,2.1,1.1397786795058549
2025-05-19 21:00:00+02:00,plant_1,0.0,154.86,32.93,187.79000000000002,0.0,0.0,136.54,169.47,0.0,10.0,2.5,2.5,29.64,62.57,83.54096470588236,53.90096470588236,20.97096470588236,134.7524117647059,52.427411764705894,0.0,2.5,0.0,2.5,63.553,0.0,0.0,2025-05-19_20:00_00:00,4.0,pay_as_bid,2.35,2.35,2.35,2.35,0.0,0.0,0.0,0.0,0.0,0.0,0.0,2.5,49.56679052935946,2.5,0.0,2.5,2.1,1.4245452812277308
2025-05-19 21:15:00+02:00,plant_1,0.0,154.86,32.93,187.79000000000002,0.0,0.0,129.73,162.66,0.0,10.0,2.5,2.5,41.98,74.91,83.54096470588236,41.56096470588236,8.630964705882363,103.9024117647059,21.577411764705907,0.0,2.5,0.0,2.5,81.194,0.0,0.0,2025-05-19_20:00_00:00,4.0,pay_as_bid,2.35,2.35,2.35,2.35,0.0,0.0,0.0,0.0,0.0,0.0,0.0,2.5,49.27628500887839,2.5,0.0,2.5,2.1,1.7092406912991764
2025-05-19 21:30:00+02:00,plant_1,0.0,154.86,32.93,187.79000000000002,0.0,0.0,117.88,150.81,0.0,10.0,2.5,2.5,37.36,70.28999999999999,83.54096470588236,46.18096470588236,13.250964705882367,115.4524117647059,33.12741176470592,0.0,2.5,0.0,2.5,86.693,0.0,0.0,2025-05-19_20:00_00:00,4.0,pay_as_bid,2.35,2.35,2.35,2.35,0.0,0.0,0.0,0.0,0.0,0.0,0.0,2.5,48.985852114777444,2.5,0.0,2.5,2.1,1.9938649275181042
2025-05-19 21:45:00+02:00,plant_1,0.0,154.86,32.93,187.79000000000002,0.0,0.0,109.56,142.49,0.0,10.0,2.5,2.5,49.56,82.49000000000001,83.54096470588236,33.98096470588236,1.0509647058823504,84.95241176470589,2.627411764705876,0.0,2.5,0.0,2.5,72.216,0.0,0.0,2025-05-19_20:00_00:00,4.0,pay_as_bid,2.35,2.35,2.35,2.35,0.0,0.0,0.0,0.0,0.0,0.0,0.0,2.5,48.695491828900025,2.5,0.0,2.5,2.1,2.278418007677977
2025-05-19 22:00:00+02:00,plant_1,0.0,126.81,32.93,159.74,0.0,0.0,132.12,165.05,0.0,0.0,0.0,0.0,74.64,107.57,83.54096470588236,8.900964705882359,-24.029035294117634,0.0,0.0,0.0,0.0,0.0,0.0,5.153,0.0,0.0,2025-05-19_20:00_00:00,4.0,pay_as_bid,2.35,2.35,2.35,2.35,0.0,0.0,0.0,0.0,0.0,0.0,0.0,2.5,50.905204133094074,0.0,0.0,0.0,2.1,0.11289994956781024
2025-05-19 22:15:00+02:00,plant_1,0.0,126.81,32.93,159.74,0.0,0.0,130.27,163.20000000000002,0.0,0.0,0.0,0.0,62.53,95.46000000000001,83.54096470588236,21.01096470588236,-11.919035294117649,0.0,0.0,0.0,0.0,0.0,0.0,2.506,0.0,0.0,2025-05-19_20:00_00:00,4.0,pay_as_bid,2.35,2.35,2.35,2.35,0.0,0.0,0.0,0.0,0.0,0.0,0.0,2.5,51.02040816326531,0.0,1.9905144271569943,0.0,0.10948557284300572,0.0
2025-05-19 22:30:00+02:00,plant_1,0.0,126.81,32.93,159.74,0.0,0.0,121.18,154.11,0.0,0.0,0.0,0.0,62.15,95.08,83.54096470588236,21.39096470588236,-11.539035294117639,0.0,0.0,0.0,0.0,0.0,0.0,2.495,0.0,0.0,2025-05-19_20:00_00:00,4.0,pay_as_bid,2.35,2.35,2.35,2.35,0.0,0.0,0.0,0.0,0.0,0.0,0.0,2.5,51.02040816326531,0.0,2.1,0.0,0.0,0.0
2025-05-19 22:45:00+02:00,plant_1,0.0,126.81,32.93,159.74,0.0,0.0,108.55,141.48,0.0,0.0,0.0,0.0,61.98,94.91,83.54096470588236,21.560964705882363,-11.369035294117637,0.0,0.0,0.0,0.0,0.0,0.0,6.886,0.0,0.0,2025-05-19_20:00_00:00,4.0,pay_as_bid,2.35,2.35,2.35,2.35,0.0,0.0,0.0,0.0,0.0,0.0,0.0,2.5,51.02040816326531,0.0,2.1,0.0,0.0,0.0
2025-05-19 23:00:00+02:00,plant_1,0.0,111.88,32.93,144.81,0.0,0.0,119.63,152.56,0.0,0.0,0.0,0.0,68.44,101.37,83.54096470588236,15.100964705882362,-17.829035294117645,0.0,0.0,0.0,0.0,0.0,0.0,2.98,0.0,0.0,2025-05-19_20:00_00:00,4.0,pay_as_bid,2.35,2.35,2.35,2.35,0.0,0.0,0.0,0.0,0.0,0.0,0.0,2.5,51.02040816326531,0.0,2.0875,0.0,0.0,0.0
2025-05-19 23:15:00+02:00,plant_1,0.0,111.88,32.93,144.81,0.0,0.0,116.49,149.42,0.0,0.0,0.0,0.0,99.49,132.42,83.54096470588236,-15.949035294117635,-48.87903529411763,0.0,0.0,0.0,0.0,0.0,0.0,0.221,0.0,0.0,2025-05-19_20:00_00:00,4.0,pay_as_bid,2.35,2.35,2.35,2.35,0.0,0.0,0.0,0.0,0.0,0.0,0.0,2.5,51.02040816326531,0.0,2.0875,0.0,0.0,0.0
2025-05-19 23:30:00+02:00,plant_1,0.0,111.88,32.93,144.81,0.0,0.0,119.57,152.5,0.0,0.0,0.0,0.0,0.0,32.93,83.54096470588236,83.54096470588236,50.61096470588236,0.0,0.0,0.0,0.0,0.0,0.0,0.0,0.0,0.0,2025-05-19_20:00_00:00,4.0,pay_as_bid,2.35,2.35,2.35,2.35,0.0,0.0,0.0,0.0,0.0,0.0,0.0,2.5,51.02040816326531,0.0,2.0875,0.0,0.0,0.0
2025-05-19 23:45:00+02:00,plant_1,0.0,111.88,32.93,144.81,0.0,0.0,113.96,146.89,0.0,0.0,0.0,0.0,0.0,32.93,83.54096470588236,83.54096470588236,50.61096470588236,0.0,0.0,0.0,0.0,0.0,0.0,0.0,0.0,0.0,2025-05-19_20:00_00:00,4.0,pay_as_bid,2.35,2.35,2.35,2.35,0.0,0.0,0.0,0.0,0.0,0.0,0.0,2.5,51.02040816326531,0.0,2.0875,0.0,0.0,0.0
