block_id,block_start,block_end,block_duration_h,capacity_price_EUR_per_MW_h,missing_capacity_price_flag,price_inconsistency_flag,number_of_timesteps,opportunity_cost_EUR_per_MW_h,capacity_profitability_check_passed,activation_safety_check_passed,activation_relevant_timesteps,activation_price_check_failed_timesteps,activation_without_price_timesteps,min_activation_price_margin_EUR_per_MWh,physical_feasibility_check_passed,economic_bid_allowed,max_afrr_down_activation_need_MWh_in_block,max_afrr_down_activation_need_MW_in_block,raw_feasible_capacity_potential_MW,market_compliant_capacity_potential_MW,activation_need_cap_binding,capacity_limited_by_activation_need_MW,bid_increment_mw,feasible_capacity_potential_MW,reserved_capacity_MW,capacity_revenue_EUR,min_final_planned_headroom_MW,min_storage_headroom_MW,total_afrr_energy_activated_MWh_in_block,total_afrr_energy_cost_EUR_in_block
2025-01-01_00:00_04:00,2025-01-01 00:00:00+01:00,2025-01-01 04:00:00+01:00,4.0,28.8,False,False,16,0.0,True,False,10,6,0,-45.297647058823536,True,False,17.607,70.428,16.0,16.0,False,0.0,1.0,16.0,0.0,0.0,0.0,81.9,7.661,-59.58602
2025-01-01_04:00_08:00,2025-01-01 04:00:00+01:00,2025-01-01 08:00:00+01:00,4.0,23.72,False,False,16,0.0,True,False,15,2,1,-51.25764705882353,True,False,64.66,258.64,16.0,16.0,False,0.0,1.0,16.0,0.0,0.0,0.0,71.42714566737776,44.414,-2297.54956
2025-01-01_08:00_12:00,2025-01-01 08:00:00+01:00,2025-01-01 12:00:00+01:00,4.0,19.12,False,False,16,0.0,True,False,16,4,0,-2293.7676470588235,True,False,160.983,643.932,16.0,16.0,False,0.0,1.0,16.0,0.0,0.0,0.0,69.06407553187479,45.938,-4907.53644
2025-01-01_12:00_16:00,2025-01-01 12:00:00+01:00,2025-01-01 16:00:00+01:00,4.0,19.17,False,False,16,0.0,True,False,15,3,0,-13.50764705882353,True,False,45.212,180.848,16.0,16.0,False,0.0,1.0,16.0,0.0,0.0,0.0,79.08537945199927,35.88,-2180.91903
2025-01-01_16:00_20:00,2025-01-01 16:00:00+01:00,2025-01-01 20:00:00+01:00,4.0,10.5,False,False,16,0.0,True,False,14,2,0,-4.75764705882353,True,False,40.253,161.012,16.0,16.0,False,0.0,1.0,16.0,0.0,0.0,0.0,69.30153180813974,39.166,-3172.61417
2025-01-01_20:00_00:00,2025-01-01 20:00:00+01:00,2025-01-02 00:00:00+01:00,4.0,13.4,False,False,16,0.0,True,True,16,0,0,9.792352941176468,True,True,133.942,535.768,16.0,16.0,False,0.0,1.0,16.0,16.0,857.6,0.0,45.54779055979756,55.078,-6007.3862
2025-01-02_00:00_04:00,2025-01-02 00:00:00+01:00,2025-01-02 04:00:00+01:00,4.0,20.8,False,False,16,0.0,True,False,15,6,0,-33.377647058823534,True,False,152.911,611.644,11.38694763994939,11.0,False,0.0,1.0,11.0,0.0,0.0,0.0,25.385612075489565,32.0,-2759.88
2025-01-02_04:00_08:00,2025-01-02 04:00:00+01:00,2025-01-02 08:00:00+01:00,4.0,22.0,False,False,16,0.0,True,False,16,5,0,-94.16764705882355,True,False,212.605,850.42,11.38694763994939,11.0,False,0.0,1.0,11.0,0.0,0.0,0.0,8.548303488171719,37.0849390500945,-4192.572731980954
2025-01-02_08:00_12:00,2025-01-02 08:00:00+01:00,2025-01-02 12:00:00+01:00,4.0,6.36,False,False,16,0.0,True,False,13,13,0,-125.62764705882353,True,False,55.586,222.344,11.38694763994939,11.0,False,0.0,1.0,11.0,0.0,0.0,4.0,23.121589840280233,0.0,0.0
2025-01-02_12:00_16:00,2025-01-02 12:00:00+01:00,2025-01-02 16:00:00+01:00,4.0,9.05,False,False,16,0.0,True,False,8,8,0,-100.65764705882353,True,False,34.349,137.396,11.38694763994939,11.0,False,0.0,1.0,11.0,0.0,0.0,4.0,83.98231607673264,0.0,0.0
2025-01-02_16:00_20:00,2025-01-02 16:00:00+01:00,2025-01-02 20:00:00+01:00,4.0,3.3,False,False,16,0.0,True,False,15,15,0,-95.49764705882353,True,False,62.582,250.328,11.38694763994939,11.0,False,0.0,1.0,11.0,0.0,0.0,4.0,84.21052631578948,0.0,0.0
2025-01-02_20:00_00:00,2025-01-02 20:00:00+01:00,2025-01-03 00:00:00+01:00,4.0,6.59,False,False,16,0.0,True,False,12,10,0,-59.61764705882353,True,False,50.843,203.372,11.38694763994939,11.0,False,0.0,1.0,11.0,0.0,0.0,0.0,80.10310736842106,8.0,-108.92
2025-01-03_00:00_04:00,2025-01-03 00:00:00+01:00,2025-01-03 04:00:00+01:00,4.0,14.67,False,False,16,0.0,True,False,15,13,0,-77.08764705882353,True,False,107.826,431.304,16.0,16.0,False,0.0,1.0,16.0,0.0,0.0,0.0,81.9,8.0,-68.52
2025-01-03_04:00_08:00,2025-01-03 04:00:00+01:00,2025-01-03 08:00:00+01:00,4.0,12.97,False,False,16,0.0,True,False,16,9,0,-56.10764705882354,True,False,206.705,826.82,16.0,16.0,False,0.0,1.0,16.0,0.0,0.0,0.0,72.79062252253877,28.0,-1110.96
2025-01-03_08:00_12:00,2025-01-03 08:00:00+01:00,2025-01-03 12:00:00+01:00,4.0,4.4,False,False,16,0.0,True,False,16,14,0,-214.94764705882352,True,False,35.267,141.068,16.0,16.0,False,0.0,1.0,16.0,0.0,0.0,0.0,83.75338657894739,8.0,-645.4799999999999
2025-01-03_12:00_16:00,2025-01-03 12:00:00+01:00,2025-01-03 16:00:00+01:00,4.0,5.98,False,False,16,0.0,True,False,14,9,0,-51.80764705882353,True,False,114.283,457.132,16.0,16.0,False,0.0,1.0,16.0,0.0,0.0,0.0,82.29306447368421,20.0,-163.6
2025-01-03_16:00_20:00,2025-01-03 16:00:00+01:00,2025-01-03 20:00:00+01:00,4.0,2.08,False,False,16,0.0,True,False,8,8,2,-59.64764705882353,True,False,116.242,464.968,16.0,16.0,False,0.0,1.0,16.0,0.0,0.0,4.0,84.21052631578948,0.0,0.0
2025-01-03_20:00_00:00,2025-01-03 20:00:00+01:00,2025-01-04 00:00:00+01:00,4.0,4.17,False,False,16,0.0,True,False,12,11,1,-116.81764705882352,True,False,90.444,361.776,16.0,16.0,False,0.0,1.0,16.0,0.0,0.0,0.0,82.15578947368422,4.0,-17.32
2025-01-04_00:00_04:00,2025-01-04 00:00:00+01:00,2025-01-04 04:00:00+01:00,4.0,11.13,False,False,16,0.0,True,False,9,9,1,-161.70764705882354,True,False,93.259,373.036,16.0,16.0,False,0.0,1.0,16.0,0.0,0.0,4.0,84.21052631578948,0.0,0.0
2025-01-04_04:00_08:00,2025-01-04 04:00:00+01:00,2025-01-04 08:00:00+01:00,4.0,9.43,False,False,16,0.0,True,False,15,15,1,-232.60764705882355,True,False,36.841,147.364,16.0,16.0,False,0.0,1.0,16.0,0.0,0.0,4.0,84.21052631578948,0.0,0.0
2025-01-04_08:00_12:00,2025-01-04 08:00:00+01:00,2025-01-04 12:00:00+01:00,4.0,3.12,False,False,16,0.0,True,False,10,10,0,-116.30764705882353,True,False,60.512,242.048,16.0,16.0,False,0.0,1.0,16.0,0.0,0.0,4.0,84.21052631578948,0.0,0.0
2025-01-04_12:00_16:00,2025-01-04 12:00:00+01:00,2025-01-04 16:00:00+01:00,4.0,3.59,False,False,16,0.0,True,False,9,9,2,-144.44764705882352,True,False,11.183,44.732,16.0,16.0,False,0.0,1.0,16.0,0.0,0.0,4.0,84.21052631578948,0.0,0.0
2025-01-04_16:00_20:00,2025-01-04 16:00:00+01:00,2025-01-04 20:00:00+01:00,4.0,1.52,False,False,16,0.0,True,False,14,14,2,-139.07764705882354,True,False,2.16,8.64,8.64,8.0,False,0.0,1.0,8.0,0.0,0.0,4.0,84.21052631578948,0.0,0.0
2025-01-04_20:00_00:00,2025-01-04 20:00:00+01:00,2025-01-05 00:00:00+01:00,4.0,3.15,False,False,16,0.0,True,False,14,12,1,-126.84764705882353,True,False,161.178,644.712,16.0,16.0,False,0.0,1.0,16.0,0.0,0.0,0.0,77.20876578947369,8.0,-421.4
2025-01-05_00:00_04:00,2025-01-05 00:00:00+01:00,2025-01-05 04:00:00+01:00,4.0,8.54,False,False,16,0.0,True,False,5,5,0,-88.40764705882353,True,False,2.376,9.504,9.504,9.0,False,0.0,1.0,9.0,0.0,0.0,4.0,78.65089004382546,0.0,0.0
2025-01-05_04:00_08:00,2025-01-05 04:00:00+01:00,2025-01-05 08:00:00+01:00,4.0,7.6,False,False,16,0.0,True,False,15,13,1,-80.28764705882355,True,False,229.586,918.344,16.0,16.0,False,0.0,1.0,16.0,0.0,0.0,0.0,78.85320631578948,8.0,-125.52000000000001
2025-01-05_08:00_12:00,2025-01-05 08:00:00+01:00,2025-01-05 12:00:00+01:00,4.0,3.19,False,False,16,0.0,True,False,13,13,0,-58.56764705882353,True,False,159.219,636.876,16.0,16.0,False,0.0,1.0,16.0,0.0,0.0,4.0,80.7464583726316,0.0,0.0
2025-01-05_12:00_16:00,2025-01-05 12:00:00+01:00,2025-01-05 16:00:00+01:00,4.0,4.24,False,False,16,0.0,True,False,11,11,0,-83.90764705882353,True,False,16.942,67.768,16.0,16.0,False,0.0,1.0,16.0,0.0,0.0,4.0,84.21052631578948,0.0,0.0
2025-01-05_16:00_20:00,2025-01-05 16:00:00+01:00,2025-01-05 20:00:00+01:00,4.0,2.14,False,False,16,0.0,True,False,14,13,1,-48.377647058823534,True,False,23.971,95.884,16.0,16.0,False,0.0,1.0,16.0,0.0,0.0,2.3600000000000003,83.16710526315791,1.64,-44.2472
2025-01-05_20:00_00:00,2025-01-05 20:00:00+01:00,2025-01-06 00:00:00+01:00,4.0,7.81,False,False,16,0.0,True,False,10,4,1,-45.14764705882353,True,False,30.504,122.016,16.0,16.0,False,0.0,1.0,16.0,0.0,0.0,0.0,63.67229908787301,24.0,-568.6
2025-01-06_00:00_04:00,2025-01-06 00:00:00+01:00,2025-01-06 04:00:00+01:00,4.0,37.0,False,False,16,0.0,True,False,14,10,1,-41.33764705882353,True,False,20.497,81.988,16.0,16.0,False,0.0,1.0,16.0,0.0,0.0,0.0,68.50881070568843,16.0,-397.91999999999996
2025-01-06_04:00_08:00,2025-01-06 04:00:00+01:00,2025-01-06 08:00:00+01:00,4.0,33.0,False,False,16,0.0,True,False,14,4,0,-41.44764705882354,True,False,121.488,485.952,16.0,16.0,False,0.0,1.0,16.0,0.0,0.0,0.0,63.17990330821453,37.145,-2197.75465
2025-01-06_08:00_12:00,2025-01-06 08:00:00+01:00,2025-01-06 12:00:00+01:00,4.0,8.34,False,False,16,0.0,True,False,16,4,0,-28.027647058823526,True,False,93.56,374.24,16.0,16.0,False,0.0,1.0,16.0,0.0,0.0,0.0,73.10366395485474,46.681,-1502.6366699999999
2025-01-06_12:00_16:00,2025-01-06 12:00:00+01:00,2025-01-06 16:00:00+01:00,4.0,12.24,False,False,16,0.0,True,False,15,4,0,-33.13764705882354,True,False,86.069,344.276,16.0,16.0,False,0.0,1.0,16.0,0.0,0.0,0.0,75.32891979752091,44.0,-1887.12
2025-01-06_16:00_20:00,2025-01-06 16:00:00+01:00,2025-01-06 20:00:00+01:00,4.0,4.42,False,False,16,0.0,True,False,14,4,0,-29.89764705882353,True,False,60.463,241.852,16.0,16.0,False,0.0,1.0,16.0,0.0,0.0,0.0,66.40972633305685,37.504,-2334.21005
2025-01-06_20:00_00:00,2025-01-06 20:00:00+01:00,2025-01-07 00:00:00+01:00,4.0,7.45,False,False,16,0.0,True,False,16,2,0,-10.997647058823524,True,False,58.34,233.36,16.0,16.0,False,0.0,1.0,16.0,0.0,0.0,0.0,48.26553136322928,47.646,-2324.6575000000003
2025-01-07_00:00_04:00,2025-01-07 00:00:00+01:00,2025-01-07 04:00:00+01:00,4.0,26.0,False,False,16,0.0,True,False,16,7,0,-25.067647058823532,True,False,44.9,179.6,12.06638284080732,12.0,False,0.0,1.0,12.0,0.0,0.0,0.0,39.865281958766595,36.0,-1468.2
2025-01-07_04:00_08:00,2025-01-07 04:00:00+01:00,2025-01-07 08:00:00+01:00,4.0,22.22,False,False,16,0.0,True,False,11,8,0,-55.90764705882352,True,False,17.32,69.28,12.06638284080732,12.0,False,0.0,1.0,12.0,0.0,0.0,0.0,37.599100887334146,10.283999999999999,-602.58144
2025-01-07_08:00_12:00,2025-01-07 08:00:00+01:00,2025-01-07 12:00:00+01:00,4.0,4.7,False,False,16,0.0,True,False,14,10,1,-49.14764705882353,True,False,60.258,241.032,12.06638284080732,12.0,False,0.0,1.0,12.0,0.0,0.0,0.0,69.60380536103185,15.249,-457.17419
2025-01-07_12:00_16:00,2025-01-07 12:00:00+01:00,2025-01-07 16:00:00+01:00,4.0,6.3,False,False,16,0.0,True,False,12,10,0,-64.10764705882355,True,False,53.271,213.084,12.06638284080732,12.0,False,0.0,1.0,12.0,0.0,0.0,0.0,83.75338657894739,8.0,-604.6
2025-01-07_16:00_20:00,2025-01-07 16:00:00+01:00,2025-01-07 20:00:00+01:00,4.0,2.18,False,False,16,0.0,True,False,10,8,0,-54.35764705882354,True,False,52.935,211.74,12.06638284080732,12.0,False,0.0,1.0,12.0,0.0,0.0,0.0,80.10310736842106,8.0,-359.16
2025-01-07_20:00_00:00,2025-01-07 20:00:00+01:00,2025-01-08 00:00:00+01:00,4.0,6.18,False,False,16,0.0,True,False,12,7,0,-119.13764705882355,True,False,49.43,197.72,12.06638284080732,12.0,False,0.0,1.0,12.0,0.0,0.0,0.0,79.59178421052631,16.772,-644.35776
2025-01-08_00:00_04:00,2025-01-08 00:00:00+01:00,2025-01-08 04:00:00+01:00,4.0,30.45,False,False,16,0.0,True,False,13,7,0,-48.86764705882353,True,False,74.381,297.524,16.0,16.0,False,0.0,1.0,16.0,0.0,0.0,0.0,77.2858766368421,24.0,-791.8399999999999
2025-01-08_04:00_08:00,2025-01-08 04:00:00+01:00,2025-01-08 08:00:00+01:00,4.0,18.05,False,False,16,0.0,True,False,16,8,0,-61.83764705882353,True,False,81.731,326.924,16.0,16.0,False,0.0,1.0,16.0,0.0,0.0,0.0,65.39598217985743,32.0,-1846.4
2025-01-08_08:00_12:00,2025-01-08 08:00:00+01:00,2025-01-08 12:00:00+01:00,4.0,3.33,False,False,16,0.0,True,False,16,14,0,-71.22764705882355,True,False,96.656,386.624,16.0,16.0,False,0.0,1.0,16.0,0.0,0.0,0.0,83.75338657894739,8.0,-377.0
2025-01-08_12:00_16:00,2025-01-08 12:00:00+01:00,2025-01-08 16:00:00+01:00,4.0,4.08,False,False,16,0.0,True,False,9,8,0,-39.30764705882353,True,False,125.214,500.856,16.0,16.0,False,0.0,1.0,16.0,0.0,0.0,0.0,82.70368421052632,4.0,-82.92
2025-01-08_16:00_20:00,2025-01-08 16:00:00+01:00,2025-01-08 20:00:00+01:00,4.0,1.25,False,False,16,0.0,True,False,16,16,1,-204.72764705882355,True,False,30.031,120.124,16.0,16.0,False,0.0,1.0,16.0,0.0,0.0,4.0,84.21052631578948,0.0,0.0
2025-01-08_20:00_00:00,2025-01-08 20:00:00+01:00,2025-01-09 00:00:00+01:00,4.0,3.81,False,False,16,0.0,True,False,15,15,1,-191.86764705882354,True,False,18.571,74.284,16.0,16.0,False,0.0,1.0,16.0,0.0,0.0,4.0,84.21052631578948,0.0,0.0
2025-01-09_00:00_04:00,2025-01-09 00:00:00+01:00,2025-01-09 04:00:00+01:00,4.0,15.4,False,False,16,0.0,True,False,12,12,0,-125.73764705882354,True,False,57.246,228.984,16.0,16.0,False,0.0,1.0,16.0,0.0,0.0,4.0,84.21052631578948,0.0,0.0
2025-01-09_04:00_08:00,2025-01-09 04:00:00+01:00,2025-01-09 08:00:00+01:00,4.0,10.83,False,False,16,0.0,True,False,5,5,0,-76.55764705882353,True,False,27.019,108.076,16.0,16.0,False,0.0,1.0,16.0,0.0,0.0,4.0,84.21052631578948,0.0,0.0
2025-01-09_08:00_12:00,2025-01-09 08:00:00+01:00,2025-01-09 12:00:00+01:00,4.0,2.21,False,False,16,0.0,True,False,15,15,0,-122.12764705882353,True,False,142.211,568.844,16.0,16.0,False,0.0,1.0,16.0,0.0,0.0,4.0,84.21052631578948,0.0,0.0
2025-01-09_12:00_16:00,2025-01-09 12:00:00+01:00,2025-01-09 16:00:00+01:00,4.0,2.79,False,False,16,0.0,True,False,7,7,1,-112.23764705882354,True,False,1.425,5.7,5.7,5.0,False,0.0,1.0,5.0,0.0,0.0,4.0,84.21052631578948,0.0,0.0
2025-01-09_16:00_20:00,2025-01-09 16:00:00+01:00,2025-01-09 20:00:00+01:00,4.0,1.0,False,False,16,0.0,True,False,12,12,0,-145.12764705882353,True,False,63.734,254.936,16.0,16.0,False,0.0,1.0,16.0,0.0,0.0,4.0,84.21052631578948,0.0,0.0
2025-01-09_20:00_00:00,2025-01-09 20:00:00+01:00,2025-01-10 00:00:00+01:00,4.0,3.47,False,False,16,0.0,True,False,15,15,0,-162.42764705882354,True,False,86.417,345.668,16.0,16.0,False,0.0,1.0,16.0,0.0,0.0,4.0,84.21052631578948,0.0,0.0
2025-01-10_00:00_04:00,2025-01-10 00:00:00+01:00,2025-01-10 04:00:00+01:00,4.0,19.7,False,False,16,0.0,True,False,11,11,0,-495.5276470588235,True,False,11.744,46.976,16.0,16.0,False,0.0,1.0,16.0,0.0,0.0,4.0,84.21052631578948,0.0,0.0
2025-01-10_04:00_08:00,2025-01-10 04:00:00+01:00,2025-01-10 08:00:00+01:00,4.0,12.05,False,False,16,0.0,True,False,7,7,1,-215.62764705882353,True,False,24.134,96.536,16.0,16.0,False,0.0,1.0,16.0,0.0,0.0,4.0,84.21052631578948,0.0,0.0
2025-01-10_08:00_12:00,2025-01-10 08:00:00+01:00,2025-01-10 12:00:00+01:00,4.0,1.95,False,False,16,0.0,True,False,14,14,0,-153.32764705882354,True,False,78.142,312.568,16.0,16.0,False,0.0,1.0,16.0,0.0,0.0,4.0,84.21052631578948,0.0,0.0
2025-01-10_12:00_16:00,2025-01-10 12:00:00+01:00,2025-01-10 16:00:00+01:00,4.0,2.43,False,False,16,0.0,True,False,14,14,1,-110.42764705882354,True,False,68.386,273.544,16.0,16.0,False,0.0,1.0,16.0,0.0,0.0,4.0,84.21052631578948,0.0,0.0
2025-01-10_16:00_20:00,2025-01-10 16:00:00+01:00,2025-01-10 20:00:00+01:00,4.0,0.9,False,False,16,0.0,True,False,13,13,0,-103.93764705882353,True,False,21.507,86.028,16.0,16.0,False,0.0,1.0,16.0,0.0,0.0,4.0,84.21052631578948,0.0,0.0
2025-01-10_20:00_00:00,2025-01-10 20:00:00+01:00,2025-01-11 00:00:00+01:00,4.0,2.84,False,False,16,0.0,True,False,16,16,0,-83.53764705882355,True,False,73.891,295.564,16.0,16.0,False,0.0,1.0,16.0,0.0,0.0,4.0,84.21052631578948,0.0,0.0
2025-01-11_00:00_04:00,2025-01-11 00:00:00+01:00,2025-01-11 04:00:00+01:00,4.0,12.24,False,False,16,0.0,True,False,13,13,1,-144.71764705882353,True,False,63.912,255.648,16.0,16.0,False,0.0,1.0,16.0,0.0,0.0,4.0,84.21052631578948,0.0,0.0
2025-01-11_04:00_08:00,2025-01-11 04:00:00+01:00,2025-01-11 08:00:00+01:00,4.0,8.95,False,False,16,0.0,True,False,16,15,0,-154.40764705882353,True,False,143.937,575.748,16.0,16.0,False,0.0,1.0,16.0,0.0,0.0,0.0,81.23947368421052,4.0,-84.56
2025-01-11_08:00_12:00,2025-01-11 08:00:00+01:00,2025-01-11 12:00:00+01:00,4.0,2.69,False,False,16,0.0,True,False,14,14,0,-93.53764705882355,True,False,87.879,351.516,16.0,16.0,False,0.0,1.0,16.0,0.0,0.0,4.0,84.21052631578948,0.0,0.0
2025-01-11_12:00_16:00,2025-01-11 12:00:00+01:00,2025-01-11 16:00:00+01:00,4.0,3.03,False,False,16,0.0,True,False,15,15,1,-101.74764705882353,True,False,120.034,480.136,16.0,16.0,False,0.0,1.0,16.0,0.0,0.0,4.0,84.21052631578948,0.0,0.0
2025-01-11_16:00_20:00,2025-01-11 16:00:00+01:00,2025-01-11 20:00:00+01:00,4.0,0.98,False,False,16,0.0,True,False,16,15,0,-90.86764705882354,True,False,128.05,512.2,16.0,16.0,False,0.0,1.0,16.0,0.0,0.0,0.0,80.87684210526317,4.0,-41.2
2025-01-11_20:00_00:00,2025-01-11 20:00:00+01:00,2025-01-12 00:00:00+01:00,4.0,2.92,False,False,16,0.0,True,False,16,16,1,-149.73764705882354,True,False,100.068,400.272,16.0,16.0,False,0.0,1.0,16.0,0.0,0.0,4.0,82.88378224754422,0.0,0.0
2025-01-12_00:00_04:00,2025-01-12 00:00:00+01:00,2025-01-12 04:00:00+01:00,4.0,9.62,False,False,16,0.0,True,False,14,12,0,-75.76764705882354,True,False,161.009,644.036,16.0,16.0,False,0.0,1.0,16.0,0.0,0.0,0.0,77.06988789473684,8.0,-325.52
2025-01-12_04:00_08:00,2025-01-12 04:00:00+01:00,2025-01-12 08:00:00+01:00,4.0,7.59,False,False,16,0.0,True,False,13,13,0,-429.29764705882354,True,False,83.648,334.592,16.0,16.0,False,0.0,1.0,16.0,0.0,0.0,4.0,80.10601498971945,0.0,0.0
2025-01-12_08:00_12:00,2025-01-12 08:00:00+01:00,2025-01-12 12:00:00+01:00,4.0,2.5,False,False,16,0.0,True,False,14,13,0,-510.6476470588235,True,False,236.672,946.688,16.0,16.0,False,0.0,1.0,16.0,0.0,0.0,0.0,82.09842105263158,4.0,-264.04
2025-01-12_12:00_16:00,2025-01-12 12:00:00+01:00,2025-01-12 16:00:00+01:00,4.0,2.53,False,False,16,0.0,True,False,13,13,0,-554.6176470588235,True,False,170.961,683.844,16.0,16.0,False,0.0,1.0,16.0,0.0,0.0,4.0,84.21052631578948,0.0,0.0
2025-01-12_16:00_20:00,2025-01-12 16:00:00+01:00,2025-01-12 20:00:00+01:00,4.0,0.95,False,False,16,0.0,True,False,10,10,0,-294.1476470588235,True,False,68.499,273.996,16.0,16.0,False,0.0,1.0,16.0,0.0,0.0,4.0,84.21052631578948,0.0,0.0
2025-01-12_20:00_00:00,2025-01-12 20:00:00+01:00,2025-01-13 00:00:00+01:00,4.0,2.4,False,False,16,0.0,True,False,7,7,0,-93.90764705882353,True,False,8.266,33.064,16.0,16.0,False,0.0,1.0,16.0,0.0,0.0,4.0,84.21052631578948,0.0,0.0
2025-01-13_00:00_04:00,2025-01-13 00:00:00+01:00,2025-01-13 04:00:00+01:00,4.0,9.23,False,False,16,0.0,True,False,8,8,2,-96.55764705882353,True,False,1.565,6.26,6.26,6.0,False,0.0,1.0,6.0,0.0,0.0,4.0,84.21052631578948,0.0,0.0
2025-01-13_04:00_08:00,2025-01-13 04:00:00+01:00,2025-01-13 08:00:00+01:00,4.0,6.26,False,False,16,0.0,True,True,0,0,0,,False,False,0.0,0.0,0.0,0.0,False,0.0,1.0,0.0,0.0,0.0,4.0,84.21052631578948,0.0,0.0
2025-01-13_08:00_12:00,2025-01-13 08:00:00+01:00,2025-01-13 12:00:00+01:00,4.0,1.85,False,False,16,0.0,True,False,15,15,0,-96.81764705882352,True,False,157.862,631.448,16.0,16.0,False,0.0,1.0,16.0,0.0,0.0,4.0,84.21052631578948,0.0,0.0
2025-01-13_12:00_16:00,2025-01-13 12:00:00+01:00,2025-01-13 16:00:00+01:00,4.0,2.08,False,False,16,0.0,True,False,12,10,0,-147.09764705882353,True,False,179.287,717.148,16.0,16.0,False,0.0,1.0,16.0,0.0,0.0,0.0,83.75338657894739,8.0,-121.2
2025-01-13_16:00_20:00,2025-01-13 16:00:00+01:00,2025-01-13 20:00:00+01:00,4.0,0.84,False,False,16,0.0,True,False,6,6,0,-371.2676470588235,True,False,1.229,4.916,4.916,4.0,False,0.0,1.0,4.0,0.0,0.0,4.0,84.21052631578948,0.0,0.0
2025-01-13_20:00_00:00,2025-01-13 20:00:00+01:00,2025-01-14 00:00:00+01:00,4.0,2.21,False,False,16,0.0,True,False,11,11,0,-190.70764705882354,True,False,60.914,243.656,16.0,16.0,False,0.0,1.0,16.0,0.0,0.0,4.0,84.21052631578948,0.0,0.0
2025-01-14_00:00_04:00,2025-01-14 00:00:00+01:00,2025-01-14 04:00:00+01:00,4.0,9.03,False,False,16,0.0,True,False,5,5,0,-88.54764705882354,True,False,26.339,105.356,16.0,16.0,False,0.0,1.0,16.0,0.0,0.0,4.0,84.21052631578948,0.0,0.0
2025-01-14_04:00_08:00,2025-01-14 04:00:00+01:00,2025-01-14 08:00:00+01:00,4.0,7.24,False,False,16,0.0,True,False,7,7,1,-686.3276470588236,True,False,7.478,29.912,16.0,16.0,False,0.0,1.0,16.0,0.0,0.0,4.0,84.21052631578948,0.0,0.0
2025-01-14_08:00_12:00,2025-01-14 08:00:00+01:00,2025-01-14 12:00:00+01:00,4.0,2.72,False,False,16,0.0,True,False,5,5,0,-105.33764705882353,True,False,29.921,119.684,16.0,16.0,False,0.0,1.0,16.0,0.0,0.0,4.0,84.21052631578948,0.0,0.0
2025-01-14_12:00_16:00,2025-01-14 12:00:00+01:00,2025-01-14 16:00:00+01:00,4.0,1.94,False,False,16,0.0,True,False,10,10,0,-177.58764705882353,True,False,59.237,236.948,16.0,16.0,False,0.0,1.0,16.0,0.0,0.0,4.0,84.21052631578948,0.0,0.0
2025-01-14_16:00_20:00,2025-01-14 16:00:00+01:00,2025-01-14 20:00:00+01:00,4.0,0.71,False,False,16,0.0,True,False,14,14,0,-114.02764705882353,True,False,36.548,146.192,16.0,16.0,False,0.0,1.0,16.0,0.0,0.0,4.0,84.21052631578948,0.0,0.0
2025-01-14_20:00_00:00,2025-01-14 20:00:00+01:00,2025-01-15 00:00:00+01:00,4.0,1.97,False,False,16,0.0,True,False,14,14,1,-131.35764705882355,True,False,44.084,176.336,16.0,16.0,False,0.0,1.0,16.0,0.0,0.0,4.0,84.21052631578948,0.0,0.0
2025-01-15_00:00_04:00,2025-01-15 00:00:00+01:00,2025-01-15 04:00:00+01:00,4.0,7.87,False,False,16,0.0,True,False,10,10,0,-508.73764705882354,True,False,6.946,27.784,16.0,16.0,False,0.0,1.0,16.0,0.0,0.0,4.0,84.21052631578948,0.0,0.0
2025-01-15_04:00_08:00,2025-01-15 04:00:00+01:00,2025-01-15 08:00:00+01:00,4.0,8.7,False,False,16,0.0,True,False,10,10,0,-305.3176470588235,True,False,2.359,9.436,9.436,9.0,False,0.0,1.0,9.0,0.0,0.0,4.0,84.21052631578948,0.0,0.0
2025-01-15_08:00_12:00,2025-01-15 08:00:00+01:00,2025-01-15 12:00:00+01:00,4.0,1.71,False,False,16,0.0,True,False,12,12,0,-226.52764705882356,True,False,11.419,45.676,16.0,16.0,False,0.0,1.0,16.0,0.0,0.0,4.0,84.21052631578948,0.0,0.0
2025-01-15_12:00_16:00,2025-01-15 12:00:00+01:00,2025-01-15 16:00:00+01:00,4.0,1.65,False,False,16,0.0,True,False,4,4,0,-290.2576470588235,False,False,0.063,0.252,0.252,0.0,False,0.0,1.0,0.0,0.0,0.0,4.0,84.21052631578948,0.0,0.0
2025-01-15_16:00_20:00,2025-01-15 16:00:00+01:00,2025-01-15 20:00:00+01:00,4.0,0.52,False,False,16,0.0,True,False,9,9,0,-237.22764705882355,True,False,8.59,34.36,16.0,16.0,False,0.0,1.0,16.0,0.0,0.0,4.0,84.21052631578948,0.0,0.0
2025-01-15_20:00_00:00,2025-01-15 20:00:00+01:00,2025-01-16 00:00:00+01:00,4.0,1.82,False,False,16,0.0,True,False,14,14,0,-116.40764705882353,True,False,30.233,120.932,16.0,16.0,False,0.0,1.0,16.0,0.0,0.0,4.0,84.21052631578948,0.0,0.0
2025-01-16_00:00_04:00,2025-01-16 00:00:00+01:00,2025-01-16 04:00:00+01:00,4.0,6.46,False,False,16,0.0,True,False,13,13,0,-282.98764705882354,True,False,7.871,31.484,16.0,16.0,False,0.0,1.0,16.0,0.0,0.0,4.0,84.21052631578948,0.0,0.0
2025-01-16_04:00_08:00,2025-01-16 04:00:00+01:00,2025-01-16 08:00:00+01:00,4.0,5.52,False,False,16,0.0,True,False,9,9,0,-248.49764705882353,True,False,41.701,166.804,16.0,16.0,False,0.0,1.0,16.0,0.0,0.0,4.0,84.21052631578948,0.0,0.0
2025-01-16_08:00_12:00,2025-01-16 08:00:00+01:00,2025-01-16 12:00:00+01:00,4.0,1.47,False,False,16,0.0,True,False,12,12,1,-686.1476470588235,True,False,12.438,49.752,16.0,16.0,False,0.0,1.0,16.0,0.0,0.0,4.0,84.21052631578948,0.0,0.0
2025-01-16_12:00_16:00,2025-01-16 12:00:00+01:00,2025-01-16 16:00:00+01:00,4.0,1.48,False,False,16,0.0,True,False,9,9,1,-502.6276470588235,True,False,0.492,1.968,1.968,1.0,False,0.0,1.0,1.0,0.0,0.0,4.0,84.21052631578948,0.0,0.0
2025-01-16_16:00_20:00,2025-01-16 16:00:00+01:00,2025-01-16 20:00:00+01:00,4.0,0.49,False,False,16,0.0,True,False,13,13,0,-218.54764705882354,True,False,10.581,42.324,16.0,16.0,False,0.0,1.0,16.0,0.0,0.0,4.0,84.21052631578948,0.0,0.0
2025-01-16_20:00_00:00,2025-01-16 20:00:00+01:00,2025-01-17 00:00:00+01:00,4.0,2.5,False,False,16,0.0,True,False,12,12,1,-344.4576470588235,True,False,22.037,88.148,16.0,16.0,False,0.0,1.0,16.0,0.0,0.0,4.0,84.21052631578948,0.0,0.0
2025-01-17_00:00_04:00,2025-01-17 00:00:00+01:00,2025-01-17 04:00:00+01:00,4.0,5.47,False,False,16,0.0,True,False,5,5,0,-101.50764705882355,True,False,0.346,1.384,1.384,1.0,False,0.0,1.0,1.0,0.0,0.0,4.0,84.21052631578948,0.0,0.0
2025-01-17_04:00_08:00,2025-01-17 04:00:00+01:00,2025-01-17 08:00:00+01:00,4.0,4.88,False,False,16,0.0,True,False,2,2,0,-98.11764705882354,True,False,8.284,33.136,16.0,16.0,False,0.0,1.0,16.0,0.0,0.0,4.0,84.21052631578948,0.0,0.0
2025-01-17_08:00_12:00,2025-01-17 08:00:00+01:00,2025-01-17 12:00:00+01:00,4.0,1.25,False,False,16,0.0,True,False,4,4,1,-153.17764705882354,True,False,3.123,12.492,12.492,12.0,False,0.0,1.0,12.0,0.0,0.0,4.0,84.21052631578948,0.0,0.0
2025-01-17_12:00_16:00,2025-01-17 12:00:00+01:00,2025-01-17 16:00:00+01:00,4.0,1.29,False,False,16,0.0,True,False,2,2,0,-176.19764705882352,False,False,0.009,0.036,0.036,0.0,False,0.0,1.0,0.0,0.0,0.0,4.0,84.21052631578948,0.0,0.0
2025-01-17_16:00_20:00,2025-01-17 16:00:00+01:00,2025-01-17 20:00:00+01:00,4.0,0.42,False,False,16,0.0,True,False,4,4,0,-184.42764705882354,True,False,0.582,2.328,2.328,2.0,False,0.0,1.0,2.0,0.0,0.0,4.0,84.21052631578948,0.0,0.0
2025-01-17_20:00_00:00,2025-01-17 20:00:00+01:00,2025-01-18 00:00:00+01:00,4.0,1.64,False,False,16,0.0,True,False,8,8,0,-144.59764705882353,True,False,6.401,25.604,16.0,16.0,False,0.0,1.0,16.0,0.0,0.0,4.0,84.21052631578948,0.0,0.0
2025-01-18_00:00_04:00,2025-01-18 00:00:00+01:00,2025-01-18 04:00:00+01:00,4.0,4.79,False,False,16,0.0,True,False,6,6,0,-345.93764705882353,True,False,1.476,5.904,5.904,5.0,False,0.0,1.0,5.0,0.0,0.0,4.0,84.21052631578948,0.0,0.0
2025-01-18_04:00_08:00,2025-01-18 04:00:00+01:00,2025-01-18 08:00:00+01:00,4.0,4.28,False,False,16,0.0,True,False,1,1,0,-101.27764705882353,False,False,0.158,0.632,0.632,0.0,False,0.0,1.0,0.0,0.0,0.0,4.0,84.21052631578948,0.0,0.0
2025-01-18_08:00_12:00,2025-01-18 08:00:00+01:00,2025-01-18 12:00:00+01:00,4.0,1.91,False,False,16,0.0,True,True,0,0,0,,False,False,0.0,0.0,0.0,0.0,False,0.0,1.0,0.0,0.0,0.0,4.0,84.21052631578948,0.0,0.0
2025-01-18_12:00_16:00,2025-01-18 12:00:00+01:00,2025-01-18 16:00:00+01:00,4.0,1.68,False,False,16,0.0,True,False,6,6,0,-183.84764705882353,False,False,0.205,0.82,0.82,0.0,False,0.0,1.0,0.0,0.0,0.0,4.0,84.21052631578948,0.0,0.0
2025-01-18_16:00_20:00,2025-01-18 16:00:00+01:00,2025-01-18 20:00:00+01:00,4.0,1.0,False,False,16,0.0,True,False,4,4,0,-162.27764705882353,True,False,1.082,4.328,4.328,4.0,False,0.0,1.0,4.0,0.0,0.0,4.0,84.21052631578948,0.0,0.0
2025-01-18_20:00_00:00,2025-01-18 20:00:00+01:00,2025-01-19 00:00:00+01:00,4.0,1.65,False,False,16,0.0,True,False,1,1,0,-133.98764705882354,False,False,0.004,0.016,0.016,0.0,False,0.0,1.0,0.0,0.0,0.0,4.0,84.21052631578948,0.0,0.0
2025-01-19_00:00_04:00,2025-01-19 00:00:00+01:00,2025-01-19 04:00:00+01:00,4.0,4.11,False,False,16,0.0,True,False,7,7,0,-141.25764705882352,True,False,0.829,3.316,3.316,3.0,False,0.0,1.0,3.0,0.0,0.0,4.0,84.21052631578948,0.0,0.0
2025-01-19_04:00_08:00,2025-01-19 04:00:00+01:00,2025-01-19 08:00:00+01:00,4.0,3.7,False,False,16,0.0,True,False,2,2,0,-117.74764705882353,False,False,0.041,0.164,0.164,0.0,False,0.0,1.0,0.0,0.0,0.0,4.0,84.21052631578948,0.0,0.0
2025-01-19_08:00_12:00,2025-01-19 08:00:00+01:00,2025-01-19 12:00:00+01:00,4.0,1.82,False,False,16,0.0,True,False,11,11,1,-97.74764705882353,True,False,53.391,213.564,16.0,16.0,False,0.0,1.0,16.0,0.0,0.0,4.0,84.21052631578948,0.0,0.0
2025-01-19_12:00_16:00,2025-01-19 12:00:00+01:00,2025-01-19 16:00:00+01:00,4.0,4.34,False,False,16,0.0,True,False,9,9,0,-124.27764705882353,True,False,37.702,150.808,16.0,16.0,False,0.0,1.0,16.0,0.0,0.0,4.0,84.21052631578948,0.0,0.0
2025-01-19_16:00_20:00,2025-01-19 16:00:00+01:00,2025-01-19 20:00:00+01:00,4.0,1.02,False,False,16,0.0,True,False,6,6,1,-76.04764705882354,True,False,3.431,13.724,13.724,13.0,False,0.0,1.0,13.0,0.0,0.0,4.0,84.21052631578948,0.0,0.0
2025-01-19_20:00_00:00,2025-01-19 20:00:00+01:00,2025-01-20 00:00:00+01:00,4.0,1.37,False,False,16,0.0,True,False,10,10,3,-111.66764705882355,True,False,1.547,6.188,6.188,6.0,False,0.0,1.0,6.0,0.0,0.0,4.0,84.21052631578948,0.0,0.0
2025-01-20_00:00_04:00,2025-01-20 00:00:00+01:00,2025-01-20 04:00:00+01:00,4.0,4.53,False,False,16,0.0,True,False,3,3,0,-105.76764705882354,False,False,0.013,0.052,0.052,0.0,False,0.0,1.0,0.0,0.0,0.0,4.0,84.21052631578948,0.0,0.0
2025-01-20_04:00_08:00,2025-01-20 04:00:00+01:00,2025-01-20 08:00:00+01:00,4.0,4.0,False,False,16,0.0,True,False,4,4,0,-108.17764705882354,True,False,22.128,88.512,16.0,16.0,False,0.0,1.0,16.0,0.0,0.0,4.0,84.21052631578948,0.0,0.0
2025-01-20_08:00_12:00,2025-01-20 08:00:00+01:00,2025-01-20 12:00:00+01:00,4.0,1.4,False,False,16,0.0,True,True,0,0,0,,False,False,0.0,0.0,0.0,0.0,False,0.0,1.0,0.0,0.0,0.0,4.0,84.21052631578948,0.0,0.0
2025-01-20_12:00_16:00,2025-01-20 12:00:00+01:00,2025-01-20 16:00:00+01:00,4.0,2.17,False,False,16,0.0,True,True,0,0,0,,False,False,0.0,0.0,0.0,0.0,False,0.0,1.0,0.0,0.0,0.0,4.0,84.21052631578948,0.0,0.0
2025-01-20_16:00_20:00,2025-01-20 16:00:00+01:00,2025-01-20 20:00:00+01:00,4.0,0.75,False,False,16,0.0,True,False,5,5,1,-130.21764705882353,True,False,5.661,22.644,16.0,16.0,False,0.0,1.0,16.0,0.0,0.0,4.0,84.21052631578948,0.0,0.0
2025-01-20_20:00_00:00,2025-01-20 20:00:00+01:00,2025-01-21 00:00:00+01:00,4.0,1.26,False,False,16,0.0,True,False,11,11,1,-147.40764705882353,True,False,4.908,19.632,16.0,16.0,False,0.0,1.0,16.0,0.0,0.0,4.0,84.21052631578948,0.0,0.0
2025-01-21_00:00_04:00,2025-01-21 00:00:00+01:00,2025-01-21 04:00:00+01:00,4.0,4.09,False,False,16,0.0,True,False,5,5,0,-117.35764705882355,True,False,0.315,1.26,1.26,1.0,False,0.0,1.0,1.0,0.0,0.0,4.0,84.21052631578948,0.0,0.0
2025-01-21_04:00_08:00,2025-01-21 04:00:00+01:00,2025-01-21 08:00:00+01:00,4.0,3.92,False,False,16,0.0,True,False,3,3,1,-95.73764705882354,True,False,10.352,41.408,16.0,16.0,False,0.0,1.0,16.0,0.0,0.0,4.0,84.21052631578948,0.0,0.0
2025-01-21_08:00_12:00,2025-01-21 08:00:00+01:00,2025-01-21 12:00:00+01:00,4.0,1.65,False,False,16,0.0,True,False,12,12,0,-129.51764705882354,True,False,51.048,204.192,16.0,16.0,False,0.0,1.0,16.0,0.0,0.0,4.0,84.21052631578948,0.0,0.0
2025-01-21_12:00_16:00,2025-01-21 12:00:00+01:00,2025-01-21 16:00:00+01:00,4.0,1.9,False,False,16,0.0,True,True,0,0,0,,False,False,0.0,0.0,0.0,0.0,False,0.0,1.0,0.0,0.0,0.0,4.0,84.21052631578948,0.0,0.0
2025-01-21_16:00_20:00,2025-01-21 16:00:00+01:00,2025-01-21 20:00:00+01:00,4.0,1.0,False,False,16,0.0,True,False,1,1,0,-94.44764705882355,False,False,0.004,0.016,0.016,0.0,False,0.0,1.0,0.0,0.0,0.0,4.0,84.21052631578948,0.0,0.0
2025-01-21_20:00_00:00,2025-01-21 20:00:00+01:00,2025-01-22 00:00:00+01:00,4.0,1.5,False,False,16,0.0,True,False,7,7,0,-116.19764705882355,True,False,25.602,102.408,16.0,16.0,False,0.0,1.0,16.0,0.0,0.0,4.0,84.21052631578948,0.0,0.0
2025-01-22_00:00_04:00,2025-01-22 00:00:00+01:00,2025-01-22 04:00:00+01:00,4.0,3.51,False,False,16,0.0,True,False,8,8,2,-121.77764705882353,True,False,7.611,30.444,16.0,16.0,False,0.0,1.0,16.0,0.0,0.0,4.0,84.21052631578948,0.0,0.0
2025-01-22_04:00_08:00,2025-01-22 04:00:00+01:00,2025-01-22 08:00:00+01:00,4.0,3.34,False,False,16,0.0,True,False,4,4,1,-216.97764705882355,True,False,8.138,32.552,16.0,16.0,False,0.0,1.0,16.0,0.0,0.0,4.0,84.21052631578948,0.0,0.0
2025-01-22_08:00_12:00,2025-01-22 08:00:00+01:00,2025-01-22 12:00:00+01:00,4.0,1.33,False,False,16,0.0,True,False,10,10,0,-133.33764705882353,True,False,28.931,115.724,16.0,16.0,False,0.0,1.0,16.0,0.0,0.0,4.0,84.21052631578948,0.0,0.0
2025-01-22_12:00_16:00,2025-01-22 12:00:00+01:00,2025-01-22 16:00:00+01:00,4.0,1.53,False,False,16,0.0,True,False,6,6,0,-162.50764705882352,True,False,31.03,124.12,16.0,16.0,False,0.0,1.0,16.0,0.0,0.0,4.0,84.21052631578948,0.0,0.0
2025-01-22_16:00_20:00,2025-01-22 16:00:00+01:00,2025-01-22 20:00:00+01:00,4.0,0.86,False,False,16,0.0,True,False,10,10,2,-162.94764705882352,True,False,13.657,54.628,16.0,16.0,False,0.0,1.0,16.0,0.0,0.0,4.0,84.21052631578948,0.0,0.0
2025-01-22_20:00_00:00,2025-01-22 20:00:00+01:00,2025-01-23 00:00:00+01:00,4.0,1.42,False,False,16,0.0,True,False,13,13,0,-120.72764705882355,True,False,22.376,89.504,16.0,16.0,False,0.0,1.0,16.0,0.0,0.0,4.0,84.21052631578948,0.0,0.0
2025-01-23_00:00_04:00,2025-01-23 00:00:00+01:00,2025-01-23 04:00:00+01:00,4.0,3.95,False,False,16,0.0,True,False,13,13,0,-100.01764705882354,True,False,95.476,381.904,16.0,16.0,False,0.0,1.0,16.0,0.0,0.0,4.0,84.21052631578948,0.0,0.0
2025-01-23_04:00_08:00,2025-01-23 04:00:00+01:00,2025-01-23 08:00:00+01:00,4.0,3.79,False,False,16,0.0,True,False,16,14,0,-98.14764705882354,True,False,192.738,770.952,16.0,16.0,False,0.0,1.0,16.0,0.0,0.0,0.0,81.9,8.0,-191.36
2025-01-23_08:00_12:00,2025-01-23 08:00:00+01:00,2025-01-23 12:00:00+01:00,4.0,2.08,False,False,16,0.0,True,False,12,10,0,-63.517647058823535,True,False,159.271,637.084,16.0,16.0,False,0.0,1.0,16.0,0.0,0.0,0.0,83.75338657894739,8.0,-342.8
2025-01-23_12:00_16:00,2025-01-23 12:00:00+01:00,2025-01-23 16:00:00+01:00,4.0,2.29,False,False,16,0.0,True,False,16,12,0,-80.46764705882353,True,False,67.938,271.752,16.0,16.0,False,0.0,1.0,16.0,0.0,0.0,0.0,83.2513157894737,16.0,-343.32
2025-01-23_16:00_20:00,2025-01-23 16:00:00+01:00,2025-01-23 20:00:00+01:00,4.0,1.25,False,False,16,0.0,True,False,13,12,0,-61.997647058823524,True,False,80.5,322.0,16.0,16.0,False,0.0,1.0,16.0,0.0,0.0,0.0,82.15578947368422,4.0,-23.64
2025-01-23_20:00_00:00,2025-01-23 20:00:00+01:00,2025-01-24 00:00:00+01:00,4.0,4.0,False,False,16,0.0,True,False,15,13,0,-50.75764705882353,True,False,73.458,293.832,16.0,16.0,False,0.0,1.0,16.0,0.0,0.0,0.0,81.9,8.0,-209.84
2025-01-24_00:00_04:00,2025-01-24 00:00:00+01:00,2025-01-24 04:00:00+01:00,4.0,25.42,False,False,16,0.0,True,False,11,7,0,-108.74764705882353,True,False,14.616,58.464,16.0,16.0,False,0.0,1.0,16.0,0.0,0.0,0.0,79.59178421052631,8.581,-454.62811
2025-01-24_04:00_08:00,2025-01-24 04:00:00+01:00,2025-01-24 08:00:00+01:00,4.0,12.0,False,False,16,0.0,True,False,9,5,0,-52.96764705882352,True,False,40.072,160.288,16.0,16.0,False,0.0,1.0,16.0,0.0,0.0,0.0,79.59178421052631,10.443999999999999,-460.7874
2025-01-24_08:00_12:00,2025-01-24 08:00:00+01:00,2025-01-24 12:00:00+01:00,4.0,2.33,False,False,16,0.0,True,False,16,4,0,-28.607647058823538,True,False,168.412,673.648,16.0,16.0,False,0.0,1.0,16.0,0.0,0.0,0.0,81.4813587498599,48.0,-1940.6
2025-01-24_12:00_16:00,2025-01-24 12:00:00+01:00,2025-01-24 16:00:00+01:00,4.0,4.87,False,False,16,0.0,True,False,16,7,0,-49.85764705882354,True,False,92.885,371.54,16.0,16.0,False,0.0,1.0,16.0,0.0,0.0,0.0,80.24105588289474,36.0,-938.92
2025-01-24_16:00_20:00,2025-01-24 16:00:00+01:00,2025-01-24 20:00:00+01:00,4.0,2.0,False,False,16,0.0,True,False,15,3,0,-32.05764705882353,True,False,144.501,578.004,16.0,16.0,False,0.0,1.0,16.0,0.0,0.0,0.0,63.61046969142501,48.0,-2523.2799999999997
2025-01-24_20:00_00:00,2025-01-24 20:00:00+01:00,2025-01-25 00:00:00+01:00,4.0,8.66,False,False,16,0.0,True,False,16,5,0,-35.11764705882353,True,False,52.302,209.208,16.0,16.0,False,0.0,1.0,16.0,0.0,0.0,0.0,46.87113141206779,40.015,-1854.10647
2025-01-25_00:00_04:00,2025-01-25 00:00:00+01:00,2025-01-25 04:00:00+01:00,4.0,12.39,False,False,16,0.0,True,False,15,15,0,-73.72764705882355,True,False,39.089,156.356,13.2914599860449,13.0,False,0.0,1.0,13.0,0.0,0.0,4.0,53.694253051603845,0.0,0.0
2025-01-25_04:00_08:00,2025-01-25 04:00:00+01:00,2025-01-25 08:00:00+01:00,4.0,7.57,False,False,16,0.0,True,False,13,13,0,-103.70764705882354,True,False,61.431,245.724,13.2914599860449,13.0,False,0.0,1.0,13.0,0.0,0.0,4.0,62.077356654335155,0.0,0.0
2025-01-25_08:00_12:00,2025-01-25 08:00:00+01:00,2025-01-25 12:00:00+01:00,4.0,2.08,False,False,16,0.0,True,False,12,10,0,-75.06764705882352,True,False,111.949,447.796,13.2914599860449,13.0,False,0.0,1.0,13.0,0.0,0.0,0.0,77.50277746855113,8.0,-107.8
2025-01-25_12:00_16:00,2025-01-25 12:00:00+01:00,2025-01-25 16:00:00+01:00,4.0,3.19,False,False,16,0.0,True,False,14,13,0,-96.00764705882355,True,False,95.641,382.564,13.2914599860449,13.0,False,0.0,1.0,13.0,0.0,0.0,0.0,82.20394736842105,4.0,-38.92
2025-01-25_16:00_20:00,2025-01-25 16:00:00+01:00,2025-01-25 20:00:00+01:00,4.0,1.31,False,False,16,0.0,True,False,14,14,0,-139.01764705882354,True,False,54.278,217.112,13.2914599860449,13.0,False,0.0,1.0,13.0,0.0,0.0,4.0,84.21052631578948,0.0,0.0
2025-01-25_20:00_00:00,2025-01-25 20:00:00+01:00,2025-01-26 00:00:00+01:00,4.0,3.5,False,False,16,0.0,True,False,16,16,0,-123.56764705882352,True,False,16.453,65.812,13.2914599860449,13.0,False,0.0,1.0,13.0,0.0,0.0,4.0,84.21052631578948,0.0,0.0
2025-01-26_00:00_04:00,2025-01-26 00:00:00+01:00,2025-01-26 04:00:00+01:00,4.0,7.97,False,False,16,0.0,True,False,9,9,0,-82.89764705882354,True,False,63.631,254.524,16.0,16.0,False,0.0,1.0,16.0,0.0,0.0,4.0,84.21052631578948,0.0,0.0
2025-01-26_04:00_08:00,2025-01-26 04:00:00+01:00,2025-01-26 08:00:00+01:00,4.0,5.26,False,False,16,0.0,True,False,14,14,0,-110.32764705882354,True,False,65.153,260.612,16.0,16.0,False,0.0,1.0,16.0,0.0,0.0,4.0,84.21052631578948,0.0,0.0
2025-01-26_08:00_12:00,2025-01-26 08:00:00+01:00,2025-01-26 12:00:00+01:00,4.0,1.6,False,False,16,0.0,True,False,11,11,0,-108.06764705882352,True,False,28.804,115.216,16.0,16.0,False,0.0,1.0,16.0,0.0,0.0,4.0,84.21052631578948,0.0,0.0
2025-01-26_12:00_16:00,2025-01-26 12:00:00+01:00,2025-01-26 16:00:00+01:00,4.0,3.16,False,False,16,0.0,True,False,6,6,0,-99.58764705882353,True,False,13.447,53.788,16.0,16.0,False,0.0,1.0,16.0,0.0,0.0,4.0,84.21052631578948,0.0,0.0
2025-01-26_16:00_20:00,2025-01-26 16:00:00+01:00,2025-01-26 20:00:00+01:00,4.0,1.28,False,False,16,0.0,True,False,12,12,0,-107.34764705882353,True,False,140.231,560.924,16.0,16.0,False,0.0,1.0,16.0,0.0,0.0,4.0,84.21052631578948,0.0,0.0
2025-01-26_20:00_00:00,2025-01-26 20:00:00+01:00,2025-01-27 00:00:00+01:00,4.0,8.18,False,False,16,0.0,True,False,16,10,0,-93.04764705882354,True,False,123.641,494.564,16.0,16.0,False,0.0,1.0,16.0,0.0,0.0,0.0,64.43663846685274,22.817,-2403.15059
2025-01-27_00:00_04:00,2025-01-27 00:00:00+01:00,2025-01-27 04:00:00+01:00,4.0,63.18,False,False,16,0.0,True,False,15,3,0,-16.337647058823528,True,False,21.676,86.704,16.0,16.0,False,0.0,1.0,16.0,0.0,0.0,0.0,43.90693691849316,48.0,-1725.68
2025-01-27_04:00_08:00,2025-01-27 04:00:00+01:00,2025-01-27 08:00:00+01:00,4.0,40.0,False,False,16,0.0,True,False,14,8,0,-28.277647058823526,True,False,28.613,114.452,16.0,16.0,False,0.0,1.0,16.0,0.0,0.0,0.0,45.636714192100975,20.754,-1459.62058
2025-01-27_08:00_12:00,2025-01-27 08:00:00+01:00,2025-01-27 12:00:00+01:00,4.0,9.7,False,False,16,0.0,True,False,14,10,0,-47.07764705882354,True,False,32.239,128.956,16.0,16.0,False,0.0,1.0,16.0,0.0,0.0,0.0,63.12819613096218,13.967,-571.30433
2025-01-27_12:00_16:00,2025-01-27 12:00:00+01:00,2025-01-27 16:00:00+01:00,4.0,18.0,False,False,16,0.0,True,False,10,3,0,-45.45764705882353,True,False,125.323,501.292,16.0,16.0,False,0.0,1.0,16.0,0.0,0.0,0.0,82.70368421052632,24.274,-2456.638
2025-01-27_16:00_20:00,2025-01-27 16:00:00+01:00,2025-01-27 20:00:00+01:00,4.0,2.0,False,False,16,0.0,True,False,15,14,0,-62.60764705882354,True,False,71.271,285.084,16.0,16.0,False,0.0,1.0,16.0,0.0,0.0,0.0,82.15578947368422,4.0,-27.0
2025-01-27_20:00_00:00,2025-01-27 20:00:00+01:00,2025-01-28 00:00:00+01:00,4.0,6.81,False,False,16,0.0,True,False,15,13,0,-60.75764705882353,True,False,35.862,143.448,16.0,16.0,False,0.0,1.0,16.0,0.0,0.0,0.0,82.04847794526317,8.0,-510.68000000000006
2025-01-28_00:00_04:00,2025-01-28 00:00:00+01:00,2025-01-28 04:00:00+01:00,4.0,25.14,False,False,16,0.0,True,False,11,5,0,-47.21764705882352,True,False,79.976,319.904,16.0,16.0,False,0.0,1.0,16.0,0.0,0.0,0.0,74.98227497073158,23.17,-1197.5888
2025-01-28_04:00_08:00,2025-01-28 04:00:00+01:00,2025-01-28 08:00:00+01:00,4.0,18.0,False,False,16,0.0,True,False,11,7,1,-108.42764705882354,True,False,10.101,40.404,16.0,16.0,False,0.0,1.0,16.0,0.0,0.0,0.0,77.14451290228718,15.524000000000001,-450.72388
2025-01-28_08:00_12:00,2025-01-28 08:00:00+01:00,2025-01-28 12:00:00+01:00,4.0,4.43,False,False,16,0.0,True,False,11,11,0,-87.03764705882355,True,False,58.921,235.684,16.0,16.0,False,0.0,1.0,16.0,0.0,0.0,4.0,84.21052631578948,0.0,0.0
2025-01-28_12:00_16:00,2025-01-28 12:00:00+01:00,2025-01-28 16:00:00+01:00,4.0,6.67,False,False,16,0.0,True,False,13,13,2,-96.68764705882353,True,False,50.891,203.564,16.0,16.0,False,0.0,1.0,16.0,0.0,0.0,4.0,84.21052631578948,0.0,0.0
2025-01-28_16:00_20:00,2025-01-28 16:00:00+01:00,2025-01-28 20:00:00+01:00,4.0,1.42,False,False,16,0.0,True,False,9,9,1,-108.14764705882354,True,False,23.517,94.068,16.0,16.0,False,0.0,1.0,16.0,0.0,0.0,4.0,84.21052631578948,0.0,0.0
2025-01-28_20:00_00:00,2025-01-28 20:00:00+01:00,2025-01-29 00:00:00+01:00,4.0,4.73,False,False,16,0.0,True,False,16,16,0,-91.49764705882353,True,False,69.629,278.516,16.0,16.0,False,0.0,1.0,16.0,0.0,0.0,4.0,84.21052631578948,0.0,0.0
2025-01-29_00:00_04:00,2025-01-29 00:00:00+01:00,2025-01-29 04:00:00+01:00,4.0,19.0,False,False,16,0.0,True,False,9,9,0,-63.047647058823536,True,False,14.372,57.488,16.0,16.0,False,0.0,1.0,16.0,0.0,0.0,4.0,84.21052631578948,0.0,0.0
2025-01-29_04:00_08:00,2025-01-29 04:00:00+01:00,2025-01-29 08:00:00+01:00,4.0,14.0,False,False,16,0.0,True,False,9,8,0,-103.48764705882354,True,False,22.416,89.664,16.0,16.0,False,0.0,1.0,16.0,0.0,0.0,0.0,81.9,4.0,-65.72
2025-01-29_08:00_12:00,2025-01-29 08:00:00+01:00,2025-01-29 12:00:00+01:00,4.0,5.16,False,False,16,0.0,True,False,16,12,0,-59.15764705882352,True,False,62.127,248.508,16.0,16.0,False,0.0,1.0,16.0,0.0,0.0,0.0,83.75338657894739,16.0,-269.6
2025-01-29_12:00_16:00,2025-01-29 12:00:00+01:00,2025-01-29 16:00:00+01:00,4.0,16.48,False,False,16,0.0,True,False,12,8,0,-72.44764705882355,True,False,84.124,336.496,16.0,16.0,False,0.0,1.0,16.0,0.0,0.0,0.0,82.06483740289474,16.0,-1245.08
2025-01-29_16:00_20:00,2025-01-29 16:00:00+01:00,2025-01-29 20:00:00+01:00,4.0,1.22,False,False,16,0.0,True,False,15,15,0,-102.58764705882353,True,False,45.335,181.34,16.0,16.0,False,0.0,1.0,16.0,0.0,0.0,4.0,84.21052631578948,0.0,0.0
2025-01-29_20:00_00:00,2025-01-29 20:00:00+01:00,2025-01-30 00:00:00+01:00,4.0,3.6,False,False,16,0.0,True,False,15,15,0,-106.31764705882352,True,False,70.306,281.224,16.0,16.0,False,0.0,1.0,16.0,0.0,0.0,4.0,84.21052631578948,0.0,0.0
2025-01-30_00:00_04:00,2025-01-30 00:00:00+01:00,2025-01-30 04:00:00+01:00,4.0,12.4,False,False,16,0.0,True,False,11,11,0,-109.86764705882354,True,False,4.889,19.556,16.0,16.0,False,0.0,1.0,16.0,0.0,0.0,4.0,84.21052631578948,0.0,0.0
2025-01-30_04:00_08:00,2025-01-30 04:00:00+01:00,2025-01-30 08:00:00+01:00,4.0,9.98,False,False,16,0.0,True,False,8,8,2,-107.20764705882354,True,False,40.916,163.664,16.0,16.0,False,0.0,1.0,16.0,0.0,0.0,4.0,84.21052631578948,0.0,0.0
2025-01-30_08:00_12:00,2025-01-30 08:00:00+01:00,2025-01-30 12:00:00+01:00,4.0,2.95,False,False,16,0.0,True,False,14,14,0,-114.57764705882354,True,False,42.694,170.776,16.0,16.0,False,0.0,1.0,16.0,0.0,0.0,4.0,84.21052631578948,0.0,0.0
2025-01-30_12:00_16:00,2025-01-30 12:00:00+01:00,2025-01-30 16:00:00+01:00,4.0,5.77,False,False,16,0.0,True,False,16,16,2,-147.26764705882354,True,False,73.048,292.192,16.0,16.0,False,0.0,1.0,16.0,0.0,0.0,4.0,84.21052631578948,0.0,0.0
2025-01-30_16:00_20:00,2025-01-30 16:00:00+01:00,2025-01-30 20:00:00+01:00,4.0,1.16,False,False,16,0.0,True,False,11,11,1,-124.37764705882353,True,False,38.352,153.408,16.0,16.0,False,0.0,1.0,16.0,0.0,0.0,4.0,84.21052631578948,0.0,0.0
2025-01-30_20:00_00:00,2025-01-30 20:00:00+01:00,2025-01-31 00:00:00+01:00,4.0,2.9,False,False,16,0.0,True,False,14,14,0,-116.45764705882354,True,False,17.519,70.076,16.0,16.0,False,0.0,1.0,16.0,0.0,0.0,4.0,84.21052631578948,0.0,0.0
2025-01-31_00:00_04:00,2025-01-31 00:00:00+01:00,2025-01-31 04:00:00+01:00,4.0,9.22,False,False,16,0.0,True,False,13,13,1,-113.82764705882354,True,False,16.82,67.28,16.0,16.0,False,0.0,1.0,16.0,0.0,0.0,4.0,84.21052631578948,0.0,0.0
2025-01-31_04:00_08:00,2025-01-31 04:00:00+01:00,2025-01-31 08:00:00+01:00,4.0,7.25,False,False,16,0.0,True,False,8,8,0,-122.38764705882355,True,False,53.236,212.944,16.0,16.0,False,0.0,1.0,16.0,0.0,0.0,4.0,84.21052631578948,0.0,0.0
2025-01-31_08:00_12:00,2025-01-31 08:00:00+01:00,2025-01-31 12:00:00+01:00,4.0,2.2,False,False,16,0.0,True,False,16,16,0,-103.53764705882355,True,False,179.125,716.5,16.0,16.0,False,0.0,1.0,16.0,0.0,0.0,4.0,84.21052631578948,0.0,0.0
2025-01-31_12:00_16:00,2025-01-31 12:00:00+01:00,2025-01-31 16:00:00+01:00,4.0,4.58,False,False,16,0.0,True,False,14,14,0,-117.42764705882354,True,False,43.307,173.228,16.0,16.0,False,0.0,1.0,16.0,0.0,0.0,4.0,84.21052631578948,0.0,0.0
2025-01-31_16:00_20:00,2025-01-31 16:00:00+01:00,2025-01-31 20:00:00+01:00,4.0,0.89,False,False,16,0.0,True,False,9,9,0,-108.00764705882355,True,False,54.004,216.016,16.0,16.0,False,0.0,1.0,16.0,0.0,0.0,4.0,84.21052631578948,0.0,0.0
2025-01-31_20:00_00:00,2025-01-31 20:00:00+01:00,2025-02-01 00:00:00+01:00,4.0,2.17,False,False,16,0.0,True,False,11,11,0,-111.36764705882354,True,False,157.462,629.848,16.0,16.0,False,0.0,1.0,16.0,0.0,0.0,4.0,84.21052631578948,0.0,0.0
2025-02-01_00:00_04:00,2025-02-01 00:00:00+01:00,2025-02-01 04:00:00+01:00,4.0,6.94,False,False,16,0.0,True,False,12,12,0,-112.76764705882354,True,False,31.343,125.372,16.0,16.0,False,0.0,1.0,16.0,0.0,0.0,4.0,84.21052631578948,0.0,0.0
2025-02-01_04:00_08:00,2025-02-01 04:00:00+01:00,2025-02-01 08:00:00+01:00,4.0,5.91,False,False,16,0.0,True,False,1,1,0,-99.42764705882354,True,False,0.794,3.176,3.176,3.0,False,0.0,1.0,3.0,0.0,0.0,4.0,84.21052631578948,0.0,0.0
2025-02-01_08:00_12:00,2025-02-01 08:00:00+01:00,2025-02-01 12:00:00+01:00,4.0,2.02,False,False,16,0.0,True,False,12,12,0,-113.61764705882354,True,False,62.919,251.676,16.0,16.0,False,0.0,1.0,16.0,0.0,0.0,4.0,84.21052631578948,0.0,0.0
2025-02-01_12:00_16:00,2025-02-01 12:00:00+01:00,2025-02-01 16:00:00+01:00,4.0,4.51,False,False,16,0.0,True,False,12,12,0,-113.85764705882355,True,False,12.952,51.808,16.0,16.0,False,0.0,1.0,16.0,0.0,0.0,4.0,84.21052631578948,0.0,0.0
2025-02-01_16:00_20:00,2025-02-01 16:00:00+01:00,2025-02-01 20:00:00+01:00,4.0,1.0,False,False,16,0.0,True,False,13,13,0,-159.41764705882352,True,False,21.235,84.94,16.0,16.0,False,0.0,1.0,16.0,0.0,0.0,4.0,84.21052631578948,0.0,0.0
2025-02-01_20:00_00:00,2025-02-01 20:00:00+01:00,2025-02-02 00:00:00+01:00,4.0,1.99,False,False,16,0.0,True,False,15,15,0,-125.45764705882354,True,False,13.588,54.352,16.0,16.0,False,0.0,1.0,16.0,0.0,0.0,4.0,84.21052631578948,0.0,0.0
2025-02-02_00:00_04:00,2025-02-02 00:00:00+01:00,2025-02-02 04:00:00+01:00,4.0,5.7,False,False,16,0.0,True,False,9,9,0,-116.83764705882353,True,False,11.724,46.896,16.0,16.0,False,0.0,1.0,16.0,0.0,0.0,4.0,84.21052631578948,0.0,0.0
2025-02-02_04:00_08:00,2025-02-02 04:00:00+01:00,2025-02-02 08:00:00+01:00,4.0,4.8,False,False,16,0.0,True,False,1,1,0,-124.84764705882353,False,False,0.021,0.084,0.084,0.0,False,0.0,1.0,0.0,0.0,0.0,4.0,84.21052631578948,0.0,0.0
2025-02-02_08:00_12:00,2025-02-02 08:00:00+01:00,2025-02-02 12:00:00+01:00,4.0,1.84,False,False,16,0.0,True,False,15,15,1,-118.71764705882353,True,False,111.615,446.46,16.0,16.0,False,0.0,1.0,16.0,0.0,0.0,4.0,84.21052631578948,0.0,0.0
2025-02-02_12:00_16:00,2025-02-02 12:00:00+01:00,2025-02-02 16:00:00+01:00,4.0,4.27,False,False,16,0.0,True,False,13,13,0,-108.54764705882354,True,False,180.129,720.516,16.0,16.0,False,0.0,1.0,16.0,0.0,0.0,4.0,84.21052631578948,0.0,0.0
2025-02-02_16:00_20:00,2025-02-02 16:00:00+01:00,2025-02-02 20:00:00+01:00,4.0,0.95,False,False,16,0.0,True,False,7,7,2,-161.78764705882352,True,False,0.555,2.22,2.22,2.0,False,0.0,1.0,2.0,0.0,0.0,4.0,84.21052631578948,0.0,0.0
2025-02-02_20:00_00:00,2025-02-02 20:00:00+01:00,2025-02-03 00:00:00+01:00,4.0,1.76,False,False,16,0.0,True,False,8,8,2,-112.93764705882353,True,False,12.383,49.532,16.0,16.0,False,0.0,1.0,16.0,0.0,0.0,4.0,84.21052631578948,0.0,0.0
2025-02-03_00:00_04:00,2025-02-03 00:00:00+01:00,2025-02-03 04:00:00+01:00,4.0,5.51,False,False,16,0.0,True,False,8,8,0,-111.74764705882353,True,False,23.571,94.284,16.0,16.0,False,0.0,1.0,16.0,0.0,0.0,4.0,84.21052631578948,0.0,0.0
2025-02-03_04:00_08:00,2025-02-03 04:00:00+01:00,2025-02-03 08:00:00+01:00,4.0,4.38,False,False,16,0.0,True,False,2,2,0,-88.15764705882353,True,False,12.084,48.336,16.0,16.0,False,0.0,1.0,16.0,0.0,0.0,4.0,84.21052631578948,0.0,0.0
2025-02-03_08:00_12:00,2025-02-03 08:00:00+01:00,2025-02-03 12:00:00+01:00,4.0,1.49,False,False,16,0.0,True,False,11,11,0,-128.41764705882355,True,False,34.938,139.752,16.0,16.0,False,0.0,1.0,16.0,0.0,0.0,4.0,84.21052631578948,0.0,0.0
2025-02-03_12:00_16:00,2025-02-03 12:00:00+01:00,2025-02-03 16:00:00+01:00,4.0,3.32,False,False,16,0.0,True,False,7,7,0,-101.44764705882355,True,False,10.195,40.78,16.0,16.0,False,0.0,1.0,16.0,0.0,0.0,4.0,84.21052631578948,0.0,0.0
2025-02-03_16:00_20:00,2025-02-03 16:00:00+01:00,2025-02-03 20:00:00+01:00,4.0,0.79,False,False,16,0.0,True,False,5,5,0,-145.12764705882353,True,False,25.589,102.356,16.0,16.0,False,0.0,1.0,16.0,0.0,0.0,4.0,84.21052631578948,0.0,0.0
2025-02-03_20:00_00:00,2025-02-03 20:00:00+01:00,2025-02-04 00:00:00+01:00,4.0,1.54,False,False,16,0.0,True,False,8,8,0,-119.92764705882354,True,False,0.298,1.192,1.192,1.0,False,0.0,1.0,1.0,0.0,0.0,4.0,84.21052631578948,0.0,0.0
2025-02-04_00:00_04:00,2025-02-04 00:00:00+01:00,2025-02-04 04:00:00+01:00,4.0,4.58,False,False,16,0.0,True,False,8,8,0,-113.77764705882353,True,False,2.459,9.836,9.836,9.0,False,0.0,1.0,9.0,0.0,0.0,4.0,84.21052631578948,0.0,0.0
2025-02-04_04:00_08:00,2025-02-04 04:00:00+01:00,2025-02-04 08:00:00+01:00,4.0,3.73,False,False,16,0.0,True,False,2,2,0,-118.90764705882353,True,False,0.939,3.756,3.756,3.0,False,0.0,1.0,3.0,0.0,0.0,4.0,84.21052631578948,0.0,0.0
2025-02-04_08:00_12:00,2025-02-04 08:00:00+01:00,2025-02-04 12:00:00+01:00,4.0,1.43,False,False,16,0.0,True,False,6,6,1,-102.40764705882353,True,False,12.044,48.176,16.0,16.0,False,0.0,1.0,16.0,0.0,0.0,4.0,84.21052631578948,0.0,0.0
2025-02-04_12:00_16:00,2025-02-04 12:00:00+01:00,2025-02-04 16:00:00+01:00,4.0,3.9,False,False,16,0.0,True,False,8,8,0,-133.93764705882353,True,False,5.132,20.528,16.0,16.0,False,0.0,1.0,16.0,0.0,0.0,4.0,84.21052631578948,0.0,0.0
2025-02-04_16:00_20:00,2025-02-04 16:00:00+01:00,2025-02-04 20:00:00+01:00,4.0,0.7,False,False,16,0.0,True,False,2,2,0,-132.29764705882354,True,False,0.6,2.4,2.4,2.0,False,0.0,1.0,2.0,0.0,0.0,4.0,84.21052631578948,0.0,0.0
2025-02-04_20:00_00:00,2025-02-04 20:00:00+01:00,2025-02-05 00:00:00+01:00,4.0,1.44,False,False,16,0.0,True,False,12,12,0,-101.68764705882353,True,False,64.139,256.556,16.0,16.0,False,0.0,1.0,16.0,0.0,0.0,4.0,84.21052631578948,0.0,0.0
2025-02-05_00:00_04:00,2025-02-05 00:00:00+01:00,2025-02-05 04:00:00+01:00,4.0,4.38,False,False,16,0.0,True,False,12,12,2,-111.45764705882354,True,False,1.176,4.704,4.704,4.0,False,0.0,1.0,4.0,0.0,0.0,4.0,84.21052631578948,0.0,0.0
2025-02-05_04:00_08:00,2025-02-05 04:00:00+01:00,2025-02-05 08:00:00+01:00,4.0,3.69,False,False,16,0.0,True,False,7,7,0,-144.99764705882353,True,False,9.606,38.424,16.0,16.0,False,0.0,1.0,16.0,0.0,0.0,4.0,84.21052631578948,0.0,0.0
2025-02-05_08:00_12:00,2025-02-05 08:00:00+01:00,2025-02-05 12:00:00+01:00,4.0,2.0,False,False,16,0.0,True,False,11,11,1,-130.96764705882353,True,False,16.305,65.22,16.0,16.0,False,0.0,1.0,16.0,0.0,0.0,4.0,84.21052631578948,0.0,0.0
2025-02-05_12:00_16:00,2025-02-05 12:00:00+01:00,2025-02-05 16:00:00+01:00,4.0,6.57,False,False,16,0.0,True,True,0,0,0,,False,False,0.0,0.0,0.0,0.0,False,0.0,1.0,0.0,0.0,0.0,4.0,84.21052631578948,0.0,0.0
2025-02-05_16:00_20:00,2025-02-05 16:00:00+01:00,2025-02-05 20:00:00+01:00,4.0,0.65,False,False,16,0.0,True,False,4,4,0,-171.07764705882354,False,False,0.143,0.572,0.572,0.0,False,0.0,1.0,0.0,0.0,0.0,4.0,84.21052631578948,0.0,0.0
2025-02-05_20:00_00:00,2025-02-05 20:00:00+01:00,2025-02-06 00:00:00+01:00,4.0,1.24,False,False,16,0.0,True,False,9,9,0,-175.16764705882352,True,False,36.785,147.14,16.0,16.0,False,0.0,1.0,16.0,0.0,0.0,4.0,84.21052631578948,0.0,0.0
2025-02-06_00:00_04:00,2025-02-06 00:00:00+01:00,2025-02-06 04:00:00+01:00,4.0,3.84,False,False,16,0.0,True,False,3,3,0,-123.63764705882355,True,False,23.239,92.956,16.0,16.0,False,0.0,1.0,16.0,0.0,0.0,4.0,84.21052631578948,0.0,0.0
2025-02-06_04:00_08:00,2025-02-06 04:00:00+01:00,2025-02-06 08:00:00+01:00,4.0,3.12,False,False,16,0.0,True,False,9,9,0,-116.87764705882353,True,False,22.838,91.352,16.0,16.0,False,0.0,1.0,16.0,0.0,0.0,4.0,84.21052631578948,0.0,0.0
2025-02-06_08:00_12:00,2025-02-06 08:00:00+01:00,2025-02-06 12:00:00+01:00,4.0,1.21,False,False,16,0.0,True,True,0,0,0,,False,False,0.0,0.0,0.0,0.0,False,0.0,1.0,0.0,0.0,0.0,4.0,84.21052631578948,0.0,0.0
2025-02-06_12:00_16:00,2025-02-06 12:00:00+01:00,2025-02-06 16:00:00+01:00,4.0,3.2,False,False,16,0.0,True,False,1,1,0,-126.01764705882354,True,False,0.388,1.552,1.552,1.0,False,0.0,1.0,1.0,0.0,0.0,4.0,84.21052631578948,0.0,0.0
2025-02-06_16:00_20:00,2025-02-06 16:00:00+01:00,2025-02-06 20:00:00+01:00,4.0,0.6,False,False,16,0.0,True,False,13,13,0,-119.70764705882354,True,False,45.693,182.772,16.0,16.0,False,0.0,1.0,16.0,0.0,0.0,4.0,84.21052631578948,0.0,0.0
2025-02-06_20:00_00:00,2025-02-06 20:00:00+01:00,2025-02-07 00:00:00+01:00,4.0,1.14,False,False,16,0.0,True,False,15,15,0,-137.73764705882354,True,False,109.915,439.66,16.0,16.0,False,0.0,1.0,16.0,0.0,0.0,4.0,84.21052631578948,0.0,0.0
2025-02-07_00:00_04:00,2025-02-07 00:00:00+01:00,2025-02-07 04:00:00+01:00,4.0,3.6,False,False,16,0.0,True,False,16,16,0,-121.26764705882354,True,False,180.009,720.036,16.0,16.0,False,0.0,1.0,16.0,0.0,0.0,4.0,84.21052631578948,0.0,0.0
2025-02-07_04:00_08:00,2025-02-07 04:00:00+01:00,2025-02-07 08:00:00+01:00,4.0,3.33,False,False,16,0.0,True,False,15,15,0,-97.43764705882353,True,False,111.307,445.228,16.0,16.0,False,0.0,1.0,16.0,0.0,0.0,4.0,84.21052631578948,0.0,0.0
2025-02-07_08:00_12:00,2025-02-07 08:00:00+01:00,2025-02-07 12:00:00+01:00,4.0,1.8,False,False,16,0.0,True,False,16,16,0,-64.76764705882354,True,False,95.636,382.544,16.0,16.0,False,0.0,1.0,16.0,0.0,0.0,4.0,84.21052631578948,0.0,0.0
2025-02-07_12:00_16:00,2025-02-07 12:00:00+01:00,2025-02-07 16:00:00+01:00,4.0,3.5,False,False,16,0.0,True,False,16,16,0,-76.67764705882354,True,False,178.136,712.544,16.0,16.0,False,0.0,1.0,16.0,0.0,0.0,4.0,84.21052631578948,0.0,0.0
2025-02-07_16:00_20:00,2025-02-07 16:00:00+01:00,2025-02-07 20:00:00+01:00,4.0,1.0,False,False,16,0.0,True,False,14,14,0,-93.52764705882353,True,False,139.214,556.856,16.0,16.0,False,0.0,1.0,16.0,0.0,0.0,4.0,84.21052631578948,0.0,0.0
2025-02-07_20:00_00:00,2025-02-07 20:00:00+01:00,2025-02-08 00:00:00+01:00,4.0,1.4,False,False,16,0.0,True,False,16,16,0,-60.69764705882354,True,False,102.888,411.552,16.0,16.0,False,0.0,1.0,16.0,0.0,0.0,4.0,84.21052631578948,0.0,0.0
2025-02-08_00:00_04:00,2025-02-08 00:00:00+01:00,2025-02-08 04:00:00+01:00,4.0,4.56,False,False,16,0.0,True,False,16,16,0,-79.74764705882353,True,False,40.764,163.056,16.0,16.0,False,0.0,1.0,16.0,0.0,0.0,4.0,84.21052631578948,0.0,0.0
2025-02-08_04:00_08:00,2025-02-08 04:00:00+01:00,2025-02-08 08:00:00+01:00,4.0,4.86,False,False,16,0.0,True,False,14,14,2,-66.91764705882355,True,False,97.457,389.828,16.0,16.0,False,0.0,1.0,16.0,0.0,0.0,4.0,84.21052631578948,0.0,0.0
2025-02-08_08:00_12:00,2025-02-08 08:00:00+01:00,2025-02-08 12:00:00+01:00,4.0,3.33,False,False,16,0.0,True,False,16,16,0,-73.02764705882353,True,False,112.539,450.156,16.0,16.0,False,0.0,1.0,16.0,0.0,0.0,4.0,84.21052631578948,0.0,0.0
2025-02-08_12:00_16:00,2025-02-08 12:00:00+01:00,2025-02-08 16:00:00+01:00,4.0,3.93,False,False,16,0.0,True,False,16,14,0,-111.69764705882355,True,False,73.178,292.712,16.0,16.0,False,0.0,1.0,16.0,0.0,0.0,0.0,79.8847955263158,8.0,-206.12
2025-02-08_16:00_20:00,2025-02-08 16:00:00+01:00,2025-02-08 20:00:00+01:00,4.0,0.9,False,False,16,0.0,True,False,15,13,2,-61.42764705882353,True,False,78.981,315.924,16.0,16.0,False,0.0,1.0,16.0,0.0,0.0,0.0,80.60419203208284,8.0,-574.52
2025-02-08_20:00_00:00,2025-02-08 20:00:00+01:00,2025-02-09 00:00:00+01:00,4.0,1.12,False,False,16,0.0,True,False,15,15,0,-111.45764705882354,True,False,6.297,25.188,16.0,16.0,False,0.0,1.0,16.0,0.0,0.0,4.0,84.21052631578948,0.0,0.0
2025-02-09_00:00_04:00,2025-02-09 00:00:00+01:00,2025-02-09 04:00:00+01:00,4.0,3.41,False,False,16,0.0,True,False,11,11,0,-104.40764705882353,True,False,28.548,114.192,16.0,16.0,False,0.0,1.0,16.0,0.0,0.0,4.0,84.21052631578948,0.0,0.0
2025-02-09_04:00_08:00,2025-02-09 04:00:00+01:00,2025-02-09 08:00:00+01:00,4.0,3.08,False,False,16,0.0,True,False,11,11,0,-101.92764705882354,True,False,11.762,47.048,16.0,16.0,False,0.0,1.0,16.0,0.0,0.0,4.0,84.21052631578948,0.0,0.0
2025-02-09_08:00_12:00,2025-02-09 08:00:00+01:00,2025-02-09 12:00:00+01:00,4.0,2.0,False,False,16,0.0,True,False,13,13,0,-96.25764705882355,True,False,18.316,73.264,16.0,16.0,False,0.0,1.0,16.0,0.0,0.0,4.0,84.21052631578948,0.0,0.0
2025-02-09_12:00_16:00,2025-02-09 12:00:00+01:00,2025-02-09 16:00:00+01:00,4.0,3.24,False,False,16,0.0,True,False,9,9,0,-119.73764705882354,True,False,27.257,109.028,16.0,16.0,False,0.0,1.0,16.0,0.0,0.0,4.0,84.21052631578948,0.0,0.0
2025-02-09_16:00_20:00,2025-02-09 16:00:00+01:00,2025-02-09 20:00:00+01:00,4.0,0.77,False,False,16,0.0,True,False,14,13,0,-126.22764705882355,True,False,45.269,181.076,16.0,16.0,False,0.0,1.0,16.0,0.0,0.0,0.0,80.68868421052632,4.0,-81.24
2025-02-09_20:00_00:00,2025-02-09 20:00:00+01:00,2025-02-10 00:00:00+01:00,4.0,0.99,False,False,16,0.0,True,False,13,13,1,-105.70764705882354,True,False,43.877,175.508,16.0,16.0,False,0.0,1.0,16.0,0.0,0.0,4.0,84.21052631578948,0.0,0.0
2025-02-10_00:00_04:00,2025-02-10 00:00:00+01:00,2025-02-10 04:00:00+01:00,4.0,2.91,False,False,16,0.0,True,False,15,15,0,-69.54764705882354,True,False,15.627,62.508,16.0,16.0,False,0.0,1.0,16.0,0.0,0.0,4.0,84.21052631578948,0.0,0.0
2025-02-10_04:00_08:00,2025-02-10 04:00:00+01:00,2025-02-10 08:00:00+01:00,4.0,2.7,False,False,16,0.0,True,False,9,9,0,-105.32764705882354,True,False,33.023,132.092,16.0,16.0,False,0.0,1.0,16.0,0.0,0.0,4.0,84.21052631578948,0.0,0.0
2025-02-10_08:00_12:00,2025-02-10 08:00:00+01:00,2025-02-10 12:00:00+01:00,4.0,1.5,False,False,16,0.0,True,False,14,14,0,-98.58764705882353,True,False,68.044,272.176,16.0,16.0,False,0.0,1.0,16.0,0.0,0.0,4.0,84.21052631578948,0.0,0.0
2025-02-10_12:00_16:00,2025-02-10 12:00:00+01:00,2025-02-10 16:00:00+01:00,4.0,2.81,False,False,16,0.0,True,False,12,11,1,-94.56764705882352,True,False,117.152,468.608,16.0,16.0,False,0.0,1.0,16.0,0.0,0.0,0.0,84.01447368421053,4.0,-95.96
2025-02-10_16:00_20:00,2025-02-10 16:00:00+01:00,2025-02-10 20:00:00+01:00,4.0,0.93,False,False,16,0.0,True,False,16,16,1,-116.41764705882355,True,False,39.135,156.54,16.0,16.0,False,0.0,1.0,16.0,0.0,0.0,4.0,84.21052631578948,0.0,0.0
2025-02-10_20:00_00:00,2025-02-10 20:00:00+01:00,2025-02-11 00:00:00+01:00,4.0,5.14,False,False,16,0.0,True,False,13,11,0,-51.80764705882353,True,False,87.473,349.892,16.0,16.0,False,0.0,1.0,16.0,0.0,0.0,0.0,80.84494543842105,8.0,-75.96000000000001
2025-02-11_00:00_04:00,2025-02-11 00:00:00+01:00,2025-02-11 04:00:00+01:00,4.0,21.61,False,False,16,0.0,True,False,10,10,1,-61.047647058823536,True,False,7.47,29.88,16.0,16.0,False,0.0,1.0,16.0,0.0,0.0,4.0,84.21052631578948,0.0,0.0
2025-02-11_04:00_08:00,2025-02-11 04:00:00+01:00,2025-02-11 08:00:00+01:00,4.0,9.63,False,False,16,0.0,True,False,11,9,0,-83.86764705882354,True,False,53.762,215.048,16.0,16.0,False,0.0,1.0,16.0,0.0,0.0,0.0,79.30035105263158,8.0,-252.0
2025-02-11_08:00_12:00,2025-02-11 08:00:00+01:00,2025-02-11 12:00:00+01:00,4.0,2.85,False,False,16,0.0,True,False,14,14,0,-117.78764705882355,True,False,63.354,253.416,16.0,16.0,False,0.0,1.0,16.0,0.0,0.0,4.0,84.21052631578948,0.0,0.0
2025-02-11_12:00_16:00,2025-02-11 12:00:00+01:00,2025-02-11 16:00:00+01:00,4.0,3.0,False,False,16,0.0,True,False,8,5,0,-150.24764705882353,True,False,19.681,78.724,16.0,16.0,False,0.0,1.0,16.0,0.0,0.0,0.0,82.59947368421052,9.664,-350.0032
2025-02-11_16:00_20:00,2025-02-11 16:00:00+01:00,2025-02-11 20:00:00+01:00,4.0,0.72,False,False,16,0.0,True,False,7,7,0,-149.48764705882354,True,False,10.342,41.368,16.0,16.0,False,0.0,1.0,16.0,0.0,0.0,4.0,84.21052631578948,0.0,0.0
2025-02-11_20:00_00:00,2025-02-11 20:00:00+01:00,2025-02-12 00:00:00+01:00,4.0,2.17,False,False,16,0.0,True,False,10,10,0,-77.74764705882353,True,False,114.382,457.528,16.0,16.0,False,0.0,1.0,16.0,0.0,0.0,4.0,84.21052631578948,0.0,0.0
2025-02-12_00:00_04:00,2025-02-12 00:00:00+01:00,2025-02-12 04:00:00+01:00,4.0,9.0,False,False,16,0.0,True,False,15,15,0,-75.49764705882353,True,False,93.024,372.096,16.0,16.0,False,0.0,1.0,16.0,0.0,0.0,4.0,84.21052631578948,0.0,0.0
2025-02-12_04:00_08:00,2025-02-12 04:00:00+01:00,2025-02-12 08:00:00+01:00,4.0,5.16,False,False,16,0.0,True,False,13,13,2,-128.86764705882354,True,False,45.86,183.44,16.0,16.0,False,0.0,1.0,16.0,0.0,0.0,4.0,84.21052631578948,0.0,0.0
2025-02-12_08:00_12:00,2025-02-12 08:00:00+01:00,2025-02-12 12:00:00+01:00,4.0,2.0,False,False,16,0.0,True,False,14,14,0,-99.93764705882353,True,False,97.539,390.156,16.0,16.0,False,0.0,1.0,16.0,0.0,0.0,4.0,84.21052631578948,0.0,0.0
2025-02-12_12:00_16:00,2025-02-12 12:00:00+01:00,2025-02-12 16:00:00+01:00,4.0,2.34,False,False,16,0.0,True,False,8,8,0,-186.87764705882353,True,False,4.272,17.088,16.0,16.0,False,0.0,1.0,16.0,0.0,0.0,4.0,84.21052631578948,0.0,0.0
2025-02-12_16:00_20:00,2025-02-12 16:00:00+01:00,2025-02-12 20:00:00+01:00,4.0,0.64,False,False,16,0.0,True,False,8,8,0,-221.18764705882353,True,False,0.664,2.656,2.656,2.0,False,0.0,1.0,2.0,0.0,0.0,4.0,84.21052631578948,0.0,0.0
2025-02-12_20:00_00:00,2025-02-12 20:00:00+01:00,2025-02-13 00:00:00+01:00,4.0,1.55,False,False,16,0.0,True,False,12,12,0,-191.87764705882353,True,False,11.35,45.4,16.0,16.0,False,0.0,1.0,16.0,0.0,0.0,4.0,84.21052631578948,0.0,0.0
2025-02-13_00:00_04:00,2025-02-13 00:00:00+01:00,2025-02-13 04:00:00+01:00,4.0,6.0,False,False,16,0.0,True,False,11,11,1,-134.29764705882354,True,False,0.592,2.368,2.368,2.0,False,0.0,1.0,2.0,0.0,0.0,4.0,84.21052631578948,0.0,0.0
2025-02-13_04:00_08:00,2025-02-13 04:00:00+01:00,2025-02-13 08:00:00+01:00,4.0,3.7,False,False,16,0.0,True,False,7,7,0,-195.48764705882354,True,False,4.296,17.184,16.0,16.0,False,0.0,1.0,16.0,0.0,0.0,4.0,84.21052631578948,0.0,0.0
2025-02-13_08:00_12:00,2025-02-13 08:00:00+01:00,2025-02-13 12:00:00+01:00,4.0,1.66,False,False,16,0.0,True,False,6,6,3,-200.47764705882355,False,False,0.089,0.356,0.356,0.0,False,0.0,1.0,0.0,0.0,0.0,4.0,84.21052631578948,0.0,0.0
2025-02-13_12:00_16:00,2025-02-13 12:00:00+01:00,2025-02-13 16:00:00+01:00,4.0,2.1,False,False,16,0.0,True,False,6,6,1,-174.12764705882353,False,False,0.149,0.596,0.596,0.0,False,0.0,1.0,0.0,0.0,0.0,4.0,84.21052631578948,0.0,0.0
2025-02-13_16:00_20:00,2025-02-13 16:00:00+01:00,2025-02-13 20:00:00+01:00,4.0,0.57,False,False,16,0.0,True,False,5,5,0,-172.84764705882353,True,False,69.464,277.856,16.0,16.0,False,0.0,1.0,16.0,0.0,0.0,4.0,84.21052631578948,0.0,0.0
2025-02-13_20:00_00:00,2025-02-13 20:00:00+01:00,2025-02-14 00:00:00+01:00,4.0,1.29,False,False,16,0.0,True,False,12,12,0,-146.97764705882352,True,False,0.791,3.164,3.164,3.0,False,0.0,1.0,3.0,0.0,0.0,4.0,84.21052631578948,0.0,0.0
2025-02-14_00:00_04:00,2025-02-14 00:00:00+01:00,2025-02-14 04:00:00+01:00,4.0,5.09,False,False,16,0.0,True,False,7,7,0,-130.05764705882353,True,False,0.665,2.66,2.66,2.0,False,0.0,1.0,2.0,0.0,0.0,4.0,84.21052631578948,0.0,0.0
2025-02-14_04:00_08:00,2025-02-14 04:00:00+01:00,2025-02-14 08:00:00+01:00,4.0,2.99,False,False,16,0.0,True,False,8,8,1,-139.40764705882353,True,False,33.89,135.56,16.0,16.0,False,0.0,1.0,16.0,0.0,0.0,4.0,84.21052631578948,0.0,0.0
2025-02-14_08:00_12:00,2025-02-14 08:00:00+01:00,2025-02-14 12:00:00+01:00,4.0,1.42,False,False,16,0.0,True,False,4,4,0,-181.74764705882353,True,False,0.336,1.344,1.344,1.0,False,0.0,1.0,1.0,0.0,0.0,4.0,84.21052631578948,0.0,0.0
2025-02-14_12:00_16:00,2025-02-14 12:00:00+01:00,2025-02-14 16:00:00+01:00,4.0,1.69,False,False,16,0.0,True,False,3,3,1,-143.80764705882353,True,False,1.276,5.104,5.104,5.0,False,0.0,1.0,5.0,0.0,0.0,4.0,84.21052631578948,0.0,0.0
2025-02-14_16:00_20:00,2025-02-14 16:00:00+01:00,2025-02-14 20:00:00+01:00,4.0,0.55,False,False,16,0.0,True,False,14,14,1,-150.65764705882353,True,False,4.49,17.96,16.0,16.0,False,0.0,1.0,16.0,0.0,0.0,4.0,84.21052631578948,0.0,0.0
2025-02-14_20:00_00:00,2025-02-14 20:00:00+01:00,2025-02-15 00:00:00+01:00,4.0,1.05,False,False,16,0.0,True,False,9,9,0,-156.75764705882352,True,False,2.252,9.008,9.008,9.0,False,0.0,1.0,9.0,0.0,0.0,4.0,84.21052631578948,0.0,0.0
2025-02-15_00:00_04:00,2025-02-15 00:00:00+01:00,2025-02-15 04:00:00+01:00,4.0,3.63,False,False,16,0.0,True,False,12,12,2,-135.54764705882354,False,False,0.2,0.8,0.8,0.0,False,0.0,1.0,0.0,0.0,0.0,4.0,84.21052631578948,0.0,0.0
2025-02-15_04:00_08:00,2025-02-15 04:00:00+01:00,2025-02-15 08:00:00+01:00,4.0,2.63,False,False,16,0.0,True,False,5,5,0,-116.36764705882354,True,False,0.358,1.432,1.432,1.0,False,0.0,1.0,1.0,0.0,0.0,4.0,84.21052631578948,0.0,0.0
2025-02-15_08:00_12:00,2025-02-15 08:00:00+01:00,2025-02-15 12:00:00+01:00,4.0,1.95,False,False,16,0.0,True,False,6,6,1,-129.77764705882353,False,False,0.208,0.832,0.832,0.0,False,0.0,1.0,0.0,0.0,0.0,4.0,84.21052631578948,0.0,0.0
2025-02-15_12:00_16:00,2025-02-15 12:00:00+01:00,2025-02-15 16:00:00+01:00,4.0,5.2,False,False,16,0.0,True,False,5,5,0,-156.18764705882353,False,False,0.241,0.964,0.964,0.0,False,0.0,1.0,0.0,0.0,0.0,4.0,84.21052631578948,0.0,0.0
2025-02-15_16:00_20:00,2025-02-15 16:00:00+01:00,2025-02-15 20:00:00+01:00,4.0,0.97,False,False,16,0.0,True,False,10,10,0,-126.49764705882353,True,False,8.461,33.844,16.0,16.0,False,0.0,1.0,16.0,0.0,0.0,4.0,84.21052631578948,0.0,0.0
2025-02-15_20:00_00:00,2025-02-15 20:00:00+01:00,2025-02-16 00:00:00+01:00,4.0,1.0,False,False,16,0.0,True,False,15,15,0,-121.00764705882355,True,False,9.77,39.08,16.0,16.0,False,0.0,1.0,16.0,0.0,0.0,4.0,84.21052631578948,0.0,0.0
2025-02-16_00:00_04:00,2025-02-16 00:00:00+01:00,2025-02-16 04:00:00+01:00,4.0,3.4,False,False,16,0.0,True,False,10,10,0,-125.63764705882355,False,False,0.222,0.888,0.888,0.0,False,0.0,1.0,0.0,0.0,0.0,4.0,84.21052631578948,0.0,0.0
2025-02-16_04:00_08:00,2025-02-16 04:00:00+01:00,2025-02-16 08:00:00+01:00,4.0,2.98,False,False,16,0.0,True,False,15,15,0,-106.72764705882355,True,False,37.033,148.132,16.0,16.0,False,0.0,1.0,16.0,0.0,0.0,4.0,84.21052631578948,0.0,0.0
2025-02-16_08:00_12:00,2025-02-16 08:00:00+01:00,2025-02-16 12:00:00+01:00,4.0,3.19,False,False,16,0.0,True,False,16,16,0,-73.37764705882353,True,False,174.278,697.112,16.0,16.0,False,0.0,1.0,16.0,0.0,0.0,4.0,84.21052631578948,0.0,0.0
2025-02-16_12:00_16:00,2025-02-16 12:00:00+01:00,2025-02-16 16:00:00+01:00,4.0,16.0,False,False,16,0.0,True,False,11,11,1,-105.85764705882355,True,False,14.01,56.04,16.0,16.0,False,0.0,1.0,16.0,0.0,0.0,4.0,84.21052631578948,0.0,0.0
2025-02-16_16:00_20:00,2025-02-16 16:00:00+01:00,2025-02-16 20:00:00+01:00,4.0,0.9,False,False,16,0.0,True,False,9,9,0,-152.47764705882352,True,False,2.079,8.316,8.316,8.0,False,0.0,1.0,8.0,0.0,0.0,4.0,84.21052631578948,0.0,0.0
2025-02-16_20:00_00:00,2025-02-16 20:00:00+01:00,2025-02-17 00:00:00+01:00,4.0,0.95,False,False,16,0.0,True,False,7,7,0,-122.04764705882354,True,False,0.602,2.408,2.408,2.0,False,0.0,1.0,2.0,0.0,0.0,4.0,84.21052631578948,0.0,0.0
2025-02-17_00:00_04:00,2025-02-17 00:00:00+01:00,2025-02-17 04:00:00+01:00,4.0,2.89,False,False,16,0.0,True,False,2,2,0,-113.04764705882354,False,False,0.004,0.016,0.016,0.0,False,0.0,1.0,0.0,0.0,0.0,4.0,84.21052631578948,0.0,0.0
2025-02-17_04:00_08:00,2025-02-17 04:00:00+01:00,2025-02-17 08:00:00+01:00,4.0,2.38,False,False,16,0.0,True,False,4,4,0,-140.45764705882354,True,False,13.033,52.132,16.0,16.0,False,0.0,1.0,16.0,0.0,0.0,4.0,84.21052631578948,0.0,0.0
2025-02-17_08:00_12:00,2025-02-17 08:00:00+01:00,2025-02-17 12:00:00+01:00,4.0,1.99,False,False,16,0.0,True,False,16,15,0,-121.31764705882352,True,False,96.728,386.912,16.0,16.0,False,0.0,1.0,16.0,0.0,0.0,0.0,84.01447368421053,4.0,-285.6
2025-02-17_12:00_16:00,2025-02-17 12:00:00+01:00,2025-02-17 16:00:00+01:00,4.0,10.02,False,False,16,0.0,True,False,13,10,0,-73.55764705882353,True,False,128.381,513.524,16.0,16.0,False,0.0,1.0,16.0,0.0,0.0,0.0,83.81861710526316,12.0,-217.88
2025-02-17_16:00_20:00,2025-02-17 16:00:00+01:00,2025-02-17 20:00:00+01:00,4.0,0.76,False,False,16,0.0,True,False,2,2,0,-120.67764705882354,True,False,25.517,102.068,16.0,16.0,False,0.0,1.0,16.0,0.0,0.0,4.0,84.21052631578948,0.0,0.0
2025-02-17_20:00_00:00,2025-02-17 20:00:00+01:00,2025-02-18 00:00:00+01:00,4.0,0.92,False,False,16,0.0,True,False,12,12,0,-111.42764705882354,True,False,11.137,44.548,16.0,16.0,False,0.0,1.0,16.0,0.0,0.0,4.0,84.21052631578948,0.0,0.0
2025-02-18_00:00_04:00,2025-02-18 00:00:00+01:00,2025-02-18 04:00:00+01:00,4.0,2.47,False,False,16,0.0,True,False,9,9,0,-110.74764705882353,True,False,13.848,55.392,16.0,16.0,False,0.0,1.0,16.0,0.0,0.0,4.0,84.21052631578948,0.0,0.0
2025-02-18_04:00_08:00,2025-02-18 04:00:00+01:00,2025-02-18 08:00:00+01:00,4.0,2.15,False,False,16,0.0,True,False,10,10,0,-107.47764705882355,True,False,66.981,267.924,16.0,16.0,False,0.0,1.0,16.0,0.0,0.0,4.0,84.21052631578948,0.0,0.0
2025-02-18_08:00_12:00,2025-02-18 08:00:00+01:00,2025-02-18 12:00:00+01:00,4.0,1.9,False,False,16,0.0,True,False,15,11,1,-86.75764705882355,True,False,91.636,366.544,16.0,16.0,False,0.0,1.0,16.0,0.0,0.0,0.0,83.81861710526316,16.0,-259.36
2025-02-18_12:00_16:00,2025-02-18 12:00:00+01:00,2025-02-18 16:00:00+01:00,4.0,388.0,False,False,16,0.0,True,False,14,8,0,-98.96764705882353,True,False,170.531,682.124,16.0,16.0,False,0.0,1.0,16.0,0.0,0.0,0.0,83.20605263157896,24.0,-725.84
2025-02-18_16:00_20:00,2025-02-18 16:00:00+01:00,2025-02-18 20:00:00+01:00,4.0,0.65,False,False,16,0.0,True,False,5,5,0,-120.94764705882355,True,False,1.093,4.372,4.372,4.0,False,0.0,1.0,4.0,0.0,0.0,4.0,84.21052631578948,0.0,0.0
2025-02-18_20:00_00:00,2025-02-18 20:00:00+01:00,2025-02-19 00:00:00+01:00,4.0,0.9,False,False,16,0.0,True,False,7,7,0,-72.44764705882355,True,False,6.597,26.388,16.0,16.0,False,0.0,1.0,16.0,0.0,0.0,4.0,84.21052631578948,0.0,0.0
2025-02-19_00:00_04:00,2025-02-19 00:00:00+01:00,2025-02-19 04:00:00+01:00,4.0,2.79,False,False,16,0.0,True,False,9,9,1,-90.45764705882354,True,False,14.206,56.824,16.0,16.0,False,0.0,1.0,16.0,0.0,0.0,4.0,84.21052631578948,0.0,0.0
2025-02-19_04:00_08:00,2025-02-19 04:00:00+01:00,2025-02-19 08:00:00+01:00,4.0,2.37,False,False,16,0.0,True,False,13,13,1,-107.26764705882354,True,False,50.837,203.348,16.0,16.0,False,0.0,1.0,16.0,0.0,0.0,4.0,84.21052631578948,0.0,0.0
2025-02-19_08:00_12:00,2025-02-19 08:00:00+01:00,2025-02-19 12:00:00+01:00,4.0,4.49,False,False,16,0.0,True,False,16,12,0,-70.53764705882355,True,False,122.857,491.428,16.0,16.0,False,0.0,1.0,16.0,0.0,0.0,0.0,83.81861710526316,16.0,-614.12
2025-02-19_12:00_16:00,2025-02-19 12:00:00+01:00,2025-02-19 16:00:00+01:00,4.0,37.9,False,False,16,0.0,True,False,14,3,0,-29.41764705882354,True,False,156.417,625.668,16.0,16.0,False,0.0,1.0,16.0,0.0,0.0,0.0,79.59207545679395,44.0,-2754.72
2025-02-19_16:00_20:00,2025-02-19 16:00:00+01:00,2025-02-19 20:00:00+01:00,4.0,0.66,False,False,16,0.0,True,False,16,13,0,-107.82764705882354,True,False,199.471,797.884,16.0,16.0,False,0.0,1.0,16.0,0.0,0.0,0.0,79.77800684210527,12.0,-309.0
2025-02-19_20:00_00:00,2025-02-19 20:00:00+01:00,2025-02-20 00:00:00+01:00,4.0,0.95,False,False,16,0.0,True,False,16,15,0,-70.57764705882354,True,False,124.031,496.124,16.0,16.0,False,0.0,1.0,16.0,0.0,0.0,0.0,81.75421052631579,4.0,-47.68
2025-02-20_00:00_04:00,2025-02-20 00:00:00+01:00,2025-02-20 04:00:00+01:00,4.0,2.57,False,False,16,0.0,True,False,9,9,0,-53.16764705882354,True,False,56.892,227.568,16.0,16.0,False,0.0,1.0,16.0,0.0,0.0,4.0,84.21052631578948,0.0,0.0
2025-02-20_04:00_08:00,2025-02-20 04:00:00+01:00,2025-02-20 08:00:00+01:00,4.0,2.19,False,False,16,0.0,True,False,10,10,1,-90.45764705882354,True,False,63.074,252.296,16.0,16.0,False,0.0,1.0,16.0,0.0,0.0,4.0,84.21052631578948,0.0,0.0
2025-02-20_08:00_12:00,2025-02-20 08:00:00+01:00,2025-02-20 12:00:00+01:00,4.0,2.91,False,False,16,0.0,True,False,13,11,0,-132.48764705882354,True,False,100.247,400.988,16.0,16.0,False,0.0,1.0,16.0,0.0,0.0,0.0,84.01447368421053,8.0,-70.48
2025-02-20_12:00_16:00,2025-02-20 12:00:00+01:00,2025-02-20 16:00:00+01:00,4.0,16.42,False,False,16,0.0,True,False,10,10,0,-150.59764705882353,True,False,6.591,26.364,16.0,16.0,False,0.0,1.0,16.0,0.0,0.0,4.0,84.21052631578948,0.0,0.0
2025-02-20_16:00_20:00,2025-02-20 16:00:00+01:00,2025-02-20 20:00:00+01:00,4.0,0.77,False,False,16,0.0,True,False,12,12,0,-79.53764705882355,True,False,39.271,157.084,16.0,16.0,False,0.0,1.0,16.0,0.0,0.0,4.0,84.21052631578948,0.0,0.0
2025-02-20_20:00_00:00,2025-02-20 20:00:00+01:00,2025-02-21 00:00:00+01:00,4.0,2.0,False,False,16,0.0,True,False,16,16,0,-76.57764705882354,True,False,115.348,461.392,16.0,16.0,False,0.0,1.0,16.0,0.0,0.0,4.0,84.21052631578948,0.0,0.0
2025-02-21_00:00_04:00,2025-02-21 00:00:00+01:00,2025-02-21 04:00:00+01:00,4.0,4.12,False,False,16,0.0,True,False,14,14,1,-93.77764705882353,True,False,20.736,82.944,16.0,16.0,False,0.0,1.0,16.0,0.0,0.0,4.0,84.21052631578948,0.0,0.0
2025-02-21_04:00_08:00,2025-02-21 04:00:00+01:00,2025-02-21 08:00:00+01:00,4.0,1.99,False,False,16,0.0,True,False,16,16,0,-99.01764705882354,True,False,63.953,255.812,16.0,16.0,False,0.0,1.0,16.0,0.0,0.0,4.0,84.21052631578948,0.0,0.0
2025-02-21_08:00_12:00,2025-02-21 08:00:00+01:00,2025-02-21 12:00:00+01:00,4.0,2.3,False,False,16,0.0,True,False,16,14,1,-91.85764705882355,True,False,113.534,454.136,16.0,16.0,False,0.0,1.0,16.0,0.0,0.0,0.0,84.01447368421053,8.0,-68.12
2025-02-21_12:00_16:00,2025-02-21 12:00:00+01:00,2025-02-21 16:00:00+01:00,4.0,11.09,False,False,16,0.0,True,False,15,14,0,-80.82764705882354,True,False,99.445,397.78,16.0,16.0,False,0.0,1.0,16.0,0.0,0.0,0.0,83.81861710526316,4.0,-76.0
2025-02-21_16:00_20:00,2025-02-21 16:00:00+01:00,2025-02-21 20:00:00+01:00,4.0,0.65,False,False,16,0.0,True,False,16,16,0,-62.027647058823526,True,False,189.988,759.952,16.0,16.0,False,0.0,1.0,16.0,0.0,0.0,4.0,84.21052631578948,0.0,0.0
2025-02-21_20:00_00:00,2025-02-21 20:00:00+01:00,2025-02-22 00:00:00+01:00,4.0,3.99,False,False,16,0.0,True,False,16,11,0,-62.72764705882353,True,False,23.159,92.636,16.0,16.0,False,0.0,1.0,16.0,0.0,0.0,0.0,77.08741515105262,20.0,-498.24
2025-02-22_00:00_04:00,2025-02-22 00:00:00+01:00,2025-02-22 04:00:00+01:00,4.0,16.8,False,False,16,0.0,True,False,7,7,1,-72.13764705882355,True,False,2.462,9.848,9.848,9.0,False,0.0,1.0,9.0,0.0,0.0,4.0,84.21052631578948,0.0,0.0
2025-02-22_04:00_08:00,2025-02-22 04:00:00+01:00,2025-02-22 08:00:00+01:00,4.0,14.88,False,False,16,0.0,True,False,9,6,0,-69.72764705882355,True,False,10.084,40.336,16.0,16.0,False,0.0,1.0,16.0,0.0,0.0,0.0,80.77103945553773,11.078,-83.6233
2025-02-22_08:00_12:00,2025-02-22 08:00:00+01:00,2025-02-22 12:00:00+01:00,4.0,6.44,False,False,16,0.0,True,False,15,10,1,-51.88764705882354,True,False,23.534,94.136,16.0,16.0,False,0.0,1.0,16.0,0.0,0.0,0.0,75.56771187269027,19.91,-355.04769999999996
2025-02-22_12:00_16:00,2025-02-22 12:00:00+01:00,2025-02-22 16:00:00+01:00,4.0,16.02,False,False,16,0.0,True,False,13,11,0,-95.12764705882353,True,False,56.34,225.36,16.0,16.0,False,0.0,1.0,16.0,0.0,0.0,0.0,79.25525806928835,8.0,-101.12
2025-02-22_16:00_20:00,2025-02-22 16:00:00+01:00,2025-02-22 20:00:00+01:00,4.0,0.97,False,False,16,0.0,True,False,15,15,0,-116.59764705882353,True,False,30.929,123.716,16.0,16.0,False,0.0,1.0,16.0,0.0,0.0,4.0,84.21052631578948,0.0,0.0
2025-02-22_20:00_00:00,2025-02-22 20:00:00+01:00,2025-02-23 00:00:00+01:00,4.0,2.69,False,False,16,0.0,True,False,15,15,1,-111.13764705882355,True,False,31.094,124.376,16.0,16.0,False,0.0,1.0,16.0,0.0,0.0,4.0,84.21052631578948,0.0,0.0
2025-02-23_00:00_04:00,2025-02-23 00:00:00+01:00,2025-02-23 04:00:00+01:00,4.0,7.54,False,False,16,0.0,True,False,11,11,1,-77.79764705882354,True,False,9.939,39.756,16.0,16.0,False,0.0,1.0,16.0,0.0,0.0,4.0,84.21052631578948,0.0,0.0
2025-02-23_04:00_08:00,2025-02-23 04:00:00+01:00,2025-02-23 08:00:00+01:00,4.0,6.12,False,False,16,0.0,True,False,4,4,0,-64.28764705882352,True,False,3.257,13.028,13.028,13.0,False,0.0,1.0,13.0,0.0,0.0,4.0,84.21052631578948,0.0,0.0
2025-02-23_08:00_12:00,2025-02-23 08:00:00+01:00,2025-02-23 12:00:00+01:00,4.0,5.0,False,False,16,0.0,True,False,16,5,0,-77.20764705882354,True,False,134.956,539.824,16.0,16.0,False,0.0,1.0,16.0,0.0,0.0,0.0,60.95126361118341,40.0,-1885.4
2025-02-23_12:00_16:00,2025-02-23 12:00:00+01:00,2025-02-23 16:00:00+01:00,4.0,18.28,False,False,16,0.0,True,False,16,9,0,-103.17764705882354,True,False,110.757,443.028,16.0,16.0,False,0.0,1.0,16.0,0.0,0.0,0.0,48.17008709581959,19.379,-790.283
2025-02-23_16:00_20:00,2025-02-23 16:00:00+01:00,2025-02-23 20:00:00+01:00,4.0,0.72,False,False,16,0.0,True,False,13,13,1,-105.74764705882353,True,False,99.982,399.928,16.0,16.0,False,0.0,1.0,16.0,0.0,0.0,4.0,52.49326238896876,0.0,0.0
2025-02-23_20:00_00:00,2025-02-23 20:00:00+01:00,2025-02-24 00:00:00+01:00,4.0,2.16,False,False,16,0.0,True,False,14,14,0,-47.28764705882353,True,False,22.327,89.308,16.0,16.0,False,0.0,1.0,16.0,0.0,0.0,4.0,60.590364512886815,0.0,0.0
2025-02-24_00:00_04:00,2025-02-24 00:00:00+01:00,2025-02-24 04:00:00+01:00,4.0,27.85,False,False,16,0.0,True,False,13,13,1,-86.17764705882354,True,False,30.089,120.356,16.0,16.0,False,0.0,1.0,16.0,0.0,0.0,4.0,68.28518287341012,0.0,0.0
2025-02-24_04:00_08:00,2025-02-24 04:00:00+01:00,2025-02-24 08:00:00+01:00,4.0,16.53,False,False,16,0.0,True,False,15,13,0,-59.64764705882353,True,False,109.729,438.916,16.0,16.0,False,0.0,1.0,16.0,0.0,0.0,0.0,81.75421052631579,8.0,-241.76000000000002
2025-02-24_08:00_12:00,2025-02-24 08:00:00+01:00,2025-02-24 12:00:00+01:00,4.0,5.12,False,False,16,0.0,True,False,15,12,0,-57.39764705882353,True,False,133.459,533.836,16.0,16.0,False,0.0,1.0,16.0,0.0,0.0,0.0,83.01100447368422,12.0,-457.4
2025-02-24_12:00_16:00,2025-02-24 12:00:00+01:00,2025-02-24 16:00:00+01:00,4.0,13.9,False,False,16,0.0,True,False,12,12,0,-91.00764705882355,True,False,48.256,193.024,16.0,16.0,False,0.0,1.0,16.0,0.0,0.0,4.0,84.21052631578948,0.0,0.0
2025-02-24_16:00_20:00,2025-02-24 16:00:00+01:00,2025-02-24 20:00:00+01:00,4.0,0.66,False,False,16,0.0,True,False,14,14,0,-82.57764705882354,True,False,187.515,750.06,16.0,16.0,False,0.0,1.0,16.0,0.0,0.0,4.0,84.21052631578948,0.0,0.0
2025-02-24_20:00_00:00,2025-02-24 20:00:00+01:00,2025-02-25 00:00:00+01:00,4.0,1.83,False,False,16,0.0,True,False,15,15,1,-96.83764705882353,True,False,26.29,105.16,16.0,16.0,False,0.0,1.0,16.0,0.0,0.0,4.0,84.21052631578948,0.0,0.0
2025-02-25_00:00_04:00,2025-02-25 00:00:00+01:00,2025-02-25 04:00:00+01:00,4.0,10.76,False,False,16,0.0,True,False,10,10,0,-112.42764705882354,True,False,18.128,72.512,16.0,16.0,False,0.0,1.0,16.0,0.0,0.0,4.0,84.21052631578948,0.0,0.0
2025-02-25_04:00_08:00,2025-02-25 04:00:00+01:00,2025-02-25 08:00:00+01:00,4.0,8.36,False,False,16,0.0,True,False,14,14,0,-109.11764705882354,True,False,110.926,443.704,16.0,16.0,False,0.0,1.0,16.0,0.0,0.0,4.0,84.21052631578948,0.0,0.0
2025-02-25_08:00_12:00,2025-02-25 08:00:00+01:00,2025-02-25 12:00:00+01:00,4.0,3.42,False,False,16,0.0,True,False,16,16,0,-100.74764705882353,True,False,161.886,647.544,16.0,16.0,False,0.0,1.0,16.0,0.0,0.0,4.0,84.21052631578948,0.0,0.0
2025-02-25_12:00_16:00,2025-02-25 12:00:00+01:00,2025-02-25 16:00:00+01:00,4.0,9.2,False,False,16,0.0,True,False,15,15,0,-135.17764705882354,True,False,60.831,243.324,16.0,16.0,False,0.0,1.0,16.0,0.0,0.0,4.0,84.21052631578948,0.0,0.0
2025-02-25_16:00_20:00,2025-02-25 16:00:00+01:00,2025-02-25 20:00:00+01:00,4.0,0.55,False,False,16,0.0,True,False,10,10,0,-129.34764705882353,True,False,23.956,95.824,16.0,16.0,False,0.0,1.0,16.0,0.0,0.0,4.0,84.21052631578948,0.0,0.0
2025-02-25_20:00_00:00,2025-02-25 20:00:00+01:00,2025-02-26 00:00:00+01:00,4.0,1.44,False,False,16,0.0,True,False,14,14,1,-135.68764705882353,True,False,25.209,100.836,16.0,16.0,False,0.0,1.0,16.0,0.0,0.0,4.0,84.21052631578948,0.0,0.0
2025-02-26_00:00_04:00,2025-02-26 00:00:00+01:00,2025-02-26 04:00:00+01:00,4.0,6.62,False,False,16,0.0,True,False,9,9,1,-121.05764705882353,False,False,0.027,0.108,0.108,0.0,False,0.0,1.0,0.0,0.0,0.0,4.0,84.21052631578948,0.0,0.0
2025-02-26_04:00_08:00,2025-02-26 04:00:00+01:00,2025-02-26 08:00:00+01:00,4.0,5.37,False,False,16,0.0,True,False,7,7,0,-116.70764705882354,True,False,12.073,48.292,16.0,16.0,False,0.0,1.0,16.0,0.0,0.0,4.0,84.21052631578948,0.0,0.0
2025-02-26_08:00_12:00,2025-02-26 08:00:00+01:00,2025-02-26 12:00:00+01:00,4.0,2.6,False,False,16,0.0,True,False,9,9,1,-153.83764705882353,True,False,13.929,55.716,16.0,16.0,False,0.0,1.0,16.0,0.0,0.0,4.0,84.21052631578948,0.0,0.0
2025-02-26_12:00_16:00,2025-02-26 12:00:00+01:00,2025-02-26 16:00:00+01:00,4.0,6.3,False,False,16,0.0,True,False,14,14,1,-113.45764705882354,True,False,19.296,77.184,16.0,16.0,False,0.0,1.0,16.0,0.0,0.0,4.0,84.21052631578948,0.0,0.0
2025-02-26_16:00_20:00,2025-02-26 16:00:00+01:00,2025-02-26 20:00:00+01:00,4.0,0.52,False,False,16,0.0,True,False,10,10,0,-145.77764705882353,True,False,87.013,348.052,16.0,16.0,False,0.0,1.0,16.0,0.0,0.0,4.0,84.21052631578948,0.0,0.0
2025-02-26_20:00_00:00,2025-02-26 20:00:00+01:00,2025-02-27 00:00:00+01:00,4.0,1.19,False,False,16,0.0,True,False,16,16,0,-106.31764705882352,True,False,11.509,46.036,16.0,16.0,False,0.0,1.0,16.0,0.0,0.0,4.0,84.21052631578948,0.0,0.0
2025-02-27_00:00_04:00,2025-02-27 00:00:00+01:00,2025-02-27 04:00:00+01:00,4.0,4.36,False,False,16,0.0,True,False,15,15,0,-100.34764705882353,True,False,45.97,183.88,16.0,16.0,False,0.0,1.0,16.0,0.0,0.0,4.0,84.21052631578948,0.0,0.0
2025-02-27_04:00_08:00,2025-02-27 04:00:00+01:00,2025-02-27 08:00:00+01:00,4.0,3.87,False,False,16,0.0,True,False,11,11,0,-140.02764705882353,True,False,40.931,163.724,16.0,16.0,False,0.0,1.0,16.0,0.0,0.0,4.0,84.21052631578948,0.0,0.0
2025-02-27_08:00_12:00,2025-02-27 08:00:00+01:00,2025-02-27 12:00:00+01:00,4.0,2.23,False,False,16,0.0,True,False,16,16,0,-84.08764705882353,True,False,152.21,608.84,16.0,16.0,False,0.0,1.0,16.0,0.0,0.0,4.0,84.21052631578948,0.0,0.0
2025-02-27_12:00_16:00,2025-02-27 12:00:00+01:00,2025-02-27 16:00:00+01:00,4.0,5.4,False,False,16,0.0,True,False,14,14,0,-142.27764705882353,True,False,31.927,127.708,16.0,16.0,False,0.0,1.0,16.0,0.0,0.0,4.0,84.21052631578948,0.0,0.0
2025-02-27_16:00_20:00,2025-02-27 16:00:00+01:00,2025-02-27 20:00:00+01:00,4.0,0.48,False,False,16,0.0,True,False,6,6,0,-116.31764705882352,True,False,0.476,1.904,1.904,1.0,False,0.0,1.0,1.0,0.0,0.0,4.0,84.21052631578948,0.0,0.0
2025-02-27_20:00_00:00,2025-02-27 20:00:00+01:00,2025-02-28 00:00:00+01:00,4.0,1.0,False,False,16,0.0,True,False,13,13,0,-134.88764705882352,True,False,26.432,105.728,16.0,16.0,False,0.0,1.0,16.0,0.0,0.0,4.0,84.21052631578948,0.0,0.0
2025-02-28_00:00_04:00,2025-02-28 00:00:00+01:00,2025-02-28 04:00:00+01:00,4.0,3.62,False,False,16,0.0,True,False,13,13,0,-123.37764705882353,True,False,3.057,12.228,12.228,12.0,False,0.0,1.0,12.0,0.0,0.0,4.0,84.21052631578948,0.0,0.0
2025-02-28_04:00_08:00,2025-02-28 04:00:00+01:00,2025-02-28 08:00:00+01:00,4.0,3.08,False,False,16,0.0,True,False,14,14,0,-117.32764705882354,True,False,72.939,291.756,16.0,16.0,False,0.0,1.0,16.0,0.0,0.0,4.0,84.21052631578948,0.0,0.0
2025-02-28_08:00_12:00,2025-02-28 08:00:00+01:00,2025-02-28 12:00:00+01:00,4.0,2.73,False,False,16,0.0,True,False,15,15,1,-111.40764705882353,True,False,38.881,155.524,16.0,16.0,False,0.0,1.0,16.0,0.0,0.0,4.0,84.21052631578948,0.0,0.0
2025-02-28_12:00_16:00,2025-02-28 12:00:00+01:00,2025-02-28 16:00:00+01:00,4.0,4.44,False,False,16,0.0,True,False,15,15,1,-110.62764705882353,True,False,20.483,81.932,16.0,16.0,False,0.0,1.0,16.0,0.0,0.0,4.0,84.21052631578948,0.0,0.0
2025-02-28_16:00_20:00,2025-02-28 16:00:00+01:00,2025-02-28 20:00:00+01:00,4.0,0.46,False,False,16,0.0,True,False,9,9,0,-108.49764705882353,True,False,41.853,167.412,16.0,16.0,False,0.0,1.0,16.0,0.0,0.0,4.0,84.21052631578948,0.0,0.0
2025-02-28_20:00_00:00,2025-02-28 20:00:00+01:00,2025-03-01 00:00:00+01:00,4.0,0.87,False,False,16,0.0,True,False,13,13,2,-136.06764705882352,True,False,13.397,53.588,16.0,16.0,False,0.0,1.0,16.0,0.0,0.0,4.0,84.21052631578948,0.0,0.0
2025-03-01_00:00_04:00,2025-03-01 00:00:00+01:00,2025-03-01 04:00:00+01:00,4.0,2.97,False,False,16,0.0,True,False,13,13,1,-127.12764705882353,True,False,3.401,13.604,13.604,13.0,False,0.0,1.0,13.0,0.0,0.0,4.0,84.21052631578948,0.0,0.0
2025-03-01_04:00_08:00,2025-03-01 04:00:00+01:00,2025-03-01 08:00:00+01:00,4.0,2.9,False,False,16,0.0,True,False,14,14,0,-104.22764705882355,True,False,45.776,183.104,16.0,16.0,False,0.0,1.0,16.0,0.0,0.0,4.0,84.21052631578948,0.0,0.0
2025-03-01_08:00_12:00,2025-03-01 08:00:00+01:00,2025-03-01 12:00:00+01:00,4.0,2.58,False,False,16,0.0,True,False,10,10,0,-99.90764705882353,True,False,21.181,84.724,16.0,16.0,False,0.0,1.0,16.0,0.0,0.0,4.0,84.21052631578948,0.0,0.0
2025-03-01_12:00_16:00,2025-03-01 12:00:00+01:00,2025-03-01 16:00:00+01:00,4.0,6.55,False,False,16,0.0,True,False,14,14,0,-128.19764705882355,True,False,7.702,30.808,16.0,16.0,False,0.0,1.0,16.0,0.0,0.0,4.0,84.21052631578948,0.0,0.0
2025-03-01_16:00_20:00,2025-03-01 16:00:00+01:00,2025-03-01 20:00:00+01:00,4.0,0.49,False,False,16,0.0,True,False,7,7,0,-90.00764705882355,True,False,38.051,152.204,16.0,16.0,False,0.0,1.0,16.0,0.0,0.0,4.0,84.21052631578948,0.0,0.0
2025-03-01_20:00_00:00,2025-03-01 20:00:00+01:00,2025-03-02 00:00:00+01:00,4.0,0.87,False,False,16,0.0,True,False,13,13,0,-108.84764705882353,True,False,21.096,84.384,16.0,16.0,False,0.0,1.0,16.0,0.0,0.0,4.0,84.21052631578948,0.0,0.0
2025-03-02_00:00_04:00,2025-03-02 00:00:00+01:00,2025-03-02 04:00:00+01:00,4.0,2.83,False,False,16,0.0,True,False,2,2,1,-85.39764705882354,False,False,0.021,0.084,0.084,0.0,False,0.0,1.0,0.0,0.0,0.0,4.0,84.21052631578948,0.0,0.0
2025-03-02_04:00_08:00,2025-03-02 04:00:00+01:00,2025-03-02 08:00:00+01:00,4.0,2.85,False,False,16,0.0,True,False,13,12,0,-85.26764705882354,True,False,123.915,495.66,16.0,16.0,False,0.0,1.0,16.0,0.0,0.0,0.0,81.08842105263159,4.0,-201.4
2025-03-02_08:00_12:00,2025-03-02 08:00:00+01:00,2025-03-02 12:00:00+01:00,4.0,24.69,False,False,16,0.0,True,False,16,9,0,-91.23764705882354,True,False,117.411,469.644,16.0,16.0,False,0.0,1.0,16.0,0.0,0.0,0.0,68.37069842389333,15.935799751842104,-1027.7618137124814
2025-03-02_12:00_16:00,2025-03-02 12:00:00+01:00,2025-03-02 16:00:00+01:00,4.0,63.09,False,False,16,0.0,True,False,16,5,0,-95.52764705882353,True,False,92.743,370.972,16.0,16.0,False,0.0,1.0,16.0,0.0,0.0,0.0,37.701015992182846,13.935,-444.544
2025-03-02_16:00_20:00,2025-03-02 16:00:00+01:00,2025-03-02 20:00:00+01:00,4.0,3.23,False,False,16,0.0,True,False,10,10,0,-118.40764705882353,True,False,30.141,120.564,16.0,16.0,False,0.0,1.0,16.0,0.0,0.0,4.0,39.61233356293817,0.0,0.0
2025-03-02_20:00_00:00,2025-03-02 20:00:00+01:00,2025-03-03 00:00:00+01:00,4.0,1.44,False,False,16,0.0,True,False,13,13,0,-125.34764705882353,True,False,11.305,45.22,16.0,16.0,False,0.0,1.0,16.0,0.0,0.0,4.0,42.93669076402751,0.0,0.0
2025-03-03_00:00_04:00,2025-03-03 00:00:00+01:00,2025-03-03 04:00:00+01:00,4.0,2.92,False,False,16,0.0,True,False,5,5,0,-120.00764705882355,False,False,0.238,0.952,0.952,0.0,False,0.0,1.0,0.0,0.0,0.0,4.0,45.95075097368492,0.0,0.0
2025-03-03_04:00_08:00,2025-03-03 04:00:00+01:00,2025-03-03 08:00:00+01:00,4.0,2.53,False,False,16,0.0,True,False,14,12,1,-107.44764705882355,True,False,131.709,526.836,11.173005485749083,11.0,False,0.0,1.0,11.0,0.0,0.0,0.0,65.92008126426782,8.0,-287.32
2025-03-03_08:00_12:00,2025-03-03 08:00:00+01:00,2025-03-03 12:00:00+01:00,4.0,15.6,False,False,16,0.0,True,False,16,10,0,-52.017647058823535,True,False,249.916,999.664,11.173005485749083,11.0,False,0.0,1.0,11.0,0.0,0.0,0.0,79.75641144273764,4.0,-225.44
2025-03-03_12:00_16:00,2025-03-03 12:00:00+01:00,2025-03-03 16:00:00+01:00,4.0,41.81,False,False,16,0.0,True,False,15,5,0,-29.22764705882353,True,False,254.994,1019.976,11.173005485749083,11.0,False,0.0,1.0,11.0,0.0,0.0,0.0,72.3249097662478,28.0,-1258.32
2025-03-03_16:00_20:00,2025-03-03 16:00:00+01:00,2025-03-03 20:00:00+01:00,4.0,1.74,False,False,16,0.0,True,False,11,11,1,-104.05764705882353,True,False,20.523,82.092,11.173005485749083,11.0,False,0.0,1.0,11.0,0.0,0.0,4.0,80.57695789491024,0.0,0.0
2025-03-03_20:00_00:00,2025-03-03 20:00:00+01:00,2025-03-04 00:00:00+01:00,4.0,1.01,False,False,16,0.0,True,False,15,15,1,-121.46764705882353,True,False,0.768,3.072,3.072,3.0,False,0.0,1.0,3.0,0.0,0.0,4.0,84.21052631578948,0.0,0.0
2025-03-04_00:00_04:00,2025-03-04 00:00:00+01:00,2025-03-04 04:00:00+01:00,4.0,2.4,False,False,16,0.0,True,False,3,3,0,-107.43764705882353,True,False,2.75,11.0,11.0,11.0,False,0.0,1.0,11.0,0.0,0.0,4.0,84.21052631578948,0.0,0.0
2025-03-04_04:00_08:00,2025-03-04 04:00:00+01:00,2025-03-04 08:00:00+01:00,4.0,2.35,False,False,16,0.0,True,False,10,10,0,-115.61764705882354,True,False,97.39,389.56,16.0,16.0,False,0.0,1.0,16.0,0.0,0.0,4.0,84.21052631578948,0.0,0.0
2025-03-04_08:00_12:00,2025-03-04 08:00:00+01:00,2025-03-04 12:00:00+01:00,4.0,25.5,False,False,16,0.0,True,False,16,7,0,-81.36764705882354,True,False,152.253,609.012,16.0,16.0,False,0.0,1.0,16.0,0.0,0.0,0.0,79.75641144273764,24.0,-546.56
2025-03-04_12:00_16:00,2025-03-04 12:00:00+01:00,2025-03-04 16:00:00+01:00,4.0,40.0,False,False,16,0.0,True,False,15,9,1,-127.44764705882355,True,False,95.391,381.564,16.0,16.0,False,0.0,1.0,16.0,0.0,0.0,0.0,77.53936073788735,20.0,-204.12
2025-03-04_16:00_20:00,2025-03-04 16:00:00+01:00,2025-03-04 20:00:00+01:00,4.0,1.7,False,False,16,0.0,True,False,15,15,0,-135.63764705882352,True,False,41.427,165.708,16.0,16.0,False,0.0,1.0,16.0,0.0,0.0,4.0,84.21052631578948,0.0,0.0
2025-03-04_20:00_00:00,2025-03-04 20:00:00+01:00,2025-03-05 00:00:00+01:00,4.0,1.01,False,False,16,0.0,True,False,14,14,0,-76.97764705882355,True,False,127.347,509.388,16.0,16.0,False,0.0,1.0,16.0,0.0,0.0,4.0,84.21052631578948,0.0,0.0
2025-03-05_00:00_04:00,2025-03-05 00:00:00+01:00,2025-03-05 04:00:00+01:00,4.0,2.35,False,False,16,0.0,True,False,14,14,1,-84.17764705882354,True,False,72.148,288.592,16.0,16.0,False,0.0,1.0,16.0,0.0,0.0,4.0,84.21052631578948,0.0,0.0
2025-03-05_04:00_08:00,2025-03-05 04:00:00+01:00,2025-03-05 08:00:00+01:00,4.0,2.28,False,False,16,0.0,True,False,13,9,1,-92.00764705882355,True,False,75.128,300.512,16.0,16.0,False,0.0,1.0,16.0,0.0,0.0,0.0,78.04189224470237,16.0,-1835.44
2025-03-05_08:00_12:00,2025-03-05 08:00:00+01:00,2025-03-05 12:00:00+01:00,4.0,31.23,False,False,16,0.0,True,False,14,3,1,-25.17764705882353,True,False,91.838,367.352,16.0,16.0,False,0.0,1.0,16.0,0.0,0.0,0.0,76.80182137714947,21.404,-2313.67452
2025-03-05_12:00_16:00,2025-03-05 12:00:00+01:00,2025-03-05 16:00:00+01:00,4.0,60.0,False,False,16,0.6211764705882352,True,False,15,3,0,-32.747647058823524,True,False,49.52,198.08,16.0,16.0,False,0.0,1.0,16.0,0.0,0.0,0.0,64.55986033792188,24.0,-1862.3200000000002
2025-03-05_16:00_20:00,2025-03-05 16:00:00+01:00,2025-03-05 20:00:00+01:00,4.0,2.35,False,False,16,0.0,True,False,16,16,0,-130.56764705882352,True,False,17.831,71.324,16.0,16.0,False,0.0,1.0,16.0,0.0,0.0,4.0,69.71608420613978,0.0,0.0
2025-03-05_20:00_00:00,2025-03-05 20:00:00+01:00,2025-03-06 00:00:00+01:00,4.0,1.0,False,False,16,0.0,True,False,15,15,0,-52.18764705882352,True,False,61.657,246.628,16.0,16.0,False,0.0,1.0,16.0,0.0,0.0,4.0,84.21052631578948,0.0,0.0
2025-03-06_00:00_04:00,2025-03-06 00:00:00+01:00,2025-03-06 04:00:00+01:00,4.0,5.69,False,False,16,0.0,True,False,15,15,1,-96.60764705882355,True,False,60.462,241.848,16.0,16.0,False,0.0,1.0,16.0,0.0,0.0,4.0,84.21052631578948,0.0,0.0
2025-03-06_04:00_08:00,2025-03-06 04:00:00+01:00,2025-03-06 08:00:00+01:00,4.0,8.0,False,False,16,0.0,True,False,14,14,1,-106.78764705882355,True,False,88.842,355.368,16.0,16.0,False,0.0,1.0,16.0,0.0,0.0,4.0,84.21052631578948,0.0,0.0
2025-03-06_08:00_12:00,2025-03-06 08:00:00+01:00,2025-03-06 12:00:00+01:00,4.0,35.75,False,False,16,0.0,True,False,13,5,0,-61.40764705882352,True,False,171.508,686.032,16.0,16.0,False,0.0,1.0,16.0,0.0,0.0,0.0,79.75641144273764,20.0,-587.44
2025-03-06_12:00_16:00,2025-03-06 12:00:00+01:00,2025-03-06 16:00:00+01:00,4.0,75.0,False,False,16,0.0,True,False,13,5,0,-90.49764705882353,True,False,148.271,593.084,16.0,16.0,False,0.0,1.0,16.0,0.0,0.0,0.0,77.09328470042232,17.855263157894736,-463.5176315789474
2025-03-06_16:00_20:00,2025-03-06 16:00:00+01:00,2025-03-06 20:00:00+01:00,4.0,3.0,False,False,16,0.0,True,False,8,8,0,-285.61764705882354,True,False,32.308,129.232,16.0,16.0,False,0.0,1.0,16.0,0.0,0.0,4.0,84.21052631578948,0.0,0.0
2025-03-06_20:00_00:00,2025-03-06 20:00:00+01:00,2025-03-07 00:00:00+01:00,4.0,2.11,False,False,16,0.0,True,False,15,15,1,-111.40764705882353,True,False,63.054,252.216,16.0,16.0,False,0.0,1.0,16.0,0.0,0.0,4.0,84.21052631578948,0.0,0.0
2025-03-07_00:00_04:00,2025-03-07 00:00:00+01:00,2025-03-07 04:00:00+01:00,4.0,4.32,False,False,16,0.0,True,False,8,8,1,-108.18764705882353,True,False,8.774,35.096,16.0,16.0,False,0.0,1.0,16.0,0.0,0.0,4.0,84.21052631578948,0.0,0.0
2025-03-07_04:00_08:00,2025-03-07 04:00:00+01:00,2025-03-07 08:00:00+01:00,4.0,4.3,False,False,16,0.0,True,False,13,12,0,-116.66764705882355,True,False,151.515,606.06,16.0,16.0,False,0.0,1.0,16.0,0.0,0.0,0.0,82.66605263157895,4.0,-90.6
2025-03-07_08:00_12:00,2025-03-07 08:00:00+01:00,2025-03-07 12:00:00+01:00,4.0,28.54,False,False,16,0.0,True,False,16,8,0,-69.93764705882353,True,False,84.79,339.16,16.0,16.0,False,0.0,1.0,16.0,0.0,0.0,0.0,80.49690835108873,28.0,-1597.6799999999998
2025-03-07_12:00_16:00,2025-03-07 12:00:00+01:00,2025-03-07 16:00:00+01:00,4.0,62.95,False,False,16,0.0,True,False,15,9,0,-78.88764705882355,True,False,51.466,205.864,16.0,16.0,False,0.0,1.0,16.0,0.0,0.0,0.0,79.0166550312949,20.0,-615.52
2025-03-07_16:00_20:00,2025-03-07 16:00:00+01:00,2025-03-07 20:00:00+01:00,4.0,2.18,False,False,16,0.0,True,False,15,15,0,-81.03764705882355,True,False,67.085,268.34,16.0,16.0,False,0.0,1.0,16.0,0.0,0.0,4.0,84.21052631578948,0.0,0.0
2025-03-07_20:00_00:00,2025-03-07 20:00:00+01:00,2025-03-08 00:00:00+01:00,4.0,1.5,False,False,16,0.0,True,False,16,16,0,-104.64764705882354,True,False,53.418,213.672,16.0,16.0,False,0.0,1.0,16.0,0.0,0.0,4.0,84.21052631578948,0.0,0.0
2025-03-08_00:00_04:00,2025-03-08 00:00:00+01:00,2025-03-08 04:00:00+01:00,4.0,3.23,False,False,16,0.0,True,False,13,13,1,-94.94764705882355,True,False,12.985,51.94,16.0,16.0,False,0.0,1.0,16.0,0.0,0.0,4.0,84.21052631578948,0.0,0.0
2025-03-08_04:00_08:00,2025-03-08 04:00:00+01:00,2025-03-08 08:00:00+01:00,4.0,3.42,False,False,16,0.0,True,False,12,12,0,-97.72764705882355,True,False,66.016,264.064,16.0,16.0,False,0.0,1.0,16.0,0.0,0.0,4.0,84.21052631578948,0.0,0.0
2025-03-08_08:00_12:00,2025-03-08 08:00:00+01:00,2025-03-08 12:00:00+01:00,4.0,39.2,False,False,16,0.0,True,False,16,6,0,-54.517647058823535,True,False,78.845,315.38,16.0,16.0,False,0.0,1.0,16.0,0.0,0.0,0.0,64.82303993433905,14.29543973259904,-1160.0266606425262
2025-03-08_12:00_16:00,2025-03-08 12:00:00+01:00,2025-03-08 16:00:00+01:00,4.0,81.52,False,False,16,0.0,True,False,16,5,0,-27.11764705882353,True,False,180.49,721.96,16.0,16.0,False,0.0,1.0,16.0,0.0,0.0,0.0,49.4257400651282,0.0,0.0
2025-03-08_16:00_20:00,2025-03-08 16:00:00+01:00,2025-03-08 20:00:00+01:00,4.0,5.84,False,False,16,0.0,True,False,16,15,0,-85.46764705882353,True,False,220.434,881.736,16.0,16.0,False,0.0,1.0,16.0,0.0,0.0,4.0,55.12300843155729,0.0,0.0
2025-03-08_20:00_00:00,2025-03-08 20:00:00+01:00,2025-03-09 00:00:00+01:00,4.0,1.7,False,False,16,0.0,True,False,16,16,0,-88.56764705882352,True,False,159.816,639.264,16.0,16.0,False,0.0,1.0,16.0,0.0,0.0,4.0,59.29179105952681,0.0,0.0
2025-03-09_00:00_04:00,2025-03-09 00:00:00+01:00,2025-03-09 04:00:00+01:00,4.0,3.88,False,False,16,0.0,True,False,10,10,0,-85.92764705882354,True,False,16.114,64.456,15.452975676917376,15.0,False,0.0,1.0,15.0,0.0,0.0,4.0,61.83430133127762,0.0,0.0
2025-03-09_04:00_08:00,2025-03-09 04:00:00+01:00,2025-03-09 08:00:00+01:00,4.0,3.86,False,False,16,0.0,True,False,15,12,0,-88.67764705882354,True,False,13.163,52.652,15.452975676917376,15.0,False,0.0,1.0,15.0,0.0,0.0,0.0,59.210889244769675,8.0,-451.36
2025-03-09_08:00_12:00,2025-03-09 08:00:00+01:00,2025-03-09 12:00:00+01:00,4.0,52.5,False,False,16,0.0,True,False,13,4,0,-81.08764705882353,True,False,45.022,180.088,15.452975676917376,15.0,False,0.0,1.0,15.0,0.0,0.0,0.0,38.216792834407315,8.0,-679.36
2025-03-09_12:00_16:00,2025-03-09 12:00:00+01:00,2025-03-09 16:00:00+01:00,4.0,87.0,False,False,16,0.0,True,False,13,10,0,-100.99764705882353,True,False,89.303,357.212,15.452975676917376,15.0,False,0.0,1.0,15.0,0.0,0.0,0.0,22.41740653952275,0.0,0.0
2025-03-09_16:00_20:00,2025-03-09 16:00:00+01:00,2025-03-09 20:00:00+01:00,4.0,8.1,False,False,16,0.0,True,False,13,13,0,-116.96764705882353,True,False,16.672,66.688,15.452975676917376,15.0,False,0.0,1.0,15.0,0.0,0.0,4.0,27.772739230535063,0.0,0.0
2025-03-09_20:00_00:00,2025-03-09 20:00:00+01:00,2025-03-10 00:00:00+01:00,4.0,1.64,False,False,16,0.0,True,False,15,15,0,-96.27764705882353,True,False,8.302,33.208,15.452975676917376,15.0,False,0.0,1.0,15.0,0.0,0.0,4.0,31.28511579829933,0.0,0.0
2025-03-10_00:00_04:00,2025-03-10 00:00:00+01:00,2025-03-10 04:00:00+01:00,4.0,3.02,False,False,16,0.0,True,False,10,10,1,-110.24764705882353,True,False,7.894,31.576,8.303500617994956,8.0,False,0.0,1.0,8.0,0.0,0.0,4.0,34.48420952213943,0.0,0.0
2025-03-10_04:00_08:00,2025-03-10 04:00:00+01:00,2025-03-10 08:00:00+01:00,4.0,3.03,False,False,16,0.0,True,False,15,15,0,-123.38764705882355,True,False,31.28,125.12,8.303500617994956,8.0,False,0.0,1.0,8.0,0.0,0.0,4.0,54.63563489141701,0.0,0.0
2025-03-10_08:00_12:00,2025-03-10 08:00:00+01:00,2025-03-10 12:00:00+01:00,4.0,23.12,False,False,16,0.0,True,False,15,15,0,-83.83764705882353,True,False,134.48,537.92,8.303500617994956,8.0,False,0.0,1.0,8.0,0.0,0.0,4.0,83.96425583087249,0.0,0.0
2025-03-10_12:00_16:00,2025-03-10 12:00:00+01:00,2025-03-10 16:00:00+01:00,4.0,41.15,False,False,16,0.0,True,False,13,13,0,-98.50764705882355,True,False,81.409,325.636,8.303500617994956,8.0,False,0.0,1.0,8.0,0.0,0.0,4.0,84.21052631578948,0.0,0.0
2025-03-10_16:00_20:00,2025-03-10 16:00:00+01:00,2025-03-10 20:00:00+01:00,4.0,3.74,False,False,16,0.0,True,False,15,15,0,-115.58764705882353,True,False,158.919,635.676,8.303500617994956,8.0,False,0.0,1.0,8.0,0.0,0.0,4.0,84.21052631578948,0.0,0.0
2025-03-10_20:00_00:00,2025-03-10 20:00:00+01:00,2025-03-11 00:00:00+01:00,4.0,1.26,False,False,16,0.0,True,False,16,16,1,-101.97764705882355,True,False,133.223,532.892,8.303500617994956,8.0,False,0.0,1.0,8.0,0.0,0.0,4.0,84.21052631578948,0.0,0.0
2025-03-11_00:00_04:00,2025-03-11 00:00:00+01:00,2025-03-11 04:00:00+01:00,4.0,2.79,False,False,16,0.0,True,False,15,15,0,-96.99764705882353,True,False,45.28,181.12,16.0,16.0,False,0.0,1.0,16.0,0.0,0.0,4.0,84.21052631578948,0.0,0.0
2025-03-11_04:00_08:00,2025-03-11 04:00:00+01:00,2025-03-11 08:00:00+01:00,4.0,2.8,False,False,16,0.0,True,False,14,14,0,-108.68764705882353,True,False,33.655,134.62,16.0,16.0,False,0.0,1.0,16.0,0.0,0.0,4.0,84.21052631578948,0.0,0.0
2025-03-11_08:00_12:00,2025-03-11 08:00:00+01:00,2025-03-11 12:00:00+01:00,4.0,14.12,False,False,16,0.0,True,False,15,15,3,-102.36764705882354,True,False,34.8,139.2,16.0,16.0,False,0.0,1.0,16.0,0.0,0.0,4.0,84.21052631578948,0.0,0.0
2025-03-11_12:00_16:00,2025-03-11 12:00:00+01:00,2025-03-11 16:00:00+01:00,4.0,28.33,False,False,16,0.0,True,False,7,7,0,-98.48764705882354,True,False,8.205,32.82,16.0,16.0,False,0.0,1.0,16.0,0.0,0.0,4.0,84.21052631578948,0.0,0.0
2025-03-11_16:00_20:00,2025-03-11 16:00:00+01:00,2025-03-11 20:00:00+01:00,4.0,2.77,False,False,16,0.0,True,False,14,14,0,-151.39764705882354,True,False,26.759,107.036,16.0,16.0,False,0.0,1.0,16.0,0.0,0.0,4.0,84.21052631578948,0.0,0.0
2025-03-11_20:00_00:00,2025-03-11 20:00:00+01:00,2025-03-12 00:00:00+01:00,4.0,1.14,False,False,16,0.0,True,False,15,15,0,-107.87764705882353,True,False,27.716,110.864,16.0,16.0,False,0.0,1.0,16.0,0.0,0.0,4.0,84.21052631578948,0.0,0.0
2025-03-12_00:00_04:00,2025-03-12 00:00:00+01:00,2025-03-12 04:00:00+01:00,4.0,2.45,False,False,16,0.0,True,False,12,12,1,-103.90764705882353,True,False,9.394,37.576,16.0,16.0,False,0.0,1.0,16.0,0.0,0.0,4.0,84.21052631578948,0.0,0.0
2025-03-12_04:00_08:00,2025-03-12 04:00:00+01:00,2025-03-12 08:00:00+01:00,4.0,2.49,False,False,16,0.0,True,False,11,11,0,-142.21764705882353,True,False,3.386,13.544,13.544,13.0,False,0.0,1.0,13.0,0.0,0.0,4.0,84.21052631578948,0.0,0.0
2025-03-12_08:00_12:00,2025-03-12 08:00:00+01:00,2025-03-12 12:00:00+01:00,4.0,9.2,False,False,16,0.0,True,False,9,9,0,-119.64764705882354,True,False,40.098,160.392,16.0,16.0,False,0.0,1.0,16.0,0.0,0.0,4.0,84.21052631578948,0.0,0.0
2025-03-12_12:00_16:00,2025-03-12 12:00:00+01:00,2025-03-12 16:00:00+01:00,4.0,18.45,False,False,16,0.0,True,False,5,5,0,-127.39764705882354,True,False,12.453,49.812,16.0,16.0,False,0.0,1.0,16.0,0.0,0.0,4.0,84.21052631578948,0.0,0.0
2025-03-12_16:00_20:00,2025-03-12 16:00:00+01:00,2025-03-12 20:00:00+01:00,4.0,1.95,False,False,16,0.0,True,False,7,7,0,-170.94764705882352,True,False,1.93,7.72,7.72,7.0,False,0.0,1.0,7.0,0.0,0.0,4.0,84.21052631578948,0.0,0.0
2025-03-12_20:00_00:00,2025-03-12 20:00:00+01:00,2025-03-13 00:00:00+01:00,4.0,1.01,False,False,16,0.0,True,False,13,13,0,-170.94764705882352,True,False,6.364,25.456,16.0,16.0,False,0.0,1.0,16.0,0.0,0.0,4.0,84.21052631578948,0.0,0.0
2025-03-13_00:00_04:00,2025-03-13 00:00:00+01:00,2025-03-13 04:00:00+01:00,4.0,2.3,False,False,16,0.0,True,False,12,12,2,-100.14764705882354,True,False,55.495,221.98,16.0,16.0,False,0.0,1.0,16.0,0.0,0.0,4.0,84.21052631578948,0.0,0.0
2025-03-13_04:00_08:00,2025-03-13 04:00:00+01:00,2025-03-13 08:00:00+01:00,4.0,2.27,False,False,16,0.0,True,False,13,13,0,-127.32764705882354,True,False,34.152,136.608,16.0,16.0,False,0.0,1.0,16.0,0.0,0.0,4.0,84.21052631578948,0.0,0.0
2025-03-13_08:00_12:00,2025-03-13 08:00:00+01:00,2025-03-13 12:00:00+01:00,4.0,6.44,False,False,16,0.0,True,False,12,12,0,-105.67764705882354,True,False,88.656,354.624,16.0,16.0,False,0.0,1.0,16.0,0.0,0.0,4.0,84.21052631578948,0.0,0.0
2025-03-13_12:00_16:00,2025-03-13 12:00:00+01:00,2025-03-13 16:00:00+01:00,4.0,13.12,False,False,16,0.0,True,False,8,8,1,-122.01764705882354,True,False,10.476,41.904,16.0,16.0,False,0.0,1.0,16.0,0.0,0.0,4.0,84.21052631578948,0.0,0.0
2025-03-13_16:00_20:00,2025-03-13 16:00:00+01:00,2025-03-13 20:00:00+01:00,4.0,1.64,False,False,16,0.0,True,False,9,9,1,-120.65764705882353,True,False,26.394,105.576,16.0,16.0,False,0.0,1.0,16.0,0.0,0.0,4.0,84.21052631578948,0.0,0.0
2025-03-13_20:00_00:00,2025-03-13 20:00:00+01:00,2025-03-14 00:00:00+01:00,4.0,0.94,False,False,16,0.0,True,False,15,15,0,-148.10764705882355,True,False,106.054,424.216,16.0,16.0,False,0.0,1.0,16.0,0.0,0.0,4.0,84.21052631578948,0.0,0.0
2025-03-14_00:00_04:00,2025-03-14 00:00:00+01:00,2025-03-14 04:00:00+01:00,4.0,2.09,False,False,16,0.0,True,False,13,13,2,-112.98764705882354,True,False,6.206,24.824,16.0,16.0,False,0.0,1.0,16.0,0.0,0.0,4.0,84.21052631578948,0.0,0.0
2025-03-14_04:00_08:00,2025-03-14 04:00:00+01:00,2025-03-14 08:00:00+01:00,4.0,1.99,False,False,16,0.0,True,False,5,5,0,-120.50764705882355,True,False,5.575,22.3,16.0,16.0,False,0.0,1.0,16.0,0.0,0.0,4.0,84.21052631578948,0.0,0.0
2025-03-14_08:00_12:00,2025-03-14 08:00:00+01:00,2025-03-14 12:00:00+01:00,4.0,4.92,False,False,16,0.0,True,False,16,16,0,-134.50764705882352,True,False,91.203,364.812,16.0,16.0,False,0.0,1.0,16.0,0.0,0.0,4.0,84.21052631578948,0.0,0.0
2025-03-14_12:00_16:00,2025-03-14 12:00:00+01:00,2025-03-14 16:00:00+01:00,4.0,10.29,False,False,16,0.0,True,False,5,5,1,-148.74764705882353,False,False,0.086,0.344,0.344,0.0,False,0.0,1.0,0.0,0.0,0.0,4.0,84.21052631578948,0.0,0.0
2025-03-14_16:00_20:00,2025-03-14 16:00:00+01:00,2025-03-14 20:00:00+01:00,4.0,1.33,False,False,16,0.0,True,False,10,10,1,-144.34764705882353,True,False,27.379,109.516,16.0,16.0,False,0.0,1.0,16.0,0.0,0.0,4.0,84.21052631578948,0.0,0.0
2025-03-14_20:00_00:00,2025-03-14 20:00:00+01:00,2025-03-15 00:00:00+01:00,4.0,0.86,False,False,16,0.0,True,False,16,16,1,-102.90764705882353,True,False,19.308,77.232,16.0,16.0,False,0.0,1.0,16.0,0.0,0.0,4.0,84.21052631578948,0.0,0.0
2025-03-15_00:00_04:00,2025-03-15 00:00:00+01:00,2025-03-15 04:00:00+01:00,4.0,2.46,False,False,16,0.0,True,False,15,15,1,-84.74764705882353,True,False,57.731,230.924,16.0,16.0,False,0.0,1.0,16.0,0.0,0.0,4.0,84.21052631578948,0.0,0.0
2025-03-15_04:00_08:00,2025-03-15 04:00:00+01:00,2025-03-15 08:00:00+01:00,4.0,2.55,False,False,16,0.0,True,False,16,16,0,-89.74764705882353,True,False,43.788,175.152,16.0,16.0,False,0.0,1.0,16.0,0.0,0.0,4.0,84.21052631578948,0.0,0.0
2025-03-15_08:00_12:00,2025-03-15 08:00:00+01:00,2025-03-15 12:00:00+01:00,4.0,14.35,False,False,16,0.0,True,False,12,10,1,-95.54764705882354,True,False,28.759,115.036,16.0,16.0,False,0.0,1.0,16.0,0.0,0.0,0.0,79.06310131578948,8.0,-116.44
2025-03-15_12:00_16:00,2025-03-15 12:00:00+01:00,2025-03-15 16:00:00+01:00,4.0,28.55,False,False,16,0.0,True,False,16,15,0,-83.63764705882355,True,False,65.766,263.064,16.0,16.0,False,0.0,1.0,16.0,0.0,0.0,0.0,81.63552631578948,4.0,-54.0
2025-03-15_16:00_20:00,2025-03-15 16:00:00+01:00,2025-03-15 20:00:00+01:00,4.0,2.4,False,False,16,0.0,True,False,12,12,1,-305.22764705882355,True,False,90.369,361.476,16.0,16.0,False,0.0,1.0,16.0,0.0,0.0,4.0,84.21052631578948,0.0,0.0
2025-03-15_20:00_00:00,2025-03-15 20:00:00+01:00,2025-03-16 00:00:00+01:00,4.0,1.29,False,False,16,0.0,True,False,14,14,1,-145.23764705882354,True,False,4.643,18.572,16.0,16.0,False,0.0,1.0,16.0,0.0,0.0,4.0,84.21052631578948,0.0,0.0
2025-03-16_00:00_04:00,2025-03-16 00:00:00+01:00,2025-03-16 04:00:00+01:00,4.0,2.51,False,False,16,0.0,True,False,10,10,1,-96.48764705882354,True,False,2.131,8.524,8.524,8.0,False,0.0,1.0,8.0,0.0,0.0,4.0,84.21052631578948,0.0,0.0
2025-03-16_04:00_08:00,2025-03-16 04:00:00+01:00,2025-03-16 08:00:00+01:00,4.0,2.59,False,False,16,0.0,True,False,12,11,2,-100.85764705882355,True,False,58.085,232.34,16.0,16.0,False,0.0,1.0,16.0,0.0,0.0,0.0,81.08842105263159,4.0,-14.16
2025-03-16_08:00_12:00,2025-03-16 08:00:00+01:00,2025-03-16 12:00:00+01:00,4.0,32.0,False,False,16,0.0,True,False,16,12,0,-46.60764705882354,True,False,64.71,258.84,16.0,16.0,False,0.0,1.0,16.0,0.0,0.0,0.0,65.82361171651827,0.0,0.0
2025-03-16_12:00_16:00,2025-03-16 12:00:00+01:00,2025-03-16 16:00:00+01:00,4.0,61.42,False,False,16,0.0,True,False,14,4,0,-69.86764705882354,True,False,84.48,337.92,16.0,16.0,False,0.0,1.0,16.0,0.0,0.0,0.0,38.70906809325287,25.004901484506885,-639.1044996496868
2025-03-16_16:00_20:00,2025-03-16 16:00:00+01:00,2025-03-16 20:00:00+01:00,4.0,3.52,False,False,16,0.0,True,False,11,11,1,-117.04764705882354,True,False,10.382,41.528,16.0,16.0,False,0.0,1.0,16.0,0.0,0.0,4.0,43.017570966432565,0.0,0.0
2025-03-16_20:00_00:00,2025-03-16 20:00:00+01:00,2025-03-17 00:00:00+01:00,4.0,1.55,False,False,16,0.0,True,False,11,11,0,-72.60764705882355,True,False,232.558,930.232,16.0,16.0,False,0.0,1.0,16.0,0.0,0.0,4.0,46.287851096804154,0.0,0.0
2025-03-17_00:00_04:00,2025-03-17 00:00:00+01:00,2025-03-17 04:00:00+01:00,4.0,3.74,False,False,16,0.0,True,False,16,16,0,-96.18764705882353,True,False,101.91,407.64,11.99831630560065,11.0,False,0.0,1.0,11.0,0.0,0.0,4.0,49.24869300981178,0.0,0.0
2025-03-17_04:00_08:00,2025-03-17 04:00:00+01:00,2025-03-17 08:00:00+01:00,4.0,2.44,False,False,16,0.0,True,False,15,12,0,-94.54764705882354,True,False,147.835,591.34,11.99831630560065,11.0,False,0.0,1.0,11.0,0.0,0.0,0.0,69.16565014000132,12.0,-950.36
2025-03-17_08:00_12:00,2025-03-17 08:00:00+01:00,2025-03-17 12:00:00+01:00,4.0,20.65,False,False,16,0.0,True,False,14,7,0,-78.99764705882353,True,False,121.549,486.196,11.99831630560065,11.0,False,0.0,1.0,11.0,0.0,0.0,0.0,78.16307470235758,24.0,-1417.6
2025-03-17_12:00_16:00,2025-03-17 12:00:00+01:00,2025-03-17 16:00:00+01:00,4.0,44.67,False,False,16,0.0,True,False,16,4,0,-42.48764705882353,True,False,189.993,759.972,11.99831630560065,11.0,False,0.0,1.0,11.0,0.0,0.0,0.0,74.40343189267578,44.0,-1785.16
2025-03-17_16:00_20:00,2025-03-17 16:00:00+01:00,2025-03-17 20:00:00+01:00,4.0,2.35,False,False,16,0.0,True,False,10,10,0,-148.55764705882353,True,False,97.551,390.204,11.99831630560065,11.0,False,0.0,1.0,11.0,0.0,0.0,4.0,81.7162637441294,0.0,0.0
2025-03-17_20:00_00:00,2025-03-17 20:00:00+01:00,2025-03-18 00:00:00+01:00,4.0,1.1,False,False,16,0.0,True,False,13,13,0,-103.57764705882354,True,False,3.527,14.108,11.99831630560065,11.0,False,0.0,1.0,11.0,0.0,0.0,4.0,84.21052631578948,0.0,0.0
2025-03-18_00:00_04:00,2025-03-18 00:00:00+01:00,2025-03-18 04:00:00+01:00,4.0,2.42,False,False,16,0.0,True,False,7,7,0,-131.37764705882353,True,False,3.791,15.164,15.164,15.0,False,0.0,1.0,15.0,0.0,0.0,4.0,84.21052631578948,0.0,0.0
2025-03-18_04:00_08:00,2025-03-18 04:00:00+01:00,2025-03-18 08:00:00+01:00,4.0,2.2,False,False,16,0.0,True,False,11,11,0,-113.39764705882354,True,False,127.343,509.372,16.0,16.0,False,0.0,1.0,16.0,0.0,0.0,4.0,84.21052631578948,0.0,0.0
2025-03-18_08:00_12:00,2025-03-18 08:00:00+01:00,2025-03-18 12:00:00+01:00,4.0,47.23,False,False,16,0.0,True,False,16,2,0,-14.017647058823535,True,False,158.232,632.928,16.0,16.0,False,0.0,1.0,16.0,0.0,0.0,0.0,76.06501955577231,20.0,-959.44
2025-03-18_12:00_16:00,2025-03-18 12:00:00+01:00,2025-03-18 16:00:00+01:00,4.0,93.77,False,False,16,0.0,True,False,14,7,0,-100.14764705882354,True,False,156.999,627.996,16.0,16.0,False,0.0,1.0,16.0,0.0,0.0,0.0,68.6666078257695,4.0,-76.68
2025-03-18_16:00_20:00,2025-03-18 16:00:00+01:00,2025-03-18 20:00:00+01:00,4.0,2.0,False,False,16,0.0,True,False,11,11,1,-114.95764705882354,True,False,12.731,50.924,16.0,16.0,False,0.0,1.0,16.0,0.0,0.0,4.0,84.21052631578948,0.0,0.0
2025-03-18_20:00_00:00,2025-03-18 20:00:00+01:00,2025-03-19 00:00:00+01:00,4.0,0.96,False,False,16,0.0,True,False,15,15,0,-106.98764705882354,True,False,47.183,188.732,16.0,16.0,False,0.0,1.0,16.0,0.0,0.0,4.0,84.21052631578948,0.0,0.0
2025-03-19_00:00_04:00,2025-03-19 00:00:00+01:00,2025-03-19 04:00:00+01:00,4.0,2.18,False,False,16,0.0,True,False,14,14,2,-98.39764705882354,True,False,4.32,17.28,16.0,16.0,False,0.0,1.0,16.0,0.0,0.0,4.0,84.21052631578948,0.0,0.0
2025-03-19_04:00_08:00,2025-03-19 04:00:00+01:00,2025-03-19 08:00:00+01:00,4.0,1.98,False,False,16,0.0,True,False,10,9,0,-136.67764705882354,True,False,28.626,114.504,16.0,16.0,False,0.0,1.0,16.0,0.0,0.0,0.0,82.66605263157895,4.0,-109.48
2025-03-19_08:00_12:00,2025-03-19 08:00:00+01:00,2025-03-19 12:00:00+01:00,4.0,42.0,False,False,16,0.0,True,False,16,1,0,-8.477647058823528,True,False,115.53,462.12,16.0,16.0,False,0.0,1.0,16.0,0.0,0.0,0.0,73.85903195609865,28.512999999999998,-1277.6553900000001
2025-03-19_12:00_16:00,2025-03-19 12:00:00+01:00,2025-03-19 16:00:00+01:00,4.0,85.52,False,False,16,0.0,True,False,12,9,0,-117.70764705882354,True,False,177.39,709.56,16.0,16.0,False,0.0,1.0,16.0,0.0,0.0,0.0,68.73740411268058,0.0,0.0
2025-03-19_16:00_20:00,2025-03-19 16:00:00+01:00,2025-03-19 20:00:00+01:00,4.0,1.74,False,False,16,0.0,True,False,9,9,0,-109.75764705882355,True,False,54.073,216.292,16.0,16.0,False,0.0,1.0,16.0,0.0,0.0,4.0,84.21052631578948,0.0,0.0
2025-03-19_20:00_00:00,2025-03-19 20:00:00+01:00,2025-03-20 00:00:00+01:00,4.0,0.85,False,False,16,0.0,True,False,16,16,2,-132.90764705882353,True,False,25.289,101.156,16.0,16.0,False,0.0,1.0,16.0,0.0,0.0,4.0,84.21052631578948,0.0,0.0
2025-03-20_00:00_04:00,2025-03-20 00:00:00+01:00,2025-03-20 04:00:00+01:00,4.0,1.93,False,False,16,0.0,True,False,15,15,0,-111.70764705882354,True,False,90.892,363.568,16.0,16.0,False,0.0,1.0,16.0,0.0,0.0,4.0,84.21052631578948,0.0,0.0
2025-03-20_04:00_08:00,2025-03-20 04:00:00+01:00,2025-03-20 08:00:00+01:00,4.0,1.74,False,False,16,0.0,True,False,14,14,0,-105.63764705882355,True,False,61.54,246.16,16.0,16.0,False,0.0,1.0,16.0,0.0,0.0,4.0,84.21052631578948,0.0,0.0
2025-03-20_08:00_12:00,2025-03-20 08:00:00+01:00,2025-03-20 12:00:00+01:00,4.0,37.54,False,False,16,0.0,True,False,16,13,0,-87.34764705882353,True,False,144.737,578.948,16.0,16.0,False,0.0,1.0,16.0,0.0,0.0,0.0,83.4663157894737,12.0,-331.96
2025-03-20_12:00_16:00,2025-03-20 12:00:00+01:00,2025-03-20 16:00:00+01:00,4.0,73.15,False,False,16,0.0,True,False,11,10,0,-139.53764705882352,True,False,111.358,445.432,16.0,16.0,False,0.0,1.0,16.0,0.0,0.0,0.0,83.4663157894737,4.0,-74.2
2025-03-20_16:00_20:00,2025-03-20 16:00:00+01:00,2025-03-20 20:00:00+01:00,4.0,1.54,False,False,16,0.0,True,False,13,13,1,-134.04764705882354,True,False,44.839,179.356,16.0,16.0,False,0.0,1.0,16.0,0.0,0.0,4.0,84.21052631578948,0.0,0.0
2025-03-20_20:00_00:00,2025-03-20 20:00:00+01:00,2025-03-21 00:00:00+01:00,4.0,1.0,False,False,16,0.0,True,False,11,11,0,-106.96764705882353,True,False,76.596,306.384,16.0,16.0,False,0.0,1.0,16.0,0.0,0.0,4.0,84.21052631578948,0.0,0.0
2025-03-21_00:00_04:00,2025-03-21 00:00:00+01:00,2025-03-21 04:00:00+01:00,4.0,1.75,False,False,16,0.0,True,False,14,14,1,-114.17764705882354,True,False,22.935,91.74,16.0,16.0,False,0.0,1.0,16.0,0.0,0.0,4.0,84.21052631578948,0.0,0.0
2025-03-21_04:00_08:00,2025-03-21 04:00:00+01:00,2025-03-21 08:00:00+01:00,4.0,1.6,False,False,16,0.0,True,False,15,15,0,-94.78764705882355,True,False,61.025,244.1,16.0,16.0,False,0.0,1.0,16.0,0.0,0.0,4.0,84.21052631578948,0.0,0.0
2025-03-21_08:00_12:00,2025-03-21 08:00:00+01:00,2025-03-21 12:00:00+01:00,4.0,33.54,False,False,16,0.0,True,False,16,4,0,-35.83764705882353,True,False,113.157,452.628,16.0,16.0,False,0.0,1.0,16.0,0.0,0.0,0.0,79.0166550312949,24.0,-360.48
2025-03-21_12:00_16:00,2025-03-21 12:00:00+01:00,2025-03-21 16:00:00+01:00,4.0,71.2,False,False,16,0.0,True,False,13,4,0,-32.517647058823535,True,False,144.676,578.704,16.0,16.0,False,0.0,1.0,16.0,0.0,0.0,0.0,74.59362558168033,12.0,-324.44
2025-03-21_16:00_20:00,2025-03-21 16:00:00+01:00,2025-03-21 20:00:00+01:00,4.0,6.8,False,False,16,0.0,True,False,14,1,0,-56.53764705882353,True,False,210.382,841.528,16.0,16.0,False,0.0,1.0,16.0,0.0,0.0,0.0,78.62710105118902,19.990536246502735,-1164.0224885094099
2025-03-21_20:00_00:00,2025-03-21 20:00:00+01:00,2025-03-22 00:00:00+01:00,4.0,8.8,False,False,16,0.0,True,False,16,2,0,-3.807647058823534,True,False,64.0,256.0,16.0,16.0,False,0.0,1.0,16.0,0.0,0.0,0.0,79.55386082079856,11.499270266516561,-900.0395591020875
2025-03-22_00:00_04:00,2025-03-22 00:00:00+01:00,2025-03-22 04:00:00+01:00,4.0,16.89,False,False,16,0.0,True,False,15,4,0,-16.597647058823533,True,False,65.33,261.32,16.0,16.0,False,0.0,1.0,16.0,0.0,0.0,0.0,80.27736842105263,4.0,-568.68
2025-03-22_04:00_08:00,2025-03-22 04:00:00+01:00,2025-03-22 08:00:00+01:00,4.0,13.16,False,False,16,0.0,True,False,16,3,0,-30.89764705882353,True,False,183.465,733.86,16.0,16.0,False,0.0,1.0,16.0,0.0,0.0,0.0,66.93761899394175,4.0,-707.32
2025-03-22_08:00_12:00,2025-03-22 08:00:00+01:00,2025-03-22 12:00:00+01:00,4.0,42.1,False,False,16,0.8905882352941177,True,True,16,0,0,112.59235294117647,True,True,300.125,1200.5,16.0,16.0,False,0.0,1.0,16.0,16.0,2694.4,0.0,34.283556995012376,56.0,-46073.16
2025-03-22_12:00_16:00,2025-03-22 12:00:00+01:00,2025-03-22 16:00:00+01:00,4.0,78.73,False,False,16,7.191764705882351,True,True,16,0,0,10.74235294117647,True,True,120.823,483.292,16.0,16.0,False,0.0,1.0,16.0,16.0,5038.72,0.0,24.938641951431972,27.73243993803916,-21347.973444270116
2025-03-22_16:00_20:00,2025-03-22 16:00:00+01:00,2025-03-22 20:00:00+01:00,4.0,16.55,False,False,16,0.0,True,False,16,1,0,-14.267647058823535,True,False,129.984,519.936,16.0,16.0,False,0.0,1.0,16.0,0.0,0.0,0.0,0.0,25.662699474251244,-3894.366964735409
2025-03-22_20:00_00:00,2025-03-22 20:00:00+01:00,2025-03-23 00:00:00+01:00,4.0,7.86,False,False,16,0.0,True,False,16,8,0,-55.90764705882352,True,False,23.038,92.152,16.0,16.0,False,0.0,1.0,16.0,0.0,0.0,2.0989686521309965,0.0,3.4872847233408404,-301.93114711938546
2025-03-23_00:00_04:00,2025-03-23 00:00:00+01:00,2025-03-23 04:00:00+01:00,4.0,13.25,False,False,16,0.0,True,False,14,9,0,-63.20764705882353,False,False,15.589,62.356,0.3010500068323851,0.0,False,0.0,1.0,0.0,0.0,0.0,4.0,1.2872063536179954,0.0,0.0
2025-03-23_04:00_08:00,2025-03-23 04:00:00+01:00,2025-03-23 08:00:00+01:00,4.0,9.64,False,False,16,0.0,True,False,11,5,0,-88.31764705882352,False,False,23.356,93.424,0.3010500068323851,0.0,False,0.0,1.0,0.0,0.0,0.0,1.968,0.0,3.7812043121167083,-160.8560329363836
2025-03-23_08:00_12:00,2025-03-23 08:00:00+01:00,2025-03-23 12:00:00+01:00,4.0,33.89,False,False,16,0.0,True,False,12,9,1,-39.98764705882353,False,False,33.29,133.16,0.3010500068323851,0.0,False,0.0,1.0,0.0,0.0,0.0,0.0,7.082148483759259,8.0,-81.52
2025-03-23_12:00_16:00,2025-03-23 12:00:00+01:00,2025-03-23 16:00:00+01:00,4.0,64.02,False,False,16,0.0,True,False,11,11,0,-106.30764705882353,False,False,3.222,12.888,0.3010500068323851,0.0,False,0.0,1.0,0.0,0.0,0.0,0.0,21.851904301332116,0.0,0.0
2025-03-23_16:00_20:00,2025-03-23 16:00:00+01:00,2025-03-23 20:00:00+01:00,4.0,8.19,False,False,16,0.0,True,False,6,6,0,-127.56764705882352,False,False,3.36,13.44,0.3010500068323851,0.0,False,0.0,1.0,0.0,0.0,0.0,4.0,33.98444344097124,0.0,0.0
2025-03-23_20:00_00:00,2025-03-23 20:00:00+01:00,2025-03-24 00:00:00+01:00,4.0,4.5,False,False,16,0.0,True,False,10,10,0,-122.75764705882355,False,False,2.705,10.82,0.3010500068323851,0.0,False,0.0,1.0,0.0,0.0,0.0,4.0,37.39817467859767,0.0,0.0
2025-03-24_00:00_04:00,2025-03-24 00:00:00+01:00,2025-03-24 04:00:00+01:00,4.0,6.83,False,False,16,0.0,True,False,15,15,0,-115.61764705882354,True,False,11.616,46.464,9.809001141785078,9.0,False,0.0,1.0,9.0,0.0,0.0,4.0,40.500189615204754,0.0,0.0
2025-03-24_04:00_08:00,2025-03-24 04:00:00+01:00,2025-03-24 08:00:00+01:00,4.0,5.46,False,False,16,0.0,True,False,11,11,0,-137.59764705882353,True,False,19.144,76.576,9.809001141785078,9.0,False,0.0,1.0,9.0,0.0,0.0,4.0,60.55607786257844,0.0,0.0
2025-03-24_08:00_12:00,2025-03-24 08:00:00+01:00,2025-03-24 12:00:00+01:00,4.0,19.93,False,False,16,0.0,True,False,15,14,0,-103.55764705882353,True,False,79.589,318.356,9.809001141785078,9.0,False,0.0,1.0,9.0,0.0,0.0,0.0,83.4663157894737,4.0,-201.28
2025-03-24_12:00_16:00,2025-03-24 12:00:00+01:00,2025-03-24 16:00:00+01:00,4.0,33.71,False,False,16,0.0,True,False,12,12,0,-121.63764705882355,True,False,22.414,89.656,9.809001141785078,9.0,False,0.0,1.0,9.0,0.0,0.0,4.0,84.21052631578948,0.0,0.0
2025-03-24_16:00_20:00,2025-03-24 16:00:00+01:00,2025-03-24 20:00:00+01:00,4.0,3.87,False,False,16,0.0,True,False,9,9,0,-160.44764705882352,True,False,31.478,125.912,9.809001141785078,9.0,False,0.0,1.0,9.0,0.0,0.0,4.0,84.21052631578948,0.0,0.0
2025-03-24_20:00_00:00,2025-03-24 20:00:00+01:00,2025-03-25 00:00:00+01:00,4.0,2.76,False,False,16,0.0,True,False,16,16,0,-88.20764705882354,True,False,81.291,325.164,9.809001141785078,9.0,False,0.0,1.0,9.0,0.0,0.0,4.0,84.21052631578948,0.0,0.0
2025-03-25_00:00_04:00,2025-03-25 00:00:00+01:00,2025-03-25 04:00:00+01:00,4.0,4.4,False,False,16,0.0,True,False,15,15,0,-103.97764705882355,True,False,9.97,39.88,16.0,16.0,False,0.0,1.0,16.0,0.0,0.0,4.0,84.21052631578948,0.0,0.0
2025-03-25_04:00_08:00,2025-03-25 04:00:00+01:00,2025-03-25 08:00:00+01:00,4.0,3.55,False,False,16,0.0,True,False,14,14,0,-109.02764705882353,True,False,34.008,136.032,16.0,16.0,False,0.0,1.0,16.0,0.0,0.0,4.0,84.21052631578948,0.0,0.0
2025-03-25_08:00_12:00,2025-03-25 08:00:00+01:00,2025-03-25 12:00:00+01:00,4.0,15.42,False,False,16,0.0,True,False,16,7,0,-88.16764705882355,True,False,124.946,499.784,16.0,16.0,False,0.0,1.0,16.0,0.0,0.0,0.0,79.0166550312949,36.0,-1251.72
2025-03-25_12:00_16:00,2025-03-25 12:00:00+01:00,2025-03-25 16:00:00+01:00,4.0,26.77,False,False,16,0.0,True,False,16,11,0,-71.68764705882353,True,False,166.365,665.46,16.0,16.0,False,0.0,1.0,16.0,0.0,0.0,0.0,79.92319736842106,20.0,-1004.08
2025-03-25_16:00_20:00,2025-03-25 16:00:00+01:00,2025-03-25 20:00:00+01:00,4.0,2.87,False,False,16,0.0,True,False,8,8,0,-111.24764705882353,True,False,4.882,19.528,16.0,16.0,False,0.0,1.0,16.0,0.0,0.0,4.0,83.17754405477632,0.0,0.0
2025-03-25_20:00_00:00,2025-03-25 20:00:00+01:00,2025-03-26 00:00:00+01:00,4.0,1.93,False,False,16,0.0,True,False,16,15,0,-108.47764705882355,True,False,120.28,481.12,16.0,16.0,False,0.0,1.0,16.0,0.0,0.0,0.0,81.60289473684212,4.0,-362.24
2025-03-26_00:00_04:00,2025-03-26 00:00:00+01:00,2025-03-26 04:00:00+01:00,4.0,3.39,False,False,16,0.0,True,False,15,15,0,-90.57764705882354,True,False,22.945,91.78,16.0,16.0,False,0.0,1.0,16.0,0.0,0.0,4.0,84.21052631578948,0.0,0.0
2025-03-26_04:00_08:00,2025-03-26 04:00:00+01:00,2025-03-26 08:00:00+01:00,4.0,2.69,False,False,16,0.0,True,False,16,16,0,-90.83764705882353,True,False,32.515,130.06,16.0,16.0,False,0.0,1.0,16.0,0.0,0.0,4.0,84.21052631578948,0.0,0.0
2025-03-26_08:00_12:00,2025-03-26 08:00:00+01:00,2025-03-26 12:00:00+01:00,4.0,11.32,False,False,16,0.0,True,False,8,8,2,-72.48764705882354,True,False,47.112,188.448,16.0,16.0,False,0.0,1.0,16.0,0.0,0.0,4.0,84.21052631578948,0.0,0.0
2025-03-26_12:00_16:00,2025-03-26 12:00:00+01:00,2025-03-26 16:00:00+01:00,4.0,23.13,False,False,16,0.0,True,False,6,6,1,-168.72764705882352,True,False,0.252,1.008,1.008,1.0,False,0.0,1.0,1.0,0.0,0.0,4.0,84.21052631578948,0.0,0.0
2025-03-26_16:00_20:00,2025-03-26 16:00:00+01:00,2025-03-26 20:00:00+01:00,4.0,2.17,False,False,16,0.0,True,False,8,8,0,-143.35764705882355,True,False,0.369,1.476,1.476,1.0,False,0.0,1.0,1.0,0.0,0.0,4.0,84.21052631578948,0.0,0.0
2025-03-26_20:00_00:00,2025-03-26 20:00:00+01:00,2025-03-27 00:00:00+01:00,4.0,1.32,False,False,16,0.0,True,False,14,14,0,-123.69764705882355,True,False,2.241,8.964,8.964,8.0,False,0.0,1.0,8.0,0.0,0.0,4.0,84.21052631578948,0.0,0.0
2025-03-27_00:00_04:00,2025-03-27 00:00:00+01:00,2025-03-27 04:00:00+01:00,4.0,2.8,False,False,16,0.0,True,False,8,8,0,-102.30764705882353,True,False,7.637,30.548,16.0,16.0,False,0.0,1.0,16.0,0.0,0.0,4.0,84.21052631578948,0.0,0.0
2025-03-27_04:00_08:00,2025-03-27 04:00:00+01:00,2025-03-27 08:00:00+01:00,4.0,2.23,False,False,16,0.0,True,False,14,14,0,-126.18764705882353,True,False,47.014,188.056,16.0,16.0,False,0.0,1.0,16.0,0.0,0.0,4.0,84.21052631578948,0.0,0.0
2025-03-27_08:00_12:00,2025-03-27 08:00:00+01:00,2025-03-27 12:00:00+01:00,4.0,19.98,False,False,16,0.0,True,False,16,16,0,-67.94764705882355,True,False,130.871,523.484,16.0,16.0,False,0.0,1.0,16.0,0.0,0.0,4.0,84.21052631578948,0.0,0.0
2025-03-27_12:00_16:00,2025-03-27 12:00:00+01:00,2025-03-27 16:00:00+01:00,4.0,55.83,False,False,16,0.0,True,False,16,16,0,-54.44764705882354,True,False,129.045,516.18,16.0,16.0,False,0.0,1.0,16.0,0.0,0.0,4.0,84.21052631578948,0.0,0.0
2025-03-27_16:00_20:00,2025-03-27 16:00:00+01:00,2025-03-27 20:00:00+01:00,4.0,2.2,False,False,16,0.0,True,False,5,5,0,-105.30764705882353,True,False,20.957,83.828,16.0,16.0,False,0.0,1.0,16.0,0.0,0.0,4.0,84.21052631578948,0.0,0.0
2025-03-27_20:00_00:00,2025-03-27 20:00:00+01:00,2025-03-28 00:00:00+01:00,4.0,1.17,False,False,16,0.0,True,False,13,13,1,-94.38764705882355,True,False,18.361,73.444,16.0,16.0,False,0.0,1.0,16.0,0.0,0.0,4.0,84.21052631578948,0.0,0.0
2025-03-28_00:00_04:00,2025-03-28 00:00:00+01:00,2025-03-28 04:00:00+01:00,4.0,2.56,False,False,16,0.0,True,False,8,8,2,-78.27764705882353,False,False,0.149,0.596,0.596,0.0,False,0.0,1.0,0.0,0.0,0.0,4.0,84.21052631578948,0.0,0.0
2025-03-28_04:00_08:00,2025-03-28 04:00:00+01:00,2025-03-28 08:00:00+01:00,4.0,2.09,False,False,16,0.0,True,False,13,13,1,-128.08764705882353,True,False,19.802,79.208,16.0,16.0,False,0.0,1.0,16.0,0.0,0.0,4.0,84.21052631578948,0.0,0.0
2025-03-28_08:00_12:00,2025-03-28 08:00:00+01:00,2025-03-28 12:00:00+01:00,4.0,39.33,False,False,16,0.0,True,False,16,2,0,-25.487647058823534,True,False,163.812,655.248,16.0,16.0,False,0.0,1.0,16.0,0.0,0.0,0.0,73.85903195609865,33.487676842105266,-2062.1745744105265
2025-03-28_12:00_16:00,2025-03-28 12:00:00+01:00,2025-03-28 16:00:00+01:00,4.0,69.81,False,False,16,0.0,True,False,16,6,0,-49.86764705882353,True,False,83.356,333.424,16.0,16.0,False,0.0,1.0,16.0,0.0,0.0,0.0,63.428434521959964,20.0,-341.76
2025-03-28_16:00_20:00,2025-03-28 16:00:00+01:00,2025-03-28 20:00:00+01:00,4.0,2.31,False,False,16,0.0,True,False,10,10,0,-98.76764705882354,True,False,35.765,143.06,16.0,16.0,False,0.0,1.0,16.0,0.0,0.0,4.0,66.81095994001672,0.0,0.0
2025-03-28_20:00_00:00,2025-03-28 20:00:00+01:00,2025-03-29 00:00:00+01:00,4.0,1.05,False,False,16,0.0,True,False,16,16,0,-101.12764705882353,True,False,54.199,216.796,16.0,16.0,False,0.0,1.0,16.0,0.0,0.0,4.0,84.21052631578948,0.0,0.0
2025-03-29_00:00_04:00,2025-03-29 00:00:00+01:00,2025-03-29 04:00:00+01:00,4.0,2.38,False,False,16,0.0,True,False,13,13,0,-96.75764705882355,True,False,10.872,43.488,16.0,16.0,False,0.0,1.0,16.0,0.0,0.0,4.0,84.21052631578948,0.0,0.0
2025-03-29_04:00_08:00,2025-03-29 04:00:00+01:00,2025-03-29 08:00:00+01:00,4.0,2.15,False,False,16,0.0,True,False,15,15,0,-84.55764705882353,True,False,35.408,141.632,16.0,16.0,False,0.0,1.0,16.0,0.0,0.0,4.0,84.21052631578948,0.0,0.0
2025-03-29_08:00_12:00,2025-03-29 08:00:00+01:00,2025-03-29 12:00:00+01:00,4.0,26.8,False,False,16,0.0,True,False,16,4,0,-14.747647058823524,True,False,198.775,795.1,16.0,16.0,False,0.0,1.0,16.0,0.0,0.0,0.0,79.06310131578948,15.97599066780735,-530.0939142937456
2025-03-29_12:00_16:00,2025-03-29 12:00:00+01:00,2025-03-29 16:00:00+01:00,4.0,58.26,False,False,16,0.0,True,False,16,11,0,-84.04764705882354,True,False,109.646,438.584,16.0,16.0,False,0.0,1.0,16.0,0.0,0.0,0.0,57.13448160120644,0.0,0.0
2025-03-29_16:00_20:00,2025-03-29 16:00:00+01:00,2025-03-29 20:00:00+01:00,4.0,3.84,False,False,16,0.0,True,False,7,7,0,-105.91764705882355,True,False,20.127,80.508,16.0,16.0,False,0.0,1.0,16.0,0.0,0.0,4.0,59.245658427272005,0.0,0.0
2025-03-29_20:00_00:00,2025-03-29 20:00:00+01:00,2025-03-30 00:00:00+01:00,4.0,1.42,False,False,16,0.0,True,False,15,15,0,-63.497647058823524,True,False,65.464,261.856,16.0,16.0,False,0.0,1.0,16.0,0.0,0.0,4.0,63.34897107211082,0.0,0.0
2025-03-30_00:00_05:00,2025-03-30 00:00:00+01:00,2025-03-30 05:00:00+02:00,4.0,7.05,False,True,16,0.0,True,False,14,13,0,-43.047647058823536,True,False,10.327,41.308,16.0,16.0,False,0.0,1.0,16.0,0.0,0.0,4.0,65.82705106060736,0.0,0.0
2025-03-30_05:00_09:00,2025-03-30 05:00:00+02:00,2025-03-30 09:00:00+02:00,4.0,10.24,False,True,16,0.0,True,False,16,9,1,-52.34764705882353,True,False,59.454,237.816,16.0,16.0,False,0.0,1.0,16.0,0.0,0.0,0.0,50.28516450706282,16.0,-1312.2
2025-03-30_09:00_13:00,2025-03-30 09:00:00+02:00,2025-03-30 13:00:00+02:00,4.0,36.08,False,True,16,6.26676470588235,True,False,16,2,0,-24.057647058823527,True,False,78.179,312.716,16.0,16.0,False,0.0,1.0,16.0,0.0,0.0,0.0,30.40509798539505,20.0,-671.8
2025-03-30_13:00_17:00,2025-03-30 13:00:00+02:00,2025-03-30 17:00:00+02:00,4.0,73.14,False,True,16,14.452352941176468,True,False,15,3,0,-34.36764705882353,True,False,81.395,325.58,16.0,16.0,False,0.0,1.0,16.0,0.0,0.0,0.0,18.65179629839609,4.0,-147.96
2025-03-30_17:00_21:00,2025-03-30 17:00:00+02:00,2025-03-30 21:00:00+02:00,4.0,20.64,False,True,16,0.0,True,False,13,5,0,-52.93764705882352,True,False,115.25,461.0,16.0,16.0,False,0.0,1.0,16.0,0.0,0.0,0.0,0.0,25.694641132506106,-1042.5993546736852
2025-03-30_21:00_01:00,2025-03-30 21:00:00+02:00,2025-03-31 01:00:00+02:00,3.0,6.05,False,False,12,0.0,True,False,11,5,0,-54.20764705882353,True,False,43.333,173.332,16.0,16.0,False,0.0,1.0,16.0,0.0,0.0,0.04657683094624954,0.0,4.037633695369538,-79.07765209284722
2025-03-31_00:00_04:00,2025-03-31 00:00:00+02:00,2025-03-31 04:00:00+02:00,4.0,25.0,False,False,16,0.0,True,False,15,15,0,-55.31764705882353,True,False,18.729,74.916,16.0,16.0,False,0.0,1.0,16.0,0.0,0.0,4.0,0.33633717886316034,0.0,0.0
2025-03-31_04:00_08:00,2025-03-31 04:00:00+02:00,2025-03-31 08:00:00+02:00,4.0,12.77,False,False,16,0.0,True,False,7,7,0,-187.99764705882353,False,False,9.75,39.0,0.1469270518951797,0.0,False,0.0,1.0,0.0,0.0,0.0,4.0,17.423292364712744,0.0,0.0
2025-03-31_08:00_12:00,2025-03-31 08:00:00+02:00,2025-03-31 12:00:00+02:00,4.0,22.7,False,False,16,0.0,True,False,16,16,0,-89.67764705882354,False,False,114.272,457.088,0.1469270518951797,0.0,False,0.0,1.0,0.0,0.0,0.0,4.0,41.61982676840779,0.0,0.0
2025-03-31_12:00_16:00,2025-03-31 12:00:00+02:00,2025-03-31 16:00:00+02:00,4.0,46.42,False,False,16,0.0,True,False,15,15,0,-66.74764705882353,False,False,90.355,361.42,0.1469270518951797,0.0,False,0.0,1.0,0.0,0.0,0.0,4.0,84.21052631578948,0.0,0.0
2025-03-31_16:00_20:00,2025-03-31 16:00:00+02:00,2025-03-31 20:00:00+02:00,4.0,9.62,False,False,16,0.0,True,False,11,11,0,-126.36764705882354,False,False,104.868,419.472,0.1469270518951797,0.0,False,0.0,1.0,0.0,0.0,0.0,4.0,84.21052631578948,0.0,0.0
2025-03-31_20:00_00:00,2025-03-31 20:00:00+02:00,2025-04-01 00:00:00+02:00,4.0,2.83,False,False,16,0.0,True,False,16,16,1,-95.80764705882353,False,False,17.58,70.32,0.1469270518951797,0.0,False,0.0,1.0,0.0,0.0,0.0,4.0,84.21052631578948,0.0,0.0
2025-04-01_00:00_04:00,2025-04-01 00:00:00+02:00,2025-04-01 04:00:00+02:00,4.0,8.9,False,False,16,0.0,True,False,14,14,2,-98.57764705882354,False,False,14.464,57.856,0.1469270518951797,0.0,False,0.0,1.0,0.0,0.0,0.0,4.0,84.21052631578948,0.0,0.0
2025-04-01_04:00_08:00,2025-04-01 04:00:00+02:00,2025-04-01 08:00:00+02:00,4.0,6.35,False,False,16,0.0,True,False,11,11,0,-132.58764705882353,True,False,12.88,51.52,16.0,16.0,False,0.0,1.0,16.0,0.0,0.0,4.0,84.21052631578948,0.0,0.0
2025-04-01_08:00_12:00,2025-04-01 08:00:00+02:00,2025-04-01 12:00:00+02:00,4.0,27.55,False,False,16,0.0,True,False,16,13,0,-98.90764705882353,True,False,121.237,484.948,16.0,16.0,False,0.0,1.0,16.0,0.0,0.0,0.0,83.86902593868422,8.0,-109.72
2025-04-01_12:00_16:00,2025-04-01 12:00:00+02:00,2025-04-01 16:00:00+02:00,4.0,80.66,False,False,16,0.0,True,False,16,4,0,-39.66764705882354,True,False,164.872,659.488,16.0,16.0,False,0.0,1.0,16.0,0.0,0.0,0.0,79.75003287270476,32.0,-803.2
2025-04-01_16:00_20:00,2025-04-01 16:00:00+02:00,2025-04-01 20:00:00+02:00,4.0,8.77,False,False,16,0.0,True,False,12,8,0,-76.91764705882355,True,False,113.476,453.904,16.0,16.0,False,0.0,1.0,16.0,0.0,0.0,0.0,80.14559305857344,14.098883726588687,-651.2245618778932
2025-04-01_20:00_00:00,2025-04-01 20:00:00+02:00,2025-04-02 00:00:00+02:00,4.0,2.2,False,False,16,0.0,True,False,16,16,0,-65.06764705882352,True,False,128.585,514.34,16.0,16.0,False,0.0,1.0,16.0,0.0,0.0,4.0,84.21052631578948,0.0,0.0
2025-04-02_00:00_04:00,2025-04-02 00:00:00+02:00,2025-04-02 04:00:00+02:00,4.0,7.1,False,False,16,0.0,True,False,15,15,0,-73.53764705882355,True,False,102.891,411.564,16.0,16.0,False,0.0,1.0,16.0,0.0,0.0,4.0,84.21052631578948,0.0,0.0
2025-04-02_04:00_08:00,2025-04-02 04:00:00+02:00,2025-04-02 08:00:00+02:00,4.0,4.05,False,False,16,0.0,True,False,5,5,0,-91.39764705882354,True,False,47.455,189.82,16.0,16.0,False,0.0,1.0,16.0,0.0,0.0,4.0,84.21052631578948,0.0,0.0
2025-04-02_08:00_12:00,2025-04-02 08:00:00+02:00,2025-04-02 12:00:00+02:00,4.0,28.82,False,False,16,0.0,True,False,16,5,0,-24.807647058823527,True,False,115.575,462.3,16.0,16.0,False,0.0,1.0,16.0,0.0,0.0,0.0,82.96335360465531,0.0,0.0
2025-04-02_12:00_16:00,2025-04-02 12:00:00+02:00,2025-04-02 16:00:00+02:00,4.0,77.38,False,False,16,11.252352941176468,True,False,16,3,0,-34.407647058823535,True,False,113.848,455.392,16.0,16.0,False,0.0,1.0,16.0,0.0,0.0,0.0,79.777101724874,4.0,-472.16
2025-04-02_16:00_20:00,2025-04-02 16:00:00+02:00,2025-04-02 20:00:00+02:00,4.0,17.0,False,False,16,0.0,True,False,15,9,0,-60.28764705882353,True,False,191.935,767.74,16.0,16.0,False,0.0,1.0,16.0,0.0,0.0,0.0,73.83301624400924,24.0,-34098.28
2025-04-02_20:00_00:00,2025-04-02 20:00:00+02:00,2025-04-03 00:00:00+02:00,4.0,2.03,False,False,16,0.0,True,False,16,16,0,-63.55764705882353,True,False,77.916,311.664,16.0,16.0,False,0.0,1.0,16.0,0.0,0.0,4.0,84.21052631578948,0.0,0.0
2025-04-03_00:00_04:00,2025-04-03 00:00:00+02:00,2025-04-03 04:00:00+02:00,4.0,5.89,False,False,16,0.0,True,False,15,15,0,-58.127647058823534,True,False,30.155,120.62,16.0,16.0,False,0.0,1.0,16.0,0.0,0.0,4.0,84.21052631578948,0.0,0.0
2025-04-03_04:00_08:00,2025-04-03 04:00:00+02:00,2025-04-03 08:00:00+02:00,4.0,3.38,False,False,16,0.0,True,False,12,12,0,-155.95764705882354,True,False,27.746,110.984,16.0,16.0,False,0.0,1.0,16.0,0.0,0.0,4.0,84.21052631578948,0.0,0.0
2025-04-03_08:00_12:00,2025-04-03 08:00:00+02:00,2025-04-03 12:00:00+02:00,4.0,26.6,False,False,16,0.0,True,False,14,6,0,-64.58764705882353,True,False,163.77,655.08,16.0,16.0,False,0.0,1.0,16.0,0.0,0.0,0.0,83.41528364740682,8.0,-125.52000000000001
2025-04-03_12:00_16:00,2025-04-03 12:00:00+02:00,2025-04-03 16:00:00+02:00,4.0,83.78,False,False,16,2.1886764705882342,True,False,16,5,4,-42.747647058823524,True,False,110.189,440.756,16.0,16.0,False,0.0,1.0,16.0,0.0,0.0,0.0,82.17681499823107,20.0,-775.64
2025-04-03_16:00_20:00,2025-04-03 16:00:00+02:00,2025-04-03 20:00:00+02:00,4.0,17.0,False,False,16,0.0,True,False,9,8,0,-84.63764705882355,True,False,73.318,293.272,16.0,16.0,False,0.0,1.0,16.0,0.0,0.0,0.0,82.67947368421054,4.0,-20.56
2025-04-03_20:00_00:00,2025-04-03 20:00:00+02:00,2025-04-04 00:00:00+02:00,4.0,1.6,False,False,16,0.0,True,False,14,14,0,-85.72764705882355,True,False,98.301,393.204,16.0,16.0,False,0.0,1.0,16.0,0.0,0.0,4.0,84.21052631578948,0.0,0.0
2025-04-04_00:00_04:00,2025-04-04 00:00:00+02:00,2025-04-04 04:00:00+02:00,4.0,4.47,False,False,16,0.0,True,False,6,6,1,-118.16764705882355,False,False,0.074,0.296,0.296,0.0,False,0.0,1.0,0.0,0.0,0.0,4.0,84.21052631578948,0.0,0.0
2025-04-04_04:00_08:00,2025-04-04 04:00:00+02:00,2025-04-04 08:00:00+02:00,4.0,2.7,False,False,16,0.0,True,False,12,12,2,-115.02764705882353,True,False,16.738,66.952,16.0,16.0,False,0.0,1.0,16.0,0.0,0.0,4.0,84.21052631578948,0.0,0.0
2025-04-04_08:00_12:00,2025-04-04 08:00:00+02:00,2025-04-04 12:00:00+02:00,4.0,23.84,False,False,16,0.0,True,False,16,8,0,-70.69764705882355,True,False,95.872,383.488,16.0,16.0,False,0.0,1.0,16.0,0.0,0.0,0.0,83.52854903855064,12.0,-69.84
2025-04-04_12:00_16:00,2025-04-04 12:00:00+02:00,2025-04-04 16:00:00+02:00,4.0,80.12,False,False,16,0.0,True,False,16,4,0,-42.36764705882353,True,False,125.542,502.168,16.0,16.0,False,0.0,1.0,16.0,0.0,0.0,0.0,82.36408157894738,24.0,-995.2
2025-04-04_16:00_20:00,2025-04-04 16:00:00+02:00,2025-04-04 20:00:00+02:00,4.0,15.71,False,False,16,0.0,True,False,15,10,1,-109.21764705882353,True,False,141.5,566.0,16.0,16.0,False,0.0,1.0,16.0,0.0,0.0,0.0,79.0145916268421,16.939425789473685,-372.75494053157894
2025-04-04_20:00_00:00,2025-04-04 20:00:00+02:00,2025-04-05 00:00:00+02:00,4.0,1.47,False,False,16,0.0,True,False,14,14,0,-93.30764705882353,True,False,54.797,219.188,16.0,16.0,False,0.0,1.0,16.0,0.0,0.0,4.0,84.21052631578948,0.0,0.0
2025-04-05_00:00_04:00,2025-04-05 00:00:00+02:00,2025-04-05 04:00:00+02:00,4.0,4.16,False,False,16,0.0,True,False,15,15,1,-102.24764705882353,True,False,49.487,197.948,16.0,16.0,False,0.0,1.0,16.0,0.0,0.0,4.0,84.21052631578948,0.0,0.0
2025-04-05_04:00_08:00,2025-04-05 04:00:00+02:00,2025-04-05 08:00:00+02:00,4.0,2.93,False,False,16,0.0,True,False,12,12,1,-91.34764705882353,True,False,33.423,133.692,16.0,16.0,False,0.0,1.0,16.0,0.0,0.0,0.0,81.16684210526317,0.0,0.0
2025-04-05_08:00_12:00,2025-04-05 08:00:00+02:00,2025-04-05 12:00:00+02:00,4.0,33.11,False,False,16,0.0,True,False,16,4,0,-24.997647058823524,True,False,78.058,312.232,16.0,16.0,False,0.0,1.0,16.0,0.0,0.0,0.0,69.49249529837685,0.0,0.0
2025-04-05_12:00_16:00,2025-04-05 12:00:00+02:00,2025-04-05 16:00:00+02:00,4.0,88.14,False,False,16,34.959852941176464,True,False,16,1,0,-0.21764705882353041,True,False,100.092,400.368,16.0,16.0,False,0.0,1.0,16.0,0.0,0.0,0.0,47.48259445232246,0.0,0.0
2025-04-05_16:00_20:00,2025-04-05 16:00:00+02:00,2025-04-05 20:00:00+02:00,4.0,34.49,False,False,16,0.3880882352941164,True,False,15,8,0,-56.35764705882354,True,False,124.586,498.344,16.0,16.0,False,0.0,1.0,16.0,0.0,0.0,0.0,37.35938850248629,20.0,-13479.519999999999
2025-04-05_20:00_00:00,2025-04-05 20:00:00+02:00,2025-04-06 00:00:00+02:00,4.0,3.23,False,False,16,0.0,True,False,16,14,0,-94.78764705882355,True,False,147.8,591.2,16.0,16.0,False,0.0,1.0,16.0,0.0,0.0,4.0,42.474163762448704,0.0,0.0
2025-04-06_00:00_04:00,2025-04-06 00:00:00+02:00,2025-04-06 04:00:00+02:00,4.0,5.61,False,False,16,0.0,True,False,15,15,0,-57.80764705882353,True,False,9.159,36.636,16.0,16.0,False,0.0,1.0,16.0,0.0,0.0,4.0,51.73997762529053,0.0,0.0
2025-04-06_04:00_08:00,2025-04-06 04:00:00+02:00,2025-04-06 08:00:00+02:00,4.0,3.5,False,False,16,0.0,True,False,14,11,0,-63.14764705882353,True,False,89.106,356.424,13.278543013770312,13.0,False,0.0,1.0,13.0,0.0,0.0,0.0,57.94874012380194,0.0,0.0
2025-04-06_08:00_12:00,2025-04-06 08:00:00+02:00,2025-04-06 12:00:00+02:00,4.0,34.94,False,False,16,6.203088235294117,True,False,16,4,0,-43.05764705882353,True,False,74.357,297.428,13.278543013770312,13.0,False,0.0,1.0,13.0,0.0,0.0,0.0,29.10841219138199,0.0,0.0
2025-04-06_12:00_16:00,2025-04-06 12:00:00+02:00,2025-04-06 16:00:00+02:00,4.0,85.53,False,False,16,84.97485294117647,True,False,16,1,0,-25.067647058823532,True,False,284.003,1136.012,13.278543013770312,13.0,False,0.0,1.0,13.0,0.0,0.0,0.0,2.443517655493589,3.6950324672202473,-409.63129931603663
2025-04-06_16:00_20:00,2025-04-06 16:00:00+02:00,2025-04-06 20:00:00+02:00,4.0,26.75,False,False,16,4.050588235294116,True,False,13,8,0,-80.05764705882353,True,False,111.109,444.436,13.278543013770312,13.0,False,0.0,1.0,13.0,0.0,0.0,0.0,0.0,10.796135180789458,-1627.0620423880891
2025-04-06_20:00_00:00,2025-04-06 20:00:00+02:00,2025-04-07 00:00:00+02:00,4.0,2.2,False,False,16,0.0,True,False,16,16,0,-81.14764705882354,True,False,80.904,323.616,13.278543013770312,13.0,False,0.0,1.0,13.0,0.0,0.0,4.0,6.067383535321818,0.0,0.0
2025-04-07_00:00_04:00,2025-04-07 00:00:00+02:00,2025-04-07 04:00:00+02:00,4.0,4.0,False,False,16,0.0,True,False,13,13,0,-89.51764705882354,True,False,5.48,21.92,13.278543013770312,13.0,False,0.0,1.0,13.0,0.0,0.0,4.0,14.809389666003634,0.0,0.0
2025-04-07_04:00_08:00,2025-04-07 04:00:00+02:00,2025-04-07 08:00:00+02:00,4.0,2.56,False,False,16,0.0,True,False,13,13,1,-104.83764705882353,True,False,37.237,148.948,4.02171027206499,4.0,False,0.0,1.0,4.0,0.0,0.0,4.0,37.54079319984586,0.0,0.0
2025-04-07_08:00_12:00,2025-04-07 08:00:00+02:00,2025-04-07 12:00:00+02:00,4.0,31.82,False,False,16,0.0,True,False,16,11,0,-60.06764705882353,True,False,134.157,536.628,4.02171027206499,4.0,False,0.0,1.0,4.0,0.0,0.0,0.0,68.54827416960042,8.0,-224.60000000000002
2025-04-07_12:00_16:00,2025-04-07 12:00:00+02:00,2025-04-07 16:00:00+02:00,4.0,94.0,False,False,16,0.0,True,False,16,5,0,-48.86764705882353,True,False,84.633,338.532,4.02171027206499,4.0,False,0.0,1.0,4.0,0.0,0.0,0.0,82.36408157894738,20.0,-559.88
2025-04-07_16:00_20:00,2025-04-07 16:00:00+02:00,2025-04-07 20:00:00+02:00,4.0,17.34,False,False,16,0.0,True,False,12,12,0,-100.80764705882353,True,False,30.901,123.604,4.02171027206499,4.0,False,0.0,1.0,4.0,0.0,0.0,4.0,84.21052631578948,0.0,0.0
2025-04-07_20:00_00:00,2025-04-07 20:00:00+02:00,2025-04-08 00:00:00+02:00,4.0,1.69,False,False,16,0.0,True,False,13,13,1,-83.71764705882353,True,False,73.715,294.86,4.02171027206499,4.0,False,0.0,1.0,4.0,0.0,0.0,4.0,84.21052631578948,0.0,0.0
2025-04-08_00:00_04:00,2025-04-08 00:00:00+02:00,2025-04-08 04:00:00+02:00,4.0,3.21,False,False,16,0.0,True,False,8,8,1,-104.36764705882354,True,False,9.926,39.704,4.02171027206499,4.0,False,0.0,1.0,4.0,0.0,0.0,4.0,84.21052631578948,0.0,0.0
2025-04-08_04:00_08:00,2025-04-08 04:00:00+02:00,2025-04-08 08:00:00+02:00,4.0,2.23,False,False,16,0.0,True,False,10,10,1,-122.55764705882353,True,False,18.97,75.88,16.0,16.0,False,0.0,1.0,16.0,0.0,0.0,4.0,84.21052631578948,0.0,0.0
2025-04-08_08:00_12:00,2025-04-08 08:00:00+02:00,2025-04-08 12:00:00+02:00,4.0,24.7,False,False,16,0.0,True,False,16,12,0,-94.39764705882354,True,False,132.828,531.312,16.0,16.0,False,0.0,1.0,16.0,0.0,0.0,0.0,83.18909254802723,4.0,-299.28
2025-04-08_12:00_16:00,2025-04-08 12:00:00+02:00,2025-04-08 16:00:00+02:00,4.0,77.06,False,False,16,0.0,True,False,16,9,0,-60.047647058823536,True,False,131.533,526.132,16.0,16.0,False,0.0,1.0,16.0,0.0,0.0,0.0,82.96335360465531,16.0,-508.4
2025-04-08_16:00_20:00,2025-04-08 16:00:00+02:00,2025-04-08 20:00:00+02:00,4.0,15.15,False,False,16,0.0,True,False,12,12,0,-96.26764705882354,True,False,113.536,454.144,16.0,16.0,False,0.0,1.0,16.0,0.0,0.0,4.0,84.21052631578948,0.0,0.0
2025-04-08_20:00_00:00,2025-04-08 20:00:00+02:00,2025-04-09 00:00:00+02:00,4.0,1.48,False,False,16,0.0,True,False,15,15,0,-106.03764705882355,True,False,138.873,555.492,16.0,16.0,False,0.0,1.0,16.0,0.0,0.0,4.0,84.21052631578948,0.0,0.0
2025-04-09_00:00_04:00,2025-04-09 00:00:00+02:00,2025-04-09 04:00:00+02:00,4.0,2.4,False,False,16,0.0,True,False,9,9,1,-99.00764705882355,True,False,29.311,117.244,16.0,16.0,False,0.0,1.0,16.0,0.0,0.0,4.0,84.21052631578948,0.0,0.0
2025-04-09_04:00_08:00,2025-04-09 04:00:00+02:00,2025-04-09 08:00:00+02:00,4.0,1.84,False,False,16,0.0,True,False,13,13,0,-105.25764705882355,True,False,42.713,170.852,16.0,16.0,False,0.0,1.0,16.0,0.0,0.0,4.0,84.21052631578948,0.0,0.0
2025-04-09_08:00_12:00,2025-04-09 08:00:00+02:00,2025-04-09 12:00:00+02:00,4.0,19.3,False,False,16,0.0,True,False,15,15,0,-79.21764705882353,True,False,209.804,839.216,16.0,16.0,False,0.0,1.0,16.0,0.0,0.0,4.0,84.21052631578948,0.0,0.0
2025-04-09_12:00_16:00,2025-04-09 12:00:00+02:00,2025-04-09 16:00:00+02:00,4.0,63.47,False,False,16,0.0,True,False,14,9,0,-28.737647058823534,True,False,193.794,775.176,16.0,16.0,False,0.0,1.0,16.0,0.0,0.0,0.0,83.75542007064027,20.0,-482.59999999999997
2025-04-09_16:00_20:00,2025-04-09 16:00:00+02:00,2025-04-09 20:00:00+02:00,4.0,11.6,False,False,16,0.0,True,False,15,15,0,-95.85764705882355,True,False,67.257,269.028,16.0,16.0,False,0.0,1.0,16.0,0.0,0.0,4.0,84.21052631578948,0.0,0.0
2025-04-09_20:00_00:00,2025-04-09 20:00:00+02:00,2025-04-10 00:00:00+02:00,4.0,1.33,False,False,16,0.0,True,False,16,16,0,-94.51764705882354,True,False,128.274,513.096,16.0,16.0,False,0.0,1.0,16.0,0.0,0.0,4.0,84.21052631578948,0.0,0.0
2025-04-10_00:00_04:00,2025-04-10 00:00:00+02:00,2025-04-10 04:00:00+02:00,4.0,2.0,False,False,16,0.0,True,False,14,14,1,-95.30764705882353,True,False,4.997,19.988,16.0,16.0,False,0.0,1.0,16.0,0.0,0.0,4.0,84.21052631578948,0.0,0.0
2025-04-10_04:00_08:00,2025-04-10 04:00:00+02:00,2025-04-10 08:00:00+02:00,4.0,1.62,False,False,16,0.0,True,False,5,5,0,-120.30764705882353,True,False,26.337,105.348,16.0,16.0,False,0.0,1.0,16.0,0.0,0.0,4.0,84.21052631578948,0.0,0.0
2025-04-10_08:00_12:00,2025-04-10 08:00:00+02:00,2025-04-10 12:00:00+02:00,4.0,16.97,False,False,16,0.0,True,False,13,13,0,-181.83764705882353,True,False,25.65,102.6,16.0,16.0,False,0.0,1.0,16.0,0.0,0.0,4.0,84.21052631578948,0.0,0.0
2025-04-10_12:00_16:00,2025-04-10 12:00:00+02:00,2025-04-10 16:00:00+02:00,4.0,59.83,False,False,16,0.0,True,False,16,13,7,-55.97764705882353,True,False,156.304,625.216,16.0,16.0,False,0.0,1.0,16.0,0.0,0.0,0.0,82.36408157894738,12.0,-1030.6
2025-04-10_16:00_20:00,2025-04-10 16:00:00+02:00,2025-04-10 20:00:00+02:00,4.0,13.36,False,False,16,0.0,True,False,15,13,0,-74.33764705882353,True,False,138.279,553.116,16.0,16.0,False,0.0,1.0,16.0,0.0,0.0,0.0,82.67947368421054,8.0,-884.6
2025-04-10_20:00_00:00,2025-04-10 20:00:00+02:00,2025-04-11 00:00:00+02:00,4.0,1.15,False,False,16,0.0,True,False,16,14,0,-46.53764705882353,True,False,138.571,554.284,16.0,16.0,False,0.0,1.0,16.0,0.0,0.0,0.0,81.79767628263158,8.0,-78.84
2025-04-11_00:00_04:00,2025-04-11 00:00:00+02:00,2025-04-11 04:00:00+02:00,4.0,4.5,False,False,16,0.0,True,False,13,13,0,-107.01764705882354,True,False,57.019,228.076,16.0,16.0,False,0.0,1.0,16.0,0.0,0.0,4.0,84.21052631578948,0.0,0.0
2025-04-11_04:00_08:00,2025-04-11 04:00:00+02:00,2025-04-11 08:00:00+02:00,4.0,3.6,False,False,16,0.0,True,False,15,15,3,-90.99764705882353,True,False,60.604,242.416,16.0,16.0,False,0.0,1.0,16.0,0.0,0.0,4.0,84.21052631578948,0.0,0.0
2025-04-11_08:00_12:00,2025-04-11 08:00:00+02:00,2025-04-11 12:00:00+02:00,4.0,30.58,False,False,16,0.0,True,False,15,8,0,-40.60764705882354,True,False,93.447,373.788,16.0,16.0,False,0.0,1.0,16.0,0.0,0.0,0.0,83.28684210526316,16.0,-477.16
2025-04-11_12:00_16:00,2025-04-11 12:00:00+02:00,2025-04-11 16:00:00+02:00,4.0,87.52,False,False,16,0.8392647058823517,True,False,8,5,0,-73.77764705882353,True,False,82.684,330.736,16.0,16.0,False,0.0,1.0,16.0,0.0,0.0,0.0,83.52854903855064,12.0,-299.28
2025-04-11_16:00_20:00,2025-04-11 16:00:00+02:00,2025-04-11 20:00:00+02:00,4.0,30.68,False,False,16,0.0,True,False,13,10,1,-114.90764705882353,True,False,31.582,126.328,16.0,16.0,False,0.0,1.0,16.0,0.0,0.0,0.0,79.62196004789475,12.0,-144.6
2025-04-11_20:00_00:00,2025-04-11 20:00:00+02:00,2025-04-12 00:00:00+02:00,4.0,1.5,False,False,16,0.0,True,False,12,12,0,-86.95764705882354,True,False,11.077,44.308,16.0,16.0,False,0.0,1.0,16.0,0.0,0.0,4.0,84.21052631578948,0.0,0.0
2025-04-12_00:00_04:00,2025-04-12 00:00:00+02:00,2025-04-12 04:00:00+02:00,4.0,3.35,False,False,16,0.0,True,False,10,10,1,-113.82764705882354,False,False,0.173,0.692,0.692,0.0,False,0.0,1.0,0.0,0.0,0.0,4.0,84.21052631578948,0.0,0.0
2025-04-12_04:00_08:00,2025-04-12 04:00:00+02:00,2025-04-12 08:00:00+02:00,4.0,2.8,False,False,16,0.0,True,False,12,12,1,-110.09764705882353,True,False,12.178,48.712,16.0,16.0,False,0.0,1.0,16.0,0.0,0.0,4.0,84.21052631578948,0.0,0.0
2025-04-12_08:00_12:00,2025-04-12 08:00:00+02:00,2025-04-12 12:00:00+02:00,4.0,29.7,False,False,16,0.0,True,False,14,9,0,-55.017647058823535,True,False,146.127,584.508,16.0,16.0,False,0.0,1.0,16.0,0.0,0.0,0.0,67.4261854132544,4.0,-53.52
2025-04-12_12:00_16:00,2025-04-12 12:00:00+02:00,2025-04-12 16:00:00+02:00,4.0,87.25,False,False,16,24.742352941176467,True,False,16,4,0,-15.697647058823527,True,False,127.673,510.692,16.0,16.0,False,0.0,1.0,16.0,0.0,0.0,0.0,49.421085541524704,8.0,-143.92
2025-04-12_16:00_20:00,2025-04-12 16:00:00+02:00,2025-04-12 20:00:00+02:00,4.0,29.45,False,False,16,0.0,True,False,12,10,0,-61.84764705882353,True,False,112.242,448.968,16.0,16.0,False,0.0,1.0,16.0,0.0,0.0,0.0,52.69565420502124,4.0,-77.88
2025-04-12_20:00_00:00,2025-04-12 20:00:00+02:00,2025-04-13 00:00:00+02:00,4.0,1.81,False,False,16,0.0,True,False,16,16,0,-43.22764705882353,True,False,167.241,668.964,16.0,16.0,False,0.0,1.0,16.0,0.0,0.0,4.0,60.169479628353315,0.0,0.0
2025-04-13_00:00_04:00,2025-04-13 00:00:00+02:00,2025-04-13 04:00:00+02:00,4.0,6.66,False,False,16,0.0,True,False,15,11,1,-17.207647058823532,True,False,108.076,432.304,16.0,16.0,False,0.0,1.0,16.0,0.0,0.0,0.0,61.599390873892816,8.0,-83.16
2025-04-13_04:00_08:00,2025-04-13 04:00:00+02:00,2025-04-13 08:00:00+02:00,4.0,9.5,False,False,16,0.0,True,False,15,9,0,-35.41764705882354,True,False,195.13,780.52,15.624067436041871,15.0,False,0.0,1.0,15.0,0.0,0.0,0.0,47.53782312388759,24.0,-749.44
2025-04-13_08:00_12:00,2025-04-13 08:00:00+02:00,2025-04-13 12:00:00+02:00,4.0,35.6,False,False,16,0.0,True,False,11,10,0,-40.50764705882353,True,False,10.37,41.48,15.624067436041871,15.0,False,0.0,1.0,15.0,0.0,0.0,0.4024494048902847,51.46129131667538,3.5975505951097153,-15.433492053020679
2025-04-13_12:00_16:00,2025-04-13 12:00:00+02:00,2025-04-13 16:00:00+02:00,4.0,86.9,False,False,16,11.544852941176469,True,False,14,10,0,-81.03764705882355,True,False,58.518,234.072,15.624067436041871,15.0,False,0.0,1.0,15.0,0.0,0.0,0.0,76.38385167573071,16.0,-146.07999999999998
2025-04-13_16:00_20:00,2025-04-13 16:00:00+02:00,2025-04-13 20:00:00+02:00,4.0,26.43,False,False,16,0.0,True,False,14,12,0,-84.40764705882353,True,False,89.201,356.804,15.624067436041871,15.0,False,0.0,1.0,15.0,0.0,0.0,0.0,81.09657894736843,4.886052631578948,-773.9558789473684
2025-04-13_20:00_00:00,2025-04-13 20:00:00+02:00,2025-04-14 00:00:00+02:00,4.0,1.54,False,False,16,0.0,True,False,14,14,1,-94.09764705882353,True,False,45.669,182.676,15.624067436041871,15.0,False,0.0,1.0,15.0,0.0,0.0,4.0,84.21052631578948,0.0,0.0
2025-04-14_00:00_04:00,2025-04-14 00:00:00+02:00,2025-04-14 04:00:00+02:00,4.0,4.0,False,False,16,0.0,True,False,10,10,3,-112.43764705882353,True,False,0.492,1.968,1.968,1.0,False,0.0,1.0,1.0,0.0,0.0,4.0,84.21052631578948,0.0,0.0
2025-04-14_04:00_08:00,2025-04-14 04:00:00+02:00,2025-04-14 08:00:00+02:00,4.0,4.4,False,False,16,0.0,True,False,12,12,0,-103.95764705882354,True,False,19.413,77.652,16.0,16.0,False,0.0,1.0,16.0,0.0,0.0,4.0,84.21052631578948,0.0,0.0
2025-04-14_08:00_12:00,2025-04-14 08:00:00+02:00,2025-04-14 12:00:00+02:00,4.0,21.39,False,False,16,0.0,True,False,16,13,0,-75.52764705882353,True,False,179.998,719.992,16.0,16.0,False,0.0,1.0,16.0,0.0,0.0,0.0,83.9827455263158,12.0,-512.08
2025-04-14_12:00_16:00,2025-04-14 12:00:00+02:00,2025-04-14 16:00:00+02:00,4.0,63.0,False,False,16,0.0,True,False,16,13,0,-64.55764705882353,True,False,185.093,740.372,16.0,16.0,False,0.0,1.0,16.0,0.0,0.0,0.0,83.28684210526316,12.0,-69.0
2025-04-14_16:00_20:00,2025-04-14 16:00:00+02:00,2025-04-14 20:00:00+02:00,4.0,15.89,False,False,16,0.0,True,False,14,14,2,-92.00764705882355,True,False,150.528,602.112,16.0,16.0,False,0.0,1.0,16.0,0.0,0.0,4.0,84.21052631578948,0.0,0.0
2025-04-14_20:00_00:00,2025-04-14 20:00:00+02:00,2025-04-15 00:00:00+02:00,4.0,1.55,False,False,16,0.0,True,False,16,16,1,-80.47764705882355,True,False,104.907,419.628,16.0,16.0,False,0.0,1.0,16.0,0.0,0.0,4.0,84.21052631578948,0.0,0.0
2025-04-15_00:00_04:00,2025-04-15 00:00:00+02:00,2025-04-15 04:00:00+02:00,4.0,6.05,False,False,16,0.0,True,False,11,11,0,-53.747647058823524,True,False,151.519,606.076,16.0,16.0,False,0.0,1.0,16.0,0.0,0.0,4.0,84.21052631578948,0.0,0.0
2025-04-15_04:00_08:00,2025-04-15 04:00:00+02:00,2025-04-15 08:00:00+02:00,4.0,5.92,False,False,16,0.0,True,False,12,12,0,-72.80764705882353,True,False,77.381,309.524,16.0,16.0,False,0.0,1.0,16.0,0.0,0.0,4.0,84.21052631578948,0.0,0.0
2025-04-15_08:00_12:00,2025-04-15 08:00:00+02:00,2025-04-15 12:00:00+02:00,4.0,23.46,False,False,16,0.0,True,False,16,6,0,-82.25764705882355,True,False,94.711,378.844,16.0,16.0,False,0.0,1.0,16.0,0.0,0.0,0.0,83.18909254802723,24.0,-483.84000000000003
2025-04-15_12:00_16:00,2025-04-15 12:00:00+02:00,2025-04-15 16:00:00+02:00,4.0,67.19,False,False,16,0.0,True,False,13,8,0,-31.587647058823528,True,False,194.639,778.556,16.0,16.0,False,0.0,1.0,16.0,0.0,0.0,0.0,82.36408157894738,20.0,-270.52
2025-04-15_16:00_20:00,2025-04-15 16:00:00+02:00,2025-04-15 20:00:00+02:00,4.0,15.4,False,False,16,0.0,True,False,13,11,1,-83.69764705882355,True,False,101.397,405.588,16.0,16.0,False,0.0,1.0,16.0,0.0,0.0,0.0,81.14995210526317,8.0,-42.2
2025-04-15_20:00_00:00,2025-04-15 20:00:00+02:00,2025-04-16 00:00:00+02:00,4.0,1.4,False,False,16,0.0,True,False,12,12,2,-107.81764705882352,True,False,1.98,7.92,7.92,7.0,False,0.0,1.0,7.0,0.0,0.0,4.0,84.21052631578948,0.0,0.0
2025-04-16_00:00_04:00,2025-04-16 00:00:00+02:00,2025-04-16 04:00:00+02:00,4.0,4.0,False,False,16,0.0,True,False,10,10,0,-100.28764705882355,True,False,33.574,134.296,16.0,16.0,False,0.0,1.0,16.0,0.0,0.0,4.0,84.21052631578948,0.0,0.0
2025-04-16_04:00_08:00,2025-04-16 04:00:00+02:00,2025-04-16 08:00:00+02:00,4.0,3.69,False,False,16,0.0,True,False,15,15,1,-98.04764705882354,True,False,94.377,377.508,16.0,16.0,False,0.0,1.0,16.0,0.0,0.0,4.0,84.21052631578948,0.0,0.0
2025-04-16_08:00_12:00,2025-04-16 08:00:00+02:00,2025-04-16 12:00:00+02:00,4.0,19.74,False,False,16,0.0,True,False,13,7,1,-91.73764705882354,True,False,206.356,825.424,16.0,16.0,False,0.0,1.0,16.0,0.0,0.0,0.0,83.75542007064027,24.0,-502.36
2025-04-16_12:00_16:00,2025-04-16 12:00:00+02:00,2025-04-16 16:00:00+02:00,4.0,55.0,False,False,16,0.0,True,False,14,14,1,-85.70764705882354,True,False,9.776,39.104,16.0,16.0,False,0.0,1.0,16.0,0.0,0.0,4.0,84.21052631578948,0.0,0.0
2025-04-16_16:00_20:00,2025-04-16 16:00:00+02:00,2025-04-16 20:00:00+02:00,4.0,12.1,False,False,16,0.0,True,False,11,11,1,-114.16764705882355,True,False,36.144,144.576,16.0,16.0,False,0.0,1.0,16.0,0.0,0.0,4.0,84.21052631578948,0.0,0.0
2025-04-16_20:00_00:00,2025-04-16 20:00:00+02:00,2025-04-17 00:00:00+02:00,4.0,1.55,False,False,16,0.0,True,False,16,16,0,-87.50764705882355,True,False,81.225,324.9,16.0,16.0,False,0.0,1.0,16.0,0.0,0.0,4.0,84.21052631578948,0.0,0.0
2025-04-17_00:00_04:00,2025-04-17 00:00:00+02:00,2025-04-17 04:00:00+02:00,4.0,3.54,False,False,16,0.0,True,False,16,16,0,-87.24764705882353,True,False,30.356,121.424,16.0,16.0,False,0.0,1.0,16.0,0.0,0.0,4.0,84.21052631578948,0.0,0.0
2025-04-17_04:00_08:00,2025-04-17 04:00:00+02:00,2025-04-17 08:00:00+02:00,4.0,3.24,False,False,16,0.0,True,False,12,12,0,-82.40764705882353,True,False,66.97,267.88,16.0,16.0,False,0.0,1.0,16.0,0.0,0.0,4.0,84.21052631578948,0.0,0.0
2025-04-17_08:00_12:00,2025-04-17 08:00:00+02:00,2025-04-17 12:00:00+02:00,4.0,15.89,False,False,16,0.0,True,False,11,11,0,-94.08764705882353,True,False,21.423,85.692,16.0,16.0,False,0.0,1.0,16.0,0.0,0.0,4.0,84.21052631578948,0.0,0.0
2025-04-17_12:00_16:00,2025-04-17 12:00:00+02:00,2025-04-17 16:00:00+02:00,4.0,42.51,False,False,16,0.0,True,False,9,9,0,-93.24764705882353,True,False,7.244,28.976,16.0,16.0,False,0.0,1.0,16.0,0.0,0.0,4.0,84.21052631578948,0.0,0.0
2025-04-17_16:00_20:00,2025-04-17 16:00:00+02:00,2025-04-17 20:00:00+02:00,4.0,10.44,False,False,16,0.0,True,False,4,4,0,-159.73764705882354,True,False,0.444,1.776,1.776,1.0,False,0.0,1.0,1.0,0.0,0.0,4.0,84.21052631578948,0.0,0.0
2025-04-17_20:00_00:00,2025-04-17 20:00:00+02:00,2025-04-18 00:00:00+02:00,4.0,1.66,False,False,16,0.0,True,False,9,9,0,-117.32764705882354,True,False,62.486,249.944,16.0,16.0,False,0.0,1.0,16.0,0.0,0.0,4.0,84.21052631578948,0.0,0.0
2025-04-18_00:00_04:00,2025-04-18 00:00:00+02:00,2025-04-18 04:00:00+02:00,4.0,4.15,False,False,16,0.0,True,False,12,12,1,-105.06764705882352,True,False,5.577,22.308,16.0,16.0,False,0.0,1.0,16.0,0.0,0.0,4.0,84.21052631578948,0.0,0.0
2025-04-18_04:00_08:00,2025-04-18 04:00:00+02:00,2025-04-18 08:00:00+02:00,4.0,3.6,False,False,16,0.0,True,False,14,14,2,-95.45764705882354,True,False,76.642,306.568,16.0,16.0,False,0.0,1.0,16.0,0.0,0.0,4.0,84.21052631578948,0.0,0.0
2025-04-18_08:00_12:00,2025-04-18 08:00:00+02:00,2025-04-18 12:00:00+02:00,4.0,16.64,False,False,16,0.0,True,False,11,11,0,-75.45764705882354,True,False,86.716,346.864,16.0,16.0,False,0.0,1.0,16.0,0.0,0.0,4.0,84.21052631578948,0.0,0.0
2025-04-18_12:00_16:00,2025-04-18 12:00:00+02:00,2025-04-18 16:00:00+02:00,4.0,43.28,False,False,16,0.0,True,False,10,10,1,-101.68764705882353,True,False,9.243,36.972,16.0,16.0,False,0.0,1.0,16.0,0.0,0.0,4.0,84.21052631578948,0.0,0.0
2025-04-18_16:00_20:00,2025-04-18 16:00:00+02:00,2025-04-18 20:00:00+02:00,4.0,9.8,False,False,16,0.0,True,False,15,15,1,-118.62764705882353,True,False,14.879,59.516,16.0,16.0,False,0.0,1.0,16.0,0.0,0.0,4.0,84.21052631578948,0.0,0.0
2025-04-18_20:00_00:00,2025-04-18 20:00:00+02:00,2025-04-19 00:00:00+02:00,4.0,1.37,False,False,16,0.0,True,False,13,13,0,-87.91764705882355,True,False,20.154,80.616,16.0,16.0,False,0.0,1.0,16.0,0.0,0.0,4.0,84.21052631578948,0.0,0.0
2025-04-19_00:00_04:00,2025-04-19 00:00:00+02:00,2025-04-19 04:00:00+02:00,4.0,3.48,False,False,16,0.0,True,False,11,11,0,-91.20764705882354,True,False,33.478,133.912,16.0,16.0,False,0.0,1.0,16.0,0.0,0.0,4.0,84.21052631578948,0.0,0.0
2025-04-19_04:00_08:00,2025-04-19 04:00:00+02:00,2025-04-19 08:00:00+02:00,4.0,3.1,False,False,16,0.0,True,False,11,11,0,-100.32764705882354,True,False,151.691,606.764,16.0,16.0,False,0.0,1.0,16.0,0.0,0.0,4.0,84.21052631578948,0.0,0.0
2025-04-19_08:00_12:00,2025-04-19 08:00:00+02:00,2025-04-19 12:00:00+02:00,4.0,25.36,False,False,16,0.0,True,False,14,14,1,-97.49764705882353,True,False,8.277,33.108,16.0,16.0,False,0.0,1.0,16.0,0.0,0.0,0.0,81.52842105263159,0.0,0.0
2025-04-19_12:00_16:00,2025-04-19 12:00:00+02:00,2025-04-19 16:00:00+02:00,4.0,72.92,False,False,16,1.1936764705882332,True,False,16,14,0,-46.027647058823526,True,False,108.593,434.372,16.0,16.0,False,0.0,1.0,16.0,0.0,0.0,0.0,81.52842105263159,8.0,-79.16
2025-04-19_16:00_20:00,2025-04-19 16:00:00+02:00,2025-04-19 20:00:00+02:00,4.0,20.32,False,False,16,0.0,True,False,12,12,1,-123.15764705882353,True,False,113.377,453.508,16.0,16.0,False,0.0,1.0,16.0,0.0,0.0,4.0,84.21052631578948,0.0,0.0
2025-04-19_20:00_00:00,2025-04-19 20:00:00+02:00,2025-04-20 00:00:00+02:00,4.0,1.46,False,False,16,0.0,True,False,14,14,0,-90.98764705882354,True,False,11.986,47.944,16.0,16.0,False,0.0,1.0,16.0,0.0,0.0,4.0,84.21052631578948,0.0,0.0
2025-04-20_00:00_04:00,2025-04-20 00:00:00+02:00,2025-04-20 04:00:00+02:00,4.0,3.56,False,False,16,0.0,True,False,12,12,0,-83.99764705882353,True,False,21.571,86.284,16.0,16.0,False,0.0,1.0,16.0,0.0,0.0,4.0,84.21052631578948,0.0,0.0
2025-04-20_04:00_08:00,2025-04-20 04:00:00+02:00,2025-04-20 08:00:00+02:00,4.0,3.45,False,False,16,0.0,True,False,7,7,0,-80.05764705882353,True,False,25.882,103.528,16.0,16.0,False,0.0,1.0,16.0,0.0,0.0,0.0,76.12481696210399,0.0,0.0
2025-04-20_08:00_12:00,2025-04-20 08:00:00+02:00,2025-04-20 12:00:00+02:00,4.0,31.16,False,False,16,0.7430882352941168,True,False,14,1,0,-11.38764705882354,True,False,76.999,307.996,16.0,16.0,False,0.0,1.0,16.0,0.0,0.0,0.0,50.499848559315396,20.457,-1318.16677
2025-04-20_12:00_16:00,2025-04-20 12:00:00+02:00,2025-04-20 16:00:00+02:00,4.0,79.55,False,False,16,30.307352941176468,True,False,15,6,0,-21.087647058823528,True,False,62.181,248.724,16.0,16.0,False,0.0,1.0,16.0,0.0,0.0,0.0,36.16831374447676,4.729,-184.32854
2025-04-20_16:00_20:00,2025-04-20 16:00:00+02:00,2025-04-20 20:00:00+02:00,4.0,22.62,False,False,16,0.0,True,False,15,11,0,-96.18764705882353,True,False,49.813,199.252,16.0,16.0,False,0.0,1.0,16.0,0.0,0.0,0.0,34.44384348011362,16.0,-788.48
2025-04-20_20:00_00:00,2025-04-20 20:00:00+02:00,2025-04-21 00:00:00+02:00,4.0,1.36,False,False,16,0.0,True,False,10,10,0,-100.51764705882354,True,False,5.897,23.588,16.0,16.0,False,0.0,1.0,16.0,0.0,0.0,4.0,40.16833442755431,0.0,0.0
2025-04-21_00:00_04:00,2025-04-21 00:00:00+02:00,2025-04-21 04:00:00+02:00,4.0,3.15,False,False,16,0.0,True,False,8,8,3,-96.60764705882355,True,False,1.014,4.056,4.056,4.0,False,0.0,1.0,4.0,0.0,0.0,4.0,48.368798423450066,0.0,0.0
2025-04-21_04:00_08:00,2025-04-21 04:00:00+02:00,2025-04-21 08:00:00+02:00,4.0,3.1,False,False,16,0.0,True,False,14,14,0,-102.57764705882354,True,False,33.733,134.932,12.38641806602523,12.0,False,0.0,1.0,12.0,0.0,0.0,4.0,70.56725981388689,0.0,0.0
2025-04-21_08:00_12:00,2025-04-21 08:00:00+02:00,2025-04-21 12:00:00+02:00,4.0,28.12,False,False,16,0.0,True,False,12,12,0,-78.26764705882354,True,False,86.201,344.804,12.38641806602523,12.0,False,0.0,1.0,12.0,0.0,0.0,4.0,84.21052631578948,0.0,0.0
2025-04-21_12:00_16:00,2025-04-21 12:00:00+02:00,2025-04-21 16:00:00+02:00,4.0,74.93,False,False,16,0.0,True,False,12,10,1,-70.40764705882353,True,False,135.866,543.464,12.38641806602523,12.0,False,0.0,1.0,12.0,0.0,0.0,0.0,84.09657894736843,8.0,-80.92
2025-04-21_16:00_20:00,2025-04-21 16:00:00+02:00,2025-04-21 20:00:00+02:00,4.0,20.34,False,False,16,0.0,True,False,12,12,0,-104.11764705882354,True,False,57.573,230.292,12.38641806602523,12.0,False,0.0,1.0,12.0,0.0,0.0,4.0,84.21052631578948,0.0,0.0
2025-04-21_20:00_00:00,2025-04-21 20:00:00+02:00,2025-04-22 00:00:00+02:00,4.0,2.04,False,False,16,0.0,True,False,15,15,0,-82.04764705882354,True,False,70.691,282.764,12.38641806602523,12.0,False,0.0,1.0,12.0,0.0,0.0,4.0,84.21052631578948,0.0,0.0
2025-04-22_00:00_04:00,2025-04-22 00:00:00+02:00,2025-04-22 04:00:00+02:00,4.0,3.0,False,False,16,0.0,True,False,13,13,0,-96.86764705882354,False,False,0.197,0.788,0.788,0.0,False,0.0,1.0,0.0,0.0,0.0,4.0,84.21052631578948,0.0,0.0
2025-04-22_04:00_08:00,2025-04-22 04:00:00+02:00,2025-04-22 08:00:00+02:00,4.0,13.32,False,False,16,0.0,True,False,15,15,0,-107.21764705882353,True,False,73.573,294.292,16.0,16.0,False,0.0,1.0,16.0,0.0,0.0,4.0,84.21052631578948,0.0,0.0
2025-04-22_08:00_12:00,2025-04-22 08:00:00+02:00,2025-04-22 12:00:00+02:00,4.0,20.0,False,False,16,0.0,True,False,16,16,0,-73.51764705882354,True,False,64.315,257.26,16.0,16.0,False,0.0,1.0,16.0,0.0,0.0,4.0,84.21052631578948,0.0,0.0
2025-04-22_12:00_16:00,2025-04-22 12:00:00+02:00,2025-04-22 16:00:00+02:00,4.0,52.21,False,False,16,0.0,True,False,15,15,0,-92.88764705882355,True,False,88.938,355.752,16.0,16.0,False,0.0,1.0,16.0,0.0,0.0,4.0,84.21052631578948,0.0,0.0
2025-04-22_16:00_20:00,2025-04-22 16:00:00+02:00,2025-04-22 20:00:00+02:00,4.0,14.94,False,False,16,0.0,True,False,10,10,2,-113.76764705882354,True,False,33.893,135.572,16.0,16.0,False,0.0,1.0,16.0,0.0,0.0,4.0,84.21052631578948,0.0,0.0
2025-04-22_20:00_00:00,2025-04-22 20:00:00+02:00,2025-04-23 00:00:00+02:00,4.0,1.3,False,False,16,0.0,True,False,14,14,0,-95.65764705882353,True,False,9.229,36.916,16.0,16.0,False,0.0,1.0,16.0,0.0,0.0,4.0,84.21052631578948,0.0,0.0
2025-04-23_00:00_04:00,2025-04-23 00:00:00+02:00,2025-04-23 04:00:00+02:00,4.0,2.67,False,False,16,0.0,True,False,15,15,1,-174.19764705882352,True,False,4.633,18.532,16.0,16.0,False,0.0,1.0,16.0,0.0,0.0,4.0,84.21052631578948,0.0,0.0
2025-04-23_04:00_08:00,2025-04-23 04:00:00+02:00,2025-04-23 08:00:00+02:00,4.0,4.94,False,False,16,0.0,True,False,16,16,0,-87.93764705882353,True,False,102.875,411.5,16.0,16.0,False,0.0,1.0,16.0,0.0,0.0,4.0,84.21052631578948,0.0,0.0
2025-04-23_08:00_12:00,2025-04-23 08:00:00+02:00,2025-04-23 12:00:00+02:00,4.0,16.54,False,False,16,0.0,True,False,13,12,0,-86.87764705882353,True,False,72.587,290.348,16.0,16.0,False,0.0,1.0,16.0,0.0,0.0,0.0,84.09657894736843,4.0,-48.04
2025-04-23_12:00_16:00,2025-04-23 12:00:00+02:00,2025-04-23 16:00:00+02:00,4.0,39.8,False,False,16,0.0,True,False,12,12,0,-89.12764705882353,True,False,33.992,135.968,16.0,16.0,False,0.0,1.0,16.0,0.0,0.0,4.0,84.21052631578948,0.0,0.0
2025-04-23_16:00_20:00,2025-04-23 16:00:00+02:00,2025-04-23 20:00:00+02:00,4.0,11.0,False,False,16,0.0,True,False,9,9,2,-96.73764705882354,True,False,35.823,143.292,16.0,16.0,False,0.0,1.0,16.0,0.0,0.0,4.0,84.21052631578948,0.0,0.0
2025-04-23_20:00_00:00,2025-04-23 20:00:00+02:00,2025-04-24 00:00:00+02:00,4.0,1.3,False,False,16,0.0,True,False,15,15,1,-77.74764705882353,True,False,54.6,218.4,16.0,16.0,False,0.0,1.0,16.0,0.0,0.0,4.0,84.21052631578948,0.0,0.0
2025-04-24_00:00_04:00,2025-04-24 00:00:00+02:00,2025-04-24 04:00:00+02:00,4.0,4.13,False,False,16,0.0,True,False,11,11,1,-86.00764705882355,True,False,4.866,19.464,16.0,16.0,False,0.0,1.0,16.0,0.0,0.0,4.0,84.21052631578948,0.0,0.0
2025-04-24_04:00_08:00,2025-04-24 04:00:00+02:00,2025-04-24 08:00:00+02:00,4.0,3.75,False,False,16,0.0,True,False,12,12,1,-86.03764705882355,True,False,157.625,630.5,16.0,16.0,False,0.0,1.0,16.0,0.0,0.0,4.0,84.21052631578948,0.0,0.0
2025-04-24_08:00_12:00,2025-04-24 08:00:00+02:00,2025-04-24 12:00:00+02:00,4.0,13.14,False,False,16,0.0,True,False,11,11,0,-322.1976470588235,True,False,60.363,241.452,16.0,16.0,False,0.0,1.0,16.0,0.0,0.0,4.0,84.21052631578948,0.0,0.0
2025-04-24_12:00_16:00,2025-04-24 12:00:00+02:00,2025-04-24 16:00:00+02:00,4.0,30.0,False,False,16,0.0,True,False,11,11,6,-624.6476470588235,True,False,17.111,68.444,16.0,16.0,False,0.0,1.0,16.0,0.0,0.0,4.0,84.21052631578948,0.0,0.0
2025-04-24_16:00_20:00,2025-04-24 16:00:00+02:00,2025-04-24 20:00:00+02:00,4.0,9.25,False,False,16,0.0,True,False,6,6,0,-148.77764705882353,True,False,0.662,2.648,2.648,2.0,False,0.0,1.0,2.0,0.0,0.0,4.0,84.21052631578948,0.0,0.0
2025-04-24_20:00_00:00,2025-04-24 20:00:00+02:00,2025-04-25 00:00:00+02:00,4.0,1.19,False,False,16,0.0,True,False,10,10,1,-171.05764705882353,True,False,0.404,1.616,1.616,1.0,False,0.0,1.0,1.0,0.0,0.0,4.0,84.21052631578948,0.0,0.0
2025-04-25_00:00_04:00,2025-04-25 00:00:00+02:00,2025-04-25 04:00:00+02:00,4.0,2.7,False,False,16,0.0,True,False,9,9,2,-110.47764705882355,True,False,1.758,7.032,7.032,7.0,False,0.0,1.0,7.0,0.0,0.0,4.0,84.21052631578948,0.0,0.0
2025-04-25_04:00_08:00,2025-04-25 04:00:00+02:00,2025-04-25 08:00:00+02:00,4.0,2.82,False,False,16,0.0,True,False,7,7,0,-137.56764705882352,True,False,1.373,5.492,5.492,5.0,False,0.0,1.0,5.0,0.0,0.0,4.0,84.21052631578948,0.0,0.0
2025-04-25_08:00_12:00,2025-04-25 08:00:00+02:00,2025-04-25 12:00:00+02:00,4.0,11.45,False,False,16,0.0,True,False,10,10,1,-100.74764705882353,True,False,29.692,118.768,16.0,16.0,False,0.0,1.0,16.0,0.0,0.0,4.0,84.21052631578948,0.0,0.0
2025-04-25_12:00_16:00,2025-04-25 12:00:00+02:00,2025-04-25 16:00:00+02:00,4.0,26.98,False,False,16,0.0,True,False,13,13,1,-69.41764705882355,True,False,60.112,240.448,16.0,16.0,False,0.0,1.0,16.0,0.0,0.0,4.0,84.21052631578948,0.0,0.0
2025-04-25_16:00_20:00,2025-04-25 16:00:00+02:00,2025-04-25 20:00:00+02:00,4.0,8.03,False,False,16,0.0,True,False,11,11,0,-118.98764705882354,True,False,0.423,1.692,1.692,1.0,False,0.0,1.0,1.0,0.0,0.0,4.0,84.21052631578948,0.0,0.0
2025-04-25_20:00_00:00,2025-04-25 20:00:00+02:00,2025-04-26 00:00:00+02:00,4.0,1.1,False,False,16,0.0,True,False,7,7,0,-114.47764705882355,True,False,12.365,49.46,16.0,16.0,False,0.0,1.0,16.0,0.0,0.0,4.0,84.21052631578948,0.0,0.0
2025-04-26_00:00_04:00,2025-04-26 00:00:00+02:00,2025-04-26 04:00:00+02:00,4.0,2.48,False,False,16,0.0,True,False,9,9,0,-96.14764705882354,True,False,8.137,32.548,16.0,16.0,False,0.0,1.0,16.0,0.0,0.0,4.0,84.21052631578948,0.0,0.0
2025-04-26_04:00_08:00,2025-04-26 04:00:00+02:00,2025-04-26 08:00:00+02:00,4.0,2.92,False,False,16,0.0,True,False,6,6,1,-98.20764705882354,True,False,4.126,16.504,16.0,16.0,False,0.0,1.0,16.0,0.0,0.0,4.0,84.21052631578948,0.0,0.0
2025-04-26_08:00_12:00,2025-04-26 08:00:00+02:00,2025-04-26 12:00:00+02:00,4.0,28.61,False,False,16,0.0,True,False,16,4,0,-17.307647058823527,True,False,120.345,481.38,16.0,16.0,False,0.0,1.0,16.0,0.0,0.0,0.0,67.26192711501308,36.0,-994.08
2025-04-26_12:00_16:00,2025-04-26 12:00:00+02:00,2025-04-26 16:00:00+02:00,4.0,72.48,False,False,16,6.251764705882353,True,False,16,8,0,-45.92764705882353,True,False,128.298,513.192,16.0,16.0,False,0.0,1.0,16.0,0.0,0.0,0.0,58.56468944496195,18.097344438141132,-501.6620293899208
2025-04-26_16:00_20:00,2025-04-26 16:00:00+02:00,2025-04-26 20:00:00+02:00,4.0,22.6,False,False,16,0.0,True,False,12,9,0,-98.40764705882353,True,False,105.447,421.788,16.0,16.0,False,0.0,1.0,16.0,0.0,0.0,0.0,55.704254303679576,8.0,-542.8
2025-04-26_20:00_00:00,2025-04-26 20:00:00+02:00,2025-04-27 00:00:00+02:00,4.0,1.33,False,False,16,0.0,True,False,16,16,0,-91.67764705882354,True,False,68.781,275.124,16.0,16.0,False,0.0,1.0,16.0,0.0,0.0,4.0,65.70119935080939,0.0,0.0
2025-04-27_00:00_04:00,2025-04-27 00:00:00+02:00,2025-04-27 04:00:00+02:00,4.0,4.75,False,False,16,0.0,True,False,11,11,0,-227.81764705882352,True,False,1.926,7.704,7.704,7.0,False,0.0,1.0,7.0,0.0,0.0,4.0,74.5981549235401,0.0,0.0
2025-04-27_04:00_08:00,2025-04-27 04:00:00+02:00,2025-04-27 08:00:00+02:00,4.0,4.1,False,False,16,0.0,True,False,10,8,0,-122.74764705882353,True,False,9.385,37.54,16.0,16.0,False,0.0,1.0,16.0,0.0,0.0,0.0,76.12481696210399,0.0,0.0
2025-04-27_08:00_12:00,2025-04-27 08:00:00+02:00,2025-04-27 12:00:00+02:00,4.0,40.28,False,False,16,7.846176470588235,True,False,15,6,0,-27.837647058823528,True,False,53.503,214.012,16.0,16.0,False,0.0,1.0,16.0,0.0,0.0,0.0,46.99584278388997,0.0,0.0
2025-04-27_12:00_16:00,2025-04-27 12:00:00+02:00,2025-04-27 16:00:00+02:00,4.0,86.98,False,False,16,96.61735294117648,False,False,12,4,0,-48.517647058823535,True,False,63.243,252.972,16.0,16.0,False,0.0,1.0,16.0,0.0,0.0,0.0,19.77717794995547,0.0,0.0
2025-04-27_16:00_20:00,2025-04-27 16:00:00+02:00,2025-04-27 20:00:00+02:00,4.0,23.25,False,False,16,0.6055882352941175,True,False,11,9,1,-97.63764705882355,True,False,54.682,218.728,16.0,16.0,False,0.0,1.0,16.0,0.0,0.0,0.0,16.297199197645472,8.0,-223.12
2025-04-27_20:00_00:00,2025-04-27 20:00:00+02:00,2025-04-28 00:00:00+02:00,4.0,1.25,False,False,16,0.0,True,False,16,16,0,-97.78764705882355,True,False,1.104,4.416,4.416,4.0,False,0.0,1.0,4.0,0.0,0.0,4.0,25.844730400410253,0.0,0.0
2025-04-28_00:00_04:00,2025-04-28 00:00:00+02:00,2025-04-28 04:00:00+02:00,4.0,3.24,False,False,16,0.0,True,False,4,4,1,-87.06764705882352,False,False,0.035,0.14,0.14,0.0,False,0.0,1.0,0.0,0.0,0.0,4.0,34.2726612234688,0.0,0.0
2025-04-28_04:00_08:00,2025-04-28 04:00:00+02:00,2025-04-28 08:00:00+02:00,4.0,4.52,False,False,16,0.0,True,False,14,14,1,-103.78764705882355,True,False,92.959,371.836,8.872945300351033,8.0,False,0.0,1.0,8.0,0.0,0.0,4.0,56.69497714088469,0.0,0.0
2025-04-28_08:00_12:00,2025-04-28 08:00:00+02:00,2025-04-28 12:00:00+02:00,4.0,27.26,False,False,16,0.0,True,False,16,9,0,-64.10764705882355,True,False,41.746,166.984,8.872945300351033,8.0,False,0.0,1.0,8.0,0.0,0.0,0.0,82.25198065526315,24.0,-317.96
2025-04-28_12:00_16:00,2025-04-28 12:00:00+02:00,2025-04-28 16:00:00+02:00,4.0,82.06,False,False,16,1.9642647058823517,True,False,16,5,0,-53.82764705882354,True,False,226.077,904.308,8.872945300351033,8.0,False,0.0,1.0,8.0,0.0,0.0,0.0,82.36408157894738,28.0,-946.48
2025-04-28_16:00_20:00,2025-04-28 16:00:00+02:00,2025-04-28 20:00:00+02:00,4.0,31.21,False,False,16,0.0,True,False,10,9,1,-66.43764705882353,True,False,77.239,308.956,8.872945300351033,8.0,False,0.0,1.0,8.0,0.0,0.0,0.0,82.67947368421054,4.0,-18.0
2025-04-28_20:00_00:00,2025-04-28 20:00:00+02:00,2025-04-29 00:00:00+02:00,4.0,1.42,False,False,16,0.0,True,False,13,13,0,-96.17764705882354,True,False,72.031,288.124,8.872945300351033,8.0,False,0.0,1.0,8.0,0.0,0.0,4.0,84.21052631578948,0.0,0.0
2025-04-29_00:00_04:00,2025-04-29 00:00:00+02:00,2025-04-29 04:00:00+02:00,4.0,2.72,False,False,16,0.0,True,False,3,3,0,-148.83764705882353,True,False,2.207,8.828,8.828,8.0,False,0.0,1.0,8.0,0.0,0.0,4.0,84.21052631578948,0.0,0.0
2025-04-29_04:00_08:00,2025-04-29 04:00:00+02:00,2025-04-29 08:00:00+02:00,4.0,3.33,False,False,16,0.0,True,False,16,16,0,-88.89764705882354,True,False,109.403,437.612,16.0,16.0,False,0.0,1.0,16.0,0.0,0.0,4.0,84.21052631578948,0.0,0.0
2025-04-29_08:00_12:00,2025-04-29 08:00:00+02:00,2025-04-29 12:00:00+02:00,4.0,65.0,False,False,16,0.0,True,False,16,6,0,-40.38764705882354,True,False,81.4,325.6,16.0,16.0,False,0.0,1.0,16.0,0.0,0.0,0.0,81.93799264854152,17.088,-332.07903999999996
2025-04-29_12:00_16:00,2025-04-29 12:00:00+02:00,2025-04-29 16:00:00+02:00,4.0,1593.0,False,False,16,0.0,True,False,15,13,0,-62.93764705882352,True,False,78.44,313.76,16.0,16.0,False,0.0,1.0,16.0,0.0,0.0,0.0,81.71475465386867,8.0,-55.68000000000001
2025-04-29_16:00_20:00,2025-04-29 16:00:00+02:00,2025-04-29 20:00:00+02:00,4.0,40.26,False,False,16,0.0,True,False,9,9,0,-101.74764705882353,True,False,12.199,48.796,16.0,16.0,False,0.0,1.0,16.0,0.0,0.0,4.0,84.21052631578948,0.0,0.0
2025-04-29_20:00_00:00,2025-04-29 20:00:00+02:00,2025-04-30 00:00:00+02:00,4.0,1.25,False,False,16,0.0,True,False,14,14,0,-555.1376470588235,True,False,92.904,371.616,16.0,16.0,False,0.0,1.0,16.0,0.0,0.0,4.0,84.21052631578948,0.0,0.0
2025-04-30_00:00_04:00,2025-04-30 00:00:00+02:00,2025-04-30 04:00:00+02:00,4.0,5.07,False,False,16,0.0,True,False,1,1,0,-92.13764705882355,False,False,0.002,0.008,0.008,0.0,False,0.0,1.0,0.0,0.0,0.0,4.0,84.21052631578948,0.0,0.0
2025-04-30_04:00_08:00,2025-04-30 04:00:00+02:00,2025-04-30 08:00:00+02:00,4.0,17.35,False,False,16,0.0,True,False,9,9,0,-455.21764705882356,True,False,19.959,79.836,16.0,16.0,False,0.0,1.0,16.0,0.0,0.0,4.0,84.21052631578948,0.0,0.0
2025-04-30_08:00_12:00,2025-04-30 08:00:00+02:00,2025-04-30 12:00:00+02:00,4.0,815.82,False,False,16,0.0,True,False,15,8,0,-357.2676470588235,True,False,67.22,268.88,16.0,16.0,False,0.0,1.0,16.0,0.0,0.0,0.0,81.91635004146104,16.0,-398.64
2025-04-30_12:00_16:00,2025-04-30 12:00:00+02:00,2025-04-30 16:00:00+02:00,4.0,211.51,False,False,16,0.9286764705882344,True,False,16,7,0,-74.38764705882355,True,False,146.697,586.788,16.0,16.0,False,0.0,1.0,16.0,0.0,0.0,0.0,83.28684210526316,12.0,-133.88
2025-04-30_16:00_20:00,2025-04-30 16:00:00+02:00,2025-04-30 20:00:00+02:00,4.0,28.16,False,False,16,0.0,True,False,13,11,0,-427.8776470588235,True,False,97.137,388.548,16.0,16.0,False,0.0,1.0,16.0,0.0,0.0,0.0,81.14995210526317,8.0,-35.04
2025-04-30_20:00_00:00,2025-04-30 20:00:00+02:00,2025-05-01 00:00:00+02:00,4.0,1.17,False,False,16,0.0,True,False,13,13,1,-343.54764705882354,True,False,12.209,48.836,16.0,16.0,False,0.0,1.0,16.0,0.0,0.0,4.0,84.21052631578948,0.0,0.0
2025-05-01_00:00_04:00,2025-05-01 00:00:00+02:00,2025-05-01 04:00:00+02:00,4.0,3.07,False,False,16,0.0,True,False,7,7,1,-96.96764705882353,False,False,0.093,0.372,0.372,0.0,False,0.0,1.0,0.0,0.0,0.0,4.0,84.21052631578948,0.0,0.0
2025-05-01_04:00_08:00,2025-05-01 04:00:00+02:00,2025-05-01 08:00:00+02:00,4.0,7.06,False,False,16,0.0,True,False,12,12,0,-325.5876470588235,True,False,1.544,6.176,6.176,6.0,False,0.0,1.0,6.0,0.0,0.0,0.0,82.30605263157895,0.0,0.0
2025-05-01_08:00_12:00,2025-05-01 08:00:00+02:00,2025-05-01 12:00:00+02:00,4.0,129.0,False,False,16,9.401176470588235,True,False,15,15,0,-166.85764705882355,True,False,9.139,36.556,16.0,16.0,False,0.0,1.0,16.0,0.0,0.0,0.0,80.73937471476589,0.0,0.0
2025-05-01_12:00_16:00,2025-05-01 12:00:00+02:00,2025-05-01 16:00:00+02:00,4.0,149.79,False,False,16,93.02735294117647,True,False,13,13,0,-248.09764705882355,True,False,20.74,82.96,16.0,16.0,False,0.0,1.0,16.0,0.0,0.0,0.0,77.78338968655811,0.0,0.0
2025-05-01_16:00_20:00,2025-05-01 16:00:00+02:00,2025-05-01 20:00:00+02:00,4.0,34.35,False,False,16,0.6055882352941175,True,False,9,9,0,-128.23764705882354,True,False,30.156,120.624,16.0,16.0,False,0.0,1.0,16.0,0.0,0.0,4.0,84.21052631578948,0.0,0.0
2025-05-01_20:00_00:00,2025-05-01 20:00:00+02:00,2025-05-02 00:00:00+02:00,4.0,2.12,False,False,16,0.0,True,False,15,15,0,-253.96764705882356,True,False,1.634,6.536,6.536,6.0,False,0.0,1.0,6.0,0.0,0.0,4.0,84.21052631578948,0.0,0.0
2025-05-02_00:00_04:00,2025-05-02 00:00:00+02:00,2025-05-02 04:00:00+02:00,4.0,3.43,False,False,16,0.0,True,False,13,13,0,-130.60764705882355,True,False,26.187,104.748,16.0,16.0,False,0.0,1.0,16.0,0.0,0.0,4.0,84.21052631578948,0.0,0.0
2025-05-02_04:00_08:00,2025-05-02 04:00:00+02:00,2025-05-02 08:00:00+02:00,4.0,5.03,False,False,16,0.0,True,False,15,15,1,-169.14764705882354,True,False,86.141,344.564,16.0,16.0,False,0.0,1.0,16.0,0.0,0.0,0.0,82.30605263157895,0.0,0.0
2025-05-02_08:00_12:00,2025-05-02 08:00:00+02:00,2025-05-02 12:00:00+02:00,4.0,73.33,False,False,16,0.0,True,False,15,8,0,-284.2776470588235,True,False,70.03,280.12,16.0,16.0,False,0.0,1.0,16.0,0.0,0.0,0.0,81.60919605263157,16.0,-215.16000000000003
2025-05-02_12:00_16:00,2025-05-02 12:00:00+02:00,2025-05-02 16:00:00+02:00,4.0,100.0,False,False,16,0.3761764705882342,True,False,14,11,0,-314.42764705882354,True,False,64.088,256.352,16.0,16.0,False,0.0,1.0,16.0,0.0,0.0,0.0,82.71991266052633,4.0,-50.56
2025-05-02_16:00_20:00,2025-05-02 16:00:00+02:00,2025-05-02 20:00:00+02:00,4.0,28.25,False,False,16,0.0,True,False,8,8,0,-735.7176470588236,True,False,4.899,19.596,16.0,16.0,False,0.0,1.0,16.0,0.0,0.0,4.0,84.21052631578948,0.0,0.0
2025-05-02_20:00_00:00,2025-05-02 20:00:00+02:00,2025-05-03 00:00:00+02:00,4.0,1.73,False,False,16,0.0,True,False,13,13,0,-458.98764705882354,True,False,46.943,187.772,16.0,16.0,False,0.0,1.0,16.0,0.0,0.0,4.0,84.21052631578948,0.0,0.0
2025-05-03_00:00_04:00,2025-05-03 00:00:00+02:00,2025-05-03 04:00:00+02:00,4.0,2.75,False,False,16,0.0,True,False,16,16,0,-517.1776470588235,True,False,32.217,128.868,16.0,16.0,False,0.0,1.0,16.0,0.0,0.0,4.0,84.21052631578948,0.0,0.0
2025-05-03_04:00_08:00,2025-05-03 04:00:00+02:00,2025-05-03 08:00:00+02:00,4.0,4.04,False,False,16,0.0,True,False,16,12,0,-77.57764705882354,True,False,97.439,389.756,16.0,16.0,False,0.0,1.0,16.0,0.0,0.0,0.0,74.33542575026466,10.505592610416205,-45.90013339749834
2025-05-03_08:00_12:00,2025-05-03 08:00:00+02:00,2025-05-03 12:00:00+02:00,4.0,52.37,False,False,16,0.0,True,False,11,10,0,-260.23764705882354,True,False,22.768,91.072,16.0,16.0,False,0.0,1.0,16.0,0.0,0.0,0.0,78.62247730560371,4.0,-49.32
2025-05-03_12:00_16:00,2025-05-03 12:00:00+02:00,2025-05-03 16:00:00+02:00,4.0,84.99,False,False,16,0.0730882352941169,True,False,13,10,0,-167.72764705882352,True,False,176.014,704.056,16.0,16.0,False,0.0,1.0,16.0,0.0,0.0,0.0,80.92933467710527,12.0,-256.2
2025-05-03_16:00_20:00,2025-05-03 16:00:00+02:00,2025-05-03 20:00:00+02:00,4.0,27.69,False,False,16,0.0,True,False,10,9,1,-100.05764705882353,True,False,169.285,677.14,16.0,16.0,False,0.0,1.0,16.0,0.0,0.0,0.0,78.04053842105263,4.0,-52.2
2025-05-03_20:00_00:00,2025-05-03 20:00:00+02:00,2025-05-04 00:00:00+02:00,4.0,2.31,False,False,16,0.0,True,False,12,11,0,-92.85764705882355,True,False,32.46,129.84,16.0,16.0,False,0.0,1.0,16.0,0.0,0.0,0.0,80.58552631578948,4.0,-189.72
2025-05-04_00:00_04:00,2025-05-04 00:00:00+02:00,2025-05-04 04:00:00+02:00,4.0,8.79,False,False,16,0.0,True,False,14,4,0,-35.84764705882353,True,False,108.698,434.792,16.0,16.0,False,0.0,1.0,16.0,0.0,0.0,0.0,46.41821782461342,34.43500421007816,-1973.1795918060764
2025-05-04_04:00_08:00,2025-05-04 04:00:00+02:00,2025-05-04 08:00:00+02:00,4.0,10.69,False,False,16,0.0,True,False,16,9,0,-51.497647058823524,True,False,33.943,135.772,16.0,16.0,False,0.0,1.0,16.0,0.0,0.0,0.0,7.5946643748856735,8.0,-223.83999999999997
2025-05-04_08:00_12:00,2025-05-04 08:00:00+02:00,2025-05-04 12:00:00+02:00,4.0,48.03,False,False,16,0.0,True,False,8,4,0,-18.877647058823534,True,False,16.226,64.904,16.0,16.0,False,0.0,1.0,16.0,0.0,0.0,0.0,0.0,12.0,-232.8
2025-05-04_12:00_16:00,2025-05-04 12:00:00+02:00,2025-05-04 16:00:00+02:00,4.0,74.16,False,False,16,0.5655882352941166,True,False,7,6,0,-42.73764705882353,True,False,5.826,23.304,16.0,16.0,False,0.0,1.0,16.0,0.0,0.0,2.2800000000000002,18.751620374588747,1.72,-48.589999999999996
2025-05-04_16:00_20:00,2025-05-04 16:00:00+02:00,2025-05-04 20:00:00+02:00,4.0,29.26,False,False,16,0.0,True,False,10,9,2,-84.83764705882353,True,False,3.61,14.44,14.44,14.0,False,0.0,1.0,14.0,0.0,0.0,4.0,40.87043736800018,0.0,0.0
2025-05-04_20:00_00:00,2025-05-04 20:00:00+02:00,2025-05-05 00:00:00+02:00,4.0,1.74,False,False,16,0.0,True,False,15,14,0,-94.14764705882354,True,False,12.45,49.8,16.0,16.0,False,0.0,1.0,16.0,0.0,0.0,0.0,44.50166440427101,4.0,-70.6
2025-05-05_00:00_04:00,2025-05-05 00:00:00+02:00,2025-05-05 04:00:00+02:00,4.0,5.83,False,False,16,0.0,True,False,14,14,0,-78.24764705882353,True,False,26.127,104.508,16.0,16.0,False,0.0,1.0,16.0,0.0,0.0,4.0,48.132435529400574,0.0,0.0
2025-05-05_04:00_08:00,2025-05-05 04:00:00+02:00,2025-05-05 08:00:00+02:00,4.0,6.08,False,False,16,0.0,True,False,11,11,0,-91.11764705882354,True,False,28.08,112.32,12.16404958029926,12.0,False,0.0,1.0,12.0,0.0,0.0,4.0,66.75796150787588,0.0,0.0
2025-05-05_08:00_12:00,2025-05-05 08:00:00+02:00,2025-05-05 12:00:00+02:00,4.0,32.45,False,False,16,0.0,True,False,16,13,1,-446.5176470588235,True,False,89.184,356.736,12.16404958029926,12.0,False,0.0,1.0,12.0,0.0,0.0,0.0,81.60919605263157,12.0,-397.52000000000004
2025-05-05_12:00_16:00,2025-05-05 12:00:00+02:00,2025-05-05 16:00:00+02:00,4.0,58.9,False,False,16,0.0,True,False,13,13,0,-47.57764705882354,True,False,21.572,86.288,12.16404958029926,12.0,False,0.0,1.0,12.0,0.0,0.0,4.0,84.21052631578948,0.0,0.0
2025-05-05_16:00_20:00,2025-05-05 16:00:00+02:00,2025-05-05 20:00:00+02:00,4.0,21.78,False,False,16,0.0,True,False,15,15,0,-97.01764705882354,True,False,18.643,74.572,12.16404958029926,12.0,False,0.0,1.0,12.0,0.0,0.0,4.0,84.21052631578948,0.0,0.0
2025-05-05_20:00_00:00,2025-05-05 20:00:00+02:00,2025-05-06 00:00:00+02:00,4.0,1.74,False,False,16,0.0,True,False,15,15,0,-89.72764705882355,True,False,21.047,84.188,12.16404958029926,12.0,False,0.0,1.0,12.0,0.0,0.0,4.0,84.21052631578948,0.0,0.0
2025-05-06_00:00_04:00,2025-05-06 00:00:00+02:00,2025-05-06 04:00:00+02:00,4.0,4.02,False,False,16,0.0,True,False,8,8,1,-88.79764705882354,True,False,3.496,13.984,12.16404958029926,12.0,False,0.0,1.0,12.0,0.0,0.0,4.0,84.21052631578948,0.0,0.0
2025-05-06_04:00_08:00,2025-05-06 04:00:00+02:00,2025-05-06 08:00:00+02:00,4.0,4.43,False,False,16,0.0,True,False,9,7,0,-133.28764705882352,True,False,38.893,155.572,16.0,16.0,False,0.0,1.0,16.0,0.0,0.0,0.0,80.40348342105263,8.0,-87.68
2025-05-06_08:00_12:00,2025-05-06 08:00:00+02:00,2025-05-06 12:00:00+02:00,4.0,28.73,False,False,16,0.0,True,False,15,7,0,-40.63764705882354,True,False,94.756,379.024,16.0,16.0,False,0.0,1.0,16.0,0.0,0.0,0.0,74.24495843153123,32.0,-905.48
2025-05-06_12:00_16:00,2025-05-06 12:00:00+02:00,2025-05-06 16:00:00+02:00,4.0,54.7,False,False,16,0.0,True,False,13,11,5,-50.60764705882354,True,False,79.063,316.252,16.0,16.0,False,0.0,1.0,16.0,0.0,0.0,0.0,82.22403485312896,8.0,-197.4
2025-05-06_16:00_20:00,2025-05-06 16:00:00+02:00,2025-05-06 20:00:00+02:00,4.0,18.61,False,False,16,0.0,True,False,10,9,0,-113.74764705882353,True,False,21.445,85.78,16.0,16.0,False,0.0,1.0,16.0,0.0,0.0,0.0,81.74973684210526,4.0,-87.4
2025-05-06_20:00_00:00,2025-05-06 20:00:00+02:00,2025-05-07 00:00:00+02:00,4.0,1.36,False,False,16,0.0,True,False,13,13,0,-94.13764705882355,True,False,20.808,83.232,16.0,16.0,False,0.0,1.0,16.0,0.0,0.0,4.0,84.21052631578948,0.0,0.0
2025-05-07_00:00_04:00,2025-05-07 00:00:00+02:00,2025-05-07 04:00:00+02:00,4.0,3.26,False,False,16,0.0,True,False,12,12,1,-88.80764705882353,True,False,58.619,234.476,16.0,16.0,False,0.0,1.0,16.0,0.0,0.0,4.0,84.21052631578948,0.0,0.0
2025-05-07_04:00_08:00,2025-05-07 04:00:00+02:00,2025-05-07 08:00:00+02:00,4.0,3.38,False,False,16,0.0,True,False,10,10,0,-91.14764705882354,True,False,31.57,126.28,16.0,16.0,False,0.0,1.0,16.0,0.0,0.0,4.0,84.21052631578948,0.0,0.0
2025-05-07_08:00_12:00,2025-05-07 08:00:00+02:00,2025-05-07 12:00:00+02:00,4.0,22.9,False,False,16,0.0,True,False,16,16,6,-71.95764705882354,True,False,39.625,158.5,16.0,16.0,False,0.0,1.0,16.0,0.0,0.0,4.0,84.21052631578948,0.0,0.0
2025-05-07_12:00_16:00,2025-05-07 12:00:00+02:00,2025-05-07 16:00:00+02:00,4.0,42.84,False,False,16,0.0,True,False,13,13,0,-70.39764705882354,True,False,58.685,234.74,16.0,16.0,False,0.0,1.0,16.0,0.0,0.0,4.0,84.21052631578948,0.0,0.0
2025-05-07_16:00_20:00,2025-05-07 16:00:00+02:00,2025-05-07 20:00:00+02:00,4.0,14.61,False,False,16,0.0,True,False,5,5,1,-112.98764705882354,True,False,6.149,24.596,16.0,16.0,False,0.0,1.0,16.0,0.0,0.0,4.0,84.21052631578948,0.0,0.0
2025-05-07_20:00_00:00,2025-05-07 20:00:00+02:00,2025-05-08 00:00:00+02:00,4.0,1.26,False,False,16,0.0,True,False,8,8,0,-91.71764705882353,True,False,15.19,60.76,16.0,16.0,False,0.0,1.0,16.0,0.0,0.0,4.0,84.21052631578948,0.0,0.0
2025-05-08_00:00_04:00,2025-05-08 00:00:00+02:00,2025-05-08 04:00:00+02:00,4.0,2.83,False,False,16,0.0,True,False,11,11,0,-110.86764705882354,True,False,3.288,13.152,13.152,13.0,False,0.0,1.0,13.0,0.0,0.0,4.0,84.21052631578948,0.0,0.0
2025-05-08_04:00_08:00,2025-05-08 04:00:00+02:00,2025-05-08 08:00:00+02:00,4.0,2.8,False,False,16,0.0,True,False,7,7,0,-112.72764705882355,True,False,162.584,650.336,16.0,16.0,False,0.0,1.0,16.0,0.0,0.0,4.0,84.21052631578948,0.0,0.0
2025-05-08_08:00_12:00,2025-05-08 08:00:00+02:00,2025-05-08 12:00:00+02:00,4.0,18.7,False,False,16,0.0,True,False,13,9,0,-57.03764705882353,True,False,62.055,248.22,16.0,16.0,False,0.0,1.0,16.0,0.0,0.0,0.0,82.90921052631579,16.0,-207.36
2025-05-08_12:00_16:00,2025-05-08 12:00:00+02:00,2025-05-08 16:00:00+02:00,4.0,36.66,False,False,16,0.0,True,False,6,6,0,-145.80764705882353,True,False,3.378,13.512,13.512,13.0,False,0.0,1.0,13.0,0.0,0.0,4.0,84.21052631578948,0.0,0.0
2025-05-08_16:00_20:00,2025-05-08 16:00:00+02:00,2025-05-08 20:00:00+02:00,4.0,11.87,False,False,16,0.0,True,False,5,5,0,-90.20764705882354,True,False,2.042,8.168,8.168,8.0,False,0.0,1.0,8.0,0.0,0.0,4.0,84.21052631578948,0.0,0.0
2025-05-08_20:00_00:00,2025-05-08 20:00:00+02:00,2025-05-09 00:00:00+02:00,4.0,1.13,False,False,16,0.0,True,False,12,12,0,-96.56764705882352,True,False,25.903,103.612,16.0,16.0,False,0.0,1.0,16.0,0.0,0.0,4.0,84.21052631578948,0.0,0.0
2025-05-09_00:00_04:00,2025-05-09 00:00:00+02:00,2025-05-09 04:00:00+02:00,4.0,2.3,False,False,16,0.0,True,False,12,12,0,-111.72764705882355,True,False,12.725,50.9,16.0,16.0,False,0.0,1.0,16.0,0.0,0.0,4.0,84.21052631578948,0.0,0.0
2025-05-09_04:00_08:00,2025-05-09 04:00:00+02:00,2025-05-09 08:00:00+02:00,4.0,2.31,False,False,16,0.0,True,False,6,6,1,-142.74764705882353,True,False,0.426,1.704,1.704,1.0,False,0.0,1.0,1.0,0.0,0.0,4.0,84.21052631578948,0.0,0.0
2025-05-09_08:00_12:00,2025-05-09 08:00:00+02:00,2025-05-09 12:00:00+02:00,4.0,23.85,False,False,16,0.0,True,False,16,10,0,-94.03764705882355,True,False,128.81,515.24,16.0,16.0,False,0.0,1.0,16.0,0.0,0.0,0.0,81.23376637587859,16.0,-274.68
2025-05-09_12:00_16:00,2025-05-09 12:00:00+02:00,2025-05-09 16:00:00+02:00,4.0,59.76,False,False,16,0.0,True,False,15,5,0,-55.50764705882353,True,False,93.032,372.128,16.0,16.0,False,0.0,1.0,16.0,0.0,0.0,0.0,78.76674704548097,24.0,-763.28
2025-05-09_16:00_20:00,2025-05-09 16:00:00+02:00,2025-05-09 20:00:00+02:00,4.0,18.47,False,False,16,0.0,True,False,8,8,0,-64.94764705882355,True,False,3.08,12.32,12.32,12.0,False,0.0,1.0,12.0,0.0,0.0,4.0,84.21052631578948,0.0,0.0
2025-05-09_20:00_00:00,2025-05-09 20:00:00+02:00,2025-05-10 00:00:00+02:00,4.0,1.01,False,False,16,0.0,True,False,7,6,0,-62.65764705882352,True,False,11.52,46.08,16.0,16.0,False,0.0,1.0,16.0,0.0,0.0,0.0,81.74973684210526,4.0,-18.0
2025-05-10_00:00_04:00,2025-05-10 00:00:00+02:00,2025-05-10 04:00:00+02:00,4.0,2.07,False,False,16,0.0,True,False,6,6,0,-85.83764705882353,True,False,2.086,8.344,8.344,8.0,False,0.0,1.0,8.0,0.0,0.0,4.0,84.21052631578948,0.0,0.0
2025-05-10_04:00_08:00,2025-05-10 04:00:00+02:00,2025-05-10 08:00:00+02:00,4.0,2.39,False,False,16,0.0,True,False,10,10,0,-92.19764705882355,True,False,10.132,40.528,16.0,16.0,False,0.0,1.0,16.0,0.0,0.0,4.0,84.21052631578948,0.0,0.0
2025-05-10_08:00_12:00,2025-05-10 08:00:00+02:00,2025-05-10 12:00:00+02:00,4.0,48.46,False,False,16,5.033088235294118,True,False,14,10,0,-78.29764705882354,True,False,21.279,85.116,16.0,16.0,False,0.0,1.0,16.0,0.0,0.0,0.0,72.14318032608575,0.0,0.0
2025-05-10_12:00_16:00,2025-05-10 12:00:00+02:00,2025-05-10 16:00:00+02:00,4.0,85.66,False,False,16,80.51235294117647,True,False,14,6,0,-30.14764705882353,True,False,27.639,110.556,16.0,16.0,False,0.0,1.0,16.0,0.0,0.0,0.0,48.0907094892128,0.0,0.0
2025-05-10_16:00_20:00,2025-05-10 16:00:00+02:00,2025-05-10 20:00:00+02:00,4.0,27.32,False,False,16,0.7980882352941165,True,False,10,10,1,-79.15764705882353,True,False,11.933,47.732,16.0,16.0,False,0.0,1.0,16.0,0.0,0.0,4.0,55.647292331098406,0.0,0.0
2025-05-10_20:00_00:00,2025-05-10 20:00:00+02:00,2025-05-11 00:00:00+02:00,4.0,1.27,False,False,16,0.0,True,False,15,15,1,-84.60764705882355,True,False,22.123,88.492,16.0,16.0,False,0.0,1.0,16.0,0.0,0.0,4.0,63.11796602129602,0.0,0.0
2025-05-11_00:00_04:00,2025-05-11 00:00:00+02:00,2025-05-11 04:00:00+02:00,4.0,2.72,False,False,16,0.0,True,False,13,13,1,-88.63764705882355,True,False,5.089,20.356,16.0,16.0,False,0.0,1.0,16.0,0.0,0.0,4.0,68.57165371701967,0.0,0.0
2025-05-11_04:00_08:00,2025-05-11 04:00:00+02:00,2025-05-11 08:00:00+02:00,4.0,3.93,False,False,16,0.0,True,False,8,8,1,-87.09764705882353,True,False,15.025,60.1,16.0,16.0,False,0.0,1.0,16.0,0.0,0.0,0.0,67.5996882170455,0.0,0.0
2025-05-11_08:00_12:00,2025-05-11 08:00:00+02:00,2025-05-11 12:00:00+02:00,4.0,78.09,False,False,16,14.618676470588236,True,False,16,10,0,-32.247647058823524,True,False,39.862,159.448,16.0,16.0,False,0.0,1.0,16.0,0.0,0.0,0.0,46.026676617413656,0.0,0.0
2025-05-11_12:00_16:00,2025-05-11 12:00:00+02:00,2025-05-11 16:00:00+02:00,4.0,169.98,False,False,16,198.29735294117646,False,False,16,2,0,-38.59764705882353,True,False,177.294,709.176,16.0,16.0,False,0.0,1.0,16.0,0.0,0.0,0.0,5.023999566987063,16.0,-326.76
2025-05-11_16:00_20:00,2025-05-11 16:00:00+02:00,2025-05-11 20:00:00+02:00,4.0,37.0,False,False,16,3.943088235294118,True,False,4,2,0,-36.88764705882354,True,False,13.692,54.768,16.0,16.0,False,0.0,1.0,16.0,0.0,0.0,0.0,2.5100502760631866,4.0,-104.16
2025-05-11_20:00_00:00,2025-05-11 20:00:00+02:00,2025-05-12 00:00:00+02:00,4.0,1.69,False,False,16,0.0,True,False,16,16,0,-66.38764705882355,True,False,30.74,122.96,16.0,16.0,False,0.0,1.0,16.0,0.0,0.0,4.0,8.98911393500637,0.0,0.0
2025-05-12_00:00_04:00,2025-05-12 00:00:00+02:00,2025-05-12 04:00:00+02:00,4.0,8.76,False,False,16,0.0,True,False,6,6,0,-73.98764705882354,True,False,2.503,10.012,10.012,10.0,False,0.0,1.0,10.0,0.0,0.0,4.0,14.205922546660833,0.0,0.0
2025-05-12_04:00_08:00,2025-05-12 04:00:00+02:00,2025-05-12 08:00:00+02:00,4.0,31.04,False,False,16,0.0,True,False,10,10,0,-80.16764705882355,True,False,40.087,160.348,3.7078407829482716,3.0,False,0.0,1.0,3.0,0.0,0.0,4.0,33.37022048855093,0.0,0.0
2025-05-12_08:00_12:00,2025-05-12 08:00:00+02:00,2025-05-12 12:00:00+02:00,4.0,431.72,False,False,16,0.29058823529411804,True,False,16,7,0,-15.697647058823527,True,False,170.336,681.344,3.7078407829482716,3.0,False,0.0,1.0,3.0,0.0,0.0,0.0,58.82870111542526,16.0,-212.76
2025-05-12_12:00_16:00,2025-05-12 12:00:00+02:00,2025-05-12 16:00:00+02:00,4.0,675.0,False,False,16,21.874852941176467,True,False,15,14,0,-84.26764705882354,True,False,81.797,327.188,3.7078407829482716,3.0,False,0.0,1.0,3.0,0.0,0.0,0.0,73.56144218191476,4.0,-75.96
2025-05-12_16:00_20:00,2025-05-12 16:00:00+02:00,2025-05-12 20:00:00+02:00,4.0,475.73,False,False,16,0.0,True,False,10,9,0,-74.96764705882353,True,False,75.013,300.052,3.7078407829482716,3.0,False,0.0,1.0,3.0,0.0,0.0,0.0,82.30605263157895,4.0,-308.28
2025-05-12_20:00_00:00,2025-05-12 20:00:00+02:00,2025-05-13 00:00:00+02:00,4.0,34.0,False,False,16,0.0,True,False,16,16,0,-80.50764705882355,True,False,55.464,221.856,3.7078407829482716,3.0,False,0.0,1.0,3.0,0.0,0.0,4.0,84.21052631578948,0.0,0.0
2025-05-13_00:00_04:00,2025-05-13 00:00:00+02:00,2025-05-13 04:00:00+02:00,4.0,29.64,False,False,16,0.0,True,False,8,8,0,-107.52764705882353,True,False,12.64,50.56,3.7078407829482716,3.0,False,0.0,1.0,3.0,0.0,0.0,4.0,84.21052631578948,0.0,0.0
2025-05-13_04:00_08:00,2025-05-13 04:00:00+02:00,2025-05-13 08:00:00+02:00,4.0,14.15,False,False,16,0.0,True,False,12,12,0,-93.02764705882353,True,False,54.182,216.728,16.0,16.0,False,0.0,1.0,16.0,0.0,0.0,4.0,84.21052631578948,0.0,0.0
2025-05-13_08:00_12:00,2025-05-13 08:00:00+02:00,2025-05-13 12:00:00+02:00,4.0,149.53,False,False,16,0.0,True,False,16,10,0,-46.127647058823534,True,False,134.954,539.816,16.0,16.0,False,0.0,1.0,16.0,0.0,0.0,0.0,78.76674704548097,0.0,0.0
2025-05-13_12:00_16:00,2025-05-13 12:00:00+02:00,2025-05-13 16:00:00+02:00,4.0,240.0,False,False,16,5.347352941176467,True,False,14,11,0,-68.10764705882355,True,False,179.077,716.308,16.0,16.0,False,0.0,1.0,16.0,0.0,0.0,0.0,75.33358777032672,0.0,0.0
2025-05-13_16:00_20:00,2025-05-13 16:00:00+02:00,2025-05-13 20:00:00+02:00,4.0,99.41,False,False,16,0.0,True,False,10,10,0,-88.86764705882354,True,False,22.971,91.884,16.0,16.0,False,0.0,1.0,16.0,0.0,0.0,4.0,84.21052631578948,0.0,0.0
2025-05-13_20:00_00:00,2025-05-13 20:00:00+02:00,2025-05-14 00:00:00+02:00,4.0,10.64,False,False,16,0.0,True,False,9,9,2,-89.44764705882355,True,False,17.357,69.428,16.0,16.0,False,0.0,1.0,16.0,0.0,0.0,4.0,84.21052631578948,0.0,0.0
2025-05-14_00:00_04:00,2025-05-14 00:00:00+02:00,2025-05-14 04:00:00+02:00,4.0,14.26,False,False,16,0.0,True,False,12,12,1,-99.82764705882354,True,False,1.789,7.156,7.156,7.0,False,0.0,1.0,7.0,0.0,0.0,4.0,84.21052631578948,0.0,0.0
2025-05-14_04:00_08:00,2025-05-14 04:00:00+02:00,2025-05-14 08:00:00+02:00,4.0,8.19,False,False,16,0.0,True,False,14,14,0,-101.60764705882355,True,False,220.622,882.488,16.0,16.0,False,0.0,1.0,16.0,0.0,0.0,4.0,84.21052631578948,0.0,0.0
2025-05-14_08:00_12:00,2025-05-14 08:00:00+02:00,2025-05-14 12:00:00+02:00,4.0,99.2,False,False,16,0.0,True,False,15,6,0,-49.84764705882353,True,False,103.001,412.004,16.0,16.0,False,0.0,1.0,16.0,0.0,0.0,0.0,79.63309431344483,12.0,-927.08
2025-05-14_12:00_16:00,2025-05-14 12:00:00+02:00,2025-05-14 16:00:00+02:00,4.0,195.0,False,False,16,20.42235294117647,True,False,15,12,0,-39.72764705882353,True,False,112.888,451.552,16.0,16.0,False,0.0,1.0,16.0,0.0,0.0,0.0,79.7520740731321,8.0,-198.48
2025-05-14_16:00_20:00,2025-05-14 16:00:00+02:00,2025-05-14 20:00:00+02:00,4.0,67.52,False,False,16,0.0,True,False,16,15,0,-78.84764705882353,True,False,117.817,471.268,16.0,16.0,False,0.0,1.0,16.0,0.0,0.0,0.0,82.30605263157895,4.0,-11.92
2025-05-14_20:00_00:00,2025-05-14 20:00:00+02:00,2025-05-15 00:00:00+02:00,4.0,5.78,False,False,16,0.0,True,False,15,15,0,-83.52764705882353,True,False,40.988,163.952,16.0,16.0,False,0.0,1.0,16.0,0.0,0.0,4.0,84.21052631578948,0.0,0.0
2025-05-15_00:00_04:00,2025-05-15 00:00:00+02:00,2025-05-15 04:00:00+02:00,4.0,12.58,False,False,16,0.0,True,False,11,11,0,-83.92764705882354,True,False,85.448,341.792,16.0,16.0,False,0.0,1.0,16.0,0.0,0.0,4.0,84.21052631578948,0.0,0.0
2025-05-15_04:00_08:00,2025-05-15 04:00:00+02:00,2025-05-15 08:00:00+02:00,4.0,7.0,False,False,16,0.0,True,False,13,13,0,-90.82764705882354,True,False,115.798,463.192,16.0,16.0,False,0.0,1.0,16.0,0.0,0.0,4.0,84.21052631578948,0.0,0.0
2025-05-15_08:00_12:00,2025-05-15 08:00:00+02:00,2025-05-15 12:00:00+02:00,4.0,296.07,False,False,16,0.0,True,False,16,10,0,-73.78764705882355,True,False,79.316,317.264,16.0,16.0,False,0.0,1.0,16.0,0.0,0.0,0.0,76.65875900271126,16.0,-1636.28
2025-05-15_12:00_16:00,2025-05-15 12:00:00+02:00,2025-05-15 16:00:00+02:00,4.0,1597.12,False,False,16,7.402352941176467,True,False,16,10,0,-13.957647058823532,True,False,108.096,432.384,16.0,16.0,False,0.0,1.0,16.0,0.0,0.0,0.0,75.6796155118859,4.0,-31.64
2025-05-15_16:00_20:00,2025-05-15 16:00:00+02:00,2025-05-15 20:00:00+02:00,4.0,290.0,False,False,16,0.0,True,False,14,13,4,-81.06764705882352,True,False,77.395,309.58,16.0,16.0,False,0.0,1.0,16.0,0.0,0.0,0.0,81.74973684210526,4.0,-28.44
2025-05-15_20:00_00:00,2025-05-15 20:00:00+02:00,2025-05-16 00:00:00+02:00,4.0,4.6,False,False,16,0.0,True,False,15,15,1,-131.84764705882353,True,False,147.353,589.412,16.0,16.0,False,0.0,1.0,16.0,0.0,0.0,4.0,84.21052631578948,0.0,0.0
2025-05-16_00:00_04:00,2025-05-16 00:00:00+02:00,2025-05-16 04:00:00+02:00,4.0,7.78,False,False,16,0.0,True,False,10,10,1,-84.54764705882354,True,False,16.687,66.748,16.0,16.0,False,0.0,1.0,16.0,0.0,0.0,4.0,84.21052631578948,0.0,0.0
2025-05-16_04:00_08:00,2025-05-16 04:00:00+02:00,2025-05-16 08:00:00+02:00,4.0,4.83,False,False,16,0.0,True,False,7,7,0,-84.63764705882355,True,False,35.972,143.888,16.0,16.0,False,0.0,1.0,16.0,0.0,0.0,4.0,84.21052631578948,0.0,0.0
2025-05-16_08:00_12:00,2025-05-16 08:00:00+02:00,2025-05-16 12:00:00+02:00,4.0,119.75,False,False,16,0.0,True,False,13,9,0,-38.66764705882354,True,False,103.853,415.412,16.0,16.0,False,0.0,1.0,16.0,0.0,0.0,0.0,80.31048159342106,16.0,-310.15999999999997
2025-05-16_12:00_16:00,2025-05-16 12:00:00+02:00,2025-05-16 16:00:00+02:00,4.0,246.13,False,False,16,0.10058823529411676,True,False,11,8,0,-88.35764705882355,True,False,124.997,499.988,16.0,16.0,False,0.0,1.0,16.0,0.0,0.0,0.0,83.21628684210528,12.0,-99.4
2025-05-16_16:00_20:00,2025-05-16 16:00:00+02:00,2025-05-16 20:00:00+02:00,4.0,74.25,False,False,16,0.0,True,False,13,13,0,-129.58764705882353,True,False,44.402,177.608,16.0,16.0,False,0.0,1.0,16.0,0.0,0.0,4.0,84.21052631578948,0.0,0.0
2025-05-16_20:00_00:00,2025-05-16 20:00:00+02:00,2025-05-17 00:00:00+02:00,4.0,3.41,False,False,16,0.0,True,False,14,14,1,-100.29764705882354,True,False,73.854,295.416,16.0,16.0,False,0.0,1.0,16.0,0.0,0.0,4.0,84.21052631578948,0.0,0.0
2025-05-17_00:00_04:00,2025-05-17 00:00:00+02:00,2025-05-17 04:00:00+02:00,4.0,5.44,False,False,16,0.0,True,False,6,6,1,-121.74764705882353,True,False,3.824,15.296,15.296,15.0,False,0.0,1.0,15.0,0.0,0.0,4.0,84.21052631578948,0.0,0.0
2025-05-17_04:00_08:00,2025-05-17 04:00:00+02:00,2025-05-17 08:00:00+02:00,4.0,4.39,False,False,16,0.0,True,False,11,11,0,-104.57764705882354,True,False,56.875,227.5,16.0,16.0,False,0.0,1.0,16.0,0.0,0.0,4.0,84.21052631578948,0.0,0.0
2025-05-17_08:00_12:00,2025-05-17 08:00:00+02:00,2025-05-17 12:00:00+02:00,4.0,97.33,False,False,16,0.4355882352941176,True,False,15,14,0,-62.98764705882353,True,False,58.053,232.212,16.0,16.0,False,0.0,1.0,16.0,0.0,0.0,0.0,70.78723027936219,4.0,-45.8
2025-05-17_12:00_16:00,2025-05-17 12:00:00+02:00,2025-05-17 16:00:00+02:00,4.0,187.71,False,False,16,5.2648529411764695,True,False,9,8,0,-19.39764705882353,True,False,39.527,158.108,16.0,16.0,False,0.0,1.0,16.0,0.0,0.0,0.0,62.761223108094306,0.0,0.0
2025-05-17_16:00_20:00,2025-05-17 16:00:00+02:00,2025-05-17 20:00:00+02:00,4.0,62.22,False,False,16,0.0,True,False,11,10,1,-82.55764705882353,True,False,121.065,484.26,16.0,16.0,False,0.0,1.0,16.0,0.0,0.0,4.0,69.50007466026435,0.0,0.0
2025-05-17_20:00_00:00,2025-05-17 20:00:00+02:00,2025-05-18 00:00:00+02:00,4.0,3.14,False,False,16,0.0,True,False,13,13,0,-92.74764705882353,True,False,8.629,34.516,16.0,16.0,False,0.0,1.0,16.0,0.0,0.0,4.0,76.75075843466837,0.0,0.0
2025-05-18_00:00_04:00,2025-05-18 00:00:00+02:00,2025-05-18 04:00:00+02:00,4.0,4.37,False,False,16,0.0,True,False,15,15,0,-89.03764705882355,True,False,86.194,344.776,16.0,16.0,False,0.0,1.0,16.0,0.0,0.0,4.0,81.98794977725616,0.0,0.0
2025-05-18_04:00_08:00,2025-05-18 04:00:00+02:00,2025-05-18 08:00:00+02:00,4.0,5.73,False,False,16,0.0,True,False,12,12,0,-90.19764705882355,True,False,3.364,13.456,13.456,13.0,False,0.0,1.0,13.0,0.0,0.0,4.0,84.21052631578948,0.0,0.0
2025-05-18_08:00_12:00,2025-05-18 08:00:00+02:00,2025-05-18 12:00:00+02:00,4.0,78.05,False,False,16,0.0,True,False,8,8,0,-55.30764705882353,True,False,29.135,116.54,16.0,16.0,False,0.0,1.0,16.0,0.0,0.0,0.0,81.23289473684211,0.0,0.0
2025-05-18_12:00_16:00,2025-05-18 12:00:00+02:00,2025-05-18 16:00:00+02:00,4.0,140.96,False,False,16,5.77426470588235,True,False,15,13,0,-31.497647058823524,True,False,80.362,321.448,16.0,16.0,False,0.0,1.0,16.0,0.0,0.0,0.0,79.21302631578948,8.0,-266.2
2025-05-18_16:00_20:00,2025-05-18 16:00:00+02:00,2025-05-18 20:00:00+02:00,4.0,48.33,False,False,16,0.0,True,False,10,9,0,-104.67764705882354,True,False,52.393,209.572,16.0,16.0,False,0.0,1.0,16.0,0.0,0.0,0.0,79.65631842331497,4.0,-202.52
2025-05-18_20:00_00:00,2025-05-18 20:00:00+02:00,2025-05-19 00:00:00+02:00,4.0,2.76,False,False,16,0.0,True,False,13,13,0,-100.78764705882355,True,False,14.802,59.208,16.0,16.0,False,0.0,1.0,16.0,0.0,0.0,4.0,84.21052631578948,0.0,0.0
2025-05-19_00:00_04:00,2025-05-19 00:00:00+02:00,2025-05-19 04:00:00+02:00,4.0,3.7,False,False,16,0.0,True,False,11,11,2,-98.29764705882354,True,False,2.482,9.928,9.928,9.0,False,0.0,1.0,9.0,0.0,0.0,4.0,84.21052631578948,0.0,0.0
2025-05-19_04:00_08:00,2025-05-19 04:00:00+02:00,2025-05-19 08:00:00+02:00,4.0,3.73,False,False,16,0.0,True,False,13,13,0,-105.22764705882355,True,False,24.124,96.496,16.0,16.0,False,0.0,1.0,16.0,0.0,0.0,4.0,84.21052631578948,0.0,0.0
2025-05-19_08:00_12:00,2025-05-19 08:00:00+02:00,2025-05-19 12:00:00+02:00,4.0,59.02,False,False,16,0.0,True,False,15,15,0,-95.97764705882355,True,False,54.437,217.748,16.0,16.0,False,0.0,1.0,16.0,0.0,0.0,4.0,84.21052631578948,0.0,0.0
2025-05-19_12:00_16:00,2025-05-19 12:00:00+02:00,2025-05-19 16:00:00+02:00,4.0,98.19,False,False,16,0.0,True,False,12,11,0,-57.45764705882353,True,False,70.258,281.032,16.0,16.0,False,0.0,1.0,16.0,0.0,0.0,0.0,83.71315789473685,4.0,-13.88
2025-05-19_16:00_20:00,2025-05-19 16:00:00+02:00,2025-05-19 20:00:00+02:00,4.0,34.66,False,False,16,0.0,True,False,14,14,1,-227.09764705882355,True,False,29.686,118.744,16.0,16.0,False,0.0,1.0,16.0,0.0,0.0,4.0,84.21052631578948,0.0,0.0
2025-05-19_20:00_00:00,2025-05-19 20:00:00+02:00,2025-05-20 00:00:00+02:00,4.0,2.35,False,False,16,0.0,True,False,14,14,0,-102.23764705882354,True,False,86.693,346.772,16.0,16.0,False,0.0,1.0,16.0,0.0,0.0,4.0,84.21052631578948,0.0,0.0
2025-05-20_00:00_04:00,2025-05-20 00:00:00+02:00,2025-05-20 04:00:00+02:00,4.0,3.1,False,False,16,0.0,True,False,8,8,1,-120.41764705882355,True,False,17.173,68.692,16.0,16.0,False,0.0,1.0,16.0,0.0,0.0,4.0,84.21052631578948,0.0,0.0
2025-05-20_04:00_08:00,2025-05-20 04:00:00+02:00,2025-05-20 08:00:00+02:00,4.0,3.28,False,False,16,0.0,True,False,8,8,2,-96.47764705882355,True,False,2.187,8.748,8.748,8.0,False,0.0,1.0,8.0,0.0,0.0,4.0,84.21052631578948,0.0,0.0
2025-05-20_08:00_12:00,2025-05-20 08:00:00+02:00,2025-05-20 12:00:00+02:00,4.0,51.67,False,False,16,0.0,True,False,16,6,0,-72.73764705882354,True,False,106.221,424.884,16.0,16.0,False,0.0,1.0,16.0,0.0,0.0,0.0,76.98903680250291,16.0,-523.28
2025-05-20_12:00_16:00,2025-05-20 12:00:00+02:00,2025-05-20 16:00:00+02:00,4.0,79.97,False,False,16,0.0,True,False,16,8,0,-71.05764705882353,True,False,149.655,598.62,16.0,16.0,False,0.0,1.0,16.0,0.0,0.0,0.0,71.62429792408334,16.0,-204.44
2025-05-20_16:00_20:00,2025-05-20 16:00:00+02:00,2025-05-20 20:00:00+02:00,4.0,31.0,False,False,16,0.0,True,False,12,10,0,-122.20764705882354,True,False,57.996,231.984,16.0,16.0,False,0.0,1.0,16.0,0.0,0.0,0.0,79.84716763157896,8.0,-208.8
2025-05-20_20:00_00:00,2025-05-20 20:00:00+02:00,2025-05-21 00:00:00+02:00,4.0,2.0,False,False,16,0.0,True,False,12,12,4,-94.08764705882353,True,False,14.338,57.352,16.0,16.0,False,0.0,1.0,16.0,0.0,0.0,4.0,84.21052631578948,0.0,0.0
2025-05-21_00:00_04:00,2025-05-21 00:00:00+02:00,2025-05-21 04:00:00+02:00,4.0,2.7,False,False,16,0.0,True,False,14,14,0,-94.86764705882354,True,False,16.484,65.936,16.0,16.0,False,0.0,1.0,16.0,0.0,0.0,4.0,84.21052631578948,0.0,0.0
2025-05-21_04:00_08:00,2025-05-21 04:00:00+02:00,2025-05-21 08:00:00+02:00,4.0,2.96,False,False,16,0.0,True,False,16,14,1,-88.45764705882354,True,False,92.45,369.8,16.0,16.0,False,0.0,1.0,16.0,0.0,0.0,0.0,80.40348342105263,8.0,-116.2
2025-05-21_08:00_12:00,2025-05-21 08:00:00+02:00,2025-05-21 12:00:00+02:00,4.0,47.84,False,False,16,0.0,True,False,16,1,0,-10.337647058823528,True,False,106.888,427.552,16.0,16.0,False,0.0,1.0,16.0,0.0,0.0,0.0,73.1393895706662,17.986491462660524,-456.32453882943537
2025-05-21_12:00_16:00,2025-05-21 12:00:00+02:00,2025-05-21 16:00:00+02:00,4.0,94.68,False,False,16,0.0,True,False,15,3,0,-17.167647058823526,True,False,126.2,504.8,16.0,16.0,False,0.0,1.0,16.0,0.0,0.0,0.0,64.76821332735938,9.761,-559.86961
2025-05-21_16:00_20:00,2025-05-21 16:00:00+02:00,2025-05-21 20:00:00+02:00,4.0,37.4,False,False,16,0.0,True,False,16,8,1,-770.4276470588235,True,False,58.613,234.452,16.0,16.0,False,0.0,1.0,16.0,0.0,0.0,0.0,60.19654876536891,28.486,-3268.82678
2025-05-21_20:00_00:00,2025-05-21 20:00:00+02:00,2025-05-22 00:00:00+02:00,4.0,2.08,False,False,16,0.0,True,False,16,12,0,-42.73764705882353,True,False,48.187,192.748,16.0,16.0,False,0.0,1.0,16.0,0.0,0.0,0.0,66.2293843720945,16.0,-431.08
2025-05-22_00:00_04:00,2025-05-22 00:00:00+02:00,2025-05-22 04:00:00+02:00,4.0,2.98,False,False,16,0.0,True,False,14,14,0,-84.59764705882353,True,False,34.202,136.808,16.0,16.0,False,0.0,1.0,16.0,0.0,0.0,4.0,76.61233374494533,0.0,0.0
2025-05-22_04:00_08:00,2025-05-22 04:00:00+02:00,2025-05-22 08:00:00+02:00,4.0,2.91,False,False,16,0.0,True,False,11,6,2,-70.38764705882355,True,False,57.453,229.812,16.0,16.0,False,0.0,1.0,16.0,0.0,0.0,0.0,75.87597624658211,20.0,-730.3199999999999
2025-05-22_08:00_12:00,2025-05-22 08:00:00+02:00,2025-05-22 12:00:00+02:00,4.0,43.7,False,False,16,0.0,True,False,14,7,1,-25.937647058823536,True,False,62.889,251.556,16.0,16.0,False,0.0,1.0,16.0,0.0,0.0,0.0,80.68475201217045,24.292,-1221.23868
2025-05-22_12:00_16:00,2025-05-22 12:00:00+02:00,2025-05-22 16:00:00+02:00,4.0,101.48,False,False,16,7.706764705882351,True,False,15,5,3,-30.807647058823527,True,False,47.703,190.812,16.0,16.0,False,0.0,1.0,16.0,0.0,0.0,0.0,77.52840571030667,40.0,-1984.64
2025-05-22_16:00_20:00,2025-05-22 16:00:00+02:00,2025-05-22 20:00:00+02:00,4.0,53.32,False,False,16,0.06058823529411761,True,False,14,4,0,-83.57764705882354,True,False,135.401,541.604,16.0,16.0,False,0.0,1.0,16.0,0.0,0.0,0.0,55.306102239714825,40.0,-22201.840000000004
2025-05-22_20:00_00:00,2025-05-22 20:00:00+02:00,2025-05-23 00:00:00+02:00,4.0,3.71,False,False,16,0.0,True,False,16,16,0,-106.86764705882354,True,False,55.254,221.016,16.0,16.0,False,0.0,1.0,16.0,0.0,0.0,4.0,66.25003130767182,0.0,0.0
2025-05-23_00:00_04:00,2025-05-23 00:00:00+02:00,2025-05-23 04:00:00+02:00,4.0,2.5,False,False,16,0.0,True,False,16,16,1,-65.44764705882355,True,False,46.686,186.744,16.0,16.0,False,0.0,1.0,16.0,0.0,0.0,4.0,84.21052631578948,0.0,0.0
2025-05-23_04:00_08:00,2025-05-23 04:00:00+02:00,2025-05-23 08:00:00+02:00,4.0,2.5,False,False,16,0.0,True,False,13,13,0,-78.79764705882354,True,False,79.05,316.2,16.0,16.0,False,0.0,1.0,16.0,0.0,0.0,4.0,84.21052631578948,0.0,0.0
2025-05-23_08:00_12:00,2025-05-23 08:00:00+02:00,2025-05-23 12:00:00+02:00,4.0,39.63,False,False,16,0.0,True,False,16,14,0,-80.73764705882354,True,False,91.299,365.196,16.0,16.0,False,0.0,1.0,16.0,0.0,0.0,0.0,83.2167837131579,4.0,-17.72
2025-05-23_12:00_16:00,2025-05-23 12:00:00+02:00,2025-05-23 16:00:00+02:00,4.0,86.6,False,False,16,0.0,True,False,16,6,0,-14.867647058823529,True,False,123.16,492.64,16.0,16.0,False,0.0,1.0,16.0,0.0,0.0,0.0,78.27531432834044,12.0,-324.0
2025-05-23_16:00_20:00,2025-05-23 16:00:00+02:00,2025-05-23 20:00:00+02:00,4.0,36.45,False,False,16,0.0,True,False,11,6,1,-82.22764705882355,True,False,129.704,518.816,16.0,16.0,False,0.0,1.0,16.0,0.0,0.0,0.0,72.85604559621133,20.0,-956.68
2025-05-23_20:00_00:00,2025-05-23 20:00:00+02:00,2025-05-24 00:00:00+02:00,4.0,2.14,False,False,16,0.0,True,False,12,12,0,-95.74764705882353,True,False,10.866,43.464,16.0,16.0,False,0.0,1.0,16.0,0.0,0.0,4.0,84.21052631578948,0.0,0.0
2025-05-24_00:00_04:00,2025-05-24 00:00:00+02:00,2025-05-24 04:00:00+02:00,4.0,2.3,False,False,16,0.0,True,False,14,14,1,-70.28764705882355,True,False,31.589,126.356,16.0,16.0,False,0.0,1.0,16.0,0.0,0.0,4.0,84.21052631578948,0.0,0.0
2025-05-24_04:00_08:00,2025-05-24 04:00:00+02:00,2025-05-24 08:00:00+02:00,4.0,2.8,False,False,16,0.0,True,False,15,10,1,-51.95764705882353,True,False,42.319,169.276,16.0,16.0,False,0.0,1.0,16.0,0.0,0.0,0.0,77.68168710526315,2.0902075759970495,-26.94950714925452
2025-05-24_08:00_12:00,2025-05-24 08:00:00+02:00,2025-05-24 12:00:00+02:00,4.0,47.96,False,False,16,0.0,True,False,13,4,0,-15.057647058823527,True,False,29.914,119.656,16.0,16.0,False,0.0,1.0,16.0,0.0,0.0,0.0,73.16348763444867,4.0,-216.68
2025-05-24_12:00_16:00,2025-05-24 12:00:00+02:00,2025-05-24 16:00:00+02:00,4.0,87.6,False,False,16,0.0,True,False,14,7,0,-55.247647058823524,True,False,32.635,130.54,16.0,16.0,False,0.0,1.0,16.0,0.0,0.0,0.0,53.68167519003669,0.0,0.0
2025-05-24_16:00_20:00,2025-05-24 16:00:00+02:00,2025-05-24 20:00:00+02:00,4.0,38.07,False,False,16,0.0,True,False,11,8,0,-65.35764705882355,True,False,48.667,194.668,16.0,16.0,False,0.0,1.0,16.0,0.0,0.0,0.0,54.892829706434284,4.0,-400.28
2025-05-24_20:00_00:00,2025-05-24 20:00:00+02:00,2025-05-25 00:00:00+02:00,4.0,2.1,False,False,16,0.0,True,False,15,14,0,-53.90764705882352,True,False,17.215,68.86,16.0,16.0,False,0.0,1.0,16.0,0.0,0.0,4.0,61.62358879860006,0.0,0.0
2025-05-25_00:00_04:00,2025-05-25 00:00:00+02:00,2025-05-25 04:00:00+02:00,4.0,11.25,False,False,16,0.0,True,False,8,7,0,-46.627647058823534,True,False,4.886,19.544,16.0,16.0,False,0.0,1.0,16.0,0.0,0.0,4.0,67.1010080387581,0.0,0.0
2025-05-25_04:00_08:00,2025-05-25 04:00:00+02:00,2025-05-25 08:00:00+02:00,4.0,14.35,False,False,16,0.0,True,False,14,10,0,-53.627647058823534,True,False,5.345,21.38,16.0,16.0,False,0.0,1.0,16.0,0.0,0.0,0.0,60.99168823278711,1.203,-21.34122
2025-05-25_08:00_12:00,2025-05-25 08:00:00+02:00,2025-05-25 12:00:00+02:00,4.0,43.76,False,False,16,0.0,True,False,14,10,0,-51.34764705882353,True,False,7.403,29.612,16.0,16.0,False,0.0,1.0,16.0,0.0,0.0,0.0,59.08181716379924,10.991,-367.20921
2025-05-25_12:00_16:00,2025-05-25 12:00:00+02:00,2025-05-25 16:00:00+02:00,4.0,76.71,False,False,16,1.2367647058823508,True,False,13,9,0,-28.857647058823538,True,False,34.498,137.992,16.0,16.0,False,0.0,1.0,16.0,0.0,0.0,0.0,63.984201211401555,4.0,-53.0
2025-05-25_16:00_20:00,2025-05-25 16:00:00+02:00,2025-05-25 20:00:00+02:00,4.0,39.97,False,False,16,0.0,True,False,11,9,0,-100.86764705882354,True,False,162.263,649.052,16.0,16.0,False,0.0,1.0,16.0,0.0,0.0,0.0,60.13019969854514,4.0,-760.52
2025-05-25_20:00_00:00,2025-05-25 20:00:00+02:00,2025-05-26 00:00:00+02:00,4.0,2.1,False,False,16,0.0,True,False,11,11,0,-98.21764705882353,True,False,25.185,100.74,16.0,16.0,False,0.0,1.0,16.0,0.0,0.0,4.0,65.75098509315133,0.0,0.0
2025-05-26_00:00_04:00,2025-05-26 00:00:00+02:00,2025-05-26 04:00:00+02:00,4.0,6.11,False,False,16,0.0,True,False,13,13,0,-88.47764705882355,True,False,61.831,247.324,16.0,16.0,False,0.0,1.0,16.0,0.0,0.0,4.0,70.0663835072258,0.0,0.0
2025-05-26_04:00_08:00,2025-05-26 04:00:00+02:00,2025-05-26 08:00:00+02:00,4.0,6.46,False,False,16,0.0,True,False,15,15,1,-80.05764705882353,True,False,51.564,206.256,16.0,16.0,False,0.0,1.0,16.0,0.0,0.0,4.0,84.21052631578948,0.0,0.0
2025-05-26_08:00_12:00,2025-05-26 08:00:00+02:00,2025-05-26 12:00:00+02:00,4.0,42.53,False,False,16,0.0,True,False,12,11,1,-98.84764705882353,True,False,82.6,330.4,16.0,16.0,False,0.0,1.0,16.0,0.0,0.0,0.0,82.90921052631579,4.0,-30.52
2025-05-26_12:00_16:00,2025-05-26 12:00:00+02:00,2025-05-26 16:00:00+02:00,4.0,84.7,False,False,16,0.0,True,False,12,11,0,-53.547647058823536,True,False,22.712,90.848,16.0,16.0,False,0.0,1.0,16.0,0.0,0.0,0.0,83.71315789473685,4.0,-72.4
2025-05-26_16:00_20:00,2025-05-26 16:00:00+02:00,2025-05-26 20:00:00+02:00,4.0,33.07,False,False,16,0.0,True,False,12,12,1,-104.64764705882354,True,False,34.255,137.02,16.0,16.0,False,0.0,1.0,16.0,0.0,0.0,4.0,84.21052631578948,0.0,0.0
2025-05-26_20:00_00:00,2025-05-26 20:00:00+02:00,2025-05-27 00:00:00+02:00,4.0,1.7,False,False,16,0.0,True,False,11,11,0,-89.85764705882355,True,False,67.507,270.028,16.0,16.0,False,0.0,1.0,16.0,0.0,0.0,4.0,84.21052631578948,0.0,0.0
2025-05-27_00:00_04:00,2025-05-27 00:00:00+02:00,2025-05-27 04:00:00+02:00,4.0,4.24,False,False,16,0.0,True,False,12,12,0,-77.85764705882355,True,False,30.98,123.92,16.0,16.0,False,0.0,1.0,16.0,0.0,0.0,4.0,84.21052631578948,0.0,0.0
2025-05-27_04:00_08:00,2025-05-27 04:00:00+02:00,2025-05-27 08:00:00+02:00,4.0,4.91,False,False,16,0.0,True,False,15,10,0,-67.14764705882354,True,False,81.965,327.86,16.0,16.0,False,0.0,1.0,16.0,0.0,0.0,0.0,75.34227161751583,16.0,-1374.4
2025-05-27_08:00_12:00,2025-05-27 08:00:00+02:00,2025-05-27 12:00:00+02:00,4.0,44.5,False,False,16,0.0,True,False,16,1,0,-8.557647058823527,True,False,181.007,724.028,16.0,16.0,False,0.0,1.0,16.0,0.0,0.0,0.0,64.4119677071222,8.0,-489.24
2025-05-27_12:00_16:00,2025-05-27 12:00:00+02:00,2025-05-27 16:00:00+02:00,4.0,80.86,False,False,16,0.0,True,False,16,7,0,-75.66764705882355,True,False,34.637,138.548,16.0,16.0,False,0.0,1.0,16.0,0.0,0.0,0.0,63.45730555209672,30.198,-1835.46954
2025-05-27_16:00_20:00,2025-05-27 16:00:00+02:00,2025-05-27 20:00:00+02:00,4.0,28.05,False,False,16,0.0,True,False,8,6,0,-94.35764705882355,True,False,40.628,162.512,16.0,16.0,False,0.0,1.0,16.0,0.0,0.0,0.0,79.45896843204815,8.0,-96.84
2025-05-27_20:00_00:00,2025-05-27 20:00:00+02:00,2025-05-28 00:00:00+02:00,4.0,1.67,False,False,16,0.0,True,False,16,16,0,-80.49764705882353,True,False,126.322,505.288,16.0,16.0,False,0.0,1.0,16.0,0.0,0.0,4.0,84.21052631578948,0.0,0.0
2025-05-28_00:00_04:00,2025-05-28 00:00:00+02:00,2025-05-28 04:00:00+02:00,4.0,10.37,False,False,16,0.0,True,False,6,6,0,-72.46764705882353,True,False,6.171,24.684,16.0,16.0,False,0.0,1.0,16.0,0.0,0.0,4.0,84.21052631578948,0.0,0.0
2025-05-28_04:00_08:00,2025-05-28 04:00:00+02:00,2025-05-28 08:00:00+02:00,4.0,18.23,False,False,16,0.0,True,False,12,12,0,-89.24764705882353,True,False,1.237,4.948,4.948,4.0,False,0.0,1.0,4.0,0.0,0.0,4.0,84.21052631578948,0.0,0.0
2025-05-28_08:00_12:00,2025-05-28 08:00:00+02:00,2025-05-28 12:00:00+02:00,4.0,34.02,False,False,16,0.0,True,False,14,14,0,-74.88764705882355,True,False,14.281,57.124,16.0,16.0,False,0.0,1.0,16.0,0.0,0.0,4.0,84.21052631578948,0.0,0.0
2025-05-28_12:00_16:00,2025-05-28 12:00:00+02:00,2025-05-28 16:00:00+02:00,4.0,70.0,False,False,16,0.0,True,False,12,10,2,-65.10764705882355,True,False,35.838,143.352,16.0,16.0,False,0.0,1.0,16.0,0.0,0.0,0.0,82.90921052631579,8.0,-63.52
2025-05-28_16:00_20:00,2025-05-28 16:00:00+02:00,2025-05-28 20:00:00+02:00,4.0,29.38,False,False,16,0.0,True,False,14,12,0,-87.27764705882353,True,False,45.11,180.44,16.0,16.0,False,0.0,1.0,16.0,0.0,0.0,0.0,81.74973684210526,4.172000000000001,-65.10696
2025-05-28_20:00_00:00,2025-05-28 20:00:00+02:00,2025-05-29 00:00:00+02:00,4.0,1.5,False,False,16,0.0,True,False,12,12,0,-98.94764705882355,True,False,20.037,80.148,16.0,16.0,False,0.0,1.0,16.0,0.0,0.0,4.0,84.21052631578948,0.0,0.0
2025-05-29_00:00_04:00,2025-05-29 00:00:00+02:00,2025-05-29 04:00:00+02:00,4.0,5.17,False,False,16,0.0,True,False,10,10,0,-93.34764705882353,True,False,1.987,7.948,7.948,7.0,False,0.0,1.0,7.0,0.0,0.0,4.0,84.21052631578948,0.0,0.0
2025-05-29_04:00_08:00,2025-05-29 04:00:00+02:00,2025-05-29 08:00:00+02:00,4.0,5.63,False,False,16,0.0,True,False,9,9,0,-92.76764705882354,True,False,4.26,17.04,16.0,16.0,False,0.0,1.0,16.0,0.0,0.0,4.0,84.21052631578948,0.0,0.0
2025-05-29_08:00_12:00,2025-05-29 08:00:00+02:00,2025-05-29 12:00:00+02:00,4.0,37.99,False,False,16,0.0,True,False,16,9,0,-39.93764705882352,True,False,46.907,187.628,16.0,16.0,False,0.0,1.0,16.0,0.0,0.0,0.0,79.7520740731321,9.004,-132.45556
2025-05-29_12:00_16:00,2025-05-29 12:00:00+02:00,2025-05-29 16:00:00+02:00,4.0,75.77,False,False,16,0.0,True,False,15,12,0,-48.35764705882354,True,False,64.437,257.748,16.0,16.0,False,0.0,1.0,16.0,0.0,0.0,0.0,74.3570932967949,0.0,0.0
2025-05-29_16:00_20:00,2025-05-29 16:00:00+02:00,2025-05-29 20:00:00+02:00,4.0,30.58,False,False,16,0.0,True,False,12,10,0,-92.39764705882354,True,False,65.184,260.736,16.0,16.0,False,0.0,1.0,16.0,0.0,0.0,0.0,76.8934313669244,8.0,-145.8
2025-05-29_20:00_00:00,2025-05-29 20:00:00+02:00,2025-05-30 00:00:00+02:00,4.0,1.74,False,False,16,0.0,True,False,11,11,0,-63.61764705882353,True,False,69.926,279.704,16.0,16.0,False,0.0,1.0,16.0,0.0,0.0,4.0,84.21052631578948,0.0,0.0
2025-05-30_00:00_04:00,2025-05-30 00:00:00+02:00,2025-05-30 04:00:00+02:00,4.0,8.91,False,False,16,0.0,True,False,16,16,0,-52.297647058823536,True,False,46.428,185.712,16.0,16.0,False,0.0,1.0,16.0,0.0,0.0,4.0,84.21052631578948,0.0,0.0
2025-05-30_04:00_08:00,2025-05-30 04:00:00+02:00,2025-05-30 08:00:00+02:00,4.0,6.88,False,False,16,0.0,True,False,15,13,0,-55.497647058823524,True,False,59.178,236.712,16.0,16.0,False,0.0,1.0,16.0,0.0,0.0,0.0,80.40348342105263,0.0,0.0
2025-05-30_08:00_12:00,2025-05-30 08:00:00+02:00,2025-05-30 12:00:00+02:00,4.0,38.64,False,False,16,0.0,True,False,16,4,0,-30.14764705882353,True,False,148.498,593.992,16.0,16.0,False,0.0,1.0,16.0,0.0,0.0,0.0,71.32784261456958,5.854,-339.77438
2025-05-30_12:00_16:00,2025-05-30 12:00:00+02:00,2025-05-30 16:00:00+02:00,4.0,75.95,False,False,16,0.15117647058823458,True,False,15,8,0,-24.16764705882354,True,False,26.426,105.704,16.0,16.0,False,0.0,1.0,16.0,0.0,0.0,0.0,71.43868672293287,4.0,-72.92
2025-05-30_16:00_20:00,2025-05-30 16:00:00+02:00,2025-05-30 20:00:00+02:00,4.0,32.17,False,False,16,0.0,True,False,12,8,0,-99.77764705882353,True,False,50.946,203.784,16.0,16.0,False,0.0,1.0,16.0,0.0,0.0,0.0,79.21241267740668,12.0,-135.2
2025-05-30_20:00_00:00,2025-05-30 20:00:00+02:00,2025-05-31 00:00:00+02:00,4.0,1.52,False,False,16,0.0,True,False,3,3,0,-145.12764705882353,False,False,0.022,0.088,0.088,0.0,False,0.0,1.0,0.0,0.0,0.0,4.0,84.21052631578948,0.0,0.0
2025-05-31_00:00_04:00,2025-05-31 00:00:00+02:00,2025-05-31 04:00:00+02:00,4.0,5.21,False,False,16,0.0,True,False,12,12,1,-99.71764705882353,True,False,2.318,9.272,9.272,9.0,False,0.0,1.0,9.0,0.0,0.0,4.0,84.21052631578948,0.0,0.0
2025-05-31_04:00_08:00,2025-05-31 04:00:00+02:00,2025-05-31 08:00:00+02:00,4.0,4.73,False,False,16,0.0,True,False,15,12,0,-79.92764705882354,True,False,39.329,157.316,16.0,16.0,False,0.0,1.0,16.0,0.0,0.0,0.0,74.42216331289474,4.0,-205.36
2025-05-31_08:00_12:00,2025-05-31 08:00:00+02:00,2025-05-31 12:00:00+02:00,4.0,40.36,False,False,16,0.0,True,False,16,12,0,-76.90764705882353,True,False,5.237,20.948,16.0,16.0,False,0.0,1.0,16.0,0.0,0.0,0.0,63.00123536788524,0.58,-6.438
2025-05-31_12:00_16:00,2025-05-31 12:00:00+02:00,2025-05-31 16:00:00+02:00,4.0,74.7,False,False,16,3.999852941176469,True,False,15,13,0,-78.94764705882355,True,False,36.114,144.456,16.0,16.0,False,0.0,1.0,16.0,0.0,0.0,0.0,67.43984994192954,2.4990054356123994,-17.018227016520438
2025-05-31_16:00_20:00,2025-05-31 16:00:00+02:00,2025-05-31 20:00:00+02:00,4.0,33.27,False,False,16,0.0,True,False,10,10,0,-139.12764705882353,True,False,11.929,47.716,16.0,16.0,False,0.0,1.0,16.0,0.0,0.0,4.0,71.79496058555827,0.0,0.0
2025-05-31_20:00_00:00,2025-05-31 20:00:00+02:00,2025-06-01 00:00:00+02:00,4.0,1.37,False,False,16,0.0,True,False,14,14,0,-152.68764705882353,True,False,117.482,469.928,16.0,16.0,False,0.0,1.0,16.0,0.0,0.0,4.0,79.0092002904992,0.0,0.0
2025-06-01_00:00_04:00,2025-06-01 00:00:00+02:00,2025-06-01 04:00:00+02:00,4.0,4.75,False,False,16,0.0,True,False,16,12,0,-46.71764705882352,True,False,177.379,709.516,16.0,16.0,False,0.0,1.0,16.0,0.0,0.0,0.0,77.81123598980776,7.633885694131568,-80.35443692015383
2025-06-01_04:00_08:00,2025-06-01 04:00:00+02:00,2025-06-01 08:00:00+02:00,4.0,5.49,False,False,16,0.0,True,False,14,8,0,-77.82764705882354,True,False,31.347,125.388,16.0,16.0,False,0.0,1.0,16.0,0.0,0.0,0.0,59.73313314630997,16.0,-412.0
2025-06-01_08:00_12:00,2025-06-01 08:00:00+02:00,2025-06-01 12:00:00+02:00,4.0,42.45,False,False,16,0.0,True,False,4,4,0,-254.69764705882352,True,False,1.03,4.12,4.12,4.0,False,0.0,1.0,4.0,0.0,0.0,0.0,55.95923060832344,0.0,0.0
2025-06-01_12:00_16:00,2025-06-01 12:00:00+02:00,2025-06-01 16:00:00+02:00,4.0,79.11,False,False,16,10.859852941176468,True,False,15,13,0,-64.26764705882354,True,False,38.949,155.796,16.0,16.0,False,0.0,1.0,16.0,0.0,0.0,0.0,61.0837895745292,4.0,-110.56
2025-06-01_16:00_20:00,2025-06-01 16:00:00+02:00,2025-06-01 20:00:00+02:00,4.0,35.52,False,False,16,0.8130882352941171,True,False,14,12,0,-141.22764705882352,True,False,51.07,204.28,16.0,16.0,False,0.0,1.0,16.0,0.0,0.0,0.0,60.47950677669048,8.0,-359.6
2025-06-01_20:00_00:00,2025-06-01 20:00:00+02:00,2025-06-02 00:00:00+02:00,4.0,1.52,False,False,16,0.0,True,False,11,11,0,-66.62764705882353,True,False,97.934,391.736,16.0,16.0,False,0.0,1.0,16.0,0.0,0.0,4.0,63.52299695492884,0.0,0.0
2025-06-02_00:00_04:00,2025-06-02 00:00:00+02:00,2025-06-02 04:00:00+02:00,4.0,4.02,False,False,16,0.0,True,False,10,10,0,-224.48764705882354,True,False,22.822,91.288,16.0,16.0,False,0.0,1.0,16.0,0.0,0.0,4.0,68.03258264611001,0.0,0.0
2025-06-02_04:00_08:00,2025-06-02 04:00:00+02:00,2025-06-02 08:00:00+02:00,4.0,4.23,False,False,16,0.0,True,False,10,10,0,-117.74764705882353,True,False,117.242,468.968,16.0,16.0,False,0.0,1.0,16.0,0.0,0.0,4.0,84.21052631578948,0.0,0.0
2025-06-02_08:00_12:00,2025-06-02 08:00:00+02:00,2025-06-02 12:00:00+02:00,4.0,63.66,False,False,16,0.0,True,False,10,6,0,-75.98764705882354,True,False,44.207,176.828,16.0,16.0,False,0.0,1.0,16.0,0.0,0.0,0.0,82.92631578947369,16.0,-352.92
2025-06-02_12:00_16:00,2025-06-02 12:00:00+02:00,2025-06-02 16:00:00+02:00,4.0,71.12,False,False,16,0.0,True,False,4,4,2,-43.69764705882354,True,False,1.332,5.328,5.328,5.0,False,0.0,1.0,5.0,0.0,0.0,4.0,84.21052631578948,0.0,0.0
2025-06-02_16:00_20:00,2025-06-02 16:00:00+02:00,2025-06-02 20:00:00+02:00,4.0,27.45,False,False,16,0.0,True,False,10,10,2,-137.22764705882352,True,False,4.911,19.644,16.0,16.0,False,0.0,1.0,16.0,0.0,0.0,4.0,84.21052631578948,0.0,0.0
2025-06-02_20:00_00:00,2025-06-02 20:00:00+02:00,2025-06-03 00:00:00+02:00,4.0,1.34,False,False,16,0.0,True,False,11,11,1,-122.49764705882353,True,False,14.682,58.728,16.0,16.0,False,0.0,1.0,16.0,0.0,0.0,4.0,84.21052631578948,0.0,0.0
2025-06-03_00:00_04:00,2025-06-03 00:00:00+02:00,2025-06-03 04:00:00+02:00,4.0,3.4,False,False,16,0.0,True,False,11,11,0,-307.65764705882356,True,False,12.765,51.06,16.0,16.0,False,0.0,1.0,16.0,0.0,0.0,4.0,84.21052631578948,0.0,0.0
2025-06-03_04:00_08:00,2025-06-03 04:00:00+02:00,2025-06-03 08:00:00+02:00,4.0,3.34,False,False,16,0.0,True,False,11,11,2,-541.6976470588236,True,False,11.91,47.64,16.0,16.0,False,0.0,1.0,16.0,0.0,0.0,4.0,84.21052631578948,0.0,0.0
2025-06-03_08:00_12:00,2025-06-03 08:00:00+02:00,2025-06-03 12:00:00+02:00,4.0,42.12,False,False,16,0.0,True,False,16,4,0,-184.09764705882353,True,False,23.184,92.736,16.0,16.0,False,0.0,1.0,16.0,0.0,0.0,0.0,80.68700279226594,11.044751215730392,-336.53840261822495
2025-06-03_12:00_16:00,2025-06-03 12:00:00+02:00,2025-06-03 16:00:00+02:00,4.0,75.25,False,False,16,0.4561764705882343,True,False,11,5,0,-352.46764705882356,True,False,47.984,191.936,16.0,16.0,False,0.0,1.0,16.0,0.0,0.0,0.0,75.64357610048573,0.0,0.0
2025-06-03_16:00_20:00,2025-06-03 16:00:00+02:00,2025-06-03 20:00:00+02:00,4.0,26.48,False,False,16,0.0,True,False,9,7,1,-152.11764705882354,True,False,44.396,177.584,16.0,16.0,False,0.0,1.0,16.0,0.0,0.0,0.0,80.43767684210528,8.0,-68.44
2025-06-03_20:00_00:00,2025-06-03 20:00:00+02:00,2025-06-04 00:00:00+02:00,4.0,1.82,False,False,16,0.0,True,False,15,15,0,-64.03764705882352,True,False,47.855,191.42,16.0,16.0,False,0.0,1.0,16.0,0.0,0.0,4.0,84.21052631578948,0.0,0.0
2025-06-04_00:00_04:00,2025-06-04 00:00:00+02:00,2025-06-04 04:00:00+02:00,4.0,3.15,False,False,16,0.0,True,False,8,8,1,-589.9376470588236,True,False,2.219,8.876,8.876,8.0,False,0.0,1.0,8.0,0.0,0.0,4.0,84.21052631578948,0.0,0.0
2025-06-04_04:00_08:00,2025-06-04 04:00:00+02:00,2025-06-04 08:00:00+02:00,4.0,3.06,False,False,16,0.0,True,False,8,8,0,-97.44764705882355,True,False,3.416,13.664,13.664,13.0,False,0.0,1.0,13.0,0.0,0.0,4.0,84.21052631578948,0.0,0.0
2025-06-04_08:00_12:00,2025-06-04 08:00:00+02:00,2025-06-04 12:00:00+02:00,4.0,33.43,False,False,16,0.0,True,False,9,9,1,-165.80764705882353,True,False,32.573,130.292,16.0,16.0,False,0.0,1.0,16.0,0.0,0.0,4.0,84.21052631578948,0.0,0.0
2025-06-04_12:00_16:00,2025-06-04 12:00:00+02:00,2025-06-04 16:00:00+02:00,4.0,66.4,False,False,16,0.0,True,False,13,13,0,-78.58764705882353,True,False,40.44,161.76,16.0,16.0,False,0.0,1.0,16.0,0.0,0.0,4.0,84.21052631578948,0.0,0.0
2025-06-04_16:00_20:00,2025-06-04 16:00:00+02:00,2025-06-04 20:00:00+02:00,4.0,21.81,False,False,16,0.0,True,False,13,13,0,-119.69764705882355,True,False,17.075,68.3,16.0,16.0,False,0.0,1.0,16.0,0.0,0.0,4.0,84.21052631578948,0.0,0.0
2025-06-04_20:00_00:00,2025-06-04 20:00:00+02:00,2025-06-05 00:00:00+02:00,4.0,1.33,False,False,16,0.0,True,False,14,14,0,-111.84764705882353,True,False,92.242,368.968,16.0,16.0,False,0.0,1.0,16.0,0.0,0.0,4.0,84.21052631578948,0.0,0.0
2025-06-05_00:00_04:00,2025-06-05 00:00:00+02:00,2025-06-05 04:00:00+02:00,4.0,2.8,False,False,16,0.0,True,False,11,11,0,-100.25764705882355,True,False,26.921,107.684,16.0,16.0,False,0.0,1.0,16.0,0.0,0.0,4.0,84.21052631578948,0.0,0.0
2025-06-05_04:00_08:00,2025-06-05 04:00:00+02:00,2025-06-05 08:00:00+02:00,4.0,4.38,False,False,16,0.0,True,False,11,11,1,-80.97764705882355,True,False,132.214,528.856,16.0,16.0,False,0.0,1.0,16.0,0.0,0.0,4.0,84.21052631578948,0.0,0.0
2025-06-05_08:00_12:00,2025-06-05 08:00:00+02:00,2025-06-05 12:00:00+02:00,4.0,53.55,False,False,16,0.0,True,False,15,14,0,-50.60764705882354,True,False,183.938,735.752,16.0,16.0,False,0.0,1.0,16.0,0.0,0.0,0.0,83.73052631578948,4.0,-50.2
2025-06-05_12:00_16:00,2025-06-05 12:00:00+02:00,2025-06-05 16:00:00+02:00,4.0,137.18,False,False,16,0.0,True,False,13,11,0,-55.81764705882353,True,False,119.719,478.876,16.0,16.0,False,0.0,1.0,16.0,0.0,0.0,0.0,81.64338947368422,8.0,-97.44000000000001
2025-06-05_16:00_20:00,2025-06-05 16:00:00+02:00,2025-06-05 20:00:00+02:00,4.0,20.98,False,False,16,0.0,True,False,11,9,0,-106.45764705882354,True,False,147.307,589.228,16.0,16.0,False,0.0,1.0,16.0,0.0,0.0,0.0,79.31192421052631,8.0,-88.96000000000001
2025-06-05_20:00_00:00,2025-06-05 20:00:00+02:00,2025-06-06 00:00:00+02:00,4.0,1.71,False,False,16,0.0,True,False,13,13,0,-96.41764705882355,True,False,120.974,483.896,16.0,16.0,False,0.0,1.0,16.0,0.0,0.0,4.0,84.21052631578948,0.0,0.0
2025-06-06_00:00_04:00,2025-06-06 00:00:00+02:00,2025-06-06 04:00:00+02:00,4.0,4.2,False,False,16,0.0,True,False,16,13,0,-62.15764705882352,True,False,121.7,486.8,16.0,16.0,False,0.0,1.0,16.0,0.0,0.0,0.0,78.96420342105264,12.0,-287.64
2025-06-06_04:00_08:00,2025-06-06 04:00:00+02:00,2025-06-06 08:00:00+02:00,4.0,3.64,False,False,16,0.0,True,False,15,12,1,-43.44764705882354,True,False,34.657,138.628,16.0,16.0,False,0.0,1.0,16.0,0.0,0.0,0.0,75.43501223040374,0.0,0.0
2025-06-06_08:00_12:00,2025-06-06 08:00:00+02:00,2025-06-06 12:00:00+02:00,4.0,47.0,False,False,16,0.0,True,False,16,3,0,-22.28764705882353,True,False,41.487,165.948,16.0,16.0,False,0.0,1.0,16.0,0.0,0.0,0.0,68.4791930358945,16.78314463561617,-960.225644758787
2025-06-06_12:00_16:00,2025-06-06 12:00:00+02:00,2025-06-06 16:00:00+02:00,4.0,90.3,False,False,16,1.676764705882352,True,False,16,3,0,-18.437647058823536,True,False,80.934,323.736,16.0,16.0,False,0.0,1.0,16.0,0.0,0.0,0.0,67.82148650833886,24.349,-1428.97797
2025-06-06_16:00_20:00,2025-06-06 16:00:00+02:00,2025-06-06 20:00:00+02:00,4.0,31.43,False,False,16,0.0,True,False,16,9,0,-94.73764705882354,True,False,70.762,283.048,16.0,16.0,False,0.0,1.0,16.0,0.0,0.0,0.0,58.055949518153994,28.0,-1847.96
2025-06-06_20:00_00:00,2025-06-06 20:00:00+02:00,2025-06-07 00:00:00+02:00,4.0,1.38,False,False,16,0.0,True,False,13,13,0,-90.03764705882355,True,False,19.396,77.584,16.0,16.0,False,0.0,1.0,16.0,0.0,0.0,4.0,70.6169461398879,0.0,0.0
2025-06-07_00:00_04:00,2025-06-07 00:00:00+02:00,2025-06-07 04:00:00+02:00,4.0,2.93,False,False,16,0.0,True,False,10,10,1,-193.95764705882354,True,False,13.491,53.964,16.0,16.0,False,0.0,1.0,16.0,0.0,0.0,4.0,84.21052631578948,0.0,0.0
2025-06-07_04:00_08:00,2025-06-07 04:00:00+02:00,2025-06-07 08:00:00+02:00,4.0,3.19,False,False,16,0.0,True,False,10,10,0,-230.53764705882355,True,False,7.57,30.28,16.0,16.0,False,0.0,1.0,16.0,0.0,0.0,4.0,84.21052631578948,0.0,0.0
2025-06-07_08:00_12:00,2025-06-07 08:00:00+02:00,2025-06-07 12:00:00+02:00,4.0,37.88,False,False,16,0.0,True,False,16,8,0,-77.84764705882353,True,False,106.292,425.168,16.0,16.0,False,0.0,1.0,16.0,0.0,0.0,0.0,62.68573037687627,25.103421052631578,-291.9060947368421
2025-06-07_12:00_16:00,2025-06-07 12:00:00+02:00,2025-06-07 16:00:00+02:00,4.0,78.14,False,False,16,0.0,True,False,7,6,0,-188.33764705882353,True,False,40.006,160.024,16.0,16.0,False,0.0,1.0,16.0,0.0,0.0,0.0,64.28936043597308,4.0,-34.84
2025-06-07_16:00_20:00,2025-06-07 16:00:00+02:00,2025-06-07 20:00:00+02:00,4.0,30.49,False,False,16,0.0,True,False,11,11,0,-555.1076470588235,True,False,24.251,97.004,16.0,16.0,False,0.0,1.0,16.0,0.0,0.0,4.0,83.03032171192083,0.0,0.0
2025-06-07_20:00_00:00,2025-06-07 20:00:00+02:00,2025-06-08 00:00:00+02:00,4.0,1.34,False,False,16,0.0,True,False,12,11,0,-206.96764705882356,True,False,30.776,123.104,16.0,16.0,False,0.0,1.0,16.0,0.0,0.0,1.5607135958009541,81.98860833264307,2.439286404199046,-90.86341855641446
2025-06-08_00:00_04:00,2025-06-08 00:00:00+02:00,2025-06-08 04:00:00+02:00,4.0,3.38,False,False,16,0.0,True,False,16,8,0,-28.14764705882353,True,False,25.944,103.776,16.0,16.0,False,0.0,1.0,16.0,0.0,0.0,0.0,80.35921052631579,0.0,0.0
2025-06-08_04:00_08:00,2025-06-08 04:00:00+02:00,2025-06-08 08:00:00+02:00,4.0,4.88,False,False,16,0.0,True,False,14,9,0,-69.68764705882353,True,False,24.477,97.908,16.0,16.0,False,0.0,1.0,16.0,0.0,0.0,0.0,54.31122367493255,0.0,0.0
2025-06-08_08:00_12:00,2025-06-08 08:00:00+02:00,2025-06-08 12:00:00+02:00,4.0,58.65,False,False,16,1.3655882352941173,True,False,12,6,0,-29.277647058823526,True,False,27.298,109.192,16.0,16.0,False,0.0,1.0,16.0,0.0,0.0,0.0,55.72751398591341,0.0,0.0
2025-06-08_12:00_16:00,2025-06-08 12:00:00+02:00,2025-06-08 16:00:00+02:00,4.0,122.11,False,False,16,38.632352941176464,True,False,13,9,0,-37.42764705882353,True,False,8.986,35.944,16.0,16.0,False,0.0,1.0,16.0,0.0,0.0,0.0,20.541389809705628,0.0,0.0
2025-06-08_16:00_20:00,2025-06-08 16:00:00+02:00,2025-06-08 20:00:00+02:00,4.0,51.0,False,False,16,12.526176470588235,True,False,15,10,0,-59.497647058823524,True,False,99.676,398.704,16.0,16.0,False,0.0,1.0,16.0,0.0,0.0,0.0,10.459455638179536,0.0,0.0
2025-06-08_20:00_00:00,2025-06-08 20:00:00+02:00,2025-06-09 00:00:00+02:00,4.0,1.9,False,False,16,0.0,True,False,16,6,0,-36.30764705882353,True,False,57.061,228.244,16.0,16.0,False,0.0,1.0,16.0,0.0,0.0,0.0,7.842361272397587,0.0,0.0
2025-06-09_00:00_04:00,2025-06-09 00:00:00+02:00,2025-06-09 04:00:00+02:00,4.0,4.19,False,False,16,0.0,True,False,16,9,0,-321.79764705882354,True,False,125.786,503.144,16.0,16.0,False,0.0,1.0,16.0,0.0,0.0,0.0,0.0,2.918013947368417,-30.58078616842101
2025-06-09_04:00_08:00,2025-06-09 04:00:00+02:00,2025-06-09 08:00:00+02:00,4.0,7.38,False,False,16,0.0,True,False,16,9,0,-70.54764705882354,False,False,52.645,210.58,0.6357014909646502,0.0,False,0.0,1.0,0.0,0.0,0.0,0.0,9.717234502789722,16.0,-898.3199999999999
2025-06-09_08:00_12:00,2025-06-09 08:00:00+02:00,2025-06-09 12:00:00+02:00,4.0,45.92,False,False,16,0.34808823529411725,True,False,16,4,0,-19.967647058823523,False,False,94.139,376.556,0.6357014909646502,0.0,False,0.0,1.0,0.0,0.0,0.0,0.0,4.044292709013462,16.0,-1940.56
2025-06-09_12:00_16:00,2025-06-09 12:00:00+02:00,2025-06-09 16:00:00+02:00,4.0,89.99,False,False,16,9.649852941176468,True,False,15,7,2,-33.277647058823526,False,False,23.908,95.632,0.6357014909646502,0.0,False,0.0,1.0,0.0,0.0,0.0,0.0,2.049118218372383,12.0,-194.96
2025-06-09_16:00_20:00,2025-06-09 16:00:00+02:00,2025-06-09 20:00:00+02:00,4.0,35.46,False,False,16,0.0,True,False,11,5,0,-121.92764705882354,False,False,52.938,211.752,0.6357014909646502,0.0,False,0.0,1.0,0.0,0.0,0.0,0.0,0.014573917897055972,24.0,-876.36
2025-06-09_20:00_00:00,2025-06-09 20:00:00+02:00,2025-06-10 00:00:00+02:00,4.0,1.46,False,False,16,0.0,True,False,14,14,0,-127.21764705882353,False,False,46.151,184.604,0.6357014909646502,0.0,False,0.0,1.0,0.0,0.0,0.0,4.0,16.277950848030926,0.0,0.0
2025-06-10_00:00_04:00,2025-06-10 00:00:00+02:00,2025-06-10 04:00:00+02:00,4.0,3.08,False,False,16,0.0,True,False,16,12,0,-59.78764705882353,False,False,142.462,569.848,0.6357014909646502,0.0,False,0.0,1.0,0.0,0.0,0.0,0.0,39.01599912235605,16.0,-108.04
2025-06-10_04:00_08:00,2025-06-10 04:00:00+02:00,2025-06-10 08:00:00+02:00,4.0,4.38,False,False,16,0.0,True,False,10,10,0,-71.21764705882353,True,False,51.793,207.172,11.336734044484265,11.0,False,0.0,1.0,11.0,0.0,0.0,4.0,47.77540000051373,0.0,0.0
2025-06-10_08:00_12:00,2025-06-10 08:00:00+02:00,2025-06-10 12:00:00+02:00,4.0,34.95,False,False,16,0.0,True,False,15,10,1,-90.14764705882354,True,False,36.363,145.452,11.336734044484265,11.0,False,0.0,1.0,11.0,0.0,0.0,0.0,74.47945636119366,8.0,-195.04
2025-06-10_12:00_16:00,2025-06-10 12:00:00+02:00,2025-06-10 16:00:00+02:00,4.0,76.41,False,False,16,0.3780882352941166,True,False,5,5,0,-81.11764705882354,True,False,3.903,15.612,11.336734044484265,11.0,False,0.0,1.0,11.0,0.0,0.0,0.0,82.77196583578947,0.0,0.0
2025-06-10_16:00_20:00,2025-06-10 16:00:00+02:00,2025-06-10 20:00:00+02:00,4.0,28.8,False,False,16,0.0,True,False,16,13,0,-77.99764705882353,True,False,127.926,511.704,11.336734044484265,11.0,False,0.0,1.0,11.0,0.0,0.0,0.0,81.76,12.0,-148.12
2025-06-10_20:00_00:00,2025-06-10 20:00:00+02:00,2025-06-11 00:00:00+02:00,4.0,1.28,False,False,16,0.0,True,False,15,13,0,-148.57764705882354,True,False,137.306,549.224,11.336734044484265,11.0,False,0.0,1.0,11.0,0.0,0.0,0.0,81.58605263157895,8.0,-144.12
2025-06-11_00:00_04:00,2025-06-11 00:00:00+02:00,2025-06-11 04:00:00+02:00,4.0,2.83,False,False,16,0.0,True,False,14,12,0,-88.51764705882354,True,False,43.542,174.168,11.336734044484265,11.0,False,0.0,1.0,11.0,0.0,0.0,0.0,81.58605263157895,8.0,-106.4
2025-06-11_04:00_08:00,2025-06-11 04:00:00+02:00,2025-06-11 08:00:00+02:00,4.0,3.41,False,False,16,0.0,True,False,13,12,0,-94.31764705882352,True,False,89.203,356.812,16.0,16.0,False,0.0,1.0,16.0,0.0,0.0,0.0,82.32315789473684,4.0,-319.76
2025-06-11_08:00_12:00,2025-06-11 08:00:00+02:00,2025-06-11 12:00:00+02:00,4.0,38.88,False,False,16,0.0,True,False,16,13,0,-79.72764705882355,True,False,20.227,80.908,16.0,16.0,False,0.0,1.0,16.0,0.0,0.0,0.0,82.44760000000001,4.0,-22.16
2025-06-11_12:00_16:00,2025-06-11 12:00:00+02:00,2025-06-11 16:00:00+02:00,4.0,89.28,False,False,16,0.16308823529411676,True,False,16,11,0,-53.34764705882353,True,False,50.371,201.484,16.0,16.0,False,0.0,1.0,16.0,0.0,0.0,0.0,78.00782937837253,8.0,-167.32
2025-06-11_16:00_20:00,2025-06-11 16:00:00+02:00,2025-06-11 20:00:00+02:00,4.0,24.73,False,False,16,0.0,True,False,11,9,1,-76.40764705882353,True,False,25.219,100.876,16.0,16.0,False,0.0,1.0,16.0,0.0,0.0,0.0,82.32315789473684,5.6530000000000005,-59.61202
2025-06-11_20:00_00:00,2025-06-11 20:00:00+02:00,2025-06-12 00:00:00+02:00,4.0,1.14,False,False,16,0.0,True,False,16,16,0,-84.68764705882353,True,False,32.453,129.812,16.0,16.0,False,0.0,1.0,16.0,0.0,0.0,4.0,84.21052631578948,0.0,0.0
2025-06-12_00:00_04:00,2025-06-12 00:00:00+02:00,2025-06-12 04:00:00+02:00,4.0,2.49,False,False,16,0.0,True,False,10,10,1,-71.40764705882353,True,False,41.214,164.856,16.0,16.0,False,0.0,1.0,16.0,0.0,0.0,4.0,84.21052631578948,0.0,0.0
2025-06-12_04:00_08:00,2025-06-12 04:00:00+02:00,2025-06-12 08:00:00+02:00,4.0,2.8,False,False,16,0.0,True,False,11,11,0,-73.64764705882354,True,False,15.829,63.316,16.0,16.0,False,0.0,1.0,16.0,0.0,0.0,0.0,82.32315789473684,0.0,0.0
2025-06-12_08:00_12:00,2025-06-12 08:00:00+02:00,2025-06-12 12:00:00+02:00,4.0,35.23,False,False,16,0.0,True,False,16,11,0,-45.797647058823536,True,False,91.911,367.644,16.0,16.0,False,0.0,1.0,16.0,0.0,0.0,0.0,80.36174608421052,8.0,-117.88
2025-06-12_12:00_16:00,2025-06-12 12:00:00+02:00,2025-06-12 16:00:00+02:00,4.0,79.1,False,False,16,17.464852941176467,True,False,11,9,2,-54.98764705882353,True,False,30.183,120.732,16.0,16.0,False,0.0,1.0,16.0,0.0,0.0,0.0,78.00782937837253,4.0,-39.52
2025-06-12_16:00_20:00,2025-06-12 16:00:00+02:00,2025-06-12 20:00:00+02:00,4.0,29.87,False,False,16,0.008088235294117396,True,False,8,4,0,-25.377647058823534,True,False,75.798,303.192,16.0,16.0,False,0.0,1.0,16.0,0.0,0.0,0.0,77.10187358784191,16.0,-692.04
2025-06-12_20:00_00:00,2025-06-12 20:00:00+02:00,2025-06-13 00:00:00+02:00,4.0,1.37,False,False,16,0.0,True,False,14,14,0,-150.95764705882354,True,False,118.037,472.148,16.0,16.0,False,0.0,1.0,16.0,0.0,0.0,4.0,84.21052631578948,0.0,0.0
2025-06-13_00:00_04:00,2025-06-13 00:00:00+02:00,2025-06-13 04:00:00+02:00,4.0,3.14,False,False,16,0.0,True,False,15,15,2,-73.20764705882354,True,False,35.228,140.912,16.0,16.0,False,0.0,1.0,16.0,0.0,0.0,4.0,84.21052631578948,0.0,0.0
2025-06-13_04:00_08:00,2025-06-13 04:00:00+02:00,2025-06-13 08:00:00+02:00,4.0,2.67,False,False,16,0.0,True,False,15,15,4,-87.27764705882353,True,False,42.632,170.528,16.0,16.0,False,0.0,1.0,16.0,0.0,0.0,4.0,84.21052631578948,0.0,0.0
2025-06-13_08:00_12:00,2025-06-13 08:00:00+02:00,2025-06-13 12:00:00+02:00,4.0,35.95,False,False,16,0.0,True,False,16,10,0,-61.69764705882354,True,False,126.251,505.004,16.0,16.0,False,0.0,1.0,16.0,0.0,0.0,0.0,82.29340439626948,21.517,-830.64564
2025-06-13_12:00_16:00,2025-06-13 12:00:00+02:00,2025-06-13 16:00:00+02:00,4.0,76.9,False,False,16,1.6511764705882328,True,False,15,12,0,-62.07764705882354,True,False,71.027,284.108,16.0,16.0,False,0.0,1.0,16.0,0.0,0.0,0.0,82.92631578947369,8.0,-56.52
2025-06-13_16:00_20:00,2025-06-13 16:00:00+02:00,2025-06-13 20:00:00+02:00,4.0,28.9,False,False,16,0.0,True,False,12,10,0,-123.11764705882354,True,False,43.611,174.444,16.0,16.0,False,0.0,1.0,16.0,0.0,0.0,0.0,80.43767684210528,8.0,-44.760000000000005
2025-06-13_20:00_00:00,2025-06-13 20:00:00+02:00,2025-06-14 00:00:00+02:00,4.0,1.39,False,False,16,0.0,True,False,16,15,0,-130.60764705882355,True,False,184.574,738.296,16.0,16.0,False,0.0,1.0,16.0,0.0,0.0,0.0,81.76,4.0,-16.28
2025-06-14_00:00_04:00,2025-06-14 00:00:00+02:00,2025-06-14 04:00:00+02:00,4.0,6.3,False,False,16,0.0,True,False,10,10,0,-61.30764705882353,True,False,31.202,124.808,16.0,16.0,False,0.0,1.0,16.0,0.0,0.0,4.0,84.21052631578948,0.0,0.0
2025-06-14_04:00_08:00,2025-06-14 04:00:00+02:00,2025-06-14 08:00:00+02:00,4.0,6.81,False,False,16,0.0,True,False,13,11,2,-88.92764705882354,True,False,9.225,36.9,16.0,16.0,False,0.0,1.0,16.0,0.0,0.0,0.0,77.70220315789474,0.0,0.0
2025-06-14_08:00_12:00,2025-06-14 08:00:00+02:00,2025-06-14 12:00:00+02:00,4.0,47.39,False,False,16,1.5830882352941167,True,False,16,6,0,-134.12764705882353,True,False,307.813,1231.252,16.0,16.0,False,0.0,1.0,16.0,0.0,0.0,0.0,44.35473985603129,16.0,-4337.6
2025-06-14_12:00_16:00,2025-06-14 12:00:00+02:00,2025-06-14 16:00:00+02:00,4.0,77.5,False,False,16,23.79485294117647,True,False,6,4,0,-60.40764705882352,True,False,31.557,126.228,16.0,16.0,False,0.0,1.0,16.0,0.0,0.0,0.0,24.673081239090425,0.0,0.0
2025-06-14_16:00_20:00,2025-06-14 16:00:00+02:00,2025-06-14 20:00:00+02:00,4.0,28.0,False,False,16,0.0,True,False,9,8,1,-69.64764705882354,True,False,17.918,71.672,16.0,16.0,False,0.0,1.0,16.0,0.0,0.0,4.0,29.39828959463615,0.0,0.0
2025-06-14_20:00_00:00,2025-06-14 20:00:00+02:00,2025-06-15 00:00:00+02:00,4.0,1.19,False,False,16,0.0,True,False,7,7,0,-307.6476470588235,True,False,50.87,203.48,16.0,16.0,False,0.0,1.0,16.0,0.0,0.0,4.0,37.44539617478308,0.0,0.0
2025-06-15_00:00_04:00,2025-06-15 00:00:00+02:00,2025-06-15 04:00:00+02:00,4.0,3.23,False,False,16,0.0,True,False,11,11,0,-102.00764705882355,True,False,39.165,156.66,16.0,16.0,False,0.0,1.0,16.0,0.0,0.0,4.0,43.465584191539904,0.0,0.0
2025-06-15_04:00_08:00,2025-06-15 04:00:00+02:00,2025-06-15 08:00:00+02:00,4.0,3.87,False,False,16,0.0,True,False,12,11,0,-65.04764705882354,True,False,77.234,308.936,11.059787549773594,11.0,False,0.0,1.0,11.0,0.0,0.0,4.0,46.677011510546855,0.0,0.0
2025-06-15_08:00_12:00,2025-06-15 08:00:00+02:00,2025-06-15 12:00:00+02:00,4.0,38.65,False,False,16,0.0,True,False,16,13,0,-82.24764705882353,True,False,36.679,146.716,11.059787549773594,11.0,False,0.0,1.0,11.0,0.0,0.0,0.0,52.61505555369095,4.0,-26.6
2025-06-15_12:00_16:00,2025-06-15 12:00:00+02:00,2025-06-15 16:00:00+02:00,4.0,70.1,False,False,16,1.278676470588234,True,False,12,10,0,-54.08764705882353,True,False,20.968,83.872,11.059787549773594,11.0,False,0.0,1.0,11.0,0.0,0.0,0.0,55.398713782042435,4.0,-33.04
2025-06-15_16:00_20:00,2025-06-15 16:00:00+02:00,2025-06-15 20:00:00+02:00,4.0,25.53,False,False,16,0.0,True,False,14,14,0,-432.8176470588235,True,False,113.077,452.308,11.059787549773594,11.0,False,0.0,1.0,11.0,0.0,0.0,4.0,65.5357907377483,0.0,0.0
2025-06-15_20:00_00:00,2025-06-15 20:00:00+02:00,2025-06-16 00:00:00+02:00,4.0,1.1,False,False,16,0.0,True,False,14,14,0,-130.34764705882353,True,False,55.498,221.992,11.059787549773594,11.0,False,0.0,1.0,11.0,0.0,0.0,4.0,71.90757635962287,0.0,0.0
2025-06-16_00:00_04:00,2025-06-16 00:00:00+02:00,2025-06-16 04:00:00+02:00,4.0,2.73,False,False,16,0.0,True,False,11,11,1,-57.64764705882353,True,False,199.617,798.468,11.059787549773594,11.0,False,0.0,1.0,11.0,0.0,0.0,4.0,76.28401024971642,0.0,0.0
2025-06-16_04:00_08:00,2025-06-16 04:00:00+02:00,2025-06-16 08:00:00+02:00,4.0,2.96,False,False,16,0.0,True,False,9,9,0,-99.74764705882353,True,False,57.526,230.104,16.0,16.0,False,0.0,1.0,16.0,0.0,0.0,4.0,84.21052631578948,0.0,0.0
2025-06-16_08:00_12:00,2025-06-16 08:00:00+02:00,2025-06-16 12:00:00+02:00,4.0,34.85,False,False,16,0.0,True,False,10,9,0,-78.80764705882353,True,False,45.748,182.992,16.0,16.0,False,0.0,1.0,16.0,0.0,0.0,0.0,82.92631578947369,4.0,-18.44
2025-06-16_12:00_16:00,2025-06-16 12:00:00+02:00,2025-06-16 16:00:00+02:00,4.0,68.75,False,False,16,0.0,True,False,13,7,0,-185.69764705882352,True,False,46.654,186.616,16.0,16.0,False,0.0,1.0,16.0,0.0,0.0,0.0,81.64338947368422,22.497807448782527,-350.533597750445
2025-06-16_16:00_20:00,2025-06-16 16:00:00+02:00,2025-06-16 20:00:00+02:00,4.0,25.39,False,False,16,0.0,True,False,10,7,0,-203.61764705882354,True,False,11.95,47.8,16.0,16.0,False,0.0,1.0,16.0,0.0,0.0,0.0,79.31192421052631,12.0,-206.92
2025-06-16_20:00_00:00,2025-06-16 20:00:00+02:00,2025-06-17 00:00:00+02:00,4.0,1.0,False,False,16,0.0,True,False,9,9,0,-103.58764705882353,True,False,6.738,26.952,16.0,16.0,False,0.0,1.0,16.0,0.0,0.0,4.0,84.21052631578948,0.0,0.0
2025-06-17_00:00_04:00,2025-06-17 00:00:00+02:00,2025-06-17 04:00:00+02:00,4.0,3.0,False,False,16,0.0,True,False,6,6,1,-121.88764705882355,True,False,1.525,6.1,6.1,6.0,False,0.0,1.0,6.0,0.0,0.0,4.0,84.21052631578948,0.0,0.0
2025-06-17_04:00_08:00,2025-06-17 04:00:00+02:00,2025-06-17 08:00:00+02:00,4.0,2.69,False,False,16,0.0,True,False,12,12,2,-173.96764705882353,True,False,18.252,73.008,16.0,16.0,False,0.0,1.0,16.0,0.0,0.0,0.0,82.32315789473684,0.0,0.0
2025-06-17_08:00_12:00,2025-06-17 08:00:00+02:00,2025-06-17 12:00:00+02:00,4.0,56.69,False,False,16,0.0,True,False,16,9,0,-60.55764705882353,True,False,27.573,110.292,16.0,16.0,False,0.0,1.0,16.0,0.0,0.0,0.0,78.95684727396794,0.0,0.0
2025-06-17_12:00_16:00,2025-06-17 12:00:00+02:00,2025-06-17 16:00:00+02:00,4.0,132.41,False,False,16,1.4036764705882359,True,False,16,8,2,-42.517647058823535,True,False,40.597,162.388,16.0,16.0,False,0.0,1.0,16.0,0.0,0.0,0.0,73.46307770474634,12.0,-215.88
2025-06-17_16:00_20:00,2025-06-17 16:00:00+02:00,2025-06-17 20:00:00+02:00,4.0,43.46,False,False,16,0.0,True,False,11,11,0,-161.66764705882352,True,False,29.149,116.596,16.0,16.0,False,0.0,1.0,16.0,0.0,0.0,4.0,78.3102671176777,0.0,0.0
2025-06-17_20:00_00:00,2025-06-17 20:00:00+02:00,2025-06-18 00:00:00+02:00,4.0,1.75,False,False,16,0.0,True,False,11,11,0,-215.99764705882353,True,False,8.845,35.38,16.0,16.0,False,0.0,1.0,16.0,0.0,0.0,4.0,84.21052631578948,0.0,0.0
2025-06-18_00:00_04:00,2025-06-18 00:00:00+02:00,2025-06-18 04:00:00+02:00,4.0,2.29,False,False,16,0.0,True,False,12,12,0,-119.45764705882354,True,False,1.293,5.172,5.172,5.0,False,0.0,1.0,5.0,0.0,0.0,4.0,84.21052631578948,0.0,0.0
2025-06-18_04:00_08:00,2025-06-18 04:00:00+02:00,2025-06-18 08:00:00+02:00,4.0,2.34,False,False,16,0.0,True,False,9,9,0,-110.04764705882354,True,False,22.311,89.244,16.0,16.0,False,0.0,1.0,16.0,0.0,0.0,4.0,84.21052631578948,0.0,0.0
2025-06-18_08:00_12:00,2025-06-18 08:00:00+02:00,2025-06-18 12:00:00+02:00,4.0,37.36,False,False,16,0.0,True,False,15,7,0,-53.877647058823534,True,False,53.736,214.944,16.0,16.0,False,0.0,1.0,16.0,0.0,0.0,0.0,81.64338947368422,20.0,-518.16
2025-06-18_12:00_16:00,2025-06-18 12:00:00+02:00,2025-06-18 16:00:00+02:00,4.0,82.68,False,False,16,0.0,True,False,14,9,0,-46.497647058823524,True,False,30.889,123.556,16.0,16.0,False,0.0,1.0,16.0,0.0,0.0,0.0,80.8605895325794,12.0,-345.48
2025-06-18_16:00_20:00,2025-06-18 16:00:00+02:00,2025-06-18 20:00:00+02:00,4.0,30.43,False,False,16,0.0,True,False,9,5,0,-196.65764705882353,True,False,52.164,208.656,16.0,16.0,False,0.0,1.0,16.0,0.0,0.0,0.0,81.76,12.22715052631579,-430.5069354526316
2025-06-18_20:00_00:00,2025-06-18 20:00:00+02:00,2025-06-19 00:00:00+02:00,4.0,1.37,False,False,16,0.0,True,False,13,13,0,-152.96764705882353,True,False,64.504,258.016,16.0,16.0,False,0.0,1.0,16.0,0.0,0.0,4.0,84.21052631578948,0.0,0.0
2025-06-19_00:00_04:00,2025-06-19 00:00:00+02:00,2025-06-19 04:00:00+02:00,4.0,2.25,False,False,16,0.0,True,False,8,8,0,-108.14764705882354,True,False,13.564,54.256,16.0,16.0,False,0.0,1.0,16.0,0.0,0.0,4.0,84.21052631578948,0.0,0.0
2025-06-19_04:00_08:00,2025-06-19 04:00:00+02:00,2025-06-19 08:00:00+02:00,4.0,3.6,False,False,16,0.0,True,False,14,10,0,-103.26764705882354,True,False,49.359,197.436,16.0,16.0,False,0.0,1.0,16.0,0.0,0.0,0.0,74.05837776869843,8.0,-778.12
2025-06-19_08:00_12:00,2025-06-19 08:00:00+02:00,2025-06-19 12:00:00+02:00,4.0,48.01,False,False,16,6.808088235294117,True,False,16,1,0,-4.937647058823529,True,False,120.006,480.024,16.0,16.0,False,0.0,1.0,16.0,0.0,0.0,0.0,67.36366270563973,20.0,-1790.08
2025-06-19_12:00_16:00,2025-06-19 12:00:00+02:00,2025-06-19 16:00:00+02:00,4.0,88.41,False,False,16,52.849852941176465,True,True,16,0,0,15.412352941176472,True,True,72.501,290.004,16.0,16.0,False,0.0,1.0,16.0,16.0,5658.24,0.0,56.79651231678872,64.0,-4672.32
2025-06-19_16:00_20:00,2025-06-19 16:00:00+02:00,2025-06-19 20:00:00+02:00,4.0,34.0,False,False,16,0.5505882352941178,True,False,13,5,0,-126.97764705882355,True,False,103.06,412.24,16.0,16.0,False,0.0,1.0,16.0,0.0,0.0,0.0,44.62897460046692,30.254,-2085.25802
2025-06-19_20:00_00:00,2025-06-19 20:00:00+02:00,2025-06-20 00:00:00+02:00,4.0,1.39,False,False,16,0.0,True,False,14,13,0,-105.39764705882354,True,False,80.551,322.204,16.0,16.0,False,0.0,1.0,16.0,0.0,0.0,0.0,55.71904665334312,4.0,-38.6
2025-06-20_00:00_04:00,2025-06-20 00:00:00+02:00,2025-06-20 04:00:00+02:00,4.0,2.05,False,False,16,0.0,True,False,15,15,1,-106.38764705882355,True,False,10.05,40.2,16.0,16.0,False,0.0,1.0,16.0,0.0,0.0,4.0,75.94587147959237,0.0,0.0
2025-06-20_04:00_08:00,2025-06-20 04:00:00+02:00,2025-06-20 08:00:00+02:00,4.0,2.34,False,False,16,0.0,True,False,12,12,0,-118.41764705882355,True,False,33.575,134.3,16.0,16.0,False,0.0,1.0,16.0,0.0,0.0,4.0,84.21052631578948,0.0,0.0
2025-06-20_08:00_12:00,2025-06-20 08:00:00+02:00,2025-06-20 12:00:00+02:00,4.0,37.3,False,False,16,0.0,True,False,15,10,0,-100.08764705882353,True,False,68.379,273.516,16.0,16.0,False,0.0,1.0,16.0,0.0,0.0,0.0,80.8605895325794,4.0,-62.64
2025-06-20_12:00_16:00,2025-06-20 12:00:00+02:00,2025-06-20 16:00:00+02:00,4.0,77.16,False,False,16,0.0,True,False,16,16,0,-75.46764705882353,True,False,67.405,269.62,16.0,16.0,False,0.0,1.0,16.0,0.0,0.0,0.0,79.43206881646861,0.0,0.0
2025-06-20_16:00_20:00,2025-06-20 16:00:00+02:00,2025-06-20 20:00:00+02:00,4.0,26.57,False,False,16,0.0,True,False,12,12,0,-119.98764705882354,True,False,52.275,209.1,16.0,16.0,False,0.0,1.0,16.0,0.0,0.0,4.0,84.21052631578948,0.0,0.0
2025-06-20_20:00_00:00,2025-06-20 20:00:00+02:00,2025-06-21 00:00:00+02:00,4.0,1.26,False,False,16,0.0,True,False,12,12,0,-122.71764705882353,True,False,17.939,71.756,16.0,16.0,False,0.0,1.0,16.0,0.0,0.0,4.0,84.21052631578948,0.0,0.0
2025-06-21_00:00_04:00,2025-06-21 00:00:00+02:00,2025-06-21 04:00:00+02:00,4.0,1.89,False,False,16,0.0,True,False,11,11,0,-109.20764705882354,True,False,13.07,52.28,16.0,16.0,False,0.0,1.0,16.0,0.0,0.0,4.0,84.21052631578948,0.0,0.0
2025-06-21_04:00_08:00,2025-06-21 04:00:00+02:00,2025-06-21 08:00:00+02:00,4.0,2.38,False,False,16,0.0,True,False,14,14,0,-100.88764705882355,True,False,44.121,176.484,16.0,16.0,False,0.0,1.0,16.0,0.0,0.0,1.0456326860552143,82.00036952816048,0.0,0.0
2025-06-21_08:00_12:00,2025-06-21 08:00:00+02:00,2025-06-21 12:00:00+02:00,4.0,41.29,False,False,16,0.0,True,False,16,9,0,-89.38764705882355,True,False,10.629,42.516,16.0,16.0,False,0.0,1.0,16.0,0.0,0.0,0.0,53.58990005948604,0.0,0.0
2025-06-21_12:00_16:00,2025-06-21 12:00:00+02:00,2025-06-21 16:00:00+02:00,4.0,76.62,False,False,16,15.919852941176469,True,False,13,9,0,-25.557647058823527,True,False,74.527,298.108,16.0,16.0,False,0.0,1.0,16.0,0.0,0.0,0.0,27.41555213561902,4.0,-902.08
2025-06-21_16:00_20:00,2025-06-21 16:00:00+02:00,2025-06-21 20:00:00+02:00,4.0,27.35,False,False,16,0.0,True,False,15,11,0,-158.24764705882353,True,False,43.232,172.928,16.0,16.0,False,0.0,1.0,16.0,0.0,0.0,4.0,30.533510201874083,0.0,0.0
2025-06-21_20:00_00:00,2025-06-21 20:00:00+02:00,2025-06-22 00:00:00+02:00,4.0,1.19,False,False,16,0.0,True,False,15,15,1,-117.62764705882353,True,False,50.794,203.176,16.0,16.0,False,0.0,1.0,16.0,0.0,0.0,4.0,38.562588845115684,0.0,0.0
2025-06-22_00:00_04:00,2025-06-22 00:00:00+02:00,2025-06-22 04:00:00+02:00,4.0,2.27,False,False,16,0.0,True,False,15,15,1,-97.75764705882355,True,False,66.671,266.684,16.0,16.0,False,0.0,1.0,16.0,0.0,0.0,4.0,44.56503521866815,0.0,0.0
2025-06-22_04:00_08:00,2025-06-22 04:00:00+02:00,2025-06-22 08:00:00+02:00,4.0,7.29,False,False,16,0.0,True,False,14,9,0,-60.14764705882353,True,False,19.972,79.888,11.333826542598715,11.0,False,0.0,1.0,11.0,0.0,0.0,4.0,47.75900264166794,0.0,0.0
2025-06-22_08:00_12:00,2025-06-22 08:00:00+02:00,2025-06-22 12:00:00+02:00,4.0,55.02,False,False,16,11.043676470588235,True,False,13,7,0,-61.13764705882354,True,False,48.973,195.892,11.333826542598715,11.0,False,0.0,1.0,11.0,0.0,0.0,0.0,30.84806285922098,0.0,0.0
2025-06-22_12:00_16:00,2025-06-22 12:00:00+02:00,2025-06-22 16:00:00+02:00,4.0,109.36,False,False,16,69.12985294117647,True,False,13,5,0,-85.79764705882354,True,False,115.386,461.544,11.333826542598715,11.0,False,0.0,1.0,11.0,0.0,0.0,0.0,0.0,0.0,0.0
2025-06-22_16:00_20:00,2025-06-22 16:00:00+02:00,2025-06-22 20:00:00+02:00,4.0,35.46,False,False,16,1.233088235294117,True,False,8,6,0,-78.94764705882355,True,False,24.356,97.424,11.333826542598715,11.0,False,0.0,1.0,11.0,0.0,0.0,4.0,2.9887558536842107,0.0,0.0
2025-06-22_20:00_00:00,2025-06-22 20:00:00+02:00,2025-06-23 00:00:00+02:00,4.0,1.24,False,False,16,0.0,True,False,7,5,0,-124.82764705882354,True,False,131.82,527.28,11.333826542598715,11.0,False,0.0,1.0,11.0,0.0,0.0,0.17066421077701266,10.35382330229435,3.8293357892229873,-52.42360695446269
2025-06-23_00:00_04:00,2025-06-23 00:00:00+02:00,2025-06-23 04:00:00+02:00,4.0,2.88,False,False,16,0.0,True,False,12,9,1,-97.19764705882355,True,False,141.326,565.304,11.333826542598715,11.0,False,0.0,1.0,11.0,0.0,0.0,0.0,11.452773384508562,4.0,-61.96
2025-06-23_04:00_08:00,2025-06-23 04:00:00+02:00,2025-06-23 08:00:00+02:00,4.0,5.78,False,False,16,0.0,True,False,4,4,0,-43.33764705882353,True,False,45.907,183.628,3.1399666526236296,3.0,False,0.0,1.0,3.0,0.0,0.0,0.0,27.30448100626324,0.0,0.0
2025-06-23_08:00_12:00,2025-06-23 08:00:00+02:00,2025-06-23 12:00:00+02:00,4.0,715.32,False,False,16,0.840588235294117,True,False,16,2,0,-12.307647058823527,True,False,236.899,947.596,3.1399666526236296,3.0,False,0.0,1.0,3.0,0.0,0.0,0.0,39.9864923586646,36.0,-602.68
2025-06-23_12:00_16:00,2025-06-23 12:00:00+02:00,2025-06-23 16:00:00+02:00,4.0,1006.44,False,False,16,23.414852941176466,True,False,14,10,0,-102.23764705882354,True,False,56.432,225.728,3.1399666526236296,3.0,False,0.0,1.0,3.0,0.0,0.0,0.0,39.17703217173483,8.0,-353.92
2025-06-23_16:00_20:00,2025-06-23 16:00:00+02:00,2025-06-23 20:00:00+02:00,4.0,879.0,False,False,16,8.153676470588234,True,False,12,2,0,-59.32764705882354,True,False,180.066,720.264,3.1399666526236296,3.0,False,0.0,1.0,3.0,0.0,0.0,0.0,45.020645150417906,36.0,-10107.6
2025-06-23_20:00_00:00,2025-06-23 20:00:00+02:00,2025-06-24 00:00:00+02:00,4.0,5.0,False,False,16,0.0,True,False,13,11,0,-64.19764705882355,True,False,169.243,676.972,3.1399666526236296,3.0,False,0.0,1.0,3.0,0.0,0.0,0.0,49.689559947636695,8.0,-178.36
2025-06-24_00:00_04:00,2025-06-24 00:00:00+02:00,2025-06-24 04:00:00+02:00,4.0,14.7,False,False,16,0.0,True,False,15,15,0,-95.35764705882355,True,False,63.861,255.444,3.1399666526236296,3.0,False,0.0,1.0,3.0,0.0,0.0,4.0,72.41587972114311,0.0,0.0
2025-06-24_04:00_08:00,2025-06-24 04:00:00+02:00,2025-06-24 08:00:00+02:00,4.0,23.19,False,False,16,0.0,True,False,12,12,1,-105.34764705882353,True,False,24.94,99.76,16.0,16.0,False,0.0,1.0,16.0,0.0,0.0,4.0,84.21052631578948,0.0,0.0
2025-06-24_08:00_12:00,2025-06-24 08:00:00+02:00,2025-06-24 12:00:00+02:00,4.0,140.0,False,False,16,2.7311764705882347,True,False,16,2,0,-17.247647058823524,True,False,110.173,440.692,16.0,16.0,False,0.0,1.0,16.0,0.0,0.0,0.0,74.67925290954403,48.0,-1266.08
2025-06-24_12:00_16:00,2025-06-24 12:00:00+02:00,2025-06-24 16:00:00+02:00,4.0,202.86,False,False,16,14.669852941176469,True,False,16,11,0,-80.64764705882354,True,False,54.275,217.1,16.0,16.0,False,0.0,1.0,16.0,0.0,0.0,0.0,71.86348817856009,20.0,-378.6
2025-06-24_16:00_20:00,2025-06-24 16:00:00+02:00,2025-06-24 20:00:00+02:00,4.0,127.14,False,False,16,0.07808823529411768,True,False,11,7,0,-101.94764705882355,True,False,111.03,444.12,16.0,16.0,False,0.0,1.0,16.0,0.0,0.0,0.0,79.31192421052631,13.549473684210525,-402.48842105263157
2025-06-24_20:00_00:00,2025-06-24 20:00:00+02:00,2025-06-25 00:00:00+02:00,4.0,3.14,False,False,16,0.0,True,False,12,12,0,-142.25764705882352,True,False,66.157,264.628,16.0,16.0,False,0.0,1.0,16.0,0.0,0.0,4.0,84.21052631578948,0.0,0.0
2025-06-25_00:00_04:00,2025-06-25 00:00:00+02:00,2025-06-25 04:00:00+02:00,4.0,6.94,False,False,16,0.0,True,False,12,11,0,-119.39764705882354,True,False,125.908,503.632,16.0,16.0,False,0.0,1.0,16.0,0.0,0.0,0.0,81.58605263157895,4.0,-29.08
2025-06-25_04:00_08:00,2025-06-25 04:00:00+02:00,2025-06-25 08:00:00+02:00,4.0,9.65,False,False,16,0.0,True,False,16,16,0,-116.91764705882355,True,False,67.901,271.604,16.0,16.0,False,0.0,1.0,16.0,0.0,0.0,4.0,84.21052631578948,0.0,0.0
2025-06-25_08:00_12:00,2025-06-25 08:00:00+02:00,2025-06-25 12:00:00+02:00,4.0,93.3,False,False,16,0.0,True,False,10,8,0,-104.34764705882353,True,False,124.035,496.14,16.0,16.0,False,0.0,1.0,16.0,0.0,0.0,0.0,83.25100631578947,8.0,-289.28
2025-06-25_12:00_16:00,2025-06-25 12:00:00+02:00,2025-06-25 16:00:00+02:00,4.0,138.9,False,False,16,0.0,True,False,14,14,1,-99.04764705882354,True,False,47.524,190.096,16.0,16.0,False,0.0,1.0,16.0,0.0,0.0,4.0,84.21052631578948,0.0,0.0
2025-06-25_16:00_20:00,2025-06-25 16:00:00+02:00,2025-06-25 20:00:00+02:00,4.0,79.65,False,False,16,0.0,True,False,9,9,0,-173.47764705882352,True,False,54.166,216.664,16.0,16.0,False,0.0,1.0,16.0,0.0,0.0,4.0,84.21052631578948,0.0,0.0
2025-06-25_20:00_00:00,2025-06-25 20:00:00+02:00,2025-06-26 00:00:00+02:00,4.0,2.06,False,False,16,0.0,True,False,7,7,0,-248.41764705882355,True,False,5.881,23.524,16.0,16.0,False,0.0,1.0,16.0,0.0,0.0,4.0,84.21052631578948,0.0,0.0
2025-06-26_00:00_04:00,2025-06-26 00:00:00+02:00,2025-06-26 04:00:00+02:00,4.0,3.8,False,False,16,0.0,True,False,9,8,0,-126.10764705882355,True,False,20.348,81.392,16.0,16.0,False,0.0,1.0,16.0,0.0,0.0,0.0,81.58605263157895,4.0,-60.6
2025-06-26_04:00_08:00,2025-06-26 04:00:00+02:00,2025-06-26 08:00:00+02:00,4.0,4.8,False,False,16,0.0,True,False,7,7,0,-130.31764705882352,True,False,6.311,25.244,16.0,16.0,False,0.0,1.0,16.0,0.0,0.0,4.0,84.21052631578948,0.0,0.0
2025-06-26_08:00_12:00,2025-06-26 08:00:00+02:00,2025-06-26 12:00:00+02:00,4.0,58.15,False,False,16,0.0,True,False,12,9,0,-112.44764705882355,True,False,97.709,390.836,16.0,16.0,False,0.0,1.0,16.0,0.0,0.0,0.0,82.77196583578947,8.0,-105.2
2025-06-26_12:00_16:00,2025-06-26 12:00:00+02:00,2025-06-26 16:00:00+02:00,4.0,88.98,False,False,16,0.0,True,False,14,14,0,-80.87764705882353,True,False,20.336,81.344,16.0,16.0,False,0.0,1.0,16.0,0.0,0.0,0.0,79.90776605620904,0.0,0.0
2025-06-26_16:00_20:00,2025-06-26 16:00:00+02:00,2025-06-26 20:00:00+02:00,4.0,46.62,False,False,16,0.0,True,False,13,11,0,-88.57764705882354,True,False,189.449,757.796,16.0,16.0,False,0.0,1.0,16.0,0.0,0.0,0.0,79.87451894736841,8.0,-277.03999999999996
2025-06-26_20:00_00:00,2025-06-26 20:00:00+02:00,2025-06-27 00:00:00+02:00,4.0,1.86,False,False,16,0.0,True,False,13,13,2,-117.61764705882354,True,False,38.858,155.432,16.0,16.0,False,0.0,1.0,16.0,0.0,0.0,4.0,84.21052631578948,0.0,0.0
2025-06-27_00:00_04:00,2025-06-27 00:00:00+02:00,2025-06-27 04:00:00+02:00,4.0,4.4,False,False,16,0.0,True,False,16,16,0,-106.06764705882352,True,False,35.554,142.216,16.0,16.0,False,0.0,1.0,16.0,0.0,0.0,4.0,84.21052631578948,0.0,0.0
2025-06-27_04:00_08:00,2025-06-27 04:00:00+02:00,2025-06-27 08:00:00+02:00,4.0,4.96,False,False,16,0.0,True,False,13,13,1,-100.55764705882353,True,False,36.123,144.492,16.0,16.0,False,0.0,1.0,16.0,0.0,0.0,4.0,84.21052631578948,0.0,0.0
2025-06-27_08:00_12:00,2025-06-27 08:00:00+02:00,2025-06-27 12:00:00+02:00,4.0,43.67,False,False,16,0.0,True,False,11,9,0,-82.83764705882353,True,False,164.752,659.008,16.0,16.0,False,0.0,1.0,16.0,0.0,0.0,0.0,81.64338947368422,8.0,-70.64
2025-06-27_12:00_16:00,2025-06-27 12:00:00+02:00,2025-06-27 16:00:00+02:00,4.0,81.45,False,False,16,0.0,True,False,10,10,0,-92.26764705882354,True,False,68.225,272.9,16.0,16.0,False,0.0,1.0,16.0,0.0,0.0,4.0,84.21052631578948,0.0,0.0
2025-06-27_16:00_20:00,2025-06-27 16:00:00+02:00,2025-06-27 20:00:00+02:00,4.0,44.86,False,False,16,0.0,True,False,11,11,0,-117.65764705882353,True,False,14.937,59.748,16.0,16.0,False,0.0,1.0,16.0,0.0,0.0,4.0,84.21052631578948,0.0,0.0
2025-06-27_20:00_00:00,2025-06-27 20:00:00+02:00,2025-06-28 00:00:00+02:00,4.0,1.51,False,False,16,0.0,True,False,13,13,0,-107.07764705882354,True,False,188.809,755.236,16.0,16.0,False,0.0,1.0,16.0,0.0,0.0,4.0,84.21052631578948,0.0,0.0
2025-06-28_00:00_04:00,2025-06-28 00:00:00+02:00,2025-06-28 04:00:00+02:00,4.0,3.3,False,False,16,0.0,True,False,7,7,0,-107.22764705882355,True,False,7.035,28.14,16.0,16.0,False,0.0,1.0,16.0,0.0,0.0,4.0,84.21052631578948,0.0,0.0
2025-06-28_04:00_08:00,2025-06-28 04:00:00+02:00,2025-06-28 08:00:00+02:00,4.0,4.4,False,False,16,0.0,True,False,6,6,0,-106.67764705882354,True,False,8.482,33.928,16.0,16.0,False,0.0,1.0,16.0,0.0,0.0,0.0,79.41538240069832,0.0,0.0
2025-06-28_08:00_12:00,2025-06-28 08:00:00+02:00,2025-06-28 12:00:00+02:00,4.0,49.2,False,False,16,0.0,True,False,15,7,0,-103.71764705882353,True,False,71.091,284.364,16.0,16.0,False,0.0,1.0,16.0,0.0,0.0,0.0,73.09135729649918,0.0,0.0
2025-06-28_12:00_16:00,2025-06-28 12:00:00+02:00,2025-06-28 16:00:00+02:00,4.0,84.0,False,False,16,0.08558823529411619,True,False,15,15,0,-102.86764705882354,True,False,13.344,53.376,16.0,16.0,False,0.0,1.0,16.0,0.0,0.0,0.0,60.76053335698348,0.0,0.0
2025-06-28_16:00_20:00,2025-06-28 16:00:00+02:00,2025-06-28 20:00:00+02:00,4.0,42.29,False,False,16,0.0,True,False,11,6,0,-113.16764705882355,True,False,74.186,296.744,16.0,16.0,False,0.0,1.0,16.0,0.0,0.0,4.0,64.902050293113,0.0,0.0
2025-06-28_20:00_00:00,2025-06-28 20:00:00+02:00,2025-06-29 00:00:00+02:00,4.0,1.35,False,False,16,0.0,True,False,13,13,0,-88.55764705882353,True,False,25.829,103.316,16.0,16.0,False,0.0,1.0,16.0,0.0,0.0,4.0,72.3853373357242,0.0,0.0
2025-06-29_00:00_04:00,2025-06-29 00:00:00+02:00,2025-06-29 04:00:00+02:00,4.0,3.29,False,False,16,0.0,True,False,8,8,0,-126.91764705882355,True,False,0.449,1.796,1.796,1.0,False,0.0,1.0,1.0,0.0,0.0,4.0,77.85065958391661,0.0,0.0
2025-06-29_04:00_08:00,2025-06-29 04:00:00+02:00,2025-06-29 08:00:00+02:00,4.0,8.26,False,False,16,0.0,True,False,12,10,0,-131.48764705882354,True,False,29.302,117.208,16.0,16.0,False,0.0,1.0,16.0,0.0,0.0,0.0,72.90471285810126,0.0,0.0
2025-06-29_08:00_12:00,2025-06-29 08:00:00+02:00,2025-06-29 12:00:00+02:00,4.0,51.76,False,False,16,0.0,True,False,16,4,0,-35.96764705882352,True,False,36.688,146.752,16.0,16.0,False,0.0,1.0,16.0,0.0,0.0,0.0,42.227922143915116,1.3379695371143911,-37.342729780862655
2025-06-29_12:00_16:00,2025-06-29 12:00:00+02:00,2025-06-29 16:00:00+02:00,4.0,91.67,False,False,16,13.492352941176467,True,False,16,6,0,-43.14764705882353,True,False,173.411,693.644,16.0,16.0,False,0.0,1.0,16.0,0.0,0.0,0.0,15.827727335207287,0.0,0.0
2025-06-29_16:00_20:00,2025-06-29 16:00:00+02:00,2025-06-29 20:00:00+02:00,4.0,52.73,False,False,16,0.0,True,False,13,7,0,-110.05764705882353,True,False,182.788,731.152,16.0,16.0,False,0.0,1.0,16.0,0.0,0.0,0.0,0.0,12.0,-976.24
2025-06-29_20:00_00:00,2025-06-29 20:00:00+02:00,2025-06-30 00:00:00+02:00,4.0,1.14,False,False,16,0.0,True,False,7,7,2,-128.14764705882354,True,False,2.576,10.304,10.304,10.0,False,0.0,1.0,10.0,0.0,0.0,4.0,3.98204791610069,0.0,0.0
2025-06-30_00:00_04:00,2025-06-30 00:00:00+02:00,2025-06-30 04:00:00+02:00,4.0,2.75,False,False,16,0.0,True,False,7,7,0,-126.98764705882354,True,False,0.644,2.576,2.576,2.0,False,0.0,1.0,2.0,0.0,0.0,4.0,9.437177112844914,0.0,0.0
2025-06-30_04:00_08:00,2025-06-30 04:00:00+02:00,2025-06-30 08:00:00+02:00,4.0,5.11,False,False,16,0.0,True,False,10,10,0,-110.58764705882353,True,False,19.787,79.148,2.526719910702765,2.0,False,0.0,1.0,2.0,0.0,0.0,4.0,28.83941157729788,0.0,0.0
2025-06-30_08:00_12:00,2025-06-30 08:00:00+02:00,2025-06-30 12:00:00+02:00,4.0,102.62,False,False,16,0.0,True,False,14,13,0,-115.54764705882354,True,False,157.028,628.112,2.526719910702765,2.0,False,0.0,1.0,2.0,0.0,0.0,0.0,55.844182003911044,4.0,-199.24
2025-06-30_12:00_16:00,2025-06-30 12:00:00+02:00,2025-06-30 16:00:00+02:00,4.0,156.44,False,False,16,0.0,True,False,16,16,0,-90.71764705882353,True,False,96.382,385.528,2.526719910702765,2.0,False,0.0,1.0,2.0,0.0,0.0,4.0,84.21052631578948,0.0,0.0
2025-06-30_16:00_20:00,2025-06-30 16:00:00+02:00,2025-06-30 20:00:00+02:00,4.0,56.68,False,False,16,0.0,True,False,9,9,1,-186.84764705882353,True,False,57.091,228.364,2.526719910702765,2.0,False,0.0,1.0,2.0,0.0,0.0,4.0,84.21052631578948,0.0,0.0
2025-06-30_20:00_00:00,2025-06-30 20:00:00+02:00,2025-07-01 00:00:00+02:00,4.0,1.16,False,False,16,0.0,True,False,13,13,0,-255.40764705882356,True,False,54.733,218.932,2.526719910702765,2.0,False,0.0,1.0,2.0,0.0,0.0,4.0,84.21052631578948,0.0,0.0
2025-07-01_00:00_04:00,2025-07-01 00:00:00+02:00,2025-07-01 04:00:00+02:00,4.0,2.5,False,False,16,0.0,True,False,16,16,1,-121.37764705882353,True,False,55.885,223.54,2.526719910702765,2.0,False,0.0,1.0,2.0,0.0,0.0,4.0,84.21052631578948,0.0,0.0
2025-07-01_04:00_08:00,2025-07-01 04:00:00+02:00,2025-07-01 08:00:00+02:00,4.0,3.95,False,False,16,0.0,True,False,13,13,1,-120.27764705882353,True,False,16.438,65.752,16.0,16.0,False,0.0,1.0,16.0,0.0,0.0,4.0,84.21052631578948,0.0,0.0
2025-07-01_08:00_12:00,2025-07-01 08:00:00+02:00,2025-07-01 12:00:00+02:00,4.0,100.07,False,False,16,0.0,True,False,11,11,0,-102.21764705882353,True,False,112.349,449.396,16.0,16.0,False,0.0,1.0,16.0,0.0,0.0,4.0,84.21052631578948,0.0,0.0
2025-07-01_12:00_16:00,2025-07-01 12:00:00+02:00,2025-07-01 16:00:00+02:00,4.0,161.0,False,False,16,0.0,True,False,7,7,0,-105.76764705882354,True,False,36.622,146.488,16.0,16.0,False,0.0,1.0,16.0,0.0,0.0,4.0,84.21052631578948,0.0,0.0
2025-07-01_16:00_20:00,2025-07-01 16:00:00+02:00,2025-07-01 20:00:00+02:00,4.0,64.76,False,False,16,0.0,True,False,9,8,0,-170.11764705882354,True,False,96.105,384.42,16.0,16.0,False,0.0,1.0,16.0,0.0,0.0,0.0,82.55184210526316,4.0,-654.96
2025-07-01_20:00_00:00,2025-07-01 20:00:00+02:00,2025-07-02 00:00:00+02:00,4.0,1.11,False,False,16,0.0,True,False,11,11,1,-355.36764705882354,True,False,8.193,32.772,16.0,16.0,False,0.0,1.0,16.0,0.0,0.0,4.0,84.21052631578948,0.0,0.0
2025-07-02_00:00_04:00,2025-07-02 00:00:00+02:00,2025-07-02 04:00:00+02:00,4.0,2.2,False,False,16,0.0,True,False,9,9,0,-135.62764705882353,True,False,6.957,27.828,16.0,16.0,False,0.0,1.0,16.0,0.0,0.0,4.0,84.21052631578948,0.0,0.0
2025-07-02_04:00_08:00,2025-07-02 04:00:00+02:00,2025-07-02 08:00:00+02:00,4.0,3.46,False,False,16,0.0,True,False,9,9,2,-117.30764705882353,True,False,11.312,45.248,16.0,16.0,False,0.0,1.0,16.0,0.0,0.0,4.0,84.21052631578948,0.0,0.0
2025-07-02_08:00_12:00,2025-07-02 08:00:00+02:00,2025-07-02 12:00:00+02:00,4.0,56.94,False,False,16,0.0,True,False,7,7,2,-110.23764705882354,True,False,73.429,293.716,16.0,16.0,False,0.0,1.0,16.0,0.0,0.0,4.0,84.21052631578948,0.0,0.0
2025-07-02_12:00_16:00,2025-07-02 12:00:00+02:00,2025-07-02 16:00:00+02:00,4.0,98.0,False,False,16,0.0,True,False,14,14,0,-114.24764705882353,True,False,31.575,126.3,16.0,16.0,False,0.0,1.0,16.0,0.0,0.0,4.0,84.21052631578948,0.0,0.0
2025-07-02_16:00_20:00,2025-07-02 16:00:00+02:00,2025-07-02 20:00:00+02:00,4.0,39.7,False,False,16,0.0,True,False,11,9,0,-125.24764705882353,True,False,125.669,502.676,16.0,16.0,False,0.0,1.0,16.0,0.0,0.0,0.0,79.68384342105264,8.0,-155.51999999999998
2025-07-02_20:00_00:00,2025-07-02 20:00:00+02:00,2025-07-03 00:00:00+02:00,4.0,1.04,False,False,16,0.0,True,False,14,13,0,-278.5076470588235,True,False,88.364,353.456,16.0,16.0,False,0.0,1.0,16.0,0.0,0.0,0.0,81.72500000000001,4.0,-83.04
2025-07-03_00:00_04:00,2025-07-03 00:00:00+02:00,2025-07-03 04:00:00+02:00,4.0,2.23,False,False,16,0.0,True,False,6,6,0,-97.58764705882353,True,False,11.768,47.072,16.0,16.0,False,0.0,1.0,16.0,0.0,0.0,4.0,84.21052631578948,0.0,0.0
2025-07-03_04:00_08:00,2025-07-03 04:00:00+02:00,2025-07-03 08:00:00+02:00,4.0,3.95,False,False,16,0.0,True,False,13,13,0,-111.80764705882353,True,False,26.277,105.108,16.0,16.0,False,0.0,1.0,16.0,0.0,0.0,4.0,84.21052631578948,0.0,0.0
2025-07-03_08:00_12:00,2025-07-03 08:00:00+02:00,2025-07-03 12:00:00+02:00,4.0,75.62,False,False,16,0.0,True,False,11,11,1,-88.57764705882354,True,False,41.805,167.22,16.0,16.0,False,0.0,1.0,16.0,0.0,0.0,4.0,84.21052631578948,0.0,0.0
2025-07-03_12:00_16:00,2025-07-03 12:00:00+02:00,2025-07-03 16:00:00+02:00,4.0,100.0,False,False,16,0.0,True,False,16,16,0,-68.74764705882353,True,False,64.362,257.448,16.0,16.0,False,0.0,1.0,16.0,0.0,0.0,4.0,84.21052631578948,0.0,0.0
2025-07-03_16:00_20:00,2025-07-03 16:00:00+02:00,2025-07-03 20:00:00+02:00,4.0,36.19,False,False,16,0.0,True,False,10,10,0,-99.65764705882353,True,False,154.006,616.024,16.0,16.0,False,0.0,1.0,16.0,0.0,0.0,4.0,84.21052631578948,0.0,0.0
2025-07-03_20:00_00:00,2025-07-03 20:00:00+02:00,2025-07-04 00:00:00+02:00,4.0,1.13,False,False,16,0.0,True,False,11,11,0,-114.92764705882354,True,False,116.434,465.736,16.0,16.0,False,0.0,1.0,16.0,0.0,0.0,4.0,84.21052631578948,0.0,0.0
2025-07-04_00:00_04:00,2025-07-04 00:00:00+02:00,2025-07-04 04:00:00+02:00,4.0,1.97,False,False,16,0.0,True,False,3,3,2,-106.47764705882355,False,False,0.015,0.06,0.06,0.0,False,0.0,1.0,0.0,0.0,0.0,4.0,84.21052631578948,0.0,0.0
2025-07-04_04:00_08:00,2025-07-04 04:00:00+02:00,2025-07-04 08:00:00+02:00,4.0,2.96,False,False,16,0.0,True,False,7,7,1,-118.52764705882353,True,False,18.537,74.148,16.0,16.0,False,0.0,1.0,16.0,0.0,0.0,4.0,84.21052631578948,0.0,0.0
2025-07-04_08:00_12:00,2025-07-04 08:00:00+02:00,2025-07-04 12:00:00+02:00,4.0,50.86,False,False,16,0.0,True,False,16,9,0,-103.91764705882355,True,False,204.348,817.392,16.0,16.0,False,0.0,1.0,16.0,0.0,0.0,0.0,82.49882616121066,8.0,-49.04
2025-07-04_12:00_16:00,2025-07-04 12:00:00+02:00,2025-07-04 16:00:00+02:00,4.0,82.62,False,False,16,0.0,True,False,12,10,0,-85.21764705882353,True,False,65.519,262.076,16.0,16.0,False,0.0,1.0,16.0,0.0,0.0,0.0,81.04116581925847,8.0,-193.07999999999998
2025-07-04_16:00_20:00,2025-07-04 16:00:00+02:00,2025-07-04 20:00:00+02:00,4.0,31.08,False,False,16,0.0,True,False,12,11,1,-159.24764705882353,True,False,42.964,171.856,16.0,16.0,False,0.0,1.0,16.0,0.0,0.0,0.0,81.94605263157895,4.0,-42.8
2025-07-04_20:00_00:00,2025-07-04 20:00:00+02:00,2025-07-05 00:00:00+02:00,4.0,1.06,False,False,16,0.0,True,False,15,15,0,-113.91764705882355,True,False,108.613,434.452,16.0,16.0,False,0.0,1.0,16.0,0.0,0.0,4.0,84.21052631578948,0.0,0.0
2025-07-05_00:00_04:00,2025-07-05 00:00:00+02:00,2025-07-05 04:00:00+02:00,4.0,2.21,False,False,16,0.0,True,False,13,13,1,-92.78764705882355,True,False,18.511,74.044,16.0,16.0,False,0.0,1.0,16.0,0.0,0.0,4.0,84.21052631578948,0.0,0.0
2025-07-05_04:00_08:00,2025-07-05 04:00:00+02:00,2025-07-05 08:00:00+02:00,4.0,3.07,False,False,16,0.0,True,False,15,7,0,-56.66764705882354,True,False,161.646,646.584,16.0,16.0,False,0.0,1.0,16.0,0.0,0.0,0.0,76.09618953739503,2.4623772938779185,-15.257414631548599
2025-07-05_08:00_12:00,2025-07-05 08:00:00+02:00,2025-07-05 12:00:00+02:00,4.0,47.94,False,False,16,0.0,True,False,16,1,0,-42.17764705882353,True,False,215.581,862.324,16.0,16.0,False,0.0,1.0,16.0,0.0,0.0,0.0,42.938984994395234,24.0,-823.36
2025-07-05_12:00_16:00,2025-07-05 12:00:00+02:00,2025-07-05 16:00:00+02:00,4.0,79.08,False,False,16,0.0,True,False,16,6,0,-18.517647058823535,True,False,65.775,263.1,16.0,16.0,False,0.0,1.0,16.0,0.0,0.0,0.0,25.846429347674167,8.303957126642409,-280.2423082341621
2025-07-05_16:00_20:00,2025-07-05 16:00:00+02:00,2025-07-05 20:00:00+02:00,4.0,38.65,False,False,16,0.0,True,False,15,6,0,-80.16764705882355,True,False,98.476,393.904,16.0,16.0,False,0.0,1.0,16.0,0.0,0.0,0.0,0.0,25.206764736842096,-1899.6459121578946
2025-07-05_20:00_00:00,2025-07-05 20:00:00+02:00,2025-07-06 00:00:00+02:00,4.0,1.16,False,False,16,0.0,True,False,16,16,0,-97.70764705882354,True,False,72.902,291.608,16.0,16.0,False,0.0,1.0,16.0,0.0,0.0,4.0,4.213133213094229,0.0,0.0
2025-07-06_00:00_04:00,2025-07-06 00:00:00+02:00,2025-07-06 04:00:00+02:00,4.0,2.29,False,False,16,0.0,True,False,6,6,1,-107.48764705882354,True,False,9.699,38.796,16.0,16.0,False,0.0,1.0,16.0,0.0,0.0,4.0,12.893958960732553,0.0,0.0
2025-07-06_04:00_08:00,2025-07-06 04:00:00+02:00,2025-07-06 08:00:00+02:00,4.0,4.05,False,False,16,0.0,True,False,12,12,0,-117.44764705882355,True,False,97.158,388.632,3.5401471391951547,3.0,False,0.0,1.0,3.0,0.0,0.0,4.0,18.711238528077985,0.0,0.0
2025-07-06_08:00_12:00,2025-07-06 08:00:00+02:00,2025-07-06 12:00:00+02:00,4.0,44.47,False,False,16,0.0,True,False,16,14,0,-18.72764705882353,True,False,143.359,573.436,3.5401471391951547,3.0,False,0.0,1.0,3.0,0.0,0.0,0.0,27.225592837668557,8.0,-72.72
2025-07-06_12:00_16:00,2025-07-06 12:00:00+02:00,2025-07-06 16:00:00+02:00,4.0,73.68,False,False,16,0.0,True,False,13,12,0,-50.017647058823535,True,False,106.465,425.86,3.5401471391951547,3.0,False,0.0,1.0,3.0,0.0,0.0,0.0,45.239621545701716,4.0,-24.72
2025-07-06_16:00_20:00,2025-07-06 16:00:00+02:00,2025-07-06 20:00:00+02:00,4.0,30.15,False,False,16,0.0,True,False,8,8,0,-116.97764705882355,True,False,143.341,573.364,3.5401471391951547,3.0,False,0.0,1.0,3.0,0.0,0.0,4.0,65.57597819663947,0.0,0.0
2025-07-06_20:00_00:00,2025-07-06 20:00:00+02:00,2025-07-07 00:00:00+02:00,4.0,1.13,False,False,16,0.0,True,False,14,14,1,-112.24764705882353,True,False,63.824,255.296,3.5401471391951547,3.0,False,0.0,1.0,3.0,0.0,0.0,4.0,74.0865352499449,0.0,0.0
2025-07-07_00:00_04:00,2025-07-07 00:00:00+02:00,2025-07-07 04:00:00+02:00,4.0,1.91,False,False,16,0.0,True,False,15,15,3,-116.92764705882354,True,False,1.638,6.552,3.5401471391951547,3.0,False,0.0,1.0,3.0,0.0,0.0,4.0,80.55863058086987,0.0,0.0
2025-07-07_04:00_08:00,2025-07-07 04:00:00+02:00,2025-07-07 08:00:00+02:00,4.0,2.89,False,False,16,0.0,True,False,12,12,1,-109.26764705882354,True,False,5.55,22.2,16.0,16.0,False,0.0,1.0,16.0,0.0,0.0,4.0,84.21052631578948,0.0,0.0
2025-07-07_08:00_12:00,2025-07-07 08:00:00+02:00,2025-07-07 12:00:00+02:00,4.0,33.91,False,False,16,0.0,True,False,15,15,0,-106.38764705882355,True,False,129.515,518.06,16.0,16.0,False,0.0,1.0,16.0,0.0,0.0,4.0,84.21052631578948,0.0,0.0
2025-07-07_12:00_16:00,2025-07-07 12:00:00+02:00,2025-07-07 16:00:00+02:00,4.0,63.84,False,False,16,0.0,True,False,10,10,0,-111.33764705882353,True,False,149.906,599.624,16.0,16.0,False,0.0,1.0,16.0,0.0,0.0,4.0,84.21052631578948,0.0,0.0
2025-07-07_16:00_20:00,2025-07-07 16:00:00+02:00,2025-07-07 20:00:00+02:00,4.0,26.29,False,False,16,0.0,True,False,13,13,0,-86.37764705882353,True,False,49.882,199.528,16.0,16.0,False,0.0,1.0,16.0,0.0,0.0,4.0,84.21052631578948,0.0,0.0
2025-07-07_20:00_00:00,2025-07-07 20:00:00+02:00,2025-07-08 00:00:00+02:00,4.0,1.28,False,False,16,0.0,True,False,14,14,0,-84.69764705882355,True,False,72.979,291.916,16.0,16.0,False,0.0,1.0,16.0,0.0,0.0,4.0,84.21052631578948,0.0,0.0
2025-07-08_00:00_04:00,2025-07-08 00:00:00+02:00,2025-07-08 04:00:00+02:00,4.0,2.23,False,False,16,0.0,True,False,11,11,0,-91.91764705882355,True,False,9.506,38.024,16.0,16.0,False,0.0,1.0,16.0,0.0,0.0,4.0,84.21052631578948,0.0,0.0
2025-07-08_04:00_08:00,2025-07-08 04:00:00+02:00,2025-07-08 08:00:00+02:00,4.0,2.7,False,False,16,0.0,True,False,14,14,0,-128.61764705882354,True,False,16.36,65.44,16.0,16.0,False,0.0,1.0,16.0,0.0,0.0,4.0,84.21052631578948,0.0,0.0
2025-07-08_08:00_12:00,2025-07-08 08:00:00+02:00,2025-07-08 12:00:00+02:00,4.0,69.84,False,False,16,0.0,True,False,14,14,1,-95.46764705882353,True,False,49.139,196.556,16.0,16.0,False,0.0,1.0,16.0,0.0,0.0,4.0,84.21052631578948,0.0,0.0
2025-07-08_12:00_16:00,2025-07-08 12:00:00+02:00,2025-07-08 16:00:00+02:00,4.0,75.83,False,False,16,0.0,True,False,16,5,0,-21.857647058823538,True,False,206.058,824.232,16.0,16.0,False,0.0,1.0,16.0,0.0,0.0,0.0,81.2043352182407,44.0,-1575.68
2025-07-08_16:00_20:00,2025-07-08 16:00:00+02:00,2025-07-08 20:00:00+02:00,4.0,24.23,False,False,16,0.0,True,False,14,13,0,-87.13764705882355,True,False,42.705,170.82,16.0,16.0,False,0.0,1.0,16.0,0.0,0.0,0.0,81.94605263157895,4.0,-118.68
2025-07-08_20:00_00:00,2025-07-08 20:00:00+02:00,2025-07-09 00:00:00+02:00,4.0,1.16,False,False,16,0.0,True,False,15,15,0,-106.13764705882355,True,False,5.172,20.688,16.0,16.0,False,0.0,1.0,16.0,0.0,0.0,4.0,84.21052631578948,0.0,0.0
2025-07-09_00:00_04:00,2025-07-09 00:00:00+02:00,2025-07-09 04:00:00+02:00,4.0,1.91,False,False,16,0.0,True,False,13,13,0,-102.28764705882355,True,False,1.624,6.496,6.496,6.0,False,0.0,1.0,6.0,0.0,0.0,4.0,84.21052631578948,0.0,0.0
2025-07-09_04:00_08:00,2025-07-09 04:00:00+02:00,2025-07-09 08:00:00+02:00,4.0,2.38,False,False,16,0.0,True,False,10,10,0,-98.51764705882354,True,False,28.318,113.272,16.0,16.0,False,0.0,1.0,16.0,0.0,0.0,4.0,84.21052631578948,0.0,0.0
2025-07-09_08:00_12:00,2025-07-09 08:00:00+02:00,2025-07-09 12:00:00+02:00,4.0,37.4,False,False,16,0.0,True,False,7,7,1,-94.81764705882352,True,False,6.705,26.82,16.0,16.0,False,0.0,1.0,16.0,0.0,0.0,4.0,84.21052631578948,0.0,0.0
2025-07-09_12:00_16:00,2025-07-09 12:00:00+02:00,2025-07-09 16:00:00+02:00,4.0,60.9,False,False,16,0.0,True,False,13,13,2,-71.07764705882354,True,False,55.773,223.092,16.0,16.0,False,0.0,1.0,16.0,0.0,0.0,4.0,84.21052631578948,0.0,0.0
2025-07-09_16:00_20:00,2025-07-09 16:00:00+02:00,2025-07-09 20:00:00+02:00,4.0,20.47,False,False,16,0.0,True,False,11,10,0,-616.4176470588235,True,False,6.322,25.288,16.0,16.0,False,0.0,1.0,16.0,0.0,0.0,0.0,81.94605263157895,4.0,-43.08
2025-07-09_20:00_00:00,2025-07-09 20:00:00+02:00,2025-07-10 00:00:00+02:00,4.0,1.07,False,False,16,0.0,True,False,16,16,0,-116.09764705882353,True,False,30.008,120.032,16.0,16.0,False,0.0,1.0,16.0,0.0,0.0,4.0,84.21052631578948,0.0,0.0
2025-07-10_00:00_04:00,2025-07-10 00:00:00+02:00,2025-07-10 04:00:00+02:00,4.0,1.71,False,False,16,0.0,True,False,13,13,0,-106.22764705882355,True,False,19.69,78.76,16.0,16.0,False,0.0,1.0,16.0,0.0,0.0,4.0,84.21052631578948,0.0,0.0
2025-07-10_04:00_08:00,2025-07-10 04:00:00+02:00,2025-07-10 08:00:00+02:00,4.0,2.11,False,False,16,0.0,True,False,10,10,0,-112.44764705882355,True,False,3.399,13.596,13.596,13.0,False,0.0,1.0,13.0,0.0,0.0,4.0,84.21052631578948,0.0,0.0
2025-07-10_08:00_12:00,2025-07-10 08:00:00+02:00,2025-07-10 12:00:00+02:00,4.0,31.14,False,False,16,0.0,True,False,16,16,4,-87.69764705882355,True,False,75.778,303.112,16.0,16.0,False,0.0,1.0,16.0,0.0,0.0,4.0,84.21052631578948,0.0,0.0
2025-07-10_12:00_16:00,2025-07-10 12:00:00+02:00,2025-07-10 16:00:00+02:00,4.0,53.49,False,False,16,0.0,True,False,11,10,0,-101.64764705882354,True,False,33.535,134.14,16.0,16.0,False,0.0,1.0,16.0,0.0,0.0,0.0,83.96526315789474,4.0,-19.6
2025-07-10_16:00_20:00,2025-07-10 16:00:00+02:00,2025-07-10 20:00:00+02:00,4.0,17.8,False,False,16,0.0,True,False,10,10,0,-116.32764705882354,True,False,3.095,12.38,12.38,12.0,False,0.0,1.0,12.0,0.0,0.0,4.0,84.21052631578948,0.0,0.0
2025-07-10_20:00_00:00,2025-07-10 20:00:00+02:00,2025-07-11 00:00:00+02:00,4.0,1.0,False,False,16,0.0,True,False,14,14,1,-106.55764705882353,True,False,76.955,307.82,16.0,16.0,False,0.0,1.0,16.0,0.0,0.0,4.0,84.21052631578948,0.0,0.0
2025-07-11_00:00_04:00,2025-07-11 00:00:00+02:00,2025-07-11 04:00:00+02:00,4.0,1.5,False,False,16,0.0,True,False,9,9,0,-106.35764705882355,True,False,4.573,18.292,16.0,16.0,False,0.0,1.0,16.0,0.0,0.0,4.0,84.21052631578948,0.0,0.0
2025-07-11_04:00_08:00,2025-07-11 04:00:00+02:00,2025-07-11 08:00:00+02:00,4.0,1.86,False,False,16,0.0,True,False,5,5,0,-103.87764705882353,True,False,1.082,4.328,4.328,4.0,False,0.0,1.0,4.0,0.0,0.0,4.0,84.21052631578948,0.0,0.0
2025-07-11_08:00_12:00,2025-07-11 08:00:00+02:00,2025-07-11 12:00:00+02:00,4.0,25.67,False,False,16,0.0,True,False,14,14,0,-109.83764705882353,True,False,37.121,148.484,16.0,16.0,False,0.0,1.0,16.0,0.0,0.0,4.0,84.21052631578948,0.0,0.0
2025-07-11_12:00_16:00,2025-07-11 12:00:00+02:00,2025-07-11 16:00:00+02:00,4.0,52.87,False,False,16,0.0,True,False,15,13,0,-101.13764705882355,True,False,100.773,403.092,16.0,16.0,False,0.0,1.0,16.0,0.0,0.0,0.0,83.72024526315789,8.0,-59.56
2025-07-11_16:00_20:00,2025-07-11 16:00:00+02:00,2025-07-11 20:00:00+02:00,4.0,15.75,False,False,16,0.0,True,False,11,10,0,-105.65764705882353,True,False,56.108,224.432,16.0,16.0,False,0.0,1.0,16.0,0.0,0.0,0.0,82.55184210526316,4.0,-16.68
2025-07-11_20:00_00:00,2025-07-11 20:00:00+02:00,2025-07-12 00:00:00+02:00,4.0,1.0,False,False,16,0.0,True,False,11,11,0,-127.29764705882354,True,False,5.365,21.46,16.0,16.0,False,0.0,1.0,16.0,0.0,0.0,4.0,84.21052631578948,0.0,0.0
2025-07-12_00:00_04:00,2025-07-12 00:00:00+02:00,2025-07-12 04:00:00+02:00,4.0,1.88,False,False,16,0.0,True,False,6,6,0,-106.96764705882353,True,False,3.313,13.252,13.252,13.0,False,0.0,1.0,13.0,0.0,0.0,4.0,84.21052631578948,0.0,0.0
2025-07-12_04:00_08:00,2025-07-12 04:00:00+02:00,2025-07-12 08:00:00+02:00,4.0,2.5,False,False,16,0.0,True,False,7,7,0,-84.79764705882354,True,False,33.549,134.196,16.0,16.0,False,0.0,1.0,16.0,0.0,0.0,4.0,84.21052631578948,0.0,0.0
2025-07-12_08:00_12:00,2025-07-12 08:00:00+02:00,2025-07-12 12:00:00+02:00,4.0,33.47,False,False,16,0.0,True,False,16,5,0,-101.03764705882355,True,False,114.981,459.924,16.0,16.0,False,0.0,1.0,16.0,0.0,0.0,0.0,55.09417680266745,12.0,-342.32
2025-07-12_12:00_16:00,2025-07-12 12:00:00+02:00,2025-07-12 16:00:00+02:00,4.0,67.31,False,False,16,0.0,True,False,10,10,0,-48.75764705882353,True,False,28.247,112.988,16.0,16.0,False,0.0,1.0,16.0,0.0,0.0,0.0,49.287870750931305,0.0,0.0
2025-07-12_16:00_20:00,2025-07-12 16:00:00+02:00,2025-07-12 20:00:00+02:00,4.0,19.99,False,False,16,0.0,True,False,10,10,0,-101.62764705882353,True,False,5.667,22.668,16.0,16.0,False,0.0,1.0,16.0,0.0,0.0,4.0,71.55960409629786,0.0,0.0
2025-07-12_20:00_00:00,2025-07-12 20:00:00+02:00,2025-07-13 00:00:00+02:00,4.0,1.15,False,False,16,0.0,True,False,11,11,0,-130.19764705882355,True,False,3.762,15.048,15.048,15.0,False,0.0,1.0,15.0,0.0,0.0,4.0,81.07735359195006,0.0,0.0
2025-07-13_00:00_04:00,2025-07-13 00:00:00+02:00,2025-07-13 04:00:00+02:00,4.0,1.72,False,False,16,0.0,True,False,6,6,0,-110.19764705882355,True,False,0.645,2.58,2.58,2.0,False,0.0,1.0,2.0,0.0,0.0,4.0,84.21052631578948,0.0,0.0
2025-07-13_04:00_08:00,2025-07-13 04:00:00+02:00,2025-07-13 08:00:00+02:00,4.0,2.78,False,False,16,0.0,True,False,3,3,0,-97.06764705882352,False,False,0.085,0.34,0.34,0.0,False,0.0,1.0,0.0,0.0,0.0,4.0,84.21052631578948,0.0,0.0
2025-07-13_08:00_12:00,2025-07-13 08:00:00+02:00,2025-07-13 12:00:00+02:00,4.0,38.36,False,False,16,0.0,True,False,16,15,0,-97.45764705882354,True,False,28.313,113.252,16.0,16.0,False,0.0,1.0,16.0,0.0,0.0,0.0,70.27645478753999,0.0,0.0
2025-07-13_12:00_16:00,2025-07-13 12:00:00+02:00,2025-07-13 16:00:00+02:00,4.0,66.87,False,False,16,0.0,True,False,14,12,0,-47.93764705882352,True,False,7.791,31.164,16.0,16.0,False,0.0,1.0,16.0,0.0,0.0,0.0,55.218095402043964,4.0,-47.2
2025-07-13_16:00_20:00,2025-07-13 16:00:00+02:00,2025-07-13 20:00:00+02:00,4.0,22.94,False,False,16,0.0,True,False,10,10,1,-96.96764705882353,True,False,13.091,52.364,16.0,16.0,False,0.0,1.0,16.0,0.0,0.0,4.0,60.23606998256233,0.0,0.0
2025-07-13_20:00_00:00,2025-07-13 20:00:00+02:00,2025-07-14 00:00:00+02:00,4.0,1.03,False,False,16,0.0,True,False,10,10,0,-116.97764705882355,True,False,21.608,86.432,16.0,16.0,False,0.0,1.0,16.0,0.0,0.0,4.0,68.83142775896057,0.0,0.0
2025-07-14_00:00_04:00,2025-07-14 00:00:00+02:00,2025-07-14 04:00:00+02:00,4.0,1.48,False,False,16,0.0,True,False,11,11,1,-107.00764705882355,True,False,5.647,22.588,16.0,16.0,False,0.0,1.0,16.0,0.0,0.0,4.0,75.38697713016117,0.0,0.0
2025-07-14_04:00_08:00,2025-07-14 04:00:00+02:00,2025-07-14 08:00:00+02:00,4.0,2.17,False,False,16,0.0,True,False,9,9,0,-124.90764705882353,True,False,2.447,9.788,9.788,9.0,False,0.0,1.0,9.0,0.0,0.0,4.0,84.21052631578948,0.0,0.0
2025-07-14_08:00_12:00,2025-07-14 08:00:00+02:00,2025-07-14 12:00:00+02:00,4.0,27.19,False,False,16,0.0,True,False,9,9,0,-76.78764705882355,True,False,14.084,56.336,16.0,16.0,False,0.0,1.0,16.0,0.0,0.0,4.0,84.21052631578948,0.0,0.0
2025-07-14_12:00_16:00,2025-07-14 12:00:00+02:00,2025-07-14 16:00:00+02:00,4.0,50.86,False,False,16,0.0,True,False,12,11,0,-80.71764705882353,True,False,43.468,173.872,16.0,16.0,False,0.0,1.0,16.0,0.0,0.0,0.0,83.96526315789474,4.0,-74.68
2025-07-14_16:00_20:00,2025-07-14 16:00:00+02:00,2025-07-14 20:00:00+02:00,4.0,17.05,False,False,16,0.0,True,False,13,13,1,-109.91764705882355,True,False,16.772,67.088,16.0,16.0,False,0.0,1.0,16.0,0.0,0.0,4.0,84.21052631578948,0.0,0.0
2025-07-14_20:00_00:00,2025-07-14 20:00:00+02:00,2025-07-15 00:00:00+02:00,4.0,1.0,False,False,16,0.0,True,False,11,11,0,-282.9576470588235,True,False,8.07,32.28,16.0,16.0,False,0.0,1.0,16.0,0.0,0.0,4.0,84.21052631578948,0.0,0.0
2025-07-15_00:00_04:00,2025-07-15 00:00:00+02:00,2025-07-15 04:00:00+02:00,4.0,1.3,False,False,16,0.0,True,False,16,16,0,-101.53764705882355,True,False,10.348,41.392,16.0,16.0,False,0.0,1.0,16.0,0.0,0.0,4.0,84.21052631578948,0.0,0.0
2025-07-15_04:00_08:00,2025-07-15 04:00:00+02:00,2025-07-15 08:00:00+02:00,4.0,2.02,False,False,16,0.0,True,False,13,13,1,-124.29764705882354,True,False,17.126,68.504,16.0,16.0,False,0.0,1.0,16.0,0.0,0.0,4.0,84.21052631578948,0.0,0.0
2025-07-15_08:00_12:00,2025-07-15 08:00:00+02:00,2025-07-15 12:00:00+02:00,4.0,23.16,False,False,16,0.0,True,False,12,12,0,-111.62764705882353,True,False,11.388,45.552,16.0,16.0,False,0.0,1.0,16.0,0.0,0.0,4.0,84.21052631578948,0.0,0.0
2025-07-15_12:00_16:00,2025-07-15 12:00:00+02:00,2025-07-15 16:00:00+02:00,4.0,53.72,False,False,16,0.0,True,False,12,12,6,-69.14764705882354,True,False,29.785,119.14,16.0,16.0,False,0.0,1.0,16.0,0.0,0.0,4.0,84.21052631578948,0.0,0.0
2025-07-15_16:00_20:00,2025-07-15 16:00:00+02:00,2025-07-15 20:00:00+02:00,4.0,14.3,False,False,16,0.0,True,False,14,14,0,-103.52764705882353,True,False,51.254,205.016,16.0,16.0,False,0.0,1.0,16.0,0.0,0.0,4.0,84.21052631578948,0.0,0.0
2025-07-15_20:00_00:00,2025-07-15 20:00:00+02:00,2025-07-16 00:00:00+02:00,4.0,1.0,False,False,16,0.0,True,False,16,16,0,-82.73764705882354,True,False,59.532,238.128,16.0,16.0,False,0.0,1.0,16.0,0.0,0.0,4.0,84.21052631578948,0.0,0.0
2025-07-16_00:00_04:00,2025-07-16 00:00:00+02:00,2025-07-16 04:00:00+02:00,4.0,1.16,False,False,16,0.0,True,False,12,12,1,-90.88764705882355,True,False,38.768,155.072,16.0,16.0,False,0.0,1.0,16.0,0.0,0.0,4.0,84.21052631578948,0.0,0.0
2025-07-16_04:00_08:00,2025-07-16 04:00:00+02:00,2025-07-16 08:00:00+02:00,4.0,1.78,False,False,16,0.0,True,False,8,8,0,-98.80764705882353,True,False,13.336,53.344,16.0,16.0,False,0.0,1.0,16.0,0.0,0.0,4.0,84.21052631578948,0.0,0.0
2025-07-16_08:00_12:00,2025-07-16 08:00:00+02:00,2025-07-16 12:00:00+02:00,4.0,18.59,False,False,16,0.0,True,False,16,16,1,-84.13764705882355,True,False,146.604,586.416,16.0,16.0,False,0.0,1.0,16.0,0.0,0.0,4.0,84.21052631578948,0.0,0.0
2025-07-16_12:00_16:00,2025-07-16 12:00:00+02:00,2025-07-16 16:00:00+02:00,4.0,40.52,False,False,16,0.0,True,False,15,15,0,-72.00764705882355,True,False,125.038,500.152,16.0,16.0,False,0.0,1.0,16.0,0.0,0.0,4.0,84.21052631578948,0.0,0.0
2025-07-16_16:00_20:00,2025-07-16 16:00:00+02:00,2025-07-16 20:00:00+02:00,4.0,11.97,False,False,16,0.0,True,False,15,15,1,-104.84764705882353,True,False,28.212,112.848,16.0,16.0,False,0.0,1.0,16.0,0.0,0.0,4.0,84.21052631578948,0.0,0.0
2025-07-16_20:00_00:00,2025-07-16 20:00:00+02:00,2025-07-17 00:00:00+02:00,4.0,0.94,False,False,16,0.0,True,False,14,14,2,-350.0876470588235,True,False,23.264,93.056,16.0,16.0,False,0.0,1.0,16.0,0.0,0.0,4.0,84.21052631578948,0.0,0.0
2025-07-17_00:00_04:00,2025-07-17 00:00:00+02:00,2025-07-17 04:00:00+02:00,4.0,1.06,False,False,16,0.0,True,False,11,11,0,-115.89764705882354,True,False,7.008,28.032,16.0,16.0,False,0.0,1.0,16.0,0.0,0.0,4.0,84.21052631578948,0.0,0.0
2025-07-17_04:00_08:00,2025-07-17 04:00:00+02:00,2025-07-17 08:00:00+02:00,4.0,1.55,False,False,16,0.0,True,False,13,13,0,-323.53764705882355,True,False,12.652,50.608,16.0,16.0,False,0.0,1.0,16.0,0.0,0.0,4.0,84.21052631578948,0.0,0.0
2025-07-17_08:00_12:00,2025-07-17 08:00:00+02:00,2025-07-17 12:00:00+02:00,4.0,16.43,False,False,16,0.0,True,False,12,12,0,-89.32764705882354,True,False,56.22,224.88,16.0,16.0,False,0.0,1.0,16.0,0.0,0.0,4.0,84.21052631578948,0.0,0.0
2025-07-17_12:00_16:00,2025-07-17 12:00:00+02:00,2025-07-17 16:00:00+02:00,4.0,43.83,False,False,16,0.0,True,False,13,12,1,-108.03764705882355,True,False,23.365,93.46,16.0,16.0,False,0.0,1.0,16.0,0.0,0.0,0.0,83.96526315789474,4.0,-93.16
2025-07-17_16:00_20:00,2025-07-17 16:00:00+02:00,2025-07-17 20:00:00+02:00,4.0,9.93,False,False,16,0.0,True,False,13,12,0,-166.85764705882355,True,False,79.148,316.592,16.0,16.0,False,0.0,1.0,16.0,0.0,0.0,0.0,82.55184210526316,4.0,-18.16
2025-07-17_20:00_00:00,2025-07-17 20:00:00+02:00,2025-07-18 00:00:00+02:00,4.0,1.06,False,False,16,0.0,True,False,13,13,1,-110.28764705882355,True,False,79.44,317.76,16.0,16.0,False,0.0,1.0,16.0,0.0,0.0,4.0,84.21052631578948,0.0,0.0
2025-07-18_00:00_04:00,2025-07-18 00:00:00+02:00,2025-07-18 04:00:00+02:00,4.0,1.0,False,False,16,0.0,True,False,15,15,0,-95.70764705882354,True,False,8.71,34.84,16.0,16.0,False,0.0,1.0,16.0,0.0,0.0,4.0,84.21052631578948,0.0,0.0
2025-07-18_04:00_08:00,2025-07-18 04:00:00+02:00,2025-07-18 08:00:00+02:00,4.0,1.3,False,False,16,0.0,True,False,11,11,0,-106.87764705882353,True,False,2.164,8.656,8.656,8.0,False,0.0,1.0,8.0,0.0,0.0,4.0,84.21052631578948,0.0,0.0
2025-07-18_08:00_12:00,2025-07-18 08:00:00+02:00,2025-07-18 12:00:00+02:00,4.0,12.91,False,False,16,0.0,True,False,14,14,1,-111.55764705882353,True,False,27.617,110.468,16.0,16.0,False,0.0,1.0,16.0,0.0,0.0,4.0,84.21052631578948,0.0,0.0
2025-07-18_12:00_16:00,2025-07-18 12:00:00+02:00,2025-07-18 16:00:00+02:00,4.0,33.5,False,False,16,0.0,True,False,11,11,1,-80.25764705882355,True,False,39.279,157.116,16.0,16.0,False,0.0,1.0,16.0,0.0,0.0,4.0,84.21052631578948,0.0,0.0
2025-07-18_16:00_20:00,2025-07-18 16:00:00+02:00,2025-07-18 20:00:00+02:00,4.0,8.3,False,False,16,0.0,True,False,16,16,0,-106.40764705882353,True,False,50.793,203.172,16.0,16.0,False,0.0,1.0,16.0,0.0,0.0,4.0,84.21052631578948,0.0,0.0
2025-07-18_20:00_00:00,2025-07-18 20:00:00+02:00,2025-07-19 00:00:00+02:00,4.0,0.9,False,False,16,0.0,True,False,15,15,0,-156.41764705882352,True,False,11.476,45.904,16.0,16.0,False,0.0,1.0,16.0,0.0,0.0,4.0,84.21052631578948,0.0,0.0
2025-07-19_00:00_04:00,2025-07-19 00:00:00+02:00,2025-07-19 04:00:00+02:00,4.0,1.03,False,False,16,0.0,True,False,14,14,0,-260.66764705882355,True,False,4.708,18.832,16.0,16.0,False,0.0,1.0,16.0,0.0,0.0,4.0,84.21052631578948,0.0,0.0
2025-07-19_04:00_08:00,2025-07-19 04:00:00+02:00,2025-07-19 08:00:00+02:00,4.0,1.81,False,False,16,0.0,True,False,8,8,1,-94.48764705882354,True,False,10.928,43.712,16.0,16.0,False,0.0,1.0,16.0,0.0,0.0,0.0,81.09078947368421,0.0,0.0
2025-07-19_08:00_12:00,2025-07-19 08:00:00+02:00,2025-07-19 12:00:00+02:00,4.0,27.98,False,False,16,0.0,True,False,15,13,0,-119.55764705882353,True,False,85.43,341.72,16.0,16.0,False,0.0,1.0,16.0,0.0,0.0,0.0,77.23657995363753,8.0,-132.48000000000002
2025-07-19_12:00_16:00,2025-07-19 12:00:00+02:00,2025-07-19 16:00:00+02:00,4.0,61.0,False,False,16,0.0,True,False,14,13,0,-97.63764705882355,True,False,45.133,180.532,16.0,16.0,False,0.0,1.0,16.0,0.0,0.0,0.0,74.34465383844118,0.8376786257826763,-9.507652402633376
2025-07-19_16:00_20:00,2025-07-19 16:00:00+02:00,2025-07-19 20:00:00+02:00,4.0,15.96,False,False,16,0.0,True,False,3,3,0,-106.98764705882354,True,False,4.959,19.836,16.0,16.0,False,0.0,1.0,16.0,0.0,0.0,4.0,84.21052631578948,0.0,0.0
2025-07-19_20:00_00:00,2025-07-19 20:00:00+02:00,2025-07-20 00:00:00+02:00,4.0,1.0,False,False,16,0.0,True,False,16,16,0,-107.68764705882353,True,False,137.984,551.936,16.0,16.0,False,0.0,1.0,16.0,0.0,0.0,4.0,84.21052631578948,0.0,0.0
2025-07-20_00:00_04:00,2025-07-20 00:00:00+02:00,2025-07-20 04:00:00+02:00,4.0,2.02,False,False,16,0.0,True,False,5,5,0,-191.85764705882355,True,False,0.678,2.712,2.712,2.0,False,0.0,1.0,2.0,0.0,0.0,4.0,84.21052631578948,0.0,0.0
2025-07-20_04:00_08:00,2025-07-20 04:00:00+02:00,2025-07-20 08:00:00+02:00,4.0,2.57,False,False,16,0.0,True,False,12,11,0,-502.4276470588236,True,False,88.568,354.272,16.0,16.0,False,0.0,1.0,16.0,0.0,0.0,0.0,81.02052631578947,0.0,0.0
2025-07-20_08:00_12:00,2025-07-20 08:00:00+02:00,2025-07-20 12:00:00+02:00,4.0,34.15,False,False,16,0.0,True,False,16,1,0,-1.9076470588235281,True,False,80.108,320.432,16.0,16.0,False,0.0,1.0,16.0,0.0,0.0,0.0,46.074518817435774,4.0,-63.32
2025-07-20_12:00_16:00,2025-07-20 12:00:00+02:00,2025-07-20 16:00:00+02:00,4.0,67.44,False,False,16,0.0,True,False,16,11,0,-82.68764705882353,True,False,21.231,84.924,16.0,16.0,False,0.0,1.0,16.0,0.0,0.0,0.0,38.06441197573899,8.0,-131.8
2025-07-20_16:00_20:00,2025-07-20 16:00:00+02:00,2025-07-20 20:00:00+02:00,4.0,15.67,False,False,16,0.0,True,False,10,10,0,-511.71764705882356,True,False,21.688,86.752,16.0,16.0,False,0.0,1.0,16.0,0.0,0.0,4.0,48.31098937895483,0.0,0.0
2025-07-20_20:00_00:00,2025-07-20 20:00:00+02:00,2025-07-21 00:00:00+02:00,4.0,0.9,False,False,16,0.0,True,False,12,12,0,-105.31764705882352,True,False,38.769,155.076,16.0,16.0,False,0.0,1.0,16.0,0.0,0.0,4.0,57.09572409173183,0.0,0.0
2025-07-21_00:00_04:00,2025-07-21 00:00:00+02:00,2025-07-21 04:00:00+02:00,4.0,1.33,False,False,16,0.0,True,False,11,11,0,-103.24764705882353,True,False,16.893,67.572,16.0,16.0,False,0.0,1.0,16.0,0.0,0.0,4.0,63.837642987854274,0.0,0.0
2025-07-21_04:00_08:00,2025-07-21 04:00:00+02:00,2025-07-21 08:00:00+02:00,4.0,1.78,False,False,16,0.0,True,False,4,4,0,-104.91764705882355,True,False,0.992,3.968,3.968,3.0,False,0.0,1.0,3.0,0.0,0.0,4.0,84.21052631578948,0.0,0.0
2025-07-21_08:00_12:00,2025-07-21 08:00:00+02:00,2025-07-21 12:00:00+02:00,4.0,19.67,False,False,16,0.0,True,False,4,4,2,-123.97764705882355,False,False,0.036,0.144,0.144,0.0,False,0.0,1.0,0.0,0.0,0.0,4.0,84.21052631578948,0.0,0.0
2025-07-21_12:00_16:00,2025-07-21 12:00:00+02:00,2025-07-21 16:00:00+02:00,4.0,39.32,False,False,16,0.0,True,False,10,10,1,-93.93764705882353,True,False,39.599,158.396,16.0,16.0,False,0.0,1.0,16.0,0.0,0.0,4.0,84.21052631578948,0.0,0.0
2025-07-21_16:00_20:00,2025-07-21 16:00:00+02:00,2025-07-21 20:00:00+02:00,4.0,10.11,False,False,16,0.0,True,False,10,10,0,-151.53764705882352,True,False,104.849,419.396,16.0,16.0,False,0.0,1.0,16.0,0.0,0.0,4.0,84.21052631578948,0.0,0.0
2025-07-21_20:00_00:00,2025-07-21 20:00:00+02:00,2025-07-22 00:00:00+02:00,4.0,1.0,False,False,16,0.0,True,False,13,13,0,-285.3776470588235,True,False,3.985,15.94,15.94,15.0,False,0.0,1.0,15.0,0.0,0.0,4.0,84.21052631578948,0.0,0.0
2025-07-22_00:00_04:00,2025-07-22 00:00:00+02:00,2025-07-22 04:00:00+02:00,4.0,1.2,False,False,16,0.0,True,False,10,10,0,-435.35764705882355,True,False,2.979,11.916,11.916,11.0,False,0.0,1.0,11.0,0.0,0.0,4.0,84.21052631578948,0.0,0.0
2025-07-22_04:00_08:00,2025-07-22 04:00:00+02:00,2025-07-22 08:00:00+02:00,4.0,1.6,False,False,16,0.0,True,False,7,7,0,-158.56764705882352,True,False,2.874,11.496,11.496,11.0,False,0.0,1.0,11.0,0.0,0.0,4.0,84.21052631578948,0.0,0.0
2025-07-22_08:00_12:00,2025-07-22 08:00:00+02:00,2025-07-22 12:00:00+02:00,4.0,22.8,False,False,16,0.0,True,False,14,13,0,-84.04764705882354,True,False,138.392,553.568,16.0,16.0,False,0.0,1.0,16.0,0.0,0.0,0.0,83.96526315789474,4.0,-54.84
2025-07-22_12:00_16:00,2025-07-22 12:00:00+02:00,2025-07-22 16:00:00+02:00,4.0,62.69,False,False,16,0.0,True,False,11,9,0,-99.10764705882355,True,False,46.233,184.932,16.0,16.0,False,0.0,1.0,16.0,0.0,0.0,0.0,83.15763157894737,4.0,-87.84
2025-07-22_16:00_20:00,2025-07-22 16:00:00+02:00,2025-07-22 20:00:00+02:00,4.0,15.24,False,False,16,0.0,True,False,12,12,0,-192.86764705882354,True,False,24.882,99.528,16.0,16.0,False,0.0,1.0,16.0,0.0,0.0,4.0,84.21052631578948,0.0,0.0
2025-07-22_20:00_00:00,2025-07-22 20:00:00+02:00,2025-07-23 00:00:00+02:00,4.0,0.92,False,False,16,0.0,True,False,14,14,0,-291.73764705882354,True,False,27.987,111.948,16.0,16.0,False,0.0,1.0,16.0,0.0,0.0,4.0,84.21052631578948,0.0,0.0
2025-07-23_00:00_04:00,2025-07-23 00:00:00+02:00,2025-07-23 04:00:00+02:00,4.0,3.03,False,False,16,0.0,True,False,16,15,0,-90.24764705882353,True,False,97.799,391.196,16.0,16.0,False,0.0,1.0,16.0,0.0,0.0,0.0,81.72500000000001,4.0,-27.72
2025-07-23_04:00_08:00,2025-07-23 04:00:00+02:00,2025-07-23 08:00:00+02:00,4.0,3.57,False,False,16,0.0,True,False,4,4,0,-102.81764705882352,True,False,0.821,3.284,3.284,3.0,False,0.0,1.0,3.0,0.0,0.0,4.0,84.21052631578948,0.0,0.0
2025-07-23_08:00_12:00,2025-07-23 08:00:00+02:00,2025-07-23 12:00:00+02:00,4.0,21.0,False,False,16,0.0,True,False,14,14,2,-79.57764705882354,True,False,69.543,278.172,16.0,16.0,False,0.0,1.0,16.0,0.0,0.0,4.0,84.21052631578948,0.0,0.0
2025-07-23_12:00_16:00,2025-07-23 12:00:00+02:00,2025-07-23 16:00:00+02:00,4.0,67.0,False,False,16,0.0,True,False,9,9,1,-82.44764705882355,True,False,80.701,322.804,16.0,16.0,False,0.0,1.0,16.0,0.0,0.0,4.0,84.21052631578948,0.0,0.0
2025-07-23_16:00_20:00,2025-07-23 16:00:00+02:00,2025-07-23 20:00:00+02:00,4.0,16.24,False,False,16,0.0,True,False,15,15,0,-129.91764705882355,True,False,78.581,314.324,16.0,16.0,False,0.0,1.0,16.0,0.0,0.0,4.0,84.21052631578948,0.0,0.0
2025-07-23_20:00_00:00,2025-07-23 20:00:00+02:00,2025-07-24 00:00:00+02:00,4.0,0.9,False,False,16,0.0,True,False,14,14,0,-346.86764705882354,True,False,45.953,183.812,16.0,16.0,False,0.0,1.0,16.0,0.0,0.0,4.0,84.21052631578948,0.0,0.0
2025-07-24_00:00_04:00,2025-07-24 00:00:00+02:00,2025-07-24 04:00:00+02:00,4.0,1.73,False,False,16,0.0,True,False,11,11,2,-111.70764705882354,True,False,17.542,70.168,16.0,16.0,False,0.0,1.0,16.0,0.0,0.0,4.0,84.21052631578948,0.0,0.0
2025-07-24_04:00_08:00,2025-07-24 04:00:00+02:00,2025-07-24 08:00:00+02:00,4.0,1.95,False,False,16,0.0,True,False,6,6,1,-108.21764705882353,True,False,26.466,105.864,16.0,16.0,False,0.0,1.0,16.0,0.0,0.0,4.0,84.21052631578948,0.0,0.0
2025-07-24_08:00_12:00,2025-07-24 08:00:00+02:00,2025-07-24 12:00:00+02:00,4.0,15.65,False,False,16,0.0,True,False,12,12,0,-103.64764705882354,True,False,47.908,191.632,16.0,16.0,False,0.0,1.0,16.0,0.0,0.0,4.0,84.21052631578948,0.0,0.0
2025-07-24_12:00_16:00,2025-07-24 12:00:00+02:00,2025-07-24 16:00:00+02:00,4.0,38.47,False,False,16,0.0,True,False,10,10,0,-103.23764705882354,True,False,18.017,72.068,16.0,16.0,False,0.0,1.0,16.0,0.0,0.0,4.0,84.21052631578948,0.0,0.0
2025-07-24_16:00_20:00,2025-07-24 16:00:00+02:00,2025-07-24 20:00:00+02:00,4.0,9.96,False,False,16,0.0,True,False,12,12,1,-117.14764705882354,True,False,95.643,382.572,16.0,16.0,False,0.0,1.0,16.0,0.0,0.0,4.0,84.21052631578948,0.0,0.0
2025-07-24_20:00_00:00,2025-07-24 20:00:00+02:00,2025-07-25 00:00:00+02:00,4.0,0.87,False,False,16,0.0,True,False,11,11,0,-191.54764705882354,True,False,7.062,28.248,16.0,16.0,False,0.0,1.0,16.0,0.0,0.0,4.0,84.21052631578948,0.0,0.0
2025-07-25_00:00_04:00,2025-07-25 00:00:00+02:00,2025-07-25 04:00:00+02:00,4.0,1.34,False,False,16,0.0,True,False,13,13,1,-106.24764705882353,True,False,8.757,35.028,16.0,16.0,False,0.0,1.0,16.0,0.0,0.0,4.0,84.21052631578948,0.0,0.0
2025-07-25_04:00_08:00,2025-07-25 04:00:00+02:00,2025-07-25 08:00:00+02:00,4.0,1.6,False,False,16,0.0,True,False,7,7,0,-166.40764705882353,True,False,8.595,34.38,16.0,16.0,False,0.0,1.0,16.0,0.0,0.0,4.0,84.21052631578948,0.0,0.0
2025-07-25_08:00_12:00,2025-07-25 08:00:00+02:00,2025-07-25 12:00:00+02:00,4.0,13.1,False,False,16,0.0,True,False,9,9,0,-180.72764705882352,True,False,18.311,73.244,16.0,16.0,False,0.0,1.0,16.0,0.0,0.0,4.0,84.21052631578948,0.0,0.0
2025-07-25_12:00_16:00,2025-07-25 12:00:00+02:00,2025-07-25 16:00:00+02:00,4.0,33.0,False,False,16,0.0,True,False,5,5,0,-100.45764705882354,True,False,31.788,127.152,16.0,16.0,False,0.0,1.0,16.0,0.0,0.0,4.0,84.21052631578948,0.0,0.0
2025-07-25_16:00_20:00,2025-07-25 16:00:00+02:00,2025-07-25 20:00:00+02:00,4.0,8.22,False,False,16,0.0,True,False,8,8,1,-108.26764705882354,True,False,9.246,36.984,16.0,16.0,False,0.0,1.0,16.0,0.0,0.0,4.0,84.21052631578948,0.0,0.0
2025-07-25_20:00_00:00,2025-07-25 20:00:00+02:00,2025-07-26 00:00:00+02:00,4.0,0.9,False,False,16,0.0,True,False,13,13,1,-108.80764705882353,True,False,14.481,57.924,16.0,16.0,False,0.0,1.0,16.0,0.0,0.0,4.0,84.21052631578948,0.0,0.0
2025-07-26_00:00_04:00,2025-07-26 00:00:00+02:00,2025-07-26 04:00:00+02:00,4.0,1.32,False,False,16,0.0,True,False,8,8,1,-98.44764705882355,True,False,4.168,16.672,16.0,16.0,False,0.0,1.0,16.0,0.0,0.0,4.0,84.21052631578948,0.0,0.0
2025-07-26_04:00_08:00,2025-07-26 04:00:00+02:00,2025-07-26 08:00:00+02:00,4.0,1.62,False,False,16,0.0,True,False,15,15,1,-102.54764705882354,True,False,7.651,30.604,16.0,16.0,False,0.0,1.0,16.0,0.0,0.0,4.0,84.21052631578948,0.0,0.0
2025-07-26_08:00_12:00,2025-07-26 08:00:00+02:00,2025-07-26 12:00:00+02:00,4.0,16.0,False,False,16,0.0,True,False,13,13,0,-98.71764705882353,True,False,33.013,132.052,16.0,16.0,False,0.0,1.0,16.0,0.0,0.0,4.0,84.21052631578948,0.0,0.0
2025-07-26_12:00_16:00,2025-07-26 12:00:00+02:00,2025-07-26 16:00:00+02:00,4.0,41.86,False,False,16,0.0,True,False,10,10,0,-101.50764705882355,True,False,9.158,36.632,16.0,16.0,False,0.0,1.0,16.0,0.0,0.0,4.0,84.21052631578948,0.0,0.0
2025-07-26_16:00_20:00,2025-07-26 16:00:00+02:00,2025-07-26 20:00:00+02:00,4.0,9.64,False,False,16,0.0,True,False,8,8,0,-108.02764705882353,True,False,48.882,195.528,16.0,16.0,False,0.0,1.0,16.0,0.0,0.0,4.0,84.21052631578948,0.0,0.0
2025-07-26_20:00_00:00,2025-07-26 20:00:00+02:00,2025-07-27 00:00:00+02:00,4.0,0.85,False,False,16,0.0,True,False,10,10,0,-142.05764705882353,True,False,4.412,17.648,16.0,16.0,False,0.0,1.0,16.0,0.0,0.0,4.0,84.21052631578948,0.0,0.0
2025-07-27_00:00_04:00,2025-07-27 00:00:00+02:00,2025-07-27 04:00:00+02:00,4.0,1.57,False,False,16,0.0,True,False,14,14,0,-91.13764705882355,True,False,3.649,14.596,14.596,14.0,False,0.0,1.0,14.0,0.0,0.0,4.0,84.21052631578948,0.0,0.0
2025-07-27_04:00_08:00,2025-07-27 04:00:00+02:00,2025-07-27 08:00:00+02:00,4.0,1.96,False,False,16,0.0,True,False,14,14,0,-80.07764705882354,True,False,38.503,154.012,16.0,16.0,False,0.0,1.0,16.0,0.0,0.0,4.0,84.21052631578948,0.0,0.0
2025-07-27_08:00_12:00,2025-07-27 08:00:00+02:00,2025-07-27 12:00:00+02:00,4.0,16.98,False,False,16,0.0,True,False,16,12,0,-59.07764705882354,True,False,42.798,171.192,16.0,16.0,False,0.0,1.0,16.0,0.0,0.0,0.0,71.30479559121997,12.0,-87.96000000000001
2025-07-27_12:00_16:00,2025-07-27 12:00:00+02:00,2025-07-27 16:00:00+02:00,4.0,53.0,False,False,16,0.0,True,False,8,8,0,-74.67764705882354,True,False,3.547,14.188,14.188,14.0,False,0.0,1.0,14.0,0.0,0.0,0.0,64.36598254042303,0.0,0.0
2025-07-27_16:00_20:00,2025-07-27 16:00:00+02:00,2025-07-27 20:00:00+02:00,4.0,12.4,False,False,16,0.0,True,False,6,6,1,-106.35764705882355,True,False,0.742,2.968,2.968,2.0,False,0.0,1.0,2.0,0.0,0.0,4.0,84.21052631578948,0.0,0.0
2025-07-27_20:00_00:00,2025-07-27 20:00:00+02:00,2025-07-28 00:00:00+02:00,4.0,0.83,False,False,16,0.0,True,False,14,14,1,-144.33764705882353,True,False,17.481,69.924,16.0,16.0,False,0.0,1.0,16.0,0.0,0.0,4.0,84.21052631578948,0.0,0.0
2025-07-28_00:00_04:00,2025-07-28 00:00:00+02:00,2025-07-28 04:00:00+02:00,4.0,1.45,False,False,16,0.0,True,False,15,15,0,-81.45764705882354,True,False,17.393,69.572,16.0,16.0,False,0.0,1.0,16.0,0.0,0.0,4.0,84.21052631578948,0.0,0.0
2025-07-28_04:00_08:00,2025-07-28 04:00:00+02:00,2025-07-28 08:00:00+02:00,4.0,1.61,False,False,16,0.0,True,False,13,13,0,-95.86764705882354,True,False,9.774,39.096,16.0,16.0,False,0.0,1.0,16.0,0.0,0.0,4.0,84.21052631578948,0.0,0.0
2025-07-28_08:00_12:00,2025-07-28 08:00:00+02:00,2025-07-28 12:00:00+02:00,4.0,12.49,False,False,16,0.0,True,False,16,13,0,-83.97764705882355,True,False,71.254,285.016,16.0,16.0,False,0.0,1.0,16.0,0.0,0.0,0.0,83.4754723863158,12.0,-75.52
2025-07-28_12:00_16:00,2025-07-28 12:00:00+02:00,2025-07-28 16:00:00+02:00,4.0,34.8,False,False,16,0.0,True,False,15,15,0,-96.87764705882353,True,False,10.749,42.996,16.0,16.0,False,0.0,1.0,16.0,0.0,0.0,4.0,84.21052631578948,0.0,0.0
2025-07-28_16:00_20:00,2025-07-28 16:00:00+02:00,2025-07-28 20:00:00+02:00,4.0,8.5,False,False,16,0.0,True,False,11,10,0,-109.92764705882354,True,False,44.933,179.732,16.0,16.0,False,0.0,1.0,16.0,0.0,0.0,0.0,82.55184210526316,4.0,-36.4
2025-07-28_20:00_00:00,2025-07-28 20:00:00+02:00,2025-07-29 00:00:00+02:00,4.0,0.85,False,False,16,0.0,True,False,16,14,0,-104.06764705882352,True,False,101.21,404.84,16.0,16.0,False,0.0,1.0,16.0,0.0,0.0,0.0,81.94605263157895,8.0,-197.51999999999998
2025-07-29_00:00_04:00,2025-07-29 00:00:00+02:00,2025-07-29 04:00:00+02:00,4.0,1.31,False,False,16,0.0,True,False,7,7,0,-84.00764705882355,True,False,3.226,12.904,12.904,12.0,False,0.0,1.0,12.0,0.0,0.0,4.0,84.21052631578948,0.0,0.0
2025-07-29_04:00_08:00,2025-07-29 04:00:00+02:00,2025-07-29 08:00:00+02:00,4.0,1.6,False,False,16,0.0,True,False,10,10,0,-97.11764705882354,True,False,20.193,80.772,16.0,16.0,False,0.0,1.0,16.0,0.0,0.0,4.0,84.21052631578948,0.0,0.0
2025-07-29_08:00_12:00,2025-07-29 08:00:00+02:00,2025-07-29 12:00:00+02:00,4.0,13.44,False,False,16,0.0,True,False,15,9,0,-88.54764705882354,True,False,41.747,166.988,16.0,16.0,False,0.0,1.0,16.0,0.0,0.0,0.0,83.4754723863158,20.0,-285.68
2025-07-29_12:00_16:00,2025-07-29 12:00:00+02:00,2025-07-29 16:00:00+02:00,4.0,54.15,False,False,16,0.0,True,False,16,11,0,-97.14764705882354,True,False,27.88,111.52,16.0,16.0,False,0.0,1.0,16.0,0.0,0.0,0.0,83.15763157894737,20.0,-134.07999999999998
2025-07-29_16:00_20:00,2025-07-29 16:00:00+02:00,2025-07-29 20:00:00+02:00,4.0,8.58,False,False,16,0.0,True,False,8,8,0,-87.09764705882353,True,False,7.894,31.576,16.0,16.0,False,0.0,1.0,16.0,0.0,0.0,4.0,84.21052631578948,0.0,0.0
2025-07-29_20:00_00:00,2025-07-29 20:00:00+02:00,2025-07-30 00:00:00+02:00,4.0,0.8,False,False,16,0.0,True,False,15,15,0,-736.7176470588236,True,False,23.93,95.72,16.0,16.0,False,0.0,1.0,16.0,0.0,0.0,4.0,84.21052631578948,0.0,0.0
2025-07-30_00:00_04:00,2025-07-30 00:00:00+02:00,2025-07-30 04:00:00+02:00,4.0,1.25,False,False,16,0.0,True,False,12,12,0,-96.80764705882353,True,False,14.076,56.304,16.0,16.0,False,0.0,1.0,16.0,0.0,0.0,4.0,84.21052631578948,0.0,0.0
2025-07-30_04:00_08:00,2025-07-30 04:00:00+02:00,2025-07-30 08:00:00+02:00,4.0,1.45,False,False,16,0.0,True,False,8,7,0,-104.09764705882353,True,False,37.214,148.856,16.0,16.0,False,0.0,1.0,16.0,0.0,0.0,0.0,81.72500000000001,4.0,-20.52
2025-07-30_08:00_12:00,2025-07-30 08:00:00+02:00,2025-07-30 12:00:00+02:00,4.0,11.32,False,False,16,0.0,True,False,10,10,1,-102.61764705882354,True,False,13.62,54.48,16.0,16.0,False,0.0,1.0,16.0,0.0,0.0,4.0,84.21052631578948,0.0,0.0
2025-07-30_12:00_16:00,2025-07-30 12:00:00+02:00,2025-07-30 16:00:00+02:00,4.0,44.52,False,False,16,0.0,True,False,13,13,0,-91.12764705882353,True,False,5.617,22.468,16.0,16.0,False,0.0,1.0,16.0,0.0,0.0,4.0,84.21052631578948,0.0,0.0
2025-07-30_16:00_20:00,2025-07-30 16:00:00+02:00,2025-07-30 20:00:00+02:00,4.0,7.73,False,False,16,0.0,True,False,8,8,0,-109.49764705882353,True,False,21.336,85.344,16.0,16.0,False,0.0,1.0,16.0,0.0,0.0,4.0,84.21052631578948,0.0,0.0
2025-07-30_20:00_00:00,2025-07-30 20:00:00+02:00,2025-07-31 00:00:00+02:00,4.0,0.77,False,False,16,0.0,True,False,10,10,0,-105.94764705882355,True,False,48.565,194.26,16.0,16.0,False,0.0,1.0,16.0,0.0,0.0,4.0,84.21052631578948,0.0,0.0
2025-07-31_00:00_04:00,2025-07-31 00:00:00+02:00,2025-07-31 04:00:00+02:00,4.0,1.51,False,False,16,0.0,True,False,10,10,2,-92.39764705882354,True,False,1.615,6.46,6.46,6.0,False,0.0,1.0,6.0,0.0,0.0,4.0,84.21052631578948,0.0,0.0
2025-07-31_04:00_08:00,2025-07-31 04:00:00+02:00,2025-07-31 08:00:00+02:00,4.0,1.67,False,False,16,0.0,True,False,8,8,0,-377.4476470588235,True,False,7.333,29.332,16.0,16.0,False,0.0,1.0,16.0,0.0,0.0,4.0,84.21052631578948,0.0,0.0
2025-07-31_08:00_12:00,2025-07-31 08:00:00+02:00,2025-07-31 12:00:00+02:00,4.0,10.68,False,False,16,0.0,True,False,10,10,0,-96.81764705882352,True,False,15.685,62.74,16.0,16.0,False,0.0,1.0,16.0,0.0,0.0,4.0,84.21052631578948,0.0,0.0
2025-07-31_12:00_16:00,2025-07-31 12:00:00+02:00,2025-07-31 16:00:00+02:00,4.0,45.0,False,False,16,0.0,True,False,14,14,5,-84.52764705882353,True,False,136.866,547.464,16.0,16.0,False,0.0,1.0,16.0,0.0,0.0,4.0,84.21052631578948,0.0,0.0
2025-07-31_16:00_20:00,2025-07-31 16:00:00+02:00,2025-07-31 20:00:00+02:00,4.0,6.8,False,False,16,0.0,True,False,12,12,1,-144.73764705882354,True,False,6.75,27.0,16.0,16.0,False,0.0,1.0,16.0,0.0,0.0,4.0,84.21052631578948,0.0,0.0
2025-07-31_20:00_00:00,2025-07-31 20:00:00+02:00,2025-08-01 00:00:00+02:00,4.0,0.74,False,False,16,0.0,True,False,13,13,0,-123.33764705882353,True,False,11.769,47.076,16.0,16.0,False,0.0,1.0,16.0,0.0,0.0,4.0,84.21052631578948,0.0,0.0
2025-08-01_00:00_04:00,2025-08-01 00:00:00+02:00,2025-08-01 04:00:00+02:00,4.0,1.27,False,False,16,0.0,True,False,6,6,2,-100.52764705882353,True,False,8.585,34.34,16.0,16.0,False,0.0,1.0,16.0,0.0,0.0,4.0,84.21052631578948,0.0,0.0
2025-08-01_04:00_08:00,2025-08-01 04:00:00+02:00,2025-08-01 08:00:00+02:00,4.0,1.29,False,False,16,0.0,True,False,16,16,0,-262.59764705882355,True,False,42.316,169.264,16.0,16.0,False,0.0,1.0,16.0,0.0,0.0,4.0,84.21052631578948,0.0,0.0
2025-08-01_08:00_12:00,2025-08-01 08:00:00+02:00,2025-08-01 12:00:00+02:00,4.0,9.02,False,False,16,0.0,True,False,14,13,0,-92.65764705882353,True,False,62.718,250.872,16.0,16.0,False,0.0,1.0,16.0,0.0,0.0,0.0,82.93868421052633,4.0,-16.24
2025-08-01_12:00_16:00,2025-08-01 12:00:00+02:00,2025-08-01 16:00:00+02:00,4.0,35.88,False,False,16,0.0,True,False,15,12,0,-56.86764705882353,True,False,48.418,193.672,16.0,16.0,False,0.0,1.0,16.0,0.0,0.0,0.0,83.27625684210527,8.0,-88.68
2025-08-01_16:00_20:00,2025-08-01 16:00:00+02:00,2025-08-01 20:00:00+02:00,4.0,6.54,False,False,16,0.0,True,False,10,10,0,-143.06764705882352,True,False,31.311,125.244,16.0,16.0,False,0.0,1.0,16.0,0.0,0.0,4.0,84.21052631578948,0.0,0.0
2025-08-01_20:00_00:00,2025-08-01 20:00:00+02:00,2025-08-02 00:00:00+02:00,4.0,0.72,False,False,16,0.0,True,False,14,14,1,-261.9576470588235,True,False,14.944,59.776,16.0,16.0,False,0.0,1.0,16.0,0.0,0.0,4.0,84.21052631578948,0.0,0.0
2025-08-02_00:00_04:00,2025-08-02 00:00:00+02:00,2025-08-02 04:00:00+02:00,4.0,1.24,False,False,16,0.0,True,False,15,15,0,-101.10764705882355,True,False,20.938,83.752,16.0,16.0,False,0.0,1.0,16.0,0.0,0.0,4.0,84.21052631578948,0.0,0.0
2025-08-02_04:00_08:00,2025-08-02 04:00:00+02:00,2025-08-02 08:00:00+02:00,4.0,1.41,False,False,16,0.0,True,False,14,14,1,-92.81764705882352,True,False,19.0,76.0,16.0,16.0,False,0.0,1.0,16.0,0.0,0.0,4.0,84.21052631578948,0.0,0.0
2025-08-02_08:00_12:00,2025-08-02 08:00:00+02:00,2025-08-02 12:00:00+02:00,4.0,15.07,False,False,16,0.0,True,False,12,9,0,-64.86764705882354,True,False,30.034,120.136,16.0,16.0,False,0.0,1.0,16.0,0.0,0.0,0.0,78.08698385373194,0.11335237788784847,-1.7501607145883802
2025-08-02_12:00_16:00,2025-08-02 12:00:00+02:00,2025-08-02 16:00:00+02:00,4.0,51.32,False,False,16,0.0,True,False,10,5,0,-68.96764705882353,True,False,13.541,54.164,16.0,16.0,False,0.0,1.0,16.0,0.0,0.0,0.0,58.145489989609736,0.0,0.0
2025-08-02_16:00_20:00,2025-08-02 16:00:00+02:00,2025-08-02 20:00:00+02:00,4.0,16.39,False,False,16,0.0,True,False,4,2,0,-64.20764705882354,True,False,43.597,174.388,16.0,16.0,False,0.0,1.0,16.0,0.0,0.0,0.0,62.67306511391311,4.0,-186.72
2025-08-02_20:00_00:00,2025-08-02 20:00:00+02:00,2025-08-03 00:00:00+02:00,4.0,0.76,False,False,16,0.0,True,False,11,11,1,-113.57764705882354,True,False,48.206,192.824,16.0,16.0,False,0.0,1.0,16.0,0.0,0.0,4.0,70.3053637232167,0.0,0.0
2025-08-03_00:00_04:00,2025-08-03 00:00:00+02:00,2025-08-03 04:00:00+02:00,4.0,4.63,False,False,16,0.0,True,False,16,16,0,-72.48764705882354,True,False,34.196,136.784,16.0,16.0,False,0.0,1.0,16.0,0.0,0.0,4.0,75.91655265837862,0.0,0.0
2025-08-03_04:00_08:00,2025-08-03 04:00:00+02:00,2025-08-03 08:00:00+02:00,4.0,5.2,False,False,16,0.0,True,False,8,7,0,-82.39764705882354,True,False,14.706,58.824,16.0,16.0,False,0.0,1.0,16.0,0.0,0.0,0.0,71.24771450081883,0.0,0.0
2025-08-03_08:00_12:00,2025-08-03 08:00:00+02:00,2025-08-03 12:00:00+02:00,4.0,31.72,False,False,16,0.0,True,False,14,8,0,-40.767647058823535,True,False,45.487,181.948,16.0,16.0,False,0.0,1.0,16.0,0.0,0.0,0.0,72.30067731263381,12.0,-154.44
2025-08-03_12:00_16:00,2025-08-03 12:00:00+02:00,2025-08-03 16:00:00+02:00,4.0,58.48,False,False,16,4.242352941176467,True,False,8,8,0,-69.24764705882353,True,False,7.71,30.84,16.0,16.0,False,0.0,1.0,16.0,0.0,0.0,0.0,62.931607556029746,0.0,0.0
2025-08-03_16:00_20:00,2025-08-03 16:00:00+02:00,2025-08-03 20:00:00+02:00,4.0,27.49,False,False,16,0.0,True,False,8,6,0,-52.797647058823536,True,False,62.08,248.32,16.0,16.0,False,0.0,1.0,16.0,0.0,0.0,0.0,71.75940414999782,8.0,-141.51999999999998
2025-08-03_20:00_00:00,2025-08-03 20:00:00+02:00,2025-08-04 00:00:00+02:00,4.0,0.74,False,False,16,0.0,True,False,16,14,0,-104.51764705882354,True,False,160.751,643.004,16.0,16.0,False,0.0,1.0,16.0,0.0,0.0,0.0,71.55211121528617,8.0,-387.92
2025-08-04_00:00_04:00,2025-08-04 00:00:00+02:00,2025-08-04 04:00:00+02:00,4.0,3.6,False,False,16,0.0,True,False,14,14,0,-84.25764705882355,True,False,56.963,227.852,16.0,16.0,False,0.0,1.0,16.0,0.0,0.0,4.0,71.8888385449668,0.0,0.0
2025-08-04_04:00_08:00,2025-08-04 04:00:00+02:00,2025-08-04 08:00:00+02:00,4.0,3.37,False,False,16,0.0,True,False,16,16,0,-85.50764705882355,True,False,47.479,189.916,16.0,16.0,False,0.0,1.0,16.0,0.0,0.0,4.0,84.21052631578948,0.0,0.0
2025-08-04_08:00_12:00,2025-08-04 08:00:00+02:00,2025-08-04 12:00:00+02:00,4.0,17.36,False,False,16,0.0,True,False,15,15,0,-90.65764705882353,True,False,40.389,161.556,16.0,16.0,False,0.0,1.0,16.0,0.0,0.0,0.0,83.27625684210527,0.0,0.0
2025-08-04_12:00_16:00,2025-08-04 12:00:00+02:00,2025-08-04 16:00:00+02:00,4.0,46.03,False,False,16,0.0,True,False,13,12,0,-94.49764705882353,True,False,28.817,115.268,16.0,16.0,False,0.0,1.0,16.0,0.0,0.0,0.0,81.87835322338901,0.0,0.0
2025-08-04_16:00_20:00,2025-08-04 16:00:00+02:00,2025-08-04 20:00:00+02:00,4.0,13.88,False,False,16,0.0,True,False,10,8,0,-108.38764705882355,True,False,61.819,247.276,16.0,16.0,False,0.0,1.0,16.0,0.0,0.0,0.0,81.76763157894737,8.0,-104.91999999999999
2025-08-04_20:00_00:00,2025-08-04 20:00:00+02:00,2025-08-05 00:00:00+02:00,4.0,2.0,False,False,16,0.0,True,False,16,10,0,-69.19764705882355,True,False,113.192,452.768,16.0,16.0,False,0.0,1.0,16.0,0.0,0.0,0.0,73.5777644905235,24.0,-626.12
2025-08-05_00:00_04:00,2025-08-05 00:00:00+02:00,2025-08-05 04:00:00+02:00,4.0,4.9,False,False,16,0.0,True,False,15,13,0,-79.88764705882355,True,False,37.405,149.62,16.0,16.0,False,0.0,1.0,16.0,0.0,0.0,0.0,81.59368421052632,8.0,-95.4
2025-08-05_04:00_08:00,2025-08-05 04:00:00+02:00,2025-08-05 08:00:00+02:00,4.0,3.2,False,False,16,0.0,True,False,7,7,0,-101.06764705882352,True,False,1.841,7.364,7.364,7.0,False,0.0,1.0,7.0,0.0,0.0,4.0,84.21052631578948,0.0,0.0
2025-08-05_08:00_12:00,2025-08-05 08:00:00+02:00,2025-08-05 12:00:00+02:00,4.0,17.66,False,False,16,0.0,True,False,12,12,0,-107.05764705882353,True,False,6.639,26.556,16.0,16.0,False,0.0,1.0,16.0,0.0,0.0,4.0,84.21052631578948,0.0,0.0
2025-08-05_12:00_16:00,2025-08-05 12:00:00+02:00,2025-08-05 16:00:00+02:00,4.0,61.04,False,False,16,6.299852941176468,True,False,15,15,8,-81.00764705882355,True,False,12.801,51.204,16.0,16.0,False,0.0,1.0,16.0,0.0,0.0,0.0,81.66811394736843,0.0,0.0
2025-08-05_16:00_20:00,2025-08-05 16:00:00+02:00,2025-08-05 20:00:00+02:00,4.0,24.71,False,False,16,0.5805882352941172,True,False,14,10,5,-84.08764705882353,True,False,30.016,120.064,16.0,16.0,False,0.0,1.0,16.0,0.0,0.0,0.0,80.4618752631579,12.739,-613.36333
2025-08-05_20:00_00:00,2025-08-05 20:00:00+02:00,2025-08-06 00:00:00+02:00,4.0,2.6,False,False,16,0.0,True,False,16,11,0,-94.20764705882354,True,False,28.717,114.868,16.0,16.0,False,0.0,1.0,16.0,0.0,0.0,0.0,78.44559896770606,17.341746188973076,-189.89106394802192
2025-08-06_00:00_04:00,2025-08-06 00:00:00+02:00,2025-08-06 04:00:00+02:00,4.0,4.63,False,False,16,0.0,True,False,14,10,0,-86.42764705882354,True,False,26.775,107.1,16.0,16.0,False,0.0,1.0,16.0,0.0,0.0,0.0,80.36384790947369,11.43,-128.31130000000002
2025-08-06_04:00_08:00,2025-08-06 04:00:00+02:00,2025-08-06 08:00:00+02:00,4.0,22.2,False,False,16,0.0,True,False,10,9,0,-111.83764705882353,True,False,6.286,25.144,16.0,16.0,False,0.0,1.0,16.0,0.0,0.0,0.0,79.54888894736843,4.0,-33.16
2025-08-06_08:00_12:00,2025-08-06 08:00:00+02:00,2025-08-06 12:00:00+02:00,4.0,65.72,False,False,16,0.0,True,False,15,12,0,-95.06764705882352,True,False,21.526,86.104,16.0,16.0,False,0.0,1.0,16.0,0.0,0.0,0.0,81.20328793868421,8.0,-622.12
2025-08-06_12:00_16:00,2025-08-06 12:00:00+02:00,2025-08-06 16:00:00+02:00,4.0,96.29,False,False,16,4.594852941176468,True,False,16,10,0,-502.73764705882354,True,False,101.683,406.732,16.0,16.0,False,0.0,1.0,16.0,0.0,0.0,0.0,82.93868421052633,16.0,-311.44
2025-08-06_16:00_20:00,2025-08-06 16:00:00+02:00,2025-08-06 20:00:00+02:00,4.0,42.56,False,False,16,0.0,True,False,12,12,0,-205.81764705882352,True,False,1.307,5.228,5.228,5.0,False,0.0,1.0,5.0,0.0,0.0,4.0,84.21052631578948,0.0,0.0
2025-08-06_20:00_00:00,2025-08-06 20:00:00+02:00,2025-08-07 00:00:00+02:00,4.0,1.58,False,False,16,0.0,True,False,15,15,0,-108.00764705882355,True,False,16.132,64.528,16.0,16.0,False,0.0,1.0,16.0,0.0,0.0,4.0,84.21052631578948,0.0,0.0
2025-08-07_00:00_04:00,2025-08-07 00:00:00+02:00,2025-08-07 04:00:00+02:00,4.0,2.8,False,False,16,0.0,True,False,14,14,0,-105.64764705882354,True,False,7.855,31.42,16.0,16.0,False,0.0,1.0,16.0,0.0,0.0,4.0,84.21052631578948,0.0,0.0
2025-08-07_04:00_08:00,2025-08-07 04:00:00+02:00,2025-08-07 08:00:00+02:00,4.0,6.2,False,False,16,0.0,True,False,11,11,0,-111.14764705882354,True,False,14.528,58.112,16.0,16.0,False,0.0,1.0,16.0,0.0,0.0,4.0,84.21052631578948,0.0,0.0
2025-08-07_08:00_12:00,2025-08-07 08:00:00+02:00,2025-08-07 12:00:00+02:00,4.0,32.0,False,False,16,0.0,True,False,13,3,0,-102.02764705882353,True,False,134.89,539.56,16.0,16.0,False,0.0,1.0,16.0,0.0,0.0,0.0,79.09510198559482,12.0,-259.92
2025-08-07_12:00_16:00,2025-08-07 12:00:00+02:00,2025-08-07 16:00:00+02:00,4.0,72.5,False,False,16,0.0,True,False,12,9,6,-56.09764705882353,True,False,13.674,54.696,16.0,16.0,False,0.0,1.0,16.0,0.0,0.0,0.0,75.8690221587832,0.0,0.0
2025-08-07_16:00_20:00,2025-08-07 16:00:00+02:00,2025-08-07 20:00:00+02:00,4.0,23.2,False,False,16,0.0,True,False,2,2,0,-80.23764705882354,True,False,2.021,8.084,8.084,8.0,False,0.0,1.0,8.0,0.0,0.0,4.0,84.21052631578948,0.0,0.0
2025-08-07_20:00_00:00,2025-08-07 20:00:00+02:00,2025-08-08 00:00:00+02:00,4.0,1.18,False,False,16,0.0,True,False,14,14,0,-112.26764705882354,True,False,33.337,133.348,16.0,16.0,False,0.0,1.0,16.0,0.0,0.0,4.0,84.21052631578948,0.0,0.0
2025-08-08_00:00_04:00,2025-08-08 00:00:00+02:00,2025-08-08 04:00:00+02:00,4.0,2.24,False,False,16,0.0,True,False,6,6,1,-114.43764705882353,True,False,3.073,12.292,12.292,12.0,False,0.0,1.0,12.0,0.0,0.0,4.0,84.21052631578948,0.0,0.0
2025-08-08_04:00_08:00,2025-08-08 04:00:00+02:00,2025-08-08 08:00:00+02:00,4.0,3.74,False,False,16,0.0,True,False,13,13,1,-105.74764705882353,True,False,12.407,49.628,16.0,16.0,False,0.0,1.0,16.0,0.0,0.0,4.0,84.21052631578948,0.0,0.0
2025-08-08_08:00_12:00,2025-08-08 08:00:00+02:00,2025-08-08 12:00:00+02:00,4.0,27.62,False,False,16,0.0,True,False,11,11,0,-98.10764705882355,True,False,7.297,29.188,16.0,16.0,False,0.0,1.0,16.0,0.0,0.0,4.0,84.21052631578948,0.0,0.0
2025-08-08_12:00_16:00,2025-08-08 12:00:00+02:00,2025-08-08 16:00:00+02:00,4.0,69.68,False,False,16,0.0,True,False,6,6,0,-93.10764705882355,True,False,15.428,61.712,16.0,16.0,False,0.0,1.0,16.0,0.0,0.0,4.0,84.21052631578948,0.0,0.0
2025-08-08_16:00_20:00,2025-08-08 16:00:00+02:00,2025-08-08 20:00:00+02:00,4.0,18.83,False,False,16,0.0,True,False,9,9,0,-94.41764705882355,True,False,10.992,43.968,16.0,16.0,False,0.0,1.0,16.0,0.0,0.0,4.0,84.21052631578948,0.0,0.0
2025-08-08_20:00_00:00,2025-08-08 20:00:00+02:00,2025-08-09 00:00:00+02:00,4.0,1.03,False,False,16,0.0,True,False,8,8,2,-103.09764705882353,True,False,3.435,13.74,13.74,13.0,False,0.0,1.0,13.0,0.0,0.0,4.0,84.21052631578948,0.0,0.0
2025-08-09_00:00_04:00,2025-08-09 00:00:00+02:00,2025-08-09 04:00:00+02:00,4.0,1.87,False,False,16,0.0,True,False,8,8,0,-104.87764705882353,True,False,6.247,24.988,16.0,16.0,False,0.0,1.0,16.0,0.0,0.0,4.0,84.21052631578948,0.0,0.0
2025-08-09_04:00_08:00,2025-08-09 04:00:00+02:00,2025-08-09 08:00:00+02:00,4.0,2.63,False,False,16,0.0,True,False,10,10,1,-90.58764705882353,True,False,13.567,54.268,16.0,16.0,False,0.0,1.0,16.0,0.0,0.0,4.0,84.21052631578948,0.0,0.0
2025-08-09_08:00_12:00,2025-08-09 08:00:00+02:00,2025-08-09 12:00:00+02:00,4.0,41.62,False,False,16,0.0,True,False,12,12,0,-78.47764705882355,True,False,5.427,21.708,16.0,16.0,False,0.0,1.0,16.0,0.0,0.0,0.0,81.02627705414703,0.0,0.0
2025-08-09_12:00_16:00,2025-08-09 12:00:00+02:00,2025-08-09 16:00:00+02:00,4.0,82.01,False,False,16,7.562352941176469,True,False,14,14,0,-52.97764705882353,True,False,8.859,35.436,16.0,16.0,False,0.0,1.0,16.0,0.0,0.0,0.0,61.66094922049289,0.0,0.0
2025-08-09_16:00_20:00,2025-08-09 16:00:00+02:00,2025-08-09 20:00:00+02:00,4.0,30.72,False,False,16,0.0,True,False,8,7,1,-106.38764705882355,True,False,14.708,58.832,16.0,16.0,False,0.0,1.0,16.0,0.0,0.0,4.0,66.17996584790181,0.0,0.0
2025-08-09_20:00_00:00,2025-08-09 20:00:00+02:00,2025-08-10 00:00:00+02:00,4.0,1.29,False,False,16,0.0,True,False,12,12,1,-99.92764705882354,True,False,5.633,22.532,16.0,16.0,False,0.0,1.0,16.0,0.0,0.0,4.0,73.75657291605255,0.0,0.0
2025-08-10_00:00_04:00,2025-08-10 00:00:00+02:00,2025-08-10 04:00:00+02:00,4.0,3.47,False,False,16,0.0,True,False,14,14,0,-95.23764705882354,True,False,10.053,40.212,16.0,16.0,False,0.0,1.0,16.0,0.0,0.0,4.0,79.31295472282123,0.0,0.0
2025-08-10_04:00_08:00,2025-08-10 04:00:00+02:00,2025-08-10 08:00:00+02:00,4.0,5.26,False,False,16,0.0,True,False,8,8,0,-81.47764705882355,True,False,1.845,7.38,7.38,7.0,False,0.0,1.0,7.0,0.0,0.0,0.0,78.53639226768962,0.0,0.0
2025-08-10_08:00_12:00,2025-08-10 08:00:00+02:00,2025-08-10 12:00:00+02:00,4.0,64.8,False,False,16,3.3036764705882344,True,False,16,15,2,-64.12764705882353,True,False,13.181,52.724,16.0,16.0,False,0.0,1.0,16.0,0.0,0.0,0.0,59.53762216621213,0.0,0.0
2025-08-10_12:00_16:00,2025-08-10 12:00:00+02:00,2025-08-10 16:00:00+02:00,4.0,99.42,False,False,16,40.794852941176465,True,False,16,7,0,-28.457647058823532,True,False,44.634,178.536,16.0,16.0,False,0.0,1.0,16.0,0.0,0.0,0.0,30.535686835106866,12.0,-146.48
2025-08-10_16:00_20:00,2025-08-10 16:00:00+02:00,2025-08-10 20:00:00+02:00,4.0,41.38,False,False,16,0.0,True,False,7,5,0,-76.66764705882355,True,False,63.959,255.836,16.0,16.0,False,0.0,1.0,16.0,0.0,0.0,0.0,24.009459155018213,8.0,-410.32000000000005
2025-08-10_20:00_00:00,2025-08-10 20:00:00+02:00,2025-08-11 00:00:00+02:00,4.0,1.3,False,False,16,0.0,True,False,9,9,0,-107.01764705882354,True,False,75.954,303.816,16.0,16.0,False,0.0,1.0,16.0,0.0,0.0,4.0,30.426989876315382,0.0,0.0
2025-08-11_00:00_04:00,2025-08-11 00:00:00+02:00,2025-08-11 04:00:00+02:00,4.0,2.3,False,False,16,0.0,True,False,14,14,0,-96.29764705882354,True,False,32.816,131.264,16.0,16.0,False,0.0,1.0,16.0,0.0,0.0,4.0,35.57786011230668,0.0,0.0
2025-08-11_04:00_08:00,2025-08-11 04:00:00+02:00,2025-08-11 08:00:00+02:00,4.0,3.29,False,False,16,0.0,True,False,15,15,0,-122.34764705882353,True,False,7.19,28.76,9.047628367493061,9.0,False,0.0,1.0,9.0,0.0,0.0,4.0,54.68460268718422,0.0,0.0
2025-08-11_08:00_12:00,2025-08-11 08:00:00+02:00,2025-08-11 12:00:00+02:00,4.0,36.5,False,False,16,0.0,True,False,10,8,0,-78.67764705882354,True,False,40.83,163.32,9.047628367493061,9.0,False,0.0,1.0,9.0,0.0,0.0,0.0,81.42271767292289,4.0,-67.2
2025-08-11_12:00_16:00,2025-08-11 12:00:00+02:00,2025-08-11 16:00:00+02:00,4.0,76.5,False,False,16,0.0,True,False,10,10,0,-82.16764705882355,True,False,17.447,69.788,9.047628367493061,9.0,False,0.0,1.0,9.0,0.0,0.0,0.0,82.34385497309896,0.0,0.0
2025-08-11_16:00_20:00,2025-08-11 16:00:00+02:00,2025-08-11 20:00:00+02:00,4.0,22.5,False,False,16,0.0,True,False,5,5,1,-90.21764705882353,True,False,4.39,17.56,9.047628367493061,9.0,False,0.0,1.0,9.0,0.0,0.0,4.0,84.21052631578948,0.0,0.0
2025-08-11_20:00_00:00,2025-08-11 20:00:00+02:00,2025-08-12 00:00:00+02:00,4.0,1.5,False,False,16,0.0,True,False,13,13,0,-106.15764705882353,True,False,119.935,479.74,9.047628367493061,9.0,False,0.0,1.0,9.0,0.0,0.0,4.0,84.21052631578948,0.0,0.0
2025-08-12_00:00_04:00,2025-08-12 00:00:00+02:00,2025-08-12 04:00:00+02:00,4.0,1.74,False,False,16,0.0,True,False,8,8,0,-89.31764705882352,True,False,14.973,59.892,9.047628367493061,9.0,False,0.0,1.0,9.0,0.0,0.0,4.0,84.21052631578948,0.0,0.0
2025-08-12_04:00_08:00,2025-08-12 04:00:00+02:00,2025-08-12 08:00:00+02:00,4.0,2.3,False,False,16,0.0,True,False,11,11,0,-114.35764705882355,True,False,11.935,47.74,16.0,16.0,False,0.0,1.0,16.0,0.0,0.0,4.0,84.21052631578948,0.0,0.0
2025-08-12_08:00_12:00,2025-08-12 08:00:00+02:00,2025-08-12 12:00:00+02:00,4.0,42.14,False,False,16,0.0,True,False,12,12,0,-120.96764705882353,True,False,10.443,41.772,16.0,16.0,False,0.0,1.0,16.0,0.0,0.0,4.0,84.21052631578948,0.0,0.0
2025-08-12_12:00_16:00,2025-08-12 12:00:00+02:00,2025-08-12 16:00:00+02:00,4.0,82.32,False,False,16,0.0,True,False,10,8,0,-118.41764705882355,True,False,40.71,162.84,16.0,16.0,False,0.0,1.0,16.0,0.0,0.0,0.0,83.27625684210527,8.0,-162.56
2025-08-12_16:00_20:00,2025-08-12 16:00:00+02:00,2025-08-12 20:00:00+02:00,4.0,24.15,False,False,16,0.0,True,False,11,11,0,-128.37764705882353,True,False,73.834,295.336,16.0,16.0,False,0.0,1.0,16.0,0.0,0.0,4.0,84.21052631578948,0.0,0.0
2025-08-12_20:00_00:00,2025-08-12 20:00:00+02:00,2025-08-13 00:00:00+02:00,4.0,1.36,False,False,16,0.0,True,False,13,13,0,-111.01764705882354,True,False,92.903,371.612,16.0,16.0,False,0.0,1.0,16.0,0.0,0.0,4.0,84.21052631578948,0.0,0.0
2025-08-13_00:00_04:00,2025-08-13 00:00:00+02:00,2025-08-13 04:00:00+02:00,4.0,1.5,False,False,16,0.0,True,False,14,14,2,-106.36764705882354,True,False,9.181,36.724,16.0,16.0,False,0.0,1.0,16.0,0.0,0.0,4.0,84.21052631578948,0.0,0.0
2025-08-13_04:00_08:00,2025-08-13 04:00:00+02:00,2025-08-13 08:00:00+02:00,4.0,2.03,False,False,16,0.0,True,False,10,10,0,-117.71764705882353,True,False,0.629,2.516,2.516,2.0,False,0.0,1.0,2.0,0.0,0.0,4.0,84.21052631578948,0.0,0.0
2025-08-13_08:00_12:00,2025-08-13 08:00:00+02:00,2025-08-13 12:00:00+02:00,4.0,34.85,False,False,16,0.0,True,False,12,12,2,-111.17764705882354,True,False,5.318,21.272,16.0,16.0,False,0.0,1.0,16.0,0.0,0.0,4.0,84.21052631578948,0.0,0.0
2025-08-13_12:00_16:00,2025-08-13 12:00:00+02:00,2025-08-13 16:00:00+02:00,4.0,73.48,False,False,16,0.0,True,False,4,4,0,-110.04764705882354,True,False,77.183,308.732,16.0,16.0,False,0.0,1.0,16.0,0.0,0.0,4.0,84.21052631578948,0.0,0.0
2025-08-13_16:00_20:00,2025-08-13 16:00:00+02:00,2025-08-13 20:00:00+02:00,4.0,20.52,False,False,16,0.0,True,False,9,9,0,-145.21764705882353,True,False,8.691,34.764,16.0,16.0,False,0.0,1.0,16.0,0.0,0.0,4.0,84.21052631578948,0.0,0.0
2025-08-13_20:00_00:00,2025-08-13 20:00:00+02:00,2025-08-14 00:00:00+02:00,4.0,1.1,False,False,16,0.0,True,False,12,12,0,-174.88764705882352,True,False,35.773,143.092,16.0,16.0,False,0.0,1.0,16.0,0.0,0.0,4.0,84.21052631578948,0.0,0.0
2025-08-14_00:00_04:00,2025-08-14 00:00:00+02:00,2025-08-14 04:00:00+02:00,4.0,1.3,False,False,16,0.0,True,False,1,1,1,,False,False,0.0,0.0,0.0,0.0,False,0.0,1.0,0.0,0.0,0.0,4.0,84.21052631578948,0.0,0.0
2025-08-14_04:00_08:00,2025-08-14 04:00:00+02:00,2025-08-14 08:00:00+02:00,4.0,1.8,False,False,16,0.0,True,False,8,8,0,-230.02764705882356,True,False,4.396,17.584,16.0,16.0,False,0.0,1.0,16.0,0.0,0.0,4.0,84.21052631578948,0.0,0.0
2025-08-14_08:00_12:00,2025-08-14 08:00:00+02:00,2025-08-14 12:00:00+02:00,4.0,28.43,False,False,16,0.0,True,False,14,14,1,-86.43764705882353,True,False,55.271,221.084,16.0,16.0,False,0.0,1.0,16.0,0.0,0.0,4.0,84.21052631578948,0.0,0.0
2025-08-14_12:00_16:00,2025-08-14 12:00:00+02:00,2025-08-14 16:00:00+02:00,4.0,64.68,False,False,16,0.0,True,False,6,6,0,-105.21764705882353,True,False,6.854,27.416,16.0,16.0,False,0.0,1.0,16.0,0.0,0.0,4.0,84.21052631578948,0.0,0.0
2025-08-14_16:00_20:00,2025-08-14 16:00:00+02:00,2025-08-14 20:00:00+02:00,4.0,16.0,False,False,16,0.0,True,False,13,13,0,-146.52764705882353,True,False,49.386,197.544,16.0,16.0,False,0.0,1.0,16.0,0.0,0.0,4.0,84.21052631578948,0.0,0.0
2025-08-14_20:00_00:00,2025-08-14 20:00:00+02:00,2025-08-15 00:00:00+02:00,4.0,1.02,False,False,16,0.0,True,False,13,13,1,-115.43764705882353,True,False,3.644,14.576,14.576,14.0,False,0.0,1.0,14.0,0.0,0.0,4.0,84.21052631578948,0.0,0.0
2025-08-15_00:00_04:00,2025-08-15 00:00:00+02:00,2025-08-15 04:00:00+02:00,4.0,1.13,False,False,16,0.0,True,False,12,12,0,-206.58764705882356,True,False,3.073,12.292,12.292,12.0,False,0.0,1.0,12.0,0.0,0.0,4.0,84.21052631578948,0.0,0.0
2025-08-15_04:00_08:00,2025-08-15 04:00:00+02:00,2025-08-15 08:00:00+02:00,4.0,1.49,False,False,16,0.0,True,False,3,3,0,-112.30764705882353,True,False,1.048,4.192,4.192,4.0,False,0.0,1.0,4.0,0.0,0.0,4.0,84.21052631578948,0.0,0.0
2025-08-15_08:00_12:00,2025-08-15 08:00:00+02:00,2025-08-15 12:00:00+02:00,4.0,28.57,False,False,16,0.0,True,False,14,13,0,-107.57764705882354,True,False,65.121,260.484,16.0,16.0,False,0.0,1.0,16.0,0.0,0.0,0.0,81.87835322338901,4.0,-52.68
2025-08-15_12:00_16:00,2025-08-15 12:00:00+02:00,2025-08-15 16:00:00+02:00,4.0,87.19,False,False,16,0.0,True,False,11,11,1,-84.02764705882353,True,False,53.262,213.048,16.0,16.0,False,0.0,1.0,16.0,0.0,0.0,0.0,79.09510198559482,0.0,0.0
2025-08-15_16:00_20:00,2025-08-15 16:00:00+02:00,2025-08-15 20:00:00+02:00,4.0,19.47,False,False,16,0.0,True,False,14,14,1,-118.53764705882355,True,False,31.435,125.74,16.0,16.0,False,0.0,1.0,16.0,0.0,0.0,4.0,84.21052631578948,0.0,0.0
2025-08-15_20:00_00:00,2025-08-15 20:00:00+02:00,2025-08-16 00:00:00+02:00,4.0,1.06,False,False,16,0.0,True,False,14,14,1,-284.71764705882356,True,False,8.503,34.012,16.0,16.0,False,0.0,1.0,16.0,0.0,0.0,4.0,84.21052631578948,0.0,0.0
2025-08-16_00:00_04:00,2025-08-16 00:00:00+02:00,2025-08-16 04:00:00+02:00,4.0,2.2,False,False,16,0.0,True,False,9,9,1,-88.85764705882355,True,False,2.458,9.832,9.832,9.0,False,0.0,1.0,9.0,0.0,0.0,4.0,84.21052631578948,0.0,0.0
2025-08-16_04:00_08:00,2025-08-16 04:00:00+02:00,2025-08-16 08:00:00+02:00,4.0,3.5,False,False,16,0.0,True,False,6,6,0,-85.18764705882353,True,False,4.461,17.844,16.0,16.0,False,0.0,1.0,16.0,0.0,0.0,4.0,84.21052631578948,0.0,0.0
2025-08-16_08:00_12:00,2025-08-16 08:00:00+02:00,2025-08-16 12:00:00+02:00,4.0,38.07,False,False,16,0.0,True,False,8,8,0,-88.46764705882353,True,False,1.401,5.604,5.604,5.0,False,0.0,1.0,5.0,0.0,0.0,4.0,84.21052631578948,0.0,0.0
2025-08-16_12:00_16:00,2025-08-16 12:00:00+02:00,2025-08-16 16:00:00+02:00,4.0,84.31,False,False,16,0.0,True,False,14,14,0,-83.07764705882354,True,False,87.516,350.064,16.0,16.0,False,0.0,1.0,16.0,0.0,0.0,4.0,84.21052631578948,0.0,0.0
2025-08-16_16:00_20:00,2025-08-16 16:00:00+02:00,2025-08-16 20:00:00+02:00,4.0,28.39,False,False,16,0.0,True,False,11,11,1,-102.76764705882354,True,False,22.401,89.604,16.0,16.0,False,0.0,1.0,16.0,0.0,0.0,4.0,84.21052631578948,0.0,0.0
2025-08-16_20:00_00:00,2025-08-16 20:00:00+02:00,2025-08-17 00:00:00+02:00,4.0,2.0,False,False,16,0.0,True,False,14,14,0,-126.29764705882354,True,False,10.156,40.624,16.0,16.0,False,0.0,1.0,16.0,0.0,0.0,4.0,84.21052631578948,0.0,0.0
2025-08-17_00:00_04:00,2025-08-17 00:00:00+02:00,2025-08-17 04:00:00+02:00,4.0,3.33,False,False,16,0.0,True,False,16,16,1,-88.35764705882355,True,False,2.754,11.016,11.016,11.0,False,0.0,1.0,11.0,0.0,0.0,4.0,84.21052631578948,0.0,0.0
2025-08-17_04:00_08:00,2025-08-17 04:00:00+02:00,2025-08-17 08:00:00+02:00,4.0,4.11,False,False,16,0.0,True,False,12,12,0,-100.37764705882353,True,False,29.672,118.688,16.0,16.0,False,0.0,1.0,16.0,0.0,0.0,4.0,84.21052631578948,0.0,0.0
2025-08-17_08:00_12:00,2025-08-17 08:00:00+02:00,2025-08-17 12:00:00+02:00,4.0,56.09,False,False,16,0.0,True,False,12,12,0,-80.99764705882353,True,False,89.034,356.136,16.0,16.0,False,0.0,1.0,16.0,0.0,0.0,0.0,77.3350927069009,0.0,0.0
2025-08-17_12:00_16:00,2025-08-17 12:00:00+02:00,2025-08-17 16:00:00+02:00,4.0,86.71,False,False,16,0.0,True,False,13,12,0,-54.38764705882354,True,False,69.961,279.844,16.0,16.0,False,0.0,1.0,16.0,0.0,0.0,0.0,81.72842105263157,4.0,-29.92
2025-08-17_16:00_20:00,2025-08-17 16:00:00+02:00,2025-08-17 20:00:00+02:00,4.0,28.14,False,False,16,0.0,True,False,10,10,1,-106.87764705882353,True,False,18.932,75.728,16.0,16.0,False,0.0,1.0,16.0,0.0,0.0,4.0,84.21052631578948,0.0,0.0
2025-08-17_20:00_00:00,2025-08-17 20:00:00+02:00,2025-08-18 00:00:00+02:00,4.0,2.22,False,False,16,0.0,True,False,13,13,1,-100.27764705882353,True,False,1.854,7.416,7.416,7.0,False,0.0,1.0,7.0,0.0,0.0,4.0,84.21052631578948,0.0,0.0
2025-08-18_00:00_04:00,2025-08-18 00:00:00+02:00,2025-08-18 04:00:00+02:00,4.0,2.1,False,False,16,0.0,True,False,7,7,1,-110.39764705882354,True,False,1.329,5.316,5.316,5.0,False,0.0,1.0,5.0,0.0,0.0,4.0,84.21052631578948,0.0,0.0
2025-08-18_04:00_08:00,2025-08-18 04:00:00+02:00,2025-08-18 08:00:00+02:00,4.0,2.63,False,False,16,0.0,True,False,11,11,0,-499.48764705882354,True,False,5.744,22.976,16.0,16.0,False,0.0,1.0,16.0,0.0,0.0,4.0,84.21052631578948,0.0,0.0
2025-08-18_08:00_12:00,2025-08-18 08:00:00+02:00,2025-08-18 12:00:00+02:00,4.0,35.18,False,False,16,0.0,True,False,16,16,1,-133.58764705882353,True,False,24.521,98.084,16.0,16.0,False,0.0,1.0,16.0,0.0,0.0,4.0,84.21052631578948,0.0,0.0
2025-08-18_12:00_16:00,2025-08-18 12:00:00+02:00,2025-08-18 16:00:00+02:00,4.0,67.04,False,False,16,0.0,True,False,8,8,0,-90.98764705882354,True,False,15.006,60.024,16.0,16.0,False,0.0,1.0,16.0,0.0,0.0,4.0,84.21052631578948,0.0,0.0
2025-08-18_16:00_20:00,2025-08-18 16:00:00+02:00,2025-08-18 20:00:00+02:00,4.0,18.87,False,False,16,0.0,True,False,9,9,0,-120.59764705882353,True,False,23.027,92.108,16.0,16.0,False,0.0,1.0,16.0,0.0,0.0,4.0,84.21052631578948,0.0,0.0
2025-08-18_20:00_00:00,2025-08-18 20:00:00+02:00,2025-08-19 00:00:00+02:00,4.0,1.36,False,False,16,0.0,True,False,11,11,0,-104.91764705882355,True,False,71.918,287.672,16.0,16.0,False,0.0,1.0,16.0,0.0,0.0,4.0,84.21052631578948,0.0,0.0
2025-08-19_00:00_04:00,2025-08-19 00:00:00+02:00,2025-08-19 04:00:00+02:00,4.0,1.94,False,False,16,0.0,True,False,2,2,0,-102.80764705882353,False,False,0.215,0.86,0.86,0.0,False,0.0,1.0,0.0,0.0,0.0,4.0,84.21052631578948,0.0,0.0
2025-08-19_04:00_08:00,2025-08-19 04:00:00+02:00,2025-08-19 08:00:00+02:00,4.0,2.03,False,False,16,0.0,True,False,12,12,1,-118.78764705882355,True,False,3.185,12.74,12.74,12.0,False,0.0,1.0,12.0,0.0,0.0,4.0,84.21052631578948,0.0,0.0
2025-08-19_08:00_12:00,2025-08-19 08:00:00+02:00,2025-08-19 12:00:00+02:00,4.0,31.47,False,False,16,0.0,True,False,10,10,1,-101.05764705882353,True,False,21.285,85.14,16.0,16.0,False,0.0,1.0,16.0,0.0,0.0,0.0,83.74315789473684,0.0,0.0
2025-08-19_12:00_16:00,2025-08-19 12:00:00+02:00,2025-08-19 16:00:00+02:00,4.0,74.29,False,False,16,0.0,True,False,12,11,4,-41.75764705882353,True,False,15.91,63.64,16.0,16.0,False,0.0,1.0,16.0,0.0,0.0,0.0,83.27625684210527,4.0,-14.64
2025-08-19_16:00_20:00,2025-08-19 16:00:00+02:00,2025-08-19 20:00:00+02:00,4.0,17.58,False,False,16,0.0,True,False,10,10,0,-119.71764705882353,True,False,21.85,87.4,16.0,16.0,False,0.0,1.0,16.0,0.0,0.0,4.0,84.21052631578948,0.0,0.0
2025-08-19_20:00_00:00,2025-08-19 20:00:00+02:00,2025-08-20 00:00:00+02:00,4.0,1.24,False,False,16,0.0,True,False,10,10,1,-111.68764705882353,True,False,2.242,8.968,8.968,8.0,False,0.0,1.0,8.0,0.0,0.0,4.0,84.21052631578948,0.0,0.0
2025-08-20_00:00_04:00,2025-08-20 00:00:00+02:00,2025-08-20 04:00:00+02:00,4.0,1.57,False,False,16,0.0,True,False,6,6,0,-114.34764705882353,True,False,0.678,2.712,2.712,2.0,False,0.0,1.0,2.0,0.0,0.0,4.0,84.21052631578948,0.0,0.0
2025-08-20_04:00_08:00,2025-08-20 04:00:00+02:00,2025-08-20 08:00:00+02:00,4.0,1.62,False,False,16,0.0,True,False,9,9,2,-109.62764705882353,True,False,3.309,13.236,13.236,13.0,False,0.0,1.0,13.0,0.0,0.0,4.0,84.21052631578948,0.0,0.0
2025-08-20_08:00_12:00,2025-08-20 08:00:00+02:00,2025-08-20 12:00:00+02:00,4.0,25.74,False,False,16,0.0,True,False,14,13,1,-89.78764705882355,True,False,43.034,172.136,16.0,16.0,False,0.0,1.0,16.0,0.0,0.0,0.0,83.74315789473684,4.0,-11.48
2025-08-20_12:00_16:00,2025-08-20 12:00:00+02:00,2025-08-20 16:00:00+02:00,4.0,59.59,False,False,16,0.0,True,False,7,7,0,-103.28764705882355,True,False,5.254,21.016,16.0,16.0,False,0.0,1.0,16.0,0.0,0.0,0.0,83.74315789473684,0.0,0.0
2025-08-20_16:00_20:00,2025-08-20 16:00:00+02:00,2025-08-20 20:00:00+02:00,4.0,15.2,False,False,16,0.0,True,False,12,12,0,-115.11764705882354,True,False,15.706,62.824,16.0,16.0,False,0.0,1.0,16.0,0.0,0.0,4.0,84.21052631578948,0.0,0.0
2025-08-20_20:00_00:00,2025-08-20 20:00:00+02:00,2025-08-21 00:00:00+02:00,4.0,1.12,False,False,16,0.0,True,False,14,14,0,-238.31764705882352,True,False,42.995,171.98,16.0,16.0,False,0.0,1.0,16.0,0.0,0.0,4.0,84.21052631578948,0.0,0.0
2025-08-21_00:00_04:00,2025-08-21 00:00:00+02:00,2025-08-21 04:00:00+02:00,4.0,1.41,False,False,16,0.0,True,False,5,5,0,-106.17764705882354,True,False,1.162,4.648,4.648,4.0,False,0.0,1.0,4.0,0.0,0.0,4.0,84.21052631578948,0.0,0.0
2025-08-21_04:00_08:00,2025-08-21 04:00:00+02:00,2025-08-21 08:00:00+02:00,4.0,1.36,False,False,16,0.0,True,False,16,16,1,-104.67764705882354,True,False,17.452,69.808,16.0,16.0,False,0.0,1.0,16.0,0.0,0.0,4.0,84.21052631578948,0.0,0.0
2025-08-21_08:00_12:00,2025-08-21 08:00:00+02:00,2025-08-21 12:00:00+02:00,4.0,21.4,False,False,16,0.0,True,False,15,15,0,-106.11764705882354,True,False,134.635,538.54,16.0,16.0,False,0.0,1.0,16.0,0.0,0.0,4.0,84.21052631578948,0.0,0.0
2025-08-21_12:00_16:00,2025-08-21 12:00:00+02:00,2025-08-21 16:00:00+02:00,4.0,47.65,False,False,16,0.0,True,False,11,10,1,-90.55764705882353,True,False,70.609,282.436,16.0,16.0,False,0.0,1.0,16.0,0.0,0.0,0.0,82.93868421052633,4.0,-48.8
2025-08-21_16:00_20:00,2025-08-21 16:00:00+02:00,2025-08-21 20:00:00+02:00,4.0,12.74,False,False,16,0.0,True,False,9,9,0,-346.0676470588235,True,False,40.898,163.592,16.0,16.0,False,0.0,1.0,16.0,0.0,0.0,4.0,84.21052631578948,0.0,0.0
2025-08-21_20:00_00:00,2025-08-21 20:00:00+02:00,2025-08-22 00:00:00+02:00,4.0,2.65,False,False,16,0.0,True,False,14,14,0,-107.43764705882353,True,False,49.114,196.456,16.0,16.0,False,0.0,1.0,16.0,0.0,0.0,4.0,84.21052631578948,0.0,0.0
2025-08-22_00:00_04:00,2025-08-22 00:00:00+02:00,2025-08-22 04:00:00+02:00,4.0,1.29,False,False,16,0.0,True,False,9,9,0,-89.54764705882354,True,False,6.197,24.788,16.0,16.0,False,0.0,1.0,16.0,0.0,0.0,4.0,84.21052631578948,0.0,0.0
2025-08-22_04:00_08:00,2025-08-22 04:00:00+02:00,2025-08-22 08:00:00+02:00,4.0,1.24,False,False,16,0.0,True,False,2,2,0,-110.02764705882353,True,False,0.518,2.072,2.072,2.0,False,0.0,1.0,2.0,0.0,0.0,4.0,84.21052631578948,0.0,0.0
2025-08-22_08:00_12:00,2025-08-22 08:00:00+02:00,2025-08-22 12:00:00+02:00,4.0,26.15,False,False,16,0.0,True,False,10,10,1,-127.39764705882354,True,False,10.37,41.48,16.0,16.0,False,0.0,1.0,16.0,0.0,0.0,4.0,84.21052631578948,0.0,0.0
2025-08-22_12:00_16:00,2025-08-22 12:00:00+02:00,2025-08-22 16:00:00+02:00,4.0,69.84,False,False,16,0.0,True,False,11,11,0,-94.00764705882355,True,False,111.652,446.608,16.0,16.0,False,0.0,1.0,16.0,0.0,0.0,4.0,84.21052631578948,0.0,0.0
2025-08-22_16:00_20:00,2025-08-22 16:00:00+02:00,2025-08-22 20:00:00+02:00,4.0,19.16,False,False,16,0.0,True,False,13,13,0,-121.76764705882354,True,False,12.096,48.384,16.0,16.0,False,0.0,1.0,16.0,0.0,0.0,4.0,84.21052631578948,0.0,0.0
2025-08-22_20:00_00:00,2025-08-22 20:00:00+02:00,2025-08-23 00:00:00+02:00,4.0,1.58,False,False,16,0.0,True,False,16,16,0,-106.98764705882354,True,False,222.372,889.488,16.0,16.0,False,0.0,1.0,16.0,0.0,0.0,4.0,84.21052631578948,0.0,0.0
2025-08-23_00:00_04:00,2025-08-23 00:00:00+02:00,2025-08-23 04:00:00+02:00,4.0,1.6,False,False,16,0.0,True,False,10,10,0,-99.97764705882355,True,False,31.302,125.208,16.0,16.0,False,0.0,1.0,16.0,0.0,0.0,4.0,84.21052631578948,0.0,0.0
2025-08-23_04:00_08:00,2025-08-23 04:00:00+02:00,2025-08-23 08:00:00+02:00,4.0,2.19,False,False,16,0.0,True,False,16,16,0,-96.87764705882353,True,False,159.141,636.564,16.0,16.0,False,0.0,1.0,16.0,0.0,0.0,4.0,84.21052631578948,0.0,0.0
2025-08-23_08:00_12:00,2025-08-23 08:00:00+02:00,2025-08-23 12:00:00+02:00,4.0,42.6,False,False,16,0.0,True,False,16,7,0,-36.10764705882354,True,False,88.551,354.204,16.0,16.0,False,0.0,1.0,16.0,0.0,0.0,0.0,68.1642116331167,5.1107894736842105,-97.99866842105264
2025-08-23_12:00_16:00,2025-08-23 12:00:00+02:00,2025-08-23 16:00:00+02:00,4.0,80.08,False,False,16,0.0,True,False,16,5,0,-54.81764705882353,True,False,108.169,432.676,16.0,16.0,False,0.0,1.0,16.0,0.0,0.0,0.0,44.32949615510212,0.0,0.0
2025-08-23_16:00_20:00,2025-08-23 16:00:00+02:00,2025-08-23 20:00:00+02:00,4.0,23.88,False,False,16,0.0,True,False,10,9,0,-130.16764705882355,True,False,22.463,89.852,16.0,16.0,False,0.0,1.0,16.0,0.0,0.0,4.0,52.95349358345303,0.0,0.0
2025-08-23_20:00_00:00,2025-08-23 20:00:00+02:00,2025-08-24 00:00:00+02:00,4.0,1.62,False,False,16,0.0,True,False,14,12,0,-84.22764705882355,True,False,48.996,195.984,16.0,16.0,False,0.0,1.0,16.0,0.0,0.0,4.0,60.740144413973134,0.0,0.0
2025-08-24_00:00_04:00,2025-08-24 00:00:00+02:00,2025-08-24 04:00:00+02:00,4.0,1.52,False,False,16,0.0,True,False,12,12,0,-119.44764705882355,True,False,39.682,158.728,16.0,16.0,False,0.0,1.0,16.0,0.0,0.0,4.0,66.50323437092163,0.0,0.0
2025-08-24_04:00_08:00,2025-08-24 04:00:00+02:00,2025-08-24 08:00:00+02:00,4.0,2.05,False,False,16,0.0,True,False,12,12,1,-106.38764705882355,True,False,29.177,116.708,16.0,16.0,False,0.0,1.0,16.0,0.0,0.0,0.0,69.46164649081813,0.0,0.0
2025-08-24_08:00_12:00,2025-08-24 08:00:00+02:00,2025-08-24 12:00:00+02:00,4.0,45.6,False,False,16,0.0,True,False,12,8,0,-55.23764705882353,True,False,90.056,360.224,16.0,16.0,False,0.0,1.0,16.0,0.0,0.0,0.0,64.45795637773456,12.0,-595.12
2025-08-24_12:00_16:00,2025-08-24 12:00:00+02:00,2025-08-24 16:00:00+02:00,4.0,81.46,False,False,16,2.3386764705882346,True,False,16,9,0,-47.30764705882353,True,False,42.747,170.988,16.0,16.0,False,0.0,1.0,16.0,0.0,0.0,0.0,69.1135709872437,12.0,-145.4
2025-08-24_16:00_20:00,2025-08-24 16:00:00+02:00,2025-08-24 20:00:00+02:00,4.0,25.37,False,False,16,0.0,True,False,6,6,0,-97.85764705882355,True,False,29.166,116.664,16.0,16.0,False,0.0,1.0,16.0,0.0,0.0,4.0,71.91727656482873,0.0,0.0
2025-08-24_20:00_00:00,2025-08-24 20:00:00+02:00,2025-08-25 00:00:00+02:00,4.0,1.39,False,False,16,0.0,True,False,15,15,0,-124.11764705882354,True,False,30.507,122.028,16.0,16.0,False,0.0,1.0,16.0,0.0,0.0,4.0,78.30473526897684,0.0,0.0
2025-08-25_00:00_04:00,2025-08-25 00:00:00+02:00,2025-08-25 04:00:00+02:00,4.0,3.57,False,False,16,0.0,True,False,10,10,0,-141.14764705882354,True,False,1.931,7.724,7.724,7.0,False,0.0,1.0,7.0,0.0,0.0,4.0,82.69528018352398,0.0,0.0
2025-08-25_04:00_08:00,2025-08-25 04:00:00+02:00,2025-08-25 08:00:00+02:00,4.0,6.54,False,False,16,0.0,True,False,11,11,1,-110.75764705882355,True,False,6.268,25.072,16.0,16.0,False,0.0,1.0,16.0,0.0,0.0,4.0,84.21052631578948,0.0,0.0
2025-08-25_08:00_12:00,2025-08-25 08:00:00+02:00,2025-08-25 12:00:00+02:00,4.0,142.93,False,False,16,0.0,True,False,13,13,1,-93.78764705882355,True,False,57.878,231.512,16.0,16.0,False,0.0,1.0,16.0,0.0,0.0,4.0,84.21052631578948,0.0,0.0
2025-08-25_12:00_16:00,2025-08-25 12:00:00+02:00,2025-08-25 16:00:00+02:00,4.0,432.73,False,False,16,0.0,True,False,12,11,0,-80.34764705882353,True,False,122.444,489.776,16.0,16.0,False,0.0,1.0,16.0,0.0,0.0,0.0,83.74315789473684,4.0,-24.36
2025-08-25_16:00_20:00,2025-08-25 16:00:00+02:00,2025-08-25 20:00:00+02:00,4.0,89.5,False,False,16,0.0,True,False,11,11,0,-168.84764705882353,True,False,38.3,153.2,16.0,16.0,False,0.0,1.0,16.0,0.0,0.0,4.0,84.21052631578948,0.0,0.0
2025-08-25_20:00_00:00,2025-08-25 20:00:00+02:00,2025-08-26 00:00:00+02:00,4.0,15.0,False,False,16,0.0,True,False,13,13,0,-106.75764705882355,True,False,19.222,76.888,16.0,16.0,False,0.0,1.0,16.0,0.0,0.0,4.0,84.21052631578948,0.0,0.0
2025-08-26_00:00_04:00,2025-08-26 00:00:00+02:00,2025-08-26 04:00:00+02:00,4.0,12.81,False,False,16,0.0,True,False,15,15,0,-93.56764705882352,True,False,14.222,56.888,16.0,16.0,False,0.0,1.0,16.0,0.0,0.0,4.0,84.21052631578948,0.0,0.0
2025-08-26_04:00_08:00,2025-08-26 04:00:00+02:00,2025-08-26 08:00:00+02:00,4.0,10.0,False,False,16,0.0,True,False,11,11,0,-125.58764705882353,True,False,49.578,198.312,16.0,16.0,False,0.0,1.0,16.0,0.0,0.0,4.0,84.21052631578948,0.0,0.0
2025-08-26_08:00_12:00,2025-08-26 08:00:00+02:00,2025-08-26 12:00:00+02:00,4.0,62.8,False,False,16,0.0,True,False,14,14,0,-110.34764705882353,True,False,97.039,388.156,16.0,16.0,False,0.0,1.0,16.0,0.0,0.0,4.0,84.21052631578948,0.0,0.0
2025-08-26_12:00_16:00,2025-08-26 12:00:00+02:00,2025-08-26 16:00:00+02:00,4.0,123.2,False,False,16,0.0,True,False,12,12,0,-85.37764705882353,True,False,14.381,57.524,16.0,16.0,False,0.0,1.0,16.0,0.0,0.0,4.0,84.21052631578948,0.0,0.0
2025-08-26_16:00_20:00,2025-08-26 16:00:00+02:00,2025-08-26 20:00:00+02:00,4.0,36.15,False,False,16,0.0,True,False,5,5,1,-106.71764705882353,True,False,10.075,40.3,16.0,16.0,False,0.0,1.0,16.0,0.0,0.0,4.0,84.21052631578948,0.0,0.0
2025-08-26_20:00_00:00,2025-08-26 20:00:00+02:00,2025-08-27 00:00:00+02:00,4.0,9.0,False,False,16,0.0,True,False,14,14,0,-115.57764705882354,True,False,70.528,282.112,16.0,16.0,False,0.0,1.0,16.0,0.0,0.0,4.0,84.21052631578948,0.0,0.0
2025-08-27_00:00_04:00,2025-08-27 00:00:00+02:00,2025-08-27 04:00:00+02:00,4.0,6.83,False,False,16,0.0,True,False,12,12,0,-111.49764705882353,True,False,8.039,32.156,16.0,16.0,False,0.0,1.0,16.0,0.0,0.0,4.0,84.21052631578948,0.0,0.0
2025-08-27_04:00_08:00,2025-08-27 04:00:00+02:00,2025-08-27 08:00:00+02:00,4.0,5.8,False,False,16,0.0,True,False,9,9,2,-122.12764705882353,True,False,3.017,12.068,12.068,12.0,False,0.0,1.0,12.0,0.0,0.0,4.0,84.21052631578948,0.0,0.0
2025-08-27_08:00_12:00,2025-08-27 08:00:00+02:00,2025-08-27 12:00:00+02:00,4.0,65.0,False,False,16,0.0,True,False,16,15,0,-98.09764705882353,True,False,65.148,260.592,16.0,16.0,False,0.0,1.0,16.0,0.0,0.0,0.0,83.74315789473684,4.0,-20.8
2025-08-27_12:00_16:00,2025-08-27 12:00:00+02:00,2025-08-27 16:00:00+02:00,4.0,86.0,False,False,16,0.0,True,False,8,5,0,-106.10764705882355,True,False,52.884,211.536,16.0,16.0,False,0.0,1.0,16.0,0.0,0.0,0.0,82.34385497309896,12.0,-156.44
2025-08-27_16:00_20:00,2025-08-27 16:00:00+02:00,2025-08-27 20:00:00+02:00,4.0,26.94,False,False,16,0.0,True,False,10,10,1,-123.91764705882355,True,False,16.053,64.212,16.0,16.0,False,0.0,1.0,16.0,0.0,0.0,4.0,84.21052631578948,0.0,0.0
2025-08-27_20:00_00:00,2025-08-27 20:00:00+02:00,2025-08-28 00:00:00+02:00,4.0,5.0,False,False,16,0.0,True,False,12,12,0,-101.01764705882354,True,False,87.904,351.616,16.0,16.0,False,0.0,1.0,16.0,0.0,0.0,4.0,84.21052631578948,0.0,0.0
2025-08-28_00:00_04:00,2025-08-28 00:00:00+02:00,2025-08-28 04:00:00+02:00,4.0,4.66,False,False,16,0.0,True,False,10,10,1,-117.11764705882354,True,False,1.316,5.264,5.264,5.0,False,0.0,1.0,5.0,0.0,0.0,4.0,84.21052631578948,0.0,0.0
2025-08-28_04:00_08:00,2025-08-28 04:00:00+02:00,2025-08-28 08:00:00+02:00,4.0,3.8,False,False,16,0.0,True,False,6,6,0,-122.74764705882353,True,False,2.738,10.952,10.952,10.0,False,0.0,1.0,10.0,0.0,0.0,4.0,84.21052631578948,0.0,0.0
2025-08-28_08:00_12:00,2025-08-28 08:00:00+02:00,2025-08-28 12:00:00+02:00,4.0,33.95,False,False,16,0.0,True,False,10,10,1,-109.27764705882353,True,False,28.94,115.76,16.0,16.0,False,0.0,1.0,16.0,0.0,0.0,4.0,84.21052631578948,0.0,0.0
2025-08-28_12:00_16:00,2025-08-28 12:00:00+02:00,2025-08-28 16:00:00+02:00,4.0,59.68,False,False,16,0.0,True,False,10,10,4,-108.60764705882355,True,False,15.974,63.896,16.0,16.0,False,0.0,1.0,16.0,0.0,0.0,4.0,84.21052631578948,0.0,0.0
2025-08-28_16:00_20:00,2025-08-28 16:00:00+02:00,2025-08-28 20:00:00+02:00,4.0,18.05,False,False,16,0.0,True,False,6,6,0,-117.97764705882355,True,False,3.469,13.876,13.876,13.0,False,0.0,1.0,13.0,0.0,0.0,4.0,84.21052631578948,0.0,0.0
2025-08-28_20:00_00:00,2025-08-28 20:00:00+02:00,2025-08-29 00:00:00+02:00,4.0,3.4,False,False,16,0.0,True,False,7,7,0,-118.21764705882353,False,False,0.229,0.916,0.916,0.0,False,0.0,1.0,0.0,0.0,0.0,4.0,84.21052631578948,0.0,0.0
2025-08-29_00:00_04:00,2025-08-29 00:00:00+02:00,2025-08-29 04:00:00+02:00,4.0,3.82,False,False,16,0.0,True,False,14,14,0,-109.74764705882353,True,False,21.279,85.116,16.0,16.0,False,0.0,1.0,16.0,0.0,0.0,4.0,84.21052631578948,0.0,0.0
2025-08-29_04:00_08:00,2025-08-29 04:00:00+02:00,2025-08-29 08:00:00+02:00,4.0,2.96,False,False,16,0.0,True,False,9,9,1,-110.34764705882353,True,False,16.736,66.944,16.0,16.0,False,0.0,1.0,16.0,0.0,0.0,4.0,84.21052631578948,0.0,0.0
2025-08-29_08:00_12:00,2025-08-29 08:00:00+02:00,2025-08-29 12:00:00+02:00,4.0,28.92,False,False,16,0.0,True,False,13,12,0,-99.27764705882353,True,False,32.047,128.188,16.0,16.0,False,0.0,1.0,16.0,0.0,0.0,0.0,83.74315789473684,4.0,-12.48
2025-08-29_12:00_16:00,2025-08-29 12:00:00+02:00,2025-08-29 16:00:00+02:00,4.0,53.84,False,False,16,0.0,True,False,15,15,1,-80.41764705882355,True,False,15.668,62.672,16.0,16.0,False,0.0,1.0,16.0,0.0,0.0,4.0,84.21052631578948,0.0,0.0
2025-08-29_16:00_20:00,2025-08-29 16:00:00+02:00,2025-08-29 20:00:00+02:00,4.0,15.89,False,False,16,0.0,True,False,12,12,0,-181.13764705882352,True,False,49.4,197.6,16.0,16.0,False,0.0,1.0,16.0,0.0,0.0,4.0,84.21052631578948,0.0,0.0
2025-08-29_20:00_00:00,2025-08-29 20:00:00+02:00,2025-08-30 00:00:00+02:00,4.0,2.46,False,False,16,0.0,True,False,14,14,0,-114.31764705882352,True,False,20.592,82.368,16.0,16.0,False,0.0,1.0,16.0,0.0,0.0,4.0,84.21052631578948,0.0,0.0
2025-08-30_00:00_04:00,2025-08-30 00:00:00+02:00,2025-08-30 04:00:00+02:00,4.0,3.1,False,False,16,0.0,True,False,10,10,1,-103.76764705882354,True,False,1.908,7.632,7.632,7.0,False,0.0,1.0,7.0,0.0,0.0,4.0,84.21052631578948,0.0,0.0
2025-08-30_04:00_08:00,2025-08-30 04:00:00+02:00,2025-08-30 08:00:00+02:00,4.0,2.94,False,False,16,0.0,True,False,12,12,0,-104.80764705882353,True,False,22.938,91.752,16.0,16.0,False,0.0,1.0,16.0,0.0,0.0,4.0,84.21052631578948,0.0,0.0
2025-08-30_08:00_12:00,2025-08-30 08:00:00+02:00,2025-08-30 12:00:00+02:00,4.0,34.4,False,False,16,0.0,True,False,14,14,1,-89.84764705882353,True,False,44.328,177.312,16.0,16.0,False,0.0,1.0,16.0,0.0,0.0,4.0,84.21052631578948,0.0,0.0
2025-08-30_12:00_16:00,2025-08-30 12:00:00+02:00,2025-08-30 16:00:00+02:00,4.0,83.88,False,False,16,0.0,True,False,16,14,0,-108.84764705882353,True,False,71.51,286.04,16.0,16.0,False,0.0,1.0,16.0,0.0,0.0,0.0,79.68835369489102,8.0,-93.64
2025-08-30_16:00_20:00,2025-08-30 16:00:00+02:00,2025-08-30 20:00:00+02:00,4.0,20.35,False,False,16,0.0,True,False,5,5,0,-90.18764705882353,True,False,17.874,71.496,16.0,16.0,False,0.0,1.0,16.0,0.0,0.0,4.0,83.7837023440491,0.0,0.0
2025-08-30_20:00_00:00,2025-08-30 20:00:00+02:00,2025-08-31 00:00:00+02:00,4.0,2.15,False,False,16,0.0,True,False,14,14,0,-110.22764705882355,True,False,87.074,348.296,16.0,16.0,False,0.0,1.0,16.0,0.0,0.0,4.0,84.21052631578948,0.0,0.0
2025-08-31_00:00_04:00,2025-08-31 00:00:00+02:00,2025-08-31 04:00:00+02:00,4.0,3.0,False,False,16,0.0,True,False,12,12,0,-99.34764705882353,True,False,15.223,60.892,16.0,16.0,False,0.0,1.0,16.0,0.0,0.0,4.0,84.21052631578948,0.0,0.0
2025-08-31_04:00_08:00,2025-08-31 04:00:00+02:00,2025-08-31 08:00:00+02:00,4.0,3.3,False,False,16,0.0,True,False,7,7,0,-90.40764705882353,True,False,36.001,144.004,16.0,16.0,False,0.0,1.0,16.0,0.0,0.0,0.11149919788697193,81.00360446104487,0.0,0.0
2025-08-31_08:00_12:00,2025-08-31 08:00:00+02:00,2025-08-31 12:00:00+02:00,4.0,71.25,False,False,16,0.0,True,False,14,12,0,-90.50764705882355,True,False,20.373,81.492,16.0,16.0,False,0.0,1.0,16.0,0.0,0.0,0.0,65.39634988514189,0.0,0.0
2025-08-31_12:00_16:00,2025-08-31 12:00:00+02:00,2025-08-31 16:00:00+02:00,4.0,93.3,False,False,16,0.0,True,False,13,11,0,-52.35764705882354,True,False,53.001,212.004,16.0,16.0,False,0.0,1.0,16.0,0.0,0.0,0.0,52.830067954572606,0.0,0.0
2025-08-31_16:00_20:00,2025-08-31 16:00:00+02:00,2025-08-31 20:00:00+02:00,4.0,20.98,False,False,16,0.0,True,False,3,3,0,-97.66764705882355,True,False,0.913,3.652,3.652,3.0,False,0.0,1.0,3.0,0.0,0.0,4.0,60.899393146304256,0.0,0.0
2025-08-31_20:00_00:00,2025-08-31 20:00:00+02:00,2025-09-01 00:00:00+02:00,4.0,1.95,False,False,16,0.0,True,False,15,15,0,-85.78764705882355,True,False,77.748,310.992,16.0,16.0,False,0.0,1.0,16.0,0.0,0.0,4.0,67.46182198914873,0.0,0.0
2025-09-01_00:00_04:00,2025-09-01 00:00:00+02:00,2025-09-01 04:00:00+02:00,4.0,3.15,False,False,16,0.0,True,False,9,9,1,-100.29764705882354,True,False,6.043,24.172,16.0,16.0,False,0.0,1.0,16.0,0.0,0.0,4.0,72.02455841892414,0.0,0.0
2025-09-01_04:00_08:00,2025-09-01 04:00:00+02:00,2025-09-01 08:00:00+02:00,4.0,3.44,False,False,16,0.0,True,False,7,7,1,-103.87764705882353,True,False,5.929,23.716,16.0,16.0,False,0.0,1.0,16.0,0.0,0.0,4.0,84.21052631578948,0.0,0.0
2025-09-01_08:00_12:00,2025-09-01 08:00:00+02:00,2025-09-01 12:00:00+02:00,4.0,43.51,False,False,16,0.0,True,False,7,7,1,-152.93764705882353,True,False,90.802,363.208,16.0,16.0,False,0.0,1.0,16.0,0.0,0.0,4.0,84.21052631578948,0.0,0.0
2025-09-01_12:00_16:00,2025-09-01 12:00:00+02:00,2025-09-01 16:00:00+02:00,4.0,88.33,False,False,16,0.0,True,False,12,12,0,-96.22764705882355,True,False,59.626,238.504,16.0,16.0,False,0.0,1.0,16.0,0.0,0.0,4.0,84.21052631578948,0.0,0.0
2025-09-01_16:00_20:00,2025-09-01 16:00:00+02:00,2025-09-01 20:00:00+02:00,4.0,17.0,False,False,16,0.0,True,False,5,5,1,-106.40764705882353,True,False,9.993,39.972,16.0,16.0,False,0.0,1.0,16.0,0.0,0.0,4.0,84.21052631578948,0.0,0.0
2025-09-01_20:00_00:00,2025-09-01 20:00:00+02:00,2025-09-02 00:00:00+02:00,4.0,2.23,False,False,16,0.0,True,False,12,12,0,-101.65764705882353,True,False,51.263,205.052,16.0,16.0,False,0.0,1.0,16.0,0.0,0.0,4.0,84.21052631578948,0.0,0.0
2025-09-02_00:00_04:00,2025-09-02 00:00:00+02:00,2025-09-02 04:00:00+02:00,4.0,2.91,False,False,16,0.0,True,False,11,11,0,-91.28764705882355,True,False,1.925,7.7,7.7,7.0,False,0.0,1.0,7.0,0.0,0.0,4.0,84.21052631578948,0.0,0.0
2025-09-02_04:00_08:00,2025-09-02 04:00:00+02:00,2025-09-02 08:00:00+02:00,4.0,2.52,False,False,16,0.0,True,False,10,10,1,-121.08764705882353,True,False,16.805,67.22,16.0,16.0,False,0.0,1.0,16.0,0.0,0.0,4.0,84.21052631578948,0.0,0.0
2025-09-02_08:00_12:00,2025-09-02 08:00:00+02:00,2025-09-02 12:00:00+02:00,4.0,29.3,False,False,16,0.0,True,False,12,12,1,-74.77764705882353,True,False,95.714,382.856,16.0,16.0,False,0.0,1.0,16.0,0.0,0.0,4.0,84.21052631578948,0.0,0.0
2025-09-02_12:00_16:00,2025-09-02 12:00:00+02:00,2025-09-02 16:00:00+02:00,4.0,76.42,False,False,16,0.0,True,False,14,13,0,-65.62764705882353,True,False,139.74,558.96,16.0,16.0,False,0.0,1.0,16.0,0.0,0.0,0.0,82.78631578947369,4.0,-17.84
2025-09-02_16:00_20:00,2025-09-02 16:00:00+02:00,2025-09-02 20:00:00+02:00,4.0,13.68,False,False,16,0.0,True,False,9,9,0,-145.26764705882354,True,False,101.251,405.004,16.0,16.0,False,0.0,1.0,16.0,0.0,0.0,4.0,84.21052631578948,0.0,0.0
2025-09-02_20:00_00:00,2025-09-02 20:00:00+02:00,2025-09-03 00:00:00+02:00,4.0,1.87,False,False,16,0.0,True,False,14,14,0,-99.39764705882354,True,False,52.589,210.356,16.0,16.0,False,0.0,1.0,16.0,0.0,0.0,4.0,84.21052631578948,0.0,0.0
2025-09-03_00:00_04:00,2025-09-03 00:00:00+02:00,2025-09-03 04:00:00+02:00,4.0,2.68,False,False,16,0.0,True,False,10,10,1,-94.93764705882353,True,False,11.062,44.248,16.0,16.0,False,0.0,1.0,16.0,0.0,0.0,4.0,84.21052631578948,0.0,0.0
2025-09-03_04:00_08:00,2025-09-03 04:00:00+02:00,2025-09-03 08:00:00+02:00,4.0,2.64,False,False,16,0.0,True,False,12,12,1,-96.57764705882354,True,False,34.687,138.748,16.0,16.0,False,0.0,1.0,16.0,0.0,0.0,4.0,84.21052631578948,0.0,0.0
2025-09-03_08:00_12:00,2025-09-03 08:00:00+02:00,2025-09-03 12:00:00+02:00,4.0,42.81,False,False,16,0.0,True,False,16,1,0,-38.80764705882353,True,False,96.519,386.076,16.0,16.0,False,0.0,1.0,16.0,0.0,0.0,0.0,77.40148176816551,21.688352491963236,-568.743063609334
2025-09-03_12:00_16:00,2025-09-03 12:00:00+02:00,2025-09-03 16:00:00+02:00,4.0,88.42,False,False,16,0.0,True,True,16,0,0,13.382352941176471,True,False,115.26,461.04,16.0,16.0,False,0.0,1.0,16.0,0.0,0.0,0.0,64.42662273923685,44.0,-2674.96
2025-09-03_16:00_20:00,2025-09-03 16:00:00+02:00,2025-09-03 20:00:00+02:00,4.0,85.94,False,False,16,0.0,True,False,11,7,0,-96.07764705882354,True,False,28.459,113.836,16.0,16.0,False,0.0,1.0,16.0,0.0,0.0,0.0,56.414628470210594,16.0,-609.24
2025-09-03_20:00_00:00,2025-09-03 20:00:00+02:00,2025-09-04 00:00:00+02:00,4.0,3.9,False,False,16,0.0,True,False,15,12,0,-83.87764705882353,True,False,53.03,212.12,16.0,16.0,False,0.0,1.0,16.0,0.0,0.0,0.0,75.70496293636755,12.0,-215.36
2025-09-04_00:00_04:00,2025-09-04 00:00:00+02:00,2025-09-04 04:00:00+02:00,4.0,42.54,False,False,16,0.0,True,False,11,11,1,-85.64764705882354,True,False,6.992,27.968,16.0,16.0,False,0.0,1.0,16.0,0.0,0.0,4.0,82.68348219248676,0.0,0.0
2025-09-04_04:00_08:00,2025-09-04 04:00:00+02:00,2025-09-04 08:00:00+02:00,4.0,20.48,False,False,16,0.0,True,False,11,11,1,-135.74764705882353,True,False,20.057,80.228,16.0,16.0,False,0.0,1.0,16.0,0.0,0.0,4.0,84.21052631578948,0.0,0.0
2025-09-04_08:00_12:00,2025-09-04 08:00:00+02:00,2025-09-04 12:00:00+02:00,4.0,67.15,False,False,16,0.0,True,False,15,5,0,-104.64764705882354,True,False,23.851,95.404,16.0,16.0,False,0.0,1.0,16.0,0.0,0.0,0.0,78.63392255830694,12.0,-244.6
2025-09-04_12:00_16:00,2025-09-04 12:00:00+02:00,2025-09-04 16:00:00+02:00,4.0,194.05,False,False,16,0.0,True,False,12,10,2,-62.94764705882354,True,False,33.762,135.048,16.0,16.0,False,0.0,1.0,16.0,0.0,0.0,0.0,80.77818954955524,8.0,-174.36
2025-09-04_16:00_20:00,2025-09-04 16:00:00+02:00,2025-09-04 20:00:00+02:00,4.0,79.39,False,False,16,0.0,True,False,7,7,1,-244.82764705882357,True,False,63.096,252.384,16.0,16.0,False,0.0,1.0,16.0,0.0,0.0,4.0,84.21052631578948,0.0,0.0
2025-09-04_20:00_00:00,2025-09-04 20:00:00+02:00,2025-09-05 00:00:00+02:00,4.0,2.17,False,False,16,0.0,True,False,13,13,0,-107.81764705882352,True,False,97.208,388.832,16.0,16.0,False,0.0,1.0,16.0,0.0,0.0,4.0,84.21052631578948,0.0,0.0
2025-09-05_00:00_04:00,2025-09-05 00:00:00+02:00,2025-09-05 04:00:00+02:00,4.0,14.67,False,False,16,0.0,True,False,13,13,0,-103.00764705882355,True,False,9.865,39.46,16.0,16.0,False,0.0,1.0,16.0,0.0,0.0,4.0,84.21052631578948,0.0,0.0
2025-09-05_04:00_08:00,2025-09-05 04:00:00+02:00,2025-09-05 08:00:00+02:00,4.0,7.76,False,False,16,0.0,True,False,8,8,0,-111.96764705882353,True,False,12.349,49.396,16.0,16.0,False,0.0,1.0,16.0,0.0,0.0,4.0,84.21052631578948,0.0,0.0
2025-09-05_08:00_12:00,2025-09-05 08:00:00+02:00,2025-09-05 12:00:00+02:00,4.0,33.5,False,False,16,0.0,True,False,13,13,0,-93.74764705882353,True,False,87.008,348.032,16.0,16.0,False,0.0,1.0,16.0,0.0,0.0,4.0,84.21052631578948,0.0,0.0
2025-09-05_12:00_16:00,2025-09-05 12:00:00+02:00,2025-09-05 16:00:00+02:00,4.0,80.66,False,False,16,0.0,True,False,14,14,0,-81.63764705882355,True,False,73.765,295.06,16.0,16.0,False,0.0,1.0,16.0,0.0,0.0,4.0,84.21052631578948,0.0,0.0
2025-09-05_16:00_20:00,2025-09-05 16:00:00+02:00,2025-09-05 20:00:00+02:00,4.0,41.41,False,False,16,0.0,True,False,11,11,3,-139.20764705882354,True,False,11.566,46.264,16.0,16.0,False,0.0,1.0,16.0,0.0,0.0,4.0,84.21052631578948,0.0,0.0
2025-09-05_20:00_00:00,2025-09-05 20:00:00+02:00,2025-09-06 00:00:00+02:00,4.0,1.82,False,False,16,0.0,True,False,8,8,0,-113.32764705882354,True,False,2.984,11.936,11.936,11.0,False,0.0,1.0,11.0,0.0,0.0,4.0,84.21052631578948,0.0,0.0
2025-09-06_00:00_04:00,2025-09-06 00:00:00+02:00,2025-09-06 04:00:00+02:00,4.0,7.72,False,False,16,0.0,True,False,13,13,0,-111.35764705882355,True,False,0.433,1.732,1.732,1.0,False,0.0,1.0,1.0,0.0,0.0,4.0,84.21052631578948,0.0,0.0
2025-09-06_04:00_08:00,2025-09-06 04:00:00+02:00,2025-09-06 08:00:00+02:00,4.0,4.93,False,False,16,0.0,True,False,13,13,0,-91.75764705882355,True,False,76.622,306.488,16.0,16.0,False,0.0,1.0,16.0,0.0,0.0,4.0,84.21052631578948,0.0,0.0
2025-09-06_08:00_12:00,2025-09-06 08:00:00+02:00,2025-09-06 12:00:00+02:00,4.0,36.75,False,False,16,0.0,True,False,16,9,0,-63.627647058823534,True,False,80.837,323.348,16.0,16.0,False,0.0,1.0,16.0,0.0,0.0,0.0,69.30867655239139,8.0,-281.4
2025-09-06_12:00_16:00,2025-09-06 12:00:00+02:00,2025-09-06 16:00:00+02:00,4.0,89.58,False,False,16,0.0,True,False,16,4,0,-33.17764705882353,True,False,96.982,387.928,16.0,16.0,False,0.0,1.0,16.0,0.0,0.0,0.0,70.24698639583544,20.180323836981287,-901.1936847742222
2025-09-06_16:00_20:00,2025-09-06 16:00:00+02:00,2025-09-06 20:00:00+02:00,4.0,27.86,False,False,16,0.0,True,False,14,11,0,-126.92764705882354,True,False,137.053,548.212,16.0,16.0,False,0.0,1.0,16.0,0.0,0.0,0.0,72.0698204853971,4.0,-636.04
2025-09-06_20:00_00:00,2025-09-06 20:00:00+02:00,2025-09-07 00:00:00+02:00,4.0,1.5,False,False,16,0.0,True,False,16,16,0,-72.45764705882354,True,False,162.565,650.26,16.0,16.0,False,0.0,1.0,16.0,0.0,0.0,4.0,78.14064614464289,0.0,0.0
2025-09-07_00:00_04:00,2025-09-07 00:00:00+02:00,2025-09-07 04:00:00+02:00,4.0,6.01,False,False,16,0.0,True,False,15,15,0,-107.29764705882354,True,False,39.543,158.172,16.0,16.0,False,0.0,1.0,16.0,0.0,0.0,4.0,82.22167797717326,0.0,0.0
2025-09-07_04:00_08:00,2025-09-07 04:00:00+02:00,2025-09-07 08:00:00+02:00,4.0,4.81,False,False,16,0.0,True,False,12,12,0,-93.62764705882353,True,False,15.057,60.228,16.0,16.0,False,0.0,1.0,16.0,0.0,0.0,0.0,78.6576835251337,0.0,0.0
2025-09-07_08:00_12:00,2025-09-07 08:00:00+02:00,2025-09-07 12:00:00+02:00,4.0,59.16,False,False,16,4.648676470588233,True,False,14,5,0,-27.447647058823527,True,False,97.988,391.952,16.0,16.0,False,0.0,1.0,16.0,0.0,0.0,0.0,51.778713820693845,14.573947368421052,-635.6231631578947
2025-09-07_12:00_16:00,2025-09-07 12:00:00+02:00,2025-09-07 16:00:00+02:00,4.0,98.43,False,False,16,38.40735294117647,True,False,16,7,0,-37.497647058823524,True,False,72.527,290.108,16.0,16.0,False,0.0,1.0,16.0,0.0,0.0,0.0,17.47863388075093,12.0,-1993.2800000000002
2025-09-07_16:00_20:00,2025-09-07 16:00:00+02:00,2025-09-07 20:00:00+02:00,4.0,30.59,False,False,16,0.0,True,False,10,6,0,-60.297647058823536,True,False,59.15,236.6,16.0,16.0,False,0.0,1.0,16.0,0.0,0.0,0.0,10.799123302149608,8.0,-793.28
2025-09-07_20:00_00:00,2025-09-07 20:00:00+02:00,2025-09-08 00:00:00+02:00,4.0,2.1,False,False,16,0.0,True,False,11,10,1,-102.83764705882353,True,False,35.218,140.872,16.0,16.0,False,0.0,1.0,16.0,0.0,0.0,0.0,15.534738738195356,4.0,-27.52
2025-09-08_00:00_04:00,2025-09-08 00:00:00+02:00,2025-09-08 04:00:00+02:00,4.0,6.74,False,False,16,0.0,True,False,15,15,0,-97.51764705882354,True,False,6.291,25.164,16.0,16.0,False,0.0,1.0,16.0,0.0,0.0,4.0,16.079150905189234,0.0,0.0
2025-09-08_04:00_08:00,2025-09-08 04:00:00+02:00,2025-09-08 08:00:00+02:00,4.0,8.17,False,False,16,0.0,True,False,10,10,1,-119.45764705882354,True,False,2.336,9.344,4.121508153790756,4.0,False,0.0,1.0,4.0,0.0,0.0,4.0,34.05133947128649,0.0,0.0
2025-09-08_08:00_12:00,2025-09-08 08:00:00+02:00,2025-09-08 12:00:00+02:00,4.0,38.99,False,False,16,0.0,True,False,13,13,1,-116.73764705882354,True,False,46.364,185.456,4.121508153790756,4.0,False,0.0,1.0,4.0,0.0,0.0,4.0,59.366807329048534,0.0,0.0
2025-09-08_12:00_16:00,2025-09-08 12:00:00+02:00,2025-09-08 16:00:00+02:00,4.0,76.67,False,False,16,0.0,True,False,4,4,0,-199.76764705882354,True,False,1.3,5.2,4.121508153790756,4.0,False,0.0,1.0,4.0,0.0,0.0,4.0,84.21052631578948,0.0,0.0
2025-09-08_16:00_20:00,2025-09-08 16:00:00+02:00,2025-09-08 20:00:00+02:00,4.0,23.54,False,False,16,0.0,True,False,8,8,0,-393.61764705882354,True,False,140.939,563.756,4.121508153790756,4.0,False,0.0,1.0,4.0,0.0,0.0,4.0,84.21052631578948,0.0,0.0
2025-09-08_20:00_00:00,2025-09-08 20:00:00+02:00,2025-09-09 00:00:00+02:00,4.0,1.95,False,False,16,0.0,True,False,15,15,0,-101.61764705882354,True,False,54.478,217.912,4.121508153790756,4.0,False,0.0,1.0,4.0,0.0,0.0,4.0,84.21052631578948,0.0,0.0
2025-09-09_00:00_04:00,2025-09-09 00:00:00+02:00,2025-09-09 04:00:00+02:00,4.0,6.1,False,False,16,0.0,True,False,10,10,0,-110.58764705882353,True,False,4.131,16.524,4.121508153790756,4.0,False,0.0,1.0,4.0,0.0,0.0,4.0,84.21052631578948,0.0,0.0
2025-09-09_04:00_08:00,2025-09-09 04:00:00+02:00,2025-09-09 08:00:00+02:00,4.0,4.37,False,False,16,0.0,True,False,7,7,0,-102.98764705882354,True,False,7.024,28.096,16.0,16.0,False,0.0,1.0,16.0,0.0,0.0,4.0,84.21052631578948,0.0,0.0
2025-09-09_08:00_12:00,2025-09-09 08:00:00+02:00,2025-09-09 12:00:00+02:00,4.0,27.24,False,False,16,0.0,True,False,11,11,0,-128.94764705882355,True,False,7.903,31.612,16.0,16.0,False,0.0,1.0,16.0,0.0,0.0,4.0,84.21052631578948,0.0,0.0
2025-09-09_12:00_16:00,2025-09-09 12:00:00+02:00,2025-09-09 16:00:00+02:00,4.0,58.25,False,False,16,0.0,True,False,8,8,2,-126.71764705882353,True,False,19.434,77.736,16.0,16.0,False,0.0,1.0,16.0,0.0,0.0,4.0,84.21052631578948,0.0,0.0
2025-09-09_16:00_20:00,2025-09-09 16:00:00+02:00,2025-09-09 20:00:00+02:00,4.0,18.03,False,False,16,0.0,True,False,8,8,1,-121.15764705882353,True,False,15.874,63.496,16.0,16.0,False,0.0,1.0,16.0,0.0,0.0,4.0,84.21052631578948,0.0,0.0
2025-09-09_20:00_00:00,2025-09-09 20:00:00+02:00,2025-09-10 00:00:00+02:00,4.0,2.92,False,False,16,0.0,True,False,16,16,3,-109.96764705882353,True,False,7.189,28.756,16.0,16.0,False,0.0,1.0,16.0,0.0,0.0,4.0,84.21052631578948,0.0,0.0
2025-09-10_00:00_04:00,2025-09-10 00:00:00+02:00,2025-09-10 04:00:00+02:00,4.0,6.17,False,False,16,0.0,True,False,9,9,2,-108.69764705882355,True,False,3.332,13.328,13.328,13.0,False,0.0,1.0,13.0,0.0,0.0,4.0,84.21052631578948,0.0,0.0
2025-09-10_04:00_08:00,2025-09-10 04:00:00+02:00,2025-09-10 08:00:00+02:00,4.0,3.6,False,False,16,0.0,True,False,12,12,1,-140.03764705882352,True,False,12.343,49.372,16.0,16.0,False,0.0,1.0,16.0,0.0,0.0,4.0,84.21052631578948,0.0,0.0
2025-09-10_08:00_12:00,2025-09-10 08:00:00+02:00,2025-09-10 12:00:00+02:00,4.0,22.33,False,False,16,0.0,True,False,15,15,1,-203.68764705882353,True,False,46.5,186.0,16.0,16.0,False,0.0,1.0,16.0,0.0,0.0,4.0,84.21052631578948,0.0,0.0
2025-09-10_12:00_16:00,2025-09-10 12:00:00+02:00,2025-09-10 16:00:00+02:00,4.0,45.13,False,False,16,0.0,True,False,5,5,0,-104.80764705882353,True,False,20.004,80.016,16.0,16.0,False,0.0,1.0,16.0,0.0,0.0,4.0,84.21052631578948,0.0,0.0
2025-09-10_16:00_20:00,2025-09-10 16:00:00+02:00,2025-09-10 20:00:00+02:00,4.0,15.44,False,False,16,0.0,True,False,16,16,0,-122.25764705882355,True,False,83.916,335.664,16.0,16.0,False,0.0,1.0,16.0,0.0,0.0,4.0,84.21052631578948,0.0,0.0
2025-09-10_20:00_00:00,2025-09-10 20:00:00+02:00,2025-09-11 00:00:00+02:00,4.0,2.54,False,False,16,0.0,True,False,13,13,0,-109.69764705882355,True,False,22.166,88.664,16.0,16.0,False,0.0,1.0,16.0,0.0,0.0,4.0,84.21052631578948,0.0,0.0
2025-09-11_00:00_04:00,2025-09-11 00:00:00+02:00,2025-09-11 04:00:00+02:00,4.0,5.06,False,False,16,0.0,True,False,7,7,0,-92.62764705882353,True,False,1.184,4.736,4.736,4.0,False,0.0,1.0,4.0,0.0,0.0,4.0,84.21052631578948,0.0,0.0
2025-09-11_04:00_08:00,2025-09-11 04:00:00+02:00,2025-09-11 08:00:00+02:00,4.0,3.36,False,False,16,0.0,True,False,12,12,0,-112.85764705882355,True,False,45.54,182.16,16.0,16.0,False,0.0,1.0,16.0,0.0,0.0,4.0,84.21052631578948,0.0,0.0
2025-09-11_08:00_12:00,2025-09-11 08:00:00+02:00,2025-09-11 12:00:00+02:00,4.0,64.19,False,False,16,0.0,True,False,16,14,0,-94.20764705882354,True,False,50.005,200.02,16.0,16.0,False,0.0,1.0,16.0,0.0,0.0,0.0,79.86883193228694,1.864450095789473,-23.529360208863146
2025-09-11_12:00_16:00,2025-09-11 12:00:00+02:00,2025-09-11 16:00:00+02:00,4.0,87.76,False,False,16,0.0,True,False,16,11,4,-56.34764705882353,True,False,45.346,181.384,16.0,16.0,False,0.0,1.0,16.0,0.0,0.0,0.0,81.7258354069379,16.0,-344.84000000000003
2025-09-11_16:00_20:00,2025-09-11 16:00:00+02:00,2025-09-11 20:00:00+02:00,4.0,259.14,False,False,16,0.0,True,False,8,8,0,-114.23764705882354,True,False,13.576,54.304,16.0,16.0,False,0.0,1.0,16.0,0.0,0.0,4.0,84.21052631578948,0.0,0.0
2025-09-11_20:00_00:00,2025-09-11 20:00:00+02:00,2025-09-12 00:00:00+02:00,4.0,2.8,False,False,16,0.0,True,False,12,11,1,-70.56764705882352,True,False,95.587,382.348,16.0,16.0,False,0.0,1.0,16.0,0.0,0.0,0.0,81.67552631578948,4.0,-82.56
2025-09-12_00:00_04:00,2025-09-12 00:00:00+02:00,2025-09-12 04:00:00+02:00,4.0,21.72,False,False,16,0.0,True,False,12,12,1,-86.42764705882354,True,False,9.571,38.284,16.0,16.0,False,0.0,1.0,16.0,0.0,0.0,4.0,84.21052631578948,0.0,0.0
2025-09-12_04:00_08:00,2025-09-12 04:00:00+02:00,2025-09-12 08:00:00+02:00,4.0,12.57,False,False,16,0.0,True,False,13,13,1,-102.58764705882353,True,False,20.035,80.14,16.0,16.0,False,0.0,1.0,16.0,0.0,0.0,4.0,84.21052631578948,0.0,0.0
2025-09-12_08:00_12:00,2025-09-12 08:00:00+02:00,2025-09-12 12:00:00+02:00,4.0,44.87,False,False,16,0.0,True,False,14,8,0,-87.57764705882354,True,False,71.969,287.876,16.0,16.0,False,0.0,1.0,16.0,0.0,0.0,0.0,82.34607622,20.0,-556.96
2025-09-12_12:00_16:00,2025-09-12 12:00:00+02:00,2025-09-12 16:00:00+02:00,4.0,100.0,False,False,16,3.2423529411764687,True,False,16,8,0,-66.74764705882353,True,False,50.411,201.644,16.0,16.0,False,0.0,1.0,16.0,0.0,0.0,0.0,80.47568937732902,31.393142554957926,-693.237633388225
2025-09-12_16:00_20:00,2025-09-12 16:00:00+02:00,2025-09-12 20:00:00+02:00,4.0,75.5,False,False,16,0.0,True,False,12,10,1,-113.46764705882353,True,False,55.462,221.848,16.0,16.0,False,0.0,1.0,16.0,0.0,0.0,0.0,82.13523323736842,8.0,-358.64
2025-09-12_20:00_00:00,2025-09-12 20:00:00+02:00,2025-09-13 00:00:00+02:00,4.0,2.88,False,False,16,0.0,True,False,13,13,0,-96.56764705882352,True,False,54.724,218.896,16.0,16.0,False,0.0,1.0,16.0,0.0,0.0,4.0,84.21052631578948,0.0,0.0
2025-09-13_00:00_04:00,2025-09-13 00:00:00+02:00,2025-09-13 04:00:00+02:00,4.0,9.89,False,False,16,0.0,True,False,7,7,0,-93.51764705882354,True,False,17.184,68.736,16.0,16.0,False,0.0,1.0,16.0,0.0,0.0,4.0,84.21052631578948,0.0,0.0
2025-09-13_04:00_08:00,2025-09-13 04:00:00+02:00,2025-09-13 08:00:00+02:00,4.0,7.67,False,False,16,0.0,True,False,10,10,0,-86.73764705882354,True,False,28.418,113.672,16.0,16.0,False,0.0,1.0,16.0,0.0,0.0,0.0,80.8721052631579,0.0,0.0
2025-09-13_08:00_12:00,2025-09-13 08:00:00+02:00,2025-09-13 12:00:00+02:00,4.0,40.65,False,False,16,0.0,True,False,16,6,0,-51.47764705882353,True,False,101.565,406.26,16.0,16.0,False,0.0,1.0,16.0,0.0,0.0,0.0,51.14221804435294,0.0,0.0
2025-09-13_12:00_16:00,2025-09-13 12:00:00+02:00,2025-09-13 16:00:00+02:00,4.0,95.89,False,False,16,0.0,True,False,16,3,0,-12.917647058823526,True,False,99.311,397.244,16.0,16.0,False,0.0,1.0,16.0,0.0,0.0,0.0,22.46501148878366,19.47737118249413,-4708.727134128438
2025-09-13_16:00_20:00,2025-09-13 16:00:00+02:00,2025-09-13 20:00:00+02:00,4.0,45.64,False,False,16,0.0,True,False,9,8,0,-112.52764705882353,True,False,12.782,51.128,16.0,16.0,False,0.0,1.0,16.0,0.0,0.0,0.0,19.18833595097908,4.0,-319.44
2025-09-13_20:00_00:00,2025-09-13 20:00:00+02:00,2025-09-14 00:00:00+02:00,4.0,2.52,False,False,16,0.0,True,False,12,12,1,-94.28764705882355,True,False,56.682,226.728,16.0,16.0,False,0.0,1.0,16.0,0.0,0.0,4.0,26.098949102249005,0.0,0.0
2025-09-14_00:00_04:00,2025-09-14 00:00:00+02:00,2025-09-14 04:00:00+02:00,4.0,7.0,False,False,16,0.0,True,False,11,11,0,-105.50764705882355,True,False,17.632,70.528,16.0,16.0,False,0.0,1.0,16.0,0.0,0.0,4.0,31.006432132673925,0.0,0.0
2025-09-14_04:00_08:00,2025-09-14 04:00:00+02:00,2025-09-14 08:00:00+02:00,4.0,5.75,False,False,16,0.0,True,False,12,12,0,-130.74764705882353,True,False,7.652,30.608,7.893605853378309,7.0,False,0.0,1.0,7.0,0.0,0.0,4.0,33.128556709094546,0.0,0.0
2025-09-14_08:00_12:00,2025-09-14 08:00:00+02:00,2025-09-14 12:00:00+02:00,4.0,39.3,False,False,16,0.0,True,False,12,12,2,-81.01764705882354,True,False,33.863,135.452,7.893605853378309,7.0,False,0.0,1.0,7.0,0.0,0.0,4.0,37.98724146892712,0.0,0.0
2025-09-14_12:00_16:00,2025-09-14 12:00:00+02:00,2025-09-14 16:00:00+02:00,4.0,87.77,False,False,16,0.0,True,False,16,10,0,-80.78764705882355,True,False,110.223,440.892,7.893605853378309,7.0,False,0.0,1.0,7.0,0.0,0.0,0.0,51.21897570540845,16.0,-493.96000000000004
2025-09-14_16:00_20:00,2025-09-14 16:00:00+02:00,2025-09-14 20:00:00+02:00,4.0,35.16,False,False,16,0.0,True,False,10,10,0,-124.92764705882354,True,False,113.715,454.86,7.893605853378309,7.0,False,0.0,1.0,7.0,0.0,0.0,4.0,64.45268925122669,0.0,0.0
2025-09-14_20:00_00:00,2025-09-14 20:00:00+02:00,2025-09-15 00:00:00+02:00,4.0,2.58,False,False,16,0.0,True,False,13,12,0,-99.09764705882353,True,False,14.272,57.088,7.893605853378309,7.0,False,0.0,1.0,7.0,0.0,0.0,0.0,68.51253189930188,4.0,-130.88
2025-09-15_00:00_04:00,2025-09-15 00:00:00+02:00,2025-09-15 04:00:00+02:00,4.0,21.52,False,False,16,0.0,True,False,13,3,0,-83.54764705882354,True,False,131.965,527.86,7.893605853378309,7.0,False,0.0,1.0,7.0,0.0,0.0,0.0,48.93958322720105,30.582,-1904.50448
2025-09-15_04:00_08:00,2025-09-15 04:00:00+02:00,2025-09-15 08:00:00+02:00,4.0,22.2,False,False,16,0.0,True,False,12,9,1,-124.98764705882354,True,False,36.422,145.688,14.235085825816672,14.0,False,0.0,1.0,14.0,0.0,0.0,0.0,55.47016977123687,8.0,-582.48
2025-09-15_08:00_12:00,2025-09-15 08:00:00+02:00,2025-09-15 12:00:00+02:00,4.0,58.61,False,False,16,0.0,True,False,16,6,0,-22.247647058823524,True,False,83.882,335.528,14.235085825816672,14.0,False,0.0,1.0,14.0,0.0,0.0,0.0,67.79008323868847,28.0,-954.96
2025-09-15_12:00_16:00,2025-09-15 12:00:00+02:00,2025-09-15 16:00:00+02:00,4.0,103.74,False,False,16,8.469852941176468,True,False,16,2,1,-13.947647058823527,True,False,199.46,797.84,14.235085825816672,14.0,False,0.0,1.0,14.0,0.0,0.0,0.0,74.31030983400292,44.0,-1501.16
2025-09-15_16:00_20:00,2025-09-15 16:00:00+02:00,2025-09-15 20:00:00+02:00,4.0,83.6,False,False,16,0.6230882352941176,True,False,13,13,2,-122.59764705882353,True,False,50.16,200.64,14.235085825816672,14.0,False,0.0,1.0,14.0,0.0,0.0,4.0,78.01420212717566,0.0,0.0
2025-09-15_20:00_00:00,2025-09-15 20:00:00+02:00,2025-09-16 00:00:00+02:00,4.0,5.0,False,False,16,0.0,True,False,16,13,0,-101.24764705882353,True,False,84.384,337.536,14.235085825816672,14.0,False,0.0,1.0,14.0,0.0,0.0,0.0,81.38108580060317,12.0,-323.24
2025-09-16_00:00_04:00,2025-09-16 00:00:00+02:00,2025-09-16 04:00:00+02:00,4.0,24.75,False,False,16,0.0,True,False,15,7,0,-35.25764705882353,True,False,81.783,327.132,14.235085825816672,14.0,False,0.0,1.0,14.0,0.0,0.0,0.0,74.12416025594575,28.0,-573.36
2025-09-16_04:00_08:00,2025-09-16 04:00:00+02:00,2025-09-16 08:00:00+02:00,4.0,21.57,False,False,16,0.0,True,False,13,12,0,-103.16764705882355,True,False,33.996,135.984,16.0,16.0,False,0.0,1.0,16.0,0.0,0.0,0.0,71.42582556937403,4.0,-16.6
2025-09-16_08:00_12:00,2025-09-16 08:00:00+02:00,2025-09-16 12:00:00+02:00,4.0,467.2,False,False,16,2.4986764705882347,True,False,16,6,0,-66.40764705882353,True,False,67.891,271.564,16.0,16.0,False,0.0,1.0,16.0,0.0,0.0,0.0,78.02667212585962,32.0,-1853.64
2025-09-16_12:00_16:00,2025-09-16 12:00:00+02:00,2025-09-16 16:00:00+02:00,4.0,159.94,False,False,16,12.06235294117647,True,False,16,5,0,-37.10764705882354,True,False,56.878,227.512,16.0,16.0,False,0.0,1.0,16.0,0.0,0.0,0.0,79.94216594421053,40.0,-1082.88
2025-09-16_16:00_20:00,2025-09-16 16:00:00+02:00,2025-09-16 20:00:00+02:00,4.0,284.57,False,False,16,0.12308823529411761,True,False,14,14,0,-47.60764705882354,True,False,79.481,317.924,16.0,16.0,False,0.0,1.0,16.0,0.0,0.0,4.0,81.9206448308979,0.0,0.0
2025-09-16_20:00_00:00,2025-09-16 20:00:00+02:00,2025-09-17 00:00:00+02:00,4.0,27.04,False,False,16,0.0,True,False,16,14,0,-89.83764705882353,True,False,178.958,715.832,16.0,16.0,False,0.0,1.0,16.0,0.0,0.0,0.0,79.14306131578948,8.0,-376.56
2025-09-17_00:00_04:00,2025-09-17 00:00:00+02:00,2025-09-17 04:00:00+02:00,4.0,25.18,False,False,16,0.0,True,False,12,12,0,-96.40764705882353,True,False,35.3,141.2,16.0,16.0,False,0.0,1.0,16.0,0.0,0.0,4.0,84.21052631578948,0.0,0.0
2025-09-17_04:00_08:00,2025-09-17 04:00:00+02:00,2025-09-17 08:00:00+02:00,4.0,13.81,False,False,16,0.0,True,False,11,9,0,-108.57764705882354,True,False,49.814,199.256,16.0,16.0,False,0.0,1.0,16.0,0.0,0.0,0.0,78.79639263157895,8.0,-253.32
2025-09-17_08:00_12:00,2025-09-17 08:00:00+02:00,2025-09-17 12:00:00+02:00,4.0,99.91,False,False,16,0.0,True,False,16,12,0,-66.64764705882354,True,False,161.204,644.816,16.0,16.0,False,0.0,1.0,16.0,0.0,0.0,0.0,81.7258354069379,16.0,-725.48
2025-09-17_12:00_16:00,2025-09-17 12:00:00+02:00,2025-09-17 16:00:00+02:00,4.0,100.77,False,False,16,0.0,True,False,12,10,0,-93.83764705882353,True,False,69.116,276.464,16.0,16.0,False,0.0,1.0,16.0,0.0,0.0,0.0,83.58842105263159,8.0,-174.32
2025-09-17_16:00_20:00,2025-09-17 16:00:00+02:00,2025-09-17 20:00:00+02:00,4.0,75.82,False,False,16,0.0,True,False,8,8,0,-112.35764705882355,True,False,102.012,408.048,16.0,16.0,False,0.0,1.0,16.0,0.0,0.0,4.0,84.21052631578948,0.0,0.0
2025-09-17_20:00_00:00,2025-09-17 20:00:00+02:00,2025-09-18 00:00:00+02:00,4.0,10.0,False,False,16,0.0,True,False,16,15,0,-88.76764705882354,True,False,154.426,617.704,16.0,16.0,False,0.0,1.0,16.0,0.0,0.0,0.0,81.67552631578948,4.0,-45.8
2025-09-18_00:00_04:00,2025-09-18 00:00:00+02:00,2025-09-18 04:00:00+02:00,4.0,26.91,False,False,16,0.0,True,False,16,13,1,-91.74764705882353,True,False,145.946,583.784,16.0,16.0,False,0.0,1.0,16.0,0.0,0.0,0.0,78.79639263157895,12.0,-1077.28
2025-09-18_04:00_08:00,2025-09-18 04:00:00+02:00,2025-09-18 08:00:00+02:00,4.0,16.61,False,False,16,0.0,True,False,12,12,0,-110.95764705882354,True,False,77.119,308.476,16.0,16.0,False,0.0,1.0,16.0,0.0,0.0,4.0,84.21052631578948,0.0,0.0
2025-09-18_08:00_12:00,2025-09-18 08:00:00+02:00,2025-09-18 12:00:00+02:00,4.0,76.67,False,False,16,0.0,True,False,15,13,0,-81.11764705882354,True,False,42.147,168.588,16.0,16.0,False,0.0,1.0,16.0,0.0,0.0,0.0,82.96693789473684,4.0,-109.04
2025-09-18_12:00_16:00,2025-09-18 12:00:00+02:00,2025-09-18 16:00:00+02:00,4.0,97.05,False,False,16,0.0,True,False,16,6,0,-16.557647058823527,True,False,102.911,411.644,16.0,16.0,False,0.0,1.0,16.0,0.0,0.0,0.0,81.10621483468886,32.0,-1244.84
2025-09-18_16:00_20:00,2025-09-18 16:00:00+02:00,2025-09-18 20:00:00+02:00,4.0,57.25,False,False,16,0.0,True,False,10,7,0,-114.38764705882355,True,False,97.516,390.064,16.0,16.0,False,0.0,1.0,16.0,0.0,0.0,0.0,76.45200253224253,12.0,-350.44
2025-09-18_20:00_00:00,2025-09-18 20:00:00+02:00,2025-09-19 00:00:00+02:00,4.0,11.07,False,False,16,0.0,True,False,15,15,0,-119.22764705882355,True,False,17.571,70.284,16.0,16.0,False,0.0,1.0,16.0,0.0,0.0,4.0,84.21052631578948,0.0,0.0
2025-09-19_00:00_04:00,2025-09-19 00:00:00+02:00,2025-09-19 04:00:00+02:00,4.0,20.79,False,False,16,0.0,True,False,15,15,1,-113.92764705882354,True,False,3.218,12.872,12.872,12.0,False,0.0,1.0,12.0,0.0,0.0,4.0,84.21052631578948,0.0,0.0
2025-09-19_04:00_08:00,2025-09-19 04:00:00+02:00,2025-09-19 08:00:00+02:00,4.0,10.3,False,False,16,0.0,True,False,15,15,0,-153.45764705882354,True,False,15.66,62.64,16.0,16.0,False,0.0,1.0,16.0,0.0,0.0,4.0,84.21052631578948,0.0,0.0
2025-09-19_08:00_12:00,2025-09-19 08:00:00+02:00,2025-09-19 12:00:00+02:00,4.0,270.72,False,False,16,0.0,True,False,13,12,0,-110.86764705882354,True,False,80.339,321.356,16.0,16.0,False,0.0,1.0,16.0,0.0,0.0,0.0,82.96693789473684,4.0,-55.72
2025-09-19_12:00_16:00,2025-09-19 12:00:00+02:00,2025-09-19 16:00:00+02:00,4.0,100.72,False,False,16,0.0,True,False,10,9,0,-104.15764705882353,True,False,38.764,155.056,16.0,16.0,False,0.0,1.0,16.0,0.0,0.0,0.0,83.58842105263159,4.0,-32.24
2025-09-19_16:00_20:00,2025-09-19 16:00:00+02:00,2025-09-19 20:00:00+02:00,4.0,48.96,False,False,16,0.0,True,False,11,11,0,-134.48764705882354,True,False,57.823,231.292,16.0,16.0,False,0.0,1.0,16.0,0.0,0.0,4.0,84.21052631578948,0.0,0.0
2025-09-19_20:00_00:00,2025-09-19 20:00:00+02:00,2025-09-20 00:00:00+02:00,4.0,6.66,False,False,16,0.0,True,False,16,16,0,-95.94764705882355,True,False,82.067,328.268,16.0,16.0,False,0.0,1.0,16.0,0.0,0.0,4.0,84.21052631578948,0.0,0.0
2025-09-20_00:00_04:00,2025-09-20 00:00:00+02:00,2025-09-20 04:00:00+02:00,4.0,14.52,False,False,16,0.0,True,False,12,12,0,-96.49764705882353,True,False,75.165,300.66,16.0,16.0,False,0.0,1.0,16.0,0.0,0.0,4.0,84.21052631578948,0.0,0.0
2025-09-20_04:00_08:00,2025-09-20 04:00:00+02:00,2025-09-20 08:00:00+02:00,4.0,8.8,False,False,16,0.0,True,False,12,12,0,-83.15764705882353,True,False,84.341,337.364,16.0,16.0,False,0.0,1.0,16.0,0.0,0.0,0.0,80.8721052631579,0.0,0.0
2025-09-20_08:00_12:00,2025-09-20 08:00:00+02:00,2025-09-20 12:00:00+02:00,4.0,77.81,False,False,16,0.0,True,False,14,13,0,-98.26764705882354,True,False,62.816,251.264,16.0,16.0,False,0.0,1.0,16.0,0.0,0.0,0.0,67.09294687640785,0.0,0.0
2025-09-20_12:00_16:00,2025-09-20 12:00:00+02:00,2025-09-20 16:00:00+02:00,4.0,89.16,False,False,16,3.454264705882352,True,False,12,10,0,-90.69764705882355,True,False,37.219,148.876,16.0,16.0,False,0.0,1.0,16.0,0.0,0.0,0.0,58.6875203366731,0.0,0.0
2025-09-20_16:00_20:00,2025-09-20 16:00:00+02:00,2025-09-20 20:00:00+02:00,4.0,38.4,False,False,16,0.0,True,False,12,12,0,-99.18764705882353,True,False,21.022,84.088,16.0,16.0,False,0.0,1.0,16.0,0.0,0.0,4.0,74.12337408893082,0.0,0.0
2025-09-20_20:00_00:00,2025-09-20 20:00:00+02:00,2025-09-21 00:00:00+02:00,4.0,5.58,False,False,16,0.0,True,False,14,14,1,-102.35764705882355,True,False,4.472,17.888,16.0,16.0,False,0.0,1.0,16.0,0.0,0.0,4.0,80.16158817069099,0.0,0.0
2025-09-21_00:00_04:00,2025-09-21 00:00:00+02:00,2025-09-21 04:00:00+02:00,4.0,18.91,False,False,16,0.0,True,False,6,6,0,-78.44764705882355,True,False,24.334,97.336,16.0,16.0,False,0.0,1.0,16.0,0.0,0.0,4.0,84.21052631578948,0.0,0.0
2025-09-21_04:00_08:00,2025-09-21 04:00:00+02:00,2025-09-21 08:00:00+02:00,4.0,19.25,False,False,16,0.0,True,False,13,6,0,-88.97764705882355,True,False,147.248,588.992,16.0,16.0,False,0.0,1.0,16.0,0.0,0.0,0.0,62.848100544341925,16.0,-994.9200000000001
2025-09-21_08:00_12:00,2025-09-21 08:00:00+02:00,2025-09-21 12:00:00+02:00,4.0,63.74,False,False,16,0.0,True,False,16,8,0,-51.59764705882353,True,False,121.477,485.908,16.0,16.0,False,0.0,1.0,16.0,0.0,0.0,0.0,28.315665642125975,4.0,-117.8
2025-09-21_12:00_16:00,2025-09-21 12:00:00+02:00,2025-09-21 16:00:00+02:00,4.0,80.86,False,False,16,0.0,True,False,12,4,1,-50.73764705882353,True,False,79.066,316.264,16.0,16.0,False,0.0,1.0,16.0,0.0,0.0,0.0,3.2481512893567817,8.0,-287.0
2025-09-21_16:00_20:00,2025-09-21 16:00:00+02:00,2025-09-21 20:00:00+02:00,4.0,39.25,False,False,16,0.0,True,False,10,10,0,-93.25764705882355,True,False,12.301,49.204,16.0,16.0,False,0.0,1.0,16.0,0.0,0.0,4.0,11.029896423544226,0.0,0.0
2025-09-21_20:00_00:00,2025-09-21 20:00:00+02:00,2025-09-22 00:00:00+02:00,4.0,4.69,False,False,16,0.0,True,False,11,11,0,-95.26764705882354,True,False,18.866,75.464,16.0,16.0,False,0.0,1.0,16.0,0.0,0.0,4.0,16.972811973950503,0.0,0.0
2025-09-22_00:00_04:00,2025-09-22 00:00:00+02:00,2025-09-22 04:00:00+02:00,4.0,22.23,False,False,16,0.0,True,False,15,15,1,-81.00764705882355,True,False,9.322,37.288,16.0,16.0,False,0.0,1.0,16.0,0.0,0.0,4.0,20.931613620695785,0.0,0.0
2025-09-22_04:00_08:00,2025-09-22 04:00:00+02:00,2025-09-22 08:00:00+02:00,4.0,16.73,False,False,16,0.0,True,False,13,13,3,-108.92764705882354,True,False,14.67,58.68,5.330988123764685,5.0,False,0.0,1.0,5.0,0.0,0.0,4.0,38.82674237030201,0.0,0.0
2025-09-22_08:00_12:00,2025-09-22 08:00:00+02:00,2025-09-22 12:00:00+02:00,4.0,40.87,False,False,16,0.0,True,False,16,16,0,-88.38764705882355,True,False,66.02,264.08,5.330988123764685,5.0,False,0.0,1.0,5.0,0.0,0.0,4.0,64.06637416447249,0.0,0.0
2025-09-22_12:00_16:00,2025-09-22 12:00:00+02:00,2025-09-22 16:00:00+02:00,4.0,65.16,False,False,16,0.0,True,False,16,15,0,-82.27764705882353,True,False,51.776,207.104,5.330988123764685,5.0,False,0.0,1.0,5.0,0.0,0.0,0.0,83.58842105263159,4.0,-20.4
2025-09-22_16:00_20:00,2025-09-22 16:00:00+02:00,2025-09-22 20:00:00+02:00,4.0,159.55,False,False,16,0.0,True,False,14,14,0,-105.04764705882354,True,False,72.52,290.08,5.330988123764685,5.0,False,0.0,1.0,5.0,0.0,0.0,4.0,84.21052631578948,0.0,0.0
2025-09-22_20:00_00:00,2025-09-22 20:00:00+02:00,2025-09-23 00:00:00+02:00,4.0,6.16,False,False,16,0.0,True,False,12,12,0,-105.25764705882355,True,False,85.644,342.576,5.330988123764685,5.0,False,0.0,1.0,5.0,0.0,0.0,4.0,84.21052631578948,0.0,0.0
2025-09-23_00:00_04:00,2025-09-23 00:00:00+02:00,2025-09-23 04:00:00+02:00,4.0,14.63,False,False,16,0.0,True,False,16,16,1,-97.74764705882353,True,False,78.189,312.756,5.330988123764685,5.0,False,0.0,1.0,5.0,0.0,0.0,4.0,84.21052631578948,0.0,0.0
2025-09-23_04:00_08:00,2025-09-23 04:00:00+02:00,2025-09-23 08:00:00+02:00,4.0,9.47,False,False,16,0.0,True,False,11,11,0,-142.63764705882352,True,False,23.863,95.452,16.0,16.0,False,0.0,1.0,16.0,0.0,0.0,4.0,84.21052631578948,0.0,0.0
2025-09-23_08:00_12:00,2025-09-23 08:00:00+02:00,2025-09-23 12:00:00+02:00,4.0,92.2,False,False,16,0.0,True,False,13,13,0,-121.43764705882353,True,False,4.119,16.476,16.0,16.0,False,0.0,1.0,16.0,0.0,0.0,4.0,84.21052631578948,0.0,0.0
2025-09-23_12:00_16:00,2025-09-23 12:00:00+02:00,2025-09-23 16:00:00+02:00,4.0,167.35,False,False,16,0.0,True,False,11,11,0,-118.77764705882353,True,False,53.321,213.284,16.0,16.0,False,0.0,1.0,16.0,0.0,0.0,4.0,84.21052631578948,0.0,0.0
2025-09-23_16:00_20:00,2025-09-23 16:00:00+02:00,2025-09-23 20:00:00+02:00,4.0,38.0,False,False,16,0.0,True,False,11,11,0,-125.72764705882355,True,False,130.873,523.492,16.0,16.0,False,0.0,1.0,16.0,0.0,0.0,4.0,84.21052631578948,0.0,0.0
2025-09-23_20:00_00:00,2025-09-23 20:00:00+02:00,2025-09-24 00:00:00+02:00,4.0,4.4,False,False,16,0.0,True,False,16,16,0,-95.17764705882354,True,False,79.426,317.704,16.0,16.0,False,0.0,1.0,16.0,0.0,0.0,4.0,84.21052631578948,0.0,0.0
2025-09-24_00:00_04:00,2025-09-24 00:00:00+02:00,2025-09-24 04:00:00+02:00,4.0,11.49,False,False,16,0.0,True,False,11,11,1,-89.63764705882355,True,False,87.203,348.812,16.0,16.0,False,0.0,1.0,16.0,0.0,0.0,4.0,84.21052631578948,0.0,0.0
2025-09-24_04:00_08:00,2025-09-24 04:00:00+02:00,2025-09-24 08:00:00+02:00,4.0,9.68,False,False,16,0.0,True,False,13,13,0,-114.00764705882355,True,False,59.234,236.936,16.0,16.0,False,0.0,1.0,16.0,0.0,0.0,4.0,84.21052631578948,0.0,0.0
2025-09-24_08:00_12:00,2025-09-24 08:00:00+02:00,2025-09-24 12:00:00+02:00,4.0,354.0,False,False,16,0.0,True,False,9,7,0,-87.43764705882353,True,False,102.867,411.468,16.0,16.0,False,0.0,1.0,16.0,0.0,0.0,0.0,82.96693789473684,8.0,-438.92
2025-09-24_12:00_16:00,2025-09-24 12:00:00+02:00,2025-09-24 16:00:00+02:00,4.0,379.0,False,False,16,0.0,True,False,13,8,0,-62.35764705882354,True,False,120.31,481.24,16.0,16.0,False,0.0,1.0,16.0,0.0,0.0,0.0,78.52222377826632,20.0,-553.72
2025-09-24_16:00_20:00,2025-09-24 16:00:00+02:00,2025-09-24 20:00:00+02:00,4.0,246.63,False,False,16,0.0,True,False,8,8,0,-96.64764705882354,True,False,26.569,106.276,16.0,16.0,False,0.0,1.0,16.0,0.0,0.0,4.0,80.50212260711963,0.0,0.0
2025-09-24_20:00_00:00,2025-09-24 20:00:00+02:00,2025-09-25 00:00:00+02:00,4.0,7.17,False,False,16,0.0,True,False,16,16,0,-85.78764705882355,True,False,33.026,132.104,16.0,16.0,False,0.0,1.0,16.0,0.0,0.0,4.0,84.21052631578948,0.0,0.0
2025-09-25_00:00_04:00,2025-09-25 00:00:00+02:00,2025-09-25 04:00:00+02:00,4.0,16.51,False,False,16,0.0,True,False,13,13,1,-74.36764705882354,True,False,18.683,74.732,16.0,16.0,False,0.0,1.0,16.0,0.0,0.0,4.0,84.21052631578948,0.0,0.0
2025-09-25_04:00_08:00,2025-09-25 04:00:00+02:00,2025-09-25 08:00:00+02:00,4.0,13.5,False,False,16,0.0,True,False,11,11,0,-119.13764705882355,True,False,2.162,8.648,8.648,8.0,False,0.0,1.0,8.0,0.0,0.0,4.0,84.21052631578948,0.0,0.0
2025-09-25_08:00_12:00,2025-09-25 08:00:00+02:00,2025-09-25 12:00:00+02:00,4.0,93.69,False,False,16,0.0,True,False,13,13,0,-89.57764705882354,True,False,11.929,47.716,16.0,16.0,False,0.0,1.0,16.0,0.0,0.0,4.0,84.21052631578948,0.0,0.0
2025-09-25_12:00_16:00,2025-09-25 12:00:00+02:00,2025-09-25 16:00:00+02:00,4.0,118.23,False,False,16,0.0,True,False,9,9,0,-102.41764705882355,True,False,63.571,254.284,16.0,16.0,False,0.0,1.0,16.0,0.0,0.0,4.0,84.21052631578948,0.0,0.0
2025-09-25_16:00_20:00,2025-09-25 16:00:00+02:00,2025-09-25 20:00:00+02:00,4.0,74.72,False,False,16,0.0,True,False,12,12,1,-140.68764705882353,True,False,105.939,423.756,16.0,16.0,False,0.0,1.0,16.0,0.0,0.0,4.0,84.21052631578948,0.0,0.0
2025-09-25_20:00_00:00,2025-09-25 20:00:00+02:00,2025-09-26 00:00:00+02:00,4.0,5.0,False,False,16,0.0,True,False,11,11,0,-96.20764705882354,True,False,27.961,111.844,16.0,16.0,False,0.0,1.0,16.0,0.0,0.0,4.0,84.21052631578948,0.0,0.0
2025-09-26_00:00_04:00,2025-09-26 00:00:00+02:00,2025-09-26 04:00:00+02:00,4.0,12.8,False,False,16,0.0,True,False,7,7,0,-109.57764705882354,True,False,1.147,4.588,4.588,4.0,False,0.0,1.0,4.0,0.0,0.0,4.0,84.21052631578948,0.0,0.0
2025-09-26_04:00_08:00,2025-09-26 04:00:00+02:00,2025-09-26 08:00:00+02:00,4.0,9.18,False,False,16,0.0,True,False,7,7,0,-121.50764705882355,True,False,1.243,4.972,4.972,4.0,False,0.0,1.0,4.0,0.0,0.0,4.0,84.21052631578948,0.0,0.0
2025-09-26_08:00_12:00,2025-09-26 08:00:00+02:00,2025-09-26 12:00:00+02:00,4.0,62.3,False,False,16,0.0,True,False,7,7,0,-106.62764705882353,True,False,3.12,12.48,12.48,12.0,False,0.0,1.0,12.0,0.0,0.0,4.0,84.21052631578948,0.0,0.0
2025-09-26_12:00_16:00,2025-09-26 12:00:00+02:00,2025-09-26 16:00:00+02:00,4.0,73.26,False,False,16,0.0,True,False,15,15,0,-112.45764705882354,True,False,146.657,586.628,16.0,16.0,False,0.0,1.0,16.0,0.0,0.0,4.0,84.21052631578948,0.0,0.0
2025-09-26_16:00_20:00,2025-09-26 16:00:00+02:00,2025-09-26 20:00:00+02:00,4.0,44.17,False,False,16,0.0,True,False,8,8,0,-111.11764705882354,True,False,20.15,80.6,16.0,16.0,False,0.0,1.0,16.0,0.0,0.0,4.0,84.21052631578948,0.0,0.0
2025-09-26_20:00_00:00,2025-09-26 20:00:00+02:00,2025-09-27 00:00:00+02:00,4.0,3.89,False,False,16,0.0,True,False,9,9,0,-106.30764705882353,True,False,1.767,7.068,7.068,7.0,False,0.0,1.0,7.0,0.0,0.0,4.0,84.21052631578948,0.0,0.0
2025-09-27_00:00_04:00,2025-09-27 00:00:00+02:00,2025-09-27 04:00:00+02:00,4.0,9.69,False,False,16,0.0,True,False,13,13,0,-97.87764705882353,True,False,4.008,16.032,16.0,16.0,False,0.0,1.0,16.0,0.0,0.0,4.0,84.21052631578948,0.0,0.0
2025-09-27_04:00_08:00,2025-09-27 04:00:00+02:00,2025-09-27 08:00:00+02:00,4.0,7.79,False,False,16,0.0,True,False,7,7,1,-105.33764705882353,True,False,4.203,16.812,16.0,16.0,False,0.0,1.0,16.0,0.0,0.0,4.0,84.21052631578948,0.0,0.0
2025-09-27_08:00_12:00,2025-09-27 08:00:00+02:00,2025-09-27 12:00:00+02:00,4.0,45.02,False,False,16,0.0,True,False,9,9,0,-103.04764705882354,True,False,4.584,18.336,16.0,16.0,False,0.0,1.0,16.0,0.0,0.0,4.0,84.21052631578948,0.0,0.0
2025-09-27_12:00_16:00,2025-09-27 12:00:00+02:00,2025-09-27 16:00:00+02:00,4.0,62.49,False,False,16,0.0,True,False,6,6,1,-99.62764705882353,True,False,5.582,22.328,16.0,16.0,False,0.0,1.0,16.0,0.0,0.0,4.0,84.21052631578948,0.0,0.0
2025-09-27_16:00_20:00,2025-09-27 16:00:00+02:00,2025-09-27 20:00:00+02:00,4.0,31.01,False,False,16,0.0,True,False,9,9,1,-117.71764705882353,True,False,23.671,94.684,16.0,16.0,False,0.0,1.0,16.0,0.0,0.0,4.0,84.21052631578948,0.0,0.0
2025-09-27_20:00_00:00,2025-09-27 20:00:00+02:00,2025-09-28 00:00:00+02:00,4.0,3.25,False,False,16,0.0,True,False,15,15,1,-110.73764705882354,True,False,4.879,19.516,16.0,16.0,False,0.0,1.0,16.0,0.0,0.0,4.0,84.21052631578948,0.0,0.0
2025-09-28_00:00_04:00,2025-09-28 00:00:00+02:00,2025-09-28 04:00:00+02:00,4.0,7.59,False,False,16,0.0,True,False,10,10,1,-103.89764705882354,True,False,11.629,46.516,16.0,16.0,False,0.0,1.0,16.0,0.0,0.0,4.0,84.21052631578948,0.0,0.0
2025-09-28_04:00_08:00,2025-09-28 04:00:00+02:00,2025-09-28 08:00:00+02:00,4.0,6.43,False,False,16,0.0,True,False,12,12,1,-104.63764705882355,True,False,4.578,18.312,16.0,16.0,False,0.0,1.0,16.0,0.0,0.0,4.0,84.21052631578948,0.0,0.0
2025-09-28_08:00_12:00,2025-09-28 08:00:00+02:00,2025-09-28 12:00:00+02:00,4.0,43.06,False,False,16,0.0,True,False,10,6,0,-93.80764705882353,True,False,50.062,200.248,16.0,16.0,False,0.0,1.0,16.0,0.0,0.0,0.0,75.35451521676191,12.0,-67.04
2025-09-28_12:00_16:00,2025-09-28 12:00:00+02:00,2025-09-28 16:00:00+02:00,4.0,89.43,False,False,16,0.0,True,False,11,11,0,-157.57764705882354,True,False,9.337,37.348,16.0,16.0,False,0.0,1.0,16.0,0.0,0.0,0.0,70.78931647136625,0.0,0.0
2025-09-28_16:00_20:00,2025-09-28 16:00:00+02:00,2025-09-28 20:00:00+02:00,4.0,28.42,False,False,16,0.0,True,False,13,13,1,-109.88764705882355,True,False,26.217,104.868,16.0,16.0,False,0.0,1.0,16.0,0.0,0.0,4.0,84.21052631578948,0.0,0.0
2025-09-28_20:00_00:00,2025-09-28 20:00:00+02:00,2025-09-29 00:00:00+02:00,4.0,3.0,False,False,16,0.0,True,False,12,12,1,-108.32764705882354,True,False,6.314,25.256,16.0,16.0,False,0.0,1.0,16.0,0.0,0.0,4.0,84.21052631578948,0.0,0.0
2025-09-29_00:00_04:00,2025-09-29 00:00:00+02:00,2025-09-29 04:00:00+02:00,4.0,8.0,False,False,16,0.0,True,False,14,14,1,-92.97764705882355,True,False,6.644,26.576,16.0,16.0,False,0.0,1.0,16.0,0.0,0.0,4.0,84.21052631578948,0.0,0.0
2025-09-29_04:00_08:00,2025-09-29 04:00:00+02:00,2025-09-29 08:00:00+02:00,4.0,6.02,False,False,16,0.0,True,False,10,10,1,-119.75764705882355,True,False,43.677,174.708,16.0,16.0,False,0.0,1.0,16.0,0.0,0.0,4.0,84.21052631578948,0.0,0.0
2025-09-29_08:00_12:00,2025-09-29 08:00:00+02:00,2025-09-29 12:00:00+02:00,4.0,33.12,False,False,16,0.0,True,False,15,15,0,-87.96764705882353,True,False,148.064,592.256,16.0,16.0,False,0.0,1.0,16.0,0.0,0.0,4.0,84.21052631578948,0.0,0.0
2025-09-29_12:00_16:00,2025-09-29 12:00:00+02:00,2025-09-29 16:00:00+02:00,4.0,58.35,False,False,16,0.0,True,False,13,13,8,-95.16764705882355,True,False,9.53,38.12,16.0,16.0,False,0.0,1.0,16.0,0.0,0.0,4.0,84.21052631578948,0.0,0.0
2025-09-29_16:00_20:00,2025-09-29 16:00:00+02:00,2025-09-29 20:00:00+02:00,4.0,21.26,False,False,16,0.0,True,False,13,13,0,-136.78764705882352,True,False,82.731,330.924,16.0,16.0,False,0.0,1.0,16.0,0.0,0.0,4.0,84.21052631578948,0.0,0.0
2025-09-29_20:00_00:00,2025-09-29 20:00:00+02:00,2025-09-30 00:00:00+02:00,4.0,2.53,False,False,16,0.0,True,False,14,14,1,-102.13764705882355,True,False,7.677,30.708,16.0,16.0,False,0.0,1.0,16.0,0.0,0.0,4.0,84.21052631578948,0.0,0.0
2025-09-30_00:00_04:00,2025-09-30 00:00:00+02:00,2025-09-30 04:00:00+02:00,4.0,7.25,False,False,16,0.0,True,False,9,9,1,-112.54764705882354,True,False,0.565,2.26,2.26,2.0,False,0.0,1.0,2.0,0.0,0.0,4.0,84.21052631578948,0.0,0.0
2025-09-30_04:00_08:00,2025-09-30 04:00:00+02:00,2025-09-30 08:00:00+02:00,4.0,5.24,False,False,16,0.0,True,False,10,10,0,-122.80764705882353,True,False,5.886,23.544,16.0,16.0,False,0.0,1.0,16.0,0.0,0.0,4.0,84.21052631578948,0.0,0.0
2025-09-30_08:00_12:00,2025-09-30 08:00:00+02:00,2025-09-30 12:00:00+02:00,4.0,32.7,False,False,16,0.0,True,False,16,16,2,-99.92764705882354,True,False,20.426,81.704,16.0,16.0,False,0.0,1.0,16.0,0.0,0.0,4.0,84.21052631578948,0.0,0.0
2025-09-30_12:00_16:00,2025-09-30 12:00:00+02:00,2025-09-30 16:00:00+02:00,4.0,47.51,False,False,16,0.0,True,False,14,14,0,-126.09764705882353,True,False,56.718,226.872,16.0,16.0,False,0.0,1.0,16.0,0.0,0.0,4.0,84.21052631578948,0.0,0.0
2025-09-30_16:00_20:00,2025-09-30 16:00:00+02:00,2025-09-30 20:00:00+02:00,4.0,16.71,False,False,16,0.0,True,False,12,12,0,-152.96764705882353,True,False,12.493,49.972,16.0,16.0,False,0.0,1.0,16.0,0.0,0.0,4.0,84.21052631578948,0.0,0.0
2025-09-30_20:00_00:00,2025-09-30 20:00:00+02:00,2025-10-01 00:00:00+02:00,4.0,2.5,False,False,16,0.0,True,False,10,10,0,-107.84764705882353,True,False,9.519,38.076,16.0,16.0,False,0.0,1.0,16.0,0.0,0.0,4.0,84.21052631578948,0.0,0.0
2025-10-01_00:00_04:00,2025-10-01 00:00:00+02:00,2025-10-01 04:00:00+02:00,4.0,6.2,False,False,16,0.0,True,False,7,7,0,-95.21764705882353,True,False,0.686,2.744,2.744,2.0,False,0.0,1.0,2.0,0.0,0.0,4.0,84.21052631578948,0.0,0.0
2025-10-01_04:00_08:00,2025-10-01 04:00:00+02:00,2025-10-01 08:00:00+02:00,4.0,4.48,False,False,16,0.0,True,False,11,11,0,-142.42764705882354,True,False,71.316,285.264,16.0,16.0,False,0.0,1.0,16.0,0.0,0.0,4.0,84.21052631578948,0.0,0.0
2025-10-01_08:00_12:00,2025-10-01 08:00:00+02:00,2025-10-01 12:00:00+02:00,4.0,26.78,False,False,16,0.0,True,False,16,16,3,-84.02764705882353,True,False,106.016,424.064,16.0,16.0,False,0.0,1.0,16.0,0.0,0.0,4.0,84.21052631578948,0.0,0.0
2025-10-01_12:00_16:00,2025-10-01 12:00:00+02:00,2025-10-01 16:00:00+02:00,4.0,41.37,False,False,16,0.0,True,False,14,14,0,-100.97764705882355,True,False,42.797,171.188,16.0,16.0,False,0.0,1.0,16.0,0.0,0.0,4.0,84.21052631578948,0.0,0.0
2025-10-01_16:00_20:00,2025-10-01 16:00:00+02:00,2025-10-01 20:00:00+02:00,4.0,14.96,False,False,16,0.0,True,False,9,9,1,-117.27764705882353,True,False,6.879,27.516,16.0,16.0,False,0.0,1.0,16.0,0.0,0.0,4.0,84.21052631578948,0.0,0.0
2025-10-01_20:00_00:00,2025-10-01 20:00:00+02:00,2025-10-02 00:00:00+02:00,4.0,2.21,False,False,16,0.0,True,False,11,11,0,-105.07764705882354,True,False,8.248,32.992,16.0,16.0,False,0.0,1.0,16.0,0.0,0.0,4.0,84.21052631578948,0.0,0.0
2025-10-02_00:00_04:00,2025-10-02 00:00:00+02:00,2025-10-02 04:00:00+02:00,4.0,5.63,False,False,16,0.0,True,False,10,10,0,-94.10764705882355,True,False,13.037,52.148,16.0,16.0,False,0.0,1.0,16.0,0.0,0.0,4.0,84.21052631578948,0.0,0.0
2025-10-02_04:00_08:00,2025-10-02 04:00:00+02:00,2025-10-02 08:00:00+02:00,4.0,4.05,False,False,16,0.0,True,False,9,9,1,-111.74764705882353,True,False,23.942,95.768,16.0,16.0,False,0.0,1.0,16.0,0.0,0.0,4.0,84.21052631578948,0.0,0.0
2025-10-02_08:00_12:00,2025-10-02 08:00:00+02:00,2025-10-02 12:00:00+02:00,4.0,25.0,False,False,16,0.0,True,False,15,10,0,-82.67764705882354,True,False,113.469,453.876,16.0,16.0,False,0.0,1.0,16.0,0.0,0.0,0.0,82.84846822973685,20.0,-669.88
2025-10-02_12:00_16:00,2025-10-02 12:00:00+02:00,2025-10-02 16:00:00+02:00,4.0,43.01,False,False,16,0.0,True,False,16,16,0,-69.63764705882355,True,False,45.531,182.124,16.0,16.0,False,0.0,1.0,16.0,0.0,0.0,4.0,84.21052631578948,0.0,0.0
2025-10-02_16:00_20:00,2025-10-02 16:00:00+02:00,2025-10-02 20:00:00+02:00,4.0,15.2,False,False,16,0.0,True,False,14,14,0,-117.98764705882354,True,False,15.288,61.152,16.0,16.0,False,0.0,1.0,16.0,0.0,0.0,4.0,84.21052631578948,0.0,0.0
2025-10-02_20:00_00:00,2025-10-02 20:00:00+02:00,2025-10-03 00:00:00+02:00,4.0,3.94,False,False,16,0.0,True,False,8,8,0,-107.68764705882353,True,False,2.378,9.512,9.512,9.0,False,0.0,1.0,9.0,0.0,0.0,4.0,84.21052631578948,0.0,0.0
2025-10-03_00:00_04:00,2025-10-03 00:00:00+02:00,2025-10-03 04:00:00+02:00,4.0,6.1,False,False,16,0.0,True,False,2,2,1,-89.24764705882353,False,False,0.027,0.108,0.108,0.0,False,0.0,1.0,0.0,0.0,0.0,4.0,84.21052631578948,0.0,0.0
2025-10-03_04:00_08:00,2025-10-03 04:00:00+02:00,2025-10-03 08:00:00+02:00,4.0,6.04,False,False,16,0.0,True,False,3,3,0,-81.00764705882355,True,False,45.037,180.148,16.0,16.0,False,0.0,1.0,16.0,0.0,0.0,4.0,84.21052631578948,0.0,0.0
2025-10-03_08:00_12:00,2025-10-03 08:00:00+02:00,2025-10-03 12:00:00+02:00,4.0,49.15,False,False,16,0.0,True,False,11,7,0,-127.42764705882354,True,False,46.301,185.204,16.0,16.0,False,0.0,1.0,16.0,0.0,0.0,0.0,82.84846822973685,16.0,-203.24
2025-10-03_12:00_16:00,2025-10-03 12:00:00+02:00,2025-10-03 16:00:00+02:00,4.0,71.24,False,False,16,0.0,True,False,15,8,0,-12.277647058823526,True,False,48.99,195.96,16.0,16.0,False,0.0,1.0,16.0,0.0,0.0,0.0,79.53168965306139,28.0,-1018.12
2025-10-03_16:00_20:00,2025-10-03 16:00:00+02:00,2025-10-03 20:00:00+02:00,4.0,20.1,False,False,16,0.0,True,False,10,5,0,-112.32764705882354,True,False,62.554,250.216,16.0,16.0,False,0.0,1.0,16.0,0.0,0.0,0.0,72.05853881743704,20.0,-1104.32
2025-10-03_20:00_00:00,2025-10-03 20:00:00+02:00,2025-10-04 00:00:00+02:00,4.0,9.0,False,False,16,0.0,True,False,16,6,0,-63.027647058823526,True,False,161.097,644.388,16.0,16.0,False,0.0,1.0,16.0,0.0,0.0,0.0,56.66837569351353,32.0,-8392.72
2025-10-04_00:00_04:00,2025-10-04 00:00:00+02:00,2025-10-04 04:00:00+02:00,4.0,16.37,False,False,16,0.0,True,False,15,2,0,-14.327647058823537,True,False,91.559,366.236,16.0,16.0,False,0.0,1.0,16.0,0.0,0.0,0.0,26.828390186490594,36.877911709159164,-816.8470605807343
2025-10-04_04:00_08:00,2025-10-04 04:00:00+02:00,2025-10-04 08:00:00+02:00,4.0,16.34,False,False,16,0.0,True,False,11,6,0,-91.69764705882355,True,False,23.682,94.728,12.369037019862951,12.0,False,0.0,1.0,12.0,0.0,0.0,0.0,20.858516978250492,20.0,-505.16
2025-10-04_08:00_12:00,2025-10-04 08:00:00+02:00,2025-10-04 12:00:00+02:00,4.0,40.81,False,False,16,0.0,True,False,10,7,0,-37.22764705882353,True,False,55.116,220.464,12.369037019862951,12.0,False,0.0,1.0,12.0,0.0,0.0,0.0,38.346756085504566,12.0,-191.44
2025-10-04_12:00_16:00,2025-10-04 12:00:00+02:00,2025-10-04 16:00:00+02:00,4.0,64.8,False,False,16,0.2834191176470586,True,False,11,9,0,-66.26764705882354,True,False,25.37,101.48,12.369037019862951,12.0,False,0.0,1.0,12.0,0.0,0.0,0.0,76.6516322957768,8.0,-376.32
2025-10-04_16:00_20:00,2025-10-04 16:00:00+02:00,2025-10-04 20:00:00+02:00,4.0,29.94,False,False,16,0.0,True,False,10,7,0,-92.91764705882355,True,False,47.126,188.504,12.369037019862951,12.0,False,0.0,1.0,12.0,0.0,0.0,0.0,79.3124502631579,8.0,-474.24
2025-10-04_20:00_00:00,2025-10-04 20:00:00+02:00,2025-10-05 00:00:00+02:00,4.0,11.29,False,False,16,0.0,True,False,16,7,0,-24.077647058823537,True,False,149.42,597.68,12.369037019862951,12.0,False,0.0,1.0,12.0,0.0,0.0,0.0,73.72941897946632,28.41449814738348,-1197.9173575592954
2025-10-05_00:00_04:00,2025-10-05 00:00:00+02:00,2025-10-05 04:00:00+02:00,4.0,16.47,False,False,16,0.768051470588234,True,False,16,8,0,-33.36764705882353,True,False,65.593,262.372,12.369037019862951,12.0,False,0.0,1.0,12.0,0.0,0.0,0.0,57.40764886638869,24.0,-467.28000000000003
2025-10-05_04:00_08:00,2025-10-05 04:00:00+02:00,2025-10-05 08:00:00+02:00,4.0,16.01,False,False,16,1.2386397058823508,True,False,16,2,0,-8.39764705882353,True,False,78.785,315.14,16.0,16.0,False,0.0,1.0,16.0,0.0,0.0,0.0,22.139473025334336,40.0,-1010.88
2025-10-05_08:00_12:00,2025-10-05 08:00:00+02:00,2025-10-05 12:00:00+02:00,4.0,34.99,False,False,16,0.26996323529411725,True,False,12,6,0,-69.82764705882354,True,False,60.027,240.108,16.0,16.0,False,0.0,1.0,16.0,0.0,0.0,0.0,15.301003803126576,20.0,-349.36
2025-10-05_12:00_16:00,2025-10-05 12:00:00+02:00,2025-10-05 16:00:00+02:00,4.0,60.72,False,False,16,0.39988970588235206,True,False,12,7,0,-82.81764705882352,True,False,31.781,127.124,16.0,16.0,False,0.0,1.0,16.0,0.0,0.0,0.0,24.014033392412177,16.0,-222.84
2025-10-05_16:00_20:00,2025-10-05 16:00:00+02:00,2025-10-05 20:00:00+02:00,4.0,24.95,False,False,16,0.02577205882352951,True,False,14,9,0,-75.64764705882354,True,False,61.693,246.772,16.0,16.0,False,0.0,1.0,16.0,0.0,0.0,0.0,19.427085691920603,20.0,-459.88
2025-10-05_20:00_00:00,2025-10-05 20:00:00+02:00,2025-10-06 00:00:00+02:00,4.0,8.0,False,False,16,0.0,True,False,14,11,0,-52.67764705882353,True,False,74.371,297.484,16.0,16.0,False,0.0,1.0,16.0,0.0,0.0,0.0,18.578517179744576,4.0,-24.28
2025-10-06_00:00_04:00,2025-10-06 00:00:00+02:00,2025-10-06 04:00:00+02:00,4.0,14.82,False,False,16,0.0,True,False,16,16,0,-63.03764705882353,True,False,41.894,167.576,16.0,16.0,False,0.0,1.0,16.0,0.0,0.0,4.0,23.253657033101174,0.0,0.0
2025-10-06_04:00_08:00,2025-10-06 04:00:00+02:00,2025-10-06 08:00:00+02:00,4.0,18.1,False,False,16,0.0,True,False,9,8,0,-113.40764705882353,True,False,19.036,76.144,5.981332301245618,5.0,False,0.0,1.0,5.0,0.0,0.0,0.0,40.108853542625496,4.0,-63.8
2025-10-06_08:00_12:00,2025-10-06 08:00:00+02:00,2025-10-06 12:00:00+02:00,4.0,28.38,False,False,16,0.0,True,False,8,8,1,-126.06764705882352,True,False,8.461,33.844,5.981332301245618,5.0,False,0.0,1.0,5.0,0.0,0.0,4.0,65.81132871020718,0.0,0.0
2025-10-06_12:00_16:00,2025-10-06 12:00:00+02:00,2025-10-06 16:00:00+02:00,4.0,54.55,False,False,16,0.0,True,False,6,6,0,-124.48764705882354,True,False,10.293,41.172,5.981332301245618,5.0,False,0.0,1.0,5.0,0.0,0.0,4.0,84.21052631578948,0.0,0.0
2025-10-06_16:00_20:00,2025-10-06 16:00:00+02:00,2025-10-06 20:00:00+02:00,4.0,19.0,False,False,16,0.0,True,False,3,3,0,-138.37764705882353,True,False,1.129,4.516,4.516,4.0,False,0.0,1.0,4.0,0.0,0.0,4.0,84.21052631578948,0.0,0.0
2025-10-06_20:00_00:00,2025-10-06 20:00:00+02:00,2025-10-07 00:00:00+02:00,4.0,5.9,False,False,16,0.0,True,False,11,11,1,-128.64764705882354,True,False,1.677,6.708,5.981332301245618,5.0,False,0.0,1.0,5.0,0.0,0.0,4.0,84.21052631578948,0.0,0.0
2025-10-07_00:00_04:00,2025-10-07 00:00:00+02:00,2025-10-07 04:00:00+02:00,4.0,10.81,False,False,16,0.0,True,False,13,13,0,-136.32764705882354,True,False,8.765,35.06,5.981332301245618,5.0,False,0.0,1.0,5.0,0.0,0.0,4.0,84.21052631578948,0.0,0.0
2025-10-07_04:00_08:00,2025-10-07 04:00:00+02:00,2025-10-07 08:00:00+02:00,4.0,9.96,False,False,16,0.0,True,False,11,11,0,-170.99764705882353,True,False,8.717,34.868,16.0,16.0,False,0.0,1.0,16.0,0.0,0.0,4.0,84.21052631578948,0.0,0.0
2025-10-07_08:00_12:00,2025-10-07 08:00:00+02:00,2025-10-07 12:00:00+02:00,4.0,21.0,False,False,16,0.0,True,False,16,16,0,-143.96764705882353,True,False,52.143,208.572,16.0,16.0,False,0.0,1.0,16.0,0.0,0.0,4.0,84.21052631578948,0.0,0.0
2025-10-07_12:00_16:00,2025-10-07 12:00:00+02:00,2025-10-07 16:00:00+02:00,4.0,45.0,False,False,16,0.0,True,False,5,5,2,-121.78764705882355,True,False,6.428,25.712,16.0,16.0,False,0.0,1.0,16.0,0.0,0.0,4.0,84.21052631578948,0.0,0.0
2025-10-07_16:00_20:00,2025-10-07 16:00:00+02:00,2025-10-07 20:00:00+02:00,4.0,13.64,False,False,16,0.0,True,False,13,13,0,-171.44764705882352,True,False,13.469,53.876,16.0,16.0,False,0.0,1.0,16.0,0.0,0.0,4.0,84.21052631578948,0.0,0.0
2025-10-07_20:00_00:00,2025-10-07 20:00:00+02:00,2025-10-08 00:00:00+02:00,4.0,4.4,False,False,16,0.0,True,False,10,10,2,-118.17764705882354,True,False,5.863,23.452,16.0,16.0,False,0.0,1.0,16.0,0.0,0.0,4.0,84.21052631578948,0.0,0.0
2025-10-08_00:00_04:00,2025-10-08 00:00:00+02:00,2025-10-08 04:00:00+02:00,4.0,8.27,False,False,16,0.0,True,False,8,8,0,-102.87764705882353,True,False,2.079,8.316,8.316,8.0,False,0.0,1.0,8.0,0.0,0.0,4.0,84.21052631578948,0.0,0.0
2025-10-08_04:00_08:00,2025-10-08 04:00:00+02:00,2025-10-08 08:00:00+02:00,4.0,7.25,False,False,16,0.0,True,False,15,15,1,-122.87764705882353,True,False,21.709,86.836,16.0,16.0,False,0.0,1.0,16.0,0.0,0.0,4.0,84.21052631578948,0.0,0.0
2025-10-08_08:00_12:00,2025-10-08 08:00:00+02:00,2025-10-08 12:00:00+02:00,4.0,86.24,False,False,16,0.0,True,False,14,14,0,-110.38764705882355,True,False,36.336,145.344,16.0,16.0,False,0.0,1.0,16.0,0.0,0.0,4.0,84.21052631578948,0.0,0.0
2025-10-08_12:00_16:00,2025-10-08 12:00:00+02:00,2025-10-08 16:00:00+02:00,4.0,38.0,False,False,16,0.0,True,False,15,15,1,-91.26764705882354,True,False,67.205,268.82,16.0,16.0,False,0.0,1.0,16.0,0.0,0.0,4.0,84.21052631578948,0.0,0.0
2025-10-08_16:00_20:00,2025-10-08 16:00:00+02:00,2025-10-08 20:00:00+02:00,4.0,10.54,False,False,16,0.0,True,False,6,6,0,-140.12764705882353,True,False,12.268,49.072,16.0,16.0,False,0.0,1.0,16.0,0.0,0.0,4.0,84.21052631578948,0.0,0.0
2025-10-08_20:00_00:00,2025-10-08 20:00:00+02:00,2025-10-09 00:00:00+02:00,4.0,3.15,False,False,16,0.0,True,False,16,16,2,-114.08764705882353,True,False,12.714,50.856,16.0,16.0,False,0.0,1.0,16.0,0.0,0.0,4.0,84.21052631578948,0.0,0.0
2025-10-09_00:00_04:00,2025-10-09 00:00:00+02:00,2025-10-09 04:00:00+02:00,4.0,6.64,False,False,16,0.0,True,False,10,10,2,-113.85764705882355,True,False,1.539,6.156,6.156,6.0,False,0.0,1.0,6.0,0.0,0.0,4.0,84.21052631578948,0.0,0.0
2025-10-09_04:00_08:00,2025-10-09 04:00:00+02:00,2025-10-09 08:00:00+02:00,4.0,5.62,False,False,16,0.0,True,False,3,2,0,-127.80764705882353,True,False,0.285,1.14,1.14,1.0,False,0.0,1.0,1.0,0.0,0.0,3.715,84.21052631578948,0.285,-49.62989999999999
2025-10-09_08:00_12:00,2025-10-09 08:00:00+02:00,2025-10-09 12:00:00+02:00,4.0,38.12,False,False,16,0.0,True,False,5,5,0,-101.13764705882355,True,False,4.984,19.936,16.0,16.0,False,0.0,1.0,16.0,0.0,0.0,4.0,84.21052631578948,0.0,0.0
2025-10-09_12:00_16:00,2025-10-09 12:00:00+02:00,2025-10-09 16:00:00+02:00,4.0,119.74,False,False,16,0.0,True,False,6,6,0,-257.9476470588235,True,False,22.526,90.104,16.0,16.0,False,0.0,1.0,16.0,0.0,0.0,4.0,84.21052631578948,0.0,0.0
2025-10-09_16:00_20:00,2025-10-09 16:00:00+02:00,2025-10-09 20:00:00+02:00,4.0,16.0,False,False,16,0.0,True,False,14,14,2,-117.13764705882355,True,False,83.535,334.14,16.0,16.0,False,0.0,1.0,16.0,0.0,0.0,4.0,84.21052631578948,0.0,0.0
2025-10-09_20:00_00:00,2025-10-09 20:00:00+02:00,2025-10-10 00:00:00+02:00,4.0,3.55,False,False,16,0.0,True,False,11,11,0,-112.01764705882354,True,False,87.289,349.156,16.0,16.0,False,0.0,1.0,16.0,0.0,0.0,4.0,84.21052631578948,0.0,0.0
2025-10-10_00:00_04:00,2025-10-10 00:00:00+02:00,2025-10-10 04:00:00+02:00,4.0,8.68,False,False,16,0.0,True,False,13,13,0,-102.56764705882352,True,False,7.354,29.416,16.0,16.0,False,0.0,1.0,16.0,0.0,0.0,4.0,84.21052631578948,0.0,0.0
2025-10-10_04:00_08:00,2025-10-10 04:00:00+02:00,2025-10-10 08:00:00+02:00,4.0,6.13,False,False,16,0.0,True,False,7,7,0,-100.31764705882352,True,False,2.658,10.632,10.632,10.0,False,0.0,1.0,10.0,0.0,0.0,4.0,84.21052631578948,0.0,0.0
2025-10-10_08:00_12:00,2025-10-10 08:00:00+02:00,2025-10-10 12:00:00+02:00,4.0,34.1,False,False,16,0.0,True,False,4,4,1,-122.48764705882354,False,False,0.064,0.256,0.256,0.0,False,0.0,1.0,0.0,0.0,0.0,4.0,84.21052631578948,0.0,0.0
2025-10-10_12:00_16:00,2025-10-10 12:00:00+02:00,2025-10-10 16:00:00+02:00,4.0,59.04,False,False,16,0.0,True,False,5,5,1,-173.38764705882352,True,False,13.556,54.224,16.0,16.0,False,0.0,1.0,16.0,0.0,0.0,4.0,84.21052631578948,0.0,0.0
2025-10-10_16:00_20:00,2025-10-10 16:00:00+02:00,2025-10-10 20:00:00+02:00,4.0,11.6,False,False,16,0.0,True,False,14,14,0,-144.61764705882354,True,False,40.837,163.348,16.0,16.0,False,0.0,1.0,16.0,0.0,0.0,4.0,84.21052631578948,0.0,0.0
2025-10-10_20:00_00:00,2025-10-10 20:00:00+02:00,2025-10-11 00:00:00+02:00,4.0,2.96,False,False,16,0.0,True,False,13,13,0,-113.13764705882355,True,False,6.694,26.776,16.0,16.0,False,0.0,1.0,16.0,0.0,0.0,4.0,84.21052631578948,0.0,0.0
2025-10-11_00:00_04:00,2025-10-11 00:00:00+02:00,2025-10-11 04:00:00+02:00,4.0,6.67,False,False,16,0.0,True,False,7,7,0,-113.59764705882353,True,False,0.818,3.272,3.272,3.0,False,0.0,1.0,3.0,0.0,0.0,4.0,84.21052631578948,0.0,0.0
2025-10-11_04:00_08:00,2025-10-11 04:00:00+02:00,2025-10-11 08:00:00+02:00,4.0,5.84,False,False,16,0.0,True,False,8,8,0,-115.84764705882353,True,False,6.975,27.9,16.0,16.0,False,0.0,1.0,16.0,0.0,0.0,4.0,84.21052631578948,0.0,0.0
2025-10-11_08:00_12:00,2025-10-11 08:00:00+02:00,2025-10-11 12:00:00+02:00,4.0,29.84,False,False,16,0.0,True,False,2,2,0,-95.91764705882355,True,False,0.328,1.312,1.312,1.0,False,0.0,1.0,1.0,0.0,0.0,4.0,84.21052631578948,0.0,0.0
2025-10-11_12:00_16:00,2025-10-11 12:00:00+02:00,2025-10-11 16:00:00+02:00,4.0,67.15,False,False,16,0.0,True,False,8,8,0,-107.90764705882353,True,False,32.786,131.144,16.0,16.0,False,0.0,1.0,16.0,0.0,0.0,4.0,84.21052631578948,0.0,0.0
2025-10-11_16:00_20:00,2025-10-11 16:00:00+02:00,2025-10-11 20:00:00+02:00,4.0,10.12,False,False,16,0.0,True,False,10,10,0,-124.49764705882353,True,False,4.116,16.464,16.0,16.0,False,0.0,1.0,16.0,0.0,0.0,4.0,84.21052631578948,0.0,0.0
2025-10-11_20:00_00:00,2025-10-11 20:00:00+02:00,2025-10-12 00:00:00+02:00,4.0,3.11,False,False,16,0.0,True,False,8,8,0,-101.10764705882355,True,False,3.575,14.3,14.3,14.0,False,0.0,1.0,14.0,0.0,0.0,4.0,84.21052631578948,0.0,0.0
2025-10-12_00:00_04:00,2025-10-12 00:00:00+02:00,2025-10-12 04:00:00+02:00,4.0,5.88,False,False,16,0.0,True,False,8,8,1,-125.51764705882354,True,False,3.713,14.852,14.852,14.0,False,0.0,1.0,14.0,0.0,0.0,4.0,84.21052631578948,0.0,0.0
2025-10-12_04:00_08:00,2025-10-12 04:00:00+02:00,2025-10-12 08:00:00+02:00,4.0,5.85,False,False,16,0.0,True,False,9,9,0,-128.71764705882353,True,False,6.581,26.324,16.0,16.0,False,0.0,1.0,16.0,0.0,0.0,4.0,84.21052631578948,0.0,0.0
2025-10-12_08:00_12:00,2025-10-12 08:00:00+02:00,2025-10-12 12:00:00+02:00,4.0,26.29,False,False,16,0.0,True,False,10,10,1,-118.17764705882354,True,False,1.306,5.224,5.224,5.0,False,0.0,1.0,5.0,0.0,0.0,4.0,84.21052631578948,0.0,0.0
2025-10-12_12:00_16:00,2025-10-12 12:00:00+02:00,2025-10-12 16:00:00+02:00,4.0,53.7,False,False,16,0.0,True,False,9,9,0,-132.06764705882352,True,False,38.118,152.472,16.0,16.0,False,0.0,1.0,16.0,0.0,0.0,4.0,84.21052631578948,0.0,0.0
2025-10-12_16:00_20:00,2025-10-12 16:00:00+02:00,2025-10-12 20:00:00+02:00,4.0,10.11,False,False,16,0.0,True,False,5,5,0,-132.65764705882353,True,False,1.843,7.372,7.372,7.0,False,0.0,1.0,7.0,0.0,0.0,4.0,84.21052631578948,0.0,0.0
2025-10-12_20:00_00:00,2025-10-12 20:00:00+02:00,2025-10-13 00:00:00+02:00,4.0,2.74,False,False,16,0.0,True,False,16,16,0,-113.21764705882353,True,False,16.875,67.5,16.0,16.0,False,0.0,1.0,16.0,0.0,0.0,4.0,84.21052631578948,0.0,0.0
2025-10-13_00:00_04:00,2025-10-13 00:00:00+02:00,2025-10-13 04:00:00+02:00,4.0,5.0,False,False,16,0.0,True,False,6,6,0,-109.47764705882355,True,False,5.585,22.34,16.0,16.0,False,0.0,1.0,16.0,0.0,0.0,4.0,84.21052631578948,0.0,0.0
2025-10-13_04:00_08:00,2025-10-13 04:00:00+02:00,2025-10-13 08:00:00+02:00,4.0,19.68,False,False,16,0.0,True,False,13,13,0,-137.94764705882352,True,False,17.17,68.68,16.0,16.0,False,0.0,1.0,16.0,0.0,0.0,4.0,84.21052631578948,0.0,0.0
2025-10-13_08:00_12:00,2025-10-13 08:00:00+02:00,2025-10-13 12:00:00+02:00,4.0,19.12,False,False,16,0.0,True,False,16,16,0,-115.83764705882353,True,False,42.634,170.536,16.0,16.0,False,0.0,1.0,16.0,0.0,0.0,4.0,84.21052631578948,0.0,0.0
2025-10-13_12:00_16:00,2025-10-13 12:00:00+02:00,2025-10-13 16:00:00+02:00,4.0,42.75,False,False,16,0.0,True,False,9,9,0,-130.62764705882353,True,False,22.905,91.62,16.0,16.0,False,0.0,1.0,16.0,0.0,0.0,4.0,84.21052631578948,0.0,0.0
2025-10-13_16:00_20:00,2025-10-13 16:00:00+02:00,2025-10-13 20:00:00+02:00,4.0,7.83,False,False,16,0.0,True,False,6,6,0,-125.32764705882354,True,False,9.779,39.116,16.0,16.0,False,0.0,1.0,16.0,0.0,0.0,4.0,84.21052631578948,0.0,0.0
2025-10-13_20:00_00:00,2025-10-13 20:00:00+02:00,2025-10-14 00:00:00+02:00,4.0,2.11,False,False,16,0.0,True,False,15,15,1,-130.20764705882354,True,False,17.945,71.78,16.0,16.0,False,0.0,1.0,16.0,0.0,0.0,4.0,84.21052631578948,0.0,0.0
2025-10-14_00:00_04:00,2025-10-14 00:00:00+02:00,2025-10-14 04:00:00+02:00,4.0,4.3,False,False,16,0.0,True,False,14,14,1,-130.87764705882353,True,False,1.792,7.168,7.168,7.0,False,0.0,1.0,7.0,0.0,0.0,4.0,84.21052631578948,0.0,0.0
2025-10-14_04:00_08:00,2025-10-14 04:00:00+02:00,2025-10-14 08:00:00+02:00,4.0,8.72,False,False,16,0.0,True,False,11,11,0,-151.59764705882353,True,False,14.352,57.408,16.0,16.0,False,0.0,1.0,16.0,0.0,0.0,4.0,84.21052631578948,0.0,0.0
2025-10-14_08:00_12:00,2025-10-14 08:00:00+02:00,2025-10-14 12:00:00+02:00,4.0,66.89,False,False,16,0.0,True,False,16,16,0,-100.21764705882353,True,False,77.317,309.268,16.0,16.0,False,0.0,1.0,16.0,0.0,0.0,4.0,84.21052631578948,0.0,0.0
2025-10-14_12:00_16:00,2025-10-14 12:00:00+02:00,2025-10-14 16:00:00+02:00,4.0,81.72,False,False,16,0.0,True,False,11,11,2,-154.45764705882354,True,False,5.696,22.784,16.0,16.0,False,0.0,1.0,16.0,0.0,0.0,4.0,84.21052631578948,0.0,0.0
2025-10-14_16:00_20:00,2025-10-14 16:00:00+02:00,2025-10-14 20:00:00+02:00,4.0,6.86,False,False,16,0.0,True,False,10,10,1,-146.42764705882354,True,False,11.759,47.036,16.0,16.0,False,0.0,1.0,16.0,0.0,0.0,4.0,84.21052631578948,0.0,0.0
2025-10-14_20:00_00:00,2025-10-14 20:00:00+02:00,2025-10-15 00:00:00+02:00,4.0,1.78,False,False,16,0.0,True,False,10,10,1,-136.28764705882352,True,False,13.303,53.212,16.0,16.0,False,0.0,1.0,16.0,0.0,0.0,4.0,84.21052631578948,0.0,0.0
2025-10-15_00:00_04:00,2025-10-15 00:00:00+02:00,2025-10-15 04:00:00+02:00,4.0,3.91,False,False,16,0.0,True,False,10,10,1,-131.81764705882352,True,False,11.722,46.888,16.0,16.0,False,0.0,1.0,16.0,0.0,0.0,4.0,84.21052631578948,0.0,0.0
2025-10-15_04:00_08:00,2025-10-15 04:00:00+02:00,2025-10-15 08:00:00+02:00,4.0,6.15,False,False,16,0.0,True,False,16,16,0,-136.08764705882353,True,False,13.498,53.992,16.0,16.0,False,0.0,1.0,16.0,0.0,0.0,4.0,84.21052631578948,0.0,0.0
2025-10-15_08:00_12:00,2025-10-15 08:00:00+02:00,2025-10-15 12:00:00+02:00,4.0,27.0,False,False,16,0.0,True,False,10,10,0,-116.48764705882354,True,False,20.968,83.872,16.0,16.0,False,0.0,1.0,16.0,0.0,0.0,4.0,84.21052631578948,0.0,0.0
2025-10-15_12:00_16:00,2025-10-15 12:00:00+02:00,2025-10-15 16:00:00+02:00,4.0,46.79,False,False,16,0.0,True,False,10,10,0,-132.27764705882353,True,False,11.528,46.112,16.0,16.0,False,0.0,1.0,16.0,0.0,0.0,4.0,84.21052631578948,0.0,0.0
2025-10-15_16:00_20:00,2025-10-15 16:00:00+02:00,2025-10-15 20:00:00+02:00,4.0,5.52,False,False,16,0.0,True,False,14,14,1,-123.81764705882352,True,False,34.081,136.324,16.0,16.0,False,0.0,1.0,16.0,0.0,0.0,4.0,84.21052631578948,0.0,0.0
2025-10-15_20:00_00:00,2025-10-15 20:00:00+02:00,2025-10-16 00:00:00+02:00,4.0,1.6,False,False,16,0.0,True,False,14,14,0,-110.66764705882355,True,False,19.681,78.724,16.0,16.0,False,0.0,1.0,16.0,0.0,0.0,4.0,84.21052631578948,0.0,0.0
2025-10-16_00:00_04:00,2025-10-16 00:00:00+02:00,2025-10-16 04:00:00+02:00,4.0,3.89,False,False,16,0.0,True,False,11,11,0,-105.10764705882355,True,False,22.22,88.88,16.0,16.0,False,0.0,1.0,16.0,0.0,0.0,4.0,84.21052631578948,0.0,0.0
2025-10-16_04:00_08:00,2025-10-16 04:00:00+02:00,2025-10-16 08:00:00+02:00,4.0,5.84,False,False,16,0.0,True,False,10,10,2,-129.42764705882354,True,False,10.392,41.568,16.0,16.0,False,0.0,1.0,16.0,0.0,0.0,4.0,84.21052631578948,0.0,0.0
2025-10-16_08:00_12:00,2025-10-16 08:00:00+02:00,2025-10-16 12:00:00+02:00,4.0,41.24,False,False,16,0.0,True,False,13,13,0,-122.92764705882354,True,False,61.417,245.668,16.0,16.0,False,0.0,1.0,16.0,0.0,0.0,4.0,84.21052631578948,0.0,0.0
2025-10-16_12:00_16:00,2025-10-16 12:00:00+02:00,2025-10-16 16:00:00+02:00,4.0,38.46,False,False,16,0.0,True,False,3,3,0,-143.02764705882353,True,False,7.203,28.812,16.0,16.0,False,0.0,1.0,16.0,0.0,0.0,4.0,84.21052631578948,0.0,0.0
2025-10-16_16:00_20:00,2025-10-16 16:00:00+02:00,2025-10-16 20:00:00+02:00,4.0,4.96,False,False,16,0.0,True,False,9,9,3,-158.55764705882353,True,False,2.725,10.9,10.9,10.0,False,0.0,1.0,10.0,0.0,0.0,4.0,84.21052631578948,0.0,0.0
2025-10-16_20:00_00:00,2025-10-16 20:00:00+02:00,2025-10-17 00:00:00+02:00,4.0,1.53,False,False,16,0.0,True,False,13,13,1,-91.77764705882353,True,False,22.803,91.212,16.0,16.0,False,0.0,1.0,16.0,0.0,0.0,4.0,84.21052631578948,0.0,0.0
2025-10-17_00:00_04:00,2025-10-17 00:00:00+02:00,2025-10-17 04:00:00+02:00,4.0,3.8,False,False,16,0.0,True,False,8,8,0,-100.37764705882353,True,False,0.983,3.932,3.932,3.0,False,0.0,1.0,3.0,0.0,0.0,4.0,84.21052631578948,0.0,0.0
2025-10-17_04:00_08:00,2025-10-17 04:00:00+02:00,2025-10-17 08:00:00+02:00,4.0,4.91,False,False,16,0.0,True,False,6,6,1,-141.96764705882353,True,False,10.439,41.756,16.0,16.0,False,0.0,1.0,16.0,0.0,0.0,4.0,84.21052631578948,0.0,0.0
2025-10-17_08:00_12:00,2025-10-17 08:00:00+02:00,2025-10-17 12:00:00+02:00,4.0,22.47,False,False,16,0.0,True,False,11,11,0,-112.57764705882354,True,False,36.671,146.684,16.0,16.0,False,0.0,1.0,16.0,0.0,0.0,4.0,84.21052631578948,0.0,0.0
2025-10-17_12:00_16:00,2025-10-17 12:00:00+02:00,2025-10-17 16:00:00+02:00,4.0,31.41,False,False,16,0.0,True,False,9,9,0,-109.45764705882354,True,False,31.296,125.184,16.0,16.0,False,0.0,1.0,16.0,0.0,0.0,4.0,84.21052631578948,0.0,0.0
2025-10-17_16:00_20:00,2025-10-17 16:00:00+02:00,2025-10-17 20:00:00+02:00,4.0,4.35,False,False,16,0.0,True,False,16,16,0,-128.29764705882354,True,False,58.485,233.94,16.0,16.0,False,0.0,1.0,16.0,0.0,0.0,4.0,84.21052631578948,0.0,0.0
2025-10-17_20:00_00:00,2025-10-17 20:00:00+02:00,2025-10-18 00:00:00+02:00,4.0,1.53,False,False,16,0.0,True,False,15,15,0,-118.71764705882353,True,False,43.891,175.564,16.0,16.0,False,0.0,1.0,16.0,0.0,0.0,4.0,84.21052631578948,0.0,0.0
2025-10-18_00:00_04:00,2025-10-18 00:00:00+02:00,2025-10-18 04:00:00+02:00,4.0,3.31,False,False,16,0.0,True,False,13,13,0,-114.20764705882354,True,False,4.397,17.588,16.0,16.0,False,0.0,1.0,16.0,0.0,0.0,4.0,84.21052631578948,0.0,0.0
2025-10-18_04:00_08:00,2025-10-18 04:00:00+02:00,2025-10-18 08:00:00+02:00,4.0,4.18,False,False,16,0.0,True,False,7,7,0,-109.66764705882355,True,False,0.788,3.152,3.152,3.0,False,0.0,1.0,3.0,0.0,0.0,4.0,84.21052631578948,0.0,0.0
2025-10-18_08:00_12:00,2025-10-18 08:00:00+02:00,2025-10-18 12:00:00+02:00,4.0,18.0,False,False,16,0.0,True,False,16,16,0,-88.25764705882355,True,False,60.889,243.556,16.0,16.0,False,0.0,1.0,16.0,0.0,0.0,4.0,84.21052631578948,0.0,0.0
2025-10-18_12:00_16:00,2025-10-18 12:00:00+02:00,2025-10-18 16:00:00+02:00,4.0,30.97,False,False,16,0.0,True,False,10,10,0,-113.38764705882355,True,False,37.687,150.748,16.0,16.0,False,0.0,1.0,16.0,0.0,0.0,4.0,84.21052631578948,0.0,0.0
2025-10-18_16:00_20:00,2025-10-18 16:00:00+02:00,2025-10-18 20:00:00+02:00,4.0,3.89,False,False,16,0.0,True,False,15,15,0,-111.91764705882355,True,False,50.837,203.348,16.0,16.0,False,0.0,1.0,16.0,0.0,0.0,4.0,84.21052631578948,0.0,0.0
2025-10-18_20:00_00:00,2025-10-18 20:00:00+02:00,2025-10-19 00:00:00+02:00,4.0,1.43,False,False,16,0.0,True,False,16,16,0,-107.16764705882355,True,False,4.729,18.916,16.0,16.0,False,0.0,1.0,16.0,0.0,0.0,4.0,84.21052631578948,0.0,0.0
2025-10-19_00:00_04:00,2025-10-19 00:00:00+02:00,2025-10-19 04:00:00+02:00,4.0,4.2,False,False,16,0.0,True,False,13,13,0,-86.74764705882353,True,False,1.04,4.16,4.16,4.0,False,0.0,1.0,4.0,0.0,0.0,4.0,84.21052631578948,0.0,0.0
2025-10-19_04:00_08:00,2025-10-19 04:00:00+02:00,2025-10-19 08:00:00+02:00,4.0,5.39,False,False,16,0.0,True,False,10,9,0,-95.94764705882355,True,False,65.091,260.364,16.0,16.0,False,0.0,1.0,16.0,0.0,0.0,0.0,80.89947368421053,4.0,-37.64
2025-10-19_08:00_12:00,2025-10-19 08:00:00+02:00,2025-10-19 12:00:00+02:00,4.0,21.25,False,False,16,0.0,True,False,16,13,0,-57.38764705882354,True,False,61.945,247.78,16.0,16.0,False,0.0,1.0,16.0,0.0,0.0,0.0,69.32510000499713,4.0,-40.48
2025-10-19_12:00_16:00,2025-10-19 12:00:00+02:00,2025-10-19 16:00:00+02:00,4.0,46.23,False,False,16,0.0,True,False,16,10,0,-58.33764705882353,True,False,81.177,324.708,16.0,16.0,False,0.0,1.0,16.0,0.0,0.0,0.0,58.03398010102339,16.0,-455.76
2025-10-19_16:00_20:00,2025-10-19 16:00:00+02:00,2025-10-19 20:00:00+02:00,4.0,6.41,False,False,16,0.0,True,False,15,14,0,-107.07764705882354,True,False,95.334,381.336,16.0,16.0,False,0.0,1.0,16.0,0.0,0.0,0.0,59.028157018960314,4.0,-48.08
2025-10-19_20:00_00:00,2025-10-19 20:00:00+02:00,2025-10-20 00:00:00+02:00,4.0,7.61,False,False,16,0.0,True,False,15,15,0,-87.49764705882353,True,False,43.84,175.36,16.0,16.0,False,0.0,1.0,16.0,0.0,0.0,4.0,63.62472612645494,0.0,0.0
2025-10-20_00:00_04:00,2025-10-20 00:00:00+02:00,2025-10-20 04:00:00+02:00,4.0,36.54,False,False,16,0.0,True,False,11,10,0,-90.88764705882355,True,False,72.202,288.808,16.0,16.0,False,0.0,1.0,16.0,0.0,0.0,0.0,64.72323943384743,4.0,-62.84
2025-10-20_04:00_08:00,2025-10-20 04:00:00+02:00,2025-10-20 08:00:00+02:00,4.0,23.15,False,False,16,0.0,True,False,8,7,0,-83.14764705882354,True,False,31.381,125.524,16.0,16.0,False,0.0,1.0,16.0,0.0,0.0,2.609210526315789,83.12752305497723,1.3907894736842106,-3.824671052631579
2025-10-20_08:00_12:00,2025-10-20 08:00:00+02:00,2025-10-20 12:00:00+02:00,4.0,173.85,False,False,16,0.0,True,False,10,10,0,-107.50764705882355,True,False,45.866,183.464,16.0,16.0,False,0.0,1.0,16.0,0.0,0.0,4.0,84.21052631578948,0.0,0.0
2025-10-20_12:00_16:00,2025-10-20 12:00:00+02:00,2025-10-20 16:00:00+02:00,4.0,181.0,False,False,16,0.0,True,False,11,11,1,-92.19764705882355,True,False,74.48,297.92,16.0,16.0,False,0.0,1.0,16.0,0.0,0.0,4.0,84.21052631578948,0.0,0.0
2025-10-20_16:00_20:00,2025-10-20 16:00:00+02:00,2025-10-20 20:00:00+02:00,4.0,23.38,False,False,16,0.0,True,False,8,8,1,-100.46764705882353,True,False,10.582,42.328,16.0,16.0,False,0.0,1.0,16.0,0.0,0.0,4.0,84.21052631578948,0.0,0.0
2025-10-20_20:00_00:00,2025-10-20 20:00:00+02:00,2025-10-21 00:00:00+02:00,4.0,8.72,False,False,16,0.0,True,False,12,11,0,-155.02764705882353,True,False,46.076,184.304,16.0,16.0,False,0.0,1.0,16.0,0.0,0.0,0.0,81.77526315789474,4.0,-17.64
2025-10-21_00:00_04:00,2025-10-21 00:00:00+02:00,2025-10-21 04:00:00+02:00,4.0,33.81,False,False,16,0.0,True,False,12,11,0,-81.74764705882353,True,False,22.69,90.76,16.0,16.0,False,0.0,1.0,16.0,0.0,0.0,0.0,81.60131578947369,4.0,-29.44
2025-10-21_04:00_08:00,2025-10-21 04:00:00+02:00,2025-10-21 08:00:00+02:00,4.0,40.0,False,False,16,0.0,True,False,13,10,0,-81.73764705882354,True,False,25.465,101.86,16.0,16.0,False,0.0,1.0,16.0,0.0,0.0,0.0,80.38671975921054,12.0,-1324.44
2025-10-21_08:00_12:00,2025-10-21 08:00:00+02:00,2025-10-21 12:00:00+02:00,4.0,102.5,False,False,16,0.0,True,False,12,8,2,-97.26764705882354,True,False,80.048,320.192,16.0,16.0,False,0.0,1.0,16.0,0.0,0.0,0.0,80.43745979368421,16.0,-421.32000000000005
2025-10-21_12:00_16:00,2025-10-21 12:00:00+02:00,2025-10-21 16:00:00+02:00,4.0,123.22,False,False,16,0.0,True,False,16,8,0,-48.40764705882352,True,False,75.885,303.54,16.0,16.0,False,0.0,1.0,16.0,0.0,0.0,0.0,81.94269808911402,32.0,-1290.6
2025-10-21_16:00_20:00,2025-10-21 16:00:00+02:00,2025-10-21 20:00:00+02:00,4.0,13.66,False,False,16,0.0,True,False,9,9,0,-115.19764705882355,True,False,19.066,76.264,16.0,16.0,False,0.0,1.0,16.0,0.0,0.0,4.0,84.21052631578948,0.0,0.0
2025-10-21_20:00_00:00,2025-10-21 20:00:00+02:00,2025-10-22 00:00:00+02:00,4.0,5.91,False,False,16,0.0,True,False,9,9,0,-109.84764705882353,True,False,10.055,40.22,16.0,16.0,False,0.0,1.0,16.0,0.0,0.0,4.0,84.21052631578948,0.0,0.0
2025-10-22_00:00_04:00,2025-10-22 00:00:00+02:00,2025-10-22 04:00:00+02:00,4.0,23.77,False,False,16,0.0,True,False,8,8,2,-119.46764705882353,True,False,12.901,51.604,16.0,16.0,False,0.0,1.0,16.0,0.0,0.0,4.0,84.21052631578948,0.0,0.0
2025-10-22_04:00_08:00,2025-10-22 04:00:00+02:00,2025-10-22 08:00:00+02:00,4.0,20.42,False,False,16,0.0,True,False,10,10,0,-123.53764705882355,True,False,26.255,105.02,16.0,16.0,False,0.0,1.0,16.0,0.0,0.0,4.0,84.21052631578948,0.0,0.0
2025-10-22_08:00_12:00,2025-10-22 08:00:00+02:00,2025-10-22 12:00:00+02:00,4.0,44.51,False,False,16,0.0,True,False,11,11,0,-112.65764705882353,True,False,56.565,226.26,16.0,16.0,False,0.0,1.0,16.0,0.0,0.0,4.0,84.21052631578948,0.0,0.0
2025-10-22_12:00_16:00,2025-10-22 12:00:00+02:00,2025-10-22 16:00:00+02:00,4.0,53.06,False,False,16,0.0,True,False,9,9,1,-153.01764705882354,True,False,48.852,195.408,16.0,16.0,False,0.0,1.0,16.0,0.0,0.0,4.0,84.21052631578948,0.0,0.0
2025-10-22_16:00_20:00,2025-10-22 16:00:00+02:00,2025-10-22 20:00:00+02:00,4.0,6.54,False,False,16,0.0,True,False,9,9,0,-207.40764705882356,True,False,21.055,84.22,16.0,16.0,False,0.0,1.0,16.0,0.0,0.0,4.0,84.21052631578948,0.0,0.0
2025-10-22_20:00_00:00,2025-10-22 20:00:00+02:00,2025-10-23 00:00:00+02:00,4.0,4.03,False,False,16,0.0,True,False,13,13,0,-118.42764705882354,True,False,25.439,101.756,16.0,16.0,False,0.0,1.0,16.0,0.0,0.0,4.0,84.21052631578948,0.0,0.0
2025-10-23_00:00_04:00,2025-10-23 00:00:00+02:00,2025-10-23 04:00:00+02:00,4.0,14.2,False,False,16,0.0,True,False,12,12,1,-110.29764705882354,True,False,74.512,298.048,16.0,16.0,False,0.0,1.0,16.0,0.0,0.0,4.0,84.21052631578948,0.0,0.0
2025-10-23_04:00_08:00,2025-10-23 04:00:00+02:00,2025-10-23 08:00:00+02:00,4.0,18.2,False,False,16,0.0,True,False,14,14,1,-118.04764705882354,True,False,82.41,329.64,16.0,16.0,False,0.0,1.0,16.0,0.0,0.0,4.0,84.21052631578948,0.0,0.0
2025-10-23_08:00_12:00,2025-10-23 08:00:00+02:00,2025-10-23 12:00:00+02:00,4.0,78.58,False,False,16,0.0,True,False,12,12,2,-381.72764705882355,True,False,21.971,87.884,16.0,16.0,False,0.0,1.0,16.0,0.0,0.0,4.0,84.21052631578948,0.0,0.0
2025-10-23_12:00_16:00,2025-10-23 12:00:00+02:00,2025-10-23 16:00:00+02:00,4.0,84.0,False,False,16,0.0,True,False,13,9,0,-381.96764705882356,True,False,108.358,433.432,16.0,16.0,False,0.0,1.0,16.0,0.0,0.0,0.0,83.30203342105264,14.936,-1860.2161600000002
2025-10-23_16:00_20:00,2025-10-23 16:00:00+02:00,2025-10-23 20:00:00+02:00,4.0,27.73,False,False,16,0.0,True,False,9,7,0,-98.94764705882355,True,False,51.176,204.704,16.0,16.0,False,0.0,1.0,16.0,0.0,0.0,0.0,79.34243526315791,8.0,-912.4
2025-10-23_20:00_00:00,2025-10-23 20:00:00+02:00,2025-10-24 00:00:00+02:00,4.0,24.1,False,False,16,0.0,True,False,14,9,0,-80.01764705882354,True,False,47.335,189.34,16.0,16.0,False,0.0,1.0,16.0,0.0,0.0,0.0,78.99471447368421,9.408724597424852,-809.987260893355
2025-10-24_00:00_04:00,2025-10-24 00:00:00+02:00,2025-10-24 04:00:00+02:00,4.0,20.81,False,False,16,0.0,True,False,16,5,0,-43.06764705882353,True,False,41.538,166.152,16.0,16.0,False,0.0,1.0,16.0,0.0,0.0,0.0,53.800436437739435,13.697623674881566,-341.0000067035257
2025-10-24_04:00_08:00,2025-10-24 04:00:00+02:00,2025-10-24 08:00:00+02:00,4.0,18.0,False,False,16,0.0,True,False,15,7,0,-87.20764705882354,True,False,116.806,467.224,16.0,16.0,False,0.0,1.0,16.0,0.0,0.0,0.0,36.34902780901329,32.0,-29309.56
2025-10-24_08:00_12:00,2025-10-24 08:00:00+02:00,2025-10-24 12:00:00+02:00,4.0,43.45,False,False,16,0.0,True,False,16,5,0,-127.19764705882355,True,False,108.476,433.904,16.0,16.0,False,0.0,1.0,16.0,0.0,0.0,0.0,46.63443728625151,24.0,-2193.0
2025-10-24_12:00_16:00,2025-10-24 12:00:00+02:00,2025-10-24 16:00:00+02:00,4.0,70.82,False,False,16,0.0,True,False,16,4,0,-21.357647058823538,True,False,147.072,588.288,16.0,16.0,False,0.0,1.0,16.0,0.0,0.0,0.0,49.987735343845976,40.0,-4280.36
2025-10-24_16:00_20:00,2025-10-24 16:00:00+02:00,2025-10-24 20:00:00+02:00,4.0,21.55,False,False,16,0.0,True,False,16,9,0,-69.52764705882353,True,False,63.831,255.324,16.0,16.0,False,0.0,1.0,16.0,0.0,0.0,0.0,56.78309543229043,24.0,-980.4000000000001
2025-10-24_20:00_00:00,2025-10-24 20:00:00+02:00,2025-10-25 00:00:00+02:00,4.0,17.18,False,False,16,0.0,True,False,16,7,0,-68.79764705882354,True,False,51.209,204.836,16.0,16.0,False,0.0,1.0,16.0,0.0,0.0,0.0,48.141221469089565,28.0,-1684.4
2025-10-25_00:00_04:00,2025-10-25 00:00:00+02:00,2025-10-25 04:00:00+02:00,4.0,16.3,False,False,16,0.0,True,False,16,9,0,-77.18764705882353,True,False,28.739,114.956,16.0,16.0,False,0.0,1.0,16.0,0.0,0.0,0.0,48.1214858541415,24.0,-426.04
2025-10-25_04:00_08:00,2025-10-25 04:00:00+02:00,2025-10-25 08:00:00+02:00,4.0,17.05,False,False,16,0.0,True,False,15,10,0,-48.277647058823526,True,False,95.135,380.54,13.815315258853431,13.0,False,0.0,1.0,13.0,0.0,0.0,0.0,47.1747697514565,15.314,-1422.74836
2025-10-25_08:00_12:00,2025-10-25 08:00:00+02:00,2025-10-25 12:00:00+02:00,4.0,37.28,False,False,16,0.0,True,False,13,6,0,-26.557647058823527,True,False,48.083,192.332,13.815315258853431,13.0,False,0.0,1.0,13.0,0.0,0.0,0.0,60.09791295315571,22.439,-1103.55766
2025-10-25_12:00_16:00,2025-10-25 12:00:00+02:00,2025-10-25 16:00:00+02:00,4.0,57.4,False,False,16,0.0,True,False,15,8,0,-57.38764705882354,True,False,23.474,93.896,13.815315258853431,13.0,False,0.0,1.0,13.0,0.0,0.0,0.0,80.36253476868421,24.081,-743.9049600000001
2025-10-25_16:00_20:00,2025-10-25 16:00:00+02:00,2025-10-25 20:00:00+02:00,4.0,17.19,False,False,16,0.0,True,False,12,11,0,-101.79764705882354,True,False,31.582,126.328,13.815315258853431,13.0,False,0.0,1.0,13.0,0.0,0.0,0.0,82.32342105263159,4.0,-247.16
2025-10-25_20:00_00:00,2025-10-25 20:00:00+02:00,2025-10-26 00:00:00+02:00,4.0,12.66,False,False,16,0.0,True,False,15,10,0,-93.39764705882354,True,False,27.06,108.24,13.815315258853431,13.0,False,0.0,1.0,13.0,0.0,0.0,0.0,78.87080283209953,16.91978947368421,-331.20944
2025-10-26_00:00_03:00,2025-10-26 00:00:00+02:00,2025-10-26 03:00:00+01:00,4.0,15.82,False,False,16,0.0,True,False,16,9,5,-244.15764705882356,True,False,164.97,659.88,13.815315258853431,13.0,False,0.0,1.0,13.0,0.0,0.0,0.0,76.4132609758688,4.0,-417.96
2025-10-26_03:00_07:00,2025-10-26 03:00:00+01:00,2025-10-26 07:00:00+01:00,4.0,15.82,False,True,16,0.0,True,False,12,7,1,-95.87764705882353,True,False,63.604,254.416,16.0,16.0,False,0.0,1.0,16.0,0.0,0.0,0.0,74.42840558363034,4.364916805010891,-303.44477694499994
2025-10-26_07:00_11:00,2025-10-26 07:00:00+01:00,2025-10-26 11:00:00+01:00,4.0,16.24,False,True,16,0.0,True,False,15,4,0,-46.72764705882353,True,False,76.123,304.492,16.0,16.0,False,0.0,1.0,16.0,0.0,0.0,0.0,67.61292622244389,32.0,-3384.44
2025-10-26_11:00_15:00,2025-10-26 11:00:00+01:00,2025-10-26 15:00:00+01:00,4.0,34.44,False,True,16,0.0,True,False,13,7,0,-36.83764705882353,True,False,58.682,234.728,16.0,16.0,False,0.0,1.0,16.0,0.0,0.0,0.0,61.49891341808957,8.0,-310.84
2025-10-26_15:00_19:00,2025-10-26 15:00:00+01:00,2025-10-26 19:00:00+01:00,4.0,53.79,False,True,16,0.0,True,False,15,6,0,-83.07764705882354,True,False,94.104,376.416,16.0,16.0,False,0.0,1.0,16.0,0.0,0.0,0.0,73.484994344425,8.0,-356.24
2025-10-26_19:00_23:00,2025-10-26 19:00:00+01:00,2025-10-26 23:00:00+01:00,4.0,17.37,False,True,16,0.0,True,False,16,4,0,-42.94764705882354,True,False,95.714,382.856,16.0,16.0,False,0.0,1.0,16.0,0.0,0.0,0.0,46.74294862655439,23.342667767604283,-1591.866165095626
2025-10-26_23:00_03:00,2025-10-26 23:00:00+01:00,2025-10-27 03:00:00+01:00,1.0,13.39,False,False,4,0.0,True,False,3,2,0,-111.46764705882353,True,False,8.281,33.124,16.0,16.0,False,0.0,1.0,16.0,0.0,0.0,0.0,31.568231569725388,4.0,-482.48
2025-10-27_00:00_04:00,2025-10-27 00:00:00+01:00,2025-10-27 04:00:00+01:00,4.0,28.0,False,False,16,0.0,True,False,9,6,0,-14.617647058823529,True,False,17.818,71.272,7.892057892431347,7.0,False,0.0,1.0,7.0,0.0,0.0,0.0,0.0,2.9485249999999876,-30.48774849999987
2025-10-27_04:00_08:00,2025-10-27 04:00:00+01:00,2025-10-27 08:00:00+01:00,4.0,28.31,False,False,16,0.0,True,False,9,8,0,-106.40764705882353,True,False,7.298,29.192,7.892057892431347,7.0,False,0.0,1.0,7.0,0.0,0.0,0.0,1.4750000000000048,4.0,-201.0
2025-10-27_08:00_12:00,2025-10-27 08:00:00+01:00,2025-10-27 12:00:00+01:00,4.0,28.02,False,False,16,0.0,True,False,14,12,0,-91.23764705882354,True,False,28.657,114.628,7.892057892431347,7.0,False,0.0,1.0,7.0,0.0,0.0,0.0,31.432396608060593,8.0,-99.72
2025-10-27_12:00_16:00,2025-10-27 12:00:00+01:00,2025-10-27 16:00:00+01:00,4.0,44.02,False,False,16,0.0,True,False,5,4,0,-122.56764705882352,True,False,22.136,88.544,7.892057892431347,7.0,False,0.0,1.0,7.0,0.0,0.0,0.0,80.61937983974022,4.0,-143.36
2025-10-27_16:00_20:00,2025-10-27 16:00:00+01:00,2025-10-27 20:00:00+01:00,4.0,12.11,False,False,16,0.0,True,False,11,10,0,-63.56764705882353,True,False,87.829,351.316,7.892057892431347,7.0,False,0.0,1.0,7.0,0.0,0.0,0.0,81.77526315789474,4.0,-12.32
2025-10-27_20:00_00:00,2025-10-27 20:00:00+01:00,2025-10-28 00:00:00+01:00,4.0,10.01,False,False,16,0.0,True,False,16,7,0,-37.46764705882352,True,False,77.526,310.104,7.892057892431347,7.0,False,0.0,1.0,7.0,0.0,0.0,0.0,74.48407552454053,28.0,-1733.04
2025-10-28_00:00_04:00,2025-10-28 00:00:00+01:00,2025-10-28 04:00:00+01:00,4.0,48.3,False,False,16,0.0,True,False,14,13,0,-74.55764705882353,True,False,13.348,53.392,16.0,16.0,False,0.0,1.0,16.0,0.0,0.0,0.0,78.57163124434639,4.0,-47.72
2025-10-28_04:00_08:00,2025-10-28 04:00:00+01:00,2025-10-28 08:00:00+01:00,4.0,47.15,False,False,16,0.0,True,False,11,11,0,-97.63764705882355,True,False,38.869,155.476,16.0,16.0,False,0.0,1.0,16.0,0.0,0.0,4.0,84.21052631578948,0.0,0.0
2025-10-28_08:00_12:00,2025-10-28 08:00:00+01:00,2025-10-28 12:00:00+01:00,4.0,25.0,False,False,16,0.0,True,False,14,12,0,-68.49764705882353,True,False,56.798,227.192,16.0,16.0,False,0.0,1.0,16.0,0.0,0.0,0.0,83.75605263157895,8.0,-106.44
2025-10-28_12:00_16:00,2025-10-28 12:00:00+01:00,2025-10-28 16:00:00+01:00,4.0,42.98,False,False,16,0.0,True,False,9,7,1,-88.96764705882353,True,False,102.407,409.628,16.0,16.0,False,0.0,1.0,16.0,0.0,0.0,0.0,80.4871257894737,8.0,-219.95999999999998
2025-10-28_16:00_20:00,2025-10-28 16:00:00+01:00,2025-10-28 20:00:00+01:00,4.0,10.82,False,False,16,0.0,True,False,11,11,0,-89.30764705882353,True,False,36.498,145.992,16.0,16.0,False,0.0,1.0,16.0,0.0,0.0,4.0,82.05558603210527,0.0,0.0
2025-10-28_20:00_00:00,2025-10-28 20:00:00+01:00,2025-10-29 00:00:00+01:00,4.0,9.22,False,False,16,0.0,True,False,14,11,0,-120.39764705882354,True,False,47.467,189.868,16.0,16.0,False,0.0,1.0,16.0,0.0,0.0,0.0,78.48007552454052,12.0,-310.36
2025-10-29_00:00_04:00,2025-10-29 00:00:00+01:00,2025-10-29 04:00:00+01:00,4.0,21.61,False,False,16,0.0,True,False,12,12,0,-71.84764705882353,True,False,38.074,152.296,16.0,16.0,False,0.0,1.0,16.0,0.0,0.0,4.0,84.21052631578948,0.0,0.0
2025-10-29_04:00_08:00,2025-10-29 04:00:00+01:00,2025-10-29 08:00:00+01:00,4.0,19.56,False,False,16,0.0,True,False,12,12,0,-104.85764705882355,True,False,32.072,128.288,16.0,16.0,False,0.0,1.0,16.0,0.0,0.0,4.0,84.21052631578948,0.0,0.0
2025-10-29_08:00_12:00,2025-10-29 08:00:00+01:00,2025-10-29 12:00:00+01:00,4.0,20.52,False,False,16,0.0,True,False,8,8,0,-110.38764705882355,True,False,38.348,153.392,16.0,16.0,False,0.0,1.0,16.0,0.0,0.0,4.0,84.21052631578948,0.0,0.0
2025-10-29_12:00_16:00,2025-10-29 12:00:00+01:00,2025-10-29 16:00:00+01:00,4.0,33.93,False,False,16,0.0,True,False,13,13,0,-120.89764705882354,True,False,79.003,316.012,16.0,16.0,False,0.0,1.0,16.0,0.0,0.0,4.0,84.21052631578948,0.0,0.0
2025-10-29_16:00_20:00,2025-10-29 16:00:00+01:00,2025-10-29 20:00:00+01:00,4.0,8.28,False,False,16,0.0,True,False,10,10,2,-134.81764705882352,True,False,12.834,51.336,16.0,16.0,False,0.0,1.0,16.0,0.0,0.0,4.0,84.21052631578948,0.0,0.0
2025-10-29_20:00_00:00,2025-10-29 20:00:00+01:00,2025-10-30 00:00:00+01:00,4.0,6.88,False,False,16,0.0,True,False,12,12,0,-121.94764705882355,True,False,144.2,576.8,16.0,16.0,False,0.0,1.0,16.0,0.0,0.0,4.0,84.21052631578948,0.0,0.0
2025-10-30_00:00_04:00,2025-10-30 00:00:00+01:00,2025-10-30 04:00:00+01:00,4.0,16.0,False,False,16,0.0,True,False,15,15,0,-79.12764705882353,True,False,109.403,437.612,16.0,16.0,False,0.0,1.0,16.0,0.0,0.0,4.0,84.21052631578948,0.0,0.0
2025-10-30_04:00_08:00,2025-10-30 04:00:00+01:00,2025-10-30 08:00:00+01:00,4.0,16.86,False,False,16,0.0,True,False,14,9,0,-89.97764705882355,True,False,127.412,509.648,16.0,16.0,False,0.0,1.0,16.0,0.0,0.0,0.0,77.78133303945133,20.0,-14556.96
2025-10-30_08:00_12:00,2025-10-30 08:00:00+01:00,2025-10-30 12:00:00+01:00,4.0,61.0,False,False,16,0.0,True,True,16,0,0,7.812352941176471,True,False,178.282,713.128,16.0,16.0,False,0.0,1.0,16.0,0.0,0.0,0.0,75.75427594893796,36.0,-2187.8
2025-10-30_12:00_16:00,2025-10-30 12:00:00+01:00,2025-10-30 16:00:00+01:00,4.0,54.55,False,False,16,0.0,True,False,13,12,8,-81.34764705882353,True,False,13.564,54.256,16.0,16.0,False,0.0,1.0,16.0,0.0,0.0,0.0,75.3082585150943,4.0,-99.52
2025-10-30_16:00_20:00,2025-10-30 16:00:00+01:00,2025-10-30 20:00:00+01:00,4.0,6.37,False,False,16,0.0,True,False,10,10,0,-110.45764705882354,True,False,9.933,39.732,16.0,16.0,False,0.0,1.0,16.0,0.0,0.0,4.0,84.21052631578948,0.0,0.0
2025-10-30_20:00_00:00,2025-10-30 20:00:00+01:00,2025-10-31 00:00:00+01:00,4.0,5.3,False,False,16,0.0,True,False,14,14,1,-97.60764705882355,True,False,6.319,25.276,16.0,16.0,False,0.0,1.0,16.0,0.0,0.0,4.0,84.21052631578948,0.0,0.0
2025-10-31_00:00_04:00,2025-10-31 00:00:00+01:00,2025-10-31 04:00:00+01:00,4.0,11.11,False,False,16,0.0,True,False,5,5,0,-86.90764705882353,True,False,21.747,86.988,16.0,16.0,False,0.0,1.0,16.0,0.0,0.0,4.0,84.21052631578948,0.0,0.0
2025-10-31_04:00_08:00,2025-10-31 04:00:00+01:00,2025-10-31 08:00:00+01:00,4.0,10.95,False,False,16,0.0,True,False,11,11,2,-120.75764705882355,True,False,9.834,39.336,16.0,16.0,False,0.0,1.0,16.0,0.0,0.0,4.0,84.21052631578948,0.0,0.0
2025-10-31_08:00_12:00,2025-10-31 08:00:00+01:00,2025-10-31 12:00:00+01:00,4.0,24.84,False,False,16,0.0,True,False,10,10,0,-106.83764705882353,True,False,14.045,56.18,16.0,16.0,False,0.0,1.0,16.0,0.0,0.0,4.0,84.21052631578948,0.0,0.0
2025-10-31_12:00_16:00,2025-10-31 12:00:00+01:00,2025-10-31 16:00:00+01:00,4.0,31.58,False,False,16,0.0,True,False,10,10,0,-110.03764705882355,True,False,70.736,282.944,16.0,16.0,False,0.0,1.0,16.0,0.0,0.0,4.0,84.21052631578948,0.0,0.0
2025-10-31_16:00_20:00,2025-10-31 16:00:00+01:00,2025-10-31 20:00:00+01:00,4.0,5.76,False,False,16,0.0,True,False,13,13,0,-100.39764705882354,True,False,197.572,790.288,16.0,16.0,False,0.0,1.0,16.0,0.0,0.0,4.0,84.21052631578948,0.0,0.0
2025-10-31_20:00_00:00,2025-10-31 20:00:00+01:00,2025-11-01 00:00:00+01:00,4.0,4.65,False,False,16,0.0,True,False,10,9,1,-77.59764705882353,True,False,115.826,463.304,16.0,16.0,False,0.0,1.0,16.0,0.0,0.0,0.0,81.77526315789474,4.0,-65.8
2025-11-01_00:00_04:00,2025-11-01 00:00:00+01:00,2025-11-01 04:00:00+01:00,4.0,12.58,False,False,16,0.0,True,False,7,7,0,-116.16764705882355,True,False,2.606,10.424,10.424,10.0,False,0.0,1.0,10.0,0.0,0.0,4.0,84.21052631578948,0.0,0.0
2025-11-01_04:00_08:00,2025-11-01 04:00:00+01:00,2025-11-01 08:00:00+01:00,4.0,14.13,False,False,16,0.0,True,False,14,14,0,-58.39764705882353,True,False,36.34,145.36,16.0,16.0,False,0.0,1.0,16.0,0.0,0.0,4.0,84.21052631578948,0.0,0.0
2025-11-01_08:00_12:00,2025-11-01 08:00:00+01:00,2025-11-01 12:00:00+01:00,4.0,27.58,False,False,16,0.0,True,False,10,9,0,-107.89764705882354,True,False,77.942,311.768,16.0,16.0,False,0.0,1.0,16.0,0.0,0.0,0.0,81.7928947368421,4.0,-28.84
2025-11-01_12:00_16:00,2025-11-01 12:00:00+01:00,2025-11-01 16:00:00+01:00,4.0,41.47,False,False,16,0.0,True,False,3,3,0,-79.06764705882352,True,False,2.806,11.224,11.224,11.0,False,0.0,1.0,11.0,0.0,0.0,4.0,84.21052631578948,0.0,0.0
2025-11-01_16:00_20:00,2025-11-01 16:00:00+01:00,2025-11-01 20:00:00+01:00,4.0,9.94,False,False,16,0.0,True,False,15,15,1,-129.68764705882353,True,False,105.049,420.196,16.0,16.0,False,0.0,1.0,16.0,0.0,0.0,4.0,84.21052631578948,0.0,0.0
2025-11-01_20:00_00:00,2025-11-01 20:00:00+01:00,2025-11-02 00:00:00+01:00,4.0,6.49,False,False,16,0.0,True,False,9,9,0,-66.71764705882353,True,False,96.558,386.232,16.0,16.0,False,0.0,1.0,16.0,0.0,0.0,4.0,84.21052631578948,0.0,0.0
2025-11-02_00:00_04:00,2025-11-02 00:00:00+01:00,2025-11-02 04:00:00+01:00,4.0,11.58,False,False,16,0.0,True,False,13,13,0,-88.45764705882354,True,False,155.4,621.6,16.0,16.0,False,0.0,1.0,16.0,0.0,0.0,4.0,84.21052631578948,0.0,0.0
2025-11-02_04:00_08:00,2025-11-02 04:00:00+01:00,2025-11-02 08:00:00+01:00,4.0,13.3,False,False,16,0.0,True,False,8,8,0,-89.72764705882355,True,False,70.235,280.94,16.0,16.0,False,0.0,1.0,16.0,0.0,0.0,4.0,84.21052631578948,0.0,0.0
2025-11-02_08:00_12:00,2025-11-02 08:00:00+01:00,2025-11-02 12:00:00+01:00,4.0,20.32,False,False,16,0.0,True,False,10,10,0,-93.65764705882353,True,False,24.555,98.22,16.0,16.0,False,0.0,1.0,16.0,0.0,0.0,4.0,84.21052631578948,0.0,0.0
2025-11-02_12:00_16:00,2025-11-02 12:00:00+01:00,2025-11-02 16:00:00+01:00,4.0,29.44,False,False,16,0.0,True,False,8,8,2,-118.59764705882353,True,False,18.595,74.38,16.0,16.0,False,0.0,1.0,16.0,0.0,0.0,4.0,84.21052631578948,0.0,0.0
2025-11-02_16:00_20:00,2025-11-02 16:00:00+01:00,2025-11-02 20:00:00+01:00,4.0,6.04,False,False,16,0.0,True,False,8,8,0,-152.22764705882352,True,False,2.372,9.488,9.488,9.0,False,0.0,1.0,9.0,0.0,0.0,4.0,84.21052631578948,0.0,0.0
2025-11-02_20:00_00:00,2025-11-02 20:00:00+01:00,2025-11-03 00:00:00+01:00,4.0,4.55,False,False,16,0.0,True,False,11,11,0,-88.72764705882355,True,False,97.478,389.912,16.0,16.0,False,0.0,1.0,16.0,0.0,0.0,4.0,84.21052631578948,0.0,0.0
2025-11-03_00:00_04:00,2025-11-03 00:00:00+01:00,2025-11-03 04:00:00+01:00,4.0,13.14,False,False,16,0.0,True,False,10,10,0,-96.64764705882354,True,False,48.033,192.132,16.0,16.0,False,0.0,1.0,16.0,0.0,0.0,4.0,84.21052631578948,0.0,0.0
2025-11-03_04:00_08:00,2025-11-03 04:00:00+01:00,2025-11-03 08:00:00+01:00,4.0,10.82,False,False,16,0.0,True,False,11,11,1,-97.74764705882353,True,False,31.847,127.388,16.0,16.0,False,0.0,1.0,16.0,0.0,0.0,4.0,84.21052631578948,0.0,0.0
2025-11-03_08:00_12:00,2025-11-03 08:00:00+01:00,2025-11-03 12:00:00+01:00,4.0,17.07,False,False,16,0.0,True,False,16,16,0,-61.57764705882354,True,False,76.063,304.252,16.0,16.0,False,0.0,1.0,16.0,0.0,0.0,4.0,84.21052631578948,0.0,0.0
2025-11-03_12:00_16:00,2025-11-03 12:00:00+01:00,2025-11-03 16:00:00+01:00,4.0,25.93,False,False,16,0.0,True,False,15,14,1,-121.37764705882353,True,False,122.961,491.844,16.0,16.0,False,0.0,1.0,16.0,0.0,0.0,0.0,83.73078947368423,4.0,-74.24
2025-11-03_16:00_20:00,2025-11-03 16:00:00+01:00,2025-11-03 20:00:00+01:00,4.0,6.46,False,False,16,0.0,True,False,15,15,0,-111.69764705882355,True,False,67.878,271.512,16.0,16.0,False,0.0,1.0,16.0,0.0,0.0,4.0,84.21052631578948,0.0,0.0
2025-11-03_20:00_00:00,2025-11-03 20:00:00+01:00,2025-11-04 00:00:00+01:00,4.0,7.5,False,False,16,0.0,True,False,13,13,0,-91.33764705882353,True,False,38.392,153.568,16.0,16.0,False,0.0,1.0,16.0,0.0,0.0,4.0,84.21052631578948,0.0,0.0
2025-11-04_00:00_04:00,2025-11-04 00:00:00+01:00,2025-11-04 04:00:00+01:00,4.0,37.83,False,False,16,0.0,True,False,12,12,0,-79.64764705882354,True,False,13.35,53.4,16.0,16.0,False,0.0,1.0,16.0,0.0,0.0,4.0,84.21052631578948,0.0,0.0
2025-11-04_04:00_08:00,2025-11-04 04:00:00+01:00,2025-11-04 08:00:00+01:00,4.0,21.83,False,False,16,0.0,True,False,8,8,1,-130.62764705882353,True,False,24.349,97.396,16.0,16.0,False,0.0,1.0,16.0,0.0,0.0,4.0,84.21052631578948,0.0,0.0
2025-11-04_08:00_12:00,2025-11-04 08:00:00+01:00,2025-11-04 12:00:00+01:00,4.0,21.5,False,False,16,0.0,True,False,15,14,2,-87.92764705882354,True,False,82.949,331.796,16.0,16.0,False,0.0,1.0,16.0,0.0,0.0,0.0,83.73078947368423,4.0,-54.4
2025-11-04_12:00_16:00,2025-11-04 12:00:00+01:00,2025-11-04 16:00:00+01:00,4.0,22.3,False,False,16,0.0,True,False,12,12,3,-106.31764705882352,True,False,34.495,137.98,16.0,16.0,False,0.0,1.0,16.0,0.0,0.0,4.0,84.21052631578948,0.0,0.0
2025-11-04_16:00_20:00,2025-11-04 16:00:00+01:00,2025-11-04 20:00:00+01:00,4.0,4.77,False,False,16,0.0,True,False,16,16,0,-105.47764705882355,True,False,73.881,295.524,16.0,16.0,False,0.0,1.0,16.0,0.0,0.0,4.0,84.21052631578948,0.0,0.0
2025-11-04_20:00_00:00,2025-11-04 20:00:00+01:00,2025-11-05 00:00:00+01:00,4.0,4.97,False,False,16,0.0,True,False,10,10,0,-98.66764705882355,True,False,40.593,162.372,16.0,16.0,False,0.0,1.0,16.0,0.0,0.0,4.0,84.21052631578948,0.0,0.0
2025-11-05_00:00_04:00,2025-11-05 00:00:00+01:00,2025-11-05 04:00:00+01:00,4.0,19.89,False,False,16,0.0,True,False,9,9,0,-90.72764705882355,True,False,21.035,84.14,16.0,16.0,False,0.0,1.0,16.0,0.0,0.0,4.0,84.21052631578948,0.0,0.0
2025-11-05_04:00_08:00,2025-11-05 04:00:00+01:00,2025-11-05 08:00:00+01:00,4.0,12.85,False,False,16,0.0,True,False,7,7,0,-100.37764705882353,True,False,4.429,17.716,16.0,16.0,False,0.0,1.0,16.0,0.0,0.0,4.0,84.21052631578948,0.0,0.0
2025-11-05_08:00_12:00,2025-11-05 08:00:00+01:00,2025-11-05 12:00:00+01:00,4.0,88.45,False,False,16,0.0,True,False,14,14,1,-104.54764705882354,True,False,114.301,457.204,16.0,16.0,False,0.0,1.0,16.0,0.0,0.0,4.0,84.21052631578948,0.0,0.0
2025-11-05_12:00_16:00,2025-11-05 12:00:00+01:00,2025-11-05 16:00:00+01:00,4.0,18.9,False,False,16,0.0,True,False,12,12,0,-100.73764705882354,True,False,43.079,172.316,16.0,16.0,False,0.0,1.0,16.0,0.0,0.0,4.0,84.21052631578948,0.0,0.0
2025-11-05_16:00_20:00,2025-11-05 16:00:00+01:00,2025-11-05 20:00:00+01:00,4.0,3.8,False,False,16,0.0,True,False,14,14,0,-120.12764705882353,True,False,27.499,109.996,16.0,16.0,False,0.0,1.0,16.0,0.0,0.0,4.0,84.21052631578948,0.0,0.0
2025-11-05_20:00_00:00,2025-11-05 20:00:00+01:00,2025-11-06 00:00:00+01:00,4.0,4.09,False,False,16,0.0,True,False,14,14,0,-102.30764705882353,True,False,133.812,535.248,16.0,16.0,False,0.0,1.0,16.0,0.0,0.0,4.0,84.21052631578948,0.0,0.0
2025-11-06_00:00_04:00,2025-11-06 00:00:00+01:00,2025-11-06 04:00:00+01:00,4.0,11.79,False,False,16,0.0,True,False,15,15,0,-97.84764705882353,True,False,12.323,49.292,16.0,16.0,False,0.0,1.0,16.0,0.0,0.0,4.0,84.21052631578948,0.0,0.0
2025-11-06_04:00_08:00,2025-11-06 04:00:00+01:00,2025-11-06 08:00:00+01:00,4.0,9.16,False,False,16,0.0,True,False,12,12,0,-114.56764705882352,True,False,24.957,99.828,16.0,16.0,False,0.0,1.0,16.0,0.0,0.0,4.0,84.21052631578948,0.0,0.0
2025-11-06_08:00_12:00,2025-11-06 08:00:00+01:00,2025-11-06 12:00:00+01:00,4.0,47.84,False,False,16,0.0,True,False,9,9,0,-103.70764705882354,True,False,9.829,39.316,16.0,16.0,False,0.0,1.0,16.0,0.0,0.0,4.0,84.21052631578948,0.0,0.0
2025-11-06_12:00_16:00,2025-11-06 12:00:00+01:00,2025-11-06 16:00:00+01:00,4.0,116.25,False,False,16,0.0,True,False,9,9,0,-120.32764705882354,True,False,41.498,165.992,16.0,16.0,False,0.0,1.0,16.0,0.0,0.0,4.0,84.21052631578948,0.0,0.0
2025-11-06_16:00_20:00,2025-11-06 16:00:00+01:00,2025-11-06 20:00:00+01:00,4.0,3.22,False,False,16,0.0,True,False,12,12,1,-124.79764705882354,True,False,8.122,32.488,16.0,16.0,False,0.0,1.0,16.0,0.0,0.0,4.0,84.21052631578948,0.0,0.0
2025-11-06_20:00_00:00,2025-11-06 20:00:00+01:00,2025-11-07 00:00:00+01:00,4.0,2.91,False,False,16,0.0,True,False,16,16,0,-98.47764705882355,True,False,13.321,53.284,16.0,16.0,False,0.0,1.0,16.0,0.0,0.0,4.0,84.21052631578948,0.0,0.0
2025-11-07_00:00_04:00,2025-11-07 00:00:00+01:00,2025-11-07 04:00:00+01:00,4.0,7.77,False,False,16,0.0,True,False,9,9,1,-86.89764705882354,True,False,19.753,79.012,16.0,16.0,False,0.0,1.0,16.0,0.0,0.0,4.0,84.21052631578948,0.0,0.0
2025-11-07_04:00_08:00,2025-11-07 04:00:00+01:00,2025-11-07 08:00:00+01:00,4.0,6.63,False,False,16,0.0,True,False,10,10,2,-124.96764705882353,True,False,9.966,39.864,16.0,16.0,False,0.0,1.0,16.0,0.0,0.0,4.0,84.21052631578948,0.0,0.0
2025-11-07_08:00_12:00,2025-11-07 08:00:00+01:00,2025-11-07 12:00:00+01:00,4.0,24.7,False,False,16,0.0,True,False,7,7,0,-127.30764705882353,True,False,30.814,123.256,16.0,16.0,False,0.0,1.0,16.0,0.0,0.0,4.0,84.21052631578948,0.0,0.0
2025-11-07_12:00_16:00,2025-11-07 12:00:00+01:00,2025-11-07 16:00:00+01:00,4.0,34.65,False,False,16,0.0,True,False,1,1,0,-131.46764705882353,False,False,0.022,0.088,0.088,0.0,False,0.0,1.0,0.0,0.0,0.0,4.0,84.21052631578948,0.0,0.0
2025-11-07_16:00_20:00,2025-11-07 16:00:00+01:00,2025-11-07 20:00:00+01:00,4.0,2.6,False,False,16,0.0,True,False,8,8,0,-122.74764705882353,True,False,5.22,20.88,16.0,16.0,False,0.0,1.0,16.0,0.0,0.0,4.0,84.21052631578948,0.0,0.0
2025-11-07_20:00_00:00,2025-11-07 20:00:00+01:00,2025-11-08 00:00:00+01:00,4.0,2.41,False,False,16,0.0,True,False,14,14,0,-142.23764705882354,True,False,9.47,37.88,16.0,16.0,False,0.0,1.0,16.0,0.0,0.0,4.0,84.21052631578948,0.0,0.0
2025-11-08_00:00_04:00,2025-11-08 00:00:00+01:00,2025-11-08 04:00:00+01:00,4.0,6.9,False,False,16,0.0,True,False,16,16,0,-100.16764705882355,True,False,9.135,36.54,16.0,16.0,False,0.0,1.0,16.0,0.0,0.0,4.0,84.21052631578948,0.0,0.0
2025-11-08_04:00_08:00,2025-11-08 04:00:00+01:00,2025-11-08 08:00:00+01:00,4.0,5.56,False,False,16,0.0,True,False,14,14,2,-109.34764705882353,True,False,28.492,113.968,16.0,16.0,False,0.0,1.0,16.0,0.0,0.0,4.0,84.21052631578948,0.0,0.0
2025-11-08_08:00_12:00,2025-11-08 08:00:00+01:00,2025-11-08 12:00:00+01:00,4.0,18.03,False,False,16,0.0,True,False,11,11,1,-100.06764705882352,True,False,5.568,22.272,16.0,16.0,False,0.0,1.0,16.0,0.0,0.0,4.0,84.21052631578948,0.0,0.0
2025-11-08_12:00_16:00,2025-11-08 12:00:00+01:00,2025-11-08 16:00:00+01:00,4.0,23.82,False,False,16,0.0,True,False,5,5,2,-115.90764705882353,True,False,0.984,3.936,3.936,3.0,False,0.0,1.0,3.0,0.0,0.0,4.0,84.21052631578948,0.0,0.0
2025-11-08_16:00_20:00,2025-11-08 16:00:00+01:00,2025-11-08 20:00:00+01:00,4.0,2.17,False,False,16,0.0,True,False,12,12,1,-209.93764705882353,True,False,32.261,129.044,16.0,16.0,False,0.0,1.0,16.0,0.0,0.0,4.0,84.21052631578948,0.0,0.0
2025-11-08_20:00_00:00,2025-11-08 20:00:00+01:00,2025-11-09 00:00:00+01:00,4.0,2.04,False,False,16,0.0,True,False,15,15,0,-104.48764705882354,True,False,4.864,19.456,16.0,16.0,False,0.0,1.0,16.0,0.0,0.0,4.0,84.21052631578948,0.0,0.0
2025-11-09_00:00_04:00,2025-11-09 00:00:00+01:00,2025-11-09 04:00:00+01:00,4.0,5.52,False,False,16,0.0,True,False,15,15,0,-119.75764705882355,True,False,22.523,90.092,16.0,16.0,False,0.0,1.0,16.0,0.0,0.0,4.0,84.21052631578948,0.0,0.0
2025-11-09_04:00_08:00,2025-11-09 04:00:00+01:00,2025-11-09 08:00:00+01:00,4.0,5.13,False,False,16,0.0,True,False,14,14,1,-95.70764705882354,True,False,1.996,7.984,7.984,7.0,False,0.0,1.0,7.0,0.0,0.0,4.0,84.21052631578948,0.0,0.0
2025-11-09_08:00_12:00,2025-11-09 08:00:00+01:00,2025-11-09 12:00:00+01:00,4.0,14.2,False,False,16,0.0,True,False,11,11,0,-105.25764705882355,True,False,21.632,86.528,16.0,16.0,False,0.0,1.0,16.0,0.0,0.0,4.0,84.21052631578948,0.0,0.0
2025-11-09_12:00_16:00,2025-11-09 12:00:00+01:00,2025-11-09 16:00:00+01:00,4.0,17.83,False,False,16,0.0,True,False,9,9,1,-148.20764705882354,True,False,7.144,28.576,16.0,16.0,False,0.0,1.0,16.0,0.0,0.0,4.0,84.21052631578948,0.0,0.0
2025-11-09_16:00_20:00,2025-11-09 16:00:00+01:00,2025-11-09 20:00:00+01:00,4.0,1.96,False,False,16,0.0,True,False,11,11,0,-158.74764705882353,True,False,25.087,100.348,16.0,16.0,False,0.0,1.0,16.0,0.0,0.0,4.0,84.21052631578948,0.0,0.0
2025-11-09_20:00_00:00,2025-11-09 20:00:00+01:00,2025-11-10 00:00:00+01:00,4.0,1.86,False,False,16,0.0,True,False,16,16,0,-102.47764705882355,True,False,5.619,22.476,16.0,16.0,False,0.0,1.0,16.0,0.0,0.0,4.0,84.21052631578948,0.0,0.0
2025-11-10_00:00_04:00,2025-11-10 00:00:00+01:00,2025-11-10 04:00:00+01:00,4.0,4.88,False,False,16,0.0,True,False,15,15,0,-96.08764705882353,True,False,30.72,122.88,16.0,16.0,False,0.0,1.0,16.0,0.0,0.0,4.0,84.21052631578948,0.0,0.0
2025-11-10_04:00_08:00,2025-11-10 04:00:00+01:00,2025-11-10 08:00:00+01:00,4.0,4.36,False,False,16,0.0,True,False,14,14,1,-124.83764705882353,True,False,48.868,195.472,16.0,16.0,False,0.0,1.0,16.0,0.0,0.0,4.0,84.21052631578948,0.0,0.0
2025-11-10_08:00_12:00,2025-11-10 08:00:00+01:00,2025-11-10 12:00:00+01:00,4.0,10.85,False,False,16,0.0,True,False,16,16,2,-113.78764705882355,True,False,16.434,65.736,16.0,16.0,False,0.0,1.0,16.0,0.0,0.0,4.0,84.21052631578948,0.0,0.0
2025-11-10_12:00_16:00,2025-11-10 12:00:00+01:00,2025-11-10 16:00:00+01:00,4.0,13.45,False,False,16,0.0,True,False,11,11,1,-124.61764705882354,True,False,14.673,58.692,16.0,16.0,False,0.0,1.0,16.0,0.0,0.0,4.0,84.21052631578948,0.0,0.0
2025-11-10_16:00_20:00,2025-11-10 16:00:00+01:00,2025-11-10 20:00:00+01:00,4.0,1.62,False,False,16,0.0,True,False,13,13,1,-171.57764705882354,True,False,30.508,122.032,16.0,16.0,False,0.0,1.0,16.0,0.0,0.0,4.0,84.21052631578948,0.0,0.0
2025-11-10_20:00_00:00,2025-11-10 20:00:00+01:00,2025-11-11 00:00:00+01:00,4.0,1.68,False,False,16,0.0,True,False,13,13,1,-92.34764705882353,True,False,52.402,209.608,16.0,16.0,False,0.0,1.0,16.0,0.0,0.0,4.0,84.21052631578948,0.0,0.0
2025-11-11_00:00_04:00,2025-11-11 00:00:00+01:00,2025-11-11 04:00:00+01:00,4.0,14.2,False,False,16,0.0,True,False,8,8,0,-82.21764705882353,True,False,22.727,90.908,16.0,16.0,False,0.0,1.0,16.0,0.0,0.0,4.0,84.21052631578948,0.0,0.0
2025-11-11_04:00_08:00,2025-11-11 04:00:00+01:00,2025-11-11 08:00:00+01:00,4.0,8.76,False,False,16,0.0,True,False,6,6,0,-103.55764705882353,True,False,3.856,15.424,15.424,15.0,False,0.0,1.0,15.0,0.0,0.0,4.0,84.21052631578948,0.0,0.0
2025-11-11_08:00_12:00,2025-11-11 08:00:00+01:00,2025-11-11 12:00:00+01:00,4.0,13.4,False,False,16,0.0,True,False,12,12,2,-132.89764705882354,True,False,21.01,84.04,16.0,16.0,False,0.0,1.0,16.0,0.0,0.0,4.0,84.21052631578948,0.0,0.0
2025-11-11_12:00_16:00,2025-11-11 12:00:00+01:00,2025-11-11 16:00:00+01:00,4.0,13.21,False,False,16,0.0,True,False,11,11,1,-117.52764705882353,True,False,11.846,47.384,16.0,16.0,False,0.0,1.0,16.0,0.0,0.0,4.0,84.21052631578948,0.0,0.0
2025-11-11_16:00_20:00,2025-11-11 16:00:00+01:00,2025-11-11 20:00:00+01:00,4.0,1.32,False,False,16,0.0,True,False,13,13,1,-143.69764705882352,True,False,57.226,228.904,16.0,16.0,False,0.0,1.0,16.0,0.0,0.0,4.0,84.21052631578948,0.0,0.0
2025-11-11_20:00_00:00,2025-11-11 20:00:00+01:00,2025-11-12 00:00:00+01:00,4.0,1.9,False,False,16,0.0,True,False,11,11,0,-106.19764705882355,True,False,16.408,65.632,16.0,16.0,False,0.0,1.0,16.0,0.0,0.0,4.0,84.21052631578948,0.0,0.0
2025-11-12_00:00_04:00,2025-11-12 00:00:00+01:00,2025-11-12 04:00:00+01:00,4.0,12.0,False,False,16,0.0,True,False,7,7,1,-89.02764705882353,True,False,5.511,22.044,16.0,16.0,False,0.0,1.0,16.0,0.0,0.0,4.0,84.21052631578948,0.0,0.0
2025-11-12_04:00_08:00,2025-11-12 04:00:00+01:00,2025-11-12 08:00:00+01:00,4.0,7.66,False,False,16,0.0,True,False,12,12,0,-123.61764705882354,True,False,16.994,67.976,16.0,16.0,False,0.0,1.0,16.0,0.0,0.0,4.0,84.21052631578948,0.0,0.0
2025-11-12_08:00_12:00,2025-11-12 08:00:00+01:00,2025-11-12 12:00:00+01:00,4.0,149.0,False,False,16,0.0,True,False,3,2,0,-28.357647058823538,True,False,32.496,129.984,16.0,16.0,False,0.0,1.0,16.0,0.0,0.0,0.0,83.73078947368423,4.0,-84.32
2025-11-12_12:00_16:00,2025-11-12 12:00:00+01:00,2025-11-12 16:00:00+01:00,4.0,37.07,False,False,16,0.0,True,False,11,11,0,-304.36764705882354,True,False,42.59,170.36,16.0,16.0,False,0.0,1.0,16.0,0.0,0.0,4.0,84.21052631578948,0.0,0.0
2025-11-12_16:00_20:00,2025-11-12 16:00:00+01:00,2025-11-12 20:00:00+01:00,4.0,3.0,False,False,16,0.0,True,False,16,16,1,-109.06764705882352,True,False,57.34,229.36,16.0,16.0,False,0.0,1.0,16.0,0.0,0.0,4.0,84.21052631578948,0.0,0.0
2025-11-12_20:00_00:00,2025-11-12 20:00:00+01:00,2025-11-13 00:00:00+01:00,4.0,8.42,False,False,16,0.0,True,False,11,11,0,-87.64764705882354,True,False,19.403,77.612,16.0,16.0,False,0.0,1.0,16.0,0.0,0.0,4.0,84.21052631578948,0.0,0.0
2025-11-13_00:00_04:00,2025-11-13 00:00:00+01:00,2025-11-13 04:00:00+01:00,4.0,40.82,False,False,16,0.0,True,False,5,5,0,-77.31764705882352,True,False,11.776,47.104,16.0,16.0,False,0.0,1.0,16.0,0.0,0.0,4.0,84.21052631578948,0.0,0.0
2025-11-13_04:00_08:00,2025-11-13 04:00:00+01:00,2025-11-13 08:00:00+01:00,4.0,22.6,False,False,16,0.0,True,False,10,10,1,-95.54764705882354,True,False,25.868,103.472,16.0,16.0,False,0.0,1.0,16.0,0.0,0.0,4.0,84.21052631578948,0.0,0.0
2025-11-13_08:00_12:00,2025-11-13 08:00:00+01:00,2025-11-13 12:00:00+01:00,4.0,49.83,False,False,16,0.0,True,False,10,10,1,-82.95764705882354,True,False,10.01,40.04,16.0,16.0,False,0.0,1.0,16.0,0.0,0.0,4.0,84.21052631578948,0.0,0.0
2025-11-13_12:00_16:00,2025-11-13 12:00:00+01:00,2025-11-13 16:00:00+01:00,4.0,29.13,False,False,16,0.0,True,False,12,9,1,-105.23764705882354,True,False,131.115,524.46,16.0,16.0,False,0.0,1.0,16.0,0.0,0.0,0.0,79.75937687394737,12.0,-522.0
2025-11-13_16:00_20:00,2025-11-13 16:00:00+01:00,2025-11-13 20:00:00+01:00,4.0,2.7,False,False,16,0.0,True,False,14,14,0,-109.71764705882353,True,False,36.527,146.108,16.0,16.0,False,0.0,1.0,16.0,0.0,0.0,4.0,84.21052631578948,0.0,0.0
2025-11-13_20:00_00:00,2025-11-13 20:00:00+01:00,2025-11-14 00:00:00+01:00,4.0,3.81,False,False,16,0.0,True,False,11,11,0,-109.01764705882354,True,False,3.36,13.44,13.44,13.0,False,0.0,1.0,13.0,0.0,0.0,4.0,84.21052631578948,0.0,0.0
2025-11-14_00:00_04:00,2025-11-14 00:00:00+01:00,2025-11-14 04:00:00+01:00,4.0,13.16,False,False,16,0.0,True,False,10,10,0,-96.29764705882354,True,False,3.714,14.856,14.856,14.0,False,0.0,1.0,14.0,0.0,0.0,4.0,84.21052631578948,0.0,0.0
2025-11-14_04:00_08:00,2025-11-14 04:00:00+01:00,2025-11-14 08:00:00+01:00,4.0,8.6,False,False,16,0.0,True,False,9,9,0,-109.41764705882355,True,False,8.494,33.976,16.0,16.0,False,0.0,1.0,16.0,0.0,0.0,4.0,84.21052631578948,0.0,0.0
2025-11-14_08:00_12:00,2025-11-14 08:00:00+01:00,2025-11-14 12:00:00+01:00,4.0,20.8,False,False,16,0.0,True,False,6,6,0,-117.93764705882353,True,False,3.264,13.056,13.056,13.0,False,0.0,1.0,13.0,0.0,0.0,4.0,84.21052631578948,0.0,0.0
2025-11-14_12:00_16:00,2025-11-14 12:00:00+01:00,2025-11-14 16:00:00+01:00,4.0,15.76,False,False,16,0.0,True,False,9,9,0,-130.50764705882355,True,False,10.556,42.224,16.0,16.0,False,0.0,1.0,16.0,0.0,0.0,4.0,84.21052631578948,0.0,0.0
2025-11-14_16:00_20:00,2025-11-14 16:00:00+01:00,2025-11-14 20:00:00+01:00,4.0,1.61,False,False,16,0.0,True,False,11,11,0,-195.81764705882352,True,False,20.775,83.1,16.0,16.0,False,0.0,1.0,16.0,0.0,0.0,4.0,84.21052631578948,0.0,0.0
2025-11-14_20:00_00:00,2025-11-14 20:00:00+01:00,2025-11-15 00:00:00+01:00,4.0,3.09,False,False,16,0.0,True,False,9,9,2,-113.87764705882353,True,False,45.796,183.184,16.0,16.0,False,0.0,1.0,16.0,0.0,0.0,4.0,84.21052631578948,0.0,0.0
2025-11-15_00:00_04:00,2025-11-15 00:00:00+01:00,2025-11-15 04:00:00+01:00,4.0,15.43,False,False,16,0.0,True,False,11,11,0,-110.84764705882353,True,False,43.344,173.376,16.0,16.0,False,0.0,1.0,16.0,0.0,0.0,4.0,84.21052631578948,0.0,0.0
2025-11-15_04:00_08:00,2025-11-15 04:00:00+01:00,2025-11-15 08:00:00+01:00,4.0,13.67,False,False,16,0.0,True,False,15,15,0,-104.74764705882353,True,False,45.902,183.608,16.0,16.0,False,0.0,1.0,16.0,0.0,0.0,4.0,84.21052631578948,0.0,0.0
2025-11-15_08:00_12:00,2025-11-15 08:00:00+01:00,2025-11-15 12:00:00+01:00,4.0,18.54,False,False,16,0.0,True,False,16,16,0,-84.41764705882355,True,False,81.607,326.428,16.0,16.0,False,0.0,1.0,16.0,0.0,0.0,4.0,84.21052631578948,0.0,0.0
2025-11-15_12:00_16:00,2025-11-15 12:00:00+01:00,2025-11-15 16:00:00+01:00,4.0,14.78,False,False,16,0.0,True,False,9,9,0,-129.83764705882353,True,False,15.692,62.768,16.0,16.0,False,0.0,1.0,16.0,0.0,0.0,4.0,84.21052631578948,0.0,0.0
2025-11-15_16:00_20:00,2025-11-15 16:00:00+01:00,2025-11-15 20:00:00+01:00,4.0,1.51,False,False,16,0.0,True,False,14,14,0,-112.48764705882354,True,False,42.34,169.36,16.0,16.0,False,0.0,1.0,16.0,0.0,0.0,4.0,84.21052631578948,0.0,0.0
2025-11-15_20:00_00:00,2025-11-15 20:00:00+01:00,2025-11-16 00:00:00+01:00,4.0,2.26,False,False,16,0.0,True,False,13,13,0,-98.06764705882352,True,False,12.835,51.34,16.0,16.0,False,0.0,1.0,16.0,0.0,0.0,4.0,84.21052631578948,0.0,0.0
2025-11-16_00:00_04:00,2025-11-16 00:00:00+01:00,2025-11-16 04:00:00+01:00,4.0,9.93,False,False,16,0.0,True,False,9,9,0,-97.83764705882353,True,False,14.651,58.604,16.0,16.0,False,0.0,1.0,16.0,0.0,0.0,4.0,84.21052631578948,0.0,0.0
2025-11-16_04:00_08:00,2025-11-16 04:00:00+01:00,2025-11-16 08:00:00+01:00,4.0,7.28,False,False,16,0.0,True,False,16,16,0,-114.52764705882353,True,False,21.907,87.628,16.0,16.0,False,0.0,1.0,16.0,0.0,0.0,4.0,84.21052631578948,0.0,0.0
2025-11-16_08:00_12:00,2025-11-16 08:00:00+01:00,2025-11-16 12:00:00+01:00,4.0,12.94,False,False,16,0.0,True,False,7,7,2,-111.30764705882353,True,False,0.596,2.384,2.384,2.0,False,0.0,1.0,2.0,0.0,0.0,4.0,84.21052631578948,0.0,0.0
2025-11-16_12:00_16:00,2025-11-16 12:00:00+01:00,2025-11-16 16:00:00+01:00,4.0,10.52,False,False,16,0.0,True,False,2,2,0,-117.71764705882353,False,False,0.074,0.296,0.296,0.0,False,0.0,1.0,0.0,0.0,0.0,4.0,84.21052631578948,0.0,0.0
2025-11-16_16:00_20:00,2025-11-16 16:00:00+01:00,2025-11-16 20:00:00+01:00,4.0,1.19,False,False,16,0.0,True,False,10,10,0,-126.05764705882353,True,False,53.086,212.344,16.0,16.0,False,0.0,1.0,16.0,0.0,0.0,4.0,84.21052631578948,0.0,0.0
2025-11-16_20:00_00:00,2025-11-16 20:00:00+01:00,2025-11-17 00:00:00+01:00,4.0,1.96,False,False,16,0.0,True,False,12,12,0,-102.15764705882353,True,False,19.894,79.576,16.0,16.0,False,0.0,1.0,16.0,0.0,0.0,4.0,84.21052631578948,0.0,0.0
2025-11-17_00:00_04:00,2025-11-17 00:00:00+01:00,2025-11-17 04:00:00+01:00,4.0,8.66,False,False,16,0.0,True,False,14,13,0,-100.28764705882355,True,False,147.985,591.94,16.0,16.0,False,0.0,1.0,16.0,0.0,0.0,0.0,81.58631578947369,4.0,-30.44
2025-11-17_04:00_08:00,2025-11-17 04:00:00+01:00,2025-11-17 08:00:00+01:00,4.0,7.77,False,False,16,0.0,True,False,9,9,0,-118.47764705882355,True,False,50.95,203.8,16.0,16.0,False,0.0,1.0,16.0,0.0,0.0,4.0,84.21052631578948,0.0,0.0
2025-11-17_08:00_12:00,2025-11-17 08:00:00+01:00,2025-11-17 12:00:00+01:00,4.0,10.12,False,False,16,0.0,True,False,14,14,0,-129.89764705882354,True,False,101.72,406.88,16.0,16.0,False,0.0,1.0,16.0,0.0,0.0,4.0,84.21052631578948,0.0,0.0
2025-11-17_12:00_16:00,2025-11-17 12:00:00+01:00,2025-11-17 16:00:00+01:00,4.0,8.89,False,False,16,0.0,True,False,14,14,0,-149.72764705882352,True,False,205.266,821.064,16.0,16.0,False,0.0,1.0,16.0,0.0,0.0,4.0,84.21052631578948,0.0,0.0
2025-11-17_16:00_20:00,2025-11-17 16:00:00+01:00,2025-11-17 20:00:00+01:00,4.0,1.17,False,False,16,0.0,True,False,13,13,0,-207.36764705882354,True,False,131.993,527.972,16.0,16.0,False,0.0,1.0,16.0,0.0,0.0,4.0,84.21052631578948,0.0,0.0
2025-11-17_20:00_00:00,2025-11-17 20:00:00+01:00,2025-11-18 00:00:00+01:00,4.0,2.89,False,False,16,0.0,True,False,12,12,1,-110.20764705882354,True,False,32.449,129.796,16.0,16.0,False,0.0,1.0,16.0,0.0,0.0,4.0,84.21052631578948,0.0,0.0
2025-11-18_00:00_04:00,2025-11-18 00:00:00+01:00,2025-11-18 04:00:00+01:00,4.0,8.5,False,False,16,0.0,True,False,15,15,0,-189.15764705882353,True,False,60.918,243.672,16.0,16.0,False,0.0,1.0,16.0,0.0,0.0,4.0,84.21052631578948,0.0,0.0
2025-11-18_04:00_08:00,2025-11-18 04:00:00+01:00,2025-11-18 08:00:00+01:00,4.0,8.52,False,False,16,0.0,True,False,15,15,0,-92.24764705882353,True,False,88.672,354.688,16.0,16.0,False,0.0,1.0,16.0,0.0,0.0,4.0,84.21052631578948,0.0,0.0
2025-11-18_08:00_12:00,2025-11-18 08:00:00+01:00,2025-11-18 12:00:00+01:00,4.0,8.1,False,False,16,0.0,True,False,14,14,5,-136.31764705882352,True,False,42.071,168.284,16.0,16.0,False,0.0,1.0,16.0,0.0,0.0,4.0,84.21052631578948,0.0,0.0
2025-11-18_12:00_16:00,2025-11-18 12:00:00+01:00,2025-11-18 16:00:00+01:00,4.0,7.08,False,False,16,0.0,True,False,13,13,0,-123.10764705882355,True,False,102.531,410.124,16.0,16.0,False,0.0,1.0,16.0,0.0,0.0,4.0,84.21052631578948,0.0,0.0
2025-11-18_16:00_20:00,2025-11-18 16:00:00+01:00,2025-11-18 20:00:00+01:00,4.0,0.8,False,False,16,0.0,True,False,12,12,0,-360.53764705882355,True,False,2.19,8.76,8.76,8.0,False,0.0,1.0,8.0,0.0,0.0,4.0,84.21052631578948,0.0,0.0
2025-11-18_20:00_00:00,2025-11-18 20:00:00+01:00,2025-11-19 00:00:00+01:00,4.0,2.0,False,False,16,0.0,True,False,12,12,0,-80.98764705882354,True,False,44.157,176.628,16.0,16.0,False,0.0,1.0,16.0,0.0,0.0,4.0,84.21052631578948,0.0,0.0
2025-11-19_00:00_04:00,2025-11-19 00:00:00+01:00,2025-11-19 04:00:00+01:00,4.0,6.3,False,False,16,0.0,True,False,14,14,0,-106.76764705882354,True,False,77.396,309.584,16.0,16.0,False,0.0,1.0,16.0,0.0,0.0,4.0,84.21052631578948,0.0,0.0
2025-11-19_04:00_08:00,2025-11-19 04:00:00+01:00,2025-11-19 08:00:00+01:00,4.0,5.14,False,False,16,0.0,True,False,13,13,0,-152.75764705882352,True,False,7.311,29.244,16.0,16.0,False,0.0,1.0,16.0,0.0,0.0,4.0,84.21052631578948,0.0,0.0
2025-11-19_08:00_12:00,2025-11-19 08:00:00+01:00,2025-11-19 12:00:00+01:00,4.0,6.6,False,False,16,0.0,True,False,9,9,2,-136.32764705882354,True,False,29.101,116.404,16.0,16.0,False,0.0,1.0,16.0,0.0,0.0,4.0,84.21052631578948,0.0,0.0
2025-11-19_12:00_16:00,2025-11-19 12:00:00+01:00,2025-11-19 16:00:00+01:00,4.0,5.84,False,False,16,0.0,True,False,3,3,0,-142.61764705882354,True,False,3.505,14.02,14.02,14.0,False,0.0,1.0,14.0,0.0,0.0,4.0,84.21052631578948,0.0,0.0
2025-11-19_16:00_20:00,2025-11-19 16:00:00+01:00,2025-11-19 20:00:00+01:00,4.0,0.69,False,False,16,0.0,True,False,13,13,0,-169.65764705882353,True,False,70.086,280.344,16.0,16.0,False,0.0,1.0,16.0,0.0,0.0,4.0,84.21052631578948,0.0,0.0
2025-11-19_20:00_00:00,2025-11-19 20:00:00+01:00,2025-11-20 00:00:00+01:00,4.0,1.71,False,False,16,0.0,True,False,15,15,0,-165.58764705882353,True,False,12.592,50.368,16.0,16.0,False,0.0,1.0,16.0,0.0,0.0,4.0,84.21052631578948,0.0,0.0
2025-11-20_00:00_04:00,2025-11-20 00:00:00+01:00,2025-11-20 04:00:00+01:00,4.0,5.97,False,False,16,0.0,True,False,14,14,0,-115.60764705882355,True,False,42.668,170.672,16.0,16.0,False,0.0,1.0,16.0,0.0,0.0,4.0,84.21052631578948,0.0,0.0
2025-11-20_04:00_08:00,2025-11-20 04:00:00+01:00,2025-11-20 08:00:00+01:00,4.0,6.0,False,False,16,0.0,True,False,13,13,0,-138.34764705882353,True,False,35.982,143.928,16.0,16.0,False,0.0,1.0,16.0,0.0,0.0,4.0,84.21052631578948,0.0,0.0
2025-11-20_08:00_12:00,2025-11-20 08:00:00+01:00,2025-11-20 12:00:00+01:00,4.0,5.31,False,False,16,0.0,True,False,15,15,1,-123.64764705882354,True,False,11.285,45.14,16.0,16.0,False,0.0,1.0,16.0,0.0,0.0,4.0,84.21052631578948,0.0,0.0
2025-11-20_12:00_16:00,2025-11-20 12:00:00+01:00,2025-11-20 16:00:00+01:00,4.0,4.44,False,False,16,0.0,True,False,12,12,4,-286.16764705882355,True,False,49.368,197.472,16.0,16.0,False,0.0,1.0,16.0,0.0,0.0,4.0,84.21052631578948,0.0,0.0
2025-11-20_16:00_20:00,2025-11-20 16:00:00+01:00,2025-11-20 20:00:00+01:00,4.0,0.52,False,False,16,0.0,True,False,8,8,1,-502.71764705882356,True,False,9.789,39.156,16.0,16.0,False,0.0,1.0,16.0,0.0,0.0,4.0,84.21052631578948,0.0,0.0
2025-11-20_20:00_00:00,2025-11-20 20:00:00+01:00,2025-11-21 00:00:00+01:00,4.0,1.4,False,False,16,0.0,True,False,15,15,1,-119.41764705882355,True,False,9.982,39.928,16.0,16.0,False,0.0,1.0,16.0,0.0,0.0,4.0,84.21052631578948,0.0,0.0
2025-11-21_00:00_04:00,2025-11-21 00:00:00+01:00,2025-11-21 04:00:00+01:00,4.0,4.73,False,False,16,0.0,True,False,16,16,1,-102.43764705882353,True,False,73.804,295.216,16.0,16.0,False,0.0,1.0,16.0,0.0,0.0,4.0,84.21052631578948,0.0,0.0
2025-11-21_04:00_08:00,2025-11-21 04:00:00+01:00,2025-11-21 08:00:00+01:00,4.0,4.16,False,False,16,0.0,True,False,7,7,0,-151.68764705882353,True,False,19.337,77.348,16.0,16.0,False,0.0,1.0,16.0,0.0,0.0,4.0,84.21052631578948,0.0,0.0
2025-11-21_08:00_12:00,2025-11-21 08:00:00+01:00,2025-11-21 12:00:00+01:00,4.0,4.18,False,False,16,0.0,True,False,14,14,1,-157.49764705882353,True,False,97.579,390.316,16.0,16.0,False,0.0,1.0,16.0,0.0,0.0,4.0,84.21052631578948,0.0,0.0
2025-11-21_12:00_16:00,2025-11-21 12:00:00+01:00,2025-11-21 16:00:00+01:00,4.0,3.74,False,False,16,0.0,True,False,7,7,0,-257.46764705882356,True,False,9.695,38.78,16.0,16.0,False,0.0,1.0,16.0,0.0,0.0,4.0,84.21052631578948,0.0,0.0
2025-11-21_16:00_20:00,2025-11-21 16:00:00+01:00,2025-11-21 20:00:00+01:00,4.0,0.48,False,False,16,0.0,True,False,16,16,0,-166.25764705882352,True,False,14.929,59.716,16.0,16.0,False,0.0,1.0,16.0,0.0,0.0,4.0,84.21052631578948,0.0,0.0
2025-11-21_20:00_00:00,2025-11-21 20:00:00+01:00,2025-11-22 00:00:00+01:00,4.0,1.17,False,False,16,0.0,True,False,7,7,0,-162.53764705882352,True,False,3.85,15.4,15.4,15.0,False,0.0,1.0,15.0,0.0,0.0,4.0,84.21052631578948,0.0,0.0
2025-11-22_00:00_04:00,2025-11-22 00:00:00+01:00,2025-11-22 04:00:00+01:00,4.0,3.98,False,False,16,0.0,True,False,7,7,0,-104.84764705882353,False,False,0.154,0.616,0.616,0.0,False,0.0,1.0,0.0,0.0,0.0,4.0,84.21052631578948,0.0,0.0
2025-11-22_04:00_08:00,2025-11-22 04:00:00+01:00,2025-11-22 08:00:00+01:00,4.0,3.99,False,False,16,0.0,True,False,7,7,0,-92.92764705882354,True,False,1.388,5.552,5.552,5.0,False,0.0,1.0,5.0,0.0,0.0,4.0,84.21052631578948,0.0,0.0
2025-11-22_08:00_12:00,2025-11-22 08:00:00+01:00,2025-11-22 12:00:00+01:00,4.0,8.7,False,False,16,0.0,True,False,15,15,0,-136.63764705882352,True,False,14.326,57.304,16.0,16.0,False,0.0,1.0,16.0,0.0,0.0,4.0,84.21052631578948,0.0,0.0
2025-11-22_12:00_16:00,2025-11-22 12:00:00+01:00,2025-11-22 16:00:00+01:00,4.0,7.16,False,False,16,0.0,True,False,10,10,0,-96.47764705882355,True,False,39.784,159.136,16.0,16.0,False,0.0,1.0,16.0,0.0,0.0,4.0,84.21052631578948,0.0,0.0
2025-11-22_16:00_20:00,2025-11-22 16:00:00+01:00,2025-11-22 20:00:00+01:00,4.0,1.01,False,False,16,0.0,True,False,13,13,1,-211.93764705882353,True,False,41.903,167.612,16.0,16.0,False,0.0,1.0,16.0,0.0,0.0,4.0,84.21052631578948,0.0,0.0
2025-11-22_20:00_00:00,2025-11-22 20:00:00+01:00,2025-11-23 00:00:00+01:00,4.0,1.9,False,False,16,0.0,True,False,6,6,0,-140.75764705882352,True,False,0.671,2.684,2.684,2.0,False,0.0,1.0,2.0,0.0,0.0,4.0,84.21052631578948,0.0,0.0
2025-11-23_00:00_04:00,2025-11-23 00:00:00+01:00,2025-11-23 04:00:00+01:00,4.0,5.15,False,False,16,0.0,True,False,1,1,1,,False,False,0.0,0.0,0.0,0.0,False,0.0,1.0,0.0,0.0,0.0,4.0,84.21052631578948,0.0,0.0
2025-11-23_04:00_08:00,2025-11-23 04:00:00+01:00,2025-11-23 08:00:00+01:00,4.0,7.74,False,False,16,0.0,True,False,1,1,0,-49.00764705882353,True,False,0.819,3.276,3.276,3.0,False,0.0,1.0,3.0,0.0,0.0,4.0,84.21052631578948,0.0,0.0
2025-11-23_08:00_12:00,2025-11-23 08:00:00+01:00,2025-11-23 12:00:00+01:00,4.0,9.9,False,False,16,0.0,True,False,12,11,1,-64.68764705882353,True,False,48.591,194.364,16.0,16.0,False,0.0,1.0,16.0,0.0,0.0,0.0,81.72131578947369,4.0,-38.4
2025-11-23_12:00_16:00,2025-11-23 12:00:00+01:00,2025-11-23 16:00:00+01:00,4.0,9.14,False,False,16,0.0,True,False,3,3,0,-106.64764705882354,True,False,4.669,18.676,16.0,16.0,False,0.0,1.0,16.0,0.0,0.0,4.0,84.21052631578948,0.0,0.0
2025-11-23_16:00_20:00,2025-11-23 16:00:00+01:00,2025-11-23 20:00:00+01:00,4.0,2.02,False,False,16,0.0,True,False,10,10,1,-140.47764705882352,True,False,35.541,142.164,16.0,16.0,False,0.0,1.0,16.0,0.0,0.0,4.0,84.21052631578948,0.0,0.0
2025-11-23_20:00_00:00,2025-11-23 20:00:00+01:00,2025-11-24 00:00:00+01:00,4.0,4.18,False,False,16,0.0,True,False,13,12,1,-183.86764705882354,True,False,48.305,193.22,16.0,16.0,False,0.0,1.0,16.0,0.0,0.0,0.0,80.52657894736842,4.0,-21.12
2025-11-24_00:00_04:00,2025-11-24 00:00:00+01:00,2025-11-24 04:00:00+01:00,4.0,9.9,False,False,16,0.0,True,False,12,12,2,-104.79764705882354,True,False,3.531,14.124,14.124,14.0,False,0.0,1.0,14.0,0.0,0.0,4.0,84.21052631578948,0.0,0.0
2025-11-24_04:00_08:00,2025-11-24 04:00:00+01:00,2025-11-24 08:00:00+01:00,4.0,11.75,False,False,16,0.0,True,False,7,7,0,-88.19764705882355,True,False,2.708,10.832,10.832,10.0,False,0.0,1.0,10.0,0.0,0.0,4.0,84.21052631578948,0.0,0.0
2025-11-24_08:00_12:00,2025-11-24 08:00:00+01:00,2025-11-24 12:00:00+01:00,4.0,6.55,False,False,16,0.0,True,False,12,12,0,-211.65764705882356,True,False,15.891,63.564,16.0,16.0,False,0.0,1.0,16.0,0.0,0.0,4.0,84.21052631578948,0.0,0.0
2025-11-24_12:00_16:00,2025-11-24 12:00:00+01:00,2025-11-24 16:00:00+01:00,4.0,5.44,False,False,16,0.0,True,False,11,11,0,-390.43764705882353,True,False,1.88,7.52,7.52,7.0,False,0.0,1.0,7.0,0.0,0.0,4.0,84.21052631578948,0.0,0.0
2025-11-24_16:00_20:00,2025-11-24 16:00:00+01:00,2025-11-24 20:00:00+01:00,4.0,1.15,False,False,16,0.0,True,False,15,15,1,-401.36764705882354,True,False,20.526,82.104,16.0,16.0,False,0.0,1.0,16.0,0.0,0.0,4.0,84.21052631578948,0.0,0.0
2025-11-24_20:00_00:00,2025-11-24 20:00:00+01:00,2025-11-25 00:00:00+01:00,4.0,2.5,False,False,16,0.0,True,False,14,14,0,-96.86764705882354,True,False,36.363,145.452,16.0,16.0,False,0.0,1.0,16.0,0.0,0.0,4.0,84.21052631578948,0.0,0.0
2025-11-25_00:00_04:00,2025-11-25 00:00:00+01:00,2025-11-25 04:00:00+01:00,4.0,5.88,False,False,16,0.0,True,False,12,12,0,-111.92764705882354,True,False,34.114,136.456,16.0,16.0,False,0.0,1.0,16.0,0.0,0.0,4.0,84.21052631578948,0.0,0.0
2025-11-25_04:00_08:00,2025-11-25 04:00:00+01:00,2025-11-25 08:00:00+01:00,4.0,7.37,False,False,16,0.0,True,False,6,6,0,-182.74764705882353,True,False,6.619,26.476,16.0,16.0,False,0.0,1.0,16.0,0.0,0.0,4.0,84.21052631578948,0.0,0.0
2025-11-25_08:00_12:00,2025-11-25 08:00:00+01:00,2025-11-25 12:00:00+01:00,4.0,4.91,False,False,16,0.0,True,False,9,9,0,-254.88764705882352,True,False,4.498,17.992,16.0,16.0,False,0.0,1.0,16.0,0.0,0.0,4.0,84.21052631578948,0.0,0.0
2025-11-25_12:00_16:00,2025-11-25 12:00:00+01:00,2025-11-25 16:00:00+01:00,4.0,3.95,False,False,16,0.0,True,False,1,1,1,,False,False,0.0,0.0,0.0,0.0,False,0.0,1.0,0.0,0.0,0.0,4.0,84.21052631578948,0.0,0.0
2025-11-25_16:00_20:00,2025-11-25 16:00:00+01:00,2025-11-25 20:00:00+01:00,4.0,0.78,False,False,16,0.0,True,False,12,12,0,-347.16764705882355,True,False,11.619,46.476,16.0,16.0,False,0.0,1.0,16.0,0.0,0.0,4.0,84.21052631578948,0.0,0.0
2025-11-25_20:00_00:00,2025-11-25 20:00:00+01:00,2025-11-26 00:00:00+01:00,4.0,1.9,False,False,16,0.0,True,False,16,16,0,-1495.3576470588234,True,False,12.614,50.456,16.0,16.0,False,0.0,1.0,16.0,0.0,0.0,4.0,84.21052631578948,0.0,0.0
2025-11-26_00:00_04:00,2025-11-26 00:00:00+01:00,2025-11-26 04:00:00+01:00,4.0,4.2,False,False,16,0.0,True,False,12,12,0,-101.34764705882353,True,False,7.637,30.548,16.0,16.0,False,0.0,1.0,16.0,0.0,0.0,4.0,84.21052631578948,0.0,0.0
2025-11-26_04:00_08:00,2025-11-26 04:00:00+01:00,2025-11-26 08:00:00+01:00,4.0,4.91,False,False,16,0.0,True,False,8,8,1,-260.90764705882356,True,False,0.665,2.66,2.66,2.0,False,0.0,1.0,2.0,0.0,0.0,4.0,84.21052631578948,0.0,0.0
2025-11-26_08:00_12:00,2025-11-26 08:00:00+01:00,2025-11-26 12:00:00+01:00,4.0,3.8,False,False,16,0.0,True,False,11,11,0,-132.08764705882353,True,False,1.58,6.32,6.32,6.0,False,0.0,1.0,6.0,0.0,0.0,4.0,84.21052631578948,0.0,0.0
2025-11-26_12:00_16:00,2025-11-26 12:00:00+01:00,2025-11-26 16:00:00+01:00,4.0,2.98,False,False,16,0.0,True,False,5,5,0,-211.24764705882353,True,False,1.0,4.0,4.0,4.0,False,0.0,1.0,4.0,0.0,0.0,4.0,84.21052631578948,0.0,0.0
2025-11-26_16:00_20:00,2025-11-26 16:00:00+01:00,2025-11-26 20:00:00+01:00,4.0,0.71,False,False,16,0.0,True,False,9,9,0,-173.49764705882353,True,False,2.462,9.848,9.848,9.0,False,0.0,1.0,9.0,0.0,0.0,4.0,84.21052631578948,0.0,0.0
2025-11-26_20:00_00:00,2025-11-26 20:00:00+01:00,2025-11-27 00:00:00+01:00,4.0,1.48,False,False,16,0.0,True,False,15,15,0,-117.54764705882354,True,False,14.349,57.396,16.0,16.0,False,0.0,1.0,16.0,0.0,0.0,4.0,84.21052631578948,0.0,0.0
2025-11-27_00:00_04:00,2025-11-27 00:00:00+01:00,2025-11-27 04:00:00+01:00,4.0,4.0,False,False,16,0.0,True,False,16,16,0,-126.62764705882353,True,False,47.642,190.568,16.0,16.0,False,0.0,1.0,16.0,0.0,0.0,4.0,84.21052631578948,0.0,0.0
2025-11-27_04:00_08:00,2025-11-27 04:00:00+01:00,2025-11-27 08:00:00+01:00,4.0,4.19,False,False,16,0.0,True,False,14,14,0,-102.56764705882352,True,False,34.914,139.656,16.0,16.0,False,0.0,1.0,16.0,0.0,0.0,4.0,84.21052631578948,0.0,0.0
2025-11-27_08:00_12:00,2025-11-27 08:00:00+01:00,2025-11-27 12:00:00+01:00,4.0,6.16,False,False,16,0.0,True,False,15,15,0,-101.90764705882353,True,False,55.334,221.336,16.0,16.0,False,0.0,1.0,16.0,0.0,0.0,4.0,84.21052631578948,0.0,0.0
2025-11-27_12:00_16:00,2025-11-27 12:00:00+01:00,2025-11-27 16:00:00+01:00,4.0,3.0,False,False,16,0.0,True,False,10,8,0,-84.90764705882353,True,False,6.664,26.656,16.0,16.0,False,0.0,1.0,16.0,0.0,0.0,0.0,83.25153236842105,8.0,-475.12
2025-11-27_16:00_20:00,2025-11-27 16:00:00+01:00,2025-11-27 20:00:00+01:00,4.0,0.99,False,False,16,0.0,True,False,9,9,0,-100.31764705882352,True,False,62.802,251.208,16.0,16.0,False,0.0,1.0,16.0,0.0,0.0,4.0,84.21052631578948,0.0,0.0
2025-11-27_20:00_00:00,2025-11-27 20:00:00+01:00,2025-11-28 00:00:00+01:00,4.0,5.94,False,False,16,0.0,True,False,13,13,0,-91.24764705882353,True,False,7.527,30.108,16.0,16.0,False,0.0,1.0,16.0,0.0,0.0,4.0,84.21052631578948,0.0,0.0
2025-11-28_00:00_04:00,2025-11-28 00:00:00+01:00,2025-11-28 04:00:00+01:00,4.0,19.0,False,False,16,0.0,True,False,13,13,0,-90.33764705882353,True,False,9.451,37.804,16.0,16.0,False,0.0,1.0,16.0,0.0,0.0,4.0,84.21052631578948,0.0,0.0
2025-11-28_04:00_08:00,2025-11-28 04:00:00+01:00,2025-11-28 08:00:00+01:00,4.0,8.52,False,False,16,0.0,True,False,6,6,0,-109.71764705882353,True,False,0.307,1.228,1.228,1.0,False,0.0,1.0,1.0,0.0,0.0,4.0,84.21052631578948,0.0,0.0
2025-11-28_08:00_12:00,2025-11-28 08:00:00+01:00,2025-11-28 12:00:00+01:00,4.0,4.75,False,False,16,0.0,True,False,12,12,1,-116.15764705882353,True,False,7.279,29.116,16.0,16.0,False,0.0,1.0,16.0,0.0,0.0,4.0,84.21052631578948,0.0,0.0
2025-11-28_12:00_16:00,2025-11-28 12:00:00+01:00,2025-11-28 16:00:00+01:00,4.0,2.86,False,False,16,0.0,True,False,6,6,1,-150.36764705882354,True,False,20.769,83.076,16.0,16.0,False,0.0,1.0,16.0,0.0,0.0,4.0,84.21052631578948,0.0,0.0
2025-11-28_16:00_20:00,2025-11-28 16:00:00+01:00,2025-11-28 20:00:00+01:00,4.0,0.82,False,False,16,0.0,True,False,15,15,0,-109.70764705882354,True,False,21.667,86.668,16.0,16.0,False,0.0,1.0,16.0,0.0,0.0,4.0,84.21052631578948,0.0,0.0
2025-11-28_20:00_00:00,2025-11-28 20:00:00+01:00,2025-11-29 00:00:00+01:00,4.0,4.24,False,False,16,0.0,True,False,14,14,2,-109.11764705882354,True,False,11.965,47.86,16.0,16.0,False,0.0,1.0,16.0,0.0,0.0,4.0,84.21052631578948,0.0,0.0
2025-11-29_00:00_04:00,2025-11-29 00:00:00+01:00,2025-11-29 04:00:00+01:00,4.0,9.89,False,False,16,0.0,True,False,1,1,0,-106.04764705882354,False,False,0.002,0.008,0.008,0.0,False,0.0,1.0,0.0,0.0,0.0,4.0,84.21052631578948,0.0,0.0
2025-11-29_04:00_08:00,2025-11-29 04:00:00+01:00,2025-11-29 08:00:00+01:00,4.0,5.69,False,False,16,0.0,True,False,9,9,0,-95.27764705882353,True,False,6.066,24.264,16.0,16.0,False,0.0,1.0,16.0,0.0,0.0,4.0,84.21052631578948,0.0,0.0
2025-11-29_08:00_12:00,2025-11-29 08:00:00+01:00,2025-11-29 12:00:00+01:00,4.0,4.48,False,False,16,0.0,True,False,9,9,1,-113.55764705882353,True,False,5.648,22.592,16.0,16.0,False,0.0,1.0,16.0,0.0,0.0,4.0,84.21052631578948,0.0,0.0
2025-11-29_12:00_16:00,2025-11-29 12:00:00+01:00,2025-11-29 16:00:00+01:00,4.0,3.09,False,False,16,0.0,True,False,10,10,0,-132.99764705882353,True,False,25.752,103.008,16.0,16.0,False,0.0,1.0,16.0,0.0,0.0,4.0,84.21052631578948,0.0,0.0
2025-11-29_16:00_20:00,2025-11-29 16:00:00+01:00,2025-11-29 20:00:00+01:00,4.0,0.79,False,False,16,0.0,True,False,13,13,0,-117.12764705882353,True,False,21.935,87.74,16.0,16.0,False,0.0,1.0,16.0,0.0,0.0,4.0,84.21052631578948,0.0,0.0
2025-11-29_20:00_00:00,2025-11-29 20:00:00+01:00,2025-11-30 00:00:00+01:00,4.0,2.84,False,False,16,0.0,True,False,13,13,0,-107.96764705882353,True,False,10.725,42.9,16.0,16.0,False,0.0,1.0,16.0,0.0,0.0,4.0,84.21052631578948,0.0,0.0
2025-11-30_00:00_04:00,2025-11-30 00:00:00+01:00,2025-11-30 04:00:00+01:00,4.0,7.8,False,False,16,0.0,True,False,13,13,1,-86.09764705882353,True,False,26.612,106.448,16.0,16.0,False,0.0,1.0,16.0,0.0,0.0,4.0,84.21052631578948,0.0,0.0
2025-11-30_04:00_08:00,2025-11-30 04:00:00+01:00,2025-11-30 08:00:00+01:00,4.0,8.75,False,False,16,0.0,True,False,16,16,1,-96.14764705882354,True,False,25.717,102.868,16.0,16.0,False,0.0,1.0,16.0,0.0,0.0,4.0,84.21052631578948,0.0,0.0
2025-11-30_08:00_12:00,2025-11-30 08:00:00+01:00,2025-11-30 12:00:00+01:00,4.0,4.91,False,False,16,0.0,True,False,7,7,2,-98.21764705882353,True,False,1.531,6.124,6.124,6.0,False,0.0,1.0,6.0,0.0,0.0,4.0,84.21052631578948,0.0,0.0
2025-11-30_12:00_16:00,2025-11-30 12:00:00+01:00,2025-11-30 16:00:00+01:00,4.0,3.97,False,False,16,0.0,True,False,8,8,0,-153.82764705882354,True,False,18.159,72.636,16.0,16.0,False,0.0,1.0,16.0,0.0,0.0,4.0,84.21052631578948,0.0,0.0
2025-11-30_16:00_20:00,2025-11-30 16:00:00+01:00,2025-11-30 20:00:00+01:00,4.0,0.74,False,False,16,0.0,True,False,12,12,1,-129.35764705882355,True,False,19.758,79.032,16.0,16.0,False,0.0,1.0,16.0,0.0,0.0,4.0,84.21052631578948,0.0,0.0
2025-11-30_20:00_00:00,2025-11-30 20:00:00+01:00,2025-12-01 00:00:00+01:00,4.0,2.17,False,False,16,0.0,True,False,14,14,0,-91.64764705882354,True,False,18.909,75.636,16.0,16.0,False,0.0,1.0,16.0,0.0,0.0,4.0,84.21052631578948,0.0,0.0
2025-12-01_00:00_04:00,2025-12-01 00:00:00+01:00,2025-12-01 04:00:00+01:00,4.0,5.93,False,False,16,0.0,True,False,8,8,0,-86.42764705882354,True,False,13.968,55.872,16.0,16.0,False,0.0,1.0,16.0,0.0,0.0,4.0,84.21052631578948,0.0,0.0
2025-12-01_04:00_08:00,2025-12-01 04:00:00+01:00,2025-12-01 08:00:00+01:00,4.0,4.95,False,False,16,0.0,True,False,6,6,0,-163.65764705882353,True,False,1.613,6.452,6.452,6.0,False,0.0,1.0,6.0,0.0,0.0,4.0,84.21052631578948,0.0,0.0
2025-12-01_08:00_12:00,2025-12-01 08:00:00+01:00,2025-12-01 12:00:00+01:00,4.0,3.93,False,False,16,0.0,True,False,15,15,0,-94.30764705882353,True,False,35.347,141.388,16.0,16.0,False,0.0,1.0,16.0,0.0,0.0,4.0,84.21052631578948,0.0,0.0
2025-12-01_12:00_16:00,2025-12-01 12:00:00+01:00,2025-12-01 16:00:00+01:00,4.0,2.94,False,False,16,0.0,True,False,11,11,0,-133.08764705882353,True,False,20.824,83.296,16.0,16.0,False,0.0,1.0,16.0,0.0,0.0,4.0,84.21052631578948,0.0,0.0
2025-12-01_16:00_20:00,2025-12-01 16:00:00+01:00,2025-12-01 20:00:00+01:00,4.0,0.98,False,False,16,0.0,True,False,16,16,0,-100.40764705882353,True,False,77.873,311.492,16.0,16.0,False,0.0,1.0,16.0,0.0,0.0,4.0,84.21052631578948,0.0,0.0
2025-12-01_20:00_00:00,2025-12-01 20:00:00+01:00,2025-12-02 00:00:00+01:00,4.0,6.61,False,False,16,0.0,True,False,16,16,0,-90.51764705882354,True,False,88.061,352.244,16.0,16.0,False,0.0,1.0,16.0,0.0,0.0,4.0,84.21052631578948,0.0,0.0
2025-12-02_00:00_04:00,2025-12-02 00:00:00+01:00,2025-12-02 04:00:00+01:00,4.0,30.94,False,False,16,0.0,True,False,15,11,0,-82.81764705882352,True,False,68.005,272.02,16.0,16.0,False,0.0,1.0,16.0,0.0,0.0,0.0,80.46085609973684,13.415526315789474,-531.546852631579
2025-12-02_04:00_08:00,2025-12-02 04:00:00+01:00,2025-12-02 08:00:00+01:00,4.0,27.21,False,False,16,0.0,True,False,11,10,0,-114.09764705882353,True,False,24.433,97.732,16.0,16.0,False,0.0,1.0,16.0,0.0,0.0,0.0,81.62605263157894,4.0,-344.88
2025-12-02_08:00_12:00,2025-12-02 08:00:00+01:00,2025-12-02 12:00:00+01:00,4.0,68.89,False,False,16,0.0,True,False,10,10,0,-121.26764705882354,True,False,8.112,32.448,16.0,16.0,False,0.0,1.0,16.0,0.0,0.0,4.0,84.21052631578948,0.0,0.0
2025-12-02_12:00_16:00,2025-12-02 12:00:00+01:00,2025-12-02 16:00:00+01:00,4.0,16.67,False,False,16,0.0,True,False,7,7,0,-120.20764705882354,True,False,1.675,6.7,6.7,6.0,False,0.0,1.0,6.0,0.0,0.0,4.0,84.21052631578948,0.0,0.0
2025-12-02_16:00_20:00,2025-12-02 16:00:00+01:00,2025-12-02 20:00:00+01:00,4.0,0.88,False,False,16,0.0,True,False,8,8,0,-184.51764705882354,True,False,7.99,31.96,16.0,16.0,False,0.0,1.0,16.0,0.0,0.0,4.0,84.21052631578948,0.0,0.0
2025-12-02_20:00_00:00,2025-12-02 20:00:00+01:00,2025-12-03 00:00:00+01:00,4.0,2.94,False,False,16,0.0,True,False,14,14,0,-126.11764705882354,True,False,12.367,49.468,16.0,16.0,False,0.0,1.0,16.0,0.0,0.0,4.0,84.21052631578948,0.0,0.0
2025-12-03_00:00_04:00,2025-12-03 00:00:00+01:00,2025-12-03 04:00:00+01:00,4.0,10.71,False,False,16,0.0,True,False,14,14,0,-103.01764705882354,True,False,6.216,24.864,16.0,16.0,False,0.0,1.0,16.0,0.0,0.0,4.0,84.21052631578948,0.0,0.0
2025-12-03_04:00_08:00,2025-12-03 04:00:00+01:00,2025-12-03 08:00:00+01:00,4.0,10.17,False,False,16,0.0,True,False,10,10,2,-168.57764705882354,True,False,2.245,8.98,8.98,8.0,False,0.0,1.0,8.0,0.0,0.0,4.0,84.21052631578948,0.0,0.0
2025-12-03_08:00_12:00,2025-12-03 08:00:00+01:00,2025-12-03 12:00:00+01:00,4.0,11.9,False,False,16,0.0,True,False,3,3,1,-133.03764705882352,True,False,1.691,6.764,6.764,6.0,False,0.0,1.0,6.0,0.0,0.0,4.0,84.21052631578948,0.0,0.0
2025-12-03_12:00_16:00,2025-12-03 12:00:00+01:00,2025-12-03 16:00:00+01:00,4.0,5.34,False,False,16,0.0,True,True,0,0,0,,False,False,0.0,0.0,0.0,0.0,False,0.0,1.0,0.0,0.0,0.0,4.0,84.21052631578948,0.0,0.0
2025-12-03_16:00_20:00,2025-12-03 16:00:00+01:00,2025-12-03 20:00:00+01:00,4.0,0.67,False,False,16,0.0,True,False,1,1,0,-238.25764705882352,False,False,0.004,0.016,0.016,0.0,False,0.0,1.0,0.0,0.0,0.0,4.0,84.21052631578948,0.0,0.0
2025-12-03_20:00_00:00,2025-12-03 20:00:00+01:00,2025-12-04 00:00:00+01:00,4.0,2.06,False,False,16,0.0,True,False,15,15,0,-240.64764705882357,True,False,20.518,82.072,16.0,16.0,False,0.0,1.0,16.0,0.0,0.0,4.0,84.21052631578948,0.0,0.0
2025-12-04_00:00_04:00,2025-12-04 00:00:00+01:00,2025-12-04 04:00:00+01:00,4.0,6.69,False,False,16,0.0,True,False,9,9,3,-112.94764705882355,True,False,8.105,32.42,16.0,16.0,False,0.0,1.0,16.0,0.0,0.0,4.0,84.21052631578948,0.0,0.0
2025-12-04_04:00_08:00,2025-12-04 04:00:00+01:00,2025-12-04 08:00:00+01:00,4.0,6.35,False,False,16,0.0,True,False,9,9,0,-182.45764705882354,True,False,6.344,25.376,16.0,16.0,False,0.0,1.0,16.0,0.0,0.0,4.0,84.21052631578948,0.0,0.0
2025-12-04_08:00_12:00,2025-12-04 08:00:00+01:00,2025-12-04 12:00:00+01:00,4.0,5.6,False,False,16,0.0,True,False,12,12,1,-240.38764705882352,True,False,48.169,192.676,16.0,16.0,False,0.0,1.0,16.0,0.0,0.0,4.0,84.21052631578948,0.0,0.0
2025-12-04_12:00_16:00,2025-12-04 12:00:00+01:00,2025-12-04 16:00:00+01:00,4.0,3.79,False,False,16,0.0,True,False,10,10,1,-172.07764705882354,True,False,28.793,115.172,16.0,16.0,False,0.0,1.0,16.0,0.0,0.0,4.0,84.21052631578948,0.0,0.0
2025-12-04_16:00_20:00,2025-12-04 16:00:00+01:00,2025-12-04 20:00:00+01:00,4.0,0.63,False,False,16,0.0,True,False,12,12,1,-263.1976470588235,True,False,9.633,38.532,16.0,16.0,False,0.0,1.0,16.0,0.0,0.0,4.0,84.21052631578948,0.0,0.0
2025-12-04_20:00_00:00,2025-12-04 20:00:00+01:00,2025-12-05 00:00:00+01:00,4.0,1.65,False,False,16,0.0,True,False,14,14,0,-120.74764705882353,True,False,6.903,27.612,16.0,16.0,False,0.0,1.0,16.0,0.0,0.0,4.0,84.21052631578948,0.0,0.0
2025-12-05_00:00_04:00,2025-12-05 00:00:00+01:00,2025-12-05 04:00:00+01:00,4.0,5.32,False,False,16,0.0,True,False,13,13,0,-107.54764705882354,True,False,6.53,26.12,16.0,16.0,False,0.0,1.0,16.0,0.0,0.0,4.0,84.21052631578948,0.0,0.0
2025-12-05_04:00_08:00,2025-12-05 04:00:00+01:00,2025-12-05 08:00:00+01:00,4.0,4.95,False,False,16,0.0,True,False,4,4,0,-139.26764705882354,True,False,2.735,10.94,10.94,10.0,False,0.0,1.0,10.0,0.0,0.0,4.0,84.21052631578948,0.0,0.0
2025-12-05_08:00_12:00,2025-12-05 08:00:00+01:00,2025-12-05 12:00:00+01:00,4.0,3.6,False,False,16,0.0,True,False,11,11,5,-164.18764705882353,True,False,1.353,5.412,5.412,5.0,False,0.0,1.0,5.0,0.0,0.0,4.0,84.21052631578948,0.0,0.0
2025-12-05_12:00_16:00,2025-12-05 12:00:00+01:00,2025-12-05 16:00:00+01:00,4.0,2.58,False,False,16,0.0,True,False,3,3,1,-131.81764705882352,True,False,1.907,7.628,7.628,7.0,False,0.0,1.0,7.0,0.0,0.0,4.0,84.21052631578948,0.0,0.0
2025-12-05_16:00_20:00,2025-12-05 16:00:00+01:00,2025-12-05 20:00:00+01:00,4.0,0.54,False,False,16,0.0,True,False,13,13,0,-128.44764705882355,True,False,13.152,52.608,16.0,16.0,False,0.0,1.0,16.0,0.0,0.0,4.0,84.21052631578948,0.0,0.0
2025-12-05_20:00_00:00,2025-12-05 20:00:00+01:00,2025-12-06 00:00:00+01:00,4.0,1.35,False,False,16,0.0,True,False,9,9,0,-123.03764705882355,True,False,11.283,45.132,16.0,16.0,False,0.0,1.0,16.0,0.0,0.0,4.0,84.21052631578948,0.0,0.0
2025-12-06_00:00_04:00,2025-12-06 00:00:00+01:00,2025-12-06 04:00:00+01:00,4.0,4.62,False,False,16,0.0,True,False,16,16,0,-107.71764705882353,True,False,15.563,62.252,16.0,16.0,False,0.0,1.0,16.0,0.0,0.0,4.0,84.21052631578948,0.0,0.0
2025-12-06_04:00_08:00,2025-12-06 04:00:00+01:00,2025-12-06 08:00:00+01:00,4.0,6.44,False,False,16,0.0,True,False,13,13,1,-101.95764705882354,True,False,22.514,90.056,16.0,16.0,False,0.0,1.0,16.0,0.0,0.0,4.0,84.21052631578948,0.0,0.0
2025-12-06_08:00_12:00,2025-12-06 08:00:00+01:00,2025-12-06 12:00:00+01:00,4.0,4.57,False,False,16,0.0,True,False,11,11,0,-88.85764705882355,True,False,11.742,46.968,16.0,16.0,False,0.0,1.0,16.0,0.0,0.0,4.0,84.21052631578948,0.0,0.0
2025-12-06_12:00_16:00,2025-12-06 12:00:00+01:00,2025-12-06 16:00:00+01:00,4.0,3.01,False,False,16,0.0,True,False,10,10,1,-108.42764705882354,True,False,3.222,12.888,12.888,12.0,False,0.0,1.0,12.0,0.0,0.0,4.0,84.21052631578948,0.0,0.0
2025-12-06_16:00_20:00,2025-12-06 16:00:00+01:00,2025-12-06 20:00:00+01:00,4.0,0.97,False,False,16,0.0,True,False,16,16,0,-113.51764705882354,True,False,6.985,27.94,16.0,16.0,False,0.0,1.0,16.0,0.0,0.0,4.0,84.21052631578948,0.0,0.0
2025-12-06_20:00_00:00,2025-12-06 20:00:00+01:00,2025-12-07 00:00:00+01:00,4.0,1.95,False,False,16,0.0,True,False,16,16,0,-97.31764705882352,True,False,17.539,70.156,16.0,16.0,False,0.0,1.0,16.0,0.0,0.0,4.0,84.21052631578948,0.0,0.0
2025-12-07_00:00_04:00,2025-12-07 00:00:00+01:00,2025-12-07 04:00:00+01:00,4.0,14.46,False,False,16,0.0,True,False,12,12,1,-108.35764705882355,True,False,25.361,101.444,16.0,16.0,False,0.0,1.0,16.0,0.0,0.0,4.0,84.21052631578948,0.0,0.0
2025-12-07_04:00_08:00,2025-12-07 04:00:00+01:00,2025-12-07 08:00:00+01:00,4.0,9.24,False,False,16,0.0,True,False,8,8,0,-92.41764705882355,True,False,18.626,74.504,16.0,16.0,False,0.0,1.0,16.0,0.0,0.0,4.0,84.21052631578948,0.0,0.0
2025-12-07_08:00_12:00,2025-12-07 08:00:00+01:00,2025-12-07 12:00:00+01:00,4.0,3.94,False,False,16,0.0,True,False,6,6,1,-91.11764705882354,True,False,3.454,13.816,13.816,13.0,False,0.0,1.0,13.0,0.0,0.0,4.0,84.21052631578948,0.0,0.0
2025-12-07_12:00_16:00,2025-12-07 12:00:00+01:00,2025-12-07 16:00:00+01:00,4.0,2.34,False,False,16,0.0,True,False,10,10,0,-112.94764705882355,True,False,4.678,18.712,16.0,16.0,False,0.0,1.0,16.0,0.0,0.0,4.0,84.21052631578948,0.0,0.0
2025-12-07_16:00_20:00,2025-12-07 16:00:00+01:00,2025-12-07 20:00:00+01:00,4.0,0.67,False,False,16,0.0,True,False,14,14,0,-142.95764705882354,True,False,22.838,91.352,16.0,16.0,False,0.0,1.0,16.0,0.0,0.0,4.0,84.21052631578948,0.0,0.0
2025-12-07_20:00_00:00,2025-12-07 20:00:00+01:00,2025-12-08 00:00:00+01:00,4.0,4.0,False,False,16,0.0,True,False,16,9,0,-45.68764705882352,True,False,66.141,264.564,16.0,16.0,False,0.0,1.0,16.0,0.0,0.0,0.0,60.52527411318072,21.805,-1086.2832
2025-12-08_00:00_04:00,2025-12-08 00:00:00+01:00,2025-12-08 04:00:00+01:00,4.0,57.98,False,False,16,0.0,True,False,15,4,0,-75.06764705882352,True,False,63.177,252.708,15.13131852829518,15.0,False,0.0,1.0,15.0,0.0,0.0,0.0,38.232999728202564,40.001,-1545.85326
2025-12-08_04:00_08:00,2025-12-08 04:00:00+01:00,2025-12-08 08:00:00+01:00,4.0,32.0,False,False,16,0.0,True,False,16,10,0,-102.48764705882354,True,False,46.013,184.052,15.13131852829518,15.0,False,0.0,1.0,15.0,0.0,0.0,0.0,32.9271114352222,22.448,-1788.2256
2025-12-08_08:00_12:00,2025-12-08 08:00:00+01:00,2025-12-08 12:00:00+01:00,4.0,4.3,False,False,16,0.0,True,False,12,12,2,-94.48764705882354,True,False,50.44,201.76,15.13131852829518,15.0,False,0.0,1.0,15.0,0.0,0.0,4.0,52.760206190229205,0.0,0.0
2025-12-08_12:00_16:00,2025-12-08 12:00:00+01:00,2025-12-08 16:00:00+01:00,4.0,4.47,False,False,16,0.0,True,False,11,11,0,-106.16764705882355,True,False,43.332,173.328,15.13131852829518,15.0,False,0.0,1.0,15.0,0.0,0.0,4.0,84.21052631578948,0.0,0.0
2025-12-08_16:00_20:00,2025-12-08 16:00:00+01:00,2025-12-08 20:00:00+01:00,4.0,0.86,False,False,16,0.0,True,False,15,15,0,-131.84764705882353,True,False,56.187,224.748,15.13131852829518,15.0,False,0.0,1.0,15.0,0.0,0.0,4.0,84.21052631578948,0.0,0.0
2025-12-08_20:00_00:00,2025-12-08 20:00:00+01:00,2025-12-09 00:00:00+01:00,4.0,3.83,False,False,16,0.0,True,False,11,11,0,-102.59764705882353,True,False,47.064,188.256,15.13131852829518,15.0,False,0.0,1.0,15.0,0.0,0.0,4.0,84.21052631578948,0.0,0.0
2025-12-09_00:00_04:00,2025-12-09 00:00:00+01:00,2025-12-09 04:00:00+01:00,4.0,16.85,False,False,16,0.0,True,False,11,11,2,-94.69764705882355,True,False,29.708,118.832,16.0,16.0,False,0.0,1.0,16.0,0.0,0.0,4.0,84.21052631578948,0.0,0.0
2025-12-09_04:00_08:00,2025-12-09 04:00:00+01:00,2025-12-09 08:00:00+01:00,4.0,10.28,False,False,16,0.0,True,False,7,7,0,-110.38764705882355,True,False,23.218,92.872,16.0,16.0,False,0.0,1.0,16.0,0.0,0.0,4.0,84.21052631578948,0.0,0.0
2025-12-09_08:00_12:00,2025-12-09 08:00:00+01:00,2025-12-09 12:00:00+01:00,4.0,3.31,False,False,16,0.0,True,False,16,16,0,-93.55764705882353,True,False,64.67,258.68,16.0,16.0,False,0.0,1.0,16.0,0.0,0.0,4.0,84.21052631578948,0.0,0.0
2025-12-09_12:00_16:00,2025-12-09 12:00:00+01:00,2025-12-09 16:00:00+01:00,4.0,2.44,False,False,16,0.0,True,False,8,8,0,-100.84764705882353,True,False,9.424,37.696,16.0,16.0,False,0.0,1.0,16.0,0.0,0.0,4.0,84.21052631578948,0.0,0.0
2025-12-09_16:00_20:00,2025-12-09 16:00:00+01:00,2025-12-09 20:00:00+01:00,4.0,0.65,False,False,16,0.0,True,False,16,16,0,-202.74764705882353,True,False,115.944,463.776,16.0,16.0,False,0.0,1.0,16.0,0.0,0.0,4.0,84.21052631578948,0.0,0.0
2025-12-09_20:00_00:00,2025-12-09 20:00:00+01:00,2025-12-10 00:00:00+01:00,4.0,4.25,False,False,16,0.0,True,False,13,7,0,-69.53764705882355,True,False,66.254,265.016,16.0,16.0,False,0.0,1.0,16.0,0.0,0.0,0.0,76.9869652213158,24.0,-552.9200000000001
2025-12-10_00:00_04:00,2025-12-10 00:00:00+01:00,2025-12-10 04:00:00+01:00,4.0,21.02,False,False,16,0.0,True,False,12,7,0,-70.21764705882353,True,False,69.532,278.128,16.0,16.0,False,0.0,1.0,16.0,0.0,0.0,0.0,76.46485609973685,20.0,-329.64
2025-12-10_04:00_08:00,2025-12-10 04:00:00+01:00,2025-12-10 08:00:00+01:00,4.0,16.75,False,False,16,0.0,True,False,9,9,0,-101.14764705882354,True,False,9.635,38.54,16.0,16.0,False,0.0,1.0,16.0,0.0,0.0,4.0,77.88812808574238,0.0,0.0
2025-12-10_08:00_12:00,2025-12-10 08:00:00+01:00,2025-12-10 12:00:00+01:00,4.0,18.8,False,False,16,0.0,True,False,6,6,1,-112.45764705882354,True,False,1.017,4.068,4.068,4.0,False,0.0,1.0,4.0,0.0,0.0,4.0,84.21052631578948,0.0,0.0
2025-12-10_12:00_16:00,2025-12-10 12:00:00+01:00,2025-12-10 16:00:00+01:00,4.0,17.74,False,False,16,0.0,True,False,9,9,0,-110.36764705882354,True,False,7.711,30.844,16.0,16.0,False,0.0,1.0,16.0,0.0,0.0,4.0,84.21052631578948,0.0,0.0
2025-12-10_16:00_20:00,2025-12-10 16:00:00+01:00,2025-12-10 20:00:00+01:00,4.0,2.87,False,False,16,0.0,True,False,13,13,0,-118.90764705882353,True,False,20.44,81.76,16.0,16.0,False,0.0,1.0,16.0,0.0,0.0,4.0,84.21052631578948,0.0,0.0
2025-12-10_20:00_00:00,2025-12-10 20:00:00+01:00,2025-12-11 00:00:00+01:00,4.0,3.25,False,False,16,0.0,True,False,13,13,0,-85.90764705882353,True,False,51.034,204.136,16.0,16.0,False,0.0,1.0,16.0,0.0,0.0,4.0,84.21052631578948,0.0,0.0
2025-12-11_00:00_04:00,2025-12-11 00:00:00+01:00,2025-12-11 04:00:00+01:00,4.0,13.4,False,False,16,0.0,True,False,13,13,0,-77.06764705882352,True,False,149.271,597.084,16.0,16.0,False,0.0,1.0,16.0,0.0,0.0,4.0,84.21052631578948,0.0,0.0
2025-12-11_04:00_08:00,2025-12-11 04:00:00+01:00,2025-12-11 08:00:00+01:00,4.0,9.1,False,False,16,0.0,True,False,13,13,0,-88.82764705882354,True,False,36.32,145.28,16.0,16.0,False,0.0,1.0,16.0,0.0,0.0,4.0,84.21052631578948,0.0,0.0
2025-12-11_08:00_12:00,2025-12-11 08:00:00+01:00,2025-12-11 12:00:00+01:00,4.0,6.72,False,False,16,0.0,True,False,16,12,0,-82.11764705882354,True,False,112.058,448.232,16.0,16.0,False,0.0,1.0,16.0,0.0,0.0,0.0,82.56352519304396,16.0,-358.52
2025-12-11_12:00_16:00,2025-12-11 12:00:00+01:00,2025-12-11 16:00:00+01:00,4.0,6.0,False,False,16,0.0,True,False,15,15,0,-105.49764705882353,True,False,64.952,259.808,16.0,16.0,False,0.0,1.0,16.0,0.0,0.0,4.0,84.21052631578948,0.0,0.0
2025-12-11_16:00_20:00,2025-12-11 16:00:00+01:00,2025-12-11 20:00:00+01:00,4.0,1.06,False,False,16,0.0,True,False,14,14,0,-118.31764705882352,True,False,3.801,15.204,15.204,15.0,False,0.0,1.0,15.0,0.0,0.0,4.0,84.21052631578948,0.0,0.0
2025-12-11_20:00_00:00,2025-12-11 20:00:00+01:00,2025-12-12 00:00:00+01:00,4.0,2.21,False,False,16,0.0,True,False,6,6,0,-157.17764705882354,True,False,3.097,12.388,12.388,12.0,False,0.0,1.0,12.0,0.0,0.0,4.0,84.21052631578948,0.0,0.0
2025-12-12_00:00_04:00,2025-12-12 00:00:00+01:00,2025-12-12 04:00:00+01:00,4.0,8.49,False,False,16,0.0,True,False,8,8,0,-103.51764705882354,True,False,5.798,23.192,16.0,16.0,False,0.0,1.0,16.0,0.0,0.0,4.0,84.21052631578948,0.0,0.0
2025-12-12_04:00_08:00,2025-12-12 04:00:00+01:00,2025-12-12 08:00:00+01:00,4.0,5.66,False,False,16,0.0,True,False,11,11,1,-116.41764705882355,True,False,8.337,33.348,16.0,16.0,False,0.0,1.0,16.0,0.0,0.0,4.0,84.21052631578948,0.0,0.0
2025-12-12_08:00_12:00,2025-12-12 08:00:00+01:00,2025-12-12 12:00:00+01:00,4.0,3.9,False,False,16,0.0,True,False,8,8,0,-142.69764705882352,True,False,1.966,7.864,7.864,7.0,False,0.0,1.0,7.0,0.0,0.0,4.0,84.21052631578948,0.0,0.0
2025-12-12_12:00_16:00,2025-12-12 12:00:00+01:00,2025-12-12 16:00:00+01:00,4.0,3.1,False,False,16,0.0,True,False,11,11,1,-144.51764705882354,True,False,5.751,23.004,16.0,16.0,False,0.0,1.0,16.0,0.0,0.0,4.0,84.21052631578948,0.0,0.0
2025-12-12_16:00_20:00,2025-12-12 16:00:00+01:00,2025-12-12 20:00:00+01:00,4.0,0.68,False,False,16,0.0,True,False,16,16,1,-129.35764705882355,True,False,5.344,21.376,16.0,16.0,False,0.0,1.0,16.0,0.0,0.0,4.0,84.21052631578948,0.0,0.0
2025-12-12_20:00_00:00,2025-12-12 20:00:00+01:00,2025-12-13 00:00:00+01:00,4.0,1.56,False,False,16,0.0,True,False,13,13,0,-108.11764705882354,True,False,25.87,103.48,16.0,16.0,False,0.0,1.0,16.0,0.0,0.0,4.0,84.21052631578948,0.0,0.0
2025-12-13_00:00_04:00,2025-12-13 00:00:00+01:00,2025-12-13 04:00:00+01:00,4.0,5.62,False,False,16,0.0,True,False,11,11,0,-93.50764705882355,True,False,13.899,55.596,16.0,16.0,False,0.0,1.0,16.0,0.0,0.0,4.0,84.21052631578948,0.0,0.0
2025-12-13_04:00_08:00,2025-12-13 04:00:00+01:00,2025-12-13 08:00:00+01:00,4.0,4.45,False,False,16,0.0,True,False,14,14,1,-116.93764705882353,True,False,11.261,45.044,16.0,16.0,False,0.0,1.0,16.0,0.0,0.0,4.0,84.21052631578948,0.0,0.0
2025-12-13_08:00_12:00,2025-12-13 08:00:00+01:00,2025-12-13 12:00:00+01:00,4.0,3.53,False,False,16,0.0,True,False,12,12,1,-102.75764705882355,True,False,4.401,17.604,16.0,16.0,False,0.0,1.0,16.0,0.0,0.0,4.0,84.21052631578948,0.0,0.0
2025-12-13_12:00_16:00,2025-12-13 12:00:00+01:00,2025-12-13 16:00:00+01:00,4.0,2.64,False,False,16,0.0,True,False,7,7,0,-135.77764705882353,True,False,1.756,7.024,7.024,7.0,False,0.0,1.0,7.0,0.0,0.0,4.0,84.21052631578948,0.0,0.0
2025-12-13_16:00_20:00,2025-12-13 16:00:00+01:00,2025-12-13 20:00:00+01:00,4.0,0.61,False,False,16,0.0,True,False,15,15,0,-139.57764705882354,True,False,22.146,88.584,16.0,16.0,False,0.0,1.0,16.0,0.0,0.0,4.0,84.21052631578948,0.0,0.0
2025-12-13_20:00_00:00,2025-12-13 20:00:00+01:00,2025-12-14 00:00:00+01:00,4.0,1.84,False,False,16,0.0,True,False,15,15,0,-102.46764705882353,True,False,12.547,50.188,16.0,16.0,False,0.0,1.0,16.0,0.0,0.0,4.0,84.21052631578948,0.0,0.0
2025-12-14_00:00_04:00,2025-12-14 00:00:00+01:00,2025-12-14 04:00:00+01:00,4.0,5.0,False,False,16,0.0,True,False,16,16,0,-97.70764705882354,True,False,9.88,39.52,16.0,16.0,False,0.0,1.0,16.0,0.0,0.0,4.0,84.21052631578948,0.0,0.0
2025-12-14_04:00_08:00,2025-12-14 04:00:00+01:00,2025-12-14 08:00:00+01:00,4.0,4.36,False,False,16,0.0,True,False,13,13,0,-101.03764705882355,True,False,5.884,23.536,16.0,16.0,False,0.0,1.0,16.0,0.0,0.0,4.0,84.21052631578948,0.0,0.0
2025-12-14_08:00_12:00,2025-12-14 08:00:00+01:00,2025-12-14 12:00:00+01:00,4.0,3.52,False,False,16,0.0,True,False,11,11,0,-85.44764705882355,True,False,19.629,78.516,16.0,16.0,False,0.0,1.0,16.0,0.0,0.0,4.0,84.21052631578948,0.0,0.0
2025-12-14_12:00_16:00,2025-12-14 12:00:00+01:00,2025-12-14 16:00:00+01:00,4.0,2.67,False,False,16,0.0,True,False,9,9,0,-134.77764705882353,True,False,22.841,91.364,16.0,16.0,False,0.0,1.0,16.0,0.0,0.0,4.0,84.21052631578948,0.0,0.0
2025-12-14_16:00_20:00,2025-12-14 16:00:00+01:00,2025-12-14 20:00:00+01:00,4.0,0.69,False,False,16,0.0,True,False,10,10,0,-101.09764705882353,True,False,2.952,11.808,11.808,11.0,False,0.0,1.0,11.0,0.0,0.0,4.0,84.21052631578948,0.0,0.0
2025-12-14_20:00_00:00,2025-12-14 20:00:00+01:00,2025-12-15 00:00:00+01:00,4.0,2.86,False,False,16,0.0,True,False,14,14,0,-94.03764705882355,True,False,18.549,74.196,16.0,16.0,False,0.0,1.0,16.0,0.0,0.0,4.0,84.21052631578948,0.0,0.0
2025-12-15_00:00_04:00,2025-12-15 00:00:00+01:00,2025-12-15 04:00:00+01:00,4.0,8.32,False,False,16,0.0,True,False,10,10,1,-108.22764705882355,True,False,8.903,35.612,16.0,16.0,False,0.0,1.0,16.0,0.0,0.0,4.0,84.21052631578948,0.0,0.0
2025-12-15_04:00_08:00,2025-12-15 04:00:00+01:00,2025-12-15 08:00:00+01:00,4.0,7.41,False,False,16,0.0,True,False,5,5,1,-100.10764705882355,True,False,0.463,1.852,1.852,1.0,False,0.0,1.0,1.0,0.0,0.0,4.0,84.21052631578948,0.0,0.0
2025-12-15_08:00_12:00,2025-12-15 08:00:00+01:00,2025-12-15 12:00:00+01:00,4.0,3.31,False,False,16,0.0,True,False,11,11,0,-100.14764705882354,True,False,6.582,26.328,16.0,16.0,False,0.0,1.0,16.0,0.0,0.0,4.0,84.21052631578948,0.0,0.0
2025-12-15_12:00_16:00,2025-12-15 12:00:00+01:00,2025-12-15 16:00:00+01:00,4.0,3.88,False,False,16,0.0,True,False,1,1,0,-83.77764705882353,False,False,0.116,0.464,0.464,0.0,False,0.0,1.0,0.0,0.0,0.0,4.0,84.21052631578948,0.0,0.0
2025-12-15_16:00_20:00,2025-12-15 16:00:00+01:00,2025-12-15 20:00:00+01:00,4.0,0.59,False,False,16,0.0,True,False,16,16,0,-102.87764705882353,True,False,82.845,331.38,16.0,16.0,False,0.0,1.0,16.0,0.0,0.0,4.0,84.21052631578948,0.0,0.0
2025-12-15_20:00_00:00,2025-12-15 20:00:00+01:00,2025-12-16 00:00:00+01:00,4.0,2.09,False,False,16,0.0,True,False,15,15,0,-105.19764705882355,True,False,66.392,265.568,16.0,16.0,False,0.0,1.0,16.0,0.0,0.0,4.0,84.21052631578948,0.0,0.0
2025-12-16_00:00_04:00,2025-12-16 00:00:00+01:00,2025-12-16 04:00:00+01:00,4.0,6.52,False,False,16,0.0,True,False,16,16,0,-101.32764705882354,True,False,4.876,19.504,16.0,16.0,False,0.0,1.0,16.0,0.0,0.0,4.0,84.21052631578948,0.0,0.0
2025-12-16_04:00_08:00,2025-12-16 04:00:00+01:00,2025-12-16 08:00:00+01:00,4.0,4.6,False,False,16,0.0,True,False,8,8,0,-125.26764705882354,True,False,39.148,156.592,16.0,16.0,False,0.0,1.0,16.0,0.0,0.0,4.0,84.21052631578948,0.0,0.0
2025-12-16_08:00_12:00,2025-12-16 08:00:00+01:00,2025-12-16 12:00:00+01:00,4.0,2.65,False,False,16,0.0,True,False,9,9,3,-132.88764705882352,True,False,8.998,35.992,16.0,16.0,False,0.0,1.0,16.0,0.0,0.0,4.0,84.21052631578948,0.0,0.0
2025-12-16_12:00_16:00,2025-12-16 12:00:00+01:00,2025-12-16 16:00:00+01:00,4.0,2.36,False,False,16,0.0,True,False,12,12,1,-117.76764705882354,True,False,16.773,67.092,16.0,16.0,False,0.0,1.0,16.0,0.0,0.0,4.0,84.21052631578948,0.0,0.0
2025-12-16_16:00_20:00,2025-12-16 16:00:00+01:00,2025-12-16 20:00:00+01:00,4.0,0.48,False,False,16,0.0,True,False,12,12,1,-120.82764705882354,True,False,1.864,7.456,7.456,7.0,False,0.0,1.0,7.0,0.0,0.0,4.0,84.21052631578948,0.0,0.0
2025-12-16_20:00_00:00,2025-12-16 20:00:00+01:00,2025-12-17 00:00:00+01:00,4.0,1.4,False,False,16,0.0,True,False,11,11,0,-105.71764705882353,True,False,4.138,16.552,16.0,16.0,False,0.0,1.0,16.0,0.0,0.0,4.0,84.21052631578948,0.0,0.0
2025-12-17_00:00_04:00,2025-12-17 00:00:00+01:00,2025-12-17 04:00:00+01:00,4.0,4.87,False,False,16,0.0,True,False,16,16,0,-113.85764705882355,True,False,2.127,8.508,8.508,8.0,False,0.0,1.0,8.0,0.0,0.0,4.0,84.21052631578948,0.0,0.0
2025-12-17_04:00_08:00,2025-12-17 04:00:00+01:00,2025-12-17 08:00:00+01:00,4.0,3.55,False,False,16,0.0,True,False,14,14,0,-133.12764705882353,True,False,1.743,6.972,6.972,6.0,False,0.0,1.0,6.0,0.0,0.0,4.0,84.21052631578948,0.0,0.0
2025-12-17_08:00_12:00,2025-12-17 08:00:00+01:00,2025-12-17 12:00:00+01:00,4.0,2.06,False,False,16,0.0,True,False,14,14,0,-126.18764705882353,True,False,2.814,11.256,11.256,11.0,False,0.0,1.0,11.0,0.0,0.0,4.0,84.21052631578948,0.0,0.0
2025-12-17_12:00_16:00,2025-12-17 12:00:00+01:00,2025-12-17 16:00:00+01:00,4.0,2.5,False,False,16,0.0,True,False,8,8,0,-121.58764705882353,True,False,0.573,2.292,2.292,2.0,False,0.0,1.0,2.0,0.0,0.0,4.0,84.21052631578948,0.0,0.0
2025-12-17_16:00_20:00,2025-12-17 16:00:00+01:00,2025-12-17 20:00:00+01:00,4.0,0.47,False,False,16,0.0,True,False,16,16,0,-112.57764705882354,True,False,81.598,326.392,16.0,16.0,False,0.0,1.0,16.0,0.0,0.0,4.0,84.21052631578948,0.0,0.0
2025-12-17_20:00_00:00,2025-12-17 20:00:00+01:00,2025-12-18 00:00:00+01:00,4.0,1.72,False,False,16,0.0,True,False,16,16,0,-107.62764705882353,True,False,5.434,21.736,16.0,16.0,False,0.0,1.0,16.0,0.0,0.0,4.0,84.21052631578948,0.0,0.0
2025-12-18_00:00_04:00,2025-12-18 00:00:00+01:00,2025-12-18 04:00:00+01:00,4.0,4.97,False,False,16,0.0,True,False,11,11,1,-82.75764705882355,True,False,9.541,38.164,16.0,16.0,False,0.0,1.0,16.0,0.0,0.0,4.0,84.21052631578948,0.0,0.0
2025-12-18_04:00_08:00,2025-12-18 04:00:00+01:00,2025-12-18 08:00:00+01:00,4.0,3.93,False,False,16,0.0,True,False,11,11,0,-110.68764705882353,True,False,30.151,120.604,16.0,16.0,False,0.0,1.0,16.0,0.0,0.0,4.0,84.21052631578948,0.0,0.0
2025-12-18_08:00_12:00,2025-12-18 08:00:00+01:00,2025-12-18 12:00:00+01:00,4.0,2.63,False,False,16,0.0,True,False,16,14,0,-111.07764705882354,True,False,117.05,468.2,16.0,16.0,False,0.0,1.0,16.0,0.0,0.0,0.0,83.79815789473685,8.0,-113.6
2025-12-18_12:00_16:00,2025-12-18 12:00:00+01:00,2025-12-18 16:00:00+01:00,4.0,2.37,False,False,16,0.0,True,False,11,11,0,-112.42764705882354,True,False,29.941,119.764,16.0,16.0,False,0.0,1.0,16.0,0.0,0.0,4.0,84.21052631578948,0.0,0.0
2025-12-18_16:00_20:00,2025-12-18 16:00:00+01:00,2025-12-18 20:00:00+01:00,4.0,0.58,False,False,16,0.0,True,False,16,10,0,-43.547647058823536,True,False,69.069,276.276,16.0,16.0,False,0.0,1.0,16.0,0.0,0.0,0.0,72.97180159890331,24.0,-262.36
2025-12-18_20:00_00:00,2025-12-18 20:00:00+01:00,2025-12-19 00:00:00+01:00,4.0,17.45,False,False,16,0.0,True,False,16,10,0,-81.95764705882354,True,False,33.038,132.152,16.0,16.0,False,0.0,1.0,16.0,0.0,0.0,0.0,73.88812808574237,24.0,-1237.52
2025-12-19_00:00_04:00,2025-12-19 00:00:00+01:00,2025-12-19 04:00:00+01:00,4.0,43.66,False,False,16,0.0,True,False,16,9,0,-50.45764705882353,True,False,31.703,126.812,16.0,16.0,False,0.0,1.0,16.0,0.0,0.0,0.0,72.61916998225678,28.0,-463.32
2025-12-19_04:00_08:00,2025-12-19 04:00:00+01:00,2025-12-19 08:00:00+01:00,4.0,31.68,False,False,16,0.0,True,False,11,11,0,-110.56764705882352,True,False,11.55,46.2,16.0,16.0,False,0.0,1.0,16.0,0.0,0.0,4.0,74.32308367175965,0.0,0.0
2025-12-19_08:00_12:00,2025-12-19 08:00:00+01:00,2025-12-19 12:00:00+01:00,4.0,2.25,False,False,16,0.0,True,False,16,16,0,-105.19764705882355,True,False,14.967,59.868,16.0,16.0,False,0.0,1.0,16.0,0.0,0.0,4.0,84.21052631578948,0.0,0.0
2025-12-19_12:00_16:00,2025-12-19 12:00:00+01:00,2025-12-19 16:00:00+01:00,4.0,2.17,False,False,16,0.0,True,False,10,10,0,-112.05764705882353,True,False,3.182,12.728,12.728,12.0,False,0.0,1.0,12.0,0.0,0.0,4.0,84.21052631578948,0.0,0.0
2025-12-19_16:00_20:00,2025-12-19 16:00:00+01:00,2025-12-19 20:00:00+01:00,4.0,0.47,False,False,16,0.0,True,False,15,15,0,-117.04764705882354,True,False,12.644,50.576,16.0,16.0,False,0.0,1.0,16.0,0.0,0.0,4.0,84.21052631578948,0.0,0.0
2025-12-19_20:00_00:00,2025-12-19 20:00:00+01:00,2025-12-20 00:00:00+01:00,4.0,4.78,False,False,16,0.0,True,False,4,4,1,-100.42764705882354,True,False,0.853,3.412,3.412,3.0,False,0.0,1.0,3.0,0.0,0.0,4.0,84.21052631578948,0.0,0.0
2025-12-20_00:00_04:00,2025-12-20 00:00:00+01:00,2025-12-20 04:00:00+01:00,4.0,12.97,False,False,16,0.0,True,False,9,9,0,-105.60764705882355,True,False,3.796,15.184,15.184,15.0,False,0.0,1.0,15.0,0.0,0.0,4.0,84.21052631578948,0.0,0.0
2025-12-20_04:00_08:00,2025-12-20 04:00:00+01:00,2025-12-20 08:00:00+01:00,4.0,9.21,False,False,16,0.0,True,False,5,5,1,-113.72764705882355,False,False,0.093,0.372,0.372,0.0,False,0.0,1.0,0.0,0.0,0.0,4.0,84.21052631578948,0.0,0.0
2025-12-20_08:00_12:00,2025-12-20 08:00:00+01:00,2025-12-20 12:00:00+01:00,4.0,1.87,False,False,16,0.0,True,False,12,12,1,-125.62764705882353,True,False,7.506,30.024,16.0,16.0,False,0.0,1.0,16.0,0.0,0.0,4.0,84.21052631578948,0.0,0.0
2025-12-20_12:00_16:00,2025-12-20 12:00:00+01:00,2025-12-20 16:00:00+01:00,4.0,1.8,False,False,16,0.0,True,False,2,2,1,-130.54764705882354,False,False,0.018,0.072,0.072,0.0,False,0.0,1.0,0.0,0.0,0.0,4.0,84.21052631578948,0.0,0.0
2025-12-20_16:00_20:00,2025-12-20 16:00:00+01:00,2025-12-20 20:00:00+01:00,4.0,0.47,False,False,16,0.0,True,False,10,10,2,-106.77764705882353,True,False,11.715,46.86,16.0,16.0,False,0.0,1.0,16.0,0.0,0.0,4.0,84.21052631578948,0.0,0.0
2025-12-20_20:00_00:00,2025-12-20 20:00:00+01:00,2025-12-21 00:00:00+01:00,4.0,2.6,False,False,16,0.0,True,False,6,6,0,-104.48764705882354,True,False,4.599,18.396,16.0,16.0,False,0.0,1.0,16.0,0.0,0.0,4.0,84.21052631578948,0.0,0.0
2025-12-21_00:00_04:00,2025-12-21 00:00:00+01:00,2025-12-21 04:00:00+01:00,4.0,6.66,False,False,16,0.0,True,False,15,15,1,-103.84764705882353,True,False,18.77,75.08,16.0,16.0,False,0.0,1.0,16.0,0.0,0.0,4.0,84.21052631578948,0.0,0.0
2025-12-21_04:00_08:00,2025-12-21 04:00:00+01:00,2025-12-21 08:00:00+01:00,4.0,4.82,False,False,16,0.0,True,False,12,12,0,-108.76764705882354,True,False,14.164,56.656,16.0,16.0,False,0.0,1.0,16.0,0.0,0.0,4.0,84.21052631578948,0.0,0.0
2025-12-21_08:00_12:00,2025-12-21 08:00:00+01:00,2025-12-21 12:00:00+01:00,4.0,2.1,False,False,16,0.0,True,False,15,15,0,-95.63764705882355,True,False,36.296,145.184,16.0,16.0,False,0.0,1.0,16.0,0.0,0.0,4.0,84.21052631578948,0.0,0.0
2025-12-21_12:00_16:00,2025-12-21 12:00:00+01:00,2025-12-21 16:00:00+01:00,4.0,2.07,False,False,16,0.0,True,False,8,8,0,-102.16764705882355,True,False,15.974,63.896,16.0,16.0,False,0.0,1.0,16.0,0.0,0.0,4.0,84.21052631578948,0.0,0.0
2025-12-21_16:00_20:00,2025-12-21 16:00:00+01:00,2025-12-21 20:00:00+01:00,4.0,0.69,False,False,16,0.0,True,False,16,16,0,-101.35764705882355,True,False,50.947,203.788,16.0,16.0,False,0.0,1.0,16.0,0.0,0.0,4.0,84.21052631578948,0.0,0.0
2025-12-21_20:00_00:00,2025-12-21 20:00:00+01:00,2025-12-22 00:00:00+01:00,4.0,4.34,False,False,16,0.0,True,False,11,11,0,-95.04764705882354,True,False,48.445,193.78,16.0,16.0,False,0.0,1.0,16.0,0.0,0.0,4.0,84.21052631578948,0.0,0.0
2025-12-22_00:00_04:00,2025-12-22 00:00:00+01:00,2025-12-22 04:00:00+01:00,4.0,12.56,False,False,16,0.0,True,False,12,10,0,-75.56764705882352,True,False,56.468,225.872,16.0,16.0,False,0.0,1.0,16.0,0.0,0.0,0.0,79.04416342105263,8.0,-132.48
2025-12-22_04:00_08:00,2025-12-22 04:00:00+01:00,2025-12-22 08:00:00+01:00,4.0,12.79,False,False,16,0.0,True,False,12,7,0,-93.20764705882354,True,False,173.405,693.62,16.0,16.0,False,0.0,1.0,16.0,0.0,0.0,0.0,76.17373569047922,20.0,-1832.32
2025-12-22_08:00_12:00,2025-12-22 08:00:00+01:00,2025-12-22 12:00:00+01:00,4.0,1.75,False,False,16,0.0,True,True,0,0,0,,False,False,0.0,0.0,0.0,0.0,False,0.0,1.0,0.0,0.0,0.0,4.0,84.21052631578948,0.0,0.0
2025-12-22_12:00_16:00,2025-12-22 12:00:00+01:00,2025-12-22 16:00:00+01:00,4.0,1.66,False,False,16,0.0,True,False,8,8,0,-125.77764705882353,True,False,23.08,92.32,16.0,16.0,False,0.0,1.0,16.0,0.0,0.0,4.0,84.21052631578948,0.0,0.0
2025-12-22_16:00_20:00,2025-12-22 16:00:00+01:00,2025-12-22 20:00:00+01:00,4.0,0.56,False,False,16,0.0,True,False,13,13,0,-110.28764705882355,True,False,27.306,109.224,16.0,16.0,False,0.0,1.0,16.0,0.0,0.0,4.0,84.21052631578948,0.0,0.0
2025-12-22_20:00_00:00,2025-12-22 20:00:00+01:00,2025-12-23 00:00:00+01:00,4.0,2.21,False,False,16,0.0,True,False,15,15,0,-96.06764705882352,True,False,42.848,171.392,16.0,16.0,False,0.0,1.0,16.0,0.0,0.0,4.0,84.21052631578948,0.0,0.0
2025-12-23_00:00_04:00,2025-12-23 00:00:00+01:00,2025-12-23 04:00:00+01:00,4.0,6.85,False,False,16,0.0,True,False,13,11,1,-58.63764705882354,True,False,112.231,448.924,16.0,16.0,False,0.0,1.0,16.0,0.0,0.0,0.0,79.04416342105263,8.0,-318.2
2025-12-23_04:00_08:00,2025-12-23 04:00:00+01:00,2025-12-23 08:00:00+01:00,4.0,6.07,False,False,16,0.0,True,False,13,7,0,-101.78764705882355,True,False,81.224,324.896,16.0,16.0,False,0.0,1.0,16.0,0.0,0.0,0.0,72.44701370824444,24.0,-1143.76
2025-12-23_08:00_12:00,2025-12-23 08:00:00+01:00,2025-12-23 12:00:00+01:00,4.0,1.6,False,False,16,0.0,True,False,6,6,2,-133.65764705882353,True,False,0.982,3.928,3.928,3.0,False,0.0,1.0,3.0,0.0,0.0,4.0,84.21052631578948,0.0,0.0
2025-12-23_12:00_16:00,2025-12-23 12:00:00+01:00,2025-12-23 16:00:00+01:00,4.0,2.1,False,False,16,0.0,True,False,11,11,1,-160.52764705882353,True,False,28.091,112.364,16.0,16.0,False,0.0,1.0,16.0,0.0,0.0,4.0,84.21052631578948,0.0,0.0
2025-12-23_16:00_20:00,2025-12-23 16:00:00+01:00,2025-12-23 20:00:00+01:00,4.0,0.87,False,False,16,0.0,True,False,10,10,0,-136.84764705882353,True,False,21.333,85.332,16.0,16.0,False,0.0,1.0,16.0,0.0,0.0,4.0,84.21052631578948,0.0,0.0
2025-12-23_20:00_00:00,2025-12-23 20:00:00+01:00,2025-12-24 00:00:00+01:00,4.0,2.4,False,False,16,0.0,True,False,15,15,0,-87.57764705882354,True,False,46.383,185.532,16.0,16.0,False,0.0,1.0,16.0,0.0,0.0,4.0,84.21052631578948,0.0,0.0
2025-12-24_00:00_04:00,2025-12-24 00:00:00+01:00,2025-12-24 04:00:00+01:00,4.0,12.0,False,False,16,0.0,True,False,12,12,0,-69.13764705882355,True,False,85.107,340.428,16.0,16.0,False,0.0,1.0,16.0,0.0,0.0,4.0,84.21052631578948,0.0,0.0
2025-12-24_04:00_08:00,2025-12-24 04:00:00+01:00,2025-12-24 08:00:00+01:00,4.0,9.85,False,False,16,0.0,True,False,5,5,0,-74.77764705882353,True,False,17.669,70.676,16.0,16.0,False,0.0,1.0,16.0,0.0,0.0,4.0,84.21052631578948,0.0,0.0
2025-12-24_08:00_12:00,2025-12-24 08:00:00+01:00,2025-12-24 12:00:00+01:00,4.0,3.12,False,False,16,0.0,True,False,10,10,0,-97.98764705882354,True,False,67.687,270.748,16.0,16.0,False,0.0,1.0,16.0,0.0,0.0,4.0,84.21052631578948,0.0,0.0
2025-12-24_12:00_16:00,2025-12-24 12:00:00+01:00,2025-12-24 16:00:00+01:00,4.0,4.24,False,False,16,0.0,True,False,5,5,0,-102.32764705882354,True,False,10.076,40.304,16.0,16.0,False,0.0,1.0,16.0,0.0,0.0,4.0,84.21052631578948,0.0,0.0
2025-12-24_16:00_20:00,2025-12-24 16:00:00+01:00,2025-12-24 20:00:00+01:00,4.0,2.22,False,False,16,0.0,True,False,12,12,1,-119.00764705882355,True,False,47.688,190.752,16.0,16.0,False,0.0,1.0,16.0,0.0,0.0,4.0,84.21052631578948,0.0,0.0
2025-12-24_20:00_00:00,2025-12-24 20:00:00+01:00,2025-12-25 00:00:00+01:00,4.0,3.1,False,False,16,0.0,True,False,2,2,0,-27.63764705882354,True,False,7.929,31.716,16.0,16.0,False,0.0,1.0,16.0,0.0,0.0,4.0,84.21052631578948,0.0,0.0
2025-12-25_00:00_04:00,2025-12-25 00:00:00+01:00,2025-12-25 04:00:00+01:00,4.0,10.15,False,False,16,0.0,True,True,0,0,0,,False,False,0.0,0.0,0.0,0.0,False,0.0,1.0,0.0,0.0,0.0,4.0,84.21052631578948,0.0,0.0
2025-12-25_04:00_08:00,2025-12-25 04:00:00+01:00,2025-12-25 08:00:00+01:00,4.0,8.12,False,False,16,0.0,True,False,2,2,0,-90.74764705882353,False,False,0.225,0.9,0.9,0.0,False,0.0,1.0,0.0,0.0,0.0,4.0,84.21052631578948,0.0,0.0
2025-12-25_08:00_12:00,2025-12-25 08:00:00+01:00,2025-12-25 12:00:00+01:00,4.0,3.99,False,False,16,0.0,True,False,9,9,0,-91.84764705882353,True,False,33.239,132.956,16.0,16.0,False,0.0,1.0,16.0,0.0,0.0,4.0,84.21052631578948,0.0,0.0
2025-12-25_12:00_16:00,2025-12-25 12:00:00+01:00,2025-12-25 16:00:00+01:00,4.0,6.14,False,False,16,0.0,True,False,6,6,0,-151.46764705882353,True,False,6.687,26.748,16.0,16.0,False,0.0,1.0,16.0,0.0,0.0,4.0,84.21052631578948,0.0,0.0
2025-12-25_16:00_20:00,2025-12-25 16:00:00+01:00,2025-12-25 20:00:00+01:00,4.0,1.78,False,False,16,0.0,True,False,12,12,2,-105.59764705882353,True,False,27.94,111.76,16.0,16.0,False,0.0,1.0,16.0,0.0,0.0,4.0,84.21052631578948,0.0,0.0
2025-12-25_20:00_00:00,2025-12-25 20:00:00+01:00,2025-12-26 00:00:00+01:00,4.0,2.06,False,False,16,0.0,True,False,11,11,0,-107.40764705882353,True,False,32.986,131.944,16.0,16.0,False,0.0,1.0,16.0,0.0,0.0,4.0,84.21052631578948,0.0,0.0
2025-12-26_00:00_04:00,2025-12-26 00:00:00+01:00,2025-12-26 04:00:00+01:00,4.0,6.16,False,False,16,0.0,True,False,7,7,2,-101.74764705882353,True,False,3.304,13.216,13.216,13.0,False,0.0,1.0,13.0,0.0,0.0,4.0,84.21052631578948,0.0,0.0
2025-12-26_04:00_08:00,2025-12-26 04:00:00+01:00,2025-12-26 08:00:00+01:00,4.0,5.43,False,False,16,0.0,True,False,3,3,0,-104.87764705882353,True,False,0.488,1.952,1.952,1.0,False,0.0,1.0,1.0,0.0,0.0,4.0,84.21052631578948,0.0,0.0
2025-12-26_08:00_12:00,2025-12-26 08:00:00+01:00,2025-12-26 12:00:00+01:00,4.0,2.54,False,False,16,0.0,True,False,13,13,0,-101.88764705882355,True,False,29.974,119.896,16.0,16.0,False,0.0,1.0,16.0,0.0,0.0,4.0,84.21052631578948,0.0,0.0
2025-12-26_12:00_16:00,2025-12-26 12:00:00+01:00,2025-12-26 16:00:00+01:00,4.0,3.28,False,False,16,0.0,True,False,9,9,0,-112.83764705882353,True,False,16.894,67.576,16.0,16.0,False,0.0,1.0,16.0,0.0,0.0,4.0,84.21052631578948,0.0,0.0
2025-12-26_16:00_20:00,2025-12-26 16:00:00+01:00,2025-12-26 20:00:00+01:00,4.0,1.05,False,False,16,0.0,True,False,9,9,0,-130.45764705882354,True,False,14.107,56.428,16.0,16.0,False,0.0,1.0,16.0,0.0,0.0,4.0,84.21052631578948,0.0,0.0
2025-12-26_20:00_00:00,2025-12-26 20:00:00+01:00,2025-12-27 00:00:00+01:00,4.0,1.64,False,False,16,0.0,True,False,11,11,0,-103.25764705882355,True,False,3.401,13.604,13.604,13.0,False,0.0,1.0,13.0,0.0,0.0,4.0,84.21052631578948,0.0,0.0
2025-12-27_00:00_04:00,2025-12-27 00:00:00+01:00,2025-12-27 04:00:00+01:00,4.0,4.75,False,False,16,0.0,True,False,12,12,0,-90.99764705882353,True,False,37.15,148.6,16.0,16.0,False,0.0,1.0,16.0,0.0,0.0,4.0,84.21052631578948,0.0,0.0
2025-12-27_04:00_08:00,2025-12-27 04:00:00+01:00,2025-12-27 08:00:00+01:00,4.0,4.16,False,False,16,0.0,True,False,15,15,0,-96.05764705882353,True,False,50.493,201.972,16.0,16.0,False,0.0,1.0,16.0,0.0,0.0,4.0,84.21052631578948,0.0,0.0
2025-12-27_08:00_12:00,2025-12-27 08:00:00+01:00,2025-12-27 12:00:00+01:00,4.0,3.03,False,False,16,0.0,True,False,14,14,0,-87.74764705882353,True,False,105.112,420.448,16.0,16.0,False,0.0,1.0,16.0,0.0,0.0,4.0,84.21052631578948,0.0,0.0
2025-12-27_12:00_16:00,2025-12-27 12:00:00+01:00,2025-12-27 16:00:00+01:00,4.0,7.22,False,False,16,0.0,True,False,12,11,0,-107.50764705882355,True,False,103.296,413.184,16.0,16.0,False,0.0,1.0,16.0,0.0,0.0,0.0,81.8378947368421,4.0,-18.44
2025-12-27_16:00_20:00,2025-12-27 16:00:00+01:00,2025-12-27 20:00:00+01:00,4.0,0.99,False,False,16,0.0,True,False,13,13,0,-126.19764705882355,True,False,24.733,98.932,16.0,16.0,False,0.0,1.0,16.0,0.0,0.0,4.0,84.21052631578948,0.0,0.0
2025-12-27_20:00_00:00,2025-12-27 20:00:00+01:00,2025-12-28 00:00:00+01:00,4.0,1.39,False,False,16,0.0,True,False,12,12,0,-104.66764705882355,True,False,18.964,75.856,16.0,16.0,False,0.0,1.0,16.0,0.0,0.0,4.0,84.21052631578948,0.0,0.0
2025-12-28_00:00_04:00,2025-12-28 00:00:00+01:00,2025-12-28 04:00:00+01:00,4.0,4.4,False,False,16,0.0,True,False,9,9,0,-93.25764705882355,True,False,8.862,35.448,16.0,16.0,False,0.0,1.0,16.0,0.0,0.0,4.0,84.21052631578948,0.0,0.0
2025-12-28_04:00_08:00,2025-12-28 04:00:00+01:00,2025-12-28 08:00:00+01:00,4.0,3.69,False,False,16,0.0,True,False,3,3,0,-106.02764705882353,False,False,0.249,0.996,0.996,0.0,False,0.0,1.0,0.0,0.0,0.0,4.0,84.21052631578948,0.0,0.0
2025-12-28_08:00_12:00,2025-12-28 08:00:00+01:00,2025-12-28 12:00:00+01:00,4.0,2.22,False,False,16,0.0,True,False,14,14,0,-90.79764705882354,True,False,48.731,194.924,16.0,16.0,False,0.0,1.0,16.0,0.0,0.0,4.0,84.21052631578948,0.0,0.0
2025-12-28_12:00_16:00,2025-12-28 12:00:00+01:00,2025-12-28 16:00:00+01:00,4.0,3.18,False,False,16,0.0,True,False,9,9,1,-102.36764705882354,True,False,6.998,27.992,16.0,16.0,False,0.0,1.0,16.0,0.0,0.0,4.0,84.21052631578948,0.0,0.0
2025-12-28_16:00_20:00,2025-12-28 16:00:00+01:00,2025-12-28 20:00:00+01:00,4.0,0.78,False,False,16,0.0,True,False,5,5,2,-108.40764705882353,True,False,2.916,11.664,11.664,11.0,False,0.0,1.0,11.0,0.0,0.0,4.0,84.21052631578948,0.0,0.0
2025-12-28_20:00_00:00,2025-12-28 20:00:00+01:00,2025-12-29 00:00:00+01:00,4.0,1.57,False,False,16,0.0,True,False,12,12,0,-110.06764705882352,True,False,12.808,51.232,16.0,16.0,False,0.0,1.0,16.0,0.0,0.0,4.0,84.21052631578948,0.0,0.0
2025-12-29_00:00_04:00,2025-12-29 00:00:00+01:00,2025-12-29 04:00:00+01:00,4.0,4.88,False,False,16,0.0,True,False,14,14,0,-117.59764705882353,True,False,2.27,9.08,9.08,9.0,False,0.0,1.0,9.0,0.0,0.0,4.0,84.21052631578948,0.0,0.0
2025-12-29_04:00_08:00,2025-12-29 04:00:00+01:00,2025-12-29 08:00:00+01:00,4.0,4.73,False,False,16,0.0,True,False,13,13,0,-103.22764705882355,True,False,20.849,83.396,16.0,16.0,False,0.0,1.0,16.0,0.0,0.0,4.0,84.21052631578948,0.0,0.0
2025-12-29_08:00_12:00,2025-12-29 08:00:00+01:00,2025-12-29 12:00:00+01:00,4.0,1.94,False,False,16,0.0,True,False,13,13,0,-122.20764705882354,True,False,35.759,143.036,16.0,16.0,False,0.0,1.0,16.0,0.0,0.0,4.0,84.21052631578948,0.0,0.0
2025-12-29_12:00_16:00,2025-12-29 12:00:00+01:00,2025-12-29 16:00:00+01:00,4.0,3.22,False,False,16,0.0,True,False,13,13,0,-152.74764705882353,True,False,25.883,103.532,16.0,16.0,False,0.0,1.0,16.0,0.0,0.0,4.0,84.21052631578948,0.0,0.0
2025-12-29_16:00_20:00,2025-12-29 16:00:00+01:00,2025-12-29 20:00:00+01:00,4.0,0.77,False,False,16,0.0,True,False,14,14,1,-114.04764705882354,True,False,47.941,191.764,16.0,16.0,False,0.0,1.0,16.0,0.0,0.0,4.0,84.21052631578948,0.0,0.0
2025-12-29_20:00_00:00,2025-12-29 20:00:00+01:00,2025-12-30 00:00:00+01:00,4.0,1.76,False,False,16,0.0,True,False,13,13,0,-99.17764705882354,True,False,52.007,208.028,16.0,16.0,False,0.0,1.0,16.0,0.0,0.0,4.0,84.21052631578948,0.0,0.0
2025-12-30_00:00_04:00,2025-12-30 00:00:00+01:00,2025-12-30 04:00:00+01:00,4.0,4.55,False,False,16,0.0,True,False,13,12,1,-83.74764705882353,True,False,47.159,188.636,16.0,16.0,False,0.0,1.0,16.0,0.0,0.0,0.0,81.62605263157894,4.0,-46.92
2025-12-30_04:00_08:00,2025-12-30 04:00:00+01:00,2025-12-30 08:00:00+01:00,4.0,4.04,False,False,16,0.0,True,False,14,7,0,-79.41764705882355,True,False,103.076,412.304,16.0,16.0,False,0.0,1.0,16.0,0.0,0.0,0.0,72.70751266354112,28.0,-345.28
2025-12-30_08:00_12:00,2025-12-30 08:00:00+01:00,2025-12-30 12:00:00+01:00,4.0,1.76,False,False,16,0.0,True,False,15,15,0,-106.70764705882354,True,False,47.468,189.872,16.0,16.0,False,0.0,1.0,16.0,0.0,0.0,4.0,84.21052631578948,0.0,0.0
2025-12-30_12:00_16:00,2025-12-30 12:00:00+01:00,2025-12-30 16:00:00+01:00,4.0,2.8,False,False,16,0.0,True,False,13,13,0,-130.69764705882355,True,False,31.075,124.3,16.0,16.0,False,0.0,1.0,16.0,0.0,0.0,4.0,84.21052631578948,0.0,0.0
2025-12-30_16:00_20:00,2025-12-30 16:00:00+01:00,2025-12-30 20:00:00+01:00,4.0,0.69,False,False,16,0.0,True,False,7,7,1,-114.70764705882354,True,False,6.977,27.908,16.0,16.0,False,0.0,1.0,16.0,0.0,0.0,4.0,84.21052631578948,0.0,0.0
2025-12-30_20:00_00:00,2025-12-30 20:00:00+01:00,2025-12-31 00:00:00+01:00,4.0,1.38,False,False,16,0.0,True,False,14,14,0,-107.04764705882354,True,False,25.19,100.76,16.0,16.0,False,0.0,1.0,16.0,0.0,0.0,4.0,84.21052631578948,0.0,0.0
2025-12-31_00:00_04:00,2025-12-31 00:00:00+01:00,2025-12-31 04:00:00+01:00,4.0,3.99,False,False,16,0.0,True,False,9,9,0,-92.63764705882355,True,False,10.854,43.416,16.0,16.0,False,0.0,1.0,16.0,0.0,0.0,4.0,84.21052631578948,0.0,0.0
2025-12-31_04:00_08:00,2025-12-31 04:00:00+01:00,2025-12-31 08:00:00+01:00,4.0,3.6,False,False,16,0.0,True,False,13,13,0,-135.31764705882352,True,False,24.724,98.896,16.0,16.0,False,0.0,1.0,16.0,0.0,0.0,4.0,84.21052631578948,0.0,0.0
2025-12-31_08:00_12:00,2025-12-31 08:00:00+01:00,2025-12-31 12:00:00+01:00,4.0,10.21,False,False,16,0.0,True,False,16,14,0,-163.00764705882352,True,False,96.081,384.324,16.0,16.0,False,0.0,1.0,16.0,0.0,0.0,0.0,83.79815789473685,8.0,-66.68
2025-12-31_12:00_16:00,2025-12-31 12:00:00+01:00,2025-12-31 16:00:00+01:00,4.0,4.5,False,False,16,0.0,True,False,13,13,0,-106.13764705882355,True,False,25.884,103.536,16.0,16.0,False,0.0,1.0,16.0,0.0,0.0,4.0,84.21052631578948,0.0,0.0
2025-12-31_16:00_20:00,2025-12-31 16:00:00+01:00,2025-12-31 20:00:00+01:00,4.0,1.21,False,False,16,0.0,True,False,14,14,0,-88.19764705882355,True,False,95.109,380.436,16.0,16.0,False,0.0,1.0,16.0,0.0,0.0,4.0,84.21052631578948,0.0,0.0
2025-12-31_20:00_00:00,2025-12-31 20:00:00+01:00,2026-01-01 00:00:00+01:00,4.0,3.34,False,False,16,0.0,True,False,12,11,0,-75.02764705882353,True,False,65.0,260.0,16.0,16.0,False,0.0,1.0,16.0,0.0,0.0,0.0,81.80026315789475,4.0,-286.96
