datetime,plant_1_heat_demand,DE_DA_price,natural_gas_price,co2_price,DE_ID3_price,DE_ID3_volume,aFRR_energy_down_quantity,aFRR_energy_down_price,aFRR_capacity_down_price,high_load_window,co2_intensity_kgco2_MWh
01.01.2030 00:00,8.43,15.651,53.08,,43.2225,638.3225,0.0,,28.8,0,0.0
01.01.2030 01:00,8.43,14.737,53.08,,13.0425,587.2775,3.453,-2.803333333333333,28.8,0,0.0
01.01.2030 02:00,8.43,14.376,53.08,,23.0,776.4425,18.417,15.0625,28.8,0,0.0
01.01.2030 03:00,8.43,14.347,53.08,,15.2575,545.165,5.865,14.905,28.8,0,0.0
01.01.2030 04:00,8.43,14.347,53.08,,10.015,490.8925,2.713,10.783333333333331,23.72,0,0.0
01.01.2030 05:00,8.43,14.347,53.08,,7.79,429.505,54.674,-34.075,23.72,0,0.0
01.01.2030 06:00,8.64,14.347,53.08,,11.0525,530.8125,18.98,-24.87,23.72,0,0.0
01.01.2030 07:00,8.78,14.347,53.08,,16.6325,657.035,141.277,-92.165,23.72,0,0.0
01.01.2030 08:00,8.97,14.347,53.08,,7.2675,666.89,84.236,-70.2325,19.12,0,0.0
01.01.2030 09:00,8.97,14.347,53.08,,3.925,684.8225,327.723,-154.44,19.12,0,0.0
01.01.2030 10:00,8.97,14.347,53.08,,-0.55,517.1025,82.589,498.02,19.12,1,0.0
01.01.2030 11:00,8.97,14.348,53.08,,-1.1025,432.6825,13.138,630.5124999999999,19.12,1,0.0
01.01.2030 12:00,8.97,14.373,53.08,,-0.9075,424.025,12.285,-16.5925,19.17,1,0.0
01.01.2030 13:00,8.97,14.658,53.08,,1.4025,432.76,5.497,-29.665,19.17,1,0.0
01.01.2030 14:00,8.78,15.584,53.08,,5.0575,603.735,53.992,-61.2975,19.17,1,0.0
01.01.2030 15:00,8.64,15.828,53.08,,4.365,473.81,54.244,-66.17,19.17,1,0.0
01.01.2030 16:00,8.5,16.265,53.08,,0.7649999999999999,445.2225,4.64,-17.32,10.5,1,0.0
01.01.2030 17:00,8.5,16.265,53.08,,3.0125,406.625,53.152,-52.87,10.5,1,0.0
01.01.2030 18:00,8.5,16.265,53.08,,0.0725000000000002,445.2275,43.395,-104.58,10.5,1,0.0
01.01.2030 19:00,8.5,16.249,53.08,,-0.4949999999999999,462.6775,10.812,-57.86666666666667,10.5,1,0.0
01.01.2030 20:00,8.5,15.747,53.08,,-1.325,485.6275,207.18,-131.1125,13.4,0,0.0
01.01.2030 21:00,8.5,15.651,53.08,,2.0475000000000003,535.355,14.297,-39.59,13.4,0,0.0
01.01.2030 22:00,8.43,14.916,53.08,,0.3225000000000002,514.835,41.176,-63.352500000000006,13.4,0,0.0
01.01.2030 23:00,8.43,14.608,53.08,,-0.4225,369.38,240.823,-157.8225,13.4,0,0.0
02.01.2030 00:00,8.43,15.0,53.08,,-2.4225,418.705,127.621,-57.82,20.8,0,0.0
02.01.2030 01:00,8.43,15.0,53.08,,-3.89,422.0975,179.046,-70.14,20.8,0,0.0
02.01.2030 02:00,8.43,15.0,53.08,,-2.4675,467.155,268.559,-50.9525,20.8,0,0.0
02.01.2030 03:00,8.43,15.0,53.08,,0.0574999999999996,459.73,31.82,-12.722499999999998,20.8,0,0.0
02.01.2030 04:00,8.43,15.256,53.08,,22.915,734.0675,125.03,-37.705,22.0,0,0.0
02.01.2030 05:00,8.43,20.828,53.08,,76.15,751.26,603.957,-191.745,22.0,0,5.58976442143796
02.01.2030 06:00,8.64,24.502,53.08,,83.2525,900.4975,107.308,-34.25,22.0,0,7.25073645757989
02.01.2030 07:00,8.78,25.636,53.08,,118.38,811.99,82.85900000000001,15.6025,22.0,0,7.19460983218099
02.01.2030 08:00,8.97,25.636,53.08,,130.39,699.045,2.734,55.39,6.36,0,8.30114907121889
02.01.2030 09:00,8.97,25.636,53.08,,127.67,624.08,2.148,85.42,6.36,0,8.43170691804549
02.01.2030 10:00,8.97,24.151,53.08,,124.5175,658.28,26.978,41.8625,6.36,1,8.98493623909598
02.01.2030 11:00,8.97,24.151,53.08,,115.3875,666.5550000000001,58.066,49.9375,6.36,1,8.84180452605057
02.01.2030 12:00,8.97,24.151,53.08,,111.6125,642.1975,3.232,57.655,9.05,1,7.9894560365786
02.01.2030 13:00,8.97,24.151,53.08,,114.7975,653.5525,0.0,,9.05,1,8.16548719771057
02.01.2030 14:00,8.78,25.389,53.08,,137.3025,857.435,70.858,41.625,9.05,1,8.27267556110904
02.01.2030 15:00,8.64,25.638,53.08,,130.59,729.8225,11.386,79.35,9.05,1,8.45313899895858
02.01.2030 16:00,8.5,25.638,53.08,,142.01,644.465,63.63100000000001,48.6775,3.3,1,7.72033193203993
02.01.2030 17:00,8.5,25.639,53.08,,142.235,636.1675,62.659,67.20333333333333,3.3,1,7.87120050801927
02.01.2030 18:00,8.5,25.639,53.08,,122.8025,586.0649999999999,96.557,49.8025,3.3,1,6.99138704223393
02.01.2030 19:00,8.5,24.178,53.08,,116.7925,574.1575,44.654,46.3125,3.3,1,6.71923894931358
02.01.2030 20:00,8.5,23.401,53.08,,93.2025,615.81,68.47200000000001,6.355,6.59,0,6.91059858795661
02.01.2030 21:00,8.5,20.47,53.08,,105.9525,539.76,15.634,27.155,6.59,0,5.47469396589105
02.01.2030 22:00,8.43,16.936,53.08,,94.6175,588.285,74.033,35.0875,6.59,0,1.74131449905239
02.01.2030 23:00,8.43,15.821,53.08,,86.8025,568.0675,0.0,,6.59,0,1.71247673349985
03.01.2030 00:00,8.43,15.534,53.08,,86.825,620.84,126.654,29.1825,14.67,0,3.35162496165389
03.01.2030 01:00,8.43,15.214,53.08,,85.4,485.4175,233.332,22.6175,14.67,0,3.27138600206051
03.01.2030 02:00,8.43,15.177,53.08,,80.0075,447.0025,35.874,50.67333333333334,14.67,0,3.17293389977259
03.01.2030 03:00,8.43,15.177,53.08,,77.78999999999999,486.385,248.432,13.467499999999998,14.67,0,3.29350122928564
03.01.2030 04:00,8.43,15.177,53.08,,79.11,451.395,284.443,4.449999999999999,12.97,0,2.9583926679294
03.01.2030 05:00,8.43,15.177,53.08,,76.4975,523.28,515.74,-36.305,12.97,0,3.73376579828784
03.01.2030 06:00,8.64,16.884,53.08,,57.0325,719.485,494.17,-24.6425,12.97,0,3.66203263509311
03.01.2030 07:00,8.78,17.476,53.08,,54.405,699.65,150.21699999999998,26.3025,12.97,0,3.22326269866298
03.01.2030 08:00,8.97,16.884,53.08,,56.23,783.9675,17.483999999999998,45.3375,4.4,0,3.83320820041321
03.01.2030 09:00,8.97,15.178,53.08,,65.535,851.26,68.753,-24.844999999999995,4.4,0,3.6795919674519
03.01.2030 10:00,8.97,15.177,53.08,,63.3425,748.5475,24.95,34.0875,4.4,1,3.71340044819565
03.01.2030 11:00,8.97,15.178,53.08,,63.7075,797.1625,22.27,93.485,4.4,1,3.86967438600614
03.01.2030 12:00,8.97,15.651,53.08,,60.99,819.9675,224.118,8.465,5.98,1,3.50981848391929
03.01.2030 13:00,8.97,16.61,53.08,,57.625,822.015,61.172,20.175,5.98,1,3.58417244819655
03.01.2030 14:00,8.78,18.534,53.08,,70.9725,858.4300000000001,114.847,-5.824999999999999,5.98,1,3.68450464227245
03.01.2030 15:00,8.64,23.131,53.08,,83.985,861.265,150.227,31.265,5.98,1,4.19609636060954
03.01.2030 16:00,8.5,23.131,53.08,,94.215,706.0025,0.021,,2.08,1,4.27267171668626
03.01.2030 17:00,8.5,23.131,53.08,,103.555,717.56,25.18,45.9,2.08,1,4.43628040380505
03.01.2030 18:00,8.5,23.132,53.08,,109.7275,862.085,14.918,32.9,2.08,1,3.88060616945036
03.01.2030 19:00,8.5,20.0,53.08,,103.715,842.51,137.602,31.66,2.08,1,3.54824073689375
03.01.2030 20:00,8.5,19.406,53.08,,107.3675,627.3525,152.954,37.565,4.17,0,3.5264084483989
03.01.2030 21:00,8.5,17.638,53.08,,106.45,629.8,1.978,84.94333333333333,4.17,0,3.44627407654338
03.01.2030 22:00,8.43,15.984,53.08,,94.5425,572.135,0.003,,4.17,0,3.52313349597842
03.01.2030 23:00,8.43,15.651,53.08,,109.505,479.035,147.842,54.9625,4.17,0,3.55870585627281
04.01.2030 00:00,8.13,15.651,53.08,,106.0475,509.095,103.729,52.35,11.13,0,3.56135909818497
04.01.2030 01:00,8.13,15.651,53.08,,102.3775,533.7975,0.332,95.78,11.13,0,3.53459672812516
04.01.2030 02:00,8.13,15.651,53.08,,107.675,521.2775,0.285,61.425,11.13,0,3.57546466630411
04.01.2030 03:00,8.13,15.651,53.08,,109.7875,511.71,0.734,123.8825,11.13,0,3.57520263905016
04.01.2030 04:00,8.13,15.651,53.08,,112.7625,409.2475,0.074,99.985,9.43,0,3.55921259603299
04.01.2030 05:00,8.13,15.651,53.08,,118.1775,524.5799999999999,0.599,128.91,9.43,0,3.53498059961264
04.01.2030 06:00,8.26,16.639,53.08,,124.2925,496.8075,27.334,59.6225,9.43,0,3.46987526843284
04.01.2030 07:00,8.36,16.656,53.08,,128.165,450.455,37.098,82.97,9.43,0,3.43705136315651
04.01.2030 08:00,8.51,15.651,53.08,,127.815,477.655,0.286,97.59666666666664,3.12,0,3.91285326490152
04.01.2030 09:00,8.51,15.651,53.08,,131.16500000000002,629.9549999999999,13.802,86.29333333333334,3.12,0,3.73069156852941
04.01.2030 10:00,8.51,15.651,53.08,,132.745,561.46,123.15,61.735,3.12,0,3.73935927440214
04.01.2030 11:00,8.51,15.651,53.08,,121.6875,545.8225,0.0,,3.12,0,3.83961309286639
04.01.2030 12:00,8.51,15.651,53.08,,134.765,523.56,8.79,64.75,3.59,0,3.44350225279031
04.01.2030 13:00,8.51,15.651,53.08,,130.89499999999998,559.3775,11.185,39.42,3.59,0,3.31383214960059
04.01.2030 14:00,8.36,17.456,53.08,,140.1325,541.64,0.04,141.7,3.59,0,5.37206612128003
04.01.2030 15:00,8.26,19.14,53.08,,144.71,544.255,1.613,104.145,3.59,0,5.78957442685108
04.01.2030 16:00,8.17,19.726,53.08,,155.7225,548.54,1.316,111.04,1.52,0,5.85862688636079
04.01.2030 17:00,8.17,19.726,53.08,,158.5975,596.9175,3.43,105.605,1.52,0,5.37240350263389
04.01.2030 18:00,8.17,19.726,53.08,,143.48,604.2275,0.502,107.41,1.52,0,4.84501274629549
04.01.2030 19:00,8.17,19.726,53.08,,134.21,508.0425,0.088,124.7,1.52,0,4.60268046090349
04.01.2030 20:00,8.17,19.14,53.08,,132.2975,402.4425,15.817,81.035,3.15,0,4.62600600114821
04.01.2030 21:00,8.17,19.14,53.08,,119.9775,389.1075,6.777,83.14666666666666,3.15,0,4.73709682128475
04.01.2030 22:00,8.13,17.431,53.08,,119.04,459.61,5.03,85.04,3.15,0,4.93053252508088
04.01.2030 23:00,8.13,17.431,53.08,,104.99,859.8775,263.248,-28.626666666666665,3.15,0,5.00413169914105
05.01.2030 00:00,8.11,19.987,53.08,,97.01,564.4775,0.173,261.68,8.54,0,5.17105429009417
05.01.2030 01:00,8.11,20.036,53.08,,108.8075,741.5550000000001,0.005,61.2,8.54,0,5.09765606307704
05.01.2030 02:00,8.11,19.988,53.08,,96.2825,487.2225,2.446,75.10333333333334,8.54,0,5.25401175269295
05.01.2030 03:00,8.11,19.988,53.08,,108.85,562.6275,0.0,,8.54,0,5.27442236601448
05.01.2030 04:00,8.11,19.988,53.08,,102.3175,440.9425,24.853,55.9925,7.6,0,5.10321045965304
05.01.2030 05:00,8.11,20.137,53.08,,95.7925,508.1175,12.425,47.145,7.6,0,4.94228509308013
05.01.2030 06:00,8.25,22.9,53.08,,103.8975,496.8275,185.828,34.6025,7.6,0,4.73268039462515
05.01.2030 07:00,8.34,24.82,53.08,,112.365,502.8775,702.585,7.067499999999999,7.6,0,4.60618785525744
05.01.2030 08:00,8.49,24.82,53.08,,111.3525,642.48,78.352,44.2875,3.19,0,5.62047667378351
05.01.2030 09:00,8.49,24.293,53.08,,101.845,610.03,370.928,32.305,3.19,0,5.53186874999146
05.01.2030 10:00,8.49,22.9,53.08,,100.265,581.81,127.529,43.5675,3.19,0,5.78857689784162
05.01.2030 11:00,8.49,22.9,53.08,,105.25,657.0775,2.251,55.82,3.19,0,5.9549308475151
05.01.2030 12:00,8.49,22.9,53.08,,113.34,750.3775,0.541,65.315,4.24,0,5.4356327173142
05.01.2030 13:00,8.49,22.91,53.08,,99.34,691.0275,0.952,51.8,4.24,0,5.4849309213341
05.01.2030 14:00,8.34,24.822,53.08,,91.145,653.4275,17.299,43.54,4.24,0,5.76203837705291
05.01.2030 15:00,8.25,24.822,53.08,,86.6325,610.5525,19.338,46.126666666666665,4.24,0,5.69396600316758
05.01.2030 16:00,8.15,24.822,53.08,,89.8675,481.9225,39.312,41.803333333333335,2.14,0,5.58390994622452
05.01.2030 17:00,8.15,24.823,53.08,,86.8275,437.985,88.727,42.4475,2.14,0,5.52320703128341
05.01.2030 18:00,8.15,24.823,53.08,,87.125,511.13,24.419,32.2775,2.14,0,5.17193634536649
05.01.2030 19:00,8.15,24.392,53.08,,83.635,494.21,4.42,18.846666666666668,2.14,0,4.63565582149732
05.01.2030 20:00,8.15,21.261,53.08,,87.4875,621.3225,6.264,-20.13,7.81,0,4.67297658776697
05.01.2030 21:00,8.15,19.745,53.08,,102.665,812.9300000000001,70.068,-25.95,7.81,0,4.74416827912145
05.01.2030 22:00,8.11,15.762,53.08,,102.3325,1110.37,15.428,16.905,7.81,0,4.33419737418567
05.01.2030 23:00,8.11,15.651,53.08,,53.9825,867.2925,0.006,,7.81,0,4.37245761646292
06.01.2030 00:00,8.43,15.341,53.08,,59.2775,799.1600000000001,0.3360000000000001,36.39333333333334,37.0,0,4.43590903476363
06.01.2030 01:00,8.43,15.341,53.08,,56.1425,778.4175,6.37,14.555,37.0,0,4.43913340865258
06.01.2030 02:00,8.43,15.341,53.08,,38.3025,669.7175,0.719,16.966666666666665,37.0,0,4.45896824037812
06.01.2030 03:00,8.43,15.341,53.08,,30.765,568.015,59.557,-24.87,37.0,0,4.46757261734319
06.01.2030 04:00,8.43,15.341,53.08,,29.03,654.58,311.785,-43.8725,33.0,0,4.52726999087338
06.01.2030 05:00,8.43,15.651,53.08,,16.6625,795.9575,101.992,-63.4575,33.0,0,4.59002304214228
06.01.2030 06:00,8.64,18.399,53.08,,33.845,705.835,39.355,-1.3125,33.0,0,4.84957715889613
06.01.2030 07:00,8.78,18.399,53.08,,51.5275,567.1475,17.475,-3.7099999999999977,33.0,0,4.58725003848894
06.01.2030 08:00,8.97,18.399,53.08,,43.932500000000005,653.8975,94.723,-16.2275,8.34,0,4.42225453732136
06.01.2030 09:00,8.97,15.955,53.08,,34.16,623.5775,5.235,2.0075,8.34,0,4.35712101664344
06.01.2030 10:00,8.97,15.955,53.08,,30.7425,548.9425,228.906,-34.81,8.34,1,4.21392072946847
06.01.2030 11:00,8.97,15.955,53.08,,24.5075,619.7049999999999,180.492,-35.0375,8.34,1,4.22459339485891
06.01.2030 12:00,8.97,15.955,53.08,,14.4975,737.155,49.542,-10.2625,12.24,1,4.14107943636867
06.01.2030 13:00,8.97,16.675,53.08,,8.8125,749.6225000000001,33.123000000000005,1.785,12.24,1,4.54685171936777
06.01.2030 14:00,8.78,22.794,53.08,,25.1675,705.21,119.566,-40.725,12.24,1,16.5098728900189
06.01.2030 15:00,8.64,59.714,53.08,,29.85,629.11,102.044,-31.6325,12.24,1,32.8368825580399
06.01.2030 16:00,8.5,64.646,53.08,,34.6525,594.4200000000001,7.74,5.4375,4.42,1,30.8667640923951
06.01.2030 17:00,8.5,64.646,53.08,,40.19,584.44,3.381,-0.3599999999999994,4.42,1,30.8877921822673
06.01.2030 18:00,8.5,64.647,53.08,,33.595,690.985,218.53,-84.0575,4.42,1,31.8551818754309
06.01.2030 19:00,8.5,28.394,53.08,,25.6825,773.9075,112.271,-55.805,4.42,1,23.5481665775557
06.01.2030 20:00,8.5,22.794,53.08,,23.94,690.96,36.394,-29.295,7.45,0,16.0142177472059
06.01.2030 21:00,8.5,20.166,53.08,,23.6825,751.9925000000001,45.748000000000005,-33.27,7.45,0,12.9511954196852
06.01.2030 22:00,8.43,16.052,53.08,,15.9375,667.0225,30.288,-26.9475,7.45,0,3.54637957886955
06.01.2030 23:00,8.43,15.63,53.08,,12.46,495.71,88.33000000000001,-58.08,7.45,0,3.28779342000942
07.01.2030 00:00,8.43,15.203,53.08,,16.69,483.9175,14.316,6.42,26.0,0,3.37606768932418
07.01.2030 01:00,8.43,15.203,53.08,,11.9875,447.5775,32.203,-16.7775,26.0,0,3.32067409031863
07.01.2030 02:00,8.43,15.203,53.08,,8.405000000000001,417.21,34.548,-11.65,26.0,0,3.26634104295787
07.01.2030 03:00,8.43,15.203,53.08,,6.91,466.9225,90.048,-50.8325,26.0,0,3.26802169171025
07.01.2030 04:00,8.43,15.203,53.08,,6.955,633.7750000000001,18.947,4.605,22.22,0,3.22426655894609
07.01.2030 05:00,8.43,15.203,53.08,,62.1175,779.2225,2.674,9.036666666666669,22.22,0,3.16868420542686
07.01.2030 06:00,8.64,15.484,53.08,,84.67500000000001,687.1475,17.439,-15.75666666666667,22.22,0,3.74604583258372
07.01.2030 07:00,8.78,15.484,53.08,,97.495,543.9475,2.666,30.01,22.22,0,3.69782618359883
07.01.2030 08:00,8.97,15.484,53.08,,103.4175,651.9649999999999,15.034,13.4675,4.7,0,4.62525225397827
07.01.2030 09:00,8.97,15.484,53.08,,86.9325,650.3275,97.777,-12.24,4.7,0,4.35092615408624
07.01.2030 10:00,8.97,15.484,53.08,,67.205,731.4925,3.928,10.32,4.7,1,4.4794064345822
07.01.2030 11:00,8.97,15.484,53.08,,58.3875,716.17,0.038,34.10666666666667,4.7,1,4.37636740003325
07.01.2030 12:00,8.97,15.651,53.08,,68.79,878.3625,66.393,-26.0775,6.3,1,3.65107764937062
07.01.2030 13:00,8.97,15.651,53.08,,75.5575,826.6025,2.173,25.270000000000003,6.3,1,3.29011166756217
07.01.2030 14:00,8.78,15.882,53.08,,89.58,741.6775,1.084,32.78,6.3,1,3.38734756302102
07.01.2030 15:00,8.64,16.903,53.08,,98.45,687.8975,8.268,46.02333333333333,6.3,1,3.53398714876132
07.01.2030 16:00,8.5,17.208,53.08,,109.1075,600.6225,22.717,37.695,2.18,1,3.5565685559724
07.01.2030 17:00,8.5,16.984,53.08,,109.19,507.0,0.0,,2.18,1,3.58670194615772
07.01.2030 18:00,8.5,16.684,53.08,,97.5125,765.2525,6.0760000000000005,36.185,2.18,1,3.62431285935094
07.01.2030 19:00,8.5,15.801,53.08,,87.755,839.0025,158.704,-21.172500000000003,2.18,1,3.6900592735295
07.01.2030 20:00,8.5,15.651,53.08,,79.9925,670.1800000000001,85.35499999999999,-7.0200000000000005,6.18,0,3.7230929671111
07.01.2030 21:00,8.5,15.651,53.08,,78.10249999999999,568.31,2.779,-29.76,6.18,0,3.70550839506413
07.01.2030 22:00,8.43,15.618,53.08,,79.16,673.635,77.602,-16.2925,6.18,0,3.84836173339481
07.01.2030 23:00,8.43,15.249,53.08,,71.01,645.51,0.381,70.665,6.18,0,3.6558659631027
08.01.2030 00:00,8.43,15.617,53.08,,77.505,475.6975,55.792,-6.525,30.45,0,3.16969906819113
08.01.2030 01:00,8.43,15.617,53.08,,66.9625,551.5025,8.651,-2.1,30.45,0,3.1660544049987
08.01.2030 02:00,8.43,15.617,53.08,,61.1375,444.2225,4.568,28.106666666666666,30.45,0,3.15893171860725
08.01.2030 03:00,8.43,15.617,53.08,,62.4825,505.9725,166.448,-26.0175,30.45,0,3.17883605899112
08.01.2030 04:00,8.43,15.617,53.08,,63.977500000000006,687.6375,58.374,6.8625,18.05,0,3.23696673263793
08.01.2030 05:00,8.43,15.617,53.08,,76.4175,741.44,134.97,-75.48,18.05,0,3.77791130644954
08.01.2030 06:00,8.64,15.617,53.08,,75.055,696.0975,44.909,15.435,18.05,0,3.74543523071562
08.01.2030 07:00,8.78,15.651,53.08,,86.30499999999999,547.5925,87.06099999999999,6.460000000000001,18.05,0,3.79962867715226
08.01.2030 08:00,8.97,15.651,53.08,,81.5325,544.6925,14.085,50.4975,3.33,0,3.69960778677714
08.01.2030 09:00,8.97,15.651,53.08,,87.6775,671.4350000000001,258.55400000000003,-22.5875,3.33,0,3.51959391161936
08.01.2030 10:00,8.97,15.651,53.08,,97.0225,681.495,45.49400000000001,37.68,3.33,1,3.28982667767962
08.01.2030 11:00,8.97,15.651,53.08,,95.4575,771.835,104.865,30.5625,3.33,1,3.40941409643379
08.01.2030 12:00,8.97,15.651,53.08,,112.8275,817.6325,7.492,24.3,4.08,1,3.25266624306436
08.01.2030 13:00,8.97,15.651,53.08,,129.69,834.365,22.159,28.180000000000003,4.08,1,3.49066025314093
08.01.2030 14:00,8.78,33.987,53.08,,137.4225,730.4175,16.214,36.01,4.08,1,9.46853143203517
08.01.2030 15:00,8.64,73.36,53.08,,149.3775,925.48,321.404,13.375,4.08,1,37.1678302567149
08.01.2030 16:00,8.5,78.592,53.08,,151.805,926.0775,17.778,116.19,1.25,1,48.7968374772956
08.01.2030 17:00,8.5,79.765,53.08,,143.8425,747.7775,2.311,96.885,1.25,1,48.5991675074641
08.01.2030 18:00,8.5,80.873,53.08,,125.6,709.9325,38.12,66.935,1.25,1,50.2666140846638
08.01.2030 19:00,8.5,81.209,53.08,,107.235,721.905,3.836,90.805,1.25,1,53.2460455133204
08.01.2030 20:00,8.5,81.209,53.08,,103.1075,475.7475,18.286,73.83500000000001,3.81,0,54.9991009591321
08.01.2030 21:00,8.5,81.209,53.08,,101.41,513.9375,15.087,103.8775,3.81,0,58.3863765981124
08.01.2030 22:00,8.43,78.873,53.08,,85.55,530.41,40.656,81.63499999999999,3.81,0,61.1279175855007
08.01.2030 23:00,8.43,78.32,53.08,,90.6925,490.51,0.134,73.615,3.81,0,63.9626235423489
09.01.2030 00:00,8.43,76.787,53.08,,92.23,428.0125,16.871,75.8075,15.4,0,65.8750025322678
09.01.2030 01:00,8.43,76.722,53.08,,94.78,353.43,0.0,134.03,15.4,0,65.486625892492
09.01.2030 02:00,8.43,76.06,53.08,,97.75,420.0425,2.983,106.1725,15.4,0,66.4878203091396
09.01.2030 03:00,8.43,77.802,53.08,,98.9125,483.46,88.914,68.14,15.4,0,69.903725325524
09.01.2030 04:00,8.43,78.862,53.08,,107.4725,553.085,0.593,73.81,10.83,0,68.7762997801874
09.01.2030 05:00,8.43,81.937,53.08,,124.195,638.685,9.601,52.93,10.83,0,64.9219795458578
09.01.2030 06:00,8.64,87.27,53.08,,153.325,662.66,4.374,67.38,10.83,0,54.8721996189158
09.01.2030 07:00,8.78,87.271,53.08,,214.96,770.13,28.114,63.89,10.83,0,51.9201511946053
09.01.2030 08:00,8.97,83.623,53.08,,259.44,1106.6799999999998,71.765,73.5325,2.21,0,51.9197539030274
09.01.2030 09:00,8.97,79.234,53.08,,182.1275,1167.3575,19.703,91.8925,2.21,0,48.8865521498868
09.01.2030 10:00,8.97,78.592,53.08,,169.93,940.6175,222.25,69.28,2.21,1,46.6392292703273
09.01.2030 11:00,8.97,76.258,53.08,,153.165,1382.065,75.86500000000001,84.98333333333333,2.21,1,44.8572777173766
09.01.2030 12:00,8.97,76.985,53.08,,133.2775,972.665,0.734,105.9925,2.79,1,43.9989038448597
09.01.2030 13:00,8.97,78.592,53.08,,131.0125,702.1925,0.0,139.41,2.79,1,45.2909896349
09.01.2030 14:00,8.78,78.862,53.08,,129.6725,717.13,1.9,96.55,2.79,1,44.3257173015002
09.01.2030 15:00,8.64,81.825,53.08,,129.95,690.4275,0.148,120.085,2.79,1,43.2114707311672
09.01.2030 16:00,8.5,82.692,53.08,,130.01,763.9575,0.108,129.035,1.0,1,40.4076962817238
09.01.2030 17:00,8.5,82.692,53.08,,131.3475,799.44,19.444,108.085,1.0,1,39.2433088308129
09.01.2030 18:00,8.5,81.303,53.08,,129.7725,739.46,92.59,89.365,1.0,1,39.3133748501733
09.01.2030 19:00,8.5,78.762,53.08,,122.7325,758.67,0.991,123.77,1.0,1,40.3161131689437
09.01.2030 20:00,8.5,77.796,53.08,,117.685,863.73,4.301,138.45499999999998,3.47,0,36.6998670009768
09.01.2030 21:00,8.5,75.859,53.08,,113.79,607.845,132.43,91.7675,3.47,0,36.8821337147145
09.01.2030 22:00,8.43,71.821,53.08,,101.3575,684.155,168.261,50.2775,3.47,0,36.8103632651443
09.01.2030 23:00,8.43,71.821,53.08,,87.3675,571.23,66.299,48.1425,3.47,0,37.3884501682976
10.01.2030 00:00,8.43,71.238,53.08,,86.42999999999999,508.3375,23.714,68.145,19.7,0,38.4513461823089
10.01.2030 01:00,8.43,71.239,53.08,,82.0975,436.565,3.026,326.025,19.7,0,39.403723099363
10.01.2030 02:00,8.43,71.24,53.08,,83.42,391.12,0.104,80.66000000000001,19.7,0,41.0462015537168
10.01.2030 03:00,8.43,71.24,53.08,,82.47999999999999,473.4325,0.035,65.89,19.7,0,42.3552813442942
10.01.2030 04:00,8.43,71.921,53.08,,91.845,450.205,1.731,80.6575,12.05,0,44.5253102469577
10.01.2030 05:00,8.43,77.8,53.08,,107.1675,646.9300000000001,24.136,44.97,12.05,0,47.0182588464457
10.01.2030 06:00,8.64,83.86,53.08,,115.4275,588.335,0.0,683.48,12.05,0,45.8637924733337
10.01.2030 07:00,8.78,83.86,53.08,,132.3925,594.0225,0.364,212.88,12.05,0,43.6972913830083
10.01.2030 08:00,8.97,78.592,53.08,,134.1375,766.6099999999999,3.152,102.485,1.95,0,41.7466083338248
10.01.2030 09:00,8.97,74.6,53.08,,122.905,715.4975,4.632999999999999,74.79333333333334,1.95,0,37.8557013361597
10.01.2030 10:00,8.97,74.101,53.08,,114.625,788.865,0.7689999999999999,75.85333333333334,1.95,1,35.8940755578638
10.01.2030 11:00,8.97,74.102,53.08,,104.2975,641.49,92.5,57.39,1.95,1,36.4290763361357
10.01.2030 12:00,8.97,75.021,53.08,,96.1325,676.1425,158.70299999999995,54.385,2.43,1,38.5898678475551
10.01.2030 13:00,8.97,78.026,53.08,,97.55,848.2475,20.28,76.4425,2.43,1,43.5552083247559
10.01.2030 14:00,8.78,82.858,53.08,,111.5625,803.2775,0.078,98.8325,2.43,1,48.6618125507484
10.01.2030 15:00,8.64,90.441,53.08,,119.4125,616.655,8.194999999999999,74.045,2.43,1,51.2321427310397
10.01.2030 16:00,8.5,90.443,53.08,,123.8325,534.13,21.736,77.11666666666666,0.9,1,46.5422924312043
10.01.2030 17:00,8.5,90.443,53.08,,126.31,546.435,30.142,68.175,0.9,1,45.5295043581855
10.01.2030 18:00,8.5,90.444,53.08,,117.17,514.23,0.614,86.805,0.9,1,48.9117447977228
10.01.2030 19:00,8.5,87.148,53.08,,113.2875,571.0925,35.667,62.625,0.9,1,49.1554944020163
10.01.2030 20:00,8.5,81.453,53.08,,117.995,679.505,206.548,36.5275,2.84,0,50.3084027321326
10.01.2030 21:00,8.5,78.592,53.08,,102.9425,592.16,30.754,63.102500000000006,2.84,0,50.4196512215121
10.01.2030 22:00,8.43,75.408,53.08,,91.6975,424.9275,55.109,42.7375,2.84,0,50.2101345891653
10.01.2030 23:00,8.43,71.266,53.08,,102.8125,475.5975,204.618,33.535,2.84,0,48.4693200938266
11.01.2030 00:00,8.13,61.506,53.08,,95.485,375.88,47.441,50.1475,12.24,0,44.6245517780436
11.01.2030 01:00,8.13,60.83,53.08,,87.735,366.5925,133.746,36.56,12.24,0,43.3545530135915
11.01.2030 02:00,8.13,60.83,53.08,,81.4325,338.3075,0.3,243.3075,12.24,0,40.9425902288871
11.01.2030 03:00,8.13,60.83,53.08,,83.2975,307.3625,14.531,64.225,12.24,0,39.7205779407091
11.01.2030 04:00,8.13,60.831,53.08,,80.81,321.74,80.564,41.08,8.95,0,40.7578022602963
11.01.2030 05:00,8.13,60.832,53.08,,90.8175,436.665,57.819,60.5025,8.95,0,40.4941639181702
11.01.2030 06:00,8.26,66.747,53.08,,99.6025,569.3725,390.614,9.0325,8.95,0,42.488666326576
11.01.2030 07:00,8.36,70.11,53.08,,97.08,465.9375,314.561,25.450000000000003,8.95,0,39.5074475417802
11.01.2030 08:00,8.51,64.366,53.08,,94.3675,611.5025,191.291,36.63,2.69,0,37.9430461748562
11.01.2030 09:00,8.51,61.95,53.08,,89.11500000000001,689.19,113.379,52.9825,2.69,0,34.9685119956253
11.01.2030 10:00,8.51,62.027,53.08,,84.7875,609.4175,127.93,52.6875,2.69,0,33.5384352831341
11.01.2030 11:00,8.51,63.34,53.08,,84.785,747.8275,75.251,44.833333333333336,2.69,0,34.6901038540539
11.01.2030 12:00,8.51,65.562,53.08,,90.76,646.2775,19.492,45.22,3.03,0,36.2395834415999
11.01.2030 13:00,8.51,70.11,53.08,,94.57,762.5725,284.274,32.557500000000005,3.03,0,44.5939884881372
11.01.2030 14:00,8.36,78.592,53.08,,89.4675,757.41,76.609,73.3,3.03,0,52.3551195735309
11.01.2030 15:00,8.26,83.398,53.08,,88.7375,710.365,257.401,32.7075,3.03,0,53.2222834698998
11.01.2030 16:00,8.17,83.5,53.08,,91.9,693.4725,253.154,43.5,0.98,0,48.2250059926031
11.01.2030 17:00,8.17,83.5,53.08,,92.8175,684.8225,2.2910000000000004,82.05000000000001,0.98,0,48.2848750676224
11.01.2030 18:00,8.17,83.398,53.08,,90.1225,612.115,40.593,53.05,0.98,0,53.0494396184712
11.01.2030 19:00,8.17,79.575,53.08,,86.825,484.2075,327.922,11.465,0.98,0,53.2181475236635
11.01.2030 20:00,8.17,71.391,53.08,,84.365,415.2425,87.27000000000001,50.735,2.92,0,52.1010138473018
11.01.2030 21:00,8.17,68.738,53.08,,85.5825,353.995,123.192,73.3375,2.92,0,39.9877223481628
11.01.2030 22:00,8.13,63.974,53.08,,88.09,436.425,32.532,48.24,2.92,0,34.3077207011484
11.01.2030 23:00,8.13,60.255,53.08,,91.77,468.155,126.583,62.1025,2.92,0,29.5337661671412
12.01.2030 00:00,8.11,55.053,53.08,,89.685,349.34,6.55,58.915,9.62,0,25.1480529310069
12.01.2030 01:00,8.11,53.992,53.08,,87.0625,339.8575,129.241,41.307500000000005,9.62,0,23.4481194407016
12.01.2030 02:00,8.11,53.992,53.08,,84.6575,308.745,501.039,-2.0425000000000004,9.62,0,22.4609678957544
12.01.2030 03:00,8.11,53.992,53.08,,71.03,360.8825,56.136,45.9525,9.62,0,22.2456207095251
12.01.2030 04:00,8.11,53.992,53.08,,71.405,407.7175,174.538,46.625,7.59,0,22.2800657766345
12.01.2030 05:00,8.11,55.053,53.08,,77.7525,548.91,12.843,87.7825,7.59,0,22.1956757220207
12.01.2030 06:00,8.25,57.134,53.08,,86.8275,449.7,0.023,118.38,7.59,0,23.3427102005265
12.01.2030 07:00,8.34,58.834,53.08,,96.23,584.26,33.069,307.5975,7.59,0,24.3071242513231
12.01.2030 08:00,8.49,54.914,53.08,,110.4875,548.2725,1.658,384.0533333333333,2.5,0,22.9577068667439
12.01.2030 09:00,8.49,53.871,53.08,,110.1375,539.1975,502.415,9.3325,2.5,0,21.0000441170922
12.01.2030 10:00,8.49,53.728,53.08,,101.8275,622.0425,286.905,42.3525,2.5,0,19.546681719829
12.01.2030 11:00,8.49,53.728,53.08,,92.255,544.3275,543.724,24.8525,2.5,0,18.5627655948776
12.01.2030 12:00,8.49,53.728,53.08,,82.4425,748.8525,544.76,20.775,2.53,0,19.0533618930224
12.01.2030 13:00,8.49,53.729,53.08,,80.97,937.525,28.09,85.1325,2.53,0,20.1776837462664
12.01.2030 14:00,8.34,54.728,53.08,,106.1325,783.8175,7.013999999999999,130.82999999999998,2.53,0,21.4577894461124
12.01.2030 15:00,8.25,55.053,53.08,,131.0925,771.2049999999999,0.245,372.605,2.53,0,22.1367410446366
12.01.2030 16:00,8.15,70.792,53.08,,142.695,553.0925,0.0,,0.95,0,21.334769812092
12.01.2030 17:00,8.15,70.792,53.08,,149.83499999999998,492.155,2.6790000000000003,232.75,0.95,0,20.7082363412599
12.01.2030 18:00,8.15,70.793,53.08,,151.34,529.57,153.237,63.5225,0.95,0,21.079846295206
12.01.2030 19:00,8.15,70.794,53.08,,135.94,608.41,7.81,81.5,0.95,0,22.2268570491742
12.01.2030 20:00,8.15,55.053,53.08,,126.54,459.64,2.553,73.02333333333333,2.4,0,22.272341265234
12.01.2030 21:00,8.15,51.452,53.08,,123.6675,398.1975,0.0,97.65,2.4,0,17.9017025946045
12.01.2030 22:00,8.11,47.127,53.08,,118.7175,376.325,0.0,93.89666666666666,2.4,0,17.2754968938875
12.01.2030 23:00,8.11,45.734,53.08,,114.73,350.67,12.605,73.3175,2.4,0,17.0922327543987
13.01.2030 00:00,8.43,47.268,53.08,,106.4,358.3375,0.013,90.68,9.23,0,16.9968177985284
13.01.2030 01:00,8.43,47.268,53.08,,106.09,337.7925,0.086,86.8,9.23,0,16.9570094473657
13.01.2030 02:00,8.43,47.269,53.08,,108.8125,407.6825,0.332,89.42,9.23,0,16.7108588905152
13.01.2030 03:00,8.43,47.269,53.08,,104.92,360.9375,1.565,179.265,9.23,0,16.5503276887566
13.01.2030 04:00,8.43,47.269,53.08,,100.465,541.585,0.0,79.27,6.26,0,16.7346913622188
13.01.2030 05:00,8.43,49.168,53.08,,114.07,649.285,0.0,,6.26,0,17.6069149122525
13.01.2030 06:00,8.64,53.497,53.08,,141.7,714.9975000000001,0.0,,6.26,0,17.2790156394896
13.01.2030 07:00,8.78,53.497,53.08,,223.63,830.2225,0.0,,6.26,0,17.9466487430448
13.01.2030 08:00,8.97,48.427,53.08,,167.335,960.785,129.426,213.6175,1.85,0,16.6672499896011
13.01.2030 09:00,8.97,47.269,53.08,,135.625,1036.9299999999998,72.448,58.51,1.85,0,14.8850351260701
13.01.2030 10:00,8.97,47.269,53.08,,111.345,832.9775,221.084,49.7525,1.85,1,14.0560194602439
13.01.2030 11:00,8.97,47.269,53.08,,98.04,817.3525,155.81900000000002,62.815,1.85,1,13.8829568967152
13.01.2030 12:00,8.97,47.269,53.08,,94.4525,863.4350000000001,507.024,2.8475,2.08,1,14.4317417451386
13.01.2030 13:00,8.97,47.27,53.08,,99.78,1039.5875,99.112,35.4025,2.08,1,15.4144309916317
13.01.2030 14:00,8.78,53.497,53.08,,120.8975,888.8975,46.654,262.3933333333334,2.08,1,24.2368723599311
13.01.2030 15:00,8.64,66.948,53.08,,137.005,694.33,20.395,68.39,2.08,1,27.8888843346687
13.01.2030 16:00,8.5,66.949,53.08,,152.42,845.095,0.0,683.54,0.84,1,27.6441261096333
13.01.2030 17:00,8.5,66.95,53.08,,160.16750000000002,783.895,0.283,155.39,0.84,1,27.7694871764034
13.01.2030 18:00,8.5,66.95,53.08,,141.7125,729.83,1.233,125.85,0.84,1,28.9421303451847
13.01.2030 19:00,8.5,66.349,53.08,,126.4775,651.585,0.0,95.61,0.84,1,29.3126775613629
13.01.2030 20:00,8.5,56.793,53.08,,131.015,731.49,61.605,70.4875,2.21,0,28.7587073790226
13.01.2030 21:00,8.5,53.497,53.08,,120.71,696.2725,85.559,98.3275,2.21,0,29.3925088262074
13.01.2030 22:00,8.43,49.235,53.08,,107.765,772.0775,6.02,75.58,2.21,0,28.8037325252163
13.01.2030 23:00,8.43,47.6,53.08,,109.1875,571.7475000000001,13.884,85.56666666666666,2.21,0,29.2610565702222
14.01.2030 00:00,8.43,58.28,53.08,,104.5,347.415,14.14,58.39,9.03,0,30.9833179655736
14.01.2030 01:00,8.43,58.28,53.08,,101.4925,411.9625,32.834,354.53,9.03,0,31.5263012524841
14.01.2030 02:00,8.43,58.281,53.08,,94.585,384.1875,0.009,85.8,9.03,0,32.5140922090185
14.01.2030 03:00,8.43,58.282,53.08,,107.7575,415.1175,0.0,95.72,9.03,0,34.3952044535646
14.01.2030 04:00,8.43,58.557,53.08,,115.7325,506.28,0.161,395.9533333333334,7.24,0,36.6183933393496
14.01.2030 05:00,8.43,60.254,53.08,,144.905,832.2875,7.536,96.72666666666667,7.24,0,40.3956567300947
14.01.2030 06:00,8.64,65.961,53.08,,158.66,717.235,0.014,683.58,7.24,0,39.4750070372212
14.01.2030 07:00,8.78,65.962,53.08,,166.1675,710.5925,1.257,580.6666666666666,7.24,0,39.3808347420082
14.01.2030 08:00,8.97,60.254,53.08,,134.07999999999998,1054.935,0.0,350.51,2.72,0,34.9509205615578
14.01.2030 09:00,8.97,58.28,53.08,,113.4675,1006.4975,0.01,91.0,2.72,0,28.2178296473219
14.01.2030 10:00,8.97,58.28,53.08,,116.68,962.3875,0.566,87.63,2.72,1,25.2516648744161
14.01.2030 11:00,8.97,58.28,53.08,,108.4425,821.61,31.736,79.96000000000001,2.72,1,24.8592305261819
14.01.2030 12:00,8.97,58.282,53.08,,101.18,774.5450000000001,59.633,87.5,1.94,1,26.8219209234119
14.01.2030 13:00,8.97,59.458,53.08,,96.47,800.765,0.151,150.8425,1.94,1,31.5822181340296
14.01.2030 14:00,8.78,75.936,53.08,,114.0925,999.46,1.251,98.34,1.94,1,48.1680284255858
14.01.2030 15:00,8.64,98.8386762458088,53.08,,123.4625,968.205,5.8,98.76333333333334,1.94,1,71.0859835467011
14.01.2030 16:00,8.5,104.325545274084,53.08,,151.3775,773.0350000000001,60.161,68.08,0.71,1,69.7284152710592
14.01.2030 17:00,8.5,105.676311127222,53.08,,168.7925,716.5475,0.193,100.18666666666668,0.71,1,68.7288868784626
14.01.2030 18:00,8.5,103.479864314916,53.08,,160.1975,669.7425000000001,0.7010000000000001,90.7275,0.71,1,76.0477908887212
14.01.2030 19:00,8.5,103.271021300064,53.08,,145.5375,589.0225,1.118,89.33333333333333,0.71,1,79.701209404436
14.01.2030 20:00,8.5,102.850560680342,53.08,,139.4875,558.2725,20.142,96.71,1.97,0,84.1486032959941
14.01.2030 21:00,8.5,98.0708721350643,53.08,,137.635,570.66,106.145,72.32249999999999,1.97,0,89.0097611403659
14.01.2030 22:00,8.43,88.5799388564205,53.08,,127.2175,535.1800000000001,4.2330000000000005,80.085,1.97,0,88.6325637404546
14.01.2030 23:00,8.43,80.2946685784553,53.08,,122.67,399.49,4.394,76.25999999999999,1.97,0,85.1382401015204
15.01.2030 00:00,8.43,84.9963272788618,53.08,,117.54,388.8125,0.2329999999999999,103.75333333333332,7.87,0,83.9845241622356
15.01.2030 01:00,8.43,84.4611139864806,53.08,,110.7625,359.8175,0.102,95.6425,7.87,0,84.819831104244
15.01.2030 02:00,8.43,82.9148913013255,53.08,,106.3725,339.95,0.216,528.305,7.87,0,85.5125937985887
15.01.2030 03:00,8.43,82.634096371019,53.08,,110.925,427.985,7.723,314.41,7.87,0,86.7614672214535
15.01.2030 04:00,8.43,82.7664240345156,53.08,,113.6375,539.5550000000001,3.618,241.1975,8.7,0,90.5802877868832
15.01.2030 05:00,8.43,82.9061322566731,53.08,,132.3175,835.04,1.35,88.9825,8.7,0,94.5888723673081
15.01.2030 06:00,8.64,85.8791407413623,53.08,,203.5525,825.3025,1.853,79.63,8.7,0,100.51883307119
15.01.2030 07:00,8.78,86.1448621565649,53.08,,273.2625,831.83,0.03,254.72,8.7,0,91.499502657757
15.01.2030 08:00,8.97,76.9305268051771,53.08,,278.77750000000003,689.455,0.041,204.69,1.71,0,58.0243986845625
15.01.2030 09:00,8.97,67.1046866913587,53.08,,274.1225,898.1525,0.279,143.49666666666667,1.71,0,38.8326948323143
15.01.2030 10:00,8.97,62.2203853229791,53.08,,228.405,850.46,17.594,98.005,1.71,1,33.2207102914954
15.01.2030 11:00,8.97,61.5313869879419,53.08,,193.5725,701.075,1.031,172.16,1.71,1,32.5428759571222
15.01.2030 12:00,8.97,64.1767702443697,53.08,,178.24,657.88,0.002,183.47,1.65,1,34.1543869119551
15.01.2030 13:00,8.97,68.6182304252841,53.08,,160.665,540.8925,0.0,197.48,1.65,1,39.1114536846974
15.01.2030 14:00,8.78,84.274,53.08,,163.3575,647.5875000000001,0.009,485.465,1.65,1,64.3331297455645
15.01.2030 15:00,8.64,98.7024642041489,53.08,,186.7175,661.96,0.064,235.1975,1.65,1,130.904988774103
15.01.2030 16:00,8.5,107.592038209233,53.08,,190.9525,512.645,0.0,527.25,0.52,1,145.893187409639
15.01.2030 17:00,8.5,108.365625339333,53.08,,203.6025,543.915,8.688,106.545,0.52,1,139.966116971087
15.01.2030 18:00,8.5,108.595642760525,53.08,,180.1475,790.1775,8.416,108.19333333333331,0.52,1,140.576059209567
15.01.2030 19:00,8.5,108.548757130755,53.08,,168.6525,751.135,8.937000000000001,141.48,0.52,1,154.939329655606
15.01.2030 20:00,8.5,106.633105416032,53.08,,151.455,524.7375,21.787,105.04,1.82,0,155.133690915165
15.01.2030 21:00,8.5,104.827787454855,53.08,,137.35,371.655,79.45700000000001,89.3575,1.82,0,155.20354746218
15.01.2030 22:00,8.43,97.5792480304997,53.08,,129.025,485.2025,5.039,109.99333333333334,1.82,0,161.397779421918
15.01.2030 23:00,8.43,96.727851865692,53.08,,135.7875,456.345,15.946,104.425,1.82,0,158.369948643408
16.01.2030 00:00,8.43,97.6033990916892,53.08,,129.485,502.78,18.023,120.8725,6.46,0,157.706811333463
16.01.2030 01:00,8.43,96.4562338917253,53.08,,125.285,402.3425,10.45,117.94,6.46,0,152.958100058952
16.01.2030 02:00,8.43,96.8153601059084,53.08,,126.1425,283.0075,1.271,195.17,6.46,0,147.954279939679
16.01.2030 03:00,8.43,96.7849773134277,53.08,,127.1575,365.7975,11.642,111.2,6.46,0,144.857425373054
16.01.2030 04:00,8.43,98.3625863929887,53.08,,131.63,553.485,0.629,112.16,5.52,0,143.509113378839
16.01.2030 05:00,8.43,105.92341971967,53.08,,147.97750000000002,581.395,50.408,96.20666666666666,5.52,0,134.547148649124
16.01.2030 06:00,8.64,114.035081977231,53.08,,166.9425,513.73,9.403,88.96,5.52,0,120.351777829701
16.01.2030 07:00,8.78,113.473823472328,53.08,,185.71,483.475,9.35,145.35500000000002,5.52,0,111.643075798567
16.01.2030 08:00,8.97,99.4546445914083,53.08,,176.505,765.4300000000001,0.142,299.86,1.47,0,90.0539126403793
16.01.2030 09:00,8.97,88.2676196040965,53.08,,159.5575,744.4525,0.066,112.97,1.47,0,61.6462676395448
16.01.2030 10:00,8.97,75.2424303527246,53.08,,155.4925,710.8225,3.797,103.425,1.47,1,50.9479197303615
16.01.2030 11:00,8.97,74.2848706133639,53.08,,144.5225,602.635,22.77,102.3625,1.47,1,48.5637536896366
16.01.2030 12:00,8.97,77.1183328212514,53.08,,137.7275,645.165,0.031,99.78,1.48,1,51.2260910962332
16.01.2030 13:00,8.97,83.3899711517614,53.08,,150.82999999999998,753.5025,0.106,299.515,1.48,1,60.5859347813646
16.01.2030 14:00,8.78,98.749,53.08,,158.51,661.4775,0.078,234.6,1.48,1,91.7044689824832
16.01.2030 15:00,8.64,140.468105684931,53.08,,171.0925,533.76,0.976,127.215,1.48,1,131.315967696249
16.01.2030 16:00,8.5,147.98343303535,53.08,,181.7925,684.09,10.595,113.33333333333331,0.49,1,129.951977220036
16.01.2030 17:00,8.5,150.559759959762,53.08,,183.905,624.25,6.366,137.865,0.49,1,124.380710915108
16.01.2030 18:00,8.5,146.813201344808,53.08,,167.70499999999998,594.81,0.95,115.96,0.49,1,133.197405285584
16.01.2030 19:00,8.5,142.078801445216,53.08,,154.60500000000002,525.73,3.484,118.03666666666668,0.49,1,137.59113812407
16.01.2030 20:00,8.5,118.155936919485,53.08,,141.9025,469.105,33.806,118.4275,2.5,0,132.978469739669
16.01.2030 21:00,8.5,106.644413663211,53.08,,132.25,399.0875,1.602,287.54999999999995,2.5,0,131.950610126761
16.01.2030 22:00,8.43,96.2794850717527,53.08,,121.565,538.355,41.518,97.9675,2.5,0,128.362708009644
16.01.2030 23:00,8.43,92.7749368695223,53.08,,119.9225,516.5699999999999,2.132,96.58,2.5,0,126.14759562104
17.01.2030 00:00,8.43,83.9998216914627,53.08,,114.08,314.42,0.088,88.81,5.47,0,125.313186130435
17.01.2030 01:00,8.43,87.2677021625934,53.08,,117.8775,292.14,0.03,97.5575,5.47,0,123.970913784991
17.01.2030 02:00,8.43,82.5211963348417,53.08,,115.175,275.1,0.353,99.73333333333332,5.47,0,124.116792974991
17.01.2030 03:00,8.43,83.1787786521527,53.08,,110.725,387.8725,0.0,,5.47,0,124.390522926975
17.01.2030 04:00,8.43,90.0380186116139,53.08,,126.215,516.99,0.023,119.0725,4.88,0,126.427877369765
17.01.2030 05:00,8.43,102.945930600416,53.08,,139.39499999999998,711.8225,0.0,142.66666666666666,4.88,0,129.666812807548
17.01.2030 06:00,8.64,127.185271982211,53.08,,167.035,673.5225,8.284,95.37,4.88,0,126.393408051434
17.01.2030 07:00,8.78,129.260775666781,53.08,,207.2925,502.3475,0.0,150.09,4.88,0,120.283925388205
17.01.2030 08:00,8.97,104.56141333027,53.08,,198.9,726.06,3.272,147.78,1.25,0,97.3307249490805
17.01.2030 09:00,8.97,89.7974353784863,53.08,,200.97,1091.8875,0.002,134.73,1.25,0,78.0659097621315
17.01.2030 10:00,8.97,72.6855235703574,53.08,,177.8525,1026.1475,0.164,134.38,1.25,1,55.8542216980904
17.01.2030 11:00,8.97,68.1580897196638,53.08,,167.7625,828.6675,0.0,,1.25,1,51.8929565474861
17.01.2030 12:00,8.97,67.3826460363599,53.08,,173.29500000000002,742.985,0.0,,1.29,1,51.9128010337551
17.01.2030 13:00,8.97,72.139032600331,53.08,,177.05,774.9300000000001,0.0,,1.29,1,59.0096090745495
17.01.2030 14:00,8.78,100.574,53.08,,213.835,986.6425,0.0,,1.29,1,93.9025978303167
17.01.2030 15:00,8.64,151.463128734154,53.08,,229.735,813.6975,0.015,160.14,1.29,1,130.969470899425
17.01.2030 16:00,8.5,167.822196176596,53.08,,235.9,671.005,0.0,,0.42,1,127.51318133558
17.01.2030 17:00,8.5,165.86229834846,53.08,,215.535,767.575,0.016,181.68,0.42,1,128.526291435869
17.01.2030 18:00,8.5,159.589024957019,53.08,,211.0525,732.7225,0.0,,0.42,1,135.1777002435
17.01.2030 19:00,8.5,150.093687743654,53.08,,171.6025,636.625,0.931,117.71,0.42,1,136.234915181144
17.01.2030 20:00,8.5,116.516800307612,53.08,,144.925,636.5375,0.153,132.15,1.64,0,133.43042561997
17.01.2030 21:00,8.5,106.544728214516,53.08,,145.305,443.375,12.325,396.135,1.64,0,132.594319251594
17.01.2030 22:00,8.43,97.29,53.08,,141.4075,443.8325,0.734,138.8775,1.64,0,118.934595617425
17.01.2030 23:00,8.43,91.64,53.08,,123.2625,408.48,0.206,196.9433333333333,1.64,0,105.506998802298
18.01.2030 00:00,8.13,90.755,53.08,,134.065,434.7075,2.041,226.04,4.79,0,100.154559909862
18.01.2030 01:00,8.13,84.32,53.08,,119.14,305.8175,0.0849999999999999,172.615,4.79,0,79.0278775941336
18.01.2030 02:00,8.13,80.363,53.08,,119.01,275.77250000000004,0.0,,4.79,0,75.1962845547481
18.01.2030 03:00,8.13,79.456,53.08,,118.165,237.9525,0.0,,4.79,0,71.0679486436139
18.01.2030 04:00,8.13,79.324,53.08,,118.5225,277.39,0.0,,4.28,0,68.8845413001198
18.01.2030 05:00,8.13,82.001,53.08,,117.73,321.8375,0.0,112.48,4.28,0,63.2508533444157
18.01.2030 06:00,8.26,83.461,53.08,,127.8525,379.605,0.158,105.52333333333333,4.28,0,59.4300518040211
18.01.2030 07:00,8.36,82.001,53.08,,133.14249999999998,409.285,0.0,,4.28,0,52.7369333081634
18.01.2030 08:00,8.51,47.415,53.08,,143.61,558.5475,0.0,,1.91,0,32.7439067631527
18.01.2030 09:00,8.51,36.64,53.08,,133.335,700.9125,0.0,,1.91,0,16.5844413298584
18.01.2030 10:00,8.51,36.64,53.08,,145.85750000000002,818.2225000000001,0.0,,1.91,0,14.6740901466146
18.01.2030 11:00,8.51,36.64,53.08,,141.845,864.2975,0.0,,1.91,0,14.5954785813292
18.01.2030 12:00,8.51,36.64,53.08,,130.5275,608.5725,0.0,,1.68,0,15.841786015678
18.01.2030 13:00,8.51,38.465,53.08,,136.885,709.1175,0.088,125.86,1.68,0,18.0648724508106
18.01.2030 14:00,8.36,44.673,53.08,,158.2175,794.7225000000001,0.396,134.25,1.68,0,22.241428586947
18.01.2030 15:00,8.26,48.315,53.08,,200.325,987.1,0.371,159.285,1.68,0,24.5292783575895
18.01.2030 16:00,8.17,48.508,53.08,,215.7275,654.01,1.086,151.22,1.0,0,22.7060483735852
18.01.2030 17:00,8.17,48.508,53.08,,196.4975,616.4725,0.006,132.88,1.0,0,22.7655716002543
18.01.2030 18:00,8.17,48.509,53.08,,218.4025,701.9925000000001,0.0,130.79,1.0,0,23.4575573027903
18.01.2030 19:00,8.17,47.415,53.08,,169.52,620.605,0.024,127.3425,1.0,0,25.2073149793042
18.01.2030 20:00,8.17,47.415,53.08,,155.86,607.57,0.0,123.735,1.65,0,24.6747143930742
18.01.2030 21:00,8.17,44.897,53.08,,136.875,482.885,0.0,134.53,1.65,0,24.6563039092404
18.01.2030 22:00,8.13,42.464,53.08,,133.6675,423.06,0.0,125.33333333333331,1.65,0,23.1686139688589
18.01.2030 23:00,8.13,42.058,53.08,,127.78,538.0925,0.004,131.24,1.65,0,23.481096007136
19.01.2030 00:00,8.11,53.598,53.08,,136.47,458.3025,0.291,67.42,4.11,0,26.4137691090075
19.01.2030 01:00,8.11,53.598,53.08,,126.3975,336.7,1.021,121.42,4.11,0,27.2690244293745
19.01.2030 02:00,8.11,53.599,53.08,,123.275,298.99,0.088,113.24,4.11,0,26.6714178004035
19.01.2030 03:00,8.11,53.599,53.08,,122.275,267.7975,0.159,112.36,4.11,0,26.5908124348931
19.01.2030 04:00,8.11,53.717,53.08,,121.2725,240.775,0.049,114.385,3.7,0,27.0667439578263
19.01.2030 05:00,8.11,57.168,53.08,,123.9475,246.135,0.0,104.025,3.7,0,28.4889572626869
19.01.2030 06:00,8.25,61.313,53.08,,121.32,373.1375,0.0,113.365,3.7,0,27.4431396263154
19.01.2030 07:00,8.34,61.499,53.08,,127.0375,406.8075,0.0,111.795,3.7,0,25.8288180143861
19.01.2030 08:00,8.49,61.499,53.08,,136.67,490.71,71.402,66.1225,1.82,0,25.4496185615499
19.01.2030 09:00,8.49,61.499,53.08,,127.6825,764.7225,0.762,56.265,1.82,0,24.6579973926288
19.01.2030 10:00,8.49,61.345,53.08,,116.09,633.6850000000001,0.394,32.17,1.82,0,24.3602755816442
19.01.2030 11:00,8.49,60.212,53.08,,118.575,560.9300000000001,4.324,34.62,1.82,0,24.5093730807873
19.01.2030 12:00,8.49,59.702,53.08,,130.5125,678.5875,65.577,27.48,4.34,0,23.9323145740421
19.01.2030 13:00,8.49,60.029,53.08,,131.3675,708.2525,2.194,55.39000000000001,4.34,0,23.983438295552
19.01.2030 14:00,8.34,61.313,53.08,,146.35750000000002,811.1025,0.0,,4.34,0,23.937124312192
19.01.2030 15:00,8.25,61.504,53.08,,154.2375,766.2025,0.063,118.39,4.34,0,22.8061491513955
19.01.2030 16:00,8.15,61.505,53.08,,167.64499999999998,651.81,3.431,86.055,1.02,0,22.1914771874989
19.01.2030 17:00,8.15,61.506,53.08,,166.0925,602.4825,0.0,,1.02,0,22.8136207309963
19.01.2030 18:00,8.15,61.107,53.08,,170.38,541.185,0.009,64.79,1.02,0,24.0228664273125
19.01.2030 19:00,8.15,59.389,53.08,,158.1225,556.3975,2.061,61.92333333333334,1.02,0,24.47958652791
19.01.2030 20:00,8.15,58.576,53.08,,161.4275,588.905,1.889,54.135000000000005,1.37,0,23.0550812313795
19.01.2030 21:00,8.15,55.482,53.08,,148.435,476.41,1.21,102.93,1.37,0,22.5218049929327
19.01.2030 22:00,8.11,53.832,53.08,,128.3675,422.6925,1.809,60.900000000000006,1.37,0,22.7329393640192
19.01.2030 23:00,8.11,52.483,53.08,,121.15,384.83,0.738,100.27,1.37,0,22.4860758467004
20.01.2030 00:00,8.43,26.366,53.08,,118.4375,300.0825,0.034,102.12333333333332,4.53,0,18.7019975520189
20.01.2030 01:00,8.43,26.366,53.08,,120.4625,279.1625,0.0,115.0,4.53,0,18.2752218446241
20.01.2030 02:00,8.43,26.366,53.08,,117.2625,314.50750000000005,0.0,112.44,4.53,0,17.3569022283144
20.01.2030 03:00,8.43,26.366,53.08,,115.8475,412.1425,0.0,100.56666666666666,4.53,0,16.9679694409482
20.01.2030 04:00,8.43,26.366,53.08,,128.6725,492.2225,4.871,99.01333333333334,4.0,0,17.1405098664866
20.01.2030 05:00,8.43,26.367,53.08,,144.545,714.455,22.128,60.12,4.0,0,18.1260925774198
20.01.2030 06:00,8.64,29.84,53.08,,194.245,649.1225,1.568,114.54,4.0,0,16.819024195109
20.01.2030 07:00,8.78,29.841,53.08,,281.28,660.765,0.0,,4.0,0,16.477474174125
20.01.2030 08:00,8.97,29.841,53.08,,260.65,753.125,0.0,,1.4,0,16.3720760763763
20.01.2030 09:00,8.97,26.366,53.08,,231.5375,862.53,0.0,108.68,1.4,0,14.877052924774
20.01.2030 10:00,8.97,26.366,53.08,,208.015,607.6800000000001,0.0,,1.4,1,14.4243573212234
20.01.2030 11:00,8.97,26.366,53.08,,206.275,620.285,0.0,,1.4,1,14.5132035575819
20.01.2030 12:00,8.97,26.367,53.08,,228.4125,731.4225,0.0,,2.17,1,14.5128702533569
20.01.2030 13:00,8.97,28.493,53.08,,240.5575,873.5825,0.0,,2.17,1,15.7409570976489
20.01.2030 14:00,8.78,43.382,53.08,,279.6125,975.25,0.0,,2.17,1,36.1496102055225
20.01.2030 15:00,8.64,76.258,53.08,,339.6675,758.855,0.0,163.68,2.17,1,48.7345247079149
20.01.2030 16:00,8.5,78.098,53.08,,418.2825,526.2925,0.0,138.99,0.75,1,47.9823839931855
20.01.2030 17:00,8.5,78.098,53.08,,253.335,636.905,0.002,,0.75,1,48.0111334381535
20.01.2030 18:00,8.5,78.099,53.08,,240.595,771.575,0.069,103.75,0.75,1,49.510000229073
20.01.2030 19:00,8.5,78.1,53.08,,209.8625,809.91,11.606,107.27666666666666,0.75,1,51.4111920608768
20.01.2030 20:00,8.5,78.101,53.08,,174.3375,750.19,0.3269999999999999,134.90333333333334,1.26,0,55.5225719096386
20.01.2030 21:00,8.5,78.08,53.08,,135.515,615.2425000000001,0.092,111.18,1.26,0,57.7684692965161
20.01.2030 22:00,8.43,74.816,53.08,,120.43,514.0675,1.23,102.475,1.26,0,60.437099401454
20.01.2030 23:00,8.43,43.391,53.08,,127.8075,404.94,5.133,90.53,1.26,0,50.4100729917515
21.01.2030 00:00,8.43,32.306,53.08,,122.525,345.1075,0.441,106.96666666666664,4.09,0,38.950258712639
21.01.2030 01:00,8.43,26.86,53.08,,120.24,316.98,0.0,,4.09,0,24.978938413101
21.01.2030 02:00,8.43,20.041,53.08,,115.415,285.97,0.209,101.985,4.09,0,8.09631389815962
21.01.2030 03:00,8.43,18.568,53.08,,118.9975,371.5875,0.018,101.9875,4.09,0,7.01501565697364
21.01.2030 04:00,8.43,16.509,53.08,,122.4075,402.8775,0.003,126.53666666666668,3.92,0,7.21654647678493
21.01.2030 05:00,8.43,16.395,53.08,,172.5725,658.1800000000001,10.353,74.855,3.92,0,7.85655637590866
21.01.2030 06:00,8.64,16.426,53.08,,219.9875,625.86,0.0,,3.92,0,7.30065034689133
21.01.2030 07:00,8.78,16.514,53.08,,249.74,519.89,0.0,,3.92,0,6.65309740169916
21.01.2030 08:00,8.97,15.958,53.08,,238.7725,705.0225,82.596,62.510000000000005,1.65,0,5.81279651252674
21.01.2030 09:00,8.97,15.651,53.08,,205.32,952.7125,6.179,108.95,1.65,0,5.26901862697855
21.01.2030 10:00,8.97,15.651,53.08,,171.2875,902.52,0.028,133.0,1.65,1,5.21367660787337
21.01.2030 11:00,8.97,15.651,53.08,,157.5825,673.0675,5.617,61.96333333333333,1.65,1,4.53696399316577
21.01.2030 12:00,8.97,15.651,53.08,,153.62,522.385,0.0,73.18,1.9,1,3.93232314303654
21.01.2030 13:00,8.97,15.651,53.08,,151.0525,729.355,0.0,72.98,1.9,1,4.03240011611365
21.01.2030 14:00,8.78,16.1,53.08,,188.3775,693.7725,0.0,,1.9,1,4.24230655265494
21.01.2030 15:00,8.64,16.997,53.08,,306.76250000000005,590.3199999999999,0.0,,1.9,1,4.32819215635851
21.01.2030 16:00,8.5,17.713,53.08,,391.345,597.2675,0.0,145.87,1.0,1,4.39042598437427
21.01.2030 17:00,8.5,17.713,53.08,,290.1675,685.755,0.0,,1.0,1,4.4739578303973
21.01.2030 18:00,8.5,17.713,53.08,,319.655,783.9725,0.0,,1.0,1,4.60024520659273
21.01.2030 19:00,8.5,17.557,53.08,,438.605,938.955,0.004,83.35,1.0,1,4.61530151868686
21.01.2030 20:00,8.5,16.514,53.08,,253.575,744.37,46.349,70.7925,1.5,0,4.57522333431887
21.01.2030 21:00,8.5,15.958,53.08,,160.335,723.4075,0.0,,1.5,0,3.19566901971968
21.01.2030 22:00,8.43,15.651,53.08,,143.36,563.7925,0.0,150.0,1.5,0,0.980233813160445
21.01.2030 23:00,8.43,15.0,53.08,,143.07999999999998,518.9975,6.413,104.45666666666666,1.5,0,0.971682903493695
22.01.2030 00:00,8.43,15.65,53.08,,136.2425,458.835,7.633,104.26,3.51,0,0.960355843832809
22.01.2030 01:00,8.43,15.65,53.08,,127.1425,283.415,0.385,106.04,3.51,0,0.969383925027599
22.01.2030 02:00,8.43,15.65,53.08,,121.0325,326.71500000000003,0.043,107.73,3.51,0,0.970789013639332
22.01.2030 03:00,8.43,15.65,53.08,,121.5075,345.5875,0.004,119.03,3.51,0,0.957831450635629
22.01.2030 04:00,8.43,15.65,53.08,,130.5525,544.065,0.0,119.47,3.34,0,0.955341222187485
22.01.2030 05:00,8.43,15.65,53.08,,150.065,529.6875,8.138,92.82,3.34,0,0.94314473736166
22.01.2030 06:00,8.64,15.65,53.08,,189.0175,523.105,0.009,,3.34,0,0.940634036713807
22.01.2030 07:00,8.78,15.65,53.08,,329.38,628.44,1.354,171.89999999999998,3.34,0,0.938588681979944
22.01.2030 08:00,8.97,15.651,53.08,,247.0825,973.19,17.028,118.2025,1.33,0,0.885225082421958
22.01.2030 09:00,8.97,15.651,53.08,,188.605,1261.4450000000002,0.0,,1.33,0,0.844381418740157
22.01.2030 10:00,8.97,15.651,53.08,,160.6525,819.155,29.675,113.03,1.33,1,0.839675231812863
22.01.2030 11:00,8.97,15.651,53.08,,140.63,524.0025,68.1,106.7975,1.33,1,0.877856503550673
22.01.2030 12:00,8.97,15.754,53.08,,146.38,485.455,62.467,105.345,1.53,1,0.955846652972518
22.01.2030 13:00,8.97,17.595,53.08,,150.485,528.51,10.271,99.47,1.53,1,0.990717850244449
22.01.2030 14:00,8.78,20.715,53.08,,158.1575,572.8725,0.0,,1.53,1,2.08537759491515
22.01.2030 15:00,8.64,29.673,53.08,,170.87,561.49,0.007,159.76,1.53,1,6.6507038879416
22.01.2030 16:00,8.5,31.845,53.08,,166.73,501.715,0.014,156.95999999999998,0.86,1,17.8315160352285
22.01.2030 17:00,8.5,31.846,53.08,,149.0675,527.1475,0.0,,0.86,1,18.1053949719242
22.01.2030 18:00,8.5,31.846,53.08,,138.7875,682.76,1.964,81.125,0.86,1,18.4316109820226
22.01.2030 19:00,8.5,31.846,53.08,,132.9025,660.3525,36.3,68.6225,0.86,1,19.0450855436823
22.01.2030 20:00,8.5,31.845,53.08,,128.48250000000002,579.8275,68.30000000000001,71.62,1.42,0,19.6427540940537
22.01.2030 21:00,8.5,30.774,53.08,,120.8,459.1025,1.674,98.83333333333331,1.42,0,20.3535295783216
22.01.2030 22:00,8.43,28.396,53.08,,108.99,550.555,2.587,94.985,1.42,0,18.4978707406432
22.01.2030 23:00,8.43,28.141,53.08,,138.88,537.0475,0.222,108.16,1.42,0,18.9423938445775
23.01.2030 00:00,8.43,56.427,53.08,,121.23,568.535,155.71,73.835,3.95,0,24.5461884196178
23.01.2030 01:00,8.43,56.427,53.08,,110.72,516.7775,137.623,65.145,3.95,0,25.9143316845538
23.01.2030 02:00,8.43,56.427,53.08,,97.205,465.1575,0.019,87.08,3.95,0,26.7259537736468
23.01.2030 03:00,8.43,56.428,53.08,,105.0925,456.2675,38.816,79.17,3.95,0,32.3969577779708
23.01.2030 04:00,8.43,59.936,53.08,,112.2225,514.82,352.835,48.48,3.79,0,43.6015636194783
23.01.2030 05:00,8.43,80.439,53.08,,105.8725,633.4775,152.748,47.2375,3.79,0,53.7222286272332
23.01.2030 06:00,8.64,88.784,53.08,,104.785,789.21,78.41300000000001,53.06,3.79,0,55.6295670944035
23.01.2030 07:00,8.78,88.905,53.08,,121.4425,642.9625,40.301,64.6675,3.79,0,53.5862180147392
23.01.2030 08:00,8.97,82.0,53.08,,121.4325,664.8924999999999,7.785,55.875,2.08,0,47.1557386543261
23.01.2030 09:00,8.97,78.592,53.08,,107.355,580.01,0.0,87.63499999999999,2.08,0,42.8410316519841
23.01.2030 10:00,8.97,78.592,53.08,,94.28,686.5025,313.093,8.045,2.08,1,40.2925744955204
23.01.2030 11:00,8.97,78.592,53.08,,81.5775,835.1975,163.972,20.567500000000003,2.08,1,40.4281373876614
23.01.2030 12:00,8.97,78.592,53.08,,80.59,765.9725000000001,78.399,-2.942500000000001,2.29,1,41.687983483396
23.01.2030 13:00,8.97,82.0,53.08,,78.1075,788.3925,141.378,15.85,2.29,1,47.1805986032776
23.01.2030 14:00,8.78,92.9192680004424,53.08,,100.0625,805.185,132.476,24.71,2.29,1,66.3073615740072
23.01.2030 15:00,8.64,109.725200920234,53.08,,119.8325,699.5025,119.981,29.9225,2.29,1,84.8987082965582
23.01.2030 16:00,8.5,112.834924846016,53.08,,126.275,675.54,76.139,42.69,1.25,1,78.1132755439013
23.01.2030 17:00,8.5,113.332813473176,53.08,,125.5775,743.55,92.257,50.42333333333334,1.25,1,77.7285272916221
23.01.2030 18:00,8.5,111.235612439558,53.08,,116.015,728.14,244.08,46.6625,1.25,1,86.2256483763747
23.01.2030 19:00,8.5,109.908899596325,53.08,,93.2725,808.1475,68.085,31.955,1.25,1,90.9707070086422
23.01.2030 20:00,8.5,104.527581988274,53.08,,82.4275,714.63,118.46,28.9375,4.0,0,93.4574381157184
23.01.2030 21:00,8.5,103.531290889567,53.08,,77.3875,701.84,42.534,26.3225,4.0,0,96.3463433618791
23.01.2030 22:00,8.43,97.4534633107045,53.08,,62.625,687.64,123.399,10.3825,4.0,0,98.8033314902547
23.01.2030 23:00,8.43,88.5486242401201,53.08,,54.4075,593.6975,43.662,30.633333333333336,4.0,0,87.4283392077247
24.01.2030 00:00,8.43,83.5969396127056,53.08,,42.3375,526.895,1.06,54.9975,25.42,0,89.0830475836112
24.01.2030 01:00,8.43,79.9731334265592,53.08,,50.32,479.0175,0.6,64.78,25.42,0,87.3723730731044
24.01.2030 02:00,8.43,81.8996617004535,53.08,,64.57,394.7375,0.5660000000000001,40.135,25.42,0,90.0249835206897
24.01.2030 03:00,8.43,83.2309284250055,53.08,,62.1,499.9475,20.536,-41.03333333333334,25.42,0,92.2639654356528
24.01.2030 04:00,8.43,88.848186151783,53.08,,70.39750000000001,607.0625,16.977,-12.6175,12.0,0,96.1827919540342
24.01.2030 05:00,8.43,100.249,53.08,,73.2325,719.06,15.038,5.91,12.0,0,107.162886044701
24.01.2030 06:00,8.64,118.299911707186,53.08,,84.085,603.755,1.408,74.535,12.0,0,108.328552565353
24.01.2030 07:00,8.78,122.125930827752,53.08,,91.05,627.13,49.711,44.45666666666667,12.0,0,106.483935745619
24.01.2030 08:00,8.97,100.249,53.08,,73.28999999999999,831.0975000000001,371.789,14.645,2.33,0,94.2049599839421
24.01.2030 09:00,8.97,96.322,53.08,,47.955,937.485,596.617,-18.83,2.33,0,82.2819937449822
24.01.2030 10:00,8.97,85.0054143855235,53.08,,26.3725,905.1025,489.703,-29.07,2.33,1,77.0727146245361
24.01.2030 11:00,8.97,83.5585063451925,53.08,,13.18,692.565,470.026,-73.3875,2.33,1,76.4840213782294
24.01.2030 12:00,8.97,84.1835519191756,53.08,,8.7475,775.5475,105.936,14.1,4.87,1,80.1479682335067
24.01.2030 13:00,8.97,99.995,53.08,,7.1575,796.0899999999999,171.711,-31.3725,4.87,1,90.7227874274235
24.01.2030 14:00,8.78,108.553,53.08,,31.07,746.2525,236.071,-19.72,4.87,1,122.058781761569
24.01.2030 15:00,8.64,142.584637013102,53.08,,34.985,708.6375,106.031,12.35,4.87,1,175.613917529509
24.01.2030 16:00,8.5,148.927616520236,53.08,,48.3925,719.01,110.334,-5.860000000000002,2.0,1,174.263522889195
24.01.2030 17:00,8.5,153.802788791563,53.08,,69.94749999999999,629.7675,254.391,-46.3375,2.0,1,167.324432007941
24.01.2030 18:00,8.5,147.196646055702,53.08,,60.0975,605.8275,375.173,-69.55,2.0,1,186.989532320705
24.01.2030 19:00,8.5,141.751632993322,53.08,,39.605,620.2625,63.529,-29.44,2.0,1,200.926977774189
24.01.2030 20:00,8.5,134.19782020405,53.08,,19.2475,605.68,120.323,-68.50999999999999,8.66,0,185.798581922209
24.01.2030 21:00,8.5,113.449995078392,53.08,,12.1475,561.9025,23.884,-10.355,8.66,0,182.279088953584
24.01.2030 22:00,8.43,108.078573250581,53.08,,14.16,528.095,45.861,-29.1475,8.66,0,165.239998167286
24.01.2030 23:00,8.43,103.113931112945,53.08,,25.685,567.9075,40.238,10.89,8.66,0,164.612510149543
25.01.2030 00:00,8.13,97.7470983937294,53.08,,47.175,620.0425,14.818,43.21,12.39,0,176.102102184562
25.01.2030 01:00,8.13,95.4842286774709,53.08,,53.795,654.2025,53.233,25.6525,12.39,0,171.969421099831
25.01.2030 02:00,8.13,96.4338960402832,53.08,,61.4375,527.38,10.886,44.29666666666666,12.39,0,163.739712529663
25.01.2030 03:00,8.13,94.915098304757,53.08,,46.7325,559.48,95.45,41.4625,12.39,0,160.221253934345
25.01.2030 04:00,8.13,96.6096712975723,53.08,,37.8075,572.355,0.022,95.1675,7.57,0,152.589014120988
25.01.2030 05:00,8.13,100.764309335664,53.08,,34.745,636.5975,25.666,69.99666666666667,7.57,0,141.451408032847
25.01.2030 06:00,8.26,111.947680470603,53.08,,30.59,667.9725,57.742,61.915,7.57,0,133.225200494014
25.01.2030 07:00,8.36,109.210358636786,53.08,,50.935,682.0175,119.381,46.4575,7.57,0,122.101254433038
25.01.2030 08:00,8.51,93.0559135533613,53.08,,60.7675,659.21,0.0,,2.08,0,84.1640502595312
25.01.2030 09:00,8.51,77.5495239283737,53.08,,73.245,970.81,348.451,5.2425,2.08,0,57.9503623765228
25.01.2030 10:00,8.51,71.7140698430492,53.08,,65.0425,930.5525,138.37,31.7825,2.08,0,51.2188918433292
25.01.2030 11:00,8.51,67.7851201418005,53.08,,54.235,923.535,34.568000000000005,61.6075,2.08,0,49.5369607343979
25.01.2030 12:00,8.51,71.3635378324979,53.08,,61.3725,1096.3525,96.704,55.05,3.19,0,51.3688206816341
25.01.2030 13:00,8.51,76.5674900218017,53.08,,74.4125,1048.91,167.926,43.7125,3.19,0,53.9538308974976
25.01.2030 14:00,8.36,86.3011976264164,53.08,,100.0825,1257.085,34.237,48.10666666666666,3.19,0,71.8969176456323
25.01.2030 15:00,8.26,99.47,53.08,,133.6525,1039.215,187.191,41.655,3.19,0,97.8541616110756
25.01.2030 16:00,8.17,106.871,53.08,,142.88,773.27,59.408,81.2325,1.31,0,91.0893170446009
25.01.2030 17:00,8.17,106.872,53.08,,141.1825,550.885,55.269,82.10666666666667,1.31,0,91.7888509273671
25.01.2030 18:00,8.17,106.873,53.08,,136.0325,610.2275,0.196,111.19,1.31,0,95.684178396768
25.01.2030 19:00,8.17,100.711,53.08,,145.89,593.135,111.39,72.3125,1.31,0,96.5709621710857
25.01.2030 20:00,8.17,94.21,53.08,,133.06,580.485,15.0,82.015,3.5,0,93.4514041267053
25.01.2030 21:00,8.17,90.755,53.08,,125.8675,511.0675,1.093,101.89,3.5,0,80.589738660332
25.01.2030 22:00,8.13,87.624,53.08,,114.0025,517.8399999999999,0.269,100.6,3.5,0,61.6319836238656
25.01.2030 23:00,8.13,82.885,53.08,,98.675,538.46,40.370000000000005,74.84,3.5,0,60.1755990730953
26.01.2030 00:00,8.11,87.586,53.08,,96.4725,488.9275,104.272,58.525,7.97,0,59.8906733203043
26.01.2030 01:00,8.11,85.778,53.08,,92.2675,446.3875,56.412000000000006,59.9925,7.97,0,58.9316816940472
26.01.2030 02:00,8.11,85.102,53.08,,90.9175,293.44,0.509,80.15,7.97,0,58.2493433536217
26.01.2030 03:00,8.11,84.58,53.08,,94.99,272.7575,0.0,107.76,7.97,0,56.9559153511537
26.01.2030 04:00,8.11,84.58,53.08,,100.6175,368.97,53.945,71.525,5.26,0,55.4234048053437
26.01.2030 05:00,8.11,84.7491696411203,53.08,,86.17,473.205,102.213,64.4125,5.26,0,53.6096999960432
26.01.2030 06:00,8.25,88.4001444537721,53.08,,81.035,560.135,108.285,58.885,5.26,0,49.872810071481
26.01.2030 07:00,8.34,87.1828905435829,53.08,,91.2575,704.71,0.049,87.295,5.26,0,46.3177707276391
26.01.2030 08:00,8.49,72.9273917796181,53.08,,96.1025,785.985,0.6930000000000001,82.19999999999999,1.6,0,33.1146554852886
26.01.2030 09:00,8.49,64.6434788049593,53.08,,93.5325,736.5500000000001,71.886,63.13,1.6,0,21.1875546474784
26.01.2030 10:00,8.49,59.8507977863171,53.08,,91.555,944.5925,31.113,65.8125,1.6,0,19.0134859652219
26.01.2030 11:00,8.49,58.5258315780509,53.08,,83.55250000000001,846.495,8.479,60.985,1.6,0,18.2835551268354
26.01.2030 12:00,8.49,60.1369055456965,53.08,,76.965,973.36,0.735,96.84,3.16,0,18.6941675577236
26.01.2030 13:00,8.49,63.6073085948427,53.08,,81.5825,871.8225,17.922,46.175,3.16,0,20.4011387165051
26.01.2030 14:00,8.34,71.9282253044548,53.08,,94.12,875.745,3.224,48.29,3.16,0,30.6218337684684
26.01.2030 15:00,8.25,87.0359913944757,53.08,,118.9025,781.73,14.102,66.0,3.16,0,47.1447450481556
26.01.2030 16:00,8.15,92.7813995321215,53.08,,138.1125,678.915,4.36,47.66,1.28,0,51.6357081963611
26.01.2030 17:00,8.15,92.6905798924467,53.08,,147.0625,795.88,4.695,84.5925,1.28,0,50.8824116885975
26.01.2030 18:00,8.15,92.4872021952446,53.08,,117.865,769.44,234.828,71.4125,1.28,0,51.2776162143345
26.01.2030 19:00,8.15,90.2462461769152,53.08,,97.43,745.2825,141.418,55.1725,1.28,0,51.8575694887531
26.01.2030 20:00,8.15,86.7198176868423,53.08,,72.8225,683.03,4.058999999999999,43.7425,8.18,0,50.2034438455907
26.01.2030 21:00,8.15,86.2420438590837,53.08,,67.24,764.395,3.447,50.0375,8.18,0,51.3813376875942
26.01.2030 22:00,8.11,83.9949100977907,53.08,,49.38999999999999,655.5975000000001,22.833,-19.4,8.18,0,52.8839286157982
26.01.2030 23:00,8.11,82.4646028237969,53.08,,38.635,619.415,196.647,-129.3475,8.18,0,55.0266356870503
27.01.2030 00:00,8.43,88.0,53.08,,15.3375,605.1949999999999,26.043,-18.735,63.18,0,62.9417676293801
27.01.2030 01:00,8.43,88.0,53.08,,12.88,472.5975,48.142,-31.067500000000003,63.18,0,66.7925329542963
27.01.2030 02:00,8.43,88.483,53.08,,4.907500000000001,389.005,31.768,-9.695,63.18,0,70.0837056517637
27.01.2030 03:00,8.43,88.483,53.08,,1.5975,425.1275,40.098,-27.9675,63.18,0,70.2734879656955
27.01.2030 04:00,8.43,88.483,53.08,,18.065,524.745,0.16,11.67,40.0,0,70.1397517543669
27.01.2030 05:00,8.43,90.755,53.08,,40.6925,770.81,33.126,-44.77,40.0,0,76.234302758119
27.01.2030 06:00,8.64,95.8377312350429,53.08,,66.815,834.8275,27.75,-40.2225,40.0,0,84.7818459343736
27.01.2030 07:00,8.78,96.3699132749541,53.08,,74.735,720.9475,11.536,0.817499999999999,40.0,0,83.0260743270957
27.01.2030 08:00,8.97,92.1816223154249,53.08,,67.4475,658.71,4.205,20.42,9.7,0,72.7042771164682
27.01.2030 09:00,8.97,91.64,53.08,,74.3325,747.5425,61.204,-31.542500000000004,9.7,0,71.1443128250242
27.01.2030 10:00,8.97,87.3112170676445,53.08,,68.53,817.06,8.376999999999999,2.3625,9.7,1,69.7603000557917
27.01.2030 11:00,8.97,83.2416235521435,53.08,,63.435,818.9425,1.369,22.39333333333333,9.7,1,70.4991944624073
27.01.2030 12:00,8.97,82.4091509762224,53.08,,74.88,849.8725,401.572,-129.935,18.0,1,70.8531247393002
27.01.2030 13:00,8.97,92.928,53.08,,66.52,958.16,1.863,2.37,18.0,1,75.9897456955747
27.01.2030 14:00,8.78,96.427,53.08,,85.7975,950.06,9.983,-45.905,18.0,1,90.3670452952105
27.01.2030 15:00,8.64,116.19518017762,53.08,,105.195,745.8725000000001,60.824,20.8,18.0,1,110.054783685657
27.01.2030 16:00,8.5,126.00463655853,53.08,,117.06,634.3924999999999,139.391,24.065,2.0,1,100.478418929731
27.01.2030 17:00,8.5,127.053457634874,53.08,,112.1375,579.2025,26.74,51.16,2.0,1,104.765312914933
27.01.2030 18:00,8.5,123.266113561177,53.08,,97.385,650.5975,183.364,23.4775,2.0,1,116.667145790576
27.01.2030 19:00,8.5,121.963247847073,53.08,,82.96000000000001,524.3975,14.589,38.46666666666667,2.0,1,115.601572018406
27.01.2030 20:00,8.5,115.041183004529,53.08,,74.015,602.755,17.194,10.767499999999998,6.81,0,122.37500185418
27.01.2030 21:00,8.5,109.575980601888,53.08,,75.7975,765.285,62.690000000000005,-10.455000000000002,6.81,0,129.950930752422
27.01.2030 22:00,8.43,105.521463060832,53.08,,61.735,654.86,1.603,14.54,6.81,0,136.942839037216
27.01.2030 23:00,8.43,101.969234111106,53.08,,63.4125,584.3225,20.534,11.0025,6.81,0,150.885608894865
28.01.2030 00:00,8.43,98.2335672334425,53.08,,58.13,575.88,205.289,-63.97,25.14,0,159.99693761979
28.01.2030 01:00,8.43,93.2744257961704,53.08,,36.89,564.7675,3.936,25.71,25.14,0,156.547403193921
28.01.2030 02:00,8.43,92.0850951061476,53.08,,38.182500000000005,645.11,3.17,15.46,25.14,0,156.842453564973
28.01.2030 03:00,8.43,96.7746364664688,53.08,,39.9,728.7225,36.934,-1.0025,25.14,0,158.550240266856
28.01.2030 04:00,8.43,95.7491634277391,53.08,,56.150000000000006,720.01,13.16,16.365,18.0,0,158.649016043871
28.01.2030 05:00,8.43,95.6334421744856,53.08,,87.7825,831.5250000000001,19.57,-17.427500000000002,18.0,0,160.41721685409
28.01.2030 06:00,8.64,100.792716005788,53.08,,110.1875,715.3425,0.427,69.705,18.0,0,155.357046818983
28.01.2030 07:00,8.78,101.860240602861,53.08,,135.87,554.535,0.145,105.68,18.0,0,148.293795006335
28.01.2030 08:00,8.97,96.8100790949924,53.08,,133.3775,688.2175,0.242,84.29,4.43,0,122.95034268627
28.01.2030 09:00,8.97,91.5280308300388,53.08,,150.49,1040.4875,159.767,60.3025,4.43,0,105.075296393773
28.01.2030 10:00,8.97,88.0090710777689,53.08,,140.7425,896.4225,27.853,60.135,4.43,1,97.8073856595459
28.01.2030 11:00,8.97,84.4378812070397,53.08,,130.9925,897.7925,1.446,56.495,4.43,1,95.6412861607441
28.01.2030 12:00,8.97,85.7311903380863,53.08,,128.82999999999998,639.745,72.27799999999999,45.2275,6.67,1,100.855664316512
28.01.2030 13:00,8.97,89.5609417005551,53.08,,131.715,682.1825,83.711,61.3125,6.67,1,108.513650206645
28.01.2030 14:00,8.78,100.539011509366,53.08,,132.98,719.1975,11.402,73.445,6.67,1,117.809848946141
28.01.2030 15:00,8.64,112.432192156696,53.08,,137.35750000000002,769.7425,0.005,112.775,6.67,1,123.274507265332
28.01.2030 16:00,8.5,115.052764387756,53.08,,146.905,644.6775,0.004,,1.42,1,116.488901724574
28.01.2030 17:00,8.5,114.294510215641,53.08,,185.93,705.2950000000001,0.628,97.77,1.42,1,120.068513901274
28.01.2030 18:00,8.5,112.550223698275,53.08,,150.0,822.5225,20.264,90.05250000000001,1.42,1,123.190324722419
28.01.2030 19:00,8.5,103.699575925928,53.08,,139.60500000000002,1036.8475,44.47,37.57,1.42,1,125.214739705565
28.01.2030 20:00,8.5,101.011142106503,53.08,,127.5125,871.965,131.267,39.66,4.73,0,128.177207874756
28.01.2030 21:00,8.5,101.637759866877,53.08,,112.55,802.7175,87.054,33.7375,4.73,0,126.169075290028
28.01.2030 22:00,8.43,98.25810775496,53.08,,94.4925,593.6600000000001,60.843,37.6675,4.73,0,125.367541562369
28.01.2030 23:00,8.43,94.1557421505932,53.08,,82.0325,495.0925,9.442,48.3425,4.73,0,116.221059989118
29.01.2030 00:00,8.43,89.9630762543013,53.08,,74.77,475.6925,1.071,41.370000000000005,19.0,0,113.808891371888
29.01.2030 01:00,8.43,87.9197086872264,53.08,,74.22749999999999,397.705,0.0,100.02666666666669,19.0,0,107.248006806281
29.01.2030 02:00,8.43,85.9086628034059,53.08,,69.3975,376.33,23.888,45.1325,19.0,0,96.4108912745343
29.01.2030 03:00,8.43,84.9386598418609,53.08,,73.0325,407.4525,17.994999999999997,36.8225,19.0,0,96.834867706231
29.01.2030 04:00,8.43,84.9764586350554,53.08,,72.205,606.8725,10.496,49.545,14.0,0,96.8626454382322
29.01.2030 05:00,8.43,85.4465275933758,53.08,,79.3925,655.6800000000001,22.427,23.185,14.0,0,98.2518668547179
29.01.2030 06:00,8.64,85.4022305647651,53.08,,121.2075,682.0725,0.012,63.83,14.0,0,103.210128178331
29.01.2030 07:00,8.78,88.56722811672,53.08,,129.46,660.385,0.755,88.54499999999999,14.0,0,105.683004134545
29.01.2030 08:00,8.97,84.47,53.08,,115.995,1005.4875,136.601,10.765,5.16,0,83.0865434923772
29.01.2030 09:00,8.97,82.9389026613606,53.08,,88.5525,941.8775,26.34,45.0275,5.16,0,74.9113715808095
29.01.2030 10:00,8.97,83.1235710608652,53.08,,72.725,895.145,76.114,22.2975,5.16,1,75.9890838341757
29.01.2030 11:00,8.97,80.139609254271,53.08,,60.8275,993.98,78.191,7.252500000000001,5.16,1,67.8932863058204
29.01.2030 12:00,8.97,77.7994182993845,53.08,,49.1125,961.8425,67.783,13.2425,16.48,1,66.1173744836016
29.01.2030 13:00,8.97,80.3200544986763,53.08,,61.39,924.93,63.742,28.093333333333334,16.48,1,68.7244994003033
29.01.2030 14:00,8.78,82.6900995520956,53.08,,83.135,1085.7525,146.628,-56.2775,16.48,1,74.4216101712505
29.01.2030 15:00,8.64,91.64,53.08,,114.245,1089.1725,7.96,69.495,16.48,1,84.3478818059912
29.01.2030 16:00,8.5,95.322,53.08,,150.6175,732.9300000000001,9.715,81.74333333333334,1.22,1,82.4499497111574
29.01.2030 17:00,8.5,94.88,53.08,,154.7275,682.885,81.583,52.7325,1.22,1,80.5173625666275
29.01.2030 18:00,8.5,94.129,53.08,,137.3175,712.0275,27.713,54.55,1.22,1,79.3205412223547
29.01.2030 19:00,8.5,91.5004431892887,53.08,,125.475,674.385,21.945,59.1625,1.22,1,76.9119961590039
29.01.2030 20:00,8.5,87.2769154045392,53.08,,109.0025,603.6175000000001,18.132,60.9825,3.6,0,74.5802385541341
29.01.2030 21:00,8.5,86.2130263740285,53.08,,107.465,528.5525,7.752000000000001,64.28333333333333,3.6,0,70.5366556359356
29.01.2030 22:00,8.43,82.3517140148349,53.08,,105.2225,550.92,117.204,46.095,3.6,0,64.9087903614584
29.01.2030 23:00,8.43,80.3258466251391,53.08,,109.04,486.3125,158.36,59.185,3.6,0,65.3623256699742
30.01.2030 00:00,8.43,81.6086770615502,53.08,,104.4725,446.5725,3.012,89.52,12.4,0,71.2138029084602
30.01.2030 01:00,8.43,78.259622647302,53.08,,101.7325,421.62,6.0680000000000005,81.0,12.4,0,68.9676780412911
30.01.2030 02:00,8.43,76.4114038110077,53.08,,95.945,501.1225,3.1560000000000006,81.4425,12.4,0,67.2885110648232
30.01.2030 03:00,8.43,74.2066932392683,53.08,,104.0575,484.135,0.561,53.47,12.4,0,65.5142378601827
30.01.2030 04:00,8.43,84.6895970269808,53.08,,109.615,578.0225,0.395,96.0925,9.98,0,65.6885777781651
30.01.2030 05:00,8.43,90.755,53.08,,138.64249999999998,597.36,29.862,74.17,9.98,0,69.9523967813833
30.01.2030 06:00,8.64,94.522,53.08,,152.1575,656.5175,40.919,81.57499999999999,9.98,0,74.6061721714553
30.01.2030 07:00,8.78,94.314,53.08,,150.47,662.1175000000001,0.01,,9.98,0,69.7310026768492
30.01.2030 08:00,8.97,90.444,53.08,,154.64249999999998,703.5725,57.794,76.6525,2.95,0,56.9284279247003
30.01.2030 09:00,8.97,83.1374734635105,53.08,,137.54500000000002,719.6175000000001,3.681,89.1875,2.95,0,47.4041784091789
30.01.2030 10:00,8.97,75.7725840170795,53.08,,120.685,632.1725,47.083000000000006,84.215,2.95,1,44.192993325404
30.01.2030 11:00,8.97,68.7946223310398,53.08,,109.16,684.5325,1.746,102.98666666666666,2.95,1,42.2771520864755
30.01.2030 12:00,8.97,72.5454057112618,53.08,,115.7525,681.5025,0.874,108.36333333333334,5.77,1,42.6669036675617
30.01.2030 13:00,8.97,76.5218538710478,53.08,,133.0725,635.36,69.384,83.005,5.77,1,44.0677529069784
30.01.2030 14:00,8.78,90.61,53.08,,139.4025,791.8924999999999,74.458,96.915,5.77,1,52.8810737407035
30.01.2030 15:00,8.64,108.188,53.08,,149.0775,622.5725,6.835,90.52333333333333,5.77,1,68.9793451478023
30.01.2030 16:00,8.5,113.334,53.08,,162.34,589.6525,0.128,94.69,1.16,1,65.9562831945578
30.01.2030 17:00,8.5,113.335,53.08,,160.0775,490.4475,4.468,97.485,1.16,1,65.9996521072771
30.01.2030 18:00,8.5,113.336,53.08,,149.775,703.0425,43.851,92.23,1.16,1,71.4647696421428
30.01.2030 19:00,8.5,111.368,53.08,,138.3925,660.01,0.6549999999999999,109.61666666666667,1.16,1,72.1244130137554
30.01.2030 20:00,8.5,103.646,53.08,,117.9375,582.3050000000001,0.594,101.17,2.9,0,72.5508440135748
30.01.2030 21:00,8.5,95.68,53.08,,116.0475,546.5475,26.355,77.3875,2.9,0,72.7962715033383
30.01.2030 22:00,8.43,90.61,53.08,,109.655,529.6975,0.032,110.92333333333332,2.9,0,65.9825333185629
30.01.2030 23:00,8.43,78.8692178501581,53.08,,113.82,407.2225,5.48,99.185,2.9,0,66.4499382274648
31.01.2030 00:00,8.43,84.8096068942805,53.08,,115.695,389.6,10.295,97.0375,9.22,0,66.995780450371
31.01.2030 01:00,8.43,69.4758733548473,53.08,,109.355,357.45,19.792,99.71,9.22,0,63.0930283033994
31.01.2030 02:00,8.43,71.6850910361355,53.08,,105.83,394.055,0.7230000000000001,100.2,9.22,0,61.5290617605861
31.01.2030 03:00,8.43,87.416,53.08,,105.6575,496.8525,0.0849999999999999,102.99,9.22,0,60.9654606751318
31.01.2030 04:00,8.43,87.417,53.08,,115.9025,554.8675000000001,64.856,96.74,7.25,0,60.4966186644618
31.01.2030 05:00,8.43,90.898,53.08,,130.48250000000002,558.38,17.874,93.875,7.25,0,63.850316104115
31.01.2030 06:00,8.64,98.935,53.08,,146.92,703.605,0.029,104.84,7.25,0,63.2570648417494
31.01.2030 07:00,8.78,92.607,53.08,,158.7125,534.2975,3.584,105.05,7.25,0,57.8412227957842
31.01.2030 08:00,8.97,78.592,53.08,,141.91,802.7975,63.400000000000006,94.95,2.2,0,40.4949595788209
31.01.2030 09:00,8.97,32.284,53.08,,113.5825,969.855,104.543,90.165,2.2,0,31.5977656132241
31.01.2030 10:00,8.97,29.853,53.08,,110.9,945.875,230.451,81.4325,2.2,1,26.1717607675767
31.01.2030 11:00,8.97,29.853,53.08,,105.68,692.96,342.91700000000003,73.615,2.2,1,24.9772057925643
31.01.2030 12:00,8.97,29.853,53.08,,95.81,956.9225,38.399,91.9425,4.58,1,25.003384839013
31.01.2030 13:00,8.97,29.854,53.08,,106.38,1042.285,49.712,80.64,4.58,1,26.3043520584041
31.01.2030 14:00,8.78,72.649,53.08,,125.385,914.265,2.87,90.7,4.58,1,35.9953254624979
31.01.2030 15:00,8.64,97.6052042378354,53.08,,152.96,651.2574999999999,2.755,102.1525,4.58,1,50.9661858383567
31.01.2030 16:00,8.5,131.478669405947,53.08,,162.4,565.48,91.178,75.46000000000001,0.89,1,55.2161198035548
31.01.2030 17:00,8.5,135.328378406064,53.08,,156.83249999999998,572.765,0.0,,0.89,1,54.5776473373828
31.01.2030 18:00,8.5,131.879286526219,53.08,,167.3825,576.6424999999999,0.295,94.90000000000002,0.89,1,59.5159101685476
31.01.2030 19:00,8.5,121.398141846074,53.08,,153.8075,523.9225,32.077,96.3475,0.89,1,61.4814177717518
31.01.2030 20:00,8.5,110.703048554102,53.08,,140.605,494.5525,10.688,88.89500000000001,2.17,0,62.959091316092
31.01.2030 21:00,8.5,100.583311982107,53.08,,139.4225,410.2925,0.164,108.62,2.17,0,63.0165656816396
31.01.2030 22:00,8.43,88.09,53.08,,136.985,437.2625,2.7470000000000003,91.52,2.17,0,62.382872174811
31.01.2030 23:00,8.43,86.097,53.08,,123.5725,368.54,454.763,80.2175,2.17,0,59.3900790029073
01.02.2030 00:00,8.1,76.9913739130296,53.08,,116.855,335.0625,84.497,82.575,6.94,0,59.8576068951925
01.02.2030 01:00,8.1,73.9776713088338,53.08,,117.7825,310.3575,39.215,83.1425,6.94,0,59.9134609938099
01.02.2030 02:00,8.1,71.4012298215669,53.08,,122.2525,268.8275,0.286,96.30333333333331,6.94,0,58.9388290859782
01.02.2030 03:00,8.1,86.0532173399287,53.08,,116.5225,236.215,0.341,105.52,6.94,0,59.9349507421872
01.02.2030 04:00,8.1,90.3594504762787,53.08,,116.86,312.70000000000005,0.0,,5.91,0,60.7618493393013
01.02.2030 05:00,8.1,103.464318133292,53.08,,127.1275,439.8325,0.0,108.81,5.91,0,65.9376441129051
01.02.2030 06:00,8.23,126.05734982536,53.08,,147.8575,500.555,0.794,96.68,5.91,0,65.1035669875502
01.02.2030 07:00,8.33,119.279761841412,53.08,,155.7175,518.32,0.0,,5.91,0,59.501068153113
01.02.2030 08:00,8.47,78.592,53.08,,150.365,794.625,32.174,84.875,2.02,0,40.8759184973268
01.02.2030 09:00,8.47,24.71,53.08,,129.70499999999998,888.9875,167.079,86.05250000000001,2.02,0,29.5718893569026
01.02.2030 10:00,8.47,22.719,53.08,,108.7675,892.6175000000001,28.871,96.46,2.02,0,25.8571084926727
01.02.2030 11:00,8.47,22.719,53.08,,109.46,695.435,6.125,96.71,2.02,0,24.641491369359
01.02.2030 12:00,8.47,22.719,53.08,,101.2825,592.4675,7.971,83.24333333333334,4.51,0,24.1593172443441
01.02.2030 13:00,8.47,22.719,53.08,,113.915,885.0024999999999,15.412,76.7,4.51,0,26.0323209097936
01.02.2030 14:00,8.33,66.703,53.08,,128.755,961.1,25.584,78.8175,4.51,0,37.503481150322
01.02.2030 15:00,8.23,90.782,53.08,,147.16750000000002,871.105,12.357,92.77,4.51,0,51.8405702440527
01.02.2030 16:00,8.14,103.066507857531,53.08,,160.2025,624.06,2.258,103.645,1.0,0,60.8067723555891
01.02.2030 17:00,8.14,104.616436794283,53.08,,161.2325,503.185,0.0139999999999999,149.32333333333335,1.0,0,61.2018429194452
01.02.2030 18:00,8.14,103.756866561926,53.08,,154.41,627.4025,41.221,94.69,1.0,0,64.4975500949655
01.02.2030 19:00,8.14,102.659754783717,53.08,,153.3,624.3425,28.187,100.1325,1.0,0,65.4852057788676
01.02.2030 20:00,8.14,94.2014221365901,53.08,,129.8725,526.2475,0.093,114.04,1.99,0,67.4805759796331
01.02.2030 21:00,8.14,92.4342939166769,53.08,,130.665,452.935,8.758000000000001,106.9075,1.99,0,68.1267577097137
01.02.2030 22:00,8.1,90.8940823794859,53.08,,121.385,410.6125,31.717,93.5275,1.99,0,68.704141943126
01.02.2030 23:00,8.1,90.9336606091028,53.08,,123.6375,374.7475,15.812,98.3175,1.99,0,72.3586424060985
02.02.2030 00:00,8.08,89.429,53.08,,119.4775,341.5525,3.338,105.205,5.7,0,77.2613691535054
02.02.2030 01:00,8.08,92.329,53.08,,121.595,300.795,23.139,86.1125,5.7,0,80.1409404679487
02.02.2030 02:00,8.08,92.329,53.08,,117.5375,213.5575,1.135,82.48,5.7,0,81.808951696237
02.02.2030 03:00,8.08,93.309,53.08,,119.1625,255.4775,0.0,,5.7,0,84.2208722962451
02.02.2030 04:00,8.08,93.69,53.08,,120.9575,231.8525,0.0,,4.8,0,88.4120760022588
02.02.2030 05:00,8.08,104.418061915242,53.08,,122.9075,344.4375,0.0,,4.8,0,92.6249946897256
02.02.2030 06:00,8.22,116.461399604853,53.08,,130.6975,396.3,0.021,122.1,4.8,0,89.9230488051334
02.02.2030 07:00,8.31,116.481344535836,53.08,,138.5525,400.3875,0.0,,4.8,0,83.8449064614397
02.02.2030 08:00,8.44,99.759427078177,53.08,,138.14499999999998,682.0275,98.728,93.46,1.84,0,67.0495281063294
02.02.2030 09:00,8.44,75.6551157643019,53.08,,123.4025,851.605,178.047,82.73,1.84,0,46.6744700899054
02.02.2030 10:00,8.44,70.385405574323,53.08,,111.845,762.63,369.451,82.27250000000001,1.84,0,42.9687567465305
02.02.2030 11:00,8.44,67.465289015347,53.08,,107.7975,682.7025,156.626,88.3425,1.84,0,41.5692193476383
02.02.2030 12:00,8.44,69.1258154149564,53.08,,102.19,592.105,470.12,58.635,4.27,0,42.2371306757001
02.02.2030 13:00,8.44,77.9840953037736,53.08,,106.99,844.165,38.588,71.2975,4.27,0,49.5143304021175
02.02.2030 14:00,8.31,105.252,53.08,,118.9375,932.9725,14.3,89.18666666666667,4.27,0,75.9645735927143
02.02.2030 15:00,8.22,205.787475462016,53.08,,142.16,838.9375,14.955000000000002,87.1525,4.27,0,111.377667831755
02.02.2030 16:00,8.12,251.969098168735,53.08,,160.5,528.71,0.151,136.4333333333333,0.95,0,134.55018494428
02.02.2030 17:00,8.12,255.602262806542,53.08,,167.79500000000002,366.48,0.001,,0.95,0,129.611702331459
02.02.2030 18:00,8.12,252.769022976123,53.08,,166.29250000000002,427.5675,0.001,112.15,0.95,0,140.584209228762
02.02.2030 19:00,8.12,248.387196691072,53.08,,158.7125,417.2725,0.555,99.18,0.95,0,148.396350939624
02.02.2030 20:00,8.12,147.981743386233,53.08,,140.6075,406.86,0.95,97.79666666666668,1.76,0,153.115128816451
02.02.2030 21:00,8.12,134.04102511252,53.08,,137.555,382.105,0.0,91.85,1.76,0,161.60998067968
02.02.2030 22:00,8.08,118.971229334489,53.08,,134.395,368.6475,0.006,,1.76,0,161.354481257752
02.02.2030 23:00,8.08,115.535505020102,53.08,,125.5725,409.7675,24.002,100.07666666666668,1.76,0,159.533626032686
03.02.2030 00:00,8.4,110.105083657928,53.08,,127.1575,381.1075,1.364,107.0575,5.51,0,177.35389350757
03.02.2030 01:00,8.4,106.617782332401,53.08,,122.55,388.03,50.489,83.745,5.51,0,176.864564349651
03.02.2030 02:00,8.4,104.457854996482,53.08,,113.1675,409.0675,0.062,112.8375,5.51,0,176.961197970204
03.02.2030 03:00,8.4,104.638872688216,53.08,,112.3125,440.8725,0.0,114.4075,5.51,0,177.971906822436
03.02.2030 04:00,8.4,107.426114761467,53.08,,109.1025,573.0525,0.0,126.27333333333333,4.38,0,176.059033626364
03.02.2030 05:00,8.4,124.922096970848,53.08,,144.48000000000002,633.34,12.084,74.97,4.38,0,174.877110349862
03.02.2030 06:00,8.61,136.505093661829,53.08,,178.4625,612.6925,0.227,85.41,4.38,0,160.594563532969
03.02.2030 07:00,8.77,132.622392161511,53.08,,257.255,656.6424999999999,0.0,,4.38,0,148.704390721984
03.02.2030 08:00,8.98,107.680113969695,53.08,,178.6375,928.23,53.728,88.07000000000001,1.49,0,99.5645115535059
03.02.2030 09:00,8.98,96.9780802767483,53.08,,146.615,992.99,2.481,93.85,1.49,0,81.7279773455354
03.02.2030 10:00,8.98,91.8211372894745,53.08,,136.7725,850.195,0.063,74.83,1.49,1,76.3192562482729
03.02.2030 11:00,8.98,93.3117319476969,53.08,,137.4925,927.6975,14.824,95.8525,1.49,1,76.4822700228797
03.02.2030 12:00,8.98,96.6471639459329,53.08,,130.0,863.4250000000001,18.53,79.2775,3.32,1,80.5782351020244
03.02.2030 13:00,8.98,101.395400821429,53.08,,135.5275,903.3725,10.195,89.24000000000001,3.32,1,87.4921324027184
03.02.2030 14:00,8.77,119.68,53.08,,144.5425,735.3924999999999,0.04,105.34,3.32,1,132.312435299472
03.02.2030 15:00,8.61,154.449694506788,53.08,,161.8025,654.2725,0.913,106.24,3.32,1,219.742410604372
03.02.2030 16:00,8.46,232.65202410978,53.08,,178.35,572.3050000000001,25.589,101.525,0.79,1,236.888375301577
03.02.2030 17:00,8.46,233.327619236019,53.08,,181.0225,471.5025,0.0,,0.79,1,235.079621114651
03.02.2030 18:00,8.46,230.973569438139,53.08,,201.61,747.6675,0.235,124.3575,0.79,1,257.878579109191
03.02.2030 19:00,8.46,230.110880801633,53.08,,164.3375,619.0175,0.0,107.97,0.79,1,264.321943020278
03.02.2030 20:00,8.46,154.665008285901,53.08,,145.9225,505.1275,0.437,111.0075,1.54,0,271.34241886772
03.02.2030 21:00,8.46,141.373417968846,53.08,,146.60750000000002,457.105,0.228,102.16,1.54,0,260.955818833087
03.02.2030 22:00,8.4,149.040557149213,53.08,,135.76999999999998,408.06,0.0,,1.54,0,202.589733401009
03.02.2030 23:00,8.4,128.989586722574,53.08,,133.97500000000002,419.6925,0.061,101.765,1.54,0,202.059898995943
04.02.2030 00:00,8.4,120.442476791446,53.08,,129.4,374.6825,3.1180000000000003,100.565,4.58,0,210.745644293693
04.02.2030 01:00,8.4,111.697419427167,53.08,,126.46,320.1675,2.177,99.7925,4.58,0,193.987537969688
04.02.2030 02:00,8.4,111.274092845821,53.08,,123.7525,303.77,0.0,111.25,4.58,0,196.943684831212
04.02.2030 03:00,8.4,111.133496956171,53.08,,126.59,256.515,0.0,127.3075,4.58,0,197.672545743066
04.02.2030 04:00,8.4,111.204736128433,53.08,,128.655,380.0575,0.022,133.155,3.73,0,198.224789811557
04.02.2030 05:00,8.4,111.150478509353,53.08,,157.2225,458.97,0.939,130.43,3.73,0,199.7435709274
04.02.2030 06:00,8.61,121.885612485985,53.08,,189.5075,434.615,0.0,152.19333333333336,3.73,0,208.163696132162
04.02.2030 07:00,8.77,121.133901559381,53.08,,216.9375,710.7975,0.0,,3.73,0,174.18974938696
04.02.2030 08:00,8.98,99.2007345952266,53.08,,174.70999999999998,866.135,0.0,,1.43,0,100.153067249772
04.02.2030 09:00,8.98,90.3803340823848,53.08,,154.45,1097.1825,0.0,,1.43,0,78.8251098553273
04.02.2030 10:00,8.98,86.2515743203628,53.08,,144.5375,870.2975,12.045,79.79,1.43,1,71.6555293597025
04.02.2030 11:00,8.98,84.5450513471451,53.08,,138.68,819.095,8.341000000000001,86.625,1.43,1,71.4475291917837
04.02.2030 12:00,8.98,88.6372594924775,53.08,,127.055,718.8475,0.942,101.15333333333332,3.9,1,77.4388244904713
04.02.2030 13:00,8.98,92.817880159112,53.08,,127.84,754.235,9.039,53.98666666666666,3.9,1,86.9985718825171
04.02.2030 14:00,8.77,111.719,53.08,,138.96,843.7775,0.089,118.65666666666668,3.9,1,128.573438502314
04.02.2030 15:00,8.61,132.877,53.08,,153.86,795.7750000000001,0.0249999999999999,120.615,3.9,1,176.403620256365
04.02.2030 16:00,8.46,149.810397133823,53.08,,167.17,595.595,0.64,113.29500000000002,0.7,1,217.113098833718
04.02.2030 17:00,8.46,156.151611436759,53.08,,180.62,612.2725,0.0,,0.7,1,247.416241379433
04.02.2030 18:00,8.46,149.963710465394,53.08,,198.0375,968.0275,0.0,,0.7,1,267.547579965667
04.02.2030 19:00,8.46,133.417422952492,53.08,,168.0125,890.3825,0.0,,0.7,1,214.308210366885
04.02.2030 20:00,8.46,124.696,53.08,,158.545,724.7475000000001,85.015,83.74,1.44,0,190.739933372261
04.02.2030 21:00,8.46,113.914,53.08,,145.2525,666.9275,75.021,85.5725,1.44,0,158.380954101599
04.02.2030 22:00,8.4,105.597,53.08,,132.10750000000002,573.9100000000001,28.397,85.055,1.44,0,151.713566131858
04.02.2030 23:00,8.4,101.867,53.08,,130.3025,479.9475,0.105,98.94,1.44,0,137.906824198709
05.02.2030 00:00,8.4,105.35,53.08,,126.665,377.1675,0.549,99.525,4.38,0,149.185011323994
05.02.2030 01:00,8.4,104.004,53.08,,124.415,353.3875,1.086,77.71666666666665,4.38,0,144.38821168085
05.02.2030 02:00,8.4,103.446,53.08,,120.435,345.775,0.275,101.36666666666667,4.38,0,139.907838805047
05.02.2030 03:00,8.4,103.879353235657,53.08,,125.9025,390.6975,1.3629999999999998,103.9475,4.38,0,139.132275059965
05.02.2030 04:00,8.4,103.901269183178,53.08,,140.0075,578.8225,1.17,98.54333333333334,3.69,0,133.547841938885
05.02.2030 05:00,8.4,103.840054657742,53.08,,155.005,650.9825000000001,14.525,92.89333333333332,3.69,0,133.830224227372
05.02.2030 06:00,8.61,103.844717775432,53.08,,174.925,660.71,0.004,124.31,3.69,0,130.449895247528
05.02.2030 07:00,8.77,103.524235358368,53.08,,206.8225,709.3425,0.0,,3.69,0,107.933672762015
05.02.2030 08:00,8.98,95.3002536489593,53.08,,195.865,1015.2175,0.243,112.075,2.0,0,70.6255457510942
05.02.2030 09:00,8.98,89.9067096420287,53.08,,165.85,973.1975,5.606,87.74,2.0,0,58.6300462835996
05.02.2030 10:00,8.98,101.07,53.08,,155.6,836.9425,4.186999999999999,85.74,2.0,1,55.3355478328782
05.02.2030 11:00,8.98,101.07,53.08,,144.9075,775.185,25.778,103.8825,2.0,1,55.3039255353287
05.02.2030 12:00,8.98,101.07,53.08,,137.6775,647.1475,0.0,146.685,6.57,1,58.7700648403894
05.02.2030 13:00,8.98,101.072,53.08,,136.2875,710.6475,0.0,124.51,6.57,1,64.7902268032264
05.02.2030 14:00,8.77,101.073,53.08,,141.685,811.6525,0.0,,6.57,1,77.2990908972312
05.02.2030 15:00,8.61,113.440538137211,53.08,,156.7225,826.905,0.0,,6.57,1,119.728089017698
05.02.2030 16:00,8.46,141.930871096714,53.08,,179.8825,770.9275,0.014,164.145,0.65,1,149.564704055025
05.02.2030 17:00,8.46,142.150828227218,53.08,,192.27,666.3475,0.0,,0.65,1,150.742435120176
05.02.2030 18:00,8.46,142.109987080871,53.08,,201.0425,800.5225,0.155,161.01333333333335,0.65,1,155.939626414968
05.02.2030 19:00,8.46,140.870573554332,53.08,,175.7675,551.485,0.0,,0.65,1,157.737581532651
05.02.2030 20:00,8.46,136.613643605561,53.08,,161.83249999999998,510.5975,0.035,116.39,1.24,0,159.985781545844
05.02.2030 21:00,8.46,126.290639932732,53.08,,166.1925,570.6975,0.115,158.36666666666667,1.24,0,162.547491232434
05.02.2030 22:00,8.4,125.226124839319,53.08,,136.715,472.73,0.017,163.97333333333333,1.24,0,173.527464059198
05.02.2030 23:00,8.4,125.239615783806,53.08,,122.8375,438.3,55.803,94.1475,1.24,0,175.883140953148
06.02.2030 00:00,8.4,150.763713954654,53.08,,121.06,345.9375,41.099,107.895,3.84,0,186.730176040039
06.02.2030 01:00,8.4,151.521580728571,53.08,,114.2675,298.7275,0.0,112.71,3.84,0,191.681498982808
06.02.2030 02:00,8.4,151.042049138293,53.08,,117.84,280.04,0.0,117.55,3.84,0,193.862261077774
06.02.2030 03:00,8.4,151.321420098161,53.08,,120.6025,297.02,0.0,104.50333333333332,3.84,0,192.324004677084
06.02.2030 04:00,8.4,151.18095093501,53.08,,127.6475,490.66,31.226,93.47,3.12,0,190.996422194356
06.02.2030 05:00,8.4,168.19546852699,53.08,,143.695,545.51,33.835,95.14,3.12,0,174.780776523798
06.02.2030 06:00,8.61,296.207617244385,53.08,,171.72,500.0225,4.509,113.475,3.12,0,153.487359190593
06.02.2030 07:00,8.77,294.559763709911,53.08,,198.0075,579.6275,0.127,112.26,3.12,0,133.195744580334
06.02.2030 08:00,8.98,153.001271395138,53.08,,167.29,695.98,0.0,120.825,1.21,0,104.119764106973
06.02.2030 09:00,8.98,108.726126547719,53.08,,157.93,630.005,0.0,112.665,1.21,0,83.1560529300395
06.02.2030 10:00,8.98,104.403738804383,53.08,,148.48749999999998,652.13,0.0,108.21,1.21,1,76.3160921383699
06.02.2030 11:00,8.98,104.622781428255,53.08,,149.8425,594.885,0.0,,1.21,1,74.6362488725492
06.02.2030 12:00,8.98,105.338475804279,53.08,,147.675,547.135,0.0,103.05,3.2,1,77.4825530092373
06.02.2030 13:00,8.98,111.634084414969,53.08,,151.125,515.335,0.0,111.78,3.2,1,84.2030179856422
06.02.2030 14:00,8.77,146.763237803954,53.08,,153.465,486.9175,0.0,,3.2,1,121.744145833512
06.02.2030 15:00,8.61,246.852805386141,53.08,,172.8025,615.7275,0.388,123.27,3.2,1,217.091729081939
06.02.2030 16:00,8.46,288.680393763711,53.08,,178.4225,638.1524999999999,78.544,80.59666666666666,0.6,1,245.596452229453
06.02.2030 17:00,8.46,289.57544298767,53.08,,158.57999999999998,782.035,0.253,102.915,0.6,1,242.327488821399
06.02.2030 18:00,8.46,288.914983540465,53.08,,158.4525,670.9025,1.488,107.6475,0.6,1,247.939995622988
06.02.2030 19:00,8.46,287.560033905534,53.08,,143.82,557.415,44.897,95.7075,0.6,1,261.917184621825
06.02.2030 20:00,8.46,218.509489152089,53.08,,134.81,517.4449999999999,147.107,72.48333333333333,1.14,0,245.37479908865
06.02.2030 21:00,8.46,215.103725325867,53.08,,143.2125,599.1225,127.462,68.7725,1.14,0,182.142039246361
06.02.2030 22:00,8.4,211.772129528385,53.08,,119.6525,572.335,283.55600000000004,46.8925,1.14,0,178.155418033011
06.02.2030 23:00,8.4,169.762325884381,53.08,,101.7,725.3375,90.766,76.6,1.14,0,187.332251389075
07.02.2030 00:00,8.4,134.962865441715,53.08,,90.615,655.28,206.545,65.105,3.6,0,202.571766878322
07.02.2030 01:00,8.4,130.424903561201,53.08,,88.9975,567.9925000000001,272.71,45.0975,3.6,0,200.117764979332
07.02.2030 02:00,8.4,130.386027631028,53.08,,87.6975,441.795,514.983,35.025,3.6,0,197.589329449713
07.02.2030 03:00,8.4,129.659943982685,53.08,,81.9575,457.56,166.984,53.7075,3.6,0,188.818365247339
07.02.2030 04:00,8.4,129.056,53.08,,82.455,603.105,120.434,56.4825,3.33,0,180.304015819431
07.02.2030 05:00,8.4,138.33678325605,53.08,,86.0,948.66,178.904,45.505,3.33,0,163.522449282808
07.02.2030 06:00,8.61,149.79365303864,53.08,,97.805,838.34,28.762,80.385,3.33,0,151.752774700723
07.02.2030 07:00,8.77,151.373353952393,53.08,,110.33,642.9075,38.025,55.870000000000005,3.33,0,131.183164397012
07.02.2030 08:00,8.98,132.049351744881,53.08,,98.59,879.95,40.563,56.9525,1.8,0,113.64373918673
07.02.2030 09:00,8.98,99.18254488927,53.08,,86.2975,818.185,221.653,48.965,1.8,0,85.5513011838895
07.02.2030 10:00,8.98,90.7617320377751,53.08,,84.6675,667.7975,119.215,45.91,1.8,1,77.2420783884624
07.02.2030 11:00,8.98,82.8035469677441,53.08,,79.4225,734.7775,256.494,47.655,1.8,1,71.3673548536588
07.02.2030 12:00,8.98,83.2272943490503,53.08,,76.32249999999999,703.6275,378.225,48.92,3.5,1,70.7282013697804
07.02.2030 13:00,8.98,92.336792053226,53.08,,79.3,808.135,21.272,55.645,3.5,1,79.1253240115928
07.02.2030 14:00,8.77,100.212803988649,53.08,,88.045,1020.9175,8.31,63.7225,3.5,1,89.9183700046715
07.02.2030 15:00,8.61,144.696751243452,53.08,,104.8625,722.6800000000001,104.907,45.665,3.5,1,109.856425758823
07.02.2030 16:00,8.46,147.803023149914,53.08,,109.0575,641.8425,262.983,39.7725,1.0,1,105.854121235635
07.02.2030 17:00,8.46,147.671907707562,53.08,,111.0875,593.7725,3.538,60.735,1.0,1,104.79849616781
07.02.2030 18:00,8.46,147.034079888807,53.08,,107.0875,724.9300000000001,26.0,78.1025,1.0,1,109.074294977256
07.02.2030 19:00,8.46,136.479041572148,53.08,,94.265,670.355,274.507,43.9675,1.0,1,112.953380479031
07.02.2030 20:00,8.46,117.086502897775,53.08,,92.52,509.8175,349.91,28.985,1.4,0,111.153876110409
07.02.2030 21:00,8.46,105.340329252554,53.08,,89.05250000000001,432.81,59.151,47.1775,1.4,0,102.353147942146
07.02.2030 22:00,8.4,100.656623813741,53.08,,88.425,389.7875,29.786,44.5275,1.4,0,102.901206610741
07.02.2030 23:00,8.4,98.7797230773155,53.08,,86.9975,388.57,46.228,32.9275,1.4,0,103.820461796779
08.02.2030 00:00,8.1,90.9880236302212,53.08,,84.875,329.87,18.24,51.8625,4.56,0,105.734332665648
08.02.2030 01:00,8.1,90.5887642948276,53.08,,84.9325,247.585,22.087,47.3725,4.56,0,105.875343536901
08.02.2030 02:00,8.1,89.7068793847444,53.08,,88.9125,216.3325,76.827,40.2775,4.56,0,105.882257202804
08.02.2030 03:00,8.1,94.4840521337818,53.08,,85.655,235.2475,14.836,53.81,4.56,0,106.400324783923
08.02.2030 04:00,8.1,95.2341196372785,53.08,,82.8375,334.9975,47.664,46.85,4.86,0,108.319969534419
08.02.2030 05:00,8.1,104.066156997269,53.08,,91.6075,421.155,107.391,48.8475,4.86,0,112.081844620889
08.02.2030 06:00,8.23,118.868,53.08,,89.94500000000001,457.525,43.348,41.24,4.86,0,124.607871697762
08.02.2030 07:00,8.33,118.869,53.08,,101.23,572.1725,115.348,41.3,4.86,0,116.365768249734
08.02.2030 08:00,8.47,104.706325978162,53.08,,89.445,746.3675,115.686,36.3425,3.33,0,91.2162481252235
08.02.2030 09:00,8.47,98.538777889035,53.08,,74.93,799.1800000000001,249.463,36.03,3.33,0,79.0870459534589
08.02.2030 10:00,8.47,88.2797890935912,53.08,,63.7475,738.985,153.07,35.51,3.33,0,71.1760129211368
08.02.2030 11:00,8.47,85.473337960427,53.08,,53.51,738.4275,209.365,16.6475,3.33,0,68.2832562236511
08.02.2030 12:00,8.47,88.9034792535629,53.08,,48.785,802.49,21.124,48.3875,3.93,0,69.7024654571928
08.02.2030 13:00,8.47,93.9092444844903,53.08,,68.35249999999999,885.98,146.191,16.5225,3.93,0,76.9340433822575
08.02.2030 14:00,8.33,112.092,53.08,,92.7025,889.305,27.024,83.2075,3.93,0,98.4377101441865
08.02.2030 15:00,8.23,164.533645664,53.08,,113.6125,696.9024999999999,41.256,34.6625,3.93,0,164.598815038936
08.02.2030 16:00,8.14,266.018628356361,53.08,,138.48,604.9025,118.642,14.215,0.9,0,223.636986285245
08.02.2030 17:00,8.14,284.527829894266,53.08,,124.3125,529.1525,71.22200000000001,40.935,0.9,0,213.455456205046
08.02.2030 18:00,8.14,278.728051785098,53.08,,125.2775,606.6375,163.684,14.8425,0.9,0,226.567228768148
08.02.2030 19:00,8.14,271.249955184261,53.08,,123.45,795.1225,1.418,58.68,0.9,0,244.571313909569
08.02.2030 20:00,8.14,189.230948390088,53.08,,117.32,622.54,6.227,74.195,1.12,0,250.161829891668
08.02.2030 21:00,8.14,162.753515208278,53.08,,129.3525,493.0725,5.713,98.535,1.12,0,261.673964895252
08.02.2030 22:00,8.1,158.394334156716,53.08,,116.5425,363.37,15.485,67.61,1.12,0,200.524114216011
08.02.2030 23:00,8.1,129.239765016585,53.08,,121.83,360.545,9.391,57.285,1.12,0,192.45850148271
09.02.2030 00:00,8.08,121.834975839625,53.08,,119.9125,302.2075,0.021,67.43,3.41,0,196.751066845879
09.02.2030 01:00,8.08,119.185422780759,53.08,,118.105,254.09,40.269,58.0875,3.41,0,185.054697641997
09.02.2030 02:00,8.08,114.772752480507,53.08,,108.955,281.6475,33.814,66.905,3.41,0,164.662570255835
09.02.2030 03:00,8.08,114.714,53.08,,105.4425,230.1275,5.752,94.17,3.41,0,158.737460432785
09.02.2030 04:00,8.08,114.714,53.08,,97.1725,273.36,1.297,83.80333333333333,3.08,0,150.408971970779
09.02.2030 05:00,8.08,119.019037116878,53.08,,101.835,406.64,11.037,67.82333333333334,3.08,0,150.557267413936
09.02.2030 06:00,8.22,130.90343430218,53.08,,105.375,384.645,0.006,104.915,3.08,0,138.37237223348
09.02.2030 07:00,8.31,125.631767573055,53.08,,104.7325,514.38,14.373,90.47,3.08,0,120.449467576499
09.02.2030 08:00,8.44,102.491194511206,53.08,,95.1575,603.6675,0.018,96.44666666666669,2.0,0,88.730129622632
09.02.2030 09:00,8.44,94.324347626904,53.08,,87.0925,724.105,1.398,80.4775,2.0,0,80.7960562911079
09.02.2030 10:00,8.44,93.8900704080951,53.08,,81.7325,593.6975,31.171,60.345,2.0,0,78.9476335243346
09.02.2030 11:00,8.44,92.6419714891912,53.08,,80.0775,639.365,25.982,64.39750000000001,2.0,0,79.4608138836937
09.02.2030 12:00,8.44,95.8932420668976,53.08,,73.1,643.4525,42.914,51.465,3.24,0,80.0925033052325
09.02.2030 13:00,8.44,97.7446494218048,53.08,,73.07,808.585,4.529,66.36,3.24,0,81.3331802012125
09.02.2030 14:00,8.31,104.122463869841,53.08,,94.83,770.73,0.149,103.8,3.24,0,85.7484081535836
09.02.2030 15:00,8.22,156.884078784159,53.08,,126.865,722.1025,0.165,103.81,3.24,0,102.118550412164
09.02.2030 16:00,8.12,203.134197996057,53.08,,134.445,474.5925,116.14,22.7575,0.77,0,106.9000012504
09.02.2030 17:00,8.12,207.406924276642,53.08,,135.335,490.8225,9.42,57.16,0.77,0,101.752316726948
09.02.2030 18:00,8.12,207.990220923499,53.08,,129.88,406.8125,30.884,62.45,0.77,0,108.546767678064
09.02.2030 19:00,8.12,206.236541889246,53.08,,127.7425,480.61,4.548,100.04,0.77,0,117.495459382202
09.02.2030 20:00,8.12,134.393435344372,53.08,,130.77,393.4,12.593,109.7,0.99,0,126.574481653696
09.02.2030 21:00,8.12,125.200175164104,53.08,,133.98,382.7775,0.737,99.30666666666669,0.99,0,132.989562153923
09.02.2030 22:00,8.08,97.183,53.08,,131.5075,413.3625,71.494,60.415,0.99,0,129.295923361425
09.02.2030 23:00,8.08,99.073,53.08,,119.2825,389.0175,126.897,44.4175,0.99,0,137.355818533293
10.02.2030 00:00,8.4,111.558,53.08,,109.3325,370.7275,20.881,50.24,2.91,0,142.109489739891
10.02.2030 01:00,8.4,91.05,53.08,,104.75,284.14,18.389,54.0725,2.91,0,146.141192006309
10.02.2030 02:00,8.4,114.097458142581,53.08,,104.595,275.5525,27.19,52.9,2.91,0,149.311139330536
10.02.2030 03:00,8.4,93.742,53.08,,104.03,287.185,3.237,56.366666666666674,2.91,0,149.484829617881
10.02.2030 04:00,8.4,100.733,53.08,,115.935,548.9749999999999,2.201,86.39999999999999,2.7,0,149.817092833328
10.02.2030 05:00,8.4,129.027322808134,53.08,,122.1675,653.6275,19.089,79.79,2.7,0,170.477862151154
10.02.2030 06:00,8.61,144.610156433178,53.08,,132.2125,509.625,4.265000000000001,58.303333333333335,2.7,0,149.3171809309
10.02.2030 07:00,8.77,139.061005770483,53.08,,149.6375,524.08,34.887,70.94666666666667,2.7,0,139.740365470121
10.02.2030 08:00,8.98,108.862744660597,53.08,,128.67000000000002,639.2975,142.9,45.91,1.5,0,99.8299139494516
10.02.2030 09:00,8.98,95.3516622682974,53.08,,112.755,719.5675,64.90899999999999,58.985,1.5,0,83.9276199982551
10.02.2030 10:00,8.98,89.3937070808833,53.08,,111.3675,744.625,11.244,82.03,1.5,1,77.8427994829564
10.02.2030 11:00,8.98,87.3154157829774,53.08,,98.0875,614.585,30.23,58.525,1.5,1,75.3775893670283
10.02.2030 12:00,8.98,89.1660447185745,53.08,,88.24249999999999,714.0275,279.086,20.355,2.81,1,76.9313751604332
10.02.2030 13:00,8.98,91.5803466100821,53.08,,93.48,679.09,217.188,35.13,2.81,1,82.1403856289291
10.02.2030 14:00,8.77,107.247,53.08,,97.0075,713.06,0.008,48.34,2.81,1,97.0640760128831
10.02.2030 15:00,8.61,239.452440277683,53.08,,114.9425,727.6225,56.471,65.01,2.81,1,134.339314808441
10.02.2030 16:00,8.46,278.74914340075,53.08,,130.1225,556.8275,55.272000000000006,57.1075,0.93,1,152.646675853232
10.02.2030 17:00,8.46,279.724705702928,53.08,,129.07,612.855,24.682,83.1125,0.93,1,152.910635937397
10.02.2030 18:00,8.46,279.479151105642,53.08,,126.5825,609.5699999999999,92.413,59.635000000000005,0.93,1,153.662482223043
10.02.2030 19:00,8.46,275.126501540894,53.08,,119.98,726.6025,50.477,44.29,0.93,1,165.345979669388
10.02.2030 20:00,8.46,227.332352829019,53.08,,113.145,673.83,92.216,36.585,5.14,0,166.773104029456
10.02.2030 21:00,8.46,162.388337460341,53.08,,102.8125,621.2975,57.771,43.895,5.14,0,167.936586798071
10.02.2030 22:00,8.4,138.935864697105,53.08,,99.35,470.9425,163.309,23.2025,5.14,0,172.763969914265
10.02.2030 23:00,8.4,114.81,53.08,,93.9825,557.7525,4.152,58.28,5.14,0,163.225833041619
11.02.2030 00:00,8.4,113.027,53.08,,106.3875,596.88,0.0,,21.61,0,160.418043367479
11.02.2030 01:00,8.4,110.52,53.08,,103.7575,483.41,0.708,47.02666666666667,21.61,0,162.9292772288
11.02.2030 02:00,8.4,107.927,53.08,,114.4975,419.0225,1.6829999999999998,39.74333333333333,21.61,0,164.219260995859
11.02.2030 03:00,8.4,107.927,53.08,,113.775,511.3875000000001,17.406,31.163333333333338,21.61,0,164.043981895266
11.02.2030 04:00,8.4,107.927,53.08,,123.955,735.4675,4.702,57.68000000000001,9.63,0,163.896050832395
11.02.2030 05:00,8.4,107.927,53.08,,162.1325,877.155,139.031,-3.9675,9.63,0,170.706946258426
11.02.2030 06:00,8.61,111.683,53.08,,174.9875,940.4725,16.114,57.98333333333333,9.63,0,166.821676850729
11.02.2030 07:00,8.77,108.374,53.08,,177.95499999999998,809.4325,2.172,68.32,9.63,0,142.224584972115
11.02.2030 08:00,8.98,96.5728391526543,53.08,,181.94,975.95,104.473,67.1925,2.85,0,98.1892491997954
11.02.2030 09:00,8.98,91.2869413778166,53.08,,160.82,1189.5925,7.991999999999999,51.42,2.85,0,82.2347493314179
11.02.2030 10:00,8.98,88.6624944364396,53.08,,161.7,980.6425,95.483,53.78666666666667,2.85,1,74.0864005665291
11.02.2030 11:00,8.98,82.3847775187304,53.08,,153.95,769.005,4.49,52.3175,2.85,1,70.4820074562977
11.02.2030 12:00,8.98,82.5756763466706,53.08,,154.0025,692.915,19.779,38.24666666666667,3.0,1,69.5430648406498
11.02.2030 13:00,8.98,83.4271159766575,53.08,,161.6,742.1475,0.0,168.59,3.0,1,72.7135455019311
11.02.2030 14:00,8.77,101.83,53.08,,175.335,768.51,0.01,112.395,3.0,1,87.274145291907
11.02.2030 15:00,8.61,142.83259723848,53.08,,175.94,885.8175,13.96,16.8275,3.0,1,135.144846669564
11.02.2030 16:00,8.46,261.826091324601,53.08,,164.85750000000002,907.91,0.083,155.08666666666667,0.72,1,158.302648569546
11.02.2030 17:00,8.46,286.887673470169,53.08,,173.865,608.185,1.503,162.36,0.72,1,154.932184330223
11.02.2030 18:00,8.46,276.391674454127,53.08,,170.60500000000002,512.14,15.961,74.98666666666666,0.72,1,167.882302439867
11.02.2030 19:00,8.46,235.144272297269,53.08,,157.8525,314.3175,0.442,145.01999999999998,0.72,1,181.14799051193
11.02.2030 20:00,8.46,162.302488587496,53.08,,158.01,135.97,0.0,120.8,2.17,0,185.795553166063
11.02.2030 21:00,8.46,158.675313343951,53.08,,136.4325,75.33250000000001,80.52099999999999,137.04500000000002,2.17,0,194.471734162972
11.02.2030 22:00,8.4,131.083275651818,53.08,,150.305,355.565,240.065,70.1975,2.17,0,200.725576412859
11.02.2030 23:00,8.4,111.683,53.08,,118.225,457.46,419.785,64.4425,2.17,0,174.546928568539
12.02.2030 00:00,8.4,119.334,53.08,,107.67,515.615,127.749,60.42,9.0,0,183.84213663014
12.02.2030 01:00,8.4,111.683,53.08,,100.0525,361.2575,18.593,59.7425,9.0,0,175.265621742078
12.02.2030 02:00,8.4,109.076,53.08,,100.7875,456.085,199.358,59.8625,9.0,0,168.044820835751
12.02.2030 03:00,8.4,107.14,53.08,,94.9925,566.12,6.551,58.895,9.0,0,161.42669920956
12.02.2030 04:00,8.4,106.509,53.08,,109.255,529.365,52.731,63.8075,5.16,0,155.516049890045
12.02.2030 05:00,8.4,107.206822612008,53.08,,128.185,465.81,68.465,57.64,5.16,0,153.890234222355
12.02.2030 06:00,8.61,107.571807484952,53.08,,142.8325,452.675,28.106,56.125,5.16,0,154.036417413155
12.02.2030 07:00,8.77,104.958333091475,53.08,,173.4925,458.645,0.3359999999999999,100.94333333333334,5.16,0,123.612512840389
12.02.2030 08:00,8.98,103.345,53.08,,164.38,661.8975,23.928,55.6675,2.0,0,88.3290464741945
12.02.2030 09:00,8.98,103.345,53.08,,149.4075,636.59,109.579,70.72,2.0,0,76.4735977165466
12.02.2030 10:00,8.98,102.935,53.08,,137.7225,581.1275,148.34799999999998,57.6825,2.0,1,71.5201885728098
12.02.2030 11:00,8.98,89.8368897569551,53.08,,134.59,500.465,0.484,71.89500000000001,2.0,1,70.6728364095604
12.02.2030 12:00,8.98,90.5773812162277,53.08,,136.48250000000002,621.7375,0.005,106.92,2.34,1,73.4595180784375
12.02.2030 13:00,8.98,93.5605365685831,53.08,,148.4325,631.1025,4.052,66.005,2.34,1,81.4929496008732
12.02.2030 14:00,8.77,98.1500555335059,53.08,,180.455,702.435,4.464,113.73,2.34,1,92.5180309317344
12.02.2030 15:00,8.61,108.88992660026,53.08,,182.8525,801.505,0.856,146.865,2.34,1,115.677195565016
12.02.2030 16:00,8.46,124.297014069011,53.08,,202.6275,696.0675,0.671,146.23,0.64,1,129.79335227439
12.02.2030 17:00,8.46,125.579349662973,53.08,,214.81,614.005,0.021,186.36,0.64,1,126.964640977341
12.02.2030 18:00,8.46,125.148438655151,53.08,,218.7125,732.2625,0.017,162.6,0.64,1,132.802864719531
12.02.2030 19:00,8.46,124.915591344585,53.08,,188.44,727.7975,0.352,150.275,0.64,1,137.389348838182
12.02.2030 20:00,8.46,123.161082020923,53.08,,164.7475,487.8275,0.323,161.24,1.55,0,138.194187485384
12.02.2030 21:00,8.46,119.707262299338,53.08,,164.12,420.23,18.592,103.755,1.55,0,145.709531748125
12.02.2030 22:00,8.4,112.236783839796,53.08,,143.16500000000002,628.9875,1.004,145.6,1.55,0,143.765908572569
12.02.2030 23:00,8.4,107.442964383564,53.08,,137.7475,424.4325,0.411,121.97333333333331,1.55,0,142.616439638432
13.02.2030 00:00,8.4,104.06246390243,53.08,,141.42,368.15,0.235,114.685,6.0,0,151.678901501186
13.02.2030 01:00,8.4,115.648,53.08,,145.5775,310.76,0.004,121.58,6.0,0,153.461382168211
13.02.2030 02:00,8.4,115.649,53.08,,156.2175,397.825,0.655,126.06333333333332,6.0,0,161.828192756473
13.02.2030 03:00,8.4,115.65,53.08,,153.81,396.43,0.588,119.335,6.0,0,164.319375087435
13.02.2030 04:00,8.4,117.848,53.08,,150.255,577.915,3.537,102.34,3.7,0,175.71222406967
13.02.2030 05:00,8.4,152.370988448761,53.08,,172.9125,579.285,4.296,82.255,3.7,0,176.381693906543
13.02.2030 06:00,8.61,204.122003679759,53.08,,203.3225,625.8050000000001,0.091,170.70666666666668,3.7,0,187.997150602577
13.02.2030 07:00,8.77,204.772621040339,53.08,,216.755,515.4925000000001,0.113,149.52,3.7,0,165.645323086709
13.02.2030 08:00,8.98,159.621705007287,53.08,,226.16,532.165,0.065,156.105,1.66,0,150.564005866347
13.02.2030 09:00,8.98,128.877,53.08,,209.2775,591.39,0.004,,1.66,0,148.936300799996
13.02.2030 10:00,8.98,127.447,53.08,,208.6025,748.9549999999999,0.089,191.5,1.66,1,141.952378938635
13.02.2030 11:00,8.98,127.448,53.08,,198.0275,616.6424999999999,0.0,,1.66,1,139.545086729933
13.02.2030 12:00,8.98,118.589208396922,53.08,,204.455,832.9025,0.157,122.745,2.1,1,138.878608871464
13.02.2030 13:00,8.98,129.822685553741,53.08,,211.87,666.3924999999999,0.02,83.54,2.1,1,139.662314548453
13.02.2030 14:00,8.77,155.296439873514,53.08,,220.8575,635.12,0.001,,2.1,1,152.711568710018
13.02.2030 15:00,8.61,192.44867425958,53.08,,231.8725,628.2775,0.026,171.215,2.1,1,159.944514213392
13.02.2030 16:00,8.46,194.09633662637,53.08,,237.0575,830.085,71.709,133.005,0.57,1,161.843719308276
13.02.2030 17:00,8.46,193.918291176656,53.08,,218.8775,658.3425,0.156,94.43,0.57,1,159.00295693467
13.02.2030 18:00,8.46,191.374097089633,53.08,,202.285,710.0550000000001,0.0,,0.57,1,160.08051879442
13.02.2030 19:00,8.46,186.025395148124,53.08,,185.285,650.5275,0.0,,0.57,1,167.262183569447
13.02.2030 20:00,8.46,162.546247556454,53.08,,166.9175,540.3475,1.572,124.72333333333331,1.29,0,169.111607887795
13.02.2030 21:00,8.46,132.471203395474,53.08,,152.87,492.4525,0.119,122.36666666666667,1.29,0,158.650208459684
13.02.2030 22:00,8.4,126.163495926357,53.08,,131.6075,460.5175,0.238,130.4275,1.29,0,143.916217841404
13.02.2030 23:00,8.4,108.972,53.08,,129.225,386.32,0.8270000000000001,111.47666666666667,1.29,0,122.866631024572
14.02.2030 00:00,8.4,113.53,53.08,,128.2,309.795,0.0,,5.09,0,128.680993643122
14.02.2030 01:00,8.4,111.923,53.08,,126.0675,280.405,0.117,107.055,5.09,0,124.827397173451
14.02.2030 02:00,8.4,116.240380662516,53.08,,123.495,213.3825,0.112,125.925,5.09,0,121.827185855568
14.02.2030 03:00,8.4,115.322333523344,53.08,,125.2625,267.02250000000004,1.111,100.31666666666666,5.09,0,122.425786945274
14.02.2030 04:00,8.4,117.888229105824,53.08,,137.14,399.155,5.452,121.72,2.99,0,120.658751493648
14.02.2030 05:00,8.4,134.565768576196,53.08,,147.3875,586.485,33.908,116.18333333333334,2.99,0,111.15756431353
14.02.2030 06:00,8.61,148.847109941754,53.08,,190.5425,528.6525,1.735,108.105,2.99,0,108.050566154053
14.02.2030 07:00,8.77,138.870049730862,53.08,,199.07,549.6275,0.0,,2.99,0,98.5145390168808
14.02.2030 08:00,8.98,102.361,53.08,,189.8125,717.865,0.379,146.65666666666667,1.42,0,80.2383352172361
14.02.2030 09:00,8.98,90.444,53.08,,176.75,721.8050000000001,0.002,122.56,1.42,0,64.8505194034309
14.02.2030 10:00,8.98,82.931,53.08,,172.7375,722.7175,0.0,,1.42,1,52.8780148823953
14.02.2030 11:00,8.98,81.287,53.08,,172.4725,627.4975,0.0,,1.42,1,52.7838000718057
14.02.2030 12:00,8.98,81.287,53.08,,168.3,641.0350000000001,0.0,110.33,1.69,1,52.2679523083869
14.02.2030 13:00,8.98,81.287,53.08,,175.8925,574.335,0.002,,1.69,1,51.5911777902576
14.02.2030 14:00,8.77,82.93,53.08,,184.4625,655.7574999999999,0.0,,1.69,1,52.3911793683951
14.02.2030 15:00,8.61,82.931,53.08,,201.1375,791.365,1.314,131.935,1.69,1,51.4438868853078
14.02.2030 16:00,8.46,82.931,53.08,,241.3825,606.5475,3.842,102.83,0.55,1,50.3660023149229
14.02.2030 17:00,8.46,82.93,53.08,,209.3625,593.6424999999999,4.449000000000001,114.2525,0.55,1,48.4747310667963
14.02.2030 18:00,8.46,79.357,53.08,,182.29,702.63,4.688000000000001,115.315,0.55,1,46.8958301523315
14.02.2030 19:00,8.46,71.987,53.08,,175.495,645.59,1.861,111.66333333333334,0.55,1,44.383601840922
14.02.2030 20:00,8.46,43.855,53.08,,154.015,440.965,3.437,120.72,1.05,0,41.97812618375
14.02.2030 21:00,8.46,39.502,53.08,,143.04500000000002,482.13,0.458,103.92,1.05,0,32.6803938923236
14.02.2030 22:00,8.4,30.856,53.08,,128.8975,388.8625,0.087,97.07,1.05,0,18.5592959658304
14.02.2030 23:00,8.4,27.319,53.08,,134.885,345.3,0.256,104.515,1.05,0,6.83329176559371
15.02.2030 00:00,8.1,42.66,53.08,,132.75,256.67,0.2339999999999999,113.07333333333334,3.63,0,16.7950794651318
15.02.2030 01:00,8.1,42.659,53.08,,124.005,234.5875,0.358,105.1025,3.63,0,16.6116963633625
15.02.2030 02:00,8.1,42.659,53.08,,120.93,245.0075,0.061,117.78000000000002,3.63,0,16.4960400924287
15.02.2030 03:00,8.1,42.659,53.08,,119.8925,235.105,0.06,125.91,3.63,0,16.4723332909106
15.02.2030 04:00,8.1,42.66,53.08,,122.58,246.7775,0.035,110.63,2.63,0,16.7332865536355
15.02.2030 05:00,8.1,45.266,53.08,,136.895,353.0075,0.37,113.095,2.63,0,17.8860554599521
15.02.2030 06:00,8.23,48.28,53.08,,149.17000000000002,355.65,0.1109999999999999,111.28,2.63,0,17.6462885743782
15.02.2030 07:00,8.33,47.6,53.08,,159.43,419.4175,0.0,,2.63,0,17.3334811735313
15.02.2030 08:00,8.47,37.122,53.08,,167.34,694.0525,0.0,,1.95,0,14.07454780909
15.02.2030 09:00,8.47,35.177,53.08,,156.32,907.035,0.308,120.41333333333334,1.95,0,12.4718082904818
15.02.2030 10:00,8.47,35.177,53.08,,146.82999999999998,852.9749999999999,0.166,117.56,1.95,0,11.9864890996398
15.02.2030 11:00,8.47,35.177,53.08,,130.1075,784.4925000000001,0.0,113.43,1.95,0,11.7745559565721
15.02.2030 12:00,8.47,35.177,53.08,,133.1425,687.655,0.099,124.82,5.2,0,12.3091064176806
15.02.2030 13:00,8.47,35.177,53.08,,133.8425,726.885,0.293,112.17,5.2,0,12.6896854475019
15.02.2030 14:00,8.33,38.933,53.08,,145.5575,610.905,0.028,144.885,5.2,0,20.8520343320782
15.02.2030 15:00,8.23,48.28,53.08,,157.85750000000002,677.005,0.0,117.16,5.2,0,26.0697991623382
15.02.2030 16:00,8.14,59.237,53.08,,170.07999999999998,537.26,0.092,112.44666666666666,0.97,0,32.1944669905951
15.02.2030 17:00,8.14,59.398,53.08,,178.635,351.03000000000003,0.022,123.75,0.97,0,32.7526904837917
15.02.2030 18:00,8.14,59.398,53.08,,178.5475,505.7175,0.099,86.555,0.97,0,34.0015207325591
15.02.2030 19:00,8.14,58.309,53.08,,160.18,451.04,8.983,103.2775,0.97,0,35.49979740858
15.02.2030 20:00,8.14,56.579,53.08,,147.775,417.9075,0.28,109.365,1.0,0,36.3456447205361
15.02.2030 21:00,8.14,55.15,53.08,,138.795,444.7,0.242,101.2,1.0,0,37.0533851657858
15.02.2030 22:00,8.1,53.823,53.08,,136.2175,438.585,0.8400000000000001,98.0475,1.0,0,39.5828098858214
15.02.2030 23:00,8.1,53.821,53.08,,127.5075,440.9875,14.02,87.03999999999999,1.0,0,43.0177070352498
16.02.2030 00:00,8.08,58.851,53.08,,123.615,341.77,0.14,111.35,3.4,0,48.7668881626094
16.02.2030 01:00,8.08,58.852,53.08,,121.7075,318.3625,0.0,,3.4,0,52.3484682481198
16.02.2030 02:00,8.08,58.852,53.08,,115.75,348.295,0.5249999999999999,85.3375,3.4,0,55.6040826920509
16.02.2030 03:00,8.08,59.43,53.08,,117.26,353.5775,0.386,110.8575,3.4,0,55.9128467751459
16.02.2030 04:00,8.08,61.186,53.08,,114.525,350.76250000000005,20.656,75.5675,2.98,0,63.7730267176648
16.02.2030 05:00,8.08,77.614,53.08,,106.3775,566.635,23.703,93.2925,2.98,0,64.0234489609767
16.02.2030 06:00,8.22,80.341,53.08,,112.295,448.4075,15.969,85.36,2.98,0,58.4145847794892
16.02.2030 07:00,8.31,77.955,53.08,,119.245,422.3525,71.637,73.3,2.98,0,50.6728722364775
16.02.2030 08:00,8.44,69.272,53.08,,121.3475,468.675,273.16700000000003,61.3025,3.19,0,43.4758084090139
16.02.2030 09:00,8.44,55.052,53.08,,116.21,605.4525,380.839,29.4375,3.19,0,38.9432001896807
16.02.2030 10:00,8.44,55.053,53.08,,92.92,782.735,327.59,46.78,3.19,0,35.9193314072314
16.02.2030 11:00,8.44,55.053,53.08,,95.2625,705.6475,108.029,49.4,3.19,0,36.3780975549328
16.02.2030 12:00,8.44,55.054,53.08,,81.8675,625.965,22.236,37.785,16.0,0,37.1970046256375
16.02.2030 13:00,8.44,55.318,53.08,,82.4375,975.735,1.141,56.99,16.0,0,38.9219866939468
16.02.2030 14:00,8.31,58.852,53.08,,96.0525,899.7650000000001,5.217,56.31,16.0,0,43.6629722856012
16.02.2030 15:00,8.22,73.012,53.08,,112.28,822.6525,0.05,103.11,16.0,0,47.5121847869928
16.02.2030 16:00,8.12,76.058,53.08,,143.925,609.2875,0.081,85.695,0.9,0,47.1778419524345
16.02.2030 17:00,8.12,76.059,53.08,,167.5125,534.24,0.004,149.73,0.9,0,43.9008526838819
16.02.2030 18:00,8.12,76.06,53.08,,161.2675,468.7375,3.398,93.68,0.9,0,45.0384760618045
16.02.2030 19:00,8.12,74.003,53.08,,151.41750000000002,477.11,1.447,102.375,0.9,0,44.0454337632697
16.02.2030 20:00,8.12,58.852,53.08,,128.875,386.5725,0.051,117.5,0.95,0,37.9827413036005
16.02.2030 21:00,8.12,58.852,53.08,,130.365,431.0325,0.0,,0.95,0,30.2806742584913
16.02.2030 22:00,8.08,54.447,53.08,,120.9825,473.1175,0.019,113.56333333333332,0.95,0,29.4112205388032
16.02.2030 23:00,8.08,54.446,53.08,,117.45,306.3775,0.86,96.105,0.95,0,29.400216850476
17.02.2030 00:00,8.4,41.841,53.08,,114.1375,359.5425,0.0,96.91,2.89,0,20.9240625844376
17.02.2030 01:00,8.4,41.842,53.08,,114.735,263.245,0.002,101.28666666666668,2.89,0,21.2087696698347
17.02.2030 02:00,8.4,41.842,53.08,,114.435,269.685,0.004,111.4625,2.89,0,20.4852474942672
17.02.2030 03:00,8.4,41.843,53.08,,114.625,342.0675,0.0,122.75,2.89,0,20.0206648364725
17.02.2030 04:00,8.4,41.843,53.08,,125.66,429.045,0.023,145.6075,2.38,0,21.0448355787549
17.02.2030 05:00,8.4,44.101,53.08,,154.4025,581.9475,0.054,117.935,2.38,0,21.951120016112
17.02.2030 06:00,8.61,47.356,53.08,,216.0725,685.955,0.0,,2.38,0,22.2951984153242
17.02.2030 07:00,8.77,47.356,53.08,,223.27,870.65,13.076,120.90666666666668,2.38,0,22.3405704642434
17.02.2030 08:00,8.98,47.356,53.08,,160.2575,1198.1475,32.026,81.305,1.99,0,20.8129771479668
17.02.2030 09:00,8.98,43.863,53.08,,126.5325,1163.005,153.56799999999998,41.0375,1.99,0,20.2564133971562
17.02.2030 10:00,8.98,41.845,53.08,,107.075,949.305,168.058,12.97,1.99,1,19.1941406184762
17.02.2030 11:00,8.98,41.846,53.08,,92.5725,710.3425,237.248,35.065,1.99,1,18.490641200943
17.02.2030 12:00,8.98,41.846,53.08,,87.5625,796.54,342.244,19.24,10.02,1,19.0190538699841
17.02.2030 13:00,8.98,42.67,53.08,,96.305,839.0775,275.427,5.715000000000001,10.02,1,20.240948138648
17.02.2030 14:00,8.77,45.479,53.08,,113.0025,1093.3425,70.733,57.7575,10.02,1,25.6278666822691
17.02.2030 15:00,8.61,59.955,53.08,,150.6375,1005.2375,8.608,112.43,10.02,1,51.3474739993837
17.02.2030 16:00,8.46,91.78,53.08,,201.54,878.435,25.635,94.66,0.76,1,56.1530156623457
17.02.2030 17:00,8.46,91.782,53.08,,221.7275,591.6375,0.0,142.05,0.76,1,53.5277712985837
17.02.2030 18:00,8.46,91.782,53.08,,200.66,501.7725,0.0,,0.76,1,55.9869223673927
17.02.2030 19:00,8.46,91.783,53.08,,170.6875,465.8175,0.0,111.7,0.76,1,61.8397054431789
17.02.2030 20:00,8.46,78.592,53.08,,151.7575,438.6175,1.434,104.6,0.92,0,60.8289601020467
17.02.2030 21:00,8.46,61.38,53.08,,139.17000000000002,419.665,5.488,91.8925,0.92,0,60.254089130443
17.02.2030 22:00,8.4,50.923,53.08,,127.385,345.64,2.135,97.7575,0.92,0,49.1611140075362
17.02.2030 23:00,8.4,43.002,53.08,,121.27,273.285,25.768,78.7475,0.92,0,31.2066067077419
18.02.2030 00:00,8.4,72.068,53.08,,113.49,269.5025,0.125,104.08,2.47,0,32.8475745956835
18.02.2030 01:00,8.4,44.199,53.08,,117.27,244.7575,0.178,99.30666666666669,2.47,0,25.7761740922444
18.02.2030 02:00,8.4,43.581,53.08,,113.6475,267.425,0.004,103.655,2.47,0,10.0661893333655
18.02.2030 03:00,8.4,20.958,53.08,,113.7075,270.56,14.04,92.3025,2.47,0,6.36443131327207
18.02.2030 04:00,8.4,20.883,53.08,,114.98,387.1425,47.895,74.6925,2.15,0,6.27904919284694
18.02.2030 05:00,8.4,20.837,53.08,,129.89499999999998,622.3225,75.279,68.81666666666668,2.15,0,6.12086091457837
18.02.2030 06:00,8.61,20.878,53.08,,190.4325,485.4725,0.8,118.89,2.15,0,5.67563272987155
18.02.2030 07:00,8.77,20.878,53.08,,202.66,833.8425,60.116,85.83,2.15,0,5.00732290014637
18.02.2030 08:00,8.98,20.0,53.08,,136.985,1108.8425,29.256,78.7125,1.9,0,4.97458194637041
18.02.2030 09:00,8.98,19.563,53.08,,114.3025,962.21,158.928,49.156666666666666,1.9,0,4.60005926589065
18.02.2030 10:00,8.98,18.859,53.08,,97.115,900.4075,255.593,29.685,1.9,1,4.454789040355
18.02.2030 11:00,8.98,18.859,53.08,,77.48,748.565,245.884,7.2825,1.9,1,4.37578397958
18.02.2030 12:00,8.98,18.859,53.08,,67.5925,714.4375,542.765,-36.1875,388.0,1,3.65588038836611
18.02.2030 13:00,8.98,19.198,53.08,,83.02,833.7475,348.312,4.6,388.0,1,3.55295271263892
18.02.2030 14:00,8.77,20.0,53.08,,95.4625,1053.685,97.653,56.71,388.0,1,4.21283334206286
18.02.2030 15:00,8.61,20.993,53.08,,118.4575,1042.605,71.915,63.88,388.0,1,3.9188712400345
18.02.2030 16:00,8.46,21.345,53.08,,160.415,970.875,0.366,101.48333333333332,0.65,1,6.04410904271796
18.02.2030 17:00,8.46,21.345,53.08,,160.7875,755.0425,0.03,94.86,0.65,1,6.03014568152536
18.02.2030 18:00,8.46,21.345,53.08,,142.845,729.5925,1.42,87.64999999999999,0.65,1,6.13135407430298
18.02.2030 19:00,8.46,20.357,53.08,,123.01,622.76,0.0,101.77666666666666,0.65,1,4.0957397350572
18.02.2030 20:00,8.46,20.187,53.08,,117.1225,431.3625,6.597,79.2,0.9,0,4.07434029732687
18.02.2030 21:00,8.46,20.0,53.08,,112.1025,438.93,5.481000000000001,50.49,0.9,0,3.57415513337011
18.02.2030 22:00,8.4,19.144,53.08,,100.59,507.6975,0.032,60.07,0.9,0,3.64767410420966
18.02.2030 23:00,8.4,16.521,53.08,,97.725,432.7125,0.255,65.91,0.9,0,0.781221357048514
19.02.2030 00:00,8.4,15.731,53.08,,89.83,373.4175,0.039,77.27999999999999,2.79,0,0.791737104150641
19.02.2030 01:00,8.4,15.06,53.08,,94.3975,277.96500000000003,1.977,66.85,2.79,0,0.761006433793503
19.02.2030 02:00,8.4,14.739,53.08,,95.2,340.4,14.317,63.376666666666665,2.79,0,0.759579809785612
19.02.2030 03:00,8.4,14.739,53.08,,92.705,388.0125,2.611,49.955,2.79,0,0.775282194756101
19.02.2030 04:00,8.4,14.739,53.08,,94.215,431.36,47.175,48.1,2.37,0,0.786536999265571
19.02.2030 05:00,8.4,14.739,53.08,,115.505,674.435,119.268,37.8825,2.37,0,0.780577349474084
19.02.2030 06:00,8.61,14.855,53.08,,125.4875,491.46,7.887,89.88,2.37,0,0.786106513351138
19.02.2030 07:00,8.77,14.376,53.08,,128.0,833.6175,109.891,40.30666666666667,2.37,0,0.711954489623972
19.02.2030 08:00,8.98,14.376,53.08,,92.6075,1043.5375,261.813,21.3125,4.49,0,0.593950613185208
19.02.2030 09:00,8.98,14.376,53.08,,83.35,954.9475,64.554,40.215,4.49,0,0.53737240019956
19.02.2030 10:00,8.98,14.376,53.08,,66.575,525.2925,197.203,-19.21,4.49,1,0.517729393764548
19.02.2030 11:00,8.98,14.376,53.08,,51.2225,476.33,167.204,-0.4849999999999994,4.49,1,0.531739908624571
19.02.2030 12:00,8.98,14.376,53.08,,34.545,631.4775,457.419,-75.55499999999999,37.9,1,0.539062159109431
19.02.2030 13:00,8.98,14.376,53.08,,46.4025,829.925,201.337,-20.9275,37.9,1,0.548609739948622
19.02.2030 14:00,8.77,14.377,53.08,,69.35,946.9975,215.345,-71.9075,37.9,1,0.581482916647013
19.02.2030 15:00,8.61,16.974,53.08,,93.49,1057.655,39.976,11.895,37.9,1,0.731927047866222
19.02.2030 16:00,8.46,56.852,53.08,,115.455,786.855,450.495,16.947499999999998,0.66,1,32.0440589693906
19.02.2030 17:00,8.46,68.87,53.08,,116.905,767.1225000000001,258.968,42.84,0.66,1,44.4893864338577
19.02.2030 18:00,8.46,69.218,53.08,,107.485,689.5675,136.348,28.615,0.66,1,46.0713274744895
19.02.2030 19:00,8.46,69.218,53.08,,90.3025,692.6025,15.356000000000002,73.505,0.66,1,47.2078465636158
19.02.2030 20:00,8.46,69.218,53.08,,87.5275,589.9000000000001,336.512,26.0725,0.95,0,48.3253556161839
19.02.2030 21:00,8.46,69.218,53.08,,94.97,603.7825,90.239,49.2425,0.95,0,50.8664963660292
19.02.2030 22:00,8.4,67.468,53.08,,90.485,494.9475,234.209,18.015,0.95,0,55.2374918810851
19.02.2030 23:00,8.4,66.589,53.08,,83.72749999999999,469.26,6.2,60.885,0.95,0,58.9122277974656
20.02.2030 00:00,8.4,58.763,53.08,,84.55499999999999,352.1125,16.971,44.28333333333333,2.57,0,64.1022709359558
20.02.2030 01:00,8.4,58.763,53.08,,84.765,387.2825,18.04,46.065,2.57,0,65.7308633744871
20.02.2030 02:00,8.4,58.763,53.08,,96.3475,526.9449999999999,178.048,25.5125,2.57,0,66.4539741236285
20.02.2030 03:00,8.4,58.763,53.08,,89.46,463.4225,0.0,,2.57,0,64.0244999860579
20.02.2030 04:00,8.4,58.834,53.08,,90.2675,502.34,5.232,85.8625,2.19,0,61.6567207350725
20.02.2030 05:00,8.4,67.068,53.08,,107.305,629.12,102.587,36.875,2.19,0,57.5158551523478
20.02.2030 06:00,8.61,76.787,53.08,,120.9,522.6274999999999,68.618,51.28,2.19,0,55.7011491133173
20.02.2030 07:00,8.77,67.07,53.08,,128.7125,727.8525,0.179,87.71,2.19,0,46.980645300808
20.02.2030 08:00,8.98,33.112,53.08,,115.8725,1064.46,0.074,129.74,2.91,0,28.2546751346684
20.02.2030 09:00,8.98,19.5,53.08,,117.63,1107.1225,216.454,14.4225,2.91,0,8.4032234857802
20.02.2030 10:00,8.98,19.5,53.08,,109.5425,945.3075,211.58,5.3475,2.91,1,7.93607427369888
20.02.2030 11:00,8.98,19.5,53.08,,101.475,849.78,48.106,53.015,2.91,1,8.21054608784971
20.02.2030 12:00,8.98,19.5,53.08,,101.28,789.61,7.1080000000000005,78.6625,16.42,1,9.10926157898203
20.02.2030 13:00,8.98,20.355,53.08,,106.175,786.09,4.784,104.29,16.42,1,9.54639864475891
20.02.2030 14:00,8.77,29.922,53.08,,119.95,999.4975,0.006,72.275,16.42,1,17.3921798963266
20.02.2030 15:00,8.61,54.298,53.08,,145.2,1021.6425,4.436,110.72,16.42,1,52.2924525249979
20.02.2030 16:00,8.46,78.591,53.08,,163.3525,889.815,55.309,59.67,0.77,1,59.2918512580616
20.02.2030 17:00,8.46,78.592,53.08,,155.6325,652.71,3.226,64.34,0.77,1,55.6691525708314
20.02.2030 18:00,8.46,78.592,53.08,,142.1775,642.2175,81.54599999999999,62.015,0.77,1,56.8068571588744
20.02.2030 19:00,8.46,78.592,53.08,,132.085,723.0675,64.122,61.8375,0.77,1,56.9560393814321
20.02.2030 20:00,8.46,58.827,53.08,,108.49,721.61,107.293,59.765,2.0,0,55.2646574880466
20.02.2030 21:00,8.46,56.369,53.08,,94.46,639.4975,64.456,50.5375,2.0,0,55.0917466964616
20.02.2030 22:00,8.4,43.935,53.08,,85.2325,485.4325,157.904,59.01,2.0,0,51.5713170539281
20.02.2030 23:00,8.4,42.484,53.08,,83.265,445.63,52.948,59.4275,2.0,0,34.0114275263352
21.02.2030 00:00,8.4,45.695,53.08,,84.35249999999999,410.8,0.6599999999999999,72.16333333333334,4.12,0,28.7708054912055
21.02.2030 01:00,8.4,43.725,53.08,,85.10249999999999,389.4225,13.192,64.0875,4.12,0,22.8260091748132
21.02.2030 02:00,8.4,43.379,53.08,,80.61500000000001,353.97,1.866,74.04,4.12,0,22.2758369636581
21.02.2030 03:00,8.4,43.38,53.08,,83.37,345.52250000000004,43.278,60.8225,4.12,0,21.815666559646
21.02.2030 04:00,8.4,44.831,53.08,,88.8775,504.03,45.117,64.53999999999999,1.99,0,21.9327847349041
21.02.2030 05:00,8.4,45.763,53.08,,106.325,770.4725,9.6,74.9525,1.99,0,22.3662644746247
21.02.2030 06:00,8.61,49.096,53.08,,128.6,574.81,34.857,69.8275,1.99,0,21.7678581424347
21.02.2030 07:00,8.77,44.941,53.08,,119.0625,576.1475,146.497,60.2825,1.99,0,18.5464649206178
21.02.2030 08:00,8.98,24.647,53.08,,92.065,822.005,119.531,37.513333333333335,2.3,0,7.70056470406225
21.02.2030 09:00,8.98,18.154,53.08,,77.3575,966.485,132.56199999999998,42.08,2.3,0,4.51117375696539
21.02.2030 10:00,8.98,18.154,53.08,,68.5375,943.405,196.554,26.1775,2.3,1,4.28014770707641
21.02.2030 11:00,8.98,18.154,53.08,,56.5325,800.5725,254.555,14.875,2.3,1,4.37133614688678
21.02.2030 12:00,8.98,18.154,53.08,,45.085,667.235,152.542,23.055,11.09,1,4.51223016148999
21.02.2030 13:00,8.98,20.122,53.08,,46.3825,996.7275,67.021,42.6025,11.09,1,4.89794364300244
21.02.2030 14:00,8.77,37.068,53.08,,65.9875,1305.5925,81.613,29.5075,11.09,1,19.2495153167422
21.02.2030 15:00,8.61,51.517,53.08,,87.11500000000001,999.31,31.012,61.06,11.09,1,34.3854271153417
21.02.2030 16:00,8.46,64.085,53.08,,94.9625,628.2,574.029,29.8425,0.65,1,46.8925613371796
21.02.2030 17:00,8.46,64.086,53.08,,89.73,724.2225,547.926,33.6025,0.65,1,44.9122244659701
21.02.2030 18:00,8.46,64.086,53.08,,72.495,744.2675,206.602,50.67,0.65,1,47.1504975065816
21.02.2030 19:00,8.46,64.086,53.08,,67.9075,672.6725,17.937,43.6675,0.65,1,49.1374591040269
21.02.2030 20:00,8.46,59.197,53.08,,62.95,671.0325,36.541,-5.41,3.99,0,51.8147728504398
21.02.2030 21:00,8.46,54.975,53.08,,64.22749999999999,559.035,32.199,5.3475,3.99,0,51.2205146282894
21.02.2030 22:00,8.4,50.709,53.08,,58.765,552.9125,43.342,-9.0325,3.99,0,50.3166857599436
21.02.2030 23:00,8.4,49.5,53.08,,68.3925,581.72,2.858,32.8975,3.99,0,36.0758678089429
22.02.2030 00:00,8.1,37.902,53.08,,66.77250000000001,417.785,0.0,,16.8,0,32.90229214012
22.02.2030 01:00,8.1,37.901,53.08,,74.97,436.18,0.122,47.925,16.8,0,34.0994462484237
22.02.2030 02:00,8.1,37.901,53.08,,72.77,385.975,3.06,50.915,16.8,0,33.6974152170075
22.02.2030 03:00,8.1,37.901,53.08,,70.3175,332.44,0.41,49.79,16.8,0,33.1930732006989
22.02.2030 04:00,8.1,37.902,53.08,,70.595,302.3025,0.0,,14.88,0,31.0468884643995
22.02.2030 05:00,8.1,39.182,53.08,,68.3725,454.15,1.11,55.64,14.88,0,30.4700033297934
22.02.2030 06:00,8.23,42.895,53.08,,69.3075,386.575,19.144,-0.8549999999999999,14.88,0,28.8457179993281
22.02.2030 07:00,8.33,37.156,53.08,,75.71,557.3975,4.412999999999999,26.32,14.88,0,21.0326600455284
22.02.2030 08:00,8.47,18.801,53.08,,66.2725,676.2475,8.444,19.89,6.44,0,2.91186808850762
22.02.2030 09:00,8.47,5.484,53.08,,65.61749999999999,640.89,5.142,30.8075,6.44,0,2.49731721276957
22.02.2030 10:00,8.47,5.484,53.08,,59.6475,670.265,35.25,9.8525,6.44,0,2.4555333203972
22.02.2030 11:00,8.47,5.484,53.08,,39.2125,692.185,40.734,-10.6225,6.44,0,2.38473868053891
22.02.2030 12:00,8.47,5.484,53.08,,46.182500000000005,872.9350000000001,7.813000000000001,25.32,16.02,0,1.99379904206032
22.02.2030 13:00,8.47,5.484,53.08,,64.74000000000001,910.96,3.702,70.405,16.02,0,1.8561595464105
22.02.2030 14:00,8.33,19.071,53.08,,90.8875,930.3725,0.074,76.04333333333334,16.02,0,2.23031558220951
22.02.2030 15:00,8.23,25.872,53.08,,124.5075,804.74,161.573,13.6825,16.02,0,9.02192645925048
22.02.2030 16:00,8.14,41.648,53.08,,139.5275,715.755,46.805,66.66,0.97,0,19.3878804760485
22.02.2030 17:00,8.14,63.415,53.08,,147.97,574.16,0.4669999999999999,104.79333333333334,0.97,0,19.1760223897479
22.02.2030 18:00,8.14,41.649,53.08,,154.8525,701.4475,4.763,83.6725,0.97,0,19.6137671973445
22.02.2030 19:00,8.14,40.755,53.08,,132.045,722.7975,41.853,72.975,0.97,0,19.3306123447978
22.02.2030 20:00,8.14,32.799,53.08,,122.01,583.16,5.241,78.77,2.69,0,15.2041985265485
22.02.2030 21:00,8.14,25.872,53.08,,126.9375,610.3975,7.369999999999999,78.925,2.69,0,4.87961570331625
22.02.2030 22:00,8.1,22.398,53.08,,126.52,652.1175,14.296,70.26333333333334,2.69,0,1.01592513727519
22.02.2030 23:00,8.1,19.071,53.08,,102.0525,611.065,67.931,39.345,2.69,0,0.379988925371244
23.02.2030 00:00,8.08,23.128,53.08,,86.04,410.1025,3.031,71.7225,7.54,0,0.369587501901153
23.02.2030 01:00,8.08,23.128,53.08,,79.4825,370.4325,14.893,56.6525,7.54,0,0.366724288282076
23.02.2030 02:00,8.08,23.128,53.08,,78.615,277.8325,19.412,54.3575,7.54,0,0.392128988849222
23.02.2030 03:00,8.08,23.128,53.08,,79.2725,322.5925,0.055,,7.54,0,0.392351136326101
23.02.2030 04:00,8.08,23.129,53.08,,81.55,353.65,0.0,,6.12,0,0.948733897351643
23.02.2030 05:00,8.08,23.628,53.08,,88.34,432.2025,3.903000000000001,59.2375,6.12,0,0.965834521441501
23.02.2030 06:00,8.22,25.349,53.08,,106.72,456.3475,0.019,60.0,6.12,0,0.973300618694233
23.02.2030 07:00,8.31,25.525,53.08,,115.12,542.355,0.0,,6.12,0,0.915922556440637
23.02.2030 08:00,8.44,25.097,53.08,,98.355,698.0975000000001,8.455,35.2375,5.0,0,1.9773408827677
23.02.2030 09:00,8.44,23.973,53.08,,75.9975,980.075,142.48000000000002,-21.8075,5.0,0,1.9661624235492
23.02.2030 10:00,8.44,23.628,53.08,,52.455,985.465,278.649,-37.4525,5.0,0,2.10130150709548
23.02.2030 11:00,8.44,23.628,53.08,,25.6925,907.6925,312.79999999999995,-76.295,5.0,0,2.16040914590267
23.02.2030 12:00,8.44,23.628,53.08,,6.815,654.96,164.251,-39.3325,18.28,0,2.17475981181682
23.02.2030 13:00,8.44,23.998,53.08,,2.2750000000000004,793.965,46.972,-17.3725,18.28,0,2.29151197514638
23.02.2030 14:00,8.31,25.349,53.08,,29.1275,1096.1875,4.779,23.965,18.28,0,3.32384735793629
23.02.2030 15:00,8.22,31.011,53.08,,86.9525,1019.185,41.993,38.1875,18.28,0,10.1337767199117
23.02.2030 16:00,8.12,38.533,53.08,,178.1775,805.4425,29.182,28.83,0.72,0,9.85860933550257
23.02.2030 17:00,8.12,38.533,53.08,,176.91750000000002,730.0925,16.69,78.11,0.72,0,9.47504480908512
23.02.2030 18:00,8.12,38.533,53.08,,171.98000000000002,816.91,147.91899999999998,61.0725,0.72,0,9.55957555064504
23.02.2030 19:00,8.12,38.534,53.08,,127.7175,893.72,257.095,15.0675,0.72,0,10.2821506820272
23.02.2030 20:00,8.12,29.161,53.08,,94.4625,652.4100000000001,54.458,23.175,2.16,0,9.46986479232746
23.02.2030 21:00,8.12,26.278,53.08,,87.1025,532.7525,9.202,40.375,2.16,0,9.05892421848558
23.02.2030 22:00,8.08,24.975,53.08,,76.975,475.965,62.542,36.8875,2.16,0,8.82981205994923
23.02.2030 23:00,8.08,24.033,53.08,,69.34,561.4225,20.659,31.1275,2.16,0,8.62621577261365
24.02.2030 00:00,8.4,21.398,53.08,,69.345,453.3125,3.793,61.31,27.85,0,6.42117893678326
24.02.2030 01:00,8.4,21.387,53.08,,55.275,446.9025,12.723,69.71333333333332,27.85,0,6.47918903813664
24.02.2030 02:00,8.4,21.214,53.08,,62.95,546.335,39.285,42.75,27.85,0,6.4642137580631
24.02.2030 03:00,8.4,21.215,53.08,,69.59,431.7675,66.586,33.7125,27.85,0,6.53383244615694
24.02.2030 04:00,8.4,21.398,53.08,,70.36749999999999,507.9475,53.267,35.34,16.53,0,6.64409901110424
24.02.2030 05:00,8.4,21.939,53.08,,78.7225,668.395,96.288,0.9366666666666662,16.53,0,6.61442363573281
24.02.2030 06:00,8.61,23.057,53.08,,95.93,659.7425000000001,119.776,26.5525,16.53,0,6.40379029077074
24.02.2030 07:00,8.77,23.017,53.08,,89.95750000000001,667.1225,231.538,12.0925,16.53,0,5.80290760792697
24.02.2030 08:00,8.98,21.786,53.08,,57.3475,913.2425,168.372,-4.1075,5.12,0,5.93816351676313
24.02.2030 09:00,8.98,21.398,53.08,,32.835,1016.7175,18.107,15.669999999999998,5.12,0,6.08830231875439
24.02.2030 10:00,8.98,21.216,53.08,,44.325,965.4825,10.679,22.5675,5.12,1,5.96105542956445
24.02.2030 11:00,8.98,21.216,53.08,,43.225,959.2025,20.976,19.19,5.12,1,5.89078688407682
24.02.2030 12:00,8.98,21.216,53.08,,48.2675,719.5925,11.192,28.42,13.9,1,5.51342649125392
24.02.2030 13:00,8.98,21.217,53.08,,64.175,694.2725,3.52,72.4775,13.9,1,5.67491384396353
24.02.2030 14:00,8.77,21.812,53.08,,80.635,659.0550000000001,5.513999999999999,22.545,13.9,1,6.39310790589439
24.02.2030 15:00,8.61,26.056,53.08,,80.8025,762.3525,65.622,50.425,13.9,1,6.4587672404219
24.02.2030 16:00,8.46,32.319,53.08,,87.4825,866.355,2.156,63.1,0.66,1,7.05285599925278
24.02.2030 17:00,8.46,34.317,53.08,,107.23,798.4225,480.202,52.5375,0.66,1,6.35805851342928
24.02.2030 18:00,8.46,34.317,53.08,,112.075,769.78,21.037,77.365,0.66,1,6.46573834777071
24.02.2030 19:00,8.46,34.317,53.08,,106.8525,645.81,162.823,59.4425,0.66,1,6.94225641435142
24.02.2030 20:00,8.46,34.317,53.08,,106.485,620.2175,34.837,76.665,1.83,0,7.0332497746746
24.02.2030 21:00,8.46,31.722,53.08,,105.73,553.7225000000001,38.585,73.81666666666666,1.83,0,7.23350292182976
24.02.2030 22:00,8.4,27.434,53.08,,101.8175,613.885,63.65,62.455,1.83,0,6.50522313284046
24.02.2030 23:00,8.4,22.598,53.08,,106.12,467.3025,7.776,81.37333333333333,1.83,0,1.08625596277331
25.02.2030 00:00,8.4,28.433,53.08,,109.4025,362.7775,21.989,66.06666666666668,10.76,0,0.0
25.02.2030 01:00,8.4,27.579,53.08,,109.8175,426.5375,1.581,75.22,10.76,0,0.0
25.02.2030 02:00,8.4,27.196,53.08,,110.69,441.0325,0.299,83.165,10.76,0,0.0
25.02.2030 03:00,8.4,27.196,53.08,,125.5775,610.265,4.906,82.13666666666667,10.76,0,0.0
25.02.2030 04:00,8.4,27.196,53.08,,143.3375,721.54,7.224,87.1375,8.36,0,0.0
25.02.2030 05:00,8.4,27.196,53.08,,171.3975,1042.3925,4.196,87.525,8.36,0,0.0
25.02.2030 06:00,8.61,27.835,53.08,,196.0025,931.4275,218.303,61.5225,8.36,0,0.0
25.02.2030 07:00,8.77,26.128,53.08,,195.9375,813.11,52.768,92.0575,8.36,0,0.0
25.02.2030 08:00,8.98,14.477,53.08,,146.72,1035.5675,344.483,66.0625,3.42,0,0.853613109923781
25.02.2030 09:00,8.98,14.477,53.08,,118.59,1058.9475,378.726,67.8075,3.42,0,0.719627746311195
25.02.2030 10:00,8.98,14.477,53.08,,95.9575,980.405,127.551,86.52250000000001,3.42,1,0.844788093517266
25.02.2030 11:00,8.98,14.477,53.08,,100.7225,860.155,29.266,95.6425,3.42,1,0.867830323044333
25.02.2030 12:00,8.98,14.478,53.08,,110.7925,831.3675000000001,164.36,86.9175,9.2,1,0.355086540104431
25.02.2030 13:00,8.98,14.478,53.08,,114.43,867.5525,109.845,85.64,9.2,1,0.325648906361726
25.02.2030 14:00,8.77,16.81,53.08,,137.825,887.98,0.7269999999999999,121.17,9.2,1,0.353724355377029
25.02.2030 15:00,8.61,26.128,53.08,,159.17000000000002,852.6775,68.32900000000001,102.615,9.2,1,1.28712569067325
25.02.2030 16:00,8.46,39.263,53.08,,211.0025,865.345,39.455,87.45,0.55,1,8.25545412088328
25.02.2030 17:00,8.46,39.264,53.08,,234.1125,589.8925,0.31,126.6,0.55,1,7.78961931427291
25.02.2030 18:00,8.46,39.263,53.08,,184.9675,534.8050000000001,3.382,116.25333333333332,0.55,1,7.98919956297836
25.02.2030 19:00,8.46,39.264,53.08,,153.5525,677.5775,2.93,110.205,0.55,1,8.7573145066965
25.02.2030 20:00,8.46,39.264,53.08,,141.99,559.5675,47.186,99.7475,1.44,0,8.99343948960826
25.02.2030 21:00,8.46,33.223,53.08,,139.59,479.505,18.173,97.67666666666666,1.44,0,9.35901875048754
25.02.2030 22:00,8.4,30.027,53.08,,123.4375,549.0275,7.072,98.84,1.44,0,9.72719026344361
25.02.2030 23:00,8.4,28.433,53.08,,115.895,444.435,2.537,114.125,1.44,0,10.1635563571542
26.02.2030 00:00,8.4,37.894,53.08,,116.4,346.46250000000003,0.0289999999999999,110.555,6.62,0,19.382487644099
26.02.2030 01:00,8.4,37.894,53.08,,115.7925,281.445,0.03,112.62666666666668,6.62,0,19.7871622363083
26.02.2030 02:00,8.4,37.894,53.08,,114.1275,300.255,0.031,113.36,6.62,0,20.3690083428295
26.02.2030 03:00,8.4,38.114,53.08,,114.765,248.985,0.03,105.0025,6.62,0,21.993103816144
26.02.2030 04:00,8.4,38.945,53.08,,116.9425,435.2925,0.091,96.64,5.37,0,24.2247570263322
26.02.2030 05:00,8.4,39.698,53.08,,140.715,483.7000000000001,12.278,85.84,5.37,0,26.5192676834926
26.02.2030 06:00,8.61,41.537,53.08,,155.20749999999998,495.98,0.109,108.315,5.37,0,26.3916002651219
26.02.2030 07:00,8.77,39.698,53.08,,166.01749999999998,687.4,0.31,113.96,5.37,0,22.1478396382698
26.02.2030 08:00,8.98,37.48,53.08,,149.4925,857.0775,28.422,106.3125,2.6,0,18.0808020620016
26.02.2030 09:00,8.98,37.48,53.08,,143.3175,757.0025,1.344,114.45,2.6,0,16.433824080685
26.02.2030 10:00,8.98,37.48,53.08,,139.2125,618.0525,0.071,116.18,2.6,1,14.332330815386
26.02.2030 11:00,8.98,37.48,53.08,,135.5425,718.3425,0.022,133.75,2.6,1,13.6347523309516
26.02.2030 12:00,8.98,37.48,53.08,,147.21,839.8925,32.2,94.755,6.3,1,13.8287090686063
26.02.2030 13:00,8.98,37.48,53.08,,151.54,651.985,27.0,87.2125,6.3,1,13.7325816796634
26.02.2030 14:00,8.77,37.894,53.08,,145.8875,542.49,6.867,87.19333333333333,6.3,1,15.4168957712599
26.02.2030 15:00,8.61,59.609,53.08,,144.1975,477.54,5.765000000000001,97.725,6.3,1,27.9777427310524
26.02.2030 16:00,8.46,83.018,53.08,,145.0575,719.6975,0.123,120.51,0.52,1,76.4021959710755
26.02.2030 17:00,8.46,94.983,53.08,,156.37,532.24,0.006,135.34,0.52,1,80.7476008710402
26.02.2030 18:00,8.46,94.984,53.08,,149.285,556.24,39.315,98.63666666666668,0.52,1,80.7050911026361
26.02.2030 19:00,8.46,94.985,53.08,,130.3175,599.5425,196.715,76.62,0.52,1,89.3083051506797
26.02.2030 20:00,8.46,94.986,53.08,,106.925,689.56,20.982,87.00999999999999,1.19,0,90.5960148329493
26.02.2030 21:00,8.46,94.987,53.08,,105.24,506.435,0.746,96.8275,1.19,0,103.645169278853
26.02.2030 22:00,8.4,90.31,53.08,,97.7325,518.7125,22.353,87.1125,1.19,0,111.752306049147
26.02.2030 23:00,8.4,78.592,53.08,,106.32,467.7875,11.047,78.685,1.19,0,113.936969248379
27.02.2030 00:00,8.4,78.592,53.08,,108.155,399.395,93.623,67.4875,4.36,0,108.414598354773
27.02.2030 01:00,8.4,77.984,53.08,,101.855,423.255,17.151,85.0,4.36,0,97.9616442808538
27.02.2030 02:00,8.4,77.518,53.08,,99.2575,402.61,7.276,81.09,4.36,0,97.8975491851779
27.02.2030 03:00,8.4,77.518,53.08,,100.25,457.2175,21.433,69.66,4.36,0,94.4080177260769
27.02.2030 04:00,8.4,77.518,53.08,,103.74,620.8925,10.678999999999998,78.635,3.87,0,90.0139963780798
27.02.2030 05:00,8.4,79.398,53.08,,123.205,731.215,45.287,91.7725,3.87,0,80.0064273987229
27.02.2030 06:00,8.61,81.493,53.08,,151.5775,578.2475000000001,0.598,101.995,3.87,0,73.6576972167876
27.02.2030 07:00,8.77,77.984,53.08,,150.445,704.8225,0.593,129.44,3.87,0,51.5595071053632
27.02.2030 08:00,8.98,67.971,53.08,,133.8925,722.685,44.441,77.4425,2.23,0,39.0058323881968
27.02.2030 09:00,8.98,65.54,53.08,,113.075,940.605,153.396,71.0325,2.23,0,33.6434819940386
27.02.2030 10:00,8.98,65.54,53.08,,99.4425,845.905,339.775,61.655,2.23,1,31.7173735371985
27.02.2030 11:00,8.98,65.541,53.08,,98.9,672.89,31.028,74.0925,2.23,1,32.586343379828
27.02.2030 12:00,8.98,67.973,53.08,,99.36,712.69,47.35300000000001,66.2425,5.4,1,35.1983008355577
27.02.2030 13:00,8.98,68.741,53.08,,99.565,862.1600000000001,32.183,77.2225,5.4,1,36.9875746834895
27.02.2030 14:00,8.77,72.539,53.08,,111.1875,936.4475,9.928,83.305,5.4,1,41.6281487699094
27.02.2030 15:00,8.61,77.142,53.08,,128.56,891.3025,0.032,98.41333333333334,5.4,1,46.8570644831815
27.02.2030 16:00,8.46,90.745,53.08,,146.015,753.855,0.5509999999999999,99.92333333333332,0.48,1,51.3153170398911
27.02.2030 17:00,8.46,92.596,53.08,,146.6275,516.95,0.0,82.98,0.48,1,47.7538894296825
27.02.2030 18:00,8.46,90.747,53.08,,147.2025,551.8625,0.0,,0.48,1,48.0006387202047
27.02.2030 19:00,8.46,90.747,53.08,,143.665,584.905,0.266,100.84,0.48,1,50.0053570959102
27.02.2030 20:00,8.46,78.592,53.08,,135.905,492.14,3.907,97.0975,1.0,0,48.587105886073
27.02.2030 21:00,8.46,76.434,53.08,,130.26999999999998,509.51,0.7430000000000001,103.0075,1.0,0,47.8592630541365
27.02.2030 22:00,8.4,72.914,53.08,,113.2775,510.5525,0.013,94.15,1.0,0,41.9793027505563
27.02.2030 23:00,8.4,68.758,53.08,,112.8625,465.435,35.029999999999994,93.3,1.0,0,41.542068288255
28.02.2030 00:00,8.4,75.823,53.08,,107.0125,378.0375,4.842,102.49333333333334,3.62,0,41.0882173355934
28.02.2030 01:00,8.4,75.735,53.08,,100.4075,339.0325,1.717,91.3275,3.62,0,39.9887628645778
28.02.2030 02:00,8.4,75.735,53.08,,102.32,293.455,3.2,93.35,3.62,0,38.9068887810118
28.02.2030 03:00,8.4,75.735,53.08,,104.17,373.8225,1.038,96.375,3.62,0,38.8056780880466
28.02.2030 04:00,8.4,75.735,53.08,,108.195,498.2225,38.446,98.1675,3.08,0,39.2143507157632
28.02.2030 05:00,8.4,78.913,53.08,,127.4675,543.825,101.915,83.23,3.08,0,40.4598354166119
28.02.2030 06:00,8.61,79.497,53.08,,140.5075,420.5625,3.275,98.18666666666668,3.08,0,38.1572256168734
28.02.2030 07:00,8.77,79.252,53.08,,145.5325,606.385,34.686,90.5,3.08,0,35.4910317019132
28.02.2030 08:00,8.98,75.735,53.08,,130.5425,677.5225,72.033,87.885,2.73,0,32.2196401666699
28.02.2030 09:00,8.98,75.735,53.08,,114.4575,788.215,28.494,84.53666666666668,2.73,0,30.138387718744
28.02.2030 10:00,8.98,75.735,53.08,,112.6275,698.0350000000001,49.164,90.45,2.73,1,28.4388051295362
28.02.2030 11:00,8.98,75.735,53.08,,106.4825,617.76,17.036,100.055,2.73,1,28.2014180948366
28.02.2030 12:00,8.98,75.737,53.08,,102.945,692.9,21.143,96.71,4.44,1,28.5896935110583
28.02.2030 13:00,8.98,75.738,53.08,,102.8075,690.7850000000001,8.577,100.18,4.44,1,29.0250382930818
28.02.2030 14:00,8.77,78.283,53.08,,114.6475,712.1025,9.715,100.065,4.44,1,33.4628347501167
28.02.2030 15:00,8.61,79.497,53.08,,123.8825,544.7425000000001,38.837,91.33,4.44,1,35.3517690193427
28.02.2030 16:00,8.46,85.817,53.08,,141.9575,596.3475,90.753,93.2175,0.46,1,36.8084643678956
28.02.2030 17:00,8.46,90.01,53.08,,143.20000000000002,494.81500000000005,0.0,99.79,0.46,1,37.762324019901
28.02.2030 18:00,8.46,90.011,53.08,,146.245,534.4275,5.725,89.18,0.46,1,38.4447663956236
28.02.2030 19:00,8.46,90.01,53.08,,134.335,469.7225,32.51,96.125,0.46,1,38.926442156338
28.02.2030 20:00,8.46,87.89,53.08,,115.8625,484.61,30.704,91.485,0.87,0,39.8745356818444
28.02.2030 21:00,8.46,85.185,53.08,,114.19,402.505,0.309,97.82,0.87,0,42.3659184872122
28.02.2030 22:00,8.4,82.151,53.08,,111.1575,439.4275,1.144,95.92,0.87,0,43.5966656324677
28.02.2030 23:00,8.4,79.764,53.08,,120.76,350.7525,3.597,104.09666666666664,0.87,0,41.6200344715374
01.03.2030 00:00,8.02,80.463,53.08,,119.4025,373.6525,6.853,100.6975,2.97,0,41.9628882411482
01.03.2030 01:00,8.02,80.463,53.08,,117.015,308.66,0.042,99.94,2.97,0,42.3609938546917
01.03.2030 02:00,8.02,80.463,53.08,,110.84,266.90250000000003,0.742,112.58,2.97,0,44.6471416334507
01.03.2030 03:00,8.02,80.989,53.08,,111.0025,234.465,0.491,98.15,2.97,0,47.9759030653297
01.03.2030 04:00,8.02,82.538,53.08,,115.6875,250.1875,27.761,90.4175,2.9,0,51.8654836227288
01.03.2030 05:00,8.02,87.27,53.08,,121.39,365.9525,114.4,83.86749999999999,2.9,0,56.6687475440348
01.03.2030 06:00,8.15,92.188,53.08,,134.35500000000002,421.75,3.212,94.52,2.9,0,58.9143020732907
01.03.2030 07:00,8.24,89.07,53.08,,133.66,434.3325,28.133000000000003,93.21,2.9,0,52.3332308039038
01.03.2030 08:00,8.37,83.987,53.08,,125.0575,602.0525,44.476,88.71000000000001,2.58,0,48.4714016774788
01.03.2030 09:00,8.37,81.462,53.08,,114.6425,735.7425000000001,20.132,83.88,2.58,0,47.3741067002466
01.03.2030 10:00,8.37,81.462,53.08,,100.9625,670.88,0.046,96.095,2.58,0,43.7176540416072
01.03.2030 11:00,8.37,81.462,53.08,,96.4625,584.7675,0.0,,2.58,0,42.3742879542955
01.03.2030 12:00,8.37,83.826,53.08,,96.9075,687.0525,10.294,87.64666666666666,6.55,0,43.5392800791797
01.03.2030 13:00,8.37,84.469,53.08,,95.395,657.98,0.571,84.425,6.55,0,44.2826574328075
01.03.2030 14:00,8.24,88.614,53.08,,99.4675,806.1725,0.23,96.25666666666666,6.55,0,51.3985143577539
01.03.2030 15:00,8.15,89.622,53.08,,117.245,758.665,0.944,110.8625,6.55,0,63.457945949422
01.03.2030 16:00,8.06,103.978606680611,53.08,,137.7125,716.04,5.816,73.71333333333332,0.49,0,82.1478041030333
01.03.2030 17:00,8.06,108.221057389929,53.08,,163.685,555.4775,0.0,,0.49,0,76.9626848440593
01.03.2030 18:00,8.06,108.380323190194,53.08,,151.8275,580.1225,0.0,,0.49,0,80.1526944089389
01.03.2030 19:00,8.06,107.479220881041,53.08,,141.1075,696.2475,127.64,78.94749999999999,0.49,0,83.9915443104064
01.03.2030 20:00,8.06,103.988876462981,53.08,,130.2825,612.5575,31.506,93.1425,0.87,0,91.1302220843222
01.03.2030 21:00,8.06,97.8971842545837,53.08,,126.735,460.1575,0.846,93.275,0.87,0,93.229411726689
01.03.2030 22:00,8.02,89.9928239176096,53.08,,114.085,409.8825,18.99,87.9375,0.87,0,80.3891318824363
01.03.2030 23:00,8.02,86.198228031766,53.08,,125.53,526.5,26.565,72.58,0.87,0,85.3923329924527
02.03.2030 00:00,8.0,87.6142120260478,53.08,,113.8875,449.6975,0.005,,2.83,0,87.990059579625
02.03.2030 01:00,8.0,89.2458054022903,53.08,,133.48,602.5125,0.021,82.65,2.83,0,88.7703134234014
02.03.2030 02:00,8.0,89.4092732125831,53.08,,108.4,336.7025,0.0,,2.83,0,89.5050018867839
02.03.2030 03:00,8.0,89.0698148643989,53.08,,111.495,460.735,0.0,,2.83,0,89.1965411344287
02.03.2030 04:00,8.0,91.8625349100713,53.08,,148.565,490.9175,3.443,63.46,2.85,0,91.9130499659935
02.03.2030 05:00,8.0,98.6982754711405,53.08,,121.7775,615.14,58.13,62.595,2.85,0,92.9750099935266
02.03.2030 06:00,8.13,103.359080055536,53.08,,117.8175,503.055,41.853,72.6475,2.85,0,85.7378878174415
02.03.2030 07:00,8.23,93.2064683106822,53.08,,104.965,782.1425,282.062,17.4625,2.85,0,74.9169411161879
02.03.2030 08:00,8.35,83.279236926472,53.08,,79.6925,1155.8049999999998,66.855,39.5425,24.69,0,49.2690972479322
02.03.2030 09:00,8.35,81.2488677892849,53.08,,38.1175,1017.24,73.062,32.0,24.69,0,46.6239494334848
02.03.2030 10:00,8.35,78.6125157832193,53.08,,12.2225,970.7625,132.87,-7.3825,24.69,0,42.2992093053385
02.03.2030 11:00,8.35,75.8126136289783,53.08,,-8.7925,883.5600000000001,321.257,-116.57,24.69,0,39.8732661485546
02.03.2030 12:00,8.35,74.6887032766501,53.08,,-21.845,810.5675,164.42,-59.947500000000005,63.09,0,37.8433365929264
02.03.2030 13:00,8.35,72.1374103283345,53.08,,-21.06,928.0275,196.537,-69.8925,63.09,0,36.3950614893137
02.03.2030 14:00,8.23,78.7540299037114,53.08,,30.9825,1039.7575000000002,35.603,1.2625000000000006,63.09,0,40.3277590648319
02.03.2030 15:00,8.13,92.656,53.08,,81.405,1102.15,31.349,47.3125,63.09,0,65.1509398812217
02.03.2030 16:00,8.04,108.987474779663,53.08,,119.1725,1046.5375,13.484,62.415,3.23,0,97.9990493556774
02.03.2030 17:00,8.04,128.828768837506,53.08,,147.6,791.3775,4.592,94.4,3.23,0,91.6202172534355
02.03.2030 18:00,8.04,125.841306830951,53.08,,145.5925,625.0899999999999,74.739,72.3875,3.23,0,96.9901608271854
02.03.2030 19:00,8.04,119.476980692349,53.08,,136.35,667.4225,4.985,78.00666666666666,3.23,0,105.397605968788
02.03.2030 20:00,8.04,115.370094448529,53.08,,121.0625,494.83,1.3650000000000002,86.77333333333333,1.44,0,107.077769570927
02.03.2030 21:00,8.04,107.961710110027,53.08,,129.4775,457.1725,0.022,118.1,1.44,0,109.914993762245
02.03.2030 22:00,8.0,99.553918660741,53.08,,116.4925,504.6025,5.672000000000001,89.6525,1.44,0,101.666455792232
02.03.2030 23:00,8.0,95.3701034514813,53.08,,115.605,495.5525,14.045,86.2975,1.44,0,108.491652076
03.03.2030 00:00,8.31,82.884389690715,53.08,,100.7525,356.305,0.248,92.15666666666668,2.92,0,103.654247384491
03.03.2030 01:00,8.31,75.2550356794174,53.08,,100.6975,301.77750000000003,0.061,104.05,2.92,0,95.1745071477814
03.03.2030 02:00,8.31,70.8014824074143,53.08,,100.55,288.845,0.0,111.02,2.92,0,89.068303788986
03.03.2030 03:00,8.31,72.7073086170583,53.08,,104.1475,358.95,0.0,,2.92,0,95.5708170822938
03.03.2030 04:00,8.31,85.3745018430983,53.08,,123.15,551.1775,0.066,97.765,2.53,0,111.611031702352
03.03.2030 05:00,8.31,99.1787997095464,53.08,,139.3525,714.8199999999999,60.40299999999999,80.86,2.53,0,115.780055133793
03.03.2030 06:00,8.48,102.5369056719,53.08,,151.41500000000002,675.8475,150.002,44.035,2.53,0,105.766171338848
03.03.2030 07:00,8.63,95.9984464325908,53.08,,121.93,1164.875,373.416,-6.724999999999999,2.53,0,89.3862011434576
03.03.2030 08:00,8.84,83.5300048649981,53.08,,84.9475,1170.48,81.966,27.8625,15.6,0,60.5615001836801
03.03.2030 09:00,8.84,73.6508369043883,53.08,,48.4025,1117.61,114.451,22.2375,15.6,0,55.0229485992353
03.03.2030 10:00,8.84,71.6806329219935,53.08,,7.6625,945.7925,418.652,-10.14,15.6,0,50.9833089069678
03.03.2030 11:00,8.84,68.4424498888743,53.08,,-2.97,724.9425,961.188,-46.005,15.6,0,49.2951168686102
03.03.2030 12:00,8.84,69.0506052508955,53.08,,-4.01,739.0550000000001,875.206,-38.5375,41.81,0,48.9031370079327
03.03.2030 13:00,8.84,65.385759883801,53.08,,31.8025,890.9725000000001,424.256,-16.6625,41.81,0,46.3480967830654
03.03.2030 14:00,8.63,75.5466496789887,53.08,,70.0,1186.2,368.821,-18.745,41.81,0,52.026939441037
03.03.2030 15:00,8.48,93.2828514782638,53.08,,98.6025,1150.0925,261.351,-5.786666666666666,41.81,0,93.710680947171
03.03.2030 16:00,8.36,109.760220483616,53.08,,132.985,985.41,4.25,72.14,1.74,0,120.592901440185
03.03.2030 17:00,8.36,113.430182908206,53.08,,167.1,695.6475,0.103,96.23,1.74,0,112.982152814064
03.03.2030 18:00,8.36,111.504248578524,53.08,,182.195,846.9375,20.547,85.50999999999999,1.74,0,111.683014387263
03.03.2030 19:00,8.36,106.116918319319,53.08,,152.525,684.965,5.697,86.30250000000001,1.74,0,117.6570180234
03.03.2030 20:00,8.36,100.782549177604,53.08,,128.1625,491.16,0.545,85.0575,1.01,0,117.823724069351
03.03.2030 21:00,8.36,91.782,53.08,,121.0775,516.1275,0.221,106.865,1.01,0,103.764026128143
03.03.2030 22:00,8.31,87.516,53.08,,111.1075,459.5975,0.232,96.615,1.01,0,62.677171213048
03.03.2030 23:00,8.31,78.592,53.08,,102.4975,384.4925,1.343,106.14,1.01,0,51.6125253384086
04.03.2030 00:00,8.31,74.889,53.08,,102.7725,374.13,0.621,65.27,2.4,0,50.0435601124001
04.03.2030 01:00,8.31,74.824,53.08,,98.3725,292.3825,2.75,86.78,2.4,0,41.5374129869032
04.03.2030 02:00,8.31,73.054,53.08,,106.505,407.7,0.0,,2.4,0,40.5887294108912
04.03.2030 03:00,8.31,72.114,53.08,,104.23,383.3,0.04,104.69,2.4,0,39.0383476113855
04.03.2030 04:00,8.31,72.114,53.08,,116.575,574.415,0.129,99.195,2.35,0,39.0560957372211
04.03.2030 05:00,8.31,72.114,53.08,,139.5225,798.2049999999999,21.075,42.75,2.35,0,37.0257544719505
04.03.2030 06:00,8.48,71.483,53.08,,154.54500000000002,662.9925000000001,34.875,85.355,2.35,0,25.4534744808914
04.03.2030 07:00,8.63,67.689,53.08,,124.8225,981.685,162.152,68.67500000000001,2.35,0,13.9924228842789
04.03.2030 08:00,8.84,30.014,53.08,,89.8425,1078.5925,62.397,55.61,25.5,0,11.1029401787995
04.03.2030 09:00,8.84,30.013,53.08,,60.7475,1046.025,104.36,-4.77,25.5,0,9.78356671857343
04.03.2030 10:00,8.84,30.013,53.08,,21.1725,1057.9225,148.824,-53.13,25.5,0,9.10821026449355
04.03.2030 11:00,8.84,30.013,53.08,,2.5425,748.7175,428.361,-46.252500000000005,25.5,0,8.92916925091491
04.03.2030 12:00,8.84,30.013,53.08,,-0.27,774.8925,211.318,-7.8275,40.0,0,9.30404750314466
04.03.2030 13:00,8.84,30.014,53.08,,23.5575,931.2375,130.372,9.79,40.0,0,9.82546352410034
04.03.2030 14:00,8.63,67.745,53.08,,72.27,1071.9475,90.174,49.5,40.0,0,11.9332605822264
04.03.2030 15:00,8.48,74.824,53.08,,97.09,982.59,22.206000000000003,75.33,40.0,0,35.0747658409182
04.03.2030 16:00,8.36,86.502,53.08,,132.85,908.0425,38.895,40.28333333333333,1.7,0,44.1187132295115
04.03.2030 17:00,8.36,86.502,53.08,,159.3175,618.3975,14.705,74.1325,1.7,0,41.4086233313649
04.03.2030 18:00,8.36,86.503,53.08,,178.72,810.7049999999999,54.914,90.7975,1.7,0,44.3606920722067
04.03.2030 19:00,8.36,86.504,53.08,,129.88,741.285,47.417,73.09,1.7,0,48.4950642959468
04.03.2030 20:00,8.36,80.439,53.08,,114.3325,666.2775,95.312,77.4325,1.01,0,47.5267161683993
04.03.2030 21:00,8.36,77.784,53.08,,112.435,563.505,346.899,60.61,1.01,0,47.7108309703683
04.03.2030 22:00,8.31,74.824,53.08,,104.24,452.5225,97.247,66.05250000000001,1.01,0,48.8193184890357
04.03.2030 23:00,8.31,74.824,53.08,,90.265,326.2125,16.514,64.50333333333333,1.01,0,53.4583735958522
05.03.2030 00:00,8.31,66.621,53.08,,95.4475,407.84,1.876,61.99,2.35,0,59.0838852909408
05.03.2030 01:00,8.31,66.526,53.08,,99.6475,448.2875,151.189,59.765,2.35,0,62.3823959306268
05.03.2030 02:00,8.31,66.374,53.08,,98.6,459.2375,87.416,61.88666666666666,2.35,0,66.7073779549151
05.03.2030 03:00,8.31,66.526,53.08,,100.155,571.8475,28.441,66.025,2.35,0,64.3898036899314
05.03.2030 04:00,8.31,66.94,53.08,,113.475,633.165,11.076,55.705,2.28,0,63.0668355274699
05.03.2030 05:00,8.31,66.94,53.08,,131.99,642.4425,17.533,70.1725,2.28,0,66.3993510554965
05.03.2030 06:00,8.48,66.526,53.08,,127.1625,666.69,34.71,52.915,2.28,0,68.1758012318493
05.03.2030 07:00,8.63,61.766,53.08,,105.175,1048.9675,183.282,-114.715,2.28,0,60.0868610522586
05.03.2030 08:00,8.84,61.74,53.08,,53.395,1117.3,1.418,4.65,31.23,0,50.2966245715181
05.03.2030 09:00,8.84,61.74,53.08,,17.11,1092.2975,71.039,-81.65666666666667,31.23,0,44.7043287968934
05.03.2030 10:00,8.84,61.741,53.08,,9.1775,983.08,242.795,-134.26,31.23,0,39.41246529614
05.03.2030 11:00,8.84,61.742,53.08,,-5.345,608.6475,161.998,-105.6275,31.23,0,39.3262793183415
05.03.2030 12:00,8.84,61.742,53.08,,-6.48,657.385,64.039,-52.77,60.0,0,41.7204026129028
05.03.2030 13:00,8.84,61.743,53.08,,2.6775,833.525,64.5,-52.4125,60.0,0,41.4070812887589
05.03.2030 14:00,8.63,65.678,53.08,,49.13,1107.9875,100.219,-76.0825,60.0,0,46.1330778895925
05.03.2030 15:00,8.48,70.468,53.08,,105.8375,1112.9775,31.227,37.0325,60.0,0,51.058580326296
05.03.2030 16:00,8.36,78.592,53.08,,122.89249999999998,993.2125,6.192,84.8325,2.35,0,50.3276917335011
05.03.2030 17:00,8.36,78.592,53.08,,146.17000000000002,556.6,17.679000000000002,82.695,2.35,0,45.2658413233562
05.03.2030 18:00,8.36,78.592,53.08,,137.185,762.21,31.2,43.95,2.35,0,44.3396138813137
05.03.2030 19:00,8.36,75.558,53.08,,115.3875,603.5174999999999,25.64,51.53,2.35,0,42.4271633783775
05.03.2030 20:00,8.36,64.761,53.08,,114.0325,618.8775,161.971,41.807500000000005,1.0,0,42.6217515390252
05.03.2030 21:00,8.36,61.347,53.08,,114.6825,544.7775,111.767,45.725,1.0,0,28.347639781419
05.03.2030 22:00,8.31,59.631,53.08,,104.19,451.1375000000001,4.018,45.60333333333333,1.0,0,23.7112385426528
05.03.2030 23:00,8.31,57.904,53.08,,91.8425,378.72,60.358,45.685,1.0,0,24.1507371975793
06.03.2030 00:00,8.31,63.994,53.08,,92.4675,348.6175,77.966,42.775,5.69,0,24.2374338273984
06.03.2030 01:00,8.31,60.989,53.08,,97.1175,374.845,97.361,52.2725,5.69,0,23.1372190458202
06.03.2030 02:00,8.31,60.915,53.08,,90.845,321.0925,6.477,56.57333333333333,5.69,0,21.9450565786446
06.03.2030 03:00,8.31,60.915,53.08,,93.4575,354.5375,0.326,80.95,5.69,0,20.9662880818736
06.03.2030 04:00,8.31,60.915,53.08,,97.5575,515.9,12.115,69.6475,8.0,0,20.6354360423455
06.03.2030 05:00,8.31,65.786,53.08,,129.7,639.8975,15.726,74.75333333333333,8.0,0,26.3811885489507
06.03.2030 06:00,8.48,68.941,53.08,,140.23250000000002,652.4225,17.218,79.43,8.0,0,24.8025043295586
06.03.2030 07:00,8.63,66.894,53.08,,107.9725,957.855,215.681,38.76,8.0,0,21.9382681650489
06.03.2030 08:00,8.84,58.185,53.08,,71.045,1039.37,1.536,52.44,35.75,0,18.5292554211691
06.03.2030 09:00,8.84,58.185,53.08,,28.8575,1103.1125,44.554,16.94333333333333,35.75,0,17.0087152770819
06.03.2030 10:00,8.84,58.185,53.08,,7.18,958.66,307.388,-26.2925,35.75,0,16.4082773647968
06.03.2030 11:00,8.84,58.185,53.08,,4.67,659.8625,402.362,-18.8525,35.75,0,16.8993924765367
06.03.2030 12:00,8.84,58.186,53.08,,-2.8725,648.3725,297.49800000000005,-17.9025,75.0,0,18.2216152188117
06.03.2030 13:00,8.84,60.915,53.08,,11.735,825.0274999999999,277.317,-4.3050000000000015,75.0,0,19.6409172537085
06.03.2030 14:00,8.63,72.143,53.08,,62.5825,1073.975,45.139,56.2,75.0,0,35.9361614082204
06.03.2030 15:00,8.48,81.371,53.08,,111.6725,1091.2875,52.636,42.485,75.0,0,52.3684227248053
06.03.2030 16:00,8.36,96.954,53.08,,159.04250000000002,1119.92,0.131,94.36,3.0,0,62.2274169643108
06.03.2030 17:00,8.36,99.072,53.08,,422.6875,919.2225,0.0,,3.0,0,58.4404628173827
06.03.2030 18:00,8.36,99.073,53.08,,256.335,1207.225,6.725,196.54,3.0,0,59.9735766065121
06.03.2030 19:00,8.36,99.074,53.08,,175.3475,1248.58,69.26299999999999,72.7825,3.0,0,66.6590774524832
06.03.2030 20:00,8.36,99.073,53.08,,138.21,935.4925,26.547,70.65333333333334,2.11,0,69.2535527129923
06.03.2030 21:00,8.36,91.782,53.08,,143.9075,869.415,53.99,77.05,2.11,0,70.9169746680409
06.03.2030 22:00,8.31,81.371,53.08,,120.005,694.8824999999999,101.076,72.7075,2.11,0,70.5595681932663
06.03.2030 23:00,8.31,78.592,53.08,,122.1675,470.705,27.014,65.5975,2.11,0,74.1500506995496
07.03.2030 00:00,8.31,76.787,53.08,,115.5125,472.0925,8.779,69.74,4.32,0,82.2806386922395
07.03.2030 01:00,8.31,76.786,53.08,,115.25,376.86,0.453,96.61666666666667,4.32,0,80.7996852654517
07.03.2030 02:00,8.31,76.786,53.08,,122.625,392.8475,0.263,105.44,4.32,0,78.3833675691333
07.03.2030 03:00,8.31,76.787,53.08,,129.0375,451.7375,6.249,85.96333333333332,4.32,0,78.719108598889
07.03.2030 04:00,8.31,77.125,53.08,,178.4625,799.87,27.992,84.77999999999999,4.3,0,76.7541242802888
07.03.2030 05:00,8.31,86.578,53.08,,308.73,1021.6675,24.631,71.295,4.3,0,75.5419277301135
07.03.2030 06:00,8.48,86.905,53.08,,239.1325,1039.125,322.053,65.775,4.3,0,68.8817940548891
07.03.2030 07:00,8.63,75.356,53.08,,160.1125,1344.815,210.332,44.5,4.3,0,48.2337439122248
07.03.2030 08:00,8.84,56.894,53.08,,98.715,1254.3175,18.996,28.885,28.54,0,19.2689041317516
07.03.2030 09:00,8.84,47.599,53.08,,58.9525,1198.4,53.07599999999999,7.539999999999999,28.54,0,14.2524147629007
07.03.2030 10:00,8.84,47.599,53.08,,37.23,1064.83,31.361,9.2475,28.54,0,12.9059466405798
07.03.2030 11:00,8.84,47.599,53.08,,9.4825,726.56,159.623,-74.0175,28.54,0,13.2073363646731
07.03.2030 12:00,8.84,51.937,53.08,,12.4075,715.8375,61.99,-27.965000000000003,62.95,0,14.7504180640775
07.03.2030 13:00,8.84,56.894,53.08,,46.555,914.1775,74.211,-8.017499999999998,62.95,0,16.8268149287192
07.03.2030 14:00,8.63,61.938,53.08,,91.675,1044.0625,20.722,20.05666666666667,62.95,0,40.6602752472222
07.03.2030 15:00,8.48,89.5434963944546,53.08,,119.5575,997.155,52.545,38.120000000000005,62.95,0,61.1804938080364
07.03.2030 16:00,8.36,222.499332359048,53.08,,174.505,903.1775,122.969,26.996666666666663,2.18,0,99.0732873049136
07.03.2030 17:00,8.36,230.186495250518,53.08,,267.5775,531.475,25.291,72.4675,2.18,0,93.8988311675383
07.03.2030 18:00,8.36,229.954114508203,53.08,,216.645,568.335,190.866,67.99249999999999,2.18,0,92.3139084636419
07.03.2030 19:00,8.36,222.878066258495,53.08,,145.69,538.355,87.471,69.355,2.18,0,100.676678251307
07.03.2030 20:00,8.36,112.559483659362,53.08,,135.0325,537.435,85.001,73.3625,1.5,0,99.9166389079936
07.03.2030 21:00,8.36,109.486374688952,53.08,,138.09,583.525,4.223,89.2775,1.5,0,95.3403864846705
07.03.2030 22:00,8.31,82.001,53.08,,133.5075,532.635,20.486,82.4375,1.5,0,75.0492950399116
07.03.2030 23:00,8.31,75.971,53.08,,111.195,510.9625,91.629,74.83500000000001,1.5,0,77.1580214848076
08.03.2030 00:00,8.02,70.681,53.08,,101.2675,437.8975,11.125,80.41,3.23,0,73.4783213355796
08.03.2030 01:00,8.02,68.646,53.08,,101.8625,285.6725,15.891,84.425,3.23,0,59.5427816961918
08.03.2030 02:00,8.02,64.926,53.08,,107.2075,229.035,4.085,84.84,3.23,0,53.4159094311368
08.03.2030 03:00,8.02,64.926,53.08,,105.775,182.9525,0.001,,3.23,0,52.9256853859785
08.03.2030 04:00,8.02,64.926,53.08,,115.14,300.2375,6.306,84.4525,3.42,0,50.6017700523119
08.03.2030 05:00,8.02,66.127,53.08,,129.1475,447.635,15.578,78.53999999999999,3.42,0,45.7056250632099
08.03.2030 06:00,8.15,64.926,53.08,,114.6,537.9100000000001,102.269,61.2,3.42,0,37.7856952330259
08.03.2030 07:00,8.24,27.527,53.08,,92.2075,959.5975,121.907,21.075000000000003,3.42,0,14.0968280786744
08.03.2030 08:00,8.37,22.254,53.08,,42.62,1011.7025,4.461,39.535,39.2,0,3.60602915087548
08.03.2030 09:00,8.37,19.6,53.08,,3.395,843.825,29.651,-1.3675000000000006,39.2,0,3.20653325813799
08.03.2030 10:00,8.37,19.6,53.08,,0.5499999999999998,700.2175,147.803,-69.6125,39.2,0,3.00954819826291
08.03.2030 11:00,8.37,19.6,53.08,,-7.805,600.23,173.879,-58.39,39.2,0,3.01289038294082
08.03.2030 12:00,8.37,19.6,53.08,,-14.245,534.59,476.618,-23.185,81.52,0,3.01949195857693
08.03.2030 13:00,8.37,19.6,53.08,,-1.08,784.7925,306.285,-18.21,81.52,0,3.37825543498773
08.03.2030 14:00,8.24,27.527,53.08,,41.2925,1079.2925,183.473,-0.8975,81.52,0,12.4542123945689
08.03.2030 15:00,8.15,33.305,53.08,,81.775,1167.775,327.134,4.4825,81.52,0,15.1812619017571
08.03.2030 16:00,8.06,42.747,53.08,,111.0975,1157.8875,34.334,59.8925,5.84,0,16.1378550161719
08.03.2030 17:00,8.06,42.747,53.08,,132.34,756.58,443.044,22.7825,5.84,0,16.1037348366653
08.03.2030 18:00,8.06,42.748,53.08,,87.9825,1024.205,619.813,5.925,5.84,0,15.8355139558945
08.03.2030 19:00,8.06,42.748,53.08,,72.785,950.955,543.962,9.8175,5.84,0,17.0646228845139
08.03.2030 20:00,8.06,42.748,53.08,,58.5875,905.73,179.527,26.5025,1.7,0,17.672451199353
08.03.2030 21:00,8.06,35.73,53.08,,61.1125,742.8775,418.441,17.155,1.7,0,18.6460035081715
08.03.2030 22:00,8.02,31.657,53.08,,59.010000000000005,634.16,138.25,44.9825,1.7,0,19.9705259448136
08.03.2030 23:00,8.02,29.724,53.08,,64.7025,555.8275,0.653,70.08749999999999,1.7,0,20.0860663535621
09.03.2030 00:00,8.0,42.663,53.08,,71.92,537.76,24.876,58.435,3.88,0,22.4998843652415
09.03.2030 01:00,8.0,42.663,53.08,,74.4,377.31,14.185,58.19,3.88,0,21.6959675178918
09.03.2030 02:00,8.0,42.663,53.08,,78.47,328.815,0.135,90.455,3.88,0,21.465206021193
09.03.2030 03:00,8.0,42.663,53.08,,80.37,282.105,0.0559999999999999,58.185,3.88,0,20.9866459778703
09.03.2030 04:00,8.0,42.663,53.08,,82.2325,325.8875,4.5520000000000005,73.735,3.86,0,21.5869918287866
09.03.2030 05:00,8.0,48.284,53.08,,80.2025,450.33,17.145,57.3525,3.86,0,21.9804599981543
09.03.2030 06:00,8.13,48.285,53.08,,75.5475,668.4475,4.7940000000000005,52.79,3.86,0,20.1796100483269
09.03.2030 07:00,8.23,45.933,53.08,,39.6675,973.07,25.869,-27.2325,3.86,0,18.3110214334969
09.03.2030 08:00,8.35,24.41,53.08,,10.8925,913.7925,0.269,39.165,52.5,0,15.358919015342
09.03.2030 09:00,8.35,24.41,53.08,,0.1600000000000001,960.7675,9.09,9.52,52.5,0,14.4073992525945
09.03.2030 10:00,8.35,24.41,53.08,,-11.4375,603.33,63.303,-55.962500000000006,52.5,0,13.7718599645911
09.03.2030 11:00,8.35,24.41,53.08,,-14.5775,489.76,147.531,-56.9475,52.5,0,13.6834733212543
09.03.2030 12:00,8.35,24.411,53.08,,-21.2125,570.8675000000001,137.281,0.9999999999999996,87.0,0,13.9742576158289
09.03.2030 13:00,8.35,24.411,53.08,,-1.9450000000000005,686.5975,80.211,2.3625000000000003,87.0,0,13.6948833149107
09.03.2030 14:00,8.23,31.77,53.08,,38.2575,959.9125,44.638000000000005,47.835,87.0,0,16.1217970925311
09.03.2030 15:00,8.13,59.824,53.08,,91.5825,1196.6775,0.191,96.8975,87.0,0,33.155400665849
09.03.2030 16:00,8.04,119.550512770756,53.08,,121.945,1014.8225,3.216,76.825,8.1,0,64.0787161691124
09.03.2030 17:00,8.04,177.644166808912,53.08,,142.26,730.2525,4.8950000000000005,88.32333333333334,8.1,0,78.1785310454281
09.03.2030 18:00,8.04,189.179039210453,53.08,,135.2925,581.7225000000001,13.81,84.07249999999999,8.1,0,75.6572710882606
09.03.2030 19:00,8.04,173.774360170044,53.08,,131.04,588.0975,26.649,48.51,8.1,0,79.0087132720905
09.03.2030 20:00,8.04,156.047667375911,53.08,,114.1375,476.3675,7.849,65.8375,1.64,0,84.9435033744481
09.03.2030 21:00,8.04,111.158389697976,53.08,,102.0475,343.7325,26.337,42.8875,1.64,0,88.2619402214797
09.03.2030 22:00,8.0,105.834000001859,53.08,,101.2675,456.5925,0.7150000000000001,81.2825,1.64,0,91.8059950263558
09.03.2030 23:00,8.0,78.592,53.08,,97.7575,352.8425,1.77,82.9975,1.64,0,82.2375003944885
10.03.2030 00:00,8.31,62.261,53.08,,98.51,333.74,16.278,65.0375,3.02,0,79.0138023523195
10.03.2030 01:00,8.31,61.331,53.08,,94.8775,213.9075,0.24,87.745,3.02,0,67.3953674384826
10.03.2030 02:00,8.31,59.109,53.08,,94.96,208.1225,0.006,87.67,3.02,0,66.6663293776549
10.03.2030 03:00,8.31,59.007,53.08,,103.135,314.19,0.036,107.5,3.02,0,64.8182011202929
10.03.2030 04:00,8.31,59.109,53.08,,122.7,523.4300000000001,1.843,94.335,3.03,0,61.200855880185
10.03.2030 05:00,8.31,62.261,53.08,,141.87,643.4725,33.146,73.3,3.03,0,54.6821201711408
10.03.2030 06:00,8.48,61.437,53.08,,149.465,654.855,5.876,89.785,3.03,0,45.5740770043484
10.03.2030 07:00,8.63,31.699,53.08,,123.11,923.2025,32.817,65.68,3.03,0,9.68106850263862
10.03.2030 08:00,8.84,5.308,53.08,,104.1425,1038.69,27.716,68.02,23.12,0,1.64323943402368
10.03.2030 09:00,8.84,5.102,53.08,,84.72749999999999,923.185,199.929,46.245,23.12,0,1.46089088414746
10.03.2030 10:00,8.84,5.102,53.08,,83.1625,761.785,104.531,51.05,23.12,0,1.32589913512172
10.03.2030 11:00,8.84,5.102,53.08,,68.0625,684.2675,140.755,55.765,23.12,0,1.34720923437108
10.03.2030 12:00,8.84,5.102,53.08,,69.485,712.7775,63.148,53.2575,41.15,0,1.44275283628527
10.03.2030 13:00,8.84,5.256,53.08,,85.7275,828.5475,7.832,82.85000000000001,41.15,0,1.52941819027242
10.03.2030 14:00,8.63,19.309,53.08,,104.08,884.105,11.841,88.1425,41.15,0,1.77975133656641
10.03.2030 15:00,8.48,32.066,53.08,,127.7575,972.76,88.26400000000001,63.58,41.15,0,12.0241592218565
10.03.2030 16:00,8.36,75.745,53.08,,138.26,792.7275,0.3369999999999999,95.12666666666668,3.74,0,38.2559598537942
10.03.2030 17:00,8.36,78.592,53.08,,150.6825,535.925,4.655,90.41,3.74,0,37.8759883211244
10.03.2030 18:00,8.36,78.592,53.08,,145.685,511.8675,233.288,81.98,3.74,0,38.1788441479395
10.03.2030 19:00,8.36,78.593,53.08,,128.94,693.1475,109.569,81.265,3.74,0,41.0913176656121
10.03.2030 20:00,8.36,75.745,53.08,,115.6,701.6175000000001,15.378,87.99000000000001,1.26,0,36.9159109738141
10.03.2030 21:00,8.36,65.319,53.08,,108.6825,490.71,35.39,85.19,1.26,0,31.6276228496044
10.03.2030 22:00,8.31,48.135,53.08,,102.915,461.8825,18.909,84.54666666666667,1.26,0,32.2958321056767
10.03.2030 23:00,8.31,31.098,53.08,,100.3875,311.7725,199.332,83.2025,1.26,0,9.66452791657918
11.03.2030 00:00,8.31,28.066,53.08,,96.64,356.9275,6.534999999999999,87.40333333333332,2.79,0,1.43821687352612
11.03.2030 01:00,8.31,20.471,53.08,,94.42,256.2375,62.523,83.6675,2.79,0,0.452667148655712
11.03.2030 02:00,8.31,20.275,53.08,,94.2275,267.365,59.015,85.5175,2.79,0,0.449968072978076
11.03.2030 03:00,8.31,20.275,53.08,,94.705,284.4525,74.644,84.7,2.79,0,0.448355531058806
11.03.2030 04:00,8.31,20.471,53.08,,104.605,345.015,47.288,84.28,2.8,0,0.445935443551526
11.03.2030 05:00,8.31,20.471,53.08,,125.2225,564.535,33.921,90.55666666666669,2.8,0,0.429357357672209
11.03.2030 06:00,8.48,20.471,53.08,,137.8675,539.2850000000001,17.585,86.97,2.8,0,0.3931702964345
11.03.2030 07:00,8.63,19.168,53.08,,137.37,778.91,0.188,97.18,2.8,0,0.312124303248137
11.03.2030 08:00,8.84,15.65,53.08,,122.8825,910.36,53.95199999999999,85.82666666666667,14.12,0,0.7964834893364
11.03.2030 09:00,8.84,15.65,53.08,,108.6425,1193.8,0.6739999999999999,91.16,14.12,0,0.761965655311136
11.03.2030 10:00,8.84,15.651,53.08,,99.8825,868.0675,6.627,82.34666666666668,14.12,0,0.948668444968804
11.03.2030 11:00,8.84,15.651,53.08,,100.385,723.455,16.405,88.65,14.12,0,0.954935850550245
11.03.2030 12:00,8.84,15.651,53.08,,99.6975,709.71,3.371,87.14,28.33,0,0.233947120593465
11.03.2030 13:00,8.84,15.651,53.08,,101.2725,829.2075,8.205,82.06,28.33,0,0.176611663417276
11.03.2030 14:00,8.63,16.627,53.08,,110.7075,747.6375,0.0,94.9,28.33,0,0.196244486264015
11.03.2030 15:00,8.48,20.275,53.08,,133.925,786.5975,1.673,94.295,28.33,0,0.229619800964342
11.03.2030 16:00,8.36,35.607,53.08,,154.015,779.9050000000001,21.21,94.58333333333331,2.77,0,1.69528036556968
11.03.2030 17:00,8.36,35.907,53.08,,156.2875,565.0350000000001,17.592,96.15,2.77,0,1.61661196262294
11.03.2030 18:00,8.36,35.907,53.08,,155.7825,554.7475,6.699999999999999,116.0925,2.77,0,1.68157813490138
11.03.2030 19:00,8.36,35.907,53.08,,146.8225,352.2175,60.201,86.59,2.77,0,1.80566681419469
11.03.2030 20:00,8.36,32.526,53.08,,125.1575,172.885,24.445,88.55,1.14,0,1.74545138720715
11.03.2030 21:00,8.36,29.738,53.08,,115.505,48.96,14.712000000000002,92.1525,1.14,0,0.931640782747302
11.03.2030 22:00,8.31,24.409,53.08,,100.585,151.27666666666667,26.181,89.13,1.14,0,0.0
11.03.2030 23:00,8.31,20.0,53.08,,110.2,302.845,40.728,85.93,1.14,0,0.0
12.03.2030 00:00,8.31,19.48,53.08,,103.745,298.8575,0.809,95.19,2.45,0,0.0
12.03.2030 01:00,8.31,17.51,53.08,,100.7025,310.99249999999995,15.713,85.85249999999999,2.45,0,0.0
12.03.2030 02:00,8.31,17.018,53.08,,101.0,241.09,1.149,94.1675,2.45,0,0.0
12.03.2030 03:00,8.31,17.018,53.08,,100.85,291.115,3.088,91.45666666666666,2.45,0,0.0
12.03.2030 04:00,8.31,17.018,53.08,,107.315,431.9525,5.048,95.0275,2.49,0,0.0
12.03.2030 05:00,8.31,17.018,53.08,,128.225,484.5475,1.74,102.23,2.49,0,0.0
12.03.2030 06:00,8.48,17.018,53.08,,147.31,506.085,0.792,121.79,2.49,0,0.0
12.03.2030 07:00,8.63,16.252,53.08,,145.425,599.0274999999999,4.227,115.3175,2.49,0,0.0
12.03.2030 08:00,8.84,15.874,53.08,,134.14,683.3725,47.870000000000005,93.95666666666666,9.2,0,0.0
12.03.2030 09:00,8.84,15.874,53.08,,116.8825,715.69,0.164,92.39,9.2,0,0.0
12.03.2030 10:00,8.84,15.874,53.08,,131.76749999999998,816.9300000000001,3.656,79.17,9.2,0,0.0
12.03.2030 11:00,8.84,15.874,53.08,,134.845,829.46,44.17,100.7375,9.2,0,0.0
12.03.2030 12:00,8.84,15.874,53.08,,120.0275,879.78,0.0,,18.45,0,0.0
12.03.2030 13:00,8.84,15.874,53.08,,122.0325,885.87,0.0,,18.45,0,0.0
12.03.2030 14:00,8.63,16.291,53.08,,142.82,1000.3775,5.172,110.53,18.45,0,0.0
12.03.2030 15:00,8.48,18.991,53.08,,153.54500000000002,950.9125,13.146999999999998,86.36333333333334,18.45,0,0.0
12.03.2030 16:00,8.36,42.501,53.08,,175.895,775.9200000000001,1.857,112.61666666666667,1.95,0,19.4125438927046
12.03.2030 17:00,8.36,54.478,53.08,,192.14,552.935,1.93,89.16,1.95,0,20.3342430176682
12.03.2030 18:00,8.36,54.479,53.08,,174.55,571.6524999999999,0.042,145.995,1.95,0,20.2453006870916
12.03.2030 19:00,8.36,54.479,53.08,,146.615,539.71,0.077,147.86,1.95,0,21.9094107904686
12.03.2030 20:00,8.36,54.479,53.08,,134.4675,547.7975,0.275,143.39666666666665,1.01,0,21.9789313682782
12.03.2030 21:00,8.36,54.479,53.08,,123.945,422.91,14.613,103.2075,1.01,0,21.8633344422193
12.03.2030 22:00,8.31,47.053,53.08,,109.6575,388.575,1.336,144.09,1.01,0,21.7542530398222
12.03.2030 23:00,8.31,44.098,53.08,,107.62,306.4,0.016,104.575,1.01,0,22.4091974426491
13.03.2030 00:00,8.31,55.874,53.08,,103.94,273.065,29.096,82.95333333333333,2.3,0,23.6670705556775
13.03.2030 01:00,8.31,55.26,53.08,,102.6325,247.765,130.677,80.5475,2.3,0,23.3300521046047
13.03.2030 02:00,8.31,55.259,53.08,,97.9575,270.92,1.314,89.92,2.3,0,22.7943154603505
13.03.2030 03:00,8.31,55.26,53.08,,100.56,305.1825,0.6930000000000001,92.52,2.3,0,22.4905083120663
13.03.2030 04:00,8.31,57.427,53.08,,107.1725,442.1975,41.53,96.025,2.27,0,22.5685333432958
13.03.2030 05:00,8.31,62.541,53.08,,126.76,565.905,20.258,104.44,2.27,0,22.9708513748666
13.03.2030 06:00,8.48,62.541,53.08,,148.16750000000002,490.235,34.276,105.5175,2.27,0,21.0664258441573
13.03.2030 07:00,8.63,60.68,53.08,,149.1725,732.8100000000001,60.662000000000006,100.4,2.27,0,19.3563424548129
13.03.2030 08:00,8.84,55.257,53.08,,125.2125,899.6025,113.2,91.065,6.44,0,17.2972874216725
13.03.2030 09:00,8.84,55.257,53.08,,105.3075,950.835,123.856,89.26666666666667,6.44,0,16.8650922815097
13.03.2030 10:00,8.84,55.257,53.08,,101.935,768.155,0.0659999999999999,102.86,6.44,0,16.2647040149379
13.03.2030 11:00,8.84,55.258,53.08,,114.2675,666.8425,0.107,101.03,6.44,0,15.9697060301448
13.03.2030 12:00,8.84,55.259,53.08,,119.6925,716.21,9.635,100.57,13.12,0,16.3693331444666
13.03.2030 13:00,8.84,55.259,53.08,,115.39,673.78,10.483,101.00666666666666,13.12,0,16.0701466034554
13.03.2030 14:00,8.63,55.259,53.08,,115.525,722.6975,0.002,,13.12,0,16.6276095584296
13.03.2030 15:00,8.48,60.68,53.08,,123.0025,808.3050000000001,14.12,106.07333333333332,13.12,0,18.3905534847704
13.03.2030 16:00,8.36,77.995,53.08,,145.32,862.35,50.874,92.4625,1.64,0,37.5340647501154
13.03.2030 17:00,8.36,83.967,53.08,,181.6925,766.1225,0.075,103.15,1.64,0,36.9428200987157
13.03.2030 18:00,8.36,83.968,53.08,,168.3725,640.3299999999999,0.0,,1.64,0,38.9451835150981
13.03.2030 19:00,8.36,83.968,53.08,,155.4625,765.1,5.834,102.86666666666667,1.64,0,43.9734697322576
13.03.2030 20:00,8.36,83.968,53.08,,134.82,618.9675,6.182,118.675,0.94,0,45.6416204789227
13.03.2030 21:00,8.36,78.65,53.08,,130.79,496.46,128.51,90.9375,0.94,0,48.9016675478183
13.03.2030 22:00,8.31,76.162,53.08,,117.1125,424.25,49.546,92.16666666666669,0.94,0,50.4678551965099
13.03.2030 23:00,8.31,72.869,53.08,,114.84,323.05499999999995,1.899,90.3425,0.94,0,52.4785900247645
14.03.2030 00:00,8.31,78.583,53.08,,110.91,227.435,6.7490000000000006,84.56,2.09,0,53.3365892264763
14.03.2030 01:00,8.31,78.583,53.08,,107.2575,208.6175,0.907,94.9,2.09,0,52.0796487956083
14.03.2030 02:00,8.31,78.583,53.08,,105.505,233.6425,0.258,98.4975,2.09,0,52.2584279895988
14.03.2030 03:00,8.31,78.584,53.08,,108.26,339.3375,0.075,107.28,2.09,0,53.5322372799889
14.03.2030 04:00,8.31,78.586,53.08,,111.2825,540.29,0.104,98.47,1.99,0,56.4472728009517
14.03.2030 05:00,8.31,78.592,53.08,,139.58249999999998,642.9175,0.1,89.3,1.99,0,57.4438884245091
14.03.2030 06:00,8.48,78.595,53.08,,154.1125,399.055,0.0,,1.99,0,51.7619162880287
14.03.2030 07:00,8.63,78.592,53.08,,167.8825,676.1025,5.575,121.5,1.99,0,45.1580385705073
14.03.2030 08:00,8.84,78.591,53.08,,140.8525,956.6775,48.969,102.8675,4.92,0,41.232562427776
14.03.2030 09:00,8.84,78.591,53.08,,117.8175,874.735,95.352,90.8975,4.92,0,40.7476679211734
14.03.2030 10:00,8.84,78.591,53.08,,108.7725,726.6975,163.817,87.6625,4.92,0,38.3324564543773
14.03.2030 11:00,8.84,78.591,53.08,,105.9925,557.04,182.486,87.85000000000001,4.92,0,36.9935511970681
14.03.2030 12:00,8.84,78.591,53.08,,102.98,743.785,0.165,97.65,10.29,0,36.0234969115231
14.03.2030 13:00,8.84,78.592,53.08,,106.5875,635.7725,0.086,102.46,10.29,0,35.7949877212003
14.03.2030 14:00,8.63,78.593,53.08,,121.4975,856.265,0.023,133.09,10.29,0,37.6028813351524
14.03.2030 15:00,8.48,79.787,53.08,,140.87,1020.78,0.018,146.0,10.29,0,41.563310144729
14.03.2030 16:00,8.36,91.993,53.08,,152.8575,906.05,0.104,114.255,1.33,0,48.6718219146899
14.03.2030 17:00,8.36,93.802,53.08,,153.0825,648.5025,0.0,,1.33,0,46.538833075362
14.03.2030 18:00,8.36,93.803,53.08,,151.6875,674.405,0.047,135.17333333333332,1.33,0,46.0541670706935
14.03.2030 19:00,8.36,93.804,53.08,,136.025,659.69,63.398,92.07,1.33,0,51.3810614002799
14.03.2030 20:00,8.36,93.77,53.08,,121.75,598.3475000000001,11.95,77.8775,0.86,0,52.6189425650458
14.03.2030 21:00,8.36,87.5,53.08,,116.74,401.9225,0.608,88.61,0.86,0,56.678701837934
14.03.2030 22:00,8.31,80.942,53.08,,108.7,402.825,35.686,68.08,0.86,0,61.2021655302343
14.03.2030 23:00,8.31,78.592,53.08,,99.9675,421.445,43.074,49.5775,0.86,0,62.2790839997595
15.03.2030 00:00,8.02,80.638,53.08,,86.325,414.44,0.458,63.336666666666666,2.46,0,64.747964477356
15.03.2030 01:00,8.02,80.615,53.08,,84.33500000000001,297.3725,1.921,73.60000000000001,2.46,0,63.9743131282963
15.03.2030 02:00,8.02,80.616,53.08,,85.125,317.97,19.027,56.9075,2.46,0,64.2907753182634
15.03.2030 03:00,8.02,80.641,53.08,,86.625,321.81,156.19,36.2525,2.46,0,65.0320545855171
15.03.2030 04:00,8.02,80.967,53.08,,90.9975,310.4475,22.023000000000003,62.255,2.55,0,64.5484945153249
15.03.2030 05:00,8.02,84.994,53.08,,92.4475,468.68,68.484,48.4475,2.55,0,61.2101989666814
15.03.2030 06:00,8.15,91.24,53.08,,92.49,409.835,3.725,70.97,2.55,0,56.3835016632249
15.03.2030 07:00,8.24,86.986,53.08,,85.9,584.8725,26.888,54.5825,2.55,0,48.3202923109117
15.03.2030 08:00,8.37,78.592,53.08,,82.385,695.6275,0.523,76.505,14.35,0,44.0202760253386
15.03.2030 09:00,8.37,78.592,53.08,,66.8225,734.28,0.011,56.080000000000005,14.35,0,41.7171528921484
15.03.2030 10:00,8.37,78.591,53.08,,70.2125,783.655,33.535,7.795,14.35,0,36.637813595846
15.03.2030 11:00,8.37,78.591,53.08,,63.3025,757.245,33.811,33.55,14.35,0,35.1411931554275
15.03.2030 12:00,8.37,78.592,53.08,,54.1675,785.4675,92.564,5.52,28.55,0,35.3127551108787
15.03.2030 13:00,8.37,78.593,53.08,,62.4125,769.5350000000001,30.273,64.2625,28.55,0,35.3521527816819
15.03.2030 14:00,8.24,81.294,53.08,,72.14750000000001,739.01,39.643,8.9425,28.55,0,39.88495000202
15.03.2030 15:00,8.15,88.691,53.08,,81.1175,852.7674999999999,62.561,42.5275,28.55,0,58.0065519584587
15.03.2030 16:00,8.06,102.002916718883,53.08,,105.1725,803.9925000000001,91.559,67.39750000000001,2.4,0,107.060312953263
15.03.2030 17:00,8.06,113.168834235266,53.08,,126.6275,545.4300000000001,0.905,82.31,2.4,0,119.050278005429
15.03.2030 18:00,8.06,114.431711006723,53.08,,126.245,538.7925,1.83,85.91,2.4,0,113.952220501608
15.03.2030 19:00,8.06,113.46645909552,53.08,,106.0925,522.055,25.933,159.18,2.4,0,123.541694329814
15.03.2030 20:00,8.06,111.660431548154,53.08,,100.605,491.055,4.183999999999999,102.8025,1.29,0,139.582120322474
15.03.2030 21:00,8.06,102.639416348442,53.08,,101.1475,382.5375,0.867,87.24,1.29,0,139.733405959872
15.03.2030 22:00,8.02,97.447984858194,53.08,,89.7825,361.005,4.69,80.1375,1.29,0,143.436574059239
15.03.2030 23:00,8.02,93.4110346971145,53.08,,87.245,313.65,0.0689999999999999,83.77000000000001,1.29,0,135.917645802942
16.03.2030 00:00,8.0,110.549385018825,53.08,,81.8875,258.2275,3.6309999999999993,66.81666666666666,2.51,0,119.716970342994
16.03.2030 01:00,8.0,103.012318496544,53.08,,79.36500000000001,240.2025,0.182,95.5475,2.51,0,120.872448127739
16.03.2030 02:00,8.0,101.130839165738,53.08,,83.245,216.0825,0.0,85.0,2.51,0,117.642260174175
16.03.2030 03:00,8.0,102.690684820601,53.08,,87.4875,277.5975,0.646,88.31333333333333,2.51,0,116.72303716496
16.03.2030 04:00,8.0,109.300504286625,53.08,,99.8225,304.2625,0.063,91.015,2.59,0,124.663507531485
16.03.2030 05:00,8.0,129.806957987783,53.08,,97.225,358.8875,6.536,51.49,2.59,0,122.39543910919
16.03.2030 06:00,8.13,119.31431803026,53.08,,92.815,537.94,112.02,38.145,2.59,0,90.8280176416065
16.03.2030 07:00,8.23,84.1443767389145,53.08,,71.5725,719.0074999999999,36.303,24.05333333333333,2.59,0,35.1828572403176
16.03.2030 08:00,8.35,59.205,53.08,,35.3,905.5975,101.35,15.545,32.0,0,10.2593162533086
16.03.2030 09:00,8.35,17.329,53.08,,0.7325000000000008,795.0475,98.503,-1.5574999999999992,32.0,0,2.50753532079005
16.03.2030 10:00,8.35,15.548,53.08,,-8.3875,626.0174999999999,13.971,19.185,32.0,0,2.15440508825277
16.03.2030 11:00,8.35,15.548,53.08,,-8.1375,527.4300000000001,127.553,-6.1525,32.0,0,1.99309091674862
16.03.2030 12:00,8.35,15.548,53.08,,-5.165,514.8425,176.297,-27.07,61.42,0,1.97098351431433
16.03.2030 13:00,8.35,16.121,53.08,,-6.065,548.355,175.155,-43.5825,61.42,0,2.09375557795166
16.03.2030 14:00,8.23,24.647,53.08,,4.15,780.9300000000001,24.461,8.85,61.42,0,6.90887749466133
16.03.2030 15:00,8.13,78.592,53.08,,58.33,1070.9425,39.53,34.2075,61.42,0,22.0670388889322
16.03.2030 16:00,8.04,110.448883975461,53.08,,97.3825,1068.7325,10.601,71.2825,3.52,0,89.6569030765553
16.03.2030 17:00,8.04,365.316899183619,53.08,,130.42000000000002,686.085,0.036,113.22,3.52,0,124.448574808732
16.03.2030 18:00,8.04,366.756162024208,53.08,,139.7175,687.7775,0.549,103.525,3.52,0,118.025346705566
16.03.2030 19:00,8.04,360.338708347557,53.08,,134.3875,624.6850000000001,0.3,102.2375,3.52,0,131.128684938225
16.03.2030 20:00,8.04,124.285471678009,53.08,,117.565,540.2475,35.401,36.056666666666665,1.55,0,131.381972687627
16.03.2030 21:00,8.04,107.230368362364,53.08,,115.1,519.0550000000001,0.738,39.76,1.55,0,121.817073487524
16.03.2030 22:00,8.0,93.8963720544709,53.08,,99.2825,559.9350000000001,125.606,41.73,1.55,0,90.2087429599075
16.03.2030 23:00,8.0,88.6136928942295,53.08,,93.25,518.08,647.708,16.75,1.55,0,83.4326398941856
17.03.2030 00:00,8.31,84.412,53.08,,81.5325,470.0475,261.668,31.205,3.74,0,71.1202195588251
17.03.2030 01:00,8.31,84.412,53.08,,75.045,387.895,106.716,47.9075,3.74,0,70.8383272171735
17.03.2030 02:00,8.31,84.341,53.08,,71.2375,378.75,195.777,41.6325,3.74,0,69.9521111354417
17.03.2030 03:00,8.31,84.341,53.08,,71.275,455.745,47.451,60.7875,3.74,0,65.0285869071726
17.03.2030 04:00,8.31,84.412,53.08,,78.1375,637.7149999999999,177.537,43.7,2.44,0,56.3143143727712
17.03.2030 05:00,8.31,87.975,53.08,,92.8775,740.585,181.47,13.852499999999996,2.44,0,49.0174280720202
17.03.2030 06:00,8.48,78.592,53.08,,126.3575,868.33,0.991,83.69666666666666,2.44,0,29.916909349678
17.03.2030 07:00,8.63,19.168,53.08,,88.0125,1022.1975,205.931,-6.857499999999998,2.44,0,0.646661268053075
17.03.2030 08:00,8.84,0.0,53.08,,67.36749999999999,1087.6325000000002,219.471,-52.9525,20.65,0,0.448737568762711
17.03.2030 09:00,8.84,0.0,53.08,,32.055,961.66,60.564,10.1675,20.65,0,0.591058560771782
17.03.2030 10:00,8.84,0.0,53.08,,8.267499999999998,814.21,216.114,-27.6625,20.65,0,0.715552007430942
17.03.2030 11:00,8.84,0.0,53.08,,0.515,623.0074999999999,1.511,58.96,20.65,0,0.829754833880647
17.03.2030 12:00,8.84,0.0,53.08,,22.6075,678.0350000000001,232.88,-37.99,44.67,0,0.481570320732481
17.03.2030 13:00,8.84,0.0,53.08,,49.125,1149.3675,656.4159999999999,-56.7325,44.67,0,0.31034167897557
17.03.2030 14:00,8.63,14.855,53.08,,69.72749999999999,1175.5975,458.63,-10.7175,44.67,0,0.391566203313557
17.03.2030 15:00,8.48,28.244,53.08,,89.1425,1125.1325,238.33,18.0525,44.67,0,1.74439209132083
17.03.2030 16:00,8.36,81.355,53.08,,121.185,1323.46,234.025,41.6875,2.35,0,47.641370468377
17.03.2030 17:00,8.36,193.099,53.08,,148.78,789.435,24.237,76.235,2.35,0,59.554172331186
17.03.2030 18:00,8.36,193.101,53.08,,153.8075,715.395,0.065,145.81,2.35,0,53.5308359167023
17.03.2030 19:00,8.36,193.103,53.08,,127.0675,697.985,1.111,107.91333333333334,2.35,0,55.9171179109358
17.03.2030 20:00,8.36,184.911,53.08,,115.5425,602.8025,5.836,87.2875,1.1,0,63.1942208237838
17.03.2030 21:00,8.36,86.997,53.08,,117.175,519.465,2.166,83.31666666666666,1.1,0,64.2177138790277
17.03.2030 22:00,8.31,82.064,53.08,,106.6975,478.615,4.678,81.7075,1.1,0,68.663793409145
17.03.2030 23:00,8.31,78.592,53.08,,94.75,431.25,0.142,79.49333333333334,1.1,0,67.0607328477878
18.03.2030 00:00,8.31,72.148,53.08,,97.83,327.67499999999995,4.072,88.59333333333332,2.42,0,47.2861272715306
18.03.2030 01:00,8.31,72.148,53.08,,97.8175,295.5,0.0,,2.42,0,22.5567744844281
18.03.2030 02:00,8.31,65.407,53.08,,100.04,302.8375,0.003,105.2,2.42,0,21.6156737997122
18.03.2030 03:00,8.31,64.497,53.08,,102.8625,412.43,0.183,110.6875,2.42,0,19.7502710058507
18.03.2030 04:00,8.31,58.878,53.08,,117.18,543.2175,1.358,97.02333333333333,2.2,0,15.1340154174512
18.03.2030 05:00,8.31,50.786,53.08,,140.98250000000002,552.2525,1.88,71.87,2.2,0,13.6556624112113
18.03.2030 06:00,8.48,20.0,53.08,,143.7325,689.8299999999999,301.926,49.03,2.2,0,0.615529377139829
18.03.2030 07:00,8.63,14.376,53.08,,105.7675,1006.38,91.124,37.29,2.2,0,0.409553979099264
18.03.2030 08:00,8.84,0.0,53.08,,63.4775,1018.0925,213.086,-43.267500000000005,47.23,0,0.628243443208526
18.03.2030 09:00,8.84,0.0,53.08,,19.55,1042.5375,77.515,-17.5775,47.23,0,0.547567620705221
18.03.2030 10:00,8.84,0.0,53.08,,-11.9275,733.6525,188.793,-20.1525,47.23,0,0.659006030168396
18.03.2030 11:00,8.84,0.0,53.08,,-16.625,621.0225,458.759,-63.6675,47.23,0,0.72407711150058
18.03.2030 12:00,8.84,0.0,53.08,,-22.0875,650.965,377.73,-12.7375,93.77,0,0.303888530381502
18.03.2030 13:00,8.84,0.0,53.08,,-8.825,809.415,304.336,-7.405000000000001,93.77,0,0.309908060286108
18.03.2030 14:00,8.63,16.661,53.08,,29.762500000000003,856.5025,212.241,22.5675,93.77,0,0.419165511401805
18.03.2030 15:00,8.48,50.802,53.08,,87.9925,1243.5325,61.605,51.3825,93.77,0,10.424521113039
18.03.2030 16:00,8.36,78.868,53.08,,134.5525,1211.0825,9.367,81.18,2.0,0,51.4829013407188
18.03.2030 17:00,8.36,91.782,53.08,,149.665,821.09,3.2630000000000003,96.9,2.0,0,52.933547054496
18.03.2030 18:00,8.36,91.783,53.08,,150.055,846.4925000000001,1.301,96.71,2.0,0,56.0140428297725
18.03.2030 19:00,8.36,91.784,53.08,,138.175,669.66,28.822,82.215,2.0,0,58.6528448976606
18.03.2030 20:00,8.36,91.785,53.08,,118.055,551.585,49.747,71.14333333333333,0.96,0,62.4709279375006
18.03.2030 21:00,8.36,91.784,53.08,,109.5875,543.4350000000001,11.066,96.045,0.96,0,62.0017495179638
18.03.2030 22:00,8.31,77.606,53.08,,106.1575,418.2875,2.52,88.1375,0.96,0,60.6759363832138
18.03.2030 23:00,8.31,72.331,53.08,,97.59,375.925,6.516,72.71,0.96,0,59.3339158252557
19.03.2030 00:00,8.31,75.355,53.08,,97.7825,308.8825,2.718,90.8525,2.18,0,40.450919225097
19.03.2030 01:00,8.31,72.325,53.08,,96.7575,283.7975,0.1099999999999999,,2.18,0,34.212141893214
19.03.2030 02:00,8.31,68.36,53.08,,103.83,309.35,7.387,83.7075,2.18,0,23.049136345348
19.03.2030 03:00,8.31,63.683,53.08,,107.995,313.02750000000003,5.101999999999999,84.6375,2.18,0,20.6807025892948
19.03.2030 04:00,8.31,60.002,53.08,,117.7875,495.8575,2.597,67.8,1.98,0,19.2272513228004
19.03.2030 05:00,8.31,56.651,53.08,,142.93,537.115,0.8130000000000001,111.165,1.98,0,17.6726704897882
19.03.2030 06:00,8.48,39.344,53.08,,150.1775,815.135,65.288,36.75666666666667,1.98,0,0.0
19.03.2030 07:00,8.63,19.541,53.08,,103.0925,1085.8049999999998,20.933,-2.5900000000000003,1.98,0,0.0
19.03.2030 08:00,8.84,17.635,53.08,,54.6225,1056.955,86.14099999999999,-53.6225,42.0,0,0.0
19.03.2030 09:00,8.84,15.917,53.08,,22.255,1015.2425,218.744,-25.8725,42.0,0,0.0
19.03.2030 10:00,8.84,15.917,53.08,,2.51,565.5525,278.054,-53.557500000000005,42.0,0,0.0
19.03.2030 11:00,8.84,15.917,53.08,,-17.51,544.1225,362.482,-7.439999999999999,42.0,0,0.0
19.03.2030 12:00,8.84,16.159,53.08,,-17.71,648.4725,535.568,-24.895,85.52,0,0.0
19.03.2030 13:00,8.84,16.702,53.08,,1.2950000000000017,836.2425,239.688,36.965,85.52,0,0.0
19.03.2030 14:00,8.63,18.085,53.08,,62.775,1057.9225,13.997,79.515,85.52,0,0.0
19.03.2030 15:00,8.48,20.0,53.08,,102.105,1133.5075,8.434,79.985,85.52,0,0.0
19.03.2030 16:00,8.36,42.557,53.08,,144.04000000000002,1180.25,100.501,46.495000000000005,1.74,0,10.6905102419557
19.03.2030 17:00,8.36,44.439,53.08,,251.35,1090.0,26.885,90.585,1.74,0,10.3917189820875
19.03.2030 18:00,8.36,44.439,53.08,,279.3575,832.455,1.327,88.49,1.74,0,10.105471279637
19.03.2030 19:00,8.36,44.44,53.08,,169.7,999.96,40.664,84.55,1.74,0,10.7964784005107
19.03.2030 20:00,8.36,44.44,53.08,,139.6475,770.06,7.479,79.28,0.85,0,10.9636339630399
19.03.2030 21:00,8.36,44.44,53.08,,127.25,585.1475,9.162,103.8375,0.85,0,11.5315638440702
19.03.2030 22:00,8.31,41.657,53.08,,111.685,475.0825,38.145,79.7825,0.85,0,12.5637526944397
19.03.2030 23:00,8.31,39.264,53.08,,114.16,429.425,47.489,73.245,0.85,0,12.9558458235214
20.03.2030 00:00,8.31,41.805,53.08,,105.2075,356.8325,140.829,77.115,1.93,0,14.0413727431495
20.03.2030 01:00,8.31,41.805,53.08,,100.9025,286.175,32.515,80.45,1.93,0,14.5314435372697
20.03.2030 02:00,8.31,41.806,53.08,,100.2175,264.615,6.013,88.94666666666666,1.93,0,14.7827249685268
20.03.2030 03:00,8.31,45.35,53.08,,113.0625,314.67,16.326999999999998,86.6775,1.93,0,15.4746122545121
20.03.2030 04:00,8.31,47.213,53.08,,126.7,428.7925,29.739,84.745,1.74,0,14.6011949443425
20.03.2030 05:00,8.31,47.314,53.08,,145.555,561.4475,37.245,85.05666666666667,1.74,0,12.7171457657317
20.03.2030 06:00,8.48,45.35,53.08,,132.2975,800.3775,121.449,75.535,1.74,0,11.0326480905303
20.03.2030 07:00,8.63,27.758,53.08,,100.7,1001.3125,3.4210000000000003,66.53666666666668,1.74,0,1.35594387010498
20.03.2030 08:00,8.84,0.0,53.08,,86.8625,1071.3175,67.169,2.1725,37.54,0,0.479743843739359
20.03.2030 09:00,8.84,0.0,53.08,,67.3425,1216.22,72.845,9.775,37.54,0,0.628039349813392
20.03.2030 10:00,8.84,0.0,53.08,,56.9125,1162.4275,330.102,16.2125,37.54,0,0.814614274452975
20.03.2030 11:00,8.84,0.0,53.08,,28.5625,746.6725,338.137,17.135,37.54,0,0.883612915761656
20.03.2030 12:00,8.84,0.0,53.08,,11.435,762.435,252.015,14.545,73.15,0,0.466529723611933
20.03.2030 13:00,8.84,0.0,53.08,,26.86,952.58,11.96,40.83,73.15,0,0.288700211278818
20.03.2030 14:00,8.63,0.0,53.08,,77.8625,1033.0925,0.047,100.39666666666666,73.15,0,0.343002590605023
20.03.2030 15:00,8.48,19.333,53.08,,106.5225,1150.8200000000002,27.44,81.50333333333333,73.15,0,0.529334999686027
20.03.2030 16:00,8.36,64.655,53.08,,147.78,1136.5875,118.906,58.4675,1.54,0,45.7048478513997
20.03.2030 17:00,8.36,82.099,53.08,,289.89,773.22,20.751,77.69,1.54,0,57.5961538065859
20.03.2030 18:00,8.36,82.1,53.08,,253.5725,703.8575,11.237,94.14,1.54,0,55.1062828837006
20.03.2030 19:00,8.36,82.101,53.08,,160.2275,766.3475,17.784,104.19,1.54,0,58.087538346471
20.03.2030 20:00,8.36,82.101,53.08,,135.545,619.335,54.189,83.7675,1.0,0,63.3020204616241
20.03.2030 21:00,8.36,66.281,53.08,,124.785,424.7975,138.248,75.74,1.0,0,59.7990190958361
20.03.2030 22:00,8.31,59.906,53.08,,114.0825,328.755,0.0,,1.0,0,46.7394431774926
20.03.2030 23:00,8.31,46.238,53.08,,111.0325,404.965,7.429,74.86,1.0,0,42.5611671794705
21.03.2030 00:00,8.31,40.134,53.08,,106.8325,414.005,0.39,92.5075,1.75,0,30.5261130762238
21.03.2030 01:00,8.31,38.038,53.08,,105.5625,405.555,2.757,84.44749999999999,1.75,0,23.9431389999985
21.03.2030 02:00,8.31,38.037,53.08,,106.745,299.62,0.261,90.865,1.75,0,22.5603315385007
21.03.2030 03:00,8.31,38.038,53.08,,105.2325,322.42,34.905,80.19333333333333,1.75,0,21.1071550521199
21.03.2030 04:00,8.31,38.038,53.08,,120.005,390.3875,4.587,84.3025,1.6,0,20.4037570792409
21.03.2030 05:00,8.31,43.049,53.08,,136.18,604.6424999999999,80.188,71.84,1.6,0,18.7261451063822
21.03.2030 06:00,8.48,33.214,53.08,,120.975,873.9675,137.251,44.355,1.6,0,11.7435238521649
21.03.2030 07:00,8.63,0.0,53.08,,85.205,1059.3674999999998,134.19299999999998,23.4825,1.6,0,0.326160892395134
21.03.2030 08:00,8.84,0.0,53.08,,54.5825,1170.77,130.284,3.942500000000001,33.54,0,0.432764860242643
21.03.2030 09:00,8.84,0.0,53.08,,34.8825,1166.7424999999998,209.879,-15.38,33.54,0,0.614191024355475
21.03.2030 10:00,8.84,-17.3025164287548,53.08,,1.6849999999999996,877.5550000000001,174.151,-19.1,33.54,0,0.806018941617106
21.03.2030 11:00,8.84,-22.2213174199804,53.08,,-11.305,891.2175,289.881,-28.5225,33.54,0,0.904767126999081
21.03.2030 12:00,8.84,0.0,53.08,,-16.495,816.195,117.004,-14.65,71.2,0,0.422842063457116
21.03.2030 13:00,8.84,0.0,53.08,,-8.7975,827.3675000000001,149.118,4.842499999999999,71.2,0,0.283141319327698
21.03.2030 14:00,8.63,0.0,53.08,,13.79,867.1425,145.09699999999998,1.8900000000000008,71.2,0,0.30268462238468
21.03.2030 15:00,8.48,22.636,53.08,,45.3825,1097.7925,133.754,-20.105,71.2,0,0.513654446282777
21.03.2030 16:00,8.36,65.229,53.08,,79.13,945.2625,23.931,21.995,6.8,0,34.4237014066961
21.03.2030 17:00,8.36,83.427,53.08,,163.615,1091.2175,515.759,-32.5225,6.8,0,43.4430340207877
21.03.2030 18:00,8.36,83.428,53.08,,80.1275,1255.5175,452.814,-34.7925,6.8,0,41.9887495159774
21.03.2030 19:00,8.36,83.429,53.08,,36.685,1116.76,296.058,-38.7475,6.8,0,45.6005822607017
21.03.2030 20:00,8.36,80.967,53.08,,13.3225,754.7725,159.77700000000002,-39.8125,8.8,0,47.4350891166779
21.03.2030 21:00,8.36,72.627,53.08,,4.61,553.5775,46.794,-7.7625,8.8,0,48.2800605080776
21.03.2030 22:00,8.31,65.229,53.08,,0.2349999999999998,395.96,87.689,-35.4525,8.8,0,46.5983124822427
21.03.2030 23:00,8.31,64.171,53.08,,0.0824999999999999,362.825,104.643,-63.54,8.8,0,50.1163649207242
22.03.2030 00:00,8.02,74.863,53.08,,1.15,307.9525,10.514,-2.5250000000000004,16.89,0,53.0837569038755
22.03.2030 01:00,8.02,74.863,53.08,,-0.2875,283.6775,36.372,-22.5175,16.89,0,53.965938181438
22.03.2030 02:00,8.02,74.864,53.08,,-0.35,220.5775,20.937,-1.6224999999999996,16.89,0,55.558516282283
22.03.2030 03:00,8.02,78.592,53.08,,-0.7075,258.025,135.151,-78.35249999999999,16.89,0,58.59275863251
22.03.2030 04:00,8.02,81.209,53.08,,-1.925,315.0275,55.489,-31.0725,13.16,0,58.5687624539651
22.03.2030 05:00,8.02,84.728,53.08,,-2.5325,338.025,87.728,-38.505,13.16,0,58.3027442288868
22.03.2030 06:00,8.15,80.892,53.08,,-3.29,464.8625,63.532,-44.6425,13.16,0,46.4345181345186
22.03.2030 07:00,8.24,49.926,53.08,,-6.35,679.1899999999999,506.327,-141.4,13.16,0,10.951740285805
22.03.2030 08:00,8.37,15.779,53.08,,-14.3975,995.61,751.235,-2124.3125,42.1,0,1.21379338423859
22.03.2030 09:00,8.37,0.0,53.08,,-22.255000000000003,1076.4925,734.793,-513.6475,42.1,0,1.0253083340643
22.03.2030 10:00,8.37,0.0,53.08,,-40.15,1087.5925,505.452,-152.3175,42.1,0,1.05053011348717
22.03.2030 11:00,8.37,0.0,53.08,,-55.535,1051.2975,381.78,-148.5775,42.1,0,1.11063068693008
22.03.2030 12:00,8.37,0.0,53.08,,-49.835,1101.5175,237.998,-107.7825,78.73,0,0.853418348662842
22.03.2030 13:00,8.37,0.0,53.08,,-33.575,948.23,241.44,-111.2825,78.73,0,0.870397009386218
22.03.2030 14:00,8.24,15.982,53.08,,-12.58,901.3975,248.039,-88.2,78.73,0,1.08973109213632
22.03.2030 15:00,8.15,41.757,53.08,,-6.91,1132.135,200.386,-1206.2399999999998,78.73,0,10.0536812805422
22.03.2030 16:00,8.06,90.6632468226153,53.08,,16.287499999999998,1101.6125,134.467,-155.455,16.55,0,49.7626456082662
22.03.2030 17:00,8.06,177.118001590839,53.08,,40.33,825.505,272.704,-99.7525,16.55,0,105.858275505517
22.03.2030 18:00,8.06,177.625129194576,53.08,,38.58,893.555,189.174,-100.405,16.55,0,108.363565686717
22.03.2030 19:00,8.06,176.537518707428,53.08,,22.0825,780.255,57.635000000000005,-53.46,16.55,0,114.836274203322
22.03.2030 20:00,8.06,172.091649166514,53.08,,14.25,537.865,35.269,-28.0,7.86,0,125.92935747747
22.03.2030 21:00,8.06,109.170405676739,53.08,,10.7,518.0725,47.178,-29.28,7.86,0,116.834443409215
22.03.2030 22:00,8.02,96.5183217042641,53.08,,13.572500000000002,478.3975,12.242,20.8275,7.86,0,91.678889315487
22.03.2030 23:00,8.02,92.0002390810137,53.08,,13.3,419.365,27.409,4.432499999999999,7.86,0,78.9992257629943
23.03.2030 00:00,8.0,95.2207769461634,53.08,,15.815,414.5775,35.394,0.2324999999999999,13.25,0,101.056671813051
23.03.2030 01:00,8.0,94.0755758386265,53.08,,8.645,360.38,13.121,28.18,13.25,0,106.158301965263
23.03.2030 02:00,8.0,94.2922790766115,53.08,,4.22,366.385,31.723,0.8025000000000007,13.25,0,105.191874065043
23.03.2030 03:00,8.0,94.190201867747,53.08,,0.48,325.675,1.549,70.72,13.25,0,100.87206511687
23.03.2030 04:00,8.0,96.9251297875186,53.08,,3.72,316.5125,28.115,4.38,9.64,0,88.7204602750905
23.03.2030 05:00,8.0,104.256848415264,53.08,,4.88,377.6025,50.349,-7.175,9.64,0,82.3205413990757
23.03.2030 06:00,8.13,86.5622594567435,53.08,,4.5575,458.71,2.077,29.149999999999995,9.64,0,30.0815187654263
23.03.2030 07:00,8.23,24.289,53.08,,13.23,627.075,2.459,44.24666666666667,9.64,0,0.712783729405983
23.03.2030 08:00,8.35,14.347,53.08,,19.7825,932.2875,13.132,22.7175,33.89,0,0.522614877053295
23.03.2030 09:00,8.35,0.0,53.08,,17.46,920.26,36.370000000000005,36.025,33.89,0,0.637047243017094
23.03.2030 10:00,8.35,0.0,53.08,,16.685,769.69,33.364,-4.5,33.89,0,0.757154229282943
23.03.2030 11:00,8.35,-9.98517902028043,53.08,,9.38,886.5550000000001,14.29,14.955,33.89,0,0.794109671463627
23.03.2030 12:00,8.35,-6.90187011777935,53.08,,1.91,826.8924999999999,0.6890000000000001,59.235,64.02,0,0.471601069690417
23.03.2030 13:00,8.35,0.0,53.08,,5.029999999999999,915.08,4.393,25.55333333333333,64.02,0,0.245672163075138
23.03.2030 14:00,8.23,14.316,53.08,,55.6925,1001.12,0.7390000000000001,88.83333333333333,64.02,0,0.299074067742555
23.03.2030 15:00,8.13,21.976,53.08,,94.9475,967.075,0.306,95.4275,64.02,0,0.516449975885984
23.03.2030 16:00,8.04,81.587,53.08,,121.33,899.3050000000001,0.129,113.95,8.19,0,29.0503050128365
23.03.2030 17:00,8.04,141.687904915167,53.08,,140.4,722.3275,0.0,,8.19,0,73.0721579140261
23.03.2030 18:00,8.04,142.7724137797,53.08,,150.60250000000002,606.0425,0.0,,8.19,0,72.7016241405675
23.03.2030 19:00,8.04,143.134021042488,53.08,,151.76749999999998,667.39,4.506,95.905,8.19,0,74.5997688238128
23.03.2030 20:00,8.04,140.51695468815,53.08,,141.1575,650.385,3.051,98.4525,4.5,0,88.7663895352531
23.03.2030 21:00,8.04,104.725190789169,53.08,,136.95,567.115,0.006,120.01,4.5,0,93.2498934703372
23.03.2030 22:00,8.0,94.8753586527155,53.08,,120.2675,385.35,0.064,104.44666666666669,4.5,0,91.3181636585864
23.03.2030 23:00,8.0,93.7130332547781,53.08,,115.1675,417.8675,4.220000000000001,89.4225,4.5,0,104.770724940247
24.03.2030 00:00,8.31,98.5985350574048,53.08,,114.7375,379.585,1.639,88.52250000000001,6.83,0,119.739578483029
24.03.2030 01:00,8.31,98.0979982610478,53.08,,111.72,348.805,0.452,93.02,6.83,0,128.956386171552
24.03.2030 02:00,8.31,98.2681642155419,53.08,,109.3125,309.2075,0.305,94.7725,6.83,0,130.506443490123
24.03.2030 03:00,8.31,100.131098624028,53.08,,109.0825,321.7875,18.809,62.82,6.83,0,115.484984881839
24.03.2030 04:00,8.31,107.841938183567,53.08,,113.2375,532.185,38.114,61.555,5.46,0,107.575307250959
24.03.2030 05:00,8.31,110.533885074242,53.08,,151.2625,560.2975,3.87,100.92666666666666,5.46,0,97.6753316803853
24.03.2030 06:00,8.48,95.3132605041018,53.08,,157.1175,529.6475,0.295,108.68,5.46,0,51.3864304990182
24.03.2030 07:00,8.63,41.102,53.08,,163.155,899.1600000000001,0.0419999999999999,98.99,5.46,0,10.2421649996989
24.03.2030 08:00,8.84,14.323,53.08,,153.5275,1089.75,1.606,95.88666666666666,19.93,0,1.09742633927813
24.03.2030 09:00,8.84,0.0,53.08,,137.6225,1311.455,13.605,71.325,19.93,0,0.903472847698457
24.03.2030 10:00,8.84,-10.6995546161789,53.08,,121.35,1174.655,60.252,34.025,19.93,0,1.07062168075392
24.03.2030 11:00,8.84,0.0,53.08,,98.4,906.985,137.564,32.7325,19.93,0,1.0689024962302
24.03.2030 12:00,8.84,0.0,53.08,,90.7325,749.2049999999999,51.868,73.6425,33.71,0,0.795513638453507
24.03.2030 13:00,8.84,0.0,53.08,,88.4725,885.705,19.241,54.3,33.71,0,0.896018011656395
24.03.2030 14:00,8.63,14.927,53.08,,95.8275,915.9675,37.118,86.5175,33.71,0,1.14950545357001
24.03.2030 15:00,8.48,64.887,53.08,,105.39,814.8,28.432,103.255,33.71,0,10.8821774308624
24.03.2030 16:00,8.36,103.422611548454,53.08,,166.265,880.9350000000001,17.496,101.705,3.87,0,66.4883481347679
24.03.2030 17:00,8.36,270.769300580213,53.08,,210.39,788.7225,1.969,99.53,3.87,0,126.365911682984
24.03.2030 18:00,8.36,275.598381870717,53.08,,211.1425,546.73,0.0,,3.87,0,119.487236830726
24.03.2030 19:00,8.36,272.520971608939,53.08,,157.3025,293.0325,42.544,85.6275,3.87,0,129.185436728359
24.03.2030 20:00,8.36,264.8944226685,53.08,,134.08,158.4075,181.99,69.405,2.76,0,146.080807787272
24.03.2030 21:00,8.36,118.257194880368,53.08,,115.905,62.120000000000005,101.013,68.3175,2.76,0,143.388881071721
24.03.2030 22:00,8.31,109.743283648432,53.08,,96.17,208.7975,12.108999999999998,66.89,2.76,0,139.898270086732
24.03.2030 23:00,8.31,99.8951729659817,53.08,,105.45,347.54,30.262,65.74249999999999,2.76,0,129.330275233019
25.03.2030 00:00,8.31,93.6525704024444,53.08,,99.32,363.7875,4.508,81.01,4.4,0,120.944152856381
25.03.2030 01:00,8.31,93.521641279943,53.08,,94.2325,394.3475,0.636,88.57000000000001,4.4,0,111.212106174035
25.03.2030 02:00,8.31,93.2123877833785,53.08,,94.785,277.145,11.141,77.67,4.4,0,119.059376707654
25.03.2030 03:00,8.31,93.4599577797602,53.08,,91.875,298.9575,0.753,78.01,4.4,0,114.742307943572
25.03.2030 04:00,8.31,93.4008653398906,53.08,,99.645,436.56,5.732,82.5625,3.55,0,118.566700181717
25.03.2030 05:00,8.31,92.9056536870033,53.08,,122.8875,497.4425,34.53,79.905,3.55,0,106.458344283371
25.03.2030 06:00,8.48,70.558,53.08,,121.155,548.9525,0.275,96.24666666666668,3.55,0,20.3836882614673
25.03.2030 07:00,8.63,16.027,53.08,,110.8725,741.1275,29.968,68.1875,3.55,0,0.919182003579038
25.03.2030 08:00,8.84,0.0,53.08,,97.2525,912.165,76.835,36.495000000000005,15.42,0,0.640838890146465
25.03.2030 09:00,8.84,0.0,53.08,,82.57,1072.28,104.463,17.525,15.42,0,0.485315050095385
25.03.2030 10:00,8.84,0.0,53.08,,67.6375,1055.6675,172.607,-11.935,15.42,0,0.603165956966649
25.03.2030 11:00,8.84,-29.8917530844482,53.08,,41.005,897.0275,370.501,-48.735,15.42,0,0.764735302474182
25.03.2030 12:00,8.84,0.0,53.08,,19.8425,941.365,334.347,4.2425,26.77,0,0.207551228233839
25.03.2030 13:00,8.84,0.0,53.08,,40.255,1004.885,312.296,12.94,26.77,0,0.227811833699658
25.03.2030 14:00,8.63,14.376,53.08,,74.94500000000001,1038.585,24.299,-6.287500000000001,26.77,0,0.296408799095529
25.03.2030 15:00,8.48,32.581,53.08,,94.42,984.36,35.984,-7.8225,26.77,0,1.29961972672414
25.03.2030 16:00,8.36,78.592,53.08,,124.69,977.115,3.611,83.91333333333334,2.87,0,45.3697664769226
25.03.2030 17:00,8.36,81.208,53.08,,146.335,600.3575000000001,4.882,77.78,2.87,0,49.9095205604383
25.03.2030 18:00,8.36,81.209,53.08,,148.23000000000002,605.8275,3.409,99.6,2.87,0,49.9632509629891
25.03.2030 19:00,8.36,81.209,53.08,,131.295,633.51,0.83,78.79666666666667,2.87,0,52.7796175845513
25.03.2030 20:00,8.36,81.21,53.08,,116.58,567.31,188.34,19.9375,1.93,0,58.1011592661524
25.03.2030 21:00,8.36,81.211,53.08,,106.7475,527.8399999999999,280.858,57.39,1.93,0,62.9826844950892
25.03.2030 22:00,8.31,78.592,53.08,,100.5975,480.0975,188.021,62.425,1.93,0,71.3684165890117
25.03.2030 23:00,8.31,76.787,53.08,,98.8575,402.8,8.109,70.85,1.93,0,74.7241950278778
26.03.2030 00:00,8.31,72.663,53.08,,100.25,415.3175,28.298,54.580000000000005,3.39,0,71.8295950345957
26.03.2030 01:00,8.31,72.663,53.08,,98.86,322.48749999999995,30.230000000000004,68.535,3.39,0,40.1495470244506
26.03.2030 02:00,8.31,61.296,53.08,,99.275,264.41,30.209,70.9725,3.39,0,27.3404562357737
26.03.2030 03:00,8.31,61.296,53.08,,94.685,273.985,2.604,71.225,3.39,0,28.3284055196282
26.03.2030 04:00,8.31,64.061,53.08,,102.7825,482.8875,27.863,61.69500000000001,2.69,0,29.8140294811095
26.03.2030 05:00,8.31,58.37,53.08,,117.955,624.36,62.717,62.7525,2.69,0,27.9146664486592
26.03.2030 06:00,8.48,20.153,53.08,,128.01250000000002,504.885,25.049,64.23,2.69,0,0.0
26.03.2030 07:00,8.63,14.29,53.08,,127.365,747.7775,16.121,68.03,2.69,0,0.0
26.03.2030 08:00,8.84,0.0,53.08,,114.825,792.6675,61.704,58.16666666666666,11.32,0,0.0
26.03.2030 09:00,8.84,-29.9975017414708,53.08,,105.155,872.8725,0.582,57.48,11.32,0,0.0
26.03.2030 10:00,8.84,-41.0768140616354,53.08,,102.99,525.73,20.538,52.06,11.32,0,0.0
26.03.2030 11:00,8.84,-60.393078583666,53.08,,115.6825,631.9275,0.008,69.74,11.32,0,0.0
26.03.2030 12:00,8.84,-56.6150149683305,53.08,,129.26999999999998,708.14,0.013,165.98,23.13,0,0.0
26.03.2030 13:00,8.84,-30.6128782610466,53.08,,140.11,714.8775,0.003,,23.13,0,0.0
26.03.2030 14:00,8.63,-15.6707402985213,53.08,,141.6625,771.215,0.111,115.84,23.13,0,0.0
26.03.2030 15:00,8.48,6.0,53.08,,147.4025,1291.23,0.432,99.94,23.13,0,0.0
26.03.2030 16:00,8.36,51.962,53.08,,152.1525,1348.2825,0.383,109.2666666666667,2.17,0,9.85329668357405
26.03.2030 17:00,8.36,73.402,53.08,,162.76250000000002,837.615,0.049,112.14,2.17,0,36.4380068960047
26.03.2030 18:00,8.36,75.599,53.08,,163.8325,680.575,0.027,125.49,2.17,0,38.6558031983718
26.03.2030 19:00,8.36,75.355,53.08,,141.4725,635.665,0.523,96.8425,2.17,0,40.1073558006561
26.03.2030 20:00,8.36,75.355,53.08,,119.2075,571.515,0.177,106.8025,1.32,0,41.5828174145692
26.03.2030 21:00,8.36,73.932,53.08,,113.465,532.735,1.827,95.7875,1.32,0,46.680285457842
26.03.2030 22:00,8.31,71.565,53.08,,107.555,408.7425,2.588,78.19999999999999,1.32,0,55.9211807826267
26.03.2030 23:00,8.31,71.565,53.08,,100.1325,350.125,0.443,77.62,1.32,0,64.7029095352485
27.03.2030 00:00,8.31,73.529,53.08,,94.3025,296.2025,0.0,,2.8,0,70.3980497825584
27.03.2030 01:00,8.31,73.529,53.08,,96.6125,305.57,12.094,68.35333333333334,2.8,0,69.1034120176925
27.03.2030 02:00,8.31,73.831,53.08,,95.4425,236.7775,0.663,66.53,2.8,0,64.2770623945148
27.03.2030 03:00,8.31,78.592,53.08,,93.9425,312.5525,5.162,86.595,2.8,0,62.5242156488559
27.03.2030 04:00,8.31,79.693,53.08,,100.1025,439.16,0.076,97.3675,2.23,0,51.1585348757753
27.03.2030 05:00,8.31,91.702,53.08,,120.0375,429.105,0.418,89.41333333333334,2.23,0,45.1158261177558
27.03.2030 06:00,8.48,76.259,53.08,,132.55,607.9225,49.537000000000006,90.6175,2.23,0,31.389837295831
27.03.2030 07:00,8.63,49.499,53.08,,116.3875,867.8275,123.616,59.932500000000005,2.23,0,1.47838586277824
27.03.2030 08:00,8.84,1.379,53.08,,98.9825,999.2725,276.938,29.865,19.98,0,0.683196799378932
27.03.2030 09:00,8.84,0.0,53.08,,79.9625,1057.315,35.558,37.61,19.98,0,0.771793440876876
27.03.2030 10:00,8.84,-13.2432267706172,53.08,,64.1775,1229.925,100.638,30.0725,19.98,0,0.857035496866699
27.03.2030 11:00,8.84,-30.864948931429,53.08,,40.900000000000006,885.1225,96.993,40.510000000000005,19.98,0,0.451091818668039
27.03.2030 12:00,8.84,-31.3522210739511,53.08,,18.5925,747.51,408.734,5.015000000000001,55.83,0,0.314557833593879
27.03.2030 13:00,8.84,-17.126621824868,53.08,,44.322500000000005,864.38,159.006,24.5225,55.83,0,0.305686193249405
27.03.2030 14:00,8.63,0.0,53.08,,70.83,856.9275,87.17,20.39,55.83,0,0.330664611148567
27.03.2030 15:00,8.48,22.93,53.08,,94.8075,847.04,206.161,21.6675,55.83,0,0.738049271454256
27.03.2030 16:00,8.36,73.988,53.08,,107.54,846.09,40.211,44.81,2.2,0,34.1538192886024
27.03.2030 17:00,8.36,78.592,53.08,,132.7625,591.7575,0.283,88.6,2.2,0,39.7954533690163
27.03.2030 18:00,8.36,78.592,53.08,,149.9025,565.7225,0.0,,2.2,0,41.00547544222
27.03.2030 19:00,8.36,78.593,53.08,,135.3425,749.235,16.888,90.36,2.2,0,47.4749247348023
27.03.2030 20:00,8.36,77.966,53.08,,116.32,747.4475,37.628,74.3425,1.17,0,48.6684055617481
27.03.2030 21:00,8.36,73.831,53.08,,98.7775,559.685,6.481,83.67,1.17,0,51.1351924609787
27.03.2030 22:00,8.31,68.891,53.08,,99.2025,501.3025,0.334,87.34666666666668,1.17,0,37.7030911645536
27.03.2030 23:00,8.31,67.208,53.08,,89.7175,374.42,0.022,84.34,1.17,0,38.8698090911199
28.03.2030 00:00,8.31,54.73,53.08,,85.1325,410.9375,0.268,73.01666666666667,2.56,0,33.6065020462732
28.03.2030 01:00,8.31,54.73,53.08,,84.4325,422.5925,0.019,62.77,2.56,0,32.3426356319261
28.03.2030 02:00,8.31,54.73,53.08,,86.8875,403.0225,0.2759999999999999,64.34,2.56,0,30.2570730158803
28.03.2030 03:00,8.31,54.73,53.08,,87.0125,361.595,0.0,,2.56,0,28.2035816555799
28.03.2030 04:00,8.31,59.705,53.08,,101.08,513.115,20.107,74.5275,2.09,0,25.6687194498862
28.03.2030 05:00,8.31,61.941,53.08,,122.96,623.4775,20.111,90.765,2.09,0,23.8577019206836
28.03.2030 06:00,8.48,54.136,53.08,,130.1775,1009.9975,0.64,83.44,2.09,0,19.2417635738264
28.03.2030 07:00,8.63,19.729,53.08,,98.4575,1269.97,7.842,49.656666666666666,2.09,0,0.805080447341336
28.03.2030 08:00,8.84,0.0,53.08,,71.7625,1196.8125,226.251,-13.4575,39.33,0,0.60683207755432
28.03.2030 09:00,8.84,0.0,53.08,,24.7175,1204.2625,486.482,-91.0175,39.33,0,0.790401961729829
28.03.2030 10:00,8.84,-17.6982842828412,53.08,,3.71,900.2425,328.555,-41.25,39.33,0,0.925667289978061
28.03.2030 11:00,8.84,-32.2681113426099,53.08,,-8.0075,669.8425,443.891,-41.3475,39.33,0,0.494950300601231
28.03.2030 12:00,8.84,0.0,53.08,,-13.4025,667.365,100.352,4.179999999999999,69.81,0,0.322102124660661
28.03.2030 13:00,8.84,0.0,53.08,,-15.2225,879.1975,83.524,-5.0275,69.81,0,0.325726264446746
28.03.2030 14:00,8.63,0.0,53.08,,37.51,1035.605,161.397,-1.2725000000000009,69.81,0,0.344357702155987
28.03.2030 15:00,8.48,18.784,53.08,,78.25999999999999,1067.9425,122.937,-0.7375000000000007,69.81,0,0.662095877002397
28.03.2030 16:00,8.36,54.73,53.08,,105.9475,1074.5575,37.109,58.04999999999999,2.31,0,23.7364570184501
28.03.2030 17:00,8.36,72.846,53.08,,144.9425,793.9475,14.744,69.0,2.31,0,26.1893372306334
28.03.2030 18:00,8.36,72.847,53.08,,141.9375,659.5925,19.222,63.97,2.31,0,26.4046320765236
28.03.2030 19:00,8.36,72.848,53.08,,117.205,660.2725,73.328,69.59,2.31,0,28.2101705087149
28.03.2030 20:00,8.36,72.848,53.08,,101.3775,500.42,135.867,62.25,1.05,0,31.0701437878278
28.03.2030 21:00,8.36,56.575,53.08,,95.6475,512.73,22.927,71.63250000000001,1.05,0,29.9577488847718
28.03.2030 22:00,8.31,55.176,53.08,,90.185,443.7175,8.297,86.76249999999999,1.05,0,32.7174945714692
28.03.2030 23:00,8.31,54.73,53.08,,89.8725,570.5074999999999,32.811,70.86500000000001,1.05,0,33.9707624673917
29.03.2030 00:00,8.02,40.244,53.08,,93.01,540.01,0.043,91.93,2.38,0,28.2545295660565
29.03.2030 01:00,8.02,40.244,53.08,,87.515,389.6,13.764,61.25,2.38,0,26.9541858229225
29.03.2030 02:00,8.02,40.244,53.08,,85.5775,363.64,20.588,60.432500000000005,2.38,0,24.9258425523051
29.03.2030 03:00,8.02,40.244,53.08,,72.5725,359.7325,26.109,65.16,2.38,0,23.7353298171265
29.03.2030 04:00,8.02,44.905,53.08,,75.97,422.0175,86.617,59.43,2.15,0,20.9273425534246
29.03.2030 05:00,8.02,42.451,53.08,,71.2625,458.4925,24.043,71.69,2.15,0,19.2946702539813
29.03.2030 06:00,8.15,30.113,53.08,,70.6675,587.785,41.947,57.245,2.15,0,0.92683685443216
29.03.2030 07:00,8.24,0.0,53.08,,66.43,734.3774999999999,76.057,18.7325,2.15,0,0.366244031757304
29.03.2030 08:00,8.37,0.0,53.08,,49.98,968.1375,131.716,-13.9125,26.8,0,0.522111251254762
29.03.2030 09:00,8.37,-30.5360687485603,53.08,,18.5725,1034.7225,99.07,-14.035,26.8,0,0.614791786020828
29.03.2030 10:00,8.37,-55.8451711948118,53.08,,7.792499999999999,1049.185,344.26,-27.75,26.8,0,0.658218293732738
29.03.2030 11:00,8.37,-35.3976401185773,53.08,,1.1399999999999988,1079.825,373.9740000000001,-32.9725,26.8,0,0.393665953220251
29.03.2030 12:00,8.37,-45.2550636899939,53.08,,-15.715,877.2925,61.085,5.23,58.26,0,0.145900510368405
29.03.2030 13:00,8.37,-34.5916736289647,53.08,,-19.0825,865.4475,74.03,31.1325,58.26,0,0.153536773734118
29.03.2030 14:00,8.24,-17.2613325840626,53.08,,-11.835,928.6675,165.861,1.8925,58.26,0,0.244012167783638
29.03.2030 15:00,8.15,0.0,53.08,,22.2425,1135.05,185.523,0.7749999999999999,58.26,0,0.412395671576368
29.03.2030 16:00,8.06,20.0,53.08,,76.6625,1237.1,18.146,44.57666666666668,3.84,0,0.591642174673068
29.03.2030 17:00,8.06,32.916,53.08,,135.60500000000002,929.6675,0.0,,3.84,0,0.0
29.03.2030 18:00,8.06,32.916,53.08,,189.9525,887.8525,0.0,129.55,3.84,0,0.0
29.03.2030 19:00,8.06,32.916,53.08,,125.9325,1048.895,21.667,79.5625,3.84,0,0.0
29.03.2030 20:00,8.06,32.916,53.08,,95.8025,807.3975,113.137,52.755,1.42,0,0.0
29.03.2030 21:00,8.06,22.026,53.08,,82.66,661.815,84.163,46.8025,1.42,0,0.0
29.03.2030 22:00,8.02,15.879,53.08,,72.27250000000001,682.1725,65.954,41.03,1.42,0,0.0
29.03.2030 23:00,8.02,14.703,53.08,,68.66749999999999,729.915,2.355,35.822500000000005,1.42,0,0.0
30.03.2030 00:00,8.0,14.376,53.08,,41.4175,726.7049999999999,1.866,12.745,7.05,0,0.0
30.03.2030 01:00,8.0,14.376,53.08,,21.3325,621.435,17.689999999999998,8.775,7.05,0,0.0
30.03.2030 02:00,8.0,14.376,53.08,,15.0925,611.91,1.652,14.57,7.05,0,0.0
30.03.2030 03:00,8.0,14.477,53.08,,15.03,592.255,3.713,23.2825,10.24,0,0.0
30.03.2030 04:00,8.0,15.178,53.08,,18.535,665.6800000000001,12.786,12.6475,10.24,0,0.0
30.03.2030 05:00,8.0,16.27,53.08,,14.675,1143.3475,135.506,-73.485,10.24,0,0.0
30.03.2030 06:00,8.13,14.477,53.08,,2.905,1049.4125,8.032,-1.1733333333333344,10.24,0,0.0
30.03.2030 07:00,8.23,0.0,53.08,,-0.7149999999999999,818.13,1.061,7.8525,36.08,0,0.352922849929647
30.03.2030 08:00,8.35,0.0,53.08,,0.0125,735.0975,53.648,-26.565,36.08,0,0.514239421688626
30.03.2030 09:00,8.35,0.0,53.08,,-0.395,779.265,60.821,-25.3675,36.08,0,0.731820542094821
30.03.2030 10:00,8.35,0.0,53.08,,-5.6725,994.9925,86.65899999999999,-79.055,36.08,0,0.833015443679167
30.03.2030 11:00,8.35,0.0,53.08,,-6.1775,823.6925,194.941,-40.795,73.14,0,0.372018796283365
30.03.2030 12:00,8.35,0.0,53.08,,-3.8575,731.54,117.405,-17.1225,73.14,0,0.11954775020183
30.03.2030 13:00,8.35,0.0,53.08,,-3.205,983.155,112.668,-14.760000000000002,73.14,0,0.11430866460962
30.03.2030 14:00,8.23,0.0,53.08,,12.11,1307.0175,41.215,6.9575000000000005,73.14,0,0.218037262994841
30.03.2030 15:00,8.13,0.0,53.08,,58.0175,1493.7125,9.505,1.3900000000000006,20.64,0,0.411557928136599
30.03.2030 16:00,8.04,14.376,53.08,,84.525,950.335,196.129,-27.0575,20.64,0,0.442161933224469
30.03.2030 17:00,8.04,15.178,53.08,,64.475,901.285,290.323,-46.54,20.64,0,0.0
30.03.2030 18:00,8.04,15.178,53.08,,54.2225,867.925,0.305,50.915,20.64,0,0.0
30.03.2030 19:00,8.04,15.178,53.08,,68.17999999999999,780.08,7.221,31.0075,6.05,0,0.0
30.03.2030 20:00,8.04,14.376,53.08,,66.55,741.9275,88.53299999999999,3.0950000000000006,6.05,0,0.0
30.03.2030 21:00,8.04,14.376,53.08,,44.0725,672.5600000000001,45.197,-7.845000000000001,6.05,0,0.0
30.03.2030 22:00,8.0,12.702,53.08,,41.6375,634.33,26.321,28.2475,6.05,0,0.0
30.03.2030 23:00,8.0,12.702,53.08,,38.125,670.0600000000001,6.409,25.2625,25.0,0,0.0
31.03.2030 00:00,8.31,11.252,53.08,,45.675,579.505,0.213,29.01333333333333,25.0,0,0.641001361137985
31.03.2030 01:00,8.31,11.252,53.08,,53.9,621.65,12.083,14.91,25.0,0,0.768847358644822
31.03.2030 03:00,8.31,11.252,53.08,,67.83500000000001,739.3925,52.041,16.2075,25.0,0,0.77043179337782
31.03.2030 04:00,8.31,11.252,53.08,,84.885,862.155,16.316,52.98,12.77,0,0.776993814998215
31.03.2030 05:00,8.31,13.719,53.08,,148.3475,797.5625,0.0,85.97,12.77,0,0.735735790513828
31.03.2030 06:00,8.31,13.719,53.08,,209.3475,1045.9924999999998,4.983,113.89,12.77,0,0.680348029314568
31.03.2030 07:00,8.48,13.719,53.08,,143.4575,1128.3125,0.102,185.25,12.77,0,0.651249905460291
31.03.2030 08:00,8.63,8.361,53.08,,115.315,1399.87,59.31,74.8675,22.7,0,0.689276279696067
31.03.2030 09:00,8.84,0.0,53.08,,106.3,1250.8625,112.795,72.1825,22.7,0,0.803502685437792
31.03.2030 10:00,8.84,0.0,53.08,,88.5475,1082.955,129.015,69.925,22.7,0,1.36428434236109
31.03.2030 11:00,8.84,0.0,53.08,,71.2775,897.3275,356.3,36.04,22.7,0,1.32787526138448
31.03.2030 12:00,8.84,0.0,53.08,,69.3275,757.26,43.28,52.4625,46.42,0,0.829520895710282
31.03.2030 13:00,8.84,0.0,53.08,,68.745,765.1225,147.29,45.015,46.42,0,0.616114304317551
31.03.2030 14:00,8.84,0.0,53.08,,77.92,920.28,130.997,41.255,46.42,0,0.627961389902607
31.03.2030 15:00,8.63,0.0,53.08,,95.4875,988.835,242.512,36.775,46.42,0,0.679700884668951
31.03.2030 16:00,8.48,8.361,53.08,,116.6275,945.5275,244.283,42.14,9.62,0,0.968544492289969
31.03.2030 17:00,8.36,16.23,53.08,,136.1875,764.2275,262.762,45.94,9.62,0,2.25831135320706
31.03.2030 18:00,8.36,19.807,53.08,,146.22,819.4475,26.373,103.71666666666664,9.62,0,1.7237880097963
31.03.2030 19:00,8.36,19.807,53.08,,126.78,827.9675,0.12,114.14,9.62,0,1.71384539072553
31.03.2030 20:00,8.36,19.808,53.08,,108.3175,583.4175,7.555,79.12666666666667,2.83,0,1.83504965312976
31.03.2030 21:00,8.36,18.615,53.08,,96.7825,488.535,27.278,79.3175,2.83,0,1.89060951846716
31.03.2030 22:00,8.36,14.009,53.08,,100.93,357.37,3.795,84.2225,2.83,0,1.89906331787233
31.03.2030 23:00,8.31,11.252,53.08,,96.7475,339.375,40.66,68.28,2.83,0,1.18389108834101
01.04.2030 00:00,8.31,0.0,53.08,,93.6475,312.755,15.362,79.44,8.9,0,0.634222358155517
01.04.2030 01:00,8.41,0.0,53.08,,93.165,201.445,0.811,86.85,8.9,0,0.177844070577609
01.04.2030 02:00,8.41,0.0,53.08,,90.745,333.6,6.073,73.40333333333332,8.9,0,0.177049568392752
01.04.2030 03:00,8.41,0.0,53.08,,96.5325,392.3875,0.8440000000000001,78.6625,8.9,0,0.174043254066462
01.04.2030 04:00,8.41,0.0,53.08,,115.6075,476.4,8.516,74.24000000000001,6.35,0,0.17182250224441
01.04.2030 05:00,8.41,0.0,53.08,,145.3,647.9575,12.952,75.69,6.35,0,0.447637285670286
01.04.2030 06:00,8.41,0.0,53.08,,154.9325,794.6975,0.059,125.375,6.35,0,0.432196171973332
01.04.2030 07:00,8.64,0.0,53.08,,98.3075,1221.3375,0.81,108.435,6.35,0,0.359650313009285
01.04.2030 08:00,8.79,0.0,53.08,,81.015,1223.3575,11.193,82.595,27.55,0,0.775724992269031
01.04.2030 09:00,9.0,0.0,53.08,,33.4225,1097.4375,326.428,37.0125,27.55,0,0.690667841510712
01.04.2030 10:00,9.0,0.0,53.08,,-1.3350000000000009,886.3525,219.335,25.17,27.55,0,0.903414735787328
01.04.2030 11:00,9.0,-1.50456130330596,53.08,,-6.4825,835.3725,147.488,-2.5575,27.55,0,0.970302550414681
01.04.2030 12:00,9.0,-19.7535920839249,53.08,,-8.2,788.31,107.068,12.0225,80.66,0,0.340875221533647
01.04.2030 13:00,9.0,-1.88219824335505,53.08,,-1.035,823.585,511.151,-31.5325,80.66,0,0.303064133206727
01.04.2030 14:00,9.0,-15.0136322402384,53.08,,7.717500000000001,779.215,423.42,-30.9725,80.66,0,0.350575322069929
01.04.2030 15:00,8.79,0.0,53.08,,55.945,1181.4525,352.004,-20.5525,80.66,0,0.366189818097967
01.04.2030 16:00,8.64,0.0,53.08,,75.28,1194.035,258.664,-15.607499999999998,8.77,0,0.398917823636557
01.04.2030 17:00,8.48,14.376,53.08,,109.675,725.1575,249.776,4.0525,8.77,0,1.43645412058117
01.04.2030 18:00,8.48,21.315,53.08,,116.515,706.015,82.64,75.40666666666667,8.77,0,4.4428022903116
01.04.2030 19:00,8.48,21.899,53.08,,92.645,771.2475,34.036,65.425,8.77,0,4.54935833379524
01.04.2030 20:00,8.48,21.899,53.08,,83.89,754.69,268.387,51.365,2.2,0,4.96476585293756
01.04.2030 21:00,8.48,21.9,53.08,,67.995,741.135,111.191,51.6375,2.2,0,5.25982195753524
01.04.2030 22:00,8.48,21.9,53.08,,60.5225,555.26,315.664,38.0725,2.2,0,5.98615134720779
01.04.2030 23:00,8.41,21.832,53.08,,59.645,429.955,42.576,48.7475,2.2,0,6.94460363784961
02.04.2030 00:00,8.41,21.832,53.08,,60.1975,352.28,1.39,63.8,7.1,0,7.93207302381043
02.04.2030 01:00,8.41,20.0,53.08,,62.855,331.95000000000005,78.886,49.855,7.1,0,2.64509330765273
02.04.2030 02:00,8.41,20.0,53.08,,63.745000000000005,402.8225,205.797,41.195,7.1,0,2.72583280992695
02.04.2030 03:00,8.41,20.0,53.08,,70.015,421.7525,19.639,50.9525,7.1,0,3.04902614848582
02.04.2030 04:00,8.41,20.0,53.08,,82.955,627.93,1.51,45.29,4.05,0,2.92316416948987
02.04.2030 05:00,8.41,20.0,53.08,,115.3975,624.2975,47.455,22.98,4.05,0,2.82550298363261
02.04.2030 06:00,8.41,18.698,53.08,,120.6175,889.7025,0.063,88.65,4.05,0,2.38352314953356
02.04.2030 07:00,8.64,14.376,53.08,,76.1,1086.3425,5.165,65.08500000000001,4.05,0,0.0
02.04.2030 08:00,8.79,0.0,53.08,,22.9625,1124.4375,79.671,11.3975,28.82,0,0.0
02.04.2030 09:00,9.0,-35.2603276342671,53.08,,-13.677500000000002,968.81,104.762,-32.765,28.82,0,0.0
02.04.2030 10:00,9.0,-38.5918064906687,53.08,,-41.725,918.385,256.351,-121.14499999999998,28.82,0,0.0
02.04.2030 11:00,9.0,-35.1217165894971,53.08,,-63.5025,824.1275,213.7,-149.1375,28.82,0,0.0
02.04.2030 12:00,9.0,-39.9430110088322,53.08,,-37.7225,798.21,212.961,-35.3925,77.38,0,0.0
02.04.2030 13:00,9.0,-39.6652071211775,53.08,,-24.43,757.59,170.539,-40.34,77.38,0,0.0
02.04.2030 14:00,9.0,-36.1955012365343,53.08,,-14.645,943.6975,265.182,-52.985,77.38,0,0.0
02.04.2030 15:00,8.79,0.0,53.08,,16.572499999999998,1196.95,223.301,-17.9575,77.38,0,0.0
02.04.2030 16:00,8.64,0.0,53.08,,71.16,1393.715,388.088,-1031.3675,17.0,0,0.0
02.04.2030 17:00,8.48,15.755,53.08,,95.535,899.3425,271.979,-1079.525,17.0,0,0.0
02.04.2030 18:00,8.48,23.143,53.08,,105.175,876.6975,83.768,19.84,17.0,0,3.92215465143448
02.04.2030 19:00,8.48,23.143,53.08,,78.3125,637.185,37.8,38.605,17.0,0,3.90176812110321
02.04.2030 20:00,8.48,23.143,53.08,,75.8325,587.8175,114.459,25.075,2.03,0,4.06316168416295
02.04.2030 21:00,8.48,23.143,53.08,,67.3425,576.7475,28.717,44.285,2.03,0,4.02370914497428
02.04.2030 22:00,8.48,22.625,53.08,,70.2425,499.21,139.201,24.700000000000003,2.03,0,4.06858350484067
02.04.2030 23:00,8.41,20.45,53.08,,73.5475,534.7850000000001,23.043,48.1475,2.03,0,4.33914864060819
03.04.2030 00:00,8.41,20.45,53.08,,68.79,539.575,45.355,30.5025,5.89,0,4.43532036539152
03.04.2030 01:00,8.41,25.949,53.08,,70.875,449.2225,74.145,31.3725,5.89,0,4.58638399408434
03.04.2030 02:00,8.41,25.949,53.08,,73.41,397.48,6.876,61.2875,5.89,0,4.72353619555029
03.04.2030 03:00,8.41,25.996,53.08,,92.42,512.0825,23.636000000000003,46.072500000000005,5.89,0,4.93382226036168
03.04.2030 04:00,8.41,28.237,53.08,,137.8875,689.0475,34.158,39.46,3.38,0,5.02136377893004
03.04.2030 05:00,8.41,31.219,53.08,,184.41,821.8199999999999,7.85,58.565,3.38,0,4.87719158313035
03.04.2030 06:00,8.41,32.418,53.08,,159.88,983.2975,0.6679999999999999,127.495,3.38,0,4.7758105744861
03.04.2030 07:00,8.64,31.219,53.08,,87.4475,1113.6375,36.792,68.65,3.38,0,4.1822836604429
03.04.2030 08:00,8.79,21.182,53.08,,51.85,1259.53,38.164,65.2175,26.6,0,3.80443574385519
03.04.2030 09:00,9.0,15.933,53.08,,12.8075,1006.6025,70.03999999999999,17.1575,26.6,0,2.27768457402232
03.04.2030 10:00,9.0,15.933,53.08,,4.3875,859.36,133.45499999999998,-2.2750000000000004,26.6,0,2.52124023482504
03.04.2030 11:00,9.0,15.933,53.08,,-10.075,617.665,529.8389999999999,-66.0775,26.6,0,2.51807513675955
03.04.2030 12:00,9.0,15.933,53.08,,-12.5475,615.93,336.465,-37.4925,83.78,0,2.07128728444443
03.04.2030 13:00,9.0,16.208,53.08,,4.34,770.2525,249.877,-17.545,83.78,0,1.99383170861455
03.04.2030 14:00,9.0,16.918,53.08,,27.44,1136.58,309.35,-58.18,83.78,0,2.15807704093071
03.04.2030 15:00,8.79,20.0,53.08,,87.8175,1339.5525,260.9,40.0,83.78,0,3.98580660320329
03.04.2030 16:00,8.64,35.373,53.08,,139.815,1383.2325,171.983,9.7575,17.0,0,24.7064341248467
03.04.2030 17:00,8.48,104.009324686311,53.08,,193.21,1120.4975,81.536,18.366666666666664,17.0,0,77.2076052155289
03.04.2030 18:00,8.48,199.812381993233,53.08,,202.8075,1065.185,0.242,81.89,17.0,0,106.157435149546
03.04.2030 19:00,8.48,201.709672909466,53.08,,130.8625,859.48,5.927,110.24,17.0,0,109.892076951795
03.04.2030 20:00,8.48,198.860584123239,53.08,,110.4,626.9300000000001,197.821,45.88,1.6,0,121.374821781482
03.04.2030 21:00,8.48,191.091002095332,53.08,,104.185,568.4350000000001,69.651,66.3125,1.6,0,132.689986049382
03.04.2030 22:00,8.48,114.642316894071,53.08,,96.115,457.735,8.16,83.115,1.6,0,131.609600213289
03.04.2030 23:00,8.41,102.111280011355,53.08,,94.7675,386.1675,0.022,73.9525,1.6,0,118.203254589996
04.04.2030 00:00,8.41,97.5650734239982,53.08,,99.1225,309.8375,0.008,76.44,4.47,0,101.260547086464
04.04.2030 01:00,8.41,83.4180349579044,53.08,,113.1875,349.12,0.108,106.85666666666668,4.47,0,107.934889643357
04.04.2030 02:00,8.41,83.1817997351213,53.08,,114.675,357.3575,0.017,112.37,4.47,0,107.176931523194
04.04.2030 03:00,8.41,83.4173612190886,53.08,,119.3275,471.06,0.0,,4.47,0,101.030925586338
04.04.2030 04:00,8.41,87.5369484455693,53.08,,162.56,703.4675,0.198,98.71,2.7,0,92.3318108151066
04.04.2030 05:00,8.41,95.0534802191925,53.08,,190.83,670.1175000000001,16.747,52.06,2.7,0,95.2262492702635
04.04.2030 06:00,8.41,95.0528329122494,53.08,,137.47,1032.2975,1.711,77.89500000000001,2.7,0,81.8613562347712
04.04.2030 07:00,8.64,77.856,53.08,,95.6875,1064.1,4.845000000000001,92.70333333333332,2.7,0,40.0956496084169
04.04.2030 08:00,8.79,35.648,53.08,,51.6375,969.89,25.845,33.370000000000005,23.84,0,10.891991843169
04.04.2030 09:00,9.0,19.951,53.08,,28.2475,923.4425,72.056,6.7675,23.84,0,2.62885018385396
04.04.2030 10:00,9.0,19.788,53.08,,7.279999999999999,931.99,138.172,16.84,23.84,0,2.19363492565908
04.04.2030 11:00,9.0,19.788,53.08,,-9.72,692.2725,259.063,-80.35249999999999,23.84,0,2.00443298442658
04.04.2030 12:00,9.0,19.788,53.08,,-11.6875,746.41,228.773,-64.765,80.12,0,2.04065086404393
04.04.2030 13:00,9.0,19.788,53.08,,1.3374999999999986,667.3025,163.369,-6.94,80.12,0,2.20343836798962
04.04.2030 14:00,9.0,20.57,53.08,,23.14,1061.8125,202.449,-10.8325,80.12,0,2.48970580397968
04.04.2030 15:00,8.79,25.802,53.08,,69.7225,1154.77,241.79,-7.662500000000003,80.12,0,9.16023982780108
04.04.2030 16:00,8.64,40.692,53.08,,100.48,1414.15,420.047,-21.635,15.71,0,26.0262448426471
04.04.2030 17:00,8.48,68.311,53.08,,129.2875,980.18,217.951,18.8975,15.71,0,34.6627076286806
04.04.2030 18:00,8.48,68.312,53.08,,133.075,872.985,59.841,70.23333333333333,15.71,0,35.4480594824735
04.04.2030 19:00,8.48,68.312,53.08,,99.77,692.2425,4.768,69.77,15.71,0,35.7018004834903
04.04.2030 20:00,8.48,68.313,53.08,,93.135,605.33,21.201,63.9275,1.47,0,37.5883199724873
04.04.2030 21:00,8.48,52.366,53.08,,94.0575,443.6625,0.877,83.40333333333334,1.47,0,33.0016067789034
04.04.2030 22:00,8.48,40.346,53.08,,94.955,492.4725,100.731,54.215,1.47,0,17.1465039255624
04.04.2030 23:00,8.41,39.409,53.08,,96.5725,491.965,0.75,71.7975,1.47,0,14.2533402845517
05.04.2030 00:00,8.41,35.648,53.08,,92.175,314.7275,23.717,55.0375,4.16,0,14.0685238088776
05.04.2030 01:00,8.11,50.872,53.08,,92.94,275.3125,0.115,77.06,4.16,0,13.8556412228108
05.04.2030 02:00,8.11,50.873,53.08,,89.6325,230.47,5.897,71.21,4.16,0,12.7419647557517
05.04.2030 03:00,8.11,50.873,53.08,,82.8175,293.1325,112.359,32.79,4.16,0,13.1510578146233
05.04.2030 04:00,8.11,51.908,53.08,,84.55,509.3725,5.548,57.03,2.93,0,13.415274164245
05.04.2030 05:00,8.11,57.576,53.08,,82.86,598.9725,6.448,60.285,2.93,0,14.8518163144242
05.04.2030 06:00,8.11,57.577,53.08,,71.26,891.455,39.46,56.9775,2.93,0,15.1993330186281
05.04.2030 07:00,8.25,57.578,53.08,,26.1425,1110.005,63.186,17.245,2.93,0,15.0462776221165
05.04.2030 08:00,8.34,50.602,53.08,,-4.21,890.1725,190.348,-18.47,33.11,0,12.8144057004401
05.04.2030 09:00,8.49,49.486,53.08,,-6.9025,820.83,117.842,-16.31,33.11,0,11.14266050239
05.04.2030 10:00,8.49,49.486,53.08,,-49.25,716.3299999999999,67.679,2.455,33.11,0,10.7801529090418
05.04.2030 11:00,8.49,49.486,53.08,,-86.075,749.1225,190.173,-28.255000000000003,33.11,0,10.869773778047
05.04.2030 12:00,8.49,49.487,53.08,,-104.6825,726.825,244.383,-55.3275,88.14,0,11.3862836335268
05.04.2030 13:00,8.49,50.434,53.08,,-78.2,834.7225,168.537,-18.83,88.14,0,12.1039547434641
05.04.2030 14:00,8.49,51.908,53.08,,-22.4525,990.2475,248.303,-33.735,88.14,0,12.8329968616194
05.04.2030 15:00,8.34,56.233,53.08,,-6.805,1106.1125000000002,210.69,-42.065,88.14,0,14.288117607791
05.04.2030 16:00,8.25,61.334,53.08,,40.95,1195.73,377.257,-774.7724999999999,34.49,0,32.5012866396393
05.04.2030 17:00,8.15,78.592,53.08,,76.2825,848.015,240.44,-47.695,34.49,0,41.6074237191799
05.04.2030 18:00,8.15,79.715,53.08,,81.6725,645.53,65.202,-12.0675,34.49,0,44.6311233577628
05.04.2030 19:00,8.15,79.716,53.08,,71.91,616.1800000000001,18.477,35.39333333333334,34.49,0,42.5112681272826
05.04.2030 20:00,8.15,79.716,53.08,,64.66,586.415,370.861,11.11,3.23,0,47.3630356270747
05.04.2030 21:00,8.15,79.717,53.08,,55.5875,611.505,24.694,53.2275,3.23,0,53.2755770433035
05.04.2030 22:00,8.15,76.274,53.08,,50.3325,556.94,254.358,10.115,3.23,0,58.4882652485126
05.04.2030 23:00,8.11,70.005,53.08,,25.3875,565.1475,503.683,-2.48,3.23,0,63.2668224879037
06.04.2030 00:00,8.11,65.151,53.08,,25.71,539.3775,23.746,36.63,5.61,0,62.9004655668261
06.04.2030 01:00,8.09,67.75,53.08,,38.6825,490.8525,5.833,42.2125,5.61,0,63.855583328059
06.04.2030 02:00,8.09,67.75,53.08,,42.53,369.19,15.745,44.6475,5.61,0,62.5460793358066
06.04.2030 03:00,8.09,67.751,53.08,,47.06,347.61,14.028,44.4025,5.61,0,62.435205951505
06.04.2030 04:00,8.09,69.384,53.08,,43.7225,360.295,117.742,33.5025,3.5,0,62.0291516230103
06.04.2030 05:00,8.09,76.678,53.08,,30.935,596.84,102.35,38.475,3.5,0,56.1679979767472
06.04.2030 06:00,8.09,76.678,53.08,,19.13,885.5475,5.842,25.77,3.5,0,48.6897639738749
06.04.2030 07:00,8.23,73.564,53.08,,-8.225,811.605,38.385,-14.935,3.5,0,46.2626382272519
06.04.2030 08:00,8.32,57.466,53.08,,-10.015,916.3925,69.85300000000001,-31.9875,34.94,0,39.6587451921352
06.04.2030 09:00,8.46,54.631,53.08,,-25.8275,776.0875,23.021,-5.5375,34.94,0,23.703448672814
06.04.2030 10:00,8.46,54.631,53.08,,-63.1125,776.5425,71.67099999999999,7.057499999999999,34.94,0,22.8793028955471
06.04.2030 11:00,8.46,54.632,53.08,,-186.1475,712.015,209.402,-60.2125,34.94,0,22.3484400741439
06.04.2030 12:00,8.46,54.633,53.08,,-287.43,754.9925,736.774,-315.2775,85.53,0,21.9686415947107
06.04.2030 13:00,8.46,55.087,53.08,,-241.09,841.0475,876.269,-366.635,85.53,0,22.3696634330752
06.04.2030 14:00,8.46,58.137,53.08,,-45.3475,1117.9925,309.198,-163.66,85.53,0,31.7338483074888
06.04.2030 15:00,8.32,61.128,53.08,,20.715000000000003,1102.3675,97.198,-43.41,85.53,0,37.4899410027665
06.04.2030 16:00,8.23,76.678,53.08,,81.28999999999999,1165.1425,223.877,-108.715,26.75,0,66.9518985173318
06.04.2030 17:00,8.14,102.898211132443,53.08,,110.0075,694.2975,76.753,-8.603333333333333,26.75,0,85.2173477161345
06.04.2030 18:00,8.14,149.157895800847,53.08,,115.625,612.265,4.066,51.255,26.75,0,91.0056868412274
06.04.2030 19:00,8.14,149.356242411084,53.08,,103.6325,630.3475,6.109,64.005,26.75,0,93.4599113847711
06.04.2030 20:00,8.14,147.592332007337,53.08,,92.1175,479.46,150.958,46.42,2.2,0,101.542870028326
06.04.2030 21:00,8.14,144.000760535903,53.08,,81.69749999999999,439.68,57.222,43.175,2.2,0,112.496879852463
06.04.2030 22:00,8.14,106.44995720288,53.08,,79.14,434.3725,8.669,49.9,2.2,0,117.103088778271
06.04.2030 23:00,8.09,76.678,53.08,,79.725,349.3925,18.592,59.712500000000006,2.2,0,111.438728540456
07.04.2030 00:00,8.09,75.169,53.08,,78.77,292.7025,2.25,72.0075,4.0,0,117.735683554635
07.04.2030 01:00,8.41,75.072,53.08,,80.8075,342.98,2.504,61.79,4.0,0,115.026339601466
07.04.2030 02:00,8.41,75.072,53.08,,83.78,302.8725,4.722,78.1325,4.0,0,115.755890475946
07.04.2030 03:00,8.41,75.072,53.08,,90.3825,423.505,10.173,70.8275,4.0,0,107.180342376933
07.04.2030 04:00,8.41,75.072,53.08,,111.845,512.04,24.521,63.82333333333333,2.56,0,88.9849104849642
07.04.2030 05:00,8.41,75.072,53.08,,127.5025,557.255,37.267,62.045,2.56,0,89.6656804875587
07.04.2030 06:00,8.41,71.827,53.08,,137.0975,961.23,1.883,89.2125,2.56,0,63.3465980208767
07.04.2030 07:00,8.64,37.502,53.08,,92.0975,1015.9875,7.335,67.83666666666666,2.56,0,28.7419519056051
07.04.2030 08:00,8.79,22.031,53.08,,74.225,1233.725,118.566,16.0225,31.82,0,2.13543232482001
07.04.2030 09:00,9.0,19.14,53.08,,47.885000000000005,1044.23,103.359,10.6675,31.82,0,1.76546663707
07.04.2030 10:00,9.0,18.699,53.08,,10.11,677.74,101.356,20.3625,31.82,0,0.839947286877049
07.04.2030 11:00,9.0,18.356,53.08,,-13.545,693.33,422.011,-39.5975,31.82,0,0.778712274574265
07.04.2030 12:00,9.0,18.145,53.08,,-16.5075,696.04,252.705,-48.3525,94.0,0,0.731989381465298
07.04.2030 13:00,9.0,18.145,53.08,,-1.7524999999999995,899.6475,73.519,10.58,94.0,0,0.694191408307358
07.04.2030 14:00,9.0,18.145,53.08,,28.1275,1127.235,152.072,-19.43,94.0,0,0.697943575526395
07.04.2030 15:00,8.79,18.701,53.08,,66.3975,1307.2275,207.704,4.055000000000001,94.0,0,0.761059936537535
07.04.2030 16:00,8.64,21.83,53.08,,92.7175,1342.8525,50.179,34.8975,17.34,0,1.70661941121566
07.04.2030 17:00,8.48,32.171,53.08,,130.9925,925.0225,16.467000000000002,59.370000000000005,17.34,0,2.05370428983747
07.04.2030 18:00,8.48,37.501,53.08,,147.1275,779.4675,26.843,65.94,17.34,0,2.1966875803494
07.04.2030 19:00,8.48,37.501,53.08,,118.17,669.3375,2.1180000000000003,88.975,17.34,0,2.22808473137543
07.04.2030 20:00,8.48,37.502,53.08,,102.2225,547.18,93.555,60.86000000000001,1.69,0,2.29067794776942
07.04.2030 21:00,8.48,37.502,53.08,,87.9325,529.5175,130.733,61.3925,1.69,0,2.34660448171899
07.04.2030 22:00,8.48,34.236,53.08,,88.265,377.03,11.475,71.2775,1.69,0,2.28003292196902
07.04.2030 23:00,8.41,28.459,53.08,,86.595,299.7325,3.35,97.08,1.69,0,2.37920549638002
08.04.2030 00:00,8.41,22.031,53.08,,91.6825,316.7975,0.0,100.4775,3.21,0,0.0
08.04.2030 01:00,8.41,21.232,53.08,,94.3125,293.5525,0.012,,3.21,0,4.00619599741291
08.04.2030 02:00,8.41,20.062,53.08,,94.0025,288.22,7.312,85.30250000000001,3.21,0,3.94958004669302
08.04.2030 03:00,8.41,19.684,53.08,,106.7375,452.53,10.0,80.18666666666667,3.21,0,3.93237577018652
08.04.2030 04:00,8.41,19.707,53.08,,169.63,806.16,0.712,85.71,2.23,0,3.92661367186746
08.04.2030 05:00,8.41,20.305,53.08,,211.3225,755.3425,0.008,,2.23,0,3.95454751822087
08.04.2030 06:00,8.41,20.305,53.08,,145.5575,1047.78,19.115,97.32,2.23,0,3.90640859704097
08.04.2030 07:00,8.64,19.942,53.08,,106.84,1223.8925,26.85,73.35,2.23,0,3.39832551493635
08.04.2030 08:00,8.79,15.442,53.08,,82.02250000000001,1211.595,133.503,44.9925,24.7,0,2.2615316834526
08.04.2030 09:00,9.0,14.861,53.08,,25.4575,1044.905,187.676,21.82,24.7,0,1.89363032735524
08.04.2030 10:00,9.0,14.861,53.08,,-9.7925,798.0425,262.407,-6.262499999999998,24.7,0,2.11499446664749
08.04.2030 11:00,9.0,14.861,53.08,,-14.06,733.535,256.259,-10.7625,24.7,0,2.01437845401408
08.04.2030 12:00,9.0,14.861,53.08,,1.5300000000000002,811.005,287.468,-17.395,77.06,0,1.34633950038525
08.04.2030 13:00,9.0,14.861,53.08,,25.875,830.89,61.908,-4.4125000000000005,77.06,0,1.35551616897206
08.04.2030 14:00,9.0,14.862,53.08,,62.080000000000005,1193.4475,377.315,-22.425,77.06,0,1.38134227578482
08.04.2030 15:00,8.79,15.21,53.08,,87.6725,1204.2675,17.486,42.3525,77.06,0,1.47149385416121
08.04.2030 16:00,8.64,15.779,53.08,,109.3475,903.65,55.413,48.870000000000005,15.15,0,1.66021008804188
08.04.2030 17:00,8.48,21.44,53.08,,171.2025,623.855,99.844,36.575,15.15,0,3.31324240597369
08.04.2030 18:00,8.48,25.013,53.08,,194.1575,325.605,160.285,70.945,15.15,0,4.01991674100594
08.04.2030 19:00,8.48,25.013,53.08,,145.7975,155.9075,50.053,74.35,15.15,0,4.05904387874715
08.04.2030 20:00,8.48,25.013,53.08,,113.495,212.11,263.837,62.2275,1.48,0,4.54395219131509
08.04.2030 21:00,8.48,25.014,53.08,,99.385,351.91,25.442,79.82,1.48,0,4.7934283210559
08.04.2030 22:00,8.48,25.014,53.08,,97.725,327.065,1.629,86.3775,1.48,0,5.85024905739395
08.04.2030 23:00,8.41,23.497,53.08,,94.73,320.275,0.488,98.0,1.48,0,6.66300259177603
09.04.2030 00:00,8.41,21.631,53.08,,94.8825,186.1525,1.126,86.33999999999999,2.4,0,7.28215924706014
09.04.2030 01:00,8.41,22.331,53.08,,96.6125,230.7775,0.013,,2.4,0,15.6850218043615
09.04.2030 02:00,8.41,20.925,53.08,,98.3975,244.975,0.052,86.41,2.4,0,15.3502454982856
09.04.2030 03:00,8.41,20.925,53.08,,109.3875,372.845,59.882,72.2075,2.4,0,16.4432985002523
09.04.2030 04:00,8.41,21.229,53.08,,138.46249999999998,507.665,14.777,71.45333333333333,1.84,0,16.1260418503478
09.04.2030 05:00,8.41,23.428,53.08,,178.9075,651.0925,44.007,79.61333333333334,1.84,0,16.5905581611333
09.04.2030 06:00,8.41,20.0,53.08,,137.31,962.3125,5.315,84.42333333333333,1.84,0,13.3067676207935
09.04.2030 07:00,8.64,15.558,53.08,,99.0,1102.5075,10.791,77.9675,1.84,0,7.4770087087565
09.04.2030 08:00,8.79,6.337,53.08,,89.465,1204.7175,25.821,58.195,19.3,0,2.38961002948836
09.04.2030 09:00,9.0,0.0,53.08,,75.9275,1057.2625,106.897,48.5225,19.3,0,1.69897199772186
09.04.2030 10:00,9.0,0.0,53.08,,48.8175,1050.13,473.047,27.105,19.3,0,1.82466437008502
09.04.2030 11:00,9.0,0.0,53.08,,42.6075,1003.5025,65.513,43.3025,19.3,0,2.00057196521665
09.04.2030 12:00,9.0,0.0,53.08,,26.19,824.735,606.9580000000001,-9.3725,63.47,0,1.96178289762406
09.04.2030 13:00,9.0,0.0,53.08,,28.14,763.98,637.6189999999999,4.095000000000001,63.47,0,1.9010179461771
09.04.2030 14:00,9.0,0.0,53.08,,43.93,1023.1775,385.133,-1.825,63.47,0,1.89085030118032
09.04.2030 15:00,8.79,0.0,53.08,,67.77250000000001,1074.0925,44.881,42.56333333333333,63.47,0,2.03563382404476
09.04.2030 16:00,8.64,0.0,53.08,,96.52,1168.72,70.566,33.215,11.6,0,2.32133518931242
09.04.2030 17:00,8.48,15.06,53.08,,114.5025,825.2425000000001,109.972,47.5325,11.6,0,3.10732182421352
09.04.2030 18:00,8.48,15.871,53.08,,132.1275,624.78,9.203,62.22666666666667,11.6,0,4.46272785517433
09.04.2030 19:00,8.48,15.871,53.08,,105.6825,651.63,104.391,62.385000000000005,11.6,0,4.60124415087652
09.04.2030 20:00,8.48,15.871,53.08,,89.63,537.005,1.441,83.1525,1.33,0,4.7353129177438
09.04.2030 21:00,8.48,15.651,53.08,,80.06,498.4975,3.707,73.085,1.33,0,4.12790880904232
09.04.2030 22:00,8.48,14.954,53.08,,82.47749999999999,433.135,249.13,43.572500000000005,1.33,0,3.47353224768019
09.04.2030 23:00,8.41,10.691,53.08,,78.83,437.5425,288.78700000000003,36.1175,1.33,0,3.1849645390689
10.04.2030 00:00,8.41,0.0,53.08,,83.64,390.3325,3.054,62.690000000000005,2.0,0,0.0
10.04.2030 01:00,8.41,9.423,53.08,,83.47749999999999,340.9875,6.134,74.62,2.0,0,0.0
10.04.2030 02:00,8.41,9.423,53.08,,90.965,404.68000000000006,0.6759999999999999,87.375,2.0,0,0.0
10.04.2030 03:00,8.41,9.423,53.08,,108.5525,562.6675,0.101,64.89,2.0,0,0.0
10.04.2030 04:00,8.41,9.423,53.08,,164.39249999999998,840.8100000000001,15.629,76.4275,1.62,0,0.0
10.04.2030 05:00,8.41,9.423,53.08,,206.16,827.2975,26.337,39.33,1.62,0,0.0
10.04.2030 06:00,8.41,9.423,53.08,,162.7975,1007.925,0.0,,1.62,0,0.0
10.04.2030 07:00,8.64,6.613,53.08,,135.22,1226.3075,0.0,,1.62,0,0.0
10.04.2030 08:00,8.79,1.918,53.08,,121.4625,1393.0075000000002,0.095,145.10500000000002,16.97,0,0.0
10.04.2030 09:00,9.0,1.918,53.08,,90.97,1313.5075,2.233,85.71999999999998,16.97,0,0.0
10.04.2030 10:00,9.0,1.918,53.08,,75.44,1232.73,7.217,99.8125,16.97,0,0.0
10.04.2030 11:00,9.0,1.918,53.08,,38.7725,1105.0125,73.58500000000001,46.0175,16.97,0,0.0
10.04.2030 12:00,9.0,1.918,53.08,,26.402500000000003,811.0225,150.59699999999998,14.893333333333333,59.83,0,0.0
10.04.2030 13:00,9.0,1.918,53.08,,9.6475,929.5825,505.008,1.88,59.83,0,0.0
10.04.2030 14:00,9.0,2.103,53.08,,7.69,1147.05,471.113,-0.51,59.83,0,0.0
10.04.2030 15:00,8.79,8.219,53.08,,60.0375,1127.755,411.268,-56.215,59.83,0,0.0
10.04.2030 16:00,8.64,13.148,53.08,,90.75,1316.19,355.368,-45.35,13.36,0,1.57467680164006
10.04.2030 17:00,8.48,14.933,53.08,,100.8,817.1275,164.06,42.0025,13.36,0,1.74121480275122
10.04.2030 18:00,8.48,15.185,53.08,,108.3025,835.665,25.276,49.49666666666667,13.36,0,1.68935910366986
10.04.2030 19:00,8.48,15.186,53.08,,85.0025,786.58,259.53,30.4325,13.36,0,1.72864654338591
10.04.2030 20:00,8.48,15.186,53.08,,77.355,704.8775,389.868,8.247499999999999,1.15,0,1.80808644454497
10.04.2030 21:00,8.48,15.186,53.08,,70.75999999999999,639.3525,52.286,35.945,1.15,0,1.79143982594916
10.04.2030 22:00,8.48,14.376,53.08,,64.3325,470.01,48.071,32.722500000000004,1.15,0,1.78214822975768
10.04.2030 23:00,8.41,13.148,53.08,,63.075,457.6125,66.873,26.635,1.15,0,1.78115463197551
11.04.2030 00:00,8.41,9.423,53.08,,69.4225,418.1275,6.828,33.9525,4.5,0,1.83433548279585
11.04.2030 01:00,8.41,14.279,53.08,,76.1925,346.135,0.105,44.53,4.5,0,1.55938699065524
11.04.2030 02:00,8.41,14.27,53.08,,86.3025,483.955,1.556,46.5475,4.5,0,1.51429977412012
11.04.2030 03:00,8.41,14.27,53.08,,115.055,707.0899999999999,69.749,32.443333333333335,4.5,0,1.48341830808516
11.04.2030 04:00,8.41,14.27,53.08,,156.6325,836.0899999999999,43.182,42.71,3.6,0,1.47366211444202
11.04.2030 05:00,8.41,14.376,53.08,,158.63,1083.755,28.313,39.75333333333333,3.6,0,1.43766752602216
11.04.2030 06:00,8.41,14.376,53.08,,156.7425,1372.89,16.228,45.22,3.6,0,1.34115720512639
11.04.2030 07:00,8.64,14.376,53.08,,102.265,1916.9325,87.009,49.2125,3.6,0,1.21228213985372
11.04.2030 08:00,8.79,13.622,53.08,,71.635,1934.215,121.621,10.759999999999998,30.58,0,1.2108962974608
11.04.2030 09:00,9.0,13.478,53.08,,33.6225,1571.1475,142.387,-17.930000000000003,30.58,0,1.31360966281859
11.04.2030 10:00,9.0,13.478,53.08,,0.3224999999999998,976.2475,93.099,-1.995,30.58,0,1.42991629234623
11.04.2030 11:00,9.0,13.478,53.08,,-0.8825000000000001,876.615,141.974,-8.3725,30.58,0,1.43077867494345
11.04.2030 12:00,9.0,13.478,53.08,,-0.1975,772.4775,192.956,-19.36,87.52,0,1.07114571086921
11.04.2030 13:00,9.0,13.478,53.08,,11.21,1060.78,5.833,35.3675,87.52,0,1.11905458149749
11.04.2030 14:00,9.0,13.622,53.08,,52.135,1383.125,0.075,77.22,87.52,0,1.23937681438735
11.04.2030 15:00,8.79,14.909,53.08,,102.6075,1753.9,0.005,51.035,87.52,0,1.64577368494556
11.04.2030 16:00,8.64,37.852,53.08,,128.3275,1561.54,60.348,-8.6325,30.68,0,4.42390568003237
11.04.2030 17:00,8.48,73.987,53.08,,191.0225,1016.505,32.422,14.895,30.68,0,23.814038138409
11.04.2030 18:00,8.48,80.997,53.08,,192.2525,749.7225,0.298,111.57,30.68,0,30.2720972084589
11.04.2030 19:00,8.48,80.998,53.08,,135.635,711.5375,0.255,98.35,30.68,0,30.5855032003399
11.04.2030 20:00,8.48,80.999,53.08,,106.8925,604.3725,19.831,50.32666666666668,1.5,0,32.9461520637519
11.04.2030 21:00,8.48,80.967,53.08,,103.6225,443.355,3.278,76.02250000000001,1.5,0,33.4080920542373
11.04.2030 22:00,8.48,74.381,53.08,,101.095,454.9275,0.171,76.58500000000001,1.5,0,29.7175131704921
11.04.2030 23:00,8.41,70.587,53.08,,100.0575,462.1925,0.206,79.92999999999999,1.5,0,31.0291771390041
12.04.2030 00:00,8.41,69.441,53.08,,102.26,356.52750000000003,0.0419999999999999,105.68,3.35,0,32.8712071475589
12.04.2030 01:00,8.11,71.489,53.08,,106.09,341.1425,0.124,94.43,3.35,0,33.8082153830151
12.04.2030 02:00,8.11,71.489,53.08,,108.14,373.1,0.15,92.83666666666666,3.35,0,36.8417834108882
12.04.2030 03:00,8.11,72.494,53.08,,106.9325,393.1575,0.205,95.175,3.35,0,37.0167379709105
12.04.2030 04:00,8.11,73.866,53.08,,109.265,462.09,0.0,,2.8,0,37.3939374057633
12.04.2030 05:00,8.11,77.717,53.08,,107.535,620.73,0.87,82.995,2.8,0,35.3927191595048
12.04.2030 06:00,8.11,78.592,53.08,,88.3275,849.26,17.031000000000002,59.09,2.8,0,33.3133949138466
12.04.2030 07:00,8.25,76.983,53.08,,67.8725,909.4725,10.588,67.65,2.8,0,29.8308287684274
12.04.2030 08:00,8.34,71.192,53.08,,35.3375,1185.4875,5.564,35.985,29.7,0,25.4747350079831
12.04.2030 09:00,8.49,68.024,53.08,,13.0875,1036.46,191.129,10.25,29.7,0,21.6882862379299
12.04.2030 10:00,8.49,68.024,53.08,,-25.2775,1023.5975,224.986,-8.615,29.7,0,20.2564594753946
12.04.2030 11:00,8.49,68.025,53.08,,-60.24000000000001,789.0925,154.172,-3.4,29.7,0,19.8791782467865
12.04.2030 12:00,8.49,68.024,53.08,,-68.98,752.9525,233.938,-26.52,87.25,0,20.2292911465837
12.04.2030 13:00,8.49,68.734,53.08,,-27.2025,834.98,259.755,-20.2125,87.25,0,20.5570688163277
12.04.2030 14:00,8.49,71.192,53.08,,-8.93,945.27,113.454,-1.3250000000000002,87.25,0,21.9818923703394
12.04.2030 15:00,8.34,75.878,53.08,,47.17,1214.7424999999998,268.494,-7.649999999999999,87.25,0,32.7873953224
12.04.2030 16:00,8.25,81.718,53.08,,93.0075,1152.1525,230.714,2.9725,29.45,0,49.0603376565813
12.04.2030 17:00,8.15,110.533730463116,53.08,,104.3375,750.615,137.345,21.9,29.45,0,90.0177612373503
12.04.2030 18:00,8.15,127.694528613032,53.08,,115.7225,916.66,2.906,53.14,29.45,0,108.225849843268
12.04.2030 19:00,8.15,129.154024067846,53.08,,86.915,784.61,41.168,47.9275,29.45,0,110.975520549243
12.04.2030 20:00,8.15,128.993837339328,53.08,,75.7975,705.8225,199.672,36.9625,1.81,0,111.858480302413
12.04.2030 21:00,8.15,126.487829469324,53.08,,57.485,610.7049999999999,169.765,36.6875,1.81,0,123.686531358583
12.04.2030 22:00,8.15,106.206119800447,53.08,,48.4525,516.86,537.8290000000001,21.6525,1.81,0,127.540238020772
12.04.2030 23:00,8.11,98.5340967525284,53.08,,18.815,483.98,122.082,30.5425,1.81,0,128.450705648333
13.04.2030 00:00,8.11,93.8951916579089,53.08,,16.205,521.7475,311.63800000000003,-7.0175,6.66,0,132.523466174714
13.04.2030 01:00,8.09,93.3441373587653,53.08,,26.405,425.815,32.856,8.696666666666667,6.66,0,124.088426394986
13.04.2030 02:00,8.09,92.4114560633852,53.08,,32.2475,362.005,151.166,15.09,6.66,0,133.217706049964
13.04.2030 03:00,8.09,92.6756218259577,53.08,,29.1825,447.065,200.43,4.0275,6.66,0,129.796157545271
13.04.2030 04:00,8.09,94.5007099456615,53.08,,26.72,454.3375,167.836,3.54,9.5,0,124.615123066678
13.04.2030 05:00,8.09,102.882577801977,53.08,,28.2425,601.31,536.108,-20.51,9.5,0,128.071510498592
13.04.2030 06:00,8.09,102.677307256492,53.08,,18.2825,804.36,517.108,-25.7075,9.5,0,112.960866150614
13.04.2030 07:00,8.23,93.0354424354875,53.08,,17.13,1107.2225,17.067,31.3625,9.5,0,78.550516169489
13.04.2030 08:00,8.32,74.6120665713761,53.08,,23.6775,1336.5975,12.005999999999998,19.80333333333333,35.6,0,29.4149648477515
13.04.2030 09:00,8.46,66.2667836415335,53.08,,42.13,1445.17,2.349,16.89,35.6,0,22.2672437951856
13.04.2030 10:00,8.46,64.4806738595771,53.08,,39.64,1300.1625,0.0,81.0,35.6,0,21.1306519782252
13.04.2030 11:00,8.46,64.4732175751239,53.08,,21.47,1358.475,4.851999999999999,14.5475,35.6,0,21.8982450041506
13.04.2030 12:00,8.46,64.5715463406022,53.08,,10.4025,1031.98,3.709,29.29,86.9,0,22.057064233135
13.04.2030 13:00,8.46,64.5268527886303,53.08,,8.4925,985.7425,137.801,-6.52,86.9,0,22.7067770923467
13.04.2030 14:00,8.46,70.1176587035043,53.08,,41.8125,1095.8674999999998,18.367,44.8875,86.9,0,24.7380932201
13.04.2030 15:00,8.32,73.7167673328182,53.08,,55.995,1391.72,26.255000000000003,32.987500000000004,86.9,0,30.9124163255137
13.04.2030 16:00,8.23,80.2523725807739,53.08,,86.5575,1462.545,205.819,-49.36,26.43,0,36.4210739254181
13.04.2030 17:00,8.14,106.024183591286,53.08,,101.2975,1332.7225,60.418,27.4625,26.43,0,97.7987296016012
13.04.2030 18:00,8.14,142.300789075857,53.08,,107.5575,871.3925,7.221,48.985,26.43,0,116.683770141209
13.04.2030 19:00,8.14,147.250459805153,53.08,,105.3775,640.8025,0.7070000000000001,67.27,26.43,0,114.700759394584
13.04.2030 20:00,8.14,144.498108674962,53.08,,109.4575,599.7925,5.62,66.2675,1.54,0,117.95998434091
13.04.2030 21:00,8.14,139.405595349539,53.08,,102.53,446.585,0.341,65.04,1.54,0,130.176344984223
13.04.2030 22:00,8.14,109.650816568834,53.08,,93.02,615.5525,13.337,65.045,1.54,0,138.467010789991
13.04.2030 23:00,8.09,99.1444651908314,53.08,,92.5925,477.255,102.391,55.1475,1.54,0,135.899937464243
14.04.2030 00:00,8.09,90.8997431265293,53.08,,95.895,441.15,0.492,,4.0,0,115.23540411814
14.04.2030 01:00,8.41,83.8679164174332,53.08,,103.3475,460.885,0.506,72.76,4.0,0,102.891701751819
14.04.2030 02:00,8.41,82.1546118301863,53.08,,106.715,542.065,0.06,94.195,4.0,0,98.1580589262204
14.04.2030 03:00,8.41,83.5463319206658,53.08,,94.61,718.385,0.8620000000000001,100.9975,4.0,0,97.5952828658806
14.04.2030 04:00,8.41,88.1417690502185,53.08,,111.05,593.905,0.07,97.96,4.4,0,101.432949659445
14.04.2030 05:00,8.41,96.277719648994,53.08,,122.1725,677.265,8.924,74.02250000000001,4.4,0,105.655182515004
14.04.2030 06:00,8.41,98.652342052647,53.08,,121.135,840.31,44.294,51.80666666666667,4.4,0,95.9686949146339
14.04.2030 07:00,8.64,89.0309377488893,53.08,,97.7325,1096.7675,6.6240000000000006,85.19,4.4,0,65.2250504791181
14.04.2030 08:00,8.79,75.0074208458872,53.08,,77.6975,1096.4375,246.166,49.5225,21.39,0,21.1200592637379
14.04.2030 09:00,9.0,53.3551169499707,53.08,,59.795,1190.1925,516.067,-25.2375,21.39,0,13.5984795052484
14.04.2030 10:00,9.0,52.4956511523583,53.08,,35.415,981.2775,150.587,14.5075,21.39,0,12.8644775309922
14.04.2030 11:00,9.0,52.7529405567361,53.08,,22.1575,910.6475,133.248,7.7525,21.39,0,12.9168012088082
14.04.2030 12:00,9.0,51.9597984554502,53.08,,41.115,1046.7175,122.169,12.69,63.0,0,12.7395012708787
14.04.2030 13:00,9.0,51.145898423495,53.08,,62.2325,1026.1675,17.951,32.53,63.0,0,12.5292539346233
14.04.2030 14:00,9.0,51.3252602837677,53.08,,70.78,1134.715,86.27,21.425,63.0,0,12.5005227433046
14.04.2030 15:00,8.79,55.1389778375757,53.08,,84.295,978.535,426.392,18.97,63.0,0,15.3184340497436
14.04.2030 16:00,8.64,74.9988748886984,53.08,,104.0775,1012.48,146.495,28.345,15.89,0,26.3933950264902
14.04.2030 17:00,8.48,93.6743636478479,53.08,,120.58,791.0325,183.135,49.595,15.89,0,68.3689294054743
14.04.2030 18:00,8.48,124.24860436692,53.08,,119.06,766.3375,15.404,68.06,15.89,0,106.426708812585
14.04.2030 19:00,8.48,130.456023881447,53.08,,98.0275,895.03,0.656,77.03333333333333,15.89,0,108.853183966258
14.04.2030 20:00,8.48,128.708778143518,53.08,,87.825,862.915,216.342,45.275000000000006,1.55,0,113.223917013989
14.04.2030 21:00,8.48,123.408063771655,53.08,,77.3825,802.97,129.7,43.7725,1.55,0,132.508771347501
14.04.2030 22:00,8.48,111.752257790841,53.08,,74.5025,437.66,320.735,27.815,1.55,0,130.481516102884
14.04.2030 23:00,8.41,88.635,53.08,,68.7325,450.8,308.102,28.13,1.55,0,119.788196069579
15.04.2030 00:00,8.41,87.85,53.08,,67.36,304.515,10.227,38.10666666666666,6.05,0,112.667550249967
15.04.2030 01:00,8.41,81.32,53.08,,65.83500000000001,243.395,3.741,45.7,6.05,0,111.918890282803
15.04.2030 02:00,8.41,80.928,53.08,,69.31,345.4175,24.778,39.22,6.05,0,114.195150603307
15.04.2030 03:00,8.41,80.928,53.08,,72.42500000000001,428.1925,342.749,26.3475,6.05,0,102.364227237613
15.04.2030 04:00,8.41,81.32,53.08,,86.0825,601.44,18.13,49.053333333333335,5.92,0,87.8666429112549
15.04.2030 05:00,8.41,81.32,53.08,,90.0175,591.46,141.88199999999998,36.7475,5.92,0,85.7509311403399
15.04.2030 06:00,8.41,78.592,53.08,,79.63250000000001,785.435,18.153,52.165,5.92,0,54.7579866684818
15.04.2030 07:00,8.64,28.646,53.08,,65.7275,985.8125,4.689,41.26,5.92,0,0.927193362277818
15.04.2030 08:00,8.79,20.0,53.08,,17.4425,1188.6625,23.22,13.03,23.46,0,0.457268254901725
15.04.2030 09:00,9.0,18.882,53.08,,10.3875,1208.3925,6.074,28.910000000000004,23.46,0,0.344300159804445
15.04.2030 10:00,9.0,18.431,53.08,,-4.2625,1216.18,113.429,-16.9375,23.46,0,0.41637474653452
15.04.2030 11:00,9.0,18.945,53.08,,1.12,1224.965,286.095,-28.1425,23.46,0,0.450159374481778
15.04.2030 12:00,9.0,19.955,53.08,,25.465,1042.1950000000002,95.649,-3.4275,67.19,0,0.0
15.04.2030 13:00,9.0,20.649,53.08,,53.0125,1203.985,5.382000000000001,23.4975,67.19,0,0.0
15.04.2030 14:00,9.0,20.84,53.08,,74.9325,1239.355,0.251,16.49,67.19,0,0.0
15.04.2030 15:00,8.79,21.583,53.08,,87.06,1371.4825,388.728,0.8025000000000011,67.19,0,0.0
15.04.2030 16:00,8.64,24.737,53.08,,86.45,1472.6375,273.128,14.1325,15.4,0,0.0
15.04.2030 17:00,8.48,32.692,53.08,,93.79,1005.2925,171.424,23.4325,15.4,0,0.0
15.04.2030 18:00,8.48,34.098,53.08,,99.91,876.2049999999999,19.544,65.3875,15.4,0,0.0
15.04.2030 19:00,8.48,34.098,53.08,,104.065,972.0225,0.009,,15.4,0,0.0
15.04.2030 20:00,8.48,34.099,53.08,,123.7775,1380.11,0.082,97.79,1.4,0,0.0
15.04.2030 21:00,8.48,34.099,53.08,,104.4025,799.36,0.2309999999999999,95.1,1.4,0,0.0
15.04.2030 22:00,8.48,32.692,53.08,,108.1575,560.115,2.656,69.1925,1.4,0,0.0
15.04.2030 23:00,8.41,27.328,53.08,,100.9125,491.34,0.115,91.77,1.4,0,0.0
16.04.2030 00:00,8.41,20.95,53.08,,93.9275,479.1525,38.477,51.51333333333333,4.0,0,0.0
16.04.2030 01:00,8.41,29.732,53.08,,85.13749999999999,459.7775,63.094,49.415,4.0,0,0.0
16.04.2030 02:00,8.41,28.886,53.08,,94.3825,510.715,7.582,68.16,4.0,0,0.0
16.04.2030 03:00,8.41,28.886,53.08,,109.7,560.2,0.003,95.5,4.0,0,0.0
16.04.2030 04:00,8.41,28.886,53.08,,141.3875,616.0350000000001,10.438,74.68,3.69,0,0.0
16.04.2030 05:00,8.41,28.886,53.08,,143.245,688.58,43.371,54.7825,3.69,0,0.0
16.04.2030 06:00,8.41,23.683,53.08,,115.485,1031.155,164.10899999999998,35.72666666666667,3.69,0,0.0
16.04.2030 07:00,8.64,17.635,53.08,,97.415,1199.05,0.505,58.18,3.69,0,0.0
16.04.2030 08:00,8.79,15.616,53.08,,82.975,1242.8325,2.996,75.35,19.74,0,0.0
16.04.2030 09:00,9.0,15.245,53.08,,78.73,1350.615,424.192,-1.9675,19.74,0,0.0
16.04.2030 10:00,9.0,15.245,53.08,,68.9125,1104.3475,373.365,-24.0725,19.74,0,0.0
16.04.2030 11:00,9.0,15.246,53.08,,63.19500000000001,1042.665,6.908,31.525,19.74,0,0.0
16.04.2030 12:00,9.0,15.246,53.08,,74.8675,1120.375,2.729,51.35,55.0,0,0.0
16.04.2030 13:00,9.0,15.486,53.08,,87.0125,1205.59,8.276,27.88,55.0,0,0.0
16.04.2030 14:00,9.0,15.511,53.08,,92.87,1103.255,7.269,25.850000000000005,55.0,0,0.0
16.04.2030 15:00,8.79,15.533,53.08,,106.1875,1176.9075,11.733,42.1075,55.0,0,0.0
16.04.2030 16:00,8.64,15.599,53.08,,106.7025,1102.0925,0.97,102.305,12.1,0,0.0
16.04.2030 17:00,8.48,20.051,53.08,,119.0375,779.5075,0.069,102.03,12.1,0,0.0
16.04.2030 18:00,8.48,29.863,53.08,,116.665,830.425,78.77099999999999,55.55,12.1,0,0.0
16.04.2030 19:00,8.48,29.863,53.08,,103.3,903.055,1.855,87.965,12.1,0,0.0
16.04.2030 20:00,8.48,29.863,53.08,,92.0425,798.1275,42.16,66.08,1.55,0,0.0
16.04.2030 21:00,8.48,29.863,53.08,,84.225,653.965,41.206,50.005,1.55,0,0.0
16.04.2030 22:00,8.48,28.886,53.08,,80.0775,465.105,22.546,62.23,1.55,0,0.0
16.04.2030 23:00,8.41,28.886,53.08,,81.065,422.3975,163.425,44.3325,1.55,0,0.0
17.04.2030 00:00,8.41,28.886,53.08,,79.6875,357.6825,4.927,73.5175,3.54,0,0.0
17.04.2030 01:00,8.41,32.383,53.08,,75.25,332.385,3.081,70.3825,3.54,0,0.308927972024031
17.04.2030 02:00,8.41,32.383,53.08,,77.19,438.24,39.789,59.3825,3.54,0,0.307206345760651
17.04.2030 03:00,8.41,32.383,53.08,,79.465,537.91,0.219,79.1275,3.54,0,0.312226465519595
17.04.2030 04:00,8.41,32.383,53.08,,94.56,638.535,101.832,51.6875,3.24,0,0.302298293975165
17.04.2030 05:00,8.41,36.163,53.08,,107.03,612.6725,77.153,50.66,3.24,0,0.277799254658461
17.04.2030 06:00,8.41,36.163,53.08,,110.96,845.515,0.103,79.66,3.24,0,0.25186890709393
17.04.2030 07:00,8.64,32.383,53.08,,103.925,1005.51,18.877,52.49,3.24,0,0.220964403293907
17.04.2030 08:00,8.79,16.246,53.08,,97.155,1173.5425,0.074,72.99,15.89,0,0.180561769528503
17.04.2030 09:00,9.0,0.0,53.08,,102.9925,1302.6875,15.384,36.25,15.89,0,0.338355495113544
17.04.2030 10:00,9.0,0.0,53.08,,82.3975,1316.8725,12.568,69.055,15.89,0,0.543827631613027
17.04.2030 11:00,9.0,0.0,53.08,,80.0125,1007.88,32.01,49.9025,15.89,0,0.614068821304174
17.04.2030 12:00,9.0,0.0,53.08,,84.245,844.9975,0.05,76.18,42.51,0,0.227736768730162
17.04.2030 13:00,9.0,0.0,53.08,,84.655,783.995,4.996,45.055,42.51,0,0.237919837704623
17.04.2030 14:00,9.0,0.0,53.08,,89.4075,913.355,8.003,33.85666666666666,42.51,0,0.260264623501741
17.04.2030 15:00,8.79,15.115,53.08,,106.31,832.98,0.516,84.34666666666666,42.51,0,0.282553126513511
17.04.2030 16:00,8.64,20.0,53.08,,126.5275,1204.3925,0.0,,10.44,0,0.354287762900606
17.04.2030 17:00,8.48,32.383,53.08,,134.7625,940.8425,0.444,101.49,10.44,0,20.7451102854111
17.04.2030 18:00,8.48,66.387,53.08,,136.7325,858.26,0.2279999999999999,128.15666666666667,10.44,0,33.9100773564253
17.04.2030 19:00,8.48,66.387,53.08,,150.9225,994.8925,0.0,,10.44,0,36.0880420364198
17.04.2030 20:00,8.48,66.388,53.08,,128.1575,990.9425,78.906,83.07333333333334,1.66,0,38.5482811219011
17.04.2030 21:00,8.48,66.389,53.08,,103.0275,683.66,12.863,89.535,1.66,0,41.6690515955482
17.04.2030 22:00,8.48,58.968,53.08,,110.895,586.8475,0.0,,1.66,0,49.9583102692148
17.04.2030 23:00,8.41,55.378,53.08,,103.2475,721.7875,0.1939999999999999,88.255,1.66,0,52.5918684994487
18.04.2030 00:00,8.41,55.149,53.08,,100.2825,555.5675,7.1610000000000005,81.07,4.15,0,52.2153286090753
18.04.2030 01:00,8.41,58.383,53.08,,94.8325,452.7925,0.387,80.815,4.15,0,54.3656408087874
18.04.2030 02:00,8.41,58.383,53.08,,89.9125,383.2825,0.048,96.96,4.15,0,55.2396031805042
18.04.2030 03:00,8.41,58.383,53.08,,91.9575,397.91,0.808,82.49666666666667,4.15,0,57.650353127854
18.04.2030 04:00,8.41,58.383,53.08,,87.43,528.26,155.031,51.7375,3.6,0,51.8628621050417
18.04.2030 05:00,8.41,62.818,53.08,,92.8625,563.87,108.862,53.5175,3.6,0,47.5229142788385
18.04.2030 06:00,8.41,46.168,53.08,,92.82,550.865,6.317,57.675,3.6,0,24.5443122662769
18.04.2030 07:00,8.64,20.47,53.08,,103.1475,724.8725000000001,0.265,91.945,3.6,0,0.362847138739195
18.04.2030 08:00,8.79,0.0,53.08,,94.895,969.035,107.044,58.26,16.64,0,0.235057845716378
18.04.2030 09:00,9.0,0.0,53.08,,88.84,992.585,29.829,61.0225,16.64,0,0.314498509649264
18.04.2030 10:00,9.0,0.0,53.08,,82.1925,846.77,2.119,44.48,16.64,0,0.535142326531258
18.04.2030 11:00,9.0,0.0,53.08,,78.7775,797.15,1.281,60.56333333333333,16.64,0,0.587610314104968
18.04.2030 12:00,9.0,0.0,53.08,,80.7425,711.685,23.538,37.9825,43.28,0,0.12783229169384
18.04.2030 13:00,9.0,0.0,53.08,,79.3425,720.2975,0.0,81.49,43.28,0,0.0765043302603948
18.04.2030 14:00,9.0,0.0,53.08,,85.6925,833.0174999999999,5.421,34.58,43.28,0,0.0798527461715378
18.04.2030 15:00,8.79,0.0,53.08,,103.825,905.635,4.269,74.995,43.28,0,0.0921515987739609
18.04.2030 16:00,8.64,15.618,53.08,,119.0575,862.98,19.075,52.626666666666665,9.8,0,0.237981290032431
18.04.2030 17:00,8.48,30.221,53.08,,121.5675,574.7,0.484,101.73333333333332,9.8,0,2.89423590482772
18.04.2030 18:00,8.48,43.906,53.08,,121.1825,519.0425,2.537,94.3975,9.8,0,3.31465899375761
18.04.2030 19:00,8.48,43.907,53.08,,104.3925,512.9425,6.786,83.1275,9.8,0,3.37938622292296
18.04.2030 20:00,8.48,43.907,53.08,,100.8125,634.37,32.179,58.5175,1.37,0,3.58902695009555
18.04.2030 21:00,8.48,43.241,53.08,,95.545,567.3725,5.212,71.9325,1.37,0,3.63953042737026
18.04.2030 22:00,8.48,30.988,53.08,,99.815,433.065,5.098,64.30666666666667,1.37,0,3.52106046964163
18.04.2030 23:00,8.41,30.221,53.08,,95.01,350.7375,0.034,76.89,1.37,0,3.67067342886451
19.04.2030 00:00,8.41,30.22,53.08,,91.125,257.9925,26.303,76.88,3.48,0,3.81242744334556
19.04.2030 01:00,8.11,25.79,53.08,,83.325,249.065,54.918,62.0225,3.48,0,3.97817505499516
19.04.2030 02:00,8.11,25.79,53.08,,87.3725,257.765,3.51,81.67,3.48,0,3.98009974852855
19.04.2030 03:00,8.11,25.791,53.08,,85.445,296.435,0.0,93.0,3.48,0,3.93997048431322
19.04.2030 04:00,8.11,25.958,53.08,,96.1525,372.7625000000001,0.033,95.62,3.1,0,3.8811211771137
19.04.2030 05:00,8.11,29.189,53.08,,111.365,585.91,0.319,96.29,3.1,0,3.66444061979421
19.04.2030 06:00,8.11,29.189,53.08,,85.27250000000001,879.165,244.012,64.6,3.1,0,3.28497802564511
19.04.2030 07:00,8.25,25.958,53.08,,73.745,1082.58,90.317,36.995,3.1,0,3.03282732781348
19.04.2030 08:00,8.34,15.914,53.08,,44.1325,1324.7225,13.142,61.3475,25.36,0,1.06508751373711
19.04.2030 09:00,8.49,15.015,53.08,,19.3325,1076.54,6.833,45.645,25.36,0,0.883211145714852
19.04.2030 10:00,8.49,14.797,53.08,,21.81,1096.285,1.127,56.3925,25.36,0,1.17518183214476
19.04.2030 11:00,8.49,15.015,53.08,,32.78,950.7175,3.132000000000001,39.38666666666666,25.36,0,1.28863910300005
19.04.2030 12:00,8.49,15.345,53.08,,12.62,851.4300000000001,31.651000000000003,13.6025,72.92,0,0.828972672510877
19.04.2030 13:00,8.49,15.561,53.08,,25.6325,887.3775,8.15,11.0225,72.92,0,0.874000292929958
19.04.2030 14:00,8.49,15.914,53.08,,26.39,1116.0175,108.502,25.67,72.92,0,0.942174040949523
19.04.2030 15:00,8.34,20.0,53.08,,65.565,1112.505,218.543,14.8275,72.92,0,1.1689212583019
19.04.2030 16:00,8.25,24.647,53.08,,88.29,951.9375,257.325,16.91,20.32,0,3.08159287662424
19.04.2030 17:00,8.15,36.984,53.08,,112.4775,664.065,2.819,50.695,20.32,0,3.88503613444581
19.04.2030 18:00,8.15,40.956,53.08,,138.6625,602.065,0.1,61.74,20.32,0,4.454265390738
19.04.2030 19:00,8.15,40.956,53.08,,132.2525,650.8775,4.13,97.01,20.32,0,4.47383247737385
19.04.2030 20:00,8.15,40.957,53.08,,118.0675,635.335,13.114,69.07333333333334,1.46,0,4.54409172481916
19.04.2030 21:00,8.15,37.287,53.08,,102.755,488.48,12.98,71.92750000000001,1.46,0,4.49354047804038
19.04.2030 22:00,8.15,25.958,53.08,,96.9275,550.165,0.994,80.7125,1.46,0,3.32352116996344
19.04.2030 23:00,8.11,24.647,53.08,,96.8375,345.6075,8.701,51.92666666666667,1.46,0,3.53873447106692
20.04.2030 00:00,8.11,24.646,53.08,,89.2525,268.5,1.978,62.825,3.56,0,3.5930082508288
20.04.2030 01:00,8.09,36.147,53.08,,87.3675,238.7575,27.443,59.62,3.56,0,3.61118062224927
20.04.2030 02:00,8.09,36.147,53.08,,87.27250000000001,264.64,0.165,79.235,3.56,0,3.64931835370705
20.04.2030 03:00,8.09,36.147,53.08,,84.34,351.8825,0.864,76.92,3.56,0,3.80223934190303
20.04.2030 04:00,8.09,38.05,53.08,,86.37,430.02,0.48,56.39,3.45,0,3.81896795621723
20.04.2030 05:00,8.09,40.91,53.08,,79.10000000000001,878.2175,0.263,80.455,3.45,0,3.58000810730186
20.04.2030 06:00,8.09,38.05,53.08,,39.6725,929.83,39.518,33.035,3.45,0,3.03152383423341
20.04.2030 07:00,8.23,15.914,53.08,,4.672499999999999,971.39,0.946,58.03333333333333,3.45,0,0.343690950686186
20.04.2030 08:00,8.32,14.931,53.08,,11.677500000000002,1201.1925,5.533,-9.885,31.16,0,0.286155986618887
20.04.2030 09:00,8.46,14.376,53.08,,7.895,1093.7175000000002,105.426,-43.7025,31.16,0,0.333690203815544
20.04.2030 10:00,8.46,14.376,53.08,,-12.11,851.365,108.512,-84.14,31.16,0,0.495494322470919
20.04.2030 11:00,8.46,14.376,53.08,,-24.745,724.8475,195.52,-101.675,31.16,0,0.559584371282697
20.04.2030 12:00,8.46,14.376,53.08,,-28.2625,772.28,122.178,-60.7725,79.55,0,0.226858872278456
20.04.2030 13:00,8.46,14.377,53.08,,-1.5099999999999998,882.305,20.447,-9.87,79.55,0,0.251803404051253
20.04.2030 14:00,8.46,15.651,53.08,,21.7875,1063.41,48.277,-25.692500000000003,79.55,0,0.28992368837931
20.04.2030 15:00,8.32,19.927,53.08,,54.73,1087.4,11.521,28.3225,79.55,0,0.340331827478106
20.04.2030 16:00,8.23,36.147,53.08,,90.765,1109.405,50.93,-5.440000000000001,22.62,0,19.5369750626037
20.04.2030 17:00,8.14,64.822,53.08,,110.9425,1058.23,65.544,-7.079999999999998,22.62,0,28.7772116785626
20.04.2030 18:00,8.14,91.782,53.08,,122.57,720.0275,27.314,30.7925,22.62,0,64.8636945029946
20.04.2030 19:00,8.14,92.171,53.08,,107.8525,588.2925,5.132000000000001,76.895,22.62,0,63.6898593622951
20.04.2030 20:00,8.14,92.171,53.08,,126.88,713.46,0.0,,1.36,0,64.1125005118739
20.04.2030 21:00,8.14,92.088,53.08,,100.5825,682.3425,13.135,58.975,1.36,0,72.5224541525753
20.04.2030 22:00,8.14,76.787,53.08,,102.59,566.635,0.113,93.8,1.36,0,65.5867483398479
20.04.2030 23:00,8.09,66.635,53.08,,94.3075,385.2675,2.996,75.2625,1.36,0,44.2815745261018
21.04.2030 00:00,8.09,64.821,53.08,,91.545,314.945,0.027,,3.15,0,50.5735008096015
21.04.2030 01:00,8.41,42.779,53.08,,95.875,255.19,0.141,92.085,3.15,0,43.3131887579767
21.04.2030 02:00,8.41,42.779,53.08,,90.69,204.27,1.288,66.95333333333333,3.15,0,38.1081118030672
21.04.2030 03:00,8.41,42.779,53.08,,99.7975,303.73749999999995,0.003,,3.15,0,37.8732743844684
21.04.2030 04:00,8.41,42.78,53.08,,96.8025,326.0125,0.242,93.805,3.1,0,38.7601796597396
21.04.2030 05:00,8.41,48.416,53.08,,93.475,469.8025,2.786,77.9575,3.1,0,34.4425782515175
21.04.2030 06:00,8.41,48.416,53.08,,88.57,499.225,16.52,58.155,3.1,0,29.7372855547945
21.04.2030 07:00,8.64,41.808,53.08,,71.59,767.405,64.987,49.13,3.1,0,19.2085286157111
21.04.2030 08:00,8.79,27.895,53.08,,67.175,775.6975,0.014,72.61500000000001,28.12,0,8.56335115890039
21.04.2030 09:00,9.0,23.77,53.08,,62.2225,848.055,0.372,63.61333333333334,28.12,0,6.86778860043668
21.04.2030 10:00,9.0,23.77,53.08,,63.7525,913.135,28.296,54.2025,28.12,0,6.57939498764192
21.04.2030 11:00,9.0,23.771,53.08,,56.3175,731.58,149.308,29.79,28.12,0,7.08402044199954
21.04.2030 12:00,9.0,23.839,53.08,,38.755,752.2674999999999,438.703,0.4950000000000001,74.93,0,7.56857054634547
21.04.2030 13:00,9.0,23.796,53.08,,39.3875,967.86,71.23700000000001,24.582500000000003,74.93,0,7.53457650469894
21.04.2030 14:00,9.0,26.043,53.08,,69.1925,1064.255,9.162,32.77,74.93,0,7.7458424820663
21.04.2030 15:00,8.79,32.931,53.08,,92.2125,891.01,0.008,67.66,74.93,0,9.5304068490108
21.04.2030 16:00,8.64,38.845,53.08,,103.8775,749.485,75.525,36.7425,20.34,0,10.9910609459895
21.04.2030 17:00,8.48,78.592,53.08,,111.865,685.565,16.203,48.555,20.34,0,41.053219572829
21.04.2030 18:00,8.48,253.008,53.08,,120.65,515.4225,0.624,85.4425,20.34,0,60.9183164992406
21.04.2030 19:00,8.48,253.01,53.08,,113.63,664.955,9.914,63.67,20.34,0,63.2449871760807
21.04.2030 20:00,8.48,253.013,53.08,,107.72,654.14,3.2270000000000003,64.76333333333334,2.04,0,66.6676261295583
21.04.2030 21:00,8.48,253.016,53.08,,86.36500000000001,597.5425,7.326,70.6975,2.04,0,66.62319708675
21.04.2030 22:00,8.48,78.592,53.08,,87.765,425.455,1.0550000000000002,64.065,2.04,0,55.9158726162071
21.04.2030 23:00,8.41,42.779,53.08,,80.0925,384.5725,106.217,46.825,2.04,0,45.2516203449655
22.04.2030 00:00,8.41,38.68,53.08,,81.25,320.625,0.009,99.51,3.0,0,27.5440099409058
22.04.2030 01:00,8.41,36.226,53.08,,80.845,321.34,0.215,96.4175,3.0,0,24.7770554435732
22.04.2030 02:00,8.41,35.397,53.08,,82.475,300.7825,0.491,81.25,3.0,0,11.7577020608444
22.04.2030 03:00,8.41,32.851,53.08,,88.925,457.7425,0.3299999999999999,74.05,3.0,0,1.70842104701295
22.04.2030 04:00,8.41,32.192,53.08,,103.3875,533.1525,1.873,88.3975,13.32,0,1.56391042022475
22.04.2030 05:00,8.41,32.192,53.08,,121.56,711.6325,76.316,43.775,13.32,0,1.44538967898431
22.04.2030 06:00,8.41,23.37,53.08,,152.4925,897.3299999999999,14.007,74.965,13.32,0,0.507603931572367
22.04.2030 07:00,8.64,20.0,53.08,,107.54,1088.64,133.314,55.275,13.32,0,0.389466313813042
22.04.2030 08:00,8.79,15.434,53.08,,86.275,964.185,126.175,46.6575,20.0,0,0.290568070046738
22.04.2030 09:00,9.0,14.376,53.08,,76.3225,970.4225,45.193,57.3925,20.0,0,0.194510139302468
22.04.2030 10:00,9.0,14.376,53.08,,71.1675,736.3924999999999,31.397,57.2275,20.0,0,0.348955297506864
22.04.2030 11:00,9.0,14.376,53.08,,67.63,804.6025,22.829,57.1825,20.0,0,0.34735235639567
22.04.2030 12:00,9.0,14.376,53.08,,72.0475,969.02,25.003,62.833333333333336,52.21,0,0.1687579281509
22.04.2030 13:00,9.0,14.377,53.08,,76.1875,1072.725,167.997,65.045,52.21,0,0.177697586529376
22.04.2030 14:00,9.0,15.076,53.08,,81.615,998.1925,11.536,67.495,52.21,0,0.194288043936539
22.04.2030 15:00,8.79,17.575,53.08,,91.31,907.4875,89.35499999999999,61.3325,52.21,0,0.224277926050896
22.04.2030 16:00,8.64,23.15,53.08,,107.6475,941.655,36.292,81.1825,14.94,0,0.292773667826302
22.04.2030 17:00,8.48,35.884,53.08,,148.5725,901.4925,27.752,61.895,14.94,0,17.8255167444037
22.04.2030 18:00,8.48,67.552,53.08,,228.4575,697.0775,0.417,86.33333333333333,14.94,0,21.4888839299952
22.04.2030 19:00,8.48,67.553,53.08,,132.0825,613.9225,2.658,106.12,14.94,0,21.2238065417311
22.04.2030 20:00,8.48,67.553,53.08,,111.7575,598.405,15.25,64.905,1.3,0,22.4535880121859
22.04.2030 21:00,8.48,67.554,53.08,,99.445,514.1025,3.246,83.4125,1.3,0,23.5831686761144
22.04.2030 22:00,8.48,36.273,53.08,,94.61,370.03,15.221,81.28,1.3,0,21.2273855281637
22.04.2030 23:00,8.41,33.421,53.08,,88.9975,343.6175,12.54,71.395,1.3,0,0.0
23.04.2030 00:00,8.41,24.693,53.08,,84.1,311.5375,0.117,81.85249999999999,2.67,0,0.0
23.04.2030 01:00,8.41,32.212,53.08,,81.035,297.6775,1.6679999999999997,131.3075,2.67,0,0.0
23.04.2030 02:00,8.41,32.212,53.08,,81.3925,362.6925,0.235,84.44666666666666,2.67,0,0.0
23.04.2030 03:00,8.41,29.435,53.08,,94.0625,413.8425,4.792000000000001,78.74,2.67,0,0.0
23.04.2030 04:00,8.41,32.212,53.08,,109.03,544.2125,0.334,80.6825,4.94,0,0.0
23.04.2030 05:00,8.41,30.728,53.08,,101.715,697.9675,189.042,52.525,4.94,0,0.0
23.04.2030 06:00,8.41,27.111,53.08,,98.555,854.6275,96.684,60.375,4.94,0,0.0
23.04.2030 07:00,8.64,20.963,53.08,,75.0525,965.53,42.947,65.07249999999999,4.94,0,0.0
23.04.2030 08:00,8.79,16.07,53.08,,75.7625,1007.25,11.7,67.05,16.54,0,0.0
23.04.2030 09:00,9.0,15.651,53.08,,70.1725,835.94,116.584,23.365,16.54,0,0.0
23.04.2030 10:00,9.0,15.651,53.08,,46.83,906.2025,19.88,38.4625,16.54,0,0.0
23.04.2030 11:00,9.0,15.651,53.08,,37.32,981.1775,65.33600000000001,11.453333333333331,16.54,0,0.0
23.04.2030 12:00,9.0,15.651,53.08,,62.955,1210.005,36.551,52.4875,39.8,0,0.0
23.04.2030 13:00,9.0,15.651,53.08,,72.91499999999999,965.3675,22.794,52.4725,39.8,0,0.0
23.04.2030 14:00,9.0,15.651,53.08,,78.9825,1055.6425,0.021,51.83,39.8,0,0.0
23.04.2030 15:00,8.79,15.912,53.08,,88.7225,978.63,1.114,66.41000000000001,39.8,0,0.0
23.04.2030 16:00,8.64,20.15,53.08,,105.3925,850.3299999999999,1.156,55.77,11.0,0,0.0
23.04.2030 17:00,8.48,34.188,53.08,,122.085,589.625,0.248,89.11,11.0,0,0.0
23.04.2030 18:00,8.48,48.083,53.08,,117.2525,605.4425,0.022,79.35,11.0,0,24.7172484495969
23.04.2030 19:00,8.48,48.083,53.08,,100.935,718.0225,43.888,70.62,11.0,0,23.924848522459
23.04.2030 20:00,8.48,48.084,53.08,,91.095,576.1225,80.333,67.38,1.3,0,23.2993789396083
23.04.2030 21:00,8.48,48.084,53.08,,85.7325,607.2225,9.786,55.1075,1.3,0,25.2238622169085
23.04.2030 22:00,8.48,46.657,53.08,,83.60499999999999,442.4325,2.28,48.44,1.3,0,24.9659655202937
23.04.2030 23:00,8.41,36.267,53.08,,77.8175,433.985,43.989,53.02,1.3,0,14.7699164727077
24.04.2030 00:00,8.41,34.733,53.08,,79.01249999999999,415.8225,7.606999999999999,64.73333333333333,4.13,0,1.85057464177006
24.04.2030 01:00,8.41,53.011,53.08,,76.585,382.8925,4.919,74.095,4.13,0,28.9174541851293
24.04.2030 02:00,8.41,52.501,53.08,,75.52250000000001,424.6025,4.201,69.8875,4.13,0,27.0421640560748
24.04.2030 03:00,8.41,52.501,53.08,,80.77,428.4175,0.393,83.15666666666668,4.13,0,25.765926417481
24.04.2030 04:00,8.41,53.805,53.08,,88.6475,534.125,41.054,56.8975,3.75,0,26.1002820100993
24.04.2030 05:00,8.41,56.755,53.08,,105.98,720.7,54.945,59.44,3.75,0,24.0051090688772
24.04.2030 06:00,8.41,55.053,53.08,,101.715,763.735,261.715,39.16333333333333,3.75,0,19.7895872118801
24.04.2030 07:00,8.64,54.179,53.08,,104.26,1163.7675,0.247,81.14500000000001,3.75,0,17.7975511812836
24.04.2030 08:00,8.79,39.903,53.08,,94.65,1081.81,139.26600000000002,48.255,13.14,0,6.80083892572434
24.04.2030 09:00,9.0,33.896,53.08,,93.525,892.9275,37.729,59.25666666666666,13.14,0,5.7367741097973
24.04.2030 10:00,9.0,33.896,53.08,,81.9,756.5975,1.951,126.3175,13.14,0,5.75517386254858
24.04.2030 11:00,9.0,33.896,53.08,,85.5575,760.0525,0.0,,13.14,0,5.73991194290782
24.04.2030 12:00,9.0,33.897,53.08,,80.5075,652.0625,38.136,,30.0,0,5.61897980555304
24.04.2030 13:00,9.0,33.897,53.08,,82.44,693.0699999999999,26.816000000000003,603.8,30.0,0,5.63685592952896
24.04.2030 14:00,9.0,35.165,53.08,,86.4,783.1675,0.1969999999999999,96.535,30.0,0,6.04676377950433
24.04.2030 15:00,8.79,39.903,53.08,,95.8075,730.1975,17.371000000000002,59.035,30.0,0,6.93176845184664
24.04.2030 16:00,8.64,52.501,53.08,,105.6175,838.24,0.0,,9.25,0,18.5796488708583
24.04.2030 17:00,8.48,74.472,53.08,,132.4975,673.3975,0.127,98.035,9.25,0,36.2156384069183
24.04.2030 18:00,8.48,78.592,53.08,,140.52,777.2175,0.0,,9.25,0,43.8412198299068
24.04.2030 19:00,8.48,78.593,53.08,,119.265,841.6975,0.941,128.01749999999998,9.25,0,48.3096289654964
24.04.2030 20:00,8.48,78.594,53.08,,114.795,675.185,0.545,92.64,1.19,0,51.2352413716192
24.04.2030 21:00,8.48,76.174,53.08,,103.17,588.1025,0.535,113.64666666666666,1.19,0,45.8462072637554
24.04.2030 22:00,8.48,57.278,53.08,,107.925,461.435,0.091,125.93,1.19,0,35.5229349111817
24.04.2030 23:00,8.41,55.231,53.08,,99.015,420.785,0.005,,1.19,0,25.3733917535297
25.04.2030 00:00,8.41,54.179,53.08,,97.82,333.9125,1.008,89.06,2.7,0,20.8436382036282
25.04.2030 01:00,8.41,37.504,53.08,,101.915,273.9075,0.277,73.39,2.7,0,18.7911203841053
25.04.2030 02:00,8.41,37.373,53.08,,110.4375,411.56,0.0,,2.7,0,17.7494940743002
25.04.2030 03:00,8.41,37.373,53.08,,115.325,534.8975,3.303,86.6675,2.7,0,17.2470131002121
25.04.2030 04:00,8.41,38.381,53.08,,141.2425,645.215,2.155,79.975,2.82,0,17.6755186167227
25.04.2030 05:00,8.41,39.666,53.08,,162.9475,786.4425,1.598,74.165,2.82,0,17.9050601071346
25.04.2030 06:00,8.41,41.912,53.08,,205.0525,1190.4299999999998,0.17,134.82,2.82,0,16.3424015719857
25.04.2030 07:00,8.64,41.912,53.08,,169.45,1280.92,0.0,,2.82,0,15.8700840069051
25.04.2030 08:00,8.79,39.666,53.08,,105.8425,1194.2375,0.567,89.695,11.45,0,14.3707749030415
25.04.2030 09:00,9.0,29.565,53.08,,91.64,970.91,8.493,76.925,11.45,0,11.6205495606454
25.04.2030 10:00,9.0,27.619,53.08,,99.9425,1126.0175,0.018,97.81,11.45,0,10.5502196130227
25.04.2030 11:00,9.0,27.62,53.08,,77.8625,1097.4475,41.683,54.2625,11.45,0,10.2026028261591
25.04.2030 12:00,9.0,27.62,53.08,,72.6775,1008.4725,102.177,31.89333333333333,26.98,0,10.0326566969292
25.04.2030 13:00,9.0,27.62,53.08,,75.14750000000001,795.6775,2.186,46.07,26.98,0,10.4847442628983
25.04.2030 14:00,9.0,29.229,53.08,,87.4825,705.6175,70.798,41.03,26.98,0,11.5971593692548
25.04.2030 15:00,8.79,38.384,53.08,,104.9725,1004.4425,36.274,40.9075,26.98,0,16.3034476703984
25.04.2030 16:00,8.64,41.156,53.08,,125.2375,1069.175,0.262,100.2575,8.03,0,21.4983464721845
25.04.2030 17:00,8.48,73.303,53.08,,148.81,1006.855,0.667,108.92,8.03,0,38.7712122001072
25.04.2030 18:00,8.48,80.049,53.08,,137.4675,830.965,0.0989999999999999,99.04666666666668,8.03,0,43.4723528989489
25.04.2030 19:00,8.48,80.05,53.08,,113.385,687.835,0.129,93.81,8.03,0,42.5749712820015
25.04.2030 20:00,8.48,80.051,53.08,,109.525,693.885,16.596,71.005,1.1,0,45.0093278153656
25.04.2030 21:00,8.48,80.052,53.08,,108.3,625.395,0.098,85.91333333333334,1.1,0,47.1307259059677
25.04.2030 22:00,8.48,55.053,53.08,,87.71000000000001,448.12,0.038,88.17666666666666,1.1,0,36.3659207592509
25.04.2030 23:00,8.41,40.315,53.08,,92.79,352.285,0.0,,1.1,0,20.8853193247148
26.04.2030 00:00,8.41,39.232,53.08,,101.5925,327.1125,0.0,,2.48,0,19.7713204126402
26.04.2030 01:00,8.11,48.676,53.08,,94.7875,248.165,2.377,75.9325,2.48,0,19.9589973234227
26.04.2030 02:00,8.11,46.526,53.08,,86.4225,291.135,13.761,68.99000000000001,2.48,0,18.8141728628064
26.04.2030 03:00,8.11,46.544,53.08,,88.4225,265.945,0.063,82.68,2.48,0,18.1680291573016
26.04.2030 04:00,8.11,49.38,53.08,,95.435,381.525,0.068,78.71,2.92,0,18.3487676367173
26.04.2030 05:00,8.11,50.768,53.08,,86.22999999999999,525.96,0.0139999999999999,93.48,2.92,0,17.7986281533712
26.04.2030 06:00,8.11,49.38,53.08,,66.25,692.775,0.0,,2.92,0,15.4923682631235
26.04.2030 07:00,8.25,20.47,53.08,,55.1475,870.925,4.1850000000000005,26.195,2.92,0,0.289098792038765
26.04.2030 08:00,8.34,0.0,53.08,,19.99,1021.8475,80.27199999999999,-2.5874999999999995,28.61,0,0.207403221215402
26.04.2030 09:00,8.49,0.0,53.08,,8.6275,982.7475,63.156,-8.622499999999999,28.61,0,0.25255124765514
26.04.2030 10:00,8.49,0.0,53.08,,15.3725,905.3775,233.005,-25.265,28.61,0,0.432392502315335
26.04.2030 11:00,8.49,0.0,53.08,,0.7799999999999999,715.705,405.936,-22.97,28.61,0,0.520701946866086
26.04.2030 12:00,8.49,0.0,53.08,,-0.1100000000000001,693.6525,297.454,-16.6375,72.48,0,0.063714439916196
26.04.2030 13:00,8.49,0.0,53.08,,-3.165,742.2025,421.551,-15.1125,72.48,0,0.0616882162420514
26.04.2030 14:00,8.49,0.0,53.08,,8.74,852.28,51.499,19.43,72.48,0,0.0694369053599315
26.04.2030 15:00,8.34,4.016,53.08,,33.0825,1034.4175,161.918,-1.7249999999999996,72.48,0,0.0739496520666382
26.04.2030 16:00,8.25,15.484,53.08,,67.025,1234.22,309.479,-27.512500000000003,22.6,0,0.13507437377294
26.04.2030 17:00,8.15,21.097,53.08,,104.7875,790.835,3.518,54.8625,22.6,0,0.282068110133688
26.04.2030 18:00,8.15,27.781,53.08,,190.4525,1048.1725,0.0,93.34,22.6,0,0.0
26.04.2030 19:00,8.15,27.782,53.08,,108.865,1114.425,5.377000000000001,79.465,22.6,0,0.0
26.04.2030 20:00,8.15,27.782,53.08,,87.9575,845.0525,106.733,42.235,1.33,0,0.0
26.04.2030 21:00,8.15,26.804,53.08,,67.64,658.1775,39.683,41.0525,1.33,0,0.0
26.04.2030 22:00,8.15,20.0,53.08,,63.89,499.38,107.726,24.395,1.33,0,0.0
26.04.2030 23:00,8.11,15.651,53.08,,44.975,528.7674999999999,5.998,46.1175,1.33,0,0.0
27.04.2030 00:00,8.11,14.737,53.08,,40.585,450.93,0.071,124.41,4.75,0,0.0
27.04.2030 01:00,8.09,14.376,53.08,,43.6475,330.6325,0.0,88.27,4.75,0,0.0
27.04.2030 02:00,8.09,14.376,53.08,,46.0425,350.125,2.952,39.6275,4.75,0,0.0
27.04.2030 03:00,8.09,14.376,53.08,,56.3675,419.3825,3.282,34.230000000000004,4.75,0,0.0
27.04.2030 04:00,8.09,14.682,53.08,,64.52749999999999,523.17,0.004,283.3866666666667,4.1,0,0.0
27.04.2030 05:00,8.09,15.651,53.08,,61.5275,707.54,0.633,173.80999999999997,4.1,0,0.0
27.04.2030 06:00,8.09,15.651,53.08,,25.715,828.4425,5.674,15.825,4.1,0,0.0
27.04.2030 07:00,8.23,14.535,53.08,,3.164999999999999,969.77,12.584,14.9925,4.1,0,0.0
27.04.2030 08:00,8.32,0.0,53.08,,-12.9575,1201.975,21.879,-6.98,40.28,0,0.0
27.04.2030 09:00,8.46,0.0,53.08,,-63.575,1208.5325,8.172,-10.36,40.28,0,0.207473858018198
27.04.2030 10:00,8.46,0.0,53.08,,-108.535,949.265,61.503,-12.8525,40.28,0,0.391814930690558
27.04.2030 11:00,8.46,0.0,53.08,,-116.1975,984.485,73.92099999999999,-37.9675,40.28,0,0.462246614828911
27.04.2030 12:00,8.46,0.0,53.08,,-114.7925,911.31,16.858,-14.9925,86.98,0,0.0425729090699638
27.04.2030 13:00,8.46,0.0,53.08,,-65.43,956.7625,43.667,-18.2425,86.98,0,0.0442284710110521
27.04.2030 14:00,8.46,0.0,53.08,,-11.3975,973.13,0.55,49.9425,86.98,0,0.0470184105406458
27.04.2030 15:00,8.32,0.0,53.08,,-0.0124999999999992,1016.38,102.769,-10.94,86.98,0,0.0508131669529616
27.04.2030 16:00,8.23,14.376,53.08,,82.91499999999999,1025.2475,98.827,-4.556666666666668,23.25,0,0.110697334265251
27.04.2030 17:00,8.14,15.909,53.08,,117.485,921.3425,12.207,38.25,23.25,0,0.258929637391722
27.04.2030 18:00,8.14,27.323,53.08,,133.475,774.4775,0.1119999999999999,76.71000000000001,23.25,0,0.0
27.04.2030 19:00,8.14,27.323,53.08,,113.6075,684.0975,0.2209999999999999,92.18666666666668,23.25,0,0.0
27.04.2030 20:00,8.14,27.324,53.08,,109.7525,580.4475,1.778,78.72749999999999,1.25,0,0.0
27.04.2030 21:00,8.14,27.324,53.08,,97.0075,470.0675,2.198,70.6675,1.25,0,0.0
27.04.2030 22:00,8.14,24.142,53.08,,85.805,415.1175,0.461,82.3475,1.25,0,0.0
27.04.2030 23:00,8.09,24.142,53.08,,81.205,360.38,0.252,74.48,1.25,0,0.0
28.04.2030 00:00,8.09,24.142,53.08,,81.9175,295.4225,0.0,89.315,3.24,0,0.0
28.04.2030 01:00,8.41,22.146,53.08,,87.5,305.9075,0.003,70.0,3.24,0,0.0
28.04.2030 02:00,8.41,22.146,53.08,,93.2475,362.3375,0.0,,3.24,0,0.0
28.04.2030 03:00,8.41,22.224,53.08,,114.385,644.2525,0.037,78.96,3.24,0,0.0
28.04.2030 04:00,8.41,24.717,53.08,,138.20749999999998,658.9675,0.794,80.4425,4.52,0,0.0
28.04.2030 05:00,8.41,25.064,53.08,,141.4575,761.99,0.14,86.58,4.52,0,0.0
28.04.2030 06:00,8.41,24.717,53.08,,101.1375,992.7425,216.525,47.85,4.52,0,0.0
28.04.2030 07:00,8.64,15.095,53.08,,75.7825,1125.155,87.177,46.9625,4.52,0,0.0
28.04.2030 08:00,8.79,0.0,53.08,,31.7125,1098.635,61.27,5.28,27.26,0,0.0
28.04.2030 09:00,9.0,0.0,53.08,,28.8625,1047.5025,133.99,-8.215,27.26,0,0.137254169793054
28.04.2030 10:00,9.0,0.0,53.08,,10.6475,767.835,21.394,22.0875,27.26,0,0.371282710896928
28.04.2030 11:00,9.0,0.0,53.08,,-6.8525,746.935,57.973,8.0875,27.26,0,0.452298667630355
28.04.2030 12:00,9.0,-19.1917521938394,53.08,,-6.172499999999999,764.515,418.072,-48.1725,82.06,0,0.194815786702144
28.04.2030 13:00,9.0,0.0,53.08,,23.8225,1126.9125,801.677,-20.44,82.06,0,0.177379736677106
28.04.2030 14:00,9.0,0.0,53.08,,36.02,1395.4725,394.858,-6.0200000000000005,82.06,0,0.209122152162078
28.04.2030 15:00,8.79,14.376,53.08,,91.12,1326.5675,197.081,5.172499999999999,82.06,0,0.251122934658289
28.04.2030 16:00,8.64,25.742,53.08,,117.6625,1293.8425,165.399,18.6975,31.21,0,0.951057467391035
28.04.2030 17:00,8.48,78.9392560859861,53.08,,186.68,978.905,76.831,31.316666666666663,31.21,0,43.8368177516344
28.04.2030 18:00,8.48,119.639158809377,53.08,,279.1625,1001.98,3.756,63.435,31.21,0,78.9908770082589
28.04.2030 19:00,8.48,134.167966229665,53.08,,151.8875,920.035,0.0,,31.21,0,88.685888545198
28.04.2030 20:00,8.48,136.542928134328,53.08,,115.6275,800.415,89.521,58.02,1.42,0,91.6197313269414
28.04.2030 21:00,8.48,129.296898440726,53.08,,99.975,631.6225,86.77499999999999,68.19250000000001,1.42,0,105.168448052543
28.04.2030 22:00,8.48,120.866140121174,53.08,,88.2825,384.1775,137.74800000000002,59.275,1.42,0,108.455732306437
28.04.2030 23:00,8.41,98.4532356041084,53.08,,85.9975,332.82,6.471,61.255,1.42,0,77.2748987658572
29.04.2030 00:00,8.41,72.845,53.08,,80.5125,368.37,3.882,131.7825,2.72,0,58.8105015936356
29.04.2030 01:00,8.41,78.592,53.08,,82.83250000000001,301.9525,0.0,248.28,2.72,0,60.5751778459707
29.04.2030 02:00,8.41,73.966,53.08,,86.91499999999999,350.5825,0.0,,2.72,0,32.9705968788888
29.04.2030 03:00,8.41,68.48,53.08,,92.58,461.3225,0.0,,2.72,0,18.6001620901661
29.04.2030 04:00,8.41,67.82,53.08,,108.065,583.11,4.426,72.8725,3.33,0,17.9893877077661
29.04.2030 05:00,8.41,49.454,53.08,,112.045,747.8225,74.422,65.4625,3.33,0,15.0531354516145
29.04.2030 06:00,8.41,20.0,53.08,,93.495,1077.2075,229.883,55.6525,3.33,0,0.197353335036855
29.04.2030 07:00,8.64,14.376,53.08,,74.7925,1206.87,8.032,59.0,3.33,0,0.134879666433261
29.04.2030 08:00,8.79,0.0,53.08,,18.5375,1029.8225,3.88,20.61,65.0,0,0.155342858298394
29.04.2030 09:00,9.0,0.0,53.08,,-3.289999999999999,908.9675,100.601,-16.045,65.0,0,0.0876198156014729
29.04.2030 10:00,9.0,-38.1358091681409,53.08,,-3.6275,704.9300000000001,167.55900000000003,-19.4475,65.0,0,0.282181155665946
29.04.2030 11:00,9.0,-41.4681212208382,53.08,,-14.105,583.5475,25.017,7.782500000000001,65.0,0,0.280530262570589
29.04.2030 12:00,9.0,-38.2550542364873,53.08,,-4.934999999999999,645.73,61.461,34.8925,1593.0,0,0.0
29.04.2030 13:00,9.0,-37.5117569586267,53.08,,-0.1149999999999984,741.185,88.339,0.2075,1593.0,0,0.0
29.04.2030 14:00,9.0,-37.0544964178973,53.08,,11.7875,1011.16,89.273,9.5875,1593.0,0,0.0
29.04.2030 15:00,8.79,-17.8395526372723,53.08,,69.4125,1073.995,139.672,6.283333333333332,1593.0,0,0.0
29.04.2030 16:00,8.64,0.0,53.08,,96.38,1115.875,24.014,45.955,40.26,0,0.0
29.04.2030 17:00,8.48,6.0,53.08,,144.1675,890.9225,4.513999999999999,57.35,40.26,0,0.0
29.04.2030 18:00,8.48,8.978,53.08,,167.5675,714.185,0.235,89.745,40.26,0,0.0
29.04.2030 19:00,8.48,8.978,53.08,,118.34,573.46,0.0,,40.26,0,0.0
29.04.2030 20:00,8.48,8.978,53.08,,116.23,806.8625,9.898,58.415000000000006,1.25,0,0.0
29.04.2030 21:00,8.48,6.0,53.08,,92.1525,619.6875,173.96800000000002,46.4925,1.25,0,0.0
29.04.2030 22:00,8.48,0.0,53.08,,87.6375,357.8475,15.232,57.105,1.25,0,0.0
29.04.2030 23:00,8.41,0.0,53.08,,80.625,410.66,1.409,230.8275,1.25,0,0.0
30.04.2030 00:00,8.41,0.0,53.08,,84.6625,337.13,0.002,89.39,5.07,0,0.0
30.04.2030 01:00,8.41,0.0,53.08,,86.4725,280.5075,0.0,,5.07,0,0.0
30.04.2030 02:00,8.41,0.0,53.08,,88.645,276.845,0.0,,5.07,0,0.0
30.04.2030 03:00,8.41,0.0,53.08,,90.66,401.5025,0.0,654.87,5.07,0,0.0
30.04.2030 04:00,8.41,0.0,53.08,,111.3275,459.39,0.0,99.08,17.35,0,0.0
30.04.2030 05:00,8.41,0.0,53.08,,115.045,637.7125000000001,0.065,195.32,17.35,0,0.0
30.04.2030 06:00,8.41,0.0,53.08,,93.65,980.2125,33.932,81.2275,17.35,0,0.0
30.04.2030 07:00,8.64,0.0,53.08,,66.4325,848.3774999999999,25.662,163.4625,17.35,0,0.0
30.04.2030 08:00,8.79,0.0,53.08,,13.06,1026.205,7.063,51.46,815.82,0,0.0
30.04.2030 09:00,9.0,0.0,53.08,,-6.089999999999999,852.8425,77.593,-38.245000000000005,815.82,0,0.0
30.04.2030 10:00,9.0,-15.5643214988018,53.08,,-0.5025,691.54,95.201,79.72999999999999,815.82,0,0.0
30.04.2030 11:00,9.0,-20.4408409295127,53.08,,-3.6525,640.0350000000001,30.988,26.76,815.82,0,0.0
30.04.2030 12:00,9.0,-34.878625600614,53.08,,-2.7725,659.5375,193.041,-9.3325,211.51,0,0.0
30.04.2030 13:00,9.0,-37.4108681036575,53.08,,2.8875,794.22,259.225,-16.43,211.51,0,0.0
30.04.2030 14:00,9.0,-37.964259554072,53.08,,8.6625,985.4,226.435,17.59,211.51,0,0.0
30.04.2030 15:00,8.79,0.0,53.08,,63.785,1078.6875,230.035,15.705,211.51,0,0.0
30.04.2030 16:00,8.64,0.0,53.08,,95.945,1110.895,227.814,13.9175,28.16,0,0.0
30.04.2030 17:00,8.48,20.0,53.08,,119.8125,944.395,37.558,185.31,28.16,0,0.0
30.04.2030 18:00,8.48,53.714,53.08,,164.1025,778.0025,2.445,88.46999999999998,28.16,0,23.1924202051586
30.04.2030 19:00,8.48,55.594,53.08,,109.77,814.985,0.99,67.12,28.16,0,25.8279357289844
30.04.2030 20:00,8.48,56.084,53.08,,91.7,629.245,0.6549999999999999,126.08333333333331,1.17,0,25.5612329249525
30.04.2030 21:00,8.48,56.084,53.08,,84.685,517.5775,18.032,59.5625,1.17,0,26.2819727950772
30.04.2030 22:00,8.48,55.502,53.08,,86.8875,500.9225,3.316,179.16,1.17,0,28.0696731315708
30.04.2030 23:00,8.41,55.502,53.08,,89.66,335.9675,0.017,83.66,1.17,0,29.5797266758985
01.05.2030 00:00,8.41,55.502,53.08,,95.8525,305.2275,0.055,80.08,3.07,0,31.820618372461
01.05.2030 01:00,8.35,64.591,53.08,,97.7625,246.5525,0.021,91.83,3.07,0,35.1972346342267
01.05.2030 02:00,8.35,67.835,53.08,,96.8825,296.6825,0.0,,3.07,0,37.7801243119258
01.05.2030 03:00,8.35,72.778,53.08,,90.77,278.8,0.133,86.87,3.07,0,40.4594111188729
01.05.2030 04:00,8.35,72.992,53.08,,92.045,437.4225,1.012,78.67,7.06,0,34.5895811987198
01.05.2030 05:00,8.35,73.102,53.08,,82.385,656.26,0.109,86.0475,7.06,0,32.8063566641285
01.05.2030 06:00,8.35,69.001,53.08,,54.79,946.455,1.156,239.82,7.06,0,28.9095905453325
01.05.2030 07:00,8.54,30.009,53.08,,21.8325,975.14,3.027,21.185,7.06,0,0.88691160276721
01.05.2030 08:00,8.69,14.085,53.08,,6.29,1147.085,14.25,73.765,129.0,0,0.204648574611968
01.05.2030 09:00,8.9,0.0,53.08,,-3.1925,920.37,9.223,13.43,129.0,0,0.208947716846685
01.05.2030 10:00,8.9,0.0,53.08,,-11.0625,673.8425,6.863,69.17750000000001,129.0,0,0.422747877125561
01.05.2030 11:00,8.9,-38.9248166771306,53.08,,-41.6175,586.3025,2.9290000000000003,109.1325,129.0,0,0.510399564160695
01.05.2030 12:00,8.9,-37.6569818772232,53.08,,-58.510000000000005,790.56,7.104,22.5125,149.79,0,0.0526359351334808
01.05.2030 13:00,8.9,-37.7329505017209,53.08,,-16.29,787.86,11.212000000000002,123.835,149.79,0,0.0488468920320782
01.05.2030 14:00,8.9,-26.8639803243775,53.08,,4.6825,949.1525,29.524,81.115,149.79,0,0.0487996144962993
01.05.2030 15:00,8.69,0.0,53.08,,39.335,999.355,1.716,243.785,149.79,0,0.0481587649252126
01.05.2030 16:00,8.54,0.0,53.08,,90.1925,1021.9925,16.67,15.786666666666669,34.35,0,0.0563778790966134
01.05.2030 17:00,8.4,14.376,53.08,,133.0425,923.7975,58.147,40.4,34.35,0,0.179242663065969
01.05.2030 18:00,8.4,15.0,53.08,,185.915,745.3175,0.36,72.00999999999999,34.35,0,0.0
01.05.2030 19:00,8.4,15.0,53.08,,121.9775,762.2775,0.121,125.49,34.35,0,0.0
01.05.2030 20:00,8.4,15.0,53.08,,97.9125,620.3225,2.084,82.555,2.12,0,0.0
01.05.2030 21:00,8.4,15.0,53.08,,89.3725,517.855,3.115,139.2975,2.12,0,0.0
01.05.2030 22:00,8.4,14.376,53.08,,93.47,574.9300000000001,1.812,82.88666666666667,2.12,0,0.0
01.05.2030 23:00,8.35,13.927,53.08,,88.11500000000001,476.4975,3.315,73.19,2.12,0,0.0
02.05.2030 00:00,8.35,13.927,53.08,,80.5275,340.635,44.784,57.8325,3.43,0,0.0
02.05.2030 01:00,8.35,14.138,53.08,,74.7175,412.9625,19.405,56.1375,3.43,0,0.0
02.05.2030 02:00,8.35,14.138,53.08,,76.785,376.905,36.17,41.400000000000006,3.43,0,0.0
02.05.2030 03:00,8.35,14.138,53.08,,85.85000000000001,492.4925,0.089,61.79,3.43,0,0.0
02.05.2030 04:00,8.35,14.138,53.08,,97.39,587.665,19.122,59.903333333333336,5.03,0,0.0
02.05.2030 05:00,8.35,14.138,53.08,,85.575,686.2425,53.146,38.8225,5.03,0,0.0
02.05.2030 06:00,8.35,13.314,53.08,,69.9425,793.59,253.936,27.223333333333333,5.03,0,0.0
02.05.2030 07:00,8.54,0.0,53.08,,29.4875,962.7275,20.837,67.165,5.03,0,0.0
02.05.2030 08:00,8.69,0.0,53.08,,2.1050000000000004,972.08,75.602,177.1575,73.33,0,0.0
02.05.2030 09:00,8.9,0.0,53.08,,2.005,862.36,93.48,18.085,73.33,0,0.0
02.05.2030 10:00,8.9,-37.9220364658463,53.08,,-4.33,797.885,28.028,103.0175,73.33,0,0.0
02.05.2030 11:00,8.9,-39.2511810940616,53.08,,-3.575,715.6700000000001,29.972,0.0824999999999991,73.33,0,0.0
02.05.2030 12:00,8.9,-95.0702990048344,53.08,,-0.6725,848.405,26.215,59.440000000000005,100.0,0,0.0
02.05.2030 13:00,8.9,-59.2785351050349,53.08,,-0.4725000000000001,934.485,77.447,-0.3425000000000002,100.0,0,0.0
02.05.2030 14:00,8.9,-39.1903615959344,53.08,,-2.155,1150.9875,20.356,114.78666666666668,100.0,0,0.0
02.05.2030 15:00,8.69,-14.3904709743796,53.08,,42.5,1248.235,92.352,250.5375,100.0,0,0.0
02.05.2030 16:00,8.54,13.314,53.08,,97.02,1309.295,0.062,654.1166666666667,28.25,0,0.0
02.05.2030 17:00,8.4,22.873,53.08,,128.29250000000002,980.0175,9.348,98.93,28.25,0,0.0
02.05.2030 18:00,8.4,62.882,53.08,,156.6625,804.66,0.293,59.185,28.25,0,14.8511413312557
02.05.2030 19:00,8.4,63.27,53.08,,163.43,1009.2675,0.021,86.68,28.25,0,14.6127712560541
02.05.2030 20:00,8.4,63.271,53.08,,123.0025,966.0725,0.037,86.6,1.73,0,15.1767652119802
02.05.2030 21:00,8.4,63.271,53.08,,106.5575,615.26,12.47,153.0675,1.73,0,16.0302162776833
02.05.2030 22:00,8.4,62.73,53.08,,91.1275,368.245,1.377,57.6,1.73,0,16.360787751991
02.05.2030 23:00,8.35,60.131,53.08,,80.6825,411.8725,102.804,119.9175,1.73,0,17.5952588691999
03.05.2030 00:00,8.35,59.555,53.08,,79.62,308.5825,48.5,74.42999999999999,2.75,0,17.7108741990611
03.05.2030 01:00,8.05,65.849,53.08,,76.2375,314.9025,25.923,49.22,2.75,0,23.7562393083616
03.05.2030 02:00,8.05,65.849,53.08,,77.47749999999999,308.905,10.608,180.4375,2.75,0,22.5334062085696
03.05.2030 03:00,8.05,65.849,53.08,,74.92,329.47,2.556,109.855,2.75,0,22.3657550775073
03.05.2030 04:00,8.05,70.111,53.08,,76.22,384.3725,8.229000000000001,44.5675,4.04,0,21.8429774962309
03.05.2030 05:00,8.05,70.111,53.08,,73.0975,589.645,17.619,25.262500000000003,4.04,0,19.0202661702692
03.05.2030 06:00,8.05,70.111,53.08,,65.215,889.1275,255.326,-1.8125,4.04,0,16.4045998933356
03.05.2030 07:00,8.19,54.633,53.08,,49.4725,1142.0549999999998,146.24599999999998,22.015,4.04,0,12.2283682862137
03.05.2030 08:00,8.28,19.938,53.08,,60.3575,1253.6375,18.611,22.48,52.37,0,0.248737518709082
03.05.2030 09:00,8.4,0.0,53.08,,56.77,1169.66,35.484,59.07,52.37,0,0.203303043245392
03.05.2030 10:00,8.4,0.0,53.08,,39.5975,1113.2575000000002,0.012,132.16,52.37,0,0.357485183197987
03.05.2030 11:00,8.4,0.0,53.08,,21.67,947.185,1.3090000000000002,85.16000000000001,52.37,0,0.409679606476867
03.05.2030 12:00,8.4,-38.5164406588488,53.08,,19.6825,937.9525,12.212,16.3675,84.99,0,0.19284401746084
03.05.2030 13:00,8.4,-23.7119238808735,53.08,,35.09,1196.3125,31.798,46.865,84.99,0,0.179185445275518
03.05.2030 14:00,8.4,-19.2524258867596,53.08,,51.53,1288.6125,0.51,48.27,84.99,0,0.173598725403219
03.05.2030 15:00,8.28,0.0,53.08,,71.285,1370.2725,200.523,-2.6375,84.99,0,0.170382262199312
03.05.2030 16:00,8.19,14.611,53.08,,78.3725,1269.33,200.332,15.013333333333334,27.69,0,0.218910957482294
03.05.2030 17:00,8.1,64.589,53.08,,86.41499999999999,965.5775,1.398,15.885,27.69,0,15.641174174637
03.05.2030 18:00,8.1,76.787,53.08,,112.855,860.2175,0.323,63.685,27.69,0,21.2770747512175
03.05.2030 19:00,8.1,78.261,53.08,,89.35,877.4649999999999,1.779,90.67,27.69,0,22.215278255988
03.05.2030 20:00,8.1,78.262,53.08,,83.9525,861.8675000000001,27.379,43.48333333333333,2.31,0,23.1982271567452
03.05.2030 21:00,8.1,78.262,53.08,,65.8,717.335,5.221,50.8325,2.31,0,25.1432981851588
03.05.2030 22:00,8.1,76.787,53.08,,38.0175,776.7275,41.120000000000005,23.79,2.31,0,26.0602954459554
03.05.2030 23:00,8.05,75.367,53.08,,18.59,778.1525,6.661,64.2925,2.31,0,30.6768559416035
04.05.2030 00:00,8.05,75.367,53.08,,13.0875,537.8525,0.022,42.2375,8.79,0,34.7611179871512
04.05.2030 01:00,8.04,67.938,53.08,,4.2925,560.23,56.865,-10.69,8.79,0,38.108159155317
04.05.2030 02:00,8.04,67.939,53.08,,-2.6275,552.3975,297.727,-106.4025,8.79,0,38.6992181401549
04.05.2030 03:00,8.04,67.939,53.08,,-3.3325,429.3175,86.931,-27.7275,8.79,0,39.9317430896599
04.05.2030 04:00,8.04,73.049,53.08,,-3.65,561.085,6.592,24.385,10.69,0,41.4999303622077
04.05.2030 05:00,8.04,76.891,53.08,,-6.26,601.0925,100.67,-34.8725,10.69,0,35.4474809050421
04.05.2030 06:00,8.04,76.891,53.08,,-10.9825,865.71,1.28,16.4625,10.69,0,29.6022442524911
04.05.2030 07:00,8.17,73.049,53.08,,-6.047499999999999,843.9225,56.332,-16.302500000000002,10.69,0,26.1115587846358
04.05.2030 08:00,8.26,54.837,53.08,,2.4775,911.265,33.217,-16.255,48.03,0,10.6638103743693
04.05.2030 09:00,8.39,20.0,53.08,,2.0525,779.5475,1.055,28.715,48.03,0,2.99155030218553
04.05.2030 10:00,8.39,17.542,53.08,,2.6675,754.02,0.0,205.1025,48.03,0,2.77182013473696
04.05.2030 11:00,8.39,17.542,53.08,,0.64,773.5725,2.867,21.665,48.03,0,2.73822998971082
04.05.2030 12:00,8.39,17.542,53.08,,-0.375,741.2725,7.959999999999999,9.54,74.16,0,2.6867759526065
04.05.2030 13:00,8.39,17.542,53.08,,2.1875,768.5775,0.0,77.28,74.16,0,2.710667339312
04.05.2030 14:00,8.39,20.0,53.08,,10.3975,896.6775,5.826,38.49,74.16,0,2.90668574686776
04.05.2030 15:00,8.26,46.203,53.08,,34.347500000000004,1077.065,0.464,59.815,74.16,0,9.82695049675147
04.05.2030 16:00,8.17,73.049,53.08,,85.11500000000001,1120.55,3.616,23.0575,29.26,0,24.9590656726028
04.05.2030 17:00,8.08,102.653280450827,53.08,,99.955,916.585,1.374,39.36,29.26,0,52.1993903707787
04.05.2030 18:00,8.08,157.225881917836,53.08,,104.44,740.865,1.616,64.85,29.26,0,91.2434793032027
04.05.2030 19:00,8.08,165.220465529551,53.08,,106.5725,688.7925,0.157,78.21000000000001,29.26,0,94.0704666568431
04.05.2030 20:00,8.08,161.270451272901,53.08,,96.9425,657.04,12.834,54.60333333333333,1.74,0,99.8386165392368
04.05.2030 21:00,8.08,155.689727170248,53.08,,85.445,572.2675,8.326,56.947500000000005,1.74,0,111.127740888319
04.05.2030 22:00,8.08,110.182134112086,53.08,,78.395,488.585,0.6539999999999999,43.9375,1.74,0,106.304130013897
04.05.2030 23:00,8.04,97.5210827982605,53.08,,74.405,490.5975,15.618000000000002,49.88,1.74,0,70.9857644320237
05.05.2030 00:00,8.04,93.902109676299,53.08,,67.965,424.28,24.434,52.03,5.83,0,68.6837535600134
05.05.2030 01:00,8.35,85.89,53.08,,71.38749999999999,340.21000000000004,1.577,51.615,5.83,0,58.2618357519043
05.05.2030 02:00,8.35,85.89,53.08,,70.1275,475.8725,60.593,23.887500000000003,5.83,0,57.5638534134324
05.05.2030 03:00,8.35,85.89,53.08,,77.1,621.465,8.377,54.1775,5.83,0,55.9670734021282
05.05.2030 04:00,8.35,88.018,53.08,,96.83,637.095,0.022,58.785,6.08,0,50.8991489212432
05.05.2030 05:00,8.35,91.782,53.08,,114.56,679.71,0.204,61.005,6.08,0,45.6945286600553
05.05.2030 06:00,8.35,79.178,53.08,,106.8075,1028.83,33.922,65.19,6.08,0,31.1316425234251
05.05.2030 07:00,8.54,55.761,53.08,,84.8075,1142.4875,81.324,23.195,6.08,0,11.8408790806074
05.05.2030 08:00,8.69,21.823,53.08,,62.23,1234.2875,190.509,-17.79,32.45,0,0.226780920097482
05.05.2030 09:00,8.9,14.855,53.08,,65.255,1094.7125,4.578,147.19,32.45,0,0.180993128394407
05.05.2030 10:00,8.9,14.855,53.08,,68.9475,900.5525,28.912,8.26,32.45,0,0.373423801584254
05.05.2030 11:00,8.9,14.855,53.08,,61.120000000000005,822.2675,13.383,39.935,32.45,0,0.452319219914371
05.05.2030 12:00,8.9,14.855,53.08,,61.39,897.56,19.401,17.555,58.9,0,0.164704046180408
05.05.2030 13:00,8.9,14.855,53.08,,73.715,799.5475,0.5409999999999999,45.1775,58.9,0,0.167373428856538
05.05.2030 14:00,8.9,15.246,53.08,,78.41,894.35,24.676,36.235,58.9,0,0.183085289110075
05.05.2030 15:00,8.69,18.82,53.08,,91.9825,860.505,12.872,28.9775,58.9,0,0.206130203786992
05.05.2030 16:00,8.54,39.658,53.08,,104.51,710.7925,31.701000000000004,23.380000000000003,21.78,0,9.39199390344923
05.05.2030 17:00,8.4,76.323,53.08,,125.1475,675.565,5.51,59.36333333333334,21.78,0,19.6274072426693
05.05.2030 18:00,8.4,279.58,53.08,,113.305,629.9225,0.5619999999999999,87.24249999999999,21.78,0,48.1389303463862
05.05.2030 19:00,8.4,279.583,53.08,,103.14,617.9025,5.877,83.8425,21.78,0,51.5524133433902
05.05.2030 20:00,8.4,279.586,53.08,,94.1475,537.8475,18.996,53.085,1.74,0,54.3546222159844
05.05.2030 21:00,8.4,279.589,53.08,,81.0025,579.08,31.781,36.16,1.74,0,61.7661900646825
05.05.2030 22:00,8.4,84.192,53.08,,80.66,503.74,6.673,44.41,1.74,0,63.8770630712921
05.05.2030 23:00,8.35,78.592,53.08,,74.4275,386.7625,1.183,60.75666666666666,1.74,0,69.635258745465
06.05.2030 00:00,8.35,76.514,53.08,,81.77,382.1075,0.005,62.05,4.02,0,51.4172201873057
06.05.2030 01:00,8.35,76.258,53.08,,81.015,340.7625,0.003,,4.02,0,51.0133078069205
06.05.2030 02:00,8.35,72.331,53.08,,85.6775,397.945,3.774,65.025,4.02,0,32.6641260115823
06.05.2030 03:00,8.35,72.331,53.08,,80.47,597.4475,0.94,68.93666666666667,4.02,0,32.4550708997314
06.05.2030 04:00,8.35,72.331,53.08,,118.8225,744.32,0.0,,4.43,0,30.0217932369167
06.05.2030 05:00,8.35,72.331,53.08,,133.635,1004.5175,8.267,21.55,4.43,0,32.6218653522281
06.05.2030 06:00,8.35,60.471,53.08,,101.3925,1121.98,5.259,85.6225,4.43,0,23.1664477004265
06.05.2030 07:00,8.54,52.91,53.08,,75.25999999999999,1097.1575,86.846,12.8925,4.43,0,18.2529058801153
06.05.2030 08:00,8.69,42.047,53.08,,34.722500000000004,1178.3375,244.732,-38.2675,28.73,0,14.342773698189
06.05.2030 09:00,8.9,41.996,53.08,,13.3075,1045.87,57.853,-5.5425,28.73,0,12.1133839067963
06.05.2030 10:00,8.9,41.996,53.08,,5.834999999999999,915.58,44.379000000000005,25.125000000000004,28.73,0,10.9008010189599
06.05.2030 11:00,8.9,41.996,53.08,,0.135,864.355,28.511000000000003,17.6025,28.73,0,10.3667020230335
06.05.2030 12:00,8.9,41.996,53.08,,10.365,905.445,52.218,13.7025,54.7,0,10.1746163685349
06.05.2030 13:00,8.9,41.997,53.08,,15.85,1135.18,300.035,-33.06,54.7,0,9.81858146211953
06.05.2030 14:00,8.9,43.601,53.08,,31.4725,1081.505,21.999,35.010000000000005,54.7,0,9.62330152475659
06.05.2030 15:00,8.69,47.007,53.08,,63.3475,1251.6825,0.257,23.15,54.7,0,10.6602857974479
06.05.2030 16:00,8.54,63.835,53.08,,98.9275,1460.27,1.318,36.9925,18.61,0,13.9377382492359
06.05.2030 17:00,8.4,73.113,53.08,,127.3325,1103.01,34.852,29.295,18.61,0,31.6642006032077
06.05.2030 18:00,8.4,76.786,53.08,,162.64,797.835,1.467,65.25,18.61,0,36.6322281994275
06.05.2030 19:00,8.4,76.786,53.08,,131.6425,676.63,0.027,111.0,18.61,0,38.5944264515144
06.05.2030 20:00,8.4,76.787,53.08,,121.3725,674.6,21.473,68.735,1.36,0,44.9753456878335
06.05.2030 21:00,8.4,76.788,53.08,,95.5075,502.43,53.185,57.61,1.36,0,48.8557482302887
06.05.2030 22:00,8.4,76.787,53.08,,99.17,427.3825,2.785,83.425,1.36,0,51.3777111733041
06.05.2030 23:00,8.35,73.918,53.08,,92.285,355.6125,0.859,75.81333333333333,1.36,0,54.8381798877274
07.05.2030 00:00,8.35,72.331,53.08,,88.38250000000001,314.0775,0.2309999999999999,84.43,3.26,0,38.1436881338447
07.05.2030 01:00,8.35,76.995,53.08,,89.16499999999999,268.6975,2.912,43.995000000000005,3.26,0,41.4566318594298
07.05.2030 02:00,8.35,76.995,53.08,,90.435,383.55,19.497,71.8525,3.26,0,38.5692387621119
07.05.2030 03:00,8.35,76.995,53.08,,94.8675,467.09,146.845,24.68,3.26,0,40.2590734443918
07.05.2030 04:00,8.35,76.995,53.08,,116.0875,588.4175,17.596,60.723333333333336,3.38,0,39.5283412604955
07.05.2030 05:00,8.35,75.233,53.08,,125.4425,784.5725,0.01,81.29,3.38,0,37.8984079080879
07.05.2030 06:00,8.35,66.508,53.08,,136.1175,1079.34,0.303,68.94666666666667,3.38,0,25.8102308832987
07.05.2030 07:00,8.54,62.493,53.08,,83.0775,1104.4675,78.545,31.835,3.38,0,19.9206796623505
07.05.2030 08:00,8.69,61.188,53.08,,65.9575,943.525,43.85,41.9475,22.9,0,14.9350051604335
07.05.2030 09:00,8.9,61.188,53.08,,54.695,905.08,57.778,22.22,22.9,0,12.9379618722452
07.05.2030 10:00,8.9,61.188,53.08,,46.53,802.6525,67.59,4.24,22.9,0,12.8328647375391
07.05.2030 11:00,8.9,61.189,53.08,,41.7675,741.255,8.529,51.7,22.9,0,12.5122030109144
07.05.2030 12:00,8.9,61.19,53.08,,54.735,914.0725,98.441,30.99,42.84,0,12.1613739126926
07.05.2030 13:00,8.9,61.19,53.08,,71.0775,934.69,13.136,47.0375,42.84,0,13.0457201181343
07.05.2030 14:00,8.9,61.837,53.08,,81.845,1121.8375,7.526000000000001,56.43000000000001,42.84,0,14.4142837884135
07.05.2030 15:00,8.69,65.122,53.08,,94.4975,1103.3674999999998,7.563000000000001,61.315,42.84,0,15.5351070914292
07.05.2030 16:00,8.54,75.606,53.08,,114.9425,1040.1625,4.588,72.005,14.61,0,36.2197835397634
07.05.2030 17:00,8.4,80.626,53.08,,140.0575,903.84,11.921,78.50333333333333,14.61,0,58.7291372885554
07.05.2030 18:00,8.4,86.557,53.08,,209.9375,834.5225,0.0,58.59,14.61,0,79.709708325555
07.05.2030 19:00,8.4,87.112,53.08,,158.76,822.9725,0.008,,14.61,0,83.10301334868
07.05.2030 20:00,8.4,87.113,53.08,,121.19,731.7225,21.704,59.96333333333333,1.26,0,79.1011596954822
07.05.2030 21:00,8.4,87.114,53.08,,100.315,545.6975,1.966,77.8475,1.26,0,79.3180446045027
07.05.2030 22:00,8.4,86.674,53.08,,95.1675,356.23,0.042,85.8325,1.26,0,91.2263175468111
07.05.2030 23:00,8.35,80.998,53.08,,94.385,381.4175,0.0,109.66,1.26,0,94.2414438537067
08.05.2030 00:00,8.35,80.998,53.08,,94.105,296.98,1.577,77.94,2.83,0,103.045625798752
08.05.2030 01:00,8.35,78.592,53.08,,91.1625,248.24,3.331,84.3,2.83,0,101.85553109894
08.05.2030 02:00,8.35,78.592,53.08,,91.7575,315.15250000000003,2.051,100.085,2.83,0,106.546840872605
08.05.2030 03:00,8.35,78.592,53.08,,101.4475,428.4675,0.414,92.83,2.83,0,102.096608508877
08.05.2030 04:00,8.35,79.909,53.08,,128.5275,553.705,0.031,105.85,2.8,0,95.9045372368774
08.05.2030 05:00,8.35,87.378,53.08,,137.5425,720.4525,0.301,80.19,2.8,0,79.7951527064402
08.05.2030 06:00,8.35,87.378,53.08,,131.405,1018.2125,0.014,109.76,2.8,0,69.8689733504246
08.05.2030 07:00,8.54,78.592,53.08,,91.9225,1069.505,257.155,51.836666666666666,2.8,0,53.1025832352496
08.05.2030 08:00,8.69,72.816,53.08,,70.64,1222.6725,169.884,23.7025,18.7,0,26.9603848926141
08.05.2030 09:00,8.9,55.171,53.08,,43.095,1005.085,175.406,-3.74,18.7,0,15.6045677397767
08.05.2030 10:00,8.9,55.171,53.08,,9.48,850.845,85.502,5.987500000000001,18.7,0,15.3946391706597
08.05.2030 11:00,8.9,55.172,53.08,,47.535,1176.11,0.051,34.715,18.7,0,15.3421928044527
08.05.2030 12:00,8.9,55.172,53.08,,69.9075,1180.1275,1.841,35.8,36.66,0,14.1713493230892
08.05.2030 13:00,8.9,55.173,53.08,,85.755,1084.1925,0.901,112.65,36.66,0,13.8362941490505
08.05.2030 14:00,8.9,55.886,53.08,,107.1725,1339.575,3.378,97.15,36.66,0,14.4284199259657
08.05.2030 15:00,8.69,56.117,53.08,,112.095,1264.0,0.39,67.63,36.66,0,14.684995401984
08.05.2030 16:00,8.54,68.399,53.08,,135.32999999999998,1412.24,1.088,72.44,11.87,0,22.2399117683739
08.05.2030 17:00,8.4,78.592,53.08,,203.8425,1305.7575,0.6880000000000001,76.995,11.87,0,51.4903124956564
08.05.2030 18:00,8.4,96.608,53.08,,292.06,878.4475,2.152,76.06,11.87,0,85.0127813038866
08.05.2030 19:00,8.4,96.609,53.08,,202.265,895.5275,0.0,,11.87,0,88.9758507388257
08.05.2030 20:00,8.4,96.61,53.08,,139.595,953.185,26.904,68.27666666666666,1.13,0,86.2882843689072
08.05.2030 21:00,8.4,94.809,53.08,,124.3525,634.0799999999999,7.348,63.355,1.13,0,95.2119965711925
08.05.2030 22:00,8.4,79.487,53.08,,106.545,496.29,1.352,76.2475,1.13,0,73.6417325446199
08.05.2030 23:00,8.35,73.965,53.08,,104.3375,387.6975,0.017,78.0,1.13,0,58.5594800049455
09.05.2030 00:00,8.35,72.67,53.08,,112.3075,456.485,0.0,,2.3,0,43.3766536204408
09.05.2030 01:00,8.35,53.796,53.08,,115.04,501.1175,1.809,89.33,2.3,0,23.4579723379146
09.05.2030 02:00,8.35,53.059,53.08,,122.785,626.3675000000001,5.191,75.58,2.3,0,14.7798107728446
09.05.2030 03:00,8.35,53.059,53.08,,135.2075,698.915,18.683,74.3175,2.3,0,14.4302974885688
09.05.2030 04:00,8.35,53.059,53.08,,157.6525,813.9275,0.035,91.98,2.31,0,13.3543179501049
09.05.2030 05:00,8.35,53.059,53.08,,163.645,1046.315,0.097,88.92,2.31,0,10.9555204167961
09.05.2030 06:00,8.35,49.992,53.08,,115.295,1242.175,0.008,140.0,2.31,0,8.22867788785025
09.05.2030 07:00,8.54,17.974,53.08,,78.29,1197.3225,0.627,97.09333333333332,2.31,0,0.205903240503681
09.05.2030 08:00,8.69,14.376,53.08,,54.0,1303.195,25.466,38.7725,23.85,0,0.153625283442976
09.05.2030 09:00,8.9,0.0,53.08,,17.275,1051.01,151.53199999999998,0.7424999999999999,23.85,0,0.123764816538911
09.05.2030 10:00,8.9,-12.1228733357152,53.08,,6.2075000000000005,760.435,177.378,-2.9675,23.85,0,0.287389147493117
09.05.2030 11:00,8.9,0.0,53.08,,-2.605,662.665,322.243,-39.947500000000005,23.85,0,0.332486496468328
09.05.2030 12:00,8.9,0.0,53.08,,-6.3375,850.0475,244.107,-34.325,59.76,0,0.113064671162328
09.05.2030 13:00,8.9,0.0,53.08,,5.404999999999999,837.33,2.0569999999999995,35.8025,59.76,0,0.123195159348618
09.05.2030 14:00,8.9,0.52,53.08,,17.607499999999998,1244.4,141.811,-24.2075,59.76,0,0.143075601941143
09.05.2030 15:00,8.69,15.411,53.08,,63.405,1200.85,151.338,-22.6125,59.76,0,0.162989057438398
09.05.2030 16:00,8.54,20.305,53.08,,90.985,1284.755,2.416,20.5375,18.47,0,0.193536424503424
09.05.2030 17:00,8.4,53.796,53.08,,118.5625,933.885,5.356,43.45,18.47,0,15.1387183685326
09.05.2030 18:00,8.4,78.591,53.08,,129.7575,609.24,0.105,42.81,18.47,0,31.3717979458912
09.05.2030 19:00,8.4,78.592,53.08,,139.7075,710.415,0.0,,18.47,0,33.0956718179782
09.05.2030 20:00,8.4,78.593,53.08,,109.555,668.305,12.856,29.456666666666667,1.01,0,35.9986069618821
09.05.2030 21:00,8.4,78.592,53.08,,101.3275,462.01,0.0,90.33,1.01,0,35.9339445313651
09.05.2030 22:00,8.4,55.053,53.08,,99.47,433.0975,0.0,93.875,1.01,0,30.0489442721015
09.05.2030 23:00,8.35,53.796,53.08,,98.5275,403.6175,27.649,49.4475,1.01,0,10.4723955758872
10.05.2030 00:00,8.35,51.562,53.08,,101.7375,446.1975,2.161,70.37,2.07,0,10.9821027931293
10.05.2030 01:00,8.05,45.668,53.08,,102.22,311.4225,0.005,79.57,2.07,0,10.9447219391296
10.05.2030 02:00,8.05,45.668,53.08,,125.4775,478.2675,0.019,81.555,2.07,0,10.2496524237668
10.05.2030 03:00,8.05,45.668,53.08,,123.635,521.8975,0.0,140.0,2.07,0,9.65016751115933
10.05.2030 04:00,8.05,45.668,53.08,,121.4125,612.6625,0.0,140.0,2.39,0,9.79001878690342
10.05.2030 05:00,8.05,45.668,53.08,,107.6425,861.3525,11.314,51.425,2.39,0,8.58542418959102
10.05.2030 06:00,8.05,45.668,53.08,,85.6575,1092.7375,0.93,85.86,2.39,0,7.36314257411199
10.05.2030 07:00,8.19,45.668,53.08,,46.4275,1213.7675,6.467,42.32,2.39,0,6.53555828962317
10.05.2030 08:00,8.28,30.846,53.08,,32.6325,1188.98,2.779,48.4,48.46,0,2.32117798881668
10.05.2030 09:00,8.4,16.352,53.08,,8.0325,910.0975,18.724,-2.543333333333333,48.46,0,0.691657713161213
10.05.2030 10:00,8.4,15.984,53.08,,-15.2025,687.91,32.979,-4.6275,48.46,0,0.671025356741208
10.05.2030 11:00,8.4,15.984,53.08,,-75.86749999999999,629.015,19.694,-5.2700000000000005,48.46,0,0.70299207003136
10.05.2030 12:00,8.4,15.985,53.08,,-127.6925,811.59,73.478,-51.715,85.66,0,0.678013296001674
10.05.2030 13:00,8.4,15.985,53.08,,-61.1,845.2975,47.569,-21.2675,85.66,0,0.680965210559538
10.05.2030 14:00,8.4,18.701,53.08,,-3.8475,1053.18,13.199,14.04,85.66,0,0.726697300219252
10.05.2030 15:00,8.28,28.375,53.08,,44.50749999999999,1275.08,9.64,12.51,85.66,0,2.40319143774022
10.05.2030 16:00,8.19,42.512,53.08,,84.4125,1071.085,20.885,21.84,27.32,0,10.0433208040493
10.05.2030 17:00,8.1,76.506,53.08,,97.265,867.0425,0.024,60.495000000000005,27.32,0,36.6315246634733
10.05.2030 18:00,8.1,100.161,53.08,,112.02,620.4725000000001,0.411,46.08,27.32,0,54.0788257908284
10.05.2030 19:00,8.1,100.576,53.08,,120.9575,640.6675,1.003,61.935,27.32,0,57.639224370591
10.05.2030 20:00,8.1,100.577,53.08,,106.5225,548.6775,1.376,62.16,1.27,0,57.338858069107
10.05.2030 21:00,8.1,100.578,53.08,,95.26,486.1825,11.105,63.77,1.27,0,63.1801860804995
10.05.2030 22:00,8.1,80.967,53.08,,91.3175,432.225,7.827,66.75750000000001,1.27,0,59.0446260987162
10.05.2030 23:00,8.05,48.787,53.08,,82.1125,412.525,27.267000000000003,49.8925,1.27,0,36.0900376332309
11.05.2030 00:00,8.05,48.47,53.08,,83.1125,370.35,7.32,61.0775,2.72,0,18.2983823019436
11.05.2030 01:00,8.04,39.672,53.08,,82.45,304.52,4.514,59.053333333333335,2.72,0,18.0423632974066
11.05.2030 02:00,8.04,38.908,53.08,,87.2075,220.9775,0.009,86.62666666666667,2.72,0,16.5549010576477
11.05.2030 03:00,8.04,38.908,53.08,,86.1475,352.89750000000004,1.75,50.885,2.72,0,15.1923794717438
11.05.2030 04:00,8.04,34.369,53.08,,82.0375,474.4175,37.403,19.5375,3.93,0,13.645048695092
11.05.2030 05:00,8.04,29.032,53.08,,81.4825,801.69,0.01,85.83,3.93,0,0.910908565250959
11.05.2030 06:00,8.04,15.651,53.08,,30.545,1059.78,0.043,76.975,3.93,0,0.224941916465014
11.05.2030 07:00,8.17,15.291,53.08,,18.965,1199.2225,1.036,30.69,3.93,0,0.194713068122599
11.05.2030 08:00,8.26,0.27,53.08,,-5.2175,972.4825,5.218999999999999,13.395,78.09,0,0.162183349005105
11.05.2030 09:00,8.39,0.0,53.08,,-22.185,764.5975000000001,3.841,9.5175,78.09,0,0.142916586241662
11.05.2030 10:00,8.39,-18.1243136604343,53.08,,-107.915,862.3925,25.742,-24.115,78.09,0,0.322147607386478
11.05.2030 11:00,8.39,-21.6373856681306,53.08,,-160.775,738.7049999999999,83.894,-53.625,78.09,0,0.394579496174402
11.05.2030 12:00,8.39,-18.2435496842416,53.08,,-125.6875,866.715,331.732,-135.1275,169.98,0,0.0180801721292793
11.05.2030 13:00,8.39,-9.05561174853424,53.08,,-39.2525,809.0575,403.893,-68.56,169.98,0,0.01834013937387
11.05.2030 14:00,8.39,0.0,53.08,,-12.645,819.2025,194.213,-34.6175,169.98,0,0.0179504559764483
11.05.2030 15:00,8.26,0.0,53.08,,24.2575,1183.3125,51.374,3.53,169.98,0,0.0193249522038824
11.05.2030 16:00,8.17,14.347,53.08,,73.605,1171.775,13.709,24.066666666666663,37.0,0,0.0221804070217099
11.05.2030 17:00,8.08,15.651,53.08,,104.86,945.01,3.51,33.68666666666667,37.0,0,0.0325514373912115
11.05.2030 18:00,8.08,20.5,53.08,,134.8325,873.8249999999999,0.0,,37.0,0,0.0
11.05.2030 19:00,8.08,20.5,53.08,,122.87,1044.83,4.932,14.37,37.0,0,0.0
11.05.2030 20:00,8.08,20.5,53.08,,94.415,942.63,60.034,19.4475,1.69,0,0.0
11.05.2030 21:00,8.08,20.5,53.08,,87.75999999999999,723.9675,9.183,47.4275,1.69,0,0.0
11.05.2030 22:00,8.08,15.651,53.08,,74.5675,590.0350000000001,3.452,38.5175,1.69,0,0.0
11.05.2030 23:00,8.04,14.376,53.08,,73.545,373.32,12.309,34.355,1.69,0,0.0
12.05.2030 00:00,8.04,14.376,53.08,,79.4525,361.295,3.482,61.325,8.76,0,0.0
12.05.2030 01:00,8.35,14.347,53.08,,80.75,379.84,0.147,71.17,8.76,0,0.0
12.05.2030 02:00,8.35,14.347,53.08,,92.0725,441.8325,0.0,,8.76,0,0.0
12.05.2030 03:00,8.35,14.347,53.08,,97.8175,541.335,0.243,35.42,8.76,0,0.0
12.05.2030 04:00,8.35,14.475,53.08,,126.5425,696.4925000000001,3.876,24.02,31.04,0,0.0
12.05.2030 05:00,8.35,15.217,53.08,,172.415,929.0675,0.023,77.42,31.04,0,0.0
12.05.2030 06:00,8.35,14.475,53.08,,101.5975,1102.405,59.267,28.44333333333333,31.04,0,0.0
12.05.2030 07:00,8.54,1.908,53.08,,67.955,1235.85,70.943,29.525,31.04,0,0.0
12.05.2030 08:00,8.69,0.0,53.08,,30.2125,1013.155,251.827,-7.7875,431.72,0,0.0
12.05.2030 09:00,8.9,0.0,53.08,,11.8775,901.5525,458.187,-8.9225,431.72,0,0.043140455538131
12.05.2030 10:00,8.9,-20.1478644716386,53.08,,-0.8974999999999999,663.205,378.063,-9.35,431.72,0,0.280691926112536
12.05.2030 11:00,8.9,0.0,53.08,,-2.3575,571.98,138.894,5.565,431.72,0,0.303007398516384
12.05.2030 12:00,8.9,-37.1951425747199,53.08,,-1.415,629.115,224.011,4.5625,675.0,0,0.0194764978397718
12.05.2030 13:00,8.9,-19.1292134515874,53.08,,1.245,707.9325,116.439,13.455,675.0,0,0.0181596700664827
12.05.2030 14:00,8.9,0.0,53.08,,19.655,1140.9725,206.338,5.6425,675.0,0,0.0181355826448268
12.05.2030 15:00,8.69,0.0,53.08,,65.45,1230.5124999999998,67.468,48.6725,675.0,0,0.0194528587251007
12.05.2030 16:00,8.54,14.376,53.08,,93.345,1281.77,95.945,5.890000000000001,475.73,0,0.0246055795604385
12.05.2030 17:00,8.4,19.828,53.08,,144.975,987.8475,46.866,38.93666666666667,475.73,0,0.0293969851161309
12.05.2030 18:00,8.4,22.623,53.08,,209.51,870.1275,3.941,47.66,475.73,0,0.0
12.05.2030 19:00,8.4,22.623,53.08,,130.5075,963.6475,16.247,22.21,475.73,0,0.0
12.05.2030 20:00,8.4,22.624,53.08,,99.2725,731.775,51.77,34.255,34.0,0,0.0
12.05.2030 21:00,8.4,22.624,53.08,,89.605,549.9225,123.555,18.65,34.0,0,0.0
12.05.2030 22:00,8.4,22.539,53.08,,87.97500000000001,340.59,2.638,57.425,34.0,0,0.0
12.05.2030 23:00,8.35,20.167,53.08,,85.215,291.765,0.624,66.5425,34.0,0,0.0
13.05.2030 00:00,8.35,19.145,53.08,,90.535,332.6575,0.063,70.18,29.64,0,0.0
13.05.2030 01:00,8.35,15.651,53.08,,99.3125,395.25,0.447,62.96,29.64,0,0.0
13.05.2030 02:00,8.35,15.651,53.08,,102.8875,437.63,3.847,72.43,29.64,0,0.0
13.05.2030 03:00,8.35,15.651,53.08,,103.66,488.645,20.695,57.6975,29.64,0,0.0
13.05.2030 04:00,8.35,15.651,53.08,,122.6575,699.155,12.813,73.25,14.15,0,0.0
13.05.2030 05:00,8.35,15.459,53.08,,126.6975,813.6225000000001,0.026,78.02,14.15,0,0.0
13.05.2030 06:00,8.35,14.376,53.08,,98.645,1190.2425,0.908,84.3225,14.15,0,0.0
13.05.2030 07:00,8.54,0.0,53.08,,75.08,1236.0725,87.053,46.62,14.15,0,0.0
13.05.2030 08:00,8.69,0.0,53.08,,13.875,1009.5675,173.889,27.292500000000004,149.53,0,0.0
13.05.2030 09:00,8.9,-20.6832599006954,53.08,,-10.3875,788.8225,437.025,-18.9375,149.53,0,0.0
13.05.2030 10:00,8.9,-32.1058928362136,53.08,,-14.815,716.7025,114.234,6.5525,149.53,0,0.154280953240198
13.05.2030 11:00,8.9,-32.4811325034418,53.08,,-13.765,502.1425,93.852,1.8525000000000005,149.53,0,0.140587435757037
13.05.2030 12:00,8.9,-34.2362909662843,53.08,,-16.6075,630.8625,247.452,2.5900000000000007,240.0,0,0.0
13.05.2030 13:00,8.9,-25.5006344195572,53.08,,-6.227499999999999,737.4549999999999,32.871,19.88,240.0,0,0.0
13.05.2030 14:00,8.9,-24.9943337006952,53.08,,6.604999999999999,829.3075,91.968,31.625,240.0,0,0.0
13.05.2030 15:00,8.69,-18.4877220196511,53.08,,69.0875,1026.3875,65.891,31.6325,240.0,0,0.0
13.05.2030 16:00,8.54,0.0,53.08,,102.8825,805.96,15.879,24.68,99.41,0,0.0
13.05.2030 17:00,8.4,4.844,53.08,,193.01,559.585,27.852,40.14,99.41,0,0.0
13.05.2030 18:00,8.4,19.309,53.08,,249.945,449.53,52.56,36.1675,99.41,0,0.0
13.05.2030 19:00,8.4,27.253,53.08,,158.6975,595.165,0.084,86.12,99.41,0,0.0
13.05.2030 20:00,8.4,27.828,53.08,,125.86,552.8050000000001,0.002,,10.64,0,0.0
13.05.2030 21:00,8.4,27.828,53.08,,121.99,483.375,3.339,65.93,10.64,0,0.0
13.05.2030 22:00,8.4,27.829,53.08,,107.0975,469.3675,32.766000000000005,66.0075,10.64,0,0.0
13.05.2030 23:00,8.35,27.828,53.08,,101.135,413.8975,0.412,84.725,10.64,0,0.0
14.05.2030 00:00,8.35,27.253,53.08,,102.355,335.51750000000004,1.965,87.5,14.26,0,0.0
14.05.2030 01:00,8.35,31.115,53.08,,109.66,324.0,1.912,73.035,14.26,0,0.0
14.05.2030 02:00,8.35,31.115,53.08,,113.3775,342.6975,0.062,87.745,14.26,0,0.0
14.05.2030 03:00,8.35,31.115,53.08,,116.01,495.6275,0.881,83.415,14.26,0,0.0
14.05.2030 04:00,8.35,31.115,53.08,,126.7425,475.585,0.593,73.46333333333332,8.19,0,0.0
14.05.2030 05:00,8.35,31.115,53.08,,129.055,996.055,0.3989999999999999,83.33666666666666,8.19,0,0.0
14.05.2030 06:00,8.35,20.492,53.08,,93.465,1173.63,379.537,61.11,8.19,0,0.0
14.05.2030 07:00,8.54,14.376,53.08,,64.76,1240.2675,94.038,41.94,8.19,0,0.0
14.05.2030 08:00,8.69,0.0,53.08,,11.3375,1163.265,126.55,-30.636666666666667,99.2,0,0.0
14.05.2030 09:00,8.9,0.0,53.08,,0.9750000000000004,919.8525,186.97,-60.5275,99.2,0,0.0
14.05.2030 10:00,8.9,-40.0642965885451,53.08,,-3.14,603.215,81.175,4.49,99.2,0,0.0
14.05.2030 11:00,8.9,0.0,53.08,,-4.5375,644.3225,84.44800000000001,9.5975,99.2,0,0.0
14.05.2030 12:00,8.9,-41.120676074189,53.08,,-5.57,705.8675000000001,75.03,-0.8275000000000006,195.0,0,0.0
14.05.2030 13:00,8.9,-41.3142743285666,53.08,,-3.155,669.2925,149.67000000000002,-6.0975,195.0,0,0.0
14.05.2030 14:00,8.9,-9.85318562787892,53.08,,3.9625,945.4925,42.446000000000005,32.19,195.0,0,0.0
14.05.2030 15:00,8.69,0.0,53.08,,25.9725,1200.7025,282.92,6.055,195.0,0,0.0
14.05.2030 16:00,8.54,5.46,53.08,,78.795,1204.5275,268.434,15.6275,67.52,0,0.0
14.05.2030 17:00,8.4,20.958,53.08,,101.6725,1004.4875,191.802,26.45,67.52,0,0.0
14.05.2030 18:00,8.4,47.151,53.08,,114.6875,650.3375,26.726,56.02,67.52,0,9.61761201613583
14.05.2030 19:00,8.4,47.553,53.08,,102.2575,626.4100000000001,111.711,44.265,67.52,0,10.8216087830937
14.05.2030 20:00,8.4,47.554,53.08,,91.77,674.405,74.929,52.79,5.78,0,10.7543145549683
14.05.2030 21:00,8.4,47.554,53.08,,75.255,713.805,8.548,63.2825,5.78,0,11.5764037412004
14.05.2030 22:00,8.4,46.148,53.08,,85.1225,462.55,2.048,66.89,5.78,0,11.5512775440451
14.05.2030 23:00,8.35,31.115,53.08,,80.6925,385.3925,9.391,64.8375,5.78,0,10.7461331772981
15.05.2030 00:00,8.35,31.115,53.08,,83.7825,312.5025,1.097,76.655,12.58,0,10.7388641122299
15.05.2030 01:00,8.35,38.245,53.08,,89.395,423.5675,0.0,,12.58,0,11.0172288711371
15.05.2030 02:00,8.35,38.245,53.08,,84.9425,531.8399999999999,204.706,39.035,12.58,0,10.4636311158449
15.05.2030 03:00,8.35,38.245,53.08,,90.3775,518.935,16.33,65.395,12.58,0,10.3742564958954
15.05.2030 04:00,8.35,38.245,53.08,,99.475,561.565,20.626,61.16,7.0,0,9.22841397768271
15.05.2030 05:00,8.35,38.245,53.08,,111.225,769.9725,22.105,72.5425,7.0,0,7.8477245498835
15.05.2030 06:00,8.35,16.228,53.08,,97.44,1347.37,12.876,57.16,7.0,0,0.205018407259678
15.05.2030 07:00,8.54,0.0,53.08,,61.18,1328.025,216.759,39.34,7.0,0,0.161911898117326
15.05.2030 08:00,8.69,0.0,53.08,,-1.5725000000000016,1040.99,39.521,29.52,296.07,0,0.121831594467089
15.05.2030 09:00,8.9,-42.3216529655029,53.08,,-1.5225,873.8875,228.889,-96.4275,296.07,0,0.125234445145331
15.05.2030 10:00,8.9,-42.9424871466432,53.08,,-4.827500000000001,739.2225,129.309,-8.022499999999999,296.07,0,0.28081951185399
15.05.2030 11:00,8.9,-43.8461425047128,53.08,,-7.2,587.5425,16.869,38.675,296.07,0,0.339227732940997
15.05.2030 12:00,8.9,-32.0867785703966,53.08,,-3.73,573.8225,153.947,3.625,1597.12,0,0.104897005115874
15.05.2030 13:00,8.9,-42.3710314472666,53.08,,-3.22,684.51,211.828,-1.1500000000000004,1597.12,0,0.115061738152724
15.05.2030 14:00,8.9,0.0,53.08,,0.0324999999999997,790.5725,224.48800000000003,-2.92,1597.12,0,0.10974660722917
15.05.2030 15:00,8.69,0.0,53.08,,1.5325000000000006,1067.3175,267.957,-4.3325,1597.12,0,0.126167073202964
15.05.2030 16:00,8.54,14.376,53.08,,70.315,1150.8075,77.011,10.9875,290.0,0,0.171051295795222
15.05.2030 17:00,8.4,38.245,53.08,,119.725,1226.1725,83.922,5.286666666666666,290.0,0,20.6605391830622
15.05.2030 18:00,8.4,78.592,53.08,,142.455,947.78,11.053,64.63666666666667,290.0,0,40.2978140236001
15.05.2030 19:00,8.4,78.593,53.08,,218.015,1109.97,0.984,,290.0,0,44.377757561176
15.05.2030 20:00,8.4,78.594,53.08,,122.5825,936.015,43.049,65.86999999999999,4.6,0,45.5635696515395
15.05.2030 21:00,8.4,78.594,53.08,,98.3,706.7475,465.746,26.98,4.6,0,49.091392151797
15.05.2030 22:00,8.4,70.738,53.08,,92.3,413.76,303.637,43.4375,4.6,0,46.8537514238988
15.05.2030 23:00,8.35,57.852,53.08,,85.885,362.2475,2.489,48.02666666666666,4.6,0,40.4457035139212
16.05.2030 00:00,8.35,56.824,53.08,,86.6375,323.0375,21.108,57.655,7.78,0,32.2249851559288
16.05.2030 01:00,8.35,66.495,53.08,,97.1175,314.9625,0.0,,7.78,0,33.7563828843408
16.05.2030 02:00,8.35,66.495,53.08,,96.5525,423.11,0.091,75.54,7.78,0,32.8641428788914
16.05.2030 03:00,8.35,67.861,53.08,,102.0675,442.255,29.493,54.89000000000001,7.78,0,32.2679019532626
16.05.2030 04:00,8.35,71.686,53.08,,106.985,490.6375,44.033,59.60333333333333,4.83,0,30.8511501341455
16.05.2030 05:00,8.35,74.204,53.08,,114.395,679.0550000000001,0.136,81.89,4.83,0,25.8861416893434
16.05.2030 06:00,8.35,63.423,53.08,,96.6225,1068.85,0.0,,4.83,0,16.4704234687754
16.05.2030 07:00,8.54,33.878,53.08,,80.0625,1097.235,27.558,44.18666666666667,4.83,0,13.4217423648065
16.05.2030 08:00,8.69,19.448,53.08,,32.03,1193.14,329.169,-10.1675,119.75,0,0.133832893939063
16.05.2030 09:00,8.9,14.68,53.08,,20.905,1030.005,70.157,12.2725,119.75,0,0.112276973987182
16.05.2030 10:00,8.9,14.68,53.08,,22.6475,1168.2175,4.643,9.53,119.75,0,0.273842842605612
16.05.2030 11:00,8.9,14.68,53.08,,3.2225,925.245,249.629,3.785,119.75,0,0.386802092126252
16.05.2030 12:00,8.9,14.909,53.08,,0.82,770.4475,349.926,-3.9325,246.13,0,0.120982094126074
16.05.2030 13:00,8.9,15.627,53.08,,8.175,871.5975,52.35,49.9175,246.13,0,0.129830267760585
16.05.2030 14:00,8.9,17.459,53.08,,41.7875,1205.035,0.8570000000000001,48.91,246.13,0,0.140715261257368
16.05.2030 15:00,8.69,20.47,53.08,,78.7175,1364.1225,18.226,25.095,246.13,0,0.154245201390185
16.05.2030 16:00,8.54,32.954,53.08,,103.2675,1258.7925,71.422,37.48,74.25,0,9.53358908589663
16.05.2030 17:00,8.4,49.068,53.08,,118.1975,1122.9625,38.037,52.8925,74.25,0,20.7937706452603
16.05.2030 18:00,8.4,63.422,53.08,,156.9675,905.735,10.764,65.99000000000001,74.25,0,23.5373837304651
16.05.2030 19:00,8.4,63.423,53.08,,141.405,846.2325000000001,12.018,89.0,74.25,0,24.2158938403658
16.05.2030 20:00,8.4,63.423,53.08,,114.22,693.2175,0.039,88.6,3.41,0,25.3823143402295
16.05.2030 21:00,8.4,50.609,53.08,,103.935,666.6525,11.785,81.5175,3.41,0,25.4988273638189
16.05.2030 22:00,8.4,33.878,53.08,,99.8625,621.8,134.179,58.3,3.41,0,16.8286896013863
16.05.2030 23:00,8.35,33.878,53.08,,98.105,626.0425,44.463,54.3725,3.41,0,5.08546641596774
17.05.2030 00:00,8.35,22.234,53.08,,102.595,530.5525,3.912,68.84,5.44,0,0.0
17.05.2030 01:00,8.05,22.095,53.08,,99.5575,414.6375,0.12,106.0,5.44,0,0.0
17.05.2030 02:00,8.05,22.095,53.08,,95.2275,430.54,0.0,,5.44,0,0.0
17.05.2030 03:00,8.05,22.017,53.08,,90.44,432.24,0.612,71.05,5.44,0,0.0
17.05.2030 04:00,8.05,22.095,53.08,,87.4325,498.415,153.546,44.9,4.39,0,0.0
17.05.2030 05:00,8.05,22.902,53.08,,84.6125,744.53,12.225,79.9075,4.39,0,0.0
17.05.2030 06:00,8.05,22.902,53.08,,68.395,996.415,0.0,72.89333333333333,4.39,0,0.0
17.05.2030 07:00,8.19,21.714,53.08,,40.36,1148.0375,24.48,41.47666666666667,4.39,0,0.0
17.05.2030 08:00,8.28,15.329,53.08,,10.935,996.3525,67.837,29.8125,97.33,0,0.0
17.05.2030 09:00,8.4,0.0,53.08,,-1.9575,617.1800000000001,48.619,4.9725,97.33,0,0.0197077999038293
17.05.2030 10:00,8.4,0.0,53.08,,-3.59,606.6975,51.74799999999999,22.4775,97.33,0,0.190741218765565
17.05.2030 11:00,8.4,0.0,53.08,,-6.215,685.735,82.562,8.6075,97.33,0,0.317346524336009
17.05.2030 12:00,8.4,-16.3443365804752,53.08,,-4.5275,539.39,85.912,6.282500000000001,187.71,0,0.0
17.05.2030 13:00,8.4,0.0,53.08,,-2.5675,657.715,61.417,9.052499999999998,187.71,0,0.0
17.05.2030 14:00,8.4,0.0,53.08,,1.93,728.17,18.105,27.765,187.71,0,0.0
17.05.2030 15:00,8.28,-15.0565802286877,53.08,,23.9075,1121.5975,0.0,63.48,187.71,0,0.0
17.05.2030 16:00,8.19,0.0,53.08,,90.7825,1155.22,0.189,44.50666666666667,62.22,0,0.0
17.05.2030 17:00,8.1,20.0,53.08,,102.9275,1167.64,176.082,26.395,62.22,0,0.0
17.05.2030 18:00,8.1,28.762,53.08,,112.725,906.3975,0.039,81.785,62.22,0,0.0
17.05.2030 19:00,8.1,43.614,53.08,,122.735,569.0525,18.396,40.63333333333333,62.22,0,0.0
17.05.2030 20:00,8.1,43.615,53.08,,117.8425,648.1475,3.138,75.905,3.14,0,0.0
17.05.2030 21:00,8.1,43.615,53.08,,101.83,483.6775,2.577,64.72,3.14,0,0.0
17.05.2030 22:00,8.1,43.615,53.08,,104.4625,611.48,14.948,52.815,3.14,0,0.0
17.05.2030 23:00,8.05,32.151,53.08,,95.56,444.3525,14.523,60.9825,3.14,0,0.0
18.05.2030 00:00,8.05,24.39,53.08,,96.475,330.77,3.661,68.2575,4.37,0,0.0
18.05.2030 01:00,8.04,27.116,53.08,,101.5775,320.0975,0.965,69.86,4.37,0,0.0
18.05.2030 02:00,8.04,26.347,53.08,,88.065,355.0,160.554,48.9525,4.37,0,0.0
18.05.2030 03:00,8.04,26.345,53.08,,93.405,395.125,3.508,84.1225,4.37,0,0.0
18.05.2030 04:00,8.04,26.345,53.08,,77.445,440.5025,0.187,82.58666666666666,5.73,0,0.0
18.05.2030 05:00,8.04,21.222,53.08,,90.69,505.2275,0.036,64.92,5.73,0,0.0
18.05.2030 06:00,8.04,15.651,53.08,,70.4125,828.485,7.517,52.1175,5.73,0,0.0
18.05.2030 07:00,8.17,0.0,53.08,,41.0025,963.1175,1.979,57.16,5.73,0,0.0
18.05.2030 08:00,8.26,0.0,53.08,,10.675,929.66,0.046,56.696666666666665,78.05,0,0.0
18.05.2030 09:00,8.39,0.0,53.08,,7.3525,730.8924999999999,58.851,16.48,78.05,0,0.0
18.05.2030 10:00,8.39,-43.4088673564184,53.08,,9.33,782.415,0.074,29.205,78.05,0,0.0
18.05.2030 11:00,8.39,-42.537128847196,53.08,,7.3075,820.16,12.663,31.74,78.05,0,0.0
18.05.2030 12:00,8.39,-43.4064583475899,53.08,,0.24,735.19,145.452,-10.1675,140.96,0,0.0
18.05.2030 13:00,8.39,-44.1971518967689,53.08,,-1.0475,633.8975,37.139,13.5025,140.96,0,0.0
18.05.2030 14:00,8.39,-29.0003869641023,53.08,,8.85,919.71,35.073,8.035,140.96,0,0.0
18.05.2030 15:00,8.26,0.0,53.08,,29.3475,1170.6725,34.463,26.1825,140.96,0,0.0
18.05.2030 16:00,8.17,3.23,53.08,,84.05,1165.76,84.52000000000001,-25.035,48.33,0,0.0
18.05.2030 17:00,8.08,32.191,53.08,,108.31,1117.1975,6.127000000000001,63.30500000000001,48.33,0,7.80894610733924
18.05.2030 18:00,8.08,72.331,53.08,,110.97,842.0725,15.25,57.900000000000006,48.33,0,43.1823344678522
18.05.2030 19:00,8.08,73.019,53.08,,110.55,555.2025,51.783,61.17333333333334,48.33,0,44.5191296024029
18.05.2030 20:00,8.08,73.019,53.08,,122.935,701.84,14.869,86.775,2.76,0,45.840996702545
18.05.2030 21:00,8.08,73.02,53.08,,112.795,654.3275,5.669,75.82666666666667,2.76,0,48.5947912740606
18.05.2030 22:00,8.08,69.448,53.08,,111.625,428.56,12.669,71.8125,2.76,0,40.2939339484214
18.05.2030 23:00,8.04,39.767,53.08,,107.0825,392.6925,7.737,87.3425,2.76,0,29.1434963704136
19.05.2030 00:00,8.04,32.191,53.08,,109.145,346.0,0.421,88.86,3.7,0,18.2602967821844
19.05.2030 01:00,8.35,34.36,53.08,,104.675,294.37,5.458,81.875,3.7,0,16.3108248870247
19.05.2030 02:00,8.35,34.36,53.08,,111.5825,325.0825,2.432,84.68333333333334,3.7,0,0.687129324517676
19.05.2030 03:00,8.35,34.36,53.08,,118.1825,460.2225,0.35,81.69,3.7,0,0.654261981149579
19.05.2030 04:00,8.35,20.47,53.08,,133.47,567.91,0.404,97.77333333333333,3.73,0,0.195145168245079
19.05.2030 05:00,8.35,18.497,53.08,,129.04500000000002,821.1175,2.264,85.76666666666667,3.73,0,0.163811847058695
19.05.2030 06:00,8.35,15.651,53.08,,107.05,878.7674999999999,0.906,90.28,3.73,0,0.129474021454717
19.05.2030 07:00,8.54,15.098,53.08,,91.4225,918.135,29.854,71.12333333333333,3.73,0,0.115386424599401
19.05.2030 08:00,8.69,0.0,53.08,,70.1425,958.3825,20.225,73.69,59.02,0,0.08553173117401
19.05.2030 09:00,8.9,-19.3387579664607,53.08,,52.7975,652.21,159.50799999999998,23.545,59.02,0,0.0835939082047124
19.05.2030 10:00,8.9,-42.6128150023931,53.08,,29.8925,596.295,83.519,36.405,59.02,0,0.241992595595154
19.05.2030 11:00,8.9,-36.801589697869,53.08,,36.0575,762.7175,45.122,32.29666666666666,59.02,0,0.247431456662998
19.05.2030 12:00,8.9,-43.1068397716078,53.08,,55.1,828.2674999999999,9.2,52.395,98.19,0,0.0790731842860616
19.05.2030 13:00,8.9,-12.0634514389884,53.08,,69.9075,969.2975,2.889,36.32666666666667,98.19,0,0.0727245655684324
19.05.2030 14:00,8.9,0.0,53.08,,81.86,794.1025,40.095,0.5233333333333334,98.19,0,0.0758146200505202
19.05.2030 15:00,8.69,0.0,53.08,,93.1775,1006.6525,151.72,9.295,98.19,0,0.0874349257115689
19.05.2030 16:00,8.54,19.303,53.08,,116.9525,998.6275,46.14,18.05,34.66,0,0.108358806214515
19.05.2030 17:00,8.4,40.659,53.08,,196.605,883.565,9.611,53.78333333333334,34.66,0,18.5459935290926
19.05.2030 18:00,8.4,68.493,53.08,,286.7425,736.3475,6.803,74.35,34.66,0,23.837759908412
19.05.2030 19:00,8.4,74.413,53.08,,182.595,883.0899999999999,0.378,137.4075,34.66,0,26.53339383
19.05.2030 20:00,8.4,74.414,53.08,,136.255,671.0175,149.84,34.915,2.35,0,26.918055663702
19.05.2030 21:00,8.4,74.415,53.08,,123.4275,605.2975,303.656,39.635,2.35,0,29.1687593633616
19.05.2030 22:00,8.4,74.415,53.08,,123.03,514.025,17.04,65.325,2.35,0,31.8391255636158
19.05.2030 23:00,8.35,73.339,53.08,,117.4125,335.195,3.201,83.965,2.35,0,34.1823175018278
20.05.2030 00:00,8.35,67.556,53.08,,120.5675,344.9425,19.496,71.19999999999999,3.1,0,36.6361800746534
20.05.2030 01:00,8.35,61.59,53.08,,106.245,370.71,0.8619999999999999,95.95,3.1,0,39.7870886468243
20.05.2030 02:00,8.35,62.966,53.08,,115.1875,369.6,0.048,117.67,3.1,0,36.5011816993509
20.05.2030 03:00,8.35,61.59,53.08,,125.035,482.6425,0.032,106.84,3.1,0,36.4327267211662
20.05.2030 04:00,8.35,61.59,53.08,,141.0125,593.21,0.258,87.99000000000001,3.28,0,22.2973746235274
20.05.2030 05:00,8.35,59.758,53.08,,140.125,855.675,2.187,75.13,3.28,0,19.8266596194275
20.05.2030 06:00,8.35,39.917,53.08,,116.1875,961.41,2.425,71.445,3.28,0,2.32533283316024
20.05.2030 07:00,8.54,16.376,53.08,,92.275,989.3625,0.01,65.65,3.28,0,0.352427572751454
20.05.2030 08:00,8.69,9.358,53.08,,56.57,977.98,22.335,39.2575,51.67,0,0.24962788707435
20.05.2030 09:00,8.9,0.0,53.08,,9.697500000000002,949.1425,281.448,-53.905,51.67,0,0.198866855949337
20.05.2030 10:00,8.9,0.0,53.08,,-14.7475,851.9375,86.31899999999999,-9.4625,51.67,0,0.177039005070782
20.05.2030 11:00,8.9,-29.1039605100391,53.08,,-16.6325,783.6525,34.61,7.1475,51.67,0,0.181222647363185
20.05.2030 12:00,8.9,-43.538571599181,53.08,,-11.825,828.635,266.765,-8.975,79.97,0,0.213929132866171
20.05.2030 13:00,8.9,-25.7704285021288,53.08,,-12.6,777.3475,223.832,-15.0525,79.97,0,0.19406863809426
20.05.2030 14:00,8.9,0.0,53.08,,31.57,912.385,35.975,7.02,79.97,0,0.19877801436981
20.05.2030 15:00,8.69,14.376,53.08,,77.765,1124.2525,54.79,23.21,79.97,0,0.250744001444038
20.05.2030 16:00,8.54,43.024,53.08,,108.98,1172.4699999999998,60.344,13.013333333333334,31.0,0,0.965501904300278
20.05.2030 17:00,8.4,63.426,53.08,,130.48250000000002,901.5175,49.512,43.16,31.0,0,17.3556966973354
20.05.2030 18:00,8.4,85.843,53.08,,131.39999999999998,678.21,0.3379999999999999,96.74,31.0,0,43.9227761871265
20.05.2030 19:00,8.4,85.843,53.08,,127.26,582.7725,0.099,78.21333333333332,31.0,0,45.598863998419
20.05.2030 20:00,8.4,85.844,53.08,,120.4725,739.9,0.018,91.34,2.0,0,50.0809510232514
20.05.2030 21:00,8.4,85.845,53.08,,109.5875,638.155,30.908,26.486666666666668,2.0,0,51.3039909439046
20.05.2030 22:00,8.4,78.592,53.08,,107.12,560.5275,11.726,35.33,2.0,0,53.3493979382173
20.05.2030 23:00,8.35,72.331,53.08,,106.115,400.1375,3.716,62.82,2.0,0,34.6845160118054
21.05.2030 00:00,8.35,63.426,53.08,,93.365,400.83,47.219,44.2,2.7,0,19.6330069796927
21.05.2030 01:00,8.35,67.137,53.08,,91.215,416.855,5.793,65.94,2.7,0,26.1502466097298
21.05.2030 02:00,8.35,63.426,53.08,,92.055,418.1375,1.442,72.96666666666665,2.7,0,24.9334788709365
21.05.2030 03:00,8.35,59.57,53.08,,101.655,485.415,0.971,80.595,2.7,0,25.9941800410465
21.05.2030 04:00,8.35,59.05,53.08,,115.9375,534.0550000000001,5.042,69.93333333333334,2.96,0,25.255325976362
21.05.2030 05:00,8.35,39.542,53.08,,107.185,643.735,21.908,66.395,2.96,0,20.2689382032935
21.05.2030 06:00,8.35,20.0,53.08,,90.8,911.065,52.522,42.635,2.96,0,0.0
21.05.2030 07:00,8.54,15.06,53.08,,49.38,1266.8825,203.419,1.0225000000000009,2.96,0,0.0
21.05.2030 08:00,8.69,0.0,53.08,,16.6375,1285.9625,177.657,-33.5575,47.84,0,0.0
21.05.2030 09:00,8.9,0.0,53.08,,-7.5425,888.1625,344.608,-27.7075,47.84,0,0.0
21.05.2030 10:00,8.9,-43.5502336258918,53.08,,-9.62,761.3025,74.658,-25.5725,47.84,0,0.0
21.05.2030 11:00,8.9,-45.3309367435264,53.08,,-9.13,673.8050000000001,154.656,-13.4475,47.84,0,0.0
21.05.2030 12:00,8.9,-85.7564233177741,53.08,,-8.86,656.6775,379.241,-38.945,94.68,0,0.0
21.05.2030 13:00,8.9,-55.0840451115368,53.08,,-15.635,855.355,190.345,-23.3475,94.68,0,0.0
21.05.2030 14:00,8.9,-29.8832801614143,53.08,,-4.395,936.81,29.349,-16.9175,94.68,0,0.0
21.05.2030 15:00,8.69,0.0,53.08,,45.0,1245.7475,63.665,-26.296666666666667,94.68,0,0.0
21.05.2030 16:00,8.54,6.0,53.08,,99.58,1423.8075,41.60099999999999,-124.30666666666669,37.4,0,0.0
21.05.2030 17:00,8.4,20.0,53.08,,130.2625,1262.0675,91.183,-47.005,37.4,0,0.0
21.05.2030 18:00,8.4,29.223,53.08,,159.86,1072.91,64.654,282.59,37.4,0,0.0
21.05.2030 19:00,8.4,29.723,53.08,,140.595,1000.465,55.706,-2.9075,37.4,0,0.0
21.05.2030 20:00,8.4,29.723,53.08,,119.21,736.015,29.084000000000003,0.450000000000001,2.08,0,0.0
21.05.2030 21:00,8.4,29.723,53.08,,109.73,727.0225,7.688000000000001,27.28,2.08,0,0.0
21.05.2030 22:00,8.4,23.94,53.08,,99.1875,615.3975,75.809,-7.4975,2.08,0,0.0
21.05.2030 23:00,8.35,20.53,53.08,,95.535,533.155,120.127,0.3475000000000001,2.08,0,0.0
22.05.2030 00:00,8.35,20.0,53.08,,93.2525,400.055,54.831,35.3725,2.98,0,0.0
22.05.2030 01:00,8.35,23.454,53.08,,93.385,362.045,3.065,77.2625,2.98,0,0.0
22.05.2030 02:00,8.35,22.982,53.08,,91.75,347.105,6.543,58.63,2.98,0,0.0
22.05.2030 03:00,8.35,20.715,53.08,,93.7475,412.3175,47.646,47.97,2.98,0,0.0
22.05.2030 04:00,8.35,20.715,53.08,,119.6625,706.2175,0.655,67.64,2.91,0,0.0
22.05.2030 05:00,8.35,20.715,53.08,,126.555,948.4975,22.326,5.715000000000003,2.91,0,0.0
22.05.2030 06:00,8.35,20.0,53.08,,148.6275,1182.525,48.754000000000005,-2.389999999999999,2.91,0,0.0
22.05.2030 07:00,8.54,20.0,53.08,,115.06,1455.8775,114.391,-26.425,2.91,0,0.0
22.05.2030 08:00,8.69,16.205,53.08,,121.055,1716.035,2.5860000000000003,12.816666666666668,43.7,0,0.0
22.05.2030 09:00,8.9,0.0,53.08,,84.4475,1555.1475,81.488,-48.05,43.7,0,0.0
22.05.2030 10:00,8.9,0.0,53.08,,43.22,1442.3275,7.715000000000001,-38.32,43.7,0,0.210290906910231
22.05.2030 11:00,8.9,-17.3795810031578,53.08,,13.47,1076.48,57.688,-17.895000000000003,43.7,0,0.358743544638121
22.05.2030 12:00,8.9,-26.9815037352845,53.08,,7.432499999999999,1038.9175,21.431,0.3199999999999985,101.48,0,0.0
22.05.2030 13:00,8.9,-22.6721646556878,53.08,,11.24,930.515,42.941,-73.53,101.48,0,0.0
22.05.2030 14:00,8.9,0.0,53.08,,18.12,1097.3975,87.557,-21.0825,101.48,0,0.0
22.05.2030 15:00,8.69,0.0,53.08,,70.8625,1442.475,123.634,-59.5075,101.48,0,0.0
22.05.2030 16:00,8.54,15.441,53.08,,81.325,1262.6125,211.467,-113.5575,53.32,0,0.0
22.05.2030 17:00,8.4,20.325,53.08,,95.345,1303.1675,287.63800000000003,-103.78,53.32,0,0.0
22.05.2030 18:00,8.4,23.453,53.08,,116.5675,1183.545,174.306,-1165.5825000000002,53.32,0,0.0
22.05.2030 19:00,8.4,23.454,53.08,,134.54,952.44,1.93,52.915,53.32,0,0.0
22.05.2030 20:00,8.4,23.454,53.08,,115.1325,830.66,19.762,66.5725,3.71,0,0.0
22.05.2030 21:00,8.4,23.454,53.08,,107.205,822.53,1.747,75.92999999999999,3.71,0,0.0
22.05.2030 22:00,8.4,20.529,53.08,,96.32,597.0675,81.991,54.9175,3.71,0,0.0
22.05.2030 23:00,8.35,18.908,53.08,,88.6925,498.9475,72.868,46.8775,3.71,0,0.0
23.05.2030 00:00,8.35,18.268,53.08,,80.5925,547.54,100.212,40.005,2.5,0,0.0
23.05.2030 01:00,8.35,20.0,53.08,,79.6525,397.93,46.111,46.5725,2.5,0,0.0
23.05.2030 02:00,8.35,20.0,53.08,,82.6275,511.265,86.171,35.666666666666664,2.5,0,0.0
23.05.2030 03:00,8.35,20.667,53.08,,88.36,694.715,75.77499999999999,45.3975,2.5,0,0.0
23.05.2030 04:00,8.35,20.667,53.08,,100.4125,700.6025,115.193,36.2925,2.5,0,0.0
23.05.2030 05:00,8.35,20.667,53.08,,102.5325,657.355,26.102,68.135,2.5,0,0.0
23.05.2030 06:00,8.35,20.0,53.08,,96.6575,979.955,13.861,53.17,2.5,0,0.0
23.05.2030 07:00,8.54,15.651,53.08,,75.72,1148.8,174.881,31.0525,2.5,0,0.0
23.05.2030 08:00,8.69,14.261,53.08,,47.625,1172.2125,168.36700000000002,38.08,39.63,0,0.0
23.05.2030 09:00,8.9,0.0,53.08,,38.29,1344.95,9.891,51.105,39.63,0,0.0
23.05.2030 10:00,8.9,0.0,53.08,,6.9,1079.6725,14.087,15.3875,39.63,0,0.173852661051763
23.05.2030 11:00,8.9,0.0,53.08,,-0.5974999999999997,886.6175,12.514,17.630000000000003,39.63,0,0.246812759974213
23.05.2030 12:00,8.9,-30.90759652094,53.08,,-8.94,870.3175,35.075,-11.86,86.6,0,0.0909152341593846
23.05.2030 13:00,8.9,0.0,53.08,,-6.805,957.5,61.49,-14.0375,86.6,0,0.0823891781414897
23.05.2030 14:00,8.9,0.0,53.08,,1.2225,1060.5475,135.25,-0.6599999999999999,86.6,0,0.0899576320030308
23.05.2030 15:00,8.69,14.138,53.08,,37.0675,1123.255,346.122,-21.545,86.6,0,0.108153626221468
23.05.2030 16:00,8.54,20.0,53.08,,75.9025,1210.4425,362.375,-58.535,36.45,0,0.13213371521572
23.05.2030 17:00,8.4,66.13,53.08,,91.98,1185.235,247.023,2.825,36.45,0,16.1982908890842
23.05.2030 18:00,8.4,75.448,53.08,,121.68,844.635,0.005,79.48,36.45,0,19.3312253347259
23.05.2030 19:00,8.4,75.449,53.08,,110.0225,840.6474999999999,4.912,50.42,36.45,0,20.3232851959291
23.05.2030 20:00,8.4,75.45,53.08,,101.31,812.19,14.669,78.2125,2.14,0,22.2053404312111
23.05.2030 21:00,8.4,75.45,53.08,,86.44,872.4425,0.459,82.69333333333333,2.14,0,23.3901580402576
23.05.2030 22:00,8.4,72.186,53.08,,85.225,588.895,0.201,86.58,2.14,0,23.5868815858348
23.05.2030 23:00,8.35,66.13,53.08,,76.97999999999999,643.5225,19.87,65.9125,2.14,0,24.6068835363012
24.05.2030 00:00,8.35,66.13,53.08,,68.55,542.5225,50.864,54.91,2.3,0,24.8878417978367
24.05.2030 01:00,8.05,69.878,53.08,,67.02250000000001,470.365,29.311,56.84,2.3,0,27.6737253398761
24.05.2030 02:00,8.05,69.878,53.08,,68.02250000000001,443.0,8.33,50.6,2.3,0,26.524248030879
24.05.2030 03:00,8.05,69.878,53.08,,75.1425,412.5025,10.458,48.16,2.3,0,26.4931933501101
24.05.2030 04:00,8.05,69.878,53.08,,77.67750000000001,542.0925,5.9,47.33,2.8,0,27.2379698779465
24.05.2030 05:00,8.05,74.165,53.08,,63.845,634.63,108.385,41.0375,2.8,0,24.574850874182
24.05.2030 06:00,8.05,69.878,53.08,,32.955,936.3175,133.438,2.67,2.8,0,19.6168972838351
24.05.2030 07:00,8.19,49.636,53.08,,-2.3999999999999995,839.2025,39.921,-8.6825,2.8,0,9.64296471916002
24.05.2030 08:00,8.28,20.0,53.08,,-4.2525,902.805,48.991,-23.965,47.96,0,0.0620628530718725
24.05.2030 09:00,8.4,0.0,53.08,,-6.9275,878.625,7.343,-2.495,47.96,0,0.0469426400562201
24.05.2030 10:00,8.4,0.0,53.08,,-4.717499999999999,713.5225,1.897,33.739999999999995,47.96,0,0.137174835795635
24.05.2030 11:00,8.4,0.0,53.08,,-6.324999999999999,668.5225,80.134,-35.2175,47.96,0,0.133859312847899
24.05.2030 12:00,8.4,-45.4487680156653,53.08,,-15.005,994.41,102.668,-38.3025,87.6,0,0.0476887187047126
24.05.2030 13:00,8.4,-31.5638293040649,53.08,,-19.0475,947.585,32.944,-2.8600000000000003,87.6,0,0.047174546791713
24.05.2030 14:00,8.4,0.0,53.08,,-7.475,956.465,8.655999999999999,3.2300000000000004,87.6,0,0.045781752717371
24.05.2030 15:00,8.28,0.0,53.08,,3.1450000000000005,1167.57,0.8160000000000001,28.066666666666663,87.6,0,0.0470675293196736
24.05.2030 16:00,8.19,32.579,53.08,,29.955,1145.0175,82.25,-33.485,38.07,0,0.182345974672917
24.05.2030 17:00,8.1,69.677,53.08,,93.175,1133.385,0.267,11.03,38.07,0,15.5554015916556
24.05.2030 18:00,8.1,70.97,53.08,,80.2575,942.9725,0.49,55.67,38.07,0,18.0309402626454
24.05.2030 19:00,8.1,70.97,53.08,,78.1675,814.985,23.198,34.239999999999995,38.07,0,19.4683533311043
24.05.2030 20:00,8.1,70.971,53.08,,42.89,779.965,36.348,14.6,2.1,0,20.320074094739
24.05.2030 21:00,8.1,70.972,53.08,,13.85,732.2275,8.608,41.25,2.1,0,21.1948343425196
24.05.2030 22:00,8.1,70.972,53.08,,11.61,621.2425,19.726,16.2575,2.1,0,22.6956094268524
24.05.2030 23:00,8.05,69.639,53.08,,13.7,574.8975,5.24,16.1425,2.1,0,23.8515090047548
25.05.2030 00:00,8.05,69.639,53.08,,16.19,457.8875,0.042,43.697500000000005,11.25,0,24.4362909412019
25.05.2030 01:00,8.04,64.926,53.08,,12.1,423.585,8.63,15.565,11.25,0,24.7220014836543
25.05.2030 02:00,8.04,64.926,53.08,,11.1,328.675,1.596,27.6025,11.25,0,24.7784294588217
25.05.2030 03:00,8.04,64.926,53.08,,15.437499999999998,417.76,0.521,48.885,11.25,0,24.6725553338264
25.05.2030 04:00,8.04,64.926,53.08,,8.4175,428.185,5.634,12.8425,14.35,0,22.9012832446128
25.05.2030 05:00,8.04,64.926,53.08,,9.145,526.7325,2.6,15.093333333333334,14.35,0,20.9897376910865
25.05.2030 06:00,8.04,64.926,53.08,,7.640000000000001,820.35,2.148,11.995,14.35,0,18.4430879217759
25.05.2030 07:00,8.17,41.8,53.08,,-2.545,844.8025,9.091,2.7775,14.35,0,9.55135867818995
25.05.2030 08:00,8.26,0.011,53.08,,1.7175,843.6975,13.354,-1.0674999999999997,43.76,0,0.118449681404127
25.05.2030 09:00,8.39,0.0,53.08,,1.2825,752.1125,10.612,-19.825,43.76,0,0.0945331479080139
25.05.2030 10:00,8.39,-36.9679500885934,53.08,,1.9325,799.995,0.744,22.3475,43.76,0,0.186150604032119
25.05.2030 11:00,8.39,-44.8354252713597,53.08,,-0.5125,685.53,0.527,25.8175,43.76,0,0.264519835090722
25.05.2030 12:00,8.39,-46.6375035421518,53.08,,-3.0025,623.27,6.1,8.785,76.71,0,0.0980220069286652
25.05.2030 13:00,8.39,-43.2805510498577,53.08,,-1.3875,627.55,0.651,35.9575,76.71,0,0.0985190057047187
25.05.2030 14:00,8.39,-46.4821419596917,53.08,,-1.7574999999999998,819.85,67.304,1.3075,76.71,0,0.105188506474695
25.05.2030 15:00,8.26,-27.9675210412919,53.08,,-3.5525,940.9425,65.783,0.63,76.71,0,0.100448077682546
25.05.2030 16:00,8.17,0.0,53.08,,34.79,1248.355,327.103,-104.8275,39.97,0,0.098185845890321
25.05.2030 17:00,8.08,31.48,53.08,,85.485,1032.2375,0.354,20.77,39.97,0,0.382136077136175
25.05.2030 18:00,8.08,59.714,53.08,,105.4075,830.1025,2.64,46.15,39.97,0,9.98268583992463
25.05.2030 19:00,8.08,64.9,53.08,,102.305,701.9075,1.0710000000000002,87.735,39.97,0,11.4052279040035
25.05.2030 20:00,8.08,64.901,53.08,,109.2325,726.35,0.301,57.58,2.1,0,11.376858370044
25.05.2030 21:00,8.08,64.902,53.08,,99.205,721.21,0.515,88.69,2.1,0,11.9478889345899
25.05.2030 22:00,8.08,64.902,53.08,,93.3875,606.035,41.45,51.665,2.1,0,13.1832187800154
25.05.2030 23:00,8.04,41.8,53.08,,93.6,552.4475,31.378,72.33500000000001,2.1,0,14.9639393261191
26.05.2030 00:00,8.04,39.43,53.08,,89.65,447.61,13.06,72.93,6.11,0,15.7254861219599
26.05.2030 01:00,8.35,44.7,53.08,,87.06,348.2625,3.657,61.25333333333333,6.11,0,17.1765567745233
26.05.2030 02:00,8.35,46.66,53.08,,85.9575,539.325,110.543,58.0325,6.11,0,18.4772160517971
26.05.2030 03:00,8.35,50.59,53.08,,95.3375,692.94,0.382,63.8,6.11,0,18.2730722885915
26.05.2030 04:00,8.35,50.59,53.08,,111.315,725.7275,8.711,53.47333333333333,6.46,0,17.4318901694769
26.05.2030 05:00,8.35,50.591,53.08,,128.36,679.89,19.532,56.3125,6.46,0,15.1657147949041
26.05.2030 06:00,8.35,35.062,53.08,,118.23,1113.355,29.741,55.01333333333333,6.46,0,0.704568201116761
26.05.2030 07:00,8.54,15.664,53.08,,93.185,1234.275,127.678,52.58,6.46,0,0.193120757991855
26.05.2030 08:00,8.69,0.0,53.08,,51.135,1331.6,166.052,15.775,42.53,0,0.133562233696
26.05.2030 09:00,8.9,0.0,53.08,,14.9625,1130.1225,6.79,47.33,42.53,0,0.108962227868034
26.05.2030 10:00,8.9,-40.9882286787358,53.08,,14.8025,1018.4025,0.001,,42.53,0,0.206198662462397
26.05.2030 11:00,8.9,-47.0865272348006,53.08,,16.35,1010.6925,6.303,43.56333333333333,42.53,0,0.26061020166204
26.05.2030 12:00,8.9,-47.6223823972061,53.08,,5.6875,937.1725,11.01,18.54,84.7,0,0.0
26.05.2030 13:00,8.9,-51.7142148348753,53.08,,6.8575,871.0699999999999,2.207,29.1025,84.7,0,0.0
26.05.2030 14:00,8.9,-46.7693359541382,53.08,,23.09,1139.3975,0.219,23.13,84.7,0,0.0
26.05.2030 15:00,8.69,-26.5997239588519,53.08,,67.9675,1286.2325,44.97,2.785,84.7,0,0.0
26.05.2030 16:00,8.54,0.0,53.08,,96.815,1329.1125,9.395,14.826666666666668,33.07,0,0.0
26.05.2030 17:00,8.4,6.0,53.08,,103.795,1296.8775,59.388000000000005,11.45,33.07,0,0.0
26.05.2030 18:00,8.4,35.062,53.08,,114.7425,915.635,0.332,69.36333333333333,33.07,0,0.0
26.05.2030 19:00,8.4,50.589,53.08,,121.605,698.2225,0.078,98.845,33.07,0,11.7014684707095
26.05.2030 20:00,8.4,50.59,53.08,,109.0375,745.135,0.0,,1.7,0,11.9787078603243
26.05.2030 21:00,8.4,50.59,53.08,,93.125,608.925,24.338,65.92999999999999,1.7,0,12.7698645088493
26.05.2030 22:00,8.4,50.591,53.08,,83.8125,703.7725,203.59,21.055,1.7,0,13.8408655055374
26.05.2030 23:00,8.35,50.591,53.08,,76.205,679.51,100.477,20.075,1.7,0,14.7693315921964
27.05.2030 00:00,8.35,50.591,53.08,,68.5,571.79,102.273,21.9725,4.24,0,16.028204447406
27.05.2030 01:00,8.35,67.744,53.08,,69.06,442.8025,10.42,21.42,4.24,0,17.4260749803071
27.05.2030 02:00,8.35,67.745,53.08,,76.45,555.8775,0.284,52.42,4.24,0,18.0793829145827
27.05.2030 03:00,8.35,67.745,53.08,,74.4325,504.8475,2.258,61.252500000000005,4.24,0,18.0481715056384
27.05.2030 04:00,8.35,67.746,53.08,,80.0325,478.31,10.863,40.8475,4.91,0,18.5091156849165
27.05.2030 05:00,8.35,67.745,53.08,,66.8,698.6525,238.404,0.8124999999999999,4.91,0,16.975568417006
27.05.2030 06:00,8.35,16.534,53.08,,60.3825,1019.6725,27.914,-16.483333333333334,4.91,0,0.0387180068764754
27.05.2030 07:00,8.54,14.347,53.08,,30.705,1255.85,206.599,-97.24,4.91,0,0.0290971375797184
27.05.2030 08:00,8.69,0.0,53.08,,-3.2,1330.455,483.521,-110.2875,44.5,0,0.0202579410517251
27.05.2030 09:00,8.9,-46.8313729875811,53.08,,-19.3725,1209.825,420.787,-451.6475,44.5,0,0.0216966322176486
27.05.2030 10:00,8.9,-48.5340874321294,53.08,,-23.905,1104.93,71.755,-117.355,44.5,0,0.0241336644966801
27.05.2030 11:00,8.9,-47.2217119879047,53.08,,-14.1725,1078.715,66.9,-69.5025,44.5,0,0.0191840869428315
27.05.2030 12:00,8.9,-61.377818937065,53.08,,4.885,1072.5375,48.681,-45.1875,80.86,0,0.0
27.05.2030 13:00,8.9,-47.2457807326158,53.08,,44.985,1441.945,29.875,-32.365,80.86,0,0.0
27.05.2030 14:00,8.9,-48.5926166585164,53.08,,62.97,1388.395,50.393,-58.6425,80.86,0,0.0
27.05.2030 15:00,8.69,0.0,53.08,,87.95,1347.4,7.169,28.9025,80.86,0,0.0
27.05.2030 16:00,8.54,0.0,53.08,,104.275,1232.26,85.974,-2.646666666666666,28.05,0,0.0
27.05.2030 17:00,8.4,15.651,53.08,,146.9175,1162.895,4.992,50.865,28.05,0,0.0
27.05.2030 18:00,8.4,72.342,53.08,,117.4725,1024.2,7.888999999999999,72.68,28.05,0,21.0568100826032
27.05.2030 19:00,8.4,72.343,53.08,,102.86,990.175,0.033,84.13,28.05,0,23.5679001905897
27.05.2030 20:00,8.4,72.343,53.08,,99.3325,1056.965,55.533,61.215,1.67,0,24.6762105502835
27.05.2030 21:00,8.4,72.344,53.08,,76.15,900.365,382.714,28.805,1.67,0,26.643174712701
27.05.2030 22:00,8.4,72.344,53.08,,72.2675,779.1949999999999,106.915,54.7925,1.67,0,29.0629455962604
27.05.2030 23:00,8.35,72.344,53.08,,67.67,604.06,43.969,43.5225,1.67,0,30.5623531392988
28.05.2030 00:00,8.35,72.343,53.08,,73.765,539.335,6.446000000000001,48.055,10.37,0,32.7813526735462
28.05.2030 01:00,8.35,78.592,53.08,,77.96,524.8175,0.048,69.72,10.37,0,37.2917101323633
28.05.2030 02:00,8.35,78.592,53.08,,85.1025,566.2175,0.0,,10.37,0,39.3220410439963
28.05.2030 03:00,8.35,78.592,53.08,,91.2325,687.2125,7.199,20.676666666666662,10.37,0,38.9099467028204
28.05.2030 04:00,8.35,78.592,53.08,,95.7375,767.5225,1.346,55.175,18.23,0,38.6385480042307
28.05.2030 05:00,8.35,78.592,53.08,,103.6075,769.7475000000001,0.732,24.755000000000003,18.23,0,40.0381991029711
28.05.2030 06:00,8.35,55.936,53.08,,109.7925,913.0575,0.554,47.0225,18.23,0,17.1357897405382
28.05.2030 07:00,8.54,15.651,53.08,,100.8625,886.4549999999999,0.467,65.155,18.23,0,0.0
28.05.2030 08:00,8.69,0.0,53.08,,101.98,1043.6025,0.122,60.675,34.02,0,0.0
28.05.2030 09:00,8.9,0.0,53.08,,84.0225,1143.83,29.928,55.095,34.02,0,0.0
28.05.2030 10:00,8.9,-29.3986088009369,53.08,,74.52250000000001,1077.5,12.937,41.7575,34.02,0,0.0
28.05.2030 11:00,8.9,-32.8530372504001,53.08,,70.0325,1023.51,16.497999999999998,43.5825,34.02,0,0.0
28.05.2030 12:00,8.9,-47.2220461190767,53.08,,91.0975,1223.0175,34.212,12.89,70.0,0,0.0
28.05.2030 13:00,8.9,-29.386796702016,53.08,,99.9375,1522.8325,26.653,37.505,70.0,0,0.0
28.05.2030 14:00,8.9,0.0,53.08,,108.24,1526.36,68.475,-0.0199999999999999,70.0,0,0.0
28.05.2030 15:00,8.69,0.0,53.08,,113.255,1381.2625,56.644,18.9175,70.0,0,0.0
28.05.2030 16:00,8.54,15.187,53.08,,107.42,1210.8175,15.212,17.5475,29.38,0,0.0
28.05.2030 17:00,8.4,70.825,53.08,,111.83,1153.545,50.38,17.965,29.38,0,13.4655986606482
28.05.2030 18:00,8.4,86.967,53.08,,106.1125,972.545,4.1930000000000005,58.837500000000006,29.38,0,45.0919889353821
28.05.2030 19:00,8.4,90.803,53.08,,115.6225,886.06,0.359,79.065,29.38,0,47.0672764944332
28.05.2030 20:00,8.4,90.804,53.08,,105.4575,912.0475,28.88,62.6475,1.5,0,51.8159573692499
28.05.2030 21:00,8.4,90.805,53.08,,96.055,601.7049999999999,27.964,67.0575,1.5,0,56.6515523394055
28.05.2030 22:00,8.4,90.806,53.08,,96.3225,522.8050000000001,0.009,96.2,1.5,0,56.9568558196459
28.05.2030 23:00,8.35,90.807,53.08,,97.3025,647.6675,3.258,54.34666666666666,1.5,0,60.0187696064851
29.05.2030 00:00,8.35,90.804,53.08,,89.64,409.7,4.44,64.8775,5.17,0,65.8865878734084
29.05.2030 01:00,8.35,84.539,53.08,,84.8825,362.8725,0.823,76.6225,5.17,0,68.4929701773643
29.05.2030 02:00,8.35,85.044,53.08,,90.6075,443.6125,0.0,,5.17,0,69.2625016732047
29.05.2030 03:00,8.35,84.539,53.08,,96.6775,461.315,0.293,86.88499999999999,5.17,0,68.9694775770011
29.05.2030 04:00,8.35,84.539,53.08,,93.0225,435.98,0.097,83.28,5.63,0,66.5401405016407
29.05.2030 05:00,8.35,79.692,53.08,,86.525,662.5375,0.633,84.4425,5.63,0,58.8209019224198
29.05.2030 06:00,8.35,76.06,53.08,,78.0675,902.96,2.4530000000000003,60.015,5.63,0,33.114378070514
29.05.2030 07:00,8.54,20.957,53.08,,54.3175,1016.91,4.537,30.175,5.63,0,0.0
29.05.2030 08:00,8.69,0.0,53.08,,16.9125,1008.585,70.366,8.857500000000002,37.99,0,0.0
29.05.2030 09:00,8.9,0.0,53.08,,1.8525,956.265,6.715,5.240000000000001,37.99,0,0.0
29.05.2030 10:00,8.9,-47.6467674094394,53.08,,-8.0575,891.61,40.84,-17.432499999999997,37.99,0,0.0
29.05.2030 11:00,8.9,-34.2257633983964,53.08,,-15.595,819.4000000000001,13.759,2.81,37.99,0,0.0
29.05.2030 12:00,8.9,-58.0257898112865,53.08,,-15.9575,754.31,0.1689999999999999,32.42,75.77,0,0.0
29.05.2030 13:00,8.9,-47.0969852984948,53.08,,-16.6025,825.78,2.446,16.529999999999998,75.77,0,0.0
29.05.2030 14:00,8.9,-19.9800853068784,53.08,,-7.7275,860.2925,9.15,4.5325,75.77,0,0.0
29.05.2030 15:00,8.69,0.0,53.08,,3.452500000000001,1021.6925,65.261,31.2525,75.77,0,0.0
29.05.2030 16:00,8.54,0.0,53.08,,45.44499999999999,851.01,99.091,18.34,30.58,0,0.0
29.05.2030 17:00,8.4,41.165,53.08,,67.775,696.21,26.953,53.445,30.58,0,0.0
29.05.2030 18:00,8.4,78.592,53.08,,77.6975,632.7975,0.116,61.405,30.58,0,30.7829293144448
29.05.2030 19:00,8.4,79.692,53.08,,81.05,578.4475,25.417,61.2225,30.58,0,37.4780422053866
29.05.2030 20:00,8.4,79.693,53.08,,94.23,725.01,0.0,96.09999999999998,1.74,0,37.2244500913024
29.05.2030 21:00,8.4,79.693,53.08,,70.54,725.205,73.065,35.02333333333333,1.74,0,35.7142459341351
29.05.2030 22:00,8.4,79.694,53.08,,48.3575,717.8875,175.132,28.845,1.74,0,42.6918423737508
29.05.2030 23:00,8.35,79.652,53.08,,42.2025,613.0975,69.737,19.8925,1.74,0,43.1057775552071
30.05.2030 00:00,8.35,79.501,53.08,,55.92,595.3375,2.537,34.9675,8.91,0,42.1849688912032
30.05.2030 01:00,8.35,78.592,53.08,,47.99,563.08,82.968,16.96,8.91,0,42.9324959462445
30.05.2030 02:00,8.35,78.592,53.08,,50.0275,618.335,112.834,10.615,8.91,0,36.9892967140925
30.05.2030 03:00,8.35,78.592,53.08,,50.5425,640.8100000000001,26.954,26.055,8.91,0,32.6500397700375
30.05.2030 04:00,8.35,78.592,53.08,,63.65,644.0625,84.451,20.2625,6.88,0,29.4633133871402
30.05.2030 05:00,8.35,78.592,53.08,,65.77250000000001,755.51,1.463,35.395,6.88,0,26.1013263212514
30.05.2030 06:00,8.35,78.592,53.08,,45.6375,1006.1225,69.416,18.1375,6.88,0,13.6063762651703
30.05.2030 07:00,8.54,64.736,53.08,,11.4,1250.475,67.43299999999999,-0.2799999999999993,6.88,0,1.15728627978544
30.05.2030 08:00,8.69,9.323,53.08,,-13.6725,1082.5775,309.188,-83.455,38.64,0,0.304227181533977
30.05.2030 09:00,8.9,0.0,53.08,,-10.025,777.005,56.818000000000005,-26.590000000000003,38.64,0,0.260117784206831
30.05.2030 10:00,8.9,0.0,53.08,,-6.69,845.28,4.206,-1.8049999999999995,38.64,0,0.223035873035616
30.05.2030 11:00,8.9,-17.5712650707698,53.08,,-4.9575,792.015,13.437,-14.5875,38.64,0,0.303355296784531
30.05.2030 12:00,8.9,-38.5618178277392,53.08,,-5.1475,623.26,12.293,-19.09,75.95,0,0.266408009700918
30.05.2030 13:00,8.9,-1.24213315740518,53.08,,-5.0725,635.9975,15.941,-14.635000000000002,75.95,0,0.248250517741012
30.05.2030 14:00,8.9,0.0,53.08,,-4.635,923.88,16.193,9.155,75.95,0,0.253372146945705
30.05.2030 15:00,8.69,0.0,53.08,,-6.5725,1317.3425,48.92,-4.5825,75.95,0,0.255349074508282
30.05.2030 16:00,8.54,57.71,53.08,,77.41,1476.12,107.472,-1.2825000000000002,32.17,0,1.0006365713483
30.05.2030 17:00,8.4,79.8000544462104,53.08,,105.875,1358.4075,49.45,-1.565,32.17,0,23.2636734108292
30.05.2030 18:00,8.4,106.991401738589,53.08,,142.4275,971.765,0.2769999999999999,64.44333333333334,32.17,0,45.838139305373
30.05.2030 19:00,8.4,142.170529272396,53.08,,152.015,803.815,0.04,97.03,32.17,0,65.0076846616379
30.05.2030 20:00,8.4,146.651941032725,53.08,,139.2725,773.69,0.009,142.13,1.52,0,67.1760999831187
30.05.2030 21:00,8.4,146.42247587342,53.08,,110.695,555.3675000000001,0.0,,1.52,0,72.628957413495
30.05.2030 22:00,8.4,143.622234947327,53.08,,105.5425,380.0575,0.0,104.685,1.52,0,83.9383981888312
30.05.2030 23:00,8.35,126.284079005799,53.08,,105.8375,413.845,0.022,96.535,1.52,0,90.0428453600134
31.05.2030 00:00,8.35,107.883907734919,53.08,,102.6775,327.4525,0.004,87.5,5.21,0,93.5760327496807
31.05.2030 01:00,8.05,93.934773057591,53.08,,101.5225,234.2325,0.7230000000000001,87.37,5.21,0,105.686158485513
31.05.2030 02:00,8.05,93.0044374734727,53.08,,102.825,318.74,3.828,79.3775,5.21,0,100.030985683069
31.05.2030 03:00,8.05,93.2098301046202,53.08,,97.5325,293.88750000000005,2.452,89.43,5.21,0,96.5837578472914
31.05.2030 04:00,8.05,94.8341868359238,53.08,,88.7725,466.7675,1.973,72.775,4.73,0,78.6510079621812
31.05.2030 05:00,8.05,95.7426267023066,53.08,,83.63,748.6675,39.115,47.59333333333333,4.73,0,65.3240182665864
31.05.2030 06:00,8.05,92.5478200856422,53.08,,47.2725,881.8825,108.217,32.932500000000005,4.73,0,53.6924820616028
31.05.2030 07:00,8.19,84.855,53.08,,-4.5025,851.9475,21.121,-10.51,4.73,0,17.2020465216756
31.05.2030 08:00,8.28,58.221,53.08,,-3.08,805.0225,9.97,2.3150000000000013,40.36,0,9.13204577501604
31.05.2030 09:00,8.4,23.026,53.08,,-5.775,610.23,5.211,4.0225,40.36,0,4.26080681186632
31.05.2030 10:00,8.4,23.026,53.08,,-1.36,640.51,0.154,43.1325,40.36,0,3.91144448640686
31.05.2030 11:00,8.4,23.026,53.08,,-1.745,634.8525,6.607,15.755,40.36,0,3.8919991069262
31.05.2030 12:00,8.4,23.026,53.08,,-1.045,692.9275,36.668,4.7225,74.7,0,3.8729522203236
31.05.2030 13:00,8.4,23.026,53.08,,-11.145,639.5799999999999,34.733000000000004,16.4125,74.7,0,3.96621580884233
31.05.2030 14:00,8.4,23.027,53.08,,49.72,509.4725,70.182,38.4075,74.7,0,4.26699292799795
31.05.2030 15:00,8.28,42.445,53.08,,52.9,781.47,48.517,35.17333333333334,74.7,0,8.10585385577956
31.05.2030 16:00,8.19,76.787,53.08,,111.34,1039.0925,2.14,30.61,33.27,0,14.3417902148432
31.05.2030 17:00,8.1,88.445,53.08,,140.07999999999998,1120.2875,3.901,101.57666666666668,33.27,0,23.9200911840352
31.05.2030 18:00,8.1,108.725775915488,53.08,,167.12,787.155,14.146999999999998,90.365,33.27,0,71.3193930197265
31.05.2030 19:00,8.1,118.637633282289,53.08,,161.2075,719.21,7.56,90.20666666666666,33.27,0,88.6467945614367
31.05.2030 20:00,8.1,121.201854638158,53.08,,110.625,665.21,31.744,85.9625,1.37,0,91.5949611177368
31.05.2030 21:00,8.1,121.107479087993,53.08,,84.5875,710.885,267.251,40.3975,1.37,0,96.6476374002334
31.05.2030 22:00,8.1,117.313606917078,53.08,,82.03999999999999,625.71,0.251,70.49666666666667,1.37,0,116.207309803976
31.05.2030 23:00,8.05,99.9281414516679,53.08,,79.7225,527.1275,66.44200000000001,44.97,1.37,0,111.725849788302
01.06.2030 00:00,8.05,97.1478994244277,53.08,,70.295,470.7,439.1,4.914999999999999,4.75,0,94.1307745528745
01.06.2030 01:00,8.04,94.6101942268885,53.08,,58.765,473.435,317.386,20.495,4.75,0,110.463509798462
01.06.2030 02:00,8.04,94.2147835132226,53.08,,32.9675,639.9225,364.458,14.1275,4.75,0,99.152855936939
01.06.2030 03:00,8.04,94.3957886589041,53.08,,22.1175,615.8325,32.081,18.9675,4.75,0,92.8306411225571
01.06.2030 04:00,8.04,95.2545600934475,53.08,,11.785,777.285,77.64,-4.655,5.49,0,84.0516321669748
01.06.2030 05:00,8.04,100.190871001867,53.08,,22.05,823.16,9.28,39.8525,5.49,0,74.3099323338128
01.06.2030 06:00,8.04,95.1681310213,53.08,,6.785,940.815,42.992,-20.9325,5.49,0,61.3261462163096
01.06.2030 07:00,8.17,90.4845016793915,53.08,,7.04,1046.535,0.129,27.355,5.49,0,47.4377472736411
01.06.2030 08:00,8.27,78.592,53.08,,0.185,884.2425000000001,0.0,34.8,42.45,0,23.9350373016918
01.06.2030 09:00,8.39,62.1,53.08,,-0.2450000000000001,770.66,1.035,280.38,42.45,0,16.8516407079232
01.06.2030 10:00,8.39,61.673,53.08,,-1.4325,698.7425000000001,0.2019999999999999,119.05,42.45,0,15.4838149142028
01.06.2030 11:00,8.39,61.674,53.08,,-0.5,804.235,0.0,31.426666666666662,42.45,0,15.4585116299933
01.06.2030 12:00,8.39,61.674,53.08,,-2.4625,751.04,0.16,11.8,79.11,0,15.9110177795743
01.06.2030 13:00,8.39,61.675,53.08,,-1.7575,768.6524999999999,44.331,4.3475,79.11,0,17.2899398527926
01.06.2030 14:00,8.39,64.609,53.08,,-0.9225,887.63,44.967,15.975,79.11,0,24.1953056919467
01.06.2030 15:00,8.27,78.104,53.08,,12.605,1015.01,20.703,53.123333333333335,79.11,0,27.5802140517233
01.06.2030 16:00,8.17,84.627,53.08,,39.4625,1411.67,39.67,32.85,35.52,0,30.8379554480032
01.06.2030 17:00,8.08,86.338,53.08,,72.155,1182.485,101.338,-11.7525,35.52,0,29.9823598370982
01.06.2030 18:00,8.08,86.339,53.08,,83.2425,1037.4225,88.63,53.055,35.52,0,29.6432816787386
01.06.2030 19:00,8.08,86.339,53.08,,91.17,759.78,7.204,57.28333333333333,35.52,0,32.0130800801472
01.06.2030 20:00,8.08,86.339,53.08,,93.165,714.985,156.55100000000002,39.156666666666666,1.52,0,30.9552168258138
01.06.2030 21:00,8.08,84.537,53.08,,84.9175,644.91,256.199,40.2825,1.52,0,28.7903056787153
01.06.2030 22:00,8.08,76.787,53.08,,79.93,547.3599999999999,28.673,47.91333333333333,1.52,0,26.5889226909071
01.06.2030 23:00,8.04,64.011,53.08,,88.2775,540.5725,0.154,59.82,1.52,0,19.1574623695758
02.06.2030 00:00,8.04,63.569,53.08,,78.875,446.18,53.312,46.9,4.02,0,17.1141743839834
02.06.2030 01:00,8.35,55.336,53.08,,84.9375,360.15,27.065,53.1175,4.02,0,10.0381541399488
02.06.2030 02:00,8.35,55.336,53.08,,97.3275,489.8425,0.105,324.84000000000003,4.02,0,9.72846291884508
02.06.2030 03:00,8.35,55.336,53.08,,98.2425,434.0675,1.579,465.3733333333334,4.02,0,9.24867583395559
02.06.2030 04:00,8.35,55.336,53.08,,107.1025,567.66,199.998,45.403333333333336,4.23,0,8.7777303973834
02.06.2030 05:00,8.35,55.469,53.08,,110.825,587.2475,0.013,48.53,4.23,0,8.63828558797496
02.06.2030 06:00,8.35,62.627,53.08,,125.85,1170.9225,0.283,70.36500000000001,4.23,0,7.85966611962278
02.06.2030 07:00,8.54,55.336,53.08,,105.09,1215.2175,90.737,53.34,4.23,0,6.74796127965267
02.06.2030 08:00,8.7,13.49,53.08,,84.0325,1274.225,70.96300000000001,26.95,63.66,0,0.0963530179933843
02.06.2030 09:00,8.91,0.0,53.08,,76.4975,1271.03,54.692,0.6725000000000003,63.66,0,0.0809181873426964
02.06.2030 10:00,8.91,0.0,53.08,,69.74249999999999,1174.9375,17.338,-5.58,63.66,0,0.158942786026222
02.06.2030 11:00,8.91,0.0,53.08,,80.4875,1165.4225,0.0,,63.66,0,0.24451757303292
02.06.2030 12:00,8.91,0.0,53.08,,67.7525,1183.5275,1.333,4.98,71.12,0,0.0
02.06.2030 13:00,8.91,0.0,53.08,,56.445,1043.505,0.001,40.95,71.12,0,0.0
02.06.2030 14:00,8.91,0.0,53.08,,84.025,1197.585,0.0,,71.12,0,0.0
02.06.2030 15:00,8.7,0.0,53.08,,100.4075,1185.205,0.009,,71.12,0,0.0
02.06.2030 16:00,8.54,2.359,53.08,,125.8025,1402.325,1.534,93.45,27.45,0,0.0
02.06.2030 17:00,8.4,31.096,53.08,,178.85000000000002,1258.575,0.189,119.545,27.45,0,0.0
02.06.2030 18:00,8.4,62.627,53.08,,274.04,905.855,4.251,94.02,27.45,0,16.4128615845451
02.06.2030 19:00,8.4,78.591,53.08,,268.5125,801.0975,8.839,90.29,27.45,0,20.9216423805258
02.06.2030 20:00,8.4,78.591,53.08,,174.9075,730.6175000000001,14.975,91.12,1.34,0,20.8659920533145
02.06.2030 21:00,8.4,78.592,53.08,,124.2775,675.14,14.694,72.295,1.34,0,21.5872884124314
02.06.2030 22:00,8.4,78.593,53.08,,141.935,677.0799999999999,0.861,96.17333333333332,1.34,0,25.890346713368
02.06.2030 23:00,8.35,78.591,53.08,,149.54,589.81,0.003,,1.34,0,27.4872143819812
03.06.2030 00:00,8.35,67.745,53.08,,128.66750000000002,409.03,0.024,109.17,3.4,0,29.405601512069
03.06.2030 01:00,8.35,67.745,53.08,,128.2475,400.49,1.404,62.86,3.4,0,23.1069550679304
03.06.2030 02:00,8.35,67.745,53.08,,132.3475,399.495,3.899,75.4325,3.4,0,16.8323683314666
03.06.2030 03:00,8.35,67.745,53.08,,137.01999999999998,655.505,15.294,122.525,3.4,0,17.4986626402652
03.06.2030 04:00,8.35,67.063,53.08,,175.1825,856.2975,8.577,248.94,3.34,0,17.3302704229131
03.06.2030 05:00,8.35,53.469,53.08,,154.0575,1079.5125,21.588,248.33500000000004,3.34,0,12.1134753298881
03.06.2030 06:00,8.35,16.625,53.08,,89.5625,1255.08,1.0699999999999998,50.23,3.34,0,0.0
03.06.2030 07:00,8.54,14.354,53.08,,61.0275,1567.565,0.014,164.36,3.34,0,0.0
03.06.2030 08:00,8.7,0.0,53.08,,21.065,1175.3425,26.99,-0.6825000000000001,42.12,0,0.0
03.06.2030 09:00,8.91,0.0,53.08,,1.9350000000000005,909.96,48.737,-24.6275,42.12,0,0.0
03.06.2030 10:00,8.91,0.0,53.08,,-12.1725,946.6225,11.663,73.365,42.12,0,0.0
03.06.2030 11:00,8.91,-20.1913425748359,53.08,,-19.795,764.7674999999999,30.102,-30.64,42.12,0,0.0
03.06.2030 12:00,8.91,-37.3673616552555,53.08,,-33.1625,836.315,114.873,-65.33500000000001,75.25,0,0.0
03.06.2030 13:00,8.91,0.0,53.08,,-35.935,1108.4625,18.145,86.4825,75.25,0,0.0
03.06.2030 14:00,8.91,0.0,53.08,,-20.625,1212.8125,0.0,219.85333333333327,75.25,0,0.0
03.06.2030 15:00,8.7,-15.8125020302291,53.08,,41.64,1238.28,59.278,84.73,75.25,0,0.0
03.06.2030 16:00,8.54,0.0,53.08,,83.70249999999999,1202.3,57.727,8.735,26.48,0,0.0
03.06.2030 17:00,8.4,17.713,53.08,,125.135,1151.035,0.009,87.64,26.48,0,0.0
03.06.2030 18:00,8.4,67.745,53.08,,209.88,995.76,0.0,90.0,26.48,0,19.2143559406536
03.06.2030 19:00,8.4,76.786,53.08,,178.885,1035.855,2.943,118.16,26.48,0,27.8450903994752
03.06.2030 20:00,8.4,76.786,53.08,,104.2625,872.0275,50.409,46.00666666666667,1.82,0,29.6080616392842
03.06.2030 21:00,8.4,76.787,53.08,,74.03999999999999,684.9325,91.747,32.76,1.82,0,31.8242047477463
03.06.2030 22:00,8.4,76.788,53.08,,67.675,713.205,23.894,39.7475,1.82,0,34.4636575355235
03.06.2030 23:00,8.35,76.788,53.08,,55.685,736.0675,22.68,28.69,1.82,0,39.743216772979
04.06.2030 00:00,8.35,76.06,53.08,,62.4175,645.13,0.003,535.59,3.15,0,39.8113076740143
04.06.2030 01:00,8.35,74.384,53.08,,71.4875,554.3075,0.237,404.53,3.15,0,43.5965870364341
04.06.2030 02:00,8.35,74.384,53.08,,75.295,616.1025,0.012,329.46500000000003,3.15,0,42.6594672590482
04.06.2030 03:00,8.35,74.384,53.08,,84.53,693.685,2.46,80.95,3.15,0,44.7307653924511
04.06.2030 04:00,8.35,74.384,53.08,,92.55,786.2525,3.678,70.535,3.06,0,43.6815984863786
04.06.2030 05:00,8.35,69.782,53.08,,105.905,745.755,0.271,54.5,3.06,0,37.6434634064385
04.06.2030 06:00,8.35,52.289,53.08,,86.70750000000001,1025.4675,2.234,62.1,3.06,0,16.6529418597612
04.06.2030 07:00,8.54,27.362,53.08,,92.315,1251.8000000000002,0.005,100.94,3.06,0,9.84280241307211
04.06.2030 08:00,8.7,23.224,53.08,,76.05250000000001,1456.99,35.337,102.7875,33.43,0,4.67834508311077
04.06.2030 09:00,8.91,23.224,53.08,,49.945,1173.23,37.018,35.3675,33.43,0,4.18506829449364
04.06.2030 10:00,8.91,23.224,53.08,,27.0675,937.29,1.085,38.19,33.43,0,3.85814081656683
04.06.2030 11:00,8.91,23.224,53.08,,29.7525,1021.1975,0.0,,33.43,0,3.74743023790398
04.06.2030 12:00,8.91,23.224,53.08,,20.8975,1080.5625,38.009,36.586666666666666,66.4,0,3.65833052814428
04.06.2030 13:00,8.91,23.224,53.08,,10.0175,1223.225,83.58500000000001,10.2725,66.4,0,3.76036184087664
04.06.2030 14:00,8.91,23.462,53.08,,30.405,1180.9825,78.941,24.085,66.4,0,4.02740381299095
04.06.2030 15:00,8.7,25.119,53.08,,59.2625,1251.745,1.508,44.46333333333333,66.4,0,7.29124536803824
04.06.2030 16:00,8.54,55.053,53.08,,93.4975,1173.8475,7.571,35.96333333333333,21.81,0,13.5531659991226
04.06.2030 17:00,8.4,74.537,53.08,,98.0325,936.33,3.291,81.11500000000001,21.81,0,37.6632300708094
04.06.2030 18:00,8.4,77.73,53.08,,119.1675,752.4125,17.494,65.43,21.81,0,40.1286966538567
04.06.2030 19:00,8.4,78.591,53.08,,119.665,745.01,0.707,88.275,21.81,0,41.7386206657692
04.06.2030 20:00,8.4,78.591,53.08,,98.1075,750.55,136.215,63.485,1.33,0,42.7708112358026
04.06.2030 21:00,8.4,78.592,53.08,,92.025,544.7775,21.072,68.37,1.33,0,44.3533773141646
04.06.2030 22:00,8.4,78.592,53.08,,93.375,445.4175,12.05,65.80333333333333,1.33,0,46.1068165403392
04.06.2030 23:00,8.35,77.73,53.08,,86.64,451.8175,17.777,68.745,1.33,0,50.4249079982318
05.06.2030 00:00,8.35,77.73,53.08,,76.1575,452.0775,24.333,53.845,2.8,0,54.867352633854
05.06.2030 01:00,8.35,77.995,53.08,,75.3875,426.355,1.713,73.16999999999999,2.8,0,57.620779593278
05.06.2030 02:00,8.35,77.995,53.08,,81.06,393.8125,3.838,51.51,2.8,0,56.1068858537593
05.06.2030 03:00,8.35,77.995,53.08,,82.75999999999999,428.54,30.478,69.56,2.8,0,53.5599318977663
05.06.2030 04:00,8.35,78.92,53.08,,91.26,495.3525,228.327,35.465,4.38,0,51.6853682116816
05.06.2030 05:00,8.35,80.12,53.08,,92.465,761.8275,0.156,65.21,4.38,0,45.5166889720287
05.06.2030 06:00,8.35,80.121,53.08,,97.9325,842.9124999999999,0.065,72.84,4.38,0,40.4177003999368
05.06.2030 07:00,8.54,80.121,53.08,,72.3575,1011.87,101.885,33.38,4.38,0,37.1730763610287
05.06.2030 08:00,8.7,77.995,53.08,,50.875,997.7225,87.532,31.4325,53.55,0,31.7094369800945
05.06.2030 09:00,8.91,70.2,53.08,,48.3125,971.1775,51.776,18.87666666666667,53.55,0,17.9121306669572
05.06.2030 10:00,8.91,67.89,53.08,,35.295,935.025,449.837,5.007499999999999,53.55,0,16.1201913506661
05.06.2030 11:00,8.91,67.89,53.08,,34.197500000000005,1088.4975,88.676,15.6775,53.55,0,16.3812336025085
05.06.2030 12:00,8.91,67.891,53.08,,39.1875,1053.9625,13.919,30.1025,137.18,0,16.1847256213765
05.06.2030 13:00,8.91,67.892,53.08,,37.9875,1170.65,31.841,22.665,137.18,0,15.8438444094803
05.06.2030 14:00,8.91,67.892,53.08,,68.7875,1139.985,2.817,59.14,137.18,0,16.4828203470974
05.06.2030 15:00,8.7,68.644,53.08,,86.325,1295.275,268.773,-4.5025,137.18,0,16.6387938400026
05.06.2030 16:00,8.54,73.486,53.08,,138.405,1372.845,38.06,10.7,20.98,0,17.6988238620996
05.06.2030 17:00,8.4,76.519,53.08,,156.0425,1489.465,293.787,6.8475,20.98,0,19.5905725895758
05.06.2030 18:00,8.4,78.59,53.08,,146.10500000000002,1103.105,21.772,21.32,20.98,0,19.9245122407323
05.06.2030 19:00,8.4,78.591,53.08,,127.5725,974.9825,2.403,86.6,20.98,0,21.6058620874329
05.06.2030 20:00,8.4,78.591,53.08,,93.73,902.96,29.823,57.57333333333333,1.71,0,22.7463799167803
05.06.2030 21:00,8.4,77.158,53.08,,75.27,707.4525,53.081,54.045,1.71,0,22.5917241200467
05.06.2030 22:00,8.4,76.519,53.08,,72.735,728.1975,39.024,47.84666666666667,1.71,0,22.1193726616452
05.06.2030 23:00,8.35,73.918,53.08,,57.2175,581.2425000000001,206.99,9.616666666666664,1.71,0,15.8255807404572
06.06.2030 00:00,8.35,73.486,53.08,,45.3975,600.49,194.544,6.140000000000001,4.2,0,10.9091911967611
06.06.2030 01:00,8.35,67.745,53.08,,34.36,550.4300000000001,191.232,12.725,4.2,0,11.1029112042425
06.06.2030 02:00,8.35,60.473,53.08,,23.2275,549.665,217.078,-7.0,4.2,0,11.3587626213262
06.06.2030 03:00,8.35,60.473,53.08,,13.185,553.4375,29.281,31.9575,4.2,0,11.490391535168
06.06.2030 04:00,8.35,68.286,53.08,,13.2075,566.76,21.148,22.8225,3.64,0,11.525988434583
06.06.2030 05:00,8.35,68.441,53.08,,4.6325,722.8925,34.767999999999994,19.23,3.64,0,10.6042684457619
06.06.2030 06:00,8.35,68.442,53.08,,-4.4225,978.5675,28.109,-2.0650000000000004,3.64,0,9.41375143450269
06.06.2030 07:00,8.54,22.597,53.08,,-11.32,963.945,19.487,1.1575000000000002,3.64,0,0.22967842474672
06.06.2030 08:00,8.7,19.309,53.08,,-4.16,920.3675,154.647,-106.1475,47.0,0,0.199959904438988
06.06.2030 09:00,8.91,19.309,53.08,,-2.68,888.235,33.52,-13.985,47.0,0,0.194940939111629
06.06.2030 10:00,8.91,19.309,53.08,,-4.9325,756.4675,11.945,-8.165,47.0,0,0.222042375305368
06.06.2030 11:00,8.91,19.309,53.08,,-5.0925,721.4825000000001,31.788,-3.7175,47.0,0,0.332340394139674
06.06.2030 12:00,8.91,19.309,53.08,,-3.4975,806.78,7.417,-1.0850000000000004,90.3,0,0.191219796069655
06.06.2030 13:00,8.91,19.309,53.08,,-3.16,887.3775,38.684,-17.927500000000002,90.3,0,0.183691598024014
06.06.2030 14:00,8.91,19.309,53.08,,-0.7624999999999997,936.8775,147.028,-65.74,90.3,0,0.188127044292126
06.06.2030 15:00,8.7,19.337,53.08,,10.175,1369.0425,103.191,-50.5425,90.3,0,0.192589827737002
06.06.2030 16:00,8.54,21.787,53.08,,83.5175,1411.045,143.836,-55.2475,31.43,0,0.221162230843178
06.06.2030 17:00,8.4,73.024,53.08,,172.49,1319.6975,50.67,-26.55,31.43,0,19.81927603882
06.06.2030 18:00,8.4,85.885,53.08,,238.74,1102.9225,19.739,4.7925,31.43,0,48.4219403415121
06.06.2030 19:00,8.4,113.36,53.08,,213.365,1033.065,37.85,56.175,31.43,0,65.8468417112528
06.06.2030 20:00,8.4,113.361,53.08,,113.87,761.5675,22.01,73.85666666666667,1.38,0,67.8325048996424
06.06.2030 21:00,8.4,113.362,53.08,,93.1725,719.26,0.081,83.22333333333334,1.38,0,74.3919061433538
06.06.2030 22:00,8.4,95.725,53.08,,88.9,680.5975000000001,1.255,82.5375,1.38,0,75.936550216912
06.06.2030 23:00,8.35,80.512,53.08,,89.4725,640.46,40.423,42.70333333333334,1.38,0,60.9995793011582
07.06.2030 00:00,8.35,76.47,53.08,,91.2225,478.965,0.452,137.06,2.93,0,52.0805223216919
07.06.2030 01:00,8.06,74.872,53.08,,97.42,483.2525,0.812,65.1,2.93,0,54.1416065995809
07.06.2030 02:00,8.06,74.872,53.08,,99.995,357.0925,26.959,65.1,2.93,0,49.6735565091706
07.06.2030 03:00,8.06,74.872,53.08,,98.2,363.05,0.299,82.67,2.93,0,46.570022666586
07.06.2030 04:00,8.06,74.872,53.08,,87.63,426.51,0.8140000000000001,79.71000000000001,3.19,0,34.8865591058325
07.06.2030 05:00,8.06,74.872,53.08,,85.5075,561.93,0.015,85.2,3.19,0,25.429985411783
07.06.2030 06:00,8.06,74.872,53.08,,85.6875,800.2775,0.056,77.88,3.19,0,21.8382676796965
07.06.2030 07:00,8.19,73.486,53.08,,71.3175,914.8275,14.524,99.3775,3.19,0,20.6525447006154
07.06.2030 08:00,8.28,54.191,53.08,,35.5475,973.38,203.042,-8.655,37.88,0,10.9186151588017
07.06.2030 09:00,8.41,52.48,53.08,,18.14,1011.935,160.522,-11.8525,37.88,0,9.68599726029495
07.06.2030 10:00,8.41,20.0,53.08,,-1.2050000000000003,961.885,13.891,31.0475,37.88,0,2.90489255860334
07.06.2030 11:00,8.41,20.0,53.08,,-3.17,868.6025,23.048,23.655,37.88,0,2.84807406759237
07.06.2030 12:00,8.41,19.634,53.08,,11.935,948.2625,0.0,60.065,78.14,0,2.87645651440095
07.06.2030 13:00,8.41,20.001,53.08,,18.2225,842.11,48.871,6.806666666666668,78.14,0,3.00589241773357
07.06.2030 14:00,8.41,27.412,53.08,,32.6025,929.9925,9.925999999999998,201.07,78.14,0,9.91089060967399
07.06.2030 15:00,8.28,53.773,53.08,,68.01,1283.0125,0.026,57.195,78.14,0,10.5552127686677
07.06.2030 16:00,8.19,73.486,53.08,,90.41,1253.395,1.52,40.99,30.49,0,18.0560958746381
07.06.2030 17:00,8.1,76.434,53.08,,118.5675,1032.92,3.084,292.91,30.49,0,20.1603077477124
07.06.2030 18:00,8.1,80.998,53.08,,116.7575,1039.0375,9.433,100.0,30.49,0,25.1346524319029
07.06.2030 19:00,8.1,82.956,53.08,,120.5225,767.3225,41.352,57.3225,30.49,0,29.2216336767255
07.06.2030 20:00,8.1,82.957,53.08,,112.7725,716.8175,0.279,104.24,1.34,0,28.3007920546024
07.06.2030 21:00,8.1,82.958,53.08,,93.3925,605.9725000000001,30.143,100.91666666666669,1.34,0,30.5697566379304
07.06.2030 22:00,8.1,82.958,53.08,,84.28,699.215,73.751,72.1075,1.34,0,38.0584602953425
07.06.2030 23:00,8.06,79.465,53.08,,72.4825,604.5725,75.739,1.1850000000000005,1.34,0,38.7174280187167
08.06.2030 00:00,8.06,76.434,53.08,,59.3725,744.455,58.513,17.072499999999998,3.38,0,40.7901121783197
08.06.2030 01:00,8.04,82.962,53.08,,36.215,609.61,64.203,9.239999999999998,3.38,0,61.634636722129
08.06.2030 02:00,8.04,82.516,53.08,,6.244999999999999,476.5225,55.96,-13.155,3.38,0,62.6986392232638
08.06.2030 03:00,8.04,82.516,53.08,,-6.2475000000000005,398.15,34.545,-19.77,3.38,0,64.8811451238725
08.06.2030 04:00,8.04,81.222,53.08,,-11.615000000000002,504.9175,64.269,-32.487500000000004,4.88,0,62.5462517150611
08.06.2030 05:00,8.04,78.592,53.08,,-15.5575,593.5475,4.01,15.2875,4.88,0,54.8033078134139
08.06.2030 06:00,8.04,78.592,53.08,,-11.66,745.0,4.428,32.59,4.88,0,43.003981493911
08.06.2030 07:00,8.17,64.986,53.08,,-3.51,821.7375,24.761,26.045,4.88,0,20.7731752398832
08.06.2030 08:00,8.27,28.439,53.08,,-2.69,801.665,4.042,6.09,58.65,0,0.0
08.06.2030 09:00,8.39,15.48,53.08,,-4.975,699.9225,5.338,1.89,58.65,0,0.0
08.06.2030 10:00,8.39,14.799,53.08,,-9.72,822.1424999999999,51.402,-16.785,58.65,0,0.0
08.06.2030 11:00,8.39,14.799,53.08,,-30.805,707.4225,17.816,0.4349999999999996,58.65,0,0.0
08.06.2030 12:00,8.39,14.799,53.08,,-45.5,543.775,16.378,9.46,122.11,0,0.0
08.06.2030 13:00,8.39,14.799,53.08,,-46.0,587.235,8.63,14.9125,122.11,0,0.0
08.06.2030 14:00,8.39,15.651,53.08,,-35.83,721.2225,16.549,11.335,122.11,0,0.0
08.06.2030 15:00,8.27,28.646,53.08,,-17.907500000000002,886.04,0.377,63.59,122.11,0,0.0
08.06.2030 16:00,8.17,42.485,53.08,,-6.9275,824.135,8.997,20.145,51.0,0,10.4454970465675
08.06.2030 17:00,8.08,68.389,53.08,,-8.8125,1105.26,25.66,74.45750000000001,51.0,0,19.6633799257535
08.06.2030 18:00,8.08,68.39,53.08,,4.085,1083.635,140.926,-61.15,51.0,0,19.9355005371839
08.06.2030 19:00,8.08,68.39,53.08,,14.625,642.365,1.165,18.875,51.0,0,20.3693554579144
08.06.2030 20:00,8.08,63.445,53.08,,9.44,725.18,131.85399999999998,-24.3325,1.9,0,21.1182841085652
08.06.2030 21:00,8.08,42.472,53.08,,-1.9375,634.4225,102.244,-7.035,1.9,0,10.0324013597379
08.06.2030 22:00,8.08,16.876,53.08,,-5.4375,575.2925,77.233,-9.6825,1.9,0,0.0
08.06.2030 23:00,8.04,15.507,53.08,,-6.2575,485.09,16.872,24.22,1.9,0,0.0
09.06.2030 00:00,8.04,15.353,53.08,,-6.735,452.38,213.313,-30.4975,4.19,0,0.0
09.06.2030 01:00,8.35,15.488,53.08,,-6.7625,546.0775,46.374,-5.66,4.19,0,0.0
09.06.2030 02:00,8.35,15.651,53.08,,-2.98,457.9925,3.882,156.6125,4.19,0,0.0
09.06.2030 03:00,8.35,15.651,53.08,,0.7599999999999999,432.8325,6.955,16.2625,4.19,0,0.0
09.06.2030 04:00,8.35,15.651,53.08,,2.225,520.035,21.966,7.8475,7.38,0,0.0
09.06.2030 05:00,8.35,16.603,53.08,,-4.295,551.645,91.567,-45.1275,7.38,0,0.0
09.06.2030 06:00,8.35,15.779,53.08,,-4.427499999999999,778.64,1.718,39.3175,7.38,0,0.0
09.06.2030 07:00,8.54,14.376,53.08,,-2.545,805.1975,113.719,-42.39,7.38,0,0.0
09.06.2030 08:00,8.7,0.0,53.08,,-2.6775,633.4275,174.674,-74.28,45.92,0,0.0
09.06.2030 09:00,8.91,0.0,53.08,,-6.449999999999999,467.5575,301.633,-91.1225,45.92,0,0.0
09.06.2030 10:00,8.91,-8.19319508085984,53.08,,-22.0875,729.53,137.544,-27.3225,45.92,0,0.104871890529866
09.06.2030 11:00,8.91,-7.38645703472742,53.08,,-23.65,712.2425000000001,5.178000000000001,-4.200000000000001,45.92,0,0.155697849745559
09.06.2030 12:00,8.91,-20.1482754538431,53.08,,-13.6025,785.765,56.260000000000005,-41.7125,89.99,0,0.0
09.06.2030 13:00,8.91,-0.495133037758635,53.08,,-2.4775,741.9025,15.771,-1.8833333333333333,89.99,0,0.0
09.06.2030 14:00,8.91,0.0,53.08,,-3.3925,879.7475,10.085,18.7425,89.99,0,0.0
09.06.2030 15:00,8.7,-6.75172146773608,53.08,,1.6925000000000008,1230.87,22.236,8.096666666666666,89.99,0,0.0
09.06.2030 16:00,8.54,0.0,53.08,,57.705,1189.84,107.56,-15.29,35.46,0,0.0
09.06.2030 17:00,8.4,13.621,53.08,,84.35,1017.6625,94.888,-32.02,35.46,0,0.0
09.06.2030 18:00,8.4,15.845,53.08,,121.8775,808.9175,0.0,,35.46,0,0.0
09.06.2030 19:00,8.4,20.982,53.08,,145.6125,690.03,0.404,103.11,35.46,0,0.0
09.06.2030 20:00,8.4,20.982,53.08,,133.975,789.8225,4.989,94.845,1.46,0,0.0
09.06.2030 21:00,8.4,20.982,53.08,,94.2975,569.015,6.816000000000001,85.69,1.46,0,0.0
09.06.2030 22:00,8.4,20.982,53.08,,82.5825,673.495,35.858,57.315,1.46,0,0.0
09.06.2030 23:00,8.35,15.914,53.08,,63.55,750.99,116.628,36.9725,1.46,0,0.0
10.06.2030 00:00,8.35,15.623,53.08,,53.275,537.675,176.137,28.3225,3.08,0,0.0
10.06.2030 01:00,8.35,14.882,53.08,,41.3825,585.935,465.667,-1.1849999999999996,3.08,0,0.0
10.06.2030 02:00,8.35,14.376,53.08,,35.8225,536.0325,215.376,2.5475,3.08,0,0.0
10.06.2030 03:00,8.35,13.993,53.08,,37.82,561.0025,69.154,39.8925,3.08,0,0.0
10.06.2030 04:00,8.35,13.747,53.08,,61.045,512.9100000000001,2.284,58.205,4.38,0,0.0
10.06.2030 05:00,8.35,2.403,53.08,,53.515,781.1,163.652,20.485,4.38,0,0.0
10.06.2030 06:00,8.35,0.0,53.08,,56.447500000000005,1084.0925,4.791,68.47,4.38,0,0.0
10.06.2030 07:00,8.54,0.0,53.08,,38.1275,1173.425,7.69,54.13,4.38,0,0.0
10.06.2030 08:00,8.7,-36.1234539550581,53.08,,18.085,1120.01,4.052,53.44,34.95,0,0.0
10.06.2030 09:00,8.91,-45.1281985296647,53.08,,14.88,999.53,9.829,12.996666666666664,34.95,0,0.0
10.06.2030 10:00,8.91,-60.4493208533589,53.08,,-2.2,986.9475,87.744,-20.0225,34.95,0,0.0
10.06.2030 11:00,8.91,-39.7359801651665,53.08,,-0.1024999999999998,830.03,1.319,66.94749999999999,34.95,0,0.0
10.06.2030 12:00,8.91,-45.9806414497421,53.08,,-0.3,624.5725,0.41,46.655,76.41,0,0.0
10.06.2030 13:00,8.91,-46.3861335330049,53.08,,12.982500000000002,755.015,0.0,89.9,76.41,0,0.0
10.06.2030 14:00,8.91,-32.4492855523635,53.08,,40.65,1019.225,0.0,89.57333333333334,76.41,0,0.0
10.06.2030 15:00,8.7,-32.4652510040333,53.08,,61.715,1013.7475,4.353,63.193333333333335,76.41,0,0.0
10.06.2030 16:00,8.54,-6.15155899725902,53.08,,64.86,919.9475,48.723,24.0075,28.8,0,0.0
10.06.2030 17:00,8.4,0.0,53.08,,76.1675,563.3725,163.48600000000002,6.7925,28.8,0,0.0
10.06.2030 18:00,8.4,14.855,53.08,,74.925,190.5275,91.572,27.57,28.8,0,0.0
10.06.2030 19:00,8.4,18.979,53.08,,81.8975,77.84333333333333,241.63,29.815,28.8,0,0.0
10.06.2030 20:00,8.4,21.156,53.08,,85.3625,297.49,285.147,25.5725,1.28,0,0.0
10.06.2030 21:00,8.4,21.157,53.08,,77.19,520.5025,44.577,80.40333333333334,1.28,0,0.0
10.06.2030 22:00,8.4,21.157,53.08,,80.2075,556.5550000000001,84.173,52.53,1.28,0,0.0
10.06.2030 23:00,8.35,21.157,53.08,,73.765,525.4175,179.637,-3.56,1.28,0,0.0
11.06.2030 00:00,8.35,21.156,53.08,,77.1225,362.1525,10.879,38.995,2.83,0,0.0
11.06.2030 01:00,8.35,20.47,53.08,,72.0375,335.9775,28.692,22.692500000000003,2.83,0,0.0
11.06.2030 02:00,8.35,20.47,53.08,,77.19749999999999,446.7175,2.226,46.785,2.83,0,0.0
11.06.2030 03:00,8.35,20.106,53.08,,87.5775,498.6575,142.87,4.217499999999999,2.83,0,0.0
11.06.2030 04:00,8.35,20.106,53.08,,100.7575,619.385,5.924,77.6325,3.41,0,0.0
11.06.2030 05:00,8.35,20.0,53.08,,103.39,639.5975,1.885,87.1575,3.41,0,0.0
11.06.2030 06:00,8.35,17.762,53.08,,108.27,935.2275,96.927,44.836666666666666,3.41,0,0.0
11.06.2030 07:00,8.54,15.651,53.08,,70.15,1088.06,268.449,0.4800000000000004,3.41,0,0.0
11.06.2030 08:00,8.7,0.0,53.08,,33.765,1048.065,20.275,32.165,38.88,0,0.0
11.06.2030 09:00,8.91,0.0,53.08,,4.447499999999999,890.805,52.981,4.6625,38.88,0,0.0
11.06.2030 10:00,8.91,0.0,53.08,,-0.1425,915.595,16.156,12.5225,38.88,0,0.0
11.06.2030 11:00,8.91,0.0,53.08,,-12.4525,856.3924999999999,6.72,26.19,38.88,0,0.0
11.06.2030 12:00,8.91,0.0,53.08,,-12.4675,712.2175,17.634,17.235,89.28,0,0.0
11.06.2030 13:00,8.91,0.0,53.08,,-10.87,755.3975,16.255,11.03,89.28,0,0.0
11.06.2030 14:00,8.91,14.376,53.08,,1.6875,1008.875,119.416,-4.8725000000000005,89.28,0,0.0
11.06.2030 15:00,8.7,16.635,53.08,,50.3425,1098.49,64.146,-0.25,89.28,0,0.0
11.06.2030 16:00,8.54,46.542,53.08,,80.4625,1266.685,27.463,-4.503333333333334,24.73,0,5.16118471601169
11.06.2030 17:00,8.4,80.971,53.08,,120.7325,960.6025,1.036,22.4975,24.73,0,33.2511131913921
11.06.2030 18:00,8.4,106.7403787182,53.08,,196.0375,853.79,0.339,68.08,24.73,0,76.9225848352187
11.06.2030 19:00,8.4,117.636838823025,53.08,,209.37,796.4725,2.551,64.65,24.73,0,94.5107656614005
11.06.2030 20:00,8.4,124.384460993708,53.08,,122.3475,723.8225,78.787,42.1525,1.14,0,94.8519547363791
11.06.2030 21:00,8.4,122.949182887818,53.08,,96.05,650.71,53.642,40.5925,1.14,0,97.4829510841911
11.06.2030 22:00,8.4,115.41374216894,53.08,,90.0375,381.175,41.996,35.5075,1.14,0,113.108409925256
11.06.2030 23:00,8.35,98.8987854283701,53.08,,91.255,312.5975,21.25,54.65,1.14,0,122.76630707777
12.06.2030 00:00,8.35,96.9223120442128,53.08,,89.595,314.95,16.282,45.04,2.49,0,131.759398640979
12.06.2030 01:00,8.35,92.2959703653394,53.08,,75.81,421.765,96.315,35.9025,2.49,0,135.497306203582
12.06.2030 02:00,8.35,91.8460191555639,53.08,,79.395,400.0725,6.533,68.66,2.49,0,130.859384778147
12.06.2030 03:00,8.35,92.6961701565189,53.08,,83.19,434.2,0.0,,2.49,0,116.078619816105
12.06.2030 04:00,8.35,94.7188228960155,53.08,,104.94,547.5550000000001,25.696,39.336666666666666,2.8,0,110.774001426051
12.06.2030 05:00,8.35,96.4303306607052,53.08,,95.8825,736.915,9.89,58.045,2.8,0,87.7062503108127
12.06.2030 06:00,8.35,96.6013807052619,53.08,,82.92,1212.0425,2.283,61.14,2.8,0,66.9002921258932
12.06.2030 07:00,8.54,90.6261799848606,53.08,,39.760000000000005,1325.715,22.92,25.25333333333333,2.8,0,46.6777982562396
12.06.2030 08:00,8.7,79.6093600528427,53.08,,-0.4149999999999991,851.0425,238.509,-15.305,35.23,0,20.0010994862402
12.06.2030 09:00,8.91,61.6910241985451,53.08,,-0.2599999999999998,799.0775,182.208,-5.895,35.23,0,14.9888630550322
12.06.2030 10:00,8.91,58.5665340189238,53.08,,-8.5925,791.4775,2.97,31.5375,35.23,0,14.1042587649613
12.06.2030 11:00,8.91,61.3896713530664,53.08,,-17.134999999999998,665.7574999999999,27.471,19.555,35.23,0,15.329906360504
12.06.2030 12:00,8.91,60.7946765104671,53.08,,-21.9875,715.9725,31.953,25.54,79.1,0,15.7690284826551
12.06.2030 13:00,8.91,61.5065777767115,53.08,,-8.969999999999999,697.1775,3.249,-1.81,79.1,0,16.1078218995431
12.06.2030 14:00,8.91,67.8615423895134,53.08,,-0.8925000000000001,781.6425,0.251,,79.1,0,19.2029579558589
12.06.2030 15:00,8.7,74.1169436007664,53.08,,22.95,1077.635,44.454,-0.6575000000000002,79.1,0,20.5404729276974
12.06.2030 16:00,8.54,90.519,53.08,,72.69500000000001,1202.325,163.638,-21.995,29.87,0,43.5064424151954
12.06.2030 17:00,8.4,99.3285960804898,53.08,,113.9225,1152.3175,54.916,6.029999999999999,29.87,0,63.6305179839178
12.06.2030 18:00,8.4,107.602664978981,53.08,,150.45499999999998,967.63,14.049,52.39,29.87,0,75.9432218479224
12.06.2030 19:00,8.4,110.397283645639,53.08,,172.0725,1054.8225,0.0,,29.87,0,85.409985380305
12.06.2030 20:00,8.4,114.258924212657,53.08,,112.19,910.8525,194.788,25.92,1.37,0,84.7177494933769
12.06.2030 21:00,8.4,110.652384764471,53.08,,83.8025,707.7925,23.176,44.88,1.37,0,91.4463948825127
12.06.2030 22:00,8.4,105.267384268669,53.08,,76.1575,475.61,40.217,81.16250000000001,1.37,0,97.1329021456827
12.06.2030 23:00,8.35,95.4613469202037,53.08,,78.0575,393.5925,7.199,49.2975,1.37,0,94.8963408021495
13.06.2030 00:00,8.35,92.4535707096414,53.08,,78.9725,313.145,5.936,23.22,3.14,0,101.754929419577
13.06.2030 01:00,8.35,94.7755078048203,53.08,,76.295,313.2075,77.059,14.8375,3.14,0,99.7196134123945
13.06.2030 02:00,8.35,94.2596434906321,53.08,,75.2825,406.2025,16.584,40.79,3.14,0,98.0324058630114
13.06.2030 03:00,8.35,94.4880588807575,53.08,,81.59,432.1525,18.287,30.475,3.14,0,98.06927470854
13.06.2030 04:00,8.35,100.025180573983,53.08,,94.99,465.205,7.005,35.93,2.67,0,94.0617613048412
13.06.2030 05:00,8.35,104.415338697076,53.08,,97.3975,686.855,58.854,54.56,2.67,0,85.5326791468572
13.06.2030 06:00,8.35,103.922723609834,53.08,,80.85249999999999,917.8225,53.817,39.855,2.67,0,71.9959619386458
13.06.2030 07:00,8.54,90.1398533033578,53.08,,48.035,1034.2425,113.756,9.24,2.67,0,45.5879035908881
13.06.2030 08:00,8.7,80.9528373362611,53.08,,12.315,811.4275,125.463,-2.995,35.95,0,19.9340970678026
13.06.2030 09:00,8.91,68.6093242942367,53.08,,8.9225,845.2475,304.254,-37.9725,35.95,0,16.5365337175005
13.06.2030 10:00,8.91,60.8620826986117,53.08,,1.6075,645.665,22.467,20.0525,35.95,0,14.9817849857673
13.06.2030 11:00,8.91,59.2839994753078,53.08,,-1.4125,619.115,2.096,3.452500000000001,35.95,0,16.0200115393646
13.06.2030 12:00,8.91,57.8758878059695,53.08,,-2.715,554.6175000000001,6.716,22.3675,76.9,0,16.1599093493234
13.06.2030 13:00,8.91,58.1710883049145,53.08,,8.21,672.78,3.634,28.0275,76.9,0,16.6979824080653
13.06.2030 14:00,8.91,60.8025949952459,53.08,,25.965000000000003,1042.8625,110.302,4.31,76.9,0,17.6569862922856
13.06.2030 15:00,8.7,67.339378012022,53.08,,66.06,1172.785,172.30599999999998,-0.6975,76.9,0,18.845420461121
13.06.2030 16:00,8.54,79.6529721907264,53.08,,90.9475,1182.0175,114.233,8.5375,28.9,0,23.0177122567359
13.06.2030 17:00,8.4,87.3521667389931,53.08,,209.5675,1021.1425,5.119,32.09,28.9,0,38.0319863917833
13.06.2030 18:00,8.4,96.443,53.08,,184.67,1008.475,5.132,56.93,28.9,0,42.9376487819884
13.06.2030 19:00,8.4,96.444,53.08,,113.0025,834.0,3.893,89.225,28.9,0,44.0744302429917
13.06.2030 20:00,8.4,96.445,53.08,,85.77000000000001,750.2225,395.056,16.47,1.39,0,47.7227443477656
13.06.2030 21:00,8.4,96.446,53.08,,63.6425,664.6800000000001,75.286,54.5975,1.39,0,51.3141312073322
13.06.2030 22:00,8.4,92.286,53.08,,67.2875,603.2725,12.599,72.4825,1.39,0,55.0886237759215
13.06.2030 23:00,8.35,88.0,53.08,,68.175,418.14,1.872,64.4625,1.39,0,59.4774833005608
14.06.2030 00:00,8.35,88.0,53.08,,75.2825,354.975,49.857,17.32,6.3,0,58.5478872002631
14.06.2030 01:00,8.06,87.85,53.08,,81.4925,369.4325,25.682,27.19333333333333,6.3,0,58.4919427859392
14.06.2030 02:00,8.06,85.722,53.08,,82.6525,364.195,25.119,37.23333333333333,6.3,0,52.1862473009863
14.06.2030 03:00,8.06,85.719,53.08,,82.53999999999999,527.0525,0.0,,6.3,0,48.3993857347924
14.06.2030 04:00,8.06,87.301,53.08,,85.625,797.0899999999999,0.01,53.64,6.81,0,49.0627104544367
14.06.2030 05:00,8.06,90.981,53.08,,69.8575,1236.115,1.679,63.46666666666668,6.81,0,51.5468073387435
14.06.2030 06:00,8.06,90.981,53.08,,35.235,1118.8875,8.269,19.066666666666663,6.81,0,45.1259796898209
14.06.2030 07:00,8.19,87.85,53.08,,-2.955,960.41,21.902,5.8325000000000005,6.81,0,36.7777004035345
14.06.2030 08:00,8.28,74.8374123334902,53.08,,0.7675000000000001,887.085,902.529,-271.1,47.39,0,14.7285469645767
14.06.2030 09:00,8.41,66.5157607730947,53.08,,-14.5125,860.9025,46.354,-21.0975,47.39,0,12.7462183979895
14.06.2030 10:00,8.41,62.0548973649747,53.08,,-38.535,703.46,30.944000000000003,-22.47,47.39,0,11.4825583779654
14.06.2030 11:00,8.41,61.6993738787978,53.08,,-55.7275,782.195,4.721,40.3175,47.39,0,11.4205450688592
14.06.2030 12:00,8.41,58.9792528559347,53.08,,-43.54,977.795,2.521,31.47,77.5,0,11.2417840766902
14.06.2030 13:00,8.41,59.8791052854782,53.08,,-14.2975,954.36,2.306,48.7725,77.5,0,11.1228227787249
14.06.2030 14:00,8.41,63.8252201797158,53.08,,1.8100000000000005,907.4925,0.137,54.31,77.5,0,11.7786823933218
14.06.2030 15:00,8.28,69.2988903259814,53.08,,34.182500000000005,1394.33,45.486,24.32,77.5,0,12.8523119407878
14.06.2030 16:00,8.19,80.4080263964718,53.08,,88.3375,1261.9375,23.14,17.895,28.0,0,27.4839770289524
14.06.2030 17:00,8.1,97.8551799327654,53.08,,121.6775,1122.1175,15.462,29.8725,28.0,0,42.8400623428675
14.06.2030 18:00,8.1,122.114599942011,53.08,,173.9125,862.105,0.04,61.44,28.0,0,53.1757219579532
14.06.2030 19:00,8.1,127.062642838195,53.08,,318.89,879.01,0.001,,28.0,0,55.3765794084563
14.06.2030 20:00,8.1,127.512487215252,53.08,,367.2925,933.3475,0.0,,1.19,0,60.1101828178856
14.06.2030 21:00,8.1,127.192967454488,53.08,,168.785,1076.6325,0.019,304.9,1.19,0,63.5724823996684
14.06.2030 22:00,8.1,121.913448008447,53.08,,115.5825,920.85,8.39,99.22666666666667,1.19,0,72.0772376672396
14.06.2030 23:00,8.06,107.114365620766,53.08,,104.1825,684.635,80.25399999999999,81.295,1.19,0,79.343885123471
15.06.2030 00:00,8.06,97.3393957663104,53.08,,89.145,450.035,27.896,62.1175,3.23,0,79.6405866319233
15.06.2030 01:00,8.04,97.1301683572998,53.08,,97.7725,437.3625,0.307,72.89,3.23,0,91.8641372753277
15.06.2030 02:00,8.04,94.8426008888032,53.08,,103.2275,442.8175,5.425,74.965,3.23,0,80.5452514793406
15.06.2030 03:00,8.04,96.6473055964813,53.08,,90.00999999999999,615.2774999999999,76.675,41.74,3.23,0,79.8706719101392
15.06.2030 04:00,8.04,101.831011405563,53.08,,81.49,643.665,168.314,22.35,3.87,0,77.750763290134
15.06.2030 05:00,8.04,109.907093657564,53.08,,83.315,906.065,0.0,38.0,3.87,0,66.4258581158393
15.06.2030 06:00,8.04,107.418446650721,53.08,,70.82,1038.65,9.865,34.3875,3.87,0,56.8478270279228
15.06.2030 07:00,8.17,90.803,53.08,,51.23,1247.475,2.674,35.34,3.87,0,34.0887617461674
15.06.2030 08:00,8.27,66.161,53.08,,32.9725,887.7375000000001,0.768,59.1925,38.65,0,12.3475267630943
15.06.2030 09:00,8.39,34.869,53.08,,51.285,974.5025,1.4859999999999998,35.0175,38.65,0,10.8006300772771
15.06.2030 10:00,8.39,32.774,53.08,,19.35,948.815,88.43299999999999,-2.0700000000000003,38.65,0,9.64697753672658
15.06.2030 11:00,8.39,32.774,53.08,,-4.7525,875.5575,37.421,23.6725,38.65,0,9.61484092254933
15.06.2030 12:00,8.39,32.774,53.08,,-4.5175,885.89,10.459,20.2725,70.1,0,9.4998194507449
15.06.2030 13:00,8.39,32.774,53.08,,-2.4375,868.78,61.717,2.452500000000001,70.1,0,9.18170814195985
15.06.2030 14:00,8.39,32.774,53.08,,14.0925,944.7275,1.55,18.173333333333336,70.1,0,9.37938846722273
15.06.2030 15:00,8.27,32.775,53.08,,56.620000000000005,1225.0575,7.715,17.995,70.1,0,9.47970801650582
15.06.2030 16:00,8.17,66.161,53.08,,82.605,974.2975,1.81,41.765,25.53,0,10.6801075644435
15.06.2030 17:00,8.08,87.887,53.08,,92.87,894.9775,58.791,20.565,25.53,0,22.8362539818571
15.06.2030 18:00,8.08,141.832109141311,53.08,,86.0025,957.5275,128.948,136.1725,25.53,0,81.521329803909
15.06.2030 19:00,8.08,221.737967250807,53.08,,100.9275,618.74,13.258,75.075,25.53,0,95.6658044191731
15.06.2030 20:00,8.08,174.630773203135,53.08,,101.8575,668.2725,0.222,84.88666666666667,1.1,0,100.086327644704
15.06.2030 21:00,8.08,172.601998961824,53.08,,93.535,606.3425,19.25,94.29,1.1,0,108.132146720016
15.06.2030 22:00,8.08,134.390745304218,53.08,,87.6925,517.88,150.807,32.6575,1.1,0,113.938698394366
15.06.2030 23:00,8.04,104.949373166184,53.08,,84.3875,491.43,52.173,50.84,1.1,0,98.3046867626643
16.06.2030 00:00,8.04,98.3937986588406,53.08,,70.4975,553.615,425.504,20.546666666666667,2.73,0,104.91435627816
16.06.2030 01:00,8.35,102.398206990402,53.08,,67.275,394.3575,305.952,31.167500000000004,2.73,0,112.479346657966
16.06.2030 02:00,8.35,99.7534950599368,53.08,,68.6425,468.985,18.537,44.13,2.73,0,90.3127109916386
16.06.2030 03:00,8.35,92.5981902866658,53.08,,79.1175,520.8425,0.0,,2.73,0,75.68409000228
16.06.2030 04:00,8.35,89.5231713421092,53.08,,91.44,563.635,0.004,84.95,2.96,0,51.114362912649
16.06.2030 05:00,8.35,86.337,53.08,,103.7525,539.925,4.988,76.9975,2.96,0,33.1210411263191
16.06.2030 06:00,8.35,58.691,53.08,,102.645,892.7775,57.526,26.64,2.96,0,15.9278316225264
16.06.2030 07:00,8.54,23.12,53.08,,90.055,1143.325,1.135,120.0275,2.96,0,0.0313102001925262
16.06.2030 08:00,8.7,18.73,53.08,,75.905,1311.8075,70.646,35.31,34.85,0,0.0247011841756519
16.06.2030 09:00,8.91,14.622,53.08,,53.365,1225.505,53.642,31.826666666666664,34.85,0,0.0215024261752741
16.06.2030 10:00,8.91,14.091,53.08,,33.4875,909.7275,1.027,65.82,34.85,0,0.0615322288400775
16.06.2030 11:00,8.91,14.091,53.08,,45.6125,1170.1725,0.382,37.61,34.85,0,0.0615569160498583
16.06.2030 12:00,8.91,14.091,53.08,,46.1175,1130.175,1.874,129.57666666666668,68.75,0,0.0207718240553636
16.06.2030 13:00,8.91,14.091,53.08,,45.6225,1062.46,3.768,81.655,68.75,0,0.0212839306972576
16.06.2030 14:00,8.91,14.092,53.08,,55.5475,1225.07,136.623,-6.925000000000001,68.75,0,0.0224451138799535
16.06.2030 15:00,8.7,14.092,53.08,,69.5925,1151.0375,48.625,-8.655,68.75,0,0.0232160288311257
16.06.2030 16:00,8.54,15.779,53.08,,90.115,1253.045,5.966,31.82333333333333,25.39,0,0.0251675561723875
16.06.2030 17:00,8.4,20.47,53.08,,103.1525,1106.7075,26.876,3.4224999999999994,25.39,0,0.0298584986757451
16.06.2030 18:00,8.4,40.976,53.08,,122.1425,924.0,6.911,81.49666666666667,25.39,0,17.967009149142
16.06.2030 19:00,8.4,58.69,53.08,,124.92,750.56,0.0,,25.39,0,21.0115568020225
16.06.2030 20:00,8.4,58.691,53.08,,116.73,662.86,0.03,88.73,1.0,0,22.6326796990181
16.06.2030 21:00,8.4,58.691,53.08,,111.81,607.41,4.208,89.82333333333334,1.0,0,23.552230011867
16.06.2030 22:00,8.4,58.692,53.08,,101.755,413.89,18.008,62.855,1.0,0,25.8292745193476
16.06.2030 23:00,8.35,55.053,53.08,,96.345,298.7575,2.834,73.07,1.0,0,25.9793026869931
17.06.2030 00:00,8.35,40.976,53.08,,93.4775,295.5375,0.02,119.14,3.0,0,16.3658730939517
17.06.2030 01:00,8.35,71.147,53.08,,95.315,278.5225,0.021,187.61,3.0,0,20.9118838827572
17.06.2030 02:00,8.35,70.054,53.08,,101.16,278.3375,2.072,84.43666666666667,3.0,0,21.9522931225461
17.06.2030 03:00,8.35,68.775,53.08,,109.5075,393.4675,0.0,,3.0,0,19.8189747212069
17.06.2030 04:00,8.35,61.446,53.08,,119.6975,561.765,7.368,83.27,2.69,0,7.59359225111153
17.06.2030 05:00,8.35,20.0,53.08,,110.935,774.25,22.571,114.6575,2.69,0,0.0
17.06.2030 06:00,8.35,15.529,53.08,,96.6725,938.5675,0.21,151.08249999999998,2.69,0,0.0
17.06.2030 07:00,8.54,14.347,53.08,,52.54,1044.1174999999998,8.754,76.055,2.69,0,0.0
17.06.2030 08:00,8.7,0.0,53.08,,0.6874999999999982,883.2724999999999,32.501,0.9775,56.69,0,0.0
17.06.2030 09:00,8.91,0.0,53.08,,-20.9875,685.5725,53.198,-24.8625,56.69,0,0.0
17.06.2030 10:00,8.91,0.0,53.08,,-16.93,678.865,28.501,2.7575000000000003,56.69,0,0.0
17.06.2030 11:00,8.91,0.0,53.08,,-25.9525,594.96,33.721000000000004,6.8125,56.69,0,0.0
17.06.2030 12:00,8.91,0.0,53.08,,-38.5125,725.855,37.231,1.2550000000000003,132.41,0,0.0
17.06.2030 13:00,8.91,0.0,53.08,,-37.0925,860.4975000000001,22.409,22.3125,132.41,0,0.0
17.06.2030 14:00,8.91,0.0,53.08,,-19.1775,994.7625,79.147,-31.3525,132.41,0,0.0
17.06.2030 15:00,8.7,0.0,53.08,,57.2675,1282.9924999999998,91.131,-8.850000000000001,132.41,0,0.0
17.06.2030 16:00,8.54,6.0,53.08,,103.5275,1335.0925,0.017,54.75,43.46,0,0.0
17.06.2030 17:00,8.4,15.332,53.08,,143.6925,1036.83,58.408,54.265,43.46,0,0.0
17.06.2030 18:00,8.4,15.651,53.08,,200.5275,995.94,4.35,134.61333333333332,43.46,0,0.0
17.06.2030 19:00,8.4,15.651,53.08,,193.6875,918.28,3.066,150.82333333333335,43.46,0,0.0
17.06.2030 20:00,8.4,15.651,53.08,,139.585,719.4925,0.077,115.46,1.75,0,0.0
17.06.2030 21:00,8.4,15.651,53.08,,111.92,617.51,8.857000000000001,161.395,1.75,0,0.0
17.06.2030 22:00,8.4,15.651,53.08,,113.25,498.26,7.168,100.93,1.75,0,0.0
17.06.2030 23:00,8.35,15.332,53.08,,110.4825,336.5575,1.299,92.8675,1.75,0,0.0
18.06.2030 00:00,8.35,14.376,53.08,,104.8325,290.4825,2.297,105.2975,2.29,0,0.0
18.06.2030 01:00,8.35,14.376,53.08,,101.1375,224.36,0.229,91.965,2.29,0,0.0
18.06.2030 02:00,8.35,14.261,53.08,,100.5825,290.735,1.565,89.815,2.29,0,0.0
18.06.2030 03:00,8.35,0.0,53.08,,105.4575,323.6675,1.388,94.3975,2.29,0,0.0
18.06.2030 04:00,8.35,0.0,53.08,,116.5775,399.525,0.0,,2.34,0,0.0
18.06.2030 05:00,8.35,0.0,53.08,,127.185,631.88,2.402,84.5,2.34,0,0.0
18.06.2030 06:00,8.35,0.0,53.08,,115.55,898.9725000000001,12.667,84.18,2.34,0,0.0
18.06.2030 07:00,8.54,0.0,53.08,,79.39,903.0275,58.341,22.695,2.34,0,0.0
18.06.2030 08:00,8.7,0.0,53.08,,28.67,1031.6975,77.326,9.3775,37.36,0,0.0
18.06.2030 09:00,8.91,0.0,53.08,,36.9725,1175.2925,46.796,-3.0925,37.36,0,0.0
18.06.2030 10:00,8.91,-40.1623991465406,53.08,,3.595,976.7225,31.329,-1.9375,37.36,0,0.0
18.06.2030 11:00,8.91,-23.9214158390795,53.08,,1.5074999999999998,738.6975,34.382000000000005,-1.7674999999999992,37.36,0,0.0
18.06.2030 12:00,8.91,-48.6616368429045,53.08,,-7.85,731.235,17.28,-6.982500000000002,82.68,0,0.0
18.06.2030 13:00,8.91,-54.2692539502121,53.08,,3.765,661.5350000000001,12.711,11.493333333333334,82.68,0,0.0
18.06.2030 14:00,8.91,-42.3268775922385,53.08,,39.3725,962.33,8.695,23.655,82.68,0,0.0
18.06.2030 15:00,8.7,-38.2478208125125,53.08,,75.93,1086.315,61.171,-22.45,82.68,0,0.0
18.06.2030 16:00,8.54,-4.78322617145434,53.08,,95.21,1086.475,21.008,-10.105,30.43,0,0.0
18.06.2030 17:00,8.4,14.799,53.08,,118.9175,1014.8275,63.114,23.305,30.43,0,0.0
18.06.2030 18:00,8.4,87.1002203501857,53.08,,141.67000000000002,1011.5725,0.404,193.91,30.43,0,30.8726293247783
18.06.2030 19:00,8.4,98.9281478289814,53.08,,178.3625,805.5350000000001,0.0,,30.43,0,67.0165381529669
18.06.2030 20:00,8.4,106.654839808506,53.08,,165.1175,869.1175000000001,3.3560000000000003,126.3,1.37,0,73.2329922855737
18.06.2030 21:00,8.4,109.979127724189,53.08,,125.2325,716.48,54.171,43.626666666666665,1.37,0,69.2520443422438
18.06.2030 22:00,8.4,107.100794421709,53.08,,107.4075,502.79,132.19799999999998,40.3075,1.37,0,78.6142088367422
18.06.2030 23:00,8.35,103.914356097173,53.08,,99.1875,366.4,1.384,92.0675,1.37,0,87.2307661492831
19.06.2030 00:00,8.35,101.892522507778,53.08,,102.775,383.995,0.038,99.32,2.25,0,85.0120866828783
19.06.2030 01:00,8.35,104.057751270636,53.08,,101.505,271.46500000000003,0.192,98.3,2.25,0,79.4979644855379
19.06.2030 02:00,8.35,102.000414076598,53.08,,97.725,288.315,0.16,102.1,2.25,0,79.1191758980676
19.06.2030 03:00,8.35,101.474802470827,53.08,,96.1775,351.3375,28.63,44.69,2.25,0,69.4467006147933
19.06.2030 04:00,8.35,96.1620524558709,53.08,,95.22,465.315,0.1569999999999999,94.88,3.6,0,43.1483749674775
19.06.2030 05:00,8.35,88.3665154944337,53.08,,84.9525,720.0125,1.403,76.58666666666666,3.6,0,16.0328706000628
19.06.2030 06:00,8.35,70.0,53.08,,40.54,847.96,3.568,32.1,3.6,0,10.0938341697404
19.06.2030 07:00,8.54,56.832,53.08,,0.2424999999999997,906.505,114.809,-63.925,3.6,0,8.64736280147061
19.06.2030 08:00,8.7,30.592,53.08,,-0.9725,819.9975,119.875,-68.52250000000001,48.01,0,0.242948054457445
19.06.2030 09:00,8.91,0.0,53.08,,-7.1075,712.21,224.185,-88.8075,48.01,0,0.0633728010776946
19.06.2030 10:00,8.91,0.0,53.08,,-20.0525,526.1275,181.912,-67.0325,48.01,0,0.0957199132087991
19.06.2030 11:00,8.91,0.0,53.08,,-33.92,481.1275,235.851,-75.945,48.01,0,0.151561692457473
19.06.2030 12:00,8.91,-19.7026572908496,53.08,,-42.835,600.885,175.387,-67.7375,88.41,0,0.062247721800173
19.06.2030 13:00,8.91,-2.96657505697818,53.08,,-16.49,618.0975,126.655,-73.17750000000001,88.41,0,0.0620622632707523
19.06.2030 14:00,8.91,0.0,53.08,,-3.06,768.34,131.632,-75.61500000000001,88.41,0,0.057550829952131
19.06.2030 15:00,8.7,0.0,53.08,,18.2425,1076.5,168.463,-75.49,88.41,0,0.0591607502048437
19.06.2030 16:00,8.54,46.673,53.08,,69.67500000000001,1219.7875,191.826,-91.6075,34.0,0,0.219353117887569
19.06.2030 17:00,8.4,72.453,53.08,,143.605,1106.4175,15.005,13.605000000000004,34.0,0,8.67099038492208
19.06.2030 18:00,8.4,89.3189226982494,53.08,,131.16,892.2675,83.526,12.575,34.0,0,12.7865803501549
19.06.2030 19:00,8.4,99.9963802141728,53.08,,147.58249999999998,700.7275,0.203,97.88,34.0,0,36.1000356955187
19.06.2030 20:00,8.4,103.352894489952,53.08,,143.4875,824.98,10.322,95.025,1.39,0,42.5588393012876
19.06.2030 21:00,8.4,108.045229754855,53.08,,109.32,649.915,100.931,52.785,1.39,0,43.8383796245122
19.06.2030 22:00,8.4,108.495883322305,53.08,,103.9725,516.685,56.17,72.3725,1.39,0,50.6440308418881
19.06.2030 23:00,8.35,106.431649075276,53.08,,93.1225,383.0075,52.607,55.3575,1.39,0,60.0340233547034
20.06.2030 00:00,8.35,108.123653117119,53.08,,99.46,238.26,3.064,86.56,2.05,0,62.9292615155593
20.06.2030 01:00,8.35,100.603579046208,53.08,,98.9975,235.4475,11.184,70.97333333333334,2.05,0,72.0136964945698
20.06.2030 02:00,8.35,101.115121270016,53.08,,94.74,267.7075,19.303,71.0425,2.05,0,71.8626138018633
20.06.2030 03:00,8.35,101.291518945896,53.08,,101.385,346.72,0.693,96.385,2.05,0,72.141237474291
20.06.2030 04:00,8.35,101.785777382147,53.08,,111.025,459.3925,0.028,97.72,2.34,0,68.421242757205
20.06.2030 05:00,8.35,103.562566155463,53.08,,110.25,681.4475,3.411,88.05,2.34,0,54.8685855559579
20.06.2030 06:00,8.35,101.361886502032,53.08,,103.2575,926.7475,2.149,84.9025,2.34,0,43.9671439187722
20.06.2030 07:00,8.54,85.9294243442932,53.08,,72.5825,1098.75,48.966,57.1325,2.34,0,28.1050569464234
20.06.2030 08:00,8.7,67.581,53.08,,32.75,1000.14,28.456,65.505,37.3,0,9.14149902247852
20.06.2030 09:00,8.91,62.66,53.08,,9.5125,883.8924999999999,142.522,14.6475,37.3,0,7.52989836622464
20.06.2030 10:00,8.91,62.66,53.08,,-8.345,871.3299999999999,58.45,-0.3800000000000001,37.3,0,7.02950672705285
20.06.2030 11:00,8.91,62.66,53.08,,-17.8675,651.8325,70.742,-0.8574999999999999,37.3,0,7.09297196752851
20.06.2030 12:00,8.91,62.66,53.08,,-15.25,753.485,7.886,41.2325,77.16,0,7.4623640771109
20.06.2030 13:00,8.91,62.661,53.08,,-0.6325000000000003,739.535,60.05499999999999,16.825,77.16,0,8.01594086149184
20.06.2030 14:00,8.91,68.352,53.08,,31.275,875.43,130.681,26.975,77.16,0,9.28732905057281
20.06.2030 15:00,8.7,79.18,53.08,,89.0,929.515,19.309,47.7,77.16,0,23.3053543126451
20.06.2030 16:00,8.54,93.069,53.08,,112.455,1263.4325,132.16500000000002,25.56,26.57,0,38.5602733769107
20.06.2030 17:00,8.4,104.001189155159,53.08,,134.7625,1143.205,90.587,55.815,26.57,0,58.5456113312246
20.06.2030 18:00,8.4,136.242897706312,53.08,,157.4925,781.6975,10.288,86.7,26.57,0,79.2185557002289
20.06.2030 19:00,8.4,138.368734963813,53.08,,141.7575,752.1600000000001,3.869,117.24,26.57,0,82.8434184054223
20.06.2030 20:00,8.4,137.781733170609,53.08,,124.0025,695.1775,16.014,114.96666666666664,1.26,0,86.0304749084295
20.06.2030 21:00,8.4,134.514993642276,53.08,,117.375,596.5875,24.919,100.41,1.26,0,90.5949665680516
20.06.2030 22:00,8.4,120.912030788052,53.08,,113.845,566.5625,29.72,86.325,1.26,0,90.2904706650051
20.06.2030 23:00,8.35,106.081659142543,53.08,,104.8575,335.82,0.038,99.64333333333332,1.26,0,78.9881173658453
21.06.2030 00:00,8.35,102.858589274079,53.08,,110.2,435.695,6.944,91.32666666666668,1.89,0,73.4547397894809
21.06.2030 01:00,8.06,100.824491666353,53.08,,92.4675,279.7275,36.425,80.9375,1.89,0,77.7763375715275
21.06.2030 02:00,8.06,100.601441404857,53.08,,102.335,343.9225,2.745,84.81,1.89,0,78.6760159304437
21.06.2030 03:00,8.06,98.7297269777872,53.08,,96.3875,316.7425,1.794,94.0625,1.89,0,83.0563432081574
21.06.2030 04:00,8.06,98.5603960025416,53.08,,92.3725,453.235,0.201,94.7375,2.38,0,78.9086283925013
21.06.2030 05:00,8.06,101.297369725429,53.08,,79.86,549.5925,0.43,92.755,2.38,0,68.7879405250453
21.06.2030 06:00,8.06,104.865766441656,53.08,,44.27,936.69,78.123,36.8575,2.38,0,62.1920551507956
21.06.2030 07:00,8.19,100.081944256516,53.08,,-12.0875,1099.905,11.149,48.445,2.38,0,59.2177372527741
21.06.2030 08:00,8.28,85.885,53.08,,-52.1775,1122.23,24.432,12.9025,41.29,0,33.4985076549003
21.06.2030 09:00,8.41,78.592,53.08,,-116.76,1028.4775,27.771,2.134999999999998,41.29,0,28.4082115719183
21.06.2030 10:00,8.41,74.953,53.08,,-205.6775,835.7425000000001,17.386,-3.3175000000000017,41.29,0,25.2866510213379
21.06.2030 11:00,8.41,74.953,53.08,,-187.11,1038.96,5.631,5.85,41.29,0,24.4573854640558
21.06.2030 12:00,8.41,74.954,53.08,,-114.8675,1008.5225,4.63,-0.6150000000000002,76.62,0,23.5625259450852
21.06.2030 13:00,8.41,74.955,53.08,,-53.7,1001.725,0.354,12.94,76.62,0,23.9125451591118
21.06.2030 14:00,8.41,78.454,53.08,,-9.909999999999998,915.305,44.385,2.625,76.62,0,26.2611124218522
21.06.2030 15:00,8.28,79.875,53.08,,40.985,1138.6975,111.166,-40.21,76.62,0,28.1739366593876
21.06.2030 16:00,8.19,80.998,53.08,,84.38,1115.6675,53.196,6.772500000000001,27.35,0,29.4388922017051
21.06.2030 17:00,8.1,85.885,53.08,,143.0575,1301.0525,2.504,68.505,27.35,0,30.3969191021
21.06.2030 18:00,8.1,89.48,53.08,,186.4175,903.2525,60.094,33.425,27.35,0,31.5973376918684
21.06.2030 19:00,8.1,89.481,53.08,,206.7225,1008.475,17.903,98.3275,27.35,0,33.4425603260384
21.06.2030 20:00,8.1,89.482,53.08,,152.085,942.56,34.942,92.0725,1.19,0,34.3251349334296
21.06.2030 21:00,8.1,89.482,53.08,,109.6625,835.665,0.067,95.25333333333332,1.19,0,37.6869479021516
21.06.2030 22:00,8.1,89.48,53.08,,112.6775,761.44,73.096,55.325,1.19,0,40.8187722549779
21.06.2030 23:00,8.06,84.775,53.08,,100.005,630.2975,32.315,81.43249999999999,1.19,0,43.887498858269
22.06.2030 00:00,8.06,84.775,53.08,,95.425,519.29,123.61,31.35333333333333,2.27,0,43.7814047058362
22.06.2030 01:00,8.04,90.444,53.08,,73.80499999999999,403.9225,80.957,53.425,2.27,0,44.2205204822217
22.06.2030 02:00,8.04,90.444,53.08,,74.55250000000001,317.2225,30.205,67.815,2.27,0,42.491805908821
22.06.2030 03:00,8.04,90.444,53.08,,67.9725,563.235,2.881,37.79666666666667,2.27,0,39.5177532713662
22.06.2030 04:00,8.04,90.444,53.08,,57.575,697.3725,23.888,53.1525,7.29,0,38.7810736665027
22.06.2030 05:00,8.04,90.444,53.08,,-0.1675000000000004,946.515,8.605,41.81,7.29,0,36.1303924365097
22.06.2030 06:00,8.04,90.444,53.08,,-14.985,994.0125,47.772,-15.36,7.29,0,31.6470091913766
22.06.2030 07:00,8.17,78.592,53.08,,-8.7425,1037.8975,35.422,0.2974999999999999,7.29,0,25.5681796357675
22.06.2030 08:00,8.27,55.053,53.08,,-26.5525,993.8925,20.94,-4.0475,55.02,0,16.3811580258759
22.06.2030 09:00,8.39,20.0,53.08,,-41.7325,716.8225,36.36,-11.22,55.02,0,0.169074830966317
22.06.2030 10:00,8.39,15.651,53.08,,-52.8175,696.8475,1.603,77.005,55.02,0,0.148620985386183
22.06.2030 11:00,8.39,15.651,53.08,,-67.515,722.635,56.372,-0.0399999999999991,55.02,0,0.240039053060135
22.06.2030 12:00,8.39,15.651,53.08,,-60.385,689.13,186.467,-26.2925,109.36,0,0.082748397102185
22.06.2030 13:00,8.39,15.651,53.08,,-35.28,857.79,54.8,-15.8825,109.36,0,0.0831965784834899
22.06.2030 14:00,8.39,15.651,53.08,,-13.935,1031.6950000000002,1.594,40.925,109.36,0,0.0872156611275392
22.06.2030 15:00,8.27,15.779,53.08,,3.2525000000000004,1109.185,2.393,48.565,109.36,0,0.0908016273600604
22.06.2030 16:00,8.17,21.651,53.08,,50.08,1227.3325,33.969,-4.846666666666667,35.46,0,0.10299707139632
22.06.2030 17:00,8.08,55.053,53.08,,92.24,1031.9924999999998,0.094,62.05666666666667,35.46,0,20.4611539383037
22.06.2030 18:00,8.08,78.591,53.08,,108.2975,956.515,0.192,78.755,35.46,0,22.0990344918078
22.06.2030 19:00,8.08,78.592,53.08,,109.265,888.365,0.119,76.2,35.46,0,23.4325183774801
22.06.2030 20:00,8.08,78.593,53.08,,114.455,887.1925,0.481,133.65666666666667,1.24,0,26.2884077805477
22.06.2030 21:00,8.08,78.592,53.08,,113.785,1005.4725,0.131,103.92,1.24,0,26.8336527081779
22.06.2030 22:00,8.08,55.053,53.08,,76.36500000000001,971.4775,245.243,22.665,1.24,0,23.3687198820369
22.06.2030 23:00,8.04,55.053,53.08,,51.8775,845.935,8.239,13.84,1.24,0,20.4791170808739
23.06.2030 00:00,8.04,55.053,53.08,,46.3775,759.5225,44.497,50.035,2.88,0,17.4353501599071
23.06.2030 01:00,8.35,37.143,53.08,,42.5925,641.8900000000001,333.519,-5.07,2.88,0,20.798661105985
23.06.2030 02:00,8.35,20.0,53.08,,51.66,490.99,19.644,33.67,2.88,0,0.0
23.06.2030 03:00,8.35,20.0,53.08,,61.197500000000005,601.8725,1.37,61.64666666666667,2.88,0,0.0
23.06.2030 04:00,8.35,20.0,53.08,,88.5625,768.4225,0.0,,5.78,0,0.0
23.06.2030 05:00,8.35,20.0,53.08,,92.4525,1010.57,0.276,40.59,5.78,0,0.0
23.06.2030 06:00,8.35,15.651,53.08,,73.2225,1114.88,0.0,,5.78,0,0.0
23.06.2030 07:00,8.54,0.0,53.08,,12.830000000000002,1200.9,53.34199999999999,26.41333333333333,5.78,0,0.0
23.06.2030 08:00,8.7,0.0,53.08,,2.47,1123.435,516.45,-36.8725,715.32,0,0.0
23.06.2030 09:00,8.91,-18.4706041260902,53.08,,-0.97,561.1850000000001,297.054,-18.7175,715.32,0,0.0
23.06.2030 10:00,8.91,-18.9738741015624,53.08,,-1.6325,696.64,249.056,-5.265000000000001,715.32,0,0.0963745164567135
23.06.2030 11:00,8.91,-32.8231559503457,53.08,,-3.445,544.7049999999999,428.524,-20.2775,715.32,0,0.171453894817397
23.06.2030 12:00,8.91,-31.9326991330849,53.08,,-5.0675,463.8775,160.45000000000002,9.1375,1006.44,0,0.0
23.06.2030 13:00,8.91,-32.7685772248276,53.08,,-2.695,473.61,0.203,76.00999999999999,1006.44,0,0.0
23.06.2030 14:00,8.91,-20.3053026716968,53.08,,0.3575,680.6775,13.546,18.3925,1006.44,0,0.0
23.06.2030 15:00,8.7,-4.40887718905525,53.08,,0.53,845.625,101.461,-14.7875,1006.44,0,0.0
23.06.2030 16:00,8.54,0.0,53.08,,27.5075,1363.13,308.82,-37.48,879.0,0,0.0
23.06.2030 17:00,8.4,6.0,53.08,,55.025000000000006,1317.14,562.823,-90.555,879.0,0,0.0
23.06.2030 18:00,8.4,20.077,53.08,,70.8075,1096.7775,305.127,-491.38000000000005,879.0,0,0.0
23.06.2030 19:00,8.4,68.131,53.08,,98.605,949.99,0.0,108.18,879.0,0,18.6878393117187
23.06.2030 20:00,8.4,68.132,53.08,,100.28,810.5975000000001,377.713,-4.5825,5.0,0,19.6632946449352
23.06.2030 21:00,8.4,68.132,53.08,,90.6925,674.9775,24.596,53.78333333333334,5.0,0,19.9291368616603
23.06.2030 22:00,8.4,68.133,53.08,,80.4875,591.71,191.927,20.1225,5.0,0,21.3324806753022
23.06.2030 23:00,8.35,37.143,53.08,,72.07,514.7025000000001,128.294,61.260000000000005,5.0,0,22.1670502141338
24.06.2030 00:00,8.35,29.792,53.08,,64.885,420.7975,38.038,63.15,14.7,0,0.0
24.06.2030 01:00,8.35,20.03,53.08,,66.8675,452.95,18.347,72.9875,14.7,0,0.0
24.06.2030 02:00,8.35,20.03,53.08,,71.37,305.795,108.597,38.255,14.7,0,0.0
24.06.2030 03:00,8.35,20.03,53.08,,62.8425,472.4225,224.562,18.9025,14.7,0,0.0
24.06.2030 04:00,8.35,20.0,53.08,,77.0275,500.2025,24.94,24.81,23.19,0,0.0
24.06.2030 05:00,8.35,15.074,53.08,,80.1925,741.535,23.263,41.045,23.19,0,0.0
24.06.2030 06:00,8.35,0.0,53.08,,78.355,1180.825,19.166,62.6375,23.19,0,0.0
24.06.2030 07:00,8.54,0.0,53.08,,44.9275,1429.8275,8.943999999999999,46.355,23.19,0,0.0
24.06.2030 08:00,8.7,0.0,53.08,,6.172499999999999,971.1525,177.61,-20.25,140.0,0,0.0
24.06.2030 09:00,8.91,-33.67689425252,53.08,,-1.1175000000000002,661.5475,331.402,-26.9225,140.0,0,0.0
24.06.2030 10:00,8.91,-44.0484770146614,53.08,,-1.345,580.8275,250.308,-18.905,140.0,0,0.0
24.06.2030 11:00,8.91,-24.8615962938651,53.08,,-2.185,560.26,172.946,-16.759999999999998,140.0,0,0.0
24.06.2030 12:00,8.91,-34.4013096679859,53.08,,-2.185,595.755,75.80000000000001,-1.8725000000000005,202.86,0,0.0
24.06.2030 13:00,8.91,-33.0308576571333,53.08,,-1.195,712.23,79.647,-3.78,202.86,0,0.0
24.06.2030 14:00,8.91,-32.6302463479991,53.08,,0.3075000000000001,785.915,54.31,25.1975,202.86,0,0.0
24.06.2030 15:00,8.7,-5.69768754717234,53.08,,18.575000000000003,1278.31,37.301,13.9925,202.86,0,0.0
24.06.2030 16:00,8.54,0.0,53.08,,75.505,1188.725,86.86500000000001,-0.7049999999999996,127.14,0,0.0
24.06.2030 17:00,8.4,6.0,53.08,,96.415,1094.76,253.133,-31.09,127.14,0,0.0
24.06.2030 18:00,8.4,20.03,53.08,,126.34,979.28,26.959,40.23666666666667,127.14,0,0.0
24.06.2030 19:00,8.4,78.591,53.08,,110.5775,715.53,0.079,99.2,127.14,0,29.9708674475769
24.06.2030 20:00,8.4,78.591,53.08,,106.4975,610.455,30.844,87.33000000000001,3.14,0,33.6079146964052
24.06.2030 21:00,8.4,78.592,53.08,,98.6375,570.9025,102.979,50.7675,3.14,0,33.4863979645886
24.06.2030 22:00,8.4,78.593,53.08,,92.0225,571.9200000000001,182.281,29.705,3.14,0,39.029091495445
24.06.2030 23:00,8.35,78.592,53.08,,112.35,758.3275,1.537,80.45,3.14,0,42.6599536747414
25.06.2030 00:00,8.35,78.591,53.08,,103.8025,725.585,15.674,91.435,6.94,0,43.1416375493243
25.06.2030 01:00,8.35,78.592,53.08,,111.97,808.5725,2.844,52.58,6.94,0,42.5899188737643
25.06.2030 02:00,8.35,77.036,53.08,,111.3775,677.9549999999999,29.529,79.33333333333333,6.94,0,41.8310851634549
25.06.2030 03:00,8.35,67.26,53.08,,106.2075,848.1225,274.589,34.254999999999995,6.94,0,33.0046848513792
25.06.2030 04:00,8.35,42.449,53.08,,122.83,820.39,93.373,66.88499999999999,9.65,0,14.9421631031524
25.06.2030 05:00,8.35,20.416,53.08,,121.57,988.8925,48.649,72.4,9.65,0,0.0
25.06.2030 06:00,8.35,15.0,53.08,,118.7525,1107.6125000000002,3.1670000000000003,101.3125,9.65,0,0.0
25.06.2030 07:00,8.54,0.0,53.08,,80.0475,1135.6374999999998,83.93100000000001,42.86,9.65,0,0.0
25.06.2030 08:00,8.7,0.0,53.08,,75.72749999999999,1311.05,47.775,30.62,93.3,0,0.0
25.06.2030 09:00,8.91,-4.24245937840052,53.08,,51.8275,1333.0625,238.453,-9.616666666666667,93.3,0,0.0
25.06.2030 10:00,8.91,-15.1220804484483,53.08,,21.9225,1028.9375,168.322,12.623333333333331,93.3,0,0.0
25.06.2030 11:00,8.91,-14.1005502908465,53.08,,40.065,1050.28,0.0,,93.3,0,0.0
25.06.2030 12:00,8.91,-22.2923248538925,53.08,,57.0525,1056.28,15.282,46.755,138.9,0,0.0
25.06.2030 13:00,8.91,0.0,53.08,,71.195,1301.8975,44.727,33.776666666666664,138.9,0,0.0
25.06.2030 14:00,8.91,-3.90686021657293,53.08,,89.575,1399.7675,7.293,53.2475,138.9,0,0.0
25.06.2030 15:00,8.7,0.0,53.08,,109.3125,1465.0025,87.993,48.515,138.9,0,0.0
25.06.2030 16:00,8.54,0.0,53.08,,133.6825,1590.9525,115.406,30.955,79.65,0,0.0
25.06.2030 17:00,8.4,0.0,53.08,,202.685,1340.1325,9.946,127.8575,79.65,0,0.0
25.06.2030 18:00,8.4,9.016,53.08,,273.64750000000004,1281.335,0.468,122.685,79.65,0,0.0
25.06.2030 19:00,8.4,14.376,53.08,,441.6175,787.06,0.0,,79.65,0,0.0
25.06.2030 20:00,8.4,14.376,53.08,,309.9525,852.8050000000001,5.897,138.985,2.06,0,0.0
25.06.2030 21:00,8.4,14.376,53.08,,173.0125,830.535,1.38,84.64,2.06,0,0.0
25.06.2030 22:00,8.4,14.376,53.08,,116.34,737.6324999999999,5.306,93.25,2.06,0,0.0
25.06.2030 23:00,8.35,12.703,53.08,,116.1375,471.6425,1.954,118.3025,2.06,0,0.0
26.06.2030 00:00,8.35,12.703,53.08,,106.3125,430.0125,6.077,108.5675,3.8,0,0.0
26.06.2030 01:00,8.35,14.376,53.08,,97.93,453.025,0.067,99.76,3.8,0,0.0
26.06.2030 02:00,8.35,14.376,53.08,,89.4075,522.0475,40.776,74.24,3.8,0,0.0
26.06.2030 03:00,8.35,14.571,53.08,,104.545,559.76,0.18,107.355,3.8,0,0.0
26.06.2030 04:00,8.35,14.621,53.08,,118.29,739.085,1.235,119.4975,4.8,0,0.0
26.06.2030 05:00,8.35,14.621,53.08,,116.0175,792.335,6.311,91.49,4.8,0,0.0
26.06.2030 06:00,8.35,14.621,53.08,,126.07,1087.7625,0.0,,4.8,0,0.0
26.06.2030 07:00,8.54,14.376,53.08,,108.38,1043.9175,2.351,105.86333333333334,4.8,0,0.0
26.06.2030 08:00,8.7,0.0,53.08,,99.6325,947.7175,3.214,72.17999999999999,58.15,0,0.0
26.06.2030 09:00,8.91,0.0,53.08,,97.4875,1009.9825,0.01,109.7,58.15,0,0.0
26.06.2030 10:00,8.91,-4.44785797145506,53.08,,52.555,1072.2975,196.735,31.8625,58.15,0,0.0574037494862807
26.06.2030 11:00,8.91,-6.69138246948776,53.08,,4.8875,1191.4475,315.347,-6.195,58.15,0,0.161354569465946
26.06.2030 12:00,8.91,-25.4696864636075,53.08,,-7.72,1042.2175,55.271,14.4575,88.98,0,0.0
26.06.2030 13:00,8.91,-24.143026504436,53.08,,-2.08,943.3475,31.345,15.09,88.98,0,0.0
26.06.2030 14:00,8.91,-20.3031409114754,53.08,,26.345,954.3025,6.209,25.906666666666663,88.98,0,0.0
26.06.2030 15:00,8.7,0.0,53.08,,68.6175,1187.7825,6.488,44.3125,88.98,0,0.0
26.06.2030 16:00,8.54,0.0,53.08,,64.91,1256.855,315.434,16.657500000000002,46.62,0,0.0
26.06.2030 17:00,8.4,0.0,53.08,,68.73,1252.875,47.361,-4.66,46.62,0,0.0
26.06.2030 18:00,8.4,21.196,53.08,,84.0525,956.28,57.296,37.23,46.62,0,0.0
26.06.2030 19:00,8.4,23.5,53.08,,88.14500000000001,661.5525,15.118,74.1075,46.62,0,0.0
26.06.2030 20:00,8.4,23.5,53.08,,93.6975,652.06,23.594,66.4,1.86,0,0.0
26.06.2030 21:00,8.4,23.501,53.08,,76.5525,782.5799999999999,109.604,44.1475,1.86,0,0.0
26.06.2030 22:00,8.4,23.501,53.08,,82.99000000000001,753.06,0.063,52.95,1.86,0,0.0
26.06.2030 23:00,8.35,23.5,53.08,,80.405,677.73,8.020999999999999,103.16333333333334,1.86,0,0.0
27.06.2030 00:00,8.35,22.513,53.08,,78.5775,549.7975,59.633,73.605,4.4,0,0.0
27.06.2030 01:00,8.35,31.476,53.08,,78.8975,564.3925,52.845,73.675,4.4,0,0.0
27.06.2030 02:00,8.35,31.112,53.08,,83.06,551.1975,17.355,61.5775,4.4,0,0.0
27.06.2030 03:00,8.35,31.112,53.08,,84.7075,576.8025,17.855999999999998,68.17,4.4,0,0.0
27.06.2030 04:00,8.35,32.368,53.08,,99.545,644.4225,0.0819999999999999,90.06333333333333,4.96,0,0.0
27.06.2030 05:00,8.35,32.398,53.08,,109.405,696.21,48.767,50.03333333333333,4.96,0,0.0
27.06.2030 06:00,8.35,32.399,53.08,,104.0975,897.035,33.535,58.9875,4.96,0,0.0
27.06.2030 07:00,8.54,31.208,53.08,,91.5125,916.71,25.902,78.825,4.96,0,0.0
27.06.2030 08:00,8.7,19.541,53.08,,77.965,895.2550000000001,381.652,22.9775,43.67,0,0.0
27.06.2030 09:00,8.91,0.0,53.08,,76.775,1018.53,76.399,44.33,43.67,0,0.0
27.06.2030 10:00,8.91,0.0,53.08,,80.3325,1150.65,40.297,49.055,43.67,0,0.0913858816176272
27.06.2030 11:00,8.91,0.0,53.08,,77.1175,1030.9725,6.822,77.93,43.67,0,0.0984348497548561
27.06.2030 12:00,8.91,0.0,53.08,,84.0975,1046.7225,1.877,72.89500000000001,81.45,0,0.0316192804012068
27.06.2030 13:00,8.91,0.0,53.08,,83.865,1132.58,2.45,59.48,81.45,0,0.0305033701320743
27.06.2030 14:00,8.91,0.0,53.08,,59.8425,1133.5275,159.26999999999998,42.7875,81.45,0,0.0311460153317576
27.06.2030 15:00,8.7,0.0,53.08,,75.3825,1278.2025,135.887,37.365,81.45,0,0.03196994877471
27.06.2030 16:00,8.54,19.168,53.08,,92.525,1238.0725,3.122,105.18666666666668,44.86,0,0.0354913509660625
27.06.2030 17:00,8.4,32.368,53.08,,97.9275,1033.48,8.73,69.5375,44.86,0,0.134410374914196
27.06.2030 18:00,8.4,71.911,53.08,,107.675,960.5875,21.918,73.0825,44.86,0,18.3802982540845
27.06.2030 19:00,8.4,78.592,53.08,,109.405,783.3775,1.0060000000000002,107.69,44.86,0,28.9447403606079
27.06.2030 20:00,8.4,78.764,53.08,,98.3025,680.6600000000001,44.071000000000005,91.4075,1.51,0,31.2360501343818
27.06.2030 21:00,8.4,78.765,53.08,,87.9675,742.2975,381.689,37.735,1.51,0,33.228334897274
27.06.2030 22:00,8.4,78.766,53.08,,80.4975,829.7475,17.818,95.8725,1.51,0,38.1974830817318
27.06.2030 23:00,8.35,78.766,53.08,,74.89,566.8225,4.711,80.155,1.51,0,42.4794277947941
28.06.2030 00:00,8.35,76.787,53.08,,70.4575,466.11,0.086,109.01,3.3,0,44.3061674553075
28.06.2030 01:00,8.06,78.592,53.08,,65.7575,339.58,11.163,64.9525,3.3,0,48.9733586940172
28.06.2030 02:00,8.06,78.592,53.08,,68.7225,379.925,6.597,47.57,3.3,0,47.725046356734
28.06.2030 03:00,8.06,78.592,53.08,,77.2925,420.295,0.0,106.7,3.3,0,47.8654571759491
28.06.2030 04:00,8.06,78.592,53.08,,83.0725,555.5775,0.0,,4.4,0,43.4947205351531
28.06.2030 05:00,8.06,78.592,53.08,,80.3725,888.06,1.133,82.61,4.4,0,36.3714487488114
28.06.2030 06:00,8.06,75.493,53.08,,46.5525,1039.225,0.058,107.8125,4.4,0,29.6563890527735
28.06.2030 07:00,8.19,71.368,53.08,,-1.9000000000000004,800.5350000000001,14.496,43.24,4.4,0,23.2786353010553
28.06.2030 08:00,8.28,29.359,53.08,,-15.575,867.81,56.395,17.065,49.2,0,9.30097875737448
28.06.2030 09:00,8.41,25.583,53.08,,-6.2475,710.4675,167.386,-22.425,49.2,0,7.98778307382929
28.06.2030 10:00,8.41,25.583,53.08,,-7.967499999999999,785.94,38.725,-4.174999999999999,49.2,0,7.82007822079886
28.06.2030 11:00,8.41,25.584,53.08,,-26.98,1087.91,37.75,47.61749999999999,49.2,0,8.65231619614828
28.06.2030 12:00,8.41,25.584,53.08,,-30.705,911.9025,16.855999999999998,34.7725,84.0,0,8.72156204926914
28.06.2030 13:00,8.41,25.584,53.08,,-32.315,1092.31,3.531,60.4225,84.0,0,8.51323985923276
28.06.2030 14:00,8.41,26.014,53.08,,-23.6675,1001.325,13.368,80.1625,84.0,0,9.01980060873564
28.06.2030 15:00,8.28,30.062,53.08,,-17.245,999.66,10.236,30.9875,84.0,0,9.72876085429546
28.06.2030 16:00,8.19,74.049,53.08,,30.692500000000003,985.0175,164.18200000000002,-15.395,42.29,0,23.9838257160273
28.06.2030 17:00,8.1,94.2144814558585,53.08,,90.605,835.69,141.027,-2.665,42.29,0,40.4575504892291
28.06.2030 18:00,8.1,140.50219246689,53.08,,109.12,681.7225,4.853,36.45,42.29,0,79.8993045927844
28.06.2030 19:00,8.1,147.191648999247,53.08,,113.31,514.115,0.959,106.785,42.29,0,92.3979865637122
28.06.2030 20:00,8.1,149.76084055529,53.08,,118.04,552.635,1.897,77.05666666666667,1.35,0,97.8222206285596
28.06.2030 21:00,8.1,149.091071432925,53.08,,100.86,544.2725,2.474,77.465,1.35,0,104.511204682206
28.06.2030 22:00,8.1,146.289848135141,53.08,,97.7525,522.4275,32.837,67.4525,1.35,0,119.438648351636
28.06.2030 23:00,8.06,110.83115980181,53.08,,84.83500000000001,478.5875,72.548,55.33,1.35,0,119.853065380443
29.06.2030 00:00,8.06,103.55094545571,53.08,,82.85,384.1175,0.672,92.2925,3.29,0,106.82378004843
29.06.2030 01:00,8.04,107.212005113413,53.08,,73.1925,339.96250000000003,0.08,114.0,3.29,0,129.129561177322
29.06.2030 02:00,8.04,107.36340229265,53.08,,80.0025,279.265,0.0,110.905,3.29,0,129.414325988233
29.06.2030 03:00,8.04,107.624120396251,53.08,,79.8325,273.5825,0.029,77.13,3.29,0,126.620935095938
29.06.2030 04:00,8.04,110.176113275747,53.08,,74.9,400.4175,1.33,104.225,8.26,0,122.031694223609
29.06.2030 05:00,8.04,120.282135362615,53.08,,63.2675,605.3775,0.018,111.7275,8.26,0,105.649314018558
29.06.2030 06:00,8.04,109.770939541075,53.08,,18.8825,777.0775,0.746,100.525,8.26,0,79.8799258246912
29.06.2030 07:00,8.17,89.126,53.08,,-6.8675,783.8175,73.474,-3.68,8.26,0,28.4752280999149
29.06.2030 08:00,8.27,69.881,53.08,,-32.417500000000004,926.5725,57.336,-21.3875,51.76,0,10.4745900581563
29.06.2030 09:00,8.39,15.651,53.08,,-11.8425,775.1225,68.40599999999999,-9.8625,51.76,0,2.6890186119163
29.06.2030 10:00,8.39,14.376,53.08,,-15.51,689.24,30.315,-17.2375,51.76,0,2.28136404856235
29.06.2030 11:00,8.39,14.376,53.08,,-24.94,590.44,55.725,-0.5700000000000003,51.76,0,2.11311085805289
29.06.2030 12:00,8.39,14.376,53.08,,-20.5075,627.1975,120.34,-8.095,91.67,0,2.05626444209562
29.06.2030 13:00,8.39,14.376,53.08,,-11.177499999999998,608.94,166.832,-2.6900000000000004,91.67,0,2.10402965677387
29.06.2030 14:00,8.39,15.341,53.08,,-7.715000000000001,794.1775,522.143,-19.9575,91.67,0,2.28679776315881
29.06.2030 15:00,8.27,20.0,53.08,,-21.5475,1024.2675,186.019,0.7599999999999998,91.67,0,2.57396973032237
29.06.2030 16:00,8.17,72.945,53.08,,15.57,1161.9625,452.709,-1542.1775,52.73,0,9.07612715500429
29.06.2030 17:00,8.08,79.281,53.08,,95.3425,1045.285,136.55700000000002,-23.002500000000005,52.73,0,16.9139174402939
29.06.2030 18:00,8.08,79.283,53.08,,113.0375,795.06,1.758,76.44666666666666,52.73,0,19.1524359716524
29.06.2030 19:00,8.08,79.283,53.08,,115.605,585.6175000000001,1.032,104.415,52.73,0,21.6288642539795
29.06.2030 20:00,8.08,79.284,53.08,,118.9625,590.78,0.0,,1.14,0,22.485292271638
29.06.2030 21:00,8.08,79.283,53.08,,103.6075,527.3175,15.698,106.515,1.14,0,22.6544409165802
29.06.2030 22:00,8.08,78.592,53.08,,106.105,498.5675,0.075,121.46,1.14,0,13.6479791110118
29.06.2030 23:00,8.04,72.945,53.08,,88.0525,390.1625,3.072,90.81,1.14,0,8.96269203503204
30.06.2030 00:00,8.04,68.676,53.08,,83.81,312.8125,1.8010000000000002,95.8575,2.75,0,0.0
30.06.2030 01:00,8.35,65.186,53.08,,82.385,249.085,0.0,120.27,2.75,0,0.0
30.06.2030 02:00,8.35,65.186,53.08,,89.7925,335.6725,0.0,,2.75,0,0.0
30.06.2030 03:00,8.35,68.043,53.08,,98.9325,364.875,0.51,104.67,2.75,0,0.0
30.06.2030 04:00,8.35,65.186,53.08,,112.2575,547.81,1.789,100.54,5.11,0,0.0
30.06.2030 05:00,8.35,69.237,53.08,,114.1725,753.5925,1.013,112.115,5.11,0,0.0
30.06.2030 06:00,8.35,68.043,53.08,,102.06,894.2774999999999,0.023,107.24,5.11,0,0.0
30.06.2030 07:00,8.54,68.043,53.08,,90.59,855.085,25.784,85.8975,5.11,0,0.0
30.06.2030 08:00,8.7,20.47,53.08,,84.42,841.485,20.354,91.3725,102.62,0,0.0
30.06.2030 09:00,8.91,14.347,53.08,,90.85,1196.9625,44.941,84.6425,102.62,0,0.0
30.06.2030 10:00,8.91,0.0,53.08,,76.97999999999999,1125.275,232.186,38.985,102.62,0,0.0943993641474797
30.06.2030 11:00,8.91,0.0,53.08,,74.495,821.0475,118.75,50.675,102.62,0,0.135411587639538
30.06.2030 12:00,8.91,0.0,53.08,,72.555,850.635,150.76,56.8675,156.44,0,0.0454540413039833
30.06.2030 13:00,8.91,0.0,53.08,,77.19,790.7725,86.53999999999999,50.5725,156.44,0,0.0487917551073714
30.06.2030 14:00,8.91,14.376,53.08,,79.4725,929.715,221.384,22.5175,156.44,0,0.0545177875798606
30.06.2030 15:00,8.7,20.47,53.08,,94.4325,1006.6875,25.016,73.9725,156.44,0,0.0632485384566355
30.06.2030 16:00,8.54,78.592,53.08,,142.4575,1325.0725,92.358,106.0375,56.68,0,12.4636831675196
30.06.2030 17:00,8.4,78.592,53.08,,304.98,903.17,66.494,105.73333333333332,56.68,0,29.484163600303
30.06.2030 18:00,8.4,89.41,53.08,,514.1775,817.96,0.082,124.21,56.68,0,33.5193202759879
30.06.2030 19:00,8.4,89.411,53.08,,544.5675,757.04,0.0,,56.68,0,39.907737104198
30.06.2030 20:00,8.4,89.412,53.08,,284.0825,1248.82,41.493,55.12,1.16,0,44.0020132262117
30.06.2030 21:00,8.4,89.413,53.08,,143.7475,1246.7825,68.089,114.705,1.16,0,47.1660296117997
30.06.2030 22:00,8.4,89.411,53.08,,119.9775,783.05,57.93900000000001,79.33250000000001,1.16,0,46.7599590045029
30.06.2030 23:00,8.35,81.987,53.08,,95.57,483.2000000000001,59.372,91.3475,1.16,0,46.3136174192354
01.07.2030 00:00,8.35,78.592,53.08,,96.7075,401.825,58.161,83.68,2.5,0,49.0521933639324
01.07.2030 01:00,8.39,76.318,53.08,,90.0775,321.40250000000003,13.303,75.61,2.5,0,52.8536422784889
01.07.2030 02:00,8.39,76.06,53.08,,89.85,312.265,2.022,75.6125,2.5,0,53.5766433081537
01.07.2030 03:00,8.39,76.06,53.08,,95.7175,472.23,3.819,77.25333333333333,2.5,0,54.1726414632877
01.07.2030 04:00,8.39,73.524,53.08,,116.61,552.2225,1.126,85.0,3.95,0,50.9873546089536
01.07.2030 05:00,8.39,67.745,53.08,,119.0925,629.6725,24.259,83.3175,3.95,0,42.6256014636599
01.07.2030 06:00,8.39,55.336,53.08,,112.7125,820.935,12.699,110.0975,3.95,0,12.3126569258944
01.07.2030 07:00,8.6,15.0,53.08,,96.1,893.365,30.731,75.12,3.95,0,0.0
01.07.2030 08:00,8.76,0.0,53.08,,92.1325,751.5174999999999,153.90200000000002,44.0725,100.07,0,0.0
01.07.2030 09:00,8.97,0.0,53.08,,79.52250000000001,784.5225,196.183,32.0775,100.07,0,0.0
01.07.2030 10:00,8.97,-13.5116002351529,53.08,,74.2275,636.13,0.32,86.16,100.07,0,0.0
01.07.2030 11:00,8.97,-17.2375998710238,53.08,,74.75999999999999,613.7025,0.302,96.725,100.07,0,0.0
01.07.2030 12:00,8.97,-31.86464549197,53.08,,86.2625,760.96,0.056,103.01,161.0,0,0.0
01.07.2030 13:00,8.97,0.0,53.08,,86.065,737.0375,0.0,,161.0,0,0.0
01.07.2030 14:00,8.97,0.0,53.08,,98.7725,1007.475,0.0,,161.0,0,0.0
01.07.2030 15:00,8.76,0.0,53.08,,94.76,1206.75,75.05799999999999,67.4425,161.0,0,0.0
01.07.2030 16:00,8.6,15.0,53.08,,150.38,1297.82,169.511,-17.236666666666668,64.76,0,0.0
01.07.2030 17:00,8.45,73.524,53.08,,422.315,947.4275,131.399,78.23,64.76,0,20.3561359889133
01.07.2030 18:00,8.45,78.592,53.08,,524.56,820.1675,51.015,67.97999999999999,64.76,0,26.2156491074475
01.07.2030 19:00,8.45,78.593,53.08,,639.3625,935.635,0.0,,64.76,0,31.6872955342696
01.07.2030 20:00,8.45,78.594,53.08,,392.15,1130.03,0.561,72.74,1.11,0,36.6493418224852
01.07.2030 21:00,8.45,78.594,53.08,,140.6475,1151.6550000000002,4.856999999999999,220.97333333333336,1.11,0,39.6290296886833
01.07.2030 22:00,8.45,78.594,53.08,,139.98250000000002,897.285,13.326,104.5025,1.11,0,39.1605204767482
01.07.2030 23:00,8.39,78.592,53.08,,133.7625,755.4125,2.766,105.61,1.11,0,39.4421088816496
02.07.2030 00:00,8.39,73.524,53.08,,117.4975,462.715,0.447,120.72333333333331,2.2,0,38.7297375237886
02.07.2030 01:00,8.39,54.574,53.08,,121.605,423.05,13.556,80.275,2.2,0,14.8842944582431
02.07.2030 02:00,8.39,54.523,53.08,,116.8275,433.1725,0.036,73.12,2.2,0,13.1347326055932
02.07.2030 03:00,8.39,23.123,53.08,,119.2025,518.8275,3.2,87.88,2.2,0,9.96064087068189
02.07.2030 04:00,8.39,26.17,53.08,,108.97,594.565,12.489,82.05,3.46,0,10.2544081846906
02.07.2030 05:00,8.39,24.647,53.08,,110.5675,753.38,1.33,95.225,3.46,0,6.65231064739746
02.07.2030 06:00,8.39,17.318,53.08,,100.5225,939.6975,0.241,111.49,3.46,0,0.0
02.07.2030 07:00,8.6,11.868,53.08,,99.8725,925.6775,0.0,115.00333333333332,3.46,0,0.0
02.07.2030 08:00,8.76,0.0,53.08,,95.225,1140.99,120.445,48.78,56.94,0,0.0
02.07.2030 09:00,8.97,0.0,53.08,,84.88499999999999,964.7675,16.983,108.745,56.94,0,0.0
02.07.2030 10:00,8.97,0.0,53.08,,82.37,848.0925,0.138,107.875,56.94,0,0.0
02.07.2030 11:00,8.97,0.0,53.08,,75.785,761.765,5.566,50.48,56.94,0,0.0
02.07.2030 12:00,8.97,0.0,53.08,,81.6,823.555,56.534,70.58,98.0,0,0.0
02.07.2030 13:00,8.97,0.0,53.08,,90.6725,1046.8525,19.817,67.4775,98.0,0,0.0
02.07.2030 14:00,8.97,0.0,53.08,,89.87,1060.7825,2.5940000000000003,94.4625,98.0,0,0.0
02.07.2030 15:00,8.76,0.0,53.08,,108.6575,1282.97,0.781,97.1625,98.0,0,0.0
02.07.2030 16:00,8.6,15.651,53.08,,146.915,1461.04,0.424,86.5,39.7,0,0.0
02.07.2030 17:00,8.45,54.523,53.08,,229.615,1164.3275,205.144,1.270000000000001,39.7,0,10.7105593595037
02.07.2030 18:00,8.45,75.951,53.08,,155.345,937.36,23.121,118.85,39.7,0,25.8525303553785
02.07.2030 19:00,8.45,76.119,53.08,,109.77,1148.6375,16.088,95.65,39.7,0,28.6631242173121
02.07.2030 20:00,8.45,76.287,53.08,,117.755,1245.6475,130.758,59.31,1.04,0,30.1039821593375
02.07.2030 21:00,8.45,76.455,53.08,,92.97,969.885,73.055,65.195,1.04,0,31.8983134175078
02.07.2030 22:00,8.45,76.287,53.08,,113.575,921.7025,14.343,119.3975,1.04,0,34.2117208111595
02.07.2030 23:00,8.39,76.119,53.08,,104.2725,709.5725,75.491,59.75,1.04,0,36.9433328467937
03.07.2030 00:00,8.39,76.119,53.08,,103.8475,741.44,18.399,75.25666666666666,2.23,0,40.408712090376
03.07.2030 01:00,8.39,78.592,53.08,,124.1175,1085.58,0.0,,2.23,0,46.0086361862122
03.07.2030 02:00,8.39,80.439,53.08,,126.9925,905.76,0.345,94.84,2.23,0,43.5044231620656
03.07.2030 03:00,8.39,85.955,53.08,,124.0675,1067.425,9.331,73.785,2.23,0,41.3662752513957
03.07.2030 04:00,8.39,85.956,53.08,,114.7625,854.385,55.291,62.58,3.95,0,38.6835005142877
03.07.2030 05:00,8.39,85.956,53.08,,142.175,955.4975,0.918,75.99,3.95,0,31.3694588180616
03.07.2030 06:00,8.39,85.957,53.08,,122.17,1245.725,17.68,93.5625,3.95,0,28.5807965553546
03.07.2030 07:00,8.6,78.592,53.08,,101.585,1183.7425,50.477,58.6175,3.95,0,23.3820189429852
03.07.2030 08:00,8.76,61.729,53.08,,97.58,1201.6825,49.341,55.25666666666667,75.62,0,14.3682816037974
03.07.2030 09:00,8.97,61.729,53.08,,84.9125,1069.9875,28.385,74.635,75.62,0,12.9810591205788
03.07.2030 10:00,8.97,61.729,53.08,,86.4975,1103.955,1.009,76.63999999999999,75.62,0,12.3666181676694
03.07.2030 11:00,8.97,61.729,53.08,,85.05,1161.98,17.119,6.54,75.62,0,13.1063127216266
03.07.2030 12:00,8.97,61.73,53.08,,69.215,1024.94,73.18900000000001,32.035,100.0,0,14.5847362411213
03.07.2030 13:00,8.97,63.674,53.08,,52.33,916.925,120.86,18.26,100.0,0,16.4998853838519
03.07.2030 14:00,8.97,78.12,53.08,,52.4725,1063.4575,43.077000000000005,37.735,100.0,0,28.8097184530071
03.07.2030 15:00,8.76,85.956,53.08,,62.015,1343.325,42.499,48.3,100.0,0,33.4794968430982
03.07.2030 16:00,8.6,91.23,53.08,,84.78,1223.3375,2.159,70.2175,36.19,0,44.434314543266
03.07.2030 17:00,8.45,102.509956049706,53.08,,116.6425,1058.955,380.261,23.225,36.19,0,63.0014136082983
03.07.2030 18:00,8.45,119.244487169545,53.08,,118.36,901.9425,2.8120000000000003,90.42666666666666,36.19,0,68.0906642312027
03.07.2030 19:00,8.45,125.300012591564,53.08,,127.8025,726.275,0.0,112.07,36.19,0,69.1460004726066
03.07.2030 20:00,8.45,122.640572242382,53.08,,130.3825,747.535,0.0,,1.13,0,74.4522107210624
03.07.2030 21:00,8.45,120.637207161151,53.08,,115.9525,648.125,186.175,75.19500000000001,1.13,0,80.7031365882946
03.07.2030 22:00,8.45,116.642043147209,53.08,,101.3925,493.3975,306.563,70.9975,1.13,0,86.9717661245202
03.07.2030 23:00,8.39,104.222513409926,53.08,,94.585,347.89,5.103,78.02333333333333,1.13,0,88.5839023284225
04.07.2030 00:00,8.39,97.3163448126428,53.08,,97.2325,297.415,0.0,,1.97,0,95.5483207644367
04.07.2030 01:00,8.39,97.6358775787731,53.08,,99.02,295.595,0.015,103.73,1.97,0,104.126889484321
04.07.2030 02:00,8.39,97.3358556436551,53.08,,94.87,323.705,0.004,,1.97,0,105.368256768886
04.07.2030 03:00,8.39,98.1601911568983,53.08,,105.225,419.3125,0.0,102.6,1.97,0,102.15637918182
04.07.2030 04:00,8.39,99.0775213294479,53.08,,117.3825,553.955,0.0,,2.96,0,100.312163102643
04.07.2030 05:00,8.39,105.308141176192,53.08,,122.57,828.93,0.047,108.58,2.96,0,79.6627633570424
04.07.2030 06:00,8.39,104.342395260975,53.08,,102.8075,1015.9175,22.904,86.14333333333333,2.96,0,69.4168878462629
04.07.2030 07:00,8.6,93.5796448067882,53.08,,85.4,1224.43,1.975,88.58333333333333,2.96,0,61.4698962886294
04.07.2030 08:00,8.76,76.2873782778689,53.08,,66.47,1050.98,184.201,71.3175,50.86,0,19.889703654914
04.07.2030 09:00,8.97,61.8540815323161,53.08,,20.995,1014.685,198.016,18.09,50.86,0,16.601420391513
04.07.2030 10:00,8.97,49.9292916804671,53.08,,1.585,707.9075,360.964,-4.609999999999999,50.86,0,14.0073990543043
04.07.2030 11:00,8.97,47.64892267012,53.08,,-12.24,898.0425,511.744,-31.0025,50.86,0,13.3438325046967
04.07.2030 12:00,8.97,46.5303253362543,53.08,,-13.3075,928.685,15.893,36.325,82.62,0,13.0326758863745
04.07.2030 13:00,8.97,46.6851350802109,53.08,,1.67,830.4649999999999,0.077,73.1575,82.62,0,13.0868251367087
04.07.2030 14:00,8.97,58.6965764782625,53.08,,33.925,1123.4425,117.163,35.42,82.62,0,14.1415366423156
04.07.2030 15:00,8.76,73.0944547249177,53.08,,65.2675,1279.49,140.904,-9.53,82.62,0,15.8176098344542
04.07.2030 16:00,8.6,84.6105008862491,53.08,,87.095,1117.6925,55.051,24.9525,31.08,0,29.4864777847378
04.07.2030 17:00,8.45,95.4455761284505,53.08,,159.595,1042.485,48.35,33.0675,31.08,0,49.2737197945129
04.07.2030 18:00,8.45,113.550113108254,53.08,,153.2925,1098.9125,19.228,67.66499999999999,31.08,0,71.5727457673436
04.07.2030 19:00,8.45,122.441458005115,53.08,,136.905,737.905,0.304,132.85,31.08,0,77.7408766214687
04.07.2030 20:00,8.45,122.175432704641,53.08,,113.2975,642.8225,128.504,69.23333333333333,1.06,0,88.111195964389
04.07.2030 21:00,8.45,120.095894609264,53.08,,94.155,586.635,153.478,54.27,1.06,0,95.7380939503102
04.07.2030 22:00,8.45,118.324218581653,53.08,,94.5775,760.6475,32.549,74.59,1.06,0,100.998628639587
04.07.2030 23:00,8.39,104.276365160456,53.08,,95.1575,627.36,9.603,90.6925,1.06,0,100.024665065657
05.07.2030 00:00,8.39,101.304397272652,53.08,,113.6875,717.61,1.958,81.095,2.21,0,103.458938459322
05.07.2030 01:00,8.09,105.944244523214,53.08,,105.2,621.94,15.849,80.335,2.21,0,106.868326949041
05.07.2030 02:00,8.09,105.241806595215,53.08,,102.2975,665.2175,15.763000000000002,76.935,2.21,0,108.414621673345
05.07.2030 03:00,8.09,103.612616506449,53.08,,83.1425,645.2775,29.134,63.75333333333333,2.21,0,110.160671473636
05.07.2030 04:00,8.09,104.495331720835,53.08,,76.245,787.0825,84.811,23.26,3.07,0,100.95911580019
05.07.2030 05:00,8.09,104.840221176986,53.08,,25.8025,872.6175,174.36,0.585,3.07,0,85.948094488306
05.07.2030 06:00,8.09,88.989,53.08,,3.6175000000000006,805.9425,77.754,-4.1775,3.07,0,36.7688728302516
05.07.2030 07:00,8.23,78.592,53.08,,-12.785,883.52,346.621,-14.9925,3.07,0,12.5378198072886
05.07.2030 08:00,8.32,28.09,53.08,,-25.99,860.4175,355.111,-27.135,47.94,0,8.85106649645212
05.07.2030 09:00,8.46,26.858,53.08,,-9.6675,914.595,576.843,-45.7425,47.94,0,7.2500035940713
05.07.2030 10:00,8.46,26.858,53.08,,-10.2025,757.31,488.979,-29.195,47.94,0,6.6216811518282
05.07.2030 11:00,8.46,26.858,53.08,,-10.39,665.1600000000001,187.953,-6.6000000000000005,47.94,0,6.58201846181832
05.07.2030 12:00,8.46,26.858,53.08,,-10.6,574.56,99.651,0.2749999999999994,79.08,0,6.53345450159037
05.07.2030 13:00,8.46,26.858,53.08,,-10.3775,663.4675,144.918,-16.32,79.08,0,6.55039341090935
05.07.2030 14:00,8.46,26.858,53.08,,-6.905,805.9425,117.163,-11.315,79.08,0,6.81406809013935
05.07.2030 15:00,8.32,28.055,53.08,,-17.94,874.9925,171.54700000000005,-22.09,79.08,0,7.28561376447353
05.07.2030 16:00,8.23,76.287,53.08,,2.34,957.5225,339.559,-86.5125,38.65,0,8.75236221043278
05.07.2030 17:00,8.13,83.488,53.08,,54.615,970.6675,237.484,-58.395,38.65,0,24.6546486629577
05.07.2030 18:00,8.13,100.26,53.08,,77.51,734.825,20.203000000000003,12.835,38.65,0,32.7213419243207
05.07.2030 19:00,8.13,100.261,53.08,,85.645,620.8100000000001,0.945,68.55666666666667,38.65,0,36.2912059434253
05.07.2030 20:00,8.13,100.262,53.08,,94.9875,568.11,4.281000000000001,72.7175,1.16,0,38.2600457713111
05.07.2030 21:00,8.13,100.263,53.08,,94.15,519.1175000000001,101.481,33.7275,1.16,0,42.0206936556533
05.07.2030 22:00,8.13,100.26,53.08,,101.2325,495.365,35.151,49.1325,1.16,0,41.8572251028997
05.07.2030 23:00,8.09,85.274,53.08,,101.465,484.66,2.6590000000000003,77.7075,1.16,0,43.1059583129164
06.07.2030 00:00,8.09,83.488,53.08,,117.1775,537.6775,0.128,96.79,2.29,0,38.5881954901573
06.07.2030 01:00,8.07,80.998,53.08,,126.4225,596.3275000000001,11.458,82.85666666666667,2.29,0,39.7376829997438
06.07.2030 02:00,8.07,80.439,53.08,,130.385,640.985,0.0,,2.29,0,37.7385012842442
06.07.2030 03:00,8.07,80.439,53.08,,132.4725,696.465,0.105,104.74,2.29,0,36.5051960147042
06.07.2030 04:00,8.07,80.439,53.08,,118.4825,936.0475,0.079,114.7,4.05,0,36.6739792850374
06.07.2030 05:00,8.07,82.555,53.08,,106.9275,924.64,2.965,97.2725,4.05,0,34.809840321003
06.07.2030 06:00,8.07,85.092,53.08,,97.245,960.305,11.169,68.12333333333333,4.05,0,31.8787084037262
06.07.2030 07:00,8.21,80.998,53.08,,64.5275,1023.835,208.23,28.7725,4.05,0,27.8742048169494
06.07.2030 08:00,8.3,76.816,53.08,,34.57,984.7675,399.899,5.6475,44.47,0,10.2125493394284
06.07.2030 09:00,8.43,55.385,53.08,,7.25,790.1899999999999,252.268,4.475,44.47,0,8.14697986029904
06.07.2030 10:00,8.43,24.101,53.08,,3.2375,730.6175000000001,154.28300000000002,5.5075,44.47,0,7.22886514595249
06.07.2030 11:00,8.43,24.101,53.08,,7.495,713.96,131.466,5.140000000000001,44.47,0,6.99937219508559
06.07.2030 12:00,8.43,24.101,53.08,,51.4125,1165.205,0.536,43.24333333333333,73.68,0,6.97228043806416
06.07.2030 13:00,8.43,24.101,53.08,,58.5525,1117.26,69.59100000000001,39.9225,73.68,0,7.19773483224113
06.07.2030 14:00,8.43,55.385,53.08,,74.985,1189.0325,256.057,16.4825,73.68,0,7.99070444480064
06.07.2030 15:00,8.3,76.316,53.08,,95.39,1235.14,112.947,24.35333333333333,73.68,0,11.0744254292214
06.07.2030 16:00,8.21,80.439,53.08,,116.2625,1092.435,0.0,84.545,30.15,0,22.0933444725193
06.07.2030 17:00,8.12,90.346,53.08,,125.405,941.815,0.031,114.23,30.15,0,28.021145713191
06.07.2030 18:00,8.12,93.605,53.08,,123.6125,713.9225,72.228,65.55,30.15,0,31.355031053706
06.07.2030 19:00,8.12,93.606,53.08,,117.1575,668.285,246.618,43.1525,30.15,0,33.4043841252698
06.07.2030 20:00,8.12,93.607,53.08,,113.06,554.69,63.842,67.50666666666666,1.13,0,35.6529941275413
06.07.2030 21:00,8.12,93.607,53.08,,114.15,537.63,11.209,85.53,1.13,0,38.2250074463799
06.07.2030 22:00,8.12,91.782,53.08,,123.0325,548.91,4.979,57.0625,1.13,0,39.4198607834328
06.07.2030 23:00,8.07,80.998,53.08,,112.5325,565.85,45.886,63.723333333333336,1.13,0,41.8076766316619
07.07.2030 00:00,8.07,80.439,53.08,,102.16,534.255,1.66,90.415,1.91,0,40.895064198575
07.07.2030 01:00,8.39,83.655,53.08,,96.375,426.7275,0.759,98.38,1.91,0,36.6687317213464
07.07.2030 02:00,8.39,83.655,53.08,,99.275,421.43,0.1129999999999999,89.1275,1.91,0,36.0730230244832
07.07.2030 03:00,8.39,83.655,53.08,,96.435,481.0675,1.098,83.58500000000001,1.91,0,37.4498202103722
07.07.2030 04:00,8.39,83.655,53.08,,118.63,667.51,1.7049999999999998,71.11333333333333,2.89,0,38.6643508036835
07.07.2030 05:00,8.39,88.787,53.08,,131.275,558.4975000000001,6.067,70.17333333333333,2.89,0,36.1480156844774
07.07.2030 06:00,8.39,88.787,53.08,,125.925,846.81,4.45,65.49000000000001,2.89,0,31.4868368924848
07.07.2030 07:00,8.6,84.432,53.08,,116.8675,886.3975,1.149,102.15666666666668,2.89,0,21.5789353120886
07.07.2030 08:00,8.76,78.592,53.08,,95.865,1008.1925,59.984,61.7125,33.91,0,11.8243293191848
07.07.2030 09:00,8.97,58.715,53.08,,85.165,894.7025,77.782,77.9225,33.91,0,9.63370860585278
07.07.2030 10:00,8.97,20.47,53.08,,76.255,998.2475,18.67,80.28,33.91,0,2.86533703732575
07.07.2030 11:00,8.97,19.53,53.08,,67.56,1031.9275,236.385,44.67,33.91,0,2.76196320247577
07.07.2030 12:00,8.97,19.53,53.08,,65.83250000000001,725.415,183.438,45.16,63.84,0,2.67001219427418
07.07.2030 13:00,8.97,19.53,53.08,,72.0475,808.215,51.08,60.705,63.84,0,2.5775823648798
07.07.2030 14:00,8.97,19.53,53.08,,73.5775,869.605,3.122,65.44,63.84,0,2.69305005663528
07.07.2030 15:00,8.76,19.53,53.08,,82.2525,1009.01,0.024,96.0,63.84,0,2.81033859582972
07.07.2030 16:00,8.6,66.855,53.08,,89.2175,936.1425,1.995,60.4675,26.29,0,10.307224498477
07.07.2030 17:00,8.45,86.3740672179357,53.08,,100.595,766.525,5.947,26.35,26.29,0,35.1837403003363
07.07.2030 18:00,8.45,107.554349081043,53.08,,94.875,640.31,16.116,58.895,26.29,0,68.0475280345365
07.07.2030 19:00,8.45,132.604266831242,53.08,,99.7,584.0875,74.953,61.54,26.29,0,86.6498084577388
07.07.2030 20:00,8.45,137.892687433929,53.08,,109.5325,663.69,21.844,63.553333333333335,1.28,0,82.6352295238332
07.07.2030 21:00,8.45,137.00515113292,53.08,,102.3125,722.76,75.411,68.87666666666667,1.28,0,88.8205247167208
07.07.2030 22:00,8.45,133.203415368853,53.08,,99.305,561.0775,21.489,73.28,1.28,0,106.631687518456
07.07.2030 23:00,8.39,110.671787970285,53.08,,91.77,529.705,28.857000000000003,65.575,1.28,0,109.12498109225
08.07.2030 00:00,8.39,104.639355247878,53.08,,88.375,320.9275,1.749,64.62,2.23,0,96.1626031716334
08.07.2030 01:00,8.39,105.868695326079,53.08,,90.83,402.625,0.308,72.27333333333333,2.23,0,100.438706305274
08.07.2030 02:00,8.39,103.66082887582,53.08,,96.3375,489.5525,0.161,86.525,2.23,0,98.8486073106386
08.07.2030 03:00,8.39,99.5849016093392,53.08,,103.0075,562.9300000000001,9.567,83.93,2.23,0,87.1127239365618
08.07.2030 04:00,8.39,98.3303561617415,53.08,,104.905,762.8924999999999,28.961,72.35249999999999,2.7,0,88.0533675778524
08.07.2030 05:00,8.39,90.981,53.08,,107.9725,657.1925,14.21,75.46666666666665,2.7,0,58.5995813927878
08.07.2030 06:00,8.39,78.592,53.08,,104.6575,930.5225,9.127,89.25999999999999,2.7,0,24.9777787953465
08.07.2030 07:00,8.6,50.226,53.08,,95.72,956.04,1.112,103.73333333333332,2.7,0,17.8307894458202
08.07.2030 08:00,8.76,32.889,53.08,,88.485,894.1025,73.297,59.557500000000005,69.84,0,0.0
08.07.2030 09:00,8.97,15.651,53.08,,87.75999999999999,785.105,8.792,101.04333333333334,69.84,0,0.0
08.07.2030 10:00,8.97,15.342,53.08,,78.36250000000001,831.71,89.20100000000001,53.135000000000005,69.84,0,0.0
08.07.2030 11:00,8.97,15.342,53.08,,78.0775,909.81,10.647,59.7075,69.84,0,0.0
08.07.2030 12:00,8.97,15.342,53.08,,62.260000000000005,794.085,429.872,11.555,75.83,0,0.0
08.07.2030 13:00,8.97,15.343,53.08,,28.7925,830.165,665.953,-23.6925,75.83,0,0.0
08.07.2030 14:00,8.97,15.343,53.08,,23.5525,1016.71,425.103,-66.2025,75.83,0,0.0
08.07.2030 15:00,8.76,15.343,53.08,,61.735,1110.575,105.36,-4.8525,75.83,0,0.0
08.07.2030 16:00,8.6,20.611,53.08,,80.1925,1018.0675,11.88,83.9025,24.23,0,0.0
08.07.2030 17:00,8.45,64.986,53.08,,92.7225,839.14,43.688,37.8475,24.23,0,13.1647617739325
08.07.2030 18:00,8.45,87.803,53.08,,96.8325,414.8975,91.32,10.5,24.23,0,35.4389229016683
08.07.2030 19:00,8.45,115.759,53.08,,105.69,191.7275,73.443,38.303333333333335,24.23,0,57.0983190318364
08.07.2030 20:00,8.45,115.76,53.08,,92.0325,369.6525,6.869999999999999,75.13,1.16,0,66.1748709907487
08.07.2030 21:00,8.45,115.761,53.08,,94.5125,524.4175,0.369,85.01,1.16,0,65.3691614220022
08.07.2030 22:00,8.45,115.763,53.08,,97.5525,588.4525,8.689,73.97,1.16,0,70.880214538313
08.07.2030 23:00,8.39,89.357,53.08,,87.77,350.2375,1.077,90.535,1.16,0,51.2844567631808
09.07.2030 00:00,8.39,78.077,53.08,,83.58,255.9325,2.246,84.4725,1.91,0,28.4302212940921
09.07.2030 01:00,8.39,78.592,53.08,,84.4,273.6675,0.019,81.57,1.91,0,57.4833045140929
09.07.2030 02:00,8.39,78.592,53.08,,85.6,300.21500000000003,0.156,91.71,1.91,0,47.6343301632186
09.07.2030 03:00,8.39,73.918,53.08,,90.9175,485.155,2.818,80.8925,1.91,0,41.3627619848046
09.07.2030 04:00,8.39,55.779,53.08,,100.8925,457.8675,9.159,73.0,2.38,0,31.7972178102467
09.07.2030 05:00,8.39,42.625,53.08,,105.02,716.395,8.56,75.02,2.38,0,2.81420884512161
09.07.2030 06:00,8.39,15.651,53.08,,112.5625,866.3175,0.004,97.985,2.38,0,0.0
09.07.2030 07:00,8.6,15.442,53.08,,86.21,1139.8175,86.649,48.7075,2.38,0,0.0
09.07.2030 08:00,8.76,14.376,53.08,,76.3975,923.19,10.887,65.6675,37.4,0,0.0
09.07.2030 09:00,8.97,0.0,53.08,,77.16749999999999,918.5775,0.0,,37.4,0,0.0
09.07.2030 10:00,8.97,0.0,53.08,,77.255,1008.575,0.0,,37.4,0,0.0
09.07.2030 11:00,8.97,0.0,53.08,,76.34,956.9475,7.437,83.71,37.4,0,0.0
09.07.2030 12:00,8.97,0.0,53.08,,74.82,904.44,8.922,62.145,60.9,0,0.0
09.07.2030 13:00,8.97,0.0,53.08,,67.955,862.1475,147.485,39.215,60.9,0,0.0
09.07.2030 14:00,8.97,0.0,53.08,,65.445,924.68,76.019,25.96,60.9,0,0.0
09.07.2030 15:00,8.76,0.0,53.08,,80.67,1095.515,13.142,41.833333333333336,60.9,0,0.0
09.07.2030 16:00,8.6,0.0,53.08,,84.9925,1041.985,17.154,22.07,20.47,0,0.0
09.07.2030 17:00,8.45,15.087,53.08,,100.57,878.46,7.736,26.180000000000003,20.47,0,0.0
09.07.2030 18:00,8.45,18.123,53.08,,107.2675,803.99,0.691,79.3825,20.47,0,0.0
09.07.2030 19:00,8.45,21.015,53.08,,124.295,815.0475,0.007,363.66,20.47,0,0.0
09.07.2030 20:00,8.45,21.015,53.08,,121.5725,663.8,29.13,81.94,1.07,0,0.0
09.07.2030 21:00,8.45,21.016,53.08,,112.215,531.605,35.295,83.6675,1.07,0,0.0
09.07.2030 22:00,8.45,20.111,53.08,,104.6875,577.9200000000001,22.892000000000003,88.4475,1.07,0,0.0
09.07.2030 23:00,8.39,15.812,53.08,,100.9575,353.43,5.040000000000001,87.735,1.07,0,0.0
10.07.2030 00:00,8.39,15.651,53.08,,96.505,309.1075,25.308000000000003,73.815,1.71,0,0.0
10.07.2030 01:00,8.39,15.994,53.08,,93.685,297.3525,20.086,73.3375,1.71,0,0.0
10.07.2030 02:00,8.39,15.974,53.08,,96.2175,319.565,0.204,89.24,1.71,0,0.0
10.07.2030 03:00,8.39,15.974,53.08,,105.46,397.44,0.075,101.35,1.71,0,0.0
10.07.2030 04:00,8.39,15.974,53.08,,112.9225,437.3725,3.366,79.95,2.11,0,0.0
10.07.2030 05:00,8.39,16.064,53.08,,111.8225,597.6175000000001,2.487,100.1525,2.11,0,0.0
10.07.2030 06:00,8.39,15.974,53.08,,106.6025,957.66,0.0,110.955,2.11,0,0.0
10.07.2030 07:00,8.6,14.909,53.08,,88.77250000000001,1115.2675,3.609,92.22666666666667,2.11,0,0.0
10.07.2030 08:00,8.76,0.0,53.08,,76.8275,876.8125,84.942,63.515,31.14,0,0.0
10.07.2030 09:00,8.97,0.0,53.08,,62.9675,786.0675,406.873,14.6,31.14,0,0.0
10.07.2030 10:00,8.97,0.0,53.08,,35.095,739.46,29.028,52.873333333333335,31.14,0,0.0837800951365001
10.07.2030 11:00,8.97,0.0,53.08,,30.66,827.8475,11.04,52.7425,31.14,0,0.147426000223169
10.07.2030 12:00,8.97,0.0,53.08,,39.4675,986.0925,26.53,41.36,53.49,0,0.050619659716508
10.07.2030 13:00,8.97,0.0,53.08,,57.79,1002.2725,22.017,81.5775,53.49,0,0.0486536557912913
10.07.2030 14:00,8.97,0.0,53.08,,66.22,1006.485,88.88499999999999,19.8875,53.49,0,0.0535431758708912
10.07.2030 15:00,8.76,0.0,53.08,,76.42,1059.9425,5.306,86.1275,53.49,0,0.0562270837417965
10.07.2030 16:00,8.6,15.974,53.08,,84.675,898.0825,3.3400000000000003,67.2125,17.8,0,0.0628265312897588
10.07.2030 17:00,8.45,24.421,53.08,,108.0,969.6175,0.199,76.32666666666667,17.8,0,0.0787878527777656
10.07.2030 18:00,8.45,75.673,53.08,,131.3875,716.255,2.467,87.80666666666667,17.8,0,18.9618177784809
10.07.2030 19:00,8.45,76.786,53.08,,125.2625,704.335,0.105,111.44666666666669,17.8,0,22.8309367711669
10.07.2030 20:00,8.45,76.787,53.08,,114.9275,659.1975,1.169,100.18,1.0,0,24.9734433441417
10.07.2030 21:00,8.45,76.788,53.08,,111.63,732.9425,4.886,94.37,1.0,0,24.467391587025
10.07.2030 22:00,8.45,76.789,53.08,,106.025,437.5925,189.567,31.54,1.0,0,28.3256827900582
10.07.2030 23:00,8.39,75.673,53.08,,103.9775,424.4325,11.807,101.91,1.0,0,29.422267081458
11.07.2030 00:00,8.39,75.673,53.08,,106.465,379.9025,0.316,93.54,1.5,0,31.985845587473
11.07.2030 01:00,8.39,65.926,53.08,,102.5275,250.19,10.339,87.92,1.5,0,27.1773219511266
11.07.2030 02:00,8.39,65.926,53.08,,99.2075,283.165,0.31,92.13666666666668,1.5,0,28.1298033149162
11.07.2030 03:00,8.39,67.696,53.08,,101.905,366.04,0.0,,1.5,0,29.12841211909
11.07.2030 04:00,8.39,67.696,53.08,,101.465,560.4425,0.0,94.58,1.86,0,27.4202983041096
11.07.2030 05:00,8.39,67.84,53.08,,112.1775,608.2375000000001,0.0279999999999999,98.625,1.86,0,24.3435704339332
11.07.2030 06:00,8.39,67.696,53.08,,107.33,877.1475,2.406,91.13333333333333,1.86,0,20.3781010330224
11.07.2030 07:00,8.6,65.786,53.08,,101.41,824.88,0.0,,1.86,0,9.86627739144903
11.07.2030 08:00,8.76,19.168,53.08,,95.175,886.8475,10.331,83.5375,25.67,0,2.33472587618262
11.07.2030 09:00,8.97,16.614,53.08,,88.9225,887.3525,33.491,67.0075,25.67,0,1.9705997952901
11.07.2030 10:00,8.97,16.614,53.08,,75.71,841.265,56.8,74.77,25.67,0,1.93117371223552
11.07.2030 11:00,8.97,16.615,53.08,,51.375,866.685,13.141,86.28,25.67,0,2.14290712670847
11.07.2030 12:00,8.97,16.615,53.08,,26.775,1014.8175,37.488,45.0225,52.87,0,2.17313655574433
11.07.2030 13:00,8.97,16.615,53.08,,21.645,973.5225,18.364,74.0575,52.87,0,2.1827771007243
11.07.2030 14:00,8.97,24.647,53.08,,47.065,1064.53,198.362,3.9,52.87,0,6.66060563039481
11.07.2030 15:00,8.76,28.402,53.08,,73.7375,1089.805,8.257,35.053333333333335,52.87,0,7.63410170454766
11.07.2030 16:00,8.6,65.926,53.08,,83.275,1092.46,98.789,21.125,15.75,0,14.5968543474367
11.07.2030 17:00,8.45,76.258,53.08,,97.515,985.0725,12.451,39.61666666666667,15.75,0,35.7069148432453
11.07.2030 18:00,8.45,102.533,53.08,,107.3925,773.815,4.216,67.035,15.75,0,57.4337724179371
11.07.2030 19:00,8.45,102.534,53.08,,135.2975,723.5475,0.0,112.53,15.75,0,67.5905195856008
11.07.2030 20:00,8.45,102.535,53.08,,130.625,834.0475,10.848,98.85,1.0,0,67.1326520107102
11.07.2030 21:00,8.45,102.536,53.08,,111.2,671.385,0.034,105.61,1.0,0,73.1449572779253
11.07.2030 22:00,8.45,81.209,53.08,,108.105,532.1524999999999,3.386,105.2725,1.0,0,72.1655572813387
11.07.2030 23:00,8.39,72.455,53.08,,107.215,587.3475,1.461,99.43333333333334,1.0,0,61.7881169961119
12.07.2030 00:00,8.39,72.331,53.08,,104.7325,569.79,4.719,88.66250000000001,1.88,0,27.5165132756519
12.07.2030 01:00,8.09,78.592,53.08,,107.14,521.3475,0.001,93.28,1.88,0,31.229346510606
12.07.2030 02:00,8.09,78.592,53.08,,103.875,459.315,0.0,,1.88,0,30.3708311340499
12.07.2030 03:00,8.09,78.592,53.08,,97.4875,578.7275,0.106,105.40333333333332,1.88,0,28.7713040644693
12.07.2030 04:00,8.09,78.592,53.08,,94.4625,551.1225,0.0,106.5,2.5,0,26.9908327351985
12.07.2030 05:00,8.09,78.592,53.08,,98.5925,691.435,0.0,,2.5,0,23.5940499122183
12.07.2030 06:00,8.09,78.592,53.08,,90.31,825.645,60.132,43.40333333333333,2.5,0,21.1211644067428
12.07.2030 07:00,8.23,55.779,53.08,,58.8475,934.93,20.788,69.1425,2.5,0,16.0757496539798
12.07.2030 08:00,8.32,19.748,53.08,,21.4825,887.1675,15.949,60.89750000000001,33.47,0,0.0696475030387427
12.07.2030 09:00,8.46,15.284,53.08,,-0.9349999999999998,785.3225,263.852,-24.72,33.47,0,0.0582773621806271
12.07.2030 10:00,8.46,13.975,53.08,,-8.515,720.465,421.707,-31.185,33.47,0,0.0991774840613019
12.07.2030 11:00,8.46,13.738,53.08,,-17.2225,767.3225,32.045,-6.52,33.47,0,0.15791765217249
12.07.2030 12:00,8.46,13.738,53.08,,-7.125,723.4225,7.795999999999999,27.5275,67.31,0,0.050026395375223
12.07.2030 13:00,8.46,13.739,53.08,,20.9225,805.1275,3.216,35.92333333333333,67.31,0,0.048452257623888
12.07.2030 14:00,8.46,13.739,53.08,,37.56,881.715,34.709,33.834999999999994,67.31,0,0.0483918679443577
12.07.2030 15:00,8.32,13.747,53.08,,75.2525,911.8675,0.0,,67.31,0,0.051386333471072
12.07.2030 16:00,8.23,15.284,53.08,,97.7225,919.36,3.766,58.96,19.99,0,0.0585814532286054
12.07.2030 17:00,8.13,19.748,53.08,,110.145,773.73,6.973,63.9375,19.99,0,0.0737987749933143
12.07.2030 18:00,8.13,54.354,53.08,,105.6075,643.3975,4.978,69.16499999999999,19.99,0,15.4634425323562
12.07.2030 19:00,8.13,63.13,53.08,,107.0675,441.1425,0.051,133.12,19.99,0,16.8340467446837
12.07.2030 20:00,8.13,63.131,53.08,,109.4,536.015,0.065,108.77666666666666,1.15,0,18.104460085772
12.07.2030 21:00,8.13,63.131,53.08,,99.43,425.105,0.432,96.85666666666668,1.15,0,19.4708747920535
12.07.2030 22:00,8.13,55.779,53.08,,99.3975,468.905,3.769,99.415,1.15,0,18.5287757295463
12.07.2030 23:00,8.09,37.785,53.08,,97.0475,449.735,3.809,92.6275,1.15,0,5.65587396804067
13.07.2030 00:00,8.09,20.47,53.08,,95.385,323.1825,0.708,102.775,1.72,0,0.0
13.07.2030 01:00,8.07,20.687,53.08,,92.6925,321.4075,0.054,98.0525,1.72,0,0.0
13.07.2030 02:00,8.07,20.041,53.08,,90.9,280.525,0.008,110.47,1.72,0,0.0
13.07.2030 03:00,8.07,20.041,53.08,,89.9875,317.15,0.0,110.0,1.72,0,0.0
13.07.2030 04:00,8.07,20.115,53.08,,88.9275,427.4425,0.02,94.32,2.78,0,0.0
13.07.2030 05:00,8.07,22.545,53.08,,89.12,653.4975,0.009,88.56,2.78,0,0.0
13.07.2030 06:00,8.07,20.957,53.08,,86.1875,992.855,0.085,131.35500000000002,2.78,0,0.0
13.07.2030 07:00,8.21,18.744,53.08,,76.68,1112.4475,0.0,116.195,2.78,0,0.0
13.07.2030 08:00,8.3,0.0,53.08,,47.5,1041.2675,28.69,38.495,38.36,0,0.0
13.07.2030 09:00,8.43,0.0,53.08,,19.655,930.01,54.821,25.1575,38.36,0,0.0
13.07.2030 10:00,8.43,-13.0674168407707,53.08,,-2.349999999999999,739.515,11.609,17.6975,38.36,0,0.0
13.07.2030 11:00,8.43,0.0,53.08,,-14.6475,691.5025,26.044,6.1975,38.36,0,0.0
13.07.2030 12:00,8.43,0.0,53.08,,-17.605,664.2425000000001,22.531,8.455,66.87,0,0.0
13.07.2030 13:00,8.43,0.0,53.08,,-7.5925,678.0,14.099,10.285,66.87,0,0.0
13.07.2030 14:00,8.43,0.0,53.08,,0.2424999999999997,900.565,12.639,18.8925,66.87,0,0.0
13.07.2030 15:00,8.3,0.0,53.08,,57.3475,1218.5575,8.641,22.8175,66.87,0,0.0
13.07.2030 16:00,8.21,0.933,53.08,,90.265,1218.26,0.34,70.68333333333332,22.94,0,0.0
13.07.2030 17:00,8.12,20.041,53.08,,109.0825,1098.845,0.003,,22.94,0,0.0
13.07.2030 18:00,8.12,55.053,53.08,,117.8725,824.7775,10.374,51.82666666666668,22.94,0,15.7096066932786
13.07.2030 19:00,8.12,64.38,53.08,,117.495,598.21,31.901,77.08749999999999,22.94,0,19.082798844425
13.07.2030 20:00,8.12,64.38,53.08,,115.3725,588.735,39.039,71.73,1.03,0,20.2818622223029
13.07.2030 21:00,8.12,64.381,53.08,,106.34,499.045,0.236,107.685,1.03,0,21.8164098731626
13.07.2030 22:00,8.12,64.382,53.08,,112.3325,485.855,0.217,99.12333333333332,1.03,0,25.7798454982361
13.07.2030 23:00,8.07,64.38,53.08,,113.02,455.86,0.016,101.035,1.03,0,28.7937088232915
14.07.2030 00:00,8.07,62.306,53.08,,106.1775,398.455,2.499,95.32333333333334,1.48,0,30.1131331219548
14.07.2030 01:00,8.39,56.549,53.08,,93.15,361.725,0.291,110.0,1.48,0,27.5068245100709
14.07.2030 02:00,8.39,56.01,53.08,,95.345,298.4575,3.284,88.42333333333333,1.48,0,27.0684768880214
14.07.2030 03:00,8.39,56.01,53.08,,100.8,418.0425,8.366,86.815,1.48,0,26.3376148187503
14.07.2030 04:00,8.39,56.01,53.08,,102.5575,460.9525,2.553,86.2425,2.17,0,23.7992689305741
14.07.2030 05:00,8.39,56.01,53.08,,108.645,593.7175,0.096,104.245,2.17,0,20.1651994425979
14.07.2030 06:00,8.39,56.01,53.08,,100.54,852.5699999999999,2.465,111.9425,2.17,0,18.0209027039568
14.07.2030 07:00,8.6,60.317,53.08,,93.295,759.48,0.031,108.755,2.17,0,18.371750780021
14.07.2030 08:00,8.76,56.01,53.08,,86.4425,794.76,26.105,69.35000000000001,27.19,0,16.4893711005505
14.07.2030 09:00,8.97,41.93,53.08,,86.5975,890.9300000000001,13.953,70.1375,27.19,0,10.7233664469566
14.07.2030 10:00,8.97,20.47,53.08,,86.4125,765.135,0.0,99.12,27.19,0,3.14813748446644
14.07.2030 11:00,8.97,20.0,53.08,,79.01,845.975,1.2970000000000002,56.905,27.19,0,3.01748957748872
14.07.2030 12:00,8.97,19.5,53.08,,78.7775,676.5,29.539,46.43,50.86,0,3.0120221138481
14.07.2030 13:00,8.97,19.5,53.08,,67.88499999999999,852.0025,136.392,2.6674999999999995,50.86,0,2.97546695160293
14.07.2030 14:00,8.97,19.5,53.08,,78.2125,1012.89,27.51,60.105,50.86,0,3.04331911414418
14.07.2030 15:00,8.76,19.5,53.08,,87.4275,1000.8725,1.846,64.3,50.86,0,3.14609986648655
14.07.2030 16:00,8.6,30.579,53.08,,95.5675,998.9175,1.341,91.33,17.05,0,10.2077012429106
14.07.2030 17:00,8.45,56.01,53.08,,111.4325,834.1725,0.203,105.77,17.05,0,17.8468552910882
14.07.2030 18:00,8.45,70.208,53.08,,112.0475,739.6475,8.243,85.3,17.05,0,26.8809801331943
14.07.2030 19:00,8.45,70.209,53.08,,114.0175,562.905,35.724999999999994,75.845,17.05,0,28.6475629860763
14.07.2030 20:00,8.45,70.21,53.08,,113.5875,638.635,1.749,102.35,1.0,0,29.654207233401
14.07.2030 21:00,8.45,70.21,53.08,,107.815,620.21,0.0,109.9,1.0,0,30.2399561087017
14.07.2030 22:00,8.45,59.446,53.08,,106.0175,404.03,3.5090000000000003,133.575,1.0,0,28.5545641265906
14.07.2030 23:00,8.39,56.01,53.08,,103.8225,436.41,10.973,78.86749999999999,1.0,0,21.8201431089799
15.07.2030 00:00,8.39,39.976,53.08,,94.72,424.045,4.882,78.125,1.3,0,10.5790713793868
15.07.2030 01:00,8.39,21.239,53.08,,93.92,330.9875,6.885,80.5725,1.3,0,0.0
15.07.2030 02:00,8.39,20.0,53.08,,95.975,407.3425,13.839,80.135,1.3,0,0.0
15.07.2030 03:00,8.39,20.0,53.08,,97.9125,520.9225,6.22,79.45,1.3,0,0.0
15.07.2030 04:00,8.39,20.0,53.08,,112.9575,551.96,6.736,80.64,2.02,0,0.0
15.07.2030 05:00,8.39,20.0,53.08,,117.455,722.865,0.096,103.505,2.02,0,0.0
15.07.2030 06:00,8.39,18.43,53.08,,106.33,895.1475,1.371,109.125,2.02,0,0.0
15.07.2030 07:00,8.6,16.761,53.08,,92.1125,890.3725,27.434000000000005,88.315,2.02,0,0.0
15.07.2030 08:00,8.76,15.549,53.08,,78.555,997.31,16.277,76.30666666666667,23.16,0,0.0
15.07.2030 09:00,8.97,0.0,53.08,,76.78,930.3975,3.892,87.57666666666667,23.16,0,0.0
15.07.2030 10:00,8.97,0.0,53.08,,59.385000000000005,1037.38,10.991,92.9175,23.16,0,0.0
15.07.2030 11:00,8.97,0.0,53.08,,53.5775,976.34,13.173,50.42333333333334,23.16,0,0.0
15.07.2030 12:00,8.97,0.0,53.08,,67.1625,1178.0075,3.12,64.95,53.72,0,0.0
15.07.2030 13:00,8.97,0.0,53.08,,58.105,1044.2475,47.145,38.315,53.72,0,0.0
15.07.2030 14:00,8.97,-10.4562737888628,53.08,,48.99,1040.4975,9.709,,53.72,0,0.0
15.07.2030 15:00,8.76,-8.27595743621917,53.08,,77.5475,1051.9225,0.8069999999999999,66.37,53.72,0,0.0
15.07.2030 16:00,8.6,0.0,53.08,,100.6675,973.4775,85.249,35.47666666666667,14.3,0,0.0
15.07.2030 17:00,8.45,1.538,53.08,,102.5075,871.645,45.419,49.010000000000005,14.3,0,0.0
15.07.2030 18:00,8.45,17.803,53.08,,103.1075,770.485,13.141,90.855,14.3,0,0.0
15.07.2030 19:00,8.45,20.47,53.08,,103.7425,585.31,11.647,88.2725,14.3,0,0.0
15.07.2030 20:00,8.45,20.47,53.08,,103.2775,586.6725,143.262,47.175,1.0,0,0.0
15.07.2030 21:00,8.45,20.47,53.08,,96.75,554.3675000000001,83.223,57.2525,1.0,0,0.0
15.07.2030 22:00,8.45,20.471,53.08,,92.5475,534.565,10.243,75.94,1.0,0,0.0
15.07.2030 23:00,8.39,20.471,53.08,,85.945,466.38,56.921,54.6375,1.0,0,0.0
16.07.2030 00:00,8.39,20.0,53.08,,82.0875,406.8925,88.108,41.0275,1.16,0,0.0
16.07.2030 01:00,8.39,21.736,53.08,,84.2025,393.48,3.865,80.73,1.16,0,0.0
16.07.2030 02:00,8.39,19.541,53.08,,86.22,402.6925,0.283,74.25,1.16,0,0.0
16.07.2030 03:00,8.39,19.541,53.08,,86.255,512.6925,3.057,81.95333333333333,1.16,0,0.0
16.07.2030 04:00,8.39,19.541,53.08,,102.0125,660.0025,0.5660000000000001,81.795,1.78,0,0.0
16.07.2030 05:00,8.39,19.022,53.08,,102.5575,755.165,3.033,65.36,1.78,0,0.0
16.07.2030 06:00,8.39,15.651,53.08,,104.3625,834.6975,0.09,101.50333333333332,1.78,0,0.0
16.07.2030 07:00,8.6,14.554,53.08,,100.6775,916.1275,24.880000000000003,71.615,1.78,0,0.0
16.07.2030 08:00,8.76,0.0,53.08,,95.5575,909.2225,4.884,70.50333333333333,18.59,0,0.0
16.07.2030 09:00,8.97,0.0,53.08,,80.19749999999999,1029.26,364.311,25.555,18.59,0,0.0
16.07.2030 10:00,8.97,0.0,53.08,,70.6675,952.6175,415.331,23.4775,18.59,0,0.0
16.07.2030 11:00,8.97,0.0,53.08,,54.9225,1030.37,196.897,25.5475,18.59,0,0.0
16.07.2030 12:00,8.97,0.0,53.08,,58.135,920.1725,253.507,24.8525,40.52,0,0.0
16.07.2030 13:00,8.97,0.0,53.08,,67.9625,1016.0475,129.242,16.165,40.52,0,0.0
16.07.2030 14:00,8.97,0.0,53.08,,74.01249999999999,945.565,58.705,33.75,40.52,0,0.0
16.07.2030 15:00,8.76,0.0,53.08,,82.8025,958.9425,18.136,53.67,40.52,0,0.0
16.07.2030 16:00,8.6,0.36,53.08,,99.3075,908.2675,0.139,89.31666666666666,11.97,0,0.0
16.07.2030 17:00,8.45,15.651,53.08,,111.955,887.3199999999999,35.899,63.2675,11.97,0,0.0
16.07.2030 18:00,8.45,22.272,53.08,,120.4125,758.4275,41.436,73.92,11.97,0,0.0
16.07.2030 19:00,8.45,30.182,53.08,,119.22,626.585,3.4,88.50333333333333,11.97,0,0.0
16.07.2030 20:00,8.45,30.182,53.08,,120.16,671.8275,11.944,80.54,0.94,0,0.0
16.07.2030 21:00,8.45,30.182,53.08,,107.2125,797.4725,40.576,70.855,0.94,0,0.0
16.07.2030 22:00,8.45,28.956,53.08,,101.535,688.185,9.569,78.14,0.94,0,0.0
16.07.2030 23:00,8.39,19.775,53.08,,95.835,518.0074999999999,1.531,389.3299999999999,0.94,0,0.0
17.07.2030 00:00,8.39,15.651,53.08,,91.59,343.8625,0.0,107.73,1.06,0,0.0
17.07.2030 01:00,8.39,15.651,53.08,,91.5975,450.54,0.232,96.97,1.06,0,0.0
17.07.2030 02:00,8.39,15.268,53.08,,88.715,502.295,0.363,94.44,1.06,0,0.0
17.07.2030 03:00,8.39,15.06,53.08,,99.555,573.94,9.309,86.34,1.06,0,0.0
17.07.2030 04:00,8.39,15.651,53.08,,100.5475,566.51,6.214,88.7675,1.55,0,0.0
17.07.2030 05:00,8.39,15.779,53.08,,104.0175,521.1225,3.224,96.115,1.55,0,0.0
17.07.2030 06:00,8.39,15.779,53.08,,102.855,833.765,10.748,89.91333333333334,1.55,0,0.0
17.07.2030 07:00,8.6,14.571,53.08,,80.3875,924.905,32.120999999999995,135.54000000000002,1.55,0,0.0
17.07.2030 08:00,8.76,0.0,53.08,,80.7825,948.3875,0.0,,16.43,0,0.0
17.07.2030 09:00,8.97,0.0,53.08,,79.11,918.595,78.369,66.1225,16.43,0,0.0
17.07.2030 10:00,8.97,-18.854845129663,53.08,,70.905,829.1475,108.232,19.465,16.43,0,0.0
17.07.2030 11:00,8.97,0.0,53.08,,57.72,782.3924999999999,16.387999999999998,67.16,16.43,0,0.0
17.07.2030 12:00,8.97,-16.0227308979103,53.08,,37.8275,852.36,35.596000000000004,50.01,43.83,0,0.0
17.07.2030 13:00,8.97,-12.8215709750491,53.08,,31.74,1088.3175,2.568,66.9875,43.83,0,0.0
17.07.2030 14:00,8.97,0.0,53.08,,68.4475,1033.035,23.689,73.6875,43.83,0,0.0
17.07.2030 15:00,8.76,0.0,53.08,,83.965,1037.335,0.256,88.83500000000001,43.83,0,0.0
17.07.2030 16:00,8.6,13.138,53.08,,86.5,909.54,173.902,34.7,9.93,0,0.0
17.07.2030 17:00,8.45,15.779,53.08,,98.275,923.3475,38.778,64.39,9.93,0,0.0
17.07.2030 18:00,8.45,20.257,53.08,,107.935,586.6275,12.93,71.83666666666666,9.93,0,0.0
17.07.2030 19:00,8.45,20.956,53.08,,114.1575,593.4875,0.802,147.995,9.93,0,0.0
17.07.2030 20:00,8.45,20.956,53.08,,108.06,679.2925,164.255,66.83500000000001,1.06,0,0.0
17.07.2030 21:00,8.45,20.957,53.08,,101.5625,595.4275,10.602,95.6725,1.06,0,0.0
17.07.2030 22:00,8.45,20.0,53.08,,98.87,448.1475,7.687,90.54666666666668,1.06,0,0.0
17.07.2030 23:00,8.39,16.998,53.08,,98.215,342.9025,0.082,89.775,1.06,0,0.0
18.07.2030 00:00,8.39,15.914,53.08,,95.1975,272.6775,2.409,82.3775,1.0,0,0.0
18.07.2030 01:00,8.39,19.321,53.08,,98.44,272.2525,2.5,83.0925,1.0,0,0.0
18.07.2030 02:00,8.39,19.321,53.08,,98.1975,341.1625,16.318,77.6975,1.0,0,0.0
18.07.2030 03:00,8.39,19.321,53.08,,103.69,370.48,2.128,84.30333333333334,1.0,0,0.0
18.07.2030 04:00,8.39,20.19,53.08,,114.6025,428.6225,2.596,73.46000000000001,1.3,0,0.0
18.07.2030 05:00,8.39,20.874,53.08,,113.5675,505.7525,2.377,88.71999999999998,1.3,0,0.0
18.07.2030 06:00,8.39,20.874,53.08,,100.76,619.8725000000001,0.384,103.58,1.3,0,0.0
18.07.2030 07:00,8.6,20.062,53.08,,89.85249999999999,752.1525,0.534,89.8275,1.3,0,0.0
18.07.2030 08:00,8.76,15.651,53.08,,84.555,763.1175,1.221,124.2,12.91,0,0.0
18.07.2030 09:00,8.97,1.699,53.08,,80.7675,749.19,6.129,82.28999999999999,12.91,0,0.0
18.07.2030 10:00,8.97,0.0,53.08,,74.3025,637.54,37.218,50.54,12.91,0,0.207000909436074
18.07.2030 11:00,8.97,0.0,53.08,,62.4425,663.3299999999999,15.203,73.035,12.91,0,0.310051076436009
18.07.2030 12:00,8.97,0.0,53.08,,70.8025,666.4275,10.626,55.905,33.5,0,0.0
18.07.2030 13:00,8.97,0.0,53.08,,73.5425,672.99,12.278,45.74333333333334,33.5,0,0.0
18.07.2030 14:00,8.97,0.0,53.08,,82.7775,748.2925,0.0,,33.5,0,0.0
18.07.2030 15:00,8.76,0.0,53.08,,86.8575,728.9100000000001,52.973000000000006,46.69,33.5,0,0.0
18.07.2030 16:00,8.6,0.631,53.08,,88.09,882.5275,112.153,30.5525,8.3,0,0.0
18.07.2030 17:00,8.45,14.799,53.08,,100.5875,751.2625,32.326,67.1425,8.3,0,0.0
18.07.2030 18:00,8.45,20.449,53.08,,111.72,702.2475,63.653,46.7475,8.3,0,0.0
18.07.2030 19:00,8.45,21.911,53.08,,112.9175,462.2925,118.809,37.485,8.3,0,0.0
18.07.2030 20:00,8.45,21.911,53.08,,106.07,472.1225,1.893,109.4425,0.9,0,0.0
18.07.2030 21:00,8.45,21.911,53.08,,110.425,601.01,21.955,76.655,0.9,0,0.0
18.07.2030 22:00,8.45,21.912,53.08,,103.4525,437.6425,9.533,83.465,0.9,0,0.0
18.07.2030 23:00,8.39,21.398,53.08,,102.685,258.995,3.559,104.3475,0.9,0,0.0
19.07.2030 00:00,8.39,20.449,53.08,,104.0625,212.1225,1.6150000000000002,83.6275,1.03,0,0.0
19.07.2030 01:00,8.09,55.74,53.08,,102.0525,241.31,0.187,95.89,1.03,0,0.0
19.07.2030 02:00,8.09,55.741,53.08,,101.4125,233.66,1.226,123.88,1.03,0,0.0
19.07.2030 03:00,8.09,55.741,53.08,,100.475,243.685,5.964,127.1925,1.03,0,0.0
19.07.2030 04:00,8.09,56.009,53.08,,102.86,444.9775,0.005,82.13,1.81,0,0.0
19.07.2030 05:00,8.09,63.086,53.08,,95.9775,608.235,11.222,78.14500000000001,1.81,0,0.0
19.07.2030 06:00,8.09,63.086,53.08,,82.735,878.025,4.632,84.92666666666666,1.81,0,0.0
19.07.2030 07:00,8.23,58.077,53.08,,43.9375,855.515,2.734,220.865,1.81,0,0.0
19.07.2030 08:00,8.32,41.101,53.08,,8.865,883.065,10.843,49.64,27.98,0,0.0
19.07.2030 09:00,8.46,0.0,53.08,,-1.625,692.2225,38.504000000000005,30.72,27.98,0,0.0
19.07.2030 10:00,8.46,0.0,53.08,,-1.005,557.3475,15.078,21.96,27.98,0,0.0571670198975226
19.07.2030 11:00,8.46,0.0,53.08,,2.195,595.1600000000001,216.104,-4.3875,27.98,0,0.14970813811689
19.07.2030 12:00,8.46,0.0,53.08,,-1.6975,578.1525,69.968,9.6075,61.0,0,0.0
19.07.2030 13:00,8.46,0.0,53.08,,1.1375000000000002,641.8975,10.524,35.5475,61.0,0,0.0
19.07.2030 14:00,8.46,0.0,53.08,,31.910000000000004,973.115,9.573,38.8925,61.0,0,0.0
19.07.2030 15:00,8.32,0.0,53.08,,77.8675,1028.9375,3.197,77.0925,61.0,0,0.0
19.07.2030 16:00,8.23,0.0,53.08,,94.1325,976.31,0.034,63.68,15.96,0,0.0
19.07.2030 17:00,8.13,14.376,53.08,,113.7925,852.58,0.0,108.58,15.96,0,0.0
19.07.2030 18:00,8.13,55.462,53.08,,118.195,577.2225,0.0,,15.96,0,0.0
19.07.2030 19:00,8.13,58.077,53.08,,132.4875,852.135,4.973999999999999,97.41,15.96,0,0.0
19.07.2030 20:00,8.13,58.078,53.08,,112.5275,713.2475,54.518,77.0075,1.0,0,0.0
19.07.2030 21:00,8.13,58.078,53.08,,103.12,588.075,365.816,21.055,1.0,0,0.0
19.07.2030 22:00,8.13,55.974,53.08,,106.485,467.3025,14.202,66.855,1.0,0,0.0
19.07.2030 23:00,8.09,55.462,53.08,,96.6875,361.965,26.353,78.3425,1.0,0,0.0
20.07.2030 00:00,8.09,55.462,53.08,,104.7575,336.715,0.2299999999999999,126.63666666666668,2.02,0,0.0
20.07.2030 01:00,8.07,56.034,53.08,,104.9725,350.12,0.595,87.76,2.02,0,0.0
20.07.2030 02:00,8.07,56.034,53.08,,100.1275,362.475,0.7150000000000001,251.6625,2.02,0,0.0
20.07.2030 03:00,8.07,53.349,53.08,,98.7975,368.535,0.0,,2.02,0,0.0
20.07.2030 04:00,8.07,51.108,53.08,,91.7425,471.6725,0.164,85.935,2.57,0,0.0
20.07.2030 05:00,8.07,42.174,53.08,,88.5125,612.8525,6.271000000000001,67.205,2.57,0,0.0
20.07.2030 06:00,8.07,16.419,53.08,,78.4475,775.9675,15.572,217.4725,2.57,0,0.0
20.07.2030 07:00,8.21,15.651,53.08,,29.25,846.3875,276.729,15.755,2.57,0,0.0
20.07.2030 08:00,8.3,0.0,53.08,,-13.9925,873.6175000000001,255.111,-24.6075,34.15,0,0.0
20.07.2030 09:00,8.43,0.0,53.08,,-21.73,760.8375,172.45,-30.0325,34.15,0,0.0
20.07.2030 10:00,8.43,0.0,53.08,,-24.445,620.585,85.11,-21.3025,34.15,0,0.0791465109696848
20.07.2030 11:00,8.43,-10.0363516951278,53.08,,-13.275,521.5174999999999,185.187,-49.92,34.15,0,0.147433712864431
20.07.2030 12:00,8.43,0.0,53.08,,-1.6700000000000008,647.38,41.91,-2.5325,67.44,0,0.0
20.07.2030 13:00,8.43,-19.0439765827953,53.08,,1.0724999999999998,791.3525,53.316,-5.16,67.44,0,0.0
20.07.2030 14:00,8.43,-2.0941963429395,53.08,,60.105,1046.41,13.167000000000002,43.8475,67.44,0,0.0
20.07.2030 15:00,8.3,-5.09587988242788,53.08,,78.61500000000001,1181.8625000000002,32.748,15.185,67.44,0,0.0
20.07.2030 16:00,8.21,0.0,53.08,,96.6475,987.06,9.987,52.01,15.67,0,0.0
20.07.2030 17:00,8.12,0.203,53.08,,122.4925,983.1075,0.0,,15.67,0,0.0
20.07.2030 18:00,8.12,56.603,53.08,,115.1825,826.3225,7.782,185.5725,15.67,0,0.0
20.07.2030 19:00,8.12,60.439,53.08,,110.58,703.0975,27.295,82.5475,15.67,0,8.54063950956699
20.07.2030 20:00,8.12,62.26,53.08,,100.9575,766.2425000000001,79.844,60.99,0.9,0,9.05152974968283
20.07.2030 21:00,8.12,62.26,53.08,,95.0625,850.1625,5.552,100.4875,0.9,0,9.52333452319808
20.07.2030 22:00,8.12,61.087,53.08,,85.325,663.405,13.581,87.44,0.9,0,10.0969426282184
20.07.2030 23:00,8.07,58.139,53.08,,89.25,564.83,0.065,91.03,0.9,0,11.3250468090747
21.07.2030 00:00,8.07,57.426,53.08,,90.3425,497.435,0.666,81.505,1.33,0,12.0216938186762
21.07.2030 01:00,8.39,49.333,53.08,,89.38,436.5425,0.401,81.725,1.33,0,14.4326435798744
21.07.2030 02:00,8.39,49.334,53.08,,93.955,468.0,8.357,82.01666666666667,1.33,0,14.5623859170088
21.07.2030 03:00,8.39,49.999,53.08,,94.6175,557.785,34.422,61.755,1.33,0,14.28962282385
21.07.2030 04:00,8.39,50.193,53.08,,114.9625,766.3925,0.0,85.93,1.78,0,14.5735928593011
21.07.2030 05:00,8.39,53.513,53.08,,112.9525,706.615,1.035,101.225,1.78,0,14.4222426860747
21.07.2030 06:00,8.39,53.514,53.08,,118.9725,628.96,0.0,,1.78,0,13.0560027969871
21.07.2030 07:00,8.6,53.514,53.08,,110.7775,657.3025,1.357,94.925,1.78,0,12.4177186761984
21.07.2030 08:00,8.76,47.338,53.08,,119.43,772.7925,0.0,,19.67,0,10.6350936263846
21.07.2030 09:00,8.97,26.515,53.08,,117.87,827.5899999999999,0.003,,19.67,0,7.01588801273453
21.07.2030 10:00,8.97,26.015,53.08,,110.535,744.27,0.018,121.23,19.67,0,6.67849076189329
21.07.2030 11:00,8.97,26.016,53.08,,105.2125,686.3225,0.036,62.29,19.67,0,7.05104071283605
21.07.2030 12:00,8.97,26.015,53.08,,93.97,783.5925,40.097,59.695,39.32,0,7.26108456673384
21.07.2030 13:00,8.97,26.016,53.08,,89.905,745.9300000000001,0.241,68.0,39.32,0,7.69224491501719
21.07.2030 14:00,8.97,37.176,53.08,,90.725,784.01,0.155,88.20666666666666,39.32,0,9.69155012882187
21.07.2030 15:00,8.76,50.193,53.08,,88.135,923.0125,53.622,68.27,39.32,0,15.586879118198
21.07.2030 16:00,8.6,71.788,53.08,,94.2725,1088.3425,216.613,57.59,10.11,0,24.4444857156913
21.07.2030 17:00,8.45,78.592,53.08,,105.065,855.6475,12.446,105.3,10.11,0,37.6095023609169
21.07.2030 18:00,8.45,93.4,53.08,,109.32,711.8299999999999,5.687,106.28,10.11,0,45.2029753330243
21.07.2030 19:00,8.45,93.401,53.08,,150.785,981.57,0.0,,10.11,0,47.6932230078287
21.07.2030 20:00,8.45,93.402,53.08,,130.23,1029.235,3.985,71.26,1.0,0,51.40587715762
21.07.2030 21:00,8.45,93.403,53.08,,109.45,787.485,5.604,141.855,1.0,0,59.7025111521096
21.07.2030 22:00,8.45,93.402,53.08,,105.0975,643.2675,5.348,91.4625,1.0,0,60.8488092244718
21.07.2030 23:00,8.39,78.592,53.08,,103.5875,499.435,7.75,86.2925,1.0,0,59.5649160676156
22.07.2030 00:00,8.39,76.256,53.08,,92.6175,385.4825,4.848,104.515,1.2,0,56.904188669601
22.07.2030 01:00,8.39,79.545,53.08,,87.3125,392.315,2.261,153.0025,1.2,0,56.0607362198903
22.07.2030 02:00,8.39,78.592,53.08,,92.485,386.3825,0.066,432.61,1.2,0,38.8585400074522
22.07.2030 03:00,8.39,78.592,53.08,,110.025,462.01,0.055,86.28,1.2,0,37.8980906305018
22.07.2030 04:00,8.39,78.591,53.08,,125.2175,687.48,0.004,115.72,1.6,0,37.699948125161
22.07.2030 05:00,8.39,77.301,53.08,,121.2525,688.965,0.049,126.81,1.6,0,36.3735420337723
22.07.2030 06:00,8.39,72.098,53.08,,119.8125,953.5125,0.401,124.295,1.6,0,29.5163813498152
22.07.2030 07:00,8.6,52.675,53.08,,108.735,978.8975,2.9490000000000003,138.09666666666666,1.6,0,7.99888590578913
22.07.2030 08:00,8.76,16.795,53.08,,110.07,1210.4925,5.845,80.16,22.8,0,0.0
22.07.2030 09:00,8.97,14.969,53.08,,80.67750000000001,1173.7925,268.435,56.4275,22.8,0,0.0
22.07.2030 10:00,8.97,14.969,53.08,,61.59,1235.6375,314.828,22.885,22.8,0,0.0
22.07.2030 11:00,8.97,14.969,53.08,,23.67,1188.5325,99.512,5.9475,22.8,0,0.0
22.07.2030 12:00,8.97,14.97,53.08,,-0.4599999999999999,848.6475,51.61,30.8725,62.69,0,0.0
22.07.2030 13:00,8.97,14.988,53.08,,-5.8575,874.7025,16.241,53.8675,62.69,0,0.0
22.07.2030 14:00,8.97,15.651,53.08,,7.065,1063.3525,5.638,53.04,62.69,0,0.0
22.07.2030 15:00,8.76,15.651,53.08,,58.94,1137.45,26.425,17.386666666666667,62.69,0,0.0
22.07.2030 16:00,8.6,20.47,53.08,,81.7325,1121.8925,0.002,85.45,15.24,0,0.0
22.07.2030 17:00,8.45,55.336,53.08,,100.035,1050.1275,44.716,35.955,15.24,0,10.7154421574409
22.07.2030 18:00,8.45,74.502,53.08,,104.5125,795.985,2.459,86.4675,15.24,0,31.1756445124655
22.07.2030 19:00,8.45,78.591,53.08,,100.3825,739.9300000000001,4.606,230.3275,15.24,0,34.6117795365571
22.07.2030 20:00,8.45,78.592,53.08,,92.155,865.8525,8.154,149.42000000000002,0.92,0,38.2628930041265
22.07.2030 21:00,8.45,78.593,53.08,,69.145,924.76,68.316,80.045,0.92,0,40.0717925124007
22.07.2030 22:00,8.45,78.594,53.08,,78.2,586.3225,9.681,147.605,0.92,0,43.2016158776327
22.07.2030 23:00,8.39,78.592,53.08,,76.09,480.1025,2.108,247.2925,0.92,0,46.3768864315849
23.07.2030 00:00,8.39,78.591,53.08,,69.955,458.2925,29.661,58.6175,3.03,0,48.9278414360654
23.07.2030 01:00,8.39,78.008,53.08,,64.0275,468.5275,17.663,74.785,3.03,0,49.3314142989408
23.07.2030 02:00,8.39,78.008,53.08,,66.2475,465.4725,43.466,58.7575,3.03,0,41.2746772075633
23.07.2030 03:00,8.39,78.008,53.08,,83.3825,574.285,229.994,15.33,3.03,0,42.6514762124939
23.07.2030 04:00,8.39,78.008,53.08,,90.65,659.54,0.946,94.69666666666669,3.57,0,44.5454059113594
23.07.2030 05:00,8.39,75.62,53.08,,102.7675,770.56,0.786,86.46,3.57,0,29.5485625381895
23.07.2030 06:00,8.39,58.131,53.08,,93.92,938.7275,0.074,100.07,3.57,0,8.53977861161687
23.07.2030 07:00,8.6,15.651,53.08,,79.8675,988.63,0.0,111.01,3.57,0,0.0
23.07.2030 08:00,8.76,0.0,53.08,,58.355,975.39,86.982,27.3375,21.0,0,0.0
23.07.2030 09:00,8.97,0.0,53.08,,42.3575,1091.5225,5.157,87.625,21.0,0,0.0
23.07.2030 10:00,8.97,-30.2588144757902,53.08,,47.1775,1095.5975,2.39,56.825,21.0,0,0.0
23.07.2030 11:00,8.97,-49.0140729153846,53.08,,66.85,1104.7275,100.633,49.156666666666666,21.0,0,0.0
23.07.2030 12:00,8.97,-38.4910386871583,53.08,,67.7725,1143.95,80.80799999999999,47.46,67.0,0,0.0
23.07.2030 13:00,8.97,-38.5082186760631,53.08,,70.64,996.91,3.584,73.665,67.0,0,0.0
23.07.2030 14:00,8.97,-45.1989800313598,53.08,,71.16,1286.4525,139.17399999999998,52.91,67.0,0,0.0
23.07.2030 15:00,8.76,-24.1025431634602,53.08,,83.64750000000001,1174.705,0.0,,67.0,0,0.0
23.07.2030 16:00,8.6,0.0,53.08,,95.7325,1244.3425,33.129000000000005,42.54333333333333,16.24,0,0.0
23.07.2030 17:00,8.45,15.651,53.08,,102.675,979.6875,13.072,87.775,16.24,0,0.0
23.07.2030 18:00,8.45,73.486,53.08,,112.675,739.96,115.103,86.0325,16.24,0,20.6986587946181
23.07.2030 19:00,8.45,78.591,53.08,,116.0075,691.7225,40.972,78.065,16.24,0,22.9206589457375
23.07.2030 20:00,8.45,78.592,53.08,,107.315,610.12,1.585,86.755,0.9,0,24.0105766722375
23.07.2030 21:00,8.45,78.593,53.08,,99.185,659.2025000000001,1.991,188.31,0.9,0,25.6167385858996
23.07.2030 22:00,8.45,78.592,53.08,,98.695,465.78,50.083000000000006,150.8175,0.9,0,26.9561446302602
23.07.2030 23:00,8.39,78.311,53.08,,95.1875,322.3325,9.148,99.5575,0.9,0,27.3967913313486
24.07.2030 00:00,8.39,77.995,53.08,,97.075,348.9925,0.061,101.265,1.73,0,19.7160415162755
24.07.2030 01:00,8.39,70.901,53.08,,93.8575,280.245,0.043,93.91,1.73,0,20.8098190397449
24.07.2030 02:00,8.39,70.901,53.08,,105.3425,481.33,0.8089999999999999,102.89666666666666,1.73,0,20.7491386622992
24.07.2030 03:00,8.39,70.901,53.08,,103.9875,425.3425,18.28,84.03,1.73,0,19.1066256013853
24.07.2030 04:00,8.39,70.901,53.08,,116.98,589.6,0.249,101.69,1.95,0,18.398251533387
24.07.2030 05:00,8.39,70.901,53.08,,114.6425,636.2725,27.348000000000003,82.51333333333334,1.95,0,15.0342363009202
24.07.2030 06:00,8.39,37.104,53.08,,112.52,839.44,0.629,105.31,1.95,0,4.12028075086716
24.07.2030 07:00,8.6,0.0,53.08,,102.0525,915.935,0.0,,1.95,0,0.0631592075286749
24.07.2030 08:00,8.76,0.0,53.08,,96.415,1017.0575,3.427,91.62,15.65,0,0.0486120377042519
24.07.2030 09:00,8.97,-24.0076826682228,53.08,,98.86,762.31,29.009,82.69,15.65,0,0.047388832036729
24.07.2030 10:00,8.97,-49.8934714526782,53.08,,92.7875,594.435,31.241000000000003,88.91,15.65,0,0.100677574366897
24.07.2030 11:00,8.97,-59.8573143952291,53.08,,84.1725,745.895,118.695,54.985,15.65,0,0.151972770164794
24.07.2030 12:00,8.97,-57.5138374491299,53.08,,84.39,747.6675,2.923,87.07333333333334,38.47,0,0.0482494775469313
24.07.2030 13:00,8.97,-49.9319022415522,53.08,,87.915,731.0575,0.069,97.44,38.47,0,0.0514010164771571
24.07.2030 14:00,8.97,-38.4442939929698,53.08,,94.1425,804.1975,9.547,85.02666666666666,38.47,0,0.0458329533556337
24.07.2030 15:00,8.76,0.0,53.08,,95.6875,976.6925,26.206,71.2075,38.47,0,0.0422553356102622
24.07.2030 16:00,8.6,0.0,53.08,,112.2975,1196.9875000000002,60.726,66.1625,9.96,0,0.050765292093153
24.07.2030 17:00,8.45,30.079,53.08,,113.57,1031.67,170.066,62.32,9.96,0,3.75340884535513
24.07.2030 18:00,8.45,78.592,53.08,,135.765,718.115,0.079,98.38,9.96,0,30.0855700163131
24.07.2030 19:00,8.45,85.258,53.08,,125.6475,671.33,0.0,,9.96,0,34.5971415349364
24.07.2030 20:00,8.45,85.258,53.08,,116.3,702.19,18.116,91.6,0.87,0,37.8557094935714
24.07.2030 21:00,8.45,85.258,53.08,,108.975,504.1875,12.465,100.325,0.87,0,39.279635525234
24.07.2030 22:00,8.45,85.258,53.08,,106.755,444.3475,0.237,124.8125,0.87,0,42.1016998315647
24.07.2030 23:00,8.39,85.258,53.08,,108.2775,411.5525,0.098,105.065,0.87,0,43.5233222577883
25.07.2030 00:00,8.39,85.258,53.08,,106.175,356.6075,2.617,97.22333333333334,1.34,0,46.838213774202
25.07.2030 01:00,8.39,90.803,53.08,,96.465,374.425,3.74,82.37,1.34,0,55.7345649566856
25.07.2030 02:00,8.39,90.803,53.08,,91.155,378.6175,2.652,92.9825,1.34,0,52.3479336265086
25.07.2030 03:00,8.39,90.803,53.08,,97.355,446.9925,23.924,69.485,1.34,0,55.5167721908852
25.07.2030 04:00,8.39,90.981,53.08,,111.4725,698.585,0.468,80.11,1.6,0,48.8751287570988
25.07.2030 05:00,8.39,90.981,53.08,,117.64,608.98,0.041,105.38,1.6,0,44.5887911212674
25.07.2030 06:00,8.39,85.046,53.08,,115.48,933.38,0.107,102.86,1.6,0,32.662900190222
25.07.2030 07:00,8.6,29.319,53.08,,100.05,942.795,11.613,115.1325,1.6,0,0.322149600690834
25.07.2030 08:00,8.76,16.267,53.08,,92.11,948.8775,29.926,77.07,13.1,0,0.0818830723433575
25.07.2030 09:00,8.97,0.0,53.08,,90.8975,819.7725,1.302,106.6975,13.1,0,0.0659994460922678
25.07.2030 10:00,8.97,0.0,53.08,,90.5275,769.25,0.138,177.98,13.1,0,0.0849131374056834
25.07.2030 11:00,8.97,0.0,53.08,,92.8125,802.495,0.0,102.58,13.1,0,0.147288450450679
25.07.2030 12:00,8.97,-38.3390606615893,53.08,,79.2225,715.4875,43.133,68.89333333333333,33.0,0,0.0647251337097617
25.07.2030 13:00,8.97,-11.7433642465166,53.08,,76.6875,766.19,11.37,71.44666666666666,33.0,0,0.0595042672894348
25.07.2030 14:00,8.97,0.0,53.08,,83.2075,772.7975,0.0,106.425,33.0,0,0.0609981219087865
25.07.2030 15:00,8.76,0.0,53.08,,94.1325,1042.9299999999998,0.0,102.61,33.0,0,0.0680462433511831
25.07.2030 16:00,8.6,76.06,53.08,,104.78,968.98,0.121,105.52,8.22,0,8.11230862929928
25.07.2030 17:00,8.45,92.701,53.08,,114.0825,868.8924999999999,1.0479999999999998,90.21,8.22,0,31.1507151654312
25.07.2030 18:00,8.45,102.299215067764,53.08,,125.1375,696.3425,9.9,86.36666666666667,8.22,0,57.9005974665576
25.07.2030 19:00,8.45,111.763097915207,53.08,,127.7325,566.465,12.746,87.49,8.22,0,65.0486239272875
25.07.2030 20:00,8.45,112.786139460837,53.08,,127.1775,611.99,3.928,82.04,0.9,0,73.9420241649563
25.07.2030 21:00,8.45,112.345922105772,53.08,,113.875,455.4725,1.866,98.86666666666667,0.9,0,76.5611085526291
25.07.2030 22:00,8.45,108.885738052476,53.08,,112.8475,324.4125,7.873,83.63,0.9,0,85.0763607192381
25.07.2030 23:00,8.39,105.757929156594,53.08,,102.9825,331.405,34.138,69.5025,0.9,0,89.3455615946595
26.07.2030 00:00,8.39,104.444027969652,53.08,,98.905,283.87,5.394,86.8325,1.32,0,101.167850522531
26.07.2030 01:00,8.09,104.580907514249,53.08,,98.3175,209.7775,0.636,86.34,1.32,0,112.22271550458
26.07.2030 02:00,8.09,104.939710418992,53.08,,100.2175,279.77,0.0,,1.32,0,116.931098661874
26.07.2030 03:00,8.09,105.131625732044,53.08,,102.825,245.12,0.013,95.61,1.32,0,119.665099083147
26.07.2030 04:00,8.09,107.201001773027,53.08,,102.5075,319.4875,9.335,78.47749999999999,1.62,0,108.458111421249
26.07.2030 05:00,8.09,109.640991528405,53.08,,95.4925,403.2175,1.103,82.59333333333335,1.62,0,91.5028978730682
26.07.2030 06:00,8.09,102.136007058865,53.08,,95.3975,652.2425,2.692,76.40666666666667,1.62,0,76.0898544667342
26.07.2030 07:00,8.23,95.136510458533,53.08,,92.6725,760.135,9.411,85.3025,1.62,0,47.7895465867629
26.07.2030 08:00,8.32,84.69,53.08,,84.935,790.965,41.536,65.2475,16.0,0,13.4496047705235
26.07.2030 09:00,8.46,30.009,53.08,,83.39750000000001,898.015,5.817,49.19,16.0,0,6.00769446452767
26.07.2030 10:00,8.46,0.0,53.08,,78.465,828.655,6.9670000000000005,87.11,16.0,0,1.74111286232754
26.07.2030 11:00,8.46,0.0,53.08,,63.3975,789.5725,51.399,61.4375,16.0,0,1.62185713110386
26.07.2030 12:00,8.46,0.0,53.08,,61.035,773.71,1.394,61.120000000000005,41.86,0,1.59601974461783
26.07.2030 13:00,8.46,0.0,53.08,,73.3675,815.315,0.259,85.51,41.86,0,1.65598894163938
26.07.2030 14:00,8.46,0.04,53.08,,77.25,808.615,11.182,72.65666666666668,41.86,0,1.82313376804924
26.07.2030 15:00,8.32,41.099,53.08,,88.08,909.4125,0.145,80.5975,41.86,0,7.51102798743777
26.07.2030 16:00,8.23,90.444,53.08,,95.4025,728.635,23.156,71.43,9.64,0,14.3709870667726
26.07.2030 17:00,8.13,97.784,53.08,,102.1425,566.4350000000001,81.119,53.25,9.64,0,41.1611039875937
26.07.2030 18:00,8.13,105.187410662569,53.08,,105.6525,441.3925,0.024,98.04,9.64,0,46.5891431167639
26.07.2030 19:00,8.13,106.780418332801,53.08,,107.5625,404.5775,0.002,105.28,9.64,0,53.4879880644622
26.07.2030 20:00,8.13,106.289757911449,53.08,,100.785,458.0475,0.0,99.8,0.85,0,62.334994930226
26.07.2030 21:00,8.13,106.26605415379,53.08,,88.9675,482.3425,7.977,87.7575,0.85,0,66.8929943318638
26.07.2030 22:00,8.13,105.643634289873,53.08,,92.335,409.0625,0.997,99.945,0.85,0,70.7573469946286
26.07.2030 23:00,8.09,102.729654159845,53.08,,85.265,332.095,1.871,89.5575,0.85,0,72.6834545055032
27.07.2030 00:00,8.09,99.887721531302,53.08,,88.515,253.7225,8.607,72.35499999999999,1.57,0,74.0227114068837
27.07.2030 01:00,8.07,106.818227349096,53.08,,89.4225,217.24,5.656000000000001,71.9125,1.57,0,84.6207931958124
27.07.2030 02:00,8.07,107.619433093553,53.08,,90.1025,225.9775,0.154,85.97,1.57,0,83.6999511427046
27.07.2030 03:00,8.07,107.954632602562,53.08,,88.36500000000001,223.665,1.284,82.125,1.57,0,86.0305447113029
27.07.2030 04:00,8.07,109.128050937084,53.08,,86.9225,283.8075,0.274,71.44,1.96,0,84.967489151686
27.07.2030 05:00,8.07,111.558391171945,53.08,,85.2,366.185,8.021,69.2775,1.96,0,73.0877402841638
27.07.2030 06:00,8.07,108.136404230587,53.08,,80.705,511.3625,34.663,59.8125,1.96,0,60.6629138266039
27.07.2030 07:00,8.21,94.099422776011,53.08,,76.575,706.415,110.396,32.555,1.96,0,29.2050873543607
27.07.2030 08:00,8.3,70.388,53.08,,64.5425,792.9475,60.314,38.9725,16.98,0,8.88157551630203
27.07.2030 09:00,8.43,15.812,53.08,,38.6625,842.51,90.068,14.2675,16.98,0,0.117931197671683
27.07.2030 10:00,8.43,0.0,53.08,,7.72,1057.6025,98.226,-0.7599999999999993,16.98,0,0.0981126501405744
27.07.2030 11:00,8.43,0.0,53.08,,-9.7675,729.8050000000001,1.551,36.335,16.98,0,0.176641827122286
27.07.2030 12:00,8.43,0.0,53.08,,-5.1625,723.2850000000001,4.496,35.97666666666667,53.0,0,0.0
27.07.2030 13:00,8.43,0.0,53.08,,15.5275,728.2049999999999,5.682,30.67,53.0,0,0.0
27.07.2030 14:00,8.43,0.0,53.08,,42.88,908.8275,0.003,73.21000000000001,53.0,0,0.0
27.07.2030 15:00,8.3,20.0,53.08,,74.9925,1027.25,0.465,35.53,53.0,0,0.0
27.07.2030 16:00,8.21,78.387,53.08,,91.0175,734.99,0.0,,12.4,0,11.932995649942
27.07.2030 17:00,8.12,102.236649477894,53.08,,100.615,659.185,0.767,80.83999999999999,12.4,0,39.3951642069442
27.07.2030 18:00,8.12,276.417216472336,53.08,,109.115,475.0225,0.0,,12.4,0,53.9205656023272
27.07.2030 19:00,8.12,280.134848137023,53.08,,108.4775,394.595,0.3,97.88,12.4,0,63.2310447057689
27.07.2030 20:00,8.12,280.819310653938,53.08,,109.165,548.4675,3.43,94.035,0.83,0,71.074980051184
27.07.2030 21:00,8.12,279.669520615014,53.08,,103.0525,403.8425,36.431,88.56,0.83,0,77.6014940379365
27.07.2030 22:00,8.12,278.276530297465,53.08,,93.38,376.9,24.847,70.19,0.83,0,79.6118468514835
27.07.2030 23:00,8.07,108.589009441562,53.08,,87.43,317.315,3.4080000000000004,76.75,0.83,0,80.6159883685901
28.07.2030 00:00,8.07,108.214299457071,53.08,,81.9025,248.5225,8.502,61.6,1.45,0,84.6026297289004
28.07.2030 01:00,8.39,98.9539988063138,53.08,,79.355,253.97,39.502,45.175,1.45,0,104.908944737837
28.07.2030 02:00,8.39,99.3373902207057,53.08,,76.62,259.4675,9.343,63.3025,1.45,0,100.838716715935
28.07.2030 03:00,8.39,99.4752192474484,53.08,,79.075,352.545,2.768,66.8225,1.45,0,101.572759173729
28.07.2030 04:00,8.39,100.102597593312,53.08,,92.09,419.125,21.773,48.425,1.61,0,92.2000587587601
28.07.2030 05:00,8.39,103.83139309653,53.08,,97.6125,532.6725,9.329,72.87,1.61,0,78.6104658407917
28.07.2030 06:00,8.39,96.2230038948329,53.08,,98.0125,659.4300000000001,0.04,93.12,1.61,0,60.2911065820598
28.07.2030 07:00,8.6,87.85,53.08,,94.4975,927.0675,12.078,72.2225,1.61,0,24.505534594941
28.07.2030 08:00,8.76,37.163,53.08,,78.305,911.3725,79.498,32.74,12.49,0,6.61779387878469
28.07.2030 09:00,8.97,15.443,53.08,,69.5925,853.91,68.818,38.85,12.49,0,0.12522978852979
28.07.2030 10:00,8.97,0.0,53.08,,60.087500000000006,939.635,181.968,7.937500000000001,12.49,0,0.107212396378875
28.07.2030 11:00,8.97,0.0,53.08,,54.92,976.4975,2.737,71.31,12.49,0,0.168425309061579
28.07.2030 12:00,8.97,0.0,53.08,,32.730000000000004,893.08,2.264,111.46,34.8,0,0.0786695574152695
28.07.2030 13:00,8.97,0.0,53.08,,32.685,877.7975,0.2719999999999999,76.5675,34.8,0,0.0828441689427911
28.07.2030 14:00,8.97,14.887,53.08,,48.7525,908.88,27.387,32.765,34.8,0,0.0923785695391952
28.07.2030 15:00,8.76,20.0,53.08,,63.5325,1041.51,19.086,48.655,34.8,0,0.111456569294549
28.07.2030 16:00,8.6,88.971,53.08,,82.10499999999999,1172.725,47.413,28.08333333333333,8.5,0,23.1992434381538
28.07.2030 17:00,8.45,102.498334721018,53.08,,86.75,1043.6775,52.822,46.785,8.5,0,35.6062672338098
28.07.2030 18:00,8.45,111.582925489689,53.08,,92.8025,752.6025,4.629,65.55666666666667,8.5,0,41.0362948540177
28.07.2030 19:00,8.45,114.736526676583,53.08,,92.735,614.405,11.658,91.3125,8.5,0,47.3322379950444
28.07.2030 20:00,8.45,113.985441249016,53.08,,87.6675,678.3425,38.701,77.5375,0.85,0,52.8518461428952
28.07.2030 21:00,8.45,111.959924417975,53.08,,67.955,742.7875,281.929,9.735,0.85,0,52.947848862958
28.07.2030 22:00,8.45,109.386896712556,53.08,,74.3675,623.955,131.431,18.4225,0.85,0,53.4033489298133
28.07.2030 23:00,8.39,101.97695424774,53.08,,65.0075,577.0625,52.901,38.055,0.85,0,60.5801225748482
29.07.2030 00:00,8.39,99.2526027960367,53.08,,61.02,500.8725,4.395,73.3225,1.31,0,63.5814204288902
29.07.2030 01:00,8.39,92.9160640763013,53.08,,65.825,418.535,0.0,78.98,1.31,0,64.1108211860663
29.07.2030 02:00,8.39,86.594,53.08,,77.70500000000001,392.76,1.576,79.45,1.31,0,49.8492151802385
29.07.2030 03:00,8.39,78.918,53.08,,75.415,469.3375,0.02,81.35,1.31,0,38.486036500734
29.07.2030 04:00,8.39,78.918,53.08,,78.865,573.28,0.411,77.8325,1.6,0,36.9655194826303
29.07.2030 05:00,8.39,78.592,53.08,,88.085,608.1475,0.518,85.395,1.6,0,35.1947059927989
29.07.2030 06:00,8.39,76.06,53.08,,81.8875,887.165,0.061,94.37,1.6,0,16.0355610234532
29.07.2030 07:00,8.6,64.986,53.08,,68.6275,1038.4275,37.124,34.74,1.6,0,12.9137483261314
29.07.2030 08:00,8.76,24.967,53.08,,52.1775,1165.6675,5.6,70.10333333333334,13.44,0,0.0
29.07.2030 09:00,8.97,16.911,53.08,,20.9225,971.905,69.551,-1.7024999999999997,13.44,0,0.0
29.07.2030 10:00,8.97,16.911,53.08,,3.4399999999999995,902.5425,56.133,11.3575,13.44,0,0.0
29.07.2030 11:00,8.97,16.911,53.08,,-0.9325,665.1325,58.256,1.6799999999999995,13.44,0,0.0
29.07.2030 12:00,8.97,16.911,53.08,,-1.315,723.83,19.441,39.5475,54.15,0,0.0
29.07.2030 13:00,8.97,16.911,53.08,,3.9525,807.5600000000001,49.45,7.6375,54.15,0,0.0
29.07.2030 14:00,8.97,17.628,53.08,,35.0325,851.69,38.661,28.9225,54.15,0,0.0
29.07.2030 15:00,8.76,23.095,53.08,,73.64,1074.1475,24.929,23.9775,54.15,0,0.0
29.07.2030 16:00,8.6,67.745,53.08,,92.04,1135.7575000000002,1.204,74.34666666666666,8.58,0,13.5735698820292
29.07.2030 17:00,8.45,85.135,53.08,,102.2025,1043.1725,19.309,28.2125,8.58,0,29.5093638570685
29.07.2030 18:00,8.45,97.276,53.08,,109.2125,754.36,0.037,78.66,8.58,0,47.3030967609242
29.07.2030 19:00,8.45,97.277,53.08,,119.645,632.02,5.59,76.11,8.58,0,51.7812814938168
29.07.2030 20:00,8.45,97.278,53.08,,111.355,694.3025,6.295999999999999,275.98,0.8,0,55.0587698008201
29.07.2030 21:00,8.45,97.279,53.08,,94.83,557.9225,65.126,38.8975,0.8,0,59.5585144653461
29.07.2030 22:00,8.45,97.278,53.08,,92.22,555.885,6.099,72.3725,0.8,0,62.9504356667111
29.07.2030 23:00,8.39,94.313,53.08,,82.725,365.895,1.728,88.92750000000001,0.8,0,63.9885721020312
30.07.2030 00:00,8.39,87.809,53.08,,84.03999999999999,371.6275,0.012,91.08,1.25,0,64.7156454094572
30.07.2030 01:00,8.39,78.918,53.08,,78.075,333.275,15.414,71.1275,1.25,0,63.0623939678996
30.07.2030 02:00,8.39,78.918,53.08,,77.8075,376.99,27.503,54.765,1.25,0,60.7281683933656
30.07.2030 03:00,8.39,78.592,53.08,,91.465,523.5625,0.5770000000000001,85.24666666666667,1.25,0,59.3510153218834
30.07.2030 04:00,8.39,78.592,53.08,,100.4525,510.1275,2.399,70.105,1.45,0,58.6078752558448
30.07.2030 05:00,8.39,78.592,53.08,,98.8,628.9925000000001,55.369,42.125,1.45,0,47.428401079447
30.07.2030 06:00,8.39,73.974,53.08,,98.9025,939.69,0.0,107.84,1.45,0,26.0753712655388
30.07.2030 07:00,8.6,53.898,53.08,,87.85249999999999,927.94,0.013,100.535,1.45,0,13.978679682827
30.07.2030 08:00,8.76,20.0,53.08,,72.75,1159.1325000000002,0.008,99.87,11.32,0,0.0
30.07.2030 09:00,8.97,14.376,53.08,,66.195,1158.1525,20.934,35.4725,11.32,0,0.0
30.07.2030 10:00,8.97,0.0,53.08,,32.2175,881.5475,0.241,,11.32,0,0.0
30.07.2030 11:00,8.97,0.0,53.08,,15.8725,1055.7725,22.456,47.2675,11.32,0,0.0
30.07.2030 12:00,8.97,0.0,53.08,,2.6925,829.16,1.825,66.46666666666665,44.52,0,0.0
30.07.2030 13:00,8.97,0.0,53.08,,12.115,897.3725,0.378,78.33,44.52,0,0.0
30.07.2030 14:00,8.97,0.0,53.08,,48.79,894.335,5.453,64.0375,44.52,0,0.0
30.07.2030 15:00,8.76,0.0,53.08,,77.8025,911.0175,7.194,32.5825,44.52,0,0.0
30.07.2030 16:00,8.6,14.376,53.08,,94.795,1109.6425,28.924,18.405,7.73,0,0.0
30.07.2030 17:00,8.45,22.552,53.08,,115.3625,1071.5925,1.588,69.93,7.73,0,0.0
30.07.2030 18:00,8.45,78.592,53.08,,119.2975,676.1175,1.299,102.33,7.73,0,31.2721060535351
30.07.2030 19:00,8.45,89.125,53.08,,114.685,608.0150000000001,0.063,100.49,7.73,0,36.5086738331403
30.07.2030 20:00,8.45,89.126,53.08,,111.155,699.2725,0.118,103.935,0.77,0,37.8194979712678
30.07.2030 21:00,8.45,89.127,53.08,,100.5,542.505,55.649,66.4075,0.77,0,38.6841426024251
30.07.2030 22:00,8.45,89.128,53.08,,94.6075,518.8050000000001,16.678,69.7475,0.77,0,44.6110022002935
30.07.2030 23:00,8.39,89.126,53.08,,92.88,422.6925,0.164,102.11,0.77,0,48.0772483955041
31.07.2030 00:00,8.39,78.592,53.08,,86.18,422.58,0.268,82.845,1.51,0,48.7279055786661
31.07.2030 01:00,8.39,80.439,53.08,,83.3325,358.0675,2.073,80.49000000000001,1.51,0,50.0231781645122
31.07.2030 02:00,8.39,80.439,53.08,,83.0275,369.1775,0.838,85.355,1.51,0,46.7531158574254
31.07.2030 03:00,8.39,80.439,53.08,,97.365,536.9775,0.003,,1.51,0,43.2167625813709
31.07.2030 04:00,8.39,80.439,53.08,,107.945,667.2475,0.24,95.82,1.67,0,39.6259985195382
31.07.2030 05:00,8.39,80.439,53.08,,108.24,661.6475,2.265,222.1833333333333,1.67,0,33.3800301563346
31.07.2030 06:00,8.39,77.871,53.08,,107.8325,999.055,0.933,416.005,1.67,0,20.2633727668191
31.07.2030 07:00,8.6,22.119,53.08,,92.8925,1117.915,14.08,63.41666666666666,1.67,0,0.083861218125468
31.07.2030 08:00,8.76,15.484,53.08,,75.1675,1025.6975,19.939,69.21000000000001,10.68,0,0.0627427405535649
31.07.2030 09:00,8.97,0.0,53.08,,78.285,1110.1525,0.0,312.23,10.68,0,0.049642980297898
31.07.2030 10:00,8.97,0.0,53.08,,68.85249999999999,922.0075,27.517,52.255,10.68,0,0.0899789866780231
31.07.2030 11:00,8.97,0.0,53.08,,67.5375,886.1725,4.0360000000000005,80.695,10.68,0,0.138884337098319
31.07.2030 12:00,8.97,0.0,53.08,,69.475,950.0025,208.773,30.01,45.0,0,0.0438805028753032
31.07.2030 13:00,8.97,0.0,53.08,,68.705,1037.47,284.038,1.74,45.0,0,0.0430746438042866
31.07.2030 14:00,8.97,0.0,53.08,,80.24,1036.1525,34.275,,45.0,0,0.0471882226663502
31.07.2030 15:00,8.76,0.032,53.08,,93.4175,1022.0675,8.836,45.8975,45.0,0,0.0521281486021618
31.07.2030 16:00,8.6,15.651,53.08,,102.355,983.8275,0.4009999999999999,76.53,6.8,0,0.0604827983261579
31.07.2030 17:00,8.45,27.047,53.08,,122.91,921.0375,2.066,75.5475,6.8,0,0.247534629983259
31.07.2030 18:00,8.45,80.439,53.08,,133.79250000000002,800.6975,9.151,76.91333333333334,6.8,0,33.1567797335874
31.07.2030 19:00,8.45,85.885,53.08,,131.9625,668.84,1.748,105.84,6.8,0,36.2529569203573
31.07.2030 20:00,8.45,85.886,53.08,,109.935,566.51,12.894,89.475,0.74,0,36.9908259802072
31.07.2030 21:00,8.45,85.886,53.08,,101.2975,522.0274999999999,2.542,93.2175,0.74,0,42.3556250803913
31.07.2030 22:00,8.45,85.886,53.08,,100.0875,389.5175,1.472,103.7075,0.74,0,47.2429919926514
31.07.2030 23:00,8.39,85.885,53.08,,99.105,339.045,2.953,89.93333333333334,0.74,0,48.7491424561024
01.08.2030 00:00,8.39,85.885,53.08,,99.95,412.3075,0.383,84.57,1.27,0,51.1288212811251
01.08.2030 01:00,8.36,90.933,53.08,,100.08,292.0525,0.053,,1.27,0,55.7393372939084
01.08.2030 02:00,8.36,90.933,53.08,,112.015,322.4275,0.0,,1.27,0,55.1661680914048
01.08.2030 03:00,8.36,90.933,53.08,,105.795,473.785,9.261,89.64333333333333,1.27,0,52.5305957763963
01.08.2030 04:00,8.36,90.981,53.08,,106.36,478.57,8.693000000000001,88.4775,1.29,0,48.9163738182112
01.08.2030 05:00,8.36,90.981,53.08,,108.1975,639.155,15.805,125.7825,1.29,0,42.9673103201471
01.08.2030 06:00,8.36,90.755,53.08,,99.2425,727.16,92.093,58.185,1.29,0,36.7212717019352
01.08.2030 07:00,8.55,83.616,53.08,,92.3175,774.3025,7.814999999999999,95.625,1.29,0,15.9898635735906
01.08.2030 08:00,8.7,39.641,53.08,,81.58250000000001,1079.9675,156.691,15.025,9.02,0,8.87342962365629
01.08.2030 09:00,8.91,15.017,53.08,,73.27,978.8,13.318,60.44,9.02,0,2.32347289913085
01.08.2030 10:00,8.91,14.376,53.08,,54.995000000000005,1049.7575,113.504,27.9325,9.02,0,2.09835329281562
01.08.2030 11:00,8.91,15.017,53.08,,17.735,851.8925,171.29500000000002,5.2375,9.02,0,2.22173104360321
01.08.2030 12:00,8.91,15.651,53.08,,3.65,788.8924999999999,69.136,8.622499999999999,35.88,0,2.39887139798814
01.08.2030 13:00,8.91,19.296,53.08,,4.192500000000001,956.055,66.686,4.4525,35.88,0,2.7452905432926
01.08.2030 14:00,8.91,24.647,53.08,,42.0625,1126.9675,112.983,2.3075,35.88,0,7.56542326705928
01.08.2030 15:00,8.7,41.047,53.08,,59.9125,1120.4425,0.929,37.77666666666666,35.88,0,10.1124117766029
01.08.2030 16:00,8.55,78.592,53.08,,94.16,1088.7175,0.0,,6.54,0,19.0728790803186
01.08.2030 17:00,8.4,96.1803828823255,53.08,,102.3675,960.8475,41.466,28.055,6.54,0,37.3648043185371
01.08.2030 18:00,8.4,108.708109630687,53.08,,106.6175,742.45,64.068,44.9925,6.54,0,77.3206395261268
01.08.2030 19:00,8.4,117.90924501475,53.08,,102.8125,699.185,3.4730000000000003,95.87,6.54,0,90.2703129757903
01.08.2030 20:00,8.4,118.277295365376,53.08,,102.23,737.8625,0.213,157.32,0.72,0,94.7754140083245
01.08.2030 21:00,8.4,117.946110649785,53.08,,97.6525,593.9100000000001,27.553,135.335,0.72,0,97.2424735976008
01.08.2030 22:00,8.4,114.47935784528,53.08,,93.3525,471.5675,27.07,79.015,0.72,0,111.640010619049
01.08.2030 23:00,8.36,109.466035095971,53.08,,91.0075,409.8325,7.285,82.0625,0.72,0,108.47967533491
02.08.2030 00:00,8.36,104.122108462166,53.08,,86.655,327.92999999999995,19.585,75.26,1.24,0,105.582653655151
02.08.2030 01:00,8.06,102.415505159195,53.08,,84.61,346.4825,29.595,58.32333333333333,1.24,0,100.511770663815
02.08.2030 02:00,8.06,101.893500520874,53.08,,75.28,296.76750000000004,5.937,78.24000000000001,1.24,0,102.80096547938
02.08.2030 03:00,8.06,102.303774119996,53.08,,70.6975,379.88,38.757,60.0775,1.24,0,99.1294505089393
02.08.2030 04:00,8.06,102.774643595029,53.08,,68.1075,397.125,0.019,90.52,1.41,0,95.6861814427835
02.08.2030 05:00,8.06,103.660458773462,53.08,,72.0475,439.59,13.175999999999998,62.8525,1.41,0,84.8733847555205
02.08.2030 06:00,8.06,96.0273320147579,53.08,,64.8275,638.4425,3.3240000000000003,73.6125,1.41,0,58.9738864531764
02.08.2030 07:00,8.19,66.71,53.08,,52.85,878.435,44.699,47.935,1.41,0,12.7519656891854
02.08.2030 08:00,8.29,15.651,53.08,,11.3875,870.0425,11.549,11.003333333333332,15.07,0,0.0679294535621108
02.08.2030 09:00,8.41,0.0,53.08,,-3.44,790.88,13.142,25.75333333333333,15.07,0,0.049365856003252
02.08.2030 10:00,8.41,0.0,53.08,,-5.625,711.46,9.685,34.0775,15.07,0,0.0850056512731245
02.08.2030 11:00,8.41,0.0,53.08,,-4.8675,654.41,61.409,2.380000000000001,15.07,0,0.125293049105258
02.08.2030 12:00,8.41,0.0,53.08,,-10.945,657.5725,51.807,-6.1875,51.32,0,0.0424386392324771
02.08.2030 13:00,8.41,-23.5743480549936,53.08,,-10.235,697.715,8.643999999999998,32.1075,51.32,0,0.0458791591836662
02.08.2030 14:00,8.41,0.0,53.08,,-5.18,813.44,7.392,34.730000000000004,51.32,0,0.0431170315804417
02.08.2030 15:00,8.29,0.081,53.08,,51.97,985.655,0.0,69.4425,51.32,0,0.0511185960701033
02.08.2030 16:00,8.19,36.113,53.08,,76.0925,966.265,78.06,0.6933333333333339,16.39,0,8.32277967715208
02.08.2030 17:00,8.1,88.947,53.08,,82.0375,788.4475,5.238,28.43,16.39,0,29.8793869271289
02.08.2030 18:00,8.1,96.182,53.08,,88.86,629.76,0.0,,16.39,0,35.6783877291823
02.08.2030 19:00,8.1,96.183,53.08,,103.295,651.78,0.0,,16.39,0,41.7366402826667
02.08.2030 20:00,8.1,96.184,53.08,,103.8725,714.28,7.019,87.35,0.76,0,43.8126664475915
02.08.2030 21:00,8.1,96.182,53.08,,91.9675,643.7525,7.033,98.355,0.76,0,42.0225356477887
02.08.2030 22:00,8.1,78.592,53.08,,83.1575,562.885,9.14,92.96666666666664,0.76,0,38.82648639707
02.08.2030 23:00,8.06,66.71,53.08,,77.595,404.205,145.922,27.27,0.76,0,13.7956500023016
03.08.2030 00:00,8.06,66.71,53.08,,62.0825,477.41,66.267,39.9275,4.63,0,14.0428340190994
03.08.2030 01:00,8.04,64.307,53.08,,47.4675,420.035,25.535,40.6875,4.63,0,14.1137657867633
03.08.2030 02:00,8.04,59.656,53.08,,39.8825,430.09,33.471000000000004,40.7325,4.63,0,13.1577458194951
03.08.2030 03:00,8.04,61.71,53.08,,40.0625,396.4975,8.192,53.7525,4.63,0,14.1385225565102
03.08.2030 04:00,8.04,64.307,53.08,,31.77,532.23,0.5760000000000001,78.725,5.2,0,15.2266633249166
03.08.2030 05:00,8.04,64.307,53.08,,19.185,520.2175,0.006,79.65,5.2,0,14.4830151230561
03.08.2030 06:00,8.04,64.307,53.08,,11.275,592.38,0.086,71.37,5.2,0,12.0493675883749
03.08.2030 07:00,8.18,20.715,53.08,,-1.13,672.3199999999999,20.249,23.725,5.2,0,0.0823944267586415
03.08.2030 08:00,8.27,16.349,53.08,,5.42,721.4300000000001,10.512,16.817500000000003,31.72,0,0.0653635441821681
03.08.2030 09:00,8.39,15.373,53.08,,-0.51,647.51,33.325,20.0175,31.72,0,0.0553344717656957
03.08.2030 10:00,8.39,15.373,53.08,,-0.7150000000000001,685.01,31.603,-0.865,31.72,0,0.100388051954619
03.08.2030 11:00,8.39,15.373,53.08,,-2.4325,680.0350000000001,58.873000000000005,0.2274999999999998,31.72,0,0.202494269505799
03.08.2030 12:00,8.39,15.373,53.08,,-8.0975,806.23,0.22,29.95,58.48,0,0.0507846219044599
03.08.2030 13:00,8.39,15.373,53.08,,-2.515,691.1725,0.003,43.765,58.48,0,0.0521967245486446
03.08.2030 14:00,8.39,15.374,53.08,,2.365,675.0175,0.823,43.91333333333333,58.48,0,0.0576767664831671
03.08.2030 15:00,8.27,16.75,53.08,,30.910000000000004,1012.76,8.891,21.415,58.48,0,0.0662367967912287
03.08.2030 16:00,8.18,64.307,53.08,,69.685,1107.35,7.800000000000001,12.156666666666666,27.49,0,10.1561685163998
03.08.2030 17:00,8.08,78.592,53.08,,76.045,897.2475,126.336,-6.602499999999999,27.49,0,28.115303344102
03.08.2030 18:00,8.08,91.702,53.08,,79.9175,775.1,2.267,76.145,27.49,0,43.519767060036
03.08.2030 19:00,8.08,103.853,53.08,,88.45,571.7125,0.0,,27.49,0,48.8678254283656
03.08.2030 20:00,8.08,103.854,53.08,,86.8525,555.4925,10.495,84.73,0.74,0,49.9427651096912
03.08.2030 21:00,8.08,103.855,53.08,,80.87,525.365,10.062,91.9325,0.74,0,58.1613105026489
03.08.2030 22:00,8.08,103.854,53.08,,84.7525,547.73,40.219,73.6125,0.74,0,65.8870642109256
03.08.2030 23:00,8.04,96.566,53.08,,68.0275,594.54,345.23900000000003,-13.0275,0.74,0,66.3783962250913
04.08.2030 00:00,8.04,91.134,53.08,,63.4275,490.355,20.899,58.6975,3.6,0,67.4487527154581
04.08.2030 01:00,8.36,91.782,53.08,,61.995,462.51,22.419,53.0325,3.6,0,71.2412949223827
04.08.2030 02:00,8.36,91.782,53.08,,71.48,431.9925,0.092,79.71000000000001,3.6,0,69.0681940645244
04.08.2030 03:00,8.36,91.782,53.08,,82.92,631.1275,80.221,42.2925,3.6,0,67.6143481177876
04.08.2030 04:00,8.36,91.782,53.08,,98.7425,778.5325,109.902,37.3675,3.37,0,63.1073205359138
04.08.2030 05:00,8.36,91.782,53.08,,130.815,804.0799999999999,96.853,44.5975,3.37,0,58.1716944867792
04.08.2030 06:00,8.36,91.782,53.08,,139.8725,931.635,35.505,68.2275,3.37,0,49.6522008646282
04.08.2030 07:00,8.55,78.592,53.08,,85.9125,1047.8875,43.876000000000005,73.6975,3.37,0,14.4190349518931
04.08.2030 08:00,8.7,17.457,53.08,,67.795,994.73,76.076,60.5525,17.36,0,0.100717309649135
04.08.2030 09:00,8.91,15.479,53.08,,44.8675,1033.3725,0.6699999999999999,64.86500000000001,17.36,0,0.0774519107793201
04.08.2030 10:00,8.91,15.48,53.08,,5.819999999999999,943.2475,5.288,65.2875,17.36,0,0.117123659524823
04.08.2030 11:00,8.91,15.48,53.08,,2.4425000000000003,771.005,3.5860000000000003,32.2025,17.36,0,0.220590218127008
04.08.2030 12:00,8.91,15.48,53.08,,-7.805,736.16,27.713,38.07333333333333,46.03,0,0.0804503138594139
04.08.2030 13:00,8.91,15.48,53.08,,-5.6475,662.565,0.802,52.51,46.03,0,0.0808541067079208
04.08.2030 14:00,8.91,15.651,53.08,,-1.1624999999999996,973.135,66.595,5.2,46.03,0,0.0845017757632999
04.08.2030 15:00,8.7,18.019,53.08,,39.3475,1319.325,4.302,20.01333333333333,46.03,0,0.0919820123667464
04.08.2030 16:00,8.55,60.742,53.08,,70.4625,1257.5175,12.527,34.0125,13.88,0,10.7263530209829
04.08.2030 17:00,8.4,91.782,53.08,,84.97749999999999,983.635,87.286,34.475,13.88,0,22.7998233241172
04.08.2030 18:00,8.4,120.14143258413,53.08,,90.5575,839.78,0.0,101.31,13.88,0,69.8465505751418
04.08.2030 19:00,8.4,136.008061008751,53.08,,77.80499999999999,800.9725,85.32300000000001,49.650000000000006,13.88,0,83.5961640009187
04.08.2030 20:00,8.4,137.302671531735,53.08,,66.535,926.19,216.386,4.252500000000001,2.0,0,84.9325149634696
04.08.2030 21:00,8.4,135.85972414985,53.08,,48.9575,857.435,222.74,-17.1325,2.0,0,92.9200372122691
04.08.2030 22:00,8.4,133.06555194772,53.08,,31.8375,795.3475,52.898,26.845,2.0,0,106.086989015748
04.08.2030 23:00,8.36,109.469027841295,53.08,,33.34,686.605,72.51499999999999,35.715,2.0,0,104.663378639142
05.08.2030 00:00,8.36,100.702739271482,53.08,,31.1425,629.01,13.861,49.905,4.9,0,109.702177862504
05.08.2030 01:00,8.36,100.745761525149,53.08,,26.2675,558.6875,88.799,-0.2950000000000002,4.9,0,103.27111072323
05.08.2030 02:00,8.36,100.009168448514,53.08,,23.625,706.79,49.688,18.7375,4.9,0,106.925082344053
05.08.2030 03:00,8.36,98.3850660197094,53.08,,45.1325,844.1975,55.273,33.615,4.9,0,107.156066858423
05.08.2030 04:00,8.36,98.3155333155226,53.08,,72.0275,763.7925,1.85,55.00666666666666,3.2,0,108.134888884379
05.08.2030 05:00,8.36,95.6495247457702,53.08,,77.4475,816.1025,1.44,86.34,3.2,0,97.3683525465397
05.08.2030 06:00,8.36,87.7682019280345,53.08,,57.895,1219.3175,0.002,91.455,3.2,0,32.0635226027973
05.08.2030 07:00,8.55,63.179,53.08,,38.1225,1226.905,0.071,66.14999999999999,3.2,0,15.4246960293267
05.08.2030 08:00,8.7,19.772,53.08,,23.1675,1446.85,7.220000000000001,59.92,17.66,0,0.0
05.08.2030 09:00,8.91,14.376,53.08,,6.8775,1117.325,4.701,67.3125,17.66,0,0.0
05.08.2030 10:00,8.91,14.376,53.08,,5.795,1147.51,0.073,94.45,17.66,0,0.0
05.08.2030 11:00,8.91,14.376,53.08,,0.7125,976.4225,6.595000000000001,44.807500000000005,17.66,0,0.0
05.08.2030 12:00,8.91,14.376,53.08,,-0.1825,789.9675,27.966,22.425,61.04,0,0.0
05.08.2030 13:00,8.91,14.376,53.08,,-1.1124999999999998,750.6725,16.315,61.995,61.04,0,0.0
05.08.2030 14:00,8.91,14.377,53.08,,-1.65,611.5975,75.907,,61.04,0,0.0
05.08.2030 15:00,8.7,15.651,53.08,,1.0825,903.085,23.446,,61.04,0,0.0
05.08.2030 16:00,8.55,21.001,53.08,,15.15,1287.3874999999998,75.707,,24.71,0,0.0
05.08.2030 17:00,8.4,86.961,53.08,,68.5175,1273.0925,66.891,-49.53,24.71,0,20.5935074756011
05.08.2030 18:00,8.4,125.511081392608,53.08,,96.4075,930.805,14.524,30.23333333333333,24.71,0,58.761344860373
05.08.2030 19:00,8.4,145.958586852917,53.08,,92.5525,894.9225,51.999,36.285,24.71,0,65.1325482162786
05.08.2030 20:00,8.4,146.129248439998,53.08,,88.155,789.215,34.006,52.34,2.6,0,68.7632481854741
05.08.2030 21:00,8.4,140.238447215974,53.08,,71.32249999999999,780.11,71.209,14.597499999999998,2.6,0,81.8369478571326
05.08.2030 22:00,8.4,138.393969890107,53.08,,64.3125,563.435,54.234,21.19,2.6,0,77.53399630324
05.08.2030 23:00,8.36,103.022189414944,53.08,,51.8,468.555,45.623,19.0625,2.6,0,71.7995488617264
06.08.2030 00:00,8.36,101.157233283119,53.08,,57.5775,331.33,1.644,55.1475,4.63,0,78.3892066829746
06.08.2030 01:00,8.36,81.209,53.08,,63.625,327.0625,11.188,47.75666666666667,4.63,0,55.4070475662567
06.08.2030 02:00,8.36,81.209,53.08,,62.4925,479.16,80.88799999999999,4.1075,4.63,0,58.4131986333839
06.08.2030 03:00,8.36,81.209,53.08,,70.63499999999999,617.945,6.023,19.98333333333333,4.63,0,60.042255318169
06.08.2030 04:00,8.36,81.209,53.08,,76.39,722.7850000000001,7.42,28.7675,22.2,0,60.782917879733
06.08.2030 05:00,8.36,81.209,53.08,,83.6975,735.3925,1.593,62.91,22.2,0,61.9283572063961
06.08.2030 06:00,8.36,78.592,53.08,,82.50999999999999,1186.6750000000002,0.0,119.01,22.2,0,29.7386638981081
06.08.2030 07:00,8.55,57.391,53.08,,57.925,1341.15,1.601,90.26333333333334,22.2,0,15.9934676334588
06.08.2030 08:00,8.7,24.647,53.08,,5.835,1041.6975,33.686,-10.0975,65.72,0,5.66933747343828
06.08.2030 09:00,8.91,19.992,53.08,,-3.5500000000000003,952.115,8.520999999999999,13.7525,65.72,0,1.48689389590367
06.08.2030 10:00,8.91,19.272,53.08,,0.0349999999999999,757.2325000000001,4.504,72.715,65.72,0,1.25532620120822
06.08.2030 11:00,8.91,19.218,53.08,,1.57,705.615,5.334,22.0925,65.72,0,1.15202092701935
06.08.2030 12:00,8.91,19.218,53.08,,-0.525,867.74,45.112,-5.5,96.29,0,1.04661077083632
06.08.2030 13:00,8.91,19.218,53.08,,2.56,837.7725,70.896,12.42,96.29,0,1.04654711923964
06.08.2030 14:00,8.91,19.219,53.08,,3.83,930.9225,188.755,-5.84,96.29,0,1.11992376612678
06.08.2030 15:00,8.7,20.0,53.08,,41.085,1161.1975,177.33,112.955,96.29,0,1.27656359611532
06.08.2030 16:00,8.55,53.552,53.08,,86.7,1259.8,1.581,62.02666666666667,42.56,0,9.64751830432188
06.08.2030 17:00,8.4,81.209,53.08,,118.39,1203.275,1.467,101.8525,42.56,0,46.8375499981637
06.08.2030 18:00,8.4,98.032,53.08,,157.79000000000002,890.3924999999999,0.365,89.09,42.56,0,71.5672953749907
06.08.2030 19:00,8.4,100.269,53.08,,122.5675,898.5025,1.369,100.0775,42.56,0,75.3857750821453
06.08.2030 20:00,8.4,100.27,53.08,,112.3125,667.4275,26.812,76.4,1.58,0,76.1235827414767
06.08.2030 21:00,8.4,100.271,53.08,,97.3625,475.65,5.876,90.8425,1.58,0,75.8593074556542
06.08.2030 22:00,8.4,96.324,53.08,,99.8575,446.3275,12.852,86.42,1.58,0,77.3065532446147
06.08.2030 23:00,8.36,83.759,53.08,,97.9475,351.3075,1.935,82.46666666666665,1.58,0,66.0856286750654
07.08.2030 00:00,8.36,81.209,53.08,,91.1425,237.7075,1.157,96.5925,2.8,0,61.5119524462189
07.08.2030 01:00,8.36,91.702,53.08,,90.6475,315.745,0.86,93.70666666666666,2.8,0,42.1056072086694
07.08.2030 02:00,8.36,89.809,53.08,,96.41,374.7975,13.96,78.0575,2.8,0,37.7286218742422
07.08.2030 03:00,8.36,84.003,53.08,,104.84,428.14,6.552,85.22,2.8,0,35.459008988352
07.08.2030 04:00,8.36,89.809,53.08,,102.29,484.735,16.667,82.965,6.2,0,34.0377920669405
07.08.2030 05:00,8.36,89.809,53.08,,110.45,679.01,0.827,89.6,6.2,0,30.9063058786174
07.08.2030 06:00,8.36,89.809,53.08,,95.885,811.76,0.046,107.26,6.2,0,27.7546979593337
07.08.2030 07:00,8.55,80.341,53.08,,78.18,960.5425,0.009,104.72,6.2,0,23.2344540343045
07.08.2030 08:00,8.7,54.944,53.08,,39.98,1173.945,0.647,71.585,32.0,0,15.1855629428652
07.08.2030 09:00,8.91,20.0,53.08,,0.2350000000000003,973.3725,196.084,-7.785,32.0,0,0.148690096761087
07.08.2030 10:00,8.91,17.73,53.08,,-3.45,889.0475,263.601,-28.53,32.0,0,0.13361663670124
07.08.2030 11:00,8.91,17.73,53.08,,-20.64,871.985,169.462,-12.975,32.0,0,0.220550555783493
07.08.2030 12:00,8.91,17.73,53.08,,-23.5775,869.765,24.277,12.8,72.5,0,0.0754639166720447
07.08.2030 13:00,8.91,17.73,53.08,,-9.685,919.375,8.916,-1.1999999999999995,72.5,0,0.0774245220537734
07.08.2030 14:00,8.91,18.452,53.08,,18.705,1117.23,1.074,,72.5,0,0.0842139537876626
07.08.2030 15:00,8.7,19.018,53.08,,67.055,1251.965,29.191,,72.5,0,0.0917224061870242
07.08.2030 16:00,8.55,20.47,53.08,,91.725,1129.485,0.0,96.92,23.2,0,0.100454607033761
07.08.2030 17:00,8.4,39.166,53.08,,146.385,1014.6775,0.0,110.5,23.2,0,0.356790935845557
07.08.2030 18:00,8.4,56.261,53.08,,160.9625,1319.2875,2.251,62.0,23.2,0,0.376126138795072
07.08.2030 19:00,8.4,56.262,53.08,,142.74,1116.33,0.0,,23.2,0,0.389307705095328
07.08.2030 20:00,8.4,56.262,53.08,,132.58,908.035,0.786,98.945,1.18,0,0.391057905567212
07.08.2030 21:00,8.4,56.262,53.08,,105.75,691.4,26.351,79.60499999999999,1.18,0,0.413849378100771
07.08.2030 22:00,8.4,39.166,53.08,,92.84,541.5475,84.611,74.37,1.18,0,0.435090892120747
07.08.2030 23:00,8.36,20.69,53.08,,91.5025,504.9425,5.3420000000000005,96.9125,1.18,0,0.0
08.08.2030 00:00,8.36,20.0,53.08,,88.13250000000001,467.835,3.092,103.14,2.24,0,0.0
08.08.2030 01:00,8.36,25.614,53.08,,91.9925,379.505,0.8200000000000001,103.3775,2.24,0,0.0
08.08.2030 02:00,8.36,25.614,53.08,,90.2525,444.9725,0.002,,2.24,0,0.0
08.08.2030 03:00,8.36,25.614,53.08,,104.015,674.8175,0.0,,2.24,0,0.0
08.08.2030 04:00,8.36,27.556,53.08,,113.47,723.48,36.016000000000005,80.1625,3.74,0,0.0
08.08.2030 05:00,8.36,28.989,53.08,,114.8825,734.28,12.012,81.47333333333334,3.74,0,0.0
08.08.2030 06:00,8.36,28.989,53.08,,102.81,907.515,1.477,98.4625,3.74,0,0.0
08.08.2030 07:00,8.55,16.023,53.08,,90.3075,1032.3975,0.205,105.465,3.74,0,0.0
08.08.2030 08:00,8.7,0.0,53.08,,71.24,1169.77,17.329,68.3775,27.62,0,0.0
08.08.2030 09:00,8.91,0.0,53.08,,46.59,1257.6374999999998,12.391,47.35666666666666,27.62,0,0.0
08.08.2030 10:00,8.91,0.0,53.08,,39.1325,1179.8875,0.151,81.91,27.62,0,0.0
08.08.2030 11:00,8.91,0.0,53.08,,50.66,1336.95,6.309,55.64333333333334,27.62,0,0.0
08.08.2030 12:00,8.91,0.0,53.08,,31.5075,1012.5275,0.0,104.64333333333332,69.68,0,0.0
08.08.2030 13:00,8.91,0.0,53.08,,30.645,1170.1725,27.002,46.7,69.68,0,0.0
08.08.2030 14:00,8.91,0.0,53.08,,49.605,1220.615,0.324,75.395,69.68,0,0.0
08.08.2030 15:00,8.7,0.0,53.08,,84.71,1393.935,0.0,108.24,69.68,0,0.0
08.08.2030 16:00,8.55,0.101,53.08,,96.62,1012.4175,0.8089999999999999,70.14500000000001,18.83,0,0.0
08.08.2030 17:00,8.4,30.876,53.08,,103.1275,1079.7825,17.422,52.6625,18.83,0,5.69064450917534
08.08.2030 18:00,8.4,78.592,53.08,,113.38,760.7475,0.101,91.6,18.83,0,25.2974478247268
08.08.2030 19:00,8.4,78.594,53.08,,116.395,725.015,0.0,177.25,18.83,0,29.2849851992094
08.08.2030 20:00,8.4,78.594,53.08,,99.1675,560.7975,3.435,102.185,1.03,0,28.842539695502
08.08.2030 21:00,8.4,78.595,53.08,,97.9875,499.195,1.641,99.02,1.03,0,30.0187669495649
08.08.2030 22:00,8.4,78.595,53.08,,100.575,470.585,0.145,97.45,1.03,0,34.1150111225814
08.08.2030 23:00,8.36,78.592,53.08,,100.7775,387.9625,1.937,87.57,1.03,0,37.2802147232854
09.08.2030 00:00,8.36,78.592,53.08,,96.5425,298.6125,17.847,82.7775,1.87,0,40.6690639514192
09.08.2030 01:00,8.06,89.194,53.08,,90.44,223.86,8.326,83.33250000000001,1.87,0,43.0299532425783
09.08.2030 02:00,8.06,89.387,53.08,,92.3025,174.695,0.0,,1.87,0,43.3748431262776
09.08.2030 03:00,8.06,90.444,53.08,,104.5575,358.16,0.0,,1.87,0,43.8218773534044
09.08.2030 04:00,8.06,90.754,53.08,,98.62,393.2525,2.83,77.39,2.63,0,42.9893805495018
09.08.2030 05:00,8.06,90.755,53.08,,92.9725,581.8425,15.032,75.42,2.63,0,39.7837298009264
09.08.2030 06:00,8.06,90.755,53.08,,80.5625,939.2975,29.92,60.1025,2.63,0,34.7746901621946
09.08.2030 07:00,8.19,78.592,53.08,,53.17,1275.7775,0.0,,2.63,0,26.2564384206325
09.08.2030 08:00,8.29,19.541,53.08,,41.39,1134.5225,4.1240000000000006,55.09333333333333,41.62,0,0.0934892207937754
09.08.2030 09:00,8.41,14.376,53.08,,8.4275,884.8625,14.014,31.567500000000003,41.62,0,0.0735941651551055
09.08.2030 10:00,8.41,14.376,53.08,,-5.2725,701.0025,2.881,36.6275,41.62,0,0.103170677842608
09.08.2030 11:00,8.41,14.376,53.08,,-9.73,754.375,0.021,81.05,41.62,0,0.194802851434847
09.08.2030 12:00,8.41,14.377,53.08,,-18.0425,667.55,0.987,42.725,82.01,0,0.0786488834300446
09.08.2030 13:00,8.41,15.651,53.08,,-7.84,680.885,13.061,18.35,82.01,0,0.0812555518636058
09.08.2030 14:00,8.41,15.85,53.08,,-1.7075,737.2275,5.798,45.6125,82.01,0,0.0863819770005733
09.08.2030 15:00,8.29,20.376,53.08,,-0.8025000000000002,887.6025,11.646,39.8875,82.01,0,0.0922934527674141
09.08.2030 16:00,8.19,74.748,53.08,,59.6675,1038.5925,14.728,18.646666666666665,30.72,0,9.82424306255319
09.08.2030 17:00,8.1,94.1147662593828,53.08,,94.0675,849.39,2.115,43.4,30.72,0,32.6315543958382
09.08.2030 18:00,8.1,122.494647355236,53.08,,105.5025,684.64,1.07,96.64,30.72,0,58.7165176182077
09.08.2030 19:00,8.1,134.049925788357,53.08,,124.875,883.2425000000001,14.206,69.66,30.72,0,67.8944560398846
09.08.2030 20:00,8.1,135.403574254136,53.08,,105.225,686.04,0.622,88.07,1.29,0,69.5382200881206
09.08.2030 21:00,8.1,132.570458759621,53.08,,95.5825,515.6625,4.444,86.65666666666668,1.29,0,79.3922412282614
09.08.2030 22:00,8.1,128.210999033817,53.08,,90.15,521.685,2.385,86.0675,1.29,0,84.8887001876985
09.08.2030 23:00,8.06,105.534177688404,53.08,,83.8925,406.35,5.839,84.11,1.29,0,86.0332229182589
10.08.2030 00:00,8.06,104.763388374485,53.08,,78.37,416.625,5.7010000000000005,80.86749999999999,3.47,0,88.1119204607927
10.08.2030 01:00,8.04,100.743434436009,53.08,,72.0575,417.2975,3.159,80.3975,3.47,0,96.8522343855531
10.08.2030 02:00,8.04,100.591574444492,53.08,,74.2625,391.1,7.633999999999999,69.115,3.47,0,94.0806310950066
10.08.2030 03:00,8.04,100.98102783246,53.08,,76.04,423.135,18.248,64.47749999999999,3.47,0,91.8922356094515
10.08.2030 04:00,8.04,103.448808537438,53.08,,80.5075,406.075,0.269,80.27250000000001,5.26,0,84.1257233142477
10.08.2030 05:00,8.04,106.136559998394,53.08,,61.36750000000001,736.6475,0.0,78.95,5.26,0,80.7148285241694
10.08.2030 06:00,8.04,104.050348328699,53.08,,18.667500000000004,1009.1725,0.495,76.585,5.26,0,64.1581735201286
10.08.2030 07:00,8.18,95.629573576774,53.08,,7.922499999999999,891.765,3.5,33.169999999999995,5.26,0,49.9946236044388
10.08.2030 08:00,8.27,67.907,53.08,,-1.3475,795.3775,20.18,2.245,64.8,0,10.3247684147465
10.08.2030 09:00,8.39,16.813,53.08,,-7.74,736.74,10.141,7.1575,64.8,0,2.76678934295886
10.08.2030 10:00,8.39,16.813,53.08,,-14.857499999999998,833.5725,10.435,29.005000000000003,64.8,0,2.56976374050342
10.08.2030 11:00,8.39,16.813,53.08,,-29.8675,814.835,17.129,25.5025,64.8,0,2.58044859443125
10.08.2030 12:00,8.39,16.813,53.08,,-26.205,703.71,104.583,-13.095,99.42,0,2.58028660889738
10.08.2030 13:00,8.39,16.813,53.08,,-9.385,619.345,61.564,-3.3550000000000004,99.42,0,2.64140215609696
10.08.2030 14:00,8.39,16.814,53.08,,-2.2375000000000003,704.605,27.253,0.9024999999999994,99.42,0,2.68147072096553
10.08.2030 15:00,8.27,20.0,53.08,,16.177500000000002,1025.7225,62.844,-9.785,99.42,0,2.85293813805871
10.08.2030 16:00,8.18,63.827,53.08,,91.125,1223.5825,128.729,-7.442500000000003,41.38,0,9.27160217111125
10.08.2030 17:00,8.08,90.816,53.08,,115.475,1181.2075,2.52,21.05,41.38,0,19.997924373647
10.08.2030 18:00,8.08,115.936322319351,53.08,,122.3625,741.5025,11.811,65.63,41.38,0,44.6369881498096
10.08.2030 19:00,8.08,120.757703172926,53.08,,118.205,569.335,0.0,,41.38,0,49.0887869232375
10.08.2030 20:00,8.08,121.380111332116,53.08,,107.9225,498.5425,0.008,98.095,1.3,0,49.3548236181418
10.08.2030 21:00,8.08,118.906325597295,53.08,,97.61,465.3175,153.081,57.3125,1.3,0,56.3072937486444
10.08.2030 22:00,8.08,117.945389266435,53.08,,98.3275,307.98,10.055,82.7075,1.3,0,62.3846541003261
10.08.2030 23:00,8.04,101.777149082181,53.08,,91.1825,280.27750000000003,0.0,106.71,1.3,0,70.3528258323665
11.08.2030 00:00,8.04,101.313027884876,53.08,,88.5125,233.865,7.425,81.85499999999999,2.3,0,74.762830256192
11.08.2030 01:00,8.36,97.102475217885,53.08,,83.6425,231.1975,44.283,75.77250000000001,2.3,0,79.2377578609039
11.08.2030 02:00,8.36,96.006975745955,53.08,,90.15,394.41,25.406,80.5525,2.3,0,78.1316625646498
11.08.2030 03:00,8.36,95.5665050013111,53.08,,94.135,447.785,17.461,73.32249999999999,2.3,0,76.7082666488649
11.08.2030 04:00,8.36,98.3078458524444,53.08,,99.16,585.3975,5.042000000000001,85.2325,3.29,0,67.4020017273408
11.08.2030 05:00,8.36,101.694196839809,53.08,,102.675,704.595,2.067,99.16,3.29,0,64.5270897156467
11.08.2030 06:00,8.36,97.4149928591005,53.08,,93.75,990.9225,17.416,78.265,3.29,0,53.4687315929322
11.08.2030 07:00,8.55,88.961,53.08,,81.695,931.51,10.701,75.795,3.29,0,24.3563349994982
11.08.2030 08:00,8.7,61.297,53.08,,47.7875,1186.4875,0.014,106.45,36.5,0,9.79695714482369
11.08.2030 09:00,8.91,15.65,53.08,,27.2025,1024.385,4.592,63.47,36.5,0,2.64536847890653
11.08.2030 10:00,8.91,15.65,53.08,,20.33,842.14,9.004999999999999,53.307500000000005,36.5,0,2.7369053353825
11.08.2030 11:00,8.91,15.65,53.08,,0.3199999999999998,717.8675000000001,98.824,-6.555,36.5,0,2.88076893690539
11.08.2030 12:00,8.91,15.651,53.08,,2.2600000000000007,708.3475,12.142,27.7325,76.5,0,2.72976927193894
11.08.2030 13:00,8.91,15.651,53.08,,22.7175,986.355,19.706,61.24,76.5,0,2.70914664381476
11.08.2030 14:00,8.91,15.651,53.08,,56.5075,1013.8575,21.96,51.62,76.5,0,2.73990890852671
11.08.2030 15:00,8.7,16.845,53.08,,91.1,1284.11,7.071,7.74,76.5,0,2.91670759869813
11.08.2030 16:00,8.55,65.069,53.08,,116.66,1257.3625,0.57,87.11333333333334,22.5,0,9.96704599816353
11.08.2030 17:00,8.4,88.961,53.08,,161.76749999999998,922.97,13.711,78.65,22.5,0,28.2260882296314
11.08.2030 18:00,8.4,108.207,53.08,,171.5025,874.135,5.778,80.24000000000001,22.5,0,43.5159287699769
11.08.2030 19:00,8.4,108.324,53.08,,127.705,842.71,2.109,77.8,22.5,0,48.8840846368399
11.08.2030 20:00,8.4,108.325,53.08,,105.4475,816.6975,134.56,74.765,1.5,0,50.4426878382444
11.08.2030 21:00,8.4,108.326,53.08,,91.6725,596.4925000000001,14.92,86.385,1.5,0,53.3445150882257
11.08.2030 22:00,8.4,107.58,53.08,,90.415,337.85,13.158,86.41499999999999,1.5,0,58.9240833621708
11.08.2030 23:00,8.36,91.782,53.08,,84.0525,233.275,1.405,85.6725,1.5,0,62.6151288922322
12.08.2030 00:00,8.36,88.961,53.08,,80.39,172.31,18.035,67.3,1.74,0,58.8532749628793
12.08.2030 01:00,8.36,96.738,53.08,,81.3325,197.5825,2.544,86.4625,1.74,0,56.3002749364156
12.08.2030 02:00,8.36,96.738,53.08,,81.7675,233.1025,0.107,82.05,1.74,0,60.5416069992926
12.08.2030 03:00,8.36,96.738,53.08,,94.9075,357.8925,0.0,,1.74,0,59.366619920749
12.08.2030 04:00,8.36,96.564,53.08,,97.0075,416.7675,3.717,85.89333333333333,2.3,0,62.6754100615314
12.08.2030 05:00,8.36,95.135,53.08,,108.6525,624.11,0.046,102.29,2.3,0,63.1315446727245
12.08.2030 06:00,8.36,78.241,53.08,,101.495,765.585,12.903,92.08,2.3,0,42.8737984571386
12.08.2030 07:00,8.55,49.411,53.08,,90.57,971.075,8.687000000000001,93.405,2.3,0,15.2884800350321
12.08.2030 08:00,8.7,15.618,53.08,,96.765,1514.6325,0.0,109.0,42.14,0,0.0
12.08.2030 09:00,8.91,0.0,53.08,,74.385,1430.67,22.548,67.6125,42.14,0,0.0
12.08.2030 10:00,8.91,0.0,53.08,,43.43,1140.8225,22.721,56.035,42.14,0,0.0
12.08.2030 11:00,8.91,0.0,53.08,,16.794999999999998,908.805,11.911,69.255,42.14,0,0.0
12.08.2030 12:00,8.91,0.0,53.08,,12.2925,904.2675,14.896,53.4275,82.32,0,0.0
12.08.2030 13:00,8.91,0.0,53.08,,40.135,1007.3225,86.169,-2.395,82.32,0,0.0
12.08.2030 14:00,8.91,0.0,53.08,,85.96000000000001,1310.1375,0.975,87.24000000000001,82.32,0,0.0
12.08.2030 15:00,8.7,0.0,53.08,,102.2675,1327.6,0.004,104.275,82.32,0,0.0
12.08.2030 16:00,8.55,14.475,53.08,,119.7175,1264.4375,13.432,95.03000000000002,24.15,0,0.0
12.08.2030 17:00,8.4,55.069,53.08,,190.6825,1070.055,60.836,82.37333333333333,24.15,0,11.760646047244
12.08.2030 18:00,8.4,80.439,53.08,,167.525,1010.285,0.712,113.42,24.15,0,25.7582593070205
12.08.2030 19:00,8.4,80.536,53.08,,118.8525,839.73,103.617,80.86,24.15,0,27.4207081137188
12.08.2030 20:00,8.4,80.536,53.08,,109.6075,716.2975,204.48,77.8725,1.36,0,27.7891957872566
12.08.2030 21:00,8.4,80.537,53.08,,98.045,368.9175,38.739,89.81,1.36,0,29.9060311312009
12.08.2030 22:00,8.4,80.538,53.08,,94.78,192.005,6.773,97.0225,1.36,0,30.7826819838551
12.08.2030 23:00,8.36,76.787,53.08,,109.095,173.47750000000002,0.002,102.62,1.36,0,29.7373224590964
13.08.2030 00:00,8.36,70.41,53.08,,99.4325,301.64,0.104,97.83,1.5,0,31.6337422947931
13.08.2030 01:00,8.36,74.974,53.08,,96.455,408.72,0.204,92.33666666666666,1.5,0,34.2001256708438
13.08.2030 02:00,8.36,74.974,53.08,,94.96,408.89,11.522,86.37666666666667,1.5,0,35.5786397637444
13.08.2030 03:00,8.36,67.745,53.08,,96.1225,460.485,30.158,73.0125,1.5,0,34.7896099396299
13.08.2030 04:00,8.36,67.316,53.08,,108.7375,439.0275,0.867,88.995,2.03,0,32.2192640286023
13.08.2030 05:00,8.36,67.316,53.08,,109.7125,560.0174999999999,0.677,106.2375,2.03,0,28.0255439748953
13.08.2030 06:00,8.36,20.0,53.08,,100.2425,789.9025,0.27,107.52333333333333,2.03,0,0.0
13.08.2030 07:00,8.55,0.0,53.08,,89.2875,932.3775,0.0,,2.03,0,0.0
13.08.2030 08:00,8.7,0.0,53.08,,80.35499999999999,889.365,0.016,101.79666666666668,34.85,0,0.0
13.08.2030 09:00,8.91,0.0,53.08,,77.07,977.7525,2.545,90.91,34.85,0,0.0
13.08.2030 10:00,8.91,-39.2945597926899,53.08,,58.575,878.355,0.043,87.83999999999999,34.85,0,0.0
13.08.2030 11:00,8.91,-51.2303817359701,53.08,,27.28,731.3175,7.071,74.1575,34.85,0,0.0
13.08.2030 12:00,8.91,-89.0402618301339,53.08,,22.985,863.8225,121.93200000000002,59.5375,73.48,0,0.0
13.08.2030 13:00,8.91,-39.8763315955253,53.08,,68.625,1074.485,0.0,,73.48,0,0.0
13.08.2030 14:00,8.91,-40.4772456316636,53.08,,82.50999999999999,1041.6675,0.0,103.0,73.48,0,0.0
13.08.2030 15:00,8.7,-48.3324194011752,53.08,,91.9925,1296.9675,0.0,,73.48,0,0.0
13.08.2030 16:00,8.55,-22.2429987234934,53.08,,116.6125,1232.605,0.0,121.59,20.52,0,0.0
13.08.2030 17:00,8.4,14.927,53.08,,177.69,1097.755,0.191,124.715,20.52,0,0.0
13.08.2030 18:00,8.4,67.316,53.08,,181.52,1105.38,19.540000000000003,94.7,20.52,0,17.2160292758685
13.08.2030 19:00,8.4,71.451,53.08,,113.305,906.0725,4.013,117.5325,20.52,0,18.9723912888318
13.08.2030 20:00,8.4,71.451,53.08,,103.4275,815.1475,52.8,68.57666666666667,1.1,0,18.393693438031
13.08.2030 21:00,8.4,71.452,53.08,,89.34,655.6275,42.790000000000006,73.8225,1.1,0,19.2741755669307
13.08.2030 22:00,8.4,67.316,53.08,,92.4225,460.175,52.586000000000006,75.25999999999999,1.1,0,19.8145844755516
13.08.2030 23:00,8.36,63.426,53.08,,93.1375,324.95,0.088,172.14,1.1,0,21.7415222149047
14.08.2030 00:00,8.36,63.137,53.08,,93.545,288.47,0.0,,1.3,0,23.0444492464498
14.08.2030 01:00,8.36,73.382,53.08,,89.9675,301.1075,0.0,110.78,1.3,0,25.0865500605502
14.08.2030 02:00,8.36,73.383,53.08,,95.8775,331.945,0.004,,1.3,0,25.5774469425283
14.08.2030 03:00,8.36,73.383,53.08,,104.725,474.85,0.0,,1.3,0,24.3575437316933
14.08.2030 04:00,8.36,74.973,53.08,,116.665,599.4175,0.147,152.53333333333333,1.8,0,22.2069324983038
14.08.2030 05:00,8.36,74.974,53.08,,116.94,847.56,6.469,110.395,1.8,0,19.3876096484647
14.08.2030 06:00,8.36,73.383,53.08,,102.155,1084.9075,0.0,,1.8,0,16.5778947472558
14.08.2030 07:00,8.55,15.889,53.08,,94.865,1074.3325,0.155,91.48,1.8,0,0.0978671644732349
14.08.2030 08:00,8.7,0.0,53.08,,81.6175,1012.37,3.4730000000000003,74.30666666666666,28.43,0,0.0709074869570124
14.08.2030 09:00,8.91,-0.136151022990006,53.08,,62.265,950.7375,71.88,58.385,28.43,0,0.0661060112712129
14.08.2030 10:00,8.91,-39.9363044695408,53.08,,33.7725,988.085,4.124,83.26333333333334,28.43,0,0.112170119638297
14.08.2030 11:00,8.91,-40.329567395248,53.08,,14.1575,991.38,84.44800000000001,48.947500000000005,28.43,0,0.197352504820118
14.08.2030 12:00,8.91,-40.8902296210978,53.08,,42.2275,964.3,7.374,73.85000000000001,64.68,0,0.0679657532587786
14.08.2030 13:00,8.91,-28.6645723316658,53.08,,72.2975,1006.6325,0.228,93.48666666666668,64.68,0,0.0649076965308024
14.08.2030 14:00,8.91,0.0,53.08,,81.535,947.0925,0.106,102.47,64.68,0,0.0601422525631877
14.08.2030 15:00,8.7,0.0,53.08,,96.945,962.9475,2.648,78.94,64.68,0,0.0640281296201996
14.08.2030 16:00,8.55,16.375,53.08,,106.4475,1102.6825,54.242,67.7025,16.0,0,0.0826025822824867
14.08.2030 17:00,8.4,76.787,53.08,,160.13,1124.36,52.201,73.16000000000001,16.0,0,21.654197639732
14.08.2030 18:00,8.4,88.937,53.08,,193.6975,1113.3175,0.232,119.44666666666666,16.0,0,26.0919683891672
14.08.2030 19:00,8.4,88.938,53.08,,123.4375,1045.305,9.527,124.79,16.0,0,26.3261410979453
14.08.2030 20:00,8.4,88.939,53.08,,107.4475,745.6225,8.158999999999999,104.24,1.02,0,27.299840735765
14.08.2030 21:00,8.4,82.994,53.08,,101.0425,589.0799999999999,5.171,92.6125,1.02,0,28.6341968274782
14.08.2030 22:00,8.4,78.592,53.08,,95.995,467.54,5.179,97.0175,1.02,0,29.5186422275632
14.08.2030 23:00,8.36,78.592,53.08,,95.79,379.8425,0.013,105.06,1.02,0,33.07949552885
15.08.2030 00:00,8.36,78.592,53.08,,95.7375,381.9425,0.009,95.51,1.13,0,34.2362897470731
15.08.2030 01:00,8.36,86.804,53.08,,85.63,313.2425,4.0920000000000005,79.2025,1.13,0,36.8546544001431
15.08.2030 02:00,8.36,87.176,53.08,,82.4675,350.9475,1.956,111.6875,1.13,0,37.1394372674968
15.08.2030 03:00,8.36,87.176,53.08,,86.47749999999999,350.3125,0.664,97.535,1.13,0,36.5689867886881
15.08.2030 04:00,8.36,90.305,53.08,,92.545,442.4625,0.0,98.23,1.49,0,36.9490750325561
15.08.2030 05:00,8.36,90.306,53.08,,97.645,635.115,1.846,100.76,1.49,0,33.1382783458907
15.08.2030 06:00,8.36,87.176,53.08,,99.855,1039.585,0.0,382.565,1.49,0,28.9661929560191
15.08.2030 07:00,8.55,63.818,53.08,,96.755,1137.405,0.0,,1.49,0,10.5179670294811
15.08.2030 08:00,8.7,14.675,53.08,,69.9075,1388.975,5.956,85.22,28.57,0,0.0628653719764364
15.08.2030 09:00,8.91,0.0,53.08,,25.0325,1309.225,140.38299999999998,9.62,28.57,0,0.0475605515983721
15.08.2030 10:00,8.91,0.0,53.08,,1.5575,948.635,103.935,14.5025,28.57,0,0.0966539755078626
15.08.2030 11:00,8.91,-22.3928442725846,53.08,,-10.2675,862.01,21.963,32.9225,28.57,0,0.143777392310442
15.08.2030 12:00,8.91,-22.4342321879848,53.08,,-9.675,834.4675,24.632,29.135,87.19,0,0.0440705983366591
15.08.2030 13:00,8.91,-22.4165095617511,53.08,,-0.5449999999999999,814.6475,10.765,68.965,87.19,0,0.0458848314931148
15.08.2030 14:00,8.91,0.0,53.08,,30.1225,1076.8525,102.071,33.365,87.19,0,0.0461809839267945
15.08.2030 15:00,8.7,15.651,53.08,,77.915,1102.345,0.023,77.66,87.19,0,0.057682607226111
15.08.2030 16:00,8.55,78.592,53.08,,97.6175,1172.9925,3.776,84.90666666666667,19.47,0,19.5654955178142
15.08.2030 17:00,8.4,91.702,53.08,,113.1525,954.8975,38.044,73.3525,19.47,0,29.4632534377979
15.08.2030 18:00,8.4,96.323,53.08,,115.295,895.8975,0.338,107.03000000000002,19.47,0,36.694650084301
15.08.2030 19:00,8.4,96.324,53.08,,107.97,852.76,21.624,88.67,19.47,0,37.7623336895027
15.08.2030 20:00,8.4,96.325,53.08,,98.9625,665.385,26.782,84.16,1.06,0,40.7507532920517
15.08.2030 21:00,8.4,94.013,53.08,,94.85,699.7325000000001,0.035,106.43,1.06,0,41.8668789268752
15.08.2030 22:00,8.4,90.755,53.08,,100.73,673.0475,0.902,90.09666666666668,1.06,0,41.3301495086225
15.08.2030 23:00,8.36,90.451,53.08,,96.5075,480.5025,2.253,126.68,1.06,0,41.5252618745012
16.08.2030 00:00,8.36,90.451,53.08,,92.845,337.11,3.839,79.88,2.2,0,44.8674070078188
16.08.2030 01:00,8.06,78.592,53.08,,88.325,311.0075,0.14,81.54,2.2,0,44.1957436885253
16.08.2030 02:00,8.06,78.592,53.08,,80.8675,416.2575,1.46,75.62666666666667,2.2,0,44.6033133005366
16.08.2030 03:00,8.06,78.592,53.08,,83.5925,300.005,0.0,99.26,2.2,0,42.6549646600075
16.08.2030 04:00,8.06,78.592,53.08,,86.30250000000001,361.3825,0.0,,3.5,0,43.2852396272922
16.08.2030 05:00,8.06,78.602,53.08,,84.32249999999999,556.1175000000001,7.418,50.19,3.5,0,42.0812179667478
16.08.2030 06:00,8.06,78.592,53.08,,91.2375,845.25,0.0,,3.5,0,31.2619669988167
16.08.2030 07:00,8.19,20.47,53.08,,90.2675,1120.575,0.7989999999999999,79.515,3.5,0,0.0
16.08.2030 08:00,8.29,0.0,53.08,,71.7875,1287.7125,0.369,80.97999999999999,38.07,0,0.0
16.08.2030 09:00,8.41,0.0,53.08,,42.94,1132.4925,0.003,78.0,38.07,0,0.0
16.08.2030 10:00,8.41,0.0,53.08,,37.0775,1156.6875,0.388,38.84,38.07,0,0.0
16.08.2030 11:00,8.41,-22.2022357963594,53.08,,52.8175,1361.3525,1.606,53.580000000000005,38.07,0,0.0
16.08.2030 12:00,8.41,-25.7000102051979,53.08,,41.735,1201.04,7.169,60.27333333333333,84.31,0,0.0
16.08.2030 13:00,8.41,-25.7380374086764,53.08,,22.6175,1264.3575,7.423999999999999,44.785,84.31,0,0.0
16.08.2030 14:00,8.41,0.0,53.08,,15.3375,1291.5325,2.207,42.432500000000005,84.31,0,0.0
16.08.2030 15:00,8.29,0.0,53.08,,57.1525,1575.17,161.29700000000005,17.333333333333332,84.31,0,0.0
16.08.2030 16:00,8.19,14.855,53.08,,91.8625,1201.4675,0.0,,28.39,0,0.444658258251475
16.08.2030 17:00,8.1,67.77,53.08,,105.435,949.4525,24.693,69.06666666666666,28.39,0,13.2500486947556
16.08.2030 18:00,8.1,78.592,53.08,,103.8975,609.385,0.888,84.5775,28.39,0,23.913345881349
16.08.2030 19:00,8.1,78.592,53.08,,108.5975,698.86,18.635,75.35,28.39,0,25.4753665508941
16.08.2030 20:00,8.1,78.592,53.08,,107.47,682.16,1.484,85.725,2.0,0,24.1033960971674
16.08.2030 21:00,8.1,78.592,53.08,,97.4475,634.0775,20.999,72.9075,2.0,0,24.0842335806298
16.08.2030 22:00,8.1,78.592,53.08,,99.37,490.7000000000001,3.938,81.3575,2.0,0,26.8884120212273
16.08.2030 23:00,8.06,78.592,53.08,,88.27,324.045,6.149000000000001,94.9525,2.0,0,29.2653115227149
17.08.2030 00:00,8.06,78.592,53.08,,77.425,358.045,5.691,78.42,3.33,0,30.2604594921405
17.08.2030 01:00,8.04,78.592,53.08,,80.08500000000001,339.4875,0.172,79.99333333333334,3.33,0,31.8644398394765
17.08.2030 02:00,8.04,78.593,53.08,,78.02250000000001,281.02,2.398,73.345,3.33,0,34.6923901822193
17.08.2030 03:00,8.04,80.439,53.08,,83.895,345.935,0.347,78.2325,3.33,0,34.5403366073809
17.08.2030 04:00,8.04,88.948,53.08,,86.2575,480.19,0.034,87.365,4.11,0,33.6409596597767
17.08.2030 05:00,8.04,88.949,53.08,,82.47,505.6925,32.324,69.0,4.11,0,32.8962804202721
17.08.2030 06:00,8.04,88.95,53.08,,80.875,927.5675,58.439,57.9825,4.11,0,28.9361811068961
17.08.2030 07:00,8.18,88.951,53.08,,61.56,1164.5425,8.573,59.955,4.11,0,29.6937277536549
17.08.2030 08:00,8.27,73.837,53.08,,37.43,1256.855,143.434,44.6725,56.09,0,24.6147137698672
17.08.2030 09:00,8.39,60.925,53.08,,3.3975000000000004,1099.615,117.702,15.4875,56.09,0,11.7074113681585
17.08.2030 10:00,8.39,16.876,53.08,,-1.22,914.465,18.723,47.64,56.09,0,3.32239232212944
17.08.2030 11:00,8.39,16.876,53.08,,3.79,990.4675,1.563,23.34,56.09,0,2.96368536880273
17.08.2030 12:00,8.39,16.876,53.08,,4.035,768.9175,110.592,9.505,86.71,0,2.82438203328352
17.08.2030 13:00,8.39,16.876,53.08,,7.1075,882.455,170.042,6.7525,86.71,0,2.868307150881
17.08.2030 14:00,8.39,16.876,53.08,,18.0025,923.34,8.203,38.54,86.71,0,2.99204308202749
17.08.2030 15:00,8.27,22.876,53.08,,79.6375,1174.3425,6.821,59.17,86.71,0,3.21276848684195
17.08.2030 16:00,8.18,73.837,53.08,,100.6575,1025.8725,0.091,65.74,28.14,0,23.3296522269755
17.08.2030 17:00,8.08,97.1773081635327,53.08,,116.6875,800.6275,0.782,86.3075,28.14,0,40.467923292643
17.08.2030 18:00,8.08,116.981388149835,53.08,,113.735,589.615,23.76,75.5675,28.14,0,98.6818451979114
17.08.2030 19:00,8.08,127.537096444637,53.08,,113.7525,608.1025,0.004,,28.14,0,109.281898667266
17.08.2030 20:00,8.08,128.925949630528,53.08,,113.19,618.4225,2.349,78.78666666666668,2.22,0,106.399119136916
17.08.2030 21:00,8.08,126.812214895773,53.08,,103.46,410.9925,1.671,84.0175,2.22,0,122.341488131662
17.08.2030 22:00,8.08,120.578931239599,53.08,,98.47,399.6575,0.029,89.6825,2.22,0,132.67691588738
17.08.2030 23:00,8.04,105.525226037252,53.08,,94.2025,314.37,2.245,76.41,2.22,0,129.017781781998
18.08.2030 00:00,8.04,101.761552997732,53.08,,86.62,292.135,0.0,111.95,2.1,0,117.431797715675
18.08.2030 01:00,8.36,104.158765938657,53.08,,84.9775,302.5075,0.006,96.92,2.1,0,124.854130007364
18.08.2030 02:00,8.36,104.27439792401,53.08,,89.86500000000001,302.925,0.006,95.34,2.1,0,119.697926864308
18.08.2030 03:00,8.36,102.896143019065,53.08,,102.73,441.6175,1.87,94.3375,2.1,0,129.410242521533
18.08.2030 04:00,8.36,104.753209319505,53.08,,112.9725,499.4975,4.051,86.4675,2.63,0,116.041465405067
18.08.2030 05:00,8.36,113.171014940492,53.08,,144.1875,720.305,2.624,65.63,2.63,0,108.251625993972
18.08.2030 06:00,8.36,105.472792604439,53.08,,107.3725,892.8175,6.682,201.66,2.63,0,77.9172836112127
18.08.2030 07:00,8.55,80.5529227125744,53.08,,90.475,858.3775,0.145,159.605,2.63,0,18.7939830253227
18.08.2030 08:00,8.7,16.47,53.08,,74.5125,1017.4425,2.8760000000000003,76.72749999999999,35.18,0,0.0794094349780153
18.08.2030 09:00,8.91,0.0,53.08,,59.8275,916.6675,24.675,90.12666666666668,35.18,0,0.0543130400426519
18.08.2030 10:00,8.91,0.0,53.08,,39.85,756.5625,18.702,59.815,35.18,0,0.110236521818279
18.08.2030 11:00,8.91,-21.5188651019097,53.08,,37.465,591.5725,17.673000000000002,59.2275,35.18,0,0.146252414836611
18.08.2030 12:00,8.91,0.0,53.08,,39.735,759.31,2.828,63.6425,67.04,0,0.0437114008630205
18.08.2030 13:00,8.91,-26.3761611998328,53.08,,65.19,972.4275,2.257,101.86,67.04,0,0.0505823139713198
18.08.2030 14:00,8.91,0.0,53.08,,77.4,1005.39,16.247,72.1825,67.04,0,0.0457884794597798
18.08.2030 15:00,8.7,0.0,53.08,,89.3575,1031.085,5.8950000000000005,92.43666666666668,67.04,0,0.0515231271726302
18.08.2030 16:00,8.55,20.0,53.08,,103.0325,971.415,8.523,94.94666666666669,18.87,0,0.0702736146007155
18.08.2030 17:00,8.4,90.755,53.08,,125.9625,799.385,21.045,83.9825,18.87,0,29.3384323536095
18.08.2030 18:00,8.4,113.458,53.08,,130.0975,672.43,23.130000000000003,72.015,18.87,0,43.1117143148989
18.08.2030 19:00,8.4,113.459,53.08,,115.0475,819.1675,0.0,115.58,18.87,0,47.8096553541538
18.08.2030 20:00,8.4,113.46,53.08,,105.1725,667.155,157.481,51.51333333333333,1.36,0,49.1259991336374
18.08.2030 21:00,8.4,113.458,53.08,,95.2425,507.4925,9.962,78.36,1.36,0,54.3425325255715
18.08.2030 22:00,8.4,103.533,53.08,,95.615,449.8625,0.235,84.7875,1.36,0,52.1935659518922
18.08.2030 23:00,8.36,90.755,53.08,,97.755,348.8125,0.0,,1.36,0,54.4031882799468
19.08.2030 00:00,8.36,85.971,53.08,,93.595,219.385,0.0,,1.94,0,42.8261142257462
19.08.2030 01:00,8.36,85.816,53.08,,94.8075,274.22,0.0,,1.94,0,44.2517644199192
19.08.2030 02:00,8.36,85.816,53.08,,96.85,267.4825,0.267,97.965,1.94,0,44.3199597427548
19.08.2030 03:00,8.36,84.736,53.08,,106.93,410.075,0.0,120.0,1.94,0,26.0591842455144
19.08.2030 04:00,8.36,84.736,53.08,,116.72,555.0525,0.727,108.595,2.03,0,24.4981678084608
19.08.2030 05:00,8.36,84.736,53.08,,112.225,716.6425,2.139,100.58,2.03,0,23.9453740800764
19.08.2030 06:00,8.36,57.688,53.08,,100.0375,1088.4125,5.6530000000000005,81.38333333333333,2.03,0,12.6230962417683
19.08.2030 07:00,8.55,0.0,53.08,,82.725,970.6675,1.797,95.44333333333331,2.03,0,0.0
19.08.2030 08:00,8.7,0.0,53.08,,64.69500000000001,1097.0075,0.027,94.49,31.47,0,0.0
19.08.2030 09:00,8.91,0.0,53.08,,55.8275,1063.5725,0.308,81.46000000000001,31.47,0,0.0
19.08.2030 10:00,8.91,-25.9479942694918,53.08,,35.3075,903.5025,22.383,56.04,31.47,0,0.0
19.08.2030 11:00,8.91,-40.7523453659637,53.08,,8.8125,697.785,6.129,66.8,31.47,0,0.0
19.08.2030 12:00,8.91,-58.007606718741,53.08,,9.7425,723.9475,26.884,17.689999999999998,74.29,0,0.0
19.08.2030 13:00,8.91,-65.7401651414666,53.08,,31.1425,738.085,32.292,0.1799999999999997,74.29,0,0.0
19.08.2030 14:00,8.91,-21.6637600867156,53.08,,58.24,790.9275,36.8,57.07,74.29,0,0.0
19.08.2030 15:00,8.7,-4.18274308033733,53.08,,80.4025,962.605,13.829,54.175,74.29,0,0.0
19.08.2030 16:00,8.55,15.148,53.08,,99.33,997.7975,0.0419999999999999,80.89666666666666,17.58,0,0.0
19.08.2030 17:00,8.4,84.736,53.08,,120.1675,865.7275,35.184,47.88,17.58,0,12.2130611352699
19.08.2030 18:00,8.4,112.513,53.08,,133.6475,755.3199999999999,0.888,95.74333333333334,17.58,0,33.0173312140767
19.08.2030 19:00,8.4,112.514,53.08,,118.105,825.8775,1.171,100.19,17.58,0,38.9022102586864
19.08.2030 20:00,8.4,112.515,53.08,,110.1975,697.115,4.191,89.60499999999999,1.24,0,41.0764743847186
19.08.2030 21:00,8.4,112.516,53.08,,105.9775,645.6925,0.066,104.65,1.24,0,43.8549468076947
19.08.2030 22:00,8.4,112.513,53.08,,102.2025,551.965,0.254,91.72333333333334,1.24,0,45.2035698100591
19.08.2030 23:00,8.36,86.101,53.08,,99.53,410.05,2.054,96.94666666666669,1.24,0,44.5025802055149
20.08.2030 00:00,8.36,85.816,53.08,,87.5175,298.095,0.48,102.13,1.57,0,43.416988600075
20.08.2030 01:00,8.36,78.592,53.08,,83.5775,261.3525,0.153,92.015,1.57,0,38.973754392176
20.08.2030 02:00,8.36,78.592,53.08,,89.4575,273.1225,0.393,85.41,1.57,0,40.4350873048473
20.08.2030 03:00,8.36,78.592,53.08,,98.4925,375.4,0.678,84.85,1.57,0,43.7171425770885
20.08.2030 04:00,8.36,78.592,53.08,,109.22,494.4925,0.0,,1.62,0,44.9225024726462
20.08.2030 05:00,8.36,78.592,53.08,,106.2675,594.4425,3.649,104.93,1.62,0,25.8244544851115
20.08.2030 06:00,8.36,38.534,53.08,,99.555,887.8325,4.195,98.995,1.62,0,13.3400596297043
20.08.2030 07:00,8.55,15.651,53.08,,94.705,1020.335,0.002,,1.62,0,0.0
20.08.2030 08:00,8.7,0.0,53.08,,87.0625,1102.4575,31.772,76.345,25.74,0,0.0
20.08.2030 09:00,8.91,-3.23599609121679,53.08,,79.05,1075.26,9.305,54.29,25.74,0,0.0
20.08.2030 10:00,8.91,-39.3118182400188,53.08,,49.2675,1134.7825,114.931,33.2775,25.74,0,0.0
20.08.2030 11:00,8.91,-23.3111427671773,53.08,,11.04,1078.4475,65.533,11.925,25.74,0,0.0
20.08.2030 12:00,8.91,-50.7751750002014,53.08,,1.7600000000000002,900.915,8.876999999999999,35.165,59.59,0,0.0
20.08.2030 13:00,8.91,-39.9510644204277,53.08,,37.7475,876.8175,3.822,67.395,59.59,0,0.0
20.08.2030 14:00,8.91,-27.0018065229746,53.08,,76.4725,891.47,0.0,98.88,59.59,0,0.0
20.08.2030 15:00,8.7,0.0,53.08,,96.675,862.3225,2.282,96.5275,59.59,0,0.0
20.08.2030 16:00,8.55,17.053,53.08,,113.3975,833.59,14.811,84.16333333333334,15.2,0,0.0
20.08.2030 17:00,8.4,78.592,53.08,,122.07,800.965,25.391,79.6925,15.2,0,16.0741746777681
20.08.2030 18:00,8.4,95.646,53.08,,124.61,682.31,0.231,103.59,15.2,0,40.6214444254295
20.08.2030 19:00,8.4,95.647,53.08,,113.135,677.6125,4.234,84.10333333333334,15.2,0,42.0414969706247
20.08.2030 20:00,8.4,95.647,53.08,,100.03,603.7425000000001,83.73599999999999,53.1625,1.12,0,44.4981302541016
20.08.2030 21:00,8.4,95.648,53.08,,92.825,465.605,2.0940000000000003,128.66,1.12,0,52.93229645654
20.08.2030 22:00,8.4,95.647,53.08,,89.83,418.3425,1.439,83.5825,1.12,0,53.833977601214
20.08.2030 23:00,8.36,95.646,53.08,,83.455,291.37,2.4240000000000004,123.45,1.12,0,56.5756266011604
21.08.2030 00:00,8.36,90.913,53.08,,84.22,221.79,1.587,82.905,1.41,0,56.6465399692148
21.08.2030 01:00,8.36,93.99,53.08,,89.63,266.58,0.329,84.61500000000001,1.41,0,59.4293648573211
21.08.2030 02:00,8.36,93.942,53.08,,96.355,341.8325,0.0,,1.41,0,54.5960322690734
21.08.2030 03:00,8.36,93.942,53.08,,100.2925,430.805,0.046,95.98,1.41,0,55.1732066942933
21.08.2030 04:00,8.36,96.975,53.08,,106.5425,505.9025,4.071,87.3075,1.36,0,53.0472287460451
21.08.2030 05:00,8.36,99.942,53.08,,106.7675,575.6575,34.056000000000004,73.85249999999999,1.36,0,46.4638651548828
21.08.2030 06:00,8.36,97.984,53.08,,98.9975,710.5975,2.48,94.39,1.36,0,36.9407744647035
21.08.2030 07:00,8.55,84.217,53.08,,89.4925,856.2049999999999,6.726,83.30499999999999,1.36,0,11.8532881485579
21.08.2030 08:00,8.7,52.031,53.08,,71.0175,829.24,6.956,82.435,21.4,0,8.81987636242525
21.08.2030 09:00,8.91,26.619,53.08,,60.0175,907.1975,234.492,33.865,21.4,0,7.38756634910753
21.08.2030 10:00,8.91,22.702,53.08,,30.1975,929.19,261.342,28.22,21.4,0,4.0787870124251
21.08.2030 11:00,8.91,22.702,53.08,,18.3775,850.51,3.536,82.7125,21.4,0,3.76838451428615
21.08.2030 12:00,8.91,22.702,53.08,,25.895,913.0775,7.874,51.845,47.65,0,3.66747351663705
21.08.2030 13:00,8.91,22.702,53.08,,47.8175,859.345,19.671,60.0,47.65,0,3.6964794105494
21.08.2030 14:00,8.91,22.703,53.08,,73.63,882.715,0.619,73.2,47.65,0,3.94099952297624
21.08.2030 15:00,8.7,26.893,53.08,,92.0225,870.4975,127.022,25.2975,47.65,0,7.3107264745356
21.08.2030 16:00,8.55,78.592,53.08,,100.6625,1104.525,49.082,40.973333333333336,12.74,0,13.1664095395705
21.08.2030 17:00,8.4,96.975,53.08,,102.7225,1030.6425,36.314,57.78,12.74,0,45.1792706901786
21.08.2030 18:00,8.4,105.4671952871,53.08,,108.1175,874.93,0.0,97.73,12.74,0,58.3252322898771
21.08.2030 19:00,8.4,107.477511333583,53.08,,104.705,806.015,0.5660000000000001,259.27,12.74,0,61.1439746556857
21.08.2030 20:00,8.4,108.570801558017,53.08,,97.045,799.3275,67.509,60.35999999999999,2.65,0,75.2431746909443
21.08.2030 21:00,8.4,107.945665136969,53.08,,87.4125,702.635,18.083,72.975,2.65,0,84.9694732480114
21.08.2030 22:00,8.4,106.73913383664,53.08,,88.09,550.5350000000001,18.595,61.870000000000005,2.65,0,87.7716098534977
21.08.2030 23:00,8.36,103.700073876534,53.08,,82.565,520.655,3.232,90.28000000000002,2.65,0,92.9207148250073
22.08.2030 00:00,8.36,101.732803130948,53.08,,82.9125,417.205,0.046,82.74000000000001,1.29,0,96.7477198067426
22.08.2030 01:00,8.36,110.518758430137,53.08,,80.7525,382.205,0.742,52.76,1.29,0,109.551937433197
22.08.2030 02:00,8.36,109.823682177358,53.08,,79.4675,447.9925,12.58,60.870000000000005,1.29,0,116.28855532481
22.08.2030 03:00,8.36,110.311103379435,53.08,,86.5775,479.335,0.789,79.86,1.29,0,119.185079766889
22.08.2030 04:00,8.36,115.117343672826,53.08,,106.0175,687.63,0.078,87.48,1.24,0,109.382493365872
22.08.2030 05:00,8.36,121.84824830621,53.08,,112.59,933.8175,0.0,,1.24,0,103.79627254959
22.08.2030 06:00,8.36,119.897039555283,53.08,,113.525,1528.12,0.0,,1.24,0,90.6685343403426
22.08.2030 07:00,8.55,99.2626541847839,53.08,,107.6375,1463.2675,0.518,107.28,1.24,0,58.167431328032
22.08.2030 08:00,8.7,79.1,53.08,,82.6925,1485.9275,19.081,74.935,26.15,0,13.1779085356725
22.08.2030 09:00,8.91,55.381,53.08,,69.1725,1659.195,0.319,59.94,26.15,0,8.24436194899214
22.08.2030 10:00,8.91,24.012,53.08,,57.28,1410.9325,12.313,65.62333333333333,26.15,0,7.4195723483189
22.08.2030 11:00,8.91,23.934,53.08,,57.0375,1214.6125,0.076,85.66,26.15,0,7.00595160287738
22.08.2030 12:00,8.91,23.712,53.08,,41.0575,1171.715,51.402,31.61,69.84,0,7.02694706088908
22.08.2030 13:00,8.91,23.934,53.08,,50.495000000000005,1333.0,269.38,32.8775,69.84,0,7.58124438241946
22.08.2030 14:00,8.91,45.966,53.08,,77.3725,1440.44,1.046,54.91,69.84,0,8.83912080885589
22.08.2030 15:00,8.7,78.592,53.08,,91.105,1331.79,8.096,66.23666666666666,69.84,0,18.4104996219315
22.08.2030 16:00,8.55,98.5395302068389,53.08,,102.8075,1226.3225,9.518,70.18,19.16,0,63.8773990840419
22.08.2030 17:00,8.4,325.96346249327,53.08,,114.84,1135.8225,0.086,100.15,19.16,0,88.7685330371197
22.08.2030 18:00,8.4,336.462352700053,53.08,,121.11,1103.205,24.667,67.59,19.16,0,99.6756765187155
22.08.2030 19:00,8.4,339.867434242769,53.08,,120.81,972.71,16.644,96.3625,19.16,0,106.466315666993
22.08.2030 20:00,8.4,334.683293309932,53.08,,108.7875,962.1975,472.108,44.8475,1.58,0,121.146204285702
22.08.2030 21:00,8.4,330.685977658801,53.08,,94.985,660.2925,122.26,63.3625,1.58,0,118.619364910862
22.08.2030 22:00,8.4,113.848640657335,53.08,,95.125,719.1975,22.086,68.6025,1.58,0,99.5412574384949
22.08.2030 23:00,8.36,104.72684040934,53.08,,85.985,745.0425,322.723,28.975,1.58,0,105.323613090398
23.08.2030 00:00,8.36,99.7317816010817,53.08,,85.235,659.8675,73.877,62.2575,1.6,0,91.6298786426889
23.08.2030 01:00,8.06,93.069,53.08,,83.6425,554.1,6.178,77.23,1.6,0,36.8787217455394
23.08.2030 02:00,8.06,78.592,53.08,,90.0,453.7175,1.013,95.86333333333332,1.6,0,32.913607064391
23.08.2030 03:00,8.06,76.2,53.08,,94.38,548.0699999999999,0.63,81.58,1.6,0,29.8960776448642
23.08.2030 04:00,8.06,76.2,53.08,,101.7925,777.0475,4.868,86.7475,2.19,0,26.738163512057
23.08.2030 05:00,8.06,76.2,53.08,,97.8275,956.3275,281.515,43.8725,2.19,0,24.0410058569814
23.08.2030 06:00,8.06,76.2,53.08,,85.82249999999999,1243.9125,98.621,49.9725,2.19,0,21.398485435682
23.08.2030 07:00,8.19,20.0,53.08,,57.5775,1287.5575,80.12100000000001,42.3775,2.19,0,0.116670598588276
23.08.2030 08:00,8.29,0.0,53.08,,9.28,1102.025,147.322,1.4725,42.6,0,0.0869024570380949
23.08.2030 09:00,8.41,0.0,53.08,,-7.1525,981.3725,130.411,-8.0775,42.6,0,0.0695510742858042
23.08.2030 10:00,8.41,0.0,53.08,,-8.0375,1052.2125,26.104,-6.797499999999999,42.6,0,0.125923355633267
23.08.2030 11:00,8.41,0.0,53.08,,-11.455,875.6975,68.828,-1.1825,42.6,0,0.18757930730276
23.08.2030 12:00,8.41,-15.7531939591557,53.08,,-15.38,905.91,149.015,-10.9475,80.08,0,0.0
23.08.2030 13:00,8.41,-15.8235610913712,53.08,,-17.3025,870.835,95.563,-13.7375,80.08,0,0.0
23.08.2030 14:00,8.41,-5.38802158526912,53.08,,-6.380000000000001,923.6975,57.95,-7.569999999999999,80.08,0,0.0
23.08.2030 15:00,8.29,0.0,53.08,,47.505,1167.48,53.734,12.47,80.08,0,0.0
23.08.2030 16:00,8.19,0.0,53.08,,88.2025,1219.26,26.648,17.066666666666666,23.88,0,0.0
23.08.2030 17:00,8.1,20.868,53.08,,101.03,960.5,1.136,57.23,23.88,0,0.0
23.08.2030 18:00,8.1,78.591,53.08,,114.7175,754.215,0.231,91.805,23.88,0,23.7346751436124
23.08.2030 19:00,8.1,78.592,53.08,,106.3325,714.0925,6.399,91.0725,23.88,0,26.0446652488893
23.08.2030 20:00,8.1,78.593,53.08,,98.015,776.11,116.31,9.0275,1.62,0,27.9423643817834
23.08.2030 21:00,8.1,78.594,53.08,,86.555,774.53,94.378,23.2325,1.62,0,30.7722475687942
23.08.2030 22:00,8.1,78.592,53.08,,82.535,746.875,36.741,50.1425,1.62,0,33.2376372340154
23.08.2030 23:00,8.06,76.2,53.08,,81.265,558.335,6.183,91.575,1.62,0,35.5147598200741
24.08.2030 00:00,8.06,76.2,53.08,,88.16,482.0525,0.011,112.785,1.52,0,35.4050931480539
24.08.2030 01:00,8.04,78.592,53.08,,87.18,361.58,85.446,53.7025,1.52,0,35.7784317779015
24.08.2030 02:00,8.04,78.592,53.08,,90.89,352.56,0.193,99.825,1.52,0,35.6324367549945
24.08.2030 03:00,8.04,78.592,53.08,,93.0575,372.3725,39.157,69.3275,1.52,0,34.6342876072685
24.08.2030 04:00,8.04,81.241,53.08,,87.32,393.015,5.445,87.1,2.05,0,31.3853731244573
24.08.2030 05:00,8.04,84.293,53.08,,74.5625,610.59,54.91,46.4975,2.05,0,30.4143049908711
24.08.2030 06:00,8.04,81.241,53.08,,57.5375,768.1025,1.772,83.87333333333333,2.05,0,24.9868606854562
24.08.2030 07:00,8.18,61.216,53.08,,13.665,1046.515,0.161,53.15,2.05,0,10.4354468396368
24.08.2030 08:00,8.27,15.357,53.08,,22.7275,1201.2325,162.993,-37.66,45.6,0,0.0580940965861585
24.08.2030 09:00,8.39,0.0,53.08,,-0.1949999999999999,767.985,87.82,1.7775000000000003,45.6,0,0.0442453619010788
24.08.2030 10:00,8.39,0.0,53.08,,0.2775,744.6075,2.259,36.92,45.6,0,0.105584889386427
24.08.2030 11:00,8.39,-20.4268481098103,53.08,,1.13,792.89,0.916,59.95666666666667,45.6,0,0.14087673078355
24.08.2030 12:00,8.39,-25.2039175634567,53.08,,0.3775,822.7125,42.125,-2.6100000000000003,81.46,0,0.0461943018161187
24.08.2030 13:00,8.39,0.0,53.08,,-0.6975,754.5425,21.057,2.705,81.46,0,0.0426490018678817
24.08.2030 14:00,8.39,0.0,53.08,,-9.765,1003.03,11.202,12.2675,81.46,0,0.0445822382552545
24.08.2030 15:00,8.27,15.779,53.08,,33.5775,1494.5975,99.203,-2.4750000000000005,81.46,0,0.053653306595529
24.08.2030 16:00,8.18,78.592,53.08,,83.2725,1284.2,30.598,15.385,25.37,0,19.7785701882235
24.08.2030 17:00,8.08,95.5645656385277,53.08,,104.56,996.85,2.812,26.59,25.37,0,41.1799762661463
24.08.2030 18:00,8.08,180.022940023541,53.08,,110.4775,788.19,1.11,94.47666666666667,25.37,0,98.1557827595273
24.08.2030 19:00,8.08,183.988301412655,53.08,,109.31,824.9425,0.0,,25.37,0,101.010817090695
24.08.2030 20:00,8.08,184.124625523375,53.08,,108.19,633.325,11.607,71.97333333333334,1.39,0,100.652581441577
24.08.2030 21:00,8.08,180.582899089162,53.08,,96.5525,611.19,55.533,51.3625,1.39,0,119.592279199774
24.08.2030 22:00,8.08,111.278394376548,53.08,,95.1325,625.17,3.733,77.5875,1.39,0,115.615389730527
24.08.2030 23:00,8.04,102.194545649773,53.08,,90.86,557.1725,21.186,84.0325,1.39,0,97.8848547389123
25.08.2030 00:00,8.04,98.5360286661166,53.08,,90.23,455.9875,1.127,100.9125,3.57,0,103.075424346803
25.08.2030 01:00,8.36,93.5665164310889,53.08,,89.6075,398.8525,1.972,111.885,3.57,0,102.453911538053
25.08.2030 02:00,8.36,93.201,53.08,,90.6125,341.5175,3.396,100.0825,3.57,0,101.556101105577
25.08.2030 03:00,8.36,93.4539686446255,53.08,,103.2225,636.235,1.189,93.57,3.57,0,96.8031040327079
25.08.2030 04:00,8.36,104.326264404551,53.08,,111.18,793.335,2.149,93.3725,6.54,0,92.1622677156941
25.08.2030 05:00,8.36,122.879877065026,53.08,,119.99,881.3275,3.537,80.29,6.54,0,85.7878133060167
25.08.2030 06:00,8.36,131.419055600628,53.08,,110.7725,1119.865,0.153,102.875,6.54,0,80.21166947027
25.08.2030 07:00,8.55,121.253436680005,53.08,,98.49,1244.6675,11.797,96.015,6.54,0,71.03653119525
25.08.2030 08:00,8.7,90.826,53.08,,95.655,2092.8425,4.809,81.45,142.93,0,54.5455671039965
25.08.2030 09:00,8.91,77.742952234815,53.08,,74.02,1765.2425,110.096,51.605,142.93,0,36.5555466614653
25.08.2030 10:00,8.91,71.3167610384524,53.08,,39.7125,1248.1625,4.3260000000000005,84.875,142.93,0,32.8932564087683
25.08.2030 11:00,8.91,65.9712175451668,53.08,,13.6975,1148.9575,119.672,44.725,142.93,0,31.1600205979133
25.08.2030 12:00,8.91,63.9845355948694,53.08,,8.395,1072.4175,218.541,19.2975,432.73,0,30.1332470684573
25.08.2030 13:00,8.91,66.4980983229154,53.08,,19.185,1128.2925,121.818,31.175,432.73,0,30.9172671295883
25.08.2030 14:00,8.91,70.735768093714,53.08,,45.9525,1353.27,36.277,57.22,432.73,0,33.8842790047485
25.08.2030 15:00,8.7,81.2373773686115,53.08,,79.7925,1200.8325,4.736,31.42,432.73,0,41.3897180688672
25.08.2030 16:00,8.55,103.43980096736,53.08,,103.445,1264.545,55.18,67.06,89.5,0,74.8323670790095
25.08.2030 17:00,8.4,142.734401206134,53.08,,147.5725,1358.7025,23.177,228.78,89.5,0,96.592054827585
25.08.2030 18:00,8.4,154.105907925632,53.08,,215.855,1014.555,0.237,132.77,89.5,0,100.14200045503
25.08.2030 19:00,8.4,154.158168365351,53.08,,133.365,1024.4975,0.738,97.79,89.5,0,104.590244291996
25.08.2030 20:00,8.4,149.035425218611,53.08,,116.93,1046.38,27.565,80.82,15.0,0,97.5359967667494
25.08.2030 21:00,8.4,142.297406410962,53.08,,105.81,767.5325,1.034,86.86,15.0,0,99.1406403871827
25.08.2030 22:00,8.4,111.758603335036,53.08,,104.2275,626.6400000000001,0.004,90.8075,15.0,0,81.7387873882869
25.08.2030 23:00,8.36,93.201,53.08,,99.9875,472.805,4.106999999999999,90.57,15.0,0,57.3947578545871
26.08.2030 00:00,8.36,78.592,53.08,,95.98,309.3425,26.630000000000003,75.4375,12.81,0,31.1888948704405
26.08.2030 01:00,8.36,78.592,53.08,,90.995,270.17,30.953,76.395,12.81,0,30.5529046844196
26.08.2030 02:00,8.36,78.592,53.08,,94.2175,320.0725,8.756,84.8775,12.81,0,29.5470682830537
26.08.2030 03:00,8.36,75.877,53.08,,104.3175,513.3725,1.069,85.94666666666666,12.81,0,29.8550030018817
26.08.2030 04:00,8.36,75.877,53.08,,120.435,612.5600000000001,0.783,87.96333333333332,10.0,0,29.0693414529342
26.08.2030 05:00,8.36,75.877,53.08,,121.3025,757.49,2.196,80.41,10.0,0,28.0918002317753
26.08.2030 06:00,8.36,64.986,53.08,,107.54,1102.6750000000002,12.845,101.32,10.0,0,13.5662025646721
26.08.2030 07:00,8.55,17.105,53.08,,88.385,1104.085,120.24,67.83500000000001,10.0,0,0.0
26.08.2030 08:00,8.7,14.571,53.08,,74.41499999999999,1079.085,4.413,88.7975,62.8,0,0.0
26.08.2030 09:00,8.91,0.0,53.08,,56.885,1176.53,174.942,52.0325,62.8,0,0.0
26.08.2030 10:00,8.91,0.0,53.08,,35.905,1052.755,124.544,45.9925,62.8,0,0.0
26.08.2030 11:00,8.91,0.0,53.08,,22.89,1019.1725,51.075,27.6975,62.8,0,0.0
26.08.2030 12:00,8.91,0.0,53.08,,37.985,965.535,19.611,44.895,123.2,0,0.0
26.08.2030 13:00,8.91,0.0,53.08,,59.9175,906.3475,6.853999999999999,30.39333333333333,123.2,0,0.0
26.08.2030 14:00,8.91,0.0,53.08,,87.995,1352.6174999999998,0.003,95.12,123.2,0,0.0
26.08.2030 15:00,8.7,0.0,53.08,,99.74,1548.5075000000002,51.642,50.96,123.2,0,0.0
26.08.2030 16:00,8.55,9.783,53.08,,142.6025,1503.845,10.167,78.61,36.15,0,0.0
26.08.2030 17:00,8.4,16.028,53.08,,337.8175,1292.4125,0.0,,36.15,0,0.0
26.08.2030 18:00,8.4,56.101,53.08,,477.775,1164.8825,0.474,103.97,36.15,0,7.29723797986521
26.08.2030 19:00,8.4,56.102,53.08,,161.925,1663.115,1.57,102.83,36.15,0,7.41732033472042
26.08.2030 20:00,8.4,56.102,53.08,,121.0925,1218.9025,164.806,74.955,9.0,0,7.9574935083591
26.08.2030 21:00,8.4,56.102,53.08,,100.71,1063.6075,25.373,78.8225,9.0,0,8.30171551375865
26.08.2030 22:00,8.4,22.026,53.08,,92.0875,687.42,2.991,92.3625,9.0,0,0.0
26.08.2030 23:00,8.36,16.028,53.08,,85.3375,584.89,1.118,98.77,9.0,0,0.0
27.08.2030 00:00,8.36,15.651,53.08,,85.645,446.8175,0.084,86.66,6.83,0,0.0
27.08.2030 01:00,8.36,15.539,53.08,,83.635,439.3175,16.652,83.535,6.83,0,0.0
27.08.2030 02:00,8.36,14.94,53.08,,83.41499999999999,536.8725000000001,5.007,87.36,6.83,0,0.0
27.08.2030 03:00,8.36,14.475,53.08,,95.325,528.8775,1.119,87.0625,6.83,0,0.0
27.08.2030 04:00,8.36,14.571,53.08,,116.475,643.59,3.413,84.01666666666667,5.8,0,0.0
27.08.2030 05:00,8.36,14.571,53.08,,125.27,659.4,3.019,64.13,5.8,0,0.0
27.08.2030 06:00,8.36,14.138,53.08,,135.8275,1097.985,0.0,,5.8,0,0.0
27.08.2030 07:00,8.55,0.0,53.08,,114.275,1270.0425,5.093,104.41333333333334,5.8,0,0.0
27.08.2030 08:00,8.7,0.0,53.08,,93.3775,1215.5325,103.139,69.3675,65.0,0,0.0
27.08.2030 09:00,8.91,-2.4963406885831,53.08,,66.8175,1282.28,162.027,58.91,65.0,0,0.0
27.08.2030 10:00,8.91,-8.54907960657658,53.08,,48.265,1258.5975,27.052,54.3775,65.0,0,0.0
27.08.2030 11:00,8.91,-3.99754773341672,53.08,,29.685,1164.0025,74.413,22.4775,65.0,0,0.0
27.08.2030 12:00,8.91,0.0,53.08,,25.83,1568.66,189.812,-6.795,86.0,0,0.0
27.08.2030 13:00,8.91,-9.11583398470975,53.08,,51.275,1520.895,1.833,60.8,86.0,0,0.0
27.08.2030 14:00,8.91,0.0,53.08,,81.6825,1374.5075000000002,0.215,103.28,86.0,0,0.0
27.08.2030 15:00,8.7,0.0,53.08,,105.0975,1519.9,0.828,81.57,86.0,0,0.0
27.08.2030 16:00,8.55,0.0,53.08,,141.985,1497.6375,13.624,89.945,26.94,0,0.0
27.08.2030 17:00,8.4,1.008,53.08,,219.2075,1356.39,0.732,108.66,26.94,0,0.0
27.08.2030 18:00,8.4,17.12,53.08,,183.8775,1276.9375,25.152,111.47666666666667,26.94,0,0.0
27.08.2030 19:00,8.4,22.223,53.08,,124.895,1241.6775,2.977,96.32,26.94,0,0.0
27.08.2030 20:00,8.4,30.132,53.08,,114.38,986.1525,97.493,68.905,5.0,0,0.0
27.08.2030 21:00,8.4,30.132,53.08,,100.3875,864.735,140.17,64.0125,5.0,0,0.0
27.08.2030 22:00,8.4,30.132,53.08,,90.0925,630.9975000000001,3.05,93.55666666666669,5.0,0,0.0
27.08.2030 23:00,8.36,30.132,53.08,,88.65,528.0975000000001,0.077,87.81,5.0,0,0.0
28.08.2030 00:00,8.36,32.672,53.08,,87.7675,406.5475,0.0,96.39,4.66,0,0.0
28.08.2030 01:00,8.36,40.153,53.08,,89.83500000000001,390.4175,1.663,108.625,4.66,0,11.581636235411
28.08.2030 02:00,8.36,40.153,53.08,,93.4675,437.885,0.603,91.415,4.66,0,11.7823231875893
28.08.2030 03:00,8.36,47.975,53.08,,95.9375,580.56,2.96,86.235,4.66,0,15.8040269853118
28.08.2030 04:00,8.36,69.43,53.08,,117.565,658.24,0.293,96.8675,3.8,0,30.5233504847346
28.08.2030 05:00,8.36,73.762,53.08,,126.9475,774.9675,0.955,92.85,3.8,0,29.1677390991864
28.08.2030 06:00,8.36,73.762,53.08,,120.03,748.9275,2.738,104.5,3.8,0,26.0714608096828
28.08.2030 07:00,8.55,47.975,53.08,,112.2725,949.2075,0.0,,3.8,0,20.9496885608402
28.08.2030 08:00,8.7,18.405,53.08,,102.9075,1047.6799999999998,0.0,114.95,33.95,0,0.134463332569549
28.08.2030 09:00,8.91,0.0,53.08,,90.0825,969.08,8.796999999999999,78.01,33.95,0,0.0981883158359685
28.08.2030 10:00,8.91,0.0,53.08,,85.5475,871.65,63.06,81.175,33.95,0,0.156375654694724
28.08.2030 11:00,8.91,0.0,53.08,,85.6,710.935,0.921,93.585,33.95,0,0.217347163375715
28.08.2030 12:00,8.91,-12.3092435474554,53.08,,84.875,657.985,13.789,76.905,59.68,0,0.0922574942435879
28.08.2030 13:00,8.91,-25.0151471441474,53.08,,84.675,643.7975,0.153,105.86,59.68,0,0.0989017356349469
28.08.2030 14:00,8.91,0.0,53.08,,86.89,1028.59,93.778,,59.68,0,0.0953807835360194
28.08.2030 15:00,8.7,0.037,53.08,,107.275,1021.4475,19.295,83.06,59.68,0,0.104059228797843
28.08.2030 16:00,8.55,26.482,53.08,,130.2975,1191.66,0.0,,18.05,0,0.423963615956687
28.08.2030 17:00,8.4,73.762,53.08,,144.425,930.0975,0.3789999999999999,105.66333333333334,18.05,0,25.0684770116189
28.08.2030 18:00,8.4,100.887,53.08,,122.98,1226.4499999999998,4.484999999999999,110.9,18.05,0,47.7119573695514
28.08.2030 19:00,8.4,100.888,53.08,,111.67,888.105,3.469,109.59,18.05,0,51.826034534181
28.08.2030 20:00,8.4,100.889,53.08,,97.8125,860.31,0.223,106.62,3.4,0,55.7415479057906
28.08.2030 21:00,8.4,96.248,53.08,,96.775,811.0275,0.0,,3.4,0,51.3964689530046
28.08.2030 22:00,8.4,73.762,53.08,,97.11,515.4100000000001,0.323,86.00333333333333,3.4,0,37.8927175230201
28.08.2030 23:00,8.36,73.529,53.08,,96.7625,599.4875,0.0,,3.4,0,17.3826840480592
29.08.2030 00:00,8.36,59.467,53.08,,93.235,567.31,0.0209999999999999,89.825,3.82,0,11.56404147736
29.08.2030 01:00,8.36,19.896,53.08,,91.0825,421.8875,10.962,83.855,3.82,0,0.0
29.08.2030 02:00,8.36,19.896,53.08,,90.2425,450.5625,2.031,95.2725,3.82,0,0.0
29.08.2030 03:00,8.36,19.896,53.08,,94.69,513.2775,44.033,62.445,3.82,0,0.0
29.08.2030 04:00,8.36,19.896,53.08,,111.4925,758.4925000000001,12.093,79.66,2.96,0,0.0
29.08.2030 05:00,8.36,22.517,53.08,,126.2075,909.8575,16.736,81.735,2.96,0,0.0
29.08.2030 06:00,8.36,22.517,53.08,,126.1275,1175.475,0.717,101.29,2.96,0,0.0
29.08.2030 07:00,8.55,19.541,53.08,,93.61,1085.1275,4.840000000000001,88.945,2.96,0,0.0
29.08.2030 08:00,8.7,14.909,53.08,,78.4575,1035.31,0.455,87.275,28.92,0,0.0
29.08.2030 09:00,8.91,14.909,53.08,,41.0175,1074.635,50.044,52.705,28.92,0,0.0
29.08.2030 10:00,8.91,14.909,53.08,,13.2625,1215.6575,43.203,25.94,28.92,0,0.0
29.08.2030 11:00,8.91,14.909,53.08,,13.9075,1166.3975,6.193,62.54333333333333,28.92,0,0.0
29.08.2030 12:00,8.91,14.984,53.08,,39.2125,1012.4475,22.179,27.100000000000005,53.84,0,0.0
29.08.2030 13:00,8.91,15.651,53.08,,74.175,741.5225,22.335,32.795,53.84,0,0.0
29.08.2030 14:00,8.91,20.0,53.08,,81.2325,516.935,1.11,63.92,53.84,0,0.0
29.08.2030 15:00,8.7,73.362,53.08,,99.85,834.4975000000001,8.106,45.13,53.84,0,15.5898563253983
29.08.2030 16:00,8.55,78.592,53.08,,115.9975,1059.505,38.932,50.4575,15.89,0,31.825129933308
29.08.2030 17:00,8.4,106.920028398835,53.08,,120.89,946.405,0.0,,15.89,0,60.2489497281752
29.08.2030 18:00,8.4,142.294637470417,53.08,,130.8275,1095.2025,72.578,67.9,15.89,0,84.5827452564099
29.08.2030 19:00,8.4,146.187161947737,53.08,,110.2775,1229.2,46.587,108.63,15.89,0,79.6903958002527
29.08.2030 20:00,8.4,145.993364675179,53.08,,100.5675,956.165,43.654,62.6575,2.46,0,82.207246545933
29.08.2030 21:00,8.4,142.915421084165,53.08,,97.575,838.1775,4.038,90.75,2.46,0,97.7670425807019
29.08.2030 22:00,8.4,135.5005499186,53.08,,98.205,786.43,1.277,96.55,2.46,0,104.56720638
29.08.2030 23:00,8.36,111.088736391561,53.08,,91.775,499.59,1.963,91.3,2.46,0,108.395076528097
30.08.2030 00:00,8.36,110.720049821235,53.08,,92.6475,514.81,3.018,86.61666666666667,3.1,0,112.798690132217
30.08.2030 01:00,8.06,99.5089968898963,53.08,,91.0775,590.5899999999999,0.631,66.39,3.1,0,116.991557176985
30.08.2030 02:00,8.06,100.193715704684,53.08,,97.705,556.6125,0.525,84.73,3.1,0,108.525820644587
30.08.2030 03:00,8.06,99.4228914214939,53.08,,95.605,487.2175,1.051,95.955,3.1,0,109.993220261505
30.08.2030 04:00,8.06,98.8991493436549,53.08,,101.0175,332.40000000000003,4.694,95.1025,2.94,0,106.285244168532
30.08.2030 05:00,8.06,106.621603446,53.08,,102.57,494.83,0.0409999999999999,99.71666666666664,2.94,0,93.2267275342266
30.08.2030 06:00,8.06,102.225877549373,53.08,,99.715,837.7275,0.388,86.69,2.94,0,78.1298311936873
30.08.2030 07:00,8.19,86.7802123768236,53.08,,95.0175,758.5275,54.567,60.682500000000005,2.94,0,20.5055133137797
30.08.2030 08:00,8.29,20.0,53.08,,77.185,841.84,5.7780000000000005,59.25333333333333,34.4,0,0.101384743703047
30.08.2030 09:00,8.41,0.0,53.08,,54.665,1075.1475,28.448,34.45,34.4,0,0.0769213123343558
30.08.2030 10:00,8.41,0.0,53.08,,19.7725,1265.4725,114.852,17.9225,34.4,0,0.15898997518128
30.08.2030 11:00,8.41,0.0,53.08,,5.2675,1127.6125000000002,99.463,22.05,34.4,0,0.190370700812997
30.08.2030 12:00,8.41,0.0,53.08,,2.0375,977.61,51.882,36.785,83.88,0,0.0629638554428019
30.08.2030 13:00,8.41,0.0,53.08,,2.06,1008.0675,46.931,22.9225,83.88,0,0.0690479117001681
30.08.2030 14:00,8.41,14.376,53.08,,28.020000000000003,1111.4175,189.956,6.6375,83.88,0,0.0752191216286404
30.08.2030 15:00,8.29,15.779,53.08,,78.7825,1206.255,74.011,16.9575,83.88,0,0.0865696233805361
30.08.2030 16:00,8.19,83.297,53.08,,104.0525,1080.655,10.41,35.84,20.35,0,13.1756258630593
30.08.2030 17:00,8.1,92.653,53.08,,175.9725,1200.9925,19.746,57.96,20.35,0,33.8197708865596
30.08.2030 18:00,8.1,103.904221183033,53.08,,182.8625,1244.2,0.0,,20.35,0,40.4702061545965
30.08.2030 19:00,8.1,102.939796101559,53.08,,120.185,913.3925,8.498,86.58,20.35,0,41.6901870788277
30.08.2030 20:00,8.1,98.9439461205993,53.08,,95.795,776.865,206.936,45.7425,2.15,0,42.7341826302335
30.08.2030 21:00,8.1,95.3376812454501,53.08,,81.975,666.5450000000001,34.93,68.8925,2.15,0,41.7343129387255
30.08.2030 22:00,8.1,89.4376381072875,53.08,,82.0475,677.3100000000001,2.234,76.09,2.15,0,42.0725296996725
30.08.2030 23:00,8.06,79.8244535355767,53.08,,76.6975,586.285,2.7510000000000003,73.235,2.15,0,34.769271094958
31.08.2030 00:00,8.06,71.8507238048336,53.08,,79.2425,547.335,10.357,56.69500000000001,3.0,0,35.4757546242033
31.08.2030 01:00,8.04,78.592,53.08,,75.68,423.68,8.620999999999999,76.045,3.0,0,40.4187240295417
31.08.2030 02:00,8.04,80.998,53.08,,71.2025,401.355,21.969,62.9125,3.0,0,42.6771345617424
31.08.2030 03:00,8.04,82.82,53.08,,75.8775,363.26,0.861,79.38,3.0,0,46.9331964747956
31.08.2030 04:00,8.04,85.509,53.08,,85.00999999999999,620.905,0.0,91.425,3.3,0,51.5141639411618
31.08.2030 05:00,8.04,105.59104007415,53.08,,75.33,805.41,0.596,69.96,3.3,0,56.0419222929178
31.08.2030 06:00,8.04,109.861720644413,53.08,,41.795,1085.3475,0.492,83.49,3.3,0,53.1656957238239
31.08.2030 07:00,8.18,100.003026804969,53.08,,14.345,1292.79,71.634,31.58,3.3,0,52.1036756941588
31.08.2030 08:00,8.27,87.991,53.08,,-0.7699999999999996,1000.49,24.487,22.5725,71.25,0,48.3653277493617
31.08.2030 09:00,8.39,86.949,53.08,,-5.0575,1059.6675,5.159000000000001,24.855,71.25,0,40.1032223747206
31.08.2030 10:00,8.39,74.1302012996567,53.08,,-6.675,920.155,9.472,66.36,71.25,0,35.0586035075166
31.08.2030 11:00,8.39,67.2959379169498,53.08,,-9.4225,856.9475,10.281,19.6275,71.25,0,31.6045666482413
31.08.2030 12:00,8.39,62.8663178578678,53.08,,-8.645,952.4025,18.518,10.0625,93.3,0,30.3070881994826
31.08.2030 13:00,8.39,65.0713808368093,53.08,,-4.2225,958.285,34.963,31.195,93.3,0,32.1833018163413
31.08.2030 14:00,8.39,82.681,53.08,,8.73,1241.505,71.62299999999999,22.206666666666663,93.3,0,35.6706062573375
31.08.2030 15:00,8.27,84.592,53.08,,76.325,1287.45,4.984,53.3,93.3,0,54.0924501407648
31.08.2030 16:00,8.18,110.253584194155,53.08,,99.1325,1223.6375,0.958,63.29,20.98,0,67.4024705136563
31.08.2030 17:00,8.08,174.971734932485,53.08,,112.055,944.0175,0.03,102.04,20.98,0,98.6580916215157
31.08.2030 18:00,8.08,159.406982201243,53.08,,124.5175,966.4475,0.0,108.63,20.98,0,94.0394830475601
31.08.2030 19:00,8.08,160.050955269831,53.08,,106.2,1118.515,0.0,140.0,20.98,0,94.6738089131644
31.08.2030 20:00,8.08,143.644863089179,53.08,,94.29,1278.27,98.32,58.99999999999999,1.95,0,98.6015708880124
31.08.2030 21:00,8.08,104.906463361994,53.08,,77.66,815.8825,176.835,50.9525,1.95,0,88.1959588365905
31.08.2030 22:00,8.08,90.6264798367616,53.08,,75.505,611.8825,108.188,57.46,1.95,0,71.999188510726
31.08.2030 23:00,8.04,87.991,53.08,,73.1625,543.7525,29.647,77.175,1.95,0,45.290485111526
01.09.2030 00:00,8.04,82.905,53.08,,76.6775,418.03,6.043,33.5,3.15,0,40.6019579453257
01.09.2030 01:00,8.33,78.592,53.08,,82.4575,615.185,0.091,81.39,3.15,0,52.2762438049699
01.09.2030 02:00,8.33,78.592,53.08,,80.8425,606.9725,3.141,82.07333333333334,3.15,0,48.7966019294725
01.09.2030 03:00,8.33,78.592,53.08,,92.625,736.7,2.197,81.6525,3.15,0,43.3686613108671
01.09.2030 04:00,8.33,78.592,53.08,,105.0925,948.6025,13.699,71.1,3.44,0,43.4388611570351
01.09.2030 05:00,8.33,80.19,53.08,,107.9275,817.8925,5.097,79.7,3.44,0,40.8643395275723
01.09.2030 06:00,8.33,80.19,53.08,,107.645,1121.0675,0.0,,3.44,0,35.2294383333103
01.09.2030 07:00,8.51,80.19,53.08,,96.4575,1302.18,0.003,,3.44,0,32.5182959373112
01.09.2030 08:00,8.66,78.592,53.08,,108.6425,1736.335,0.046,125.045,43.51,0,28.7463829008719
01.09.2030 09:00,8.87,76.635,53.08,,100.505,1718.215,0.061,52.84,43.51,0,23.551102076795
01.09.2030 10:00,8.87,76.635,53.08,,90.2975,1748.4475,0.0,,43.51,0,23.8449094191518
01.09.2030 11:00,8.87,76.635,53.08,,97.175,1849.785,104.597,68.8875,43.51,1,23.7927321368426
01.09.2030 12:00,8.87,73.394,53.08,,94.21,1865.1775,79.91199999999999,60.60666666666666,88.33,1,22.9420584166952
01.09.2030 13:00,8.87,73.394,53.08,,77.8625,1642.5575,19.233,77.29,88.33,1,22.216968365333
01.09.2030 14:00,8.87,73.395,53.08,,90.63,1474.5775,3.825,76.32,88.33,0,22.0944472974797
01.09.2030 15:00,8.66,76.635,53.08,,116.39,1739.52,96.63,66.8075,88.33,1,23.4077737961129
01.09.2030 16:00,8.51,78.592,53.08,,169.0975,1839.495,0.035,103.66,17.0,1,28.697760805804
01.09.2030 17:00,8.38,80.125,53.08,,312.56,1355.9375,25.391,68.81,17.0,1,32.1389817534533
01.09.2030 18:00,8.38,82.709,53.08,,259.6325,1414.4825,0.0,,17.0,1,35.3379060158181
01.09.2030 19:00,8.38,83.068,53.08,,148.08,1571.24,0.003,,17.0,0,34.2750652095332
01.09.2030 20:00,8.38,83.069,53.08,,116.6325,1116.3575,70.866,76.24666666666667,2.23,0,34.1807698898147
01.09.2030 21:00,8.38,83.069,53.08,,94.7375,943.535,19.999,84.2125,2.23,0,36.8815228907928
01.09.2030 22:00,8.38,80.184,53.08,,92.3575,636.085,3.242,88.8475,2.23,0,38.9170265858562
01.09.2030 23:00,8.33,80.185,53.08,,91.3525,679.5675,1.605,83.12666666666667,2.23,0,40.8180109537909
02.09.2030 00:00,8.33,80.125,53.08,,93.2925,501.7025,0.494,83.69,2.91,0,44.6905475933676
02.09.2030 01:00,8.33,81.131,53.08,,95.8925,445.7375,0.112,84.275,2.91,0,45.6804582868819
02.09.2030 02:00,8.33,81.131,53.08,,96.7875,514.4425,2.248,83.99000000000001,2.91,0,38.0960961616299
02.09.2030 03:00,8.33,81.131,53.08,,103.1925,547.605,1.547,84.44,2.91,0,37.7757116888481
02.09.2030 04:00,8.33,81.131,53.08,,124.24,707.13,1.104,88.94666666666667,2.52,0,36.8853772817783
02.09.2030 05:00,8.33,85.6,53.08,,142.4275,875.5875,16.805,72.3,2.52,0,34.9037358263471
02.09.2030 06:00,8.33,81.131,53.08,,125.825,1129.5725,5.973,88.625,2.52,0,31.0829073635977
02.09.2030 07:00,8.51,78.592,53.08,,100.6925,1147.5725,3.366,99.64666666666666,2.52,0,17.4335508702663
02.09.2030 08:00,8.66,20.0,53.08,,88.86749999999999,1217.45,79.324,79.3775,29.3,0,0.338654678610937
02.09.2030 09:00,8.87,15.31,53.08,,71.53,1081.935,269.196,52.8725,29.3,0,0.266811398309174
02.09.2030 10:00,8.87,15.31,53.08,,52.7675,1185.0,0.658,52.19,29.3,0,0.260662909081593
02.09.2030 11:00,8.87,15.31,53.08,,35.8875,1312.495,32.192,43.32333333333333,29.3,1,0.280117939832044
02.09.2030 12:00,8.87,15.31,53.08,,49.665,1240.5700000000002,0.7989999999999999,71.13,76.42,1,0.289676491578764
02.09.2030 13:00,8.87,15.651,53.08,,66.86250000000001,1358.77,201.696,35.9575,76.42,1,0.296689091787988
02.09.2030 14:00,8.87,15.779,53.08,,82.505,1193.155,183.102,40.285,76.42,0,0.309150251771955
02.09.2030 15:00,8.66,20.0,53.08,,89.2375,1133.29,356.495,21.34,76.42,1,0.339293875945566
02.09.2030 16:00,8.51,76.97,53.08,,122.1425,1651.4575,23.556,43.51,13.68,1,13.052831933133
02.09.2030 17:00,8.38,78.592,53.08,,256.03000000000003,1104.5125,144.2,74.43,13.68,1,33.2513990802129
02.09.2030 18:00,8.38,86.385,53.08,,221.5725,992.06,0.293,97.06,13.68,1,39.8788510207243
02.09.2030 19:00,8.38,86.385,53.08,,109.315,945.3575,78.44800000000001,69.89999999999999,13.68,0,38.3054724872307
02.09.2030 20:00,8.38,86.386,53.08,,96.475,809.765,88.537,71.925,1.87,0,41.4761451900215
02.09.2030 21:00,8.38,86.386,53.08,,92.4775,709.895,37.553,71.1525,1.87,0,44.3748256828558
02.09.2030 22:00,8.38,82.462,53.08,,99.235,689.7975,20.915,70.20666666666666,1.87,0,39.5642228829057
02.09.2030 23:00,8.33,78.592,53.08,,104.8825,824.385,3.966,64.67,1.87,0,35.1252519858095
03.09.2030 00:00,8.33,78.592,53.08,,94.2775,675.8525,16.73,71.685,2.68,0,33.580422645803
03.09.2030 01:00,8.33,78.592,53.08,,86.92,622.4025,11.177,71.265,2.68,0,40.1978399647258
03.09.2030 02:00,8.33,75.611,53.08,,87.265,529.7025,0.789,,2.68,0,28.041098962478
03.09.2030 03:00,8.33,69.008,53.08,,89.6875,477.1625,0.065,81.66,2.68,0,20.895823357556
03.09.2030 04:00,8.33,73.477,53.08,,103.2175,732.6175,5.199000000000001,63.95,2.64,0,20.6806844269572
03.09.2030 05:00,8.33,76.644,53.08,,152.89,1044.2975,0.026,71.28,2.64,0,20.4190022918535
03.09.2030 06:00,8.33,72.182,53.08,,109.1775,1414.5075,34.863,65.57333333333334,2.64,0,17.8559900474232
03.09.2030 07:00,8.51,20.0,53.08,,84.22,1374.12,95.893,51.965,2.64,0,0.0
03.09.2030 08:00,8.66,14.376,53.08,,21.9475,1488.9975,325.906,-27.8625,42.81,0,0.0
03.09.2030 09:00,8.87,13.533,53.08,,-8.3125,1157.6425,113.013,-12.165,42.81,0,0.0
03.09.2030 10:00,8.87,13.533,53.08,,-14.5425,1154.6125,101.499,-14.3425,42.81,0,0.0
03.09.2030 11:00,8.87,13.533,53.08,,-12.625,833.635,264.929,-27.9325,42.81,1,0.0
03.09.2030 12:00,8.87,13.533,53.08,,-15.0375,775.4525,332.408,-33.78,88.42,1,0.0
03.09.2030 13:00,8.87,13.533,53.08,,-18.1975,1007.7225,239.671,-88.07,88.42,1,0.0
03.09.2030 14:00,8.87,13.533,53.08,,-18.2625,1086.6975,149.985,-89.76,88.42,0,0.0
03.09.2030 15:00,8.66,15.06,53.08,,30.925,1369.7225,132.571,-76.0375,88.42,1,0.0
03.09.2030 16:00,8.51,69.008,53.08,,78.4725,1290.7075,71.147,-38.0775,85.94,1,13.8685324287863
03.09.2030 17:00,8.38,101.060818057053,53.08,,117.6,1229.095,10.5,59.675,85.94,1,51.2335721701135
03.09.2030 18:00,8.38,116.524086914427,53.08,,138.375,1513.76,0.62,93.33,85.94,1,96.3481410320043
03.09.2030 19:00,8.38,121.093582944048,53.08,,85.98,1088.835,45.569,63.0975,85.94,0,101.038469208203
03.09.2030 20:00,8.38,122.087495735532,53.08,,75.6975,1070.8225,32.75,42.8225,3.9,0,99.8656999463104
03.09.2030 21:00,8.38,121.482332549998,53.08,,56.8,742.6975,7.692,73.445,3.9,0,103.026614143215
03.09.2030 22:00,8.38,115.896822261934,53.08,,75.03,781.5024999999999,73.27600000000001,30.855,3.9,0,110.00584835596
03.09.2030 23:00,8.33,109.921705823049,53.08,,67.07249999999999,674.785,26.444,8.393333333333333,3.9,0,122.115324891917
04.09.2030 00:00,8.33,106.126769863828,53.08,,74.8625,741.3725,0.0,81.35,42.54,0,134.213900645518
04.09.2030 01:00,8.33,98.1389607150494,53.08,,80.33500000000001,745.51,1.281,70.53,42.54,0,130.267706129188
04.09.2030 02:00,8.33,98.4335500286229,53.08,,83.55,619.36,4.9830000000000005,74.56,42.54,0,125.168636506635
04.09.2030 03:00,8.33,98.2303017502243,53.08,,96.625,871.1925,14.829,64.91666666666667,42.54,0,125.222267675491
04.09.2030 04:00,8.33,101.586608764029,53.08,,103.565,936.09,24.669000000000004,78.02,20.48,0,106.254310334762
04.09.2030 05:00,8.33,110.865868219469,53.08,,116.8575,945.5975,25.701,75.60000000000001,20.48,0,94.0400209875123
04.09.2030 06:00,8.33,110.082731953544,53.08,,114.9475,1279.595,0.001,133.0,20.48,0,82.0936486817287
04.09.2030 07:00,8.51,97.0078861271434,53.08,,93.905,1688.24,1.531,100.35333333333334,20.48,0,66.6008559483744
04.09.2030 08:00,8.66,84.274,53.08,,45.04,1666.285,2.74,75.64999999999999,67.15,0,20.0057829283131
04.09.2030 09:00,8.87,57.192,53.08,,4.23,1169.75,40.078,-3.9625,67.15,0,9.20775681870375
04.09.2030 10:00,8.87,19.5,53.08,,-8.21,1106.0175,55.747,-21.155,67.15,0,2.71291320337347
04.09.2030 11:00,8.87,19.5,53.08,,-8.0175,1153.7175,61.651,-16.305,67.15,1,2.65826070148588
04.09.2030 12:00,8.87,19.5,53.08,,1.39,1220.645,46.515,-21.795,194.05,1,2.64717705019828
04.09.2030 13:00,8.87,19.5,53.08,,38.8525,1389.4075,9.949000000000002,18.175,194.05,1,2.75045350217493
04.09.2030 14:00,8.87,21.163,53.08,,77.48,1516.6375,11.203,35.825,194.05,0,3.08028287250008
04.09.2030 15:00,8.66,68.175,53.08,,105.66,1203.2325,37.793,73.2975,194.05,1,10.8666969374208
04.09.2030 16:00,8.51,90.662,53.08,,196.1475,1401.1125,0.693,68.22,79.39,1,27.4019014667384
04.09.2030 17:00,8.38,103.018535109001,53.08,,375.2675,1234.8375,0.104,98.07,79.39,1,69.7752878430539
04.09.2030 18:00,8.38,124.918438036268,53.08,,276.745,1559.84,0.104,241.42,79.39,1,78.3801169806805
04.09.2030 19:00,8.38,128.17277199497,53.08,,140.1925,1399.24,72.932,67.255,79.39,0,79.0409887392578
04.09.2030 20:00,8.38,124.376144284237,53.08,,110.135,1190.1775,175.97,67.1625,2.17,0,86.3848799907406
04.09.2030 21:00,8.38,121.304625108067,53.08,,93.49,902.9675,23.307,81.5275,2.17,0,94.906504014406
04.09.2030 22:00,8.38,110.852892482523,53.08,,91.87,741.3525,0.164,87.315,2.17,0,100.392816660027
04.09.2030 23:00,8.33,105.103118132131,53.08,,84.785,600.0649999999999,9.335,84.305,2.17,0,109.113332964515
05.09.2030 00:00,8.33,100.874680070542,53.08,,81.66499999999999,591.3775,2.6260000000000003,89.485,14.67,0,117.585251060218
05.09.2030 01:00,8.33,97.6311629335686,53.08,,79.47,486.5425,8.814,78.46,14.67,0,116.983810428477
05.09.2030 02:00,8.33,99.9331490159101,53.08,,77.7975,511.9775,16.509,81.0375,14.67,0,99.5680485984054
05.09.2030 03:00,8.33,98.7776799207704,53.08,,85.42,598.19,0.3,106.515,14.67,0,99.935130225873
05.09.2030 04:00,8.33,98.8852867213207,53.08,,104.71,676.33,10.784,73.195,7.76,0,94.7185421047657
05.09.2030 05:00,8.33,101.53575033079,53.08,,109.5,892.0975,12.54,84.065,7.76,0,82.0963100766994
05.09.2030 06:00,8.33,100.904454630413,53.08,,106.445,1044.615,0.0279999999999999,109.09,7.76,0,71.3265130251511
05.09.2030 07:00,8.51,89.07,53.08,,90.45,1181.935,0.0,,7.76,0,25.512750499812
05.09.2030 08:00,8.66,20.0,53.08,,80.35,1278.0549999999998,10.914,82.22749999999999,33.5,0,0.13538377625345
05.09.2030 09:00,8.87,0.0,53.08,,75.65,1311.1475,49.014,69.9925,33.5,0,0.101428746118034
05.09.2030 10:00,8.87,0.0,53.08,,69.59,1402.4875,128.659,71.4325,33.5,0,0.187799544162126
05.09.2030 11:00,8.87,0.0,53.08,,70.1,1400.51,3.5420000000000003,77.64999999999999,33.5,1,0.245406352047583
05.09.2030 12:00,8.87,0.0,53.08,,70.955,1403.4775,44.818,67.49000000000001,80.66,1,0.080559025059975
05.09.2030 13:00,8.87,0.0,53.08,,79.78999999999999,1096.24,0.5,73.87,80.66,1,0.0841260907635246
05.09.2030 14:00,8.87,0.0,53.08,,82.87,1003.5525,177.058,56.32,80.66,0,0.0946164953822999
05.09.2030 15:00,8.66,16.053,53.08,,83.565,1169.4875,39.398,60.5725,80.66,1,0.115818619915213
05.09.2030 16:00,8.51,78.592,53.08,,110.4875,1190.2425,0.0279999999999999,97.51,41.41,1,13.6644416642651
05.09.2030 17:00,8.38,98.6598189005269,53.08,,168.0475,1160.16,0.474,97.57333333333334,41.41,1,47.1960700193552
05.09.2030 18:00,8.38,112.239829973401,53.08,,149.155,1225.405,22.009,92.62333333333332,41.41,1,62.876285547062
05.09.2030 19:00,8.38,113.814680119917,53.08,,114.59,930.2975,0.002,,41.41,0,63.3036344720264
05.09.2030 20:00,8.38,112.912273530818,53.08,,98.9875,651.7525,3.783,102.0675,1.82,0,67.5654710280834
05.09.2030 21:00,8.38,110.771510326324,53.08,,98.6875,730.4625,0.069,109.355,1.82,0,74.2485458863874
05.09.2030 22:00,8.38,99.9572623504467,53.08,,92.8525,692.9775,0.48,89.58,1.82,0,78.8653565866837
05.09.2030 23:00,8.33,98.903114095958,53.08,,95.99,538.6725,0.451,94.24,1.82,0,81.7473069590192
06.09.2030 00:00,8.33,97.3881853996437,53.08,,92.635,349.7275,0.282,98.02333333333333,7.72,0,90.6181123994641
06.09.2030 01:00,8.04,97.9783482315736,53.08,,99.53,375.8925,0.061,102.63,7.72,0,93.1562208038233
06.09.2030 02:00,8.04,97.8566450183469,53.08,,99.2775,316.005,0.875,93.52333333333333,7.72,0,92.6082430451058
06.09.2030 03:00,8.04,97.6524195421757,53.08,,99.415,359.3175,0.692,95.7375,7.72,0,90.4602229715349
06.09.2030 04:00,8.04,99.9349468905734,53.08,,96.26,249.34,28.288,79.73,4.93,0,80.9576047809698
06.09.2030 05:00,8.04,107.803594575689,53.08,,90.3725,244.745,64.796,60.9175,4.93,0,76.1657267972923
06.09.2030 06:00,8.04,109.976450070281,53.08,,89.505,329.4625,0.348,96.90666666666668,4.93,0,68.6261095394696
06.09.2030 07:00,8.17,98.9613078673866,53.08,,78.2275,187.9875,157.483,42.3475,4.93,0,58.222285594504
06.09.2030 08:00,8.26,81.094,53.08,,-0.3525000000000009,466.31,11.88,8.907499999999999,36.75,0,19.7718761672179
06.09.2030 09:00,8.39,54.394,53.08,,-5.7125,485.7675,81.409,3.767500000000002,36.75,0,10.398712966916
06.09.2030 10:00,8.39,22.701,53.08,,7.7925,555.3025,170.113,-19.0225,36.75,0,4.39651323131405
06.09.2030 11:00,8.39,22.701,53.08,,21.0475,463.4725,126.435,-9.575,36.75,0,4.14342263125419
06.09.2030 12:00,8.39,22.701,53.08,,19.605,576.155,121.192,-15.8325,89.58,0,4.05347463854146
06.09.2030 13:00,8.39,22.702,53.08,,42.5,730.8975,180.845,-17.045,89.58,0,4.30426691094336
06.09.2030 14:00,8.39,22.706,53.08,,42.0475,758.4025,21.472,15.76,89.58,0,4.55692323849788
06.09.2030 15:00,8.26,77.827,53.08,,76.3675,1051.125,310.92,-41.08,89.58,0,10.6586694302416
06.09.2030 16:00,8.17,83.108,53.08,,159.6875,837.2524999999999,318.562,-35.105,27.86,0,23.0695763047124
06.09.2030 17:00,8.08,90.35,53.08,,162.655,905.3425,104.279,49.65,27.86,0,29.108794719482
06.09.2030 18:00,8.08,95.882,53.08,,119.845,728.1424999999999,25.139,90.65333333333336,27.86,0,29.9804909724344
06.09.2030 19:00,8.08,95.883,53.08,,84.48,689.6025,207.769,59.04,27.86,0,29.7288422079139
06.09.2030 20:00,8.08,95.884,53.08,,81.63499999999999,595.8675,390.482,39.7125,1.5,0,31.9047912057721
06.09.2030 21:00,8.08,94.908,53.08,,69.475,618.59,142.85500000000002,59.3325,1.5,0,32.6619232364285
06.09.2030 22:00,8.08,90.35,53.08,,74.36500000000001,537.865,85.24199999999999,56.04,1.5,0,34.1136884009955
06.09.2030 23:00,8.04,85.653,53.08,,68.4875,443.84,233.603,39.225,1.5,0,37.3670740341778
07.09.2030 00:00,8.04,85.431,53.08,,65.0575,403.0475,25.089,56.620000000000005,6.01,0,37.9251783966564
07.09.2030 01:00,8.02,81.242,53.08,,65.05250000000001,339.0575,22.849,68.3,6.01,0,39.2262350672858
07.09.2030 02:00,8.02,81.243,53.08,,72.395,310.8075,74.42399999999999,54.895,6.01,0,40.8485368656015
07.09.2030 03:00,8.02,82.148,53.08,,77.52,449.8475,99.536,37.5025,6.01,0,43.2811627188136
07.09.2030 04:00,8.02,91.602,53.08,,79.2425,548.1675,8.566,62.655,4.81,0,41.7885564632318
07.09.2030 05:00,8.02,91.948,53.08,,63.775000000000006,874.5174999999999,15.057,49.1,4.81,0,35.767524780358
07.09.2030 06:00,8.02,91.949,53.08,,24.365,1088.94,14.379,49.31333333333333,4.81,0,33.2419157778665
07.09.2030 07:00,8.15,82.919,53.08,,14.9925,1299.5325,15.756,43.0075,4.81,0,28.8292690366443
07.09.2030 08:00,8.24,42.137,53.08,,6.75,1364.3325,2.025,17.255,59.16,0,9.12009472068833
07.09.2030 09:00,8.37,14.376,53.08,,-3.1950000000000003,1015.06,88.149,-33.37,59.16,0,0.0695825608944482
07.09.2030 10:00,8.37,15.651,53.08,,-17.575000000000003,776.9775,236.723,-43.225,59.16,0,0.227078610693848
07.09.2030 11:00,8.37,14.909,53.08,,-46.975,960.76,34.695,4.217499999999999,59.16,0,0.217846576335589
07.09.2030 12:00,8.37,14.376,53.08,,-57.19,1063.59,35.919,-1.1875,98.43,0,0.0638541449828435
07.09.2030 13:00,8.37,14.376,53.08,,-27.5,1047.9475,64.304,12.4675,98.43,0,0.0615500091565581
07.09.2030 14:00,8.37,14.376,53.08,,-4.762499999999999,1056.3975,93.244,-4.2275,98.43,0,0.062893855340269
07.09.2030 15:00,8.24,14.892,53.08,,19.4,1184.2,244.605,-129.865,98.43,0,0.0694077103853217
07.09.2030 16:00,8.15,20.612,53.08,,83.395,1018.0175,102.8,-44.49666666666667,30.59,0,0.0855439444357719
07.09.2030 17:00,8.06,78.592,53.08,,103.535,925.37,1.154,41.54,30.59,0,30.6747908000178
07.09.2030 18:00,8.06,106.671,53.08,,110.11,1108.5225,15.759,45.1,30.59,0,38.0923497304474
07.09.2030 19:00,8.06,106.672,53.08,,90.2075,964.655,147.644,8.18,30.59,0,37.5808864102694
07.09.2030 20:00,8.06,106.673,53.08,,79.42750000000001,695.6525,82.049,32.4075,2.1,0,40.4024951381252
07.09.2030 21:00,8.06,85.106,53.08,,77.495,654.3475,1.781,59.36666666666667,2.1,0,39.5007308073381
07.09.2030 22:00,8.06,76.06,53.08,,89.985,643.3475,0.0,,2.1,0,21.5535481423915
07.09.2030 23:00,8.02,60.364,53.08,,93.1275,607.395,9.898,66.7175,2.1,0,11.5328673789194
08.09.2030 00:00,8.02,42.137,53.08,,88.5675,497.41,0.4659999999999999,89.86333333333333,6.74,0,10.7092735996054
08.09.2030 01:00,8.33,34.919,53.08,,87.41,369.0675,9.124,79.1175,6.74,0,6.85412636911627
08.09.2030 02:00,8.33,34.919,53.08,,86.64,463.62,10.5,69.74,6.74,0,6.65458231325329
08.09.2030 03:00,8.33,34.92,53.08,,95.48,605.11,1.349,77.9525,6.74,0,6.43341022964975
08.09.2030 04:00,8.33,34.92,53.08,,113.165,689.9475,0.242,99.8975,8.17,0,6.31795131575905
08.09.2030 05:00,8.33,39.52,53.08,,135.0325,729.8175,0.528,100.16,8.17,0,5.53208305947361
08.09.2030 06:00,8.33,39.521,53.08,,125.845,1088.26,2.401,107.91,8.17,0,5.20931668819556
08.09.2030 07:00,8.51,21.465,53.08,,106.4925,1336.8825000000002,0.824,108.58,8.17,0,0.147924481161685
08.09.2030 08:00,8.66,13.187,53.08,,92.69,1354.5025,31.759,83.57333333333334,38.99,0,0.115157005106742
08.09.2030 09:00,8.87,0.0,53.08,,85.0775,954.4225,11.899,93.1375,38.99,0,0.0942815897882457
08.09.2030 10:00,8.87,0.0,53.08,,84.125,982.585,90.87,42.615,38.99,0,0.199027480983617
08.09.2030 11:00,8.87,0.0,53.08,,85.4275,994.44,5.7,43.87,38.99,1,0.275336499479029
08.09.2030 12:00,8.87,0.0,53.08,,96.9875,1196.3775,0.0,,76.67,1,0.0933745151952987
08.09.2030 13:00,8.87,0.0,53.08,,110.51,1406.5425,0.0,,76.67,1,0.0917922955599976
08.09.2030 14:00,8.87,0.0,53.08,,119.1825,1388.8275,1.345,133.86,76.67,0,0.10428587252452
08.09.2030 15:00,8.66,14.376,53.08,,175.735,1692.1725,0.078,186.58,76.67,1,0.11999155848625
08.09.2030 16:00,8.51,36.876,53.08,,522.65,1291.6825,0.6699999999999999,180.59666666666664,23.54,1,9.48863029136445
08.09.2030 17:00,8.38,84.075,53.08,,963.795,759.9575,12.728,98.04,23.54,1,27.2039704501417
08.09.2030 18:00,8.38,102.87,53.08,,755.3975,807.1975,0.0,,23.54,1,36.1069710263231
08.09.2030 19:00,8.38,102.872,53.08,,319.055,1347.3725,152.023,157.54333333333332,23.54,0,34.7297024770684
08.09.2030 20:00,8.38,102.873,53.08,,152.5725,1300.495,111.636,76.5775,1.95,0,36.3354475452511
08.09.2030 21:00,8.38,102.874,53.08,,113.6525,825.2675,26.61,88.3775,1.95,0,43.071452460333
08.09.2030 22:00,8.38,100.956,53.08,,108.7875,594.9375,2.423,91.92,1.95,0,46.2282893996731
08.09.2030 23:00,8.33,91.847,53.08,,105.575,507.0175,4.821,91.83,1.95,0,49.1077152032066
09.09.2030 00:00,8.33,84.075,53.08,,105.25,399.565,6.851000000000001,95.9825,6.1,0,52.1727777624643
09.09.2030 01:00,8.33,91.992,53.08,,106.4,385.2475,0.516,102.05,6.1,0,57.3404032065649
09.09.2030 02:00,8.33,91.282,53.08,,108.49,396.61,0.324,110.37333333333332,6.1,0,58.4600378202189
09.09.2030 03:00,8.33,91.28,53.08,,120.3675,662.935,0.012,98.03,6.1,0,58.0504772539276
09.09.2030 04:00,8.33,91.28,53.08,,201.8975,1067.7975,5.431,77.02666666666666,4.37,0,55.461906714915
09.09.2030 05:00,8.33,88.705,53.08,,323.5925,1307.29,14.047,78.45,4.37,0,52.5384771995355
09.09.2030 06:00,8.33,84.822,53.08,,223.7325,1494.9275,0.0,120.0,4.37,0,26.7205856134215
09.09.2030 07:00,8.51,60.154,53.08,,133.2825,1693.7525,0.193,99.89,4.37,0,13.2607312159946
09.09.2030 08:00,8.66,15.549,53.08,,132.48000000000002,1732.4775,0.007,82.86,27.24,0,0.0271488816192036
09.09.2030 09:00,8.87,0.0,53.08,,135.16500000000002,1751.4275,0.48,117.295,27.24,0,0.0198176150259113
09.09.2030 10:00,8.87,0.0,53.08,,117.3225,1545.5325,1.507,96.1975,27.24,0,0.0500192445414837
09.09.2030 11:00,8.87,0.0,53.08,,107.795,1183.905,15.788,99.6075,27.24,1,0.0429469184834861
09.09.2030 12:00,8.87,0.0,53.08,,115.205,1118.23,6.468,86.565,58.25,1,0.018362288512662
09.09.2030 13:00,8.87,0.0,53.08,,114.275,1182.4250000000002,0.108,123.97,58.25,1,0.0193315205401985
09.09.2030 14:00,8.87,0.0,53.08,,131.805,1329.5,4.936999999999999,113.29,58.25,0,0.0196187866261253
09.09.2030 15:00,8.66,6.0,53.08,,150.01999999999998,1429.755,21.497,92.05,58.25,1,0.0223660752296674
09.09.2030 16:00,8.51,20.256,53.08,,289.72,1249.2925,0.0,,18.03,1,0.0293308135544428
09.09.2030 17:00,8.38,89.07,53.08,,463.9,1121.71,3.713,89.58,18.03,1,29.5515254337932
09.09.2030 18:00,8.38,99.875,53.08,,240.04,1095.13,5.311,115.535,18.03,1,59.514341400656
09.09.2030 19:00,8.38,99.876,53.08,,123.325,1142.0125,35.545,91.5875,18.03,0,55.4441229004923
09.09.2030 20:00,8.38,99.877,53.08,,114.81,1004.835,12.392,89.545,2.92,0,64.6695937280104
09.09.2030 21:00,8.38,99.878,53.08,,108.16,862.5675,5.773,96.38,2.92,0,68.8103835237276
09.09.2030 22:00,8.38,98.554,53.08,,104.1275,575.465,10.516,83.80333333333333,2.92,0,76.1016427115182
09.09.2030 23:00,8.33,93.955,53.08,,103.12,510.4975,1.543,100.32666666666668,2.92,0,78.4496362215313
10.09.2030 00:00,8.33,93.955,53.08,,101.8725,424.3725,0.007,,6.17,0,81.1881873855216
10.09.2030 01:00,8.33,96.125,53.08,,100.3075,385.3375,0.173,96.64,6.17,0,90.2753625217985
10.09.2030 02:00,8.33,96.125,53.08,,101.1975,466.21,4.177,83.33,6.17,0,85.9304625069519
10.09.2030 03:00,8.33,96.125,53.08,,105.4,571.4975,0.882,89.025,6.17,0,81.816026593745
10.09.2030 04:00,8.33,96.125,53.08,,137.8225,800.9425,0.039,111.55333333333331,3.6,0,80.8280008080276
10.09.2030 05:00,8.33,96.125,53.08,,194.72,1176.665,13.704,83.06,3.6,0,80.7328828224435
10.09.2030 06:00,8.33,78.592,53.08,,180.155,1273.365,6.705,124.13,3.6,0,60.143804569173
10.09.2030 07:00,8.51,49.507,53.08,,137.3625,1197.65,1.396,119.48,3.6,0,7.94885526643905
10.09.2030 08:00,8.66,0.0,53.08,,119.8825,1028.17,10.86,95.705,22.33,0,0.0
10.09.2030 09:00,8.87,0.0,53.08,,129.235,1096.6875,0.173,149.4225,22.33,0,0.0
10.09.2030 10:00,8.87,-38.8103160194274,53.08,,118.1375,1176.3025,9.381,81.14666666666666,22.33,0,0.0
10.09.2030 11:00,8.87,-35.4330875692457,53.08,,106.035,1052.04,97.724,74.29333333333334,22.33,1,0.0
10.09.2030 12:00,8.87,-39.4898508232768,53.08,,106.15,1111.375,4.353,102.06,45.13,1,0.0
10.09.2030 13:00,8.87,-30.7951913604652,53.08,,103.48,1241.655,3.249,96.62,45.13,1,0.0
10.09.2030 14:00,8.87,0.0,53.08,,104.4125,1173.94,0.0,,45.13,0,0.0
10.09.2030 15:00,8.66,0.0,53.08,,114.6325,1137.4075,30.159,90.63333333333333,45.13,1,0.0
10.09.2030 16:00,8.51,14.376,53.08,,136.5325,1358.5175,41.371,86.4325,15.44,1,0.0
10.09.2030 17:00,8.38,76.06,53.08,,194.3275,1409.6575,90.433,86.505,15.44,1,14.256242453867
10.09.2030 18:00,8.38,80.038,53.08,,138.73,1058.485,116.997,85.63,15.44,1,16.519731322069
10.09.2030 19:00,8.38,80.039,53.08,,99.1525,1042.31,178.933,65.675,15.44,0,15.6064083867805
10.09.2030 20:00,8.38,80.04,53.08,,95.07,989.0225,19.124,90.1725,2.54,0,16.5508980259717
10.09.2030 21:00,8.38,78.592,53.08,,86.0675,882.965,3.717,86.26750000000001,2.54,0,16.0961677465199
10.09.2030 22:00,8.38,72.28,53.08,,78.5825,730.81,34.539,65.2,2.54,0,15.766919984963
10.09.2030 23:00,8.33,69.44,53.08,,71.63,730.5675,7.340999999999999,73.3575,2.54,0,16.6025077951644
11.09.2030 00:00,8.33,69.441,53.08,,70.9625,612.01,0.89,83.84666666666666,5.06,0,16.6465610708054
11.09.2030 01:00,8.33,69.441,53.08,,72.0625,582.175,1.371,76.54,5.06,0,16.829781036071
11.09.2030 02:00,8.33,69.441,53.08,,71.655,683.23,0.696,74.58000000000001,5.06,0,16.545315354674
11.09.2030 03:00,8.33,69.442,53.08,,79.6075,721.0425,0.0,81.9,5.06,0,16.9920716722121
11.09.2030 04:00,8.33,78.591,53.08,,103.265,775.7475000000001,3.004,70.55,3.36,0,16.7053000342911
11.09.2030 05:00,8.33,78.592,53.08,,114.1225,687.94,49.399,50.92,3.36,0,15.5351833391286
11.09.2030 06:00,8.33,78.592,53.08,,117.2575,1216.16,0.228,97.16,3.36,0,14.0871690352444
11.09.2030 07:00,8.51,65.76,53.08,,89.525,1472.39,8.273000000000001,101.0225,3.36,0,2.1804537403773
11.09.2030 08:00,8.66,14.376,53.08,,47.0275,1534.8225,20.435,58.4975,64.19,0,0.139828135220766
11.09.2030 09:00,8.87,0.0,53.08,,0.3849999999999998,1416.0575,18.035,34.965,64.19,0,0.111367481376468
11.09.2030 10:00,8.87,0.0,53.08,,-8.6275,1140.8475,92.302,-5.7675,64.19,0,0.216691554089314
11.09.2030 11:00,8.87,0.0,53.08,,-8.5875,1086.135,10.361,20.44,64.19,1,0.274223973462518
11.09.2030 12:00,8.87,0.0,53.08,,-6.62,876.835,137.468,-21.5525,87.76,1,0.0973131290657913
11.09.2030 13:00,8.87,0.0,53.08,,-3.4575,961.28,21.192,11.7,87.76,1,0.0968304111102211
11.09.2030 14:00,8.87,0.0,53.08,,13.66,1257.09,23.199,13.9125,87.76,0,0.107315137346883
11.09.2030 15:00,8.66,15.779,53.08,,61.31,1486.7525,32.212,13.159999999999998,87.76,1,0.138682493836893
11.09.2030 16:00,8.51,78.592,53.08,,92.535,1589.1025,1.318,78.78999999999999,259.14,1,21.8417819634875
11.09.2030 17:00,8.38,95.646,53.08,,119.73,1027.0975,8.856,65.85666666666667,259.14,1,36.0325717810286
11.09.2030 18:00,8.38,95.647,53.08,,111.705,1229.4375,0.078,108.32,259.14,1,42.0033692393396
11.09.2030 19:00,8.38,95.647,53.08,,111.2175,1407.445,15.038,61.010000000000005,259.14,0,41.956742538758
11.09.2030 20:00,8.38,95.648,53.08,,79.625,1245.8675,177.963,16.3675,2.8,0,47.6355330447715
11.09.2030 21:00,8.38,95.646,53.08,,62.485,1243.175,2.656,49.155,2.8,0,48.0142318105129
11.09.2030 22:00,8.38,80.439,53.08,,40.15,1238.355,5.962,52.38,2.8,0,46.8192071440334
11.09.2030 23:00,8.33,78.592,53.08,,48.6675,982.1775,20.822000000000003,30.086666666666662,2.8,0,35.2694798865503
12.09.2030 00:00,8.33,78.592,53.08,,56.53,851.48,4.779,54.97,21.72,0,37.021073972374
12.09.2030 01:00,8.33,78.592,53.08,,65.7125,765.185,9.604,70.66333333333334,21.72,0,39.1220059781198
12.09.2030 02:00,8.33,78.592,53.08,,74.8225,834.5600000000001,1.88,64.70333333333333,21.72,0,38.4544815279166
12.09.2030 03:00,8.33,78.592,53.08,,81.39750000000001,677.405,11.421,46.515,21.72,0,36.8997446157388
12.09.2030 04:00,8.33,78.592,53.08,,101.1075,758.7475000000001,17.779,40.015,12.57,0,35.0883575446175
12.09.2030 05:00,8.33,78.592,53.08,,107.5925,717.635,23.534,67.815,12.57,0,31.6154443840698
12.09.2030 06:00,8.33,78.592,53.08,,107.785,1192.2375,0.247,,12.57,0,28.1475569844314
12.09.2030 07:00,8.51,73.051,53.08,,87.51,1631.6175,38.275,71.2225,12.57,0,11.6299918058167
12.09.2030 08:00,8.66,20.0,53.08,,38.7,1375.9825,47.572,23.616666666666664,44.87,0,0.727029203882919
12.09.2030 09:00,8.87,19.64,53.08,,5.5075,1100.01,144.505,-74.10000000000001,44.87,0,0.628943325853158
12.09.2030 10:00,8.87,19.64,53.08,,0.6275,763.1600000000001,103.596,-10.125,44.87,0,0.581888661539524
12.09.2030 11:00,8.87,19.64,53.08,,-0.9575,644.365,7.465999999999999,58.9675,44.87,1,0.552247088099565
12.09.2030 12:00,8.87,19.641,53.08,,-0.8400000000000001,674.7850000000001,19.011,15.53,100.0,1,0.581530286225819
12.09.2030 13:00,8.87,19.641,53.08,,-0.4774999999999999,731.59,100.99,-21.3,100.0,1,0.618270666991041
12.09.2030 14:00,8.87,19.798,53.08,,2.325,955.8175,78.74199999999999,-11.8475,100.0,0,0.684458399986268
12.09.2030 15:00,8.66,25.64,53.08,,43.8425,1237.8725,47.798,9.905,100.0,1,2.48888089130038
12.09.2030 16:00,8.51,78.592,53.08,,111.9675,1550.06,51.268,-29.91,75.5,1,23.9772345085415
12.09.2030 17:00,8.38,82.265,53.08,,241.6325,1490.4975,0.022,92.34,75.5,1,27.3166085113487
12.09.2030 18:00,8.38,84.752,53.08,,223.7775,1271.435,43.508,68.71666666666667,75.5,1,27.9116115280763
12.09.2030 19:00,8.38,84.752,53.08,,113.22,1270.2375000000002,86.46700000000001,69.28,75.5,0,27.7304623487045
12.09.2030 20:00,8.38,84.753,53.08,,97.6825,905.3925,28.019,73.8375,2.88,0,31.038125185077
12.09.2030 21:00,8.38,84.754,53.08,,85.315,722.0550000000001,0.001,97.915,2.88,0,32.3820985095601
12.09.2030 22:00,8.38,84.754,53.08,,82.4325,653.66,46.321,64.89,2.88,0,35.2062187268332
12.09.2030 23:00,8.33,78.592,53.08,,59.4875,658.2625,86.695,57.7625,2.88,0,37.4635472880273
13.09.2030 00:00,8.33,78.592,53.08,,37.0275,769.13,18.679,60.78666666666666,9.89,0,36.7300837157435
13.09.2030 01:00,8.04,78.592,53.08,,30.48,714.9475,2.304,92.37666666666668,9.89,0,37.7983927383765
13.09.2030 02:00,8.04,78.592,53.08,,39.395,652.1700000000001,0.0,,9.89,0,38.174055692245
13.09.2030 03:00,8.04,78.593,53.08,,45.94,572.795,6.850999999999999,80.64750000000001,9.89,0,38.2510949329903
13.09.2030 04:00,8.04,82.146,53.08,,51.9,507.955,0.0,92.93,7.67,0,37.8687247785471
13.09.2030 05:00,8.04,85.334,53.08,,54.215,632.27,0.401,81.045,7.67,0,32.9539609629303
13.09.2030 06:00,8.04,85.335,53.08,,40.04,962.34,43.0,54.895,7.67,0,29.9400055197236
13.09.2030 07:00,8.17,85.334,53.08,,17.84,1212.175,15.829999999999998,51.9425,7.67,0,28.6609376231703
13.09.2030 08:00,8.26,78.794,53.08,,-7.4925,1046.46,5.67,30.085,40.65,0,26.4180079273548
13.09.2030 09:00,8.39,61.557,53.08,,-12.87,1123.72,59.321,-17.7875,40.65,0,10.5427858732859
13.09.2030 10:00,8.39,60.217,53.08,,-27.3725,1093.1925,238.076,-85.71249999999999,40.65,0,9.25255421064292
13.09.2030 11:00,8.39,60.217,53.08,,-29.7175,891.6425,105.533,-33.6725,40.65,0,8.98963565793259
13.09.2030 12:00,8.39,60.218,53.08,,-20.4525,958.6675,32.035,-6.664999999999999,95.89,0,9.31292160098368
13.09.2030 13:00,8.39,60.218,53.08,,-15.46,893.0525,86.99199999999999,-22.7875,95.89,0,9.54189580339681
13.09.2030 14:00,8.39,61.557,53.08,,2.125000000000001,1104.6575,73.00999999999999,-39.1,95.89,0,10.3667383565482
13.09.2030 15:00,8.26,77.406,53.08,,66.445,1455.9,194.923,-272.51750000000004,95.89,0,13.4398380533293
13.09.2030 16:00,8.17,81.968,53.08,,103.4425,1287.8525,12.898,-3.039999999999999,45.64,0,31.1238277999356
13.09.2030 17:00,8.08,89.7,53.08,,171.3875,997.1975,13.696000000000002,63.81333333333333,45.64,0,51.9438420343696
13.09.2030 18:00,8.08,95.538,53.08,,164.065,1302.4325,0.0,,45.64,0,58.1462680790252
13.09.2030 19:00,8.08,95.539,53.08,,110.27,1207.3675,13.725,91.33,45.64,0,59.7269422609007
13.09.2030 20:00,8.08,95.54,53.08,,96.44,1037.4525,80.428,71.81,2.52,0,62.98330341535
13.09.2030 21:00,8.08,95.541,53.08,,89.9075,1033.605,0.001,103.245,2.52,0,71.3114259457723
13.09.2030 22:00,8.08,88.08,53.08,,95.1125,792.6725,2.356,82.9675,2.52,0,71.710606150475
13.09.2030 23:00,8.04,85.334,53.08,,91.2925,652.21,10.136,85.94749999999999,2.52,0,67.6901434886239
14.09.2030 00:00,8.04,83.714,53.08,,86.05,602.2225,19.032,81.13333333333334,7.0,0,75.7134040460383
14.09.2030 01:00,8.02,91.279,53.08,,78.225,517.735,30.377,79.3925,7.0,0,77.829692166728
14.09.2030 02:00,8.02,91.28,53.08,,81.9825,478.8975,1.596,102.76,7.0,0,75.1795065749259
14.09.2030 03:00,8.02,91.281,53.08,,87.2025,556.3100000000001,4.655,80.52333333333333,7.0,0,73.5810582339342
14.09.2030 04:00,8.02,94.521,53.08,,92.3875,580.5475,0.331,87.67,5.75,0,70.7982688480601
14.09.2030 05:00,8.02,103.308,53.08,,98.8925,638.0550000000001,0.072,93.55,5.75,0,69.4374578103988
14.09.2030 06:00,8.02,103.309,53.08,,104.02,858.5675,9.138,84.4675,5.75,0,56.0605727008768
14.09.2030 07:00,8.15,94.521,53.08,,93.8025,1368.585,2.496,106.78,5.75,0,44.9205067365514
14.09.2030 08:00,8.24,76.287,53.08,,75.2025,1339.52,5.033,72.47333333333334,39.3,0,15.148705607973
14.09.2030 09:00,8.37,66.787,53.08,,55.447500000000005,1123.98,2.383,56.185,39.3,0,8.60585859850919
14.09.2030 10:00,8.37,66.787,53.08,,45.9025,1256.305,2.044,48.765,39.3,0,7.78736771733917
14.09.2030 11:00,8.37,66.788,53.08,,22.57,1249.37,69.832,29.375,39.3,0,8.08167862958846
14.09.2030 12:00,8.37,66.871,53.08,,21.2425,1075.0925,199.078,-9.9125,87.77,0,9.01782599347184
14.09.2030 13:00,8.37,68.783,53.08,,25.965,1140.125,212.835,-14.66,87.77,0,10.1484159203534
14.09.2030 14:00,8.37,73.486,53.08,,70.5325,1319.0,83.40100000000001,18.5875,87.77,0,11.1838681998831
14.09.2030 15:00,8.24,78.592,53.08,,95.2375,1204.38,36.12,13.28,87.77,0,27.5248362706423
14.09.2030 16:00,8.15,84.274,53.08,,152.7925,1379.3275,21.991,35.8,35.16,0,42.0301465388319
14.09.2030 17:00,8.06,111.541,53.08,,237.365,1409.315,3.932,73.7,35.16,0,62.7848220085934
14.09.2030 18:00,8.06,118.999,53.08,,160.7525,1240.5325,0.444,122.18,35.16,0,65.0118126928561
14.09.2030 19:00,8.06,119.0,53.08,,107.5475,1259.005,154.481,46.31333333333333,35.16,0,63.983951649357
14.09.2030 20:00,8.06,119.001,53.08,,86.095,964.3575,9.88,90.9825,2.58,0,68.0695933162523
14.09.2030 21:00,8.06,94.521,53.08,,61.3525,893.365,2.768,86.235,2.58,0,67.4985907630686
14.09.2030 22:00,8.06,78.815,53.08,,19.365,715.4725000000001,19.775,50.895,2.58,0,51.6534536358943
14.09.2030 23:00,8.02,66.871,53.08,,19.335,697.5125,22.263,-0.1299999999999994,2.58,0,29.0426962502081
15.09.2030 00:00,8.02,50.68,53.08,,14.76,666.8675,223.392,-51.0,21.52,0,17.9537389778578
15.09.2030 01:00,8.33,28.375,53.08,,5.37,564.515,16.247,-18.5225,21.52,0,1.5593368111971
15.09.2030 02:00,8.33,20.0,53.08,,1.6225,500.5725,48.688,-34.559999999999995,21.52,0,0.0
15.09.2030 03:00,8.33,15.651,53.08,,9.7725,630.655,0.005,80.36333333333333,21.52,0,0.0
15.09.2030 04:00,8.33,15.651,53.08,,26.8225,843.53,0.339,5.59,22.2,0,0.0
15.09.2030 05:00,8.33,15.651,53.08,,34.0075,905.955,54.816,-22.925,22.2,0,0.0
15.09.2030 06:00,8.33,15.651,53.08,,33.115,991.305,0.0279999999999999,97.96666666666664,22.2,0,0.0
15.09.2030 07:00,8.51,14.085,53.08,,10.4475,1288.2425,41.065,36.705,22.2,0,0.0
15.09.2030 08:00,8.66,0.0,53.08,,1.2524999999999995,1070.16,110.544,-14.0875,58.61,0,0.0
15.09.2030 09:00,8.87,0.0,53.08,,0.92,949.48,44.912,1.1424999999999996,58.61,0,0.0159506306899406
15.09.2030 10:00,8.87,-8.22610022468095,53.08,,0.2125,742.2725,45.444,-9.5,58.61,0,0.200476477791233
15.09.2030 11:00,8.87,-1.70173496365432,53.08,,-0.7324999999999999,700.335,210.338,-45.785,58.61,1,0.32446966540456
15.09.2030 12:00,8.87,0.0,53.08,,-0.035,656.3399999999999,566.402,-50.27,103.74,1,0.0
15.09.2030 13:00,8.87,0.0,53.08,,0.1449999999999998,739.5475,283.63800000000003,-20.24,103.74,1,0.0
15.09.2030 14:00,8.87,0.0,53.08,,0.1775000000000002,974.63,246.543,-27.10333333333333,103.74,0,0.0
15.09.2030 15:00,8.66,0.0,53.08,,12.6525,1460.12,165.765,-14.9425,103.74,1,0.0
15.09.2030 16:00,8.51,0.0,53.08,,54.7725,1333.1374999999998,88.196,23.77,83.6,1,0.0
15.09.2030 17:00,8.38,15.6,53.08,,101.035,1421.0075,28.226000000000003,61.715,83.6,1,0.0
15.09.2030 18:00,8.38,15.651,53.08,,80.505,1531.5525,163.178,23.225,83.6,1,0.0
15.09.2030 19:00,8.38,15.651,53.08,,33.05,1403.67,3.913,96.62666666666668,83.6,0,0.0
15.09.2030 20:00,8.38,15.651,53.08,,19.485,1077.8475,154.62,25.5925,5.0,0,0.0
15.09.2030 21:00,8.38,15.651,53.08,,4.7775,786.545,119.611,16.447499999999998,5.0,0,0.0
15.09.2030 22:00,8.38,15.651,53.08,,3.3425,529.585,121.996,8.6625,5.0,0,0.0
15.09.2030 23:00,8.33,14.909,53.08,,1.73,446.33,127.901,10.5925,5.0,0,0.0
16.09.2030 00:00,8.33,14.909,53.08,,0.2275,379.0125,38.894000000000005,0.9675000000000002,24.75,0,0.0
16.09.2030 01:00,8.33,14.909,53.08,,0.32,382.2375,68.664,-6.596666666666668,24.75,0,0.0
16.09.2030 02:00,8.33,15.634,53.08,,0.02,359.445,133.022,-1.7425000000000002,24.75,0,0.0
16.09.2030 03:00,8.33,15.651,53.08,,2.2125000000000004,416.7725,84.306,-2.9075,24.75,0,0.0
16.09.2030 04:00,8.33,15.651,53.08,,24.325,961.0925,18.19,10.583333333333334,21.57,0,0.0
16.09.2030 05:00,8.33,16.192,53.08,,67.87,1275.6799999999998,7.668,66.08,21.57,0,0.0
16.09.2030 06:00,8.33,16.192,53.08,,66.15,1556.0825,0.179,106.5575,21.57,0,0.0
16.09.2030 07:00,8.51,15.651,53.08,,26.4,1514.5749999999998,46.138000000000005,36.7575,21.57,0,0.0
16.09.2030 08:00,8.66,14.376,53.08,,2.245,1083.6475,182.61,-23.4775,467.2,0,0.0
16.09.2030 09:00,8.87,2.534,53.08,,-0.215,842.39,212.073,-109.225,467.2,0,0.0
16.09.2030 10:00,8.87,2.687,53.08,,-0.955,714.2225,51.334,18.7275,467.2,0,0.137784501074902
16.09.2030 11:00,8.87,2.688,53.08,,-0.1049999999999999,654.19,42.978,18.8925,467.2,1,0.145047430438692
16.09.2030 12:00,8.87,2.692,53.08,,-0.2149999999999999,733.0,110.328,-13.8525,159.94,1,0.0681568517195445
16.09.2030 13:00,8.87,9.56,53.08,,-1.0025,880.5225,141.45,-30.0925,159.94,1,0.0695295869773484
16.09.2030 14:00,8.87,14.376,53.08,,1.0049999999999997,1025.21,45.915,6.6425,159.94,0,0.0714798789136776
16.09.2030 15:00,8.66,15.651,53.08,,37.995000000000005,1366.0075,72.259,-14.3025,159.94,1,0.0784766712554054
16.09.2030 16:00,8.51,45.623,53.08,,110.1775,1512.7575,30.584,4.11,284.57,1,9.69942097033391
16.09.2030 17:00,8.38,78.73,53.08,,117.08,1020.93,42.744,14.83,284.57,1,43.2990635197026
16.09.2030 18:00,8.38,86.198,53.08,,109.1925,597.8025,87.02799999999999,27.7775,284.57,1,51.3472905519258
16.09.2030 19:00,8.38,86.199,53.08,,96.8975,228.4775,216.076,21.4625,284.57,0,49.7336923982792
16.09.2030 20:00,8.38,86.2,53.08,,82.8475,119.82,498.703,-21.1025,27.04,0,57.1647424906618
16.09.2030 21:00,8.38,86.201,53.08,,70.8825,304.4775,31.782,29.73,27.04,0,61.9973288485857
16.09.2030 22:00,8.38,80.642,53.08,,74.0925,658.9975000000001,7.824999999999999,50.265,27.04,0,60.2791636030132
16.09.2030 23:00,8.33,76.323,53.08,,77.10249999999999,654.335,24.281,63.3125,27.04,0,59.7716024250062
17.09.2030 00:00,8.33,70.504,53.08,,77.77250000000001,609.0025,38.282,55.470000000000006,25.18,0,32.414756181858
17.09.2030 01:00,8.33,68.915,53.08,,78.30250000000001,732.1949999999999,1.177,92.675,25.18,0,30.0489394213602
17.09.2030 02:00,8.33,67.551,53.08,,80.1375,660.7725,4.098,78.665,25.18,0,30.3306277496476
17.09.2030 03:00,8.33,63.02,53.08,,94.9775,706.235,19.484,61.88249999999999,25.18,0,18.432589418741
17.09.2030 04:00,8.33,63.02,53.08,,106.28,808.78,67.14099999999999,10.635,13.81,0,17.4556545428302
17.09.2030 05:00,8.33,63.02,53.08,,121.85,882.04,45.589,17.826666666666668,13.81,0,16.8126481491352
17.09.2030 06:00,8.33,47.341,53.08,,122.32,1109.9425,2.318,95.08,13.81,0,13.6614721636988
17.09.2030 07:00,8.51,14.376,53.08,,92.0475,1362.0775,91.141,47.29333333333333,13.81,0,0.0
17.09.2030 08:00,8.66,0.0,53.08,,66.1825,1232.29,149.921,41.815,99.91,0,0.0
17.09.2030 09:00,8.87,0.0,53.08,,52.275,1342.985,184.603,33.2975,99.91,0,0.0
17.09.2030 10:00,8.87,-18.2585580299111,53.08,,22.685,1346.6950000000002,534.681,3.475,99.91,0,0.0
17.09.2030 11:00,8.87,-62.5122268478081,53.08,,7.905,1305.69,414.61,-39.932500000000005,99.91,1,0.0
17.09.2030 12:00,8.87,-46.9581292686886,53.08,,4.4775,1269.425,75.041,2.452500000000001,100.77,1,0.0
17.09.2030 13:00,8.87,-60.8379942984817,53.08,,52.4775,1302.35,69.404,3.4350000000000005,100.77,1,0.0
17.09.2030 14:00,8.87,-36.5032867911918,53.08,,78.8375,1375.37,3.326,41.11,100.77,0,0.0
17.09.2030 15:00,8.66,0.0,53.08,,99.665,1306.6075,0.067,88.695,100.77,1,0.0
17.09.2030 16:00,8.51,14.085,53.08,,132.92000000000002,1195.7425,0.123,102.51,75.82,1,0.0
17.09.2030 17:00,8.38,67.551,53.08,,194.29,1452.0275,21.201,71.07,75.82,1,18.2377801089303
17.09.2030 18:00,8.38,80.438,53.08,,150.0675,1533.885,0.0,,75.82,1,21.8714362509866
17.09.2030 19:00,8.38,80.439,53.08,,104.34,1251.6075,209.628,70.3525,75.82,0,21.1384683286452
17.09.2030 20:00,8.38,80.439,53.08,,103.93,1246.85,63.003,64.335,10.0,0,21.4196230593253
17.09.2030 21:00,8.38,80.44,53.08,,71.7375,980.4525,371.401,23.1225,10.0,0,22.2508389108348
17.09.2030 22:00,8.38,67.551,53.08,,63.155,964.08,204.02,40.0825,10.0,0,20.4056692608443
17.09.2030 23:00,8.33,63.188,53.08,,47.165,587.03,26.852,65.6625,10.0,0,18.6179851504075
18.09.2030 00:00,8.33,60.891,53.08,,23.7275,596.5525,345.326,8.26,26.91,0,16.5338183076571
18.09.2030 01:00,8.33,65.602,53.08,,9.4775,715.5174999999999,351.857,-62.04,26.91,0,16.0054372839253
18.09.2030 02:00,8.33,65.603,53.08,,13.43,636.255,102.942,27.57,26.91,0,15.1434653060353
18.09.2030 03:00,8.33,65.604,53.08,,46.4725,768.63,10.043,60.53666666666667,26.91,0,15.2085157129229
18.09.2030 04:00,8.33,65.604,53.08,,92.1425,892.63,29.82,59.775,16.61,0,15.8014927979088
18.09.2030 05:00,8.33,74.305,53.08,,101.34,795.26,144.506,62.8025,16.61,0,14.7276208408145
18.09.2030 06:00,8.33,75.944,53.08,,103.0925,1014.3975,65.22800000000001,72.045,16.61,0,13.6253770049256
18.09.2030 07:00,8.51,74.305,53.08,,75.885,1256.8425,0.32,102.21,16.61,0,12.0114059070177
18.09.2030 08:00,8.66,45.809,53.08,,39.29,1359.8975,15.034,53.1375,76.67,0,8.90776370130152
18.09.2030 09:00,8.87,14.376,53.08,,0.0849999999999999,1020.895,7.206,19.82,76.67,0,0.497709071567011
18.09.2030 10:00,8.87,0.0,53.08,,-1.6050000000000002,829.6475,36.545,2.0375,76.67,0,0.432147972782682
18.09.2030 11:00,8.87,0.0,53.08,,-7.2775,933.84,51.374,4.615,76.67,1,0.496246341025478
18.09.2030 12:00,8.87,0.0,53.08,,-12.0275,955.035,360.43,-61.8025,97.05,1,0.432858952136523
18.09.2030 13:00,8.87,0.0,53.08,,-10.765,1091.0325,46.877,-2.2350000000000003,97.05,1,0.473088099477182
18.09.2030 14:00,8.87,14.376,53.08,,2.055000000000001,963.9175,131.877,-6.69,97.05,0,0.521819576999829
18.09.2030 15:00,8.66,20.47,53.08,,68.52250000000001,1156.9075,177.30700000000002,-6.965,97.05,1,0.633208892273795
18.09.2030 16:00,8.51,78.592,53.08,,114.0875,1359.615,271.57800000000003,-18.3325,57.25,1,28.228588577693
18.09.2030 17:00,8.38,111.979411981622,53.08,,128.7225,1036.8675,26.573,18.39,57.25,1,76.2337766971749
18.09.2030 18:00,8.38,130.687911664576,53.08,,119.3025,1258.835,3.859,104.37,57.25,1,84.1190203820429
18.09.2030 19:00,8.38,129.596010206283,53.08,,94.57,1055.0475,11.621,100.74666666666668,57.25,0,85.7462680001867
18.09.2030 20:00,8.38,124.496301074584,53.08,,98.7175,922.965,0.032,112.9525,11.07,0,89.1553344828682
18.09.2030 21:00,8.38,115.433010977096,53.08,,86.54249999999999,673.755,4.517,100.3725,11.07,0,91.9557044424879
18.09.2030 22:00,8.38,108.467712590618,53.08,,88.1825,576.105,44.765,69.2625,11.07,0,77.5021248781767
18.09.2030 23:00,8.33,80.439,53.08,,92.785,515.5275,4.277,79.515,11.07,0,57.6113112229077
19.09.2030 00:00,8.33,78.592,53.08,,89.71000000000001,444.5750000000001,1.737,81.7275,20.79,0,54.6859255607601
19.09.2030 01:00,8.33,74.351,53.08,,89.71000000000001,537.1375,2.8150000000000004,63.89333333333334,20.79,0,34.7296503158062
19.09.2030 02:00,8.33,71.075,53.08,,97.6425,587.3725,1.519,83.4825,20.79,0,32.5276171349097
19.09.2030 03:00,8.33,71.075,53.08,,111.7225,672.0975,6.957,82.705,20.79,0,31.7432658039151
19.09.2030 04:00,8.33,74.351,53.08,,151.59,1106.2725,28.413,65.22,10.3,0,30.1550677673569
19.09.2030 05:00,8.33,80.439,53.08,,183.2625,1147.36,17.886,91.5875,10.3,0,28.8600724877211
19.09.2030 06:00,8.33,80.439,53.08,,120.59,1222.3175,1.538,107.37,10.3,0,26.0723773977292
19.09.2030 07:00,8.51,71.075,53.08,,94.01,1316.2624999999998,3.322,91.0275,10.3,0,13.6371723132364
19.09.2030 08:00,8.66,17.503,53.08,,64.695,1396.33,0.681,90.325,270.72,0,0.158014050877921
19.09.2030 09:00,8.87,0.0,53.08,,18.3775,1149.8875,4.286,75.91,270.72,0,0.129707263959057
19.09.2030 10:00,8.87,0.0,53.08,,1.715,1146.5500000000002,7.947000000000001,44.7875,270.72,0,0.271777256582004
19.09.2030 11:00,8.87,0.0,53.08,,-8.3075,1059.685,100.719,6.5875,270.72,1,0.325534456878829
19.09.2030 12:00,8.87,0.0,53.08,,-9.2475,965.1375,79.328,1.8225,100.72,1,0.113245948021663
19.09.2030 13:00,8.87,0.0,53.08,,2.6500000000000004,979.0975,19.515,17.9325,100.72,1,0.123050353858002
19.09.2030 14:00,8.87,7.686,53.08,,55.505,1230.8825,3.364,60.06,100.72,0,0.139144000677423
19.09.2030 15:00,8.66,17.036,53.08,,105.2475,1354.595,0.205,104.30666666666666,100.72,1,0.170434335781814
19.09.2030 16:00,8.51,71.075,53.08,,168.9075,1294.5825,3.53,100.25333333333332,48.96,1,16.7544924837562
19.09.2030 17:00,8.38,80.438,53.08,,175.20499999999998,1337.6325000000002,64.779,67.18333333333334,48.96,1,19.3244541949246
19.09.2030 18:00,8.38,80.439,53.08,,136.54,1491.74,7.584,89.025,48.96,1,19.5787065334929
19.09.2030 19:00,8.38,80.439,53.08,,98.87,1380.0075,118.744,53.35999999999999,48.96,0,20.8021975008322
19.09.2030 20:00,8.38,80.439,53.08,,85.65,1029.2375000000002,135.41199999999998,60.145,6.66,0,22.0203796208786
19.09.2030 21:00,8.38,78.592,53.08,,73.2725,713.8025,261.96000000000004,45.447500000000005,6.66,0,22.7318594004812
19.09.2030 22:00,8.38,74.351,53.08,,77.7125,739.5575,95.126,60.8175,6.66,0,23.1513311009993
19.09.2030 23:00,8.33,71.075,53.08,,71.045,585.3925,184.026,32.125,6.66,0,25.4250992310903
20.09.2030 00:00,8.33,71.075,53.08,,61.89,510.5725,79.476,51.035,14.52,0,25.3757734298507
20.09.2030 01:00,8.04,65.55,53.08,,67.065,513.9225,142.473,48.64,14.52,0,24.1577257426061
20.09.2030 02:00,8.04,65.55,53.08,,69.39750000000001,476.235,0.062,94.9725,14.52,0,23.1806978796515
20.09.2030 03:00,8.04,65.551,53.08,,72.5575,478.1775,35.519,73.3275,14.52,0,21.7502838825756
20.09.2030 04:00,8.04,70.686,53.08,,78.3075,529.9024999999999,126.671,49.555,8.8,0,21.9710507447955
20.09.2030 05:00,8.04,74.188,53.08,,73.76,673.94,44.701,58.81999999999999,8.8,0,21.2016398235803
20.09.2030 06:00,8.04,74.188,53.08,,62.125,923.885,11.289,79.3925,8.8,0,19.5853845439063
20.09.2030 07:00,8.17,71.514,53.08,,14.315,1121.3875,41.979,40.1475,8.8,0,12.1867967959048
20.09.2030 08:00,8.26,15.736,53.08,,0.1474999999999999,936.435,16.738,19.2175,77.81,0,0.162407190173454
20.09.2030 09:00,8.39,6.743,53.08,,-5.42,1048.405,80.95100000000001,35.803333333333335,77.81,0,0.126497371341939
20.09.2030 10:00,8.39,2.01,53.08,,-7.1225,768.24,26.534,32.955,77.81,0,0.29394099161984
20.09.2030 11:00,8.39,7.064,53.08,,-6.9625,600.0675,28.251,37.3825,77.81,0,0.416899138778676
20.09.2030 12:00,8.39,14.256,53.08,,-5.8575,682.2175,80.664,0.3125000000000001,89.16,0,0.149377049238978
20.09.2030 13:00,8.39,15.373,53.08,,0.5874999999999999,917.4225,9.908,37.56666666666667,89.16,0,0.158566263434147
20.09.2030 14:00,8.39,15.651,53.08,,36.755,1402.4975,11.584,49.1625,89.16,0,0.158749358024381
20.09.2030 15:00,8.26,17.706,53.08,,89.78999999999999,1345.7375000000002,6.073,22.505000000000003,89.16,0,0.171072062999555
20.09.2030 16:00,8.17,52.099,53.08,,132.645,1494.4925,0.028,91.13,38.4,0,10.4262942404795
20.09.2030 17:00,8.08,79.21,53.08,,175.3225,1403.94,8.756,76.69333333333333,38.4,0,32.9694645014981
20.09.2030 18:00,8.08,91.951,53.08,,114.19,1538.8525,62.961,45.1,38.4,0,36.2633861084212
20.09.2030 19:00,8.08,91.952,53.08,,88.8325,1256.625,14.27,61.0875,38.4,0,36.2734186661982
20.09.2030 20:00,8.08,91.953,53.08,,86.545,978.99,6.7410000000000005,78.49000000000001,5.58,0,39.6907187943622
20.09.2030 21:00,8.08,91.782,53.08,,87.3325,1099.3475,2.7110000000000003,79.64333333333333,5.58,0,42.6208160168201
20.09.2030 22:00,8.08,81.192,53.08,,50.4125,921.705,1.514,69.78333333333335,5.58,0,41.6318372483138
20.09.2030 23:00,8.04,76.975,53.08,,18.28,828.36,7.886,41.28,5.58,0,40.6588203870846
21.09.2030 00:00,8.04,76.787,53.08,,12.2425,644.9275,0.0,86.73,18.91,0,43.0499173152045
21.09.2030 01:00,8.02,76.375,53.08,,21.65,618.6525,5.682,43.3475,18.91,0,43.4740965935327
21.09.2030 02:00,8.02,76.375,53.08,,33.6225,723.51,24.334,13.52,18.91,0,45.6344194327795
21.09.2030 03:00,8.02,76.375,53.08,,23.5975,707.51,9.569,51.89,18.91,0,43.978138601703
21.09.2030 04:00,8.02,76.375,53.08,,31.4625,725.5575,100.693,21.83,19.25,0,42.757607830308
21.09.2030 05:00,8.02,78.592,53.08,,22.1225,805.0675,115.223,50.63666666666666,19.25,0,37.8887563028148
21.09.2030 06:00,8.02,78.592,53.08,,9.6775,965.06,315.84000000000003,-57.6575,19.25,0,34.2715263181693
21.09.2030 07:00,8.15,75.022,53.08,,-0.6675,864.2475,226.608,-28.03,19.25,0,15.8982752354402
21.09.2030 08:00,8.24,20.0,53.08,,-8.592500000000001,890.81,30.426,11.84,63.74,0,0.457635752187403
21.09.2030 09:00,8.37,13.691,53.08,,-14.6175,867.1925,279.00800000000004,-43.05,63.74,0,0.369086816663592
21.09.2030 10:00,8.37,13.691,53.08,,-28.0175,779.9725000000001,57.706,17.1675,63.74,0,0.372513413586684
21.09.2030 11:00,8.37,13.691,53.08,,-36.415,815.8175,187.478,-43.8025,63.74,0,0.447097656686497
21.09.2030 12:00,8.37,13.691,53.08,,-27.97,937.16,157.778,-41.2125,80.86,0,0.363719849569793
21.09.2030 13:00,8.37,14.995,53.08,,-14.335,979.1175,162.25,-42.16,80.86,0,0.392964562531358
21.09.2030 14:00,8.37,17.938,53.08,,1.1125000000000007,1032.085,1.409,25.915,80.86,0,0.443636138075854
21.09.2030 15:00,8.24,23.394,53.08,,73.235,1381.205,0.081,69.925,80.86,0,0.547517482923607
21.09.2030 16:00,8.15,73.486,53.08,,107.7375,1290.74,6.694000000000001,61.22666666666667,39.25,0,23.4062224379841
21.09.2030 17:00,8.06,91.782,53.08,,108.2775,1096.7375,29.162,57.3575,39.25,0,57.1188988809321
21.09.2030 18:00,8.06,108.201,53.08,,102.705,994.6325,1.344,93.64,39.25,0,64.0809752763824
21.09.2030 19:00,8.06,108.202,53.08,,97.11,727.03,2.223,90.98,39.25,0,60.3063597407656
21.09.2030 20:00,8.06,108.204,53.08,,90.29,705.715,23.415,65.315,4.69,0,65.248368597957
21.09.2030 21:00,8.06,99.535,53.08,,80.34,715.335,31.357,56.5625,4.69,0,67.1961469564878
21.09.2030 22:00,8.06,81.061,53.08,,80.88,506.6875,3.849,73.5575,4.69,0,59.8615593234074
21.09.2030 23:00,8.02,76.375,53.08,,80.4925,388.505,0.0,78.1,4.69,0,56.0344688629545
22.09.2030 00:00,8.02,76.375,53.08,,79.36,450.61,1.567,72.68666666666667,22.23,0,50.165710979453
22.09.2030 01:00,8.33,73.39,53.08,,74.715,439.395,6.856,71.795,22.23,0,33.9876125296209
22.09.2030 02:00,8.33,73.39,53.08,,68.52,653.935,12.914,64.2925,22.23,0,32.4476033857454
22.09.2030 03:00,8.33,73.39,53.08,,75.225,756.2049999999999,9.68,70.965,22.23,0,31.2315276217979
22.09.2030 04:00,8.33,73.541,53.08,,90.5,849.37,5.866,74.0125,16.73,0,29.4675322601016
22.09.2030 05:00,8.33,78.59,53.08,,105.1275,773.935,15.082,71.735,16.73,0,25.6539941766361
22.09.2030 06:00,8.33,78.592,53.08,,109.1125,953.5275,0.742,98.0,16.73,0,23.3387849846157
22.09.2030 07:00,8.51,75.659,53.08,,93.1975,1162.4375,0.119,81.09,16.73,0,18.3736650104013
22.09.2030 08:00,8.66,28.055,53.08,,82.56,1182.23,0.244,85.03,40.87,0,7.89926722252529
22.09.2030 09:00,8.87,14.261,53.08,,72.89,1132.83,44.159,46.8075,40.87,0,2.17822186684539
22.09.2030 10:00,8.87,13.228,53.08,,42.2275,1096.585,209.123,11.2525,40.87,0,1.97286530660689
22.09.2030 11:00,8.87,12.994,53.08,,22.5425,1106.375,34.905,44.13,40.87,1,1.92182914666437
22.09.2030 12:00,8.87,13.228,53.08,,39.56,1064.3225,5.582999999999999,60.7,65.16,1,2.02669618767499
22.09.2030 13:00,8.87,16.212,53.08,,52.81,1180.21,116.576,13.755,65.16,1,2.27240839826506
22.09.2030 14:00,8.87,24.647,53.08,,73.0375,1275.025,12.543,43.425,65.16,0,4.09692973962585
22.09.2030 15:00,8.66,75.63,53.08,,92.5575,949.5225,91.866,26.825,65.16,1,10.6083817808519
22.09.2030 16:00,8.51,85.752,53.08,,115.3975,952.345,49.325,39.57,159.55,1,42.0376478327421
22.09.2030 17:00,8.38,100.995,53.08,,136.335,828.935,10.981,85.465,159.55,1,50.7370704112907
22.09.2030 18:00,8.38,100.996,53.08,,118.8725,1033.5549999999998,160.504,48.3325,159.55,1,49.6079473931066
22.09.2030 19:00,8.38,100.997,53.08,,103.8875,901.8675,64.887,65.2125,159.55,0,53.8799084684211
22.09.2030 20:00,8.38,100.743,53.08,,95.34,794.605,40.181,61.26666666666667,6.16,0,54.1773611927095
22.09.2030 21:00,8.38,95.88,53.08,,85.47749999999999,612.63,20.151,62.79999999999999,6.16,0,53.7351188531572
22.09.2030 22:00,8.38,83.414,53.08,,91.22,555.925,10.52,77.265,6.16,0,49.4788706118911
22.09.2030 23:00,8.33,78.592,53.08,,88.8875,468.825,162.227,72.42,6.16,0,50.4773412385743
23.09.2030 00:00,8.33,76.787,53.08,,88.2675,380.2000000000001,82.578,78.9025,14.63,0,53.9014193176199
23.09.2030 01:00,8.33,76.287,53.08,,88.4275,396.605,79.719,77.91499999999999,14.63,0,37.6452371398838
23.09.2030 02:00,8.33,74.516,53.08,,91.1925,516.6625,8.568999999999999,84.83,14.63,0,24.0814135862095
23.09.2030 03:00,8.33,67.745,53.08,,97.3175,633.4549999999999,139.72099999999998,73.27250000000001,14.63,0,17.6285510397076
23.09.2030 04:00,8.33,67.745,53.08,,130.075,801.51,0.408,107.98333333333332,9.47,0,17.1930647730891
23.09.2030 05:00,8.33,67.745,53.08,,189.27,1138.5125,15.202,71.27,9.47,0,15.7569083467327
23.09.2030 06:00,8.33,67.745,53.08,,171.6875,1144.725,15.031,110.4675,9.47,0,14.2176193289959
23.09.2030 07:00,8.51,54.661,53.08,,114.0325,1309.35,47.784,80.9225,9.47,0,11.8799152400854
23.09.2030 08:00,8.66,20.115,53.08,,88.03,1067.2,4.315,87.6275,92.2,0,0.0802996632562884
23.09.2030 09:00,8.87,14.376,53.08,,75.85,984.3675,6.895999999999999,62.620000000000005,92.2,0,0.0659247207169088
23.09.2030 10:00,8.87,14.376,53.08,,63.14,961.3,0.17,99.30666666666669,92.2,0,0.191891531346955
23.09.2030 11:00,8.87,14.376,53.08,,67.77250000000001,994.41,7.638,102.3725,92.2,1,0.187131900087708
23.09.2030 12:00,8.87,14.376,53.08,,79.34,980.3925,7.625,80.46666666666667,167.35,1,0.0613472322203366
23.09.2030 13:00,8.87,14.376,53.08,,89.75,1028.62,0.794,81.39,167.35,1,0.0581436106254753
23.09.2030 14:00,8.87,14.376,53.08,,94.53,1078.3525,49.152,87.02,167.35,0,0.0558568247623403
23.09.2030 15:00,8.66,14.377,53.08,,116.3225,1121.2575,92.216,68.95,167.35,1,0.0590134279390149
23.09.2030 16:00,8.51,19.541,53.08,,157.78750000000002,1112.21,229.561,53.745,38.0,1,0.0695944711722935
23.09.2030 17:00,8.38,74.315,53.08,,213.245,753.4675,5.878,88.85,38.0,1,19.8826668143202
23.09.2030 18:00,8.38,82.001,53.08,,123.31,771.29,0.214,122.98,38.0,1,21.7522341269101
23.09.2030 19:00,8.38,82.002,53.08,,106.0225,706.1274999999999,248.567,56.505,38.0,0,24.9235279917472
23.09.2030 20:00,8.38,82.003,53.08,,90.505,685.31,219.356,58.6375,4.4,0,30.8297515674106
23.09.2030 21:00,8.38,82.002,53.08,,80.4675,612.84,22.513,80.115,4.4,0,31.7552632862799
23.09.2030 22:00,8.38,76.323,53.08,,81.405,466.57,21.12,73.5775,4.4,0,29.8929901702333
23.09.2030 23:00,8.33,74.315,53.08,,74.8375,536.385,44.14,67.2225,4.4,0,31.7755062865782
24.09.2030 00:00,8.33,74.315,53.08,,74.39,371.4625,7.638,78.4575,11.49,0,34.668009828118
24.09.2030 01:00,8.33,78.592,53.08,,69.7575,451.015,206.79,44.5825,11.49,0,45.7469768380787
24.09.2030 02:00,8.33,78.592,53.08,,69.95750000000001,450.855,0.143,84.25,11.49,0,45.9609609403657
24.09.2030 03:00,8.33,78.592,53.08,,76.8125,507.0975,4.475,75.37333333333333,11.49,0,47.1718374939971
24.09.2030 04:00,8.33,78.592,53.08,,91.98,733.985,34.771,64.595,9.68,0,45.6418636868537
24.09.2030 05:00,8.33,78.592,53.08,,110.81,728.9025,60.778,66.6925,9.68,0,47.0822424963189
24.09.2030 06:00,8.33,78.592,53.08,,111.43,877.9675,47.461,85.2125,9.68,0,45.3843784313197
24.09.2030 07:00,8.51,35.445,53.08,,79.7525,937.065,0.146,98.39333333333332,9.68,0,5.47637057896719
24.09.2030 08:00,8.66,15.357,53.08,,69.72,1138.4,0.0,,354.0,0,0.0
24.09.2030 09:00,8.87,14.482,53.08,,59.86,1207.485,97.724,36.205,354.0,0,0.0
24.09.2030 10:00,8.87,14.482,53.08,,32.410000000000004,1303.045,170.179,-11.4375,354.0,0,0.0
24.09.2030 11:00,8.87,14.482,53.08,,28.6,1291.8625,0.179,49.98,354.0,1,0.0
24.09.2030 12:00,8.87,14.512,53.08,,39.9825,1127.4175,0.994,31.45,379.0,1,0.0
24.09.2030 13:00,8.87,14.862,53.08,,63.7825,1182.9975,7.912,52.56,379.0,1,0.0
24.09.2030 14:00,8.87,15.493,53.08,,74.715,1097.5475,117.196,18.975,379.0,0,0.0
24.09.2030 15:00,8.66,19.848,53.08,,86.955,1022.41,293.91200000000003,-32.0025,379.0,1,0.0
24.09.2030 16:00,8.51,53.223,53.08,,108.1725,960.71,0.0,104.21,246.63,1,13.2998042788772
24.09.2030 17:00,8.38,74.621,53.08,,128.08249999999998,1094.7525,0.0,,246.63,1,34.254490124619
24.09.2030 18:00,8.38,74.622,53.08,,107.3325,1220.775,57.519,73.6375,246.63,1,32.576803043327
24.09.2030 19:00,8.38,74.622,53.08,,82.965,1056.7925,58.602,59.0225,246.63,0,33.3488445935924
24.09.2030 20:00,8.38,44.995,53.08,,73.2775,912.3,4.4030000000000005,73.23,7.17,0,23.4227418207723
24.09.2030 21:00,8.38,35.445,53.08,,73.335,687.1424999999999,20.807,54.83,7.17,0,14.4996527119739
24.09.2030 22:00,8.38,20.0,53.08,,61.38,722.54,99.278,18.81,7.17,0,0.0
24.09.2030 23:00,8.33,15.651,53.08,,55.0375,521.09,34.8,46.1075,7.17,0,0.0
25.09.2030 00:00,8.33,15.485,53.08,,53.69,483.3475,51.062,25.36,16.51,0,0.0
25.09.2030 01:00,8.33,15.617,53.08,,57.8475,442.3175,27.133,45.965,16.51,0,0.0
25.09.2030 02:00,8.33,15.618,53.08,,62.82,515.9525,13.261,69.3125,16.51,0,0.0
25.09.2030 03:00,8.33,15.618,53.08,,71.795,576.7325000000001,0.673,57.735,16.51,0,0.0
25.09.2030 04:00,8.33,15.618,53.08,,94.12,704.1675,1.328,71.1425,13.5,0,0.0
25.09.2030 05:00,8.33,17.676,53.08,,105.7075,776.1775,2.651,63.685,13.5,0,0.0
25.09.2030 06:00,8.33,18.08,53.08,,115.8,813.1175000000001,0.902,95.46,13.5,0,0.0
25.09.2030 07:00,8.51,17.676,53.08,,109.88,1071.86,0.012,114.95666666666666,13.5,0,0.0
25.09.2030 08:00,8.66,15.651,53.08,,102.7575,1364.7825,6.801,78.745,93.69,0,0.0
25.09.2030 09:00,8.87,15.488,53.08,,98.995,1259.2125,13.614,75.0075,93.69,0,0.145459705167434
25.09.2030 10:00,8.87,14.753,53.08,,84.30250000000001,1287.9625,23.634,45.025,93.69,0,0.552627370455183
25.09.2030 11:00,8.87,14.376,53.08,,76.5525,1208.195,1.376,98.12666666666668,93.69,1,0.618405363136011
25.09.2030 12:00,8.87,14.376,53.08,,79.55250000000001,1003.29,0.475,84.82,118.23,1,0.0548700204938147
25.09.2030 13:00,8.87,14.376,53.08,,86.175,1118.4475,0.243,98.81,118.23,1,0.055967114662693
25.09.2030 14:00,8.87,14.475,53.08,,98.5475,1331.2125,47.543,70.76,118.23,0,0.0576274473713323
25.09.2030 15:00,8.66,14.855,53.08,,106.0575,1140.1175,105.394,60.275,118.23,1,0.05921417217849
25.09.2030 16:00,8.51,15.617,53.08,,138.8975,1147.8725,1.84,82.39,74.72,1,0.0617127382053704
25.09.2030 17:00,8.38,16.271,53.08,,153.385,1118.0725,9.977,104.8375,74.72,1,0.111802428840904
25.09.2030 18:00,8.38,16.271,53.08,,131.51749999999998,1227.82,117.656,74.72333333333334,74.72,1,0.0
25.09.2030 19:00,8.38,16.271,53.08,,106.9425,898.1475,5.603,91.31666666666666,74.72,0,0.0
25.09.2030 20:00,8.38,16.271,53.08,,96.015,721.985,44.742,67.4275,5.0,0,0.0
25.09.2030 21:00,8.38,15.651,53.08,,86.7225,631.205,2.206,84.19666666666667,5.0,0,0.0
25.09.2030 22:00,8.38,15.617,53.08,,87.695,779.315,67.729,57.555,5.0,0,0.0
25.09.2030 23:00,8.33,14.571,53.08,,86.55,581.0225,1.119,79.24,5.0,0,0.0
26.09.2030 00:00,8.33,14.376,53.08,,87.5,476.935,1.147,80.27,12.8,0,0.0
26.09.2030 01:00,8.33,14.762,53.08,,88.89,558.4475,0.932,79.705,12.8,0,0.0
26.09.2030 02:00,8.33,14.762,53.08,,94.8875,632.6225,0.277,89.65,12.8,0,0.0
26.09.2030 03:00,8.33,14.762,53.08,,101.825,679.5825,0.053,102.66666666666669,12.8,0,0.0
26.09.2030 04:00,8.33,15.16,53.08,,119.895,908.705,0.186,88.285,9.18,0,0.0
26.09.2030 05:00,8.33,15.914,53.08,,133.4225,794.9225,1.342,88.66,9.18,0,0.0
26.09.2030 06:00,8.33,16.611,53.08,,148.0625,1039.265,0.702,97.92,9.18,0,0.0
26.09.2030 07:00,8.51,15.651,53.08,,125.27,1223.35,0.631,116.665,9.18,0,0.0
26.09.2030 08:00,8.66,13.645,53.08,,99.735,1191.0825,2.308,98.055,62.3,0,0.0
26.09.2030 09:00,8.87,12.713,53.08,,84.38,796.125,0.797,92.15,62.3,0,0.192314398236837
26.09.2030 10:00,8.87,12.713,53.08,,104.8425,992.5525,0.0,108.19,62.3,0,0.377700622878906
26.09.2030 11:00,8.87,12.713,53.08,,97.01,1093.635,5.015000000000001,83.63499999999999,62.3,1,0.445445205531781
26.09.2030 12:00,8.87,12.713,53.08,,88.2475,1070.2925,14.232,93.44333333333331,73.26,1,0.182060001268794
26.09.2030 13:00,8.87,12.713,53.08,,82.055,1011.305,105.247,86.5575,73.26,1,0.195202696641021
26.09.2030 14:00,8.87,14.376,53.08,,82.4625,1164.635,369.631,44.285,73.26,0,0.225824451532437
26.09.2030 15:00,8.66,17.681,53.08,,98.5975,1210.5175,26.046,71.1225,73.26,1,0.266880052987617
26.09.2030 16:00,8.51,62.517,53.08,,121.4925,1062.3125,9.553,87.905,44.17,1,18.8236975715049
26.09.2030 17:00,8.38,78.591,53.08,,121.0725,1011.46,36.904,82.305,44.17,1,22.714147467186
26.09.2030 18:00,8.38,78.591,53.08,,112.01,1072.61,0.0,,44.17,1,22.0894545560567
26.09.2030 19:00,8.38,78.592,53.08,,100.36,903.155,0.0,116.95,44.17,0,22.4484482175627
26.09.2030 20:00,8.38,78.592,53.08,,103.0275,710.8925,1.965,103.7,3.89,0,25.4761902447254
26.09.2030 21:00,8.38,74.342,53.08,,92.965,614.4475,0.527,73.31,3.89,0,25.8457115693417
26.09.2030 22:00,8.38,62.518,53.08,,91.48,619.2425,2.251,83.89,3.89,0,28.3526224273669
26.09.2030 23:00,8.33,62.518,53.08,,90.3225,541.0725,0.053,86.18333333333334,3.89,0,30.4950033978854
27.09.2030 00:00,8.33,62.517,53.08,,91.1625,458.28,2.127,85.545,9.69,0,31.6272212710907
27.09.2030 01:00,8.04,62.145,53.08,,98.3175,656.0174999999999,0.6,92.56,9.69,0,31.0553467900676
27.09.2030 02:00,8.04,62.145,53.08,,98.4,643.785,8.175,85.0,9.69,0,31.1899820315105
27.09.2030 03:00,8.04,62.145,53.08,,100.1,595.265,3.706,92.2775,9.69,0,29.1809685651493
27.09.2030 04:00,8.04,62.145,53.08,,102.6625,657.0225,0.164,93.1,7.79,0,27.3201060812138
27.09.2030 05:00,8.04,66.026,53.08,,102.955,618.01,8.044,81.88333333333333,7.79,0,23.9499008360099
27.09.2030 06:00,8.04,69.68,53.08,,105.99,736.035,0.795,90.70333333333332,7.79,0,21.7704163916992
27.09.2030 07:00,8.17,63.426,53.08,,103.6125,933.4175,0.043,102.59,7.79,0,18.5090438168949
27.09.2030 08:00,8.26,46.237,53.08,,99.265,978.5075,1.96,92.445,45.02,0,10.4555010640998
27.09.2030 09:00,8.39,22.702,53.08,,89.255,994.3475,7.745999999999999,80.095,45.02,0,3.16900295430147
27.09.2030 10:00,8.39,22.702,53.08,,85.585,1091.1975,0.0,92.99,45.02,0,2.97420250414618
27.09.2030 11:00,8.39,22.702,53.08,,84.5,1073.205,1.131,91.84,45.02,0,2.852197893013
27.09.2030 12:00,8.39,22.702,53.08,,83.8625,1058.5275,1.931,90.615,62.49,0,2.85368139988944
27.09.2030 13:00,8.39,22.703,53.08,,84.91,989.6525,0.387,95.11,62.49,0,3.01492342906714
27.09.2030 14:00,8.39,24.647,53.08,,93.9425,962.715,0.0,,62.49,0,9.09196810634364
27.09.2030 15:00,8.26,62.145,53.08,,108.6975,1018.28,5.67,78.85499999999999,62.49,0,11.8402804837402
27.09.2030 16:00,8.17,70.0,53.08,,124.895,1023.2925,28.321,71.89,31.01,0,29.9532919017941
27.09.2030 17:00,8.08,79.711,53.08,,127.955,866.965,0.277,101.705,31.01,0,33.7588049777713
27.09.2030 18:00,8.08,79.711,53.08,,117.245,829.8225,0.833,113.3,31.01,0,31.6568427743045
27.09.2030 19:00,8.08,79.712,53.08,,114.385,738.765,1.084,107.145,31.01,0,32.7754292157477
27.09.2030 20:00,8.08,79.713,53.08,,114.005,696.26,5.459,95.0125,3.25,0,36.0808890354579
27.09.2030 21:00,8.08,79.315,53.08,,108.87,583.8299999999999,0.273,92.99,3.25,0,36.9950057600213
27.09.2030 22:00,8.08,70.481,53.08,,108.665,590.015,14.33,83.8475,3.25,0,32.6980709638908
27.09.2030 23:00,8.04,66.026,53.08,,97.8375,485.1775,5.922,82.6475,3.25,0,26.4137276521628
28.09.2030 00:00,8.04,66.025,53.08,,97.8,353.5475,17.552,74.8275,7.59,0,27.8506666385619
28.09.2030 01:00,8.02,48.643,53.08,,99.66,363.295,0.413,87.24666666666667,7.59,0,22.1552950274845
28.09.2030 02:00,8.02,48.643,53.08,,101.61,311.495,0.82,101.15,7.59,0,21.0641061759259
28.09.2030 03:00,8.02,48.643,53.08,,101.0875,324.6175,0.489,88.98,7.59,0,18.9410041836238
28.09.2030 04:00,8.02,48.644,53.08,,100.44,436.845,0.016,86.19,6.43,0,17.7749792974508
28.09.2030 05:00,8.02,55.053,53.08,,105.0,519.8725,0.359,93.25333333333332,6.43,0,20.6468193442121
28.09.2030 06:00,8.02,55.053,53.08,,98.5975,691.0525,7.692000000000001,85.945,6.43,0,20.3672879522798
28.09.2030 07:00,8.15,55.054,53.08,,90.64,942.4725,0.049,81.42,6.43,0,17.5524044279669
28.09.2030 08:00,8.24,48.643,53.08,,81.64500000000001,1105.11,0.007,91.06,43.06,0,15.0339376575602
28.09.2030 09:00,8.37,22.847,53.08,,52.005,1112.735,0.877,66.655,43.06,0,8.74090183631743
28.09.2030 10:00,8.37,22.848,53.08,,22.3275,1079.295,67.215,38.545,43.06,0,8.07277077335286
28.09.2030 11:00,8.37,22.848,53.08,,3.95,1075.1925,138.178,-2.4475,43.06,0,8.22038971268889
28.09.2030 12:00,8.37,23.338,53.08,,0.8399999999999999,967.6225,11.821,29.545,89.43,0,8.75258906680692
28.09.2030 13:00,8.37,22.848,53.08,,40.71,1208.1950000000002,5.843,68.8425,89.43,0,8.5630121349221
28.09.2030 14:00,8.37,23.429,53.08,,89.48,1286.5125,13.177,76.49666666666667,89.43,0,8.81271189775141
28.09.2030 15:00,8.24,28.297,53.08,,109.3325,1084.4625,0.295,136.16333333333333,89.43,0,10.442458330781
28.09.2030 16:00,8.15,46.795,53.08,,128.57999999999998,959.5975,29.397,62.1725,28.42,0,14.0865212944829
28.09.2030 17:00,8.06,51.608,53.08,,139.8075,951.4275,0.4,100.51,28.42,0,26.2082274490868
28.09.2030 18:00,8.06,51.608,53.08,,115.23,967.985,37.376,75.9,28.42,0,25.6407174810116
28.09.2030 19:00,8.06,51.609,53.08,,104.6775,683.135,20.135,79.545,28.42,0,27.0419138547187
28.09.2030 20:00,8.06,51.563,53.08,,107.57,741.0725,2.088,89.25333333333333,3.0,0,25.7784157131856
28.09.2030 21:00,8.06,46.795,53.08,,94.2025,594.48,0.4669999999999999,97.66,3.0,0,15.0255455468626
28.09.2030 22:00,8.06,34.011,53.08,,94.07,561.76,0.498,89.06,3.0,0,10.9550195681196
28.09.2030 23:00,8.02,24.36,53.08,,91.1875,374.87,10.102,80.54333333333334,3.0,0,1.73084920685219
29.09.2030 00:00,8.02,24.36,53.08,,93.8075,393.7275,1.473,81.785,8.0,0,1.77624777017631
29.09.2030 01:00,8.33,27.776,53.08,,91.945,434.8825,10.215,85.245,8.0,0,1.03448821385612
29.09.2030 02:00,8.33,27.776,53.08,,91.385,518.4975,2.657,81.25,8.0,0,1.07457778902872
29.09.2030 03:00,8.33,27.777,53.08,,102.3,615.725,0.75,82.38666666666667,8.0,0,1.13762728233931
29.09.2030 04:00,8.33,38.088,53.08,,135.5725,1040.9425,1.608,77.40666666666667,6.02,0,1.20647596258685
29.09.2030 05:00,8.33,38.092,53.08,,253.1825,1227.495,44.561,85.70666666666666,6.02,0,1.05877344891173
29.09.2030 06:00,8.33,39.007,53.08,,189.205,1175.2424999999998,0.007,,6.02,0,0.986219260950917
29.09.2030 07:00,8.51,38.088,53.08,,125.62,1333.3125,13.512,102.19333333333331,6.02,0,0.927174300530965
29.09.2030 08:00,8.66,15.651,53.08,,98.3025,1246.5375,13.046,72.75,33.12,0,0.259687334555623
29.09.2030 09:00,8.87,0.0,53.08,,87.985,1052.4225,53.586,65.8125,33.12,0,0.212902915160144
29.09.2030 10:00,8.87,0.0,53.08,,70.41499999999999,1040.6975,76.588,64.01,33.12,0,0.41738621579882
29.09.2030 11:00,8.87,0.0,53.08,,57.2225,879.995,382.276,31.235,33.12,1,0.495030376672386
29.09.2030 12:00,8.87,0.0,53.08,,73.09,1052.315,10.192,79.06333333333333,58.35,1,0.179148392793077
29.09.2030 13:00,8.87,0.0,53.08,,86.4425,1071.685,9.798,79.63,58.35,1,0.179684285920484
29.09.2030 14:00,8.87,0.0,53.08,,90.32,1165.2225,191.692,,58.35,0,0.192549208014927
29.09.2030 15:00,8.66,14.855,53.08,,123.9625,1179.45,16.022,82.815,58.35,1,0.224317896803557
29.09.2030 16:00,8.51,38.088,53.08,,204.23,1212.505,135.226,56.2175,21.26,1,8.76990258988443
29.09.2030 17:00,8.38,78.591,53.08,,219.135,948.18,83.359,93.46666666666664,21.26,1,37.8433307549525
29.09.2030 18:00,8.38,78.592,53.08,,124.4125,848.39,0.506,120.45,21.26,1,37.9178039580657
29.09.2030 19:00,8.38,78.592,53.08,,109.775,773.175,11.599,102.14,21.26,0,40.1625315369603
29.09.2030 20:00,8.38,78.592,53.08,,101.1625,770.73,4.37,90.9825,2.53,0,43.2627558210388
29.09.2030 21:00,8.38,61.478,53.08,,93.67,565.7925,2.458,90.5,2.53,0,35.4831250172063
29.09.2030 22:00,8.38,39.007,53.08,,97.44,409.655,15.965,86.3375,2.53,0,32.5663976658121
29.09.2030 23:00,8.33,38.088,53.08,,92.1075,289.065,5.949,76.35000000000001,2.53,0,33.0158939036225
30.09.2030 00:00,8.33,38.088,53.08,,93.9325,304.035,0.423,94.395,7.25,0,10.2380892250258
30.09.2030 01:00,8.33,33.593,53.08,,93.055,287.565,1.027,88.725,7.25,0,2.45298414780576
30.09.2030 02:00,8.33,30.009,53.08,,95.345,331.6175,0.355,88.35499999999999,7.25,0,0.640803503992369
30.09.2030 03:00,8.33,30.009,53.08,,108.015,390.67,0.134,78.25999999999999,7.25,0,0.641472622467786
30.09.2030 04:00,8.33,30.009,53.08,,135.3975,598.6424999999999,6.518,67.5875,5.24,0,0.626353758986421
30.09.2030 05:00,8.33,30.009,53.08,,208.72,734.255,3.372,75.48666666666666,5.24,0,0.596726764316833
30.09.2030 06:00,8.33,30.009,53.08,,162.6225,1064.8375,0.034,120.06,5.24,0,0.546854567999027
30.09.2030 07:00,8.51,15.651,53.08,,128.0,1116.155,1.907,91.81,5.24,0,0.196953557773904
30.09.2030 08:00,8.66,0.0,53.08,,112.2625,1204.03,30.028,87.18,32.7,0,0.139067723299958
30.09.2030 09:00,8.87,0.0,53.08,,90.83,1006.1225,45.831,74.31333333333333,32.7,0,0.0808679777629875
30.09.2030 10:00,8.87,0.0,53.08,,81.825,985.6975,8.981,81.105,32.7,0,0.255743080072084
30.09.2030 11:00,8.87,0.0,53.08,,81.055,771.4175,11.584,74.18666666666667,32.7,1,0.253605921644903
30.09.2030 12:00,8.87,0.0,53.08,,79.51,779.0225,118.038,53.225,47.51,1,0.0843869264470274
30.09.2030 13:00,8.87,0.0,53.08,,86.2375,952.41,0.753,100.21,47.51,1,0.101006021074753
30.09.2030 14:00,8.87,10.984,53.08,,95.625,1045.1675,12.596,72.58500000000001,47.51,0,0.108552010099342
30.09.2030 15:00,8.66,14.376,53.08,,120.6125,1034.0549999999998,15.002,85.57499999999999,47.51,1,0.117537092682532
30.09.2030 16:00,8.51,17.406,53.08,,160.51749999999998,1055.3025,16.214,91.3875,16.71,1,0.139505929443598
30.09.2030 17:00,8.38,52.236,53.08,,169.7925,1131.38,7.226,102.78666666666668,16.71,1,2.62829838798248
30.09.2030 18:00,8.38,52.862,53.08,,122.83,941.9975,0.097,136.015,16.71,1,2.46476305813477
30.09.2030 19:00,8.38,52.862,53.08,,110.9225,764.3275,9.037,99.3625,16.71,0,2.60393977829868
30.09.2030 20:00,8.38,52.863,53.08,,96.825,726.31,6.832,93.3,2.5,0,2.73039165147988
30.09.2030 21:00,8.38,52.863,53.08,,88.1075,532.8975,14.418,73.88999999999999,2.5,0,2.7920873824209
30.09.2030 22:00,8.38,43.614,53.08,,92.1225,521.8475,0.517,91.33666666666666,2.5,0,3.04137440782354
30.09.2030 23:00,8.33,30.009,53.08,,87.9125,470.985,0.42,83.68,2.5,0,0.0
01.10.2030 00:00,8.33,20.893,53.08,,87.91,367.2275,0.024,85.21,6.2,0,0.0
01.10.2030 01:00,8.36,34.787,53.08,,91.3375,308.525,0.98,88.75999999999999,6.2,0,0.0
01.10.2030 02:00,8.36,34.787,53.08,,91.75,397.585,0.0,91.34,6.2,0,0.0
01.10.2030 03:00,8.36,19.311,53.08,,107.4625,390.1825,0.137,86.625,6.2,0,0.0
01.10.2030 04:00,8.36,19.311,53.08,,135.23250000000002,539.41,1.88,98.88,4.48,0,0.0
01.10.2030 05:00,8.36,19.523,53.08,,195.915,630.6975,0.326,97.66,4.48,0,0.0
01.10.2030 06:00,8.36,21.855,53.08,,161.8525,763.4925000000001,5.390000000000001,119.09333333333336,4.48,0,0.0
01.10.2030 07:00,8.55,14.99,53.08,,115.3175,947.6525,95.143,79.3375,4.48,0,0.0
01.10.2030 08:00,8.71,0.0,53.08,,94.0775,912.635,111.084,50.85,26.78,0,0.0
01.10.2030 09:00,8.91,0.0,53.08,,85.20750000000001,993.7725,92.301,58.19,26.78,0,0.0
01.10.2030 10:00,8.91,0.0,53.08,,73.225,1100.935,218.649,37.43,26.78,0,0.0
01.10.2030 11:00,8.91,0.0,53.08,,58.71,1232.6625,112.869,59.6125,26.78,1,0.0
01.10.2030 12:00,8.91,-8.83456148652898,53.08,,66.52,1208.5725,94.309,51.8075,41.37,1,0.0
01.10.2030 13:00,8.91,0.0,53.08,,82.9,1054.5525,5.649,77.77333333333333,41.37,1,0.0
01.10.2030 14:00,8.91,0.0,53.08,,88.8275,1044.2125,32.251000000000005,57.13,41.37,0,0.0
01.10.2030 15:00,8.71,0.0,53.08,,117.145,1225.83,35.415,86.29,41.37,1,0.0
01.10.2030 16:00,8.55,15.779,53.08,,165.565,1181.2325,9.337,70.38,14.96,1,0.0
01.10.2030 17:00,8.4,74.762,53.08,,177.2575,1066.135,1.214,112.805,14.96,1,31.2603323018537
01.10.2030 18:00,8.4,78.591,53.08,,113.6625,861.2225000000001,0.0,124.55,14.96,1,31.060122526438
01.10.2030 19:00,8.4,78.591,53.08,,96.3975,813.21,3.234,107.815,14.96,0,32.0912408150041
01.10.2030 20:00,8.4,78.592,53.08,,85.7875,713.41,3.768,95.495,2.21,0,34.744750346235
01.10.2030 21:00,8.4,78.591,53.08,,81.175,657.135,13.617,75.43333333333334,2.21,0,35.0292712217417
01.10.2030 22:00,8.4,73.913,53.08,,81.395,502.91,0.019,89.375,2.21,0,35.1884389519893
01.10.2030 23:00,8.36,71.723,53.08,,79.9675,465.965,5.073,86.3675,2.21,0,37.5276826144801
02.10.2030 00:00,8.36,71.723,53.08,,78.5025,442.01,20.976,74.955,5.63,0,40.0107364741646
02.10.2030 01:00,8.36,64.822,53.08,,78.425,452.4675,27.042,71.71000000000001,5.63,0,40.4708813533185
02.10.2030 02:00,8.36,64.822,53.08,,80.14,422.0475,0.671,85.85499999999999,5.63,0,37.9725547916617
02.10.2030 03:00,8.36,64.823,53.08,,81.3,640.6775,0.019,90.06333333333333,5.63,0,34.9032792761601
02.10.2030 04:00,8.36,64.824,53.08,,100.085,605.16,0.25,89.2025,4.05,0,34.2798281244058
02.10.2030 05:00,8.36,73.364,53.08,,115.1375,744.2975,24.07,58.295,4.05,0,31.1101850497251
02.10.2030 06:00,8.36,77.226,53.08,,118.725,1118.8525,0.0,,4.05,0,28.1428857201806
02.10.2030 07:00,8.55,64.823,53.08,,104.46,1352.7925,4.038,99.14666666666666,4.05,0,22.6498168059682
02.10.2030 08:00,8.71,18.146,53.08,,89.6775,1448.6,16.659,65.375,25.0,0,0.912946017814997
02.10.2030 09:00,8.91,13.99,53.08,,77.8075,1347.075,103.914,-1.1133333333333333,25.0,0,0.744233194662278
02.10.2030 10:00,8.91,0.0,53.08,,53.265,1198.105,361.629,-19.825,25.0,0,0.714339509881939
02.10.2030 11:00,8.91,0.0,53.08,,28.3725,1325.935,339.545,-1.5675,25.0,1,0.76171912753881
02.10.2030 12:00,8.91,0.0,53.08,,20.6325,1293.5475,139.966,5.865,43.01,1,0.662897430574995
02.10.2030 13:00,8.91,0.0,53.08,,59.39750000000001,1186.4425,104.91,17.552500000000002,43.01,1,0.693617954619863
02.10.2030 14:00,8.91,15.357,53.08,,77.6225,1169.46,38.748000000000005,46.9675,43.01,0,0.813265677872116
02.10.2030 15:00,8.71,45.365,53.08,,101.8375,1147.375,41.959,50.9975,43.01,1,10.984620774642
02.10.2030 16:00,8.55,74.429,53.08,,135.32,1099.275,0.377,88.71666666666665,15.2,1,40.0631743134577
02.10.2030 17:00,8.4,91.323,53.08,,143.8125,1085.475,17.0,86.345,15.2,1,51.3778052470017
02.10.2030 18:00,8.4,93.461,53.08,,106.7875,888.6899999999999,25.363,98.0675,15.2,1,49.4772816454755
02.10.2030 19:00,8.4,91.325,53.08,,92.6575,843.64,24.459,80.41,15.2,0,51.5024777741676
02.10.2030 20:00,8.4,78.592,53.08,,98.04,873.985,2.622,97.615,3.94,0,48.6799396274069
02.10.2030 21:00,8.4,67.745,53.08,,85.7225,779.19,2.086,85.69,3.94,0,38.2443260643477
02.10.2030 22:00,8.4,64.822,53.08,,81.845,441.26,0.0,,3.94,0,23.7448604224775
02.10.2030 23:00,8.36,62.995,53.08,,75.94,475.16,0.026,91.495,3.94,0,21.5119450309693
03.10.2030 00:00,8.36,62.992,53.08,,71.4875,502.0025,0.0,87.075,6.1,0,21.2344174740188
03.10.2030 01:00,8.36,69.441,53.08,,76.64,478.74,0.0,88.34,6.1,0,21.5418771842509
03.10.2030 02:00,8.36,69.441,53.08,,81.645,461.0425,0.033,86.5,6.1,0,21.8054924175516
03.10.2030 03:00,8.36,69.442,53.08,,81.83,351.6175,0.0,,6.1,0,21.5408664493245
03.10.2030 04:00,8.36,69.911,53.08,,92.03,442.745,0.0,,6.04,0,20.4813496204706
03.10.2030 05:00,8.36,78.591,53.08,,110.1075,726.13,0.0,,6.04,0,19.1735856711159
03.10.2030 06:00,8.36,78.592,53.08,,125.1675,1202.6,0.0,,6.04,0,16.9147801956781
03.10.2030 07:00,8.55,69.911,53.08,,93.8275,1670.7575,72.076,32.653333333333336,6.04,0,15.5000804074346
03.10.2030 08:00,8.71,15.651,53.08,,43.2725,1389.135,5.5840000000000005,93.9175,49.15,0,0.285264316891233
03.10.2030 09:00,8.91,14.085,53.08,,33.535,1467.1275,0.0,304.38,49.15,0,0.241638906778493
03.10.2030 10:00,8.91,0.0,53.08,,33.695,1188.3425,65.732,22.8275,49.15,0,0.301922123230941
03.10.2030 11:00,8.91,0.0,53.08,,21.7675,1040.9875000000002,157.514,-8.497499999999999,49.15,1,0.280235025081597
03.10.2030 12:00,8.91,0.0,53.08,,11.64,1167.335,95.339,-5.24,71.24,1,0.0886589366986424
03.10.2030 13:00,8.91,0.0,53.08,,18.99,1130.3725,21.664,1.42,71.24,1,0.0880316701486076
03.10.2030 14:00,8.91,14.376,53.08,,35.885,1030.9525,35.285,13.02,71.24,0,0.10653405740095
03.10.2030 15:00,8.71,16.47,53.08,,66.035,1017.0725,141.221,-41.555,71.24,1,0.133241143111147
03.10.2030 16:00,8.55,70.722,53.08,,140.825,1101.2975,10.273,36.004999999999995,20.1,1,31.755236324233
03.10.2030 17:00,8.4,92.84,53.08,,148.015,1559.6575,0.0,,20.1,1,38.3625063016069
03.10.2030 18:00,8.4,92.841,53.08,,64.0925,1458.4075,70.816,64.3275,20.1,1,38.4676174849198
03.10.2030 19:00,8.4,92.842,53.08,,27.06,1081.96,227.861,-67.1375,20.1,0,40.8559964194322
03.10.2030 20:00,8.4,78.592,53.08,,3.2325,709.09,125.903,-43.03,9.0,0,40.9438498924474
03.10.2030 21:00,8.4,70.722,53.08,,0.305,577.65,25.312,-6.4575,9.0,0,37.9813584728662
03.10.2030 22:00,8.4,55.627,53.08,,-0.91,730.855,11.705,25.52,9.0,0,21.2894958069823
03.10.2030 23:00,8.36,27.576,53.08,,2.97,593.8875,365.796,-472.8425,9.0,0,7.42644365244258
04.10.2030 00:00,8.36,16.234,53.08,,0.83,396.6825,176.16,-30.1225,16.37,0,0.0
04.10.2030 01:00,8.35,15.651,53.08,,-1.88,459.555,140.28,-15.3725,16.37,0,0.0
04.10.2030 02:00,8.35,15.488,53.08,,-4.157500000000001,434.46,191.438,-35.2525,16.37,0,0.0
04.10.2030 03:00,8.35,14.376,53.08,,-2.8549999999999995,411.63,25.098,19.6275,16.37,0,0.0
04.10.2030 04:00,8.35,14.376,53.08,,-1.9625,440.79,67.67699999999999,-13.23,16.34,0,0.0
04.10.2030 05:00,8.35,14.376,53.08,,0.0074999999999999,473.2025,21.071,36.325,16.34,0,0.0
04.10.2030 06:00,8.35,14.475,53.08,,1.885,506.3775,24.649,9.7225,16.34,0,0.0
04.10.2030 07:00,8.54,0.0,53.08,,10.395,853.3675000000001,0.056,68.8,16.34,0,0.0
04.10.2030 08:00,8.7,0.0,53.08,,13.445,1082.565,0.0,,40.81,0,0.0
04.10.2030 09:00,8.91,0.0,53.08,,9.0775,1304.5825,35.303000000000004,17.5,40.81,0,0.0
04.10.2030 10:00,8.91,0.0,53.08,,4.3625,1204.505,107.085,8.9725,40.81,0,0.0
04.10.2030 11:00,8.91,-6.180470765077,53.08,,0.9325,826.64,77.53999999999999,-1.9350000000000005,40.81,0,0.0
04.10.2030 12:00,8.91,-3.05464880669699,53.08,,0.7775,793.6475,35.333,3.785,64.8,0,0.0
04.10.2030 13:00,8.91,0.0,53.08,,2.46,764.0275,4.332,54.09,64.8,0,0.0
04.10.2030 14:00,8.91,0.0,53.08,,8.2575,863.2975,0.012,42.715,64.8,0,0.0
04.10.2030 15:00,8.7,0.0,53.08,,3.3375000000000004,1084.955,18.746,-3.4933333333333323,64.8,0,0.0
04.10.2030 16:00,8.54,15.268,53.08,,10.5075,873.4925,2.732,76.515,29.94,0,0.0
04.10.2030 17:00,8.4,29.764,53.08,,12.4825,958.2225,77.677,-39.22666666666667,29.94,0,0.0
04.10.2030 18:00,8.4,30.29,53.08,,2.8125,865.1925,1.915,55.6375,29.94,0,0.0
04.10.2030 19:00,8.4,30.29,53.08,,1.4225,704.9449999999999,17.997999999999998,7.4,29.94,0,0.0
04.10.2030 20:00,8.4,30.29,53.08,,4.475,659.145,6.263,16.025,11.29,0,0.0
04.10.2030 21:00,8.4,30.29,53.08,,1.355,576.2775,48.032,-7.352499999999999,11.29,0,0.0
04.10.2030 22:00,8.4,28.451,53.08,,0.47,393.2975,81.425,-12.79,11.29,0,0.0
04.10.2030 23:00,8.35,20.983,53.08,,0.1575,381.455,316.48,-48.705,11.29,0,0.0
05.10.2030 00:00,8.35,20.983,53.08,,-0.8175000000000001,395.3725,131.118,-10.205,16.47,0,0.0
05.10.2030 01:00,8.04,20.993,53.08,,-0.1975,393.7925,23.796,24.4975,16.47,0,0.0
05.10.2030 02:00,8.04,20.993,53.08,,-0.0775,402.765,50.094,3.5175,16.47,0,0.0
05.10.2030 03:00,8.04,20.993,53.08,,0.385,341.39750000000004,95.715,-13.9375,16.47,0,0.0
05.10.2030 04:00,8.04,23.768,53.08,,-0.5375,410.615,123.493,-19.13,16.01,0,0.0
05.10.2030 05:00,8.04,33.842,53.08,,0.1475,511.0425,228.305,-32.015,16.01,0,23.0462516019773
05.10.2030 06:00,8.04,61.426,53.08,,1.7299999999999998,532.1975,89.284,-12.31,16.01,0,21.1269558097819
05.10.2030 07:00,8.18,61.427,53.08,,1.1825,553.065,98.511,-4.9975000000000005,16.01,0,19.9956058569236
05.10.2030 08:00,8.27,61.426,53.08,,0.1149999999999999,553.4025,174.429,-17.5625,34.99,0,20.1245628908728
05.10.2030 09:00,8.39,53.166,53.08,,-1.955,819.8675000000001,9.013,10.0325,34.99,0,18.6365180008456
05.10.2030 10:00,8.39,30.61,53.08,,-0.1574999999999999,737.23,16.45,5.446666666666666,34.99,0,12.7866334796231
05.10.2030 11:00,8.39,22.572,53.08,,0.4225,577.09,0.059,91.86666666666667,34.99,0,4.34111485922669
05.10.2030 12:00,8.39,22.26,53.08,,0.27,575.915,33.605,36.305,60.72,0,4.26643608894506
05.10.2030 13:00,8.39,22.26,53.08,,1.6775000000000002,586.3975,35.014,-0.1349999999999998,60.72,0,3.99214789617988
05.10.2030 14:00,8.39,22.261,53.08,,6.6575,764.115,3.49,53.21666666666667,60.72,0,3.8416422954714
05.10.2030 15:00,8.27,22.261,53.08,,16.0475,965.585,16.439999999999998,-8.903333333333334,60.72,0,3.79589459872386
05.10.2030 16:00,8.18,24.48,53.08,,56.03,1042.9975,0.025,56.11,24.95,0,4.00900751929255
05.10.2030 17:00,8.09,60.735,53.08,,82.29,1172.7975,164.24,-11.745,24.95,0,13.8447260520013
05.10.2030 18:00,8.09,61.425,53.08,,58.66,1114.71,91.618,0.0175,24.95,0,13.5938736097491
05.10.2030 19:00,8.09,61.426,53.08,,37.985,909.62,52.456,33.195,24.95,0,14.4004301786005
05.10.2030 20:00,8.09,61.426,53.08,,42.75,769.86,112.762,16.1725,8.0,0,16.1889407823575
05.10.2030 21:00,8.09,41.555,53.08,,33.165,817.53,19.928,31.2475,8.0,0,16.7762325378539
05.10.2030 22:00,8.09,37.496,53.08,,40.9625,852.905,36.761,17.255,8.0,0,11.761630009949
05.10.2030 23:00,8.04,30.009,53.08,,36.4325,825.665,226.665,-0.2124999999999999,8.0,0,0.0
06.10.2030 00:00,8.04,21.554,53.08,,27.465,824.6725,124.083,9.0925,14.82,0,0.0
06.10.2030 01:00,8.36,19.5,53.08,,17.62,773.5825,7.033,21.2775,14.82,0,0.0
06.10.2030 02:00,8.36,19.5,53.08,,39.46,813.7475,14.198,22.5925,14.82,0,0.0
06.10.2030 03:00,8.36,19.5,53.08,,58.4925,926.135,37.999,23.14,14.82,0,0.0
06.10.2030 04:00,8.36,19.5,53.08,,82.625,1032.315,24.871,20.4625,18.1,0,0.0
06.10.2030 05:00,8.36,20.47,53.08,,117.9725,824.925,0.005,88.84,18.1,0,0.0
06.10.2030 06:00,8.36,22.07,53.08,,126.9925,1023.4375,0.131,95.8,18.1,0,0.0
06.10.2030 07:00,8.55,22.07,53.08,,114.8225,1078.415,29.829,66.91666666666667,18.1,0,0.0
06.10.2030 08:00,8.71,21.232,53.08,,108.07,1036.5675,15.145,81.61333333333333,28.38,0,0.0256374016825507
06.10.2030 09:00,8.91,19.406,53.08,,106.7725,1267.18,0.0,138.99,28.38,0,0.255959062947933
06.10.2030 10:00,8.91,15.779,53.08,,99.565,1180.9075,0.229,108.61333333333334,28.38,0,0.542240837560275
06.10.2030 11:00,8.91,14.458,53.08,,100.0425,1285.015,0.009,106.825,28.38,1,0.530820114164407
06.10.2030 12:00,8.91,14.458,53.08,,102.745,1181.67,0.004,108.5,54.55,1,0.0764654828032761
06.10.2030 13:00,8.91,14.458,53.08,,112.1075,1223.8875,0.0,,54.55,1,0.0630541392410013
06.10.2030 14:00,8.91,14.459,53.08,,124.355,1397.99,0.018,121.74,54.55,0,0.0647328486040379
06.10.2030 15:00,8.71,14.875,53.08,,149.99,1925.14,18.384,81.2075,54.55,1,0.0706152499098959
06.10.2030 16:00,8.55,19.309,53.08,,190.6875,1649.29,0.711,106.315,19.0,1,0.143924926138318
06.10.2030 17:00,8.4,28.971,53.08,,198.69,1219.5575,1.129,128.74,19.0,1,0.267793156092494
06.10.2030 18:00,8.4,28.972,53.08,,152.4675,1039.77,0.0,,19.0,1,0.0
06.10.2030 19:00,8.4,28.972,53.08,,133.1725,1024.7375,0.0,,19.0,0,0.0
06.10.2030 20:00,8.4,28.972,53.08,,119.7275,795.81,0.038,123.66,5.9,0,0.0
06.10.2030 21:00,8.4,28.973,53.08,,110.7325,862.6225,0.018,124.53,5.9,0,0.0
06.10.2030 22:00,8.4,24.881,53.08,,108.1575,835.98,0.631,110.2975,5.9,0,0.0
06.10.2030 23:00,8.36,24.606,53.08,,103.235,637.13,2.287,102.80666666666669,5.9,0,0.0
07.10.2030 00:00,8.36,22.07,53.08,,106.4225,521.81,0.243,94.84,10.81,0,0.0
07.10.2030 01:00,8.36,29.711,53.08,,112.815,635.24,0.3379999999999999,106.975,10.81,0,0.0
07.10.2030 02:00,8.36,29.711,53.08,,115.1125,802.6725,22.208,99.7725,10.81,0,0.0
07.10.2030 03:00,8.36,29.711,53.08,,120.46,764.165,1.254,114.35,10.81,0,0.0
07.10.2030 04:00,8.36,29.711,53.08,,160.2775,1149.5225,0.288,131.5,9.96,0,0.0
07.10.2030 05:00,8.36,29.711,53.08,,258.7925,1180.8175,0.355,142.20666666666668,9.96,0,0.0
07.10.2030 06:00,8.36,29.764,53.08,,302.7975,1219.335,0.845,144.985,9.96,0,0.0
07.10.2030 07:00,8.55,28.106,53.08,,176.865,1308.5275,21.309,127.4925,9.96,0,0.0
07.10.2030 08:00,8.71,20.0,53.08,,120.235,1374.9075,56.352,104.0525,21.0,0,0.23262249047585
07.10.2030 09:00,8.91,15.651,53.08,,98.34,1388.39,40.947,82.9075,21.0,0,0.193059625156442
07.10.2030 10:00,8.91,14.376,53.08,,92.2475,1402.19,98.121,55.0225,21.0,0,0.357697970131675
07.10.2030 11:00,8.91,13.016,53.08,,89.46000000000001,1204.8875,90.679,59.765,21.0,1,0.33393321483911
07.10.2030 12:00,8.91,13.016,53.08,,92.56,1215.8674999999998,11.874,,45.0,1,0.106842455127905
07.10.2030 13:00,8.91,13.016,53.08,,101.6175,1101.9225,6.428,61.02,45.0,1,0.107025743814664
07.10.2030 14:00,8.91,14.376,53.08,,116.85,1107.8125,0.0,,45.0,0,0.118657746387616
07.10.2030 15:00,8.71,15.984,53.08,,147.3,1251.9875,2.155,106.25,45.0,1,0.140471672905768
07.10.2030 16:00,8.55,35.587,53.08,,164.95499999999998,1031.3175,3.905,109.7575,13.64,1,10.5565223020645
07.10.2030 17:00,8.4,71.848,53.08,,156.65,901.4775,26.721,104.17,13.64,1,28.9883706957756
07.10.2030 18:00,8.4,72.329,53.08,,173.53,1325.54,2.105,141.94,13.64,1,28.1798890473751
07.10.2030 19:00,8.4,72.33,53.08,,121.285,1471.965,12.059,106.31,13.64,0,30.8672786305758
07.10.2030 20:00,8.4,72.331,53.08,,102.25,889.855,1.17,102.5675,4.4,0,33.9393456432973
07.10.2030 21:00,8.4,72.331,53.08,,95.43,637.7725,0.005,99.18333333333334,4.4,0,34.9681725251628
07.10.2030 22:00,8.4,46.948,53.08,,96.7225,475.7975,0.005,,4.4,0,30.2803943997561
07.10.2030 23:00,8.36,41.707,53.08,,92.6375,501.9475,8.138000000000002,83.21,4.4,0,31.5188393863008
08.10.2030 00:00,8.36,41.067,53.08,,90.52,516.36,2.302,89.55,8.27,0,15.7031028867471
08.10.2030 01:00,8.36,53.864,53.08,,89.4675,480.2925,2.1900000000000004,89.37,8.27,0,15.6301589194874
08.10.2030 02:00,8.36,53.708,53.08,,90.34,570.0025,0.025,97.02,8.27,0,13.7252550636196
08.10.2030 03:00,8.36,50.244,53.08,,97.465,616.4025,0.0,98.0,8.27,0,11.1049840719578
08.10.2030 04:00,8.36,49.898,53.08,,121.2025,650.01,4.905,87.62,7.25,0,10.6861111356792
08.10.2030 05:00,8.36,49.227,53.08,,137.6025,807.8775,5.513,91.43666666666668,7.25,0,10.1289050984429
08.10.2030 06:00,8.36,49.227,53.08,,143.51749999999998,1034.13,30.311,98.7,7.25,0,9.71079854922766
08.10.2030 07:00,8.55,42.449,53.08,,123.5825,962.1525,21.15,93.69333333333331,7.25,0,7.9916153238973
08.10.2030 08:00,8.71,0.0,53.08,,107.295,933.52,13.984,84.80250000000001,86.24,0,0.0
08.10.2030 09:00,8.91,0.0,53.08,,98.4975,838.2975,9.852,95.14666666666666,86.24,0,0.0
08.10.2030 10:00,8.91,0.0,53.08,,90.9575,809.7875,43.277,74.04666666666667,86.24,0,0.0
08.10.2030 11:00,8.91,0.0,53.08,,91.12,798.8025,102.144,69.33,86.24,1,0.0
08.10.2030 12:00,8.91,0.0,53.08,,91.015,846.0575,42.021,69.685,38.0,1,0.0
08.10.2030 13:00,8.91,0.0,53.08,,97.9225,924.745,176.964,58.525,38.0,1,0.0
08.10.2030 14:00,8.91,0.0,53.08,,117.1725,972.5125,54.391,74.05,38.0,0,0.0
08.10.2030 15:00,8.71,0.0,53.08,,150.485,879.5550000000001,8.392,79.54333333333334,38.0,1,0.0
08.10.2030 16:00,8.55,16.876,53.08,,186.0,887.265,0.072,137.38,10.54,1,0.0
08.10.2030 17:00,8.4,59.655,53.08,,256.32,1416.12,0.0,,10.54,1,17.340861908853
08.10.2030 18:00,8.4,60.793,53.08,,188.82,1047.86,0.887,136.11,10.54,1,17.3731188940245
08.10.2030 19:00,8.4,60.793,53.08,,131.9175,804.7225000000001,37.426,88.7325,10.54,0,18.1273091190384
08.10.2030 20:00,8.4,60.794,53.08,,124.795,800.63,0.168,110.195,3.15,0,19.0813977425045
08.10.2030 21:00,8.4,60.795,53.08,,116.855,735.8075,30.68,89.99,3.15,0,20.215142281828
08.10.2030 22:00,8.4,54.849,53.08,,102.245,568.6175,1.296,90.6425,3.15,0,20.4179989870464
08.10.2030 23:00,8.36,53.72,53.08,,101.69,454.3425,1.6949999999999998,89.785,3.15,0,21.6972566181318
09.10.2030 00:00,8.36,53.72,53.08,,101.5025,465.59,0.0289999999999999,107.6,6.64,0,22.2635502169788
09.10.2030 01:00,8.36,63.578,53.08,,97.6225,541.86,0.373,105.6,6.64,0,28.3825401167648
09.10.2030 02:00,8.36,63.579,53.08,,101.0325,544.99,2.848,106.5675,6.64,0,28.7342465369644
09.10.2030 03:00,8.36,64.513,53.08,,109.655,994.405,0.0849999999999999,94.71666666666664,6.64,0,29.9771976200284
09.10.2030 04:00,8.36,68.523,53.08,,134.565,945.16,0.0,75.46,5.62,0,29.3346426322013
09.10.2030 05:00,8.36,78.591,53.08,,147.1325,1018.7425,0.285,-26.544999999999995,5.62,0,26.140941971831
09.10.2030 06:00,8.36,78.593,53.08,,159.7425,1286.695,0.274,124.41,5.62,0,25.4844400238343
09.10.2030 07:00,8.55,78.592,53.08,,147.015,1546.7275,0.0,,5.62,0,22.0299856192986
09.10.2030 08:00,8.71,52.481,53.08,,120.9975,1400.3225,0.0,103.99,38.12,0,11.3683845493776
09.10.2030 09:00,8.91,22.489,53.08,,104.325,1603.235,0.268,84.89333333333333,38.12,0,7.86055865699373
09.10.2030 10:00,8.91,22.489,53.08,,100.3725,1255.91,6.772,93.20666666666666,38.12,0,7.14537863182808
09.10.2030 11:00,8.91,22.489,53.08,,119.8475,1423.5225,0.0,,38.12,1,6.61112697305855
09.10.2030 12:00,8.91,22.977,53.08,,135.1,1658.2475,0.032,110.89,119.74,1,7.20864583339472
09.10.2030 13:00,8.91,25.019,53.08,,129.355,1566.1075,0.569,648.5425,119.74,1,7.9288137072886
09.10.2030 14:00,8.91,62.266,53.08,,141.435,1579.66,0.009,130.3,119.74,0,15.8330866341009
09.10.2030 15:00,8.71,78.592,53.08,,170.3175,1510.5075000000002,23.05,105.47,119.74,1,29.0177692770019
09.10.2030 16:00,8.55,94.399,53.08,,162.88,1330.42,193.72,48.71,16.0,1,66.6832449573367
09.10.2030 17:00,8.4,99.086,53.08,,144.77,1257.075,57.782,93.0925,16.0,1,71.6332480063415
09.10.2030 18:00,8.4,99.087,53.08,,113.325,976.2325,0.012,,16.0,1,67.2548723246705
09.10.2030 19:00,8.4,99.088,53.08,,99.8975,899.38,1.869,107.6125,16.0,0,72.041134548237
09.10.2030 20:00,8.4,97.052,53.08,,96.4675,761.585,0.003,109.27,3.55,0,69.5954911238693
09.10.2030 21:00,8.4,93.28,53.08,,87.53,657.93,11.898,78.2075,3.55,0,70.8229907083437
09.10.2030 22:00,8.4,83.494,53.08,,87.63,463.38,0.885,88.4525,3.55,0,64.6766459088462
09.10.2030 23:00,8.36,79.112,53.08,,84.67,538.02,129.62,51.0925,3.55,0,42.7435803925648
10.10.2030 00:00,8.36,78.592,53.08,,86.085,558.575,0.008,209.13,8.68,0,40.8438573507116
10.10.2030 01:00,8.36,78.277,53.08,,85.53,557.06,7.826,83.4875,8.68,0,40.849905721176
10.10.2030 02:00,8.36,76.786,53.08,,84.5875,568.115,3.432,82.3575,8.68,0,39.5224264806155
10.10.2030 03:00,8.36,76.786,53.08,,86.235,570.8025,8.325000000000001,76.2025,8.68,0,37.2735438624942
10.10.2030 04:00,8.36,77.04,53.08,,90.74,806.7425000000001,3.1659999999999995,82.175,6.13,0,36.1585559346924
10.10.2030 05:00,8.36,80.296,53.08,,108.4825,864.79,1.083,87.92,6.13,0,35.8828887066453
10.10.2030 06:00,8.36,85.309,53.08,,114.3175,1034.4925,0.0,105.6,6.13,0,32.9206357347407
10.10.2030 07:00,8.55,80.296,53.08,,111.025,1276.91,0.0,,6.13,0,27.719885864409
10.10.2030 08:00,8.71,63.204,53.08,,114.59,1456.365,0.128,111.78333333333336,34.1,0,8.48613352987183
10.10.2030 09:00,8.91,45.611,53.08,,126.7,1748.5575,0.0,,34.1,0,7.08362906189472
10.10.2030 10:00,8.91,45.611,53.08,,156.8475,1706.0775,0.0,,34.1,0,6.71622484664385
10.10.2030 11:00,8.91,45.611,53.08,,134.525,1565.6925,0.0,,34.1,1,6.59888549532964
10.10.2030 12:00,8.91,45.612,53.08,,118.205,1817.2475,0.306,104.92,59.04,1,7.19193564328195
10.10.2030 13:00,8.91,45.612,53.08,,123.085,1755.3525,0.004,,59.04,1,7.04609543246394
10.10.2030 14:00,8.91,45.613,53.08,,122.945,1550.495,0.006,170.64,59.04,0,7.30032461013929
10.10.2030 15:00,8.71,67.13,53.08,,126.755,1265.275,22.054,83.53,59.04,1,8.54915456074259
10.10.2030 16:00,8.55,80.296,53.08,,121.915,1214.19,68.095,98.5725,11.6,1,35.9064901483147
10.10.2030 17:00,8.4,96.7130994770389,53.08,,134.21,1073.2125,11.44,110.7925,11.6,1,52.8851116517319
10.10.2030 18:00,8.4,98.8065977951402,53.08,,127.2525,1267.29,2.158,117.685,11.6,1,53.8733136900168
10.10.2030 19:00,8.4,98.5996042089804,53.08,,115.7075,1201.58,83.427,82.7475,11.6,0,60.3007548004791
10.10.2030 20:00,8.4,98.1460325309638,53.08,,104.815,904.8025,3.49,98.975,2.96,0,64.6431588629599
10.10.2030 21:00,8.4,94.7508382104358,53.08,,94.5225,724.74,0.369,83.36,2.96,0,68.703241574849
10.10.2030 22:00,8.4,90.0915456719367,53.08,,92.2025,650.1775,0.117,97.7375,2.96,0,66.5530283133215
10.10.2030 23:00,8.36,86.4150506400692,53.08,,89.61500000000001,707.04,11.973,84.07,2.96,0,68.8932768850691
11.10.2030 00:00,8.36,86.1805114035836,53.08,,83.74000000000001,547.8725000000001,0.989,102.105,6.67,0,73.1058820594392
11.10.2030 01:00,8.35,71.3546908402526,53.08,,78.5975,561.0225,0.053,110.885,6.67,0,74.7998892192361
11.10.2030 02:00,8.35,69.3723538082657,53.08,,76.985,416.3225,0.0,108.95,6.67,0,71.4540548643181
11.10.2030 03:00,8.35,68.5933250104434,53.08,,76.815,500.835,0.032,96.50666666666666,6.67,0,67.8804697988989
11.10.2030 04:00,8.35,81.7615287394979,53.08,,82.80250000000001,503.74,0.005,110.73,5.84,0,72.4798858702974
11.10.2030 05:00,8.35,93.3187462620206,53.08,,85.6525,653.3725000000001,8.767,68.79,5.84,0,70.6339562160635
11.10.2030 06:00,8.35,98.6671433416985,53.08,,103.9125,809.2175,0.0,110.8,5.84,0,59.2485537265699
11.10.2030 07:00,8.54,97.4559163690216,53.08,,100.9625,1215.355,16.258,89.5975,5.84,0,58.4864884962458
11.10.2030 08:00,8.7,88.8896996073101,53.08,,92.2975,1291.655,0.17,88.34,29.84,0,48.5361002117757
11.10.2030 09:00,8.91,71.2829312943789,53.08,,79.665,1246.6375,0.0,,29.84,0,27.5339518121885
11.10.2030 10:00,8.91,64.9624161263092,53.08,,77.245,1140.935,0.0,,29.84,0,24.2506001193039
11.10.2030 11:00,8.91,59.027782331513,53.08,,78.4675,1194.73,0.328,93.17,29.84,0,22.2402407533643
11.10.2030 12:00,8.91,64.5653143931694,53.08,,72.64,996.1525,0.325,87.51333333333334,67.15,0,24.704861967246
11.10.2030 13:00,8.91,68.6729002455182,53.08,,81.845,947.83,0.046,84.65,67.15,0,26.1662434719707
11.10.2030 14:00,8.91,76.6922758887282,53.08,,104.1675,1011.14,0.0,,67.15,0,37.5143519903287
11.10.2030 15:00,8.7,88.294,53.08,,120.1425,1139.8925,43.275000000000006,87.05000000000001,67.15,0,54.1590570167294
11.10.2030 16:00,8.54,100.487180873882,53.08,,122.4625,939.3975,5.867,89.7425,10.12,0,86.1268581724471
11.10.2030 17:00,8.4,137.417827577578,53.08,,121.875,1011.39,0.0,,10.12,0,102.925535515422
11.10.2030 18:00,8.4,140.875227742635,53.08,,111.6875,945.7325,2.04,110.455,10.12,0,96.7358317074825
11.10.2030 19:00,8.4,139.454593007693,53.08,,106.595,828.4275,7.239,103.2375,10.12,0,101.742819951508
11.10.2030 20:00,8.4,136.236266983107,53.08,,101.775,684.4725,1.508,97.675,3.11,0,114.210917394129
11.10.2030 21:00,8.4,105.700908553293,53.08,,90.6075,565.9549999999999,0.417,98.06,3.11,0,115.962345759149
11.10.2030 22:00,8.4,99.4364546575375,53.08,,93.0375,639.055,0.204,100.6725,3.11,0,110.67935697919
11.10.2030 23:00,8.35,94.8223425535446,53.08,,90.9625,528.335,4.261,89.9425,3.11,0,115.869698556361
12.10.2030 00:00,8.35,93.2699334748992,53.08,,88.4125,522.6175000000001,0.431,103.2975,5.88,0,126.5489213066
12.10.2030 01:00,8.04,100.351679364897,53.08,,87.95,452.6875,0.0,126.2325,5.88,0,137.707432338532
12.10.2030 02:00,8.04,98.6572707273674,53.08,,92.0575,550.535,0.054,122.10666666666668,5.88,0,139.233209853015
12.10.2030 03:00,8.04,98.6821979935463,53.08,,92.7675,650.14,3.728,102.135,5.88,0,138.324658413426
12.10.2030 04:00,8.04,103.106645387426,53.08,,95.525,655.9225,0.0,,5.85,0,127.148034898398
12.10.2030 05:00,8.04,118.415504807103,53.08,,93.92,640.8025,14.429,86.38250000000001,5.85,0,124.112494923514
12.10.2030 06:00,8.04,123.047102241459,53.08,,96.8275,835.3900000000001,5.807,100.8825,5.85,0,107.437863164738
12.10.2030 07:00,8.18,108.64234406332,53.08,,104.6525,995.085,0.437,118.65,5.85,0,94.7719242900074
12.10.2030 08:00,8.27,78.592,53.08,,94.8225,1193.0375,1.155,105.71,26.29,0,33.0595050582908
12.10.2030 09:00,8.39,24.647,53.08,,84.825,1149.69,1.394,95.09666666666668,26.29,0,5.40099994437965
12.10.2030 10:00,8.39,22.213,53.08,,78.4875,1198.6750000000002,1.089,106.09333333333332,26.29,0,3.11826608443014
12.10.2030 11:00,8.39,21.03,53.08,,73.33500000000001,1069.385,0.0,,26.29,0,2.83078965502285
12.10.2030 12:00,8.39,22.491,53.08,,79.39,981.5275,0.0,,53.7,0,3.03943260229764
12.10.2030 13:00,8.39,23.131,53.08,,88.1675,1070.5975,35.129000000000005,83.495,53.7,0,3.15006203209551
12.10.2030 14:00,8.39,24.864,53.08,,99.9775,1137.525,38.454,94.26,53.7,0,9.73341905630936
12.10.2030 15:00,8.27,67.357,53.08,,114.11,878.6225000000001,0.009,98.315,53.7,0,31.513245950333
12.10.2030 16:00,8.18,89.906,53.08,,125.445,817.615,0.0,,10.11,0,48.4233340530205
12.10.2030 17:00,8.09,90.444,53.08,,135.905,879.8175,0.0,,10.11,0,50.0281840176647
12.10.2030 18:00,8.09,90.444,53.08,,128.49,872.5374999999999,1.331,123.45,10.11,0,47.5346779340218
12.10.2030 19:00,8.09,90.444,53.08,,126.865,859.1775,2.411,118.42,10.11,0,50.2588452837481
12.10.2030 20:00,8.09,88.214,53.08,,113.2725,711.5575,30.519,93.975,2.74,0,50.9588244161371
12.10.2030 21:00,8.09,78.572,53.08,,100.745,746.2225,12.433,97.45,2.74,0,43.215327101959
12.10.2030 22:00,8.09,67.159,53.08,,99.1525,697.715,2.999,99.6525,2.74,0,30.9223487436428
12.10.2030 23:00,8.04,64.645,53.08,,93.7475,509.4725,1.616,100.045,2.74,0,24.0944797794165
13.10.2030 00:00,8.04,43.449,53.08,,96.9925,509.6675,0.0,112.5,5.0,0,19.1781585010841
13.10.2030 01:00,8.36,30.659,53.08,,97.4525,564.3924999999999,4.835,84.01,5.0,0,12.655453131782
13.10.2030 02:00,8.36,27.107,53.08,,97.7775,590.0225,8.553,99.61,5.0,0,12.1652800949364
13.10.2030 03:00,8.36,27.09,53.08,,110.5525,794.875,0.29,91.50666666666666,5.0,0,11.5620518206283
13.10.2030 04:00,8.36,27.09,53.08,,142.4375,927.1275,32.668,81.635,19.68,0,10.9280974538722
13.10.2030 05:00,8.36,28.105,53.08,,173.95499999999998,965.0725,4.641,110.55,19.68,0,9.99793739811019
13.10.2030 06:00,8.36,30.659,53.08,,176.855,1312.2025,12.095,125.3675,19.68,0,9.13426765549427
13.10.2030 07:00,8.55,28.105,53.08,,152.3975,1335.3175,13.032,119.29333333333334,19.68,0,4.19495848645396
13.10.2030 08:00,8.71,19.558,53.08,,124.4475,1332.7775,68.717,93.9725,19.12,0,0.47812299699313
13.10.2030 09:00,8.91,19.326,53.08,,113.135,1295.7025,68.592,92.98,19.12,0,0.420910557461686
13.10.2030 10:00,8.91,19.558,53.08,,108.3625,1498.2475,16.879,102.495,19.12,0,0.679860734501591
13.10.2030 11:00,8.91,19.558,53.08,,111.5075,1500.475,2.744,102.775,19.12,1,0.728819230095602
13.10.2030 12:00,8.91,20.124,53.08,,118.03,1367.6775,1.184,112.83,42.75,1,0.20511843882985
13.10.2030 13:00,8.91,20.47,53.08,,134.6225,1262.895,0.0,,42.75,1,0.214785756526652
13.10.2030 14:00,8.91,22.486,53.08,,171.1975,1537.14,35.185,100.05,42.75,0,0.236081811068084
13.10.2030 15:00,8.71,25.428,53.08,,250.0,1673.1950000000002,24.603,87.435,42.75,1,0.337797970737368
13.10.2030 16:00,8.55,27.09,53.08,,403.5825,1276.4975,8.212,94.06666666666666,7.83,1,0.34001635333467
13.10.2030 17:00,8.4,27.09,53.08,,394.3575,1074.745,0.0,,7.83,1,0.465440661187403
13.10.2030 18:00,8.4,27.09,53.08,,244.57,1382.605,0.0,,7.83,1,0.0
13.10.2030 19:00,8.4,25.428,53.08,,141.1725,1011.4025,11.772,110.42333333333332,7.83,0,0.0
13.10.2030 20:00,8.4,20.715,53.08,,121.98,691.2975,16.378999999999998,105.25,2.11,0,0.0
13.10.2030 21:00,8.4,20.338,53.08,,109.0125,654.385,0.907,103.3,2.11,0,0.0
13.10.2030 22:00,8.4,19.326,53.08,,113.4425,600.9425,0.219,117.02,2.11,0,0.0
13.10.2030 23:00,8.36,17.43,53.08,,112.835,476.0925,19.718,103.35,2.11,0,0.0
14.10.2030 00:00,8.36,16.734,53.08,,114.7025,559.5975,2.376,109.6375,4.3,0,0.0
14.10.2030 01:00,8.36,18.321,53.08,,118.005,577.0775,1.206,103.665,4.3,0,0.0
14.10.2030 02:00,8.36,18.294,53.08,,120.9175,570.9275,0.8539999999999999,123.95,4.3,0,0.0
14.10.2030 03:00,8.36,18.294,53.08,,125.14,535.8175,4.334,106.89,4.3,0,0.0
14.10.2030 04:00,8.36,18.294,53.08,,136.5825,910.8025,0.158,108.46,8.72,0,0.0
14.10.2030 05:00,8.36,18.61,53.08,,169.17,902.5225,2.672,119.92666666666666,8.72,0,0.0
14.10.2030 06:00,8.36,20.522,53.08,,181.6175,1210.8125,2.448,113.52,8.72,0,0.0
14.10.2030 07:00,8.55,20.522,53.08,,152.8375,1242.3875,21.588,104.0375,8.72,0,0.0
14.10.2030 08:00,8.71,17.732,53.08,,127.5575,1388.4775,65.99199999999999,88.455,66.89,0,0.321149561187135
14.10.2030 09:00,8.91,17.732,53.08,,111.4925,1579.545,230.415,53.185,66.89,0,0.257102488299134
14.10.2030 10:00,8.91,17.732,53.08,,94.6225,1408.92,38.261,87.3,66.89,0,0.338758473766608
14.10.2030 11:00,8.91,17.732,53.08,,90.885,1276.4575,7.826,84.3375,66.89,1,0.333435100993031
14.10.2030 12:00,8.91,17.732,53.08,,93.4925,1177.7075,0.109,125.69,81.72,1,0.108903113467166
14.10.2030 13:00,8.91,17.732,53.08,,104.815,1075.93,6.207,79.05,81.72,1,0.118149292410844
14.10.2030 14:00,8.91,21.988,53.08,,121.61,1038.08,3.51,91.56333333333332,81.72,0,0.148896216334829
14.10.2030 15:00,8.71,35.315,53.08,,163.7575,1134.885,0.346,110.71666666666664,81.72,1,19.8365716732957
14.10.2030 16:00,8.55,78.591,53.08,,347.04,1323.1575,10.088,85.86000000000001,6.86,1,39.8361364597253
14.10.2030 17:00,8.4,78.592,53.08,,336.075,1020.35,0.618,138.03,6.86,1,38.3028454891907
14.10.2030 18:00,8.4,78.592,53.08,,201.7175,1185.425,10.923,110.3,6.86,1,36.9863157263007
14.10.2030 19:00,8.4,76.06,53.08,,135.49,830.7325000000001,22.401,103.7725,6.86,0,36.174019399215
14.10.2030 20:00,8.4,49.363,53.08,,128.44,782.0675,27.003,102.45,1.78,0,29.7080987254237
14.10.2030 21:00,8.4,35.526,53.08,,119.2,362.3175,0.167,116.73333333333332,1.78,0,17.4473026237837
14.10.2030 22:00,8.4,34.828,53.08,,105.2,212.6525,0.874,96.28000000000002,1.78,0,6.02726987954287
14.10.2030 23:00,8.36,28.991,53.08,,108.9075,105.515,0.0,104.475,1.78,0,0.0
15.10.2030 00:00,8.36,20.62,53.08,,119.2025,248.825,0.168,114.26666666666668,3.91,0,0.0
15.10.2030 01:00,8.36,37.881,53.08,,114.3625,537.115,0.008,120.0,3.91,0,3.41947490615559
15.10.2030 02:00,8.36,37.561,53.08,,116.7775,564.71,21.357,98.2925,3.91,0,3.52713452243176
15.10.2030 03:00,8.36,37.271,53.08,,118.035,588.8475000000001,5.863,92.67,3.91,0,3.60817850278001
15.10.2030 04:00,8.36,37.881,53.08,,130.68,598.16,13.957999999999998,90.24,6.15,0,3.79832616264881
15.10.2030 05:00,8.36,37.881,53.08,,186.31,756.26,17.853,98.5225,6.15,0,3.81624195145382
15.10.2030 06:00,8.36,37.881,53.08,,167.4325,937.235,0.3409999999999999,125.44,6.15,0,3.70755553046899
15.10.2030 07:00,8.55,37.271,53.08,,138.0225,998.4475,2.8510000000000004,113.0125,6.15,0,3.20078385468244
15.10.2030 08:00,8.71,27.287,53.08,,120.825,1060.0675,21.506,104.1975,27.0,0,2.39215478948567
15.10.2030 09:00,8.91,27.287,53.08,,104.8125,1355.5275,37.401,96.84666666666668,27.0,0,1.96060995852634
15.10.2030 10:00,8.91,27.287,53.08,,102.5625,1252.525,6.4990000000000006,106.94,27.0,0,1.85021974297102
15.10.2030 11:00,8.91,27.287,53.08,,106.27,1465.695,0.476,108.535,27.0,1,1.83888727406276
15.10.2030 12:00,8.91,27.288,53.08,,116.705,1352.285,1.152,98.0,46.79,1,2.00187768387402
15.10.2030 13:00,8.91,27.451,53.08,,124.535,1248.3975,4.438,110.29333333333334,46.79,1,2.08550825171895
15.10.2030 14:00,8.91,33.731,53.08,,130.095,1019.465,4.3020000000000005,102.96,46.79,0,12.2996624531003
15.10.2030 15:00,8.71,57.027,53.08,,134.66,1010.1025,12.862,116.815,46.79,1,15.6937068381371
15.10.2030 16:00,8.55,76.785,53.08,,151.62,953.6325,60.919,103.89,5.52,1,32.5880699910094
15.10.2030 17:00,8.4,77.291,53.08,,141.9975,875.2225,22.073,108.49,5.52,1,32.6024195050805
15.10.2030 18:00,8.4,77.292,53.08,,127.9975,883.1275,3.737,113.05333333333331,5.52,1,32.5278766477421
15.10.2030 19:00,8.4,77.293,53.08,,120.1975,712.0875,0.476,117.61,5.52,0,34.0726995039503
15.10.2030 20:00,8.4,77.293,53.08,,101.8975,691.335,5.781,102.0675,1.6,0,35.6832004684114
15.10.2030 21:00,8.4,77.291,53.08,,94.7075,685.28,20.408,84.35499999999999,1.6,0,35.5659782515168
15.10.2030 22:00,8.4,62.74,53.08,,95.565,677.135,2.491,97.4025,1.6,0,34.4002014975613
15.10.2030 23:00,8.36,58.339,53.08,,91.6625,639.53,4.991,92.18,1.6,0,35.442094183059
16.10.2030 00:00,8.36,57.027,53.08,,90.3575,576.5174999999999,6.159999999999999,88.6825,3.89,0,37.1640957216727
16.10.2030 01:00,8.36,67.351,53.08,,93.57,638.2275,0.0,,3.89,0,34.4674991049259
16.10.2030 02:00,8.36,67.351,53.08,,98.77,662.465,10.763000000000002,92.175,3.89,0,30.6473579929555
16.10.2030 03:00,8.36,67.352,53.08,,98.9875,695.4425,23.906,81.59,3.89,0,27.2165975543285
16.10.2030 04:00,8.36,67.352,53.08,,129.3425,863.21,1.5379999999999998,55.135000000000005,5.84,0,26.0864608045079
16.10.2030 05:00,8.36,67.658,53.08,,137.08249999999998,793.105,17.134999999999998,85.055,5.84,0,25.8692654377174
16.10.2030 06:00,8.36,76.226,53.08,,146.345,912.325,1.535,65.91,5.84,0,21.8384108798486
16.10.2030 07:00,8.55,76.227,53.08,,130.9675,1078.0925,0.405,126.68,5.84,0,19.8089547414729
16.10.2030 08:00,8.71,74.433,53.08,,121.345,1188.2875,0.86,109.225,41.24,0,18.6841997488722
16.10.2030 09:00,8.91,67.358,53.08,,112.58,1069.565,37.056,99.5175,41.24,0,18.9241766494507
16.10.2030 10:00,8.91,67.356,53.08,,110.06,1042.125,7.681999999999999,104.45666666666666,41.24,0,18.293581928201
16.10.2030 11:00,8.91,67.357,53.08,,101.2425,980.2725,146.872,57.5675,41.24,1,17.3629656199184
16.10.2030 12:00,8.91,67.358,53.08,,107.7725,1194.075,7.203,55.69,38.46,1,17.3333338605264
16.10.2030 13:00,8.91,67.358,53.08,,118.015,1276.5125,0.0,,38.46,1,17.0122328856408
16.10.2030 14:00,8.91,67.921,53.08,,124.305,1180.6875,4.433,94.02,38.46,0,17.9947200716368
16.10.2030 15:00,8.71,72.223,53.08,,148.4725,1410.81,0.105,140.28,38.46,1,26.1587727918283
16.10.2030 16:00,8.55,83.144,53.08,,166.14499999999998,1293.31,5.553,140.23666666666665,4.96,1,41.25149270849
16.10.2030 17:00,8.4,86.27,53.08,,160.4475,1195.05,0.0,,4.96,1,41.1116672872052
16.10.2030 18:00,8.4,86.27,53.08,,134.985,964.88,1.116,121.14,4.96,1,41.7853752908795
16.10.2030 19:00,8.4,86.27,53.08,,123.8,876.4775,4.125,109.245,4.96,0,43.6579491856723
16.10.2030 20:00,8.4,78.592,53.08,,103.31,793.9775,31.318,81.19999999999999,1.53,0,42.3779003061409
16.10.2030 21:00,8.4,78.592,53.08,,94.46,753.1949999999999,6.9590000000000005,85.92333333333333,1.53,0,6.56880635469073
16.10.2030 22:00,8.4,67.358,53.08,,91.4875,582.105,40.062,70.63666666666667,1.53,0,1.60943168590714
16.10.2030 23:00,8.36,63.988,53.08,,89.655,524.89,44.516,81.8975,1.53,0,1.67278144729922
17.10.2030 00:00,8.36,59.55,53.08,,86.645,484.98,2.107,89.2725,3.8,0,1.72069560037971
17.10.2030 01:00,8.36,49.624,53.08,,85.935,554.96,0.264,94.91333333333334,3.8,0,11.4954080625436
17.10.2030 02:00,8.36,49.624,53.08,,85.595,575.29,0.006,101.055,3.8,0,11.5520229950072
17.10.2030 03:00,8.36,49.623,53.08,,88.16,649.9525,0.0,94.62,3.8,0,11.0589931228421
17.10.2030 04:00,8.36,49.624,53.08,,106.74,702.4025,0.057,102.37,4.91,0,10.2519630363775
17.10.2030 05:00,8.36,49.624,53.08,,131.66750000000002,732.785,2.255,95.555,4.91,0,9.26524083856414
17.10.2030 06:00,8.36,56.162,53.08,,135.4075,848.1075,10.445,122.24333333333334,4.91,0,8.79617541899786
17.10.2030 07:00,8.55,35.493,53.08,,132.9525,939.0075,0.001,,4.91,0,2.80240954708332
17.10.2030 08:00,8.71,17.481,53.08,,117.9575,1210.6475,7.207,106.275,22.47,0,0.511135175652144
17.10.2030 09:00,8.91,14.104,53.08,,103.2475,1508.2825,14.646999999999998,96.25,22.47,0,0.422001199010677
17.10.2030 10:00,8.91,14.104,53.08,,99.23,1361.4075,69.646,89.51666666666667,22.47,0,0.590002075732042
17.10.2030 11:00,8.91,14.104,53.08,,98.6575,1130.6675,23.964,96.03,22.47,1,0.631155985248327
17.10.2030 12:00,8.91,14.104,53.08,,94.035,1055.23,34.418,86.9,31.41,1,0.265646114819447
17.10.2030 13:00,8.91,14.376,53.08,,105.0025,1110.125,9.804,85.13499999999999,31.41,1,0.2890500552853769
17.10.2030 14:00,8.91,15.651,53.08,,115.6975,1076.4925,1.623,93.9,31.41,0,0.336573516865358
17.10.2030 15:00,8.71,20.0,53.08,,121.3,1103.475,31.488,94.64,31.41,1,0.399927698174877
17.10.2030 16:00,8.55,35.493,53.08,,141.70749999999998,1080.4225,117.882,93.6175,4.35,1,21.2239946285205
17.10.2030 17:00,8.4,52.779,53.08,,137.64,1052.3725,51.044,111.35,4.35,1,22.281200334679
17.10.2030 18:00,8.4,52.78,53.08,,115.2275,847.575,50.187,106.15,4.35,1,21.2922791129012
17.10.2030 19:00,8.4,52.78,53.08,,92.645,763.1475,86.963,91.3225,4.35,0,22.6213473071058
17.10.2030 20:00,8.4,52.518,53.08,,93.25,694.2375,60.013,82.26249999999999,1.53,0,23.8526540541868
17.10.2030 21:00,8.4,35.495,53.08,,88.97,648.325,99.699,71.62,1.53,0,23.673833313548
17.10.2030 22:00,8.4,32.807,53.08,,90.6025,498.6375,25.006,80.9425,1.53,0,12.1624608054147
17.10.2030 23:00,8.36,32.123,53.08,,91.0425,473.5425,6.216,93.46666666666664,1.53,0,12.8297483786349
18.10.2030 00:00,8.36,32.123,53.08,,89.39,405.705,4.444,102.03666666666668,3.31,0,13.3909222165758
18.10.2030 01:00,8.35,30.858,53.08,,86.375,465.92,1.68,101.575,3.31,0,11.7479825912118
18.10.2030 02:00,8.35,30.858,53.08,,83.3925,445.3975,2.922,92.0275,3.31,0,11.806489166647
18.10.2030 03:00,8.35,30.858,53.08,,82.3475,362.0475,1.371,94.37,3.31,0,12.2217794210486
18.10.2030 04:00,8.35,31.135,53.08,,84.2675,565.365,0.276,94.76666666666668,4.18,0,11.9400283295397
18.10.2030 05:00,8.35,34.924,53.08,,93.58,470.19,0.866,93.76,4.18,0,10.5923729338107
18.10.2030 06:00,8.35,34.925,53.08,,100.6775,532.765,0.665,80.75,4.18,0,9.40958920059952
18.10.2030 07:00,8.54,30.858,53.08,,97.5925,882.795,0.249,111.86,4.18,0,3.06289044426679
18.10.2030 08:00,8.7,14.781,53.08,,87.22,986.28,64.099,79.4,18.0,0,0.260094933969747
18.10.2030 09:00,8.91,9.776,53.08,,69.6125,1126.6325000000002,43.277,69.0975,18.0,0,0.401997006322539
18.10.2030 10:00,8.91,9.776,53.08,,54.7775,1229.5475,179.858,43.8525,18.0,0,0.582582362411045
18.10.2030 11:00,8.91,9.776,53.08,,51.345,1038.8375,20.65,53.165,18.0,0,0.641558213614757
18.10.2030 12:00,8.91,9.777,53.08,,62.34,1045.0425,112.368,33.6075,30.97,0,0.205264230903894
18.10.2030 13:00,8.91,12.788,53.08,,76.975,1145.3875,10.393,78.33666666666666,30.97,0,0.102088671807481
18.10.2030 14:00,8.91,15.651,53.08,,86.43,1011.1425,0.001,82.19,30.97,0,0.126918990381919
18.10.2030 15:00,8.7,20.715,53.08,,108.0275,816.895,0.183,94.08666666666666,30.97,0,0.147809447062391
18.10.2030 16:00,8.54,36.392,53.08,,122.25,696.31,2.948,96.04333333333334,3.89,0,0.530812391906883
18.10.2030 17:00,8.4,39.717,53.08,,120.8225,845.6600000000001,34.872,95.315,3.89,0,0.774153573411205
18.10.2030 18:00,8.4,39.717,53.08,,94.8925,859.13,115.108,71.025,3.89,0,0.517139495708641
18.10.2030 19:00,8.4,39.718,53.08,,82.41,742.415,27.849,81.87,3.89,0,0.539815550268941
18.10.2030 20:00,8.4,39.718,53.08,,84.4725,734.135,4.104,87.9075,1.43,0,0.581175177273619
18.10.2030 21:00,8.4,30.858,53.08,,84.1875,648.8125,9.081,80.6525,1.43,0,0.597523693250832
18.10.2030 22:00,8.4,27.59,53.08,,77.2475,643.3425,9.23,72.8725,1.43,0,0.628833086994851
18.10.2030 23:00,8.35,27.59,53.08,,75.305,540.6275,0.5980000000000001,73.0675,1.43,0,0.680808988415357
19.10.2030 00:00,8.35,29.201,53.08,,69.3575,467.2225,0.655,79.005,4.2,0,0.712621446529722
19.10.2030 01:00,8.04,33.84,53.08,,70.515,495.8625,0.143,71.87,4.2,0,0.742524670583067
19.10.2030 02:00,8.04,33.84,53.08,,69.5975,381.4775,1.037,78.4525,4.2,0,0.724913167883489
19.10.2030 03:00,8.04,33.84,53.08,,67.1125,466.655,1.337,80.6325,4.2,0,0.686894837242467
19.10.2030 04:00,8.04,33.84,53.08,,74.2225,386.795,21.2,58.953333333333326,5.39,0,0.646947311240885
19.10.2030 05:00,8.04,33.841,53.08,,77.3225,407.3875,22.964,76.2275,5.39,0,0.613546616083362
19.10.2030 06:00,8.04,38.299,53.08,,79.72,649.98,0.0,79.06,5.39,0,0.573995956178503
19.10.2030 07:00,8.18,33.84,53.08,,75.3325,920.515,191.653,8.215,5.39,0,0.5192714488282
19.10.2030 08:00,8.27,15.651,53.08,,58.6325,1039.2925,164.985,12.7425,21.25,0,0.380585580055907
19.10.2030 09:00,8.39,14.295,53.08,,35.0725,1014.405,27.889000000000003,35.27,21.25,0,0.36863696493251
19.10.2030 10:00,8.39,14.294,53.08,,-5.695,1065.1675,75.675,17.3525,21.25,0,0.362923803370588
19.10.2030 11:00,8.39,14.294,53.08,,-16.0925,939.58,86.484,5.4775,21.25,0,0.471945119662436
19.10.2030 12:00,8.39,14.295,53.08,,-14.915,1130.0675,113.374,-3.2825,46.23,0,0.223345313186648
19.10.2030 13:00,8.39,14.295,53.08,,29.82,1331.875,213.84,1.585,46.23,0,0.162380581637146
19.10.2030 14:00,8.39,15.651,53.08,,75.9325,1230.41,112.219,13.515,46.23,0,0.197688183055878
19.10.2030 15:00,8.27,33.84,53.08,,108.7625,1054.84,102.48,-7.670000000000001,46.23,0,2.39213750613099
19.10.2030 16:00,8.18,85.519,53.08,,102.0825,965.18,182.93,23.39,6.41,0,28.4516436160352
19.10.2030 17:00,8.09,90.243,53.08,,79.39,933.9575,161.429,28.3975,6.41,0,29.0091585737858
19.10.2030 18:00,8.09,90.244,53.08,,62.995000000000005,739.4175,27.195,59.425,6.41,0,28.0430483829418
19.10.2030 19:00,8.09,90.245,53.08,,67.5025,628.3275,4.385,33.723333333333336,6.41,0,29.6784281581081
19.10.2030 20:00,8.09,90.243,53.08,,80.9025,551.6175000000001,1.511,60.086666666666666,7.61,0,31.3062163403546
19.10.2030 21:00,8.09,85.521,53.08,,71.27499999999999,509.5275,97.551,25.4575,7.61,0,33.2697105781137
19.10.2030 22:00,8.09,82.741,53.08,,74.21000000000001,445.8975,32.643,45.3925,7.61,0,35.9929441450722
19.10.2030 23:00,8.04,79.745,53.08,,78.4025,483.0225,5.232,53.7825,7.61,0,36.7890548004022
20.10.2030 00:00,8.04,79.745,53.08,,74.8725,484.515,174.308,12.335,36.54,0,37.7170145787225
20.10.2030 01:00,8.36,81.839,53.08,,76.74000000000001,489.5475,0.8039999999999999,38.915,36.54,0,38.4587239833751
20.10.2030 02:00,8.36,81.84,53.08,,77.895,502.065,1.313,81.72,36.54,0,39.5210761498285
20.10.2030 03:00,8.36,82.991,53.08,,83.575,487.0725,14.071,68.06,36.54,0,40.3279769055827
20.10.2030 04:00,8.36,83.304,53.08,,90.1325,651.7675,59.813,23.88,23.15,0,38.3872787485068
20.10.2030 05:00,8.36,91.607,53.08,,115.9225,664.2175,19.373,53.03666666666667,23.15,0,35.7182224726988
20.10.2030 06:00,8.36,92.625,53.08,,133.8775,685.51,4.976,51.11,23.15,0,30.9263130360343
20.10.2030 07:00,8.55,91.804,53.08,,117.195,1094.9675,0.0,,23.15,0,30.3114765606662
20.10.2030 08:00,8.71,77.059,53.08,,108.0425,1139.135,0.0,,173.85,0,12.723130335297
20.10.2030 09:00,8.91,19.086,53.08,,94.1475,1278.78,79.58,56.620000000000005,173.85,0,2.28643498652601
20.10.2030 10:00,8.91,15.951,53.08,,83.385,1336.37,8.041,66.71000000000001,173.85,0,1.99282099664386
20.10.2030 11:00,8.91,15.951,53.08,,80.305,1146.2225,65.274,66.9875,173.85,1,1.93059378824191
20.10.2030 12:00,8.91,15.952,53.08,,79.785,1063.59,148.592,43.4675,181.0,1,2.04907975194676
20.10.2030 13:00,8.91,17.425,53.08,,88.6625,1057.76,57.628,41.60333333333333,181.0,1,2.2552547412233
20.10.2030 14:00,8.91,61.105,53.08,,111.2925,935.385,0.587,75.31,181.0,0,8.64958367472575
20.10.2030 15:00,8.71,84.7359989569316,53.08,,122.9075,956.0775,27.194,73.42,181.0,1,32.2744006668982
20.10.2030 16:00,8.55,119.118848385572,53.08,,113.1075,937.14,0.869,96.215,23.38,1,80.3079361607306
20.10.2030 17:00,8.4,133.209306147259,53.08,,98.7525,864.9024999999999,0.0,,23.38,1,83.988474620056
20.10.2030 18:00,8.4,132.160434614861,53.08,,93.5125,792.3275,0.033,85.17,23.38,1,85.1026877492485
20.10.2030 19:00,8.4,125.558873438502,53.08,,86.7575,778.755,19.304,66.0925,23.38,0,94.996083061005
20.10.2030 20:00,8.4,120.138152757008,53.08,,81.6275,749.7850000000001,70.37,23.903333333333336,8.72,0,89.0805661176563
20.10.2030 21:00,8.4,108.290325742414,53.08,,77.7,824.1275,5.629,59.5875,8.72,0,84.8765443589593
20.10.2030 22:00,8.4,100.613553382899,53.08,,76.725,850.9775,0.0579999999999999,114.71,8.72,0,72.1668526217005
20.10.2030 23:00,8.36,89.7221190761956,53.08,,73.8925,831.4100000000001,27.599,25.886666666666667,8.72,0,55.1776426294054
21.10.2030 00:00,8.36,70.5334312278664,53.08,,69.435,663.835,32.28,58.845,33.81,0,42.49206498813
21.10.2030 01:00,8.36,69.8565690870403,53.08,,62.495,555.36,26.717,34.4375,33.81,0,46.0389688429127
21.10.2030 02:00,8.36,66.564740394401,53.08,,59.2475,633.5975000000001,2.348,72.865,33.81,0,35.936049547975
21.10.2030 03:00,8.36,65.3681986846317,53.08,,68.48,762.745,0.3349999999999999,70.9825,33.81,0,31.0123442147003
21.10.2030 04:00,8.36,82.985,53.08,,83.17,735.2275,34.187,22.6225,40.0,0,30.0051569670019
21.10.2030 05:00,8.36,83.527,53.08,,91.895,751.8725,20.983,-26.86,40.0,0,30.6228529880188
21.10.2030 06:00,8.36,83.527,53.08,,98.5675,865.25,19.217,-18.035,40.0,0,30.3923896496757
21.10.2030 07:00,8.55,82.47,53.08,,98.8975,931.625,40.023,54.900000000000006,40.0,0,23.8107729363222
21.10.2030 08:00,8.71,64.645,53.08,,87.985,1306.51,197.091,-18.005000000000003,102.5,0,11.7428053271654
21.10.2030 09:00,8.91,22.407,53.08,,76.9025,1458.7375,10.583,,102.5,0,2.73493234088908
21.10.2030 10:00,8.91,22.407,53.08,,68.88,1548.74,4.207,51.36000000000001,102.5,0,2.48591983463494
21.10.2030 11:00,8.91,22.407,53.08,,69.0525,1280.5925,16.223,47.43666666666667,102.5,1,2.43690003806423
21.10.2030 12:00,8.91,22.407,53.08,,66.0475,1275.8025,132.587,5.9525,123.22,1,2.53277910260133
21.10.2030 13:00,8.91,22.988,53.08,,82.4925,1601.385,153.406,-5.2475,123.22,1,2.83264676132591
21.10.2030 14:00,8.91,63.119,53.08,,82.2775,1446.1125,219.734,-62.695,123.22,0,11.3260249862109
21.10.2030 15:00,8.71,89.182,53.08,,102.22,1113.0925,40.515,17.08,123.22,1,40.2341991833142
21.10.2030 16:00,8.55,121.952561647331,53.08,,118.1175,973.6175,0.042,96.98,13.66,1,122.772430417773
21.10.2030 17:00,8.4,131.095513239823,53.08,,122.825,998.56,0.0,,13.66,1,114.127947208639
21.10.2030 18:00,8.4,130.321796504596,53.08,,109.365,835.6475,44.078,95.4125,13.66,1,119.068824254603
21.10.2030 19:00,8.4,126.993113856882,53.08,,93.2325,827.41,2.177,91.12,13.66,0,131.222923725357
21.10.2030 20:00,8.4,121.995412990791,53.08,,92.5725,704.0025,10.097,85.8575,5.91,0,146.604701221506
21.10.2030 21:00,8.4,113.152811394614,53.08,,82.555,589.5799999999999,10.16,70.6075,5.91,0,145.059836484277
21.10.2030 22:00,8.4,106.417663084125,53.08,,82.66499999999999,502.1425,0.562,92.965,5.91,0,138.813761619752
21.10.2030 23:00,8.36,98.6773272331053,53.08,,86.12,450.515,0.0,123.39,5.91,0,124.290513330593
22.10.2030 00:00,8.36,94.9960459776664,53.08,,87.57499999999999,521.4975,0.6609999999999999,96.44,23.77,0,98.4157857913791
22.10.2030 01:00,8.36,93.5380296755975,53.08,,88.0725,494.4425,0.011,116.72,23.77,0,103.334154141038
22.10.2030 02:00,8.36,92.8499343164494,53.08,,90.005,520.0600000000001,0.0,,23.77,0,104.660956581243
22.10.2030 03:00,8.36,91.6337770346006,53.08,,99.07,773.255,14.235,85.18666666666667,23.77,0,98.5135546465775
22.10.2030 04:00,8.36,91.3140183022036,53.08,,113.46,938.3075,41.446,64.03,20.42,0,92.1320716156746
22.10.2030 05:00,8.36,91.3861098946262,53.08,,137.1125,905.1375,10.094,79.005,20.42,0,87.6739162693723
22.10.2030 06:00,8.36,91.6211720609223,53.08,,141.79,962.4975,0.03,113.3,20.42,0,91.8894811833521
22.10.2030 07:00,8.55,87.9984418557817,53.08,,128.1775,1224.0875,19.588,104.12,20.42,0,51.8061931262369
22.10.2030 08:00,8.71,76.505,53.08,,105.975,1051.5225,14.251,100.19,44.51,0,16.8924247146726
22.10.2030 09:00,8.91,55.374,53.08,,96.245,919.7975,0.065,89.84,44.51,0,11.1575033301226
22.10.2030 10:00,8.91,53.992,53.08,,87.625,1032.205,0.043,104.17,44.51,0,9.21097750472437
22.10.2030 11:00,8.91,53.992,53.08,,83.07,1001.4225,57.546,80.9475,44.51,1,8.17538682024104
22.10.2030 12:00,8.91,53.992,53.08,,84.1075,1142.31,66.374,76.58,53.06,1,8.22273357843136
22.10.2030 13:00,8.91,53.993,53.08,,105.8075,1031.8175,0.143,100.26,53.06,1,8.5229978250728
22.10.2030 14:00,8.91,57.118,53.08,,140.89,970.39,0.002,150.27,53.06,0,11.1278755582117
22.10.2030 15:00,8.71,76.031,53.08,,224.495,1421.545,0.646,141.71,53.06,1,16.2483152261334
22.10.2030 16:00,8.55,92.1277598247911,53.08,,368.8125,1224.43,25.37,80.28,6.54,1,51.3359752582067
22.10.2030 17:00,8.4,102.055136949482,53.08,,348.945,1222.415,0.0,,6.54,1,60.1587466577817
22.10.2030 18:00,8.4,101.696950851951,53.08,,194.2325,1309.8075,1.7879999999999998,165.9,6.54,1,60.6201599198096
22.10.2030 19:00,8.4,101.577364638572,53.08,,119.475,1011.3125,16.663,104.9575,6.54,0,61.1531589671991
22.10.2030 20:00,8.4,101.461233085951,53.08,,98.9125,755.3325,0.218,105.68333333333334,4.03,0,61.3931820342162
22.10.2030 21:00,8.4,97.2993903405507,53.08,,91.0025,676.7675,5.69,93.7525,4.03,0,62.8196164659911
22.10.2030 22:00,8.4,90.6343422612716,53.08,,109.2675,900.935,3.996,96.26333333333334,4.03,0,60.9286307236584
22.10.2030 23:00,8.36,87.9087425221,53.08,,96.4475,851.8975,47.989,89.7675,4.03,0,51.9633153801933
23.10.2030 00:00,8.36,85.167668582937,53.08,,89.3275,673.6800000000001,75.224,71.06,14.2,0,52.4796295878819
23.10.2030 01:00,8.36,80.1928869408065,53.08,,72.4825,819.855,158.295,70.6125,14.2,0,66.3210034148811
23.10.2030 02:00,8.36,80.3911640133215,53.08,,68.43,608.81,0.108,107.55,14.2,0,64.3534881471585
23.10.2030 03:00,8.36,85.1195429195695,53.08,,64.75,640.7025,57.824,97.3225,14.2,0,64.2183398171323
23.10.2030 04:00,8.36,95.104,53.08,,72.3125,632.03,200.893,56.695,18.2,0,78.6679738048562
23.10.2030 05:00,8.36,103.732233606495,53.08,,92.485,686.6475,39.126000000000005,83.44,18.2,0,86.6737244046027
23.10.2030 06:00,8.36,108.489772652906,53.08,,94.0975,691.7025,225.543,67.2175,18.2,0,76.7537557426082
23.10.2030 07:00,8.55,108.557938793585,53.08,,86.9725,852.21,28.242,96.83,18.2,0,75.774441246638
23.10.2030 08:00,8.71,102.978101052865,53.08,,89.22749999999999,1117.305,26.406,85.5,78.58,0,70.8617686908881
23.10.2030 09:00,8.91,91.0709116957079,53.08,,90.71,1462.8975,33.48,133.755,78.58,0,53.1817571395221
23.10.2030 10:00,8.91,82.0748026977383,53.08,,81.7375,1437.3225,3.487,2.34,78.58,0,47.7094484543739
23.10.2030 11:00,8.91,78.3368357372152,53.08,,78.43,1420.9325,26.468,21.81,78.58,1,43.6691201819184
23.10.2030 12:00,8.91,79.2667990169064,53.08,,71.5475,1479.8575,11.639,20.22,84.0,1,43.9122927936123
23.10.2030 13:00,8.91,80.2307876864575,53.08,,62.105,1367.22,109.129,-49.05333333333334,84.0,1,46.1559444651359
23.10.2030 14:00,8.91,94.465,53.08,,64.495,1288.25,50.04,47.5625,84.0,0,60.2660534580069
23.10.2030 15:00,8.71,102.635,53.08,,77.965,1334.065,15.479,23.39,84.0,1,87.6326894475366
23.10.2030 16:00,8.55,148.103696817234,53.08,,75.47999999999999,1056.0725,1.69,65.45,27.73,1,124.123276800493
23.10.2030 17:00,8.4,159.045606476582,53.08,,72.19749999999999,1085.355,1.772,100.05333333333334,27.73,1,109.022194540896
23.10.2030 18:00,8.4,156.436874308631,53.08,,63.99,1123.025,0.377,111.64,27.73,1,110.027247383647
23.10.2030 19:00,8.4,153.226483478607,53.08,,50.21,1184.6225,77.477,-36.09,27.73,0,116.504102759132
23.10.2030 20:00,8.4,147.255982365144,53.08,,40.59,1054.485,11.217,20.3475,24.1,0,128.265021447829
23.10.2030 21:00,8.4,114.174292606859,53.08,,14.9875,989.035,3.358,23.43,24.1,0,135.606959846773
23.10.2030 22:00,8.4,106.294258963115,53.08,,-1.1775000000000002,910.28,3.122,29.41,24.1,0,142.15005371684
23.10.2030 23:00,8.36,104.432536987825,53.08,,-1.5,599.6475,84.964,-59.715,24.1,0,148.449185322214
24.10.2030 00:00,8.36,102.69434675427,53.08,,-1.78,497.16,34.458,-1.0724999999999998,20.81,0,143.408509603002
24.10.2030 01:00,8.36,95.2812170229479,53.08,,-3.1725000000000003,524.09,81.947,-32.9575,20.81,0,144.620501010288
24.10.2030 02:00,8.36,96.3454323268749,53.08,,-4.9275,594.4175,95.079,-35.6825,20.81,0,141.013714406444
24.10.2030 03:00,8.36,98.2957557465055,53.08,,-3.825,621.8025,61.96,-9.1075,20.81,0,137.501506691041
24.10.2030 04:00,8.36,99.8850322998045,53.08,,5.775,932.5475,63.068,-15.824999999999998,18.0,0,136.235286820544
24.10.2030 05:00,8.36,105.206763306188,53.08,,27.19,1126.005,332.071,-1687.375,18.0,0,141.120081387046
24.10.2030 06:00,8.36,116.277531000791,53.08,,28.655,1298.3525,115.53,-102.105,18.0,0,135.303296313417
24.10.2030 07:00,8.55,117.144318980709,53.08,,17.8675,1096.2625,8.574,63.5325,18.0,0,126.480627699674
24.10.2030 08:00,8.71,106.711870977483,53.08,,6.085,1015.155,76.058,31.1575,43.45,0,113.552008826616
24.10.2030 09:00,8.91,102.713179054598,53.08,,1.7674999999999998,781.6424999999999,226.659,-9.9975,43.45,0,100.398634779306
24.10.2030 10:00,8.91,102.240338270392,53.08,,-4.6275,815.05,223.594,-18.6275,43.45,0,92.8592517322084
24.10.2030 11:00,8.91,93.3244605359025,53.08,,-8.9375,967.9725,306.388,-122.0025,43.45,1,83.7418503427082
24.10.2030 12:00,8.91,92.6551761820772,53.08,,-9.7825,854.5425,422.286,-169.155,70.82,1,80.981928710659
24.10.2030 13:00,8.91,94.0734182941907,53.08,,-10.1525,845.4725,316.996,-88.095,70.82,1,79.711669140491
24.10.2030 14:00,8.91,94.5669355957504,53.08,,-4.6675,792.16,181.615,-33.7475,70.82,0,86.1321751516735
24.10.2030 15:00,8.71,103.854,53.08,,9.765,866.8025,92.594,0.3799999999999999,70.82,1,111.487204856158
24.10.2030 16:00,8.55,122.149250185949,53.08,,47.495,1091.9775,69.001,15.2325,21.55,1,125.088716080839
24.10.2030 17:00,8.4,126.852576973562,53.08,,43.5575,1099.61,121.345,-0.3550000000000022,21.55,1,114.093601088307
24.10.2030 18:00,8.4,127.721653691995,53.08,,13.8425,913.3675,72.143,19.3725,21.55,1,109.887002568421
24.10.2030 19:00,8.4,122.010435002338,53.08,,1.3025000000000002,839.7225,148.441,-26.4325,21.55,0,132.141180476981
24.10.2030 20:00,8.4,120.902739310617,53.08,,1.0475,645.9975,106.71,-9.237499999999995,17.18,0,139.577664562372
24.10.2030 21:00,8.4,109.64993506324,53.08,,-1.965,558.74,103.437,-8.344999999999999,17.18,0,152.887744477103
24.10.2030 22:00,8.4,105.358552215354,53.08,,1.025,509.895,108.294,-5.734999999999999,17.18,0,171.769013861672
24.10.2030 23:00,8.36,100.012358218754,53.08,,2.54,582.69,31.479,-51.8875,17.18,0,183.676318411917
25.10.2030 00:00,8.36,98.6643096879734,53.08,,3.775,547.6800000000001,3.3790000000000004,32.63,16.3,0,186.767692904143
25.10.2030 01:00,8.35,88.2806071168992,53.08,,3.37,547.8975,18.495,19.08,16.3,0,190.276274188397
25.10.2030 02:00,8.35,87.9493860456767,53.08,,0.1075,474.8575,60.979,-7.052500000000001,16.3,0,192.77186542599
25.10.2030 03:00,8.35,91.7762354225479,53.08,,0.25,481.2525,56.608,12.404999999999998,16.3,0,191.273211620655
25.10.2030 04:00,8.35,94.8638714474552,53.08,,0.7925,558.5675,22.472,19.3975,17.05,0,184.469155527526
25.10.2030 05:00,8.35,107.74722327609,53.08,,0.59,562.1225,102.172,-81.46,17.05,0,181.282109621267
25.10.2030 06:00,8.35,126.384994394391,53.08,,1.3225,559.9475,13.835,-0.6975000000000002,17.05,0,166.441816873212
25.10.2030 07:00,8.54,129.283556148313,53.08,,1.28,565.2475,0.386,29.6675,17.05,0,153.840061006993
25.10.2030 08:00,8.7,111.261255752427,53.08,,1.3825,641.1525,37.399,-36.0325,37.28,0,147.396095405378
25.10.2030 09:00,8.91,102.186385600232,53.08,,-1.2175,718.065,67.84,-28.845,37.28,0,126.789496157209
25.10.2030 10:00,8.91,99.5122503396303,53.08,,-1.15,755.6225,7.229,4.175,37.28,0,113.714040552122
25.10.2030 11:00,8.91,91.8722069224865,53.08,,0.7224999999999999,807.085,0.129,30.33,37.28,0,100.518868310442
25.10.2030 12:00,8.91,84.5342345138746,53.08,,6.3575,1002.5475,1.811,44.8825,57.4,0,96.5823333600018
25.10.2030 13:00,8.91,84.6056718381191,53.08,,3.4425,771.0,16.94,1.6500000000000008,57.4,0,95.2926800804278
25.10.2030 14:00,8.91,90.4691324647997,53.08,,3.56,784.9425,12.689,0.5750000000000002,57.4,0,106.750009117468
25.10.2030 15:00,8.7,105.534714658358,53.08,,18.975,1033.5475,46.441,-35.8125,57.4,0,133.391031533144
25.10.2030 16:00,8.54,131.627621827433,53.08,,44.2025,968.0,34.962,4.465000000000002,17.19,0,153.91969597521
25.10.2030 17:00,8.4,138.116531110982,53.08,,85.3025,1203.48,1.839,73.55499999999999,17.19,0,142.596056603336
25.10.2030 18:00,8.4,139.314941988597,53.08,,58.235,1251.7325,3.1790000000000003,58.0425,17.19,0,138.030526701796
25.10.2030 19:00,8.4,129.796223173689,53.08,,30.3425,982.565,9.971,57.575,17.19,0,163.881970990729
25.10.2030 20:00,8.4,119.991692803299,53.08,,47.5175,1188.035,5.33,29.5425,12.66,0,163.436866655918
25.10.2030 21:00,8.4,105.674,53.08,,38.9725,1019.0275,15.754,-1.1275,12.66,0,171.591908600848
25.10.2030 22:00,8.4,103.446,53.08,,18.425,701.2025,9.665,5.195,12.66,0,169.50187144533
25.10.2030 23:00,8.35,101.487,53.08,,24.7975,762.8275,32.992999999999995,-0.7875000000000014,12.66,0,146.11835507214
26.10.2030 00:00,8.35,100.372,53.08,,18.3,730.215,48.748,-34.836666666666666,15.82,0,148.15776962017
26.10.2030 01:00,8.04,95.449,53.08,,5.6025,816.96,104.753,-16.49,15.82,0,137.010382120421
26.10.2030 02:00,8.04,91.8,53.08,,-2.64,624.03,365.086,120.89666666666666,15.82,0,118.985352809109
26.10.2030 03:00,8.04,91.8,53.08,,-2.315,536.8525,41.947,-2.7575000000000003,15.82,0,110.655710674587
26.10.2030 04:00,8.04,92.891,53.08,,-0.4975,461.045,76.402,-11.695,15.82,0,108.625472216165
26.10.2030 05:00,8.04,97.242,53.08,,1.5949999999999998,528.1175000000001,72.459,7.606666666666666,16.24,0,104.571170532057
26.10.2030 06:00,8.04,101.776,53.08,,2.01,563.925,41.281,28.2425,16.24,0,100.38124084911
26.10.2030 07:00,8.18,100.161,53.08,,6.7975,887.755,0.0,,16.24,0,92.7033206988594
26.10.2030 08:00,8.27,94.71,53.08,,5.2425,919.085,60.652,-49.67,16.24,0,74.3199708121632
26.10.2030 09:00,8.39,88.0,53.08,,0.7050000000000001,720.0025,88.82900000000001,-64.35,34.44,0,49.5033995985236
26.10.2030 10:00,8.39,82.36,53.08,,-0.7325,642.94,114.206,-68.5175,34.44,0,36.1090228356798
26.10.2030 11:00,8.39,71.8208561286622,53.08,,-0.9375,494.8475,58.86,-35.17,34.44,0,30.8788609015831
26.10.2030 12:00,8.39,64.6102295758479,53.08,,-2.455,613.1575,174.589,-30.9925,34.44,0,28.4417530553163
26.10.2030 13:00,8.39,62.0997680426644,53.08,,-2.035,600.9225,38.179,1.6475000000000002,53.79,0,27.4286013798602
26.10.2030 14:00,8.39,68.764995120566,53.08,,1.375,680.735,0.001,85.59,53.79,0,28.9863275844228
26.10.2030 15:00,8.27,78.8369638532442,53.08,,12.8275,1039.56,45.318,0.7224999999999999,53.79,0,32.6897682773698
26.10.2030 16:00,8.18,89.5393437264018,53.08,,39.075,1288.1375,16.203,-2.1966666666666668,53.79,0,43.807965774686
26.10.2030 17:00,8.09,90.444,53.08,,44.83,1177.135,41.999,40.335,17.37,0,45.9615743125189
26.10.2030 18:00,8.09,89.8,53.08,,37.1275,1032.8175,100.826,25.4875,17.37,0,45.4585097327812
26.10.2030 19:00,8.09,85.1875078074457,53.08,,13.26,1141.51,242.732,-27.575,17.37,0,39.6983872751664
26.10.2030 20:00,8.09,82.7189752108658,53.08,,2.77,926.915,148.656,-21.83,17.37,0,39.7698321011357
26.10.2030 21:00,8.09,81.7103197461847,53.08,,3.57,684.0725,41.96,-8.0525,13.39,0,40.0786824153858
26.10.2030 22:00,8.09,79.6065005836967,53.08,,-0.6699999999999999,823.885,143.31799999999998,-69.0325,13.39,0,39.7977157412719
26.10.2030 23:00,8.04,79.1631447477293,53.08,,-5.0575,775.4225,47.959,-26.4075,13.39,0,40.5028293889727
27.10.2030 00:00,8.04,79.118641886599,53.08,,-5.6825,669.0649999999999,8.873000000000001,21.735,13.39,0,41.6860198640365
27.10.2030 01:00,8.36,57.8777101660687,53.08,,-7.4875,585.63,0.0,83.31,28.0,0,44.5692100285745
27.10.2030 02:00,8.36,69.0838439268454,53.08,,-8.145,729.065,22.983,0.2750000000000003,28.0,0,53.9705735339095
27.10.2030 02:00,8.36,69.0838439268454,53.08,,-6.9675,718.2175,6.311,12.7175,28.0,0,53.9705735339095
27.10.2030 03:00,8.36,71.7059256628695,53.08,,-2.215,760.31,10.779,17.0925,28.0,0,55.197152930491
27.10.2030 04:00,8.36,83.752,53.08,,30.25,1096.3275,1.405,55.1275,28.31,0,69.1791615440954
27.10.2030 05:00,8.36,90.754,53.08,,70.295,1079.79,7.332,24.71,28.31,0,72.0386486798979
27.10.2030 06:00,8.55,90.755,53.08,,86.995,1150.4675,0.434,84.78333333333333,28.31,0,72.7631795463172
27.10.2030 07:00,8.71,81.829,53.08,,95.09,1208.9025,0.004,103.66,28.31,0,54.4710985867919
27.10.2030 08:00,8.91,71.1285794276368,53.08,,86.7425,1143.0,19.34,54.185,28.02,0,43.4547580817592
27.10.2030 09:00,8.91,67.0216552696417,53.08,,83.535,974.0275,26.051,58.57666666666666,28.02,0,40.1463287630139
27.10.2030 10:00,8.91,60.952130097544,53.08,,68.1325,1013.1575,53.393,12.676666666666668,28.02,0,38.9333572099907
27.10.2030 11:00,8.91,63.3144061005889,53.08,,62.15,1151.6775,5.762,43.81,28.02,1,41.6134945363289
27.10.2030 12:00,8.91,70.8908957712552,53.08,,69.525,1121.4675,0.0,,44.02,1,46.0285250445155
27.10.2030 13:00,8.91,108.542642941244,53.08,,78.6525,1155.3674999999998,0.153,119.82,44.02,1,71.2328852972324
27.10.2030 14:00,8.71,150.264756132798,53.08,,89.075,1223.995,33.115,108.9,44.02,0,93.9053335041444
27.10.2030 15:00,8.55,494.932494944348,53.08,,107.3325,1027.7325,2.377,35.38,44.02,1,97.9445511888087
27.10.2030 16:00,8.4,464.894705965136,53.08,,105.835,1038.6725,1.046,44.63,12.11,1,89.6545026138304
27.10.2030 17:00,8.4,459.013343020413,53.08,,94.22,1212.0475,107.438,33.625,12.11,1,95.9964470572397
27.10.2030 18:00,8.4,437.917517032494,53.08,,67.275,1197.2675,182.378,28.0975,12.11,1,100.758475657888
27.10.2030 19:00,8.4,124.995882088894,53.08,,44.8,1154.1675,57.666,25.46,12.11,0,102.140862413988
27.10.2030 20:00,8.4,104.923,53.08,,41.2125,1230.61,199.17,-48.295,10.01,0,100.147784177036
27.10.2030 21:00,8.4,106.061,53.08,,31.6275,1091.135,74.881,-23.5925,10.01,0,74.397251329212
27.10.2030 22:00,8.36,83.721,53.08,,20.685,974.05,69.608,-9.607500000000002,10.01,0,65.6301640221553
27.10.2030 23:00,8.36,78.591,53.08,,10.48,763.9575,57.0,-0.7724999999999999,10.01,0,64.1794311676857
28.10.2030 00:00,8.36,72.242,53.08,,1.8825,715.485,24.308,17.7725,48.3,0,58.3000879612647
28.10.2030 01:00,8.36,68.72,53.08,,-1.1925,659.6525,1.832,49.965,48.3,0,49.3212636267008
28.10.2030 02:00,8.36,66.504,53.08,,-0.6475,752.095,1.477,43.625,48.3,0,47.2556054217062
28.10.2030 03:00,8.36,66.053,53.08,,16.4,915.455,5.745,37.05,48.3,0,44.855392258999
28.10.2030 04:00,8.36,66.142,53.08,,60.785,950.905,5.642,41.4375,47.15,0,44.4869521129256
28.10.2030 05:00,8.36,67.63,53.08,,79.2175,1034.975,3.388,0.18,47.15,0,42.7432391447938
28.10.2030 06:00,8.55,68.72,53.08,,71.685,1251.525,69.173,25.816666666666663,47.15,0,40.2616102774666
28.10.2030 07:00,8.71,63.785,53.08,,60.615,1466.8525,60.106,58.9275,47.15,0,31.0278249968826
28.10.2030 08:00,8.91,25.975,53.08,,52.46,1467.215,76.267,44.465,25.0,0,14.8064568121253
28.10.2030 09:00,8.91,24.647,53.08,,45.325,1515.71,16.89,58.4,25.0,0,13.0914464122203
28.10.2030 10:00,8.91,24.647,53.08,,30.465,1309.4125,130.701,16.1025,25.0,0,12.3473388545642
28.10.2030 11:00,8.91,24.647,53.08,,17.052500000000002,1202.23,39.479,11.0425,25.0,1,11.4072974857055
28.10.2030 12:00,8.91,24.647,53.08,,31.5675,1320.4,0.023,,42.98,1,11.5052460913026
28.10.2030 13:00,8.91,24.892,53.08,,54.8,1264.1075,7.704,74.04,42.98,1,11.7406362848419
28.10.2030 14:00,8.71,62.667,53.08,,77.6525,1361.4975,6.408,50.63,42.98,0,29.8806981600317
28.10.2030 15:00,8.55,73.524,53.08,,89.07,1379.1325,206.246,12.1225,42.98,1,46.825245727315
28.10.2030 16:00,8.4,73.674,53.08,,87.5125,1438.0025,0.728,133.73333333333335,10.82,1,47.3392573855737
28.10.2030 17:00,8.4,73.675,53.08,,88.465,1117.835,3.491,127.1725,10.82,1,49.0578645152697
28.10.2030 18:00,8.4,73.676,53.08,,74.6425,972.3725,26.827,62.695,10.82,1,53.9875186263073
28.10.2030 19:00,8.4,73.245,53.08,,64.87,964.5775,60.627,39.1025,10.82,0,60.5349618570656
28.10.2030 20:00,8.4,72.812,53.08,,71.3825,867.8525,78.929,31.09,9.22,0,63.3557186449908
28.10.2030 21:00,8.4,69.358,53.08,,60.6675,883.3025,146.146,-7.3125,9.22,0,66.4025957182641
28.10.2030 22:00,8.36,68.72,53.08,,59.9975,761.0275,10.535,67.76,9.22,0,69.893751079177
28.10.2030 23:00,8.36,68.439,53.08,,45.1625,719.915,0.55,82.12,9.22,0,75.3200361088187
29.10.2030 00:00,8.36,69.738,53.08,,41.665,930.305,86.61500000000001,31.35,21.61,0,75.6193978682709
29.10.2030 01:00,8.36,69.341,53.08,,38.88,921.7325,42.553,44.6375,21.61,0,77.27891302899
29.10.2030 02:00,8.36,69.341,53.08,,38.2075,962.28,0.009,55.37,21.61,0,78.9877729808216
29.10.2030 03:00,8.36,69.738,53.08,,52.82,876.865,6.209,41.0175,21.61,0,82.8799944177769
29.10.2030 04:00,8.36,69.738,53.08,,82.53,794.4300000000001,10.863,57.375,19.56,0,87.1983794972702
29.10.2030 05:00,8.36,70.801,53.08,,90.87,995.215,43.607,47.23333333333333,19.56,0,85.0486809245967
29.10.2030 06:00,8.55,73.446,53.08,,84.07,1257.45,33.652,80.195,19.56,0,80.3924569152198
29.10.2030 07:00,8.71,66.83,53.08,,74.7775,1210.8425,40.115,73.7575,19.56,0,55.5403451775333
29.10.2030 08:00,8.91,54.346,53.08,,63.1825,1221.0725,73.182,47.555,20.52,0,21.8767313253635
29.10.2030 09:00,8.91,54.345,53.08,,61.005,1140.7175,5.482,68.12,20.52,0,18.8381014295803
29.10.2030 10:00,8.91,54.345,53.08,,67.3275,1312.0075,0.0,,20.52,0,17.5271084550237
29.10.2030 11:00,8.91,54.345,53.08,,81.1175,1465.315,0.091,102.53666666666668,20.52,1,17.9938428671846
29.10.2030 12:00,8.91,54.345,53.08,,98.045,1470.1325000000002,36.15,61.2,33.93,1,18.6315118806387
29.10.2030 13:00,8.91,54.346,53.08,,115.6425,1291.9775,38.326,70.4975,33.93,1,21.3267614721402
29.10.2030 14:00,8.71,60.504,53.08,,145.37,1306.995,0.017,118.15,33.93,0,50.3582314450932
29.10.2030 15:00,8.55,78.591,53.08,,183.88,1519.4125,112.444,69.1375,33.93,1,67.2740198331868
29.10.2030 16:00,8.4,78.591,53.08,,143.72,1555.08,0.0409999999999999,132.07,8.28,1,66.3139440746494
29.10.2030 17:00,8.4,78.592,53.08,,104.4875,1256.99,10.817,94.80666666666669,8.28,1,65.3672069191821
29.10.2030 18:00,8.4,78.593,53.08,,99.9625,1362.19,0.0,158.93,8.28,1,67.7377923456549
29.10.2030 19:00,8.4,78.592,53.08,,90.2075,1081.56,29.367,74.555,8.28,0,67.6508757206298
29.10.2030 20:00,8.4,73.486,53.08,,87.365,891.9925000000001,3.391,96.3225,6.88,0,65.498372309286
29.10.2030 21:00,8.4,68.205,53.08,,83.1775,892.815,4.212,87.1375,6.88,0,66.2411304187344
29.10.2030 22:00,8.36,66.83,53.08,,80.3375,911.775,407.609,27.3325,6.88,0,59.4708352955569
29.10.2030 23:00,8.36,61.799,53.08,,75.46000000000001,788.9325,11.727,68.2,6.88,0,59.1147758959813
30.10.2030 00:00,8.36,66.252,53.08,,72.765,795.0475,6.720000000000001,58.67333333333334,16.0,0,57.0794139570841
30.10.2030 01:00,8.36,66.089,53.08,,61.4475,934.5775,112.003,51.825,16.0,0,54.7928656950908
30.10.2030 02:00,8.36,66.089,53.08,,48.7525,863.105,58.216,51.095,16.0,0,52.6108886572535
30.10.2030 03:00,8.36,66.09,53.08,,57.385,1085.5725,229.56,34.8675,16.0,0,51.1810712080729
30.10.2030 04:00,8.36,66.09,53.08,,62.835,1021.06,262.289,32.1475,16.86,0,49.8686681433355
30.10.2030 05:00,8.36,69.366,53.08,,60.9525,957.5775,353.55,-879.4675,16.86,0,51.5576461181963
30.10.2030 06:00,8.55,74.798,53.08,,50.4725,1247.8275,195.587,40.6725,16.86,0,45.4783867357357
30.10.2030 07:00,8.71,70.743,53.08,,46.0575,1800.3225,52.252,5.34,16.86,0,35.3552654457085
30.10.2030 08:00,8.91,65.473,53.08,,17.44,1554.745,292.89300000000003,-92.815,61.0,0,27.997248610841
30.10.2030 09:00,8.91,65.473,53.08,,-0.3449999999999997,1120.755,184.035,-54.6075,61.0,0,26.1009089503273
30.10.2030 10:00,8.91,65.473,53.08,,-10.3525,1234.53,643.8109999999999,-197.625,61.0,0,26.0478431793827
30.10.2030 11:00,8.91,65.473,53.08,,-8.1775,877.1324999999999,238.975,-61.8,61.0,1,26.8319212249844
30.10.2030 12:00,8.91,65.474,53.08,,15.285,1171.11,14.603,30.2475,54.55,1,28.4158507628007
30.10.2030 13:00,8.91,72.143,53.08,,80.975,1479.7825,53.254,7.81,54.55,1,37.5556897008357
30.10.2030 14:00,8.71,78.592,53.08,,109.445,1441.095,42.333,,54.55,0,45.6701770624893
30.10.2030 15:00,8.55,87.655,53.08,,114.6575,1840.5975,76.392,76.28,54.55,1,49.986552673597
30.10.2030 16:00,8.4,88.936,53.08,,112.9425,1510.3475,14.118,87.09333333333332,6.37,1,47.5064840127468
30.10.2030 17:00,8.4,88.937,53.08,,103.0925,1106.8375,7.275,94.63666666666668,6.37,1,46.3265626179901
30.10.2030 18:00,8.4,88.938,53.08,,92.3775,858.685,1.52,104.655,6.37,1,48.5745245144122
30.10.2030 19:00,8.4,88.939,53.08,,96.4075,759.56,0.0,,6.37,0,50.302497969124
30.10.2030 20:00,8.4,81.472,53.08,,101.795,678.38,0.5469999999999999,87.14750000000001,5.3,0,48.6067682016353
30.10.2030 21:00,8.4,78.598,53.08,,94.2425,578.9075,18.954,70.24,5.3,0,49.6307672613212
30.10.2030 22:00,8.36,78.592,53.08,,85.89,504.73,3.107,79.19333333333333,5.3,0,52.4147640342917
30.10.2030 23:00,8.36,78.592,53.08,,82.3225,433.78,1.853,75.88666666666667,5.3,0,55.5421648439234
31.10.2030 00:00,8.36,78.583,53.08,,80.4925,482.23,21.747,40.14,11.11,0,57.582388589855
31.10.2030 01:00,8.36,78.584,53.08,,83.5275,551.955,5.649,91.145,11.11,0,62.494132795278
31.10.2030 02:00,8.36,78.585,53.08,,92.8275,609.2025,0.0,82.215,11.11,0,65.56728937649
31.10.2030 03:00,8.36,78.586,53.08,,100.9675,578.6225,1.662,80.58333333333333,11.11,0,65.440660158592
31.10.2030 04:00,8.36,78.592,53.08,,114.2,979.8225,0.895,92.965,10.95,0,67.8486718329959
31.10.2030 05:00,8.36,85.9057493884801,53.08,,122.275,1090.49,9.834,90.12,10.95,0,67.7831320589645
31.10.2030 06:00,8.55,93.8627707604834,53.08,,109.7975,1174.075,2.022,108.36333333333334,10.95,0,66.7652438351684
31.10.2030 07:00,8.71,91.5949661700053,53.08,,90.885,987.9225,22.128,84.62666666666667,10.95,0,60.2071169553649
31.10.2030 08:00,8.91,81.3359248545976,53.08,,94.6425,997.09,0.063,96.085,24.84,0,56.6037731491447
31.10.2030 09:00,8.91,78.592,53.08,,88.2,1053.2175,10.378,81.88,24.84,0,53.5178595193271
31.10.2030 10:00,8.91,62.1813843986893,53.08,,91.1875,1247.7625,3.2880000000000003,93.77333333333333,24.84,0,50.0313806503035
31.10.2030 11:00,8.91,78.312,53.08,,94.8725,1199.8375,17.063,94.50333333333332,24.84,1,50.8401217378102
31.10.2030 12:00,8.91,78.638,53.08,,109.28,1378.0075000000002,96.106,72.31,31.58,1,53.4987650703645
31.10.2030 13:00,8.91,85.3009461211748,53.08,,121.5975,1069.5725,0.181,104.585,31.58,1,61.1016906713668
31.10.2030 14:00,8.71,108.668973229036,53.08,,124.04,931.585,14.146999999999998,93.425,31.58,0,83.725421673392
31.10.2030 15:00,8.55,194.85227986417,53.08,,116.38,732.6225,72.973,84.26750000000001,31.58,1,98.7792359109111
31.10.2030 16:00,8.4,201.350471585545,53.08,,116.7625,1008.43,0.097,97.65,5.76,1,94.1558578612005
31.10.2030 17:00,8.4,193.28581347155,53.08,,101.26,819.28,401.143,53.005,5.76,1,98.1478845919733
31.10.2030 18:00,8.4,188.997955883214,53.08,,85.265,856.35,196.236,51.3625,5.76,1,98.9999374625439
31.10.2030 19:00,8.4,132.430541817176,53.08,,75.685,853.1575,163.281,45.99,5.76,0,94.8517124824389
31.10.2030 20:00,8.4,100.762416420876,53.08,,69.83500000000001,838.995,320.806,15.8375,4.65,0,76.7207054398084
31.10.2030 21:00,8.4,85.302,53.08,,56.975,758.5625,61.698,18.2,4.65,0,53.8963571307014
31.10.2030 22:00,8.36,81.848,53.08,,48.16,712.7525,0.012,80.07499999999999,4.65,0,53.5376592955212
31.10.2030 23:00,8.36,78.592,53.08,,48.78,762.4100000000001,4.811,33.68,4.65,0,42.5223431519884
01.11.2030 00:00,8.06,69.379,53.08,,55.75,812.1675,0.0,86.34,12.58,0,44.3765846743632
01.11.2030 01:00,8.06,67.753,53.08,,69.2075,861.5475,1.01,78.6975,12.58,0,43.6919125910273
01.11.2030 02:00,8.06,66.302,53.08,,72.9125,842.2,0.017,86.28,12.58,0,43.8123770191519
01.11.2030 03:00,8.06,65.428,53.08,,60.3075,742.865,2.613,78.17333333333333,12.58,0,42.8341521648589
01.11.2030 04:00,8.06,65.076,53.08,,47.9175,795.73,4.992,34.035,14.13,0,42.1528330535909
01.11.2030 05:00,8.06,68.458,53.08,,47.265,902.8725,40.281000000000006,37.89,14.13,0,39.1268847040749
01.11.2030 06:00,8.19,68.348,53.08,,43.57,1089.26,70.47,32.08,14.13,0,36.0508635302361
01.11.2030 07:00,8.28,26.12,53.08,,28.5975,1098.6025,106.205,18.442500000000003,14.13,0,3.02242201551016
01.11.2030 08:00,8.41,14.982,53.08,,34.645,1111.3675,9.772,30.776666666666667,27.58,0,0.686613565120673
01.11.2030 09:00,8.41,14.376,53.08,,23.555,1209.755,75.006,11.095,27.58,0,0.600494878913401
01.11.2030 10:00,8.41,14.376,53.08,,29.7925,1390.22,9.312,68.15333333333334,27.58,0,0.565995290987825
01.11.2030 11:00,8.41,14.376,53.08,,45.905,1273.6325,80.03399999999999,52.00333333333333,27.58,0,0.5530135587464
01.11.2030 12:00,8.41,14.377,53.08,,72.0,1233.995,0.0,,41.47,0,0.569512953271768
01.11.2030 13:00,8.41,15.482,53.08,,81.84,961.4775,2.806,67.33,41.47,0,0.658635214053998
01.11.2030 14:00,8.28,22.525,53.08,,87.5075,839.6475,0.539,74.155,41.47,0,0.841324219801105
01.11.2030 15:00,8.19,33.28,53.08,,111.24,1321.2,0.0,,41.47,0,28.9632418844915
01.11.2030 16:00,8.1,65.076,53.08,,109.14,1358.0075000000002,36.893,92.8525,9.94,0,33.1388734189198
01.11.2030 17:00,8.1,65.076,53.08,,102.6825,1292.7725,189.058,69.0125,9.94,0,31.6269918088307
01.11.2030 18:00,8.1,65.077,53.08,,87.33500000000001,911.685,54.58,80.41,9.94,0,33.9537770006022
01.11.2030 19:00,8.1,48.061,53.08,,80.15,667.9775,2.542,90.55666666666669,9.94,0,33.729935639862
01.11.2030 20:00,8.1,32.433,53.08,,84.595,649.4175,0.0,117.705,6.49,0,33.8497713210027
01.11.2030 21:00,8.1,30.954,53.08,,87.1125,660.2225,18.86,58.38,6.49,0,21.7433541330924
01.11.2030 22:00,8.06,30.009,53.08,,82.845,731.935,258.774,55.695,6.49,0,0.0
01.11.2030 23:00,8.06,17.044,53.08,,77.91499999999999,625.805,179.937,55.5325,6.49,0,0.0
02.11.2030 00:00,8.04,16.148,53.08,,78.3475,612.5275,82.524,60.57,11.58,0,1.83360815058869
02.11.2030 01:00,8.04,15.888,53.08,,78.2025,624.7675,323.142,59.795,11.58,0,1.78607082246323
02.11.2030 02:00,8.04,15.651,53.08,,81.125,525.9224999999999,128.664,67.32,11.58,0,1.73592203424152
02.11.2030 03:00,8.04,15.651,53.08,,82.3875,544.39,3.544,75.455,11.58,0,1.69031129707875
02.11.2030 04:00,8.04,15.651,53.08,,83.195,730.89,0.0,,13.3,0,1.66625673954537
02.11.2030 05:00,8.04,15.805,53.08,,89.1925,820.9475,0.284,86.98,13.3,0,1.62194404976145
02.11.2030 06:00,8.17,17.579,53.08,,100.085,951.46,44.187,74.87666666666667,13.3,0,1.58979606151067
02.11.2030 07:00,8.27,16.47,53.08,,95.5625,1077.8175,195.784,68.6125,13.3,0,1.38002755529385
02.11.2030 08:00,8.39,15.651,53.08,,89.87,1006.11,31.136000000000003,80.75666666666666,20.32,0,1.23612201371353
02.11.2030 09:00,8.39,15.651,53.08,,88.21000000000001,1023.1275,0.024,88.79499999999999,20.32,0,1.14154452530503
02.11.2030 10:00,8.39,15.651,53.08,,90.1425,1074.5975,1.002,90.91,20.32,0,1.08342060444411
02.11.2030 11:00,8.39,15.651,53.08,,92.3125,1046.5475,19.318,82.82,20.32,0,1.05292607441035
02.11.2030 12:00,8.39,15.651,53.08,,105.1325,974.2675,0.044,96.41,29.44,0,1.07580867415386
02.11.2030 13:00,8.39,15.914,53.08,,120.3725,1041.9975,4.674,80.31,29.44,0,1.15556883179366
02.11.2030 14:00,8.27,16.6,53.08,,120.3125,738.8475,12.415,78.58,29.44,0,1.20909790899254
02.11.2030 15:00,8.17,18.013,53.08,,118.23,867.5050000000001,19.232,97.91333333333334,29.44,0,1.3185187446732
02.11.2030 16:00,8.08,18.013,53.08,,119.6425,1080.5025,0.076,105.8,6.04,0,1.24043709228462
02.11.2030 17:00,8.08,18.013,53.08,,119.1175,1116.8,0.114,106.975,6.04,0,1.26159968020516
02.11.2030 18:00,8.08,18.013,53.08,,102.785,1035.34,5.038,110.945,6.04,0,1.36511026950472
02.11.2030 19:00,8.08,18.014,53.08,,95.48,885.685,0.093,101.95,6.04,0,1.3749751556884
02.11.2030 20:00,8.08,16.191,53.08,,101.7575,856.0475,0.0,,4.55,0,1.39602962289558
02.11.2030 21:00,8.08,15.651,53.08,,87.685,752.1525,2.328,81.99333333333334,4.55,0,1.37436278804964
02.11.2030 22:00,8.04,15.324,53.08,,83.275,635.11,194.716,52.165,4.55,0,1.37116614291736
02.11.2030 23:00,8.04,14.376,53.08,,72.9875,797.9225,209.482,56.0825,4.55,0,1.34981020399931
03.11.2030 00:00,8.35,14.376,53.08,,63.9475,802.3175,7.528,92.79,13.14,0,1.32603458930428
03.11.2030 01:00,8.35,14.313,53.08,,58.755,752.71,1.125,86.2375,13.14,0,1.30601458628782
03.11.2030 02:00,8.35,14.159,53.08,,63.6275,757.4425,74.595,64.765,13.14,0,1.30021878792804
03.11.2030 03:00,8.35,14.138,53.08,,73.0275,571.76,2.248,85.93,13.14,0,1.29359596141912
03.11.2030 04:00,8.35,14.376,53.08,,86.25750000000001,632.51,9.829,86.35249999999999,10.82,0,1.31521551268427
03.11.2030 05:00,8.35,14.784,53.08,,107.915,807.6125,37.879,79.72749999999999,10.82,0,1.32326988014553
03.11.2030 06:00,8.54,15.651,53.08,,102.11,881.74,1.273,102.635,10.82,0,1.29834049548935
03.11.2030 07:00,8.7,14.138,53.08,,84.73750000000001,1020.01,11.489,76.1625,10.82,0,1.03780109695356
03.11.2030 08:00,8.91,10.42,53.08,,73.9825,1089.64,93.708,32.74,17.07,0,1.17823125804077
03.11.2030 09:00,8.91,3.91,53.08,,64.64750000000001,1132.35,68.422,33.004999999999995,17.07,0,1.16798160793799
03.11.2030 10:00,8.91,3.91,53.08,,57.885000000000005,1032.715,74.167,31.0125,17.07,0,1.38655652388968
03.11.2030 11:00,8.91,3.91,53.08,,60.227500000000006,1144.6925,108.054,44.7925,17.07,1,1.52531664818826
03.11.2030 12:00,8.91,3.91,53.08,,66.0975,1117.87,83.917,63.50333333333333,25.93,1,1.10502255018423
03.11.2030 13:00,8.91,14.347,53.08,,82.095,973.8275,230.829,20.485,25.93,1,1.16382970344559
03.11.2030 14:00,8.7,16.472,53.08,,91.0925,818.655,17.071,69.045,25.93,0,2.81238606953193
03.11.2030 15:00,8.54,24.202,53.08,,92.82,786.985,84.842,79.6425,25.93,1,3.44024739257299
03.11.2030 16:00,8.4,24.202,53.08,,95.7625,818.2275,74.315,82.66499999999999,6.46,1,3.70422583720572
03.11.2030 17:00,8.4,24.203,53.08,,82.065,790.5350000000001,133.735,73.9775,6.46,1,3.74715228795931
03.11.2030 18:00,8.4,24.194,53.08,,71.1125,768.665,10.201,88.7875,6.46,1,2.9892623866351
03.11.2030 19:00,8.4,22.716,53.08,,65.2525,874.5975,1.758,90.7125,6.46,0,2.97712527096987
03.11.2030 20:00,8.4,21.619,53.08,,69.0325,976.66,5.482,78.06,7.5,0,2.97353372179226
03.11.2030 21:00,8.4,20.0,53.08,,54.4575,1066.61,46.069,40.572500000000005,7.5,0,2.99761602162921
03.11.2030 22:00,8.35,17.146,53.08,,38.335,989.71,20.831,49.3025,7.5,0,3.17574087026457
03.11.2030 23:00,8.35,16.211,53.08,,51.83,984.775,24.009,29.71,7.5,0,3.2141274157636
04.11.2030 00:00,8.35,19.464,53.08,,67.08500000000001,954.23,3.949,59.05,37.83,0,3.21300710411523
04.11.2030 01:00,8.35,19.464,53.08,,73.6625,871.04,0.0,83.87,37.83,0,3.3191316850786
04.11.2030 02:00,8.35,19.464,53.08,,78.535,782.0899999999999,7.362,54.6525,37.83,0,3.39982066725152
04.11.2030 03:00,8.35,19.464,53.08,,80.2775,684.2475,39.574,56.16,37.83,0,3.48883192323414
04.11.2030 04:00,8.35,19.464,53.08,,104.965,945.0975,1.307,63.78,21.83,0,3.58114331855337
04.11.2030 05:00,8.35,19.538,53.08,,138.2375,979.505,0.034,81.0,21.83,0,3.62467546391541
04.11.2030 06:00,8.54,20.443,53.08,,112.685,1577.665,0.0999999999999999,101.775,21.83,0,3.6873839734186
04.11.2030 07:00,8.7,20.087,53.08,,82.225,1377.7675,40.232,72.48666666666666,21.83,0,3.0762164611336
04.11.2030 08:00,8.91,19.897,53.08,,74.0025,1270.8625,24.1,62.81,21.5,0,3.27597716061413
04.11.2030 09:00,8.91,19.897,53.08,,66.3675,1230.4375,254.914,5.77,21.5,0,3.25777539437457
04.11.2030 10:00,8.91,19.897,53.08,,59.33,1244.085,35.852000000000004,14.863333333333337,21.5,0,3.32549695469811
04.11.2030 11:00,8.91,20.443,53.08,,73.135,1301.8325,85.787,25.74,21.5,1,3.27845539103934
04.11.2030 12:00,8.91,21.069,53.08,,85.8725,1098.03,22.859,103.57,22.3,1,3.42003563262159
04.11.2030 13:00,8.91,22.179,53.08,,105.42,1051.5375,30.003,50.73,22.3,1,3.86844864862239
04.11.2030 14:00,8.7,27.828,53.08,,117.2875,1009.455,8.501000000000001,39.25,22.3,0,4.97534059702746
04.11.2030 15:00,8.54,35.064,53.08,,117.4425,893.1175000000001,54.206,67.55000000000001,22.3,1,13.8923946335168
04.11.2030 16:00,8.4,35.065,53.08,,108.11,839.9725,137.102,61.5375,4.77,1,13.0464366653307
04.11.2030 17:00,8.4,35.065,53.08,,88.965,925.0675,31.027,85.85249999999999,4.77,1,13.1578418185886
04.11.2030 18:00,8.4,35.065,53.08,,79.235,940.38,53.309,68.2525,4.77,1,13.8763203914285
04.11.2030 19:00,8.4,34.196,53.08,,72.9725,805.285,8.086,74.775,4.77,0,14.8467056083774
04.11.2030 20:00,8.4,33.794,53.08,,77.725,781.2425000000001,3.922,77.605,4.97,0,15.1996435617174
04.11.2030 21:00,8.4,30.009,53.08,,74.665,699.505,1.642,83.52666666666666,4.97,0,15.4191300607407
04.11.2030 22:00,8.35,23.905,53.08,,65.71000000000001,721.335,0.891,80.01333333333334,4.97,0,15.0732627879695
04.11.2030 23:00,8.35,23.643,53.08,,66.7625,590.94,115.49,35.36,4.97,0,15.1327213462589
05.11.2030 00:00,8.35,55.469,53.08,,64.205,551.0999999999999,2.79,71.00333333333333,19.89,0,18.2914008457869
05.11.2030 01:00,8.35,55.469,53.08,,65.7775,534.3475000000001,25.184,61.7,19.89,0,19.0851187712239
05.11.2030 02:00,8.35,55.469,53.08,,72.535,538.095,0.0,,19.89,0,19.9264521122992
05.11.2030 03:00,8.35,55.469,53.08,,76.395,679.1525,0.912,84.9975,19.89,0,21.2158465676958
05.11.2030 04:00,8.35,55.602,53.08,,80.4375,867.535,0.3,90.31,12.85,0,21.6621215977276
05.11.2030 05:00,8.35,56.535,53.08,,104.0475,860.7,4.429,31.11,12.85,0,23.9455074150369
05.11.2030 06:00,8.54,61.545,53.08,,98.2,1306.005,0.4939999999999999,88.49666666666667,12.85,0,23.7754244977033
05.11.2030 07:00,8.7,55.469,53.08,,81.2975,1313.6425,0.0,,12.85,0,18.6535323050322
05.11.2030 08:00,8.91,55.469,53.08,,73.4425,1380.89,24.556,77.28666666666668,88.45,0,14.6293341392225
05.11.2030 09:00,8.91,55.469,53.08,,78.02,1575.15,31.523,82.7875,88.45,0,13.6954742229554
05.11.2030 10:00,8.91,55.47,53.08,,73.8925,1468.015,379.011,18.07,88.45,0,13.1371073294001
05.11.2030 11:00,8.91,60.256,53.08,,80.7125,1500.9275,190.286,45.5875,88.45,1,13.8525889639063
05.11.2030 12:00,8.91,67.936,53.08,,99.4475,1354.565,0.919,69.17,18.9,1,21.8876196833631
05.11.2030 13:00,8.91,73.246,53.08,,119.1725,1277.5549999999998,9.035,79.01,18.9,1,31.7254505314399
05.11.2030 14:00,8.7,74.395,53.08,,132.1525,994.565,0.073,92.05,18.9,0,44.6880996536104
05.11.2030 15:00,8.54,78.591,53.08,,126.6575,1084.8775,90.243,81.255,18.9,1,42.708026610657
05.11.2030 16:00,8.4,78.591,53.08,,113.95,856.64,4.129,104.58,3.8,1,39.062336174948
05.11.2030 17:00,8.4,78.592,53.08,,102.805,937.185,52.052,93.385,3.8,1,39.4269111104992
05.11.2030 18:00,8.4,78.592,53.08,,85.5525,854.1425,19.405,84.865,3.8,1,41.1294540315207
05.11.2030 19:00,8.4,78.592,53.08,,84.13,773.1725,0.048,113.355,3.8,0,41.702269976913
05.11.2030 20:00,8.4,75.642,53.08,,91.53,678.485,16.343,80.1675,4.09,0,40.7844696987087
05.11.2030 21:00,8.4,74.395,53.08,,82.3225,724.435,13.739,76.98333333333333,4.09,0,40.6387988755096
05.11.2030 22:00,8.35,71.403,53.08,,82.58,601.815,1.418,81.9375,4.09,0,41.7490466070573
05.11.2030 23:00,8.35,70.932,53.08,,78.9325,518.2425,247.55300000000005,52.9825,4.09,0,42.4001206375766
06.11.2030 00:00,8.35,68.149,53.08,,83.3575,428.705,12.645,77.41,11.79,0,42.7540332587936
06.11.2030 01:00,8.35,67.468,53.08,,83.2925,464.285,18.498,75.725,11.79,0,42.167827485734
06.11.2030 02:00,8.35,67.469,53.08,,84.905,455.6225,0.214,89.07,11.79,0,40.4769833097764
06.11.2030 03:00,8.35,67.469,53.08,,92.0925,657.3675000000001,4.367,89.575,11.79,0,39.8302422691658
06.11.2030 04:00,8.35,67.47,53.08,,107.79,911.09,26.719,81.04,9.16,0,39.6484379290555
06.11.2030 05:00,8.35,72.265,53.08,,124.5275,1157.1925,19.615,79.7,9.16,0,37.998747386853
06.11.2030 06:00,8.54,77.812,53.08,,115.63,1360.645,0.961,106.56333333333332,9.16,0,35.9986554178536
06.11.2030 07:00,8.7,76.621,53.08,,101.18,1187.185,3.0050000000000003,106.73666666666668,9.16,0,32.8475974944822
06.11.2030 08:00,8.91,70.624,53.08,,94.19,1312.32,0.0,,47.84,0,30.6774379763117
06.11.2030 09:00,8.91,68.983,53.08,,89.72749999999999,1056.945,2.217,113.79,47.84,0,29.8386671243132
06.11.2030 10:00,8.91,68.983,53.08,,86.4325,1059.34,3.107,91.865,47.84,0,27.3821815555137
06.11.2030 11:00,8.91,68.758,53.08,,93.095,1124.5175,10.732,87.42,47.84,1,27.6280753689722
06.11.2030 12:00,8.91,68.983,53.08,,105.145,1417.735,23.993,82.8925,116.25,1,28.9269113122888
06.11.2030 13:00,8.91,73.486,53.08,,122.7075,1325.245,0.771,58.2,116.25,1,35.4307695461275
06.11.2030 14:00,8.7,77.812,53.08,,131.2375,1166.5125,0.0,,116.25,0,51.5589679401409
06.11.2030 15:00,8.54,93.741,53.08,,130.2175,1336.99,74.086,89.07,116.25,1,56.8211279723578
06.11.2030 16:00,8.4,93.742,53.08,,125.055,1280.395,0.313,115.39,3.22,1,53.5186706645011
06.11.2030 17:00,8.4,93.743,53.08,,115.4775,905.1675,5.044,109.445,3.22,1,54.0485404082933
06.11.2030 18:00,8.4,93.744,53.08,,99.895,873.6675,3.759,107.09333333333332,3.22,1,58.6676033485431
06.11.2030 19:00,8.4,93.744,53.08,,92.585,999.9875,20.457,86.61500000000001,3.22,0,58.5566810475532
06.11.2030 20:00,8.4,92.363,53.08,,90.0925,744.7475000000001,43.741,72.34,2.91,0,57.4808620569012
06.11.2030 21:00,8.4,78.592,53.08,,86.295,600.2925,16.252,78.56,2.91,0,57.5388706275894
06.11.2030 22:00,8.35,74.408,53.08,,87.16,464.6075,2.208,89.3525,2.91,0,61.4586334449515
06.11.2030 23:00,8.35,69.824,53.08,,85.3575,440.035,7.567,80.7,2.91,0,49.6099886807495
07.11.2030 00:00,8.35,71.62,53.08,,84.095,478.505,34.833,71.06,7.77,0,49.838793626512
07.11.2030 01:00,8.35,71.62,53.08,,83.3325,482.935,1.288,80.46000000000001,7.77,0,47.9619440313356
07.11.2030 02:00,8.35,71.621,53.08,,84.8175,582.0799999999999,0.0,92.96,7.77,0,47.9669908358597
07.11.2030 03:00,8.35,71.621,53.08,,91.0275,658.7925,7.077,81.125,7.77,0,50.6120911779427
07.11.2030 04:00,8.35,74.012,53.08,,106.305,980.4925,17.968999999999998,76.02250000000001,6.63,0,51.3393549016556
07.11.2030 05:00,8.35,80.541,53.08,,126.965,965.95,0.6519999999999999,87.375,6.63,0,49.6156798586729
07.11.2030 06:00,8.54,81.059,53.08,,123.52,991.7525,0.001,,6.63,0,42.528756014642
07.11.2030 07:00,8.7,76.287,53.08,,114.745,1165.415,3.661,108.69,6.63,0,37.321375198306
07.11.2030 08:00,8.91,25.305,53.08,,104.2425,1177.2825,6.362,92.08333333333331,24.7,0,8.1698925433984
07.11.2030 09:00,8.91,21.064,53.08,,98.1575,1102.2675,0.0,,24.7,0,5.83731567740222
07.11.2030 10:00,8.91,21.064,53.08,,98.5525,935.6775,0.001,87.32,24.7,0,4.919703169291
07.11.2030 11:00,8.91,21.064,53.08,,102.8625,1222.415,42.169,100.87,24.7,1,4.86970589650393
07.11.2030 12:00,8.91,21.065,53.08,,118.24,1360.0325,0.0,,34.65,1,4.61068122715711
07.11.2030 13:00,8.91,21.225,53.08,,133.5125,1174.48,0.0,,34.65,1,4.9770393856995
07.11.2030 14:00,8.7,24.177,53.08,,142.72,1004.5275,0.0,,34.65,0,5.84904069394046
07.11.2030 15:00,8.54,31.315,53.08,,145.58,937.81,0.022,128.72,34.65,1,6.39442022863585
07.11.2030 16:00,8.4,32.621,53.08,,136.5475,880.7625,0.049,120.0,2.6,1,5.86815159272336
07.11.2030 17:00,8.4,31.316,53.08,,130.3725,761.7675,4.632,100.84,2.6,1,5.83062498194542
07.11.2030 18:00,8.4,28.434,53.08,,124.08,706.89,5.375,124.41333333333334,2.6,1,5.28555528552763
07.11.2030 19:00,8.4,24.892,53.08,,122.295,874.615,11.516,106.3575,2.6,0,5.08708071063291
07.11.2030 20:00,8.4,21.064,53.08,,115.0575,866.5275,5.242,115.0275,2.41,0,1.8707975540452
07.11.2030 21:00,8.4,20.047,53.08,,95.8275,585.6975,6.529,96.6375,2.41,0,1.8339422299952
07.11.2030 22:00,8.35,19.714,53.08,,95.84,626.64,18.743,88.305,2.41,0,1.8179721315979
07.11.2030 23:00,8.35,19.714,53.08,,97.2675,454.0475,0.496,90.83,2.41,0,1.81874765121143
08.11.2030 00:00,8.06,25.294,53.08,,95.295,372.2925,1.002,89.845,6.9,0,1.84285895175213
08.11.2030 01:00,8.06,25.294,53.08,,96.6275,386.83,10.252,91.4325,6.9,0,1.84384805978642
08.11.2030 02:00,8.06,25.294,53.08,,95.9425,322.38,13.033,90.195,6.9,0,1.84294178440526
08.11.2030 03:00,8.06,25.294,53.08,,94.7825,313.515,7.247,88.9725,6.9,0,1.85323115012941
08.11.2030 04:00,8.06,25.295,53.08,,91.9225,533.1475,29.715,80.75,5.56,0,1.89102150300495
08.11.2030 05:00,8.06,26.424,53.08,,96.77,636.445,5.659,75.47333333333333,5.56,0,1.92456345213546
08.11.2030 06:00,8.19,29.107,53.08,,106.8675,713.87,4.128,87.29,5.56,0,1.95640852236852
08.11.2030 07:00,8.28,29.675,53.08,,104.9275,961.9475,0.51,100.62666666666668,5.56,0,1.80659948465463
08.11.2030 08:00,8.41,28.113,53.08,,105.7675,920.81,0.325,86.475,18.03,0,2.35702059704867
08.11.2030 09:00,8.41,27.614,53.08,,102.9125,782.98,0.254,89.945,18.03,0,2.8215325171481
08.11.2030 10:00,8.41,27.614,53.08,,98.08,819.0799999999999,6.133,89.58999999999999,18.03,0,2.92190147910973
08.11.2030 11:00,8.41,27.74,53.08,,103.9375,904.635,9.199,92.32333333333334,18.03,0,2.89695778999243
08.11.2030 12:00,8.41,28.113,53.08,,113.4375,1005.68,1.071,99.765,23.82,0,2.96698424615755
08.11.2030 13:00,8.41,29.111,53.08,,127.02,829.505,0.0,,23.82,0,3.07356949976376
08.11.2030 14:00,8.28,31.913,53.08,,135.84,784.01,0.004,,23.82,0,10.1678938306411
08.11.2030 15:00,8.19,37.55,53.08,,141.70000000000002,796.56,0.316,113.16,23.82,0,10.5252103351567
08.11.2030 16:00,8.1,37.55,53.08,,138.1925,741.4725,0.13,207.19,2.17,0,9.87989382551712
08.11.2030 17:00,8.1,37.551,53.08,,130.60750000000002,758.115,6.6160000000000005,122.85666666666668,2.17,0,10.2073624682704
08.11.2030 18:00,8.1,37.551,53.08,,117.48,696.36,53.084,95.44666666666669,2.17,0,10.5652668763137
08.11.2030 19:00,8.1,35.476,53.08,,103.555,608.5975,20.567,91.41,2.17,0,10.8213769348138
08.11.2030 20:00,8.1,29.111,53.08,,95.4025,587.815,4.57,84.8475,2.04,0,11.2524458402132
08.11.2030 21:00,8.1,27.936,53.08,,93.565,635.7725,2.318,92.45333333333332,2.04,0,11.52889582436
08.11.2030 22:00,8.06,26.77,53.08,,92.015,563.66,7.274,87.935,2.04,0,11.6378588594493
08.11.2030 23:00,8.06,26.002,53.08,,96.3625,455.4025,10.869,86.6375,2.04,0,11.8425866338189
09.11.2030 00:00,8.04,49.828,53.08,,91.7,444.89,58.294,83.10499999999999,5.52,0,14.1676176639522
09.11.2030 01:00,8.04,49.828,53.08,,90.885,404.73,13.005,92.2025,5.52,0,14.5388218991263
09.11.2030 02:00,8.04,49.828,53.08,,89.265,355.6775,13.695,93.895,5.52,0,14.775585811159
09.11.2030 03:00,8.04,49.828,53.08,,89.4575,322.33,2.236,84.37666666666667,5.52,0,14.4348884567329
09.11.2030 04:00,8.04,49.829,53.08,,88.39,445.32,0.363,85.59,5.13,0,14.4448796547949
09.11.2030 05:00,8.04,49.833,53.08,,89.515,509.76,0.619,84.89,5.13,0,16.7728886745385
09.11.2030 06:00,8.17,50.869,53.08,,91.46,629.0375,3.601,81.5475,5.13,0,17.8703340229034
09.11.2030 07:00,8.27,50.869,53.08,,95.2975,793.44,2.728,83.33,5.13,0,19.2710382587751
09.11.2030 08:00,8.39,49.833,53.08,,93.915,764.9025,55.086,77.5175,14.2,0,17.6513865136941
09.11.2030 09:00,8.39,49.833,53.08,,92.7175,689.6875,8.546,91.495,14.2,0,16.6925094387894
09.11.2030 10:00,8.39,49.833,53.08,,90.6575,689.135,4.037,75.62,14.2,0,16.0927824705682
09.11.2030 11:00,8.39,49.833,53.08,,90.1575,769.8725,0.989,76.6,14.2,0,16.2940078903599
09.11.2030 12:00,8.39,50.869,53.08,,91.9825,722.8225,7.721,79.16499999999999,17.83,0,16.7050633653402
09.11.2030 13:00,8.39,67.635,53.08,,98.7225,792.835,0.052,102.57666666666668,17.83,0,22.9270259689844
09.11.2030 14:00,8.27,77.171,53.08,,111.2175,901.4425,0.347,95.19,17.83,0,36.4020133760043
09.11.2030 15:00,8.17,82.286,53.08,,122.8125,755.105,0.071,118.21,17.83,0,40.6383632794587
09.11.2030 16:00,8.08,87.065,53.08,,126.38,814.135,0.0,,1.96,0,37.667824344104
09.11.2030 17:00,8.08,87.066,53.08,,122.495,593.7925,20.838,115.71,1.96,0,36.8237818593584
09.11.2030 18:00,8.08,87.067,53.08,,103.3775,598.585,68.479,88.7575,1.96,0,39.1871183467622
09.11.2030 19:00,8.08,87.068,53.08,,95.5825,655.5925,8.768,85.76666666666667,1.96,0,41.0769384303723
09.11.2030 20:00,8.08,82.138,53.08,,98.8825,778.96,4.83,84.58500000000001,1.86,0,43.2987837335063
09.11.2030 21:00,8.08,78.592,53.08,,97.05,683.835,1.957,92.8,1.86,0,43.8678312994043
09.11.2030 22:00,8.04,75.435,53.08,,88.705,722.7575,9.415,77.97,1.86,0,47.6465732089732
09.11.2030 23:00,8.04,75.435,53.08,,88.665,574.1025,3.066,85.7325,1.86,0,50.3627388306824
10.11.2030 00:00,8.35,73.982,53.08,,88.52,544.205,27.926,81.69749999999999,4.88,0,51.8512580257357
10.11.2030 01:00,8.35,73.982,53.08,,86.48249999999999,462.7425,45.089,78.4325,4.88,0,56.1582499011131
10.11.2030 02:00,8.35,73.983,53.08,,86.2775,430.165,57.429,74.4875,4.88,0,60.3007426956552
10.11.2030 03:00,8.35,75.399,53.08,,89.7075,570.0925,0.252,89.86000000000001,4.88,0,66.4376782717762
10.11.2030 04:00,8.35,76.025,53.08,,103.0425,972.56,0.715,89.11000000000001,4.36,0,72.3805369395875
10.11.2030 05:00,8.35,83.732,53.08,,134.825,1002.9675,5.768,80.60000000000001,4.36,0,66.3923044678342
10.11.2030 06:00,8.54,83.733,53.08,,147.41,1106.185,9.001,115.4675,4.36,0,56.8515493887041
10.11.2030 07:00,8.7,81.279,53.08,,128.81,1294.3625,72.0,93.1025,4.36,0,54.6484299917066
10.11.2030 08:00,8.91,74.334,53.08,,109.8125,1172.895,44.219,97.37,10.85,0,46.0094834095434
10.11.2030 09:00,8.91,70.874,53.08,,104.205,847.435,23.362,104.875,10.85,0,43.7742694501324
10.11.2030 10:00,8.91,70.875,53.08,,96.755,885.9725000000001,4.279,87.02,10.85,0,40.214949979448
10.11.2030 11:00,8.91,69.945,53.08,,93.9325,699.0775,22.323,64.2325,10.85,1,38.7537693135745
10.11.2030 12:00,8.91,70.877,53.08,,97.775,957.81,43.367,46.59,13.45,1,41.3413935314787
10.11.2030 13:00,8.91,76.025,53.08,,116.885,985.2525,3.815,80.61,13.45,1,46.1013936541619
10.11.2030 14:00,8.7,83.732,53.08,,128.6775,887.8575000000001,0.221,115.12,13.45,0,53.4868588319019
10.11.2030 15:00,8.54,92.59,53.08,,129.0525,809.385,0.03,125.605,13.45,1,52.8376118135619
10.11.2030 16:00,8.4,92.591,53.08,,120.755,848.095,0.582,127.5,1.62,1,50.7518194222414
10.11.2030 17:00,8.4,92.592,53.08,,103.2175,855.5975,38.403,116.0425,1.62,1,54.1576782001314
10.11.2030 18:00,8.4,92.592,53.08,,89.335,762.085,27.568,76.5075,1.62,1,54.4911817924752
10.11.2030 19:00,8.4,78.592,53.08,,94.6225,709.1725,3.124,79.11333333333334,1.62,0,55.2937549191173
10.11.2030 20:00,8.4,76.025,53.08,,92.6625,714.155,28.707,74.39333333333333,1.68,0,46.3793906390051
10.11.2030 21:00,8.4,72.146,53.08,,86.5675,689.445,125.827,53.725,1.68,0,36.5088156005457
10.11.2030 22:00,8.35,61.949,53.08,,86.60249999999999,643.14,6.089,87.5175,1.68,0,16.2976389340685
10.11.2030 23:00,8.35,54.446,53.08,,83.78,480.9425,1.93,70.06333333333333,1.68,0,14.3467308243541
11.11.2030 00:00,8.35,54.318,53.08,,85.2225,542.1525,0.118,79.47,14.2,0,13.5085231725812
11.11.2030 01:00,8.35,54.318,53.08,,80.61749999999999,517.39,31.712000000000003,57.693333333333335,14.2,0,13.4401167665526
11.11.2030 02:00,8.35,54.318,53.08,,75.655,651.8425,44.72,45.8375,14.2,0,13.6815634860663
11.11.2030 03:00,8.35,54.319,53.08,,80.1375,655.095,1.707,84.22,14.2,0,14.3228573932247
11.11.2030 04:00,8.35,54.319,53.08,,86.3575,989.3175,0.027,80.38,8.76,0,14.4198020503659
11.11.2030 05:00,8.35,54.32,53.08,,100.305,765.4225,3.215,64.03333333333333,8.76,0,14.3391167972182
11.11.2030 06:00,8.54,55.336,53.08,,111.1875,820.1425,0.147,96.03,8.76,0,17.899405231928
11.11.2030 07:00,8.7,55.336,53.08,,120.085,1015.7975,3.856,132.44,8.76,0,15.5566530281633
11.11.2030 08:00,8.91,55.336,53.08,,109.2375,1208.45,40.427,91.045,13.4,0,13.5331247925737
11.11.2030 09:00,8.91,55.336,53.08,,100.92,1371.7025,0.1919999999999999,106.32,13.4,0,13.1249760535874
11.11.2030 10:00,8.91,56.376,53.08,,93.59,1040.51,10.098,89.115,13.4,0,13.5425257724829
11.11.2030 11:00,8.91,57.417,53.08,,94.1425,1047.09,0.045,116.47,13.4,1,16.1260222127886
11.11.2030 12:00,8.91,61.193,53.08,,104.5525,1063.515,15.968,84.05250000000001,13.21,1,27.4315799031207
11.11.2030 13:00,8.91,63.426,53.08,,117.645,922.9975,6.620000000000001,86.06,13.21,1,30.7277269981949
11.11.2030 14:00,8.7,67.202,53.08,,128.12,624.345,2.558,92.11,13.21,0,45.0659679427975
11.11.2030 15:00,8.54,78.591,53.08,,126.8825,862.38,2.018,113.73,13.21,1,45.5302007123192
11.11.2030 16:00,8.4,78.591,53.08,,117.045,930.955,11.45,109.69333333333331,1.32,1,42.5610301765841
11.11.2030 17:00,8.4,78.592,53.08,,110.0775,839.9975,11.105,91.40333333333336,1.32,1,42.9427976534594
11.11.2030 18:00,8.4,78.592,53.08,,102.1275,804.6675,39.541,67.07333333333334,1.32,1,44.228956695445
11.11.2030 19:00,8.4,77.126,53.08,,87.0275,697.685,66.839,72.4725,1.32,0,43.5838700495811
11.11.2030 20:00,8.4,68.868,53.08,,83.005,636.265,7.348,74.66666666666667,1.9,0,42.5523998510977
11.11.2030 21:00,8.4,61.93,53.08,,72.3425,595.2375,7.45,90.03999999999999,1.9,0,17.2407859543164
11.11.2030 22:00,8.35,59.439,53.08,,70.12,524.135,19.087,74.745,1.9,0,15.1307231416741
11.11.2030 23:00,8.35,56.215,53.08,,63.965,479.1725,21.223000000000003,37.126666666666665,1.9,0,13.677253020709
12.11.2030 00:00,8.35,63.238,53.08,,74.39750000000001,587.73,0.0,,12.0,0,16.2884701000667
12.11.2030 01:00,8.35,62.243,53.08,,78.85,702.425,0.0,,12.0,0,15.4287508959823
12.11.2030 02:00,8.35,62.243,53.08,,79.505,597.45,3.704,69.43666666666667,12.0,0,15.3329024575035
12.11.2030 03:00,8.35,62.243,53.08,,80.9625,551.1125,8.798,64.89,12.0,0,16.4758610497008
12.11.2030 04:00,8.35,62.243,53.08,,104.0575,784.145,5.293,49.8775,7.66,0,16.7624409965795
12.11.2030 05:00,8.35,62.243,53.08,,121.5,628.94,27.074,56.5175,7.66,0,24.9682881587934
12.11.2030 06:00,8.54,62.97,53.08,,103.5175,791.5425,16.716,94.235,7.66,0,27.9203910273796
12.11.2030 07:00,8.7,62.243,53.08,,100.895,810.1575,0.0,,7.66,0,24.6883046013459
12.11.2030 08:00,8.91,62.243,53.08,,91.845,1117.58,67.59400000000001,7.803333333333334,149.0,0,20.2969069985248
12.11.2030 09:00,8.91,62.243,53.08,,96.865,1129.6,0.0,,149.0,0,18.5020900339161
12.11.2030 10:00,8.91,62.243,53.08,,98.7225,1294.66,0.0,,149.0,0,18.0554809104364
12.11.2030 11:00,8.91,62.243,53.08,,105.6375,1151.09,0.0,,149.0,1,18.6762999512377
12.11.2030 12:00,8.91,62.244,53.08,,129.04500000000002,1312.7825,0.0,,37.07,1,21.0128858818581
12.11.2030 13:00,8.91,63.649,53.08,,182.4375,1315.725,6.206,120.51333333333334,37.07,1,31.7518940991857
12.11.2030 14:00,8.7,78.592,53.08,,174.2825,1698.62,14.756,219.7075,37.07,0,52.8426217994331
12.11.2030 15:00,8.54,94.7402661380252,53.08,,140.175,1410.835,46.931,107.1125,37.07,1,67.8490646464624
12.11.2030 16:00,8.4,105.450125070613,53.08,,94.185,1072.2875,71.878,92.0275,3.0,1,65.4872003518905
12.11.2030 17:00,8.4,104.350421745843,53.08,,84.765,937.5675,28.691,80.485,3.0,1,67.1785240269919
12.11.2030 18:00,8.4,102.318892890428,53.08,,74.82249999999999,888.1850000000001,92.504,59.8275,3.0,1,70.690374766368
12.11.2030 19:00,8.4,100.140784099817,53.08,,67.8175,739.29,37.771,57.09,3.0,0,70.5804147659629
12.11.2030 20:00,8.4,99.431361278249,53.08,,72.5125,764.8625,0.999,87.6825,8.42,0,71.6829323011872
12.11.2030 21:00,8.4,94.2925469741816,53.08,,60.475,804.18,6.862,76.11,8.42,0,77.509048697033
12.11.2030 22:00,8.35,86.9751011168664,53.08,,63.44,865.0425,51.262,24.275,8.42,0,67.7978181036291
12.11.2030 23:00,8.35,82.766761282624,53.08,,56.985,786.145,7.435,18.845,8.42,0,67.1387740087299
13.11.2030 00:00,8.35,70.3826217660983,53.08,,58.8875,698.335,3.821,25.87,40.82,0,70.2331847350709
13.11.2030 01:00,8.35,66.9167406180351,53.08,,65.5,849.6725,0.0,,40.82,0,70.0608686621437
13.11.2030 02:00,8.35,69.1091986359646,53.08,,77.87,765.985,21.595,48.650000000000006,40.82,0,71.3445769182092
13.11.2030 03:00,8.35,73.0418020024162,53.08,,79.0575,848.4525,3.581,67.66666666666667,40.82,0,73.6589634310923
13.11.2030 04:00,8.35,79.3743036441526,53.08,,77.11,1124.4975,3.843,15.22,22.6,0,75.7396716492623
13.11.2030 05:00,8.35,91.4903091019269,53.08,,92.38,777.8425,47.742,26.59,22.6,0,87.2350821579008
13.11.2030 06:00,8.54,97.6991340336199,53.08,,74.07000000000001,1068.26,4.884,74.09,22.6,0,86.7437048152442
13.11.2030 07:00,8.7,94.0986445082655,53.08,,72.63,1719.995,0.177,,22.6,0,77.2287216095781
13.11.2030 08:00,8.91,88.137,53.08,,65.6625,1685.39,17.725,37.35,49.83,0,63.1957969163515
13.11.2030 09:00,8.91,84.041,53.08,,67.35,1385.035,2.722,62.05,49.83,0,54.2904541602157
13.11.2030 10:00,8.91,70.9939922170482,53.08,,72.36749999999999,1404.095,0.209,75.94,49.83,0,49.9884355994853
13.11.2030 11:00,8.91,72.2680099402161,53.08,,81.9025,1284.015,10.577,66.96,49.83,1,50.7767776126053
13.11.2030 12:00,8.91,75.5966125203454,53.08,,89.4125,1112.01,44.677,55.9225,29.13,1,56.5542609669181
13.11.2030 13:00,8.91,90.303,53.08,,100.4975,1284.895,0.0,,29.13,1,76.8644653614349
13.11.2030 14:00,8.7,98.4074957932556,53.08,,99.135,1186.2375,213.743,0.2299999999999968,29.13,0,97.8963316454086
13.11.2030 15:00,8.54,102.559963425329,53.08,,112.76,1247.73,27.312,44.74,29.13,1,97.7849948986837
13.11.2030 16:00,8.4,103.544812155091,53.08,,113.44,1083.3275,24.722,97.56,2.7,1,92.8522147738121
13.11.2030 17:00,8.4,101.146916337636,53.08,,110.555,1138.415,78.702,80.1525,2.7,1,101.561967499335
13.11.2030 18:00,8.4,100.5369537802,53.08,,104.3925,956.085,14.204,80.4225,2.7,1,104.214207275441
13.11.2030 19:00,8.4,98.8559855640724,53.08,,103.2675,786.04,64.539,81.685,2.7,0,102.918301500556
13.11.2030 20:00,8.4,93.6864966249839,53.08,,97.995,649.0725,3.545,81.55,3.81,0,97.2274077161695
13.11.2030 21:00,8.4,89.2790420565231,53.08,,90.92,685.69,0.105,88.53,3.81,0,87.2233927802694
13.11.2030 22:00,8.35,77.3672522541629,53.08,,92.285,548.405,0.8009999999999999,88.32499999999999,3.81,0,81.4779402420644
13.11.2030 23:00,8.35,72.2450798270114,53.08,,89.0625,457.6175,0.2329999999999999,95.11,3.81,0,74.7366997355849
14.11.2030 00:00,8.35,78.6508097432001,53.08,,85.645,475.41,0.136,85.97999999999999,13.16,0,73.2451694632228
14.11.2030 01:00,8.35,73.0927442293165,53.08,,85.435,514.7775,0.137,81.74,13.16,0,71.5716924166921
14.11.2030 02:00,8.35,73.1182808942077,53.08,,88.7925,505.33,0.766,86.61333333333333,13.16,0,69.5122196632182
14.11.2030 03:00,8.35,80.6598508338777,53.08,,90.3375,533.1025,5.523,88.595,13.16,0,70.4973732625352
14.11.2030 04:00,8.35,84.1780188211661,53.08,,110.1875,773.985,1.875,92.5475,8.6,0,70.102729442417
14.11.2030 05:00,8.35,89.7654228730157,53.08,,148.38,1063.035,0.0,150.01,8.6,0,72.9416189786047
14.11.2030 06:00,8.54,97.9534738200545,53.08,,130.5825,1482.5325,17.773,113.5475,8.6,0,79.9490930820308
14.11.2030 07:00,8.7,87.2919017137469,53.08,,104.96,1187.7475,9.985,102.64333333333332,8.6,0,51.4188440974078
14.11.2030 08:00,8.91,72.6786322024724,53.08,,106.68,1229.1425,2.506,83.28,20.8,0,30.8645339624302
14.11.2030 09:00,8.91,66.4623328457899,53.08,,105.305,1153.45,4.909,83.53999999999999,20.8,0,26.2355716790242
14.11.2030 10:00,8.91,64.0315413748151,53.08,,115.7575,1199.0324999999998,0.0,,20.8,0,24.3398585047154
14.11.2030 11:00,8.91,64.5343189768135,53.08,,121.355,1169.83,0.879,120.0775,20.8,1,24.611207161535
14.11.2030 12:00,8.91,69.1867256254553,53.08,,122.8575,1304.12,10.712,111.315,15.76,1,26.6046008449338
14.11.2030 13:00,8.91,80.1693883685932,53.08,,115.52,971.5275,15.041,92.6875,15.76,1,36.9436139405148
14.11.2030 14:00,8.7,94.7901832177548,53.08,,106.93,851.39,0.182,100.12,15.76,0,76.1582970924504
14.11.2030 15:00,8.54,114.094058834503,53.08,,138.4775,974.355,0.0,,15.76,1,99.6845078440162
14.11.2030 16:00,8.4,115.233780099396,53.08,,151.675,1407.875,0.006,193.07,1.61,1,95.0550467584074
14.11.2030 17:00,8.4,114.826956144236,53.08,,111.5475,1113.545,20.469,115.40333333333336,1.61,1,94.0703931915712
14.11.2030 18:00,8.4,113.16403759933,53.08,,106.68,1000.28,32.572,107.0075,1.61,1,104.284645024881
14.11.2030 19:00,8.4,112.17712659808,53.08,,112.6175,862.8275,5.257,106.1425,1.61,0,103.592101148624
14.11.2030 20:00,8.4,101.526498443861,53.08,,100.9025,813.6425,102.324,76.695,3.09,0,102.25257066764
14.11.2030 21:00,8.4,93.1665351429452,53.08,,86.6,710.2025000000001,38.61,78.875,3.09,0,101.533493880237
14.11.2030 22:00,8.35,89.2274340168434,53.08,,84.685,613.06,0.0,87.03,3.09,0,93.2011291423266
14.11.2030 23:00,8.35,88.3337792964955,53.08,,90.66,617.54,0.011,111.13,3.09,0,97.4540511730778
15.11.2030 00:00,8.06,91.5062428380258,53.08,,92.5825,639.5799999999999,0.713,94.96333333333332,15.43,0,112.109137836843
15.11.2030 01:00,8.06,89.1529570217988,53.08,,90.25,610.36,49.501,82.58333333333333,15.43,0,109.583363859207
15.11.2030 02:00,8.06,90.7524182781199,53.08,,86.285,404.405,0.027,90.7,15.43,0,110.502605901127
15.11.2030 03:00,8.06,92.999904209248,53.08,,85.125,540.28,3.945,85.2975,15.43,0,113.067288000765
15.11.2030 04:00,8.06,93.7860911409262,53.08,,80.16,561.1800000000001,0.546,91.4025,13.67,0,111.71919229219
15.11.2030 05:00,8.06,99.5696991888009,53.08,,86.91499999999999,538.9975,19.203,85.23,13.67,0,110.919149303341
15.11.2030 06:00,8.19,106.756873362357,53.08,,90.265,393.1575,72.506,72.77,13.67,0,106.679999162853
15.11.2030 07:00,8.28,99.7400268237215,53.08,,87.6725,643.385,92.858,67.6875,13.67,0,85.6797848353815
15.11.2030 08:00,8.41,83.6789503963413,53.08,,86.0125,667.5675,167.078,54.4275,18.54,0,44.8777702682786
15.11.2030 09:00,8.41,70.7963556989208,53.08,,83.365,758.7674999999999,261.786,50.2625,18.54,0,37.068368661033
15.11.2030 10:00,8.41,68.8434250417837,53.08,,84.37,778.5925,25.479,67.56,18.54,0,34.5508836238989
15.11.2030 11:00,8.41,69.2448843525744,53.08,,87.4375,1021.88,119.075,49.06,18.54,0,34.8591072009426
15.11.2030 12:00,8.41,74.3697810062958,53.08,,98.8475,686.265,10.19,56.47,14.78,0,38.059878977433
15.11.2030 13:00,8.41,92.669,53.08,,118.775,830.5975,26.657,63.50666666666666,14.78,0,67.3866261826795
15.11.2030 14:00,8.28,103.446,53.08,,117.815,727.1275,0.534,130.355,14.78,0,106.208450780423
15.11.2030 15:00,8.19,120.10389977033,53.08,,119.2725,677.59,0.448,114.25666666666666,14.78,0,143.205825583703
15.11.2030 16:00,8.1,122.037600098228,53.08,,108.7225,702.06,5.13,103.095,1.51,0,130.545742107311
15.11.2030 17:00,8.1,121.710372437677,53.08,,101.8825,610.33,99.541,57.8375,1.51,0,131.442365121295
15.11.2030 18:00,8.1,120.947217798637,53.08,,89.405,549.125,52.888,70.8125,1.51,0,140.879828307549
15.11.2030 19:00,8.1,118.185876605975,53.08,,91.86,603.01,7.366,77.0825,1.51,0,144.691814104829
15.11.2030 20:00,8.1,107.672714372662,53.08,,94.31,551.635,5.6530000000000005,79.36333333333333,2.26,0,150.793532716258
15.11.2030 21:00,8.1,102.800220358507,53.08,,90.665,579.585,5.5600000000000005,89.83,2.26,0,160.389818027266
15.11.2030 22:00,8.06,99.693201624494,53.08,,99.02,635.2774999999999,20.718,71.54,2.26,0,153.592871498967
15.11.2030 23:00,8.06,95.176408054803,53.08,,93.705,590.015,7.090000000000001,87.945,2.26,0,160.955750024257
16.11.2030 00:00,8.04,94.4247193977655,53.08,,90.6225,496.255,17.561,79.975,9.93,0,176.863665715643
16.11.2030 01:00,8.04,93.9052096812638,53.08,,90.19,486.8625,0.041,90.17,9.93,0,178.507096685501
16.11.2030 02:00,8.04,96.2683621570653,53.08,,93.135,503.53,0.0,,9.93,0,181.457244716172
16.11.2030 03:00,8.04,94.8236705231432,53.08,,96.375,469.3925,12.245,81.14999999999999,9.93,0,185.697264845724
16.11.2030 04:00,8.04,96.1786911596203,53.08,,88.9425,561.3175,7.798999999999999,88.4,7.28,0,189.429140817337
16.11.2030 05:00,8.04,108.158685390031,53.08,,92.8675,690.18,17.847,82.3225,7.28,0,180.527462481427
16.11.2030 06:00,8.17,123.218017243957,53.08,,96.4725,593.97,30.061,84.4525,7.28,0,163.735572704408
16.11.2030 07:00,8.27,121.242857858666,53.08,,92.2275,761.7725,20.776,84.9875,7.28,0,149.346630935645
16.11.2030 08:00,8.39,99.6587851767728,53.08,,95.2075,743.4475,0.0,110.32,12.94,0,126.577199239271
16.11.2030 09:00,8.39,94.2567726605004,53.08,,103.915,752.3025,0.289,100.565,12.94,0,114.46785759958
16.11.2030 10:00,8.39,93.0383950805097,53.08,,107.8125,780.8125,0.443,96.73,12.94,0,107.523934242645
16.11.2030 11:00,8.39,93.0604149957271,53.08,,109.9475,815.4225,0.749,102.495,12.94,0,107.750386423368
16.11.2030 12:00,8.39,97.9714888141091,53.08,,114.915,923.535,0.0,,10.52,0,114.410453430186
16.11.2030 13:00,8.39,111.927522867656,53.08,,121.7825,768.8225,0.011,114.97,10.52,0,140.112664884335
16.11.2030 14:00,8.27,137.689044520801,53.08,,125.1275,673.7425000000001,0.074,110.97,10.52,0,175.781137450791
16.11.2030 15:00,8.17,144.025635483309,53.08,,128.12,807.46,0.0,,10.52,0,206.644644058758
16.11.2030 16:00,8.08,152.590467952407,53.08,,130.5675,1025.4825,0.0,,1.19,0,183.248463064469
16.11.2030 17:00,8.08,149.651675424578,53.08,,126.005,1082.93,0.8210000000000001,106.93,1.19,0,187.853712416786
16.11.2030 18:00,8.08,146.281248571782,53.08,,108.855,759.66,97.398,98.6925,1.19,0,197.590330472053
16.11.2030 19:00,8.08,141.07371257754,53.08,,96.2,825.4725000000001,15.373,90.555,1.19,0,207.261897722867
16.11.2030 20:00,8.08,142.717649187443,53.08,,96.02,733.0375,7.832,92.4325,1.96,0,194.365578717741
16.11.2030 21:00,8.08,119.838742732422,53.08,,86.6,628.9775,28.404,83.765,1.96,0,189.95299686823
16.11.2030 22:00,8.04,107.565274820576,53.08,,95.67,769.1700000000001,0.008,99.41,1.96,0,196.998777459493
16.11.2030 23:00,8.04,100.332412518143,53.08,,93.275,681.27,27.668,80.71333333333332,1.96,0,202.383224226291
17.11.2030 00:00,8.35,85.1710710789388,53.08,,89.10249999999999,700.58,1.384,93.26333333333334,8.66,0,187.809079281643
17.11.2030 01:00,8.35,80.4841640314823,53.08,,85.2625,900.835,201.713,45.83,8.66,0,188.356158557139
17.11.2030 02:00,8.35,80.4566227028224,53.08,,83.0075,910.8725,65.38,78.07,8.66,0,191.339097164106
17.11.2030 03:00,8.35,83.3153496880008,53.08,,88.80499999999999,855.835,4.592,89.3575,8.66,0,189.759417593718
17.11.2030 04:00,8.35,91.2160126747031,53.08,,108.815,824.8425,77.29599999999999,75.355,7.77,0,187.945117738066
17.11.2030 05:00,8.35,103.9043648169,53.08,,130.495,964.775,0.007,90.22,7.77,0,195.927876626696
17.11.2030 06:00,8.54,118.675847792086,53.08,,135.16750000000002,1082.2725,102.84,90.455,7.77,0,179.5641824722
17.11.2030 07:00,8.7,116.926220374656,53.08,,133.63,1217.8225,0.0,,7.77,0,163.236335460931
17.11.2030 08:00,8.91,104.420049047908,53.08,,131.2175,1245.77,12.084,102.65666666666668,10.12,0,147.047958986751
17.11.2030 09:00,8.91,95.232600968479,53.08,,124.9575,1283.9975,58.962,105.44333333333331,10.12,0,129.810444589761
17.11.2030 10:00,8.91,86.4282285713137,53.08,,102.9225,1167.8425,186.237,91.6,10.12,0,120.554862852803
17.11.2030 11:00,8.91,76.5393725670692,53.08,,92.8375,958.3925,211.153,77.34,10.12,1,117.017432009121
17.11.2030 12:00,8.91,78.8395976587572,53.08,,91.8825,887.99,48.253,102.575,8.89,1,118.092804628044
17.11.2030 13:00,8.91,98.9061396283204,53.08,,98.4875,861.085,0.791,81.5,8.89,1,131.795223204493
17.11.2030 14:00,8.7,120.515319844796,53.08,,125.7325,1123.8,10.694,106.03,8.89,0,162.157142385832
17.11.2030 15:00,8.54,140.278144220572,53.08,,129.5525,1404.67,242.37,93.85,8.89,1,157.257387908823
17.11.2030 16:00,8.4,140.790658896548,53.08,,130.98250000000002,1397.84,132.34,131.20666666666668,1.17,1,153.487240700636
17.11.2030 17:00,8.4,137.776603453753,53.08,,127.4125,1396.2625,0.8430000000000001,178.8733333333333,1.17,1,150.841163119092
17.11.2030 18:00,8.4,131.340642804316,53.08,,120.045,1190.265,23.288,108.2525,1.17,1,159.57008095837
17.11.2030 19:00,8.4,116.627,53.08,,105.2625,1154.8625,119.834,86.9175,1.17,0,165.388881331202
17.11.2030 20:00,8.4,104.16,53.08,,92.135,1011.785,62.519,79.38666666666667,2.89,0,157.866745174102
17.11.2030 21:00,8.4,100.276,53.08,,86.615,859.5025,0.0,164.29,2.89,0,139.698603564018
17.11.2030 22:00,8.35,97.059,53.08,,87.3875,690.935,48.406,64.6375,2.89,0,125.31326017348
17.11.2030 23:00,8.35,86.5076970911067,53.08,,84.55,674.3924999999999,8.394,86.66499999999999,2.89,0,110.336236180361
18.11.2030 00:00,8.35,84.5570244399645,53.08,,81.5125,559.0975000000001,7.643000000000001,114.96999999999998,8.5,0,91.7334573189351
18.11.2030 01:00,8.35,82.7114613138269,53.08,,76.955,636.1175000000001,106.384,69.57,8.5,0,89.6133469622167
18.11.2030 02:00,8.35,81.2149559161029,53.08,,79.69,699.4675,125.773,58.9875,8.5,0,86.668601617014
18.11.2030 03:00,8.35,80.988355030381,53.08,,81.045,981.16,8.475999999999999,71.99,8.5,0,82.651175959757
18.11.2030 04:00,8.35,80.8463616517616,53.08,,89.60249999999999,1083.44,132.392,62.1875,8.52,0,79.9024763722273
18.11.2030 05:00,8.35,80.6584696390837,53.08,,105.435,928.3675,89.329,65.30499999999999,8.52,0,75.4119849698074
18.11.2030 06:00,8.54,80.7167002047106,53.08,,106.0025,1288.41,4.979,81.0375,8.52,0,71.6554553769793
18.11.2030 07:00,8.7,80.1437412987335,53.08,,94.89,1254.995,30.136,74.13499999999999,8.52,0,56.5732111088301
18.11.2030 08:00,8.91,76.4558499678444,53.08,,89.6125,1123.5225,1.855,90.46,8.1,0,43.2054172042933
18.11.2030 09:00,8.91,74.9495069664642,53.08,,88.6925,964.2,5.322,107.98,8.1,0,36.9848649072239
18.11.2030 10:00,8.91,74.4642578054321,53.08,,86.2825,897.3775,13.841,69.02,8.1,0,34.4377307558014
18.11.2030 11:00,8.91,74.5822829430004,53.08,,89.45,963.0025,44.217,71.86,8.1,1,34.2070236204871
18.11.2030 12:00,8.91,75.4396379284182,53.08,,91.9125,945.7425,129.978,52.6525,7.08,1,37.5882379894982
18.11.2030 13:00,8.91,79.8480384038921,53.08,,107.6075,1103.19,39.377,68.15,7.08,1,48.9696825646716
18.11.2030 14:00,8.7,84.7685244154387,53.08,,121.995,1079.9675,6.783,61.77,7.08,0,57.1687479279342
18.11.2030 15:00,8.54,89.711,53.08,,136.22,916.4975,4.57,105.54666666666668,7.08,1,71.7223366325987
18.11.2030 16:00,8.4,89.711,53.08,,129.0525,1091.0025,2.442,319.685,0.8,1,71.0861300897401
18.11.2030 17:00,8.4,89.52,53.08,,121.9425,869.905,0.582,104.875,0.8,1,70.5834989695767
18.11.2030 18:00,8.4,87.85,53.08,,101.9125,544.79,0.625,81.69500000000001,0.8,1,66.7913403407912
18.11.2030 19:00,8.4,87.85,53.08,,92.385,189.3675,0.518,79.535,0.8,0,68.2040430329227
18.11.2030 20:00,8.4,87.62,53.08,,92.0725,46.43,0.993,91.7775,2.0,0,69.5299894606861
18.11.2030 21:00,8.4,82.167,53.08,,85.405,,2.838,69.715,2.0,0,70.8434335830711
18.11.2030 22:00,8.35,66.616216580917,53.08,,93.4475,341.1033333333333,80.377,55.48,2.0,0,76.569662013835
18.11.2030 23:00,8.35,64.5589184140936,53.08,,89.8325,475.135,89.51,55.4725,2.0,0,80.7942339023524
19.11.2030 00:00,8.35,91.5322961046454,53.08,,87.235,536.9225,159.36,56.99,6.3,0,98.3828732148292
19.11.2030 01:00,8.35,90.2003358542481,53.08,,83.6375,590.4675,4.996,81.49,6.3,0,96.8142886886867
19.11.2030 02:00,8.35,89.245,53.08,,84.755,591.36,0.174,92.825,6.3,0,100.610244613897
19.11.2030 03:00,8.35,90.1117967811217,53.08,,90.8225,775.965,0.075,105.34,6.3,0,105.498308834814
19.11.2030 04:00,8.35,89.245,53.08,,113.355,875.9599999999999,4.852,84.0075,5.14,0,104.037807247266
19.11.2030 05:00,8.35,77.5790292782275,53.08,,130.0025,818.2775,5.669,103.7975,5.14,0,101.689499536635
19.11.2030 06:00,8.54,90.8496349818489,53.08,,142.995,992.58,0.505,116.2,5.14,0,106.849102646465
19.11.2030 07:00,8.7,91.4414076487614,53.08,,134.4175,1251.5625,17.481,117.215,5.14,0,95.6419517141523
19.11.2030 08:00,8.91,87.9035233561844,53.08,,117.53,1233.6675,58.06,100.1325,6.6,0,77.5427303677903
19.11.2030 09:00,8.91,87.0131840825939,53.08,,106.9575,979.9475,0.0,,6.6,0,69.4325869913404
19.11.2030 10:00,8.91,86.3783645212516,53.08,,116.8,1036.125,0.006,,6.6,0,65.5071126298474
19.11.2030 11:00,8.91,86.1621228204915,53.08,,119.1675,1059.4975,6.406000000000001,110.39333333333332,6.6,1,66.4495746524013
19.11.2030 12:00,8.91,91.57,53.08,,131.5725,1278.3075,4.129,97.27,5.84,1,74.9540169344482
19.11.2030 13:00,8.91,95.558,53.08,,147.9175,1272.1775,0.0,,5.84,1,95.1832274565289
19.11.2030 14:00,8.7,100.964007186858,53.08,,158.95999999999998,1423.5225,0.182,139.87,5.84,0,120.079516967342
19.11.2030 15:00,8.54,112.2479282084,53.08,,157.4775,1527.3325,0.0,,5.84,1,130.1454848436
19.11.2030 16:00,8.4,116.656040031922,53.08,,141.9425,1219.1425,7.618,142.75,0.69,1,114.738177783934
19.11.2030 17:00,8.4,117.312634814494,53.08,,119.1525,1040.045,96.63,96.465,0.69,1,116.701966955175
19.11.2030 18:00,8.4,117.328258777344,53.08,,110.44,1087.73,0.6880000000000001,119.83666666666666,0.69,1,119.037221351916
19.11.2030 19:00,8.4,114.521518024435,53.08,,107.2625,879.0225,44.037,80.7,0.69,0,133.03926234273
19.11.2030 20:00,8.4,114.010113366647,53.08,,98.51,915.6675,15.797,88.7475,1.71,0,139.863674832672
19.11.2030 21:00,8.4,113.044434491614,53.08,,87.9425,805.8425,14.739,79.0225,1.71,0,152.142701424129
19.11.2030 22:00,8.35,105.81592659397,53.08,,91.905,648.2674999999999,1.754,109.8125,1.71,0,156.726343444403
19.11.2030 23:00,8.35,103.674992556454,53.08,,88.865,538.9549999999999,3.171,92.135,1.71,0,164.882303674741
20.11.2030 00:00,8.35,99.9954174406475,53.08,,84.2425,642.76,97.926,63.9875,5.97,0,172.373354524724
20.11.2030 01:00,8.35,97.4930835951864,53.08,,84.4375,564.5375,36.653,74.80499999999999,5.97,0,168.219829449095
20.11.2030 02:00,8.35,97.3644858173196,53.08,,87.295,519.21,10.446,121.1575,5.97,0,164.012494366288
20.11.2030 03:00,8.35,98.1216758967884,53.08,,91.665,672.905,0.206,121.2625,5.97,0,157.443808630977
20.11.2030 04:00,8.35,98.7412424066115,53.08,,103.6675,828.6975,9.718,74.65,6.0,0,149.399128109433
20.11.2030 05:00,8.35,108.025126743814,53.08,,135.54,958.505,50.876,74.375,6.0,0,127.998614823918
20.11.2030 06:00,8.54,114.981364189909,53.08,,143.5475,1004.925,7.505,95.08,6.0,0,113.885837965578
20.11.2030 07:00,8.7,109.174774447331,53.08,,149.0875,1038.8275,1.288,129.515,6.0,0,102.127525846039
20.11.2030 08:00,8.91,94.0137007299628,53.08,,141.79,981.855,21.626,104.53,5.31,0,77.005283356849
20.11.2030 09:00,8.91,86.136774034855,53.08,,136.265,1103.46,15.541,90.175,5.31,0,63.6442415311741
20.11.2030 10:00,8.91,80.8107771120443,53.08,,137.9725,981.8675,11.096,94.7525,5.31,0,57.0197781622911
20.11.2030 11:00,8.91,78.7798951837344,53.08,,140.25,1020.9275,0.135,115.62,5.31,1,55.8925915021964
20.11.2030 12:00,8.91,80.3921682287548,53.08,,160.8,1243.3275,7.266,85.32499999999999,4.44,1,57.8511302812147
20.11.2030 13:00,8.91,85.6012944711823,53.08,,165.0225,1196.1875,50.965,78.26,4.44,1,67.2891550108825
20.11.2030 14:00,8.7,102.620587235204,53.08,,236.9975,1266.99,0.689,107.16333333333334,4.44,0,83.5021151562815
20.11.2030 15:00,8.54,109.587656264382,53.08,,187.635,1242.2675,4.879,190.27,4.44,1,84.6642770661472
20.11.2030 16:00,8.4,109.28739752083,53.08,,165.73000000000002,1376.9375,2.744,293.86,0.52,1,84.5876398863779
20.11.2030 17:00,8.4,107.894239951646,53.08,,159.2225,1485.94,0.003,,0.52,1,85.5961718704433
20.11.2030 18:00,8.4,104.381601357291,53.08,,145.61,1286.3775,0.0,,0.52,1,87.5435211807451
20.11.2030 19:00,8.4,96.1065057198657,53.08,,126.045,1011.61,11.378,128.61,0.52,0,87.5232998232584
20.11.2030 20:00,8.4,93.605,53.08,,118.39,822.0350000000001,7.175000000000001,102.745,1.4,0,79.4020046213956
20.11.2030 21:00,8.4,91.921,53.08,,105.1975,686.1525,16.052999999999997,95.7625,1.4,0,80.3619624502525
20.11.2030 22:00,8.35,91.096,53.08,,98.195,577.51,6.198,121.35666666666668,1.4,0,77.1192285710638
20.11.2030 23:00,8.35,91.087,53.08,,94.735,599.7975,13.832,86.845,1.4,0,78.9814125860849
21.11.2030 00:00,8.35,76.1430295716846,53.08,,92.975,498.6775,0.1659999999999999,94.3025,4.73,0,77.2619880286156
21.11.2030 01:00,8.35,76.2842692308996,53.08,,94.1225,510.0075,0.359,90.59,4.73,0,77.8350415838826
21.11.2030 02:00,8.35,82.5342953618157,53.08,,92.7975,558.2225,10.174,94.9175,4.73,0,80.7489194707027
21.11.2030 03:00,8.35,83.0674132500799,53.08,,100.5725,832.24,89.744,77.745,4.73,0,82.3043910975628
21.11.2030 04:00,8.35,84.7565651798532,53.08,,119.3525,1129.8725,37.785,85.3,4.16,0,83.6738428077388
21.11.2030 05:00,8.35,92.1282718817444,53.08,,169.115,1261.765,0.0,,4.16,0,91.5041566997759
21.11.2030 06:00,8.54,95.196482248367,53.08,,220.8325,1557.115,7.008000000000001,113.27,4.16,0,92.5946596958232
21.11.2030 07:00,8.7,94.1159948671206,53.08,,187.4075,1469.475,7.517,129.915,4.16,0,85.8731856493293
21.11.2030 08:00,8.91,86.5600831365204,53.08,,148.4,1328.79,55.088,132.33333333333334,4.18,0,65.27318734573
21.11.2030 09:00,8.91,80.1018829313593,53.08,,129.4525,1226.65,138.539,103.20333333333332,4.18,0,58.5375531088992
21.11.2030 10:00,8.91,77.7231637047886,53.08,,118.6875,1185.2025,77.506,93.79333333333334,4.18,0,55.6488458392633
21.11.2030 11:00,8.91,76.5789739076759,53.08,,133.54500000000002,1318.7475,216.121,78.8275,4.18,1,56.524544284075
21.11.2030 12:00,8.91,79.8935495536637,53.08,,138.61249999999998,1168.075,10.888,102.0875,3.74,1,63.3934193936989
21.11.2030 13:00,8.91,89.2186969617356,53.08,,156.2375,1324.8025,0.031,102.15,3.74,1,70.8856435998049
21.11.2030 14:00,8.7,98.034,53.08,,223.5625,1118.86,0.035,277.365,3.74,0,83.9130744004051
21.11.2030 15:00,8.54,100.651,53.08,,227.6575,1143.1675,0.771,218.51,3.74,1,82.9348875752007
21.11.2030 16:00,8.4,100.652,53.08,,178.62,1232.9825,40.402,111.465,0.48,1,78.201523459439
21.11.2030 17:00,8.4,100.653,53.08,,136.095,1265.7775,21.227,132.44,0.48,1,80.4695062258817
21.11.2030 18:00,8.4,100.654,53.08,,119.47,1066.625,21.379,117.0125,0.48,1,83.8493141181937
21.11.2030 19:00,8.4,94.497,53.08,,101.735,796.88,10.939,103.3925,0.48,0,85.5672851651092
21.11.2030 20:00,8.4,92.143,53.08,,94.87,813.4300000000001,6.584,108.97666666666667,1.17,0,81.459872700847
21.11.2030 21:00,8.4,90.755,53.08,,92.685,716.2975,3.462,107.98666666666668,1.17,0,81.0734857685325
21.11.2030 22:00,8.35,88.925,53.08,,90.71,662.4625,0.161,94.21,1.17,0,74.4372806974743
21.11.2030 23:00,8.35,87.85,53.08,,83.9075,513.73,0.0,99.2,1.17,0,68.971043270134
22.11.2030 00:00,8.06,87.476,53.08,,79.3675,584.2925,0.0,104.13,3.98,0,70.9823476987049
22.11.2030 01:00,8.06,87.468,53.08,,75.4,701.28,0.154,95.7575,3.98,0,70.7453385522242
22.11.2030 02:00,8.06,87.468,53.08,,75.25,622.2625,0.154,93.73,3.98,0,70.3528057170873
22.11.2030 03:00,8.06,87.468,53.08,,76.4,435.7625,0.108,97.6325,3.98,0,70.9233981741343
22.11.2030 04:00,8.06,87.85,53.08,,79.3725,556.3299999999999,2.769,84.0375,3.99,0,71.6529349746825
22.11.2030 05:00,8.06,90.755,53.08,,82.8,576.8225,0.966,97.08666666666666,3.99,0,68.2209865335722
22.11.2030 06:00,8.19,93.859,53.08,,85.94749999999999,726.6475,1.531,85.285,3.99,0,67.0176417676848
22.11.2030 07:00,8.28,91.782,53.08,,87.74000000000001,888.0725,0.0,,3.99,0,60.7802045484372
22.11.2030 08:00,8.41,87.468,53.08,,79.5325,1055.5175,2.883,97.52666666666666,8.7,0,49.3509081652494
22.11.2030 09:00,8.41,73.0814459345287,53.08,,71.01750000000001,1153.65,1.956,84.92750000000001,8.7,0,41.1971212312044
22.11.2030 10:00,8.41,68.3363910400395,53.08,,68.965,1063.79,33.524,63.445,8.7,0,36.9761369223938
22.11.2030 11:00,8.41,62.6491717027138,53.08,,69.3875,1025.3725,12.782,71.3275,8.7,0,34.3146570384671
22.11.2030 12:00,8.41,60.4084307551981,53.08,,76.1825,1010.8025,74.731,46.5275,7.16,0,33.7280857028542
22.11.2030 13:00,8.41,69.8332385243851,53.08,,92.0225,764.1025,18.771,51.70666666666667,7.16,0,37.7183697594798
22.11.2030 14:00,8.28,84.9829887098014,53.08,,111.0175,853.8625,2.202,90.865,7.16,0,43.9782028418294
22.11.2030 15:00,8.19,86.826,53.08,,101.8475,882.0725,0.1,118.08,7.16,0,43.6364480777117
22.11.2030 16:00,8.1,86.826,53.08,,99.4775,803.8725,0.765,91.87,1.01,0,42.6917377890235
22.11.2030 17:00,8.1,86.271,53.08,,90.885,681.97,2.804,80.0975,1.01,0,42.0310712350797
22.11.2030 18:00,8.1,85.888,53.08,,86.3175,596.7525,17.309,70.6975,1.01,0,42.4951982709214
22.11.2030 19:00,8.1,81.9194073902543,53.08,,85.81,509.205,50.652,79.33666666666666,1.01,0,43.1975883966656
22.11.2030 20:00,8.1,76.7018060213234,53.08,,93.53,573.065,0.04,101.95,1.9,0,40.9325906397901
22.11.2030 21:00,8.1,73.4299469475915,53.08,,89.345,614.1775,0.029,151.92,1.9,0,41.0268368228928
22.11.2030 22:00,8.06,72.1286987886405,53.08,,88.175,626.6425,1.241,120.435,1.9,0,41.9594907273853
22.11.2030 23:00,8.06,70.3955817302081,53.08,,85.11749999999999,654.7425000000001,0.017,99.21333333333332,1.9,0,43.436028412929
23.11.2030 00:00,8.04,68.953240539415,53.08,,82.8775,604.715,0.004,,5.15,0,43.0751670652619
23.11.2030 01:00,8.04,67.9816677042303,53.08,,74.8525,653.185,0.0,,5.15,0,41.7028946935399
23.11.2030 02:00,8.04,67.1814315797632,53.08,,75.1125,513.29,0.0,,5.15,0,40.8564803069193
23.11.2030 03:00,8.04,68.094061830245,53.08,,77.75999999999999,470.335,0.0,,5.15,0,41.3232597090414
23.11.2030 04:00,8.04,69.707180215001,53.08,,75.1425,582.4675,0.0,,7.74,0,42.3257080888781
23.11.2030 05:00,8.04,74.7876439199945,53.08,,77.91499999999999,647.8375,0.819,46.26,7.74,0,43.3916198429933
23.11.2030 06:00,8.17,78.592,53.08,,81.0625,792.0275,0.0,,7.74,0,43.9279283691567
23.11.2030 07:00,8.27,78.592,53.08,,78.5575,995.755,0.0,,7.74,0,41.9288024483099
23.11.2030 08:00,8.39,70.0742682802308,53.08,,78.7575,1230.51,0.0,,9.9,0,34.1191981751586
23.11.2030 09:00,8.39,63.9897221900022,53.08,,71.11500000000001,1111.955,114.727,37.4775,9.9,0,28.662967634243
23.11.2030 10:00,8.39,61.6417834104033,53.08,,62.85,1126.92,139.235,9.6525,9.9,0,26.7385397869164
23.11.2030 11:00,8.39,61.3326602056593,53.08,,51.2475,1367.1325,19.039,49.20333333333334,9.9,0,26.6851988985881
23.11.2030 12:00,8.39,63.6100869523282,53.08,,63.1525,1284.62,0.0,,9.14,0,28.4302301730735
23.11.2030 13:00,8.39,71.0511456280428,53.08,,77.5375,1080.1975,0.873,44.86,9.14,0,34.796385975283
23.11.2030 14:00,8.27,90.755,53.08,,80.61500000000001,1036.835,0.0,153.19,9.14,0,62.3191855572658
23.11.2030 15:00,8.17,98.972,53.08,,80.805,882.26,4.672999999999999,92.065,9.14,0,68.5613366472832
23.11.2030 16:00,8.08,98.973,53.08,,88.195,775.9425,15.753,84.34333333333333,2.02,0,63.022093044048
23.11.2030 17:00,8.08,98.974,53.08,,94.7925,925.5975,1.519,114.05,2.02,0,64.7745656987508
23.11.2030 18:00,8.08,98.974,53.08,,94.1275,770.7225,35.611999999999995,66.225,2.02,0,65.763960788911
23.11.2030 19:00,8.08,87.85,53.08,,93.405,899.9225,5.441999999999999,138.14333333333337,2.02,0,60.7932552447321
23.11.2030 20:00,8.08,87.623,53.08,,96.645,908.99,78.65,53.9125,4.18,0,48.9679609183792
23.11.2030 21:00,8.08,78.592,53.08,,91.4,902.4725,2.861,144.6925,4.18,0,47.8341176861015
23.11.2030 22:00,8.04,77.95,53.08,,85.64999999999999,717.6725,31.945,86.315,4.18,0,49.7508439391184
23.11.2030 23:00,8.04,74.2331248527698,53.08,,86.75999999999999,673.085,0.001,,4.18,0,51.0286209577467
24.11.2030 00:00,8.35,70.9011283343274,53.08,,86.24,609.54,3.726,82.11,9.9,0,49.6404043325518
24.11.2030 01:00,8.35,69.0197378200083,53.08,,84.09,627.7775,0.333,96.96,9.9,0,48.0259456536371
24.11.2030 02:00,8.35,67.0197851709804,53.08,,78.475,805.305,0.009,,9.9,0,45.8591902159699
24.11.2030 03:00,8.35,64.4052316396898,53.08,,79.475,1034.385,0.475,56.65,9.9,0,43.5628883267172
24.11.2030 04:00,8.35,64.0130423689459,53.08,,87.33250000000001,1250.4875,2.316,31.545,11.75,0,41.90923307571
24.11.2030 05:00,8.35,69.9224133571874,53.08,,102.4825,1125.185,2.882,69.6225,11.75,0,41.4633255955641
24.11.2030 06:00,8.54,77.6272031227577,53.08,,123.56,983.63,1.411,91.635,11.75,0,41.7286851964029
24.11.2030 07:00,8.7,80.7794948709062,53.08,,148.26999999999998,1089.415,0.0,,11.75,0,39.7252008088089
24.11.2030 08:00,8.91,78.592,53.08,,141.1575,1115.03,3.485,104.08666666666666,6.55,0,34.7135246911377
24.11.2030 09:00,8.91,78.592,53.08,,133.675,1220.3675,50.93,80.545,6.55,0,31.4740101044052
24.11.2030 10:00,8.91,78.592,53.08,,129.28,1155.78,4.367,130.3175,6.55,0,30.9282747714844
24.11.2030 11:00,8.91,78.592,53.08,,138.7625,923.955,0.434,64.7,6.55,1,32.7295364042963
24.11.2030 12:00,8.91,80.175,53.08,,148.275,1120.9625,0.494,208.9633333333333,5.44,1,35.939149383967
24.11.2030 13:00,8.91,89.9837637377217,53.08,,159.115,1059.185,0.008,180.96,5.44,1,56.2403906913199
24.11.2030 14:00,8.7,96.8976494382406,53.08,,168.375,928.2925,2.322,222.7225,5.44,0,69.4006494031008
24.11.2030 15:00,8.54,109.752639845315,53.08,,162.45,846.59,1.05,182.2325,5.44,1,71.42203514527
24.11.2030 16:00,8.4,110.825363131758,53.08,,145.5725,838.1225000000001,20.091,217.0625,1.15,1,72.7651650342717
24.11.2030 17:00,8.4,111.671316649013,53.08,,133.70499999999998,890.115,4.35,246.50333333333333,1.15,1,75.9350036977902
24.11.2030 18:00,8.4,110.789393028554,53.08,,124.1225,785.0775,1.446,149.71333333333334,1.15,1,82.7386280998984
24.11.2030 19:00,8.4,110.259057860193,53.08,,100.005,786.9725,27.526,108.1275,1.15,0,78.8262607533834
24.11.2030 20:00,8.4,105.141372792627,53.08,,93.385,831.95,42.228,76.5925,2.5,0,79.2005529769017
24.11.2030 21:00,8.4,99.8940615836897,53.08,,87.2275,589.6175000000001,56.761,72.605,2.5,0,80.0108705772247
24.11.2030 22:00,8.35,98.3965193130824,53.08,,86.6525,597.04,57.108,57.1175,2.5,0,87.4881307868837
24.11.2030 23:00,8.35,97.0567337705994,53.08,,85.635,604.13,28.65,72.785,2.5,0,95.5265976132013
25.11.2030 00:00,8.35,92.4157704462006,53.08,,85.0475,460.47,50.047,78.2475,5.88,0,107.175351455983
25.11.2030 01:00,8.35,96.207,53.08,,86.47749999999999,431.6425,8.626000000000001,88.79666666666667,5.88,0,115.132336549071
25.11.2030 02:00,8.35,99.0622484800894,53.08,,84.06,448.39,54.427,76.735,5.88,0,125.270881299358
25.11.2030 03:00,8.35,108.512310053372,53.08,,91.39,620.4175,7.975,86.355,5.88,0,134.937235387967
25.11.2030 04:00,8.35,115.445475957202,53.08,,117.9525,743.4725000000001,2.342,82.745,7.37,0,144.492740874112
25.11.2030 05:00,8.35,126.383920059121,53.08,,194.245,827.21,6.712,95.79,7.37,0,145.894502384645
25.11.2030 06:00,8.54,113.519964172588,53.08,,223.6175,800.1225,0.35,137.82,7.37,0,145.194439001271
25.11.2030 07:00,8.7,114.15736182803,53.08,,197.2075,721.2425,0.0,,7.37,0,136.690047607947
25.11.2030 08:00,8.91,104.744023171374,53.08,,177.015,714.8375,3.141,116.56,4.91,0,112.852939935315
25.11.2030 09:00,8.91,104.409380033677,53.08,,152.7125,581.265,6.807,158.6,4.91,0,96.3689032206759
25.11.2030 10:00,8.91,95.675,53.08,,145.845,581.64,0.0,,4.91,0,82.9930676202041
25.11.2030 11:00,8.91,95.676,53.08,,150.9075,648.9425,0.876,199.78333333333333,4.91,1,79.6699081999616
25.11.2030 12:00,8.91,92.9780420638729,53.08,,163.6975,671.3050000000001,0.003,,3.95,1,85.6472784974771
25.11.2030 13:00,8.91,115.446365126925,53.08,,180.3175,765.255,0.0,,3.95,1,100.980595475245
25.11.2030 14:00,8.7,132.403302867159,53.08,,200.98,922.455,0.0,,3.95,0,125.034759848
25.11.2030 15:00,8.54,149.903029942456,53.08,,236.455,951.0525,0.0,,3.95,1,107.594212720659
25.11.2030 16:00,8.4,149.718220361864,53.08,,185.02,967.6975,4.683,272.8275,0.78,1,100.56940697923
25.11.2030 17:00,8.4,138.612127807724,53.08,,163.7175,1269.5075,25.763,148.3775,0.78,1,101.20616104703
25.11.2030 18:00,8.4,110.573007852878,53.08,,142.1125,988.8475,0.004,200.4933333333333,0.78,1,80.2029775254532
25.11.2030 19:00,8.4,104.605,53.08,,123.7225,909.3925,12.787,102.73333333333332,0.78,0,52.0522946675411
25.11.2030 20:00,8.4,89.68,53.08,,106.13,729.0799999999999,8.234,103.21,1.9,0,30.3468622659122
25.11.2030 21:00,8.4,78.592,53.08,,99.2175,639.1975,24.554,94.46,1.9,0,15.3161454590158
25.11.2030 22:00,8.35,19.141,53.08,,96.025,542.88,32.72,74.81,1.9,0,0.0
25.11.2030 23:00,8.35,15.705,53.08,,86.3675,596.0475,19.781,516.145,1.9,0,0.0
26.11.2030 00:00,8.35,16.438,53.08,,83.94749999999999,530.78,0.659,91.955,4.2,0,0.0
26.11.2030 01:00,8.35,15.98,53.08,,82.9875,455.59,0.076,99.5925,4.2,0,0.0
26.11.2030 02:00,8.35,15.692,53.08,,84.4875,551.3775,11.498,86.94749999999999,4.2,0,0.0
26.11.2030 03:00,8.35,15.692,53.08,,88.5375,738.885,3.288,88.3775,4.2,0,0.0
26.11.2030 04:00,8.35,15.692,53.08,,107.5525,1029.2,0.953,89.63333333333333,4.91,0,0.0
26.11.2030 05:00,8.35,15.692,53.08,,149.8325,901.38,0.019,112.405,4.91,0,0.0
26.11.2030 06:00,8.54,15.98,53.08,,165.5625,985.455,0.09,200.57,4.91,0,0.0
26.11.2030 07:00,8.7,15.849,53.08,,163.41000000000005,993.8,0.0,,4.91,0,0.0
26.11.2030 08:00,8.91,15.692,53.08,,161.4325,871.0675,0.343,129.34,3.8,0,0.0
26.11.2030 09:00,8.91,15.692,53.08,,149.20499999999998,602.0600000000001,3.188,113.8925,3.8,0,0.0
26.11.2030 10:00,8.91,15.692,53.08,,139.64749999999998,501.1425,0.406,119.5275,3.8,0,0.0
26.11.2030 11:00,8.91,15.692,53.08,,145.6675,425.6475,1.14,109.07666666666668,3.8,1,0.0
26.11.2030 12:00,8.91,15.692,53.08,,140.9225,489.6175,1.228,87.575,2.98,1,0.0
26.11.2030 13:00,8.91,15.692,53.08,,161.8725,456.2775,0.434,97.25,2.98,1,0.0
26.11.2030 14:00,8.7,18.136,53.08,,184.3725,859.63,0.0,,2.98,0,0.0
26.11.2030 15:00,8.54,24.544,53.08,,192.5325,1277.555,0.364,192.3,2.98,1,0.0
26.11.2030 16:00,8.4,24.544,53.08,,177.4,1256.87,0.0,,0.71,1,0.0
26.11.2030 17:00,8.4,24.544,53.08,,150.92000000000002,1088.6174999999998,0.114,161.52,0.71,1,0.0
26.11.2030 18:00,8.4,24.545,53.08,,137.445,886.1075,2.675,135.625,0.71,1,0.0
26.11.2030 19:00,8.4,24.545,53.08,,112.41,725.1425,5.904,110.3,0.71,0,0.0
26.11.2030 20:00,8.4,24.544,53.08,,94.9925,658.1325,22.713,86.2625,1.48,0,0.0
26.11.2030 21:00,8.4,20.715,53.08,,84.185,633.12,22.568,84.1425,1.48,0,0.0
26.11.2030 22:00,8.35,18.206,53.08,,82.28,580.1600000000001,6.771,74.6675,1.48,0,0.0
26.11.2030 23:00,8.35,18.206,53.08,,73.8575,584.09,4.251,84.2275,1.48,0,0.0
27.11.2030 00:00,8.35,33.765,53.08,,68.435,656.235,27.426,64.44,4.0,0,8.35944327624278
27.11.2030 01:00,8.35,33.766,53.08,,68.5675,545.9275,15.01,80.7075,4.0,0,11.2929829348987
27.11.2030 02:00,8.35,33.766,53.08,,69.395,486.535,57.651,70.315,4.0,0,16.5438833435815
27.11.2030 03:00,8.35,34.057,53.08,,68.97,600.9225,82.445,52.315,4.0,0,17.0703967239366
27.11.2030 04:00,8.35,55.053,53.08,,76.67,656.63,71.144,54.8825,4.19,0,21.8732332234464
27.11.2030 05:00,8.35,77.279,53.08,,86.2675,755.085,42.232,56.8725,4.19,0,37.9851118620001
27.11.2030 06:00,8.54,87.201423606361,53.08,,90.29,781.385,26.217,72.3,4.19,0,50.4777670810157
27.11.2030 07:00,8.7,89.3388743966962,53.08,,82.4075,750.985,0.758,86.54499999999999,4.19,0,46.3116173248483
27.11.2030 08:00,8.91,77.158,53.08,,84.35,810.685,33.169,66.9325,6.16,0,37.1320737821175
27.11.2030 09:00,8.91,77.158,53.08,,75.45,882.7575,135.907,44.9775,6.16,0,32.4266346719597
27.11.2030 10:00,8.91,77.158,53.08,,63.505,1003.28,110.863,28.036666666666665,6.16,0,32.1016929225626
27.11.2030 11:00,8.91,78.592,53.08,,71.0625,796.255,0.707,54.125,6.16,1,35.5505420533865
27.11.2030 12:00,8.91,88.458,53.08,,76.14500000000001,673.485,13.335,-5.992499999999998,3.0,1,54.1067186111016
27.11.2030 13:00,8.91,95.3446709873535,53.08,,78.9525,649.55,1.969,30.92,3.0,1,71.8096721498961
27.11.2030 14:00,8.7,105.434305677644,53.08,,77.865,579.97,5.82,81.45666666666666,3.0,0,84.6204457830036
27.11.2030 15:00,8.54,115.684497910238,53.08,,82.3375,574.7275,4.559,90.755,3.0,1,77.0375509327354
27.11.2030 16:00,8.4,114.584842792803,53.08,,78.8425,582.52,159.318,33.0575,0.99,1,74.8938343174007
27.11.2030 17:00,8.4,112.21055540622,53.08,,81.26,583.565,1.536,95.45,0.99,1,78.9126591821709
27.11.2030 18:00,8.4,113.121050109982,53.08,,78.01,556.035,1.154,102.0275,0.99,1,82.2741496306086
27.11.2030 19:00,8.4,111.789054634521,53.08,,76.91,645.5975,4.95,93.475,0.99,0,82.0627695822922
27.11.2030 20:00,8.4,97.8945696577225,53.08,,78.0075,705.7225,8.827,76.2675,5.94,0,85.8362448565574
27.11.2030 21:00,8.4,94.1607266719965,53.08,,72.735,591.355,2.669,84.395,5.94,0,81.3446582127396
27.11.2030 22:00,8.35,89.2805124123881,53.08,,70.14999999999999,609.78,0.183,72.8525,5.94,0,80.6051577476101
27.11.2030 23:00,8.35,88.970471963923,53.08,,67.4675,579.5975,2.588,67.9875,5.94,0,79.2771342413747
28.11.2030 00:00,8.35,85.3684362652719,53.08,,71.425,573.2149999999999,0.198,85.29,19.0,0,86.9995585351598
28.11.2030 01:00,8.35,84.1886934404718,53.08,,73.635,578.0675,3.751,67.9025,19.0,0,85.6594589382001
28.11.2030 02:00,8.35,84.138463750064,53.08,,79.0375,575.3475,13.965,62.5325,19.0,0,83.9636720113733
28.11.2030 03:00,8.35,84.7216158966567,53.08,,82.875,586.4275,0.8619999999999999,72.89333333333333,19.0,0,85.8161657383841
28.11.2030 04:00,8.35,86.0973499179843,53.08,,90.7325,811.2825,0.605,78.3125,8.52,0,87.9617819079452
28.11.2030 05:00,8.35,97.065,53.08,,99.42,931.14,0.35,101.42,8.52,0,96.7937756374197
28.11.2030 06:00,8.54,107.533136571717,53.08,,121.045,1084.73,0.0,,8.52,0,105.546209031762
28.11.2030 07:00,8.7,110.374526074194,53.08,,117.735,971.9575,0.0,,8.52,0,109.814633115816
28.11.2030 08:00,8.91,102.197,53.08,,107.495,874.5925,0.049,102.31,4.75,0,96.0215495810101
28.11.2030 09:00,8.91,102.197,53.08,,99.625,772.3475,12.772,84.38,4.75,0,87.9239297181908
28.11.2030 10:00,8.91,102.197,53.08,,94.67,550.49,9.244,87.35249999999999,4.75,0,90.1934636867664
28.11.2030 11:00,8.91,103.394,53.08,,97.3325,584.1675,1.602,94.53333333333336,4.75,1,105.245545254784
28.11.2030 12:00,8.91,105.654663293639,53.08,,101.905,806.9275,20.774,73.92,2.86,1,114.72178099308
28.11.2030 13:00,8.91,117.626771913691,53.08,,109.69,713.135,0.136,147.62,2.86,1,140.22809909366
28.11.2030 14:00,8.7,144.626625313753,53.08,,116.3725,858.2775,0.008,99.9,2.86,0,154.147765305473
28.11.2030 15:00,8.54,147.921490178256,53.08,,121.79,947.67,0.0,,2.86,1,150.351274491233
28.11.2030 16:00,8.4,150.090717953239,53.08,,115.6975,1028.285,50.141000000000005,80.6525,0.82,1,143.560353466589
28.11.2030 17:00,8.4,149.313942406604,53.08,,109.0225,895.185,44.326,76.735,0.82,1,146.169825357684
28.11.2030 18:00,8.4,144.423697899708,53.08,,99.7175,798.265,4.074,106.635,0.82,1,158.040716031077
28.11.2030 19:00,8.4,143.114542633789,53.08,,99.025,723.3725,8.265,91.0825,0.82,0,165.084359005114
28.11.2030 20:00,8.4,128.192640220477,53.08,,101.7975,729.35,20.899,82.8975,4.24,0,179.953073838566
28.11.2030 21:00,8.4,112.0112775654,53.08,,95.295,777.565,2.172,80.06333333333333,4.24,0,181.524700776678
28.11.2030 22:00,8.35,104.823524902093,53.08,,89.81,554.865,0.911,80.66333333333334,4.24,0,180.98315470532
28.11.2030 23:00,8.35,103.446,53.08,,88.19749999999999,329.5825,0.742,82.5,4.24,0,185.202299787536
29.11.2030 00:00,8.06,95.6535508375702,53.08,,88.91,58.0,0.0,98.29,9.89,0,173.232427829742
29.11.2030 01:00,8.06,92.7143421868228,53.08,,87.9575,,0.0,,9.89,0,166.436153874427
29.11.2030 02:00,8.06,94.1220021859216,53.08,,106.4575,118.03,0.0,,9.89,0,161.344771341476
29.11.2030 03:00,8.06,94.0502316156437,53.08,,104.535,191.96,0.002,105.575,9.89,0,161.341875683571
29.11.2030 04:00,8.06,99.594,53.08,,87.2075,279.46500000000003,7.497999999999999,84.9425,5.69,0,146.372853706446
29.11.2030 05:00,8.06,103.518108657881,53.08,,89.795,303.2575,1.483,82.9025,5.69,0,143.150361203278
29.11.2030 06:00,8.19,116.860606828221,53.08,,98.8575,243.0075,0.0,98.745,5.69,0,142.535186767187
29.11.2030 07:00,8.28,117.755647939323,53.08,,105.4125,262.02,2.201,83.42,5.69,0,135.185584360079
29.11.2030 08:00,8.41,106.876368587137,53.08,,96.4475,278.15250000000003,10.405,87.36,4.48,0,118.835676831077
29.11.2030 09:00,8.41,101.458021905396,53.08,,90.055,341.2825,4.754,85.4875,4.48,0,100.080407933653
29.11.2030 10:00,8.41,93.1434555753459,53.08,,89.36,515.5024999999999,0.004,,4.48,0,93.9239453137013
29.11.2030 11:00,8.41,90.8548016387602,53.08,,92.3075,732.78,0.057,96.01,4.48,0,93.6209745244503
29.11.2030 12:00,8.41,88.2261859796812,53.08,,112.2325,494.065,2.24,86.79666666666667,3.09,0,94.3494811094698
29.11.2030 13:00,8.41,102.714598623429,53.08,,99.5525,377.34,0.949,83.445,3.09,0,100.12601540873
29.11.2030 14:00,8.28,110.928661783729,53.08,,114.22,591.8399999999999,0.887,91.85,3.09,0,103.958922663074
29.11.2030 15:00,8.19,114.178969614002,53.08,,117.9875,498.41,46.236,92.64666666666666,3.09,0,98.839768880101
29.11.2030 16:00,8.1,113.535369577106,53.08,,105.75,441.105,42.566,81.75999999999999,0.79,0,97.1246545057142
29.11.2030 17:00,8.1,113.568560595129,53.08,,93.3225,459.48,0.228,82.63666666666667,0.79,0,95.5649177566915
29.11.2030 18:00,8.1,108.976131396645,53.08,,90.9125,505.7675,2.66,88.4,0.79,0,88.860852727669
29.11.2030 19:00,8.1,102.956522388867,53.08,,87.76,466.195,34.297,76.4325,0.79,0,86.5198591143683
29.11.2030 20:00,8.1,100.811,53.08,,89.31,415.9125,0.053,97.63666666666666,2.84,0,79.9108055463923
29.11.2030 21:00,8.1,93.77,53.08,,84.0375,548.6275,0.7150000000000001,91.35333333333334,2.84,0,73.4516457079662
29.11.2030 22:00,8.06,78.9477685690871,53.08,,80.9625,543.9975,2.9730000000000003,83.44,2.84,0,46.1803595580287
29.11.2030 23:00,8.06,65.4093058536098,53.08,,79.60499999999999,402.8175,27.1,61.625,2.84,0,43.281128332193
30.11.2030 00:00,8.04,77.4829289640509,53.08,,75.465,396.74,41.295,63.0475,7.8,0,40.8287988343081
30.11.2030 01:00,8.04,75.2212816602118,53.08,,69.395,371.0875,0.5820000000000001,81.975,7.8,0,38.938151189977
30.11.2030 02:00,8.04,74.4430785183876,53.08,,78.0175,411.4725,1.5279999999999998,78.5,7.8,0,37.3975022795899
30.11.2030 03:00,8.04,82.43,53.08,,79.8325,333.1775,2.804,77.07,7.8,0,36.770322543763
30.11.2030 04:00,8.04,82.43,53.08,,67.505,523.8725000000001,64.061,46.865,8.75,0,37.494220282406
30.11.2030 05:00,8.04,82.432,53.08,,72.395,565.3475,23.87,56.03,8.75,0,37.7826378808649
30.11.2030 06:00,8.17,89.338,53.08,,80.9575,459.735,1.368,76.11,8.75,0,45.0195780521879
30.11.2030 07:00,8.27,88.327,53.08,,75.0775,593.535,1.478,79.58,8.75,0,43.7654469110747
30.11.2030 08:00,8.39,83.164,53.08,,84.9625,509.3725,0.006,95.47,4.91,0,36.5446418428383
30.11.2030 09:00,8.39,83.164,53.08,,89.615,437.23,1.633,71.015,4.91,0,33.9675906530825
30.11.2030 10:00,8.39,83.164,53.08,,88.6475,499.6225,0.009,78.08,4.91,0,32.8542524602613
30.11.2030 11:00,8.39,81.354,53.08,,92.2925,550.2275,0.227,78.13,4.91,0,32.320889034833
30.11.2030 12:00,8.39,74.5439186425284,53.08,,100.635,614.1275,0.0,,3.97,0,33.6422360066243
30.11.2030 13:00,8.39,86.831,53.08,,117.5525,736.1725,0.0,,3.97,0,47.2376020044835
30.11.2030 14:00,8.27,91.782,53.08,,113.51,612.665,32.327,99.6175,3.97,0,59.6753395486434
30.11.2030 15:00,8.17,95.89,53.08,,104.54,404.48,1.687,120.95,3.97,0,66.3363355765698
30.11.2030 16:00,8.08,97.1033708687208,53.08,,91.8075,454.7475,39.305,90.3925,0.74,0,67.7744238466767
30.11.2030 17:00,8.08,98.0206188529011,53.08,,90.2925,462.415,0.951,,0.74,0,71.2572884809169
30.11.2030 18:00,8.08,98.1356070266112,53.08,,92.58,479.71,6.883,88.10666666666667,0.74,0,75.4836603982564
30.11.2030 19:00,8.08,97.345,53.08,,86.71000000000001,359.135,48.994,73.915,0.74,0,78.9493380035408
30.11.2030 20:00,8.08,95.962334046069,53.08,,87.535,472.4925,13.923,78.7175,2.17,0,80.605483935345
30.11.2030 21:00,8.08,92.843,53.08,,75.345,512.0625,1.004,81.87,2.17,0,85.3921673657795
30.11.2030 22:00,8.04,91.23,53.08,,75.8275,489.76,9.836,70.14,2.17,0,83.6124208888552
30.11.2030 23:00,8.04,89.6232158493901,53.08,,62.3575,639.1800000000001,55.088,47.8925,2.17,0,87.9479693221521
01.12.2030 00:00,8.36,77.8857067137505,53.08,,61.24,435.9675,14.084,76.7375,5.93,0,100.838273422126
01.12.2030 01:00,8.36,92.45,53.08,,63.1275,422.9,0.349,79.555,5.93,0,103.327402488265
01.12.2030 02:00,8.36,92.45,53.08,,60.615,538.5475,6.497,84.1325,5.93,0,105.348087578739
01.12.2030 03:00,8.36,92.701,53.08,,69.735,430.3825,0.309,76.60499999999999,5.93,0,108.300405835158
01.12.2030 04:00,8.36,95.74,53.08,,80.9325,470.585,0.071,87.34666666666665,4.95,0,127.500096320974
01.12.2030 05:00,8.36,100.161,53.08,,103.1325,618.31,0.002,97.74,4.95,0,130.726250750825
01.12.2030 06:00,8.56,131.501074452472,53.08,,110.2675,688.785,0.003,160.91,4.95,0,139.502666607778
01.12.2030 07:00,8.72,163.849513406826,53.08,,95.665,679.835,1.951,114.73666666666668,4.95,0,138.156373935542
01.12.2030 08:00,8.92,110.677217062586,53.08,,89.47749999999999,610.6025,33.634,71.245,3.93,0,110.821202332718
01.12.2030 09:00,8.92,98.749,53.08,,79.83250000000001,598.14,105.336,40.875,3.93,0,99.4460401839658
01.12.2030 10:00,8.92,94.684,53.08,,71.075,654.345,23.189,62.9,3.93,1,88.9973136402079
01.12.2030 11:00,8.92,94.696,53.08,,70.48,640.4525,27.645,74.91499999999999,3.93,1,87.1657384977034
01.12.2030 12:00,8.92,96.158,53.08,,85.05,777.4725,9.831,60.870000000000005,2.94,1,93.3208740433207
01.12.2030 13:00,8.92,101.872211897966,53.08,,95.835,658.015,8.623,63.85,2.94,1,105.291514196247
01.12.2030 14:00,8.72,127.96784244052,53.08,,94.4075,659.5475,2.66,96.95,2.94,1,131.689560413212
01.12.2030 15:00,8.56,172.120022857608,53.08,,82.38,667.4325,23.669,100.50333333333332,2.94,1,171.6064971062
01.12.2030 16:00,8.41,210.155966276482,53.08,,80.8125,724.265,17.839,85.1525,0.98,1,187.27508986336
01.12.2030 17:00,8.41,247.507735503402,53.08,,80.5125,698.0,110.803,67.545,0.98,1,185.25726874646
01.12.2030 18:00,8.41,273.153567300596,53.08,,69.095,657.035,36.649,65.7325,0.98,1,200.264726732491
01.12.2030 19:00,8.41,299.259598765035,53.08,,58.5,735.84,160.32999999999998,41.275,0.98,1,145.638257773092
01.12.2030 20:00,8.41,115.644881715983,53.08,,59.9575,781.5175,265.78700000000003,17.9375,6.61,0,135.748011619466
01.12.2030 21:00,8.41,104.832983431209,53.08,,50.7775,779.615,180.992,33.0875,6.61,0,125.011588542245
01.12.2030 22:00,8.36,100.233,53.08,,59.0475,863.11,15.67,69.265,6.61,0,114.386989626675
01.12.2030 23:00,8.36,90.7875424339115,53.08,,62.9875,538.0275,35.748,50.96,6.61,0,104.881967934487
02.12.2030 00:00,8.36,86.47675275512,53.08,,59.9425,316.1225,86.893,32.5475,30.94,0,90.6262292950763
02.12.2030 01:00,8.36,83.7419316702734,53.08,,38.1475,537.28,96.748,16.145,30.94,0,89.5907809793204
02.12.2030 02:00,8.36,82.8351533384838,53.08,,53.9525,790.1524999999999,0.176,71.735,30.94,0,87.9370964446794
02.12.2030 03:00,8.36,82.6850394951087,53.08,,49.1625,924.2675,122.202,-26.2825,30.94,0,85.6257844183282
02.12.2030 04:00,8.36,82.4724299021465,53.08,,64.45,914.4875,15.662,39.605,27.21,0,83.7421316645337
02.12.2030 05:00,8.36,82.3157844131235,53.08,,89.75,965.7975,25.461,49.295,27.21,0,84.5198747651521
02.12.2030 06:00,8.56,85.5700574143059,53.08,,97.65,1001.96,0.06,97.0,27.21,0,88.395285790847
02.12.2030 07:00,8.72,86.6299412425342,53.08,,97.76,903.66,1.603,99.83,27.21,0,80.5041012970071
02.12.2030 08:00,8.92,82.2156584147912,53.08,,92.15,1023.6425,0.21,106.6575,68.89,0,66.0070900717731
02.12.2030 09:00,8.92,81.2364600873831,53.08,,84.25,950.61,2.948,93.0275,68.89,0,58.6356824795835
02.12.2030 10:00,8.92,79.2995925323623,53.08,,87.715,985.36,0.03,87.56,68.89,1,54.2825706304456
02.12.2030 11:00,8.92,76.2377635605324,53.08,,92.2575,971.71,15.398,91.715,68.89,1,53.105117974208
02.12.2030 12:00,8.92,78.8465072848123,53.08,,98.3875,1017.4025,2.107,94.27,16.67,1,57.7776429200556
02.12.2030 13:00,8.92,84.8957017661506,53.08,,132.3175,1045.7125,0.011,98.3,16.67,1,63.5196141415567
02.12.2030 14:00,8.72,92.45,53.08,,148.45749999999998,1255.69,0.033,117.46,16.67,1,91.6763722952252
02.12.2030 15:00,8.56,95.342,53.08,,162.6425,1308.165,1.675,85.78,16.67,1,92.1127323850022
02.12.2030 16:00,8.41,95.343,53.08,,159.0625,1287.9025,0.788,122.87,0.88,1,87.0172667993531
02.12.2030 17:00,8.41,95.342,53.08,,150.9525,1321.86,0.438,181.77,0.88,1,87.2304209567759
02.12.2030 18:00,8.41,91.564,53.08,,140.0775,1090.22,21.231,113.3875,0.88,1,81.2115188320854
02.12.2030 19:00,8.41,87.8992749184401,53.08,,127.13,910.16,0.447,121.74,0.88,1,71.0336980119988
02.12.2030 20:00,8.41,85.5846309881131,53.08,,120.88,807.61,12.53,108.7925,2.94,0,67.1185846262776
02.12.2030 21:00,8.41,82.8635388319277,53.08,,108.6725,898.9725,17.744,93.605,2.94,0,66.3912731292
02.12.2030 22:00,8.36,79.7941293066161,53.08,,97.685,532.88,10.347,84.7675,2.94,0,64.3175905495967
02.12.2030 23:00,8.36,77.715117663568,53.08,,95.785,530.7025,0.775,101.4175,2.94,0,62.9593402425083
03.12.2030 00:00,8.36,74.5332065511407,53.08,,98.6275,404.7225,4.341,89.2675,10.71,0,65.115379917418
03.12.2030 01:00,8.36,73.803466155021,53.08,,96.58,451.685,7.51,90.0575,10.71,0,61.2241446837793
03.12.2030 02:00,8.36,73.4012982733763,53.08,,98.61,440.5725,7.511,88.56,10.71,0,60.4078574559794
03.12.2030 03:00,8.36,72.7737672373007,53.08,,103.445,583.0925,0.463,91.96,10.71,0,61.8328294407618
03.12.2030 04:00,8.36,73.3230833198126,53.08,,127.1575,765.5725,1.205,93.16666666666669,10.17,0,64.2632722999875
03.12.2030 05:00,8.36,73.6793756961992,53.08,,166.2425,851.015,0.286,101.11,10.17,0,66.6324511197468
03.12.2030 06:00,8.56,76.4717561774103,53.08,,186.9125,1069.1675,2.589,132.435,10.17,0,70.3460484903699
03.12.2030 07:00,8.72,79.3582212252388,53.08,,175.42000000000002,993.125,2.248,143.35,10.17,0,69.5813316273827
03.12.2030 08:00,8.92,78.3403031336338,53.08,,172.64999999999998,939.63,0.158,,11.9,0,61.499413137021
03.12.2030 09:00,8.92,77.3549140182758,53.08,,176.38,940.2475,0.0,,11.9,0,57.1464763943858
03.12.2030 10:00,8.92,81.50181105787,53.08,,181.96,1004.9,0.0,,11.9,1,57.6256092569421
03.12.2030 11:00,8.92,81.1128868445777,53.08,,191.355,916.7225,2.704,128.765,11.9,1,59.4622420109441
03.12.2030 12:00,8.92,82.4661579954175,53.08,,207.78,930.9975,0.0,,5.34,1,63.1633504226814
03.12.2030 13:00,8.92,89.32,53.08,,218.0725,1017.7675,0.0,,5.34,1,80.7491473816164
03.12.2030 14:00,8.72,94.96,53.08,,235.0575,1057.8625,0.0,,5.34,1,99.4506165879633
03.12.2030 15:00,8.56,99.28,53.08,,279.96000000000004,1135.345,0.0,,5.34,1,102.028235862289
03.12.2030 16:00,8.41,99.393,53.08,,237.5375,1557.5025,0.0,,0.67,1,98.6306583642613
03.12.2030 17:00,8.41,99.394,53.08,,215.1175,1405.865,0.004,235.51,0.67,1,93.5903634742871
03.12.2030 18:00,8.41,99.395,53.08,,155.52,1062.21,0.0,,0.67,1,97.1433678595021
03.12.2030 19:00,8.41,99.395,53.08,,157.6175,1121.8674999999998,0.0,,0.67,1,103.697328526286
03.12.2030 20:00,8.41,99.395,53.08,,136.35,998.18,22.21,151.20000000000002,2.06,0,106.524312352742
03.12.2030 21:00,8.41,97.543,53.08,,120.6825,1036.6975,46.805,89.06,2.06,0,109.119996273023
03.12.2030 22:00,8.36,88.0,53.08,,108.595,889.03,5.414999999999999,91.7,2.06,0,93.4449304729453
03.12.2030 23:00,8.36,84.579,53.08,,102.395,671.13,1.865,99.05,2.06,0,94.3826668152505
04.12.2030 00:00,8.36,92.685,53.08,,103.3425,623.2225,0.361,99.37666666666668,6.69,0,100.823424881989
04.12.2030 01:00,8.36,91.33,53.08,,103.8225,528.0675,1.51,96.63,6.69,0,100.388742194408
04.12.2030 02:00,8.36,91.5710212353425,53.08,,110.145,644.685,8.105,73.81,6.69,0,98.6562684000045
04.12.2030 03:00,8.36,91.6491407957383,53.08,,119.9025,791.4825,0.021,,6.69,0,96.3379519475315
04.12.2030 04:00,8.36,91.8084456308418,53.08,,138.70749999999998,948.8875,18.129,87.285,6.35,0,90.8262350942738
04.12.2030 05:00,8.36,97.469874884295,53.08,,156.63,1045.8225,0.165,120.01,6.35,0,81.9237118216559
04.12.2030 06:00,8.56,106.062849715861,53.08,,165.0025,1246.5,2.554,129.31,6.35,0,77.9326832183606
04.12.2030 07:00,8.72,104.07481672025,53.08,,159.1675,1230.9625,0.794,149.755,6.35,0,68.9526793202158
04.12.2030 08:00,8.92,89.1250744929382,53.08,,159.1875,1185.22,1.712,204.825,5.6,0,57.2148102846344
04.12.2030 09:00,8.92,75.4121990021,53.08,,157.3675,991.1425,2.155,145.69666666666666,5.6,0,46.7437071493302
04.12.2030 10:00,8.92,67.7503772239925,53.08,,156.7375,1023.3275,23.443,108.89666666666666,5.6,1,42.9378448284323
04.12.2030 11:00,8.92,66.5580187190948,53.08,,170.0675,1136.8925,50.671,104.86,5.6,1,41.9768869095784
04.12.2030 12:00,8.92,73.0377701180116,53.08,,171.9475,1221.925,51.74,116.4725,3.79,1,43.446314450525
04.12.2030 13:00,8.92,86.4487419081923,53.08,,150.4725,1147.27,10.26,130.815,3.79,1,48.0824554496341
04.12.2030 14:00,8.72,95.8359180674244,53.08,,151.65,973.085,1.484,141.84,3.79,1,60.6809639420449
04.12.2030 15:00,8.56,103.424565154986,53.08,,149.66750000000002,1150.18,0.051,169.33,3.79,1,55.8676928017232
04.12.2030 16:00,8.41,102.590155371983,53.08,,170.85750000000002,1160.54,0.049,260.45,0.63,1,53.6192394255396
04.12.2030 17:00,8.41,100.755645650888,53.08,,143.9525,1180.12,3.057,144.1375,0.63,1,56.2000577823026
04.12.2030 18:00,8.41,100.127211799937,53.08,,132.2425,1052.0125,3.636,124.24,0.63,1,57.9645870914119
04.12.2030 19:00,8.41,99.053773592533,53.08,,119.7675,792.7975,13.611,110.97,0.63,1,56.6871801275143
04.12.2030 20:00,8.41,92.2955830043845,53.08,,108.5775,726.52,3.732,110.0275,1.65,0,55.1582232450117
04.12.2030 21:00,8.41,81.803361258823,53.08,,99.585,674.6875,1.963,103.11,1.65,0,44.0908711060047
04.12.2030 22:00,8.36,72.125664484311,53.08,,99.1575,557.69,15.743,86.69,1.65,0,41.8105130062258
04.12.2030 23:00,8.36,69.0212142225623,53.08,,96.9825,612.1725,7.348999999999999,94.6625,1.65,0,42.1232109224754
05.12.2030 00:00,8.36,74.0951510709626,53.08,,94.3325,451.4425,13.873,86.3125,5.32,0,42.7407330331277
05.12.2030 01:00,8.36,72.8060100212563,53.08,,96.1675,461.91,1.157,104.91333333333334,5.32,0,43.6387052548664
05.12.2030 02:00,8.36,74.9581315793307,53.08,,95.75,564.855,1.687,91.0275,5.32,0,44.8650411579704
05.12.2030 03:00,8.36,75.7498661801687,53.08,,101.6525,551.535,0.223,99.4825,5.32,0,46.0899955568824
05.12.2030 04:00,8.36,80.1725405765248,53.08,,117.49,779.6925,1.156,95.28,4.95,0,49.0335019185799
05.12.2030 05:00,8.36,86.5878108945777,53.08,,147.89749999999998,1008.475,0.232,114.495,4.95,0,50.8645825607362
05.12.2030 06:00,8.56,93.9198673018758,53.08,,165.805,944.3475,0.0,,4.95,0,55.422628602614
05.12.2030 07:00,8.72,93.4133316573595,53.08,,187.885,1253.0375,2.735,136.52,4.95,0,55.4699242788946
05.12.2030 08:00,8.92,88.4109191214042,53.08,,167.12,1314.8725,0.015,,3.6,0,44.7449330012495
05.12.2030 09:00,8.92,77.185863741751,53.08,,154.4225,1292.575,0.019,145.99,3.6,0,37.8944580413475
05.12.2030 10:00,8.92,66.8021503174133,53.08,,142.0575,1066.9425,1.696,132.74,3.6,1,35.3314557986059
05.12.2030 11:00,8.92,66.3960603674832,53.08,,140.485,878.48,0.934,130.44,3.6,1,36.4055859988644
05.12.2030 12:00,8.92,74.6858649672919,53.08,,140.785,1015.255,2.397,122.15,2.58,1,37.4387624961176
05.12.2030 13:00,8.92,87.961,53.08,,138.10250000000002,1042.875,0.0,,2.58,1,41.7460524242288
05.12.2030 14:00,8.72,92.3801927950744,53.08,,134.89249999999998,917.34,0.0,,2.58,1,48.8179312052116
05.12.2030 15:00,8.56,93.704718017639,53.08,,130.5475,969.7075,0.0,,2.58,1,48.9422298387391
05.12.2030 16:00,8.41,95.2892379343946,53.08,,119.88,932.82,41.418,83.86,0.54,1,48.3140211332551
05.12.2030 17:00,8.41,95.7542975755442,53.08,,110.795,860.81,0.853,104.8125,0.54,1,49.2630498831581
05.12.2030 18:00,8.41,95.2362470304619,53.08,,97.7475,744.0175,3.3720000000000003,97.4125,0.54,1,50.493741195348
05.12.2030 19:00,8.41,93.2983772000748,53.08,,98.4875,702.4125,1.4269999999999998,112.61,0.54,1,52.7916018554732
05.12.2030 20:00,8.41,92.4473184870856,53.08,,94.3325,694.215,1.412,107.4875,1.35,0,54.9137197408783
05.12.2030 21:00,8.41,92.072854118079,53.08,,85.5925,772.8299999999999,0.0,98.6,1.35,0,59.1791073316486
05.12.2030 22:00,8.36,86.2162895071781,53.08,,82.35000000000001,894.8975,1.55,57.27,1.35,0,53.9211000300253
05.12.2030 23:00,8.36,82.7978800246567,53.08,,76.4825,649.0725,12.622,58.6375,1.35,0,56.4925002059108
06.12.2030 00:00,8.07,68.3603545248855,53.08,,70.7675,645.6725,1.975,91.535,4.62,0,58.3826798731106
06.12.2030 01:00,8.07,66.91996454146,53.08,,70.6625,509.4925,5.305999999999999,83.9775,4.62,0,60.9664434390944
06.12.2030 02:00,8.07,70.9409242821701,53.08,,66.225,528.565,38.604,57.945,4.62,0,64.7707255107124
06.12.2030 03:00,8.07,73.8531285358078,53.08,,66.53999999999999,503.79,20.245,52.585,4.62,0,68.0558566794342
06.12.2030 04:00,8.07,90.806,53.08,,61.47,975.91,51.577,44.2025,6.44,0,85.7446695123133
06.12.2030 05:00,8.07,99.377878482076,53.08,,68.5575,550.0725,18.923,49.7775,6.44,0,99.7326371468883
06.12.2030 06:00,8.2,109.034468577756,53.08,,68.695,721.665,7.792999999999999,62.53,6.44,0,97.9147566105931
06.12.2030 07:00,8.29,110.099782782094,53.08,,77.105,687.8725,0.914,71.13,6.44,0,96.9104064947444
06.12.2030 08:00,8.42,104.277715121164,53.08,,81.4175,743.4300000000001,6.136,68.2075,4.57,0,87.9769131107832
06.12.2030 09:00,8.42,95.0792403715849,53.08,,80.77,754.9975,12.53,42.17,4.57,0,76.3874263765644
06.12.2030 10:00,8.42,86.2613892301437,53.08,,84.2025,902.7875,0.907,58.65,4.57,0,69.8177008696812
06.12.2030 11:00,8.42,79.8019735447367,53.08,,82.8725,790.2875,29.165000000000003,68.7525,4.57,0,64.2017407222307
06.12.2030 12:00,8.42,81.6334150085389,53.08,,85.3775,711.4449999999999,0.833,90.31,3.01,0,66.5178112469111
06.12.2030 13:00,8.42,90.9146074968082,53.08,,87.0875,676.0725,0.6880000000000001,94.31,3.01,0,73.6655665112959
06.12.2030 14:00,8.29,108.146778772796,53.08,,91.4425,717.5799999999999,0.001,90.35,3.01,0,87.3368816043964
06.12.2030 15:00,8.2,112.942629915683,53.08,,90.5225,814.33,4.273,80.68,3.01,0,86.3340137887624
06.12.2030 16:00,8.11,116.308603370303,53.08,,80.35,769.28,4.42,84.495,0.97,0,81.1456598736721
06.12.2030 17:00,8.11,113.007667622059,53.08,,75.7075,725.5225,7.513000000000001,84.75,0.97,0,82.5325194084241
06.12.2030 18:00,8.11,109.090872604552,53.08,,74.92,635.0225,4.475,89.955,0.97,0,86.3447164228471
06.12.2030 19:00,8.11,104.820006403139,53.08,,74.2775,500.005,8.77,64.8125,0.97,0,82.0527039920043
06.12.2030 20:00,8.11,96.1711567072254,53.08,,75.52,535.56,25.487,69.5325,1.95,0,77.9587991410855
06.12.2030 21:00,8.11,89.5178763696868,53.08,,72.3625,591.81,6.448,79.88499999999999,1.95,0,70.8431852264503
06.12.2030 22:00,8.07,79.4128288395691,53.08,,72.155,639.815,1.322,70.095,1.95,0,59.1640733994602
06.12.2030 23:00,8.07,75.5616750525704,53.08,,68.545,553.7525,10.441,71.52,1.95,0,57.265964100938
07.12.2030 00:00,8.05,72.3949066442358,53.08,,68.9225,504.4475,0.503,70.52666666666666,14.46,0,56.3902474762108
07.12.2030 01:00,8.05,70.9670466260129,53.08,,76.31,511.4725,0.027,89.19999999999999,14.46,0,54.7139921116357
07.12.2030 02:00,8.05,69.0132228769932,53.08,,78.7225,605.385,40.97,65.005,14.46,0,54.2825653078483
07.12.2030 03:00,8.05,70.8852796878125,53.08,,82.5875,731.7225,3.934,81.78,14.46,0,54.2188643363808
07.12.2030 04:00,8.05,73.7927327597172,53.08,,75.735,696.235,33.455,67.16499999999999,9.24,0,55.4417141975821
07.12.2030 05:00,8.05,79.3063705373414,53.08,,77.4875,807.9075,1.035,67.0,9.24,0,57.8402629447583
07.12.2030 06:00,8.18,95.8030677295792,53.08,,85.0075,838.155,0.009,89.67,9.24,0,71.8721111485072
07.12.2030 07:00,8.28,100.193288601664,53.08,,94.88,750.5475,2.721,83.08666666666666,9.24,0,74.3272512561685
07.12.2030 08:00,8.4,91.9976559170975,53.08,,95.0075,725.0550000000001,5.535,78.14999999999999,3.94,0,64.2700650096846
07.12.2030 09:00,8.4,80.3029813462649,53.08,,96.9675,850.735,0.523,80.12,3.94,0,54.5295631311455
07.12.2030 10:00,8.4,73.509674860291,53.08,,96.905,994.485,0.263,85.3,3.94,0,52.8235679987558
07.12.2030 11:00,8.4,59.5803884096974,53.08,,99.2975,967.415,0.0,,3.94,0,52.4818780363419
07.12.2030 12:00,8.4,67.8685003280955,53.08,,100.485,860.755,0.004,110.2,2.34,0,53.5279308443968
07.12.2030 13:00,8.4,92.0847850821013,53.08,,100.61,727.5675,0.294,92.29333333333334,2.34,0,64.1766516694133
07.12.2030 14:00,8.28,114.503087384016,53.08,,98.395,606.6525,5.357,86.005,2.34,0,78.2580089637526
07.12.2030 15:00,8.18,119.552135576966,53.08,,99.8825,797.505,0.036,87.42500000000001,2.34,0,79.0921307646212
07.12.2030 16:00,8.09,120.085068039215,53.08,,99.1525,793.81,0.605,119.17666666666668,0.67,0,75.9880199590867
07.12.2030 17:00,8.09,118.635263002462,53.08,,78.295,894.0899999999999,26.33,86.9475,0.67,0,77.9787141817831
07.12.2030 18:00,8.09,115.180566343417,53.08,,61.96,933.0825,40.634,70.595,0.67,0,80.9227042479412
07.12.2030 19:00,8.09,94.6520176243581,53.08,,41.945,1206.165,60.488,38.3575,0.67,0,77.6882221663588
07.12.2030 20:00,8.09,90.6482600504865,53.08,,25.665,1208.7625,35.518,25.4475,4.0,0,73.0484200278588
07.12.2030 21:00,8.09,86.5255007878669,53.08,,7.17,897.48,63.232,13.4475,4.0,0,66.7987286177945
07.12.2030 22:00,8.05,82.3341629404525,53.08,,0.1574999999999999,699.0550000000001,165.44400000000002,-72.11500000000001,4.0,0,65.9472532849547
07.12.2030 23:00,8.05,77.9518853309745,53.08,,-0.0624999999999999,573.3325,33.191,-4.2700000000000005,4.0,0,64.1852975509627
08.12.2030 00:00,8.36,73.3911420872513,53.08,,0.59,462.1025,46.49,-14.535,57.98,0,63.4868890910724
08.12.2030 01:00,8.36,70.4855346241131,53.08,,0.41,585.905,160.06,-39.197500000000005,57.98,0,60.6141794432671
08.12.2030 02:00,8.36,70.1486862501048,53.08,,1.5625,513.6225,152.993,-35.5375,57.98,0,58.796652987183
08.12.2030 03:00,8.36,69.5758206860632,53.08,,7.975,777.485,31.181,36.2,57.98,0,58.2465455669253
08.12.2030 04:00,8.36,71.7440589147161,53.08,,50.9225,1047.68,14.479,7.479999999999999,32.0,0,58.1091265813624
08.12.2030 05:00,8.36,77.0708877219106,53.08,,71.36,1229.15,139.634,-102.9,32.0,0,58.1084050076984
08.12.2030 06:00,8.56,91.6974899684311,53.08,,81.05,997.265,42.258,25.6475,32.0,0,69.8977519710685
08.12.2030 07:00,8.72,92.1890438076372,53.08,,73.115,920.51,3.797,88.1325,32.0,0,67.078782106049
08.12.2030 08:00,8.92,82.2622884073539,53.08,,74.9425,999.285,9.596,69.51,4.3,0,53.4224419977877
08.12.2030 09:00,8.92,71.8200115750495,53.08,,71.6875,979.8975,99.891,47.105,4.3,0,48.8836426547237
08.12.2030 10:00,8.92,71.4993118827755,53.08,,78.8475,844.3225,0.436,59.37,4.3,1,48.2749897715364
08.12.2030 11:00,8.92,68.455999428829,53.08,,82.705,893.4475,0.486,59.515,4.3,1,48.0672472175207
08.12.2030 12:00,8.92,85.3523280999314,53.08,,92.17,937.3825,0.197,72.68,4.47,1,56.5552365590185
08.12.2030 13:00,8.92,96.5645241352059,53.08,,96.6375,826.3675,1.153,90.12666666666668,4.47,1,79.070052096105
08.12.2030 14:00,8.72,118.68862191935,53.08,,92.875,1030.0625,136.449,22.275,4.47,1,103.235863253895
08.12.2030 15:00,8.56,178.197647100087,53.08,,91.9225,1135.4925,47.887,71.9825,4.47,1,119.718602279257
08.12.2030 16:00,8.41,184.753608641249,53.08,,86.1525,1170.085,163.743,23.5675,0.86,1,121.280922356139
08.12.2030 17:00,8.41,186.372034386412,53.08,,84.32000000000001,1055.6825,6.538,105.2025,0.86,1,125.302711916133
08.12.2030 18:00,8.41,187.620484221738,53.08,,76.3275,784.0225,32.697,76.13749999999999,0.86,1,142.380966320542
08.12.2030 19:00,8.41,186.561449430833,53.08,,77.245,806.335,11.227,73.72749999999999,0.86,1,152.580250835044
08.12.2030 20:00,8.41,182.935291194357,53.08,,88.4425,812.6975,82.725,53.0575,3.83,0,162.421434623174
08.12.2030 21:00,8.41,147.475761383075,53.08,,81.3475,1006.79,0.089,99.85,3.83,0,167.938577942582
08.12.2030 22:00,8.36,123.596824477581,53.08,,75.6625,964.2725,21.581,66.9275,3.83,0,157.680710799218
08.12.2030 23:00,8.36,112.808621541293,53.08,,73.7325,752.3975,3.273,73.28,3.83,0,167.108110308183
09.12.2030 00:00,8.36,104.983022352266,53.08,,78.83,674.7475,0.298,90.24,16.85,0,183.459459096757
09.12.2030 01:00,8.36,102.53262439818,53.08,,85.0,756.63,1.04,77.33,16.85,0,179.785540872372
09.12.2030 02:00,8.36,100.144011138409,53.08,,79.82249999999999,760.5775,88.89099999999999,55.605,16.85,0,174.926929188275
09.12.2030 03:00,8.36,98.5051245192524,53.08,,83.3775,729.1975,1.544,63.14,16.85,0,174.749319400035
09.12.2030 04:00,8.36,102.916371573081,53.08,,94.9225,881.235,18.556,48.0,10.28,0,174.643063386221
09.12.2030 05:00,8.36,103.043314507905,53.08,,105.7325,1160.075,23.316,76.90333333333334,10.28,0,177.655192994161
09.12.2030 06:00,8.56,107.696682649081,53.08,,123.0975,932.8025,2.255,75.42,10.28,0,179.751142549873
09.12.2030 07:00,8.72,110.767602271132,53.08,,114.1175,1075.0925,1.798,97.775,10.28,0,174.108006102668
09.12.2030 08:00,8.92,102.76008981741,53.08,,102.555,942.69,97.271,56.025000000000006,3.31,0,130.044329319115
09.12.2030 09:00,8.92,93.5763559675344,53.08,,99.3325,980.165,68.84,62.74,3.31,0,104.787094549085
09.12.2030 10:00,8.92,87.1215427496876,53.08,,90.1325,972.54,44.549,62.25,3.31,1,94.3306378062003
09.12.2030 11:00,8.92,86.6810547594388,53.08,,88.2375,955.69,112.861,53.51,3.31,1,92.105327620475
09.12.2030 12:00,8.92,87.2790469013357,53.08,,108.425,1115.215,7.670999999999999,60.05,2.44,1,98.0153272077019
09.12.2030 13:00,8.92,96.9939590838898,53.08,,132.74,1331.37,3.213,70.11,2.44,1,112.933887112325
09.12.2030 14:00,8.72,114.693338043011,53.08,,142.36,1360.1175,9.424,76.03,2.44,1,140.621762690243
09.12.2030 15:00,8.56,119.472232170756,53.08,,141.16750000000002,1425.37,13.375,92.4675,2.44,1,133.407137381214
09.12.2030 16:00,8.41,118.814255686428,53.08,,126.7275,1416.715,89.751,86.345,0.65,1,128.552146088695
09.12.2030 17:00,8.41,114.103355708497,53.08,,100.5525,735.19,63.224,103.3625,0.65,1,135.956583636736
09.12.2030 18:00,8.41,103.601340415525,53.08,,86.17750000000001,510.73,0.478,105.3,0.65,1,122.499124173972
09.12.2030 19:00,8.41,97.242,53.08,,70.6925,322.745,218.225,50.55,0.65,1,114.409144089795
09.12.2030 20:00,8.41,91.562,53.08,,75.555,523.975,190.509,9.1175,4.25,0,96.6857606757093
09.12.2030 21:00,8.41,80.439,53.08,,48.2125,714.14,5.645,63.59333333333333,4.25,0,74.2656668114896
09.12.2030 22:00,8.36,73.235,53.08,,19.115,936.2325,32.477000000000004,27.06,4.25,0,71.3997312511105
09.12.2030 23:00,8.36,43.137,53.08,,11.2275,857.5799999999999,156.078,-13.4425,4.25,0,66.6327149566249
10.12.2030 00:00,8.36,42.75,53.08,,6.8875,698.9225,69.554,-0.3550000000000004,21.02,0,65.3145220530742
10.12.2030 01:00,8.36,34.909,53.08,,5.6575,728.6600000000001,78.004,30.5075,21.02,0,52.0623884731254
10.12.2030 02:00,8.36,32.215,53.08,,13.0,794.39,12.661,29.49666666666667,21.02,0,40.4052920246918
10.12.2030 03:00,8.36,30.797,53.08,,40.6325,833.0725,102.518,-9.96,21.02,0,33.0036770985697
10.12.2030 04:00,8.36,30.334,53.08,,72.9325,1090.2,26.274,28.895000000000003,16.75,0,30.1387282670185
10.12.2030 05:00,8.36,30.332,53.08,,81.8925,984.7225,5.361,52.307500000000005,16.75,0,28.50835174721
10.12.2030 06:00,8.56,30.334,53.08,,100.9125,920.79,0.556,46.4,16.75,0,28.0791042160099
10.12.2030 07:00,8.72,30.334,53.08,,106.9075,1122.13,0.0,,16.75,0,26.9171198985032
10.12.2030 08:00,8.92,30.334,53.08,,110.71,1165.875,0.0,111.47,18.8,0,24.5061993558133
10.12.2030 09:00,8.92,30.334,53.08,,114.0,1289.62,1.017,110.73,18.8,0,22.8151475204663
10.12.2030 10:00,8.92,30.334,53.08,,114.965,1350.64,0.427,108.63,18.8,1,22.0375884670876
10.12.2030 11:00,8.92,30.334,53.08,,117.115,1489.665,0.229,102.955,18.8,1,21.8304287465852
10.12.2030 12:00,8.92,30.334,53.08,,119.575,1173.395,3.276,97.905,17.74,1,22.3186732216056
10.12.2030 13:00,8.92,30.334,53.08,,122.03,923.3675,0.007,107.62,17.74,1,23.5576351873508
10.12.2030 14:00,8.72,31.877,53.08,,117.2475,680.09,3.5890000000000004,98.015,17.74,1,25.6686370187281
10.12.2030 15:00,8.56,34.715,53.08,,110.675,825.0325,9.739,83.67,17.74,1,26.1918216855116
10.12.2030 16:00,8.41,34.984,53.08,,99.985,898.6675,40.692,85.2475,2.87,1,26.1510945058962
10.12.2030 17:00,8.41,34.985,53.08,,89.5025,921.935,5.282,105.0375,2.87,1,25.8924230606081
10.12.2030 18:00,8.41,34.985,53.08,,79.4075,954.9275,4.032,85.355,2.87,1,25.5347341397554
10.12.2030 19:00,8.41,34.985,53.08,,76.985,698.7525,0.01,105.185,2.87,1,26.5932567256477
10.12.2030 20:00,8.41,34.985,53.08,,75.975,595.485,58.732,66.295,3.25,0,26.2483202539182
10.12.2030 21:00,8.41,34.909,53.08,,73.875,618.76,0.651,74.33666666666666,3.25,0,27.6272796300826
10.12.2030 22:00,8.36,32.217,53.08,,70.145,667.24,80.46,42.67,3.25,0,25.7864841056013
10.12.2030 23:00,8.36,30.915,53.08,,67.1575,739.1775,37.682,63.8125,3.25,0,25.9360874237504
11.12.2030 00:00,8.36,44.925,53.08,,62.0775,702.605,100.173,53.895,13.4,0,28.6211595722805
11.12.2030 01:00,8.36,44.925,53.08,,59.8375,685.475,429.12,25.8,13.4,0,28.7381466398249
11.12.2030 02:00,8.36,44.925,53.08,,60.4075,811.6425,254.888,34.02,13.4,0,28.304852258664
11.12.2030 03:00,8.36,44.925,53.08,,72.075,834.6975,2.696,64.65333333333334,13.4,0,28.161848630411
11.12.2030 04:00,8.36,44.926,53.08,,77.35,1011.9625,36.675,55.6775,9.1,0,29.1438762382792
11.12.2030 05:00,8.36,69.113,53.08,,89.4775,630.1675,36.07,69.125,9.1,0,42.7998942421261
11.12.2030 06:00,8.56,81.803,53.08,,95.44,803.0975000000001,65.08500000000001,60.705,9.1,0,49.4494198186144
11.12.2030 07:00,8.72,85.407,53.08,,85.85,1035.4975,11.745,61.11,9.1,0,47.9441828071948
11.12.2030 08:00,8.92,83.371,53.08,,79.255,905.43,82.321,57.51,6.72,0,45.6747756847202
11.12.2030 09:00,8.92,81.803,53.08,,73.275,984.9725,125.384,58.78,6.72,0,43.7415283533388
11.12.2030 10:00,8.92,81.803,53.08,,68.495,1010.9925,183.438,20.4175,6.72,1,43.1627987733762
11.12.2030 11:00,8.92,81.803,53.08,,63.75,1145.7175,293.135,-18.48,6.72,1,43.3549839439162
11.12.2030 12:00,8.92,83.808,53.08,,71.5625,1055.27,133.866,23.3475,6.0,1,44.0706059642322
11.12.2030 13:00,8.92,86.7202349582453,53.08,,92.65,1156.35,41.181,38.6325,6.0,1,46.8999380271046
11.12.2030 14:00,8.72,91.4194238946872,53.08,,105.1075,1093.33,7.824999999999999,88.21333333333332,6.0,1,55.4640977633651
11.12.2030 15:00,8.56,94.9352825156254,53.08,,100.055,1100.2675,19.247,78.3375,6.0,1,61.1064471465012
11.12.2030 16:00,8.41,97.9097440034683,53.08,,90.3925,1024.9775,5.33,86.1075,1.06,1,56.9859475436865
11.12.2030 17:00,8.41,96.8534692899019,53.08,,87.5125,857.6899999999999,0.773,108.5075,1.06,1,59.1742257921967
11.12.2030 18:00,8.41,97.1900617082014,53.08,,83.9825,715.3775,3.213,84.5375,1.06,1,60.2816437525926
11.12.2030 19:00,8.41,95.889274062213,53.08,,83.7875,701.1524999999999,0.3,99.365,1.06,1,64.4935951898615
11.12.2030 20:00,8.41,94.6086651167678,53.08,,86.8375,739.2475,2.558,94.89666666666666,2.21,0,66.3168211266057
11.12.2030 21:00,8.41,93.2709454653193,53.08,,87.3075,850.9675,6.148,115.57666666666668,2.21,0,69.5834365945564
11.12.2030 22:00,8.36,88.9637444447625,53.08,,90.9075,676.5475,0.028,127.665,2.21,0,65.2274025113748
11.12.2030 23:00,8.36,81.9595851698489,53.08,,91.6775,570.4525,0.046,92.55333333333331,2.21,0,59.1743509632406
12.12.2030 00:00,8.36,81.6782200795109,53.08,,85.975,532.7925,0.272,93.8,8.49,0,62.8105193509992
12.12.2030 01:00,8.36,79.4657132733656,53.08,,90.2875,465.4475,0.361,85.59333333333332,8.49,0,60.6092879345522
12.12.2030 02:00,8.36,79.133476811473,53.08,,96.7675,647.755,0.0,,8.49,0,62.6458157906043
12.12.2030 03:00,8.36,78.044991027881,53.08,,99.08,680.6875,5.798,55.76,8.49,0,63.7534951686014
12.12.2030 04:00,8.36,81.5421021457378,53.08,,117.8375,926.0875,1.416,90.71333333333332,5.66,0,65.1972042116446
12.12.2030 05:00,8.36,94.384,53.08,,128.345,956.935,13.486,82.79,5.66,0,76.5660809834529
12.12.2030 06:00,8.56,99.0425703603802,53.08,,129.47,906.965,3.694,99.02,5.66,0,79.4378411917521
12.12.2030 07:00,8.72,100.594438812931,53.08,,125.6875,1086.7975,0.119,113.84,5.66,0,77.6564180519163
12.12.2030 08:00,8.92,96.8290162323787,53.08,,122.525,988.5425,0.0,,3.9,0,73.1244130086228
12.12.2030 09:00,8.92,94.384,53.08,,114.985,675.3175,3.221,110.9525,3.9,0,68.354113747932
12.12.2030 10:00,8.92,81.9275901289162,53.08,,109.0175,517.8825,0.516,103.29666666666668,3.9,1,66.7886103797947
12.12.2030 11:00,8.92,81.7835919610945,53.08,,117.4975,657.1325,0.009,104.65,3.9,1,68.4344490046361
12.12.2030 12:00,8.92,95.07,53.08,,126.0525,874.865,0.009,,3.1,1,71.1067055981415
12.12.2030 13:00,8.92,101.61,53.08,,135.0525,1049.7725,10.260000000000002,101.38,3.1,1,88.6465065364587
12.12.2030 14:00,8.72,121.44386827974,53.08,,130.555,931.9525,9.624,113.3625,3.1,1,110.9692137793
12.12.2030 15:00,8.56,133.698741765832,53.08,,127.6025,927.5675,0.447,115.98,3.1,1,123.097652478509
12.12.2030 16:00,8.41,135.561087015428,53.08,,125.155,946.205,5.905,116.44,0.68,1,113.86514398915
12.12.2030 17:00,8.41,135.36338807054,53.08,,124.255,889.785,16.689,101.28,0.68,1,118.390002703919
12.12.2030 18:00,8.41,134.780258074033,53.08,,120.6625,689.0150000000001,3.342,107.6825,0.68,1,129.265293782242
12.12.2030 19:00,8.41,131.126115915603,53.08,,118.0025,831.59,3.813,98.58333333333331,0.68,1,132.042385389415
12.12.2030 20:00,8.41,130.268300444473,53.08,,109.385,853.4925,34.601,91.655,1.56,0,135.01411472279
12.12.2030 21:00,8.41,115.513420617091,53.08,,94.1575,647.815,9.992,90.39,1.56,0,144.714057785962
12.12.2030 22:00,8.36,104.980683712145,53.08,,93.145,507.94,4.262,79.33500000000001,1.56,0,144.335129193826
12.12.2030 23:00,8.36,101.909259020748,53.08,,92.0675,502.2275,19.689,75.945,1.56,0,148.648398705573
13.12.2030 00:00,8.07,92.4269147602851,53.08,,90.59,478.98,17.025,75.22666666666667,5.62,0,152.924013401951
13.12.2030 01:00,8.07,92.2395561949481,53.08,,87.32499999999999,437.2225,3.632,85.2375,5.62,0,156.138344444568
13.12.2030 02:00,8.07,92.4837836006144,53.08,,82.97749999999999,504.4775,16.2,81.38499999999999,5.62,0,160.286169026087
13.12.2030 03:00,8.07,93.7971999859557,53.08,,85.51,457.43,0.072,88.38333333333333,5.62,0,162.038951003837
13.12.2030 04:00,8.07,98.8728035300698,53.08,,81.445,724.1775,11.269,80.825,4.45,0,162.093640462019
13.12.2030 05:00,8.07,108.993317972082,53.08,,83.02250000000001,797.9525,4.696000000000001,86.47,4.45,0,157.663016418065
13.12.2030 06:00,8.2,125.572814558206,53.08,,86.5975,723.205,9.567,78.05250000000001,4.45,0,155.443178027489
13.12.2030 07:00,8.29,127.511107146342,53.08,,102.2475,666.1324999999999,1.719,85.6225,4.45,0,146.771109230767
13.12.2030 08:00,8.42,122.282807605243,53.08,,101.235,711.165,0.518,91.74,3.53,0,139.172890083278
13.12.2030 09:00,8.42,105.590624313011,53.08,,100.54,755.9025,4.737,86.72666666666667,3.53,0,122.018117405369
13.12.2030 10:00,8.42,98.3762418594785,53.08,,94.8925,773.48,6.397,87.135,3.53,0,118.395933741537
13.12.2030 11:00,8.42,97.7290548718395,53.08,,91.6975,595.6475,0.108,92.6,3.53,0,119.649962337857
13.12.2030 12:00,8.42,97.4766888891538,53.08,,100.1675,702.7475,0.0,76.65,2.64,0,121.821504445256
13.12.2030 13:00,8.42,120.627801243452,53.08,,114.3725,818.035,0.602,81.285,2.64,0,139.224106264207
13.12.2030 14:00,8.29,189.587551393943,53.08,,118.465,704.49,2.198,105.72,2.64,0,168.651466030833
13.12.2030 15:00,8.2,336.590201723488,53.08,,119.8675,538.0825,1.121,129.345,2.64,0,224.53743235426
13.12.2030 16:00,8.11,343.450818022237,53.08,,121.4475,694.0975000000001,0.694,126.22,0.61,0,206.328833986638
13.12.2030 17:00,8.11,342.133212588654,53.08,,109.67,780.865,21.651,101.7125,0.61,0,211.383446589135
13.12.2030 18:00,8.11,342.066481039303,53.08,,89.08250000000001,797.8725,53.846,74.3725,0.61,0,212.333646408884
13.12.2030 19:00,8.11,199.585122623382,53.08,,86.81,690.835,4.071,85.9025,0.61,0,223.807979975539
13.12.2030 20:00,8.11,164.712026949176,53.08,,86.1825,676.2049999999999,21.415,76.655,1.84,0,180.512527204277
13.12.2030 21:00,8.11,127.017968487579,53.08,,84.14750000000001,659.1800000000001,7.051,73.4325,1.84,0,168.849067537496
13.12.2030 22:00,8.07,107.28233415956,53.08,,80.7075,650.2774999999999,1.208,81.2775,1.84,0,163.112166750553
13.12.2030 23:00,8.07,95.7922330318725,53.08,,79.16,525.81,5.347,78.5275,1.84,0,172.827961715788
14.12.2030 00:00,8.05,115.670157308557,53.08,,77.9025,423.2875,19.939,73.315,5.0,0,176.663925032315
14.12.2030 01:00,8.05,112.613932394003,53.08,,77.575,410.625,4.45,84.2,5.0,0,168.269798671358
14.12.2030 02:00,8.05,108.601088208979,53.08,,69.775,587.955,2.935,78.4975,5.0,0,163.674788387439
14.12.2030 03:00,8.05,108.605371473207,53.08,,67.975,654.085,0.2309999999999999,87.285,5.0,0,160.770125936702
14.12.2030 04:00,8.05,110.476984031714,53.08,,70.8475,555.105,0.067,90.0975,4.36,0,156.112754678881
14.12.2030 05:00,8.05,133.111348932881,53.08,,69.9375,704.7075,15.176000000000002,67.4975,4.36,0,158.193213518137
14.12.2030 06:00,8.18,164.783594800137,53.08,,75.8775,620.8475000000001,3.725,84.4025,4.36,0,154.215307101398
14.12.2030 07:00,8.28,163.853131710752,53.08,,76.3475,672.015,1.084,86.21999999999998,4.36,0,145.336342008404
14.12.2030 08:00,8.4,138.472553097599,53.08,,76.605,758.3675000000001,1.587,78.96000000000001,3.52,0,130.304226531528
14.12.2030 09:00,8.4,114.938,53.08,,76.50750000000001,662.7275,26.062,55.00333333333333,3.52,0,111.346893980793
14.12.2030 10:00,8.4,113.411,53.08,,77.2125,718.635,20.521,53.595,3.52,0,99.7296381764641
14.12.2030 11:00,8.4,113.411,53.08,,78.3775,676.7850000000001,5.399,57.52,3.52,0,96.0483436033692
14.12.2030 12:00,8.4,113.414,53.08,,89.5975,781.0799999999999,0.0,,2.67,0,101.911600040268
14.12.2030 13:00,8.4,121.895,53.08,,97.7825,854.8825,2.134,80.84,2.67,0,115.765387582986
14.12.2030 14:00,8.28,159.557825605206,53.08,,100.105,818.215,23.306,74.645,2.67,0,120.72547357063
14.12.2030 15:00,8.18,166.851379511953,53.08,,95.32,774.6525,1.046,111.945,2.67,0,112.438647352959
14.12.2030 16:00,8.09,159.580407912813,53.08,,92.275,706.455,0.0,,0.69,0,112.040053919071
14.12.2030 17:00,8.09,150.674697432039,53.08,,92.9075,675.235,0.296,98.8975,0.69,0,113.215197316272
14.12.2030 18:00,8.09,149.872359820783,53.08,,89.77499999999999,814.8975,3.762,91.84333333333332,0.69,0,113.85180559222
14.12.2030 19:00,8.09,126.432,53.08,,86.9025,814.0174999999999,3.3600000000000003,88.82,0.69,0,102.877438052282
14.12.2030 20:00,8.09,116.308,53.08,,82.56,783.235,42.686,68.53999999999999,2.86,0,105.277058790205
14.12.2030 21:00,8.09,103.217,53.08,,76.345,588.995,7.265,66.8775,2.86,0,90.9673351332251
14.12.2030 22:00,8.05,90.755,53.08,,80.1475,532.96,5.445,78.91666666666667,2.86,0,75.7144645582435
14.12.2030 23:00,8.05,89.025,53.08,,79.255,502.235,21.026,72.5125,2.86,0,63.6527178292311
15.12.2030 00:00,8.36,79.21,53.08,,77.06,511.8725,4.721,85.82333333333334,8.32,0,66.5509613524841
15.12.2030 01:00,8.36,78.592,53.08,,73.9475,493.2725,8.925,87.41,8.32,0,66.0164168681529
15.12.2030 02:00,8.36,78.42,53.08,,75.22,571.54,5.956,75.71,8.32,0,63.1558279594331
15.12.2030 03:00,8.36,78.42,53.08,,76.9225,578.58,0.012,88.00999999999999,8.32,0,62.0284881984043
15.12.2030 04:00,8.36,78.42,53.08,,81.9525,864.8975,0.001,97.36,7.41,0,62.3833367591424
15.12.2030 05:00,8.36,78.592,53.08,,97.75,858.9475,0.78,80.01666666666667,7.41,0,62.6833756315221
15.12.2030 06:00,8.56,84.112,53.08,,108.595,946.94,0.037,97.36,7.41,0,62.2622229941612
15.12.2030 07:00,8.72,84.293,53.08,,109.1625,1222.0125,0.129,92.94,7.41,0,58.00385360878
15.12.2030 08:00,8.92,78.592,53.08,,105.4075,1235.65,7.241999999999999,76.29499999999999,3.31,0,51.1015169136083
15.12.2030 09:00,8.92,74.992,53.08,,101.1975,1171.7075,0.032,96.915,3.31,0,48.0673546652366
15.12.2030 10:00,8.92,74.992,53.08,,98.34,1308.47,5.244,85.84666666666668,3.31,1,39.0759957794589
15.12.2030 11:00,8.92,74.992,53.08,,100.0075,1114.0725,11.591,82.4925,3.31,1,37.6104116904588
15.12.2030 12:00,8.92,74.992,53.08,,113.7825,1273.6875,0.116,81.03,3.88,1,37.9209274932235
15.12.2030 13:00,8.92,74.992,53.08,,121.1625,1071.3925,0.0,108.97,3.88,1,38.1955515098879
15.12.2030 14:00,8.72,75.428,53.08,,121.3175,1314.5725,0.0,,3.88,1,38.9849411474095
15.12.2030 15:00,8.56,76.956,53.08,,118.37,1383.615,0.0,,3.88,1,38.2092845028671
15.12.2030 16:00,8.41,77.2,53.08,,118.43,1336.93,21.802,92.2425,0.59,1,37.4907691108176
15.12.2030 17:00,8.41,77.2,53.08,,108.1175,1256.2375,215.76,54.6025,0.59,1,35.8930235889854
15.12.2030 18:00,8.41,74.512,53.08,,97.1,1033.0825,61.743,80.4,0.59,1,35.6291998434855
15.12.2030 19:00,8.41,67.505,53.08,,92.22,810.09,89.404,65.4525,0.59,1,31.3687821423283
15.12.2030 20:00,8.41,49.859,53.08,,95.3575,730.01,44.451,69.32249999999999,2.09,0,20.5943958148245
15.12.2030 21:00,8.41,44.665,53.08,,93.5225,645.7525,158.373,36.4575,2.09,0,1.11724797486165
15.12.2030 22:00,8.36,21.565,53.08,,92.21,749.1925,16.175,76.525,2.09,0,0.0
15.12.2030 23:00,8.36,20.443,53.08,,94.585,696.0625,10.935,89.7775,2.09,0,0.0
16.12.2030 00:00,8.36,20.462,53.08,,91.1725,628.01,1.921,91.195,6.52,0,0.0
16.12.2030 01:00,8.36,20.462,53.08,,90.9975,616.9975,0.8340000000000001,91.83,6.52,0,0.0
16.12.2030 02:00,8.36,20.462,53.08,,90.8075,579.13,6.563,78.65,6.52,0,0.0
16.12.2030 03:00,8.36,20.462,53.08,,94.6475,700.7175,0.1699999999999999,95.655,6.52,0,0.0
16.12.2030 04:00,8.36,20.462,53.08,,98.005,1098.2375000000002,4.866,41.77,4.6,0,0.0
16.12.2030 05:00,8.36,20.463,53.08,,122.9125,1348.695,58.346,56.825,4.6,0,0.0
16.12.2030 06:00,8.56,20.687,53.08,,131.2475,1216.925,3.489,97.22333333333334,4.6,0,0.0
16.12.2030 07:00,8.72,29.709,53.08,,124.9275,1205.175,0.0,,4.6,0,0.0
16.12.2030 08:00,8.92,29.709,53.08,,126.96,1499.595,0.0,,2.65,0,6.5474764142901
16.12.2030 09:00,8.92,29.709,53.08,,121.55,1315.985,11.233,100.67,2.65,0,18.1231478495631
16.12.2030 10:00,8.92,29.709,53.08,,122.0,1245.4325,0.179,109.06,2.65,1,18.9337365510661
16.12.2030 11:00,8.92,29.709,53.08,,133.3125,1339.6625,5.368,89.64500000000001,2.65,1,19.4792031816131
16.12.2030 12:00,8.92,29.709,53.08,,143.095,1557.74,0.471,88.45,2.36,1,21.6951639952399
16.12.2030 13:00,8.92,33.082,53.08,,142.26,1322.7575,18.37,84.73333333333333,2.36,1,24.6942272137407
16.12.2030 14:00,8.72,34.832,53.08,,139.86,1153.675,13.517,91.405,2.36,1,26.9663737388847
16.12.2030 15:00,8.56,34.874,53.08,,137.495,1048.1175,2.91,107.5,2.36,1,26.1384787510831
16.12.2030 16:00,8.41,34.874,53.08,,132.9675,987.3725,0.16,104.685,0.48,1,26.3547032503055
16.12.2030 17:00,8.41,34.875,53.08,,120.5475,1050.8775,3.653000000000001,95.74,0.48,1,26.3936748461553
16.12.2030 18:00,8.41,34.875,53.08,,120.03,915.3475,0.134,110.035,0.48,1,27.9355344625035
16.12.2030 19:00,8.41,34.232,53.08,,110.375,748.94,1.93,102.345,0.48,1,28.4453750972422
16.12.2030 20:00,8.41,34.121,53.08,,98.8175,621.3075,0.578,92.10333333333334,1.4,0,28.5300898481993
16.12.2030 21:00,8.41,34.075,53.08,,91.1375,643.415,5.376,88.955,1.4,0,26.4204798698951
16.12.2030 22:00,8.36,30.603,53.08,,97.4025,562.2025,0.287,88.24000000000001,1.4,0,23.2089077560488
16.12.2030 23:00,8.36,29.709,53.08,,96.155,555.335,7.393,88.6325,1.4,0,22.8025616764485
17.12.2030 00:00,8.36,47.886,53.08,,92.3025,611.5625,1.764,91.525,4.87,0,23.0125345873023
17.12.2030 01:00,8.36,47.626,53.08,,90.7475,571.4475,1.157,101.0225,4.87,0,25.4969707302148
17.12.2030 02:00,8.36,47.625,53.08,,91.13,614.1775,4.368,90.5475,4.87,0,24.0981512540449
17.12.2030 03:00,8.36,47.626,53.08,,93.465,582.835,2.352,86.34,4.87,0,24.1864357818405
17.12.2030 04:00,8.36,47.626,53.08,,115.2575,950.2225,3.241,83.7175,3.55,0,26.0016692148422
17.12.2030 05:00,8.36,48.933,53.08,,128.6,1030.48,3.064,80.875,3.55,0,32.7118717742171
17.12.2030 06:00,8.56,48.933,53.08,,137.2725,971.555,1.217,100.21,3.55,0,33.9321741661469
17.12.2030 07:00,8.72,59.714,53.08,,131.6225,1144.6625,0.129,121.90333333333332,3.55,0,36.4325700794122
17.12.2030 08:00,8.92,59.714,53.08,,126.625,1096.985,2.069,114.1575,2.06,0,34.2095257476868
17.12.2030 09:00,8.92,59.714,53.08,,121.7025,1266.6375,3.995,94.93,2.06,0,31.2561736906978
17.12.2030 10:00,8.92,59.714,53.08,,118.865,1217.48,1.2,105.9025,2.06,1,29.1303760026528
17.12.2030 11:00,8.92,59.714,53.08,,123.3625,995.1725,1.163,104.8075,2.06,1,29.7340228781976
17.12.2030 12:00,8.92,59.79,53.08,,124.9425,1019.5425,0.121,80.97,2.5,1,31.7623172928129
17.12.2030 13:00,8.92,76.787,53.08,,129.8025,900.135,1.001,91.105,2.5,1,47.1818258065089
17.12.2030 14:00,8.72,91.6328012277267,53.08,,129.925,906.4175,0.7969999999999999,108.15666666666668,2.5,1,58.9339287156139
17.12.2030 15:00,8.56,93.5095831022369,53.08,,120.395,984.91,0.048,118.465,2.5,1,72.7952920648595
17.12.2030 16:00,8.41,95.1263216809443,53.08,,102.1675,905.8925,207.293,53.0225,0.47,1,75.3680323968441
17.12.2030 17:00,8.41,96.151225587965,53.08,,103.3275,878.7175,2.9240000000000004,91.3125,0.47,1,75.7341604997699
17.12.2030 18:00,8.41,95.5000980852527,53.08,,99.235,883.78,9.886,83.6875,0.47,1,79.0503296705042
17.12.2030 19:00,8.41,95.8314581993848,53.08,,102.1775,861.73,2.482,89.975,0.47,1,81.7259227248475
17.12.2030 20:00,8.41,94.6880608280301,53.08,,102.3725,876.7475,5.436,75.5275,1.72,0,83.7160522266622
17.12.2030 21:00,8.41,94.2842295764808,53.08,,86.10499999999999,745.565,2.479,92.3475,1.72,0,94.170972060829
17.12.2030 22:00,8.36,93.1615611169785,53.08,,87.515,696.755,3.043,71.3425,1.72,0,98.0061371197612
17.12.2030 23:00,8.36,91.8430060967288,53.08,,78.7025,674.6975,8.006,80.075,1.72,0,98.7006362042317
18.12.2030 00:00,8.36,89.856749145035,53.08,,69.205,640.54,0.003,91.08,4.97,0,109.19674741898
18.12.2030 01:00,8.36,86.7009717258659,53.08,,61.445,711.155,8.424,76.905,4.97,0,108.931028872907
18.12.2030 02:00,8.36,88.2629653841377,53.08,,42.08,621.2175,17.933999999999997,51.43,4.97,0,107.60187817963
18.12.2030 03:00,8.36,93.13,53.08,,44.78,809.8075,29.12,32.675,4.97,0,107.095780076818
18.12.2030 04:00,8.36,93.326,53.08,,64.0625,941.1475,1.893,71.025,3.93,0,109.95335019136
18.12.2030 05:00,8.36,100.093,53.08,,79.47749999999999,862.5550000000001,33.259,62.102500000000006,3.93,0,112.317676313367
18.12.2030 06:00,8.56,104.115125863661,53.08,,88.0075,903.655,0.369,102.1025,3.93,0,111.509795729382
18.12.2030 07:00,8.72,106.782983837555,53.08,,79.89750000000001,1064.54,7.324,89.21000000000001,3.93,0,109.85152416316
18.12.2030 08:00,8.92,103.498708252011,53.08,,65.3775,1139.0125,19.356,65.1025,2.63,0,104.282316339024
18.12.2030 09:00,8.92,101.743,53.08,,57.6175,1299.895,220.278,11.735,2.63,0,89.9486506040635
18.12.2030 10:00,8.92,101.471,53.08,,55.63,1362.6525,315.588,8.850000000000001,2.63,1,83.9935809643477
18.12.2030 11:00,8.92,96.311953990837,53.08,,62.935,1254.42,56.37,21.98,2.63,1,84.2290397152308
18.12.2030 12:00,8.92,103.446,53.08,,76.705,1279.4075,0.973,33.2975,2.37,1,94.4629747975166
18.12.2030 13:00,8.92,104.626,53.08,,85.375,1158.655,0.0,96.49,2.37,1,106.466542382692
18.12.2030 14:00,8.72,107.757211547301,53.08,,85.905,922.64,5.172,90.52333333333333,2.37,1,114.568954366819
18.12.2030 15:00,8.56,111.618929800818,53.08,,77.775,1136.4175,58.603,41.4025,2.37,1,110.694865515812
18.12.2030 16:00,8.41,111.762089858127,53.08,,65.49,1141.51,170.98899999999998,10.345,0.58,1,108.939385197208
18.12.2030 17:00,8.41,111.310884293421,53.08,,59.49,1070.15,156.722,-2.4150000000000005,0.58,1,108.186433029872
18.12.2030 18:00,8.41,111.23134440696,53.08,,39.22,1038.985,140.31,5.215000000000001,0.58,1,114.549891385708
18.12.2030 19:00,8.41,106.99106722026,53.08,,24.875,1121.6425,34.128,21.13,0.58,1,116.177310811352
18.12.2030 20:00,8.41,103.204698661556,53.08,,28.9275,1105.2925,46.21,1.5275,17.45,0,122.24559560067
18.12.2030 21:00,8.41,102.781149972466,53.08,,21.115,920.21,26.752,44.4725,17.45,0,123.339621957924
18.12.2030 22:00,8.36,99.7434489691387,53.08,,9.14,806.1975,95.425,-38.9425,17.45,0,116.488329578538
18.12.2030 23:00,8.36,94.8069708443654,53.08,,2.2875,567.1325,23.564,-4.01,17.45,0,114.573855517391
19.12.2030 00:00,8.36,95.1022776074127,53.08,,1.1775,611.835,16.722,17.84,43.66,0,129.182997367383
19.12.2030 01:00,8.36,103.285,53.08,,1.735,600.1225,44.18,19.9725,43.66,0,127.787559851449
19.12.2030 02:00,8.36,103.284,53.08,,6.7625,639.21,28.222,-4.0025,43.66,0,128.211516868354
19.12.2030 03:00,8.36,103.285,53.08,,11.4275,794.015,30.718,-10.0775,43.66,0,129.625204519177
19.12.2030 04:00,8.36,103.286,53.08,,48.2125,1136.6925,1.594,66.40333333333332,31.68,0,130.943927976058
19.12.2030 05:00,8.36,108.049,53.08,,88.61,1198.78,0.159,93.84333333333332,31.68,0,146.434024096748
19.12.2030 06:00,8.56,154.854678502728,53.08,,94.3525,1255.5825,22.462000000000003,54.525,31.68,0,157.383483487433
19.12.2030 07:00,8.72,159.26803367365,53.08,,94.7275,1098.1174999999998,2.274,93.6925,31.68,0,163.041519471278
19.12.2030 08:00,8.92,157.303245365679,53.08,,94.3025,1098.84,0.253,95.6825,2.25,0,153.608849181491
19.12.2030 09:00,8.92,154.246758771887,53.08,,92.0225,980.5725,23.855,77.875,2.25,0,151.694749362598
19.12.2030 10:00,8.92,153.193010686014,53.08,,87.18,864.51,13.723,88.64,2.25,1,141.836928007746
19.12.2030 11:00,8.92,151.658369905157,53.08,,84.8275,923.3525,40.924,68.5325,2.25,1,138.061135867896
19.12.2030 12:00,8.92,153.988064854676,53.08,,91.3175,1028.835,2.333,80.02000000000001,2.17,1,142.234175417739
19.12.2030 13:00,8.92,158.983642154137,53.08,,97.92,815.745,0.091,90.72666666666667,2.17,1,154.016764687439
19.12.2030 14:00,8.72,171.962401531307,53.08,,103.385,773.6375,0.063,107.50666666666666,2.17,1,161.365606121317
19.12.2030 15:00,8.56,173.884967357855,53.08,,113.615,961.405,3.722,92.51,2.17,1,156.110756271942
19.12.2030 16:00,8.41,173.551178532633,53.08,,115.365,986.885,1.416,109.68333333333334,0.47,1,154.672893331502
19.12.2030 17:00,8.41,173.062759529264,53.08,,105.7475,905.16,16.645,102.985,0.47,1,153.737359764611
19.12.2030 18:00,8.41,171.257225305902,53.08,,96.205,786.6725,22.659,83.7,0.47,1,160.384049966965
19.12.2030 19:00,8.41,169.508908940776,53.08,,90.9275,597.985,20.422,82.095,0.47,1,168.610281045005
19.12.2030 20:00,8.41,159.624475493261,53.08,,91.065,733.0899999999999,0.78,100.475,4.78,0,176.151380181549
19.12.2030 21:00,8.41,154.131138881166,53.08,,90.3725,513.6675,0.0,98.325,4.78,0,188.413069083187
19.12.2030 22:00,8.36,116.675817657556,53.08,,92.1675,571.5550000000001,0.003,89.015,4.78,0,189.618339341216
19.12.2030 23:00,8.36,109.136516120401,53.08,,90.815,570.285,0.853,81.13,4.78,0,186.67766780999
20.12.2030 00:00,8.07,93.2067525291252,53.08,,91.0325,604.3175,0.302,101.83,12.97,0,174.180786609048
20.12.2030 01:00,8.07,91.9832842995254,53.08,,90.1025,609.0925,0.039,103.05333333333331,12.97,0,176.701501285066
20.12.2030 02:00,8.07,92.459306352984,53.08,,88.8325,558.2025,4.239,96.82333333333334,12.97,0,179.913866936953
20.12.2030 03:00,8.07,94.0009568648156,53.08,,92.995,487.81,0.011,103.08,12.97,0,177.517400605298
20.12.2030 04:00,8.07,95.0259458423721,53.08,,99.32,514.12,0.017,104.04,9.21,0,173.254501457634
20.12.2030 05:00,8.07,102.65135972716,53.08,,108.7525,637.49,0.088,99.95,9.21,0,180.647535934451
20.12.2030 06:00,8.2,121.505588809992,53.08,,117.7725,653.2525,0.058,93.86,9.21,0,182.143773878649
20.12.2030 07:00,8.29,127.397904454824,53.08,,118.47,682.6875,0.094,110.98,9.21,0,181.562866651505
20.12.2030 08:00,8.42,120.97084847533,53.08,,114.655,684.11,2.344,96.00666666666666,1.87,0,170.216018479439
20.12.2030 09:00,8.42,113.674310609407,53.08,,111.705,639.0525,7.186,103.7325,1.87,0,159.856400050444
20.12.2030 10:00,8.42,107.551772500806,53.08,,103.9625,744.6600000000001,14.641,101.7975,1.87,0,150.918285241959
20.12.2030 11:00,8.42,107.317507543944,53.08,,103.9625,782.405,0.003,,1.87,0,147.211125306319
20.12.2030 12:00,8.42,108.353835692676,53.08,,111.7625,653.475,0.0,,1.8,0,152.03182861213
20.12.2030 13:00,8.42,116.975209330142,53.08,,121.9,877.78,0.0,,1.8,0,162.142253490695
20.12.2030 14:00,8.29,129.848598193276,53.08,,126.9375,882.8050000000001,0.018,127.8,1.8,0,178.081259751644
20.12.2030 15:00,8.2,131.286007495668,53.08,,129.9775,923.1425,0.004,,1.8,0,165.957054522326
20.12.2030 16:00,8.11,130.833071272885,53.08,,128.6275,979.06,0.0,,0.47,0,163.785506646486
20.12.2030 17:00,8.11,129.09229998883,53.08,,122.5925,1055.2025,0.015,,0.47,0,172.395886037011
20.12.2030 18:00,8.11,127.088676827248,53.08,,111.945,855.6275,29.745,84.7975,0.47,0,169.932048865878
20.12.2030 19:00,8.11,116.521303134039,53.08,,103.035,624.09,27.287,82.2775,0.47,0,166.842477915963
20.12.2030 20:00,8.11,108.573,53.08,,99.05,702.955,6.155,79.67500000000001,2.6,0,142.037323379221
20.12.2030 21:00,8.11,102.776,53.08,,96.1275,733.2225000000001,0.322,96.965,2.6,0,117.409288497211
20.12.2030 22:00,8.07,94.742,53.08,,89.8575,420.9975,0.136,83.57,2.6,0,105.558588092666
20.12.2030 23:00,8.07,66.7856438143482,53.08,,91.105,414.9175,4.599,102.39,2.6,0,88.3913570047536
21.12.2030 00:00,8.05,90.152,53.08,,87.80250000000001,366.3875,3.821,97.16,6.66,0,86.7288811443259
21.12.2030 01:00,8.05,89.07,53.08,,87.8125,335.345,33.512,85.535,6.66,0,77.5694760787355
21.12.2030 02:00,8.05,68.1257339030164,53.08,,92.71,330.9125,35.18,79.02,6.66,0,68.8797186136228
21.12.2030 03:00,8.05,67.4133486245541,53.08,,86.1325,429.16,42.423,74.33500000000001,6.66,0,65.0641581842389
21.12.2030 04:00,8.05,67.6719571874862,53.08,,91.2275,480.565,3.423,80.9725,4.82,0,61.7808760169859
21.12.2030 05:00,8.05,87.12,53.08,,91.4125,536.505,2.54,86.72666666666667,4.82,0,61.4861113863369
21.12.2030 06:00,8.18,90.531,53.08,,100.695,611.5175,0.001,106.02,4.82,0,61.7569462492657
21.12.2030 07:00,8.28,90.531,53.08,,98.8175,740.38,28.886,84.405,4.82,0,58.6963653084171
21.12.2030 08:00,8.4,87.1637756287058,53.08,,91.0725,802.7725,18.902,83.83500000000001,2.1,0,46.8734424600885
21.12.2030 09:00,8.4,73.6244975424821,53.08,,82.45,924.7875,68.195,74.78999999999999,2.1,0,40.6749022839277
21.12.2030 10:00,8.4,69.7185981054578,53.08,,82.8325,933.235,15.723,74.5275,2.1,0,37.5823863575412
21.12.2030 11:00,8.4,67.46795638888,53.08,,84.6525,883.2875,14.007,73.47666666666667,2.1,0,36.4013517366134
21.12.2030 12:00,8.4,67.646382655237,53.08,,88.535,828.415,37.317,70.2875,2.07,0,36.5838772915401
21.12.2030 13:00,8.4,72.9185145788129,53.08,,92.58,688.9775,12.658,64.63,2.07,0,39.9111600503865
21.12.2030 14:00,8.28,82.3809417670912,53.08,,98.6675,693.285,0.0,90.09,2.07,0,44.4871910961201
21.12.2030 15:00,8.18,87.85,53.08,,98.575,665.6225,0.379,96.165,2.07,0,46.53900090496
21.12.2030 16:00,8.09,88.716,53.08,,93.605,608.2225,43.76,70.075,0.69,0,47.436395265876
21.12.2030 17:00,8.09,88.4,53.08,,86.6475,793.4525000000001,71.098,54.2025,0.69,0,47.626554319398
21.12.2030 18:00,8.09,87.607394366294,53.08,,79.6425,780.4975,134.993,35.370000000000005,0.69,0,48.5675201378328
21.12.2030 19:00,8.09,86.7327981724386,53.08,,75.445,754.4975000000001,34.487,66.6425,0.69,0,47.9324051144607
21.12.2030 20:00,8.09,82.327381002276,53.08,,81.995,752.7975,3.822,84.275,4.34,0,47.9362556176481
21.12.2030 21:00,8.09,80.3717029083523,53.08,,76.5825,681.435,0.0549999999999999,81.65666666666667,4.34,0,48.3337758926067
21.12.2030 22:00,8.05,78.5516596371849,53.08,,63.8925,718.9549999999999,3.565,55.20333333333334,4.34,0,46.014834788824
21.12.2030 23:00,8.05,77.6848040478043,53.08,,64.2325,613.9,77.774,53.072500000000005,4.34,0,46.6179311966269
22.12.2030 00:00,8.36,63.1369331215063,53.08,,63.44,593.81,1.55,86.17333333333333,12.56,0,51.4000204275308
22.12.2030 01:00,8.36,62.1342707014819,53.08,,70.4375,671.03,91.121,46.845,12.56,0,52.6260400829304
22.12.2030 02:00,8.36,62.5429249008659,53.08,,71.60249999999999,604.7425000000001,36.312,62.8325,12.56,0,53.8894198239544
22.12.2030 03:00,8.36,62.6445595872596,53.08,,63.655,721.3675,101.028,-4.709999999999999,12.56,0,54.7060967319276
22.12.2030 04:00,8.36,65.2919216200459,53.08,,70.5725,970.405,30.239,41.175,12.79,0,61.5106723757994
22.12.2030 05:00,8.36,76.251,53.08,,79.77250000000001,717.17,54.9,-2.929999999999998,12.79,0,66.872511140181
22.12.2030 06:00,8.56,84.591,53.08,,79.1175,592.1675,282.442,-53.77250000000001,12.79,0,68.284412717861
22.12.2030 07:00,8.72,99.8890375947989,53.08,,86.19,497.74,0.037,90.46,12.79,0,71.8443141933578
22.12.2030 08:00,8.92,98.5543573661743,53.08,,98.515,592.89,0.0,,1.75,0,67.9434952085028
22.12.2030 09:00,8.92,95.9505975377571,53.08,,100.42,758.3575000000001,0.0,67.34,1.75,0,67.1521717741147
22.12.2030 10:00,8.92,90.6063563720695,53.08,,105.735,693.5450000000001,0.0,,1.75,1,65.9494825638383
22.12.2030 11:00,8.92,90.5126784658557,53.08,,108.1525,751.3225,0.0,100.87666666666668,1.75,1,65.8738314355235
22.12.2030 12:00,8.92,94.6367419244568,53.08,,109.025,838.7175,7.314999999999999,93.50333333333332,1.66,1,67.4861897605478
22.12.2030 13:00,8.92,99.5418491645899,53.08,,103.1975,883.5975,34.32,93.6875,1.66,1,74.5505230103676
22.12.2030 14:00,8.72,121.095736015185,53.08,,97.68,830.0025,0.144,104.88,1.66,1,81.6196822923891
22.12.2030 15:00,8.56,126.995023182544,53.08,,103.9325,761.99,0.004,123.03,1.66,1,78.5323225843854
22.12.2030 16:00,8.41,132.472535008037,53.08,,106.0875,837.0975000000001,5.01,101.78,0.56,1,73.6261823025896
22.12.2030 17:00,8.41,130.722813748997,53.08,,102.2475,904.7025,18.179,93.51333333333332,0.56,1,75.0267036183929
22.12.2030 18:00,8.41,124.813309950646,53.08,,95.1025,955.635,59.074,82.5425,0.56,1,82.578157784751
22.12.2030 19:00,8.41,121.545703284731,53.08,,89.39,921.69,3.3600000000000003,92.42,0.56,1,85.2028534771868
22.12.2030 20:00,8.41,99.6815070840764,53.08,,87.7575,976.855,58.739,78.2075,2.21,0,85.5409888536912
22.12.2030 21:00,8.41,89.203,53.08,,81.2925,792.09,20.766,80.22,2.21,0,84.6619704945564
22.12.2030 22:00,8.36,80.297,53.08,,78.8125,680.135,52.229,69.3175,2.21,0,76.5878480385203
22.12.2030 23:00,8.36,73.918,53.08,,77.225,714.0225,15.139,83.0375,2.21,0,72.9788029672628
23.12.2030 00:00,8.36,78.592,53.08,,64.0275,741.9725000000001,280.695,-4.014999999999999,6.85,0,70.7214599632187
23.12.2030 01:00,8.36,78.592,53.08,,58.78,765.2425000000001,26.166,48.28333333333333,6.85,0,58.219440716321
23.12.2030 02:00,8.36,78.592,53.08,,51.72,751.5025,27.796,43.905,6.85,0,54.4759471258394
23.12.2030 03:00,8.36,78.592,53.08,,56.615,684.2049999999999,23.152,36.65,6.85,0,54.0947758713994
23.12.2030 04:00,8.36,78.592,53.08,,63.8625,778.1475,0.659,84.185,6.07,0,50.6500589352709
23.12.2030 05:00,8.36,78.592,53.08,,71.39750000000001,864.0725,208.94,-48.35,6.07,0,50.1266274094932
23.12.2030 06:00,8.56,78.592,53.08,,73.0375,931.765,109.359,-14.915,6.07,0,50.3761558345442
23.12.2030 07:00,8.72,78.682,53.08,,79.755,964.055,0.009,102.405,6.07,0,45.5641523555451
23.12.2030 08:00,8.92,78.592,53.08,,89.6725,1312.8775,0.0,,1.6,0,42.7760006774818
23.12.2030 09:00,8.92,78.592,53.08,,98.6025,1387.455,0.275,88.59,1.6,0,40.2074652832345
23.12.2030 10:00,8.92,78.592,53.08,,107.6225,1246.155,0.0,,1.6,1,37.8564547809382
23.12.2030 11:00,8.92,78.592,53.08,,103.8475,1271.455,1.257,119.71,1.6,1,35.9149742843225
23.12.2030 12:00,8.92,78.592,53.08,,99.065,1294.595,5.762,90.6,2.1,1,36.0716914547057
23.12.2030 13:00,8.92,80.194,53.08,,90.74,1151.105,0.003,157.78,2.1,1,37.5976005814241
23.12.2030 14:00,8.72,81.305,53.08,,88.4575,841.0825,52.854,92.1725,2.1,1,39.1032817482516
23.12.2030 15:00,8.56,80.962,53.08,,93.115,1039.365,16.716,97.665,2.1,1,36.6898595890214
23.12.2030 16:00,8.41,80.559,53.08,,93.3475,934.7625,0.355,126.19,0.87,1,34.1309083479503
23.12.2030 17:00,8.41,78.751,53.08,,89.3675,973.26,43.919,86.56,0.87,1,32.0411793445604
23.12.2030 18:00,8.41,78.592,53.08,,83.44,1014.78,44.488,83.6075,0.87,1,23.2407493987955
23.12.2030 19:00,8.41,71.781,53.08,,74.3275,833.165,0.002,95.71,0.87,1,19.55433495458
23.12.2030 20:00,8.41,67.58,53.08,,76.715,711.2225,30.177,70.8,2.4,0,11.9889266200027
23.12.2030 21:00,8.41,20.47,53.08,,64.38,640.4725,125.601,47.0475,2.4,0,3.86883804450723
23.12.2030 22:00,8.36,15.651,53.08,,52.5525,852.5725,92.282,40.485,2.4,0,0.0
23.12.2030 23:00,8.36,14.855,53.08,,48.400000000000006,923.415,39.631,58.135000000000005,2.4,0,0.0
24.12.2030 00:00,8.36,14.922,53.08,,45.5025,907.7325,5.83,66.635,12.0,0,1.48008849662333
24.12.2030 01:00,8.36,14.922,53.08,,43.54,895.3275000000001,211.348,33.2675,12.0,0,1.46030323419653
24.12.2030 02:00,8.36,14.922,53.08,,51.0,593.585,31.782,52.4,12.0,0,1.43632663730809
24.12.2030 03:00,8.36,14.922,53.08,,48.4725,860.05,2.03,62.04666666666666,12.0,0,1.43390088519133
24.12.2030 04:00,8.36,14.922,53.08,,41.6975,1236.7175,1.168,85.13499999999999,9.85,0,1.41866556365173
24.12.2030 05:00,8.36,14.922,53.08,,52.0225,1272.295,0.003,70.2575,9.85,0,1.3977239713301
24.12.2030 06:00,8.56,15.084,53.08,,64.5175,1066.5625,30.516,56.7125,9.85,0,1.37586667708798
24.12.2030 07:00,8.72,15.138,53.08,,66.72749999999999,1015.93,0.0,104.18,9.85,0,1.35657095948591
24.12.2030 08:00,8.92,15.138,53.08,,63.432500000000005,1230.0875,0.0,87.24,3.12,0,1.32083015356534
24.12.2030 09:00,8.92,15.138,53.08,,54.53,1386.3175,46.495,79.97,3.12,0,1.24567551235668
24.12.2030 10:00,8.92,15.138,53.08,,51.905,1352.665,92.908,69.5375,3.12,1,1.17703942060053
24.12.2030 11:00,8.92,15.138,53.08,,45.2025,1412.06,2.342,63.995000000000005,3.12,1,1.16116836018779
24.12.2030 12:00,8.92,15.139,53.08,,47.105,1510.915,0.725,77.10666666666667,4.24,1,1.19234941273779
24.12.2030 13:00,8.92,15.341,53.08,,63.900000000000006,1211.4425,0.0,,4.24,1,1.23459530842348
24.12.2030 14:00,8.72,15.651,53.08,,76.78999999999999,990.735,0.0,,4.24,1,1.27620639540626
24.12.2030 15:00,8.56,15.651,53.08,,79.525,1076.91,15.951,93.475,4.24,1,1.27943866953302
24.12.2030 16:00,8.41,16.058,53.08,,65.1325,1087.41,32.617999999999995,89.905,2.22,1,1.29236569028111
24.12.2030 17:00,8.41,16.17,53.08,,51.5525,1147.235,107.108,58.4675,2.22,1,1.32277667975281
24.12.2030 18:00,8.41,15.901,53.08,,45.8325,1266.6075,46.54900000000001,75.1175,2.22,1,1.3447695279639
24.12.2030 19:00,8.41,15.651,53.08,,45.4625,1073.3025,87.069,32.435,2.22,1,1.35358757106531
24.12.2030 20:00,8.41,15.651,53.08,,55.1,898.59,14.505,46.77333333333333,3.1,0,1.35996125525984
24.12.2030 21:00,8.41,15.341,53.08,,60.1375,816.2675,0.0,,3.1,0,1.38216450408259
24.12.2030 22:00,8.36,15.117,53.08,,64.015,785.8525,0.0,95.42,3.1,0,1.42425523767654
24.12.2030 23:00,8.36,15.0,53.08,,69.9225,873.265,0.0,,3.1,0,1.45684762773863
25.12.2030 00:00,8.36,14.645,53.08,,71.55,871.73,0.0,,10.15,0,1.48959008890085
25.12.2030 01:00,8.36,14.645,53.08,,64.465,780.66,0.0,88.0,10.15,0,1.51876713580657
25.12.2030 02:00,8.36,14.645,53.08,,61.5775,843.01,0.0,,10.15,0,1.5708555758247
25.12.2030 03:00,8.36,14.645,53.08,,61.995,960.5175,0.0,,10.15,0,1.66968883689529
25.12.2030 04:00,8.36,15.251,53.08,,70.41,929.23,0.0,,8.12,0,1.78690889676806
25.12.2030 05:00,8.36,15.859,53.08,,79.1575,1044.955,0.0,89.21000000000001,8.12,0,1.88459510298354
25.12.2030 06:00,8.56,18.702,53.08,,88.8675,1170.72,0.226,86.72666666666667,8.12,0,3.90855265726439
25.12.2030 07:00,8.72,20.191,53.08,,97.155,1582.645,0.0,,8.12,0,3.52083264483453
25.12.2030 08:00,8.92,18.703,53.08,,95.615,1439.3725,0.0,,3.99,0,4.51072607842923
25.12.2030 09:00,8.92,17.413,53.08,,90.6525,1454.0525,5.935,86.75,3.99,0,4.24061285164076
25.12.2030 10:00,8.92,16.525,53.08,,83.2675,1452.9775,62.583,82.35249999999999,3.99,1,4.01231202042398
25.12.2030 11:00,8.92,16.525,53.08,,77.7825,1363.6225,7.439,82.795,3.99,1,3.75187885576637
25.12.2030 12:00,8.92,16.948,53.08,,90.7125,1399.235,0.912,80.79,6.14,1,3.19230580596977
25.12.2030 13:00,8.92,18.702,53.08,,108.96,1446.2525,0.0,99.38,6.14,1,3.01475447753546
25.12.2030 14:00,8.72,18.703,53.08,,119.105,1298.885,6.687,106.71,6.14,1,3.20596379092495
25.12.2030 15:00,8.56,18.703,53.08,,113.155,1274.43,7.616999999999999,118.655,6.14,1,3.0177877531682
25.12.2030 16:00,8.41,18.703,53.08,,110.1875,1134.065,28.3,94.185,1.78,1,2.84008118647479
25.12.2030 17:00,8.41,17.978,53.08,,105.1075,858.2975,27.785,98.49,1.78,1,2.20231835281363
25.12.2030 18:00,8.41,16.348,53.08,,103.6025,781.155,11.147,101.77333333333333,1.78,1,2.17868954189896
25.12.2030 19:00,8.41,15.598,53.08,,99.9375,711.9225,3.681,100.29,1.78,1,1.28282825631161
25.12.2030 20:00,8.41,15.108,53.08,,108.24,814.085,0.013,101.00666666666666,2.06,0,0.0
25.12.2030 21:00,8.41,15.077,53.08,,99.3125,664.31,0.656,100.69,2.06,0,0.0
25.12.2030 22:00,8.36,14.855,53.08,,96.9175,631.8225,0.248,91.52,2.06,0,0.0
25.12.2030 23:00,8.36,14.554,53.08,,92.825,670.2775,66.3,80.465,2.06,0,0.0
26.12.2030 00:00,8.36,14.376,53.08,,87.9675,493.7275,4.218,93.12333333333332,6.16,0,1.31826930875017
26.12.2030 01:00,8.36,14.376,53.08,,86.4375,509.51,0.305,,6.16,0,1.39610392092484
26.12.2030 02:00,8.36,14.376,53.08,,85.7725,500.1675,0.004,95.16,6.16,0,1.82936972119855
26.12.2030 03:00,8.36,14.376,53.08,,83.4525,523.0475,0.486,89.69,6.16,0,2.20914408511791
26.12.2030 04:00,8.36,14.376,53.08,,85.74000000000001,589.495,0.488,87.18,5.43,0,1.85661800234244
26.12.2030 05:00,8.36,14.376,53.08,,91.245,724.46,0.0,,5.43,0,1.91556299392756
26.12.2030 06:00,8.56,14.376,53.08,,105.7625,741.1775,0.0,,5.43,0,1.84168993943494
26.12.2030 07:00,8.72,14.376,53.08,,104.1175,959.8825,0.474,99.62,5.43,0,1.70294993271588
26.12.2030 08:00,8.92,14.017,53.08,,96.095,1068.5525,0.19,99.14,2.54,0,1.4949493806521
26.12.2030 09:00,8.92,13.718,53.08,,90.635,1212.8675,38.359,79.53999999999999,2.54,0,1.28403099805302
26.12.2030 10:00,8.92,13.719,53.08,,85.965,1114.13,39.163,84.205,2.54,1,1.1864453435153
26.12.2030 11:00,8.92,13.719,53.08,,83.9825,1048.8025,47.941,81.51,2.54,1,1.1847069961218
26.12.2030 12:00,8.92,13.911,53.08,,99.98,1280.7575,6.37,86.41,3.28,1,1.24941411523172
26.12.2030 13:00,8.92,14.376,53.08,,112.715,1110.605,37.691,80.1125,3.28,1,2.10783155595234
26.12.2030 14:00,8.72,15.526,53.08,,113.4625,915.7425,2.069,92.60666666666668,3.28,1,2.41043196895844
26.12.2030 15:00,8.56,15.527,53.08,,115.73,746.965,0.0,,3.28,1,2.30975333079444
26.12.2030 16:00,8.41,15.527,53.08,,117.375,815.7175,14.297,100.18,1.05,1,2.29341123949702
26.12.2030 17:00,8.41,15.527,53.08,,116.8575,869.7225,0.0,,1.05,1,2.32576983416662
26.12.2030 18:00,8.41,14.896,53.08,,114.135,734.385,2.612,118.23666666666666,1.05,1,2.27553760531607
26.12.2030 19:00,8.41,14.376,53.08,,110.7475,646.7075,11.55,100.7475,1.05,1,2.21558252727089
26.12.2030 20:00,8.41,13.349,53.08,,107.705,726.265,3.495,98.42,1.64,0,1.14285523174233
26.12.2030 21:00,8.41,13.142,53.08,,94.6625,657.0375,0.195,98.30333333333331,1.64,0,0.979685059307233
26.12.2030 22:00,8.36,12.862,53.08,,90.6225,672.7975,2.454,97.005,1.64,0,0.970652670149361
26.12.2030 23:00,8.36,2.567,53.08,,85.17,591.4675,6.215999999999999,92.6075,1.64,0,0.0
27.12.2030 00:00,8.07,12.822,53.08,,80.3925,461.5425,70.026,75.82249999999999,4.75,0,0.0
27.12.2030 01:00,8.07,12.879,53.08,,78.9875,467.035,23.373,83.39750000000001,4.75,0,0.0
27.12.2030 02:00,8.07,12.702,53.08,,77.655,446.8975,0.064,87.905,4.75,0,0.0
27.12.2030 03:00,8.07,12.701,53.08,,80.06,537.33,1.625,86.325,4.75,0,0.0
27.12.2030 04:00,8.07,12.702,53.08,,77.8625,684.2725,12.101,81.2225,4.16,0,0.0
27.12.2030 05:00,8.07,12.702,53.08,,80.8875,703.49,79.09200000000001,71.3,4.16,0,0.0
27.12.2030 06:00,8.2,12.992,53.08,,84.19,770.99,25.626,81.8575,4.16,0,0.0
27.12.2030 07:00,8.29,12.992,53.08,,82.28,1197.52,88.525,69.98,4.16,0,0.0
27.12.2030 08:00,8.42,12.702,53.08,,78.91,1102.8625000000002,13.876,83.95,3.03,0,0.0
27.12.2030 09:00,8.42,12.702,53.08,,74.28999999999999,1035.0225,82.52900000000001,49.193333333333335,3.03,0,0.0
27.12.2030 10:00,8.42,12.702,53.08,,61.2825,1277.25,158.35,38.545,3.03,0,0.0
27.12.2030 11:00,8.42,12.702,53.08,,55.315,1441.28,194.868,15.645,3.03,0,0.0
27.12.2030 12:00,8.42,12.702,53.08,,64.5525,1515.4825,128.39,42.4825,7.22,0,0.0
27.12.2030 13:00,8.42,12.702,53.08,,85.92750000000001,1327.83,19.977,49.72666666666667,7.22,0,0.0
27.12.2030 14:00,8.29,13.408,53.08,,98.15,1067.3875,10.144,36.86,7.22,0,0.843380678151646
27.12.2030 15:00,8.2,14.138,53.08,,105.1,993.5775,8.126000000000001,84.98666666666666,7.22,0,0.878684456952293
27.12.2030 16:00,8.11,14.376,53.08,,105.2425,977.01,23.709,102.715,0.99,0,0.828587597372982
27.12.2030 17:00,8.11,14.376,53.08,,99.1325,982.355,57.332,85.6175,0.99,0,0.836768108979792
27.12.2030 18:00,8.11,14.376,53.08,,88.8625,1212.6875,15.883,84.97666666666667,0.99,0,0.860689698090709
27.12.2030 19:00,8.11,14.376,53.08,,83.8,944.6475,3.662,102.37666666666668,0.99,0,0.869704869144987
27.12.2030 20:00,8.11,14.376,53.08,,88.5675,778.21,0.528,105.6775,1.39,0,0.872049312370475
27.12.2030 21:00,8.11,14.347,53.08,,83.1225,600.9025,13.591,77.53,1.39,0,0.873727054457112
27.12.2030 22:00,8.07,13.931,53.08,,78.82,567.22,0.861,89.9825,1.39,0,0.911238018969575
27.12.2030 23:00,8.07,12.992,53.08,,79.87,584.3299999999999,39.128,68.5125,1.39,0,0.894800801757322
28.12.2030 00:00,8.05,14.376,53.08,,76.9375,501.095,2.276,87.02,4.4,0,1.51015271033643
28.12.2030 01:00,8.05,14.376,53.08,,75.235,549.71,20.766,73.8875,4.4,0,1.46650285235163
28.12.2030 02:00,8.05,14.376,53.08,,78.775,562.7725,2.376,94.5,4.4,0,1.42302449958881
28.12.2030 03:00,8.05,14.376,53.08,,83.7975,489.3025,0.0,99.5,4.4,0,1.42156061872095
28.12.2030 04:00,8.05,14.376,53.08,,84.445,645.8299999999999,0.01,93.535,3.69,0,1.43037792873315
28.12.2030 05:00,8.05,14.377,53.08,,100.05,739.7925,0.0,,3.69,0,1.53385436535425
28.12.2030 06:00,8.18,14.554,53.08,,109.1975,778.41,0.249,101.63,3.69,0,1.56312352765198
28.12.2030 07:00,8.28,14.781,53.08,,105.6325,877.58,0.009,102.67,3.69,0,4.47018204233733
28.12.2030 08:00,8.4,14.781,53.08,,95.6225,1144.8175,88.281,55.47666666666667,2.22,0,5.07258823149016
28.12.2030 09:00,8.4,14.554,53.08,,84.2025,1140.9875,152.424,50.1125,2.22,0,5.01649203927837
28.12.2030 10:00,8.4,14.554,53.08,,76.395,1176.28,69.393,62.73,2.22,0,5.14357000904061
28.12.2030 11:00,8.4,14.83,53.08,,77.0425,1202.9325,2.463,82.66666666666667,2.22,0,6.86044726724607
28.12.2030 12:00,8.4,20.612,53.08,,88.995,1051.855,9.162,94.03666666666668,3.18,0,7.86103080606697
28.12.2030 13:00,8.4,38.16,53.08,,104.79,1244.705,6.939,64.8125,3.18,0,23.5828756807126
28.12.2030 14:00,8.28,59.741,53.08,,110.2825,1221.5275,0.549,75.11,3.18,0,32.9615186864456
28.12.2030 15:00,8.18,61.594,53.08,,113.7,1177.42,0.006,,3.18,0,34.1023933738607
28.12.2030 16:00,8.09,61.595,53.08,,110.4625,1073.73,0.016,,0.78,0,31.3177391174296
28.12.2030 17:00,8.09,61.595,53.08,,102.43,1085.6175,5.023,104.66,0.78,0,30.0663963948111
28.12.2030 18:00,8.09,61.596,53.08,,99.065,918.2975,0.0,104.84333333333332,0.78,0,32.6498728241776
28.12.2030 19:00,8.09,61.594,53.08,,94.38,946.2875,0.0,111.365,0.78,0,32.5952756821401
28.12.2030 20:00,8.09,53.151,53.08,,93.8925,771.0725,15.985,86.20333333333333,1.57,0,30.5691514701067
28.12.2030 21:00,8.09,51.111,53.08,,84.0875,761.6175000000001,21.418,85.1575,1.57,0,30.8119806580298
28.12.2030 22:00,8.05,49.998,53.08,,70.7925,919.11,0.398,87.41,1.57,0,34.4249940773401
28.12.2030 23:00,8.05,49.997,53.08,,69.085,785.135,0.026,90.89333333333332,1.57,0,37.1122176628379
29.12.2030 00:00,8.36,46.232,53.08,,67.41749999999999,872.225,1.932,83.725,4.88,0,38.3465260435259
29.12.2030 01:00,8.36,46.233,53.08,,65.7975,983.1925,1.848,80.28,4.88,0,38.6552255748543
29.12.2030 02:00,8.36,46.233,53.08,,68.47,821.1325,0.051,106.7825,4.88,0,38.8613124041278
29.12.2030 03:00,8.36,46.234,53.08,,73.2875,730.94,4.07,89.1975,4.88,0,39.8270600223861
29.12.2030 04:00,8.36,47.265,53.08,,79.575,853.115,3.256,82.77250000000001,4.73,0,42.8514516714243
29.12.2030 05:00,8.36,55.482,53.08,,89.63,816.605,72.432,33.67,4.73,0,47.9952899928268
29.12.2030 06:00,8.56,55.483,53.08,,94.93,977.5825,14.914,62.525,4.73,0,43.7883773185792
29.12.2030 07:00,8.72,55.483,53.08,,94.9075,1070.2625,1.828,102.93,4.73,0,41.3446431943715
29.12.2030 08:00,8.92,47.433,53.08,,92.765,1103.21,6.253,98.75,1.94,0,29.3174172207905
29.12.2030 09:00,8.92,20.715,53.08,,84.78999999999999,1010.075,50.817,72.88,1.94,0,10.2625651286026
29.12.2030 10:00,8.92,18.525,53.08,,76.85249999999999,1055.515,34.631,63.315,1.94,1,7.87197556205419
29.12.2030 11:00,8.92,18.308,53.08,,75.9075,1153.0125,1.981,86.62,1.94,1,7.63415421590256
29.12.2030 12:00,8.92,18.525,53.08,,82.2525,978.9525,42.884,68.215,3.22,1,7.52858475105866
29.12.2030 13:00,8.92,19.869,53.08,,90.875,1054.3225,12.585,82.58333333333333,3.22,1,8.44879369305706
29.12.2030 14:00,8.72,27.754,53.08,,94.79,710.6975,40.726,66.61500000000001,3.22,1,11.8653861266888
29.12.2030 15:00,8.56,27.754,53.08,,100.09,838.8399999999999,4.617,108.2225,3.22,1,11.8969696570521
29.12.2030 16:00,8.41,27.755,53.08,,103.7725,920.6975,0.203,106.335,0.77,1,11.0882327059116
29.12.2030 17:00,8.41,27.755,53.08,,106.8775,1108.965,32.094,90.68333333333334,0.77,1,11.1632098646431
29.12.2030 18:00,8.41,27.754,53.08,,98.17,922.3275,70.325,82.8075,0.77,1,10.7984291809275
29.12.2030 19:00,8.41,20.69,53.08,,89.805,777.3399999999999,9.169,94.615,0.77,1,8.08370103079805
29.12.2030 20:00,8.41,19.846,53.08,,89.0075,524.4100000000001,1.716,91.0275,1.76,0,6.6167172560981
29.12.2030 21:00,8.41,15.627,53.08,,85.0575,622.815,76.218,69.5475,1.76,0,5.53634445164973
29.12.2030 22:00,8.36,14.138,53.08,,76.285,732.3975,99.947,53.825,1.76,0,4.72491057121558
29.12.2030 23:00,8.36,0.0,53.08,,72.4225,571.2925,0.585,90.40333333333332,1.76,0,1.18194899520311
30.12.2030 00:00,8.36,0.0,53.08,,74.545,564.5975000000001,1.402,79.095,4.55,0,1.75975767613373
30.12.2030 01:00,8.36,0.0,53.08,,77.3025,572.6625,82.51599999999999,65.625,4.55,0,1.78424359752466
30.12.2030 02:00,8.36,0.0,53.08,,75.9975,573.435,128.748,26.5725,4.55,0,1.79269039925917
30.12.2030 03:00,8.36,0.0,53.08,,77.1275,539.515,26.704,16.79,4.55,0,1.80316535151515
30.12.2030 04:00,8.36,0.0,53.08,,79.3725,764.73,131.882,3.0849999999999995,4.04,0,1.81818562605687
30.12.2030 05:00,8.36,0.0,53.08,,81.0025,819.26,120.49,11.7175,4.04,0,1.84703683024805
30.12.2030 06:00,8.56,0.0,53.08,,93.4625,891.5725,238.378,-9.7725,4.04,0,1.79592514340821
30.12.2030 07:00,8.72,0.0,53.08,,94.28,1132.61,23.269,65.65,4.04,0,1.74486547822045
30.12.2030 08:00,8.92,0.0,53.08,,97.1875,1514.0375,10.219,89.94999999999999,1.76,0,2.66276595230001
30.12.2030 09:00,8.92,0.0,53.08,,85.8625,1293.1575,143.84,47.2575,1.76,0,2.14798459315285
30.12.2030 10:00,8.92,0.0,53.08,,74.8675,1475.795,61.244,63.785,1.76,1,2.10428955486125
30.12.2030 11:00,8.92,0.0,53.08,,70.89,1381.4825,86.658,41.7525,1.76,1,1.97018859679734
30.12.2030 12:00,8.92,0.0,53.08,,82.2,1470.19,57.371,39.78,2.8,1,1.38204207080821
30.12.2030 13:00,8.92,0.0,53.08,,99.455,1393.3825,8.396,63.14333333333334,2.8,1,1.26467825610266
30.12.2030 14:00,8.72,0.0,53.08,,114.9375,1114.6975,12.672,66.39750000000001,2.8,1,1.50387576501209
30.12.2030 15:00,8.56,13.858,53.08,,118.475,1183.5125,49.564,106.21,2.8,1,1.56550863365068
30.12.2030 16:00,8.41,13.858,53.08,,116.7225,1340.75,0.0,,0.69,1,1.47411153147157
30.12.2030 17:00,8.41,13.858,53.08,,116.0325,1176.3975,1.7559999999999998,108.685,0.69,1,1.51389661220969
30.12.2030 18:00,8.41,13.858,53.08,,121.7075,1489.4375,0.0,107.91,0.69,1,1.52545719908525
30.12.2030 19:00,8.41,0.682,53.08,,111.95,1365.1375,18.641,101.7975,0.69,1,1.59236038509574
30.12.2030 20:00,8.41,0.0,53.08,,112.265,1306.1925,16.297,97.835,1.38,0,1.61111551435187
30.12.2030 21:00,8.41,0.0,53.08,,99.2825,894.235,2.601,97.395,1.38,0,1.58758117979063
30.12.2030 22:00,8.36,0.0,53.08,,88.08500000000001,748.46,5.078,95.85,1.38,0,1.57520781829855
30.12.2030 23:00,8.36,0.0,53.08,,76.13,715.2925,30.235,78.975,1.38,0,1.52132643297547
31.12.2030 00:00,8.36,0.0,53.08,,69.81,827.915,0.167,95.6025,3.99,0,1.86026762981066
31.12.2030 01:00,8.36,0.0,53.08,,69.1075,754.5375,11.65,77.89333333333333,3.99,0,1.83568377814902
31.12.2030 02:00,8.36,0.0,53.08,,68.13,696.63,5.618,77.8425,3.99,0,2.01628417134744
31.12.2030 03:00,8.36,0.0,53.08,,70.71000000000001,585.7850000000001,0.004,83.12333333333333,3.99,0,2.03184245099454
31.12.2030 04:00,8.36,0.0,53.08,,72.5375,693.48,0.213,82.92999999999999,3.6,0,2.14009323535689
31.12.2030 05:00,8.36,0.0,53.08,,74.7475,770.48,56.931,60.2375,3.6,0,2.25296218065104
31.12.2030 06:00,8.56,0.0,53.08,,85.5025,994.635,13.642,99.85,3.6,0,2.17055166003492
31.12.2030 07:00,8.72,0.0,53.08,,87.6375,1307.6425,17.592000000000002,97.33666666666666,3.6,0,2.08553387081428
31.12.2030 08:00,8.92,0.0,53.08,,87.645,1459.21,105.529,87.1,10.21,0,1.93598068445916
31.12.2030 09:00,8.92,0.0,53.08,,76.8275,1326.495,120.446,52.2075,10.21,0,2.235342780993
31.12.2030 10:00,8.92,0.0,53.08,,72.5125,1316.01,62.348,57.385,10.21,1,2.02092769494207
31.12.2030 11:00,8.92,0.0,53.08,,67.3575,1346.2825,138.067,67.4575,10.21,1,1.96261010158831
31.12.2030 12:00,8.92,0.0,53.08,,71.3,1198.9,49.583,40.3325,4.5,1,2.11336536210929
31.12.2030 13:00,8.92,0.0,53.08,,81.415,1240.9,0.841,78.53,4.5,1,1.73520511523589
31.12.2030 14:00,8.72,0.0,53.08,,92.8975,1250.3675,0.645,84.3075,4.5,1,1.92424683432736
31.12.2030 15:00,8.56,0.0,53.08,,108.9175,1181.5975,0.057,103.39,4.5,1,2.14549752322643
31.12.2030 16:00,8.41,0.0,53.08,,111.085,1206.6175,80.334,30.9,1.21,1,2.15464389288332
31.12.2030 17:00,8.41,0.0,53.08,,99.35,1117.915,165.478,58.0675,1.21,1,2.15224629408207
31.12.2030 18:00,8.41,0.0,53.08,,83.3075,922.5725,102.379,62.71,1.21,1,2.58131684912986
31.12.2030 19:00,8.41,0.0,53.08,,66.7775,1094.86,206.096,36.305,1.21,1,2.53074430331881
31.12.2030 20:00,8.41,0.0,53.08,,51.075,1227.005,214.407,-0.2049999999999983,3.34,0,2.55444753095182
31.12.2030 21:00,8.41,0.0,53.08,,34.4825,1229.6425,53.042,42.572500000000005,3.34,0,2.74536641033893
31.12.2030 22:00,8.36,0.0,53.08,,31.85,1375.7975,46.406000000000006,37.295,3.34,0,2.62330587286574
31.12.2030 23:00,8.36,0.0,53.08,,27.85,1394.98,0.0,54.515,3.34,0,2.78353930355688
