datetime;10
01.01.2025 00:00;0,439
01.01.2025 01:00;0,237
01.01.2025 02:00;0,368
01.01.2025 03:00;0,544
01.01.2025 04:00;0,862
01.01.2025 05:00;1,011
01.01.2025 06:00;0,603
01.01.2025 07:00;0,432
01.01.2025 08:00;0,399
01.01.2025 09:00;0,374
01.01.2025 10:00;0,166
01.01.2025 11:00;0,114
01.01.2025 12:00;0,139
01.01.2025 13:00;0,432
01.01.2025 14:00;0,488
01.01.2025 15:00;0,501
01.01.2025 16:00;0,546
01.01.2025 17:00;0,457
01.01.2025 18:00;0,317
01.01.2025 19:00;0,285
01.01.2025 20:00;0,257
01.01.2025 21:00;0,224
01.01.2025 22:00;0,231
01.01.2025 23:00;0,174
02.01.2025 00:00;0,265
02.01.2025 01:00;0,279
02.01.2025 02:00;0,264
02.01.2025 03:00;0,266
02.01.2025 04:00;0,198
02.01.2025 05:00;0,115
02.01.2025 06:00;0,064
02.01.2025 07:00;0,027
02.01.2025 08:00;0,027
02.01.2025 09:00;0,009
02.01.2025 10:00;0,000
02.01.2025 11:00;0,018
02.01.2025 12:00;0,000
02.01.2025 13:00;0,000
02.01.2025 14:00;0,000
02.01.2025 15:00;0,009
02.01.2025 16:00;0,000
02.01.2025 17:00;0,000
02.01.2025 18:00;0,017
02.01.2025 19:00;0,000
02.01.2025 20:00;0,000
02.01.2025 21:00;0,000
02.01.2025 22:00;0,000
02.01.2025 23:00;0,000
03.01.2025 00:00;0,000
03.01.2025 01:00;0,019
03.01.2025 02:00;0,000
03.01.2025 03:00;0,018
03.01.2025 04:00;0,000
03.01.2025 05:00;0,000
03.01.2025 06:00;0,000
03.01.2025 07:00;0,009
03.01.2025 08:00;0,009
03.01.2025 09:00;0,000
03.01.2025 10:00;0,000
03.01.2025 11:00;0,000
03.01.2025 12:00;0,000
03.01.2025 13:00;0,508
03.01.2025 14:00;0,682
03.01.2025 15:00;0,519
03.01.2025 16:00;0,509
03.01.2025 17:00;0,506
03.01.2025 18:00;0,584
03.01.2025 19:00;0,648
03.01.2025 20:00;0,463
03.01.2025 21:00;0,290
03.01.2025 22:00;0,268
03.01.2025 23:00;0,260
04.01.2025 00:00;0,201
04.01.2025 01:00;0,072
04.01.2025 02:00;0,007
04.01.2025 03:00;0,470
04.01.2025 04:00;0,419
04.01.2025 05:00;0,368
04.01.2025 06:00;0,325
04.01.2025 07:00;0,352
04.01.2025 08:00;0,387
04.01.2025 09:00;0,427
04.01.2025 10:00;0,438
04.01.2025 11:00;1,089
04.01.2025 12:00;0,873
04.01.2025 13:00;0,898
04.01.2025 14:00;0,770
04.01.2025 15:00;1,064
04.01.2025 16:00;1,121
04.01.2025 17:00;0,858
04.01.2025 18:00;0,659
04.01.2025 19:00;0,873
04.01.2025 20:00;0,734
04.01.2025 21:00;0,684
04.01.2025 22:00;0,423
04.01.2025 23:00;0,377
05.01.2025 00:00;0,251
05.01.2025 01:00;0,531
05.01.2025 02:00;0,586
05.01.2025 03:00;0,544
05.01.2025 04:00;0,802
05.01.2025 05:00;1,475
05.01.2025 06:00;1,320
05.01.2025 07:00;1,074
05.01.2025 08:00;0,939
05.01.2025 09:00;0,622
05.01.2025 10:00;0,393
05.01.2025 11:00;0,328
05.01.2025 12:00;0,373
05.01.2025 13:00;0,268
05.01.2025 14:00;0,323
05.01.2025 15:00;0,270
05.01.2025 16:00;0,266
05.01.2025 17:00;0,296
05.01.2025 18:00;0,494
05.01.2025 19:00;0,551
05.01.2025 20:00;0,460
05.01.2025 21:00;0,497
05.01.2025 22:00;0,466
05.01.2025 23:00;0,409
06.01.2025 00:00;0,583
06.01.2025 01:00;0,353
06.01.2025 02:00;0,190
06.01.2025 03:00;0,147
06.01.2025 04:00;0,235
06.01.2025 05:00;0,065
06.01.2025 06:00;0,298
06.01.2025 07:00;0,514
06.01.2025 08:00;1,563
06.01.2025 09:00;1,147
06.01.2025 10:00;1,091
06.01.2025 11:00;1,151
06.01.2025 12:00;1,192
06.01.2025 13:00;1,021
06.01.2025 14:00;0,659
06.01.2025 15:00;0,418
06.01.2025 16:00;0,455
06.01.2025 17:00;0,318
06.01.2025 18:00;0,276
06.01.2025 19:00;0,414
06.01.2025 20:00;0,352
06.01.2025 21:00;0,284
06.01.2025 22:00;0,297
06.01.2025 23:00;0,291
07.01.2025 00:00;0,329
07.01.2025 01:00;0,179
07.01.2025 02:00;0,099
07.01.2025 03:00;0,063
07.01.2025 04:00;0,753
07.01.2025 05:00;0,539
07.01.2025 06:00;0,539
07.01.2025 07:00;0,572
07.01.2025 08:00;0,561
07.01.2025 09:00;0,377
07.01.2025 10:00;0,630
07.01.2025 11:00;0,472
07.01.2025 12:00;0,448
07.01.2025 13:00;0,435
07.01.2025 14:00;0,435
07.01.2025 15:00;0,390
07.01.2025 16:00;0,269
07.01.2025 17:00;0,175
07.01.2025 18:00;0,112
07.01.2025 19:00;0,079
07.01.2025 20:00;0,091
07.01.2025 21:00;0,112
07.01.2025 22:00;0,140
07.01.2025 23:00;0,026
08.01.2025 00:00;0,009
08.01.2025 01:00;0,253
08.01.2025 02:00;0,683
08.01.2025 03:00;0,491
08.01.2025 04:00;0,520
08.01.2025 05:00;0,477
08.01.2025 06:00;0,500
08.01.2025 07:00;0,591
08.01.2025 08:00;0,394
08.01.2025 09:00;0,311
08.01.2025 10:00;0,818
08.01.2025 11:00;0,574
08.01.2025 12:00;0,542
08.01.2025 13:00;0,328
08.01.2025 14:00;0,352
08.01.2025 15:00;0,777
08.01.2025 16:00;0,554
08.01.2025 17:00;0,579
08.01.2025 18:00;0,553
08.01.2025 19:00;0,610
08.01.2025 20:00;0,460
08.01.2025 21:00;0,296
08.01.2025 22:00;0,691
08.01.2025 23:00;0,558
09.01.2025 00:00;0,510
09.01.2025 01:00;0,506
09.01.2025 02:00;0,379
09.01.2025 03:00;0,306
09.01.2025 04:00;0,174
09.01.2025 05:00;0,171
09.01.2025 06:00;0,142
09.01.2025 07:00;0,137
09.01.2025 08:00;0,118
09.01.2025 09:00;0,057
09.01.2025 10:00;0,112
09.01.2025 11:00;0,071
09.01.2025 12:00;0,081
09.01.2025 13:00;0,142
09.01.2025 14:00;0,093
09.01.2025 15:00;0,105
09.01.2025 16:00;0,088
09.01.2025 17:00;0,088
09.01.2025 18:00;0,096
09.01.2025 19:00;0,104
09.01.2025 20:00;0,097
09.01.2025 21:00;0,100
09.01.2025 22:00;0,117
09.01.2025 23:00;0,107
10.01.2025 00:00;0,107
10.01.2025 01:00;0,121
10.01.2025 02:00;0,026
10.01.2025 03:00;0,000
10.01.2025 04:00;0,000
10.01.2025 05:00;0,000
10.01.2025 06:00;0,000
10.01.2025 07:00;0,000
10.01.2025 08:00;0,018
10.01.2025 09:00;0,000
10.01.2025 10:00;0,000
10.01.2025 11:00;0,000
10.01.2025 12:00;0,000
10.01.2025 13:00;0,000
10.01.2025 14:00;0,009
10.01.2025 15:00;0,000
10.01.2025 16:00;0,000
10.01.2025 17:00;0,000
10.01.2025 18:00;0,009
10.01.2025 19:00;0,009
10.01.2025 20:00;0,044
10.01.2025 21:00;0,009
10.01.2025 22:00;0,009
10.01.2025 23:00;0,009
11.01.2025 00:00;0,007
11.01.2025 01:00;0,217
11.01.2025 02:00;0,858
11.01.2025 03:00;0,719
11.01.2025 04:00;0,966
11.01.2025 05:00;1,107
11.01.2025 06:00;0,965
11.01.2025 07:00;0,864
11.01.2025 08:00;0,675
11.01.2025 09:00;0,478
11.01.2025 10:00;0,416
11.01.2025 11:00;0,294
11.01.2025 12:00;0,317
11.01.2025 13:00;0,159
11.01.2025 14:00;0,403
11.01.2025 15:00;0,322
11.01.2025 16:00;0,326
11.01.2025 17:00;0,662
11.01.2025 18:00;0,587
11.01.2025 19:00;0,594
11.01.2025 20:00;0,485
11.01.2025 21:00;0,282
11.01.2025 22:00;0,215
11.01.2025 23:00;0,203
12.01.2025 00:00;0,170
12.01.2025 01:00;0,087
12.01.2025 02:00;0,184
12.01.2025 03:00;0,178
12.01.2025 04:00;0,238
12.01.2025 05:00;0,209
12.01.2025 06:00;0,178
12.01.2025 07:00;0,125
12.01.2025 08:00;0,079
12.01.2025 09:00;0,065
12.01.2025 10:00;0,061
12.01.2025 11:00;0,078
12.01.2025 12:00;0,049
12.01.2025 13:00;0,049
12.01.2025 14:00;0,046
12.01.2025 15:00;0,627
12.01.2025 16:00;0,900
12.01.2025 17:00;0,801
12.01.2025 18:00;0,752
12.01.2025 19:00;0,888
12.01.2025 20:00;1,004
12.01.2025 21:00;0,809
12.01.2025 22:00;0,447
12.01.2025 23:00;0,322
13.01.2025 00:00;0,511
13.01.2025 01:00;0,518
13.01.2025 02:00;1,601
13.01.2025 03:00;1,031
13.01.2025 04:00;0,890
13.01.2025 05:00;1,212
13.01.2025 06:00;1,521
13.01.2025 07:00;1,366
13.01.2025 08:00;1,270
13.01.2025 09:00;1,263
13.01.2025 10:00;1,174
13.01.2025 11:00;1,307
13.01.2025 12:00;1,182
13.01.2025 13:00;0,824
13.01.2025 14:00;0,750
13.01.2025 15:00;0,657
13.01.2025 16:00;0,802
13.01.2025 17:00;0,781
13.01.2025 18:00;1,149
13.01.2025 19:00;1,149
13.01.2025 20:00;1,079
13.01.2025 21:00;0,900
13.01.2025 22:00;0,761
13.01.2025 23:00;0,749
14.01.2025 00:00;0,687
14.01.2025 01:00;0,450
14.01.2025 02:00;0,467
14.01.2025 03:00;0,487
14.01.2025 04:00;0,488
14.01.2025 05:00;0,353
14.01.2025 06:00;0,616
14.01.2025 07:00;0,492
14.01.2025 08:00;0,564
14.01.2025 09:00;0,604
14.01.2025 10:00;0,579
14.01.2025 11:00;0,397
14.01.2025 12:00;0,381
14.01.2025 13:00;0,427
14.01.2025 14:00;0,400
14.01.2025 15:00;0,385
14.01.2025 16:00;0,454
14.01.2025 17:00;0,432
14.01.2025 18:00;0,308
14.01.2025 19:00;0,283
14.01.2025 20:00;0,357
14.01.2025 21:00;0,368
14.01.2025 22:00;0,455
14.01.2025 23:00;0,482
15.01.2025 00:00;0,491
15.01.2025 01:00;0,322
15.01.2025 02:00;0,206
15.01.2025 03:00;0,176
15.01.2025 04:00;0,204
15.01.2025 05:00;0,120
15.01.2025 06:00;0,136
15.01.2025 07:00;0,069
15.01.2025 08:00;0,052
15.01.2025 09:00;0,000
15.01.2025 10:00;0,026
15.01.2025 11:00;0,000
15.01.2025 12:00;0,089
15.01.2025 13:00;0,354
15.01.2025 14:00;0,321
15.01.2025 15:00;0,281
15.01.2025 16:00;0,269
15.01.2025 17:00;0,731
15.01.2025 18:00;0,738
15.01.2025 19:00;0,614
15.01.2025 20:00;0,504
15.01.2025 21:00;0,463
15.01.2025 22:00;0,297
15.01.2025 23:00;0,211
16.01.2025 00:00;0,176
16.01.2025 01:00;0,134
16.01.2025 02:00;0,105
16.01.2025 03:00;0,076
16.01.2025 04:00;0,000
16.01.2025 05:00;0,028
16.01.2025 06:00;0,000
16.01.2025 07:00;0,009
16.01.2025 08:00;0,000
16.01.2025 09:00;0,000
16.01.2025 10:00;0,000
16.01.2025 11:00;0,000
16.01.2025 12:00;0,028
16.01.2025 13:00;0,000
16.01.2025 14:00;0,000
16.01.2025 15:00;0,000
16.01.2025 16:00;0,000
16.01.2025 17:00;0,000
16.01.2025 18:00;0,026
16.01.2025 19:00;0,000
16.01.2025 20:00;0,000
16.01.2025 21:00;0,009
16.01.2025 22:00;0,009
16.01.2025 23:00;0,009
17.01.2025 00:00;0,026
17.01.2025 01:00;0,000
17.01.2025 02:00;0,000
17.01.2025 03:00;0,000
17.01.2025 04:00;0,000
17.01.2025 05:00;0,000
17.01.2025 06:00;0,000
17.01.2025 07:00;0,027
17.01.2025 08:00;0,000
17.01.2025 09:00;0,000
17.01.2025 10:00;0,000
17.01.2025 11:00;0,000
17.01.2025 12:00;0,000
17.01.2025 13:00;0,000
17.01.2025 14:00;0,000
17.01.2025 15:00;0,000
17.01.2025 16:00;0,000
17.01.2025 17:00;0,000
17.01.2025 18:00;0,000
17.01.2025 19:00;0,000
17.01.2025 20:00;0,000
17.01.2025 21:00;0,000
17.01.2025 22:00;0,000
17.01.2025 23:00;0,000
18.01.2025 00:00;0,603
18.01.2025 01:00;0,319
18.01.2025 02:00;0,518
18.01.2025 03:00;0,732
18.01.2025 04:00;1,186
18.01.2025 05:00;1,321
18.01.2025 06:00;0,798
18.01.2025 07:00;0,614
18.01.2025 08:00;0,562
18.01.2025 09:00;0,552
18.01.2025 10:00;0,225
18.01.2025 11:00;0,148
18.01.2025 12:00;0,190
18.01.2025 13:00;0,581
18.01.2025 14:00;0,657
18.01.2025 15:00;0,699
18.01.2025 16:00;0,782
18.01.2025 17:00;0,618
18.01.2025 18:00;0,419
18.01.2025 19:00;0,388
18.01.2025 20:00;0,355
18.01.2025 21:00;0,322
18.01.2025 22:00;0,307
18.01.2025 23:00;0,235
19.01.2025 00:00;0,171
19.01.2025 01:00;0,170
19.01.2025 02:00;0,179
19.01.2025 03:00;0,163
19.01.2025 04:00;0,129
19.01.2025 05:00;0,075
19.01.2025 06:00;0,037
19.01.2025 07:00;0,016
19.01.2025 08:00;0,015
19.01.2025 09:00;0,005
19.01.2025 10:00;0,000
19.01.2025 11:00;0,010
19.01.2025 12:00;0,000
19.01.2025 13:00;0,000
19.01.2025 14:00;0,000
19.01.2025 15:00;0,005
19.01.2025 16:00;0,000
19.01.2025 17:00;0,000
19.01.2025 18:00;0,010
19.01.2025 19:00;0,000
19.01.2025 20:00;0,000
19.01.2025 21:00;0,000
19.01.2025 22:00;0,000
19.01.2025 23:00;0,000
20.01.2025 00:00;0,000
20.01.2025 01:00;0,018
20.01.2025 02:00;0,000
20.01.2025 03:00;0,018
20.01.2025 04:00;0,000
20.01.2025 05:00;0,000
20.01.2025 06:00;0,000
20.01.2025 07:00;0,009
20.01.2025 08:00;0,009
20.01.2025 09:00;0,000
20.01.2025 10:00;0,000
20.01.2025 11:00;0,000
20.01.2025 12:00;0,000
20.01.2025 13:00;0,476
20.01.2025 14:00;0,670
20.01.2025 15:00;0,565
20.01.2025 16:00;0,505
20.01.2025 17:00;0,519
20.01.2025 18:00;0,569
20.01.2025 19:00;0,639
20.01.2025 20:00;0,467
20.01.2025 21:00;0,294
20.01.2025 22:00;0,285
20.01.2025 23:00;0,268
21.01.2025 00:00;0,262
21.01.2025 01:00;0,096
21.01.2025 02:00;0,010
21.01.2025 03:00;0,606
21.01.2025 04:00;0,551
21.01.2025 05:00;0,447
21.01.2025 06:00;0,453
21.01.2025 07:00;0,499
21.01.2025 08:00;0,554
21.01.2025 09:00;0,598
21.01.2025 10:00;0,613
21.01.2025 11:00;1,474
21.01.2025 12:00;1,255
21.01.2025 13:00;1,219
21.01.2025 14:00;1,120
21.01.2025 15:00;1,466
21.01.2025 16:00;1,574
21.01.2025 17:00;1,274
21.01.2025 18:00;0,919
21.01.2025 19:00;1,077
21.01.2025 20:00;0,975
21.01.2025 21:00;0,854
21.01.2025 22:00;0,527
21.01.2025 23:00;0,518
22.01.2025 00:00;0,390
22.01.2025 01:00;0,889
22.01.2025 02:00;0,989
22.01.2025 03:00;0,885
22.01.2025 04:00;1,421
22.01.2025 05:00;2,528
22.01.2025 06:00;2,282
22.01.2025 07:00;2,011
22.01.2025 08:00;1,591
22.01.2025 09:00;1,120
22.01.2025 10:00;0,680
22.01.2025 11:00;0,629
22.01.2025 12:00;0,651
22.01.2025 13:00;0,472
22.01.2025 14:00;0,584
22.01.2025 15:00;0,465
22.01.2025 16:00;0,489
22.01.2025 17:00;0,539
22.01.2025 18:00;0,852
22.01.2025 19:00;0,862
22.01.2025 20:00;0,780
22.01.2025 21:00;0,818
22.01.2025 22:00;0,736
22.01.2025 23:00;0,653
23.01.2025 00:00;0,593
23.01.2025 01:00;0,336
23.01.2025 02:00;0,194
23.01.2025 03:00;0,141
23.01.2025 04:00;0,246
23.01.2025 05:00;0,064
23.01.2025 06:00;0,313
23.01.2025 07:00;0,527
23.01.2025 08:00;1,560
23.01.2025 09:00;1,171
23.01.2025 10:00;1,159
23.01.2025 11:00;1,146
23.01.2025 12:00;1,193
23.01.2025 13:00;1,033
23.01.2025 14:00;0,674
23.01.2025 15:00;0,456
23.01.2025 16:00;0,462
23.01.2025 17:00;0,322
23.01.2025 18:00;0,276
23.01.2025 19:00;0,444
23.01.2025 20:00;0,373
23.01.2025 21:00;0,302
23.01.2025 22:00;0,296
23.01.2025 23:00;0,299
24.01.2025 00:00;0,334
24.01.2025 01:00;0,185
24.01.2025 02:00;0,100
24.01.2025 03:00;0,063
24.01.2025 04:00;0,779
24.01.2025 05:00;0,578
24.01.2025 06:00;0,541
24.01.2025 07:00;0,603
24.01.2025 08:00;0,589
24.01.2025 09:00;0,402
24.01.2025 10:00;0,627
24.01.2025 11:00;0,473
24.01.2025 12:00;0,482
24.01.2025 13:00;0,427
24.01.2025 14:00;0,480
24.01.2025 15:00;0,379
24.01.2025 16:00;0,268
24.01.2025 17:00;0,187
24.01.2025 18:00;0,113
24.01.2025 19:00;0,086
24.01.2025 20:00;0,092
24.01.2025 21:00;0,112
24.01.2025 22:00;0,139
24.01.2025 23:00;0,027
25.01.2025 00:00;0,007
25.01.2025 01:00;0,203
25.01.2025 02:00;0,570
25.01.2025 03:00;0,401
25.01.2025 04:00;0,416
25.01.2025 05:00;0,353
25.01.2025 06:00;0,392
25.01.2025 07:00;0,427
25.01.2025 08:00;0,280
25.01.2025 09:00;0,231
25.01.2025 10:00;0,625
25.01.2025 11:00;0,441
25.01.2025 12:00;0,390
25.01.2025 13:00;0,242
25.01.2025 14:00;0,245
25.01.2025 15:00;0,560
25.01.2025 16:00;0,412
25.01.2025 17:00;0,416
25.01.2025 18:00;0,392
25.01.2025 19:00;0,457
25.01.2025 20:00;0,351
25.01.2025 21:00;0,238
25.01.2025 22:00;0,557
25.01.2025 23:00;0,452
26.01.2025 00:00;0,314
26.01.2025 01:00;0,319
26.01.2025 02:00;0,228
26.01.2025 03:00;0,197
26.01.2025 04:00;0,103
26.01.2025 05:00;0,111
26.01.2025 06:00;0,080
26.01.2025 07:00;0,076
26.01.2025 08:00;0,070
26.01.2025 09:00;0,032
26.01.2025 10:00;0,063
26.01.2025 11:00;0,044
26.01.2025 12:00;0,047
26.01.2025 13:00;0,080
26.01.2025 14:00;0,052
26.01.2025 15:00;0,056
26.01.2025 16:00;0,053
26.01.2025 17:00;0,055
26.01.2025 18:00;0,056
26.01.2025 19:00;0,072
26.01.2025 20:00;0,062
26.01.2025 21:00;0,063
26.01.2025 22:00;0,071
26.01.2025 23:00;0,070
27.01.2025 00:00;0,105
27.01.2025 01:00;0,120
27.01.2025 02:00;0,028
27.01.2025 03:00;0,000
27.01.2025 04:00;0,000
27.01.2025 05:00;0,000
27.01.2025 06:00;0,000
27.01.2025 07:00;0,000
27.01.2025 08:00;0,019
27.01.2025 09:00;0,000
27.01.2025 10:00;0,000
27.01.2025 11:00;0,000
27.01.2025 12:00;0,000
27.01.2025 13:00;0,000
27.01.2025 14:00;0,010
27.01.2025 15:00;0,000
27.01.2025 16:00;0,000
27.01.2025 17:00;0,000
27.01.2025 18:00;0,009
27.01.2025 19:00;0,009
27.01.2025 20:00;0,045
27.01.2025 21:00;0,009
27.01.2025 22:00;0,009
27.01.2025 23:00;0,009
28.01.2025 00:00;0,009
28.01.2025 01:00;0,285
28.01.2025 02:00;1,159
28.01.2025 03:00;0,860
28.01.2025 04:00;1,276
28.01.2025 05:00;1,534
28.01.2025 06:00;1,365
28.01.2025 07:00;1,264
28.01.2025 08:00;0,984
28.01.2025 09:00;0,709
28.01.2025 10:00;0,623
28.01.2025 11:00;0,403
28.01.2025 12:00;0,473
28.01.2025 13:00;0,226
28.01.2025 14:00;0,565
28.01.2025 15:00;0,462
28.01.2025 16:00;0,477
28.01.2025 17:00;0,924
28.01.2025 18:00;0,808
28.01.2025 19:00;0,799
28.01.2025 20:00;0,630
28.01.2025 21:00;0,376
28.01.2025 22:00;0,289
28.01.2025 23:00;0,264
29.01.2025 00:00;0,284
29.01.2025 01:00;0,136
29.01.2025 02:00;0,311
29.01.2025 03:00;0,299
29.01.2025 04:00;0,398
29.01.2025 05:00;0,339
29.01.2025 06:00;0,332
29.01.2025 07:00;0,241
29.01.2025 08:00;0,148
29.01.2025 09:00;0,119
29.01.2025 10:00;0,104
29.01.2025 11:00;0,132
29.01.2025 12:00;0,087
29.01.2025 13:00;0,093
29.01.2025 14:00;0,084
29.01.2025 15:00;1,134
29.01.2025 16:00;1,573
29.01.2025 17:00;1,375
29.01.2025 18:00;1,361
29.01.2025 19:00;1,421
29.01.2025 20:00;1,603
29.01.2025 21:00;1,329
29.01.2025 22:00;0,708
29.01.2025 23:00;0,549
30.01.2025 00:00;0,539
30.01.2025 01:00;0,537
30.01.2025 02:00;1,618
30.01.2025 03:00;1,081
30.01.2025 04:00;0,966
30.01.2025 05:00;1,258
30.01.2025 06:00;1,493
30.01.2025 07:00;1,404
30.01.2025 08:00;1,308
30.01.2025 09:00;1,246
30.01.2025 10:00;1,238
30.01.2025 11:00;1,333
30.01.2025 12:00;1,199
30.01.2025 13:00;0,819
30.01.2025 14:00;0,786
30.01.2025 15:00;0,677
30.01.2025 16:00;0,821
30.01.2025 17:00;0,766
30.01.2025 18:00;1,237
30.01.2025 19:00;1,130
30.01.2025 20:00;1,052
30.01.2025 21:00;0,928
30.01.2025 22:00;0,772
30.01.2025 23:00;0,767
31.01.2025 00:00;0,719
31.01.2025 01:00;0,461
31.01.2025 02:00;0,478
31.01.2025 03:00;0,477
31.01.2025 04:00;0,499
31.01.2025 05:00;0,335
31.01.2025 06:00;0,615
31.01.2025 07:00;0,498
31.01.2025 08:00;0,572
31.01.2025 09:00;0,641
31.01.2025 10:00;0,593
31.01.2025 11:00;0,411
31.01.2025 12:00;0,376
31.01.2025 13:00;0,460
31.01.2025 14:00;0,376
31.01.2025 15:00;0,393
31.01.2025 16:00;0,448
31.01.2025 17:00;0,467
31.01.2025 18:00;0,311
31.01.2025 19:00;0,292
31.01.2025 20:00;0,388
31.01.2025 21:00;0,349
31.01.2025 22:00;0,446
31.01.2025 23:00;0,526
01.02.2025 00:00;0,395
01.02.2025 01:00;0,253
01.02.2025 02:00;0,170
01.02.2025 03:00;0,132
01.02.2025 04:00;0,153
01.02.2025 05:00;0,101
01.02.2025 06:00;0,093
01.02.2025 07:00;0,052
01.02.2025 08:00;0,039
01.02.2025 09:00;0,000
01.02.2025 10:00;0,020
01.02.2025 11:00;0,000
01.02.2025 12:00;0,065
01.02.2025 13:00;0,250
01.02.2025 14:00;0,230
01.02.2025 15:00;0,213
01.02.2025 16:00;0,196
01.02.2025 17:00;0,503
01.02.2025 18:00;0,551
01.02.2025 19:00;0,505
01.02.2025 20:00;0,398
01.02.2025 21:00;0,368
01.02.2025 22:00;0,247
01.02.2025 23:00;0,175
02.02.2025 00:00;0,107
02.02.2025 01:00;0,079
02.02.2025 02:00;0,065
02.02.2025 03:00;0,049
02.02.2025 04:00;0,000
02.02.2025 05:00;0,017
02.02.2025 06:00;0,000
02.02.2025 07:00;0,005
02.02.2025 08:00;0,000
02.02.2025 09:00;0,000
02.02.2025 10:00;0,000
02.02.2025 11:00;0,000
02.02.2025 12:00;0,015
02.02.2025 13:00;0,000
02.02.2025 14:00;0,000
02.02.2025 15:00;0,000
02.02.2025 16:00;0,000
02.02.2025 17:00;0,000
02.02.2025 18:00;0,015
02.02.2025 19:00;0,000
02.02.2025 20:00;0,000
02.02.2025 21:00;0,005
02.02.2025 22:00;0,005
02.02.2025 23:00;0,005
03.02.2025 00:00;0,027
03.02.2025 01:00;0,000
03.02.2025 02:00;0,000
03.02.2025 03:00;0,000
03.02.2025 04:00;0,000
03.02.2025 05:00;0,000
03.02.2025 06:00;0,000
03.02.2025 07:00;0,029
03.02.2025 08:00;0,000
03.02.2025 09:00;0,000
03.02.2025 10:00;0,000
03.02.2025 11:00;0,000
03.02.2025 12:00;0,000
03.02.2025 13:00;0,000
03.02.2025 14:00;0,000
03.02.2025 15:00;0,000
03.02.2025 16:00;0,000
03.02.2025 17:00;0,000
03.02.2025 18:00;0,000
03.02.2025 19:00;0,000
03.02.2025 20:00;0,000
03.02.2025 21:00;0,000
03.02.2025 22:00;0,000
03.02.2025 23:00;0,000
04.02.2025 00:00;0,786
04.02.2025 01:00;0,438
04.02.2025 02:00;0,652
04.02.2025 03:00;0,948
04.02.2025 04:00;1,546
04.02.2025 05:00;1,705
04.02.2025 06:00;1,167
04.02.2025 07:00;0,851
04.02.2025 08:00;0,750
04.02.2025 09:00;0,787
04.02.2025 10:00;0,327
04.02.2025 11:00;0,228
04.02.2025 12:00;0,264
04.02.2025 13:00;0,798
04.02.2025 14:00;0,916
04.02.2025 15:00;1,001
04.02.2025 16:00;1,093
04.02.2025 17:00;0,815
04.02.2025 18:00;0,604
04.02.2025 19:00;0,486
04.02.2025 20:00;0,430
04.02.2025 21:00;0,432
04.02.2025 22:00;0,404
04.02.2025 23:00;0,303
05.02.2025 00:00;0,290
05.02.2025 01:00;0,293
05.02.2025 02:00;0,288
05.02.2025 03:00;0,259
05.02.2025 04:00;0,204
05.02.2025 05:00;0,117
05.02.2025 06:00;0,067
05.02.2025 07:00;0,027
05.02.2025 08:00;0,028
05.02.2025 09:00;0,010
05.02.2025 10:00;0,000
05.02.2025 11:00;0,018
05.02.2025 12:00;0,000
05.02.2025 13:00;0,000
05.02.2025 14:00;0,000
05.02.2025 15:00;0,010
05.02.2025 16:00;0,000
05.02.2025 17:00;0,000
05.02.2025 18:00;0,018
05.02.2025 19:00;0,000
05.02.2025 20:00;0,000
05.02.2025 21:00;0,000
05.02.2025 22:00;0,000
05.02.2025 23:00;0,000
06.02.2025 00:00;0,000
06.02.2025 01:00;0,019
06.02.2025 02:00;0,000
06.02.2025 03:00;0,019
06.02.2025 04:00;0,000
06.02.2025 05:00;0,000
06.02.2025 06:00;0,000
06.02.2025 07:00;0,010
06.02.2025 08:00;0,009
06.02.2025 09:00;0,000
06.02.2025 10:00;0,000
06.02.2025 11:00;0,000
06.02.2025 12:00;0,000
06.02.2025 13:00;0,523
06.02.2025 14:00;0,701
06.02.2025 15:00;0,544
06.02.2025 16:00;0,525
06.02.2025 17:00;0,532
06.02.2025 18:00;0,571
06.02.2025 19:00;0,673
06.02.2025 20:00;0,496
06.02.2025 21:00;0,309
06.02.2025 22:00;0,281
06.02.2025 23:00;0,272
07.02.2025 00:00;0,282
07.02.2025 01:00;0,090
07.02.2025 02:00;0,009
07.02.2025 03:00;0,621
07.02.2025 04:00;0,559
07.02.2025 05:00;0,461
07.02.2025 06:00;0,480
07.02.2025 07:00;0,536
07.02.2025 08:00;0,576
07.02.2025 09:00;0,600
07.02.2025 10:00;0,613
07.02.2025 11:00;1,550
07.02.2025 12:00;1,225
07.02.2025 13:00;1,316
07.02.2025 14:00;1,111
07.02.2025 15:00;1,545
07.02.2025 16:00;1,579
07.02.2025 17:00;1,219
07.02.2025 18:00;0,959
07.02.2025 19:00;1,114
07.02.2025 20:00;0,926
07.02.2025 21:00;0,898
07.02.2025 22:00;0,529
07.02.2025 23:00;0,507
08.02.2025 00:00;0,313
08.02.2025 01:00;0,663
08.02.2025 02:00;0,788
08.02.2025 03:00;0,729
08.02.2025 04:00;1,122
08.02.2025 05:00;1,859
08.02.2025 06:00;1,609
08.02.2025 07:00;1,436
08.02.2025 08:00;1,168
08.02.2025 09:00;0,814
08.02.2025 10:00;0,514
08.02.2025 11:00;0,425
08.02.2025 12:00;0,475
08.02.2025 13:00;0,343
08.02.2025 14:00;0,417
08.02.2025 15:00;0,344
08.02.2025 16:00;0,328
08.02.2025 17:00;0,364
08.02.2025 18:00;0,614
08.02.2025 19:00;0,666
08.02.2025 20:00;0,617
08.02.2025 21:00;0,626
08.02.2025 22:00;0,592
08.02.2025 23:00;0,516
09.02.2025 00:00;0,383
09.02.2025 01:00;0,211
09.02.2025 02:00;0,117
09.02.2025 03:00;0,092
09.02.2025 04:00;0,146
09.02.2025 05:00;0,042
09.02.2025 06:00;0,170
09.02.2025 07:00;0,302
09.02.2025 08:00;0,953
09.02.2025 09:00;0,707
09.02.2025 10:00;0,676
09.02.2025 11:00;0,641
09.02.2025 12:00;0,683
09.02.2025 13:00;0,594
09.02.2025 14:00;0,408
09.02.2025 15:00;0,250
09.02.2025 16:00;0,260
09.02.2025 17:00;0,191
09.02.2025 18:00;0,169
09.02.2025 19:00;0,275
09.02.2025 20:00;0,225
09.02.2025 21:00;0,183
09.02.2025 22:00;0,189
09.02.2025 23:00;0,199
10.02.2025 00:00;0,357
10.02.2025 01:00;0,188
10.02.2025 02:00;0,103
10.02.2025 03:00;0,065
10.02.2025 04:00;0,815
10.02.2025 05:00;0,571
10.02.2025 06:00;0,518
10.02.2025 07:00;0,599
10.02.2025 08:00;0,613
10.02.2025 09:00;0,414
10.02.2025 10:00;0,631
10.02.2025 11:00;0,479
10.02.2025 12:00;0,462
10.02.2025 13:00;0,445
10.02.2025 14:00;0,485
10.02.2025 15:00;0,398
10.02.2025 16:00;0,281
10.02.2025 17:00;0,194
10.02.2025 18:00;0,116
10.02.2025 19:00;0,087
10.02.2025 20:00;0,095
10.02.2025 21:00;0,115
10.02.2025 22:00;0,136
10.02.2025 23:00;0,028
11.02.2025 00:00;0,009
11.02.2025 01:00;0,260
11.02.2025 02:00;0,697
11.02.2025 03:00;0,522
11.02.2025 04:00;0,560
11.02.2025 05:00;0,495
11.02.2025 06:00;0,551
11.02.2025 07:00;0,599
11.02.2025 08:00;0,400
11.02.2025 09:00;0,313
11.02.2025 10:00;0,859
11.02.2025 11:00;0,614
11.02.2025 12:00;0,556
11.02.2025 13:00;0,342
11.02.2025 14:00;0,358
11.02.2025 15:00;0,773
11.02.2025 16:00;0,610
11.02.2025 17:00;0,561
11.02.2025 18:00;0,568
11.02.2025 19:00;0,639
11.02.2025 20:00;0,462
11.02.2025 21:00;0,314
11.02.2025 22:00;0,673
11.02.2025 23:00;0,562
12.02.2025 00:00;0,504
12.02.2025 01:00;0,484
12.02.2025 02:00;0,371
12.02.2025 03:00;0,311
12.02.2025 04:00;0,180
12.02.2025 05:00;0,179
12.02.2025 06:00;0,142
12.02.2025 07:00;0,134
12.02.2025 08:00;0,125
12.02.2025 09:00;0,057
12.02.2025 10:00;0,111
12.02.2025 11:00;0,073
12.02.2025 12:00;0,082
12.02.2025 13:00;0,135
12.02.2025 14:00;0,096
12.02.2025 15:00;0,101
12.02.2025 16:00;0,097
12.02.2025 17:00;0,096
12.02.2025 18:00;0,101
12.02.2025 19:00;0,108
12.02.2025 20:00;0,105
12.02.2025 21:00;0,102
12.02.2025 22:00;0,115
12.02.2025 23:00;0,108
13.02.2025 00:00;0,110
13.02.2025 01:00;0,124
13.02.2025 02:00;0,028
13.02.2025 03:00;0,000
13.02.2025 04:00;0,000
13.02.2025 05:00;0,000
13.02.2025 06:00;0,000
13.02.2025 07:00;0,000
13.02.2025 08:00;0,019
13.02.2025 09:00;0,000
13.02.2025 10:00;0,000
13.02.2025 11:00;0,000
13.02.2025 12:00;0,000
13.02.2025 13:00;0,000
13.02.2025 14:00;0,009
13.02.2025 15:00;0,000
13.02.2025 16:00;0,000
13.02.2025 17:00;0,000
13.02.2025 18:00;0,010
13.02.2025 19:00;0,009
13.02.2025 20:00;0,046
13.02.2025 21:00;0,010
13.02.2025 22:00;0,009
13.02.2025 23:00;0,009
14.02.2025 00:00;0,009
14.02.2025 01:00;0,291
14.02.2025 02:00;1,196
14.02.2025 03:00;0,909
14.02.2025 04:00;1,246
14.02.2025 05:00;1,517
14.02.2025 06:00;1,362
14.02.2025 07:00;1,313
14.02.2025 08:00;1,029
14.02.2025 09:00;0,688
14.02.2025 10:00;0,627
14.02.2025 11:00;0,440
14.02.2025 12:00;0,461
14.02.2025 13:00;0,226
14.02.2025 14:00;0,605
14.02.2025 15:00;0,473
14.02.2025 16:00;0,465
14.02.2025 17:00;0,947
14.02.2025 18:00;0,836
14.02.2025 19:00;0,820
14.02.2025 20:00;0,665
14.02.2025 21:00;0,355
14.02.2025 22:00;0,275
14.02.2025 23:00;0,275
15.02.2025 00:00;0,209
15.02.2025 01:00;0,115
15.02.2025 02:00;0,245
15.02.2025 03:00;0,232
15.02.2025 04:00;0,316
15.02.2025 05:00;0,272
15.02.2025 06:00;0,244
15.02.2025 07:00;0,175
15.02.2025 08:00;0,104
15.02.2025 09:00;0,082
15.02.2025 10:00;0,076
15.02.2025 11:00;0,099
15.02.2025 12:00;0,066
15.02.2025 13:00;0,064
15.02.2025 14:00;0,058
15.02.2025 15:00;0,803
15.02.2025 16:00;1,151
15.02.2025 17:00;1,063
15.02.2025 18:00;1,010
15.02.2025 19:00;1,185
15.02.2025 20:00;1,222
15.02.2025 21:00;1,053
15.02.2025 22:00;0,565
15.02.2025 23:00;0,408
16.02.2025 00:00;0,338
16.02.2025 01:00;0,336
16.02.2025 02:00;0,947
16.02.2025 03:00;0,656
16.02.2025 04:00;0,601
16.02.2025 05:00;0,797
16.02.2025 06:00;0,866
16.02.2025 07:00;0,792
16.02.2025 08:00;0,763
16.02.2025 09:00;0,756
16.02.2025 10:00;0,720
16.02.2025 11:00;0,765
16.02.2025 12:00;0,656
16.02.2025 13:00;0,455
16.02.2025 14:00;0,421
16.02.2025 15:00;0,396
16.02.2025 16:00;0,443
16.02.2025 17:00;0,434
16.02.2025 18:00;0,723
16.02.2025 19:00;0,680
16.02.2025 20:00;0,642
16.02.2025 21:00;0,578
16.02.2025 22:00;0,520
16.02.2025 23:00;0,478
17.02.2025 00:00;0,752
17.02.2025 01:00;0,467
17.02.2025 02:00;0,466
17.02.2025 03:00;0,472
17.02.2025 04:00;0,521
17.02.2025 05:00;0,362
17.02.2025 06:00;0,621
17.02.2025 07:00;0,508
17.02.2025 08:00;0,589
17.02.2025 09:00;0,634
17.02.2025 10:00;0,599
17.02.2025 11:00;0,431
17.02.2025 12:00;0,407
17.02.2025 13:00;0,443
17.02.2025 14:00;0,389
17.02.2025 15:00;0,394
17.02.2025 16:00;0,454
17.02.2025 17:00;0,448
17.02.2025 18:00;0,309
17.02.2025 19:00;0,284
17.02.2025 20:00;0,392
17.02.2025 21:00;0,382
17.02.2025 22:00;0,481
17.02.2025 23:00;0,501
18.02.2025 00:00;0,536
18.02.2025 01:00;0,348
18.02.2025 02:00;0,227
18.02.2025 03:00;0,181
18.02.2025 04:00;0,199
18.02.2025 05:00;0,125
18.02.2025 06:00;0,130
18.02.2025 07:00;0,070
18.02.2025 08:00;0,053
18.02.2025 09:00;0,000
18.02.2025 10:00;0,026
18.02.2025 11:00;0,000
18.02.2025 12:00;0,088
18.02.2025 13:00;0,364
18.02.2025 14:00;0,325
18.02.2025 15:00;0,301
18.02.2025 16:00;0,274
18.02.2025 17:00;0,742
18.02.2025 18:00;0,778
18.02.2025 19:00;0,651
18.02.2025 20:00;0,539
18.02.2025 21:00;0,464
18.02.2025 22:00;0,300
18.02.2025 23:00;0,217
19.02.2025 00:00;0,180
19.02.2025 01:00;0,137
19.02.2025 02:00;0,110
19.02.2025 03:00;0,081
19.02.2025 04:00;0,000
19.02.2025 05:00;0,028
19.02.2025 06:00;0,000
19.02.2025 07:00;0,009
19.02.2025 08:00;0,000
19.02.2025 09:00;0,000
19.02.2025 10:00;0,000
19.02.2025 11:00;0,000
19.02.2025 12:00;0,028
19.02.2025 13:00;0,000
19.02.2025 14:00;0,000
19.02.2025 15:00;0,000
19.02.2025 16:00;0,000
19.02.2025 17:00;0,000
19.02.2025 18:00;0,028
19.02.2025 19:00;0,000
19.02.2025 20:00;0,000
19.02.2025 21:00;0,009
19.02.2025 22:00;0,009
19.02.2025 23:00;0,009
20.02.2025 00:00;0,028
20.02.2025 01:00;0,000
20.02.2025 02:00;0,000
20.02.2025 03:00;0,000
20.02.2025 04:00;0,000
20.02.2025 05:00;0,000
20.02.2025 06:00;0,000
20.02.2025 07:00;0,027
20.02.2025 08:00;0,000
20.02.2025 09:00;0,000
20.02.2025 10:00;0,000
20.02.2025 11:00;0,000
20.02.2025 12:00;0,000
20.02.2025 13:00;0,000
20.02.2025 14:00;0,000
20.02.2025 15:00;0,000
20.02.2025 16:00;0,000
20.02.2025 17:00;0,000
20.02.2025 18:00;0,000
20.02.2025 19:00;0,000
20.02.2025 20:00;0,000
20.02.2025 21:00;0,000
20.02.2025 22:00;0,000
20.02.2025 23:00;0,000
21.02.2025 00:00;0,776
21.02.2025 01:00;0,416
21.02.2025 02:00;0,674
21.02.2025 03:00;1,005
21.02.2025 04:00;1,521
21.02.2025 05:00;1,767
21.02.2025 06:00;1,195
21.02.2025 07:00;0,843
21.02.2025 08:00;0,773
21.02.2025 09:00;0,781
21.02.2025 10:00;0,314
21.02.2025 11:00;0,218
21.02.2025 12:00;0,273
21.02.2025 13:00;0,853
21.02.2025 14:00;0,935
21.02.2025 15:00;0,969
21.02.2025 16:00;1,101
21.02.2025 17:00;0,879
21.02.2025 18:00;0,627
21.02.2025 19:00;0,483
21.02.2025 20:00;0,435
21.02.2025 21:00;0,420
21.02.2025 22:00;0,394
21.02.2025 23:00;0,310
22.02.2025 00:00;0,213
22.02.2025 01:00;0,229
22.02.2025 02:00;0,227
22.02.2025 03:00;0,216
22.02.2025 04:00;0,167
22.02.2025 05:00;0,098
22.02.2025 06:00;0,049
22.02.2025 07:00;0,019
22.02.2025 08:00;0,021
22.02.2025 09:00;0,007
22.02.2025 10:00;0,000
22.02.2025 11:00;0,013
22.02.2025 12:00;0,000
22.02.2025 13:00;0,000
22.02.2025 14:00;0,000
22.02.2025 15:00;0,007
22.02.2025 16:00;0,000
22.02.2025 17:00;0,000
22.02.2025 18:00;0,013
22.02.2025 19:00;0,000
22.02.2025 20:00;0,000
22.02.2025 21:00;0,000
22.02.2025 22:00;0,000
22.02.2025 23:00;0,000
23.02.2025 00:00;0,000
23.02.2025 01:00;0,012
23.02.2025 02:00;0,000
23.02.2025 03:00;0,012
23.02.2025 04:00;0,000
23.02.2025 05:00;0,000
23.02.2025 06:00;0,000
23.02.2025 07:00;0,006
23.02.2025 08:00;0,005
23.02.2025 09:00;0,000
23.02.2025 10:00;0,000
23.02.2025 11:00;0,000
23.02.2025 12:00;0,000
23.02.2025 13:00;0,302
23.02.2025 14:00;0,407
23.02.2025 15:00;0,312
23.02.2025 16:00;0,297
23.02.2025 17:00;0,320
23.02.2025 18:00;0,330
23.02.2025 19:00;0,402
23.02.2025 20:00;0,299
23.02.2025 21:00;0,182
23.02.2025 22:00;0,179
23.02.2025 23:00;0,163
24.02.2025 00:00;0,286
24.02.2025 01:00;0,092
24.02.2025 02:00;0,010
24.02.2025 03:00;0,655
24.02.2025 04:00;0,537
24.02.2025 05:00;0,474
24.02.2025 06:00;0,491
24.02.2025 07:00;0,549
24.02.2025 08:00;0,581
24.02.2025 09:00;0,627
24.02.2025 10:00;0,625
24.02.2025 11:00;1,583
24.02.2025 12:00;1,258
24.02.2025 13:00;1,284
24.02.2025 14:00;1,157
24.02.2025 15:00;1,492
24.02.2025 16:00;1,666
24.02.2025 17:00;1,299
24.02.2025 18:00;0,950
24.02.2025 19:00;1,087
24.02.2025 20:00;0,998
24.02.2025 21:00;0,933
24.02.2025 22:00;0,573
24.02.2025 23:00;0,508
25.02.2025 00:00;0,409
25.02.2025 01:00;0,890
25.02.2025 02:00;0,988
25.02.2025 03:00;0,925
25.02.2025 04:00;1,434
25.02.2025 05:00;2,496
25.02.2025 06:00;2,385
25.02.2025 07:00;2,106
25.02.2025 08:00;1,705
25.02.2025 09:00;1,142
25.02.2025 10:00;0,729
25.02.2025 11:00;0,617
25.02.2025 12:00;0,659
25.02.2025 13:00;0,487
25.02.2025 14:00;0,596
25.02.2025 15:00;0,511
25.02.2025 16:00;0,476
25.02.2025 17:00;0,561
25.02.2025 18:00;0,862
25.02.2025 19:00;0,903
25.02.2025 20:00;0,780
25.02.2025 21:00;0,848
25.02.2025 22:00;0,765
25.02.2025 23:00;0,704
26.02.2025 00:00;0,648
26.02.2025 01:00;0,338
26.02.2025 02:00;0,202
26.02.2025 03:00;0,148
26.02.2025 04:00;0,239
26.02.2025 05:00;0,066
26.02.2025 06:00;0,314
26.02.2025 07:00;0,555
26.02.2025 08:00;1,664
26.02.2025 09:00;1,240
26.02.2025 10:00;1,121
26.02.2025 11:00;1,204
26.02.2025 12:00;1,239
26.02.2025 13:00;1,089
26.02.2025 14:00;0,691
26.02.2025 15:00;0,468
26.02.2025 16:00;0,476
26.02.2025 17:00;0,336
26.02.2025 18:00;0,289
26.02.2025 19:00;0,456
26.02.2025 20:00;0,375
26.02.2025 21:00;0,313
26.02.2025 22:00;0,293
26.02.2025 23:00;0,309
27.02.2025 00:00;0,358
27.02.2025 01:00;0,188
27.02.2025 02:00;0,101
27.02.2025 03:00;0,069
27.02.2025 04:00;0,789
27.02.2025 05:00;0,574
27.02.2025 06:00;0,523
27.02.2025 07:00;0,595
27.02.2025 08:00;0,594
27.02.2025 09:00;0,411
27.02.2025 10:00;0,607
27.02.2025 11:00;0,508
27.02.2025 12:00;0,493
27.02.2025 13:00;0,469
27.02.2025 14:00;0,478
27.02.2025 15:00;0,389
27.02.2025 16:00;0,294
27.02.2025 17:00;0,195
27.02.2025 18:00;0,109
27.02.2025 19:00;0,087
27.02.2025 20:00;0,097
27.02.2025 21:00;0,118
27.02.2025 22:00;0,138
27.02.2025 23:00;0,028
28.02.2025 00:00;0,009
28.02.2025 01:00;0,264
28.02.2025 02:00;0,759
28.02.2025 03:00;0,544
28.02.2025 04:00;0,553
28.02.2025 05:00;0,504
28.02.2025 06:00;0,546
28.02.2025 07:00;0,591
28.02.2025 08:00;0,396
28.02.2025 09:00;0,340
28.02.2025 10:00;0,860
28.02.2025 11:00;0,611
28.02.2025 12:00;0,561
28.02.2025 13:00;0,364
28.02.2025 14:00;0,369
28.02.2025 15:00;0,789
28.02.2025 16:00;0,594
28.02.2025 17:00;0,566
28.02.2025 18:00;0,583
28.02.2025 19:00;0,611
28.02.2025 20:00;0,482
28.02.2025 21:00;0,323
28.02.2025 22:00;0,687
28.02.2025 23:00;0,568
01.03.2025 00:00;0,404
01.03.2025 01:00;0,403
01.03.2025 02:00;0,305
01.03.2025 03:00;0,239
01.03.2025 04:00;0,140
01.03.2025 05:00;0,133
01.03.2025 06:00;0,110
01.03.2025 07:00;0,103
01.03.2025 08:00;0,085
01.03.2025 09:00;0,042
01.03.2025 10:00;0,084
01.03.2025 11:00;0,057
01.03.2025 12:00;0,064
01.03.2025 13:00;0,107
01.03.2025 14:00;0,071
01.03.2025 15:00;0,076
01.03.2025 16:00;0,066
01.03.2025 17:00;0,066
01.03.2025 18:00;0,074
01.03.2025 19:00;0,091
01.03.2025 20:00;0,081
01.03.2025 21:00;0,084
01.03.2025 22:00;0,091
01.03.2025 23:00;0,088
02.03.2025 00:00;0,069
02.03.2025 01:00;0,078
02.03.2025 02:00;0,017
02.03.2025 03:00;0,000
02.03.2025 04:00;0,000
02.03.2025 05:00;0,000
02.03.2025 06:00;0,000
02.03.2025 07:00;0,000
02.03.2025 08:00;0,011
02.03.2025 09:00;0,000
02.03.2025 10:00;0,000
02.03.2025 11:00;0,000
02.03.2025 12:00;0,000
02.03.2025 13:00;0,000
02.03.2025 14:00;0,005
02.03.2025 15:00;0,000
02.03.2025 16:00;0,000
02.03.2025 17:00;0,000
02.03.2025 18:00;0,005
02.03.2025 19:00;0,006
02.03.2025 20:00;0,030
02.03.2025 21:00;0,006
02.03.2025 22:00;0,006
02.03.2025 23:00;0,006
03.03.2025 00:00;0,009
03.03.2025 01:00;0,273
03.03.2025 02:00;1,147
03.03.2025 03:00;0,945
03.03.2025 04:00;1,268
03.03.2025 05:00;1,517
03.03.2025 06:00;1,404
03.03.2025 07:00;1,339
03.03.2025 08:00;1,016
03.03.2025 09:00;0,737
03.03.2025 10:00;0,641
03.03.2025 11:00;0,446
03.03.2025 12:00;0,461
03.03.2025 13:00;0,242
03.03.2025 14:00;0,598
03.03.2025 15:00;0,480
03.03.2025 16:00;0,479
03.03.2025 17:00;0,903
03.03.2025 18:00;0,838
03.03.2025 19:00;0,787
03.03.2025 20:00;0,664
03.03.2025 21:00;0,364
03.03.2025 22:00;0,293
03.03.2025 23:00;0,272
04.03.2025 00:00;0,275
04.03.2025 01:00;0,142
04.03.2025 02:00;0,310
04.03.2025 03:00;0,298
04.03.2025 04:00;0,397
04.03.2025 05:00;0,367
04.03.2025 06:00;0,351
04.03.2025 07:00;0,234
04.03.2025 08:00;0,149
04.03.2025 09:00;0,125
04.03.2025 10:00;0,108
04.03.2025 11:00;0,144
04.03.2025 12:00;0,091
04.03.2025 13:00;0,091
04.03.2025 14:00;0,085
04.03.2025 15:00;1,179
04.03.2025 16:00;1,630
04.03.2025 17:00;1,431
04.03.2025 18:00;1,467
04.03.2025 19:00;1,506
04.03.2025 20:00;1,703
04.03.2025 21:00;1,336
04.03.2025 22:00;0,757
04.03.2025 23:00;0,559
05.03.2025 00:00;0,541
05.03.2025 01:00;0,522
05.03.2025 02:00;1,635
05.03.2025 03:00;1,033
05.03.2025 04:00;0,993
05.03.2025 05:00;1,317
05.03.2025 06:00;1,580
05.03.2025 07:00;1,369
05.03.2025 08:00;1,408
05.03.2025 09:00;1,270
05.03.2025 10:00;1,286
05.03.2025 11:00;1,375
05.03.2025 12:00;1,194
05.03.2025 13:00;0,846
05.03.2025 14:00;0,750
05.03.2025 15:00;0,705
05.03.2025 16:00;0,848
05.03.2025 17:00;0,790
05.03.2025 18:00;1,239
05.03.2025 19:00;1,173
05.03.2025 20:00;1,075
05.03.2025 21:00;0,919
05.03.2025 22:00;0,843
05.03.2025 23:00;0,795
06.03.2025 00:00;0,721
06.03.2025 01:00;0,456
06.03.2025 02:00;0,489
06.03.2025 03:00;0,500
06.03.2025 04:00;0,536
06.03.2025 05:00;0,345
06.03.2025 06:00;0,638
06.03.2025 07:00;0,520
06.03.2025 08:00;0,568
06.03.2025 09:00;0,623
06.03.2025 10:00;0,640
06.03.2025 11:00;0,416
06.03.2025 12:00;0,409
06.03.2025 13:00;0,444
06.03.2025 14:00;0,386
06.03.2025 15:00;0,399
06.03.2025 16:00;0,473
06.03.2025 17:00;0,456
06.03.2025 18:00;0,311
06.03.2025 19:00;0,302
06.03.2025 20:00;0,391
06.03.2025 21:00;0,369
06.03.2025 22:00;0,488
06.03.2025 23:00;0,534
07.03.2025 00:00;0,510
07.03.2025 01:00;0,334
07.03.2025 02:00;0,217
07.03.2025 03:00;0,177
07.03.2025 04:00;0,216
07.03.2025 05:00;0,126
07.03.2025 06:00;0,134
07.03.2025 07:00;0,073
07.03.2025 08:00;0,054
07.03.2025 09:00;0,000
07.03.2025 10:00;0,028
07.03.2025 11:00;0,000
07.03.2025 12:00;0,089
07.03.2025 13:00;0,382
07.03.2025 14:00;0,334
07.03.2025 15:00;0,293
07.03.2025 16:00;0,265
07.03.2025 17:00;0,733
07.03.2025 18:00;0,772
07.03.2025 19:00;0,636
07.03.2025 20:00;0,538
07.03.2025 21:00;0,489
07.03.2025 22:00;0,310
07.03.2025 23:00;0,235
08.03.2025 00:00;0,140
08.03.2025 01:00;0,106
08.03.2025 02:00;0,085
08.03.2025 03:00;0,066
08.03.2025 04:00;0,000
08.03.2025 05:00;0,022
08.03.2025 06:00;0,000
08.03.2025 07:00;0,007
08.03.2025 08:00;0,000
08.03.2025 09:00;0,000
08.03.2025 10:00;0,000
08.03.2025 11:00;0,000
08.03.2025 12:00;0,020
08.03.2025 13:00;0,000
08.03.2025 14:00;0,000
08.03.2025 15:00;0,000
08.03.2025 16:00;0,000
08.03.2025 17:00;0,000
08.03.2025 18:00;0,020
08.03.2025 19:00;0,000
08.03.2025 20:00;0,000
08.03.2025 21:00;0,007
08.03.2025 22:00;0,007
08.03.2025 23:00;0,007
09.03.2025 00:00;0,018
09.03.2025 01:00;0,000
09.03.2025 02:00;0,000
09.03.2025 03:00;0,000
09.03.2025 04:00;0,000
09.03.2025 05:00;0,000
09.03.2025 06:00;0,000
09.03.2025 07:00;0,016
09.03.2025 08:00;0,000
09.03.2025 09:00;0,000
09.03.2025 10:00;0,000
09.03.2025 11:00;0,000
09.03.2025 12:00;0,000
09.03.2025 13:00;0,000
09.03.2025 14:00;0,000
09.03.2025 15:00;0,000
09.03.2025 16:00;0,000
09.03.2025 17:00;0,000
09.03.2025 18:00;0,000
09.03.2025 19:00;0,000
09.03.2025 20:00;0,000
09.03.2025 21:00;0,000
09.03.2025 22:00;0,000
09.03.2025 23:00;0,000
10.03.2025 00:00;0,771
10.03.2025 01:00;0,411
10.03.2025 02:00;0,676
10.03.2025 03:00;1,054
10.03.2025 04:00;1,576
10.03.2025 05:00;1,821
10.03.2025 06:00;1,170
10.03.2025 07:00;0,856
10.03.2025 08:00;0,782
10.03.2025 09:00;0,798
10.03.2025 10:00;0,341
10.03.2025 11:00;0,217
10.03.2025 12:00;0,280
10.03.2025 13:00;0,856
10.03.2025 14:00;0,990
10.03.2025 15:00;0,972
10.03.2025 16:00;1,155
10.03.2025 17:00;0,832
10.03.2025 18:00;0,615
10.03.2025 19:00;0,512
10.03.2025 20:00;0,466
10.03.2025 21:00;0,412
10.03.2025 22:00;0,408
10.03.2025 23:00;0,314
11.03.2025 00:00;0,286
11.03.2025 01:00;0,290
11.03.2025 02:00;0,289
11.03.2025 03:00;0,271
11.03.2025 04:00;0,219
11.03.2025 05:00;0,120
11.03.2025 06:00;0,067
11.03.2025 07:00;0,029
11.03.2025 08:00;0,029
11.03.2025 09:00;0,010
11.03.2025 10:00;0,000
11.03.2025 11:00;0,018
11.03.2025 12:00;0,000
11.03.2025 13:00;0,000
11.03.2025 14:00;0,000
11.03.2025 15:00;0,010
11.03.2025 16:00;0,000
11.03.2025 17:00;0,000
11.03.2025 18:00;0,019
11.03.2025 19:00;0,000
11.03.2025 20:00;0,000
11.03.2025 21:00;0,000
11.03.2025 22:00;0,000
11.03.2025 23:00;0,000
12.03.2025 00:00;0,000
12.03.2025 01:00;0,018
12.03.2025 02:00;0,000
12.03.2025 03:00;0,019
12.03.2025 04:00;0,000
12.03.2025 05:00;0,000
12.03.2025 06:00;0,000
12.03.2025 07:00;0,009
12.03.2025 08:00;0,010
12.03.2025 09:00;0,000
12.03.2025 10:00;0,000
12.03.2025 11:00;0,000
12.03.2025 12:00;0,000
12.03.2025 13:00;0,530
12.03.2025 14:00;0,687
12.03.2025 15:00;0,572
12.03.2025 16:00;0,528
12.03.2025 17:00;0,558
12.03.2025 18:00;0,575
12.03.2025 19:00;0,704
12.03.2025 20:00;0,472
12.03.2025 21:00;0,300
12.03.2025 22:00;0,273
12.03.2025 23:00;0,287
13.03.2025 00:00;0,283
13.03.2025 01:00;0,096
13.03.2025 02:00;0,010
13.03.2025 03:00;0,642
13.03.2025 04:00;0,561
13.03.2025 05:00;0,486
13.03.2025 06:00;0,482
13.03.2025 07:00;0,545
13.03.2025 08:00;0,580
13.03.2025 09:00;0,659
13.03.2025 10:00;0,652
13.03.2025 11:00;1,555
13.03.2025 12:00;1,236
13.03.2025 13:00;1,280
13.03.2025 14:00;1,160
13.03.2025 15:00;1,544
13.03.2025 16:00;1,576
13.03.2025 17:00;1,289
13.03.2025 18:00;0,981
13.03.2025 19:00;1,096
13.03.2025 20:00;0,961
13.03.2025 21:00;0,928
13.03.2025 22:00;0,568
13.03.2025 23:00;0,500
14.03.2025 00:00;0,412
14.03.2025 01:00;0,949
14.03.2025 02:00;1,014
14.03.2025 03:00;0,885
14.03.2025 04:00;1,425
14.03.2025 05:00;2,540
14.03.2025 06:00;2,263
14.03.2025 07:00;2,113
14.03.2025 08:00;1,605
14.03.2025 09:00;1,100
14.03.2025 10:00;0,723
14.03.2025 11:00;0,648
14.03.2025 12:00;0,681
14.03.2025 13:00;0,460
14.03.2025 14:00;0,595
14.03.2025 15:00;0,479
14.03.2025 16:00;0,498
14.03.2025 17:00;0,556
14.03.2025 18:00;0,843
14.03.2025 19:00;0,896
14.03.2025 20:00;0,832
14.03.2025 21:00;0,791
14.03.2025 22:00;0,781
14.03.2025 23:00;0,697
15.03.2025 00:00;0,480
15.03.2025 01:00;0,277
15.03.2025 02:00;0,149
15.03.2025 03:00;0,122
15.03.2025 04:00;0,187
15.03.2025 05:00;0,052
15.03.2025 06:00;0,218
15.03.2025 07:00;0,401
15.03.2025 08:00;1,244
15.03.2025 09:00;0,865
15.03.2025 10:00;0,835
15.03.2025 11:00;0,831
15.03.2025 12:00;0,914
15.03.2025 13:00;0,808
15.03.2025 14:00;0,506
15.03.2025 15:00;0,331
15.03.2025 16:00;0,347
15.03.2025 17:00;0,231
15.03.2025 18:00;0,216
15.03.2025 19:00;0,356
15.03.2025 20:00;0,301
15.03.2025 21:00;0,251
15.03.2025 22:00;0,236
15.03.2025 23:00;0,243
16.03.2025 00:00;0,226
16.03.2025 01:00;0,115
16.03.2025 02:00;0,066
16.03.2025 03:00;0,040
16.03.2025 04:00;0,508
16.03.2025 05:00;0,348
16.03.2025 06:00;0,321
16.03.2025 07:00;0,348
16.03.2025 08:00;0,353
16.03.2025 09:00;0,227
16.03.2025 10:00;0,375
16.03.2025 11:00;0,283
16.03.2025 12:00;0,272
16.03.2025 13:00;0,267
16.03.2025 14:00;0,282
16.03.2025 15:00;0,242
16.03.2025 16:00;0,162
16.03.2025 17:00;0,109
16.03.2025 18:00;0,065
16.03.2025 19:00;0,053
16.03.2025 20:00;0,057
16.03.2025 21:00;0,068
16.03.2025 22:00;0,092
16.03.2025 23:00;0,018
17.03.2025 00:00;0,010
17.03.2025 01:00;0,265
17.03.2025 02:00;0,770
17.03.2025 03:00;0,532
17.03.2025 04:00;0,570
17.03.2025 05:00;0,468
17.03.2025 06:00;0,568
17.03.2025 07:00;0,631
17.03.2025 08:00;0,413
17.03.2025 09:00;0,346
17.03.2025 10:00;0,856
17.03.2025 11:00;0,601
17.03.2025 12:00;0,605
17.03.2025 13:00;0,357
17.03.2025 14:00;0,377
17.03.2025 15:00;0,779
17.03.2025 16:00;0,614
17.03.2025 17:00;0,617
17.03.2025 18:00;0,591
17.03.2025 19:00;0,657
17.03.2025 20:00;0,485
17.03.2025 21:00;0,324
17.03.2025 22:00;0,711
17.03.2025 23:00;0,567
18.03.2025 00:00;0,501
18.03.2025 01:00;0,510
18.03.2025 02:00;0,380
18.03.2025 03:00;0,330
18.03.2025 04:00;0,175
18.03.2025 05:00;0,181
18.03.2025 06:00;0,150
18.03.2025 07:00;0,140
18.03.2025 08:00;0,129
18.03.2025 09:00;0,056
18.03.2025 10:00;0,116
18.03.2025 11:00;0,080
18.03.2025 12:00;0,090
18.03.2025 13:00;0,141
18.03.2025 14:00;0,101
18.03.2025 15:00;0,109
18.03.2025 16:00;0,093
18.03.2025 17:00;0,093
18.03.2025 18:00;0,105
18.03.2025 19:00;0,110
18.03.2025 20:00;0,104
18.03.2025 21:00;0,109
18.03.2025 22:00;0,125
18.03.2025 23:00;0,110
19.03.2025 00:00;0,114
19.03.2025 01:00;0,127
19.03.2025 02:00;0,028
19.03.2025 03:00;0,000
19.03.2025 04:00;0,000
19.03.2025 05:00;0,000
19.03.2025 06:00;0,000
19.03.2025 07:00;0,000
19.03.2025 08:00;0,020
19.03.2025 09:00;0,000
19.03.2025 10:00;0,000
19.03.2025 11:00;0,000
19.03.2025 12:00;0,000
19.03.2025 13:00;0,000
19.03.2025 14:00;0,010
19.03.2025 15:00;0,000
19.03.2025 16:00;0,000
19.03.2025 17:00;0,000
19.03.2025 18:00;0,010
19.03.2025 19:00;0,009
19.03.2025 20:00;0,049
19.03.2025 21:00;0,010
19.03.2025 22:00;0,010
19.03.2025 23:00;0,009
20.03.2025 00:00;0,009
20.03.2025 01:00;0,281
20.03.2025 02:00;1,228
20.03.2025 03:00;0,889
20.03.2025 04:00;1,263
20.03.2025 05:00;1,473
20.03.2025 06:00;1,377
20.03.2025 07:00;1,318
20.03.2025 08:00;1,012
20.03.2025 09:00;0,715
20.03.2025 10:00;0,651
20.03.2025 11:00;0,413
20.03.2025 12:00;0,473
20.03.2025 13:00;0,239
20.03.2025 14:00;0,589
20.03.2025 15:00;0,476
20.03.2025 16:00;0,464
20.03.2025 17:00;0,894
20.03.2025 18:00;0,891
20.03.2025 19:00;0,791
20.03.2025 20:00;0,678
20.03.2025 21:00;0,379
20.03.2025 22:00;0,299
20.03.2025 23:00;0,277
21.03.2025 00:00;0,281
21.03.2025 01:00;0,152
21.03.2025 02:00;0,308
21.03.2025 03:00;0,293
21.03.2025 04:00;0,399
21.03.2025 05:00;0,371
21.03.2025 06:00;0,353
21.03.2025 07:00;0,242
21.03.2025 08:00;0,154
21.03.2025 09:00;0,121
21.03.2025 10:00;0,108
21.03.2025 11:00;0,139
21.03.2025 12:00;0,091
21.03.2025 13:00;0,097
21.03.2025 14:00;0,088
21.03.2025 15:00;1,152
21.03.2025 16:00;1,567
21.03.2025 17:00;1,454
21.03.2025 18:00;1,379
21.03.2025 19:00;1,448
21.03.2025 20:00;1,712
21.03.2025 21:00;1,380
21.03.2025 22:00;0,727
21.03.2025 23:00;0,565
22.03.2025 00:00;0,429
22.03.2025 01:00;0,433
22.03.2025 02:00;1,228
22.03.2025 03:00;0,850
22.03.2025 04:00;0,779
22.03.2025 05:00;1,041
22.03.2025 06:00;1,196
22.03.2025 07:00;0,992
22.03.2025 08:00;0,958
22.03.2025 09:00;0,967
22.03.2025 10:00;0,892
22.03.2025 11:00;0,970
22.03.2025 12:00;0,846
22.03.2025 13:00;0,589
22.03.2025 14:00;0,561
22.03.2025 15:00;0,519
22.03.2025 16:00;0,598
22.03.2025 17:00;0,575
22.03.2025 18:00;0,940
22.03.2025 19:00;0,894
22.03.2025 20:00;0,878
22.03.2025 21:00;0,726
22.03.2025 22:00;0,624
22.03.2025 23:00;0,606
23.03.2025 00:00;0,470
23.03.2025 01:00;0,298
23.03.2025 02:00;0,281
23.03.2025 03:00;0,301
23.03.2025 04:00;0,336
23.03.2025 05:00;0,217
23.03.2025 06:00;0,357
23.03.2025 07:00;0,313
23.03.2025 08:00;0,323
23.03.2025 09:00;0,378
23.03.2025 10:00;0,361
23.03.2025 11:00;0,238
23.03.2025 12:00;0,241
23.03.2025 13:00;0,271
23.03.2025 14:00;0,241
23.03.2025 15:00;0,218
23.03.2025 16:00;0,268
23.03.2025 17:00;0,266
23.03.2025 18:00;0,178
23.03.2025 19:00;0,179
23.03.2025 20:00;0,230
23.03.2025 21:00;0,224
23.03.2025 22:00;0,285
23.03.2025 23:00;0,312
24.03.2025 00:00;0,543
24.03.2025 01:00;0,348
24.03.2025 02:00;0,221
24.03.2025 03:00;0,175
24.03.2025 04:00;0,207
24.03.2025 05:00;0,129
24.03.2025 06:00;0,143
24.03.2025 07:00;0,073
24.03.2025 08:00;0,058
24.03.2025 09:00;0,000
24.03.2025 10:00;0,027
24.03.2025 11:00;0,000
24.03.2025 12:00;0,093
24.03.2025 13:00;0,354
24.03.2025 14:00;0,346
24.03.2025 15:00;0,293
24.03.2025 16:00;0,270
24.03.2025 17:00;0,766
24.03.2025 18:00;0,784
24.03.2025 19:00;0,654
24.03.2025 20:00;0,550
24.03.2025 21:00;0,484
24.03.2025 22:00;0,305
24.03.2025 23:00;0,222
25.03.2025 00:00;0,184
25.03.2025 01:00;0,142
25.03.2025 02:00;0,106
25.03.2025 03:00;0,080
25.03.2025 04:00;0,000
25.03.2025 05:00;0,028
25.03.2025 06:00;0,000
25.03.2025 07:00;0,009
25.03.2025 08:00;0,000
25.03.2025 09:00;0,000
25.03.2025 10:00;0,000
25.03.2025 11:00;0,000
25.03.2025 12:00;0,029
25.03.2025 13:00;0,000
25.03.2025 14:00;0,000
25.03.2025 15:00;0,000
25.03.2025 16:00;0,000
25.03.2025 17:00;0,000
25.03.2025 18:00;0,027
25.03.2025 19:00;0,000
25.03.2025 20:00;0,000
25.03.2025 21:00;0,009
25.03.2025 22:00;0,009
25.03.2025 23:00;0,010
26.03.2025 00:00;0,028
26.03.2025 01:00;0,000
26.03.2025 02:00;0,000
26.03.2025 03:00;0,000
26.03.2025 04:00;0,000
26.03.2025 05:00;0,000
26.03.2025 06:00;0,000
26.03.2025 07:00;0,029
26.03.2025 08:00;0,000
26.03.2025 09:00;0,000
26.03.2025 10:00;0,000
26.03.2025 11:00;0,000
26.03.2025 12:00;0,000
26.03.2025 13:00;0,000
26.03.2025 14:00;0,000
26.03.2025 15:00;0,000
26.03.2025 16:00;0,000
26.03.2025 17:00;0,000
26.03.2025 18:00;0,000
26.03.2025 19:00;0,000
26.03.2025 20:00;0,000
26.03.2025 21:00;0,000
26.03.2025 22:00;0,000
26.03.2025 23:00;0,000
27.03.2025 00:00;0,810
27.03.2025 01:00;0,418
27.03.2025 02:00;0,697
27.03.2025 03:00;1,051
27.03.2025 04:00;1,570
27.03.2025 05:00;1,775
27.03.2025 06:00;1,252
27.03.2025 07:00;0,854
27.03.2025 08:00;0,800
27.03.2025 09:00;0,787
27.03.2025 10:00;0,322
27.03.2025 11:00;0,230
27.03.2025 12:00;0,280
27.03.2025 13:00;0,810
27.03.2025 14:00;1,028
27.03.2025 15:00;1,039
27.03.2025 16:00;1,146
27.03.2025 17:00;0,844
27.03.2025 18:00;0,643
27.03.2025 19:00;0,519
27.03.2025 20:00;0,461
27.03.2025 21:00;0,427
27.03.2025 22:00;0,427
27.03.2025 23:00;0,311
28.03.2025 00:00;0,298
28.03.2025 01:00;0,289
28.03.2025 02:00;0,291
28.03.2025 03:00;0,262
28.03.2025 04:00;0,211
28.03.2025 05:00;0,126
28.03.2025 06:00;0,065
28.03.2025 07:00;0,030
28.03.2025 08:00;0,028
28.03.2025 09:00;0,010
28.03.2025 10:00;0,000
28.03.2025 11:00;0,019
28.03.2025 12:00;0,000
28.03.2025 13:00;0,000
28.03.2025 14:00;0,000
28.03.2025 15:00;0,009
28.03.2025 16:00;0,000
28.03.2025 17:00;0,000
28.03.2025 18:00;0,019
28.03.2025 19:00;0,000
28.03.2025 20:00;0,000
28.03.2025 21:00;0,000
28.03.2025 22:00;0,000
28.03.2025 23:00;0,000
29.03.2025 00:00;0,000
29.03.2025 01:00;0,015
29.03.2025 02:00;0,000
29.03.2025 03:00;0,015
29.03.2025 04:00;0,000
29.03.2025 05:00;0,000
29.03.2025 06:00;0,000
29.03.2025 07:00;0,007
29.03.2025 08:00;0,007
29.03.2025 09:00;0,000
29.03.2025 10:00;0,000
29.03.2025 11:00;0,000
29.03.2025 12:00;0,000
29.03.2025 13:00;0,383
29.03.2025 14:00;0,495
29.03.2025 15:00;0,403
29.03.2025 16:00;0,365
29.03.2025 17:00;0,389
29.03.2025 18:00;0,446
29.03.2025 19:00;0,548
29.03.2025 20:00;0,378
29.03.2025 21:00;0,243
29.03.2025 22:00;0,228
29.03.2025 23:00;0,214
30.03.2025 00:00;0,181
30.03.2025 01:00;0,061
30.03.2025 03:00;0,006
30.03.2025 04:00;0,419
30.03.2025 05:00;0,355
30.03.2025 06:00;0,270
30.03.2025 07:00;0,279
30.03.2025 08:00;0,306
30.03.2025 09:00;0,325
30.03.2025 10:00;0,373
30.03.2025 11:00;0,373
30.03.2025 12:00;0,866
30.03.2025 13:00;0,704
30.03.2025 14:00;0,722
30.03.2025 15:00;0,679
30.03.2025 16:00;0,864
30.03.2025 17:00;0,969
30.03.2025 18:00;0,711
30.03.2025 19:00;0,640
30.03.2025 20:00;0,707
30.03.2025 21:00;0,591
30.03.2025 22:00;0,579
30.03.2025 23:00;0,338
31.03.2025 00:00;0,502
31.03.2025 01:00;0,405
31.03.2025 02:00;0,943
31.03.2025 03:00;1,026
31.03.2025 04:00;0,916
31.03.2025 05:00;1,449
31.03.2025 06:00;2,628
31.03.2025 07:00;2,344
31.03.2025 08:00;2,148
31.03.2025 09:00;1,641
31.03.2025 10:00;1,170
31.03.2025 11:00;0,745
31.03.2025 12:00;0,657
31.03.2025 13:00;0,710
31.03.2025 14:00;0,499
31.03.2025 15:00;0,622
31.03.2025 16:00;0,508
31.03.2025 17:00;0,498
31.03.2025 18:00;0,563
31.03.2025 19:00;0,895
31.03.2025 20:00;0,942
31.03.2025 21:00;0,833
31.03.2025 22:00;0,806
31.03.2025 23:00;0,756
01.04.2025 00:00;0,706
01.04.2025 01:00;0,636
01.04.2025 02:00;0,372
01.04.2025 03:00;0,196
01.04.2025 04:00;0,157
01.04.2025 05:00;0,253
01.04.2025 06:00;0,068
01.04.2025 07:00;0,303
01.04.2025 08:00;0,577
01.04.2025 09:00;1,688
01.04.2025 10:00;1,283
01.04.2025 11:00;1,122
01.04.2025 12:00;1,181
01.04.2025 13:00;1,221
01.04.2025 14:00;1,153
01.04.2025 15:00;0,754
01.04.2025 16:00;0,474
01.04.2025 17:00;0,491
01.04.2025 18:00;0,322
01.04.2025 19:00;0,300
01.04.2025 20:00;0,441
01.04.2025 21:00;0,398
01.04.2025 22:00;0,300
01.04.2025 23:00;0,305
02.04.2025 00:00;0,310
02.04.2025 01:00;0,366
02.04.2025 02:00;0,194
02.04.2025 03:00;0,104
02.04.2025 04:00;0,066
02.04.2025 05:00;0,845
02.04.2025 06:00;0,595
02.04.2025 07:00;0,576
02.04.2025 08:00;0,629
02.04.2025 09:00;0,637
02.04.2025 10:00;0,404
02.04.2025 11:00;0,660
02.04.2025 12:00;0,486
02.04.2025 13:00;0,494
02.04.2025 14:00;0,471
02.04.2025 15:00;0,497
02.04.2025 16:00;0,420
02.04.2025 17:00;0,298
02.04.2025 18:00;0,194
02.04.2025 19:00;0,116
02.04.2025 20:00;0,088
02.04.2025 21:00;0,095
02.04.2025 22:00;0,116
02.04.2025 23:00;0,137
03.04.2025 00:00;0,029
03.04.2025 01:00;0,010
03.04.2025 02:00;0,260
03.04.2025 03:00;0,721
03.04.2025 04:00;0,543
03.04.2025 05:00;0,582
03.04.2025 06:00;0,505
03.04.2025 07:00;0,551
03.04.2025 08:00;0,620
03.04.2025 09:00;0,414
03.04.2025 10:00;0,341
03.04.2025 11:00;0,877
03.04.2025 12:00;0,630
03.04.2025 13:00;0,565
03.04.2025 14:00;0,354
03.04.2025 15:00;0,357
03.04.2025 16:00;0,830
03.04.2025 17:00;0,581
03.04.2025 18:00;0,572
03.04.2025 19:00;0,602
03.04.2025 20:00;0,626
03.04.2025 21:00;0,489
03.04.2025 22:00;0,337
03.04.2025 23:00;0,682
04.04.2025 00:00;0,590
04.04.2025 01:00;0,506
04.04.2025 02:00;0,508
04.04.2025 03:00;0,409
04.04.2025 04:00;0,314
04.04.2025 05:00;0,183
04.04.2025 06:00;0,185
04.04.2025 07:00;0,149
04.04.2025 08:00;0,150
04.04.2025 09:00;0,125
04.04.2025 10:00;0,057
04.04.2025 11:00;0,116
04.04.2025 12:00;0,078
04.04.2025 13:00;0,090
04.04.2025 14:00;0,139
04.04.2025 15:00;0,093
04.04.2025 16:00;0,108
04.04.2025 17:00;0,099
04.04.2025 18:00;0,099
04.04.2025 19:00;0,109
04.04.2025 20:00;0,113
04.04.2025 21:00;0,104
04.04.2025 22:00;0,102
04.04.2025 23:00;0,119
05.04.2025 00:00;0,092
05.04.2025 01:00;0,093
05.04.2025 02:00;0,095
05.04.2025 03:00;0,023
05.04.2025 04:00;0,000
05.04.2025 05:00;0,000
05.04.2025 06:00;0,000
05.04.2025 07:00;0,000
05.04.2025 08:00;0,000
05.04.2025 09:00;0,014
05.04.2025 10:00;0,000
05.04.2025 11:00;0,000
05.04.2025 12:00;0,000
05.04.2025 13:00;0,000
05.04.2025 14:00;0,000
05.04.2025 15:00;0,007
05.04.2025 16:00;0,000
05.04.2025 17:00;0,000
05.04.2025 18:00;0,000
05.04.2025 19:00;0,008
05.04.2025 20:00;0,007
05.04.2025 21:00;0,036
05.04.2025 22:00;0,007
05.04.2025 23:00;0,007
06.04.2025 00:00;0,006
06.04.2025 01:00;0,006
06.04.2025 02:00;0,173
06.04.2025 03:00;0,757
06.04.2025 04:00;0,581
06.04.2025 05:00;0,847
06.04.2025 06:00;0,924
06.04.2025 07:00;0,778
06.04.2025 08:00;0,769
06.04.2025 09:00;0,611
06.04.2025 10:00;0,423
06.04.2025 11:00;0,366
06.04.2025 12:00;0,253
06.04.2025 13:00;0,278
06.04.2025 14:00;0,136
06.04.2025 15:00;0,351
06.04.2025 16:00;0,275
06.04.2025 17:00;0,268
06.04.2025 18:00;0,539
06.04.2025 19:00;0,541
06.04.2025 20:00;0,529
06.04.2025 21:00;0,408
06.04.2025 22:00;0,228
06.04.2025 23:00;0,179
07.04.2025 00:00;0,276
07.04.2025 01:00;0,295
07.04.2025 02:00;0,143
07.04.2025 03:00;0,316
07.04.2025 04:00;0,307
07.04.2025 05:00;0,403
07.04.2025 06:00;0,366
07.04.2025 07:00;0,354
07.04.2025 08:00;0,241
07.04.2025 09:00;0,156
07.04.2025 10:00;0,118
07.04.2025 11:00;0,108
07.04.2025 12:00;0,140
07.04.2025 13:00;0,090
07.04.2025 14:00;0,094
07.04.2025 15:00;0,084
07.04.2025 16:00;1,126
07.04.2025 17:00;1,543
07.04.2025 18:00;1,525
07.04.2025 19:00;1,396
07.04.2025 20:00;1,514
07.04.2025 21:00;1,622
07.04.2025 22:00;1,313
07.04.2025 23:00;0,734
08.04.2025 00:00;0,552
08.04.2025 01:00;0,537
08.04.2025 02:00;0,556
08.04.2025 03:00;1,670
08.04.2025 04:00;1,057
08.04.2025 05:00;1,006
08.04.2025 06:00;1,271
08.04.2025 07:00;1,588
08.04.2025 08:00;1,473
08.04.2025 09:00;1,418
08.04.2025 10:00;1,308
08.04.2025 11:00;1,232
08.04.2025 12:00;1,434
08.04.2025 13:00;1,164
08.04.2025 14:00;0,873
08.04.2025 15:00;0,811
08.04.2025 16:00;0,686
08.04.2025 17:00;0,843
08.04.2025 18:00;0,825
08.04.2025 19:00;1,202
08.04.2025 20:00;1,148
08.04.2025 21:00;1,064
08.04.2025 22:00;0,915
08.04.2025 23:00;0,808
09.04.2025 00:00;0,815
09.04.2025 01:00;0,762
09.04.2025 02:00;0,455
09.04.2025 03:00;0,458
09.04.2025 04:00;0,500
09.04.2025 05:00;0,516
09.04.2025 06:00;0,378
09.04.2025 07:00;0,608
09.04.2025 08:00;0,556
09.04.2025 09:00;0,622
09.04.2025 10:00;0,618
09.04.2025 11:00;0,654
09.04.2025 12:00;0,409
09.04.2025 13:00;0,416
09.04.2025 14:00;0,457
09.04.2025 15:00;0,411
09.04.2025 16:00;0,409
09.04.2025 17:00;0,471
09.04.2025 18:00;0,459
09.04.2025 19:00;0,330
09.04.2025 20:00;0,310
09.04.2025 21:00;0,371
09.04.2025 22:00;0,388
09.04.2025 23:00;0,482
10.04.2025 00:00;0,524
10.04.2025 01:00;0,524
10.04.2025 02:00;0,338
10.04.2025 03:00;0,216
10.04.2025 04:00;0,182
10.04.2025 05:00;0,209
10.04.2025 06:00;0,132
10.04.2025 07:00;0,138
10.04.2025 08:00;0,075
10.04.2025 09:00;0,057
10.04.2025 10:00;0,000
10.04.2025 11:00;0,029
10.04.2025 12:00;0,000
10.04.2025 13:00;0,089
10.04.2025 14:00;0,364
10.04.2025 15:00;0,343
10.04.2025 16:00;0,306
10.04.2025 17:00;0,269
10.04.2025 18:00;0,742
10.04.2025 19:00;0,763
10.04.2025 20:00;0,678
10.04.2025 21:00;0,528
10.04.2025 22:00;0,504
10.04.2025 23:00;0,312
11.04.2025 00:00;0,225
11.04.2025 01:00;0,176
11.04.2025 02:00;0,139
11.04.2025 03:00;0,114
11.04.2025 04:00;0,087
11.04.2025 05:00;0,000
11.04.2025 06:00;0,028
11.04.2025 07:00;0,000
11.04.2025 08:00;0,009
11.04.2025 09:00;0,000
11.04.2025 10:00;0,000
11.04.2025 11:00;0,000
11.04.2025 12:00;0,000
11.04.2025 13:00;0,029
11.04.2025 14:00;0,000
11.04.2025 15:00;0,000
11.04.2025 16:00;0,000
11.04.2025 17:00;0,000
11.04.2025 18:00;0,000
11.04.2025 19:00;0,028
11.04.2025 20:00;0,000
11.04.2025 21:00;0,000
11.04.2025 22:00;0,010
11.04.2025 23:00;0,010
12.04.2025 00:00;0,007
12.04.2025 01:00;0,022
12.04.2025 02:00;0,000
12.04.2025 03:00;0,000
12.04.2025 04:00;0,000
12.04.2025 05:00;0,000
12.04.2025 06:00;0,000
12.04.2025 07:00;0,000
12.04.2025 08:00;0,021
12.04.2025 09:00;0,000
12.04.2025 10:00;0,000
12.04.2025 11:00;0,000
12.04.2025 12:00;0,000
12.04.2025 13:00;0,000
12.04.2025 14:00;0,000
12.04.2025 15:00;0,000
12.04.2025 16:00;0,000
12.04.2025 17:00;0,000
12.04.2025 18:00;0,000
12.04.2025 19:00;0,000
12.04.2025 20:00;0,000
12.04.2025 21:00;0,000
12.04.2025 22:00;0,000
12.04.2025 23:00;0,000
13.04.2025 00:00;0,000
13.04.2025 01:00;0,480
13.04.2025 02:00;0,269
13.04.2025 03:00;0,432
13.04.2025 04:00;0,657
13.04.2025 05:00;0,994
13.04.2025 06:00;1,044
13.04.2025 07:00;0,694
13.04.2025 08:00;0,509
13.04.2025 09:00;0,469
13.04.2025 10:00;0,459
13.04.2025 11:00;0,190
13.04.2025 12:00;0,127
13.04.2025 13:00;0,158
13.04.2025 14:00;0,477
13.04.2025 15:00;0,562
13.04.2025 16:00;0,582
13.04.2025 17:00;0,628
13.04.2025 18:00;0,484
13.04.2025 19:00;0,399
13.04.2025 20:00;0,315
13.04.2025 21:00;0,283
13.04.2025 22:00;0,270
13.04.2025 23:00;0,250
14.04.2025 00:00;0,321
14.04.2025 01:00;0,298
14.04.2025 02:00;0,291
14.04.2025 03:00;0,282
14.04.2025 04:00;0,287
14.04.2025 05:00;0,216
14.04.2025 06:00;0,127
14.04.2025 07:00;0,071
14.04.2025 08:00;0,029
14.04.2025 09:00;0,029
14.04.2025 10:00;0,010
14.04.2025 11:00;0,000
14.04.2025 12:00;0,019
14.04.2025 13:00;0,000
14.04.2025 14:00;0,000
14.04.2025 15:00;0,000
14.04.2025 16:00;0,009
14.04.2025 17:00;0,000
14.04.2025 18:00;0,000
14.04.2025 19:00;0,020
14.04.2025 20:00;0,000
14.04.2025 21:00;0,000
14.04.2025 22:00;0,000
14.04.2025 23:00;0,000
15.04.2025 00:00;0,000
15.04.2025 01:00;0,000
15.04.2025 02:00;0,019
15.04.2025 03:00;0,000
15.04.2025 04:00;0,019
15.04.2025 05:00;0,000
15.04.2025 06:00;0,000
15.04.2025 07:00;0,000
15.04.2025 08:00;0,010
15.04.2025 09:00;0,010
15.04.2025 10:00;0,000
15.04.2025 11:00;0,000
15.04.2025 12:00;0,000
15.04.2025 13:00;0,000
15.04.2025 14:00;0,523
15.04.2025 15:00;0,677
15.04.2025 16:00;0,547
15.04.2025 17:00;0,527
15.04.2025 18:00;0,579
15.04.2025 19:00;0,572
15.04.2025 20:00;0,668
15.04.2025 21:00;0,510
15.04.2025 22:00;0,300
15.04.2025 23:00;0,279
16.04.2025 00:00;0,280
16.04.2025 01:00;0,284
16.04.2025 02:00;0,101
16.04.2025 03:00;0,010
16.04.2025 04:00;0,636
16.04.2025 05:00;0,559
16.04.2025 06:00;0,469
16.04.2025 07:00;0,481
16.04.2025 08:00;0,551
16.04.2025 09:00;0,569
16.04.2025 10:00;0,647
16.04.2025 11:00;0,659
16.04.2025 12:00;1,599
16.04.2025 13:00;1,246
16.04.2025 14:00;1,347
16.04.2025 15:00;1,156
16.04.2025 16:00;1,541
16.04.2025 17:00;1,629
16.04.2025 18:00;1,272
16.04.2025 19:00;1,038
16.04.2025 20:00;1,134
16.04.2025 21:00;1,014
16.04.2025 22:00;0,886
16.04.2025 23:00;0,570
17.04.2025 00:00;0,537
17.04.2025 01:00;0,436
17.04.2025 02:00;0,884
17.04.2025 03:00;1,063
17.04.2025 04:00;0,935
17.04.2025 05:00;1,408
17.04.2025 06:00;2,616
17.04.2025 07:00;2,420
17.04.2025 08:00;2,104
17.04.2025 09:00;1,729
17.04.2025 10:00;1,185
17.04.2025 11:00;0,719
17.04.2025 12:00;0,641
17.04.2025 13:00;0,684
17.04.2025 14:00;0,488
17.04.2025 15:00;0,601
17.04.2025 16:00;0,512
17.04.2025 17:00;0,479
17.04.2025 18:00;0,555
17.04.2025 19:00;0,900
17.04.2025 20:00;0,904
17.04.2025 21:00;0,816
17.04.2025 22:00;0,821
17.04.2025 23:00;0,759
18.04.2025 00:00;0,407
18.04.2025 01:00;0,373
18.04.2025 02:00;0,206
18.04.2025 03:00;0,122
18.04.2025 04:00;0,086
18.04.2025 05:00;0,147
18.04.2025 06:00;0,036
18.04.2025 07:00;0,168
18.04.2025 08:00;0,305
18.04.2025 09:00;0,883
18.04.2025 10:00;0,706
18.04.2025 11:00;0,609
18.04.2025 12:00;0,611
18.04.2025 13:00;0,662
18.04.2025 14:00;0,576
18.04.2025 15:00;0,406
18.04.2025 16:00;0,248
18.04.2025 17:00;0,263
18.04.2025 18:00;0,184
18.04.2025 19:00;0,176
18.04.2025 20:00;0,250
18.04.2025 21:00;0,232
18.04.2025 22:00;0,179
18.04.2025 23:00;0,170
19.04.2025 00:00;0,248
19.04.2025 01:00;0,273
19.04.2025 02:00;0,144
19.04.2025 03:00;0,081
19.04.2025 04:00;0,051
19.04.2025 05:00;0,654
19.04.2025 06:00;0,414
19.04.2025 07:00;0,411
19.04.2025 08:00;0,457
19.04.2025 09:00;0,446
19.04.2025 10:00;0,294
19.04.2025 11:00;0,465
19.04.2025 12:00;0,361
19.04.2025 13:00;0,350
19.04.2025 14:00;0,328
19.04.2025 15:00;0,345
19.04.2025 16:00;0,293
19.04.2025 17:00;0,198
19.04.2025 18:00;0,133
19.04.2025 19:00;0,087
19.04.2025 20:00;0,069
19.04.2025 21:00;0,074
19.04.2025 22:00;0,086
19.04.2025 23:00;0,107
20.04.2025 00:00;0,016
20.04.2025 01:00;0,006
20.04.2025 02:00;0,159
20.04.2025 03:00;0,435
20.04.2025 04:00;0,325
20.04.2025 05:00;0,334
20.04.2025 06:00;0,261
20.04.2025 07:00;0,292
20.04.2025 08:00;0,325
20.04.2025 09:00;0,223
20.04.2025 10:00;0,181
20.04.2025 11:00;0,469
20.04.2025 12:00;0,333
20.04.2025 13:00;0,300
20.04.2025 14:00;0,192
20.04.2025 15:00;0,199
20.04.2025 16:00;0,428
20.04.2025 17:00;0,315
20.04.2025 18:00;0,307
20.04.2025 19:00;0,351
20.04.2025 20:00;0,357
20.04.2025 21:00;0,271
20.04.2025 22:00;0,195
20.04.2025 23:00;0,430
21.04.2025 00:00;0,338
21.04.2025 01:00;0,301
21.04.2025 02:00;0,310
21.04.2025 03:00;0,234
21.04.2025 04:00;0,180
21.04.2025 05:00;0,102
21.04.2025 06:00;0,099
21.04.2025 07:00;0,078
21.04.2025 08:00;0,075
21.04.2025 09:00;0,070
21.04.2025 10:00;0,031
21.04.2025 11:00;0,062
21.04.2025 12:00;0,042
21.04.2025 13:00;0,046
21.04.2025 14:00;0,081
21.04.2025 15:00;0,052
21.04.2025 16:00;0,055
21.04.2025 17:00;0,050
21.04.2025 18:00;0,051
21.04.2025 19:00;0,060
21.04.2025 20:00;0,068
21.04.2025 21:00;0,060
21.04.2025 22:00;0,059
21.04.2025 23:00;0,073
22.04.2025 00:00;0,114
22.04.2025 01:00;0,111
22.04.2025 02:00;0,123
22.04.2025 03:00;0,028
22.04.2025 04:00;0,000
22.04.2025 05:00;0,000
22.04.2025 06:00;0,000
22.04.2025 07:00;0,000
22.04.2025 08:00;0,000
22.04.2025 09:00;0,020
22.04.2025 10:00;0,000
22.04.2025 11:00;0,000
22.04.2025 12:00;0,000
22.04.2025 13:00;0,000
22.04.2025 14:00;0,000
22.04.2025 15:00;0,010
22.04.2025 16:00;0,000
22.04.2025 17:00;0,000
22.04.2025 18:00;0,000
22.04.2025 19:00;0,010
22.04.2025 20:00;0,009
22.04.2025 21:00;0,048
22.04.2025 22:00;0,009
22.04.2025 23:00;0,010
23.04.2025 00:00;0,009
23.04.2025 01:00;0,009
23.04.2025 02:00;0,293
23.04.2025 03:00;1,200
23.04.2025 04:00;0,937
23.04.2025 05:00;1,358
23.04.2025 06:00;1,556
23.04.2025 07:00;1,381
23.04.2025 08:00;1,292
23.04.2025 09:00;1,029
23.04.2025 10:00;0,698
23.04.2025 11:00;0,656
23.04.2025 12:00;0,440
23.04.2025 13:00;0,475
23.04.2025 14:00;0,225
23.04.2025 15:00;0,572
23.04.2025 16:00;0,498
23.04.2025 17:00;0,505
23.04.2025 18:00;0,972
23.04.2025 19:00;0,839
23.04.2025 20:00;0,792
23.04.2025 21:00;0,645
23.04.2025 22:00;0,388
23.04.2025 23:00;0,299
24.04.2025 00:00;0,290
24.04.2025 01:00;0,281
24.04.2025 02:00;0,151
24.04.2025 03:00;0,328
24.04.2025 04:00;0,299
24.04.2025 05:00;0,425
24.04.2025 06:00;0,361
24.04.2025 07:00;0,336
24.04.2025 08:00;0,251
24.04.2025 09:00;0,152
24.04.2025 10:00;0,119
24.04.2025 11:00;0,112
24.04.2025 12:00;0,138
24.04.2025 13:00;0,095
24.04.2025 14:00;0,097
24.04.2025 15:00;0,088
24.04.2025 16:00;1,103
24.04.2025 17:00;1,644
24.04.2025 18:00;1,504
24.04.2025 19:00;1,473
24.04.2025 20:00;1,452
24.04.2025 21:00;1,603
24.04.2025 22:00;1,272
24.04.2025 23:00;0,756
25.04.2025 00:00;0,570
25.04.2025 01:00;0,566
25.04.2025 02:00;0,552
25.04.2025 03:00;1,690
25.04.2025 04:00;1,126
25.04.2025 05:00;0,997
25.04.2025 06:00;1,350
25.04.2025 07:00;1,634
25.04.2025 08:00;1,470
25.04.2025 09:00;1,416
25.04.2025 10:00;1,327
25.04.2025 11:00;1,241
25.04.2025 12:00;1,395
25.04.2025 13:00;1,223
25.04.2025 14:00;0,814
25.04.2025 15:00;0,805
25.04.2025 16:00;0,681
25.04.2025 17:00;0,819
25.04.2025 18:00;0,784
25.04.2025 19:00;1,213
25.04.2025 20:00;1,161
25.04.2025 21:00;1,089
25.04.2025 22:00;0,901
25.04.2025 23:00;0,830
26.04.2025 00:00;0,660
26.04.2025 01:00;0,606
26.04.2025 02:00;0,365
26.04.2025 03:00;0,365
26.04.2025 04:00;0,382
26.04.2025 05:00;0,411
26.04.2025 06:00;0,259
26.04.2025 07:00;0,469
26.04.2025 08:00;0,371
26.04.2025 09:00;0,442
26.04.2025 10:00;0,461
26.04.2025 11:00;0,458
26.04.2025 12:00;0,302
26.04.2025 13:00;0,296
26.04.2025 14:00;0,324
26.04.2025 15:00;0,281
26.04.2025 16:00;0,279
26.04.2025 17:00;0,322
26.04.2025 18:00;0,330
26.04.2025 19:00;0,238
26.04.2025 20:00;0,230
26.04.2025 21:00;0,304
26.04.2025 22:00;0,303
26.04.2025 23:00;0,368
27.04.2025 00:00;0,332
27.04.2025 01:00;0,338
27.04.2025 02:00;0,212
27.04.2025 03:00;0,144
27.04.2025 04:00;0,111
27.04.2025 05:00;0,131
27.04.2025 06:00;0,075
27.04.2025 07:00;0,081
27.04.2025 08:00;0,042
27.04.2025 09:00;0,032
27.04.2025 10:00;0,000
27.04.2025 11:00;0,017
27.04.2025 12:00;0,000
27.04.2025 13:00;0,052
27.04.2025 14:00;0,218
27.04.2025 15:00;0,195
27.04.2025 16:00;0,165
27.04.2025 17:00;0,162
27.04.2025 18:00;0,446
27.04.2025 19:00;0,499
27.04.2025 20:00;0,409
27.04.2025 21:00;0,328
27.04.2025 22:00;0,311
27.04.2025 23:00;0,202
28.04.2025 00:00;0,232
28.04.2025 01:00;0,182
28.04.2025 02:00;0,138
28.04.2025 03:00;0,110
28.04.2025 04:00;0,080
28.04.2025 05:00;0,000
28.04.2025 06:00;0,028
28.04.2025 07:00;0,000
28.04.2025 08:00;0,010
28.04.2025 09:00;0,000
28.04.2025 10:00;0,000
28.04.2025 11:00;0,000
28.04.2025 12:00;0,000
28.04.2025 13:00;0,029
28.04.2025 14:00;0,000
28.04.2025 15:00;0,000
28.04.2025 16:00;0,000
28.04.2025 17:00;0,000
28.04.2025 18:00;0,000
28.04.2025 19:00;0,027
28.04.2025 20:00;0,000
28.04.2025 21:00;0,000
28.04.2025 22:00;0,010
28.04.2025 23:00;0,010
29.04.2025 00:00;0,009
29.04.2025 01:00;0,029
29.04.2025 02:00;0,000
29.04.2025 03:00;0,000
29.04.2025 04:00;0,000
29.04.2025 05:00;0,000
29.04.2025 06:00;0,000
29.04.2025 07:00;0,000
29.04.2025 08:00;0,028
29.04.2025 09:00;0,000
29.04.2025 10:00;0,000
29.04.2025 11:00;0,000
29.04.2025 12:00;0,000
29.04.2025 13:00;0,000
29.04.2025 14:00;0,000
29.04.2025 15:00;0,000
29.04.2025 16:00;0,000
29.04.2025 17:00;0,000
29.04.2025 18:00;0,000
29.04.2025 19:00;0,000
29.04.2025 20:00;0,000
29.04.2025 21:00;0,000
29.04.2025 22:00;0,000
29.04.2025 23:00;0,000
30.04.2025 00:00;0,000
30.04.2025 01:00;0,803
30.04.2025 02:00;0,425
30.04.2025 03:00;0,688
30.04.2025 04:00;1,014
30.04.2025 05:00;1,525
30.04.2025 06:00;1,849
30.04.2025 07:00;1,210
30.04.2025 08:00;0,895
30.04.2025 09:00;0,807
30.04.2025 10:00;0,765
30.04.2025 11:00;0,345
30.04.2025 12:00;0,234
30.04.2025 13:00;0,281
30.04.2025 14:00;0,803
30.04.2025 15:00;0,964
30.04.2025 16:00;0,995
30.04.2025 17:00;1,120
30.04.2025 18:00;0,892
30.04.2025 19:00;0,616
30.04.2025 20:00;0,488
30.04.2025 21:00;0,461
30.04.2025 22:00;0,435
30.04.2025 23:00;0,416
01.05.2025 00:00;0,181
01.05.2025 01:00;0,174
01.05.2025 02:00;0,164
01.05.2025 03:00;0,169
01.05.2025 04:00;0,162
01.05.2025 05:00;0,128
01.05.2025 06:00;0,069
01.05.2025 07:00;0,038
01.05.2025 08:00;0,016
01.05.2025 09:00;0,015
01.05.2025 10:00;0,005
01.05.2025 11:00;0,000
01.05.2025 12:00;0,011
01.05.2025 13:00;0,000
01.05.2025 14:00;0,000
01.05.2025 15:00;0,000
01.05.2025 16:00;0,005
01.05.2025 17:00;0,000
01.05.2025 18:00;0,000
01.05.2025 19:00;0,011
01.05.2025 20:00;0,000
01.05.2025 21:00;0,000
01.05.2025 22:00;0,000
01.05.2025 23:00;0,000
02.05.2025 00:00;0,000
02.05.2025 01:00;0,000
02.05.2025 02:00;0,020
02.05.2025 03:00;0,000
02.05.2025 04:00;0,020
02.05.2025 05:00;0,000
02.05.2025 06:00;0,000
02.05.2025 07:00;0,000
02.05.2025 08:00;0,010
02.05.2025 09:00;0,010
02.05.2025 10:00;0,000
02.05.2025 11:00;0,000
02.05.2025 12:00;0,000
02.05.2025 13:00;0,000
02.05.2025 14:00;0,539
02.05.2025 15:00;0,686
02.05.2025 16:00;0,565
02.05.2025 17:00;0,550
02.05.2025 18:00;0,561
02.05.2025 19:00;0,604
02.05.2025 20:00;0,674
02.05.2025 21:00;0,517
02.05.2025 22:00;0,297
02.05.2025 23:00;0,276
03.05.2025 00:00;0,211
03.05.2025 01:00;0,233
03.05.2025 02:00;0,079
03.05.2025 03:00;0,007
03.05.2025 04:00;0,493
03.05.2025 05:00;0,421
03.05.2025 06:00;0,344
03.05.2025 07:00;0,369
03.05.2025 08:00;0,374
03.05.2025 09:00;0,396
03.05.2025 10:00;0,449
03.05.2025 11:00;0,458
03.05.2025 12:00;1,146
03.05.2025 13:00;0,908
03.05.2025 14:00;0,910
03.05.2025 15:00;0,821
03.05.2025 16:00;1,128
03.05.2025 17:00;1,230
03.05.2025 18:00;0,976
03.05.2025 19:00;0,797
03.05.2025 20:00;0,918
03.05.2025 21:00;0,759
03.05.2025 22:00;0,737
03.05.2025 23:00;0,418
04.05.2025 00:00;0,320
04.05.2025 01:00;0,258
04.05.2025 02:00;0,554
04.05.2025 03:00;0,658
04.05.2025 04:00;0,588
04.05.2025 05:00;0,855
04.05.2025 06:00;1,491
04.05.2025 07:00;1,412
04.05.2025 08:00;1,146
04.05.2025 09:00;0,959
04.05.2025 10:00;0,628
04.05.2025 11:00;0,410
04.05.2025 12:00;0,357
04.05.2025 13:00;0,373
04.05.2025 14:00;0,276
04.05.2025 15:00;0,351
04.05.2025 16:00;0,286
04.05.2025 17:00;0,275
04.05.2025 18:00;0,312
04.05.2025 19:00;0,529
04.05.2025 20:00;0,558
04.05.2025 21:00;0,505
04.05.2025 22:00;0,522
04.05.2025 23:00;0,467
05.05.2025 00:00;0,715
05.05.2025 01:00;0,656
05.05.2025 02:00;0,355
05.05.2025 03:00;0,198
05.05.2025 04:00;0,152
05.05.2025 05:00;0,240
05.05.2025 06:00;0,068
05.05.2025 07:00;0,303
05.05.2025 08:00;0,562
05.05.2025 09:00;1,668
05.05.2025 10:00;1,311
05.05.2025 11:00;1,216
05.05.2025 12:00;1,152
05.05.2025 13:00;1,291
05.05.2025 14:00;1,104
05.05.2025 15:00;0,726
05.05.2025 16:00;0,456
05.05.2025 17:00;0,467
05.05.2025 18:00;0,336
05.05.2025 19:00;0,299
05.05.2025 20:00;0,463
05.05.2025 21:00;0,395
05.05.2025 22:00;0,319
05.05.2025 23:00;0,297
06.05.2025 00:00;0,325
06.05.2025 01:00;0,347
06.05.2025 02:00;0,184
06.05.2025 03:00;0,110
06.05.2025 04:00;0,069
06.05.2025 05:00;0,857
06.05.2025 06:00;0,567
06.05.2025 07:00;0,555
06.05.2025 08:00;0,619
06.05.2025 09:00;0,619
06.05.2025 10:00;0,415
06.05.2025 11:00;0,623
06.05.2025 12:00;0,514
06.05.2025 13:00;0,483
06.05.2025 14:00;0,472
06.05.2025 15:00;0,460
06.05.2025 16:00;0,409
06.05.2025 17:00;0,297
06.05.2025 18:00;0,196
06.05.2025 19:00;0,113
06.05.2025 20:00;0,089
06.05.2025 21:00;0,093
06.05.2025 22:00;0,115
06.05.2025 23:00;0,136
07.05.2025 00:00;0,029
07.05.2025 01:00;0,010
07.05.2025 02:00;0,266
07.05.2025 03:00;0,763
07.05.2025 04:00;0,556
07.05.2025 05:00;0,576
07.05.2025 06:00;0,476
07.05.2025 07:00;0,545
07.05.2025 08:00;0,632
07.05.2025 09:00;0,411
07.05.2025 10:00;0,328
07.05.2025 11:00;0,840
07.05.2025 12:00;0,633
07.05.2025 13:00;0,577
07.05.2025 14:00;0,356
07.05.2025 15:00;0,377
07.05.2025 16:00;0,833
07.05.2025 17:00;0,618
07.05.2025 18:00;0,607
07.05.2025 19:00;0,564
07.05.2025 20:00;0,609
07.05.2025 21:00;0,479
07.05.2025 22:00;0,328
07.05.2025 23:00;0,681
08.05.2025 00:00;0,570
08.05.2025 01:00;0,535
08.05.2025 02:00;0,529
08.05.2025 03:00;0,385
08.05.2025 04:00;0,309
08.05.2025 05:00;0,175
08.05.2025 06:00;0,181
08.05.2025 07:00;0,149
08.05.2025 08:00;0,139
08.05.2025 09:00;0,131
08.05.2025 10:00;0,061
08.05.2025 11:00;0,115
08.05.2025 12:00;0,079
08.05.2025 13:00;0,090
08.05.2025 14:00;0,140
08.05.2025 15:00;0,101
08.05.2025 16:00;0,110
08.05.2025 17:00;0,099
08.05.2025 18:00;0,093
08.05.2025 19:00;0,102
08.05.2025 20:00;0,119
08.05.2025 21:00;0,101
08.05.2025 22:00;0,102
08.05.2025 23:00;0,120
09.05.2025 00:00;0,118
09.05.2025 01:00;0,110
09.05.2025 02:00;0,121
09.05.2025 03:00;0,029
09.05.2025 04:00;0,000
09.05.2025 05:00;0,000
09.05.2025 06:00;0,000
09.05.2025 07:00;0,000
09.05.2025 08:00;0,000
09.05.2025 09:00;0,019
09.05.2025 10:00;0,000
09.05.2025 11:00;0,000
09.05.2025 12:00;0,000
09.05.2025 13:00;0,000
09.05.2025 14:00;0,000
09.05.2025 15:00;0,009
09.05.2025 16:00;0,000
09.05.2025 17:00;0,000
09.05.2025 18:00;0,000
09.05.2025 19:00;0,010
09.05.2025 20:00;0,009
09.05.2025 21:00;0,048
09.05.2025 22:00;0,009
09.05.2025 23:00;0,010
10.05.2025 00:00;0,007
10.05.2025 01:00;0,008
10.05.2025 02:00;0,224
10.05.2025 03:00;0,909
10.05.2025 04:00;0,727
10.05.2025 05:00;0,979
10.05.2025 06:00;1,107
10.05.2025 07:00;0,964
10.05.2025 08:00;0,923
10.05.2025 09:00;0,760
10.05.2025 10:00;0,539
10.05.2025 11:00;0,469
10.05.2025 12:00;0,307
10.05.2025 13:00;0,334
10.05.2025 14:00;0,165
10.05.2025 15:00;0,440
10.05.2025 16:00;0,343
10.05.2025 17:00;0,351
10.05.2025 18:00;0,673
10.05.2025 19:00;0,650
10.05.2025 20:00;0,622
10.05.2025 21:00;0,528
10.05.2025 22:00;0,281
10.05.2025 23:00;0,229
11.05.2025 00:00;0,181
11.05.2025 01:00;0,182
11.05.2025 02:00;0,094
11.05.2025 03:00;0,205
11.05.2025 04:00;0,183
11.05.2025 05:00;0,265
11.05.2025 06:00;0,199
11.05.2025 07:00;0,203
11.05.2025 08:00;0,138
11.05.2025 09:00;0,082
11.05.2025 10:00;0,072
11.05.2025 11:00;0,065
11.05.2025 12:00;0,078
11.05.2025 13:00;0,054
11.05.2025 14:00;0,053
11.05.2025 15:00;0,048
11.05.2025 16:00;0,652
11.05.2025 17:00;0,875
11.05.2025 18:00;0,827
11.05.2025 19:00;0,878
11.05.2025 20:00;0,919
11.05.2025 21:00;1,043
11.05.2025 22:00;0,793
11.05.2025 23:00;0,471
12.05.2025 00:00;0,557
12.05.2025 01:00;0,537
12.05.2025 02:00;0,542
12.05.2025 03:00;1,601
12.05.2025 04:00;1,033
12.05.2025 05:00;0,948
12.05.2025 06:00;1,315
12.05.2025 07:00;1,656
12.05.2025 08:00;1,422
12.05.2025 09:00;1,392
12.05.2025 10:00;1,344
12.05.2025 11:00;1,290
12.05.2025 12:00;1,343
12.05.2025 13:00;1,173
12.05.2025 14:00;0,841
12.05.2025 15:00;0,770
12.05.2025 16:00;0,684
12.05.2025 17:00;0,808
12.05.2025 18:00;0,834
12.05.2025 19:00;1,269
12.05.2025 20:00;1,168
12.05.2025 21:00;1,058
12.05.2025 22:00;0,971
12.05.2025 23:00;0,831
13.05.2025 00:00;0,807
13.05.2025 01:00;0,765
13.05.2025 02:00;0,480
13.05.2025 03:00;0,476
13.05.2025 04:00;0,474
13.05.2025 05:00;0,511
13.05.2025 06:00;0,356
13.05.2025 07:00;0,615
13.05.2025 08:00;0,550
13.05.2025 09:00;0,600
13.05.2025 10:00;0,657
13.05.2025 11:00;0,606
13.05.2025 12:00;0,422
13.05.2025 13:00;0,396
13.05.2025 14:00;0,440
13.05.2025 15:00;0,411
13.05.2025 16:00;0,383
13.05.2025 17:00;0,459
13.05.2025 18:00;0,469
13.05.2025 19:00;0,329
13.05.2025 20:00;0,298
13.05.2025 21:00;0,378
13.05.2025 22:00;0,391
13.05.2025 23:00;0,468
14.05.2025 00:00;0,534
14.05.2025 01:00;0,547
14.05.2025 02:00;0,335
14.05.2025 03:00;0,224
14.05.2025 04:00;0,175
14.05.2025 05:00;0,208
14.05.2025 06:00;0,125
14.05.2025 07:00;0,137
14.05.2025 08:00;0,077
14.05.2025 09:00;0,057
14.05.2025 10:00;0,000
14.05.2025 11:00;0,028
14.05.2025 12:00;0,000
14.05.2025 13:00;0,093
14.05.2025 14:00;0,360
14.05.2025 15:00;0,322
14.05.2025 16:00;0,296
14.05.2025 17:00;0,276
14.05.2025 18:00;0,730
14.05.2025 19:00;0,745
14.05.2025 20:00;0,667
14.05.2025 21:00;0,532
14.05.2025 22:00;0,493
14.05.2025 23:00;0,313
15.05.2025 00:00;0,231
15.05.2025 01:00;0,185
15.05.2025 02:00;0,136
15.05.2025 03:00;0,107
15.05.2025 04:00;0,079
15.05.2025 05:00;0,000
15.05.2025 06:00;0,028
15.05.2025 07:00;0,000
15.05.2025 08:00;0,009
15.05.2025 09:00;0,000
15.05.2025 10:00;0,000
15.05.2025 11:00;0,000
15.05.2025 12:00;0,000
15.05.2025 13:00;0,028
15.05.2025 14:00;0,000
15.05.2025 15:00;0,000
15.05.2025 16:00;0,000
15.05.2025 17:00;0,000
15.05.2025 18:00;0,000
15.05.2025 19:00;0,027
15.05.2025 20:00;0,000
15.05.2025 21:00;0,000
15.05.2025 22:00;0,009
15.05.2025 23:00;0,009
16.05.2025 00:00;0,009
16.05.2025 01:00;0,027
16.05.2025 02:00;0,000
16.05.2025 03:00;0,000
16.05.2025 04:00;0,000
16.05.2025 05:00;0,000
16.05.2025 06:00;0,000
16.05.2025 07:00;0,000
16.05.2025 08:00;0,028
16.05.2025 09:00;0,000
16.05.2025 10:00;0,000
16.05.2025 11:00;0,000
16.05.2025 12:00;0,000
16.05.2025 13:00;0,000
16.05.2025 14:00;0,000
16.05.2025 15:00;0,000
16.05.2025 16:00;0,000
16.05.2025 17:00;0,000
16.05.2025 18:00;0,000
16.05.2025 19:00;0,000
16.05.2025 20:00;0,000
16.05.2025 21:00;0,000
16.05.2025 22:00;0,000
16.05.2025 23:00;0,000
17.05.2025 00:00;0,000
17.05.2025 01:00;0,618
17.05.2025 02:00;0,349
17.05.2025 03:00;0,531
17.05.2025 04:00;0,773
17.05.2025 05:00;1,229
17.05.2025 06:00;1,339
17.05.2025 07:00;0,886
17.05.2025 08:00;0,620
17.05.2025 09:00;0,559
17.05.2025 10:00;0,544
17.05.2025 11:00;0,236
17.05.2025 12:00;0,155
17.05.2025 13:00;0,207
17.05.2025 14:00;0,607
17.05.2025 15:00;0,683
17.05.2025 16:00;0,693
17.05.2025 17:00;0,802
17.05.2025 18:00;0,619
17.05.2025 19:00;0,494
17.05.2025 20:00;0,385
17.05.2025 21:00;0,363
17.05.2025 22:00;0,329
17.05.2025 23:00;0,334
18.05.2025 00:00;0,194
18.05.2025 01:00;0,186
18.05.2025 02:00;0,172
18.05.2025 03:00;0,182
18.05.2025 04:00;0,169
18.05.2025 05:00;0,133
18.05.2025 06:00;0,073
18.05.2025 07:00;0,037
18.05.2025 08:00;0,016
18.05.2025 09:00;0,016
18.05.2025 10:00;0,005
18.05.2025 11:00;0,000
18.05.2025 12:00;0,011
18.05.2025 13:00;0,000
18.05.2025 14:00;0,000
18.05.2025 15:00;0,000
18.05.2025 16:00;0,005
18.05.2025 17:00;0,000
18.05.2025 18:00;0,000
18.05.2025 19:00;0,011
18.05.2025 20:00;0,000
18.05.2025 21:00;0,000
18.05.2025 22:00;0,000
18.05.2025 23:00;0,000
19.05.2025 00:00;0,000
19.05.2025 01:00;0,000
19.05.2025 02:00;0,018
19.05.2025 03:00;0,000
19.05.2025 04:00;0,020
19.05.2025 05:00;0,000
19.05.2025 06:00;0,000
19.05.2025 07:00;0,000
19.05.2025 08:00;0,009
19.05.2025 09:00;0,010
19.05.2025 10:00;0,000
19.05.2025 11:00;0,000
19.05.2025 12:00;0,000
19.05.2025 13:00;0,000
19.05.2025 14:00;0,538
19.05.2025 15:00;0,694
19.05.2025 16:00;0,552
19.05.2025 17:00;0,519
19.05.2025 18:00;0,532
19.05.2025 19:00;0,595
19.05.2025 20:00;0,692
19.05.2025 21:00;0,483
19.05.2025 22:00;0,306
19.05.2025 23:00;0,292
20.05.2025 00:00;0,286
20.05.2025 01:00;0,293
20.05.2025 02:00;0,096
20.05.2025 03:00;0,009
20.05.2025 04:00;0,677
20.05.2025 05:00;0,553
20.05.2025 06:00;0,483
20.05.2025 07:00;0,479
20.05.2025 08:00;0,520
20.05.2025 09:00;0,591
20.05.2025 10:00;0,653
20.05.2025 11:00;0,625
20.05.2025 12:00;1,503
20.05.2025 13:00;1,304
20.05.2025 14:00;1,317
20.05.2025 15:00;1,199
20.05.2025 16:00;1,535
20.05.2025 17:00;1,572
20.05.2025 18:00;1,290
20.05.2025 19:00;1,009
20.05.2025 20:00;1,180
20.05.2025 21:00;0,942
20.05.2025 22:00;0,912
20.05.2025 23:00;0,580
21.05.2025 00:00;0,497
21.05.2025 01:00;0,424
21.05.2025 02:00;0,882
21.05.2025 03:00;1,006
21.05.2025 04:00;0,910
21.05.2025 05:00;1,470
21.05.2025 06:00;2,668
21.05.2025 07:00;2,367
21.05.2025 08:00;2,059
21.05.2025 09:00;1,678
21.05.2025 10:00;1,152
21.05.2025 11:00;0,691
21.05.2025 12:00;0,617
21.05.2025 13:00;0,683
21.05.2025 14:00;0,491
21.05.2025 15:00;0,587
21.05.2025 16:00;0,488
21.05.2025 17:00;0,478
21.05.2025 18:00;0,516
21.05.2025 19:00;0,835
21.05.2025 20:00;0,901
21.05.2025 21:00;0,811
21.05.2025 22:00;0,831
21.05.2025 23:00;0,793
22.05.2025 00:00;0,677
22.05.2025 01:00;0,644
22.05.2025 02:00;0,348
22.05.2025 03:00;0,196
22.05.2025 04:00;0,159
22.05.2025 05:00;0,246
22.05.2025 06:00;0,066
22.05.2025 07:00;0,302
22.05.2025 08:00;0,535
22.05.2025 09:00;1,694
22.05.2025 10:00;1,239
22.05.2025 11:00;1,182
22.05.2025 12:00;1,122
22.05.2025 13:00;1,298
22.05.2025 14:00;1,127
22.05.2025 15:00;0,693
22.05.2025 16:00;0,464
22.05.2025 17:00;0,479
22.05.2025 18:00;0,342
22.05.2025 19:00;0,289
22.05.2025 20:00;0,459
22.05.2025 21:00;0,381
22.05.2025 22:00;0,310
22.05.2025 23:00;0,312
23.05.2025 00:00;0,320
23.05.2025 01:00;0,358
23.05.2025 02:00;0,184
23.05.2025 03:00;0,104
23.05.2025 04:00;0,067
23.05.2025 05:00;0,798
23.05.2025 06:00;0,568
23.05.2025 07:00;0,573
23.05.2025 08:00;0,630
23.05.2025 09:00;0,587
23.05.2025 10:00;0,401
23.05.2025 11:00;0,636
23.05.2025 12:00;0,522
23.05.2025 13:00;0,495
23.05.2025 14:00;0,456
23.05.2025 15:00;0,490
23.05.2025 16:00;0,425
23.05.2025 17:00;0,275
23.05.2025 18:00;0,184
23.05.2025 19:00;0,112
23.05.2025 20:00;0,083
23.05.2025 21:00;0,097
23.05.2025 22:00;0,115
23.05.2025 23:00;0,138
24.05.2025 00:00;0,023
24.05.2025 01:00;0,007
24.05.2025 02:00;0,205
24.05.2025 03:00;0,580
24.05.2025 04:00;0,431
24.05.2025 05:00;0,442
24.05.2025 06:00;0,350
24.05.2025 07:00;0,395
24.05.2025 08:00;0,417
24.05.2025 09:00;0,295
24.05.2025 10:00;0,248
24.05.2025 11:00;0,608
24.05.2025 12:00;0,428
24.05.2025 13:00;0,434
24.05.2025 14:00;0,257
24.05.2025 15:00;0,264
24.05.2025 16:00;0,595
24.05.2025 17:00;0,443
24.05.2025 18:00;0,422
24.05.2025 19:00;0,433
24.05.2025 20:00;0,473
24.05.2025 21:00;0,359
24.05.2025 22:00;0,247
24.05.2025 23:00;0,572
25.05.2025 00:00;0,364
25.05.2025 01:00;0,306
25.05.2025 02:00;0,315
25.05.2025 03:00;0,245
25.05.2025 04:00;0,203
25.05.2025 05:00;0,111
25.05.2025 06:00;0,100
25.05.2025 07:00;0,085
25.05.2025 08:00;0,082
25.05.2025 09:00;0,073
25.05.2025 10:00;0,033
25.05.2025 11:00;0,064
25.05.2025 12:00;0,045
25.05.2025 13:00;0,052
25.05.2025 14:00;0,081
25.05.2025 15:00;0,056
25.05.2025 16:00;0,061
25.05.2025 17:00;0,053
25.05.2025 18:00;0,056
25.05.2025 19:00;0,066
25.05.2025 20:00;0,070
25.05.2025 21:00;0,064
25.05.2025 22:00;0,067
25.05.2025 23:00;0,073
26.05.2025 00:00;0,109
26.05.2025 01:00;0,109
26.05.2025 02:00;0,122
26.05.2025 03:00;0,028
26.05.2025 04:00;0,000
26.05.2025 05:00;0,000
26.05.2025 06:00;0,000
26.05.2025 07:00;0,000
26.05.2025 08:00;0,000
26.05.2025 09:00;0,019
26.05.2025 10:00;0,000
26.05.2025 11:00;0,000
26.05.2025 12:00;0,000
26.05.2025 13:00;0,000
26.05.2025 14:00;0,000
26.05.2025 15:00;0,010
26.05.2025 16:00;0,000
26.05.2025 17:00;0,000
26.05.2025 18:00;0,000
26.05.2025 19:00;0,009
26.05.2025 20:00;0,009
26.05.2025 21:00;0,047
26.05.2025 22:00;0,009
26.05.2025 23:00;0,009
27.05.2025 00:00;0,009
27.05.2025 01:00;0,009
27.05.2025 02:00;0,283
27.05.2025 03:00;1,178
27.05.2025 04:00;0,921
27.05.2025 05:00;1,335
27.05.2025 06:00;1,473
27.05.2025 07:00;1,382
27.05.2025 08:00;1,347
27.05.2025 09:00;0,984
27.05.2025 10:00;0,738
27.05.2025 11:00;0,614
27.05.2025 12:00;0,412
27.05.2025 13:00;0,468
27.05.2025 14:00;0,234
27.05.2025 15:00;0,607
27.05.2025 16:00;0,480
27.05.2025 17:00;0,499
27.05.2025 18:00;0,953
27.05.2025 19:00;0,835
27.05.2025 20:00;0,802
27.05.2025 21:00;0,628
27.05.2025 22:00;0,378
27.05.2025 23:00;0,292
28.05.2025 00:00;0,277
28.05.2025 01:00;0,269
28.05.2025 02:00;0,143
28.05.2025 03:00;0,312
28.05.2025 04:00;0,313
28.05.2025 05:00;0,422
28.05.2025 06:00;0,356
28.05.2025 07:00;0,351
28.05.2025 08:00;0,237
28.05.2025 09:00;0,149
28.05.2025 10:00;0,121
28.05.2025 11:00;0,115
28.05.2025 12:00;0,133
28.05.2025 13:00;0,093
28.05.2025 14:00;0,090
28.05.2025 15:00;0,083
28.05.2025 16:00;1,145
28.05.2025 17:00;1,514
28.05.2025 18:00;1,467
28.05.2025 19:00;1,440
28.05.2025 20:00;1,503
28.05.2025 21:00;1,652
28.05.2025 22:00;1,345
28.05.2025 23:00;0,744
29.05.2025 00:00;0,316
29.05.2025 01:00;0,303
29.05.2025 02:00;0,304
29.05.2025 03:00;0,975
29.05.2025 04:00;0,629
29.05.2025 05:00;0,537
29.05.2025 06:00;0,667
29.05.2025 07:00;0,831
29.05.2025 08:00;0,754
29.05.2025 09:00;0,738
29.05.2025 10:00;0,670
29.05.2025 11:00;0,664
29.05.2025 12:00;0,723
29.05.2025 13:00;0,635
29.05.2025 14:00;0,437
29.05.2025 15:00;0,418
29.05.2025 16:00;0,370
29.05.2025 17:00;0,433
29.05.2025 18:00;0,444
29.05.2025 19:00;0,699
29.05.2025 20:00;0,677
29.05.2025 21:00;0,648
29.05.2025 22:00;0,522
29.05.2025 23:00;0,493
30.05.2025 00:00;0,784
30.05.2025 01:00;0,740
30.05.2025 02:00;0,475
30.05.2025 03:00;0,488
30.05.2025 04:00;0,511
30.05.2025 05:00;0,520
30.05.2025 06:00;0,362
30.05.2025 07:00;0,647
30.05.2025 08:00;0,553
30.05.2025 09:00;0,594
30.05.2025 10:00;0,657
30.05.2025 11:00;0,647
30.05.2025 12:00;0,417
30.05.2025 13:00;0,419
30.05.2025 14:00;0,436
30.05.2025 15:00;0,414
30.05.2025 16:00;0,389
30.05.2025 17:00;0,457
30.05.2025 18:00;0,474
30.05.2025 19:00;0,328
30.05.2025 20:00;0,295
30.05.2025 21:00;0,395
30.05.2025 22:00;0,377
30.05.2025 23:00;0,477
31.05.2025 00:00;0,398
31.05.2025 01:00;0,428
31.05.2025 02:00;0,260
31.05.2025 03:00;0,169
31.05.2025 04:00;0,144
31.05.2025 05:00;0,166
31.05.2025 06:00;0,094
31.05.2025 07:00;0,094
31.05.2025 08:00;0,055
31.05.2025 09:00;0,040
31.05.2025 10:00;0,000
31.05.2025 11:00;0,019
31.05.2025 12:00;0,000
31.05.2025 13:00;0,065
31.05.2025 14:00;0,253
31.05.2025 15:00;0,246
31.05.2025 16:00;0,204
31.05.2025 17:00;0,187
31.05.2025 18:00;0,535
31.05.2025 19:00;0,615
31.05.2025 20:00;0,481
31.05.2025 21:00;0,413
31.05.2025 22:00;0,387
31.05.2025 23:00;0,242
01.06.2025 00:00;0,142
01.06.2025 01:00;0,111
01.06.2025 02:00;0,081
01.06.2025 03:00;0,070
01.06.2025 04:00;0,053
01.06.2025 05:00;0,000
01.06.2025 06:00;0,016
01.06.2025 07:00;0,000
01.06.2025 08:00;0,005
01.06.2025 09:00;0,000
01.06.2025 10:00;0,000
01.06.2025 11:00;0,000
01.06.2025 12:00;0,000
01.06.2025 13:00;0,016
01.06.2025 14:00;0,000
01.06.2025 15:00;0,000
01.06.2025 16:00;0,000
01.06.2025 17:00;0,000
01.06.2025 18:00;0,000
01.06.2025 19:00;0,016
01.06.2025 20:00;0,000
01.06.2025 21:00;0,000
01.06.2025 22:00;0,006
01.06.2025 23:00;0,006
02.06.2025 00:00;0,010
02.06.2025 01:00;0,028
02.06.2025 02:00;0,000
02.06.2025 03:00;0,000
02.06.2025 04:00;0,000
02.06.2025 05:00;0,000
02.06.2025 06:00;0,000
02.06.2025 07:00;0,000
02.06.2025 08:00;0,028
02.06.2025 09:00;0,000
02.06.2025 10:00;0,000
02.06.2025 11:00;0,000
02.06.2025 12:00;0,000
02.06.2025 13:00;0,000
02.06.2025 14:00;0,000
02.06.2025 15:00;0,000
02.06.2025 16:00;0,000
02.06.2025 17:00;0,000
02.06.2025 18:00;0,000
02.06.2025 19:00;0,000
02.06.2025 20:00;0,000
02.06.2025 21:00;0,000
02.06.2025 22:00;0,000
02.06.2025 23:00;0,000
03.06.2025 00:00;0,000
03.06.2025 01:00;0,753
03.06.2025 02:00;0,414
03.06.2025 03:00;0,680
03.06.2025 04:00;1,049
03.06.2025 05:00;1,575
03.06.2025 06:00;1,840
03.06.2025 07:00;1,234
03.06.2025 08:00;0,819
03.06.2025 09:00;0,798
03.06.2025 10:00;0,743
03.06.2025 11:00;0,320
03.06.2025 12:00;0,231
03.06.2025 13:00;0,288
03.06.2025 14:00;0,790
03.06.2025 15:00;0,959
03.06.2025 16:00;1,024
03.06.2025 17:00;1,059
03.06.2025 18:00;0,891
03.06.2025 19:00;0,621
03.06.2025 20:00;0,480
03.06.2025 21:00;0,469
03.06.2025 22:00;0,418
03.06.2025 23:00;0,403
04.06.2025 00:00;0,292
04.06.2025 01:00;0,297
04.06.2025 02:00;0,281
04.06.2025 03:00;0,284
04.06.2025 04:00;0,276
04.06.2025 05:00;0,217
04.06.2025 06:00;0,128
04.06.2025 07:00;0,064
04.06.2025 08:00;0,029
04.06.2025 09:00;0,029
04.06.2025 10:00;0,010
04.06.2025 11:00;0,000
04.06.2025 12:00;0,020
04.06.2025 13:00;0,000
04.06.2025 14:00;0,000
04.06.2025 15:00;0,000
04.06.2025 16:00;0,010
04.06.2025 17:00;0,000
04.06.2025 18:00;0,000
04.06.2025 19:00;0,019
04.06.2025 20:00;0,000
04.06.2025 21:00;0,000
04.06.2025 22:00;0,000
04.06.2025 23:00;0,000
05.06.2025 00:00;0,000
05.06.2025 01:00;0,000
05.06.2025 02:00;0,019
05.06.2025 03:00;0,000
05.06.2025 04:00;0,018
05.06.2025 05:00;0,000
05.06.2025 06:00;0,000
05.06.2025 07:00;0,000
05.06.2025 08:00;0,010
05.06.2025 09:00;0,009
05.06.2025 10:00;0,000
05.06.2025 11:00;0,000
05.06.2025 12:00;0,000
05.06.2025 13:00;0,000
05.06.2025 14:00;0,518
05.06.2025 15:00;0,695
05.06.2025 16:00;0,544
05.06.2025 17:00;0,523
05.06.2025 18:00;0,547
05.06.2025 19:00;0,563
05.06.2025 20:00;0,690
05.06.2025 21:00;0,486
05.06.2025 22:00;0,306
05.06.2025 23:00;0,292
06.06.2025 00:00;0,261
06.06.2025 01:00;0,291
06.06.2025 02:00;0,095
06.06.2025 03:00;0,010
06.06.2025 04:00;0,627
06.06.2025 05:00;0,545
06.06.2025 06:00;0,468
06.06.2025 07:00;0,482
06.06.2025 08:00;0,544
06.06.2025 09:00;0,585
06.06.2025 10:00;0,626
06.06.2025 11:00;0,641
06.06.2025 12:00;1,550
06.06.2025 13:00;1,282
06.06.2025 14:00;1,347
06.06.2025 15:00;1,108
06.06.2025 16:00;1,501
06.06.2025 17:00;1,572
06.06.2025 18:00;1,283
06.06.2025 19:00;0,959
06.06.2025 20:00;1,160
06.06.2025 21:00;0,956
06.06.2025 22:00;0,928
06.06.2025 23:00;0,562
07.06.2025 00:00;0,384
07.06.2025 01:00;0,323
07.06.2025 02:00;0,714
07.06.2025 03:00;0,810
07.06.2025 04:00;0,723
07.06.2025 05:00;1,065
07.06.2025 06:00;1,833
07.06.2025 07:00;1,741
07.06.2025 08:00;1,395
07.06.2025 09:00;1,209
07.06.2025 10:00;0,845
07.06.2025 11:00;0,528
07.06.2025 12:00;0,434
07.06.2025 13:00;0,485
07.06.2025 14:00;0,341
07.06.2025 15:00;0,427
07.06.2025 16:00;0,356
07.06.2025 17:00;0,347
07.06.2025 18:00;0,391
07.06.2025 19:00;0,654
07.06.2025 20:00;0,704
07.06.2025 21:00;0,615
07.06.2025 22:00;0,613
07.06.2025 23:00;0,616
08.06.2025 00:00;0,424
08.06.2025 01:00;0,380
08.06.2025 02:00;0,203
08.06.2025 03:00;0,110
08.06.2025 04:00;0,089
08.06.2025 05:00;0,148
08.06.2025 06:00;0,035
08.06.2025 07:00;0,170
08.06.2025 08:00;0,283
08.06.2025 09:00;0,866
08.06.2025 10:00;0,636
08.06.2025 11:00;0,587
08.06.2025 12:00;0,620
08.06.2025 13:00;0,655
08.06.2025 14:00;0,591
08.06.2025 15:00;0,390
08.06.2025 16:00;0,238
08.06.2025 17:00;0,248
08.06.2025 18:00;0,174
08.06.2025 19:00;0,163
08.06.2025 20:00;0,254
08.06.2025 21:00;0,229
08.06.2025 22:00;0,181
08.06.2025 23:00;0,166
09.06.2025 00:00;0,179
09.06.2025 01:00;0,199
09.06.2025 02:00;0,109
09.06.2025 03:00;0,058
09.06.2025 04:00;0,040
09.06.2025 05:00;0,473
09.06.2025 06:00;0,314
09.06.2025 07:00;0,287
09.06.2025 08:00;0,331
09.06.2025 09:00;0,312
09.06.2025 10:00;0,225
09.06.2025 11:00;0,342
09.06.2025 12:00;0,258
09.06.2025 13:00;0,246
09.06.2025 14:00;0,246
09.06.2025 15:00;0,261
09.06.2025 16:00;0,206
09.06.2025 17:00;0,144
09.06.2025 18:00;0,101
09.06.2025 19:00;0,068
09.06.2025 20:00;0,047
09.06.2025 21:00;0,055
09.06.2025 22:00;0,063
09.06.2025 23:00;0,082
10.06.2025 00:00;0,028
10.06.2025 01:00;0,010
10.06.2025 02:00;0,262
10.06.2025 03:00;0,712
10.06.2025 04:00;0,538
10.06.2025 05:00;0,541
10.06.2025 06:00;0,478
10.06.2025 07:00;0,549
10.06.2025 08:00;0,615
10.06.2025 09:00;0,379
10.06.2025 10:00;0,335
10.06.2025 11:00;0,829
10.06.2025 12:00;0,596
10.06.2025 13:00;0,585
10.06.2025 14:00;0,338
10.06.2025 15:00;0,352
10.06.2025 16:00;0,824
10.06.2025 17:00;0,583
10.06.2025 18:00;0,577
10.06.2025 19:00;0,574
10.06.2025 20:00;0,635
10.06.2025 21:00;0,481
10.06.2025 22:00;0,323
10.06.2025 23:00;0,700
11.06.2025 00:00;0,572
11.06.2025 01:00;0,525
11.06.2025 02:00;0,491
11.06.2025 03:00;0,370
11.06.2025 04:00;0,305
11.06.2025 05:00;0,180
11.06.2025 06:00;0,178
11.06.2025 07:00;0,152
11.06.2025 08:00;0,143
11.06.2025 09:00;0,126
11.06.2025 10:00;0,057
11.06.2025 11:00;0,111
11.06.2025 12:00;0,074
11.06.2025 13:00;0,084
11.06.2025 14:00;0,147
11.06.2025 15:00;0,092
11.06.2025 16:00;0,105
11.06.2025 17:00;0,091
11.06.2025 18:00;0,098
11.06.2025 19:00;0,100
11.06.2025 20:00;0,113
11.06.2025 21:00;0,099
11.06.2025 22:00;0,104
11.06.2025 23:00;0,122
12.06.2025 00:00;0,113
12.06.2025 01:00;0,109
12.06.2025 02:00;0,123
12.06.2025 03:00;0,028
12.06.2025 04:00;0,000
12.06.2025 05:00;0,000
12.06.2025 06:00;0,000
12.06.2025 07:00;0,000
12.06.2025 08:00;0,000
12.06.2025 09:00;0,019
12.06.2025 10:00;0,000
12.06.2025 11:00;0,000
12.06.2025 12:00;0,000
12.06.2025 13:00;0,000
12.06.2025 14:00;0,000
12.06.2025 15:00;0,009
12.06.2025 16:00;0,000
12.06.2025 17:00;0,000
12.06.2025 18:00;0,000
12.06.2025 19:00;0,009
12.06.2025 20:00;0,009
12.06.2025 21:00;0,045
12.06.2025 22:00;0,009
12.06.2025 23:00;0,009
13.06.2025 00:00;0,009
13.06.2025 01:00;0,009
13.06.2025 02:00;0,293
13.06.2025 03:00;1,148
13.06.2025 04:00;0,899
13.06.2025 05:00;1,254
13.06.2025 06:00;1,572
13.06.2025 07:00;1,318
13.06.2025 08:00;1,253
13.06.2025 09:00;0,964
13.06.2025 10:00;0,707
13.06.2025 11:00;0,639
13.06.2025 12:00;0,427
13.06.2025 13:00;0,477
13.06.2025 14:00;0,230
13.06.2025 15:00;0,602
13.06.2025 16:00;0,492
13.06.2025 17:00;0,463
13.06.2025 18:00;0,880
13.06.2025 19:00;0,810
13.06.2025 20:00;0,802
13.06.2025 21:00;0,660
13.06.2025 22:00;0,376
13.06.2025 23:00;0,283
14.06.2025 00:00;0,215
14.06.2025 01:00;0,225
14.06.2025 02:00;0,108
14.06.2025 03:00;0,253
14.06.2025 04:00;0,226
14.06.2025 05:00;0,329
14.06.2025 06:00;0,247
14.06.2025 07:00;0,239
14.06.2025 08:00;0,169
14.06.2025 09:00;0,103
14.06.2025 10:00;0,089
14.06.2025 11:00;0,078
14.06.2025 12:00;0,094
14.06.2025 13:00;0,067
14.06.2025 14:00;0,067
14.06.2025 15:00;0,058
14.06.2025 16:00;0,817
14.06.2025 17:00;1,159
14.06.2025 18:00;1,073
14.06.2025 19:00;1,087
14.06.2025 20:00;1,136
14.06.2025 21:00;1,290
14.06.2025 22:00;1,017
14.06.2025 23:00;0,557
15.06.2025 00:00;0,326
15.06.2025 01:00;0,322
15.06.2025 02:00;0,333
15.06.2025 03:00;0,997
15.06.2025 04:00;0,634
15.06.2025 05:00;0,573
15.06.2025 06:00;0,719
15.06.2025 07:00;0,914
15.06.2025 08:00;0,814
15.06.2025 09:00;0,794
15.06.2025 10:00;0,724
15.06.2025 11:00;0,716
15.06.2025 12:00;0,775
15.06.2025 13:00;0,640
15.06.2025 14:00;0,458
15.06.2025 15:00;0,421
15.06.2025 16:00;0,370
15.06.2025 17:00;0,467
15.06.2025 18:00;0,436
15.06.2025 19:00;0,747
15.06.2025 20:00;0,673
15.06.2025 21:00;0,646
15.06.2025 22:00;0,578
15.06.2025 23:00;0,517
16.06.2025 00:00;0,818
16.06.2025 01:00;0,728
16.06.2025 02:00;0,448
16.06.2025 03:00;0,444
16.06.2025 04:00;0,493
16.06.2025 05:00;0,531
16.06.2025 06:00;0,350
16.06.2025 07:00;0,601
16.06.2025 08:00;0,505
16.06.2025 09:00;0,586
16.06.2025 10:00;0,642
16.06.2025 11:00;0,616
16.06.2025 12:00;0,433
16.06.2025 13:00;0,413
16.06.2025 14:00;0,445
16.06.2025 15:00;0,378
16.06.2025 16:00;0,388
16.06.2025 17:00;0,460
16.06.2025 18:00;0,452
16.06.2025 19:00;0,306
16.06.2025 20:00;0,281
16.06.2025 21:00;0,365
16.06.2025 22:00;0,365
16.06.2025 23:00;0,446
17.06.2025 00:00;0,505
17.06.2025 01:00;0,519
17.06.2025 02:00;0,347
17.06.2025 03:00;0,219
17.06.2025 04:00;0,177
17.06.2025 05:00;0,205
17.06.2025 06:00;0,125
17.06.2025 07:00;0,141
17.06.2025 08:00;0,075
17.06.2025 09:00;0,055
17.06.2025 10:00;0,000
17.06.2025 11:00;0,027
17.06.2025 12:00;0,000
17.06.2025 13:00;0,088
17.06.2025 14:00;0,371
17.06.2025 15:00;0,329
17.06.2025 16:00;0,293
17.06.2025 17:00;0,264
17.06.2025 18:00;0,728
17.06.2025 19:00;0,759
17.06.2025 20:00;0,655
17.06.2025 21:00;0,546
17.06.2025 22:00;0,485
17.06.2025 23:00;0,311
18.06.2025 00:00;0,216
18.06.2025 01:00;0,171
18.06.2025 02:00;0,137
18.06.2025 03:00;0,108
18.06.2025 04:00;0,080
18.06.2025 05:00;0,000
18.06.2025 06:00;0,027
18.06.2025 07:00;0,000
18.06.2025 08:00;0,009
18.06.2025 09:00;0,000
18.06.2025 10:00;0,000
18.06.2025 11:00;0,000
18.06.2025 12:00;0,000
18.06.2025 13:00;0,027
18.06.2025 14:00;0,000
18.06.2025 15:00;0,000
18.06.2025 16:00;0,000
18.06.2025 17:00;0,000
18.06.2025 18:00;0,000
18.06.2025 19:00;0,026
18.06.2025 20:00;0,000
18.06.2025 21:00;0,000
18.06.2025 22:00;0,009
18.06.2025 23:00;0,009
19.06.2025 00:00;0,009
19.06.2025 01:00;0,028
19.06.2025 02:00;0,000
19.06.2025 03:00;0,000
19.06.2025 04:00;0,000
19.06.2025 05:00;0,000
19.06.2025 06:00;0,000
19.06.2025 07:00;0,000
19.06.2025 08:00;0,027
19.06.2025 09:00;0,000
19.06.2025 10:00;0,000
19.06.2025 11:00;0,000
19.06.2025 12:00;0,000
19.06.2025 13:00;0,000
19.06.2025 14:00;0,000
19.06.2025 15:00;0,000
19.06.2025 16:00;0,000
19.06.2025 17:00;0,000
19.06.2025 18:00;0,000
19.06.2025 19:00;0,000
19.06.2025 20:00;0,000
19.06.2025 21:00;0,000
19.06.2025 22:00;0,000
19.06.2025 23:00;0,000
20.06.2025 00:00;0,000
20.06.2025 01:00;0,757
20.06.2025 02:00;0,433
20.06.2025 03:00;0,643
20.06.2025 04:00;1,038
20.06.2025 05:00;1,552
20.06.2025 06:00;1,715
20.06.2025 07:00;1,152
20.06.2025 08:00;0,832
20.06.2025 09:00;0,792
20.06.2025 10:00;0,781
20.06.2025 11:00;0,307
20.06.2025 12:00;0,221
20.06.2025 13:00;0,282
20.06.2025 14:00;0,793
20.06.2025 15:00;0,955
20.06.2025 16:00;0,989
20.06.2025 17:00;1,071
20.06.2025 18:00;0,843
20.06.2025 19:00;0,613
20.06.2025 20:00;0,503
20.06.2025 21:00;0,453
20.06.2025 22:00;0,429
20.06.2025 23:00;0,403
21.06.2025 00:00;0,244
21.06.2025 01:00;0,215
21.06.2025 02:00;0,214
21.06.2025 03:00;0,223
21.06.2025 04:00;0,204
21.06.2025 05:00;0,159
21.06.2025 06:00;0,087
21.06.2025 07:00;0,048
21.06.2025 08:00;0,021
21.06.2025 09:00;0,020
21.06.2025 10:00;0,007
21.06.2025 11:00;0,000
21.06.2025 12:00;0,013
21.06.2025 13:00;0,000
21.06.2025 14:00;0,000
21.06.2025 15:00;0,000
21.06.2025 16:00;0,007
21.06.2025 17:00;0,000
21.06.2025 18:00;0,000
21.06.2025 19:00;0,014
21.06.2025 20:00;0,000
21.06.2025 21:00;0,000
21.06.2025 22:00;0,000
21.06.2025 23:00;0,000
22.06.2025 00:00;0,000
22.06.2025 01:00;0,000
22.06.2025 02:00;0,011
22.06.2025 03:00;0,000
22.06.2025 04:00;0,012
22.06.2025 05:00;0,000
22.06.2025 06:00;0,000
22.06.2025 07:00;0,000
22.06.2025 08:00;0,005
22.06.2025 09:00;0,006
22.06.2025 10:00;0,000
22.06.2025 11:00;0,000
22.06.2025 12:00;0,000
22.06.2025 13:00;0,000
22.06.2025 14:00;0,286
22.06.2025 15:00;0,383
22.06.2025 16:00;0,309
22.06.2025 17:00;0,301
22.06.2025 18:00;0,307
22.06.2025 19:00;0,344
22.06.2025 20:00;0,406
22.06.2025 21:00;0,304
22.06.2025 22:00;0,185
22.06.2025 23:00;0,168
23.06.2025 00:00;0,278
23.06.2025 01:00;0,278
23.06.2025 02:00;0,093
23.06.2025 03:00;0,009
23.06.2025 04:00;0,666
23.06.2025 05:00;0,534
23.06.2025 06:00;0,463
23.06.2025 07:00;0,463
23.06.2025 08:00;0,504
23.06.2025 09:00;0,538
23.06.2025 10:00;0,600
23.06.2025 11:00;0,612
23.06.2025 12:00;1,558
23.06.2025 13:00;1,273
23.06.2025 14:00;1,280
23.06.2025 15:00;1,117
23.06.2025 16:00;1,562
23.06.2025 17:00;1,557
23.06.2025 18:00;1,228
23.06.2025 19:00;0,929
23.06.2025 20:00;1,142
23.06.2025 21:00;1,000
23.06.2025 22:00;0,860
23.06.2025 23:00;0,524
24.06.2025 00:00;0,483
24.06.2025 01:00;0,408
24.06.2025 02:00;0,861
24.06.2025 03:00;1,010
24.06.2025 04:00;0,926
24.06.2025 05:00;1,390
24.06.2025 06:00;2,452
24.06.2025 07:00;2,305
24.06.2025 08:00;1,954
24.06.2025 09:00;1,612
24.06.2025 10:00;1,072
24.06.2025 11:00;0,676
24.06.2025 12:00;0,602
24.06.2025 13:00;0,666
24.06.2025 14:00;0,470
24.06.2025 15:00;0,579
24.06.2025 16:00;0,488
24.06.2025 17:00;0,488
24.06.2025 18:00;0,506
24.06.2025 19:00;0,874
24.06.2025 20:00;0,858
24.06.2025 21:00;0,769
24.06.2025 22:00;0,781
24.06.2025 23:00;0,715
25.06.2025 00:00;0,686
25.06.2025 01:00;0,611
25.06.2025 02:00;0,333
25.06.2025 03:00;0,186
25.06.2025 04:00;0,152
25.06.2025 05:00;0,231
25.06.2025 06:00;0,066
25.06.2025 07:00;0,292
25.06.2025 08:00;0,542
25.06.2025 09:00;1,718
25.06.2025 10:00;1,235
25.06.2025 11:00;1,094
25.06.2025 12:00;1,177
25.06.2025 13:00;1,229
25.06.2025 14:00;1,106
25.06.2025 15:00;0,701
25.06.2025 16:00;0,463
25.06.2025 17:00;0,456
25.06.2025 18:00;0,328
25.06.2025 19:00;0,277
25.06.2025 20:00;0,417
25.06.2025 21:00;0,366
25.06.2025 22:00;0,300
25.06.2025 23:00;0,294
26.06.2025 00:00;0,313
26.06.2025 01:00;0,356
26.06.2025 02:00;0,179
26.06.2025 03:00;0,100
26.06.2025 04:00;0,064
26.06.2025 05:00;0,796
26.06.2025 06:00;0,545
26.06.2025 07:00;0,537
26.06.2025 08:00;0,585
26.06.2025 09:00;0,577
26.06.2025 10:00;0,387
26.06.2025 11:00;0,641
26.06.2025 12:00;0,476
26.06.2025 13:00;0,457
26.06.2025 14:00;0,439
26.06.2025 15:00;0,448
26.06.2025 16:00;0,413
26.06.2025 17:00;0,280
26.06.2025 18:00;0,185
26.06.2025 19:00;0,109
26.06.2025 20:00;0,083
26.06.2025 21:00;0,093
26.06.2025 22:00;0,111
26.06.2025 23:00;0,142
27.06.2025 00:00;0,027
27.06.2025 01:00;0,009
27.06.2025 02:00;0,249
27.06.2025 03:00;0,722
27.06.2025 04:00;0,511
27.06.2025 05:00;0,548
27.06.2025 06:00;0,463
27.06.2025 07:00;0,525
27.06.2025 08:00;0,582
27.06.2025 09:00;0,376
27.06.2025 10:00;0,312
27.06.2025 11:00;0,842
27.06.2025 12:00;0,601
27.06.2025 13:00;0,580
27.06.2025 14:00;0,345
27.06.2025 15:00;0,363
27.06.2025 16:00;0,747
27.06.2025 17:00;0,589
27.06.2025 18:00;0,587
27.06.2025 19:00;0,543
27.06.2025 20:00;0,618
27.06.2025 21:00;0,478
27.06.2025 22:00;0,306
27.06.2025 23:00;0,686
28.06.2025 00:00;0,451
28.06.2025 01:00;0,399
28.06.2025 02:00;0,410
28.06.2025 03:00;0,293
28.06.2025 04:00;0,243
28.06.2025 05:00;0,135
28.06.2025 06:00;0,129
28.06.2025 07:00;0,103
28.06.2025 08:00;0,103
28.06.2025 09:00;0,085
28.06.2025 10:00;0,041
28.06.2025 11:00;0,080
28.06.2025 12:00;0,053
28.06.2025 13:00;0,061
28.06.2025 14:00;0,104
28.06.2025 15:00;0,070
28.06.2025 16:00;0,076
28.06.2025 17:00;0,068
28.06.2025 18:00;0,069
28.06.2025 19:00;0,082
28.06.2025 20:00;0,089
28.06.2025 21:00;0,080
28.06.2025 22:00;0,078
28.06.2025 23:00;0,093
29.06.2025 00:00;0,071
29.06.2025 01:00;0,070
29.06.2025 02:00;0,071
29.06.2025 03:00;0,017
29.06.2025 04:00;0,000
29.06.2025 05:00;0,000
29.06.2025 06:00;0,000
29.06.2025 07:00;0,000
29.06.2025 08:00;0,000
29.06.2025 09:00;0,010
29.06.2025 10:00;0,000
29.06.2025 11:00;0,000
29.06.2025 12:00;0,000
29.06.2025 13:00;0,000
29.06.2025 14:00;0,000
29.06.2025 15:00;0,005
29.06.2025 16:00;0,000
29.06.2025 17:00;0,000
29.06.2025 18:00;0,000
29.06.2025 19:00;0,006
29.06.2025 20:00;0,006
29.06.2025 21:00;0,027
29.06.2025 22:00;0,006
29.06.2025 23:00;0,005
30.06.2025 00:00;0,009
30.06.2025 01:00;0,009
30.06.2025 02:00;0,276
30.06.2025 03:00;1,198
30.06.2025 04:00;0,870
30.06.2025 05:00;1,237
30.06.2025 06:00;1,517
30.06.2025 07:00;1,311
30.06.2025 08:00;1,305
30.06.2025 09:00;1,021
30.06.2025 10:00;0,719
30.06.2025 11:00;0,637
30.06.2025 12:00;0,425
30.06.2025 13:00;0,459
30.06.2025 14:00;0,228
30.06.2025 15:00;0,568
30.06.2025 16:00;0,476
30.06.2025 17:00;0,468
30.06.2025 18:00;0,904
30.06.2025 19:00;0,849
30.06.2025 20:00;0,784
30.06.2025 21:00;0,629
30.06.2025 22:00;0,355
30.06.2025 23:00;0,278
01.07.2025 00:00;0,264
01.07.2025 01:00;0,262
01.07.2025 02:00;0,137
01.07.2025 03:00;0,323
01.07.2025 04:00;0,285
01.07.2025 05:00;0,407
01.07.2025 06:00;0,357
01.07.2025 07:00;0,330
01.07.2025 08:00;0,223
01.07.2025 09:00;0,149
01.07.2025 10:00;0,117
01.07.2025 11:00;0,113
01.07.2025 12:00;0,136
01.07.2025 13:00;0,091
01.07.2025 14:00;0,089
01.07.2025 15:00;0,082
01.07.2025 16:00;1,079
01.07.2025 17:00;1,470
01.07.2025 18:00;1,460
01.07.2025 19:00;1,405
01.07.2025 20:00;1,403
01.07.2025 21:00;1,613
01.07.2025 22:00;1,269
01.07.2025 23:00;0,727
02.07.2025 00:00;0,533
02.07.2025 01:00;0,537
02.07.2025 02:00;0,517
02.07.2025 03:00;1,543
02.07.2025 04:00;1,031
02.07.2025 05:00;0,972
02.07.2025 06:00;1,269
02.07.2025 07:00;1,531
02.07.2025 08:00;1,433
02.07.2025 09:00;1,327
02.07.2025 10:00;1,257
02.07.2025 11:00;1,227
02.07.2025 12:00;1,334
02.07.2025 13:00;1,164
02.07.2025 14:00;0,840
02.07.2025 15:00;0,740
02.07.2025 16:00;0,676
02.07.2025 17:00;0,802
02.07.2025 18:00;0,784
02.07.2025 19:00;1,200
02.07.2025 20:00;1,126
02.07.2025 21:00;1,049
02.07.2025 22:00;0,928
02.07.2025 23:00;0,804
03.07.2025 00:00;0,770
03.07.2025 01:00;0,721
03.07.2025 02:00;0,462
03.07.2025 03:00;0,441
03.07.2025 04:00;0,477
03.07.2025 05:00;0,507
03.07.2025 06:00;0,347
03.07.2025 07:00;0,613
03.07.2025 08:00;0,516
03.07.2025 09:00;0,590
03.07.2025 10:00;0,591
03.07.2025 11:00;0,613
03.07.2025 12:00;0,401
03.07.2025 13:00;0,389
03.07.2025 14:00;0,425
03.07.2025 15:00;0,392
03.07.2025 16:00;0,384
03.07.2025 17:00;0,423
03.07.2025 18:00;0,452
03.07.2025 19:00;0,315
03.07.2025 20:00;0,292
03.07.2025 21:00;0,360
03.07.2025 22:00;0,368
03.07.2025 23:00;0,436
04.07.2025 00:00;0,498
04.07.2025 01:00;0,531
04.07.2025 02:00;0,342
04.07.2025 03:00;0,221
04.07.2025 04:00;0,178
04.07.2025 05:00;0,206
04.07.2025 06:00;0,120
04.07.2025 07:00;0,137
04.07.2025 08:00;0,073
04.07.2025 09:00;0,052
04.07.2025 10:00;0,000
04.07.2025 11:00;0,026
04.07.2025 12:00;0,000
04.07.2025 13:00;0,084
04.07.2025 14:00;0,363
04.07.2025 15:00;0,325
04.07.2025 16:00;0,279
04.07.2025 17:00;0,274
04.07.2025 18:00;0,706
04.07.2025 19:00;0,776
04.07.2025 20:00;0,649
04.07.2025 21:00;0,506
04.07.2025 22:00;0,481
04.07.2025 23:00;0,316
05.07.2025 00:00;0,176
05.07.2025 01:00;0,137
05.07.2025 02:00;0,104
05.07.2025 03:00;0,081
05.07.2025 04:00;0,062
05.07.2025 05:00;0,000
05.07.2025 06:00;0,020
05.07.2025 07:00;0,000
05.07.2025 08:00;0,006
05.07.2025 09:00;0,000
05.07.2025 10:00;0,000
05.07.2025 11:00;0,000
05.07.2025 12:00;0,000
05.07.2025 13:00;0,019
05.07.2025 14:00;0,000
05.07.2025 15:00;0,000
05.07.2025 16:00;0,000
05.07.2025 17:00;0,000
05.07.2025 18:00;0,000
05.07.2025 19:00;0,020
05.07.2025 20:00;0,000
05.07.2025 21:00;0,000
05.07.2025 22:00;0,007
05.07.2025 23:00;0,007
06.07.2025 00:00;0,006
06.07.2025 01:00;0,016
06.07.2025 02:00;0,000
06.07.2025 03:00;0,000
06.07.2025 04:00;0,000
06.07.2025 05:00;0,000
06.07.2025 06:00;0,000
06.07.2025 07:00;0,000
06.07.2025 08:00;0,016
06.07.2025 09:00;0,000
06.07.2025 10:00;0,000
06.07.2025 11:00;0,000
06.07.2025 12:00;0,000
06.07.2025 13:00;0,000
06.07.2025 14:00;0,000
06.07.2025 15:00;0,000
06.07.2025 16:00;0,000
06.07.2025 17:00;0,000
06.07.2025 18:00;0,000
06.07.2025 19:00;0,000
06.07.2025 20:00;0,000
06.07.2025 21:00;0,000
06.07.2025 22:00;0,000
06.07.2025 23:00;0,000
07.07.2025 00:00;0,000
07.07.2025 01:00;0,735
07.07.2025 02:00;0,413
07.07.2025 03:00;0,675
07.07.2025 04:00;0,999
07.07.2025 05:00;1,444
07.07.2025 06:00;1,704
07.07.2025 07:00;1,114
07.07.2025 08:00;0,814
07.07.2025 09:00;0,783
07.07.2025 10:00;0,740
07.07.2025 11:00;0,326
07.07.2025 12:00;0,217
07.07.2025 13:00;0,280
07.07.2025 14:00;0,777
07.07.2025 15:00;0,940
07.07.2025 16:00;0,952
07.07.2025 17:00;1,106
07.07.2025 18:00;0,811
07.07.2025 19:00;0,587
07.07.2025 20:00;0,465
07.07.2025 21:00;0,449
07.07.2025 22:00;0,401
07.07.2025 23:00;0,397
08.07.2025 00:00;0,285
08.07.2025 01:00;0,280
08.07.2025 02:00;0,289
08.07.2025 03:00;0,275
08.07.2025 04:00;0,268
08.07.2025 05:00;0,211
08.07.2025 06:00;0,119
08.07.2025 07:00;0,065
08.07.2025 08:00;0,029
08.07.2025 09:00;0,027
08.07.2025 10:00;0,009
08.07.2025 11:00;0,000
08.07.2025 12:00;0,018
08.07.2025 13:00;0,000
08.07.2025 14:00;0,000
08.07.2025 15:00;0,000
08.07.2025 16:00;0,010
08.07.2025 17:00;0,000
08.07.2025 18:00;0,000
08.07.2025 19:00;0,018
08.07.2025 20:00;0,000
08.07.2025 21:00;0,000
08.07.2025 22:00;0,000
08.07.2025 23:00;0,000
09.07.2025 00:00;0,000
09.07.2025 01:00;0,000
09.07.2025 02:00;0,019
09.07.2025 03:00;0,000
09.07.2025 04:00;0,018
09.07.2025 05:00;0,000
09.07.2025 06:00;0,000
09.07.2025 07:00;0,000
09.07.2025 08:00;0,009
09.07.2025 09:00;0,009
09.07.2025 10:00;0,000
09.07.2025 11:00;0,000
09.07.2025 12:00;0,000
09.07.2025 13:00;0,000
09.07.2025 14:00;0,505
09.07.2025 15:00;0,676
09.07.2025 16:00;0,553
09.07.2025 17:00;0,510
09.07.2025 18:00;0,538
09.07.2025 19:00;0,590
09.07.2025 20:00;0,629
09.07.2025 21:00;0,465
09.07.2025 22:00;0,301
09.07.2025 23:00;0,277
10.07.2025 00:00;0,266
10.07.2025 01:00;0,275
10.07.2025 02:00;0,095
10.07.2025 03:00;0,010
10.07.2025 04:00;0,651
10.07.2025 05:00;0,510
10.07.2025 06:00;0,476
10.07.2025 07:00;0,465
10.07.2025 08:00;0,522
10.07.2025 09:00;0,538
10.07.2025 10:00;0,627
10.07.2025 11:00;0,607
10.07.2025 12:00;1,511
10.07.2025 13:00;1,180
10.07.2025 14:00;1,277
10.07.2025 15:00;1,128
10.07.2025 16:00;1,524
10.07.2025 17:00;1,552
10.07.2025 18:00;1,250
10.07.2025 19:00;0,910
10.07.2025 20:00;1,100
10.07.2025 21:00;0,933
10.07.2025 22:00;0,890
10.07.2025 23:00;0,512
11.07.2025 00:00;0,478
11.07.2025 01:00;0,414
11.07.2025 02:00;0,855
11.07.2025 03:00;0,980
11.07.2025 04:00;0,897
11.07.2025 05:00;1,356
11.07.2025 06:00;2,452
11.07.2025 07:00;2,211
11.07.2025 08:00;1,985
11.07.2025 09:00;1,658
11.07.2025 10:00;1,047
11.07.2025 11:00;0,711
11.07.2025 12:00;0,586
11.07.2025 13:00;0,681
11.07.2025 14:00;0,445
11.07.2025 15:00;0,548
11.07.2025 16:00;0,458
11.07.2025 17:00;0,464
11.07.2025 18:00;0,533
11.07.2025 19:00;0,846
11.07.2025 20:00;0,881
11.07.2025 21:00;0,792
11.07.2025 22:00;0,815
11.07.2025 23:00;0,758
12.07.2025 00:00;0,543
12.07.2025 01:00;0,466
12.07.2025 02:00;0,260
12.07.2025 03:00;0,150
12.07.2025 04:00;0,115
12.07.2025 05:00;0,177
12.07.2025 06:00;0,046
12.07.2025 07:00;0,212
12.07.2025 08:00;0,393
12.07.2025 09:00;1,200
12.07.2025 10:00;0,865
12.07.2025 11:00;0,834
12.07.2025 12:00;0,797
12.07.2025 13:00;0,891
12.07.2025 14:00;0,738
12.07.2025 15:00;0,507
12.07.2025 16:00;0,320
12.07.2025 17:00;0,314
12.07.2025 18:00;0,227
12.07.2025 19:00;0,222
12.07.2025 20:00;0,329
12.07.2025 21:00;0,286
12.07.2025 22:00;0,242
12.07.2025 23:00;0,220
13.07.2025 00:00;0,183
13.07.2025 01:00;0,220
13.07.2025 02:00;0,110
13.07.2025 03:00;0,065
13.07.2025 04:00;0,042
13.07.2025 05:00;0,483
13.07.2025 06:00;0,318
13.07.2025 07:00;0,293
13.07.2025 08:00;0,344
13.07.2025 09:00;0,344
13.07.2025 10:00;0,220
13.07.2025 11:00;0,340
13.07.2025 12:00;0,273
13.07.2025 13:00;0,269
13.07.2025 14:00;0,244
13.07.2025 15:00;0,251
13.07.2025 16:00;0,230
13.07.2025 17:00;0,150
13.07.2025 18:00;0,100
13.07.2025 19:00;0,071
13.07.2025 20:00;0,049
13.07.2025 21:00;0,057
13.07.2025 22:00;0,067
13.07.2025 23:00;0,087
14.07.2025 00:00;0,027
14.07.2025 01:00;0,009
14.07.2025 02:00;0,260
14.07.2025 03:00;0,744
14.07.2025 04:00;0,492
14.07.2025 05:00;0,519
14.07.2025 06:00;0,465
14.07.2025 07:00;0,514
14.07.2025 08:00;0,588
14.07.2025 09:00;0,375
14.07.2025 10:00;0,325
14.07.2025 11:00;0,842
14.07.2025 12:00;0,616
14.07.2025 13:00;0,547
14.07.2025 14:00;0,345
14.07.2025 15:00;0,354
14.07.2025 16:00;0,795
14.07.2025 17:00;0,591
14.07.2025 18:00;0,558
14.07.2025 19:00;0,535
14.07.2025 20:00;0,597
14.07.2025 21:00;0,472
14.07.2025 22:00;0,307
14.07.2025 23:00;0,670
15.07.2025 00:00;0,542
15.07.2025 01:00;0,483
15.07.2025 02:00;0,490
15.07.2025 03:00;0,382
15.07.2025 04:00;0,296
15.07.2025 05:00;0,166
15.07.2025 06:00;0,171
15.07.2025 07:00;0,149
15.07.2025 08:00;0,134
15.07.2025 09:00;0,115
15.07.2025 10:00;0,056
15.07.2025 11:00;0,109
15.07.2025 12:00;0,072
15.07.2025 13:00;0,082
15.07.2025 14:00;0,141
15.07.2025 15:00;0,096
15.07.2025 16:00;0,099
15.07.2025 17:00;0,093
15.07.2025 18:00;0,093
15.07.2025 19:00;0,098
15.07.2025 20:00;0,111
15.07.2025 21:00;0,100
15.07.2025 22:00;0,098
15.07.2025 23:00;0,120
16.07.2025 00:00;0,107
16.07.2025 01:00;0,109
16.07.2025 02:00;0,116
16.07.2025 03:00;0,028
16.07.2025 04:00;0,000
16.07.2025 05:00;0,000
16.07.2025 06:00;0,000
16.07.2025 07:00;0,000
16.07.2025 08:00;0,000
16.07.2025 09:00;0,018
16.07.2025 10:00;0,000
16.07.2025 11:00;0,000
16.07.2025 12:00;0,000
16.07.2025 13:00;0,000
16.07.2025 14:00;0,000
16.07.2025 15:00;0,009
16.07.2025 16:00;0,000
16.07.2025 17:00;0,000
16.07.2025 18:00;0,000
16.07.2025 19:00;0,009
16.07.2025 20:00;0,009
16.07.2025 21:00;0,043
16.07.2025 22:00;0,009
16.07.2025 23:00;0,009
17.07.2025 00:00;0,009
17.07.2025 01:00;0,009
17.07.2025 02:00;0,282
17.07.2025 03:00;1,169
17.07.2025 04:00;0,923
17.07.2025 05:00;1,234
17.07.2025 06:00;1,440
17.07.2025 07:00;1,363
17.07.2025 08:00;1,190
17.07.2025 09:00;0,998
17.07.2025 10:00;0,659
17.07.2025 11:00;0,596
17.07.2025 12:00;0,419
17.07.2025 13:00;0,434
17.07.2025 14:00;0,218
17.07.2025 15:00;0,561
17.07.2025 16:00;0,482
17.07.2025 17:00;0,472
17.07.2025 18:00;0,895
17.07.2025 19:00;0,846
17.07.2025 20:00;0,768
17.07.2025 21:00;0,612
17.07.2025 22:00;0,343
17.07.2025 23:00;0,283
18.07.2025 00:00;0,276
18.07.2025 01:00;0,261
18.07.2025 02:00;0,137
18.07.2025 03:00;0,294
18.07.2025 04:00;0,293
18.07.2025 05:00;0,378
18.07.2025 06:00;0,329
18.07.2025 07:00;0,331
18.07.2025 08:00;0,227
18.07.2025 09:00;0,145
18.07.2025 10:00;0,117
18.07.2025 11:00;0,107
18.07.2025 12:00;0,128
18.07.2025 13:00;0,092
18.07.2025 14:00;0,090
18.07.2025 15:00;0,080
18.07.2025 16:00;1,096
18.07.2025 17:00;1,490
18.07.2025 18:00;1,409
18.07.2025 19:00;1,340
18.07.2025 20:00;1,392
18.07.2025 21:00;1,520
18.07.2025 22:00;1,275
18.07.2025 23:00;0,715
19.07.2025 00:00;0,416
19.07.2025 01:00;0,409
19.07.2025 02:00;0,396
19.07.2025 03:00;1,222
19.07.2025 04:00;0,827
19.07.2025 05:00;0,715
19.07.2025 06:00;0,877
19.07.2025 07:00;1,061
19.07.2025 08:00;1,001
19.07.2025 09:00;0,960
19.07.2025 10:00;0,869
19.07.2025 11:00;0,847
19.07.2025 12:00;0,928
19.07.2025 13:00;0,844
19.07.2025 14:00;0,556
19.07.2025 15:00;0,513
19.07.2025 16:00;0,482
19.07.2025 17:00;0,536
19.07.2025 18:00;0,558
19.07.2025 19:00;0,933
19.07.2025 20:00;0,883
19.07.2025 21:00;0,830
19.07.2025 22:00;0,682
19.07.2025 23:00;0,618
20.07.2025 00:00;0,461
20.07.2025 01:00;0,450
20.07.2025 02:00;0,278
20.07.2025 03:00;0,279
20.07.2025 04:00;0,292
20.07.2025 05:00;0,319
20.07.2025 06:00;0,198
20.07.2025 07:00;0,331
20.07.2025 08:00;0,297
20.07.2025 09:00;0,313
20.07.2025 10:00;0,362
20.07.2025 11:00;0,350
20.07.2025 12:00;0,233
20.07.2025 13:00;0,211
20.07.2025 14:00;0,248
20.07.2025 15:00;0,214
20.07.2025 16:00;0,221
20.07.2025 17:00;0,246
20.07.2025 18:00;0,246
20.07.2025 19:00;0,189
20.07.2025 20:00;0,179
20.07.2025 21:00;0,229
20.07.2025 22:00;0,213
20.07.2025 23:00;0,285
21.07.2025 00:00;0,511
21.07.2025 01:00;0,506
21.07.2025 02:00;0,320
21.07.2025 03:00;0,214
21.07.2025 04:00;0,169
21.07.2025 05:00;0,192
21.07.2025 06:00;0,121
21.07.2025 07:00;0,136
21.07.2025 08:00;0,074
21.07.2025 09:00;0,055
21.07.2025 10:00;0,000
21.07.2025 11:00;0,026
21.07.2025 12:00;0,000
21.07.2025 13:00;0,089
21.07.2025 14:00;0,334
21.07.2025 15:00;0,327
21.07.2025 16:00;0,267
21.07.2025 17:00;0,254
21.07.2025 18:00;0,683
21.07.2025 19:00;0,757
21.07.2025 20:00;0,627
21.07.2025 21:00;0,522
21.07.2025 22:00;0,471
21.07.2025 23:00;0,287
22.07.2025 00:00;0,214
22.07.2025 01:00;0,174
22.07.2025 02:00;0,130
22.07.2025 03:00;0,109
22.07.2025 04:00;0,076
22.07.2025 05:00;0,000
22.07.2025 06:00;0,027
22.07.2025 07:00;0,000
22.07.2025 08:00;0,009
22.07.2025 09:00;0,000
22.07.2025 10:00;0,000
22.07.2025 11:00;0,000
22.07.2025 12:00;0,000
22.07.2025 13:00;0,027
22.07.2025 14:00;0,000
22.07.2025 15:00;0,000
22.07.2025 16:00;0,000
22.07.2025 17:00;0,000
22.07.2025 18:00;0,000
22.07.2025 19:00;0,027
22.07.2025 20:00;0,000
22.07.2025 21:00;0,000
22.07.2025 22:00;0,009
22.07.2025 23:00;0,009
23.07.2025 00:00;0,009
23.07.2025 01:00;0,026
23.07.2025 02:00;0,000
23.07.2025 03:00;0,000
23.07.2025 04:00;0,000
23.07.2025 05:00;0,000
23.07.2025 06:00;0,000
23.07.2025 07:00;0,000
23.07.2025 08:00;0,026
23.07.2025 09:00;0,000
23.07.2025 10:00;0,000
23.07.2025 11:00;0,000
23.07.2025 12:00;0,000
23.07.2025 13:00;0,000
23.07.2025 14:00;0,000
23.07.2025 15:00;0,000
23.07.2025 16:00;0,000
23.07.2025 17:00;0,000
23.07.2025 18:00;0,000
23.07.2025 19:00;0,000
23.07.2025 20:00;0,000
23.07.2025 21:00;0,000
23.07.2025 22:00;0,000
23.07.2025 23:00;0,000
24.07.2025 00:00;0,000
24.07.2025 01:00;0,747
24.07.2025 02:00;0,407
24.07.2025 03:00;0,643
24.07.2025 04:00;0,988
24.07.2025 05:00;1,523
24.07.2025 06:00;1,741
24.07.2025 07:00;1,179
24.07.2025 08:00;0,851
24.07.2025 09:00;0,725
24.07.2025 10:00;0,734
24.07.2025 11:00;0,318
24.07.2025 12:00;0,209
24.07.2025 13:00;0,265
24.07.2025 14:00;0,770
24.07.2025 15:00;0,909
24.07.2025 16:00;0,918
24.07.2025 17:00;1,015
24.07.2025 18:00;0,818
24.07.2025 19:00;0,592
24.07.2025 20:00;0,472
24.07.2025 21:00;0,450
24.07.2025 22:00;0,394
24.07.2025 23:00;0,395
25.07.2025 00:00;0,294
25.07.2025 01:00;0,270
25.07.2025 02:00;0,285
25.07.2025 03:00;0,263
25.07.2025 04:00;0,268
25.07.2025 05:00;0,198
25.07.2025 06:00;0,114
25.07.2025 07:00;0,062
25.07.2025 08:00;0,028
25.07.2025 09:00;0,027
25.07.2025 10:00;0,009
25.07.2025 11:00;0,000
25.07.2025 12:00;0,019
25.07.2025 13:00;0,000
25.07.2025 14:00;0,000
25.07.2025 15:00;0,000
25.07.2025 16:00;0,009
25.07.2025 17:00;0,000
25.07.2025 18:00;0,000
25.07.2025 19:00;0,018
25.07.2025 20:00;0,000
25.07.2025 21:00;0,000
25.07.2025 22:00;0,000
25.07.2025 23:00;0,000
26.07.2025 00:00;0,000
26.07.2025 01:00;0,000
26.07.2025 02:00;0,014
26.07.2025 03:00;0,000
26.07.2025 04:00;0,014
26.07.2025 05:00;0,000
26.07.2025 06:00;0,000
26.07.2025 07:00;0,000
26.07.2025 08:00;0,006
26.07.2025 09:00;0,006
26.07.2025 10:00;0,000
26.07.2025 11:00;0,000
26.07.2025 12:00;0,000
26.07.2025 13:00;0,000
26.07.2025 14:00;0,340
26.07.2025 15:00;0,464
26.07.2025 16:00;0,396
26.07.2025 17:00;0,365
26.07.2025 18:00;0,360
26.07.2025 19:00;0,443
26.07.2025 20:00;0,485
26.07.2025 21:00;0,365
26.07.2025 22:00;0,230
26.07.2025 23:00;0,202
27.07.2025 00:00;0,166
27.07.2025 01:00;0,168
27.07.2025 02:00;0,055
27.07.2025 03:00;0,006
27.07.2025 04:00;0,382
27.07.2025 05:00;0,329
27.07.2025 06:00;0,260
27.07.2025 07:00;0,255
27.07.2025 08:00;0,304
27.07.2025 09:00;0,307
27.07.2025 10:00;0,357
27.07.2025 11:00;0,356
27.07.2025 12:00;0,870
27.07.2025 13:00;0,676
27.07.2025 14:00;0,722
27.07.2025 15:00;0,633
27.07.2025 16:00;0,828
27.07.2025 17:00;0,850
27.07.2025 18:00;0,694
27.07.2025 19:00;0,569
27.07.2025 20:00;0,691
27.07.2025 21:00;0,552
27.07.2025 22:00;0,544
27.07.2025 23:00;0,316
28.07.2025 00:00;0,490
28.07.2025 01:00;0,410
28.07.2025 02:00;0,825
28.07.2025 03:00;0,990
28.07.2025 04:00;0,886
28.07.2025 05:00;1,390
28.07.2025 06:00;2,503
28.07.2025 07:00;2,295
28.07.2025 08:00;1,983
28.07.2025 09:00;1,545
28.07.2025 10:00;1,097
28.07.2025 11:00;0,690
28.07.2025 12:00;0,599
28.07.2025 13:00;0,656
28.07.2025 14:00;0,452
28.07.2025 15:00;0,541
28.07.2025 16:00;0,462
28.07.2025 17:00;0,464
28.07.2025 18:00;0,513
28.07.2025 19:00;0,811
28.07.2025 20:00;0,870
28.07.2025 21:00;0,750
28.07.2025 22:00;0,806
28.07.2025 23:00;0,718
29.07.2025 00:00;0,668
29.07.2025 01:00;0,585
29.07.2025 02:00;0,331
29.07.2025 03:00;0,190
29.07.2025 04:00;0,142
29.07.2025 05:00;0,231
29.07.2025 06:00;0,065
29.07.2025 07:00;0,285
29.07.2025 08:00;0,534
29.07.2025 09:00;1,647
29.07.2025 10:00;1,186
29.07.2025 11:00;1,052
29.07.2025 12:00;1,134
29.07.2025 13:00;1,200
29.07.2025 14:00;1,079
29.07.2025 15:00;0,661
29.07.2025 16:00;0,421
29.07.2025 17:00;0,469
29.07.2025 18:00;0,307
29.07.2025 19:00;0,282
29.07.2025 20:00;0,408
29.07.2025 21:00;0,351
29.07.2025 22:00;0,280
29.07.2025 23:00;0,285
30.07.2025 00:00;0,299
30.07.2025 01:00;0,325
30.07.2025 02:00;0,186
30.07.2025 03:00;0,101
30.07.2025 04:00;0,061
30.07.2025 05:00;0,788
30.07.2025 06:00;0,565
30.07.2025 07:00;0,524
30.07.2025 08:00;0,586
30.07.2025 09:00;0,569
30.07.2025 10:00;0,370
30.07.2025 11:00;0,610
30.07.2025 12:00;0,465
30.07.2025 13:00;0,463
30.07.2025 14:00;0,428
30.07.2025 15:00;0,430
30.07.2025 16:00;0,372
30.07.2025 17:00;0,280
30.07.2025 18:00;0,176
30.07.2025 19:00;0,109
30.07.2025 20:00;0,078
30.07.2025 21:00;0,092
30.07.2025 22:00;0,104
30.07.2025 23:00;0,137
31.07.2025 00:00;0,026
31.07.2025 01:00;0,009
31.07.2025 02:00;0,243
31.07.2025 03:00;0,714
31.07.2025 04:00;0,491
31.07.2025 05:00;0,539
31.07.2025 06:00;0,474
31.07.2025 07:00;0,539
31.07.2025 08:00;0,556
31.07.2025 09:00;0,376
31.07.2025 10:00;0,309
31.07.2025 11:00;0,803
31.07.2025 12:00;0,598
31.07.2025 13:00;0,534
31.07.2025 14:00;0,336
31.07.2025 15:00;0,351
31.07.2025 16:00;0,772
31.07.2025 17:00;0,555
31.07.2025 18:00;0,554
31.07.2025 19:00;0,569
31.07.2025 20:00;0,599
31.07.2025 21:00;0,436
31.07.2025 22:00;0,299
31.07.2025 23:00;0,691
01.08.2025 00:00;0,526
01.08.2025 01:00;0,487
01.08.2025 02:00;0,499
01.08.2025 03:00;0,364
01.08.2025 04:00;0,296
01.08.2025 05:00;0,174
01.08.2025 06:00;0,169
01.08.2025 07:00;0,148
01.08.2025 08:00;0,140
01.08.2025 09:00;0,113
01.08.2025 10:00;0,057
01.08.2025 11:00;0,112
01.08.2025 12:00;0,076
01.08.2025 13:00;0,080
01.08.2025 14:00;0,132
01.08.2025 15:00;0,094
01.08.2025 16:00;0,099
01.08.2025 17:00;0,094
01.08.2025 18:00;0,089
01.08.2025 19:00;0,095
01.08.2025 20:00;0,107
01.08.2025 21:00;0,100
01.08.2025 22:00;0,099
01.08.2025 23:00;0,115
02.08.2025 00:00;0,085
02.08.2025 01:00;0,082
02.08.2025 02:00;0,093
02.08.2025 03:00;0,022
02.08.2025 04:00;0,000
02.08.2025 05:00;0,000
02.08.2025 06:00;0,000
02.08.2025 07:00;0,000
02.08.2025 08:00;0,000
02.08.2025 09:00;0,013
02.08.2025 10:00;0,000
02.08.2025 11:00;0,000
02.08.2025 12:00;0,000
02.08.2025 13:00;0,000
02.08.2025 14:00;0,000
02.08.2025 15:00;0,006
02.08.2025 16:00;0,000
02.08.2025 17:00;0,000
02.08.2025 18:00;0,000
02.08.2025 19:00;0,007
02.08.2025 20:00;0,007
02.08.2025 21:00;0,034
02.08.2025 22:00;0,007
02.08.2025 23:00;0,007
03.08.2025 00:00;0,006
03.08.2025 01:00;0,006
03.08.2025 02:00;0,161
03.08.2025 03:00;0,710
03.08.2025 04:00;0,535
03.08.2025 05:00;0,743
03.08.2025 06:00;0,814
03.08.2025 07:00;0,778
03.08.2025 08:00;0,721
03.08.2025 09:00;0,547
03.08.2025 10:00;0,392
03.08.2025 11:00;0,332
03.08.2025 12:00;0,226
03.08.2025 13:00;0,263
03.08.2025 14:00;0,121
03.08.2025 15:00;0,305
03.08.2025 16:00;0,274
03.08.2025 17:00;0,260
03.08.2025 18:00;0,491
03.08.2025 19:00;0,473
03.08.2025 20:00;0,474
03.08.2025 21:00;0,369
03.08.2025 22:00;0,226
03.08.2025 23:00;0,166
04.08.2025 00:00;0,261
04.08.2025 01:00;0,263
04.08.2025 02:00;0,132
04.08.2025 03:00;0,292
04.08.2025 04:00;0,274
04.08.2025 05:00;0,391
04.08.2025 06:00;0,328
04.08.2025 07:00;0,316
04.08.2025 08:00;0,222
04.08.2025 09:00;0,139
04.08.2025 10:00;0,116
04.08.2025 11:00;0,104
04.08.2025 12:00;0,136
04.08.2025 13:00;0,091
04.08.2025 14:00;0,087
04.08.2025 15:00;0,079
04.08.2025 16:00;1,068
04.08.2025 17:00;1,435
04.08.2025 18:00;1,380
04.08.2025 19:00;1,384
04.08.2025 20:00;1,345
04.08.2025 21:00;1,512
04.08.2025 22:00;1,265
04.08.2025 23:00;0,719
05.08.2025 00:00;0,506
05.08.2025 01:00;0,520
05.08.2025 02:00;0,515
05.08.2025 03:00;1,571
05.08.2025 04:00;1,048
05.08.2025 05:00;0,929
05.08.2025 06:00;1,222
05.08.2025 07:00;1,557
05.08.2025 08:00;1,286
05.08.2025 09:00;1,242
05.08.2025 10:00;1,223
05.08.2025 11:00;1,153
05.08.2025 12:00;1,275
05.08.2025 13:00;1,080
05.08.2025 14:00;0,786
05.08.2025 15:00;0,736
05.08.2025 16:00;0,661
05.08.2025 17:00;0,786
05.08.2025 18:00;0,779
05.08.2025 19:00;1,151
05.08.2025 20:00;1,049
05.08.2025 21:00;0,973
05.08.2025 22:00;0,865
05.08.2025 23:00;0,742
06.08.2025 00:00;0,780
06.08.2025 01:00;0,724
06.08.2025 02:00;0,427
06.08.2025 03:00;0,449
06.08.2025 04:00;0,472
06.08.2025 05:00;0,502
06.08.2025 06:00;0,330
06.08.2025 07:00;0,596
06.08.2025 08:00;0,503
06.08.2025 09:00;0,546
06.08.2025 10:00;0,573
06.08.2025 11:00;0,574
06.08.2025 12:00;0,385
06.08.2025 13:00;0,395
06.08.2025 14:00;0,427
06.08.2025 15:00;0,380
06.08.2025 16:00;0,378
06.08.2025 17:00;0,431
06.08.2025 18:00;0,450
06.08.2025 19:00;0,308
06.08.2025 20:00;0,281
06.08.2025 21:00;0,348
06.08.2025 22:00;0,335
06.08.2025 23:00;0,436
07.08.2025 00:00;0,482
07.08.2025 01:00;0,488
07.08.2025 02:00;0,312
07.08.2025 03:00;0,220
07.08.2025 04:00;0,167
07.08.2025 05:00;0,189
07.08.2025 06:00;0,125
07.08.2025 07:00;0,125
07.08.2025 08:00;0,066
07.08.2025 09:00;0,054
07.08.2025 10:00;0,000
07.08.2025 11:00;0,026
07.08.2025 12:00;0,000
07.08.2025 13:00;0,084
07.08.2025 14:00;0,353
07.08.2025 15:00;0,304
07.08.2025 16:00;0,287
07.08.2025 17:00;0,266
07.08.2025 18:00;0,678
07.08.2025 19:00;0,704
07.08.2025 20:00;0,619
07.08.2025 21:00;0,515
07.08.2025 22:00;0,468
07.08.2025 23:00;0,305
08.08.2025 00:00;0,207
08.08.2025 01:00;0,165
08.08.2025 02:00;0,124
08.08.2025 03:00;0,102
08.08.2025 04:00;0,081
08.08.2025 05:00;0,000
08.08.2025 06:00;0,027
08.08.2025 07:00;0,000
08.08.2025 08:00;0,009
08.08.2025 09:00;0,000
08.08.2025 10:00;0,000
08.08.2025 11:00;0,000
08.08.2025 12:00;0,000
08.08.2025 13:00;0,027
08.08.2025 14:00;0,000
08.08.2025 15:00;0,000
08.08.2025 16:00;0,000
08.08.2025 17:00;0,000
08.08.2025 18:00;0,000
08.08.2025 19:00;0,026
08.08.2025 20:00;0,000
08.08.2025 21:00;0,000
08.08.2025 22:00;0,008
08.08.2025 23:00;0,009
09.08.2025 00:00;0,007
09.08.2025 01:00;0,020
09.08.2025 02:00;0,000
09.08.2025 03:00;0,000
09.08.2025 04:00;0,000
09.08.2025 05:00;0,000
09.08.2025 06:00;0,000
09.08.2025 07:00;0,000
09.08.2025 08:00;0,018
09.08.2025 09:00;0,000
09.08.2025 10:00;0,000
09.08.2025 11:00;0,000
09.08.2025 12:00;0,000
09.08.2025 13:00;0,000
09.08.2025 14:00;0,000
09.08.2025 15:00;0,000
09.08.2025 16:00;0,000
09.08.2025 17:00;0,000
09.08.2025 18:00;0,000
09.08.2025 19:00;0,000
09.08.2025 20:00;0,000
09.08.2025 21:00;0,000
09.08.2025 22:00;0,000
09.08.2025 23:00;0,000
10.08.2025 00:00;0,000
10.08.2025 01:00;0,463
10.08.2025 02:00;0,257
10.08.2025 03:00;0,394
10.08.2025 04:00;0,579
10.08.2025 05:00;0,908
10.08.2025 06:00;0,928
10.08.2025 07:00;0,627
10.08.2025 08:00;0,479
10.08.2025 09:00;0,438
10.08.2025 10:00;0,433
10.08.2025 11:00;0,178
10.08.2025 12:00;0,124
10.08.2025 13:00;0,155
10.08.2025 14:00;0,428
10.08.2025 15:00;0,520
10.08.2025 16:00;0,548
10.08.2025 17:00;0,591
10.08.2025 18:00;0,458
10.08.2025 19:00;0,360
10.08.2025 20:00;0,299
10.08.2025 21:00;0,266
10.08.2025 22:00;0,237
10.08.2025 23:00;0,232
11.08.2025 00:00;0,294
11.08.2025 01:00;0,258
11.08.2025 02:00;0,272
11.08.2025 03:00;0,262
11.08.2025 04:00;0,263
11.08.2025 05:00;0,207
11.08.2025 06:00;0,116
11.08.2025 07:00;0,062
11.08.2025 08:00;0,026
11.08.2025 09:00;0,028
11.08.2025 10:00;0,009
11.08.2025 11:00;0,000
11.08.2025 12:00;0,018
11.08.2025 13:00;0,000
11.08.2025 14:00;0,000
11.08.2025 15:00;0,000
11.08.2025 16:00;0,009
11.08.2025 17:00;0,000
11.08.2025 18:00;0,000
11.08.2025 19:00;0,017
11.08.2025 20:00;0,000
11.08.2025 21:00;0,000
11.08.2025 22:00;0,000
11.08.2025 23:00;0,000
12.08.2025 00:00;0,000
12.08.2025 01:00;0,000
12.08.2025 02:00;0,018
12.08.2025 03:00;0,000
12.08.2025 04:00;0,018
12.08.2025 05:00;0,000
12.08.2025 06:00;0,000
12.08.2025 07:00;0,000
12.08.2025 08:00;0,009
12.08.2025 09:00;0,009
12.08.2025 10:00;0,000
12.08.2025 11:00;0,000
12.08.2025 12:00;0,000
12.08.2025 13:00;0,000
12.08.2025 14:00;0,501
12.08.2025 15:00;0,616
12.08.2025 16:00;0,526
12.08.2025 17:00;0,478
12.08.2025 18:00;0,497
12.08.2025 19:00;0,532
12.08.2025 20:00;0,617
12.08.2025 21:00;0,477
12.08.2025 22:00;0,292
12.08.2025 23:00;0,262
13.08.2025 00:00;0,250
13.08.2025 01:00;0,267
13.08.2025 02:00;0,087
13.08.2025 03:00;0,009
13.08.2025 04:00;0,591
13.08.2025 05:00;0,519
13.08.2025 06:00;0,432
13.08.2025 07:00;0,469
13.08.2025 08:00;0,492
13.08.2025 09:00;0,552
13.08.2025 10:00;0,619
13.08.2025 11:00;0,598
13.08.2025 12:00;1,448
13.08.2025 13:00;1,156
13.08.2025 14:00;1,257
13.08.2025 15:00;1,106
13.08.2025 16:00;1,402
13.08.2025 17:00;1,466
13.08.2025 18:00;1,259
13.08.2025 19:00;0,949
13.08.2025 20:00;1,039
13.08.2025 21:00;0,890
13.08.2025 22:00;0,876
13.08.2025 23:00;0,496
14.08.2025 00:00;0,491
14.08.2025 01:00;0,401
14.08.2025 02:00;0,879
14.08.2025 03:00;0,975
14.08.2025 04:00;0,873
14.08.2025 05:00;1,378
14.08.2025 06:00;2,437
14.08.2025 07:00;2,184
14.08.2025 08:00;1,946
14.08.2025 09:00;1,616
14.08.2025 10:00;1,084
14.08.2025 11:00;0,654
14.08.2025 12:00;0,585
14.08.2025 13:00;0,617
14.08.2025 14:00;0,463
14.08.2025 15:00;0,528
14.08.2025 16:00;0,451
14.08.2025 17:00;0,432
14.08.2025 18:00;0,525
14.08.2025 19:00;0,847
14.08.2025 20:00;0,820
14.08.2025 21:00;0,764
14.08.2025 22:00;0,796
14.08.2025 23:00;0,743
15.08.2025 00:00;0,681
15.08.2025 01:00;0,571
15.08.2025 02:00;0,326
15.08.2025 03:00;0,188
15.08.2025 04:00;0,141
15.08.2025 05:00;0,226
15.08.2025 06:00;0,061
15.08.2025 07:00;0,298
15.08.2025 08:00;0,528
15.08.2025 09:00;1,610
15.08.2025 10:00;1,138
15.08.2025 11:00;1,125
15.08.2025 12:00;1,066
15.08.2025 13:00;1,173
15.08.2025 14:00;1,012
15.08.2025 15:00;0,664
15.08.2025 16:00;0,431
15.08.2025 17:00;0,438
15.08.2025 18:00;0,317
15.08.2025 19:00;0,282
15.08.2025 20:00;0,404
15.08.2025 21:00;0,357
15.08.2025 22:00;0,291
15.08.2025 23:00;0,269
16.08.2025 00:00;0,221
16.08.2025 01:00;0,261
16.08.2025 02:00;0,142
16.08.2025 03:00;0,079
16.08.2025 04:00;0,049
16.08.2025 05:00;0,620
16.08.2025 06:00;0,380
16.08.2025 07:00;0,382
16.08.2025 08:00;0,401
16.08.2025 09:00;0,397
16.08.2025 10:00;0,283
16.08.2025 11:00;0,443
16.08.2025 12:00;0,329
16.08.2025 13:00;0,312
16.08.2025 14:00;0,310
16.08.2025 15:00;0,322
16.08.2025 16:00;0,282
16.08.2025 17:00;0,187
16.08.2025 18:00;0,130
16.08.2025 19:00;0,084
16.08.2025 20:00;0,064
16.08.2025 21:00;0,066
16.08.2025 22:00;0,082
16.08.2025 23:00;0,106
17.08.2025 00:00;0,017
17.08.2025 01:00;0,006
17.08.2025 02:00;0,146
17.08.2025 03:00;0,444
17.08.2025 04:00;0,319
17.08.2025 05:00;0,310
17.08.2025 06:00;0,267
17.08.2025 07:00;0,295
17.08.2025 08:00;0,314
17.08.2025 09:00;0,209
17.08.2025 10:00;0,182
17.08.2025 11:00;0,458
17.08.2025 12:00;0,331
17.08.2025 13:00;0,307
17.08.2025 14:00;0,179
17.08.2025 15:00;0,194
17.08.2025 16:00;0,440
17.08.2025 17:00;0,321
17.08.2025 18:00;0,303
17.08.2025 19:00;0,342
17.08.2025 20:00;0,375
17.08.2025 21:00;0,282
17.08.2025 22:00;0,193
17.08.2025 23:00;0,424
18.08.2025 00:00;0,559
18.08.2025 01:00;0,496
18.08.2025 02:00;0,481
18.08.2025 03:00;0,347
18.08.2025 04:00;0,286
18.08.2025 05:00;0,171
18.08.2025 06:00;0,162
18.08.2025 07:00;0,139
18.08.2025 08:00;0,138
18.08.2025 09:00;0,114
18.08.2025 10:00;0,054
18.08.2025 11:00;0,111
18.08.2025 12:00;0,075
18.08.2025 13:00;0,081
18.08.2025 14:00;0,135
18.08.2025 15:00;0,087
18.08.2025 16:00;0,102
18.08.2025 17:00;0,089
18.08.2025 18:00;0,091
18.08.2025 19:00;0,094
18.08.2025 20:00;0,101
18.08.2025 21:00;0,100
18.08.2025 22:00;0,095
18.08.2025 23:00;0,110
19.08.2025 00:00;0,100
19.08.2025 01:00;0,103
19.08.2025 02:00;0,116
19.08.2025 03:00;0,026
19.08.2025 04:00;0,000
19.08.2025 05:00;0,000
19.08.2025 06:00;0,000
19.08.2025 07:00;0,000
19.08.2025 08:00;0,000
19.08.2025 09:00;0,018
19.08.2025 10:00;0,000
19.08.2025 11:00;0,000
19.08.2025 12:00;0,000
19.08.2025 13:00;0,000
19.08.2025 14:00;0,000
19.08.2025 15:00;0,009
19.08.2025 16:00;0,000
19.08.2025 17:00;0,000
19.08.2025 18:00;0,000
19.08.2025 19:00;0,009
19.08.2025 20:00;0,008
19.08.2025 21:00;0,042
19.08.2025 22:00;0,009
19.08.2025 23:00;0,009
20.08.2025 00:00;0,009
20.08.2025 01:00;0,009
20.08.2025 02:00;0,277
20.08.2025 03:00;1,076
20.08.2025 04:00;0,876
20.08.2025 05:00;1,212
20.08.2025 06:00;1,435
20.08.2025 07:00;1,296
20.08.2025 08:00;1,234
20.08.2025 09:00;0,980
20.08.2025 10:00;0,684
20.08.2025 11:00;0,609
20.08.2025 12:00;0,415
20.08.2025 13:00;0,453
20.08.2025 14:00;0,214
20.08.2025 15:00;0,535
20.08.2025 16:00;0,471
20.08.2025 17:00;0,445
20.08.2025 18:00;0,820
20.08.2025 19:00;0,793
20.08.2025 20:00;0,760
20.08.2025 21:00;0,595
20.08.2025 22:00;0,348
20.08.2025 23:00;0,258
21.08.2025 00:00;0,255
21.08.2025 01:00;0,256
21.08.2025 02:00;0,132
21.08.2025 03:00;0,282
21.08.2025 04:00;0,276
21.08.2025 05:00;0,368
21.08.2025 06:00;0,319
21.08.2025 07:00;0,322
21.08.2025 08:00;0,214
21.08.2025 09:00;0,139
21.08.2025 10:00;0,109
21.08.2025 11:00;0,105
21.08.2025 12:00;0,127
21.08.2025 13:00;0,083
21.08.2025 14:00;0,084
21.08.2025 15:00;0,080
21.08.2025 16:00;1,053
21.08.2025 17:00;1,505
21.08.2025 18:00;1,312
21.08.2025 19:00;1,382
21.08.2025 20:00;1,390
21.08.2025 21:00;1,459
21.08.2025 22:00;1,257
21.08.2025 23:00;0,712
22.08.2025 00:00;0,527
22.08.2025 01:00;0,514
22.08.2025 02:00;0,481
22.08.2025 03:00;1,500
22.08.2025 04:00;0,976
22.08.2025 05:00;0,878
22.08.2025 06:00;1,260
22.08.2025 07:00;1,549
22.08.2025 08:00;1,326
22.08.2025 09:00;1,252
22.08.2025 10:00;1,182
22.08.2025 11:00;1,137
22.08.2025 12:00;1,253
22.08.2025 13:00;1,128
22.08.2025 14:00;0,807
22.08.2025 15:00;0,729
22.08.2025 16:00;0,625
22.08.2025 17:00;0,757
22.08.2025 18:00;0,749
22.08.2025 19:00;1,187
22.08.2025 20:00;1,096
22.08.2025 21:00;1,038
22.08.2025 22:00;0,831
22.08.2025 23:00;0,738
23.08.2025 00:00;0,589
23.08.2025 01:00;0,545
23.08.2025 02:00;0,327
23.08.2025 03:00;0,334
23.08.2025 04:00;0,369
23.08.2025 05:00;0,367
23.08.2025 06:00;0,246
23.08.2025 07:00;0,417
23.08.2025 08:00;0,369
23.08.2025 09:00;0,399
23.08.2025 10:00;0,410
23.08.2025 11:00;0,407
23.08.2025 12:00;0,268
23.08.2025 13:00;0,269
23.08.2025 14:00;0,316
23.08.2025 15:00;0,276
23.08.2025 16:00;0,254
23.08.2025 17:00;0,302
23.08.2025 18:00;0,295
23.08.2025 19:00;0,230
23.08.2025 20:00;0,223
23.08.2025 21:00;0,267
23.08.2025 22:00;0,260
23.08.2025 23:00;0,338
24.08.2025 00:00;0,298
24.08.2025 01:00;0,292
24.08.2025 02:00;0,193
24.08.2025 03:00;0,132
24.08.2025 04:00;0,107
24.08.2025 05:00;0,117
24.08.2025 06:00;0,069
24.08.2025 07:00;0,071
24.08.2025 08:00;0,038
24.08.2025 09:00;0,029
24.08.2025 10:00;0,000
24.08.2025 11:00;0,015
24.08.2025 12:00;0,000
24.08.2025 13:00;0,050
24.08.2025 14:00;0,198
24.08.2025 15:00;0,175
24.08.2025 16:00;0,161
24.08.2025 17:00;0,145
24.08.2025 18:00;0,401
24.08.2025 19:00;0,458
24.08.2025 20:00;0,380
24.08.2025 21:00;0,313
24.08.2025 22:00;0,279
24.08.2025 23:00;0,177
25.08.2025 00:00;0,208
25.08.2025 01:00;0,162
25.08.2025 02:00;0,122
25.08.2025 03:00;0,097
25.08.2025 04:00;0,075
25.08.2025 05:00;0,000
25.08.2025 06:00;0,026
25.08.2025 07:00;0,000
25.08.2025 08:00;0,009
25.08.2025 09:00;0,000
25.08.2025 10:00;0,000
25.08.2025 11:00;0,000
25.08.2025 12:00;0,000
25.08.2025 13:00;0,026
25.08.2025 14:00;0,000
25.08.2025 15:00;0,000
25.08.2025 16:00;0,000
25.08.2025 17:00;0,000
25.08.2025 18:00;0,000
25.08.2025 19:00;0,026
25.08.2025 20:00;0,000
25.08.2025 21:00;0,000
25.08.2025 22:00;0,008
25.08.2025 23:00;0,009
26.08.2025 00:00;0,009
26.08.2025 01:00;0,027
26.08.2025 02:00;0,000
26.08.2025 03:00;0,000
26.08.2025 04:00;0,000
26.08.2025 05:00;0,000
26.08.2025 06:00;0,000
26.08.2025 07:00;0,000
26.08.2025 08:00;0,025
26.08.2025 09:00;0,000
26.08.2025 10:00;0,000
26.08.2025 11:00;0,000
26.08.2025 12:00;0,000
26.08.2025 13:00;0,000
26.08.2025 14:00;0,000
26.08.2025 15:00;0,000
26.08.2025 16:00;0,000
26.08.2025 17:00;0,000
26.08.2025 18:00;0,000
26.08.2025 19:00;0,000
26.08.2025 20:00;0,000
26.08.2025 21:00;0,000
26.08.2025 22:00;0,000
26.08.2025 23:00;0,000
27.08.2025 00:00;0,000
27.08.2025 01:00;0,712
27.08.2025 02:00;0,415
27.08.2025 03:00;0,607
27.08.2025 04:00;0,959
27.08.2025 05:00;1,431
27.08.2025 06:00;1,606
27.08.2025 07:00;1,081
27.08.2025 08:00;0,813
27.08.2025 09:00;0,726
27.08.2025 10:00;0,704
27.08.2025 11:00;0,306
27.08.2025 12:00;0,203
27.08.2025 13:00;0,256
27.08.2025 14:00;0,747
27.08.2025 15:00;0,922
27.08.2025 16:00;0,939
27.08.2025 17:00;0,991
27.08.2025 18:00;0,793
27.08.2025 19:00;0,560
27.08.2025 20:00;0,449
27.08.2025 21:00;0,431
27.08.2025 22:00;0,396
27.08.2025 23:00;0,397
28.08.2025 00:00;0,284
28.08.2025 01:00;0,256
28.08.2025 02:00;0,278
28.08.2025 03:00;0,264
28.08.2025 04:00;0,253
28.08.2025 05:00;0,200
28.08.2025 06:00;0,116
28.08.2025 07:00;0,060
28.08.2025 08:00;0,028
28.08.2025 09:00;0,026
28.08.2025 10:00;0,009
28.08.2025 11:00;0,000
28.08.2025 12:00;0,017
28.08.2025 13:00;0,000
28.08.2025 14:00;0,000
28.08.2025 15:00;0,000
28.08.2025 16:00;0,009
28.08.2025 17:00;0,000
28.08.2025 18:00;0,000
28.08.2025 19:00;0,017
28.08.2025 20:00;0,000
28.08.2025 21:00;0,000
28.08.2025 22:00;0,000
28.08.2025 23:00;0,000
29.08.2025 00:00;0,000
29.08.2025 01:00;0,000
29.08.2025 02:00;0,018
29.08.2025 03:00;0,000
29.08.2025 04:00;0,018
29.08.2025 05:00;0,000
29.08.2025 06:00;0,000
29.08.2025 07:00;0,000
29.08.2025 08:00;0,009
29.08.2025 09:00;0,009
29.08.2025 10:00;0,000
29.08.2025 11:00;0,000
29.08.2025 12:00;0,000
29.08.2025 13:00;0,000
29.08.2025 14:00;0,458
29.08.2025 15:00;0,638
29.08.2025 16:00;0,505
29.08.2025 17:00;0,498
29.08.2025 18:00;0,512
29.08.2025 19:00;0,536
29.08.2025 20:00;0,601
29.08.2025 21:00;0,447
29.08.2025 22:00;0,268
29.08.2025 23:00;0,263
30.08.2025 00:00;0,198
30.08.2025 01:00;0,206
30.08.2025 02:00;0,066
30.08.2025 03:00;0,007
30.08.2025 04:00;0,466
30.08.2025 05:00;0,400
30.08.2025 06:00;0,321
30.08.2025 07:00;0,336
30.08.2025 08:00;0,343
30.08.2025 09:00;0,362
30.08.2025 10:00;0,418
30.08.2025 11:00;0,401
30.08.2025 12:00;1,064
30.08.2025 13:00;0,873
30.08.2025 14:00;0,892
30.08.2025 15:00;0,798
30.08.2025 16:00;1,075
30.08.2025 17:00;1,049
30.08.2025 18:00;0,843
30.08.2025 19:00;0,709
30.08.2025 20:00;0,832
30.08.2025 21:00;0,691
30.08.2025 22:00;0,656
30.08.2025 23:00;0,407
31.08.2025 00:00;0,283
31.08.2025 01:00;0,235
31.08.2025 02:00;0,535
31.08.2025 03:00;0,602
31.08.2025 04:00;0,504
31.08.2025 05:00;0,849
31.08.2025 06:00;1,338
31.08.2025 07:00;1,297
31.08.2025 08:00;1,056
31.08.2025 09:00;0,857
31.08.2025 10:00;0,609
31.08.2025 11:00;0,384
31.08.2025 12:00;0,336
31.08.2025 13:00;0,371
31.08.2025 14:00;0,256
31.08.2025 15:00;0,299
31.08.2025 16:00;0,252
31.08.2025 17:00;0,259
31.08.2025 18:00;0,281
31.08.2025 19:00;0,486
31.08.2025 20:00;0,517
31.08.2025 21:00;0,479
31.08.2025 22:00;0,484
31.08.2025 23:00;0,417
01.09.2025 00:00;0,634
01.09.2025 01:00;0,596
01.09.2025 02:00;0,322
01.09.2025 03:00;0,176
01.09.2025 04:00;0,135
01.09.2025 05:00;0,222
01.09.2025 06:00;0,060
01.09.2025 07:00;0,276
01.09.2025 08:00;0,516
01.09.2025 09:00;1,595
01.09.2025 10:00;1,129
01.09.2025 11:00;1,064
01.09.2025 12:00;1,077
01.09.2025 13:00;1,190
01.09.2025 14:00;1,030
01.09.2025 15:00;0,641
01.09.2025 16:00;0,407
01.09.2025 17:00;0,427
01.09.2025 18:00;0,300
01.09.2025 19:00;0,278
01.09.2025 20:00;0,401
01.09.2025 21:00;0,360
01.09.2025 22:00;0,276
01.09.2025 23:00;0,284
02.09.2025 00:00;0,290
02.09.2025 01:00;0,322
02.09.2025 02:00;0,168
02.09.2025 03:00;0,099
02.09.2025 04:00;0,061
02.09.2025 05:00;0,749
02.09.2025 06:00;0,534
02.09.2025 07:00;0,490
02.09.2025 08:00;0,537
02.09.2025 09:00;0,576
02.09.2025 10:00;0,370
02.09.2025 11:00;0,583
02.09.2025 12:00;0,445
02.09.2025 13:00;0,433
02.09.2025 14:00;0,415
02.09.2025 15:00;0,438
02.09.2025 16:00;0,382
02.09.2025 17:00;0,254
02.09.2025 18:00;0,170
02.09.2025 19:00;0,104
02.09.2025 20:00;0,076
02.09.2025 21:00;0,088
02.09.2025 22:00;0,108
02.09.2025 23:00;0,131
03.09.2025 00:00;0,027
03.09.2025 01:00;0,009
03.09.2025 02:00;0,249
03.09.2025 03:00;0,674
03.09.2025 04:00;0,496
03.09.2025 05:00;0,519
03.09.2025 06:00;0,463
03.09.2025 07:00;0,491
03.09.2025 08:00;0,532
03.09.2025 09:00;0,351
03.09.2025 10:00;0,298
03.09.2025 11:00;0,824
03.09.2025 12:00;0,549
03.09.2025 13:00;0,547
03.09.2025 14:00;0,335
03.09.2025 15:00;0,341
03.09.2025 16:00;0,741
03.09.2025 17:00;0,543
03.09.2025 18:00;0,563
03.09.2025 19:00;0,542
03.09.2025 20:00;0,572
03.09.2025 21:00;0,429
03.09.2025 22:00;0,303
03.09.2025 23:00;0,626
04.09.2025 00:00;0,522
04.09.2025 01:00;0,485
04.09.2025 02:00;0,484
04.09.2025 03:00;0,369
04.09.2025 04:00;0,281
04.09.2025 05:00;0,160
04.09.2025 06:00;0,160
04.09.2025 07:00;0,142
04.09.2025 08:00;0,135
04.09.2025 09:00;0,117
04.09.2025 10:00;0,054
04.09.2025 11:00;0,103
04.09.2025 12:00;0,068
04.09.2025 13:00;0,081
04.09.2025 14:00;0,135
04.09.2025 15:00;0,086
04.09.2025 16:00;0,099
04.09.2025 17:00;0,084
04.09.2025 18:00;0,089
04.09.2025 19:00;0,097
04.09.2025 20:00;0,102
04.09.2025 21:00;0,099
04.09.2025 22:00;0,092
04.09.2025 23:00;0,109
05.09.2025 00:00;0,103
05.09.2025 01:00;0,104
05.09.2025 02:00;0,110
05.09.2025 03:00;0,026
05.09.2025 04:00;0,000
05.09.2025 05:00;0,000
05.09.2025 06:00;0,000
05.09.2025 07:00;0,000
05.09.2025 08:00;0,000
05.09.2025 09:00;0,017
05.09.2025 10:00;0,000
05.09.2025 11:00;0,000
05.09.2025 12:00;0,000
05.09.2025 13:00;0,000
05.09.2025 14:00;0,000
05.09.2025 15:00;0,009
05.09.2025 16:00;0,000
05.09.2025 17:00;0,000
05.09.2025 18:00;0,000
05.09.2025 19:00;0,008
05.09.2025 20:00;0,009
05.09.2025 21:00;0,044
05.09.2025 22:00;0,008
05.09.2025 23:00;0,009
06.09.2025 00:00;0,007
06.09.2025 01:00;0,007
06.09.2025 02:00;0,206
06.09.2025 03:00;0,838
06.09.2025 04:00;0,674
06.09.2025 05:00;0,942
06.09.2025 06:00;0,969
06.09.2025 07:00;0,918
06.09.2025 08:00;0,889
06.09.2025 09:00;0,667
06.09.2025 10:00;0,467
06.09.2025 11:00;0,434
06.09.2025 12:00;0,290
06.09.2025 13:00;0,324
06.09.2025 14:00;0,150
06.09.2025 15:00;0,406
06.09.2025 16:00;0,312
06.09.2025 17:00;0,322
06.09.2025 18:00;0,594
06.09.2025 19:00;0,622
06.09.2025 20:00;0,592
06.09.2025 21:00;0,460
06.09.2025 22:00;0,259
06.09.2025 23:00;0,200
07.09.2025 00:00;0,166
07.09.2025 01:00;0,163
07.09.2025 02:00;0,082
07.09.2025 03:00;0,183
07.09.2025 04:00;0,178
07.09.2025 05:00;0,237
07.09.2025 06:00;0,180
07.09.2025 07:00;0,176
07.09.2025 08:00;0,124
07.09.2025 09:00;0,079
07.09.2025 10:00;0,064
07.09.2025 11:00;0,058
07.09.2025 12:00;0,070
07.09.2025 13:00;0,050
07.09.2025 14:00;0,049
07.09.2025 15:00;0,044
07.09.2025 16:00;0,581
07.09.2025 17:00;0,796
07.09.2025 18:00;0,735
07.09.2025 19:00;0,796
07.09.2025 20:00;0,849
07.09.2025 21:00;0,912
07.09.2025 22:00;0,720
07.09.2025 23:00;0,435
08.09.2025 00:00;0,516
08.09.2025 01:00;0,514
08.09.2025 02:00;0,505
08.09.2025 03:00;1,497
08.09.2025 04:00;0,967
08.09.2025 05:00;0,879
08.09.2025 06:00;1,213
08.09.2025 07:00;1,438
08.09.2025 08:00;1,274
08.09.2025 09:00;1,263
08.09.2025 10:00;1,172
08.09.2025 11:00;1,183
08.09.2025 12:00;1,206
08.09.2025 13:00;1,040
08.09.2025 14:00;0,752
08.09.2025 15:00;0,743
08.09.2025 16:00;0,605
08.09.2025 17:00;0,752
08.09.2025 18:00;0,751
08.09.2025 19:00;1,154
08.09.2025 20:00;1,081
08.09.2025 21:00;1,010
08.09.2025 22:00;0,872
08.09.2025 23:00;0,734
09.09.2025 00:00;0,742
09.09.2025 01:00;0,690
09.09.2025 02:00;0,435
09.09.2025 03:00;0,415
09.09.2025 04:00;0,430
09.09.2025 05:00;0,497
09.09.2025 06:00;0,342
09.09.2025 07:00;0,573
09.09.2025 08:00;0,510
09.09.2025 09:00;0,559
09.09.2025 10:00;0,576
09.09.2025 11:00;0,583
09.09.2025 12:00;0,398
09.09.2025 13:00;0,383
09.09.2025 14:00;0,427
09.09.2025 15:00;0,367
09.09.2025 16:00;0,373
09.09.2025 17:00;0,400
09.09.2025 18:00;0,429
09.09.2025 19:00;0,282
09.09.2025 20:00;0,272
09.09.2025 21:00;0,342
09.09.2025 22:00;0,336
09.09.2025 23:00;0,436
10.09.2025 00:00;0,497
10.09.2025 01:00;0,478
10.09.2025 02:00;0,319
10.09.2025 03:00;0,200
10.09.2025 04:00;0,168
10.09.2025 05:00;0,183
10.09.2025 06:00;0,117
10.09.2025 07:00;0,122
10.09.2025 08:00;0,070
10.09.2025 09:00;0,049
10.09.2025 10:00;0,000
10.09.2025 11:00;0,025
10.09.2025 12:00;0,000
10.09.2025 13:00;0,084
10.09.2025 14:00;0,328
10.09.2025 15:00;0,297
10.09.2025 16:00;0,279
10.09.2025 17:00;0,261
10.09.2025 18:00;0,706
10.09.2025 19:00;0,735
10.09.2025 20:00;0,577
10.09.2025 21:00;0,483
10.09.2025 22:00;0,427
10.09.2025 23:00;0,293
11.09.2025 00:00;0,211
11.09.2025 01:00;0,161
11.09.2025 02:00;0,130
11.09.2025 03:00;0,099
11.09.2025 04:00;0,078
11.09.2025 05:00;0,000
11.09.2025 06:00;0,025
11.09.2025 07:00;0,000
11.09.2025 08:00;0,009
11.09.2025 09:00;0,000
11.09.2025 10:00;0,000
11.09.2025 11:00;0,000
11.09.2025 12:00;0,000
11.09.2025 13:00;0,026
11.09.2025 14:00;0,000
11.09.2025 15:00;0,000
11.09.2025 16:00;0,000
11.09.2025 17:00;0,000
11.09.2025 18:00;0,000
11.09.2025 19:00;0,025
11.09.2025 20:00;0,000
11.09.2025 21:00;0,000
11.09.2025 22:00;0,009
11.09.2025 23:00;0,009
12.09.2025 00:00;0,008
12.09.2025 01:00;0,026
12.09.2025 02:00;0,000
12.09.2025 03:00;0,000
12.09.2025 04:00;0,000
12.09.2025 05:00;0,000
12.09.2025 06:00;0,000
12.09.2025 07:00;0,000
12.09.2025 08:00;0,026
12.09.2025 09:00;0,000
12.09.2025 10:00;0,000
12.09.2025 11:00;0,000
12.09.2025 12:00;0,000
12.09.2025 13:00;0,000
12.09.2025 14:00;0,000
12.09.2025 15:00;0,000
12.09.2025 16:00;0,000
12.09.2025 17:00;0,000
12.09.2025 18:00;0,000
12.09.2025 19:00;0,000
12.09.2025 20:00;0,000
12.09.2025 21:00;0,000
12.09.2025 22:00;0,000
12.09.2025 23:00;0,000
13.09.2025 00:00;0,000
13.09.2025 01:00;0,559
13.09.2025 02:00;0,299
13.09.2025 03:00;0,467
13.09.2025 04:00;0,741
13.09.2025 05:00;1,065
13.09.2025 06:00;1,212
13.09.2025 07:00;0,753
13.09.2025 08:00;0,578
13.09.2025 09:00;0,500
13.09.2025 10:00;0,521
13.09.2025 11:00;0,218
13.09.2025 12:00;0,152
13.09.2025 13:00;0,180
13.09.2025 14:00;0,531
13.09.2025 15:00;0,619
13.09.2025 16:00;0,635
13.09.2025 17:00;0,738
13.09.2025 18:00;0,582
13.09.2025 19:00;0,453
13.09.2025 20:00;0,362
13.09.2025 21:00;0,319
13.09.2025 22:00;0,290
13.09.2025 23:00;0,302
14.09.2025 00:00;0,168
14.09.2025 01:00;0,160
14.09.2025 02:00;0,165
14.09.2025 03:00;0,158
14.09.2025 04:00;0,158
14.09.2025 05:00;0,126
14.09.2025 06:00;0,062
14.09.2025 07:00;0,035
14.09.2025 08:00;0,015
14.09.2025 09:00;0,015
14.09.2025 10:00;0,005
14.09.2025 11:00;0,000
14.09.2025 12:00;0,010
14.09.2025 13:00;0,000
14.09.2025 14:00;0,000
14.09.2025 15:00;0,000
14.09.2025 16:00;0,005
14.09.2025 17:00;0,000
14.09.2025 18:00;0,000
14.09.2025 19:00;0,011
14.09.2025 20:00;0,000
14.09.2025 21:00;0,000
14.09.2025 22:00;0,000
14.09.2025 23:00;0,000
15.09.2025 00:00;0,000
15.09.2025 01:00;0,000
15.09.2025 02:00;0,017
15.09.2025 03:00;0,000
15.09.2025 04:00;0,018
15.09.2025 05:00;0,000
15.09.2025 06:00;0,000
15.09.2025 07:00;0,000
15.09.2025 08:00;0,009
15.09.2025 09:00;0,009
15.09.2025 10:00;0,000
15.09.2025 11:00;0,000
15.09.2025 12:00;0,000
15.09.2025 13:00;0,000
15.09.2025 14:00;0,474
15.09.2025 15:00;0,638
15.09.2025 16:00;0,518
15.09.2025 17:00;0,462
15.09.2025 18:00;0,502
15.09.2025 19:00;0,555
15.09.2025 20:00;0,603
15.09.2025 21:00;0,457
15.09.2025 22:00;0,282
15.09.2025 23:00;0,265
16.09.2025 00:00;0,240
16.09.2025 01:00;0,254
16.09.2025 02:00;0,089
16.09.2025 03:00;0,009
16.09.2025 04:00;0,618
16.09.2025 05:00;0,523
16.09.2025 06:00;0,447
16.09.2025 07:00;0,433
16.09.2025 08:00;0,509
16.09.2025 09:00;0,537
16.09.2025 10:00;0,604
16.09.2025 11:00;0,564
16.09.2025 12:00;1,443
16.09.2025 13:00;1,147
16.09.2025 14:00;1,207
16.09.2025 15:00;1,103
16.09.2025 16:00;1,384
16.09.2025 17:00;1,512
16.09.2025 18:00;1,190
16.09.2025 19:00;0,907
16.09.2025 20:00;1,043
16.09.2025 21:00;0,928
16.09.2025 22:00;0,812
16.09.2025 23:00;0,498
17.09.2025 00:00;0,478
17.09.2025 01:00;0,368
17.09.2025 02:00;0,838
17.09.2025 03:00;0,921
17.09.2025 04:00;0,843
17.09.2025 05:00;1,289
17.09.2025 06:00;2,328
17.09.2025 07:00;2,203
17.09.2025 08:00;1,797
17.09.2025 09:00;1,563
17.09.2025 10:00;1,078
17.09.2025 11:00;0,646
17.09.2025 12:00;0,589
17.09.2025 13:00;0,628
17.09.2025 14:00;0,415
17.09.2025 15:00;0,550
17.09.2025 16:00;0,453
17.09.2025 17:00;0,433
17.09.2025 18:00;0,480
17.09.2025 19:00;0,791
17.09.2025 20:00;0,820
17.09.2025 21:00;0,753
17.09.2025 22:00;0,717
17.09.2025 23:00;0,686
18.09.2025 00:00;0,632
18.09.2025 01:00;0,559
18.09.2025 02:00;0,329
18.09.2025 03:00;0,180
18.09.2025 04:00;0,134
18.09.2025 05:00;0,225
18.09.2025 06:00;0,063
18.09.2025 07:00;0,283
18.09.2025 08:00;0,482
18.09.2025 09:00;1,494
18.09.2025 10:00;1,174
18.09.2025 11:00;1,079
18.09.2025 12:00;1,051
18.09.2025 13:00;1,153
18.09.2025 14:00;0,991
18.09.2025 15:00;0,671
18.09.2025 16:00;0,421
18.09.2025 17:00;0,448
18.09.2025 18:00;0,291
18.09.2025 19:00;0,258
18.09.2025 20:00;0,392
18.09.2025 21:00;0,354
18.09.2025 22:00;0,287
18.09.2025 23:00;0,280
19.09.2025 00:00;0,290
19.09.2025 01:00;0,322
19.09.2025 02:00;0,176
19.09.2025 03:00;0,094
19.09.2025 04:00;0,061
19.09.2025 05:00;0,761
19.09.2025 06:00;0,511
19.09.2025 07:00;0,517
19.09.2025 08:00;0,552
19.09.2025 09:00;0,555
19.09.2025 10:00;0,370
19.09.2025 11:00;0,582
19.09.2025 12:00;0,439
19.09.2025 13:00;0,441
19.09.2025 14:00;0,411
19.09.2025 15:00;0,434
19.09.2025 16:00;0,378
19.09.2025 17:00;0,261
19.09.2025 18:00;0,179
19.09.2025 19:00;0,107
19.09.2025 20:00;0,080
19.09.2025 21:00;0,082
19.09.2025 22:00;0,107
19.09.2025 23:00;0,128
20.09.2025 00:00;0,020
20.09.2025 01:00;0,007
20.09.2025 02:00;0,187
20.09.2025 03:00;0,547
20.09.2025 04:00;0,370
20.09.2025 05:00;0,395
20.09.2025 06:00;0,329
20.09.2025 07:00;0,372
20.09.2025 08:00;0,379
20.09.2025 09:00;0,272
20.09.2025 10:00;0,214
20.09.2025 11:00;0,559
20.09.2025 12:00;0,392
20.09.2025 13:00;0,392
20.09.2025 14:00;0,226
20.09.2025 15:00;0,226
20.09.2025 16:00;0,531
20.09.2025 17:00;0,388
20.09.2025 18:00;0,386
20.09.2025 19:00;0,413
20.09.2025 20:00;0,463
20.09.2025 21:00;0,330
20.09.2025 22:00;0,235
20.09.2025 23:00;0,486
21.09.2025 00:00;0,334
21.09.2025 01:00;0,287
21.09.2025 02:00;0,289
21.09.2025 03:00;0,224
21.09.2025 04:00;0,177
21.09.2025 05:00;0,100
21.09.2025 06:00;0,092
21.09.2025 07:00;0,079
21.09.2025 08:00;0,071
21.09.2025 09:00;0,066
21.09.2025 10:00;0,030
21.09.2025 11:00;0,061
21.09.2025 12:00;0,040
21.09.2025 13:00;0,047
21.09.2025 14:00;0,078
21.09.2025 15:00;0,050
21.09.2025 16:00;0,055
21.09.2025 17:00;0,050
21.09.2025 18:00;0,047
21.09.2025 19:00;0,060
21.09.2025 20:00;0,067
21.09.2025 21:00;0,056
21.09.2025 22:00;0,058
21.09.2025 23:00;0,071
22.09.2025 00:00;0,099
22.09.2025 01:00;0,101
22.09.2025 02:00;0,114
22.09.2025 03:00;0,026
22.09.2025 04:00;0,000
22.09.2025 05:00;0,000
22.09.2025 06:00;0,000
22.09.2025 07:00;0,000
22.09.2025 08:00;0,000
22.09.2025 09:00;0,017
22.09.2025 10:00;0,000
22.09.2025 11:00;0,000
22.09.2025 12:00;0,000
22.09.2025 13:00;0,000
22.09.2025 14:00;0,000
22.09.2025 15:00;0,008
22.09.2025 16:00;0,000
22.09.2025 17:00;0,000
22.09.2025 18:00;0,000
22.09.2025 19:00;0,009
22.09.2025 20:00;0,009
22.09.2025 21:00;0,043
22.09.2025 22:00;0,009
22.09.2025 23:00;0,008
23.09.2025 00:00;0,008
23.09.2025 01:00;0,008
23.09.2025 02:00;0,261
23.09.2025 03:00;1,070
23.09.2025 04:00;0,824
23.09.2025 05:00;1,127
23.09.2025 06:00;1,446
23.09.2025 07:00;1,283
23.09.2025 08:00;1,157
23.09.2025 09:00;0,962
23.09.2025 10:00;0,652
23.09.2025 11:00;0,579
23.09.2025 12:00;0,375
23.09.2025 13:00;0,440
23.09.2025 14:00;0,221
23.09.2025 15:00;0,527
23.09.2025 16:00;0,453
23.09.2025 17:00;0,417
23.09.2025 18:00;0,844
23.09.2025 19:00;0,753
23.09.2025 20:00;0,717
23.09.2025 21:00;0,614
23.09.2025 22:00;0,344
23.09.2025 23:00;0,265
24.09.2025 00:00;0,263
24.09.2025 01:00;0,258
24.09.2025 02:00;0,133
24.09.2025 03:00;0,297
24.09.2025 04:00;0,286
24.09.2025 05:00;0,389
24.09.2025 06:00;0,339
24.09.2025 07:00;0,318
24.09.2025 08:00;0,220
24.09.2025 09:00;0,138
24.09.2025 10:00;0,111
24.09.2025 11:00;0,103
24.09.2025 12:00;0,129
24.09.2025 13:00;0,081
24.09.2025 14:00;0,087
24.09.2025 15:00;0,079
24.09.2025 16:00;1,005
24.09.2025 17:00;1,413
24.09.2025 18:00;1,279
24.09.2025 19:00;1,277
24.09.2025 20:00;1,320
24.09.2025 21:00;1,531
24.09.2025 22:00;1,244
24.09.2025 23:00;0,688
25.09.2025 00:00;0,524
25.09.2025 01:00;0,512
25.09.2025 02:00;0,482
25.09.2025 03:00;1,422
25.09.2025 04:00;0,955
25.09.2025 05:00;0,899
25.09.2025 06:00;1,165
25.09.2025 07:00;1,469
25.09.2025 08:00;1,294
25.09.2025 09:00;1,242
25.09.2025 10:00;1,187
25.09.2025 11:00;1,099
25.09.2025 12:00;1,251
25.09.2025 13:00;1,033
25.09.2025 14:00;0,768
25.09.2025 15:00;0,707
25.09.2025 16:00;0,634
25.09.2025 17:00;0,742
25.09.2025 18:00;0,755
25.09.2025 19:00;1,098
25.09.2025 20:00;1,035
25.09.2025 21:00;1,026
25.09.2025 22:00;0,879
25.09.2025 23:00;0,744
26.09.2025 00:00;0,727
26.09.2025 01:00;0,658
26.09.2025 02:00;0,422
26.09.2025 03:00;0,412
26.09.2025 04:00;0,456
26.09.2025 05:00;0,471
26.09.2025 06:00;0,321
26.09.2025 07:00;0,590
26.09.2025 08:00;0,501
26.09.2025 09:00;0,518
26.09.2025 10:00;0,586
26.09.2025 11:00;0,584
26.09.2025 12:00;0,368
26.09.2025 13:00;0,374
26.09.2025 14:00;0,403
26.09.2025 15:00;0,357
26.09.2025 16:00;0,358
26.09.2025 17:00;0,406
26.09.2025 18:00;0,405
26.09.2025 19:00;0,291
26.09.2025 20:00;0,273
26.09.2025 21:00;0,345
26.09.2025 22:00;0,348
26.09.2025 23:00;0,417
27.09.2025 00:00;0,370
27.09.2025 01:00;0,386
27.09.2025 02:00;0,238
27.09.2025 03:00;0,164
27.09.2025 04:00;0,125
27.09.2025 05:00;0,150
27.09.2025 06:00;0,080
27.09.2025 07:00;0,093
27.09.2025 08:00;0,047
27.09.2025 09:00;0,037
27.09.2025 10:00;0,000
27.09.2025 11:00;0,018
27.09.2025 12:00;0,000
27.09.2025 13:00;0,060
27.09.2025 14:00;0,230
27.09.2025 15:00;0,223
27.09.2025 16:00;0,192
27.09.2025 17:00;0,173
27.09.2025 18:00;0,489
27.09.2025 19:00;0,527
27.09.2025 20:00;0,444
27.09.2025 21:00;0,380
27.09.2025 22:00;0,333
27.09.2025 23:00;0,215
28.09.2025 00:00;0,129
28.09.2025 01:00;0,105
28.09.2025 02:00;0,077
28.09.2025 03:00;0,063
28.09.2025 04:00;0,047
28.09.2025 05:00;0,000
28.09.2025 06:00;0,014
28.09.2025 07:00;0,000
28.09.2025 08:00;0,005
28.09.2025 09:00;0,000
28.09.2025 10:00;0,000
28.09.2025 11:00;0,000
28.09.2025 12:00;0,000
28.09.2025 13:00;0,015
28.09.2025 14:00;0,000
28.09.2025 15:00;0,000
28.09.2025 16:00;0,000
28.09.2025 17:00;0,000
28.09.2025 18:00;0,000
28.09.2025 19:00;0,015
28.09.2025 20:00;0,000
28.09.2025 21:00;0,000
28.09.2025 22:00;0,005
28.09.2025 23:00;0,005
29.09.2025 00:00;0,009
29.09.2025 01:00;0,026
29.09.2025 02:00;0,000
29.09.2025 03:00;0,000
29.09.2025 04:00;0,000
29.09.2025 05:00;0,000
29.09.2025 06:00;0,000
29.09.2025 07:00;0,000
29.09.2025 08:00;0,026
29.09.2025 09:00;0,000
29.09.2025 10:00;0,000
29.09.2025 11:00;0,000
29.09.2025 12:00;0,000
29.09.2025 13:00;0,000
29.09.2025 14:00;0,000
29.09.2025 15:00;0,000
29.09.2025 16:00;0,000
29.09.2025 17:00;0,000
29.09.2025 18:00;0,000
29.09.2025 19:00;0,000
29.09.2025 20:00;0,000
29.09.2025 21:00;0,000
29.09.2025 22:00;0,000
29.09.2025 23:00;0,000
30.09.2025 00:00;0,000
30.09.2025 01:00;0,740
30.09.2025 02:00;0,394
30.09.2025 03:00;0,617
30.09.2025 04:00;0,940
30.09.2025 05:00;1,414
30.09.2025 06:00;1,683
30.09.2025 07:00;1,100
30.09.2025 08:00;0,753
30.09.2025 09:00;0,733
30.09.2025 10:00;0,719
30.09.2025 11:00;0,287
30.09.2025 12:00;0,212
30.09.2025 13:00;0,257
30.09.2025 14:00;0,721
30.09.2025 15:00;0,873
30.09.2025 16:00;0,902
30.09.2025 17:00;1,027
30.09.2025 18:00;0,753
30.09.2025 19:00;0,535
30.09.2025 20:00;0,457
30.09.2025 21:00;0,396
30.09.2025 22:00;0,390
30.09.2025 23:00;0,393
01.10.2025 00:00;0,287
01.10.2025 01:00;0,264
01.10.2025 02:00;0,254
01.10.2025 03:00;0,263
01.10.2025 04:00;0,252
01.10.2025 05:00;0,202
01.10.2025 06:00;0,110
01.10.2025 07:00;0,062
01.10.2025 08:00;0,025
01.10.2025 09:00;0,027
01.10.2025 10:00;0,009
01.10.2025 11:00;0,000
01.10.2025 12:00;0,017
01.10.2025 13:00;0,000
01.10.2025 14:00;0,000
01.10.2025 15:00;0,000
01.10.2025 16:00;0,009
01.10.2025 17:00;0,000
01.10.2025 18:00;0,000
01.10.2025 19:00;0,018
01.10.2025 20:00;0,000
01.10.2025 21:00;0,000
01.10.2025 22:00;0,000
01.10.2025 23:00;0,000
02.10.2025 00:00;0,000
02.10.2025 01:00;0,000
02.10.2025 02:00;0,018
02.10.2025 03:00;0,000
02.10.2025 04:00;0,018
02.10.2025 05:00;0,000
02.10.2025 06:00;0,000
02.10.2025 07:00;0,000
02.10.2025 08:00;0,009
02.10.2025 09:00;0,009
02.10.2025 10:00;0,000
02.10.2025 11:00;0,000
02.10.2025 12:00;0,000
02.10.2025 13:00;0,000
02.10.2025 14:00;0,447
02.10.2025 15:00;0,638
02.10.2025 16:00;0,490
02.10.2025 17:00;0,462
02.10.2025 18:00;0,494
02.10.2025 19:00;0,550
02.10.2025 20:00;0,591
02.10.2025 21:00;0,462
02.10.2025 22:00;0,278
02.10.2025 23:00;0,250
03.10.2025 00:00;0,142
03.10.2025 01:00;0,149
03.10.2025 02:00;0,052
03.10.2025 03:00;0,005
03.10.2025 04:00;0,356
03.10.2025 05:00;0,282
03.10.2025 06:00;0,222
03.10.2025 07:00;0,244
03.10.2025 08:00;0,250
03.10.2025 09:00;0,280
03.10.2025 10:00;0,312
03.10.2025 11:00;0,311
03.10.2025 12:00;0,741
03.10.2025 13:00;0,612
03.10.2025 14:00;0,657
03.10.2025 15:00;0,540
03.10.2025 16:00;0,736
03.10.2025 17:00;0,780
03.10.2025 18:00;0,610
03.10.2025 19:00;0,532
03.10.2025 20:00;0,601
03.10.2025 21:00;0,512
03.10.2025 22:00;0,478
03.10.2025 23:00;0,280
04.10.2025 00:00;0,377
04.10.2025 01:00;0,284
04.10.2025 02:00;0,647
04.10.2025 03:00;0,713
04.10.2025 04:00;0,641
04.10.2025 05:00;1,006
04.10.2025 06:00;1,621
04.10.2025 07:00;1,483
04.10.2025 08:00;1,319
04.10.2025 09:00;1,088
04.10.2025 10:00;0,727
04.10.2025 11:00;0,479
04.10.2025 12:00;0,423
04.10.2025 13:00;0,446
04.10.2025 14:00;0,297
04.10.2025 15:00;0,369
04.10.2025 16:00;0,323
04.10.2025 17:00;0,303
04.10.2025 18:00;0,361
04.10.2025 19:00;0,623
04.10.2025 20:00;0,651
04.10.2025 21:00;0,586
04.10.2025 22:00;0,586
04.10.2025 23:00;0,516
05.10.2025 00:00;0,403
05.10.2025 01:00;0,348
05.10.2025 02:00;0,192
05.10.2025 03:00;0,109
05.10.2025 04:00;0,089
05.10.2025 05:00;0,142
05.10.2025 06:00;0,036
05.10.2025 07:00;0,163
05.10.2025 08:00;0,279
05.10.2025 09:00;0,891
05.10.2025 10:00;0,647
05.10.2025 11:00;0,621
05.10.2025 12:00;0,585
05.10.2025 13:00;0,636
05.10.2025 14:00;0,549
05.10.2025 15:00;0,369
05.10.2025 16:00;0,232
05.10.2025 17:00;0,245
05.10.2025 18:00;0,177
05.10.2025 19:00;0,160
05.10.2025 20:00;0,242
05.10.2025 21:00;0,212
05.10.2025 22:00;0,177
05.10.2025 23:00;0,163
06.10.2025 00:00;0,278
06.10.2025 01:00;0,323
06.10.2025 02:00;0,172
06.10.2025 03:00;0,092
06.10.2025 04:00;0,063
06.10.2025 05:00;0,732
06.10.2025 06:00;0,507
06.10.2025 07:00;0,516
06.10.2025 08:00;0,532
06.10.2025 09:00;0,537
06.10.2025 10:00;0,358
06.10.2025 11:00;0,576
06.10.2025 12:00;0,448
06.10.2025 13:00;0,449
06.10.2025 14:00;0,394
06.10.2025 15:00;0,445
06.10.2025 16:00;0,366
06.10.2025 17:00;0,260
06.10.2025 18:00;0,170
06.10.2025 19:00;0,107
06.10.2025 20:00;0,076
06.10.2025 21:00;0,089
06.10.2025 22:00;0,102
06.10.2025 23:00;0,127
07.10.2025 00:00;0,027
07.10.2025 01:00;0,009
07.10.2025 02:00;0,239
07.10.2025 03:00;0,667
07.10.2025 04:00;0,484
07.10.2025 05:00;0,521
07.10.2025 06:00;0,433
07.10.2025 07:00;0,485
07.10.2025 08:00;0,555
07.10.2025 09:00;0,358
07.10.2025 10:00;0,309
07.10.2025 11:00;0,790
07.10.2025 12:00;0,567
07.10.2025 13:00;0,535
07.10.2025 14:00;0,331
07.10.2025 15:00;0,329
07.10.2025 16:00;0,736
07.10.2025 17:00;0,561
07.10.2025 18:00;0,532
07.10.2025 19:00;0,518
07.10.2025 20:00;0,565
07.10.2025 21:00;0,440
07.10.2025 22:00;0,285
07.10.2025 23:00;0,631
08.10.2025 00:00;0,524
08.10.2025 01:00;0,487
08.10.2025 02:00;0,449
08.10.2025 03:00;0,338
08.10.2025 04:00;0,281
08.10.2025 05:00;0,164
08.10.2025 06:00;0,156
08.10.2025 07:00;0,133
08.10.2025 08:00;0,124
08.10.2025 09:00;0,116
08.10.2025 10:00;0,053
08.10.2025 11:00;0,108
08.10.2025 12:00;0,073
08.10.2025 13:00;0,076
08.10.2025 14:00;0,127
08.10.2025 15:00;0,084
08.10.2025 16:00;0,097
08.10.2025 17:00;0,089
08.10.2025 18:00;0,083
08.10.2025 19:00;0,093
08.10.2025 20:00;0,106
08.10.2025 21:00;0,092
08.10.2025 22:00;0,091
08.10.2025 23:00;0,111
09.10.2025 00:00;0,102
09.10.2025 01:00;0,101
09.10.2025 02:00;0,109
09.10.2025 03:00;0,026
09.10.2025 04:00;0,000
09.10.2025 05:00;0,000
09.10.2025 06:00;0,000
09.10.2025 07:00;0,000
09.10.2025 08:00;0,000
09.10.2025 09:00;0,017
09.10.2025 10:00;0,000
09.10.2025 11:00;0,000
09.10.2025 12:00;0,000
09.10.2025 13:00;0,000
09.10.2025 14:00;0,000
09.10.2025 15:00;0,009
09.10.2025 16:00;0,000
09.10.2025 17:00;0,000
09.10.2025 18:00;0,000
09.10.2025 19:00;0,009
09.10.2025 20:00;0,009
09.10.2025 21:00;0,041
09.10.2025 22:00;0,008
09.10.2025 23:00;0,008
10.10.2025 00:00;0,009
10.10.2025 01:00;0,008
10.10.2025 02:00;0,254
10.10.2025 03:00;1,086
10.10.2025 04:00;0,818
10.10.2025 05:00;1,125
10.10.2025 06:00;1,410
10.10.2025 07:00;1,278
10.10.2025 08:00;1,170
10.10.2025 09:00;0,916
10.10.2025 10:00;0,648
10.10.2025 11:00;0,559
10.10.2025 12:00;0,393
10.10.2025 13:00;0,418
10.10.2025 14:00;0,220
10.10.2025 15:00;0,516
10.10.2025 16:00;0,427
10.10.2025 17:00;0,415
10.10.2025 18:00;0,844
10.10.2025 19:00;0,788
10.10.2025 20:00;0,767
10.10.2025 21:00;0,615
10.10.2025 22:00;0,341
10.10.2025 23:00;0,270
11.10.2025 00:00;0,192
11.10.2025 01:00;0,204
11.10.2025 02:00;0,104
11.10.2025 03:00;0,218
11.10.2025 04:00;0,222
11.10.2025 05:00;0,301
11.10.2025 06:00;0,236
11.10.2025 07:00;0,211
11.10.2025 08:00;0,161
11.10.2025 09:00;0,097
11.10.2025 10:00;0,076
11.10.2025 11:00;0,070
11.10.2025 12:00;0,088
11.10.2025 13:00;0,062
11.10.2025 14:00;0,061
11.10.2025 15:00;0,053
11.10.2025 16:00;0,769
11.10.2025 17:00;0,995
11.10.2025 18:00;0,912
11.10.2025 19:00;0,981
11.10.2025 20:00;1,077
11.10.2025 21:00;1,116
11.10.2025 22:00;0,924
11.10.2025 23:00;0,542
12.10.2025 00:00;0,308
12.10.2025 01:00;0,309
12.10.2025 02:00;0,288
12.10.2025 03:00;0,916
12.10.2025 04:00;0,619
12.10.2025 05:00;0,524
12.10.2025 06:00;0,666
12.10.2025 07:00;0,820
12.10.2025 08:00;0,711
12.10.2025 09:00;0,688
12.10.2025 10:00;0,641
12.10.2025 11:00;0,653
12.10.2025 12:00;0,700
12.10.2025 13:00;0,624
12.10.2025 14:00;0,452
12.10.2025 15:00;0,403
12.10.2025 16:00;0,352
12.10.2025 17:00;0,427
12.10.2025 18:00;0,404
12.10.2025 19:00;0,691
12.10.2025 20:00;0,631
12.10.2025 21:00;0,596
12.10.2025 22:00;0,513
12.10.2025 23:00;0,453
13.10.2025 00:00;0,730
13.10.2025 01:00;0,691
13.10.2025 02:00;0,429
13.10.2025 03:00;0,429
13.10.2025 04:00;0,438
13.10.2025 05:00;0,465
13.10.2025 06:00;0,313
13.10.2025 07:00;0,560
13.10.2025 08:00;0,487
13.10.2025 09:00;0,531
13.10.2025 10:00;0,590
13.10.2025 11:00;0,556
13.10.2025 12:00;0,378
13.10.2025 13:00;0,352
13.10.2025 14:00;0,421
13.10.2025 15:00;0,348
13.10.2025 16:00;0,342
13.10.2025 17:00;0,397
13.10.2025 18:00;0,416
13.10.2025 19:00;0,277
13.10.2025 20:00;0,263
13.10.2025 21:00;0,346
13.10.2025 22:00;0,329
13.10.2025 23:00;0,435
14.10.2025 00:00;0,455
14.10.2025 01:00;0,475
14.10.2025 02:00;0,302
14.10.2025 03:00;0,195
14.10.2025 04:00;0,170
14.10.2025 05:00;0,196
14.10.2025 06:00;0,116
14.10.2025 07:00;0,127
14.10.2025 08:00;0,064
14.10.2025 09:00;0,052
14.10.2025 10:00;0,000
14.10.2025 11:00;0,024
14.10.2025 12:00;0,000
14.10.2025 13:00;0,082
14.10.2025 14:00;0,319
14.10.2025 15:00;0,298
14.10.2025 16:00;0,260
14.10.2025 17:00;0,249
14.10.2025 18:00;0,675
14.10.2025 19:00;0,729
14.10.2025 20:00;0,582
14.10.2025 21:00;0,474
14.10.2025 22:00;0,442
14.10.2025 23:00;0,284
15.10.2025 00:00;0,208
15.10.2025 01:00;0,161
15.10.2025 02:00;0,127
15.10.2025 03:00;0,096
15.10.2025 04:00;0,073
15.10.2025 05:00;0,000
15.10.2025 06:00;0,026
15.10.2025 07:00;0,000
15.10.2025 08:00;0,008
15.10.2025 09:00;0,000
15.10.2025 10:00;0,000
15.10.2025 11:00;0,000
15.10.2025 12:00;0,000
15.10.2025 13:00;0,025
15.10.2025 14:00;0,000
15.10.2025 15:00;0,000
15.10.2025 16:00;0,000
15.10.2025 17:00;0,000
15.10.2025 18:00;0,000
15.10.2025 19:00;0,024
15.10.2025 20:00;0,000
15.10.2025 21:00;0,000
15.10.2025 22:00;0,008
15.10.2025 23:00;0,009
16.10.2025 00:00;0,008
16.10.2025 01:00;0,025
16.10.2025 02:00;0,000
16.10.2025 03:00;0,000
16.10.2025 04:00;0,000
16.10.2025 05:00;0,000
16.10.2025 06:00;0,000
16.10.2025 07:00;0,000
16.10.2025 08:00;0,027
16.10.2025 09:00;0,000
16.10.2025 10:00;0,000
16.10.2025 11:00;0,000
16.10.2025 12:00;0,000
16.10.2025 13:00;0,000
16.10.2025 14:00;0,000
16.10.2025 15:00;0,000
16.10.2025 16:00;0,000
16.10.2025 17:00;0,000
16.10.2025 18:00;0,000
16.10.2025 19:00;0,000
16.10.2025 20:00;0,000
16.10.2025 21:00;0,000
16.10.2025 22:00;0,000
16.10.2025 23:00;0,000
17.10.2025 00:00;0,000
17.10.2025 01:00;0,699
17.10.2025 02:00;0,393
17.10.2025 03:00;0,612
17.10.2025 04:00;0,919
17.10.2025 05:00;1,447
17.10.2025 06:00;1,590
17.10.2025 07:00;1,063
17.10.2025 08:00;0,780
17.10.2025 09:00;0,704
17.10.2025 10:00;0,687
17.10.2025 11:00;0,290
17.10.2025 12:00;0,208
17.10.2025 13:00;0,254
17.10.2025 14:00;0,745
17.10.2025 15:00;0,915
17.10.2025 16:00;0,884
17.10.2025 17:00;0,984
17.10.2025 18:00;0,804
17.10.2025 19:00;0,542
17.10.2025 20:00;0,444
17.10.2025 21:00;0,409
17.10.2025 22:00;0,390
17.10.2025 23:00;0,359
18.10.2025 00:00;0,210
18.10.2025 01:00;0,197
18.10.2025 02:00;0,210
18.10.2025 03:00;0,199
18.10.2025 04:00;0,198
18.10.2025 05:00;0,149
18.10.2025 06:00;0,084
18.10.2025 07:00;0,042
18.10.2025 08:00;0,019
18.10.2025 09:00;0,019
18.10.2025 10:00;0,006
18.10.2025 11:00;0,000
18.10.2025 12:00;0,012
18.10.2025 13:00;0,000
18.10.2025 14:00;0,000
18.10.2025 15:00;0,000
18.10.2025 16:00;0,006
18.10.2025 17:00;0,000
18.10.2025 18:00;0,000
18.10.2025 19:00;0,013
18.10.2025 20:00;0,000
18.10.2025 21:00;0,000
18.10.2025 22:00;0,000
18.10.2025 23:00;0,000
19.10.2025 00:00;0,000
19.10.2025 01:00;0,000
19.10.2025 02:00;0,011
19.10.2025 03:00;0,000
19.10.2025 04:00;0,011
19.10.2025 05:00;0,000
19.10.2025 06:00;0,000
19.10.2025 07:00;0,000
19.10.2025 08:00;0,005
19.10.2025 09:00;0,005
19.10.2025 10:00;0,000
19.10.2025 11:00;0,000
19.10.2025 12:00;0,000
19.10.2025 13:00;0,000
19.10.2025 14:00;0,277
19.10.2025 15:00;0,372
19.10.2025 16:00;0,289
19.10.2025 17:00;0,267
19.10.2025 18:00;0,287
19.10.2025 19:00;0,333
19.10.2025 20:00;0,372
19.10.2025 21:00;0,284
19.10.2025 22:00;0,163
19.10.2025 23:00;0,153
20.10.2025 00:00;0,248
20.10.2025 01:00;0,256
20.10.2025 02:00;0,083
20.10.2025 03:00;0,009
20.10.2025 04:00;0,576
20.10.2025 05:00;0,486
20.10.2025 06:00;0,440
20.10.2025 07:00;0,440
20.10.2025 08:00;0,467
20.10.2025 09:00;0,519
20.10.2025 10:00;0,593
20.10.2025 11:00;0,565
20.10.2025 12:00;1,423
20.10.2025 13:00;1,166
20.10.2025 14:00;1,217
20.10.2025 15:00;1,040
20.10.2025 16:00;1,393
20.10.2025 17:00;1,438
20.10.2025 18:00;1,129
20.10.2025 19:00;0,872
20.10.2025 20:00;1,009
20.10.2025 21:00;0,852
20.10.2025 22:00;0,810
20.10.2025 23:00;0,520
21.10.2025 00:00;0,484
21.10.2025 01:00;0,382
21.10.2025 02:00;0,817
21.10.2025 03:00;0,957
21.10.2025 04:00;0,845
21.10.2025 05:00;1,251
21.10.2025 06:00;2,272
21.10.2025 07:00;2,057
21.10.2025 08:00;1,786
21.10.2025 09:00;1,486
21.10.2025 10:00;1,030
21.10.2025 11:00;0,662
21.10.2025 12:00;0,552
21.10.2025 13:00;0,595
21.10.2025 14:00;0,443
21.10.2025 15:00;0,548
21.10.2025 16:00;0,454
21.10.2025 17:00;0,428
21.10.2025 18:00;0,480
21.10.2025 19:00;0,814
21.10.2025 20:00;0,795
21.10.2025 21:00;0,708
21.10.2025 22:00;0,742
21.10.2025 23:00;0,700
22.10.2025 00:00;0,665
22.10.2025 01:00;0,552
22.10.2025 02:00;0,321
22.10.2025 03:00;0,179
22.10.2025 04:00;0,142
22.10.2025 05:00;0,224
22.10.2025 06:00;0,061
22.10.2025 07:00;0,290
22.10.2025 08:00;0,505
22.10.2025 09:00;1,475
22.10.2025 10:00;1,138
22.10.2025 11:00;1,062
22.10.2025 12:00;1,042
22.10.2025 13:00;1,165
22.10.2025 14:00;0,973
22.10.2025 15:00;0,672
22.10.2025 16:00;0,404
22.10.2025 17:00;0,428
22.10.2025 18:00;0,298
22.10.2025 19:00;0,259
22.10.2025 20:00;0,406
22.10.2025 21:00;0,355
22.10.2025 22:00;0,283
22.10.2025 23:00;0,268
23.10.2025 00:00;0,298
23.10.2025 01:00;0,310
23.10.2025 02:00;0,174
23.10.2025 03:00;0,097
23.10.2025 04:00;0,062
23.10.2025 05:00;0,769
23.10.2025 06:00;0,507
23.10.2025 07:00;0,490
23.10.2025 08:00;0,558
23.10.2025 09:00;0,535
23.10.2025 10:00;0,358
23.10.2025 11:00;0,599
23.10.2025 12:00;0,444
23.10.2025 13:00;0,458
23.10.2025 14:00;0,413
23.10.2025 15:00;0,423
23.10.2025 16:00;0,368
23.10.2025 17:00;0,252
23.10.2025 18:00;0,166
23.10.2025 19:00;0,099
23.10.2025 20:00;0,077
23.10.2025 21:00;0,085
23.10.2025 22:00;0,099
23.10.2025 23:00;0,128
24.10.2025 00:00;0,027
24.10.2025 01:00;0,008
24.10.2025 02:00;0,241
24.10.2025 03:00;0,651
24.10.2025 04:00;0,467
24.10.2025 05:00;0,514
24.10.2025 06:00;0,440
24.10.2025 07:00;0,506
24.10.2025 08:00;0,570
24.10.2025 09:00;0,358
24.10.2025 10:00;0,294
24.10.2025 11:00;0,748
24.10.2025 12:00;0,564
24.10.2025 13:00;0,520
24.10.2025 14:00;0,308
24.10.2025 15:00;0,328
24.10.2025 16:00;0,713
24.10.2025 17:00;0,535
24.10.2025 18:00;0,527
24.10.2025 19:00;0,522
24.10.2025 20:00;0,594
24.10.2025 21:00;0,430
24.10.2025 22:00;0,284
24.10.2025 23:00;0,640
25.10.2025 00:00;0,406
25.10.2025 01:00;0,380
25.10.2025 02:00;0,375
25.10.2025 03:00;0,281
25.10.2025 04:00;0,224
25.10.2025 05:00;0,122
25.10.2025 06:00;0,119
25.10.2025 07:00;0,103
25.10.2025 08:00;0,090
25.10.2025 09:00;0,080
25.10.2025 10:00;0,038
25.10.2025 11:00;0,075
25.10.2025 12:00;0,052
25.10.2025 13:00;0,055
25.10.2025 14:00;0,096
25.10.2025 15:00;0,062
25.10.2025 16:00;0,069
25.10.2025 17:00;0,064
25.10.2025 18:00;0,060
25.10.2025 19:00;0,073
25.10.2025 20:00;0,084
25.10.2025 21:00;0,073
25.10.2025 22:00;0,075
25.10.2025 23:00;0,083
26.10.2025 00:00;0,066
26.10.2025 01:00;0,064
26.10.2025 02:00;0,070
26.10.2025 02:00;0,016
26.10.2025 03:00;0,000
26.10.2025 04:00;0,000
26.10.2025 05:00;0,000
26.10.2025 06:00;0,000
26.10.2025 07:00;0,000
26.10.2025 08:00;0,010
26.10.2025 09:00;0,000
26.10.2025 10:00;0,000
26.10.2025 11:00;0,000
26.10.2025 12:00;0,000
26.10.2025 13:00;0,000
26.10.2025 14:00;0,005
26.10.2025 15:00;0,000
26.10.2025 16:00;0,000
26.10.2025 17:00;0,000
26.10.2025 18:00;0,005
26.10.2025 19:00;0,005
26.10.2025 20:00;0,026
26.10.2025 21:00;0,005
26.10.2025 22:00;0,005
26.10.2025 23:00;0,005
27.10.2025 00:00;0,009
27.10.2025 01:00;0,252
27.10.2025 02:00;1,083
27.10.2025 03:00;0,852
27.10.2025 04:00;1,147
27.10.2025 05:00;1,373
27.10.2025 06:00;1,231
27.10.2025 07:00;1,130
27.10.2025 08:00;0,953
27.10.2025 09:00;0,642
27.10.2025 10:00;0,595
27.10.2025 11:00;0,393
27.10.2025 12:00;0,415
27.10.2025 13:00;0,220
27.10.2025 14:00;0,554
27.10.2025 15:00;0,439
27.10.2025 16:00;0,436
27.10.2025 17:00;0,806
27.10.2025 18:00;0,774
27.10.2025 19:00;0,733
27.10.2025 20:00;0,571
27.10.2025 21:00;0,345
27.10.2025 22:00;0,254
27.10.2025 23:00;0,266
28.10.2025 00:00;0,266
28.10.2025 01:00;0,131
28.10.2025 02:00;0,284
28.10.2025 03:00;0,264
28.10.2025 04:00;0,375
28.10.2025 05:00;0,329
28.10.2025 06:00;0,310
28.10.2025 07:00;0,218
28.10.2025 08:00;0,133
28.10.2025 09:00;0,114
28.10.2025 10:00;0,101
28.10.2025 11:00;0,123
28.10.2025 12:00;0,082
28.10.2025 13:00;0,087
28.10.2025 14:00;0,078
28.10.2025 15:00;0,996
28.10.2025 16:00;1,444
28.10.2025 17:00;1,355
28.10.2025 18:00;1,252
28.10.2025 19:00;1,306
28.10.2025 20:00;1,435
28.10.2025 21:00;1,166
28.10.2025 22:00;0,653
28.10.2025 23:00;0,516
29.10.2025 00:00;0,510
29.10.2025 01:00;0,503
29.10.2025 02:00;1,467
29.10.2025 03:00;0,965
29.10.2025 04:00;0,872
29.10.2025 05:00;1,219
29.10.2025 06:00;1,498
29.10.2025 07:00;1,312
29.10.2025 08:00;1,262
29.10.2025 09:00;1,217
29.10.2025 10:00;1,156
29.10.2025 11:00;1,222
29.10.2025 12:00;1,068
29.10.2025 13:00;0,772
29.10.2025 14:00;0,731
29.10.2025 15:00;0,610
29.10.2025 16:00;0,745
29.10.2025 17:00;0,738
29.10.2025 18:00;1,138
29.10.2025 19:00;1,059
29.10.2025 20:00;0,958
29.10.2025 21:00;0,833
29.10.2025 22:00;0,717
29.10.2025 23:00;0,725
30.10.2025 00:00;0,666
30.10.2025 01:00;0,410
30.10.2025 02:00;0,441
30.10.2025 03:00;0,432
30.10.2025 04:00;0,471
30.10.2025 05:00;0,332
30.10.2025 06:00;0,557
30.10.2025 07:00;0,497
30.10.2025 08:00;0,537
30.10.2025 09:00;0,583
30.10.2025 10:00;0,587
30.10.2025 11:00;0,382
30.10.2025 12:00;0,370
30.10.2025 13:00;0,404
30.10.2025 14:00;0,367
30.10.2025 15:00;0,371
30.10.2025 16:00;0,407
30.10.2025 17:00;0,401
30.10.2025 18:00;0,288
30.10.2025 19:00;0,266
30.10.2025 20:00;0,355
30.10.2025 21:00;0,349
30.10.2025 22:00;0,419
30.10.2025 23:00;0,460
31.10.2025 00:00;0,273
31.10.2025 01:00;0,175
31.10.2025 02:00;0,122
31.10.2025 03:00;0,099
31.10.2025 04:00;0,112
31.10.2025 05:00;0,068
31.10.2025 06:00;0,069
31.10.2025 07:00;0,036
31.10.2025 08:00;0,026
31.10.2025 09:00;0,000
31.10.2025 10:00;0,013
31.10.2025 11:00;0,000
31.10.2025 12:00;0,044
31.10.2025 13:00;0,171
31.10.2025 14:00;0,158
31.10.2025 15:00;0,144
31.10.2025 16:00;0,133
31.10.2025 17:00;0,357
31.10.2025 18:00;0,377
31.10.2025 19:00;0,349
31.10.2025 20:00;0,290
31.10.2025 21:00;0,257
31.10.2025 22:00;0,166
31.10.2025 23:00;0,121
01.11.2025 00:00;0,128
01.11.2025 01:00;0,092
01.11.2025 02:00;0,076
01.11.2025 03:00;0,060
01.11.2025 04:00;0,000
01.11.2025 05:00;0,020
01.11.2025 06:00;0,000
01.11.2025 07:00;0,006
01.11.2025 08:00;0,000
01.11.2025 09:00;0,000
01.11.2025 10:00;0,000
01.11.2025 11:00;0,000
01.11.2025 12:00;0,019
01.11.2025 13:00;0,000
01.11.2025 14:00;0,000
01.11.2025 15:00;0,000
01.11.2025 16:00;0,000
01.11.2025 17:00;0,000
01.11.2025 18:00;0,018
01.11.2025 19:00;0,000
01.11.2025 20:00;0,000
01.11.2025 21:00;0,006
01.11.2025 22:00;0,007
01.11.2025 23:00;0,007
02.11.2025 00:00;0,016
02.11.2025 01:00;0,000
02.11.2025 02:00;0,000
02.11.2025 03:00;0,000
02.11.2025 04:00;0,000
02.11.2025 05:00;0,000
02.11.2025 06:00;0,000
02.11.2025 07:00;0,015
02.11.2025 08:00;0,000
02.11.2025 09:00;0,000
02.11.2025 10:00;0,000
02.11.2025 11:00;0,000
02.11.2025 12:00;0,000
02.11.2025 13:00;0,000
02.11.2025 14:00;0,000
02.11.2025 15:00;0,000
02.11.2025 16:00;0,000
02.11.2025 17:00;0,000
02.11.2025 18:00;0,000
02.11.2025 19:00;0,000
02.11.2025 20:00;0,000
02.11.2025 21:00;0,000
02.11.2025 22:00;0,000
02.11.2025 23:00;0,000
03.11.2025 00:00;0,729
03.11.2025 01:00;0,383
03.11.2025 02:00;0,626
03.11.2025 03:00;0,886
03.11.2025 04:00;1,411
03.11.2025 05:00;1,655
03.11.2025 06:00;1,126
03.11.2025 07:00;0,747
03.11.2025 08:00;0,749
03.11.2025 09:00;0,685
03.11.2025 10:00;0,307
03.11.2025 11:00;0,198
03.11.2025 12:00;0,261
03.11.2025 13:00;0,787
03.11.2025 14:00;0,905
03.11.2025 15:00;0,918
03.11.2025 16:00;1,051
03.11.2025 17:00;0,805
03.11.2025 18:00;0,567
03.11.2025 19:00;0,463
03.11.2025 20:00;0,402
03.11.2025 21:00;0,392
03.11.2025 22:00;0,366
03.11.2025 23:00;0,278
04.11.2025 00:00;0,255
04.11.2025 01:00;0,270
04.11.2025 02:00;0,271
04.11.2025 03:00;0,243
04.11.2025 04:00;0,200
04.11.2025 05:00;0,110
04.11.2025 06:00;0,059
04.11.2025 07:00;0,026
04.11.2025 08:00;0,025
04.11.2025 09:00;0,009
04.11.2025 10:00;0,000
04.11.2025 11:00;0,018
04.11.2025 12:00;0,000
04.11.2025 13:00;0,000
04.11.2025 14:00;0,000
04.11.2025 15:00;0,009
04.11.2025 16:00;0,000
04.11.2025 17:00;0,000
04.11.2025 18:00;0,017
04.11.2025 19:00;0,000
04.11.2025 20:00;0,000
04.11.2025 21:00;0,000
04.11.2025 22:00;0,000
04.11.2025 23:00;0,000
05.11.2025 00:00;0,000
05.11.2025 01:00;0,018
05.11.2025 02:00;0,000
05.11.2025 03:00;0,017
05.11.2025 04:00;0,000
05.11.2025 05:00;0,000
05.11.2025 06:00;0,000
05.11.2025 07:00;0,009
05.11.2025 08:00;0,009
05.11.2025 09:00;0,000
05.11.2025 10:00;0,000
05.11.2025 11:00;0,000
05.11.2025 12:00;0,000
05.11.2025 13:00;0,469
05.11.2025 14:00;0,624
05.11.2025 15:00;0,527
05.11.2025 16:00;0,479
05.11.2025 17:00;0,493
05.11.2025 18:00;0,539
05.11.2025 19:00;0,645
05.11.2025 20:00;0,430
05.11.2025 21:00;0,288
05.11.2025 22:00;0,269
05.11.2025 23:00;0,258
06.11.2025 00:00;0,261
06.11.2025 01:00;0,083
06.11.2025 02:00;0,009
06.11.2025 03:00;0,610
06.11.2025 04:00;0,487
06.11.2025 05:00;0,434
06.11.2025 06:00;0,455
06.11.2025 07:00;0,469
06.11.2025 08:00;0,526
06.11.2025 09:00;0,568
06.11.2025 10:00;0,589
06.11.2025 11:00;1,472
06.11.2025 12:00;1,206
06.11.2025 13:00;1,180
06.11.2025 14:00;1,030
06.11.2025 15:00;1,480
06.11.2025 16:00;1,518
06.11.2025 17:00;1,176
06.11.2025 18:00;0,876
06.11.2025 19:00;1,038
06.11.2025 20:00;0,919
06.11.2025 21:00;0,865
06.11.2025 22:00;0,525
06.11.2025 23:00;0,480
07.11.2025 00:00;0,366
07.11.2025 01:00;0,806
07.11.2025 02:00;0,948
07.11.2025 03:00;0,819
07.11.2025 04:00;1,265
07.11.2025 05:00;2,377
07.11.2025 06:00;2,138
07.11.2025 07:00;1,898
07.11.2025 08:00;1,483
07.11.2025 09:00;1,041
07.11.2025 10:00;0,639
07.11.2025 11:00;0,590
07.11.2025 12:00;0,627
07.11.2025 13:00;0,441
07.11.2025 14:00;0,528
07.11.2025 15:00;0,462
07.11.2025 16:00;0,453
07.11.2025 17:00;0,476
07.11.2025 18:00;0,819
07.11.2025 19:00;0,841
07.11.2025 20:00;0,767
07.11.2025 21:00;0,716
07.11.2025 22:00;0,715
07.11.2025 23:00;0,669
08.11.2025 00:00;0,466
08.11.2025 01:00;0,244
08.11.2025 02:00;0,136
08.11.2025 03:00;0,107
08.11.2025 04:00;0,180
08.11.2025 05:00;0,048
08.11.2025 06:00;0,198
08.11.2025 07:00;0,360
08.11.2025 08:00;1,121
08.11.2025 09:00;0,787
08.11.2025 10:00;0,737
08.11.2025 11:00;0,746
08.11.2025 12:00;0,811
08.11.2025 13:00;0,704
08.11.2025 14:00;0,492
08.11.2025 15:00;0,312
08.11.2025 16:00;0,315
08.11.2025 17:00;0,223
08.11.2025 18:00;0,194
08.11.2025 19:00;0,307
08.11.2025 20:00;0,286
08.11.2025 21:00;0,215
08.11.2025 22:00;0,215
08.11.2025 23:00;0,223
09.11.2025 00:00;0,196
09.11.2025 01:00;0,107
09.11.2025 02:00;0,060
09.11.2025 03:00;0,038
09.11.2025 04:00;0,452
09.11.2025 05:00;0,327
09.11.2025 06:00;0,280
09.11.2025 07:00;0,308
09.11.2025 08:00;0,322
09.11.2025 09:00;0,221
09.11.2025 10:00;0,332
09.11.2025 11:00;0,256
09.11.2025 12:00;0,243
09.11.2025 13:00;0,229
09.11.2025 14:00;0,250
09.11.2025 15:00;0,207
09.11.2025 16:00;0,142
09.11.2025 17:00;0,097
09.11.2025 18:00;0,060
09.11.2025 19:00;0,046
09.11.2025 20:00;0,055
09.11.2025 21:00;0,065
09.11.2025 22:00;0,076
09.11.2025 23:00;0,016
10.11.2025 00:00;0,008
10.11.2025 01:00;0,241
10.11.2025 02:00;0,675
10.11.2025 03:00;0,498
10.11.2025 04:00;0,490
10.11.2025 05:00;0,432
10.11.2025 06:00;0,500
10.11.2025 07:00;0,541
10.11.2025 08:00;0,362
10.11.2025 09:00;0,291
10.11.2025 10:00;0,805
10.11.2025 11:00;0,552
10.11.2025 12:00;0,551
10.11.2025 13:00;0,335
10.11.2025 14:00;0,327
10.11.2025 15:00;0,741
10.11.2025 16:00;0,553
10.11.2025 17:00;0,563
10.11.2025 18:00;0,549
10.11.2025 19:00;0,559
10.11.2025 20:00;0,427
10.11.2025 21:00;0,302
10.11.2025 22:00;0,638
10.11.2025 23:00;0,510
11.11.2025 00:00;0,448
11.11.2025 01:00;0,448
11.11.2025 02:00;0,367
11.11.2025 03:00;0,279
11.11.2025 04:00;0,166
11.11.2025 05:00;0,155
11.11.2025 06:00;0,137
11.11.2025 07:00;0,132
11.11.2025 08:00;0,113
11.11.2025 09:00;0,054
11.11.2025 10:00;0,103
11.11.2025 11:00;0,074
11.11.2025 12:00;0,082
11.11.2025 13:00;0,136
11.11.2025 14:00;0,090
11.11.2025 15:00;0,101
11.11.2025 16:00;0,088
11.11.2025 17:00;0,089
11.11.2025 18:00;0,098
11.11.2025 19:00;0,101
11.11.2025 20:00;0,099
11.11.2025 21:00;0,093
11.11.2025 22:00;0,108
11.11.2025 23:00;0,102
12.11.2025 00:00;0,105
12.11.2025 01:00;0,110
12.11.2025 02:00;0,026
12.11.2025 03:00;0,000
12.11.2025 04:00;0,000
12.11.2025 05:00;0,000
12.11.2025 06:00;0,000
12.11.2025 07:00;0,000
12.11.2025 08:00;0,017
12.11.2025 09:00;0,000
12.11.2025 10:00;0,000
12.11.2025 11:00;0,000
12.11.2025 12:00;0,000
12.11.2025 13:00;0,000
12.11.2025 14:00;0,009
12.11.2025 15:00;0,000
12.11.2025 16:00;0,000
12.11.2025 17:00;0,000
12.11.2025 18:00;0,008
12.11.2025 19:00;0,009
12.11.2025 20:00;0,043
12.11.2025 21:00;0,009
12.11.2025 22:00;0,009
12.11.2025 23:00;0,009
13.11.2025 00:00;0,009
13.11.2025 01:00;0,259
13.11.2025 02:00;1,129
13.11.2025 03:00;0,854
13.11.2025 04:00;1,195
13.11.2025 05:00;1,452
13.11.2025 06:00;1,235
13.11.2025 07:00;1,228
13.11.2025 08:00;0,932
13.11.2025 09:00;0,674
13.11.2025 10:00;0,584
13.11.2025 11:00;0,388
13.11.2025 12:00;0,426
13.11.2025 13:00;0,207
13.11.2025 14:00;0,518
13.11.2025 15:00;0,448
13.11.2025 16:00;0,424
13.11.2025 17:00;0,844
13.11.2025 18:00;0,755
13.11.2025 19:00;0,771
13.11.2025 20:00;0,619
13.11.2025 21:00;0,327
13.11.2025 22:00;0,268
13.11.2025 23:00;0,257
14.11.2025 00:00;0,249
14.11.2025 01:00;0,138
14.11.2025 02:00;0,279
14.11.2025 03:00;0,278
14.11.2025 04:00;0,368
14.11.2025 05:00;0,334
14.11.2025 06:00;0,308
14.11.2025 07:00;0,226
14.11.2025 08:00;0,138
14.11.2025 09:00;0,114
14.11.2025 10:00;0,102
14.11.2025 11:00;0,122
14.11.2025 12:00;0,084
14.11.2025 13:00;0,083
14.11.2025 14:00;0,078
14.11.2025 15:00;1,039
14.11.2025 16:00;1,493
14.11.2025 17:00;1,324
14.11.2025 18:00;1,349
14.11.2025 19:00;1,400
14.11.2025 20:00;1,566
14.11.2025 21:00;1,191
14.11.2025 22:00;0,684
14.11.2025 23:00;0,503
15.11.2025 00:00;0,372
15.11.2025 01:00;0,383
15.11.2025 02:00;1,180
15.11.2025 03:00;0,784
15.11.2025 04:00;0,677
15.11.2025 05:00;0,901
15.11.2025 06:00;1,048
15.11.2025 07:00;0,957
15.11.2025 08:00;0,894
15.11.2025 09:00;0,863
15.11.2025 10:00;0,833
15.11.2025 11:00;0,926
15.11.2025 12:00;0,759
15.11.2025 13:00;0,570
15.11.2025 14:00;0,526
15.11.2025 15:00;0,443
15.11.2025 16:00;0,530
15.11.2025 17:00;0,519
15.11.2025 18:00;0,836
15.11.2025 19:00;0,833
15.11.2025 20:00;0,800
15.11.2025 21:00;0,678
15.11.2025 22:00;0,610
15.11.2025 23:00;0,596
16.11.2025 00:00;0,415
16.11.2025 01:00;0,260
16.11.2025 02:00;0,276
16.11.2025 03:00;0,269
16.11.2025 04:00;0,300
16.11.2025 05:00;0,208
16.11.2025 06:00;0,313
16.11.2025 07:00;0,288
16.11.2025 08:00;0,319
16.11.2025 09:00;0,319
16.11.2025 10:00;0,332
16.11.2025 11:00;0,218
16.11.2025 12:00;0,214
16.11.2025 13:00;0,239
16.11.2025 14:00;0,204
16.11.2025 15:00;0,199
16.11.2025 16:00;0,230
16.11.2025 17:00;0,241
16.11.2025 18:00;0,168
16.11.2025 19:00;0,164
16.11.2025 20:00;0,217
16.11.2025 21:00;0,218
16.11.2025 22:00;0,265
16.11.2025 23:00;0,299
17.11.2025 00:00;0,467
17.11.2025 01:00;0,298
17.11.2025 02:00;0,204
17.11.2025 03:00;0,169
17.11.2025 04:00;0,190
17.11.2025 05:00;0,117
17.11.2025 06:00;0,130
17.11.2025 07:00;0,066
17.11.2025 08:00;0,052
17.11.2025 09:00;0,000
17.11.2025 10:00;0,025
17.11.2025 11:00;0,000
17.11.2025 12:00;0,084
17.11.2025 13:00;0,325
17.11.2025 14:00;0,303
17.11.2025 15:00;0,264
17.11.2025 16:00;0,247
17.11.2025 17:00;0,686
17.11.2025 18:00;0,703
17.11.2025 19:00;0,604
17.11.2025 20:00;0,514
17.11.2025 21:00;0,436
17.11.2025 22:00;0,277
17.11.2025 23:00;0,201
18.11.2025 00:00;0,164
18.11.2025 01:00;0,121
18.11.2025 02:00;0,099
18.11.2025 03:00;0,078
18.11.2025 04:00;0,000
18.11.2025 05:00;0,026
18.11.2025 06:00;0,000
18.11.2025 07:00;0,008
18.11.2025 08:00;0,000
18.11.2025 09:00;0,000
18.11.2025 10:00;0,000
18.11.2025 11:00;0,000
18.11.2025 12:00;0,025
18.11.2025 13:00;0,000
18.11.2025 14:00;0,000
18.11.2025 15:00;0,000
18.11.2025 16:00;0,000
18.11.2025 17:00;0,000
18.11.2025 18:00;0,024
18.11.2025 19:00;0,000
18.11.2025 20:00;0,000
18.11.2025 21:00;0,008
18.11.2025 22:00;0,009
18.11.2025 23:00;0,009
19.11.2025 00:00;0,025
19.11.2025 01:00;0,000
19.11.2025 02:00;0,000
19.11.2025 03:00;0,000
19.11.2025 04:00;0,000
19.11.2025 05:00;0,000
19.11.2025 06:00;0,000
19.11.2025 07:00;0,026
19.11.2025 08:00;0,000
19.11.2025 09:00;0,000
19.11.2025 10:00;0,000
19.11.2025 11:00;0,000
19.11.2025 12:00;0,000
19.11.2025 13:00;0,000
19.11.2025 14:00;0,000
19.11.2025 15:00;0,000
19.11.2025 16:00;0,000
19.11.2025 17:00;0,000
19.11.2025 18:00;0,000
19.11.2025 19:00;0,000
19.11.2025 20:00;0,000
19.11.2025 21:00;0,000
19.11.2025 22:00;0,000
19.11.2025 23:00;0,000
20.11.2025 00:00;0,732
20.11.2025 01:00;0,406
20.11.2025 02:00;0,620
20.11.2025 03:00;0,905
20.11.2025 04:00;1,418
20.11.2025 05:00;1,674
20.11.2025 06:00;1,068
20.11.2025 07:00;0,760
20.11.2025 08:00;0,724
20.11.2025 09:00;0,732
20.11.2025 10:00;0,303
20.11.2025 11:00;0,207
20.11.2025 12:00;0,245
20.11.2025 13:00;0,738
20.11.2025 14:00;0,928
20.11.2025 15:00;0,941
20.11.2025 16:00;0,994
20.11.2025 17:00;0,769
20.11.2025 18:00;0,584
20.11.2025 19:00;0,474
20.11.2025 20:00;0,423
20.11.2025 21:00;0,399
20.11.2025 22:00;0,384
20.11.2025 23:00;0,289
21.11.2025 00:00;0,257
21.11.2025 01:00;0,272
21.11.2025 02:00;0,271
21.11.2025 03:00;0,252
21.11.2025 04:00;0,204
21.11.2025 05:00;0,114
21.11.2025 06:00;0,062
21.11.2025 07:00;0,027
21.11.2025 08:00;0,026
21.11.2025 09:00;0,009
21.11.2025 10:00;0,000
21.11.2025 11:00;0,018
21.11.2025 12:00;0,000
21.11.2025 13:00;0,000
21.11.2025 14:00;0,000
21.11.2025 15:00;0,009
21.11.2025 16:00;0,000
21.11.2025 17:00;0,000
21.11.2025 18:00;0,017
21.11.2025 19:00;0,000
21.11.2025 20:00;0,000
21.11.2025 21:00;0,000
21.11.2025 22:00;0,000
21.11.2025 23:00;0,000
22.11.2025 00:00;0,000
22.11.2025 01:00;0,014
22.11.2025 02:00;0,000
22.11.2025 03:00;0,014
22.11.2025 04:00;0,000
22.11.2025 05:00;0,000
22.11.2025 06:00;0,000
22.11.2025 07:00;0,006
22.11.2025 08:00;0,006
22.11.2025 09:00;0,000
22.11.2025 10:00;0,000
22.11.2025 11:00;0,000
22.11.2025 12:00;0,000
22.11.2025 13:00;0,340
22.11.2025 14:00;0,463
22.11.2025 15:00;0,384
22.11.2025 16:00;0,344
22.11.2025 17:00;0,372
22.11.2025 18:00;0,404
22.11.2025 19:00;0,486
22.11.2025 20:00;0,350
22.11.2025 21:00;0,214
22.11.2025 22:00;0,197
22.11.2025 23:00;0,197
23.11.2025 00:00;0,162
23.11.2025 01:00;0,054
23.11.2025 02:00;0,005
23.11.2025 03:00;0,354
23.11.2025 04:00;0,317
23.11.2025 05:00;0,263
23.11.2025 06:00;0,263
23.11.2025 07:00;0,284
23.11.2025 08:00;0,305
23.11.2025 09:00;0,346
23.11.2025 10:00;0,317
23.11.2025 11:00;0,811
23.11.2025 12:00;0,678
23.11.2025 13:00;0,697
23.11.2025 14:00;0,611
23.11.2025 15:00;0,813
23.11.2025 16:00;0,847
23.11.2025 17:00;0,649
23.11.2025 18:00;0,531
23.11.2025 19:00;0,647
23.11.2025 20:00;0,556
23.11.2025 21:00;0,533
23.11.2025 22:00;0,308
23.11.2025 23:00;0,300
24.11.2025 00:00;0,378
24.11.2025 01:00;0,817
24.11.2025 02:00;0,946
24.11.2025 03:00;0,808
24.11.2025 04:00;1,356
24.11.2025 05:00;2,291
24.11.2025 06:00;2,211
24.11.2025 07:00;1,924
24.11.2025 08:00;1,479
24.11.2025 09:00;1,025
24.11.2025 10:00;0,633
24.11.2025 11:00;0,602
24.11.2025 12:00;0,646
24.11.2025 13:00;0,428
24.11.2025 14:00;0,523
24.11.2025 15:00;0,450
24.11.2025 16:00;0,461
24.11.2025 17:00;0,510
24.11.2025 18:00;0,813
24.11.2025 19:00;0,850
24.11.2025 20:00;0,745
24.11.2025 21:00;0,730
24.11.2025 22:00;0,688
24.11.2025 23:00;0,657
25.11.2025 00:00;0,595
25.11.2025 01:00;0,315
25.11.2025 02:00;0,183
25.11.2025 03:00;0,138
25.11.2025 04:00;0,230
25.11.2025 05:00;0,061
25.11.2025 06:00;0,283
25.11.2025 07:00;0,503
25.11.2025 08:00;1,521
25.11.2025 09:00;1,119
25.11.2025 10:00;1,059
25.11.2025 11:00;1,062
25.11.2025 12:00;1,146
25.11.2025 13:00;1,030
25.11.2025 14:00;0,667
25.11.2025 15:00;0,410
25.11.2025 16:00;0,424
25.11.2025 17:00;0,298
25.11.2025 18:00;0,266
25.11.2025 19:00;0,408
25.11.2025 20:00;0,366
25.11.2025 21:00;0,290
25.11.2025 22:00;0,286
25.11.2025 23:00;0,284
26.11.2025 00:00;0,336
26.11.2025 01:00;0,167
26.11.2025 02:00;0,097
26.11.2025 03:00;0,060
26.11.2025 04:00;0,752
26.11.2025 05:00;0,516
26.11.2025 06:00;0,519
26.11.2025 07:00;0,562
26.11.2025 08:00;0,542
26.11.2025 09:00;0,380
26.11.2025 10:00;0,585
26.11.2025 11:00;0,463
26.11.2025 12:00;0,458
26.11.2025 13:00;0,405
26.11.2025 14:00;0,432
26.11.2025 15:00;0,391
26.11.2025 16:00;0,258
26.11.2025 17:00;0,179
26.11.2025 18:00;0,107
26.11.2025 19:00;0,076
26.11.2025 20:00;0,086
26.11.2025 21:00;0,103
26.11.2025 22:00;0,131
26.11.2025 23:00;0,025
27.11.2025 00:00;0,009
27.11.2025 01:00;0,238
27.11.2025 02:00;0,654
27.11.2025 03:00;0,496
27.11.2025 04:00;0,484
27.11.2025 05:00;0,437
27.11.2025 06:00;0,490
27.11.2025 07:00;0,550
27.11.2025 08:00;0,362
27.11.2025 09:00;0,293
27.11.2025 10:00;0,818
27.11.2025 11:00;0,586
27.11.2025 12:00;0,516
27.11.2025 13:00;0,323
27.11.2025 14:00;0,346
27.11.2025 15:00;0,731
27.11.2025 16:00;0,570
27.11.2025 17:00;0,559
27.11.2025 18:00;0,534
27.11.2025 19:00;0,575
27.11.2025 20:00;0,440
27.11.2025 21:00;0,305
27.11.2025 22:00;0,680
27.11.2025 23:00;0,520
28.11.2025 00:00;0,486
28.11.2025 01:00;0,471
28.11.2025 02:00;0,371
28.11.2025 03:00;0,286
28.11.2025 04:00;0,162
28.11.2025 05:00;0,169
28.11.2025 06:00;0,139
28.11.2025 07:00;0,130
28.11.2025 08:00;0,116
28.11.2025 09:00;0,055
28.11.2025 10:00;0,110
28.11.2025 11:00;0,068
28.11.2025 12:00;0,080
28.11.2025 13:00;0,135
28.11.2025 14:00;0,086
28.11.2025 15:00;0,098
28.11.2025 16:00;0,085
28.11.2025 17:00;0,090
28.11.2025 18:00;0,096
28.11.2025 19:00;0,103
28.11.2025 20:00;0,099
28.11.2025 21:00;0,097
28.11.2025 22:00;0,111
28.11.2025 23:00;0,103
29.11.2025 00:00;0,080
29.11.2025 01:00;0,092
29.11.2025 02:00;0,020
29.11.2025 03:00;0,000
29.11.2025 04:00;0,000
29.11.2025 05:00;0,000
29.11.2025 06:00;0,000
29.11.2025 07:00;0,000
29.11.2025 08:00;0,012
29.11.2025 09:00;0,000
29.11.2025 10:00;0,000
29.11.2025 11:00;0,000
29.11.2025 12:00;0,000
29.11.2025 13:00;0,000
29.11.2025 14:00;0,006
29.11.2025 15:00;0,000
29.11.2025 16:00;0,000
29.11.2025 17:00;0,000
29.11.2025 18:00;0,006
29.11.2025 19:00;0,006
29.11.2025 20:00;0,035
29.11.2025 21:00;0,007
29.11.2025 22:00;0,006
29.11.2025 23:00;0,006
30.11.2025 00:00;0,005
30.11.2025 01:00;0,156
30.11.2025 02:00;0,682
30.11.2025 03:00;0,529
30.11.2025 04:00;0,719
30.11.2025 05:00;0,862
30.11.2025 06:00;0,726
30.11.2025 07:00;0,680
30.11.2025 08:00;0,532
30.11.2025 09:00;0,370
30.11.2025 10:00;0,323
30.11.2025 11:00;0,230
30.11.2025 12:00;0,244
30.11.2025 13:00;0,122
30.11.2025 14:00;0,304
30.11.2025 15:00;0,253
30.11.2025 16:00;0,253
30.11.2025 17:00;0,494
30.11.2025 18:00;0,446
30.11.2025 19:00;0,475
30.11.2025 20:00;0,358
30.11.2025 21:00;0,220
30.11.2025 22:00;0,163
30.11.2025 23:00;0,167
01.12.2025 00:00;0,264
01.12.2025 01:00;0,134
01.12.2025 02:00;0,286
01.12.2025 03:00;0,274
01.12.2025 04:00;0,363
01.12.2025 05:00;0,327
01.12.2025 06:00;0,304
01.12.2025 07:00;0,211
01.12.2025 08:00;0,132
01.12.2025 09:00;0,115
01.12.2025 10:00;0,100
01.12.2025 11:00;0,134
01.12.2025 12:00;0,089
01.12.2025 13:00;0,083
01.12.2025 14:00;0,080
01.12.2025 15:00;1,011
01.12.2025 16:00;1,483
01.12.2025 17:00;1,401
01.12.2025 18:00;1,370
01.12.2025 19:00;1,336
01.12.2025 20:00;1,554
01.12.2025 21:00;1,189
01.12.2025 22:00;0,697
01.12.2025 23:00;0,508
02.12.2025 00:00;0,515
02.12.2025 01:00;0,497
02.12.2025 02:00;1,514
02.12.2025 03:00;0,970
02.12.2025 04:00;0,910
02.12.2025 05:00;1,234
02.12.2025 06:00;1,451
02.12.2025 07:00;1,361
02.12.2025 08:00;1,244
02.12.2025 09:00;1,152
02.12.2025 10:00;1,197
02.12.2025 11:00;1,235
02.12.2025 12:00;1,051
02.12.2025 13:00;0,813
02.12.2025 14:00;0,708
02.12.2025 15:00;0,643
02.12.2025 16:00;0,739
02.12.2025 17:00;0,757
02.12.2025 18:00;1,163
02.12.2025 19:00;1,037
02.12.2025 20:00;0,971
02.12.2025 21:00;0,841
02.12.2025 22:00;0,735
02.12.2025 23:00;0,722
03.12.2025 00:00;0,656
03.12.2025 01:00;0,411
03.12.2025 02:00;0,450
03.12.2025 03:00;0,431
03.12.2025 04:00;0,493
03.12.2025 05:00;0,322
03.12.2025 06:00;0,551
03.12.2025 07:00;0,483
03.12.2025 08:00;0,521
03.12.2025 09:00;0,565
03.12.2025 10:00;0,584
03.12.2025 11:00;0,388
03.12.2025 12:00;0,383
03.12.2025 13:00;0,427
03.12.2025 14:00;0,376
03.12.2025 15:00;0,357
03.12.2025 16:00;0,409
03.12.2025 17:00;0,432
03.12.2025 18:00;0,289
03.12.2025 19:00;0,282
03.12.2025 20:00;0,357
03.12.2025 21:00;0,330
03.12.2025 22:00;0,451
03.12.2025 23:00;0,480
04.12.2025 00:00;0,496
04.12.2025 01:00;0,318
04.12.2025 02:00;0,208
04.12.2025 03:00;0,173
04.12.2025 04:00;0,195
04.12.2025 05:00;0,120
04.12.2025 06:00;0,126
04.12.2025 07:00;0,068
04.12.2025 08:00;0,050
04.12.2025 09:00;0,000
04.12.2025 10:00;0,026
04.12.2025 11:00;0,000
04.12.2025 12:00;0,086
04.12.2025 13:00;0,353
04.12.2025 14:00;0,315
04.12.2025 15:00;0,279
04.12.2025 16:00;0,256
04.12.2025 17:00;0,677
04.12.2025 18:00;0,734
04.12.2025 19:00;0,624
04.12.2025 20:00;0,510
04.12.2025 21:00;0,458
04.12.2025 22:00;0,296
04.12.2025 23:00;0,216
05.12.2025 00:00;0,162
05.12.2025 01:00;0,125
05.12.2025 02:00;0,099
05.12.2025 03:00;0,076
05.12.2025 04:00;0,000
05.12.2025 05:00;0,025
05.12.2025 06:00;0,000
05.12.2025 07:00;0,009
05.12.2025 08:00;0,000
05.12.2025 09:00;0,000
05.12.2025 10:00;0,000
05.12.2025 11:00;0,000
05.12.2025 12:00;0,025
05.12.2025 13:00;0,000
05.12.2025 14:00;0,000
05.12.2025 15:00;0,000
05.12.2025 16:00;0,000
05.12.2025 17:00;0,000
05.12.2025 18:00;0,027
05.12.2025 19:00;0,000
05.12.2025 20:00;0,000
05.12.2025 21:00;0,008
05.12.2025 22:00;0,009
05.12.2025 23:00;0,009
06.12.2025 00:00;0,020
06.12.2025 01:00;0,000
06.12.2025 02:00;0,000
06.12.2025 03:00;0,000
06.12.2025 04:00;0,000
06.12.2025 05:00;0,000
06.12.2025 06:00;0,000
06.12.2025 07:00;0,019
06.12.2025 08:00;0,000
06.12.2025 09:00;0,000
06.12.2025 10:00;0,000
06.12.2025 11:00;0,000
06.12.2025 12:00;0,000
06.12.2025 13:00;0,000
06.12.2025 14:00;0,000
06.12.2025 15:00;0,000
06.12.2025 16:00;0,000
06.12.2025 17:00;0,000
06.12.2025 18:00;0,000
06.12.2025 19:00;0,000
06.12.2025 20:00;0,000
06.12.2025 21:00;0,000
06.12.2025 22:00;0,000
06.12.2025 23:00;0,000
07.12.2025 00:00;0,442
07.12.2025 01:00;0,236
07.12.2025 02:00;0,391
07.12.2025 03:00;0,602
07.12.2025 04:00;0,894
07.12.2025 05:00;0,993
07.12.2025 06:00;0,644
07.12.2025 07:00;0,451
07.12.2025 08:00;0,406
07.12.2025 09:00;0,406
07.12.2025 10:00;0,178
07.12.2025 11:00;0,116
07.12.2025 12:00;0,151
07.12.2025 13:00;0,448
07.12.2025 14:00;0,532
07.12.2025 15:00;0,527
07.12.2025 16:00;0,605
07.12.2025 17:00;0,464
07.12.2025 18:00;0,328
07.12.2025 19:00;0,276
07.12.2025 20:00;0,251
07.12.2025 21:00;0,248
07.12.2025 22:00;0,240
07.12.2025 23:00;0,176
08.12.2025 00:00;0,263
08.12.2025 01:00;0,270
08.12.2025 02:00;0,258
08.12.2025 03:00;0,261
08.12.2025 04:00;0,200
08.12.2025 05:00;0,112
08.12.2025 06:00;0,062
08.12.2025 07:00;0,028
08.12.2025 08:00;0,027
08.12.2025 09:00;0,009
08.12.2025 10:00;0,000
08.12.2025 11:00;0,017
08.12.2025 12:00;0,000
08.12.2025 13:00;0,000
08.12.2025 14:00;0,000
08.12.2025 15:00;0,009
08.12.2025 16:00;0,000
08.12.2025 17:00;0,000
08.12.2025 18:00;0,017
08.12.2025 19:00;0,000
08.12.2025 20:00;0,000
08.12.2025 21:00;0,000
08.12.2025 22:00;0,000
08.12.2025 23:00;0,000
09.12.2025 00:00;0,000
09.12.2025 01:00;0,018
09.12.2025 02:00;0,000
09.12.2025 03:00;0,018
09.12.2025 04:00;0,000
09.12.2025 05:00;0,000
09.12.2025 06:00;0,000
09.12.2025 07:00;0,009
09.12.2025 08:00;0,009
09.12.2025 09:00;0,000
09.12.2025 10:00;0,000
09.12.2025 11:00;0,000
09.12.2025 12:00;0,000
09.12.2025 13:00;0,498
09.12.2025 14:00;0,657
09.12.2025 15:00;0,516
09.12.2025 16:00;0,468
09.12.2025 17:00;0,530
09.12.2025 18:00;0,555
09.12.2025 19:00;0,631
09.12.2025 20:00;0,465
09.12.2025 21:00;0,289
09.12.2025 22:00;0,255
09.12.2025 23:00;0,254
10.12.2025 00:00;0,272
10.12.2025 01:00;0,090
10.12.2025 02:00;0,009
10.12.2025 03:00;0,591
10.12.2025 04:00;0,502
10.12.2025 05:00;0,447
10.12.2025 06:00;0,441
10.12.2025 07:00;0,519
10.12.2025 08:00;0,509
10.12.2025 09:00;0,613
10.12.2025 10:00;0,572
10.12.2025 11:00;1,453
10.12.2025 12:00;1,227
10.12.2025 13:00;1,179
10.12.2025 14:00;1,125
10.12.2025 15:00;1,442
10.12.2025 16:00;1,543
10.12.2025 17:00;1,214
10.12.2025 18:00;0,936
10.12.2025 19:00;1,046
10.12.2025 20:00;0,899
10.12.2025 21:00;0,880
10.12.2025 22:00;0,524
10.12.2025 23:00;0,466
11.12.2025 00:00;0,379
11.12.2025 01:00;0,865
11.12.2025 02:00;0,969
11.12.2025 03:00;0,817
11.12.2025 04:00;1,348
11.12.2025 05:00;2,319
11.12.2025 06:00;2,270
11.12.2025 07:00;1,888
11.12.2025 08:00;1,603
11.12.2025 09:00;1,065
11.12.2025 10:00;0,653
11.12.2025 11:00;0,611
11.12.2025 12:00;0,637
11.12.2025 13:00;0,444
11.12.2025 14:00;0,556
11.12.2025 15:00;0,476
11.12.2025 16:00;0,463
11.12.2025 17:00;0,516
11.12.2025 18:00;0,814
11.12.2025 19:00;0,833
11.12.2025 20:00;0,785
11.12.2025 21:00;0,758
11.12.2025 22:00;0,688
11.12.2025 23:00;0,644
12.12.2025 00:00;0,609
12.12.2025 01:00;0,345
12.12.2025 02:00;0,188
12.12.2025 03:00;0,141
12.12.2025 04:00;0,236
12.12.2025 05:00;0,061
12.12.2025 06:00;0,281
12.12.2025 07:00;0,511
12.12.2025 08:00;1,509
12.12.2025 09:00;1,155
12.12.2025 10:00;1,107
12.12.2025 11:00;1,116
12.12.2025 12:00;1,213
12.12.2025 13:00;1,029
12.12.2025 14:00;0,700
12.12.2025 15:00;0,423
12.12.2025 16:00;0,441
12.12.2025 17:00;0,304
12.12.2025 18:00;0,281
12.12.2025 19:00;0,402
12.12.2025 20:00;0,355
12.12.2025 21:00;0,285
12.12.2025 22:00;0,269
12.12.2025 23:00;0,290
13.12.2025 00:00;0,254
13.12.2025 01:00;0,133
13.12.2025 02:00;0,073
13.12.2025 03:00;0,051
13.12.2025 04:00;0,584
13.12.2025 05:00;0,398
13.12.2025 06:00;0,378
13.12.2025 07:00;0,408
13.12.2025 08:00;0,397
13.12.2025 09:00;0,261
13.12.2025 10:00;0,409
13.12.2025 11:00;0,325
13.12.2025 12:00;0,309
13.12.2025 13:00;0,311
13.12.2025 14:00;0,318
13.12.2025 15:00;0,276
13.12.2025 16:00;0,197
13.12.2025 17:00;0,130
13.12.2025 18:00;0,076
13.12.2025 19:00;0,061
13.12.2025 20:00;0,067
13.12.2025 21:00;0,079
13.12.2025 22:00;0,106
13.12.2025 23:00;0,021
14.12.2025 00:00;0,005
14.12.2025 01:00;0,145
14.12.2025 02:00;0,413
14.12.2025 03:00;0,303
14.12.2025 04:00;0,317
14.12.2025 05:00;0,274
14.12.2025 06:00;0,282
14.12.2025 07:00;0,332
14.12.2025 08:00;0,217
14.12.2025 09:00;0,179
14.12.2025 10:00;0,440
14.12.2025 11:00;0,316
14.12.2025 12:00;0,305
14.12.2025 13:00;0,195
14.12.2025 14:00;0,186
14.12.2025 15:00;0,436
14.12.2025 16:00;0,303
14.12.2025 17:00;0,307
14.12.2025 18:00;0,302
14.12.2025 19:00;0,364
14.12.2025 20:00;0,268
14.12.2025 21:00;0,194
14.12.2025 22:00;0,406
14.12.2025 23:00;0,322
15.12.2025 00:00;0,500
15.12.2025 01:00;0,500
15.12.2025 02:00;0,364
15.12.2025 03:00;0,303
15.12.2025 04:00;0,171
15.12.2025 05:00;0,164
15.12.2025 06:00;0,138
15.12.2025 07:00;0,135
15.12.2025 08:00;0,118
15.12.2025 09:00;0,053
15.12.2025 10:00;0,112
15.12.2025 11:00;0,075
15.12.2025 12:00;0,078
15.12.2025 13:00;0,133
15.12.2025 14:00;0,090
15.12.2025 15:00;0,096
15.12.2025 16:00;0,089
15.12.2025 17:00;0,091
15.12.2025 18:00;0,097
15.12.2025 19:00;0,103
15.12.2025 20:00;0,093
15.12.2025 21:00;0,100
15.12.2025 22:00;0,111
15.12.2025 23:00;0,105
16.12.2025 00:00;0,109
16.12.2025 01:00;0,114
16.12.2025 02:00;0,026
16.12.2025 03:00;0,000
16.12.2025 04:00;0,000
16.12.2025 05:00;0,000
16.12.2025 06:00;0,000
16.12.2025 07:00;0,000
16.12.2025 08:00;0,017
16.12.2025 09:00;0,000
16.12.2025 10:00;0,000
16.12.2025 11:00;0,000
16.12.2025 12:00;0,000
16.12.2025 13:00;0,000
16.12.2025 14:00;0,009
16.12.2025 15:00;0,000
16.12.2025 16:00;0,000
16.12.2025 17:00;0,000
16.12.2025 18:00;0,009
16.12.2025 19:00;0,009
16.12.2025 20:00;0,044
16.12.2025 21:00;0,009
16.12.2025 22:00;0,008
16.12.2025 23:00;0,009
17.12.2025 00:00;0,009
17.12.2025 01:00;0,273
17.12.2025 02:00;1,111
17.12.2025 03:00;0,849
17.12.2025 04:00;1,216
17.12.2025 05:00;1,443
17.12.2025 06:00;1,265
17.12.2025 07:00;1,190
17.12.2025 08:00;0,943
17.12.2025 09:00;0,639
17.12.2025 10:00;0,576
17.12.2025 11:00;0,389
17.12.2025 12:00;0,430
17.12.2025 13:00;0,209
17.12.2025 14:00;0,548
17.12.2025 15:00;0,469
17.12.2025 16:00;0,440
17.12.2025 17:00;0,860
17.12.2025 18:00;0,816
17.12.2025 19:00;0,787
17.12.2025 20:00;0,584
17.12.2025 21:00;0,344
17.12.2025 22:00;0,262
17.12.2025 23:00;0,257
18.12.2025 00:00;0,265
18.12.2025 01:00;0,141
18.12.2025 02:00;0,285
18.12.2025 03:00;0,285
18.12.2025 04:00;0,397
18.12.2025 05:00;0,327
18.12.2025 06:00;0,315
18.12.2025 07:00;0,219
18.12.2025 08:00;0,135
18.12.2025 09:00;0,111
18.12.2025 10:00;0,102
18.12.2025 11:00;0,132
18.12.2025 12:00;0,087
18.12.2025 13:00;0,088
18.12.2025 14:00;0,080
18.12.2025 15:00;1,029
18.12.2025 16:00;1,442
18.12.2025 17:00;1,339
18.12.2025 18:00;1,362
18.12.2025 19:00;1,413
18.12.2025 20:00;1,593
18.12.2025 21:00;1,191
18.12.2025 22:00;0,682
18.12.2025 23:00;0,516
19.12.2025 00:00;0,528
19.12.2025 01:00;0,495
19.12.2025 02:00;1,474
19.12.2025 03:00;1,042
19.12.2025 04:00;0,863
19.12.2025 05:00;1,191
19.12.2025 06:00;1,490
19.12.2025 07:00;1,368
19.12.2025 08:00;1,261
19.12.2025 09:00;1,230
19.12.2025 10:00;1,134
19.12.2025 11:00;1,314
19.12.2025 12:00;1,087
19.12.2025 13:00;0,808
19.12.2025 14:00;0,702
19.12.2025 15:00;0,665
19.12.2025 16:00;0,729
19.12.2025 17:00;0,722
19.12.2025 18:00;1,128
19.12.2025 19:00;1,077
19.12.2025 20:00;0,974
19.12.2025 21:00;0,858
19.12.2025 22:00;0,747
19.12.2025 23:00;0,743
20.12.2025 00:00;0,543
20.12.2025 01:00;0,324
20.12.2025 02:00;0,353
20.12.2025 03:00;0,364
20.12.2025 04:00;0,378
20.12.2025 05:00;0,267
20.12.2025 06:00;0,411
20.12.2025 07:00;0,355
20.12.2025 08:00;0,394
20.12.2025 09:00;0,432
20.12.2025 10:00;0,403
20.12.2025 11:00;0,270
20.12.2025 12:00;0,269
20.12.2025 13:00;0,315
20.12.2025 14:00;0,262
20.12.2025 15:00;0,261
20.12.2025 16:00;0,305
20.12.2025 17:00;0,315
20.12.2025 18:00;0,215
20.12.2025 19:00;0,212
20.12.2025 20:00;0,280
20.12.2025 21:00;0,266
20.12.2025 22:00;0,340
20.12.2025 23:00;0,382
21.12.2025 00:00;0,305
21.12.2025 01:00;0,201
21.12.2025 02:00;0,125
21.12.2025 03:00;0,104
21.12.2025 04:00;0,125
21.12.2025 05:00;0,075
21.12.2025 06:00;0,075
21.12.2025 07:00;0,038
21.12.2025 08:00;0,029
21.12.2025 09:00;0,000
21.12.2025 10:00;0,015
21.12.2025 11:00;0,000
21.12.2025 12:00;0,048
21.12.2025 13:00;0,192
21.12.2025 14:00;0,174
21.12.2025 15:00;0,159
21.12.2025 16:00;0,146
21.12.2025 17:00;0,380
21.12.2025 18:00;0,430
21.12.2025 19:00;0,384
21.12.2025 20:00;0,308
21.12.2025 21:00;0,276
21.12.2025 22:00;0,179
21.12.2025 23:00;0,137
22.12.2025 00:00;0,165
22.12.2025 01:00;0,124
22.12.2025 02:00;0,099
22.12.2025 03:00;0,078
22.12.2025 04:00;0,000
22.12.2025 05:00;0,025
22.12.2025 06:00;0,000
22.12.2025 07:00;0,009
22.12.2025 08:00;0,000
22.12.2025 09:00;0,000
22.12.2025 10:00;0,000
22.12.2025 11:00;0,000
22.12.2025 12:00;0,027
22.12.2025 13:00;0,000
22.12.2025 14:00;0,000
22.12.2025 15:00;0,000
22.12.2025 16:00;0,000
22.12.2025 17:00;0,000
22.12.2025 18:00;0,027
22.12.2025 19:00;0,000
22.12.2025 20:00;0,000
22.12.2025 21:00;0,008
22.12.2025 22:00;0,009
22.12.2025 23:00;0,008
23.12.2025 00:00;0,025
23.12.2025 01:00;0,000
23.12.2025 02:00;0,000
23.12.2025 03:00;0,000
23.12.2025 04:00;0,000
23.12.2025 05:00;0,000
23.12.2025 06:00;0,000
23.12.2025 07:00;0,027
23.12.2025 08:00;0,000
23.12.2025 09:00;0,000
23.12.2025 10:00;0,000
23.12.2025 11:00;0,000
23.12.2025 12:00;0,000
23.12.2025 13:00;0,000
23.12.2025 14:00;0,000
23.12.2025 15:00;0,000
23.12.2025 16:00;0,000
23.12.2025 17:00;0,000
23.12.2025 18:00;0,000
23.12.2025 19:00;0,000
23.12.2025 20:00;0,000
23.12.2025 21:00;0,000
23.12.2025 22:00;0,000
23.12.2025 23:00;0,000
24.12.2025 00:00;0,710
24.12.2025 01:00;0,390
24.12.2025 02:00;0,637
24.12.2025 03:00;0,924
24.12.2025 04:00;1,431
24.12.2025 05:00;1,622
24.12.2025 06:00;1,131
24.12.2025 07:00;0,769
24.12.2025 08:00;0,765
24.12.2025 09:00;0,753
24.12.2025 10:00;0,312
24.12.2025 11:00;0,216
24.12.2025 12:00;0,263
24.12.2025 13:00;0,790
24.12.2025 14:00;0,882
24.12.2025 15:00;0,933
24.12.2025 16:00;1,046
24.12.2025 17:00;0,836
24.12.2025 18:00;0,584
24.12.2025 19:00;0,492
24.12.2025 20:00;0,419
24.12.2025 21:00;0,401
24.12.2025 22:00;0,392
24.12.2025 23:00;0,278
25.12.2025 00:00;0,163
25.12.2025 01:00;0,162
25.12.2025 02:00;0,163
25.12.2025 03:00;0,151
25.12.2025 04:00;0,117
25.12.2025 05:00;0,067
25.12.2025 06:00;0,033
25.12.2025 07:00;0,014
25.12.2025 08:00;0,014
25.12.2025 09:00;0,005
25.12.2025 10:00;0,000
25.12.2025 11:00;0,010
25.12.2025 12:00;0,000
25.12.2025 13:00;0,000
25.12.2025 14:00;0,000
25.12.2025 15:00;0,005
25.12.2025 16:00;0,000
25.12.2025 17:00;0,000
25.12.2025 18:00;0,010
25.12.2025 19:00;0,000
25.12.2025 20:00;0,000
25.12.2025 21:00;0,000
25.12.2025 22:00;0,000
25.12.2025 23:00;0,000
26.12.2025 00:00;0,000
26.12.2025 01:00;0,010
26.12.2025 02:00;0,000
26.12.2025 03:00;0,010
26.12.2025 04:00;0,000
26.12.2025 05:00;0,000
26.12.2025 06:00;0,000
26.12.2025 07:00;0,005
26.12.2025 08:00;0,005
26.12.2025 09:00;0,000
26.12.2025 10:00;0,000
26.12.2025 11:00;0,000
26.12.2025 12:00;0,000
26.12.2025 13:00;0,270
26.12.2025 14:00;0,357
26.12.2025 15:00;0,276
26.12.2025 16:00;0,260
26.12.2025 17:00;0,282
26.12.2025 18:00;0,308
26.12.2025 19:00;0,364
26.12.2025 20:00;0,270
26.12.2025 21:00;0,168
26.12.2025 22:00;0,155
26.12.2025 23:00;0,155
27.12.2025 00:00;0,207
27.12.2025 01:00;0,073
27.12.2025 02:00;0,007
27.12.2025 03:00;0,473
27.12.2025 04:00;0,417
27.12.2025 05:00;0,362
27.12.2025 06:00;0,324
27.12.2025 07:00;0,351
27.12.2025 08:00;0,395
27.12.2025 09:00;0,410
27.12.2025 10:00;0,427
27.12.2025 11:00;1,039
27.12.2025 12:00;0,823
27.12.2025 13:00;0,863
27.12.2025 14:00;0,794
27.12.2025 15:00;1,100
27.12.2025 16:00;1,116
27.12.2025 17:00;0,891
27.12.2025 18:00;0,654
27.12.2025 19:00;0,831
27.12.2025 20:00;0,711
27.12.2025 21:00;0,640
27.12.2025 22:00;0,396
27.12.2025 23:00;0,396
28.12.2025 00:00;0,248
28.12.2025 01:00;0,523
28.12.2025 02:00;0,616
28.12.2025 03:00;0,539
28.12.2025 04:00;0,810
28.12.2025 05:00;1,443
28.12.2025 06:00;1,307
28.12.2025 07:00;1,054
28.12.2025 08:00;0,928
28.12.2025 09:00;0,608
28.12.2025 10:00;0,385
28.12.2025 11:00;0,325
28.12.2025 12:00;0,373
28.12.2025 13:00;0,262
28.12.2025 14:00;0,331
28.12.2025 15:00;0,272
28.12.2025 16:00;0,254
28.12.2025 17:00;0,279
28.12.2025 18:00;0,490
28.12.2025 19:00;0,508
28.12.2025 20:00;0,456
28.12.2025 21:00;0,482
28.12.2025 22:00;0,445
28.12.2025 23:00;0,400
29.12.2025 00:00;0,577
29.12.2025 01:00;0,333
29.12.2025 02:00;0,184
29.12.2025 03:00;0,137
29.12.2025 04:00;0,242
29.12.2025 05:00;0,064
29.12.2025 06:00;0,282
29.12.2025 07:00;0,525
29.12.2025 08:00;1,581
29.12.2025 09:00;1,175
29.12.2025 10:00;1,113
29.12.2025 11:00;1,086
29.12.2025 12:00;1,194
29.12.2025 13:00;1,017
29.12.2025 14:00;0,700
29.12.2025 15:00;0,426
29.12.2025 16:00;0,447
29.12.2025 17:00;0,311
29.12.2025 18:00;0,266
29.12.2025 19:00;0,402
29.12.2025 20:00;0,364
29.12.2025 21:00;0,294
29.12.2025 22:00;0,280
29.12.2025 23:00;0,294
30.12.2025 00:00;0,339
30.12.2025 01:00;0,170
30.12.2025 02:00;0,097
30.12.2025 03:00;0,062
30.12.2025 04:00;0,767
30.12.2025 05:00;0,537
30.12.2025 06:00;0,502
30.12.2025 07:00;0,572
30.12.2025 08:00;0,546
30.12.2025 09:00;0,372
30.12.2025 10:00;0,579
30.12.2025 11:00;0,456
30.12.2025 12:00;0,451
30.12.2025 13:00;0,423
30.12.2025 14:00;0,461
30.12.2025 15:00;0,386
30.12.2025 16:00;0,263
30.12.2025 17:00;0,181
30.12.2025 18:00;0,109
30.12.2025 19:00;0,083
30.12.2025 20:00;0,092
30.12.2025 21:00;0,103
30.12.2025 22:00;0,131
30.12.2025 23:00;0,028
31.12.2025 00:00;0,009
31.12.2025 01:00;0,236
31.12.2025 02:00;0,692
31.12.2025 03:00;0,484
31.12.2025 04:00;0,513
31.12.2025 05:00;0,467
31.12.2025 06:00;0,510
31.12.2025 07:00;0,570
31.12.2025 08:00;0,371
31.12.2025 09:00;0,307
31.12.2025 10:00;0,796
31.12.2025 11:00;0,610
31.12.2025 12:00;0,545
31.12.2025 13:00;0,336
31.12.2025 14:00;0,348
31.12.2025 15:00;0,787
31.12.2025 16:00;0,579
31.12.2025 17:00;0,546
31.12.2025 18:00;0,563
31.12.2025 19:00;0,592
31.12.2025 20:00;0,436
31.12.2025 21:00;0,318
31.12.2025 22:00;0,653
31.12.2025 23:00;0,530
