Hour;T2
1;23,12144319
2;23,12144319
3;23,12144319
4;23,12144319
5;23,12144319
6;23,12144319
7;23,12144319
8;94,51765716
9;105,4618069
10;116,4059567
11;116,4059567
12;139,289179
13;139,289179
14;92,52781175
15;139,289179
16;139,289179
17;82,08112332
18;35,03248968
19;23,12144319
20;23,12144319
21;23,12144319
22;23,12144319
23;23,12144319
24;23,12144319
25;23,3493481
26;23,3493481
27;23,3493481
28;23,3493481
29;23,3493481
30;23,3493481
31;23,3493481
32;95,44930482
33;106,5013296
34;117,5533544
35;117,5533544
36;140,6621334
37;140,6621334
38;93,43984578
39;140,6621334
40;140,6621334
41;82,89018577
42;35,37780016
43;23,3493481
44;23,3493481
45;23,3493481
46;23,3493481
47;23,3493481
48;23,3493481
49;35,26878585
50;21,37502173
51;21,37502173
52;21,37502173
53;21,37502173
54;21,37502173
55;21,37502173
56;91,05759255
57;113,8219907
58;125,2041898
59;125,2041898
60;147,9685879
61;147,9685879
62;102,4397916
63;147,9685879
64;113,8219907
65;53,43755432
66;35,26878585
67;22,44377281
68;21,37502173
69;21,37502173
70;21,37502173
71;21,37502173
72;21,37502173
73;37,97593534
74;34,17834181
75;34,17834181
76;34,17834181
77;34,17834181
78;34,17834181
79;34,17834181
80;34,17834181
81;34,17834181
82;34,17834181
83;34,17834181
84;34,17834181
85;34,17834181
86;34,17834181
87;34,17834181
88;34,17834181
89;34,17834181
90;34,17834181
91;34,17834181
92;34,17834181
93;34,17834181
94;34,17834181
95;34,17834181
96;34,17834181
97;31,7639486
98;31,7639486
99;31,7639486
100;31,7639486
101;31,7639486
102;31,7639486
103;31,7639486
104;31,7639486
105;31,7639486
106;31,7639486
107;31,7639486
108;31,7639486
109;31,7639486
110;31,7639486
111;31,7639486
112;31,7639486
113;31,7639486
114;31,7639486
115;31,7639486
116;31,7639486
117;31,7639486
118;31,7639486
119;31,7639486
120;31,7639486
121;21,6870447
122;21,6870447
123;21,6870447
124;21,6870447
125;21,6870447
126;21,6870447
127;21,6870447
128;92,3868104
129;103,9351617
130;115,483513
131;115,483513
132;138,5802156
133;138,5802156
134;92,3868104
135;138,5802156
136;138,5802156
137;80,8384591
138;23,0967026
139;22,77139693
140;22,77139693
141;22,77139693
142;22,77139693
143;22,77139693
144;22,77139693
145;14,56676416
146;22,19697396
147;22,19697396
148;22,19697396
149;22,19697396
150;22,19697396
151;22,19697396
152;93,57411835
153;104,4090163
154;115,2439142
155;115,2439142
156;137,8987007
157;137,8987007
158;91,60413691
159;137,8987007
160;137,8987007
161;81,26173435
162;34,68277181
163;22,8906294
164;22,8906294
165;22,8906294
166;22,8906294
167;22,8906294
168;22,8906294
169;23,3493481
170;23,3493481
171;23,3493481
172;23,3493481
173;23,3493481
174;23,3493481
175;23,3493481
176;95,44930482
177;106,5013296
178;117,5533544
179;117,5533544
180;140,6621334
181;140,6621334
182;93,43984578
183;140,6621334
184;140,6621334
185;82,89018577
186;35,37780016
187;23,3493481
188;23,3493481
189;23,3493481
190;23,3493481
191;23,3493481
192;23,3493481
193;23,41446379
194;23,41446379
195;23,41446379
196;23,41446379
197;23,41446379
198;23,41446379
199;23,41446379
200;95,71548987
201;106,7983361
202;117,8811823
203;117,8811823
204;141,0544061
205;141,0544061
206;93,70042693
207;141,0544061
208;141,0544061
209;83,12134647
210;35,47646029
211;23,41446379
212;23,41446379
213;23,41446379
214;23,41446379
215;23,41446379
216;23,41446379
217;35,26878585
218;21,37502173
219;21,37502173
220;21,37502173
221;21,37502173
222;21,37502173
223;21,37502173
224;91,05759255
225;113,8219907
226;125,2041898
227;125,2041898
228;147,9685879
229;147,9685879
230;102,4397916
231;147,9685879
232;113,8219907
233;53,43755432
234;35,26878585
235;22,44377281
236;21,37502173
237;21,37502173
238;21,37502173
239;21,37502173
240;21,37502173
241;39,1022003
242;35,19198027
243;35,19198027
244;35,19198027
245;35,19198027
246;35,19198027
247;35,19198027
248;35,19198027
249;35,19198027
250;35,19198027
251;35,19198027
252;35,19198027
253;35,19198027
254;35,19198027
255;35,19198027
256;35,19198027
257;35,19198027
258;35,19198027
259;35,19198027
260;35,19198027
261;35,19198027
262;35,19198027
263;35,19198027
264;35,19198027
265;32,83587621
266;32,83587621
267;32,83587621
268;32,83587621
269;32,83587621
270;32,83587621
271;32,83587621
272;32,83587621
273;32,83587621
274;32,83587621
275;32,83587621
276;32,83587621
277;32,83587621
278;32,83587621
279;32,83587621
280;32,83587621
281;32,83587621
282;32,83587621
283;32,83587621
284;32,83587621
285;32,83587621
286;32,83587621
287;32,83587621
288;32,83587621
289;22,0150848
290;22,0150848
291;22,0150848
292;22,0150848
293;22,0150848
294;22,0150848
295;22,0150848
296;93,78426123
297;105,5072939
298;117,2303265
299;117,2303265
300;140,6763918
301;140,6763918
302;93,78426123
303;140,6763918
304;140,6763918
305;82,06122858
306;23,44606531
307;23,11583904
308;23,11583904
309;23,11583904
310;23,11583904
311;23,11583904
312;23,11583904
313;14,63989415
314;22,30841014
315;22,30841014
316;22,30841014
317;22,30841014
318;22,30841014
319;22,30841014
320;94,04389149
321;104,9331842
322;115,8224769
323;115,8224769
324;138,590998
325;138,590998
326;92,06402009
327;138,590998
328;138,590998
329;81,66969524
330;34,85689084
331;23,00554796
332;23,00554796
333;23,00554796
334;23,00554796
335;23,00554796
336;23,00554796
337;23,26795349
338;23,26795349
339;23,26795349
340;23,26795349
341;23,26795349
342;23,26795349
343;23,26795349
344;95,11657352
345;106,1300715
346;117,1435695
347;117,1435695
348;140,1717926
349;140,1717926
350;93,11411934
351;140,1717926
352;140,1717926
353;82,6012349
354;35,25447499
355;23,26795349
356;23,26795349
357;23,26795349
358;23,26795349
359;23,26795349
360;23,26795349
361;23,41446379
362;23,41446379
363;23,41446379
364;23,41446379
365;23,41446379
366;23,41446379
367;23,41446379
368;95,71548987
369;106,7983361
370;117,8811823
371;117,8811823
372;141,0544061
373;141,0544061
374;93,70042693
375;141,0544061
376;141,0544061
377;83,12134647
378;35,47646029
379;23,41446379
380;23,41446379
381;23,41446379
382;23,41446379
383;23,41446379
384;23,41446379
385;35,9904207
386;21,81237618
387;21,81237618
388;21,81237618
389;21,81237618
390;21,81237618
391;21,81237618
392;92,92072255
393;116,1509032
394;127,7659935
395;127,7659935
396;150,9961741
397;150,9961741
398;104,5358129
399;150,9961741
400;116,1509032
401;54,53094046
402;35,9904207
403;22,90299499
404;21,81237618
405;21,81237618
406;21,81237618
407;21,81237618
408;21,81237618
409;38,98364609
410;35,08528148
411;35,08528148
412;35,08528148
413;35,08528148
414;35,08528148
415;35,08528148
416;35,08528148
417;35,08528148
418;35,08528148
419;35,08528148
420;35,08528148
421;35,08528148
422;35,08528148
423;35,08528148
424;35,08528148
425;35,08528148
426;35,08528148
427;35,08528148
428;35,08528148
429;35,08528148
430;35,08528148
431;35,08528148
432;35,08528148
433;35,73008077
434;35,73008077
435;35,73008077
436;35,73008077
437;35,73008077
438;35,73008077
439;35,73008077
440;35,73008077
441;35,73008077
442;35,73008077
443;35,73008077
444;35,73008077
445;35,73008077
446;35,73008077
447;35,73008077
448;35,73008077
449;35,73008077
450;35,73008077
451;35,73008077
452;35,73008077
453;35,73008077
454;35,73008077
455;35,73008077
456;35,73008077
457;23,4494354
458;23,4494354
459;23,4494354
460;23,4494354
461;23,4494354
462;23,4494354
463;23,4494354
464;99,8945948
465;112,3814192
466;124,8682435
467;124,8682435
468;149,8418922
469;149,8418922
470;99,8945948
471;149,8418922
472;149,8418922
473;87,40777045
474;24,9736487
475;24,62190717
476;24,62190717
477;24,62190717
478;24,62190717
479;24,62190717
480;24,62190717
481;15,70548783
482;23,93217194
483;23,93217194
484;23,93217194
485;23,93217194
486;23,93217194
487;23,93217194
488;100,8890623
489;112,5709538
490;124,2528452
491;124,2528452
492;148,6786182
493;148,6786182
494;98,76508206
495;148,6786182
496;148,6786182
497;87,6141857
498;37,39401865
499;24,68005231
500;24,68005231
501;24,68005231
502;24,68005231
503;24,68005231
504;24,68005231
505;24,4725707
506;24,4725707
507;24,4725707
508;24,4725707
509;24,4725707
510;24,4725707
511;24,4725707
512;100,0409027
513;111,6245861
514;123,2082696
515;123,2082696
516;147,4286987
517;147,4286987
518;97,9347784
519;147,4286987
520;147,4286987
521;86,877626
522;37,07965258
523;24,4725707
524;24,4725707
525;24,4725707
526;24,4725707
527;24,4725707
528;24,4725707
529;23,97656134
530;23,97656134
531;23,97656134
532;23,97656134
533;23,97656134
534;23,97656134
535;23,97656134
536;98,01327651
537;109,3621822
538;120,7110879
539;120,7110879
540;144,440618
541;144,440618
542;95,94983911
543;144,440618
544;144,440618
545;85,11679276
546;36,32812324
547;23,97656134
548;23,97656134
549;23,97656134
550;23,97656134
551;23,97656134
552;23,97656134
553;36,31391219
554;22,00843163
555;22,00843163
556;22,00843163
557;22,00843163
558;22,00843163
559;22,00843163
560;93,75591875
561;117,1948984
562;128,9143883
563;128,9143883
564;152,353368
565;152,353368
566;105,4754086
567;152,353368
568;117,1948984
569;55,02107908
570;36,31391219
571;23,10885321
572;22,00843163
573;22,00843163
574;22,00843163
575;22,00843163
576;22,00843163
577;40,40629657
578;36,36566691
579;36,36566691
580;36,36566691
581;36,36566691
582;36,36566691
583;36,36566691
584;36,36566691
585;36,36566691
586;36,36566691
587;36,36566691
588;36,36566691
589;36,36566691
590;36,36566691
591;36,36566691
592;36,36566691
593;36,36566691
594;36,36566691
595;36,36566691
596;36,36566691
597;36,36566691
598;36,36566691
599;36,36566691
600;36,36566691
601;37,33797219
602;37,33797219
603;37,33797219
604;37,33797219
605;37,33797219
606;37,33797219
607;37,33797219
608;37,33797219
609;37,33797219
610;37,33797219
611;37,33797219
612;37,33797219
613;37,33797219
614;37,33797219
615;37,33797219
616;37,33797219
617;37,33797219
618;37,33797219
619;37,33797219
620;37,33797219
621;37,33797219
622;37,33797219
623;37,33797219
624;37,33797219
625;23,75541068
626;23,75541068
627;23,75541068
628;23,75541068
629;23,75541068
630;23,75541068
631;23,75541068
632;101,1980495
633;113,8478057
634;126,4975619
635;126,4975619
636;151,7970742
637;151,7970742
638;101,1980495
639;151,7970742
640;151,7970742
641;88,5482933
642;25,29951237
643;24,94318121
644;24,94318121
645;24,94318121
646;24,94318121
647;24,94318121
648;24,94318121
649;15,91012108
650;24,24399402
651;24,24399402
652;24,24399402
653;24,24399402
654;24,24399402
655;24,24399402
656;102,2035873
657;114,0376869
658;125,8717865
659;125,8717865
660;150,6158129
661;150,6158129
662;100,0519328
663;150,6158129
664;150,6158129
665;88,75574687
666;37,88124066
667;25,00161884
668;25,00161884
669;25,00161884
670;25,00161884
671;25,00161884
672;25,00161884
673;25,00400931
674;25,00400931
675;25,00400931
676;25,00400931
677;25,00400931
678;25,00400931
679;25,00400931
680;102,2133593
681;114,0485903
682;125,8838214
683;125,8838214
684;150,6302136
685;150,6302136
686;100,0614991
687;150,6302136
688;150,6302136
689;88,76423304
690;37,88486259
691;25,00400931
692;25,00400931
693;25,00400931
694;25,00400931
695;25,00400931
696;25,00400931
697;23,87027362
698;23,87027362
699;23,87027362
700;23,87027362
701;23,87027362
702;23,87027362
703;23,87027362
704;97,5787852
705;108,8773814
706;120,1759776
707;120,1759776
708;143,800315
709;143,800315
710;95,52449498
711;143,800315
712;143,800315
713;84,73947135
714;36,16708124
715;23,87027362
716;23,87027362
717;23,87027362
718;23,87027362
719;23,87027362
720;23,87027362
721;35,91576882
722;21,76713262
723;21,76713262
724;21,76713262
725;21,76713262
726;21,76713262
727;21,76713262
728;92,72798496
729;115,9099812
730;127,5009793
731;127,5009793
732;150,6829756
733;150,6829756
734;104,3189831
735;150,6829756
736;115,9099812
737;54,41783155
738;35,91576882
739;22,85548925
740;21,76713262
741;21,76713262
742;21,76713262
743;21,76713262
744;21,76713262
745;38,62798348
746;34,76518513
747;34,76518513
748;34,76518513
749;34,76518513
750;34,76518513
751;34,76518513
752;34,76518513
753;34,76518513
754;34,76518513
755;34,76518513
756;34,76518513
757;34,76518513
758;34,76518513
759;34,76518513
760;34,76518513
761;34,76518513
762;34,76518513
763;34,76518513
764;34,76518513
765;34,76518513
766;34,76518513
767;34,76518513
768;34,76518513
769;36,05165905
770;36,05165905
771;36,05165905
772;36,05165905
773;36,05165905
774;36,05165905
775;36,05165905
776;36,05165905
777;36,05165905
778;36,05165905
779;36,05165905
780;36,05165905
781;36,05165905
782;36,05165905
783;36,05165905
784;36,05165905
785;36,05165905
786;36,05165905
787;36,05165905
788;36,05165905
789;36,05165905
790;36,05165905
791;36,05165905
792;36,05165905
793;22,53057638
794;22,53057638
795;22,53057638
796;22,53057638
797;22,53057638
798;22,53057638
799;22,53057638
800;95,98025539
801;107,9777873
802;119,9753192
803;119,9753192
804;143,9703831
805;143,9703831
806;95,98025539
807;143,9703831
808;143,9703831
809;83,98272346
810;23,99506385
811;23,6571052
812;23,6571052
813;23,6571052
814;23,6571052
815;23,6571052
816;23,6571052
817;15,08912125
818;22,99294667
819;22,99294667
820;22,99294667
821;22,99294667
822;22,99294667
823;22,99294667
824;96,92964082
825;108,1530729
826;119,376505
827;119,376505
828;142,8436812
829;142,8436812
830;94,8890168
831;142,8436812
832;142,8436812
833;84,17574071
834;35,92647918
835;23,71147626
836;23,71147626
837;23,71147626
838;23,71147626
839;23,71147626
840;23,71147626
841;24,72057539
842;24,72057539
843;24,72057539
844;24,72057539
845;24,72057539
846;24,72057539
847;24,72057539
848;101,0547157
849;112,7557881
850;124,4568604
851;124,4568604
852;148,922739
853;148,922739
854;98,92724804
855;148,922739
856;148,922739
857;87,75804262
858;37,45541725
859;24,72057539
860;24,72057539
861;24,72057539
862;24,72057539
863;24,72057539
864;24,72057539
865;25,57087715
866;25,57087715
867;25,57087715
868;25,57087715
869;25,57087715
870;25,57087715
871;25,57087715
872;104,5306463
873;116,6341948
874;128,7377433
875;128,7377433
876;154,045163
877;154,045163
878;102,3300011
879;154,045163
880;154,045163
881;90,77661389
882;38,74375326
883;25,57087715
884;25,57087715
885;25,57087715
886;25,57087715
887;25,57087715
888;25,57087715
889;39,08764245
890;23,68948027
891;23,68948027
892;23,68948027
893;23,68948027
894;23,68948027
895;23,68948027
896;100,917186
897;126,1464824
898;138,7611307
899;138,7611307
900;163,9904272
901;163,9904272
902;113,5318342
903;163,9904272
904;126,1464824
905;59,22370068
906;39,08764245
907;24,87395429
908;23,68948027
909;23,68948027
910;23,68948027
911;23,68948027
912;23,68948027
913;42,8959349
914;38,60634141
915;38,60634141
916;38,60634141
917;38,60634141
918;38,60634141
919;38,60634141
920;38,60634141
921;38,60634141
922;38,60634141
923;38,60634141
924;38,60634141
925;38,60634141
926;38,60634141
927;38,60634141
928;38,60634141
929;38,60634141
930;38,60634141
931;38,60634141
932;38,60634141
933;38,60634141
934;38,60634141
935;38,60634141
936;38,60634141
937;37,98112876
938;37,98112876
939;37,98112876
940;37,98112876
941;37,98112876
942;37,98112876
943;37,98112876
944;37,98112876
945;37,98112876
946;37,98112876
947;37,98112876
948;37,98112876
949;37,98112876
950;37,98112876
951;37,98112876
952;37,98112876
953;37,98112876
954;37,98112876
955;37,98112876
956;37,98112876
957;37,98112876
958;37,98112876
959;37,98112876
960;37,98112876
961;23,21145463
962;23,21145463
963;23,21145463
964;23,21145463
965;23,21145463
966;23,21145463
967;23,21145463
968;98,88079672
969;111,2408963
970;123,6009959
971;123,6009959
972;148,3211951
973;148,3211951
974;98,88079672
975;148,3211951
976;148,3211951
977;86,52069713
978;24,72019918
979;24,37202736
980;24,37202736
981;24,37202736
982;24,37202736
983;24,37202736
984;24,37202736
985;15,12046268
986;23,04070504
987;23,04070504
988;23,04070504
989;23,04070504
990;23,04070504
991;23,04070504
992;97,13097217
993;108,3777163
994;119,6244605
995;119,6244605
996;143,14038
997;143,14038
998;95,08610959
999;143,14038
1000;143,14038
1001;84,35058109
1002;36,00110162
1003;23,76072707
1004;23,76072707
1005;23,76072707
1006;23,76072707
1007;23,76072707
1008;23,76072707
1009;23,07260642
1010;23,07260642
1011;23,07260642
1012;23,07260642
1013;23,07260642
1014;23,07260642
1015;23,07260642
1016;94,31801838
1017;105,2390521
1018;116,1600858
1019;116,1600858
1020;138,9949745
1021;138,9949745
1022;92,33237588
1023;138,9949745
1024;138,9949745
1025;81,9077528
1026;34,95849458
1027;23,07260642
1028;23,07260642
1029;23,07260642
1030;23,07260642
1031;23,07260642
1032;23,07260642
1033;23,2028378
1034;23,2028378
1035;23,2028378
1036;23,2028378
1037;23,2028378
1038;23,2028378
1039;23,2028378
1040;94,85038847
1041;105,833065
1042;116,8157416
1043;116,8157416
1044;139,7795199
1045;139,7795199
1046;92,85353819
1047;139,7795199
1048;139,7795199
1049;82,3700742
1050;35,15581485
1051;23,2028378
1052;23,2028378
1053;23,2028378
1054;23,2028378
1055;23,2028378
1056;23,2028378
1057;35,59227734
1058;21,57107717
1059;21,57107717
1060;21,57107717
1061;21,57107717
1062;21,57107717
1063;21,57107717
1064;91,89278876
1065;114,8659859
1066;126,3525845
1067;126,3525845
1068;149,3257817
1069;149,3257817
1070;103,3793874
1071;149,3257817
1072;114,8659859
1073;53,92769293
1074;35,59227734
1075;22,64963103
1076;21,57107717
1077;21,57107717
1078;21,57107717
1079;21,57107717
1080;21,57107717
1081;39,57641713
1082;35,61877541
1083;35,61877541
1084;35,61877541
1085;35,61877541
1086;35,61877541
1087;35,61877541
1088;35,61877541
1089;35,61877541
1090;35,61877541
1091;35,61877541
1092;35,61877541
1093;35,61877541
1094;35,61877541
1095;35,61877541
1096;35,61877541
1097;35,61877541
1098;35,61877541
1099;35,61877541
1100;35,61877541
1101;35,61877541
1102;35,61877541
1103;35,61877541
1104;35,61877541
1105;36,10525543
1106;36,10525543
1107;36,10525543
1108;36,10525543
1109;36,10525543
1110;36,10525543
1111;36,10525543
1112;36,10525543
1113;36,10525543
1114;36,10525543
1115;36,10525543
1116;36,10525543
1117;36,10525543
1118;36,10525543
1119;36,10525543
1120;36,10525543
1121;36,10525543
1122;36,10525543
1123;36,10525543
1124;36,10525543
1125;36,10525543
1126;36,10525543
1127;36,10525543
1128;36,10525543
1129;21,98384288
1130;21,98384288
1131;21,98384288
1132;21,98384288
1133;21,98384288
1134;21,98384288
1135;21,98384288
1136;93,65117068
1137;105,357567
1138;117,0639633
1139;117,0639633
1140;140,476756
1141;140,476756
1142;93,65117068
1143;140,476756
1144;140,476756
1145;81,94477434
1146;23,41279267
1147;23,08303503
1148;23,08303503
1149;23,08303503
1150;23,08303503
1151;23,08303503
1152;23,08303503
1153;14,05485421
1154;21,4169207
1155;21,4169207
1156;21,4169207
1157;21,4169207
1158;21,4169207
1159;21,4169207
1160;90,28570633
1161;100,7398407
1162;111,1939752
1163;111,1939752
1164;133,0526199
1165;133,0526199
1166;88,38495462
1167;133,0526199
1168;133,0526199
1169;78,40600813
1170;33,46393859
1171;22,08619947
1172;22,08619947
1173;22,08619947
1174;22,08619947
1175;22,08619947
1176;22,08619947
1177;22,38889168
1178;22,38889168
1179;22,38889168
1180;22,38889168
1181;22,38889168
1182;22,38889168
1183;22,38889168
1184;91,52307539
1185;102,1204841
1186;112,7178928
1187;112,7178928
1188;134,8761111
1189;134,8761111
1190;89,5962738
1191;134,8761111
1192;134,8761111
1193;79,48056547
1194;33,92256315
1195;22,38889168
1196;22,38889168
1197;22,38889168
1198;22,38889168
1199;22,38889168
1200;22,38889168
1201;22,86098043
1202;22,86098043
1203;22,86098043
1204;22,86098043
1205;22,86098043
1206;22,86098043
1207;22,86098043
1208;93,45291698
1209;104,273781
1210;115,0946451
1211;115,0946451
1212;137,7200882
1213;137,7200882
1214;91,48548715
1215;137,7200882
1216;137,7200882
1217;81,15648053
1218;34,63784914
1219;22,86098043
1220;22,86098043
1221;22,86098043
1222;22,86098043
1223;22,86098043
1224;22,86098043
1225;34,02458782
1226;20,62096232
1227;20,62096232
1228;20,62096232
1229;20,62096232
1230;20,62096232
1231;20,62096232
1232;87,84529946
1233;109,8066243
1234;120,7872868
1235;120,7872868
1236;142,7486116
1237;142,7486116
1238;98,8259619
1239;142,7486116
1240;109,8066243
1241;51,55240579
1242;34,02458782
1243;21,65201043
1244;20,62096232
1245;20,62096232
1246;20,62096232
1247;20,62096232
1248;20,62096232
1249;34,47858626
1250;31,03072763
1251;31,03072763
1252;31,03072763
1253;31,03072763
1254;31,03072763
1255;31,03072763
1256;31,03072763
1257;31,03072763
1258;31,03072763
1259;31,03072763
1260;31,03072763
1261;31,03072763
1262;31,03072763
1263;31,03072763
1264;31,03072763
1265;31,03072763
1266;31,03072763
1267;31,03072763
1268;31,03072763
1269;31,03072763
1270;31,03072763
1271;31,03072763
1272;31,03072763
1273;32,72868345
1274;32,72868345
1275;32,72868345
1276;32,72868345
1277;32,72868345
1278;32,72868345
1279;32,72868345
1280;32,72868345
1281;32,72868345
1282;32,72868345
1283;32,72868345
1284;32,72868345
1285;32,72868345
1286;32,72868345
1287;32,72868345
1288;32,72868345
1289;32,72868345
1290;32,72868345
1291;32,72868345
1292;32,72868345
1293;32,72868345
1294;32,72868345
1295;32,72868345
1296;32,72868345
1297;21,3590046
1298;21,3590046
1299;21,3590046
1300;21,3590046
1301;21,3590046
1302;21,3590046
1303;21,3590046
1304;90,98935958
1305;102,3630295
1306;113,7366995
1307;113,7366995
1308;136,4840394
1309;136,4840394
1310;90,98935958
1311;136,4840394
1312;136,4840394
1313;79,61568963
1314;22,74733989
1315;22,42695483
1316;22,42695483
1317;22,42695483
1318;22,42695483
1319;22,42695483
1320;22,42695483
1321;14,72347129
1322;22,43576577
1323;22,43576577
1324;22,43576577
1325;22,43576577
1326;22,43576577
1327;22,43576577
1328;94,58077509
1329;105,5322333
1330;116,4836914
1331;116,4836914
1332;139,3821949
1333;139,3821949
1334;92,58960088
1335;139,3821949
1336;139,3821949
1337;82,13593626
1338;35,05588402
1339;23,13688345
1340;23,13688345
1341;23,13688345
1342;23,13688345
1343;23,13688345
1344;23,13688345
1345;23,9411321
1346;23,9411321
1347;23,9411321
1348;23,9411321
1349;23,9411321
1350;23,9411321
1351;23,9411321
1352;97,86844608
1353;109,2005819
1354;120,5327178
1355;120,5327178
1356;144,2271837
1357;144,2271837
1358;95,80805774
1359;144,2271837
1360;144,2271837
1361;84,99101896
1362;36,27444258
1363;23,9411321
1364;23,9411321
1365;23,9411321
1366;23,9411321
1367;23,9411321
1368;23,9411321
1369;24,18913678
1370;24,18913678
1371;24,18913678
1372;24,18913678
1373;24,18913678
1374;24,18913678
1375;24,18913678
1376;98,88225915
1377;110,3317839
1378;121,7813086
1379;121,7813086
1380;145,721224
1381;145,721224
1382;96,80052738
1383;145,721224
1384;145,721224
1385;85,87143558
1386;36,65020725
1387;24,18913678
1388;24,18913678
1389;24,18913678
1390;24,18913678
1391;24,18913678
1392;24,18913678
1393;36,46321596
1394;22,09891876
1395;22,09891876
1396;22,09891876
1397;22,09891876
1398;22,09891876
1399;22,09891876
1400;94,14139392
1401;117,6767424
1402;129,4444166
1403;129,4444166
1404;152,9797651
1405;152,9797651
1406;105,9090682
1407;152,9797651
1408;117,6767424
1409;55,2472969
1410;36,46321596
1411;23,2038647
1412;22,09891876
1413;22,09891876
1414;22,09891876
1415;22,09891876
1416;22,09891876
1417;39,63569423
1418;35,67212481
1419;35,67212481
1420;35,67212481
1421;35,67212481
1422;35,67212481
1423;35,67212481
1424;35,67212481
1425;35,67212481
1426;35,67212481
1427;35,67212481
1428;35,67212481
1429;35,67212481
1430;35,67212481
1431;35,67212481
1432;35,67212481
1433;35,67212481
1434;35,67212481
1435;35,67212481
1436;35,67212481
1437;35,67212481
1438;35,67212481
1439;35,67212481
1440;35,67212481
1441;34,44376763
1442;34,44376763
1443;34,44376763
1444;34,44376763
1445;34,44376763
1446;34,44376763
1447;34,44376763
1448;34,44376763
1449;34,44376763
1450;34,44376763
1451;34,44376763
1452;34,44376763
1453;34,44376763
1454;34,44376763
1455;34,44376763
1456;34,44376763
1457;34,44376763
1458;34,44376763
1459;34,44376763
1460;34,44376763
1461;34,44376763
1462;34,44376763
1463;34,44376763
1464;34,44376763
1465;22,26502011
1466;22,26502011
1467;22,26502011
1468;22,26502011
1469;22,26502011
1470;22,26502011
1471;22,26502011
1472;94,84898567
1473;106,7051089
1474;118,5612321
1475;118,5612321
1476;142,2734785
1477;142,2734785
1478;94,84898567
1479;142,2734785
1480;142,2734785
1481;82,99286246
1482;23,71224642
1483;23,37827112
1484;23,37827112
1485;23,37827112
1486;23,37827112
1487;23,37827112
1488;23,37827112
1489;14,83838985
1490;22,61087977
1491;22,61087977
1492;22,61087977
1493;22,61087977
1494;22,61087977
1495;22,61087977
1496;95,31899003
1497;106,3559257
1498;117,3928614
1499;117,3928614
1500;140,4700906
1501;140,4700906
1502;93,31227445
1503;140,4700906
1504;140,4700906
1505;82,77701766
1506;35,32949964
1507;23,31746976
1508;23,31746976
1509;23,31746976
1510;23,31746976
1511;23,31746976
1512;23,31746976
1513;23,52841625
1514;23,52841625
1515;23,52841625
1516;23,52841625
1517;23,52841625
1518;23,52841625
1519;23,52841625
1520;96,1813137
1521;107,3180974
1522;118,4548811
1523;118,4548811
1524;141,7408834
1525;141,7408834
1526;94,15644394
1527;141,7408834
1528;141,7408834
1529;83,52587769
1530;35,64911553
1531;23,52841625
1532;23,52841625
1533;23,52841625
1534;23,52841625
1535;23,52841625
1536;23,52841625
1537;23,28423241
1538;23,28423241
1539;23,28423241
1540;23,28423241
1541;23,28423241
1542;23,28423241
1543;23,28423241
1544;95,18311978
1545;106,2043231
1546;117,2255265
1547;117,2255265
1548;140,2698607
1549;140,2698607
1550;93,17926462
1551;140,2698607
1552;140,2698607
1553;82,65902507
1554;35,27914002
1555;23,28423241
1556;23,28423241
1557;23,28423241
1558;23,28423241
1559;23,28423241
1560;23,28423241
1561;35,24390189
1562;21,35994054
1563;21,35994054
1564;21,35994054
1565;21,35994054
1566;21,35994054
1567;21,35994054
1568;90,99334669
1569;113,7416834
1570;125,1158517
1571;125,1158517
1572;147,8641884
1573;147,8641884
1574;102,367515
1575;147,8641884
1576;113,7416834
1577;53,39985135
1578;35,24390189
1579;22,42793757
1580;21,35994054
1581;21,35994054
1582;21,35994054
1583;21,35994054
1584;21,35994054
1585;37,02750169
1586;33,32475152
1587;33,32475152
1588;33,32475152
1589;33,32475152
1590;33,32475152
1591;33,32475152
1592;33,32475152
1593;33,32475152
1594;33,32475152
1595;33,32475152
1596;33,32475152
1597;33,32475152
1598;33,32475152
1599;33,32475152
1600;33,32475152
1601;33,32475152
1602;33,32475152
1603;33,32475152
1604;33,32475152
1605;33,32475152
1606;33,32475152
1607;33,32475152
1608;33,32475152
1609;31,60315946
1610;31,60315946
1611;31,60315946
1612;31,60315946
1613;31,60315946
1614;31,60315946
1615;31,60315946
1616;31,60315946
1617;31,60315946
1618;31,60315946
1619;31,60315946
1620;31,60315946
1621;31,60315946
1622;31,60315946
1623;31,60315946
1624;31,60315946
1625;31,60315946
1626;31,60315946
1627;31,60315946
1628;31,60315946
1629;31,60315946
1630;31,60315946
1631;31,60315946
1632;31,60315946
1633;21,54645608
1634;21,54645608
1635;21,54645608
1636;21,54645608
1637;21,54645608
1638;21,54645608
1639;21,54645608
1640;91,78790291
1641;103,2613908
1642;114,7348786
1643;114,7348786
1644;137,6818544
1645;137,6818544
1646;91,78790291
1647;137,6818544
1648;137,6818544
1649;80,31441504
1650;22,94697573
1651;22,62377889
1652;22,62377889
1653;22,62377889
1654;22,62377889
1655;22,62377889
1656;22,62377889
1657;14,71302415
1658;22,41984632
1659;22,41984632
1660;22,41984632
1661;22,41984632
1662;22,41984632
1663;22,41984632
1664;94,51366464
1665;105,4573521
1666;116,4010396
1667;116,4010396
1668;139,2832953
1669;139,2832953
1670;92,52390328
1671;139,2832953
1672;139,2832953
1673;82,07765613
1674;35,03100987
1675;23,12046652
1676;23,12046652
1677;23,12046652
1678;23,12046652
1679;23,12046652
1680;23,12046652
1681;23,46330056
1682;23,46330056
1683;23,46330056
1684;23,46330056
1685;23,46330056
1686;23,46330056
1687;23,46330056
1688;95,91512866
1689;107,0210909
1690;118,1270532
1691;118,1270532
1692;141,3486107
1693;141,3486107
1694;93,89586279
1695;141,3486107
1696;141,3486107
1697;83,29471699
1698;35,5504554
1699;23,46330056
1700;23,46330056
1701;23,46330056
1702;23,46330056
1703;23,46330056
1704;23,46330056
1705;22,45400737
1706;22,45400737
1707;22,45400737
1708;22,45400737
1709;22,45400737
1710;22,45400737
1711;22,45400737
1712;91,78926044
1713;102,4174906
1714;113,0457207
1715;113,0457207
1716;135,2683838
1717;135,2683838
1718;89,85685495
1719;135,2683838
1720;135,2683838
1721;79,71172617
1722;34,02122329
1723;22,45400737
1724;22,45400737
1725;22,45400737
1726;22,45400737
1727;22,45400737
1728;22,45400737
1729;34,34807931
1730;20,81701776
1731;20,81701776
1732;20,81701776
1733;20,81701776
1734;20,81701776
1735;20,81701776
1736;88,68049567
1737;110,8506196
1738;121,9356815
1739;121,9356815
1740;144,1058055
1741;144,1058055
1742;99,76555763
1743;144,1058055
1744;110,8506196
1745;52,04254441
1746;34,34807931
1747;21,85786865
1748;20,81701776
1749;20,81701776
1750;20,81701776
1751;20,81701776
1752;20,81701776
1753;37,2646101
1754;33,53814909
1755;33,53814909
1756;33,53814909
1757;33,53814909
1758;33,53814909
1759;33,53814909
1760;33,53814909
1761;33,53814909
1762;33,53814909
1763;33,53814909
1764;33,53814909
1765;33,53814909
1766;33,53814909
1767;33,53814909
1768;33,53814909
1769;33,53814909
1770;33,53814909
1771;33,53814909
1772;33,53814909
1773;33,53814909
1774;33,53814909
1775;33,53814909
1776;33,53814909
1777;35,14052058
1778;35,14052058
1779;35,14052058
1780;35,14052058
1781;35,14052058
1782;35,14052058
1783;35,14052058
1784;35,14052058
1785;35,14052058
1786;35,14052058
1787;35,14052058
1788;35,14052058
1789;35,14052058
1790;35,14052058
1791;35,14052058
1792;35,14052058
1793;35,14052058
1794;35,14052058
1795;35,14052058
1796;35,14052058
1797;35,14052058
1798;35,14052058
1799;35,14052058
1800;35,14052058
1801;22,04632671
1802;22,04632671
1803;22,04632671
1804;22,04632671
1805;22,04632671
1806;22,04632671
1807;22,04632671
1808;93,91735179
1809;105,6570208
1810;117,3966897
1811;117,3966897
1812;140,8760277
1813;140,8760277
1814;93,91735179
1815;140,8760277
1816;140,8760277
1817;82,17768281
1818;23,47933795
1819;23,14864305
1820;23,14864305
1821;23,14864305
1822;23,14864305
1823;23,14864305
1824;23,14864305
1825;14,5772113
1826;22,21289341
1827;22,21289341
1828;22,21289341
1829;22,21289341
1830;22,21289341
1831;22,21289341
1832;93,6412288
1833;104,4838974
1834;115,326566
1835;115,326566
1836;137,9976003
1837;137,9976003
1838;91,66983451
1839;137,9976003
1840;137,9976003
1841;81,32001448
1842;34,70764596
1843;22,90704633
1844;22,90704633
1845;22,90704633
1846;22,90704633
1847;22,90704633
1848;22,90704633
1849;22,73074905
1850;22,73074905
1851;22,73074905
1852;22,73074905
1853;22,73074905
1854;22,73074905
1855;22,73074905
1856;92,92054688
1857;103,6797681
1858;114,4389893
1859;114,4389893
1860;136,9355428
1861;136,9355428
1862;90,96432484
1863;136,9355428
1864;136,9355428
1865;80,69415914
1866;34,44052887
1867;22,73074905
1868;22,73074905
1869;22,73074905
1870;22,73074905
1871;22,73074905
1872;22,73074905
1873;22,24238138
1874;22,24238138
1875;22,24238138
1876;22,24238138
1877;22,24238138
1878;22,24238138
1879;22,24238138
1880;90,92415903
1881;101,4522196
1882;111,9802801
1883;111,9802801
1884;133,9934975
1885;133,9934975
1886;89,00996621
1887;133,9934975
1888;133,9934975
1889;78,9604539
1890;33,70057785
1891;22,24238138
1892;22,24238138
1893;22,24238138
1894;22,24238138
1895;22,24238138
1896;22,24238138
1897;33,75086425
1898;20,45506924
1899;20,45506924
1900;20,45506924
1901;20,45506924
1902;20,45506924
1903;20,45506924
1904;87,13859498
1905;108,9232437
1906;119,8155681
1907;119,8155681
1908;141,6002168
1909;141,6002168
1910;98,03091936
1911;141,6002168
1912;108,9232437
1913;51,13767311
1914;33,75086425
1915;21,47782271
1916;20,45506924
1917;20,45506924
1918;20,45506924
1919;20,45506924
1920;20,45506924
1921;32,64099606
1922;29,37689646
1923;29,37689646
1924;29,37689646
1925;29,37689646
1926;29,37689646
1927;29,37689646
1928;29,37689646
1929;29,37689646
1930;29,37689646
1931;29,37689646
1932;29,37689646
1933;29,37689646
1934;29,37689646
1935;29,37689646
1936;29,37689646
1937;29,37689646
1938;29,37689646
1939;29,37689646
1940;29,37689646
1941;29,37689646
1942;29,37689646
1943;29,37689646
1944;29,37689646
1945;29,99526803
1946;29,99526803
1947;29,99526803
1948;29,99526803
1949;29,99526803
1950;29,99526803
1951;29,99526803
1952;29,99526803
1953;29,99526803
1954;29,99526803
1955;29,99526803
1956;29,99526803
1957;29,99526803
1958;29,99526803
1959;29,99526803
1960;29,99526803
1961;29,99526803
1962;29,99526803
1963;29,99526803
1964;29,99526803
1965;29,99526803
1966;29,99526803
1967;29,99526803
1968;29,99526803
1969;20,76540822
1970;20,76540822
1971;20,76540822
1972;20,76540822
1973;20,76540822
1974;20,76540822
1975;20,76540822
1976;88,46063904
1977;99,51821892
1978;110,5757988
1979;110,5757988
1980;132,6909586
1981;132,6909586
1982;88,46063904
1983;132,6909586
1984;132,6909586
1985;77,40305916
1986;22,11515976
1987;21,80367864
1988;21,80367864
1989;21,80367864
1990;21,80367864
1991;21,80367864
1992;21,80367864
1993;14,21156134
1994;21,65571251
1995;21,65571251
1996;21,65571251
1997;21,65571251
1998;21,65571251
1999;21,65571251
2000;91,29236307
2001;101,8630577
2002;112,4337524
2003;112,4337524
2004;134,536114
2005;134,536114
2006;89,37041858
2007;134,536114
2008;134,536114
2009;79,28021003
2010;33,8370508
2011;22,33245353
2012;22,33245353
2013;22,33245353
2014;22,33245353
2015;22,33245353
2016;22,33245353
2017;22,17726569
2018;22,17726569
2019;22,17726569
2020;22,17726569
2021;22,17726569
2022;22,17726569
2023;22,17726569
2024;90,65797399
2025;101,1552131
2026;111,6524522
2027;111,6524522
2028;133,6012248
2029;133,6012248
2030;88,74938506
2031;133,6012248
2032;133,6012248
2033;78,7292932
2034;33,60191771
2035;22,17726569
2036;22,17726569
2037;22,17726569
2038;22,17726569
2039;22,17726569
2040;22,17726569
2041;22,99121181
2042;22,99121181
2043;22,99121181
2044;22,99121181
2045;22,99121181
2046;22,99121181
2047;22,99121181
2048;93,98528707
2049;104,867794
2050;115,7503009
2051;115,7503009
2052;138,5046336
2053;138,5046336
2054;92,00664945
2055;138,5046336
2056;138,5046336
2057;81,61880193
2058;34,83516941
2059;22,99121181
2060;22,99121181
2061;22,99121181
2062;22,99121181
2063;22,99121181
2064;22,99121181
2065;35,94065278
2066;21,78221381
2067;21,78221381
2068;21,78221381
2069;21,78221381
2070;21,78221381
2071;21,78221381
2072;92,79223082
2073;115,9902885
2074;127,5893174
2075;127,5893174
2076;150,7873751
2077;150,7873751
2078;104,3912597
2079;150,7873751
2080;115,9902885
2081;54,45553452
2082;35,94065278
2083;22,8713245
2084;21,78221381
2085;21,78221381
2086;21,78221381
2087;21,78221381
2088;21,78221381
2089;39,0429232
2090;35,13863088
2091;35,13863088
2092;35,13863088
2093;35,13863088
2094;35,13863088
2095;35,13863088
2096;35,13863088
2097;35,13863088
2098;35,13863088
2099;35,13863088
2100;35,13863088
2101;35,13863088
2102;35,13863088
2103;35,13863088
2104;35,13863088
2105;35,13863088
2106;35,13863088
2107;35,13863088
2108;35,13863088
2109;35,13863088
2110;35,13863088
2111;35,13863088
2112;35,13863088
2113;32,94306897
2114;32,94306897
2115;32,94306897
2116;32,94306897
2117;32,94306897
2118;32,94306897
2119;32,94306897
2120;32,94306897
2121;32,94306897
2122;32,94306897
2123;32,94306897
2124;32,94306897
2125;32,94306897
2126;32,94306897
2127;32,94306897
2128;32,94306897
2129;32,94306897
2130;32,94306897
2131;32,94306897
2132;32,94306897
2133;32,94306897
2134;32,94306897
2135;32,94306897
2136;32,94306897
2137;21,1403112
2138;21,1403112
2139;21,1403112
2140;21,1403112
2141;21,1403112
2142;21,1403112
2143;21,1403112
2144;90,05772569
2145;101,3149414
2146;112,5721571
2147;112,5721571
2148;135,0865885
2149;135,0865885
2150;90,05772569
2151;135,0865885
2152;135,0865885
2153;78,80050998
2154;22,51443142
2155;22,19732676
2156;22,19732676
2157;22,19732676
2158;22,19732676
2159;22,19732676
2160;22,19732676
2161;14,2011142
2162;21,63979306
2163;21,63979306
2164;21,63979306
2165;21,63979306
2166;21,63979306
2167;21,63979306
2168;91,22525262
2169;101,7881766
2170;112,3511006
2171;112,3511006
2172;134,4372144
2173;134,4372144
2174;89,30472098
2175;134,4372144
2176;134,4372144
2177;79,22192991
2178;33,81217666
2179;22,31603659
2180;22,31603659
2181;22,31603659
2182;22,31603659
2183;22,31603659
2184;22,31603659
2185;22,77958582
2186;22,77958582
2187;22,77958582
2188;22,77958582
2189;22,77958582
2190;22,77958582
2191;22,77958582
2192;93,12018567
2193;103,902523
2194;114,6848602
2195;114,6848602
2196;137,2297473
2197;137,2297473
2198;91,15976071
2199;137,2297473
2200;137,2297473
2201;80,86752966
2202;34,51452397
2203;22,77958582
2204;22,77958582
2205;22,77958582
2206;22,77958582
2207;22,77958582
2208;22,77958582
2209;23,43074272
2210;23,43074272
2211;23,43074272
2212;23,43074272
2213;23,43074272
2214;23,43074272
2215;23,43074272
2216;95,78203613
2217;106,8725877
2218;117,9631392
2219;117,9631392
2220;141,1524743
2221;141,1524743
2222;93,76557221
2223;141,1524743
2224;141,1524743
2225;83,17913664
2226;35,50112533
2227;23,43074272
2228;23,43074272
2229;23,43074272
2230;23,43074272
2231;23,43074272
2232;23,43074272
2233;36,21437635
2234;21,94810688
2235;21,94810688
2236;21,94810688
2237;21,94810688
2238;21,94810688
2239;21,94810688
2240;93,4989353
2241;116,8736691
2242;128,561036
2243;128,561036
2244;151,9357699
2245;151,9357699
2246;105,1863022
2247;151,9357699
2248;116,8736691
2249;54,8702672
2250;36,21437635
2251;23,04551222
2252;21,94810688
2253;21,94810688
2254;21,94810688
2255;21,94810688
2256;21,94810688
2257;40,05063395
2258;36,04557055
2259;36,04557055
2260;36,04557055
2261;36,04557055
2262;36,04557055
2263;36,04557055
2264;36,04557055
2265;36,04557055
2266;36,04557055
2267;36,04557055
2268;36,04557055
2269;36,04557055
2270;36,04557055
2271;36,04557055
2272;36,04557055
2273;36,04557055
2274;36,04557055
2275;36,04557055
2276;36,04557055
2277;36,04557055
2278;36,04557055
2279;36,04557055
2280;36,04557055
2281;34,76534592
2282;34,76534592
2283;34,76534592
2284;34,76534592
2285;34,76534592
2286;34,76534592
2287;34,76534592
2288;34,76534592
2289;34,76534592
2290;34,76534592
2291;34,76534592
2292;34,76534592
2293;34,76534592
2294;34,76534592
2295;34,76534592
2296;34,76534592
2297;34,76534592
2298;34,76534592
2299;34,76534592
2300;34,76534592
2301;34,76534592
2302;34,76534592
2303;34,76534592
2304;34,76534592
2305;22,1244315
2306;22,1244315
2307;22,1244315
2308;22,1244315
2309;22,1244315
2310;22,1244315
2311;22,1244315
2312;94,25007817
2313;106,0313379
2314;117,8125977
2315;117,8125977
2316;141,3751173
2317;141,3751173
2318;94,25007817
2319;141,3751173
2320;141,3751173
2321;82,4688184
2322;23,56251954
2323;23,23065307
2324;23,23065307
2325;23,23065307
2326;23,23065307
2327;23,23065307
2328;23,23065307
2329;15,12046268
2330;23,04070504
2331;23,04070504
2332;23,04070504
2333;23,04070504
2334;23,04070504
2335;23,04070504
2336;97,13097217
2337;108,3777163
2338;119,6244605
2339;119,6244605
2340;143,14038
2341;143,14038
2342;95,08610959
2343;143,14038
2344;143,14038
2345;84,35058109
2346;36,00110162
2347;23,76072707
2348;23,76072707
2349;23,76072707
2350;23,76072707
2351;23,76072707
2352;23,76072707
2353;23,13772211
2354;23,13772211
2355;23,13772211
2356;23,13772211
2357;23,13772211
2358;23,13772211
2359;23,13772211
2360;94,58420342
2361;105,5360586
2362;116,4879137
2363;116,4879137
2364;139,3872472
2365;139,3872472
2366;92,59295704
2367;139,3872472
2368;139,3872472
2369;82,1389135
2370;35,05715472
2371;23,13772211
2372;23,13772211
2373;23,13772211
2374;23,13772211
2375;23,13772211
2376;23,13772211
2377;22,6167966
2378;22,6167966
2379;22,6167966
2380;22,6167966
2381;22,6167966
2382;22,6167966
2383;22,6167966
2384;92,45472305
2385;103,1600068
2386;113,8652905
2387;113,8652905
2388;136,2490656
2389;136,2490656
2390;90,50830783
2391;136,2490656
2392;136,2490656
2393;80,28962791
2394;34,26787363
2395;22,6167966
2396;22,6167966
2397;22,6167966
2398;22,6167966
2399;22,6167966
2400;22,6167966
2401;34,9204104
2402;21,16388509
2403;21,16388509
2404;21,16388509
2405;21,16388509
2406;21,16388509
2407;21,16388509
2408;90,15815049
2409;112,6976881
2410;123,9674569
2411;123,9674569
2412;146,5069945
2413;146,5069945
2414;101,4279193
2415;146,5069945
2416;112,6976881
2417;52,90971273
2418;34,9204104
2419;22,22207935
2420;21,16388509
2421;21,16388509
2422;21,16388509
2423;21,16388509
2424;21,16388509
2425;35,84195963
2426;32,25776367
2427;32,25776367
2428;32,25776367
2429;32,25776367
2430;32,25776367
2431;32,25776367
2432;32,25776367
2433;32,25776367
2434;32,25776367
2435;32,25776367
2436;32,25776367
2437;32,25776367
2438;32,25776367
2439;32,25776367
2440;32,25776367
2441;32,25776367
2442;32,25776367
2443;32,25776367
2444;32,25776367
2445;32,25776367
2446;32,25776367
2447;32,25776367
2448;32,25776367
2449;32,13912326
2450;32,13912326
2451;32,13912326
2452;32,13912326
2453;32,13912326
2454;32,13912326
2455;32,13912326
2456;32,13912326
2457;32,13912326
2458;32,13912326
2459;32,13912326
2460;32,13912326
2461;32,13912326
2462;32,13912326
2463;32,13912326
2464;32,13912326
2465;32,13912326
2466;32,13912326
2467;32,13912326
2468;32,13912326
2469;32,13912326
2470;32,13912326
2471;32,13912326
2472;32,13912326
2473;22,37436681
2474;22,37436681
2475;22,37436681
2476;22,37436681
2477;22,37436681
2478;22,37436681
2479;22,37436681
2480;95,31480261
2481;107,2291529
2482;119,1435033
2483;119,1435033
2484;142,9722039
2485;142,9722039
2486;95,31480261
2487;142,9722039
2488;142,9722039
2489;83,40045228
2490;23,82870065
2491;23,49308515
2492;23,49308515
2493;23,49308515
2494;23,49308515
2495;23,49308515
2496;23,49308515
2497;14,93241413
2498;22,75415486
2499;22,75415486
2500;22,75415486
2501;22,75415486
2502;22,75415486
2503;22,75415486
2504;95,92298408
2505;107,0298559
2506;118,1367278
2507;118,1367278
2508;141,3601871
2509;141,3601871
2510;93,90355283
2511;141,3601871
2512;141,3601871
2513;83,3015388
2514;35,55336697
2515;23,4652222
2516;23,4652222
2517;23,4652222
2518;23,4652222
2519;23,4652222
2520;23,4652222
2521;22,81214366
2522;22,81214366
2523;22,81214366
2524;22,81214366
2525;22,81214366
2526;22,81214366
2527;22,81214366
2528;93,25327819
2529;104,0510262
2530;114,8487742
2531;114,8487742
2532;137,4258837
2533;137,4258837
2534;91,29005128
2535;137,4258837
2536;137,4258837
2537;80,98311001
2538;34,56385404
2539;22,81214366
2540;22,81214366
2541;22,81214366
2542;22,81214366
2543;22,81214366
2544;22,81214366
2545;22,19354461
2546;22,19354461
2547;22,19354461
2548;22,19354461
2549;22,19354461
2550;22,19354461
2551;22,19354461
2552;90,72452025
2553;101,2294647
2554;111,7344091
2555;111,7344091
2556;133,699293
2557;133,699293
2558;88,81453035
2559;133,699293
2560;133,699293
2561;78,78708337
2562;33,62658275
2563;22,19354461
2564;22,19354461
2565;22,19354461
2566;22,19354461
2567;22,19354461
2568;22,19354461
2569;33,99970386
2570;20,60588113
2571;20,60588113
2572;20,60588113
2573;20,60588113
2574;20,60588113
2575;20,60588113
2576;87,7810536
2577;109,726317
2578;120,6989487
2579;120,6989487
2580;142,6442121
2581;142,6442121
2582;98,7536853
2583;142,6442121
2584;109,726317
2585;51,51470282
2586;33,99970386
2587;21,63617518
2588;20,60588113
2589;20,60588113
2590;20,60588113
2591;20,60588113
2592;20,60588113
2593;35,66412832
2594;32,09771549
2595;32,09771549
2596;32,09771549
2597;32,09771549
2598;32,09771549
2599;32,09771549
2600;32,09771549
2601;32,09771549
2602;32,09771549
2603;32,09771549
2604;32,09771549
2605;32,09771549
2606;32,09771549
2607;32,09771549
2608;32,09771549
2609;32,09771549
2610;32,09771549
2611;32,09771549
2612;32,09771549
2613;32,09771549
2614;32,09771549
2615;32,09771549
2616;32,09771549
2617;31,65675584
2618;31,65675584
2619;31,65675584
2620;31,65675584
2621;31,65675584
2622;31,65675584
2623;31,65675584
2624;31,65675584
2625;31,65675584
2626;31,65675584
2627;31,65675584
2628;31,65675584
2629;31,65675584
2630;31,65675584
2631;31,65675584
2632;31,65675584
2633;31,65675584
2634;31,65675584
2635;31,65675584
2636;31,65675584
2637;31,65675584
2638;31,65675584
2639;31,65675584
2640;31,65675584
2641;21,10906928
2642;21,10906928
2643;21,10906928
2644;21,10906928
2645;21,10906928
2646;21,10906928
2647;21,10906928
2648;89,92463514
2649;101,1652145
2650;112,4057939
2651;112,4057939
2652;134,8869527
2653;134,8869527
2654;89,92463514
2655;134,8869527
2656;134,8869527
2657;78,68405575
2658;22,48115878
2659;22,16452275
2660;22,16452275
2661;22,16452275
2662;22,16452275
2663;22,16452275
2664;22,16452275
2665;13,92948851
2666;21,22588725
2667;21,22588725
2668;21,22588725
2669;21,22588725
2670;21,22588725
2671;21,22588725
2672;89,48038093
2673;99,84126715
2674;110,2021534
2675;110,2021534
2676;131,8658245
2677;131,8658245
2678;87,59658344
2679;131,8658245
2680;131,8658245
2681;77,7066466
2682;33,16544883
2683;21,88919623
2684;21,88919623
2685;21,88919623
2686;21,88919623
2687;21,88919623
2688;21,88919623
2689;21,44471418
2690;21,44471418
2691;21,44471418
2692;21,44471418
2693;21,44471418
2694;21,44471418
2695;21,44471418
2696;87,66339222
2697;97,81389026
2698;107,9643883
2699;107,9643883
2700;129,1881569
2701;129,1881569
2702;85,81784712
2703;129,1881569
2704;129,1881569
2705;76,12873535
2706;32,49199118
2707;21,44471418
2708;21,44471418
2709;21,44471418
2710;21,44471418
2711;21,44471418
2712;21,44471418
2713;21,83540832
2714;21,83540832
2715;21,83540832
2716;21,83540832
2717;21,83540832
2718;21,83540832
2719;21,83540832
2720;89,26050249
2721;99,5959291
2722;109,9313557
2723;109,9313557
2724;131,5417931
2725;131,5417931
2726;87,38133402
2727;131,5417931
2728;131,5417931
2729;77,51569953
2730;33,083952
2731;21,83540832
2732;21,83540832
2733;21,83540832
2734;21,83540832
2735;21,83540832
2736;21,83540832
2737;34,0992397
2738;20,66620588
2739;20,66620588
2740;20,66620588
2741;20,66620588
2742;20,66620588
2743;20,66620588
2744;88,03803705
2745;110,0475463
2746;121,0523009
2747;121,0523009
2748;143,0618102
2749;143,0618102
2750;99,04279168
2751;143,0618102
2752;110,0475463
2753;51,6655147
2754;34,0992397
2755;21,69951617
2756;20,66620588
2757;20,66620588
2758;20,66620588
2759;20,66620588
2760;20,66620588
2761;36,13834515
2762;32,52451063
2763;32,52451063
2764;32,52451063
2765;32,52451063
2766;32,52451063
2767;32,52451063
2768;32,52451063
2769;32,52451063
2770;32,52451063
2771;32,52451063
2772;32,52451063
2773;32,52451063
2774;32,52451063
2775;32,52451063
2776;32,52451063
2777;32,52451063
2778;32,52451063
2779;32,52451063
2780;32,52451063
2781;32,52451063
2782;32,52451063
2783;32,52451063
2784;32,52451063
2785;32,0319305
2786;32,0319305
2787;32,0319305
2788;32,0319305
2789;32,0319305
2790;32,0319305
2791;32,0319305
2792;32,0319305
2793;32,0319305
2794;32,0319305
2795;32,0319305
2796;32,0319305
2797;32,0319305
2798;32,0319305
2799;32,0319305
2800;32,0319305
2801;32,0319305
2802;32,0319305
2803;32,0319305
2804;32,0319305
2805;32,0319305
2806;32,0319305
2807;32,0319305
2808;32,0319305
2809;21,26527885
2810;21,26527885
2811;21,26527885
2812;21,26527885
2813;21,26527885
2814;21,26527885
2815;21,26527885
2816;90,59008791
2817;101,9138489
2818;113,2376099
2819;113,2376099
2820;135,8851319
2821;135,8851319
2822;90,59008791
2823;135,8851319
2824;135,8851319
2825;79,26632692
2826;22,64752198
2827;22,3285428
2828;22,3285428
2829;22,3285428
2830;22,3285428
2831;22,3285428
2832;22,3285428
2833;14,05485421
2834;21,4169207
2835;21,4169207
2836;21,4169207
2837;21,4169207
2838;21,4169207
2839;21,4169207
2840;90,28570633
2841;100,7398407
2842;111,1939752
2843;111,1939752
2844;133,0526199
2845;133,0526199
2846;88,38495462
2847;133,0526199
2848;133,0526199
2849;78,40600813
2850;33,46393859
2851;22,08619947
2852;22,08619947
2853;22,08619947
2854;22,08619947
2855;22,08619947
2856;22,08619947
2857;21,9656397
2858;21,9656397
2859;21,9656397
2860;21,9656397
2861;21,9656397
2862;21,9656397
2863;21,9656397
2864;89,79287259
2865;100,189942
2866;110,5870115
2867;110,5870115
2868;132,3263385
2869;132,3263385
2870;87,90249632
2871;132,3263385
2872;132,3263385
2873;77,97802093
2874;33,28127227
2875;21,9656397
2876;21,9656397
2877;21,9656397
2878;21,9656397
2879;21,9656397
2880;21,9656397
2881;22,04703431
2882;22,04703431
2883;22,04703431
2884;22,04703431
2885;22,04703431
2886;22,04703431
2887;22,04703431
2888;90,1256039
2889;100,5612001
2890;110,9967964
2891;110,9967964
2892;132,8166794
2893;132,8166794
2894;88,22822276
2895;132,8166794
2896;132,8166794
2897;78,2669718
2898;33,40459744
2899;22,04703431
2900;22,04703431
2901;22,04703431
2902;22,04703431
2903;22,04703431
2904;22,04703431
2905;33,25318504
2906;20,15344548
2907;20,15344548
2908;20,15344548
2909;20,15344548
2910;20,15344548
2911;20,15344548
2912;85,85367775
2913;107,3170972
2914;118,0488069
2915;118,0488069
2916;139,5122263
2917;139,5122263
2918;96,58538747
2919;139,5122263
2920;107,3170972
2921;50,3836137
2922;33,25318504
2923;21,16111775
2924;20,15344548
2925;20,15344548
2926;20,15344548
2927;20,15344548
2928;20,15344548
2929;33,3523213
2930;30,01708917
2931;30,01708917
2932;30,01708917
2933;30,01708917
2934;30,01708917
2935;30,01708917
2936;30,01708917
2937;30,01708917
2938;30,01708917
2939;30,01708917
2940;30,01708917
2941;30,01708917
2942;30,01708917
2943;30,01708917
2944;30,01708917
2945;30,01708917
2946;30,01708917
2947;30,01708917
2948;30,01708917
2949;30,01708917
2950;30,01708917
2951;30,01708917
2952;30,01708917
2953;30,26324994
2954;30,26324994
2955;30,26324994
2956;30,26324994
2957;30,26324994
2958;30,26324994
2959;30,26324994
2960;30,26324994
2961;30,26324994
2962;30,26324994
2963;30,26324994
2964;30,26324994
2965;30,26324994
2966;30,26324994
2967;30,26324994
2968;30,26324994
2969;30,26324994
2970;30,26324994
2971;30,26324994
2972;30,26324994
2973;30,26324994
2974;30,26324994
2975;30,26324994
2976;30,26324994
2977;20,74978727
2978;20,74978727
2979;20,74978727
2980;20,74978727
2981;20,74978727
2982;20,74978727
2983;20,74978727
2984;88,39409376
2985;99,44335548
2986;110,4926172
2987;110,4926172
2988;132,5911406
2989;132,5911406
2990;88,39409376
2991;132,5911406
2992;132,5911406
2993;77,34483204
2994;22,09852344
2995;21,78727663
2996;21,78727663
2997;21,78727663
2998;21,78727663
2999;21,78727663
3000;21,78727663
3001;13,59517997
3002;20,71646471
3003;20,71646471
3004;20,71646471
3005;20,71646471
3006;20,71646471
3007;20,71646471
3008;87,33284655
3009;97,44507089
3010;107,5572952
3011;107,5572952
3012;128,701037
3013;128,701037
3014;85,49426031
3015;128,701037
3016;128,701037
3017;75,84168253
3018;32,36947611
3019;21,36385423
3020;21,36385423
3021;21,36385423
3022;21,36385423
3023;21,36385423
3024;21,36385423
3025;21,68889802
3026;21,68889802
3027;21,68889802
3028;21,68889802
3029;21,68889802
3030;21,68889802
3031;21,68889802
3032;88,66158614
3033;98,92766453
3034;109,1937429
3035;109,1937429
3036;130,6591796
3037;130,6591796
3038;86,79502643
3039;130,6591796
3040;130,6591796
3041;76,99558796
3042;32,86196669
3043;21,68889802
3044;21,68889802
3045;21,68889802
3046;21,68889802
3047;21,68889802
3048;21,68889802
3049;22,27493922
3050;22,27493922
3051;22,27493922
3052;22,27493922
3053;22,27493922
3054;22,27493922
3055;22,27493922
3056;91,05725156
3057;101,6007228
3058;112,144194
3059;112,144194
3060;134,1896339
3061;134,1896339
3062;89,14025679
3063;134,1896339
3064;134,1896339
3065;79,07603425
3066;33,74990792
3067;22,27493922
3068;22,27493922
3069;22,27493922
3070;22,27493922
3071;22,27493922
3072;22,27493922
3073;33,75086425
3074;20,45506924
3075;20,45506924
3076;20,45506924
3077;20,45506924
3078;20,45506924
3079;20,45506924
3080;87,13859498
3081;108,9232437
3082;119,8155681
3083;119,8155681
3084;141,6002168
3085;141,6002168
3086;98,03091936
3087;141,6002168
3088;108,9232437
3089;51,13767311
3090;33,75086425
3091;21,47782271
3092;20,45506924
3093;20,45506924
3094;20,45506924
3095;20,45506924
3096;20,45506924
3097;33,11521289
3098;29,8036916
3099;29,8036916
3100;29,8036916
3101;29,8036916
3102;29,8036916
3103;29,8036916
3104;29,8036916
3105;29,8036916
3106;29,8036916
3107;29,8036916
3108;29,8036916
3109;29,8036916
3110;29,8036916
3111;29,8036916
3112;29,8036916
3113;29,8036916
3114;29,8036916
3115;29,8036916
3116;29,8036916
3117;29,8036916
3118;29,8036916
3119;29,8036916
3120;29,8036916
3121;29,35211147
3122;29,35211147
3123;29,35211147
3124;29,35211147
3125;29,35211147
3126;29,35211147
3127;29,35211147
3128;29,35211147
3129;29,35211147
3130;29,35211147
3131;29,35211147
3132;29,35211147
3133;29,35211147
3134;29,35211147
3135;29,35211147
3136;29,35211147
3137;29,35211147
3138;29,35211147
3139;29,35211147
3140;29,35211147
3141;29,35211147
3142;29,35211147
3143;29,35211147
3144;29,35211147
3145;21,06220641
3146;21,06220641
3147;21,06220641
3148;21,06220641
3149;21,06220641
3150;21,06220641
3151;21,06220641
3152;89,72499931
3153;100,9406242
3154;112,1562491
3155;112,1562491
3156;134,587499
3157;134,587499
3158;89,72499931
3159;134,587499
3160;134,587499
3161;78,50937439
3162;22,43124983
3163;22,11531673
3164;22,11531673
3165;22,11531673
3166;22,11531673
3167;22,11531673
3168;22,11531673
3169;14,37871561
3170;21,91042378
3171;21,91042378
3172;21,91042378
3173;21,91042378
3174;21,91042378
3175;21,91042378
3176;92,36613026
3177;103,0611559
3178;113,7561815
3179;113,7561815
3180;136,1185077
3181;136,1185077
3182;90,42158015
3183;136,1185077
3184;136,1185077
3185;80,21269207
3186;34,23503716
3187;22,59512453
3188;22,59512453
3189;22,59512453
3190;22,59512453
3191;22,59512453
3192;22,59512453
3193;22,48656522
3194;22,48656522
3195;22,48656522
3196;22,48656522
3197;22,48656522
3198;22,48656522
3199;22,48656522
3200;91,92235296
3201;102,5659938
3202;113,2096347
3203;113,2096347
3204;135,4645202
3205;135,4645202
3206;89,98714553
3207;135,4645202
3208;135,4645202
3209;79,82730652
3210;34,07055336
3211;22,48656522
3212;22,48656522
3213;22,48656522
3214;22,48656522
3215;22,48656522
3216;22,48656522
3217;21,88424509
3218;21,88424509
3219;21,88424509
3220;21,88424509
3221;21,88424509
3222;21,88424509
3223;21,88424509
3224;89,46014128
3225;99,81868395
3226;110,1772266
3227;110,1772266
3228;131,8359977
3229;131,8359977
3230;87,57676988
3231;131,8359977
3232;131,8359977
3233;77,68907006
3234;33,1579471
3235;21,88424509
3236;21,88424509
3237;21,88424509
3238;21,88424509
3239;21,88424509
3240;21,88424509
3241;33,42737277
3242;20,2590138
3243;20,2590138
3244;20,2590138
3245;20,2590138
3246;20,2590138
3247;20,2590138
3248;86,30339878
3249;107,8792485
3250;118,6671733
3251;118,6671733
3252;140,243023
3253;140,243023
3254;97,09132363
3255;140,243023
3256;107,8792485
3257;50,64753449
3258;33,42737277
3259;21,27196449
3260;20,2590138
3261;20,2590138
3262;20,2590138
3263;20,2590138
3264;20,2590138
3265;35,36774281
3266;31,83096853
3267;31,83096853
3268;31,83096853
3269;31,83096853
3270;31,83096853
3271;31,83096853
3272;31,83096853
3273;31,83096853
3274;31,83096853
3275;31,83096853
3276;31,83096853
3277;31,83096853
3278;31,83096853
3279;31,83096853
3280;31,83096853
3281;31,83096853
3282;31,83096853
3283;31,83096853
3284;31,83096853
3285;31,83096853
3286;31,83096853
3287;31,83096853
3288;31,83096853
3289;32,13912326
3290;32,13912326
3291;32,13912326
3292;32,13912326
3293;32,13912326
3294;32,13912326
3295;32,13912326
3296;32,13912326
3297;32,13912326
3298;32,13912326
3299;32,13912326
3300;32,13912326
3301;32,13912326
3302;32,13912326
3303;32,13912326
3304;32,13912326
3305;32,13912326
3306;32,13912326
3307;32,13912326
3308;32,13912326
3309;32,13912326
3310;32,13912326
3311;32,13912326
3312;32,13912326
3313;21,04658545
3314;21,04658545
3315;21,04658545
3316;21,04658545
3317;21,04658545
3318;21,04658545
3319;21,04658545
3320;89,65845403
3321;100,8657608
3322;112,0730675
3323;112,0730675
3324;134,487681
3325;134,487681
3326;89,65845403
3327;134,487681
3328;134,487681
3329;78,45114728
3330;22,41461351
3331;22,09891473
3332;22,09891473
3333;22,09891473
3334;22,09891473
3335;22,09891473
3336;22,09891473
3337;13,74143995
3338;20,93933707
3339;20,93933707
3340;20,93933707
3341;20,93933707
3342;20,93933707
3343;20,93933707
3344;88,27239285
3345;98,49340675
3346;108,7144207
3347;108,7144207
3348;130,0856316
3349;130,0856316
3350;86,41402668
3351;130,0856316
3352;130,0856316
3353;76,65760431
3354;32,71771418
3355;21,59369136
3356;21,59369136
3357;21,59369136
3358;21,59369136
3359;21,59369136
3360;21,59369136
3361;20,94006759
3362;20,94006759
3363;20,94006759
3364;20,94006759
3365;20,94006759
3366;20,94006759
3367;20,94006759
3368;85,60045811
3369;95,5120901
3370;105,4237221
3371;105,4237221
3372;126,1480435
3373;126,1480435
3374;83,7983432
3375;126,1480435
3376;126,1480435
3377;74,33723993
3378;31,72737513
3379;20,94006759
3380;20,94006759
3381;20,94006759
3382;20,94006759
3383;20,94006759
3384;20,94006759
3385;20,71216267
3386;20,71216267
3387;20,71216267
3388;20,71216267
3389;20,71216267
3390;20,71216267
3391;20,71216267
3392;84,66881044
3393;94,47256744
3394;104,2763244
3395;104,2763244
3396;124,7750891
3397;124,7750891
3398;82,88630917
3399;124,7750891
3400;124,7750891
3401;73,52817749
3402;31,38206466
3403;20,71216267
3404;20,71216267
3405;20,71216267
3406;20,71216267
3407;20,71216267
3408;20,71216267
3409;31,80991533
3410;19,27873656
3411;19,27873656
3412;19,27873656
3413;19,27873656
3414;19,27873656
3415;19,27873656
3416;82,12741776
3417;102,6592722
3418;112,9251994
3419;112,9251994
3420;133,4570539
3421;133,4570539
3422;92,39334498
3423;133,4570539
3424;102,6592722
3425;48,19684141
3426;31,80991533
3427;20,24267339
3428;19,27873656
3429;19,27873656
3430;19,27873656
3431;19,27873656
3432;19,27873656
3433;31,6283825
3434;28,46554425
3435;28,46554425
3436;28,46554425
3437;28,46554425
3438;28,46554425
3439;28,46554425
3440;28,46554425
3441;28,46554425
3442;28,46554425
3443;28,46554425
3444;28,46554425
3445;28,46554425
3446;28,46554425
3447;28,46554425
3448;28,46554425
3449;28,46554425
3450;28,46554425
3451;28,46554425
3452;28,46554425
3453;28,46554425
3454;28,46554425
3455;28,46554425
3456;28,46554425
3457;28,7089549
3458;28,7089549
3459;28,7089549
3460;28,7089549
3461;28,7089549
3462;28,7089549
3463;28,7089549
3464;28,7089549
3465;28,7089549
3466;28,7089549
3467;28,7089549
3468;28,7089549
3469;28,7089549
3470;28,7089549
3471;28,7089549
3472;28,7089549
3473;28,7089549
3474;28,7089549
3475;28,7089549
3476;28,7089549
3477;28,7089549
3478;28,7089549
3479;28,7089549
3480;28,7089549
3481;20,40612621
3482;20,40612621
3483;20,40612621
3484;20,40612621
3485;20,40612621
3486;20,40612621
3487;20,40612621
3488;86,93009766
3489;97,79635986
3490;108,6626221
3491;108,6626221
3492;130,3951465
3493;130,3951465
3494;86,93009766
3495;130,3951465
3496;130,3951465
3497;76,06383545
3498;21,73252441
3499;21,42643252
3500;21,42643252
3501;21,42643252
3502;21,42643252
3503;21,42643252
3504;21,42643252
3505;13,6787571
3506;20,84382035
3507;20,84382035
3508;20,84382035
3509;20,84382035
3510;20,84382035
3511;20,84382035
3512;87,86973015
3513;98,04411996
3514;108,2185098
3515;108,2185098
3516;129,4922339
3517;129,4922339
3518;86,01984109
3519;129,4922339
3520;129,4922339
3521;76,30792355
3522;32,56846929
3523;21,49518973
3524;21,49518973
3525;21,49518973
3526;21,49518973
3527;21,49518973
3528;21,49518973
3529;21,36331957
3530;21,36331957
3531;21,36331957
3532;21,36331957
3533;21,36331957
3534;21,36331957
3535;21,36331957
3536;87,33066091
3537;97,44263217
3538;107,5546034
3539;107,5546034
3540;128,6978161
3541;128,6978161
3542;85,49212068
3543;128,6978161
3544;128,6978161
3545;75,83978447
3546;32,36866601
3547;21,36331957
3548;21,36331957
3549;21,36331957
3550;21,36331957
3551;21,36331957
3552;21,36331957
3553;21,15169358
3554;21,15169358
3555;21,15169358
3556;21,15169358
3557;21,15169358
3558;21,15169358
3559;21,15169358
3560;86,46555951
3561;96,47736113
3562;106,4891628
3563;106,4891628
3564;127,4229298
3565;127,4229298
3566;84,64523194
3567;127,4229298
3568;127,4229298
3569;75,0885122
3570;32,04802057
3571;21,15169358
3572;21,15169358
3573;21,15169358
3574;21,15169358
3575;21,15169358
3576;21,15169358
3577;32,13340682
3578;19,47479201
3579;19,47479201
3580;19,47479201
3581;19,47479201
3582;19,47479201
3583;19,47479201
3584;82,96261396
3585;103,7032675
3586;114,0735942
3587;114,0735942
3588;134,8142477
3589;134,8142477
3590;93,33294071
3591;134,8142477
3592;103,7032675
3593;48,68698003
3594;32,13340682
3595;20,44853161
3596;19,47479201
3597;19,47479201
3598;19,47479201
3599;19,47479201
3600;19,47479201
3601;31,59242855
3602;28,4331857
3603;28,4331857
3604;28,4331857
3605;28,4331857
3606;28,4331857
3607;28,4331857
3608;28,4331857
3609;28,4331857
3610;28,4331857
3611;28,4331857
3612;28,4331857
3613;28,4331857
3614;28,4331857
3615;28,4331857
3616;28,4331857
3617;28,4331857
3618;28,4331857
3619;28,4331857
3620;28,4331857
3621;28,4331857
3622;28,4331857
3623;28,4331857
3624;28,4331857
3625;28,5559549
3626;28,5559549
3627;28,5559549
3628;28,5559549
3629;28,5559549
3630;28,5559549
3631;28,5559549
3632;28,5559549
3633;28,5559549
3634;28,5559549
3635;28,5559549
3636;28,5559549
3637;28,5559549
3638;28,5559549
3639;28,5559549
3640;28,5559549
3641;28,5559549
3642;28,5559549
3643;28,5559549
3644;28,5559549
3645;28,5559549
3646;28,5559549
3647;28,5559549
3648;28,5559549
3649;19,96873941
3650;19,96873941
3651;19,96873941
3652;19,96873941
3653;19,96873941
3654;19,96873941
3655;19,96873941
3656;85,06682989
3657;95,70018362
3658;106,3335374
3659;106,3335374
3660;127,6002448
3661;127,6002448
3662;85,06682989
3663;127,6002448
3664;127,6002448
3665;74,43347615
3666;21,26670747
3667;20,96717638
3668;20,96717638
3669;20,96717638
3670;20,96717638
3671;20,96717638
3672;20,96717638
3673;13,77278138
3674;20,98709544
3675;20,98709544
3676;20,98709544
3677;20,98709544
3678;20,98709544
3679;20,98709544
3680;88,47372419
3681;98,71805015
3682;108,9623761
3683;108,9623761
3684;130,3823304
3685;130,3823304
3686;86,61111947
3687;130,3823304
3688;130,3823304
3689;76,83244469
3690;32,79233662
3691;21,64294217
3692;21,64294217
3693;21,64294217
3694;21,64294217
3695;21,64294217
3696;21,64294217
3697;21,39587741
3698;21,39587741
3699;21,39587741
3700;21,39587741
3701;21,39587741
3702;21,39587741
3703;21,39587741
3704;87,46375343
3705;97,59113541
3706;107,7185174
3707;107,7185174
3708;128,8939524
3709;128,8939524
3710;85,62241125
3711;128,8939524
3712;128,8939524
3713;75,95536482
3714;32,41799608
3715;21,39587741
3716;21,39587741
3717;21,39587741
3718;21,39587741
3719;21,39587741
3720;21,39587741
3721;21,24936711
3722;21,24936711
3723;21,24936711
3724;21,24936711
3725;21,24936711
3726;21,24936711
3727;21,24936711
3728;86,86483708
3729;96,92287084
3730;106,9809046
3731;106,9809046
3732;128,0113388
3733;128,0113388
3734;85,03610366
3735;128,0113388
3736;128,0113388
3737;75,43525325
3738;32,19601078
3739;21,24936711
3740;21,24936711
3741;21,24936711
3742;21,24936711
3743;21,24936711
3744;21,24936711
3745;32,40713038
3746;19,64068508
3747;19,64068508
3748;19,64068508
3749;19,64068508
3750;19,64068508
3751;19,64068508
3752;83,66931844
3753;104,5866481
3754;115,0453129
3755;115,0453129
3756;135,9626425
3757;135,9626425
3758;94,12798325
3759;135,9626425
3760;104,5866481
3761;49,1017127
3762;32,40713038
3763;20,62271933
3764;19,64068508
3765;19,64068508
3766;19,64068508
3767;19,64068508
3768;19,64068508
3769;31,60223417
3770;28,44201076
3771;28,44201076
3772;28,44201076
3773;28,44201076
3774;28,44201076
3775;28,44201076
3776;28,44201076
3777;28,44201076
3778;28,44201076
3779;28,44201076
3780;28,44201076
3781;28,44201076
3782;28,44201076
3783;28,44201076
3784;28,44201076
3785;28,44201076
3786;28,44201076
3787;28,44201076
3788;28,44201076
3789;28,44201076
3790;28,44201076
3791;28,44201076
3792;28,44201076
3793;28,57664204
3794;28,57664204
3795;28,57664204
3796;28,57664204
3797;28,57664204
3798;28,57664204
3799;28,57664204
3800;28,57664204
3801;28,57664204
3802;28,57664204
3803;28,57664204
3804;28,57664204
3805;28,57664204
3806;28,57664204
3807;28,57664204
3808;28,57664204
3809;28,57664204
3810;28,57664204
3811;28,57664204
3812;28,57664204
3813;28,57664204
3814;28,57664204
3815;28,57664204
3816;28,57664204
3817;20,17181185
3818;20,17181185
3819;20,17181185
3820;20,17181185
3821;20,17181185
3822;20,17181185
3823;20,17181185
3824;85,93191849
3825;96,67340831
3826;107,4148981
3827;107,4148981
3828;128,8978777
3829;128,8978777
3830;85,93191849
3831;128,8978777
3832;128,8978777
3833;75,19042868
3834;21,48297962
3835;21,18040245
3836;21,18040245
3837;21,18040245
3838;21,18040245
3839;21,18040245
3840;21,18040245
3841;13,50115569
3842;20,57318962
3843;20,57318962
3844;20,57318962
3845;20,57318962
3846;20,57318962
3847;20,57318962
3848;86,72885251
3849;96,77114069
3850;106,8134289
3851;106,8134289
3852;127,8109405
3853;127,8109405
3854;84,90298193
3855;127,8109405
3856;127,8109405
3857;75,31716139
3858;32,14560879
3859;21,2161018
3860;21,2161018
3861;21,2161018
3862;21,2161018
3863;21,2161018
3864;21,2161018
3865;21,1679725
3866;21,1679725
3867;21,1679725
3868;21,1679725
3869;21,1679725
3870;21,1679725
3871;21,1679725
3872;86,53210577
3873;96,55161275
3874;106,5711197
3875;106,5711197
3876;127,520998
3877;127,520998
3878;84,71037723
3879;127,520998
3880;127,520998
3881;75,14630238
3882;32,07268561
3883;21,1679725
3884;21,1679725
3885;21,1679725
3886;21,1679725
3887;21,1679725
3888;21,1679725
3889;21,11913573
3890;21,11913573
3891;21,11913573
3892;21,11913573
3893;21,11913573
3894;21,11913573
3895;21,11913573
3896;86,33246698
3897;96,3288579
3898;106,3252488
3899;106,3252488
3900;127,2267934
3901;127,2267934
3902;84,51494136
3903;127,2267934
3904;127,2267934
3905;74,97293185
3906;31,99869051
3907;21,11913573
3908;21,11913573
3909;21,11913573
3910;21,11913573
3911;21,11913573
3912;21,11913573
3913;32,80527375
3914;19,88198409
3915;19,88198409
3916;19,88198409
3917;19,88198409
3918;19,88198409
3919;19,88198409
3920;84,69725223
3921;105,8715653
3922;116,4587218
3923;116,4587218
3924;137,6330349
3925;137,6330349
3926;95,28440876
3927;137,6330349
3928;105,8715653
3929;49,70496023
3930;32,80527375
3931;20,8760833
3932;19,88198409
3933;19,88198409
3934;19,88198409
3935;19,88198409
3936;19,88198409
3937;31,61530834
3938;28,4537775
3939;28,4537775
3940;28,4537775
3941;28,4537775
3942;28,4537775
3943;28,4537775
3944;28,4537775
3945;28,4537775
3946;28,4537775
3947;28,4537775
3948;28,4537775
3949;28,4537775
3950;28,4537775
3951;28,4537775
3952;28,4537775
3953;28,4537775
3954;28,4537775
3955;28,4537775
3956;28,4537775
3957;28,4537775
3958;28,4537775
3959;28,4537775
3960;28,4537775
3961;28,58550795
3962;28,58550795
3963;28,58550795
3964;28,58550795
3965;28,58550795
3966;28,58550795
3967;28,58550795
3968;28,58550795
3969;28,58550795
3970;28,58550795
3971;28,58550795
3972;28,58550795
3973;28,58550795
3974;28,58550795
3975;28,58550795
3976;28,58550795
3977;28,58550795
3978;28,58550795
3979;28,58550795
3980;28,58550795
3981;28,58550795
3982;28,58550795
3983;28,58550795
3984;28,58550795
3985;20,07808611
3986;20,07808611
3987;20,07808611
3988;20,07808611
3989;20,07808611
3990;20,07808611
3991;20,07808611
3992;85,53264683
3993;96,22422768
3994;106,9158085
3995;106,9158085
3996;128,2989702
3997;128,2989702
3998;85,53264683
3999;128,2989702
4000;128,2989702
4001;74,84106598
4002;21,38316171
4003;21,08199042
4004;21,08199042
4005;21,08199042
4006;21,08199042
4007;21,08199042
4008;21,08199042
4009;13,44891998
4010;20,49359235
4011;20,49359235
4012;20,49359235
4013;20,49359235
4014;20,49359235
4015;20,49359235
4016;86,39330026
4017;96,39673503
4018;106,4001698
4019;106,4001698
4020;127,3164425
4021;127,3164425
4022;84,57449394
4023;127,3164425
4024;127,3164425
4025;75,02576075
4026;32,02123805
4027;21,13401711
4028;21,13401711
4029;21,13401711
4030;21,13401711
4031;21,13401711
4032;21,13401711
4033;20,69588375
4034;20,69588375
4035;20,69588375
4036;20,69588375
4037;20,69588375
4038;20,69588375
4039;20,69588375
4040;84,60226418
4041;94,39831582
4042;104,1943675
4043;104,1943675
4044;124,6770209
4045;124,6770209
4046;82,82116388
4047;124,6770209
4048;124,6770209
4049;73,47038732
4050;31,35739962
4051;20,69588375
4052;20,69588375
4053;20,69588375
4054;20,69588375
4055;20,69588375
4056;20,69588375
4057;20,32146854
4058;20,32146854
4059;20,32146854
4060;20,32146854
4061;20,32146854
4062;20,32146854
4063;20,32146854
4064;83,07170016
4065;92,6905286
4066;102,309357
4067;102,309357
4068;122,4214529
4069;122,4214529
4070;81,32282227
4071;122,4214529
4072;122,4214529
4073;72,1412133
4074;30,79010384
4075;20,32146854
4076;20,32146854
4077;20,32146854
4078;20,32146854
4079;20,32146854
4080;20,32146854
4081;30,41641354
4082;18,43419002
4083;18,43419002
4084;18,43419002
4085;18,43419002
4086;18,43419002
4087;18,43419002
4088;78,5296495
4089;98,16206187
4090;107,9782681
4091;107,9782681
4092;127,6106804
4093;127,6106804
4094;88,34585569
4095;127,6106804
4096;98,16206187
4097;46,08547506
4098;30,41641354
4099;19,35589952
4100;18,43419002
4101;18,43419002
4102;18,43419002
4103;18,43419002
4104;18,43419002
4105;31,45678411
4106;28,31110569
4107;28,31110569
4108;28,31110569
4109;28,31110569
4110;28,31110569
4111;28,31110569
4112;28,31110569
4113;28,31110569
4114;28,31110569
4115;28,31110569
4116;28,31110569
4117;28,31110569
4118;28,31110569
4119;28,31110569
4120;28,31110569
4121;28,31110569
4122;28,31110569
4123;28,31110569
4124;28,31110569
4125;28,31110569
4126;28,31110569
4127;28,31110569
4128;28,31110569
4129;28,47320634
4130;28,47320634
4131;28,47320634
4132;28,47320634
4133;28,47320634
4134;28,47320634
4135;28,47320634
4136;28,47320634
4137;28,47320634
4138;28,47320634
4139;28,47320634
4140;28,47320634
4141;28,47320634
4142;28,47320634
4143;28,47320634
4144;28,47320634
4145;28,47320634
4146;28,47320634
4147;28,47320634
4148;28,47320634
4149;28,47320634
4150;28,47320634
4151;28,47320634
4152;28,47320634
4153;19,53135261
4154;19,53135261
4155;19,53135261
4156;19,53135261
4157;19,53135261
4158;19,53135261
4159;19,53135261
4160;83,20356212
4161;93,60400739
4162;104,0044527
4163;104,0044527
4164;124,8053432
4165;124,8053432
4166;83,20356212
4167;124,8053432
4168;124,8053432
4169;72,80311686
4170;20,80089053
4171;20,50792024
4172;20,50792024
4173;20,50792024
4174;20,50792024
4175;20,50792024
4176;20,50792024
4177;13,69965139
4178;20,87565926
4179;20,87565926
4180;20,87565926
4181;20,87565926
4182;20,87565926
4183;20,87565926
4184;88,00395105
4185;98,19388222
4186;108,3838134
4187;108,3838134
4188;129,6900331
4189;129,6900331
4190;86,15123629
4191;129,6900331
4192;129,6900331
4193;76,4244838
4194;32,61821759
4195;21,52802361
4196;21,52802361
4197;21,52802361
4198;21,52802361
4199;21,52802361
4200;21,52802361
4201;20,69588375
4202;20,69588375
4203;20,69588375
4204;20,69588375
4205;20,69588375
4206;20,69588375
4207;20,69588375
4208;84,60226418
4209;94,39831582
4210;104,1943675
4211;104,1943675
4212;124,6770209
4213;124,6770209
4214;82,82116388
4215;124,6770209
4216;124,6770209
4217;73,47038732
4218;31,35739962
4219;20,69588375
4220;20,69588375
4221;20,69588375
4222;20,69588375
4223;20,69588375
4224;20,69588375
4225;20,35402638
4226;20,35402638
4227;20,35402638
4228;20,35402638
4229;20,35402638
4230;20,35402638
4231;20,35402638
4232;83,20479269
4233;92,83903184
4234;102,473271
4235;102,473271
4236;122,6175892
4237;122,6175892
4238;81,45311284
4239;122,6175892
4240;122,6175892
4241;72,25679365
4242;30,83943391
4243;20,35402638
4244;20,35402638
4245;20,35402638
4246;20,35402638
4247;20,35402638
4248;20,35402638
4249;31,21270028
4250;18,91678805
4251;18,91678805
4252;18,91678805
4253;18,91678805
4254;18,91678805
4255;18,91678805
4256;80,58551708
4257;100,7318963
4258;110,805086
4259;110,805086
4260;130,9514653
4261;130,9514653
4262;90,65870671
4263;130,9514653
4264;100,7318963
4265;47,29197012
4266;31,21270028
4267;19,86262745
4268;18,91678805
4269;18,91678805
4270;18,91678805
4271;18,91678805
4272;18,91678805
4273;31,60550271
4274;28,44495244
4275;28,44495244
4276;28,44495244
4277;28,44495244
4278;28,44495244
4279;28,44495244
4280;28,44495244
4281;28,44495244
4282;28,44495244
4283;28,44495244
4284;28,44495244
4285;28,44495244
4286;28,44495244
4287;28,44495244
4288;28,44495244
4289;28,44495244
4290;28,44495244
4291;28,44495244
4292;28,44495244
4293;28,44495244
4294;28,44495244
4295;28,44495244
4296;28,44495244
4297;28,53526776
4298;28,53526776
4299;28,53526776
4300;28,53526776
4301;28,53526776
4302;28,53526776
4303;28,53526776
4304;28,53526776
4305;28,53526776
4306;28,53526776
4307;28,53526776
4308;28,53526776
4309;28,53526776
4310;28,53526776
4311;28,53526776
4312;28,53526776
4313;28,53526776
4314;28,53526776
4315;28,53526776
4316;28,53526776
4317;28,53526776
4318;28,53526776
4319;28,53526776
4320;28,53526776
4321;19,51573165
4322;19,51573165
4323;19,51573165
4324;19,51573165
4325;19,51573165
4326;19,51573165
4327;19,51573165
4328;83,13701684
4329;93,52914395
4330;103,9212711
4331;103,9212711
4332;124,7055253
4333;124,7055253
4334;83,13701684
4335;124,7055253
4336;124,7055253
4337;72,74488974
4338;20,78425421
4339;20,49151824
4340;20,49151824
4341;20,49151824
4342;20,49151824
4343;20,49151824
4344;20,49151824
4345;13,3548957
4346;20,35031726
4347;20,35031726
4348;20,35031726
4349;20,35031726
4350;20,35031726
4351;20,35031726
4352;85,78930622
4353;95,72280483
4354;105,6563034
4355;105,6563034
4356;126,426346
4357;126,426346
4358;83,98321556
4359;126,426346
4360;126,426346
4361;74,50123961
4362;31,79737073
4363;20,98626468
4364;20,98626468
4365;20,98626468
4366;20,98626468
4367;20,98626468
4368;20,98626468
4369;20,66332591
4370;20,66332591
4371;20,66332591
4372;20,66332591
4373;20,66332591
4374;20,66332591
4375;20,66332591
4376;84,46917166
4377;94,24981259
4378;104,0304535
4379;104,0304535
4380;124,4808845
4381;124,4808845
4382;82,69087331
4383;124,4808845
4384;124,4808845
4385;73,35480697
4386;31,30806955
4387;20,66332591
4388;20,66332591
4389;20,66332591
4390;20,66332591
4391;20,66332591
4392;20,66332591
4393;20,66332591
4394;20,66332591
4395;20,66332591
4396;20,66332591
4397;20,66332591
4398;20,66332591
4399;20,66332591
4400;84,46917166
4401;94,24981259
4402;104,0304535
4403;104,0304535
4404;124,4808845
4405;124,4808845
4406;82,69087331
4407;124,4808845
4408;124,4808845
4409;73,35480697
4410;31,30806955
4411;20,66332591
4412;20,66332591
4413;20,66332591
4414;20,66332591
4415;20,66332591
4416;20,66332591
4417;31,03851255
4418;18,81121973
4419;18,81121973
4420;18,81121973
4421;18,81121973
4422;18,81121973
4423;18,81121973
4424;80,13579604
4425;100,1697451
4426;110,1867196
4427;110,1867196
4428;130,2206686
4429;130,2206686
4430;90,15277055
4431;130,2206686
4432;100,1697451
4433;47,02804932
4434;31,03851255
4435;19,75178072
4436;18,81121973
4437;18,81121973
4438;18,81121973
4439;18,81121973
4440;18,81121973
4441;31,53196055
4442;28,37876449
4443;28,37876449
4444;28,37876449
4445;28,37876449
4446;28,37876449
4447;28,37876449
4448;28,37876449
4449;28,37876449
4450;28,37876449
4451;28,37876449
4452;28,37876449
4453;28,37876449
4454;28,37876449
4455;28,37876449
4456;28,37876449
4457;28,37876449
4458;28,37876449
4459;28,37876449
4460;28,37876449
4461;28,37876449
4462;28,37876449
4463;28,37876449
4464;28,37876449
4465;28,53526776
4466;28,53526776
4467;28,53526776
4468;28,53526776
4469;28,53526776
4470;28,53526776
4471;28,53526776
4472;28,53526776
4473;28,53526776
4474;28,53526776
4475;28,53526776
4476;28,53526776
4477;28,53526776
4478;28,53526776
4479;28,53526776
4480;28,53526776
4481;28,53526776
4482;28,53526776
4483;28,53526776
4484;28,53526776
4485;28,53526776
4486;28,53526776
4487;28,53526776
4488;28,53526776
4489;19,70318314
4490;19,70318314
4491;19,70318314
4492;19,70318314
4493;19,70318314
4494;19,70318314
4495;19,70318314
4496;83,93556017
4497;94,42750519
4498;104,9194502
4499;104,9194502
4500;125,9033403
4501;125,9033403
4502;83,93556017
4503;125,9033403
4504;125,9033403
4505;73,44361515
4506;20,98389004
4507;20,6883423
4508;20,6883423
4509;20,6883423
4510;20,6883423
4511;20,6883423
4512;20,6883423
4513;13,09371716
4514;19,95233091
4515;19,95233091
4516;19,95233091
4517;19,95233091
4518;19,95233091
4519;19,95233091
4520;84,11154498
4521;93,85077651
4522;103,590008
4523;103,590008
4524;123,9538558
4525;123,9538558
4526;82,34077562
4527;123,9538558
4528;123,9538558
4529;73,04423643
4530;31,17551704
4531;20,57584125
4532;20,57584125
4533;20,57584125
4534;20,57584125
4535;20,57584125
4536;20,57584125
4537;20,01216901
4538;20,01216901
4539;20,01216901
4540;20,01216901
4541;20,01216901
4542;20,01216901
4543;20,01216901
4544;81,80732119
4545;91,27974786
4546;100,7521745
4547;100,7521745
4548;120,5581575
4549;120,5581575
4550;80,0850618
4551;120,5581575
4552;120,5581575
4553;71,04319998
4554;30,3214682
4555;20,01216901
4556;20,01216901
4557;20,01216901
4558;20,01216901
4559;20,01216901
4560;20,01216901
4561;19,68659056
4562;19,68659056
4563;19,68659056
4564;19,68659056
4565;19,68659056
4566;19,68659056
4567;19,68659056
4568;80,47639596
4569;89,79471549
4570;99,11303503
4571;99,11303503
4572;118,596794
4573;118,596794
4574;78,78215605
4575;118,596794
4576;118,596794
4577;69,88739649
4578;29,82816752
4579;19,68659056
4580;19,68659056
4581;19,68659056
4582;19,68659056
4583;19,68659056
4584;19,68659056
4585;30,19245789
4586;18,29845933
4587;18,29845933
4588;18,29845933
4589;18,29845933
4590;18,29845933
4591;18,29845933
4592;77,95143674
4593;97,43929593
4594;107,1832255
4595;107,1832255
4596;126,6710847
4597;126,6710847
4598;87,69536634
4599;126,6710847
4600;97,43929593
4601;45,74614832
4602;30,19245789
4603;19,2133823
4604;18,29845933
4605;18,29845933
4606;18,29845933
4607;18,29845933
4608;18,29845933
4609;31,46005265
4610;28,31404738
4611;28,31404738
4612;28,31404738
4613;28,31404738
4614;28,31404738
4615;28,31404738
4616;28,31404738
4617;28,31404738
4618;28,31404738
4619;28,31404738
4620;28,31404738
4621;28,31404738
4622;28,31404738
4623;28,31404738
4624;28,31404738
4625;28,31404738
4626;28,31404738
4627;28,31404738
4628;28,31404738
4629;28,31404738
4630;28,31404738
4631;28,31404738
4632;28,31404738
4633;28,49241583
4634;28,49241583
4635;28,49241583
4636;28,49241583
4637;28,49241583
4638;28,49241583
4639;28,49241583
4640;28,49241583
4641;28,49241583
4642;28,49241583
4643;28,49241583
4644;28,49241583
4645;28,49241583
4646;28,49241583
4647;28,49241583
4648;28,49241583
4649;28,49241583
4650;28,49241583
4651;28,49241583
4652;28,49241583
4653;28,49241583
4654;28,49241583
4655;28,49241583
4656;28,49241583
4657;19,32828017
4658;19,32828017
4659;19,32828017
4660;19,32828017
4661;19,32828017
4662;19,32828017
4663;19,32828017
4664;82,33847351
4665;92,6307827
4666;102,9230919
4667;102,9230919
4668;123,5077103
4669;123,5077103
4670;82,33847351
4671;123,5077103
4672;123,5077103
4673;72,04616432
4674;20,58461838
4675;20,29469418
4676;20,29469418
4677;20,29469418
4678;20,29469418
4679;20,29469418
4680;20,29469418
4681;12,73851433
4682;19,41106946
4683;19,41106946
4684;19,41106946
4685;19,41106946
4686;19,41106946
4687;19,41106946
4688;81,8297897
4689;91,30481799
4690;100,7798463
4691;100,7798463
4692;120,591269
4693;120,591269
4694;80,10705729
4695;120,591269
4696;120,591269
4697;71,06271211
4698;30,32979604
4699;20,01766538
4700;20,01766538
4701;20,01766538
4702;20,01766538
4703;20,01766538
4704;20,01766538
4705;19,60519595
4706;19,60519595
4707;19,60519595
4708;19,60519595
4709;19,60519595
4710;19,60519595
4711;19,60519595
4712;80,14366465
4713;89,4234574
4714;98,70325015
4715;98,70325015
4716;118,1064532
4717;118,1064532
4718;78,45642961
4719;118,1064532
4720;118,1064532
4721;69,59844562
4722;29,70484235
4723;19,60519595
4724;19,60519595
4725;19,60519595
4726;19,60519595
4727;19,60519595
4728;19,60519595
4729;19,70286948
4730;19,70286948
4731;19,70286948
4732;19,70286948
4733;19,70286948
4734;19,70286948
4735;19,70286948
4736;80,54294222
4737;89,86896711
4738;99,194992
4739;99,194992
4740;118,6948622
4741;118,6948622
4742;78,84730133
4743;118,6948622
4744;118,6948622
4745;69,94518667
4746;29,85283255
4747;19,70286948
4748;19,70286948
4749;19,70286948
4750;19,70286948
4751;19,70286948
4752;19,70286948
4753;30,19245789
4754;18,29845933
4755;18,29845933
4756;18,29845933
4757;18,29845933
4758;18,29845933
4759;18,29845933
4760;77,95143674
4761;97,43929593
4762;107,1832255
4763;107,1832255
4764;126,6710847
4765;126,6710847
4766;87,69536634
4767;126,6710847
4768;97,43929593
4769;45,74614832
4770;30,19245789
4771;19,2133823
4772;18,29845933
4773;18,29845933
4774;18,29845933
4775;18,29845933
4776;18,29845933
4777;31,46168692
4778;28,31551823
4779;28,31551823
4780;28,31551823
4781;28,31551823
4782;28,31551823
4783;28,31551823
4784;28,31551823
4785;28,31551823
4786;28,31551823
4787;28,31551823
4788;28,31551823
4789;28,31551823
4790;28,31551823
4791;28,31551823
4792;28,31551823
4793;28,31551823
4794;28,31551823
4795;28,31551823
4796;28,31551823
4797;28,31551823
4798;28,31551823
4799;28,31551823
4800;28,31551823
4801;28,48354991
4802;28,48354991
4803;28,48354991
4804;28,48354991
4805;28,48354991
4806;28,48354991
4807;28,48354991
4808;28,48354991
4809;28,48354991
4810;28,48354991
4811;28,48354991
4812;28,48354991
4813;28,48354991
4814;28,48354991
4815;28,48354991
4816;28,48354991
4817;28,48354991
4818;28,48354991
4819;28,48354991
4820;28,48354991
4821;28,48354991
4822;28,48354991
4823;28,48354991
4824;28,48354991
4825;19,62507835
4826;19,62507835
4827;19,62507835
4828;19,62507835
4829;19,62507835
4830;19,62507835
4831;19,62507835
4832;83,60283378
4833;94,05318801
4834;104,5035422
4835;104,5035422
4836;125,4042507
4837;125,4042507
4838;83,60283378
4839;125,4042507
4840;125,4042507
4841;73,15247956
4842;20,90070845
4843;20,60633227
4844;20,60633227
4845;20,60633227
4846;20,60633227
4847;20,60633227
4848;20,60633227
4849;13,12505858
4850;20,00008927
4851;20,00008927
4852;20,00008927
4853;20,00008927
4854;20,00008927
4855;20,00008927
4856;84,31287633
4857;94,07541991
4858;103,8379635
4859;103,8379635
4860;124,2505546
4861;124,2505546
4862;82,53786841
4863;124,2505546
4864;124,2505546
4865;73,21907681
4866;31,25013949
4867;20,62509206
4868;20,62509206
4869;20,62509206
4870;20,62509206
4871;20,62509206
4872;20,62509206
4873;20,17495823
4874;20,17495823
4875;20,17495823
4876;20,17495823
4877;20,17495823
4878;20,17495823
4879;20,17495823
4880;82,47278381
4881;92,02226404
4882;101,5717443
4883;101,5717443
4884;121,5388393
4885;121,5388393
4886;80,73651468
4887;121,5388393
4888;121,5388393
4889;71,62110173
4890;30,56811854
4891;20,17495823
4892;20,17495823
4893;20,17495823
4894;20,17495823
4895;20,17495823
4896;20,17495823
4897;19,68659056
4898;19,68659056
4899;19,68659056
4900;19,68659056
4901;19,68659056
4902;19,68659056
4903;19,68659056
4904;80,47639596
4905;89,79471549
4906;99,11303503
4907;99,11303503
4908;118,596794
4909;118,596794
4910;78,78215605
4911;118,596794
4912;118,596794
4913;69,88739649
4914;29,82816752
4915;19,68659056
4916;19,68659056
4917;19,68659056
4918;19,68659056
4919;19,68659056
4920;19,68659056
4921;31,66061157
4922;19,18824943
4923;19,18824943
4924;19,18824943
4925;19,18824943
4926;19,18824943
4927;19,18824943
4928;81,74194259
4929;102,1774282
4930;112,3951711
4931;112,3951711
4932;132,8306567
4933;132,8306567
4934;91,95968541
4935;132,8306567
4936;102,1774282
4937;47,97062359
4938;31,66061157
4939;20,14766191
4940;19,18824943
4941;19,18824943
4942;19,18824943
4943;19,18824943
4944;19,18824943
4945;31,60550271
4946;28,44495244
4947;28,44495244
4948;28,44495244
4949;28,44495244
4950;28,44495244
4951;28,44495244
4952;28,44495244
4953;28,44495244
4954;28,44495244
4955;28,44495244
4956;28,44495244
4957;28,44495244
4958;28,44495244
4959;28,44495244
4960;28,44495244
4961;28,44495244
4962;28,44495244
4963;28,44495244
4964;28,44495244
4965;28,44495244
4966;28,44495244
4967;28,44495244
4968;28,44495244
4969;28,56482081
4970;28,56482081
4971;28,56482081
4972;28,56482081
4973;28,56482081
4974;28,56482081
4975;28,56482081
4976;28,56482081
4977;28,56482081
4978;28,56482081
4979;28,56482081
4980;28,56482081
4981;28,56482081
4982;28,56482081
4983;28,56482081
4984;28,56482081
4985;28,56482081
4986;28,56482081
4987;28,56482081
4988;28,56482081
4989;28,56482081
4990;28,56482081
4991;28,56482081
4992;28,56482081
4993;19,48448974
4994;19,48448974
4995;19,48448974
4996;19,48448974
4997;19,48448974
4998;19,48448974
4999;19,48448974
5000;83,00392629
5001;93,37941707
5002;103,7549079
5003;103,7549079
5004;124,5058894
5005;124,5058894
5006;83,00392629
5007;124,5058894
5008;124,5058894
5009;72,6284355
5010;20,75098157
5011;20,45871423
5012;20,45871423
5013;20,45871423
5014;20,45871423
5015;20,45871423
5016;20,45871423
5017;12,89522146
5018;19,64986128
5019;19,64986128
5020;19,64986128
5021;19,64986128
5022;19,64986128
5023;19,64986128
5024;82,83644644
5025;92,42803498
5026;102,0196235
5027;102,0196235
5028;122,0747632
5029;122,0747632
5030;81,09252126
5031;122,0747632
5032;122,0747632
5033;71,93691402
5034;30,70290824
5035;20,26391944
5036;20,26391944
5037;20,26391944
5038;20,26391944
5039;20,26391944
5040;20,26391944
5041;20,48425776
5042;20,48425776
5043;20,48425776
5044;20,48425776
5045;20,48425776
5046;20,48425776
5047;20,48425776
5048;83,73716278
5049;93,43304479
5050;103,1289268
5051;103,1289268
5052;123,4021346
5053;123,4021346
5054;81,97427514
5055;123,4021346
5056;123,4021346
5057;72,71911505
5058;31,03675418
5059;20,48425776
5060;20,48425776
5061;20,48425776
5062;20,48425776
5063;20,48425776
5064;20,48425776
5065;20,53309453
5066;20,53309453
5067;20,53309453
5068;20,53309453
5069;20,53309453
5070;20,53309453
5071;20,53309453
5072;83,93680157
5073;93,65579964
5074;103,3747977
5075;103,3747977
5076;123,6963391
5077;123,6963391
5078;82,16971101
5079;123,6963391
5080;123,6963391
5081;72,89248557
5082;31,11074928
5083;20,53309453
5084;20,53309453
5085;20,53309453
5086;20,53309453
5087;20,53309453
5088;20,53309453
5089;31,73526345
5090;19,233493
5091;19,233493
5092;19,233493
5093;19,233493
5094;19,233493
5095;19,233493
5096;81,93468018
5097;102,4183502
5098;112,6601852
5099;112,6601852
5100;133,1438553
5101;133,1438553
5102;92,1765152
5103;133,1438553
5104;102,4183502
5105;48,0837325
5106;31,73526345
5107;20,19516765
5108;19,233493
5109;19,233493
5110;19,233493
5111;19,233493
5112;19,233493
5113;31,54830325
5114;28,39347292
5115;28,39347292
5116;28,39347292
5117;28,39347292
5118;28,39347292
5119;28,39347292
5120;28,39347292
5121;28,39347292
5122;28,39347292
5123;28,39347292
5124;28,39347292
5125;28,39347292
5126;28,39347292
5127;28,39347292
5128;28,39347292
5129;28,39347292
5130;28,39347292
5131;28,39347292
5132;28,39347292
5133;28,39347292
5134;28,39347292
5135;28,39347292
5136;28,39347292
5137;28,52640184
5138;28,52640184
5139;28,52640184
5140;28,52640184
5141;28,52640184
5142;28,52640184
5143;28,52640184
5144;28,52640184
5145;28,52640184
5146;28,52640184
5147;28,52640184
5148;28,52640184
5149;28,52640184
5150;28,52640184
5151;28,52640184
5152;28,52640184
5153;28,52640184
5154;28,52640184
5155;28,52640184
5156;28,52640184
5157;28,52640184
5158;28,52640184
5159;28,52640184
5160;28,52640184
5161;20,29677951
5162;20,29677951
5163;20,29677951
5164;20,29677951
5165;20,29677951
5166;20,29677951
5167;20,29677951
5168;86,46428071
5169;97,2723158
5170;108,0803509
5171;108,0803509
5172;129,6964211
5173;129,6964211
5174;86,46428071
5175;129,6964211
5176;129,6964211
5177;75,65624562
5178;21,61607018
5179;21,31161849
5180;21,31161849
5181;21,31161849
5182;21,31161849
5183;21,31161849
5184;21,31161849
5185;13,68920424
5186;20,8597398
5187;20,8597398
5188;20,8597398
5189;20,8597398
5190;20,8597398
5191;20,8597398
5192;87,9368406
5193;98,11900109
5194;108,3011616
5195;108,3011616
5196;129,5911335
5197;129,5911335
5198;86,08553869
5199;129,5911335
5200;129,5911335
5201;76,36620368
5202;32,59334344
5203;21,51160667
5204;21,51160667
5205;21,51160667
5206;21,51160667
5207;21,51160667
5208;21,51160667
5209;21,4609931
5210;21,4609931
5211;21,4609931
5212;21,4609931
5213;21,4609931
5214;21,4609931
5215;21,4609931
5216;87,72993848
5217;97,88814188
5218;108,0463453
5219;108,0463453
5220;129,2862251
5221;129,2862251
5222;85,8829924
5223;129,2862251
5224;129,2862251
5225;76,18652552
5226;32,51665622
5227;21,4609931
5228;21,4609931
5229;21,4609931
5230;21,4609931
5231;21,4609931
5232;21,4609931
5233;21,80285047
5234;21,80285047
5235;21,80285047
5236;21,80285047
5237;21,80285047
5238;21,80285047
5239;21,80285047
5240;89,12740997
5241;99,44742586
5242;109,7674418
5243;109,7674418
5244;131,3456568
5245;131,3456568
5246;87,25104345
5247;131,3456568
5248;131,3456568
5249;77,40011919
5250;33,03462193
5251;21,80285047
5252;21,80285047
5253;21,80285047
5254;21,80285047
5255;21,80285047
5256;21,80285047
5257;32,40713038
5258;19,64068508
5259;19,64068508
5260;19,64068508
5261;19,64068508
5262;19,64068508
5263;19,64068508
5264;83,66931844
5265;104,5866481
5266;115,0453129
5267;115,0453129
5268;135,9626425
5269;135,9626425
5270;94,12798325
5271;135,9626425
5272;104,5866481
5273;49,1017127
5274;32,40713038
5275;20,62271933
5276;19,64068508
5277;19,64068508
5278;19,64068508
5279;19,64068508
5280;19,64068508
5281;31,62184542
5282;28,45966088
5283;28,45966088
5284;28,45966088
5285;28,45966088
5286;28,45966088
5287;28,45966088
5288;28,45966088
5289;28,45966088
5290;28,45966088
5291;28,45966088
5292;28,45966088
5293;28,45966088
5294;28,45966088
5295;28,45966088
5296;28,45966088
5297;28,45966088
5298;28,45966088
5299;28,45966088
5300;28,45966088
5301;28,45966088
5302;28,45966088
5303;28,45966088
5304;28,45966088
5305;28,58994091
5306;28,58994091
5307;28,58994091
5308;28,58994091
5309;28,58994091
5310;28,58994091
5311;28,58994091
5312;28,58994091
5313;28,58994091
5314;28,58994091
5315;28,58994091
5316;28,58994091
5317;28,58994091
5318;28,58994091
5319;28,58994091
5320;28,58994091
5321;28,58994091
5322;28,58994091
5323;28,58994091
5324;28,58994091
5325;28,58994091
5326;28,58994091
5327;28,58994091
5328;28,58994091
5329;20,06246515
5330;20,06246515
5331;20,06246515
5332;20,06246515
5333;20,06246515
5334;20,06246515
5335;20,06246515
5336;85,46610155
5337;96,14936425
5338;106,8326269
5339;106,8326269
5340;128,1991523
5341;128,1991523
5342;85,46610155
5343;128,1991523
5344;128,1991523
5345;74,78283886
5346;21,36652539
5347;21,06558841
5348;21,06558841
5349;21,06558841
5350;21,06558841
5351;21,06558841
5352;21,06558841
5353;13,17729429
5354;20,07968654
5355;20,07968654
5356;20,07968654
5357;20,07968654
5358;20,07968654
5359;20,07968654
5360;84,64842858
5361;94,44982557
5362;104,2512226
5363;104,2512226
5364;124,7450526
5365;124,7450526
5366;82,8663564
5367;124,7450526
5368;124,7450526
5369;73,51047745
5370;31,37451022
5371;20,70717675
5372;20,70717675
5373;20,70717675
5374;20,70717675
5375;20,70717675
5376;20,70717675
5377;20,10984254
5378;20,10984254
5379;20,10984254
5380;20,10984254
5381;20,10984254
5382;20,10984254
5383;20,10984254
5384;82,20659876
5385;91,72525757
5386;101,2439164
5387;101,2439164
5388;121,1465666
5389;121,1465666
5390;80,47593353
5391;121,1465666
5392;121,1465666
5393;71,38994103
5394;30,4694584
5395;20,10984254
5396;20,10984254
5397;20,10984254
5398;20,10984254
5399;20,10984254
5400;20,10984254
5401;20,0772847
5402;20,0772847
5403;20,0772847
5404;20,0772847
5405;20,0772847
5406;20,0772847
5407;20,0772847
5408;82,07350624
5409;91,57675433
5410;101,0800024
5411;101,0800024
5412;120,9504302
5413;120,9504302
5414;80,34564295
5415;120,9504302
5416;120,9504302
5417;71,27436068
5418;30,42012833
5419;20,0772847
5420;20,0772847
5421;20,0772847
5422;20,0772847
5423;20,0772847
5424;20,0772847
5425;30,51594938
5426;18,49451478
5427;18,49451478
5428;18,49451478
5429;18,49451478
5430;18,49451478
5431;18,49451478
5432;78,78663295
5433;98,48329118
5434;108,3316203
5435;108,3316203
5436;128,0282785
5437;128,0282785
5438;88,63496206
5439;128,0282785
5440;98,48329118
5441;46,23628694
5442;30,51594938
5443;19,41924051
5444;18,49451478
5445;18,49451478
5446;18,49451478
5447;18,49451478
5448;18,49451478
5449;31,4845667
5450;28,33611003
5451;28,33611003
5452;28,33611003
5453;28,33611003
5454;28,33611003
5455;28,33611003
5456;28,33611003
5457;28,33611003
5458;28,33611003
5459;28,33611003
5460;28,33611003
5461;28,33611003
5462;28,33611003
5463;28,33611003
5464;28,33611003
5465;28,33611003
5466;28,33611003
5467;28,33611003
5468;28,33611003
5469;28,33611003
5470;28,33611003
5471;28,33611003
5472;28,33611003
5473;28,51162531
5474;28,51162531
5475;28,51162531
5476;28,51162531
5477;28,51162531
5478;28,51162531
5479;28,51162531
5480;28,51162531
5481;28,51162531
5482;28,51162531
5483;28,51162531
5484;28,51162531
5485;28,51162531
5486;28,51162531
5487;28,51162531
5488;28,51162531
5489;28,51162531
5490;28,51162531
5491;28,51162531
5492;28,51162531
5493;28,51162531
5494;28,51162531
5495;28,51162531
5496;28,51162531
5497;19,390764
5498;19,390764
5499;19,390764
5500;19,390764
5501;19,390764
5502;19,390764
5503;19,390764
5504;82,60465462
5505;92,93023645
5506;103,2558183
5507;103,2558183
5508;123,9069819
5509;123,9069819
5510;82,60465462
5511;123,9069819
5512;123,9069819
5513;72,2790728
5514;20,65116366
5515;20,3603022
5516;20,3603022
5517;20,3603022
5518;20,3603022
5519;20,3603022
5520;20,3603022
5521;12,86388004
5522;19,60210291
5523;19,60210291
5524;19,60210291
5525;19,60210291
5526;19,60210291
5527;19,60210291
5528;82,6351151
5529;92,20339158
5530;101,7716681
5531;101,7716681
5532;121,7780644
5533;121,7780644
5534;80,89542846
5535;121,7780644
5536;121,7780644
5537;71,76207364
5538;30,6282858
5539;20,21466863
5540;20,21466863
5541;20,21466863
5542;20,21466863
5543;20,21466863
5544;20,21466863
5545;19,75170625
5546;19,75170625
5547;19,75170625
5548;19,75170625
5549;19,75170625
5550;19,75170625
5551;19,75170625
5552;80,74258101
5553;90,09172197
5554;99,44086293
5555;99,44086293
5556;118,9890667
5557;118,9890667
5558;79,0427372
5559;118,9890667
5560;118,9890667
5561;70,11855719
5562;29,92682765
5563;19,75170625
5564;19,75170625
5565;19,75170625
5566;19,75170625
5567;19,75170625
5568;19,75170625
5569;19,5726381
5570;19,5726381
5571;19,5726381
5572;19,5726381
5573;19,5726381
5574;19,5726381
5575;19,5726381
5576;80,01057213
5577;89,27495417
5578;98,5393362
5579;98,5393362
5580;117,9103168
5581;117,9103168
5582;78,32613903
5583;117,9103168
5584;117,9103168
5585;69,48286527
5586;29,65551228
5587;19,5726381
5588;19,5726381
5589;19,5726381
5590;19,5726381
5591;19,5726381
5592;19,5726381
5593;29,69477868
5594;17,99683556
5595;17,99683556
5596;17,99683556
5597;17,99683556
5598;17,99683556
5599;17,99683556
5600;76,66651951
5601;95,83314938
5602;105,4164643
5603;105,4164643
5604;124,5830942
5605;124,5830942
5606;86,24983444
5607;124,5830942
5608;95,83314938
5609;44,99208891
5610;29,69477868
5611;18,89667734
5612;17,99683556
5613;17,99683556
5614;17,99683556
5615;17,99683556
5616;17,99683556
5617;31,45514984
5618;28,30963485
5619;28,30963485
5620;28,30963485
5621;28,30963485
5622;28,30963485
5623;28,30963485
5624;28,30963485
5625;28,30963485
5626;28,30963485
5627;28,30963485
5628;28,30963485
5629;28,30963485
5630;28,30963485
5631;28,30963485
5632;28,30963485
5633;28,30963485
5634;28,30963485
5635;28,30963485
5636;28,30963485
5637;28,30963485
5638;28,30963485
5639;28,30963485
5640;28,30963485
5641;28,4525192
5642;28,4525192
5643;28,4525192
5644;28,4525192
5645;28,4525192
5646;28,4525192
5647;28,4525192
5648;28,4525192
5649;28,4525192
5650;28,4525192
5651;28,4525192
5652;28,4525192
5653;28,4525192
5654;28,4525192
5655;28,4525192
5656;28,4525192
5657;28,4525192
5658;28,4525192
5659;28,4525192
5660;28,4525192
5661;28,4525192
5662;28,4525192
5663;28,4525192
5664;28,4525192
5665;18,71906284
5666;18,71906284
5667;18,71906284
5668;18,71906284
5669;18,71906284
5670;18,71906284
5671;18,71906284
5672;79,74320769
5673;89,71110866
5674;99,67900962
5675;99,67900962
5676;119,6148115
5677;119,6148115
5678;79,74320769
5679;119,6148115
5680;119,6148115
5681;69,77530673
5682;19,93580192
5683;19,65501598
5684;19,65501598
5685;19,65501598
5686;19,65501598
5687;19,65501598
5688;19,65501598
5689;12,67583148
5690;19,31555274
5691;19,31555274
5692;19,31555274
5693;19,31555274
5694;19,31555274
5695;19,31555274
5696;81,42712701
5697;90,85553119
5698;100,2839354
5699;100,2839354
5700;119,9978714
5701;119,9978714
5702;79,7128717
5703;119,9978714
5704;119,9978714
5705;70,71303135
5706;30,18055115
5707;19,91916376
5708;19,91916376
5709;19,91916376
5710;19,91916376
5711;19,91916376
5712;19,91916376
5713;20,33774746
5714;20,33774746
5715;20,33774746
5716;20,33774746
5717;20,33774746
5718;20,33774746
5719;20,33774746
5720;83,13824643
5721;92,76478022
5722;102,391314
5723;102,391314
5724;122,519521
5725;122,519521
5726;81,38796755
5727;122,519521
5728;122,519521
5729;72,19900348
5730;30,81476888
5731;20,33774746
5732;20,33774746
5733;20,33774746
5734;20,33774746
5735;20,33774746
5736;20,33774746
5737;20,69588375
5738;20,69588375
5739;20,69588375
5740;20,69588375
5741;20,69588375
5742;20,69588375
5743;20,69588375
5744;84,60226418
5745;94,39831582
5746;104,1943675
5747;104,1943675
5748;124,6770209
5749;124,6770209
5750;82,82116388
5751;124,6770209
5752;124,6770209
5753;73,47038732
5754;31,35739962
5755;20,69588375
5756;20,69588375
5757;20,69588375
5758;20,69588375
5759;20,69588375
5760;20,69588375
5761;32,48178227
5762;19,68592865
5763;19,68592865
5764;19,68592865
5765;19,68592865
5766;19,68592865
5767;19,68592865
5768;83,86205603
5769;104,82757
5770;115,310327
5771;115,310327
5772;136,275841
5773;136,275841
5774;94,34481303
5775;136,275841
5776;104,82757
5777;49,21482161
5778;32,48178227
5779;20,67022508
5780;19,68592865
5781;19,68592865
5782;19,68592865
5783;19,68592865
5784;19,68592865
5785;31,87039372
5786;28,68335435
5787;28,68335435
5788;28,68335435
5789;28,68335435
5790;28,68335435
5791;28,68335435
5792;28,68335435
5793;28,68335435
5794;28,68335435
5795;28,68335435
5796;28,68335435
5797;28,68335435
5798;28,68335435
5799;28,68335435
5800;28,68335435
5801;28,68335435
5802;28,68335435
5803;28,68335435
5804;28,68335435
5805;28,68335435
5806;28,68335435
5807;28,68335435
5808;28,68335435
5809;28,57516438
5810;28,57516438
5811;28,57516438
5812;28,57516438
5813;28,57516438
5814;28,57516438
5815;28,57516438
5816;28,57516438
5817;28,57516438
5818;28,57516438
5819;28,57516438
5820;28,57516438
5821;28,57516438
5822;28,57516438
5823;28,57516438
5824;28,57516438
5825;28,57516438
5826;28,57516438
5827;28,57516438
5828;28,57516438
5829;28,57516438
5830;28,57516438
5831;28,57516438
5832;28,57516438
5833;19,90625558
5834;19,90625558
5835;19,90625558
5836;19,90625558
5837;19,90625558
5838;19,90625558
5839;19,90625558
5840;84,80064878
5841;95,40072988
5842;106,000811
5843;106,000811
5844;127,2009732
5845;127,2009732
5846;84,80064878
5847;127,2009732
5848;127,2009732
5849;74,20056768
5850;21,20016219
5851;20,90156836
5852;20,90156836
5853;20,90156836
5854;20,90156836
5855;20,90156836
5856;20,90156836
5857;13,22953
5858;20,15928381
5859;20,15928381
5860;20,15928381
5861;20,15928381
5862;20,15928381
5863;20,15928381
5864;84,98398083
5865;94,82423124
5866;104,6644816
5867;104,6644816
5868;125,2395507
5869;125,2395507
5870;83,19484439
5871;125,2395507
5872;125,2395507
5873;73,80187809
5874;31,49888096
5875;20,78926143
5876;20,78926143
5877;20,78926143
5878;20,78926143
5879;20,78926143
5880;20,78926143
5881;20,74472052
5882;20,74472052
5883;20,74472052
5884;20,74472052
5885;20,74472052
5886;20,74472052
5887;20,74472052
5888;84,80190297
5889;94,62107068
5890;104,4402384
5891;104,4402384
5892;124,9712254
5893;124,9712254
5894;83,01659975
5895;124,9712254
5896;124,9712254
5897;73,64375784
5898;31,43139472
5899;20,74472052
5900;20,74472052
5901;20,74472052
5902;20,74472052
5903;20,74472052
5904;20,74472052
5905;21,08657789
5906;21,08657789
5907;21,08657789
5908;21,08657789
5909;21,08657789
5910;21,08657789
5911;21,08657789
5912;86,19937446
5913;96,18035466
5914;106,1613349
5915;106,1613349
5916;127,0306571
5917;127,0306571
5918;84,38465079
5919;127,0306571
5920;127,0306571
5921;74,8573515
5922;31,94936044
5923;21,08657789
5924;21,08657789
5925;21,08657789
5926;21,08657789
5927;21,08657789
5928;21,08657789
5929;32,10852286
5930;19,45971082
5931;19,45971082
5932;19,45971082
5933;19,45971082
5934;19,45971082
5935;19,45971082
5936;82,8983681
5937;103,6229601
5938;113,9852561
5939;113,9852561
5940;134,7098482
5941;134,7098482
5942;93,26066412
5943;134,7098482
5944;103,6229601
5945;48,64927706
5946;32,10852286
5947;20,43269636
5948;19,45971082
5949;19,45971082
5950;19,45971082
5951;19,45971082
5952;19,45971082
5953;31,56628022
5954;28,4096522
5955;28,4096522
5956;28,4096522
5957;28,4096522
5958;28,4096522
5959;28,4096522
5960;28,4096522
5961;28,4096522
5962;28,4096522
5963;28,4096522
5964;28,4096522
5965;28,4096522
5966;28,4096522
5967;28,4096522
5968;28,4096522
5969;28,4096522
5970;28,4096522
5971;28,4096522
5972;28,4096522
5973;28,4096522
5974;28,4096522
5975;28,4096522
5976;28,4096522
5977;28,53674541
5978;28,53674541
5979;28,53674541
5980;28,53674541
5981;28,53674541
5982;28,53674541
5983;28,53674541
5984;28,53674541
5985;28,53674541
5986;28,53674541
5987;28,53674541
5988;28,53674541
5989;28,53674541
5990;28,53674541
5991;28,53674541
5992;28,53674541
5993;28,53674541
5994;28,53674541
5995;28,53674541
5996;28,53674541
5997;28,53674541
5998;28,53674541
5999;28,53674541
6000;28,53674541
6001;19,78128792
6002;19,78128792
6003;19,78128792
6004;19,78128792
6005;19,78128792
6006;19,78128792
6007;19,78128792
6008;84,26828656
6009;94,80182238
6010;105,3353582
6011;105,3353582
6012;126,4024298
6013;126,4024298
6014;84,26828656
6015;126,4024298
6016;126,4024298
6017;73,73475074
6018;21,06707164
6019;20,77035232
6020;20,77035232
6021;20,77035232
6022;20,77035232
6023;20,77035232
6024;20,77035232
6025;13,13550573
6026;20,01600872
6027;20,01600872
6028;20,01600872
6029;20,01600872
6030;20,01600872
6031;20,01600872
6032;84,37998678
6033;94,15030104
6034;103,9206153
6035;103,9206153
6036;124,3494542
6037;124,3494542
6038;82,60356601
6039;124,3494542
6040;124,3494542
6041;73,27735694
6042;31,27501363
6043;20,641509
6044;20,641509
6045;20,641509
6046;20,641509
6047;20,641509
6048;20,641509
6049;20,5168156
6050;20,5168156
6051;20,5168156
6052;20,5168156
6053;20,5168156
6054;20,5168156
6055;20,5168156
6056;83,8702553
6057;93,58154802
6058;103,2928407
6059;103,2928407
6060;123,598271
6061;123,598271
6062;82,10456572
6063;123,598271
6064;123,598271
6065;72,8346954
6066;31,08608425
6067;20,5168156
6068;20,5168156
6069;20,5168156
6070;20,5168156
6071;20,5168156
6072;20,5168156
6073;20,35402638
6074;20,35402638
6075;20,35402638
6076;20,35402638
6077;20,35402638
6078;20,35402638
6079;20,35402638
6080;83,20479269
6081;92,83903184
6082;102,473271
6083;102,473271
6084;122,6175892
6085;122,6175892
6086;81,45311284
6087;122,6175892
6088;122,6175892
6089;72,25679365
6090;30,83943391
6091;20,35402638
6092;20,35402638
6093;20,35402638
6094;20,35402638
6095;20,35402638
6096;20,35402638
6097;30,96386067
6098;18,76597616
6099;18,76597616
6100;18,76597616
6101;18,76597616
6102;18,76597616
6103;18,76597616
6104;79,94305846
6105;99,92882307
6106;109,9217054
6107;109,9217054
6108;129,90747
6109;129,90747
6110;89,93594077
6111;129,90747
6112;99,92882307
6113;46,91494041
6114;30,96386067
6115;19,70427497
6116;18,76597616
6117;18,76597616
6118;18,76597616
6119;18,76597616
6120;18,76597616
6121;31,5123493
6122;28,36111437
6123;28,36111437
6124;28,36111437
6125;28,36111437
6126;28,36111437
6127;28,36111437
6128;28,36111437
6129;28,36111437
6130;28,36111437
6131;28,36111437
6132;28,36111437
6133;28,36111437
6134;28,36111437
6135;28,36111437
6136;28,36111437
6137;28,36111437
6138;28,36111437
6139;28,36111437
6140;28,36111437
6141;28,36111437
6142;28,36111437
6143;28,36111437
6144;28,36111437
6145;28,54265602
6146;28,54265602
6147;28,54265602
6148;28,54265602
6149;28,54265602
6150;28,54265602
6151;28,54265602
6152;28,54265602
6153;28,54265602
6154;28,54265602
6155;28,54265602
6156;28,54265602
6157;28,54265602
6158;28,54265602
6159;28,54265602
6160;28,54265602
6161;28,54265602
6162;28,54265602
6163;28,54265602
6164;28,54265602
6165;28,54265602
6166;28,54265602
6167;28,54265602
6168;28,54265602
6169;20,20305377
6170;20,20305377
6171;20,20305377
6172;20,20305377
6173;20,20305377
6174;20,20305377
6175;20,20305377
6176;86,06500905
6177;96,82313518
6178;107,5812613
6179;107,5812613
6180;129,0975136
6181;129,0975136
6182;86,06500905
6183;129,0975136
6184;129,0975136
6185;75,30688292
6186;21,51625226
6187;21,21320646
6188;21,21320646
6189;21,21320646
6190;21,21320646
6191;21,21320646
6192;21,21320646
6193;13,32355428
6194;20,3025589
6195;20,3025589
6196;20,3025589
6197;20,3025589
6198;20,3025589
6199;20,3025589
6200;85,58797487
6201;95,49816143
6202;105,408348
6203;105,408348
6204;126,1296472
6205;126,1296472
6206;83,78612277
6207;126,1296472
6208;126,1296472
6209;74,32639923
6210;31,72274828
6211;20,93701387
6212;20,93701387
6213;20,93701387
6214;20,93701387
6215;20,93701387
6216;20,93701387
6217;20,67960483
6218;20,67960483
6219;20,67960483
6220;20,67960483
6221;20,67960483
6222;20,67960483
6223;20,67960483
6224;84,53571792
6225;94,32406421
6226;104,1124105
6227;104,1124105
6228;124,5789527
6229;124,5789527
6230;82,7560186
6231;124,5789527
6232;124,5789527
6233;73,41259714
6234;31,33273459
6235;20,67960483
6236;20,67960483
6237;20,67960483
6238;20,67960483
6239;20,67960483
6240;20,67960483
6241;20,56565237
6242;20,56565237
6243;20,56565237
6244;20,56565237
6245;20,56565237
6246;20,56565237
6247;20,56565237
6248;84,06989409
6249;93,80430288
6250;103,5387117
6251;103,5387117
6252;123,8924755
6253;123,8924755
6254;82,30000158
6255;123,8924755
6256;123,8924755
6257;73,00806592
6258;31,16007935
6259;20,56565237
6260;20,56565237
6261;20,56565237
6262;20,56565237
6263;20,56565237
6264;20,56565237
6265;31,85968325
6266;19,30889894
6267;19,30889894
6268;19,30889894
6269;19,30889894
6270;19,30889894
6271;19,30889894
6272;82,25590948
6273;102,8198869
6274;113,1018755
6275;113,1018755
6276;133,6658529
6277;133,6658529
6278;92,53789817
6279;133,6658529
6280;102,8198869
6281;48,27224735
6282;31,85968325
6283;20,27434389
6284;19,30889894
6285;19,30889894
6286;19,30889894
6287;19,30889894
6288;19,30889894
6289;31,56954876
6290;28,41259389
6291;28,41259389
6292;28,41259389
6293;28,41259389
6294;28,41259389
6295;28,41259389
6296;28,41259389
6297;28,41259389
6298;28,41259389
6299;28,41259389
6300;28,41259389
6301;28,41259389
6302;28,41259389
6303;28,41259389
6304;28,41259389
6305;28,41259389
6306;28,41259389
6307;28,41259389
6308;28,41259389
6309;28,41259389
6310;28,41259389
6311;28,41259389
6312;28,41259389
6313;28,52049123
6314;28,52049123
6315;28,52049123
6316;28,52049123
6317;28,52049123
6318;28,52049123
6319;28,52049123
6320;28,52049123
6321;28,52049123
6322;28,52049123
6323;28,52049123
6324;28,52049123
6325;28,52049123
6326;28,52049123
6327;28,52049123
6328;28,52049123
6329;28,52049123
6330;28,52049123
6331;28,52049123
6332;28,52049123
6333;28,52049123
6334;28,52049123
6335;28,52049123
6336;28,52049123
6337;19,8281508
6338;19,8281508
6339;19,8281508
6340;19,8281508
6341;19,8281508
6342;19,8281508
6343;19,8281508
6344;84,46792239
6345;95,02641269
6346;105,584903
6347;105,584903
6348;126,7018836
6349;126,7018836
6350;84,46792239
6351;126,7018836
6352;126,7018836
6353;73,90943209
6354;21,1169806
6355;20,81955834
6356;20,81955834
6357;20,81955834
6358;20,81955834
6359;20,81955834
6360;20,81955834
6361;13,74143995
6362;20,93933707
6363;20,93933707
6364;20,93933707
6365;20,93933707
6366;20,93933707
6367;20,93933707
6368;88,27239285
6369;98,49340675
6370;108,7144207
6371;108,7144207
6372;130,0856316
6373;130,0856316
6374;86,41402668
6375;130,0856316
6376;130,0856316
6377;76,65760431
6378;32,71771418
6379;21,59369136
6380;21,59369136
6381;21,59369136
6382;21,59369136
6383;21,59369136
6384;21,59369136
6385;21,70517694
6386;21,70517694
6387;21,70517694
6388;21,70517694
6389;21,70517694
6390;21,70517694
6391;21,70517694
6392;88,7281324
6393;99,00191615
6394;109,2756999
6395;109,2756999
6396;130,7572477
6397;130,7572477
6398;86,86017172
6399;130,7572477
6400;130,7572477
6401;77,05337814
6402;32,88663173
6403;21,70517694
6404;21,70517694
6405;21,70517694
6406;21,70517694
6407;21,70517694
6408;21,70517694
6409;21,34704065
6410;21,34704065
6411;21,34704065
6412;21,34704065
6413;21,34704065
6414;21,34704065
6415;21,34704065
6416;87,26411465
6417;97,36838055
6418;107,4726465
6419;107,4726465
6420;128,5997479
6421;128,5997479
6422;85,42697539
6423;128,5997479
6424;128,5997479
6425;75,7819943
6426;32,34400098
6427;21,34704065
6428;21,34704065
6429;21,34704065
6430;21,34704065
6431;21,34704065
6432;21,34704065
6433;31,93433513
6434;19,3541425
6435;19,3541425
6436;19,3541425
6437;19,3541425
6438;19,3541425
6439;19,3541425
6440;82,44864707
6441;103,0608088
6442;113,3668897
6443;113,3668897
6444;133,9790515
6445;133,9790515
6446;92,75472795
6447;133,9790515
6448;103,0608088
6449;48,38535626
6450;31,93433513
6451;20,32184963
6452;19,3541425
6453;19,3541425
6454;19,3541425
6455;19,3541425
6456;19,3541425
6457;31,56301168
6458;28,40671051
6459;28,40671051
6460;28,40671051
6461;28,40671051
6462;28,40671051
6463;28,40671051
6464;28,40671051
6465;28,40671051
6466;28,40671051
6467;28,40671051
6468;28,40671051
6469;28,40671051
6470;28,40671051
6471;28,40671051
6472;28,40671051
6473;28,40671051
6474;28,40671051
6475;28,40671051
6476;28,40671051
6477;28,40671051
6478;28,40671051
6479;28,40671051
6480;28,40671051
6481;28,53526776
6482;28,53526776
6483;28,53526776
6484;28,53526776
6485;28,53526776
6486;28,53526776
6487;28,53526776
6488;28,53526776
6489;28,53526776
6490;28,53526776
6491;28,53526776
6492;28,53526776
6493;28,53526776
6494;28,53526776
6495;28,53526776
6496;28,53526776
6497;28,53526776
6498;28,53526776
6499;28,53526776
6500;28,53526776
6501;28,53526776
6502;28,53526776
6503;28,53526776
6504;28,53526776
6505;20,03122324
6506;20,03122324
6507;20,03122324
6508;20,03122324
6509;20,03122324
6510;20,03122324
6511;20,03122324
6512;85,333011
6513;95,99963737
6514;106,6662637
6515;106,6662637
6516;127,9995165
6517;127,9995165
6518;85,333011
6519;127,9995165
6520;127,9995165
6521;74,66638462
6522;21,33325275
6523;21,0327844
6524;21,0327844
6525;21,0327844
6526;21,0327844
6527;21,0327844
6528;21,0327844
6529;13,53249712
6530;20,62094799
6531;20,62094799
6532;20,62094799
6533;20,62094799
6534;20,62094799
6535;20,62094799
6536;86,93018386
6537;96,99578409
6538;107,0613843
6539;107,0613843
6540;128,1076394
6541;128,1076394
6542;85,10007472
6543;128,1076394
6544;128,1076394
6545;75,49200177
6546;32,22023123
6547;21,26535261
6548;21,26535261
6549;21,26535261
6550;21,26535261
6551;21,26535261
6552;21,26535261
6553;21,20053035
6554;21,20053035
6555;21,20053035
6556;21,20053035
6557;21,20053035
6558;21,20053035
6559;21,20053035
6560;86,66519829
6561;96,70011599
6562;106,7350337
6563;106,7350337
6564;127,7171343
6565;127,7171343
6566;84,8406678
6567;127,7171343
6568;127,7171343
6569;75,26188273
6570;32,12201568
6571;21,20053035
6572;21,20053035
6573;21,20053035
6574;21,20053035
6575;21,20053035
6576;21,20053035
6577;20,95634651
6578;20,95634651
6579;20,95634651
6580;20,95634651
6581;20,95634651
6582;20,95634651
6583;20,95634651
6584;85,66700437
6585;95,58634171
6586;105,5056791
6587;105,5056791
6588;126,2461117
6589;126,2461117
6590;83,86348849
6591;126,2461117
6592;126,2461117
6593;74,39503011
6594;31,75204017
6595;20,95634651
6596;20,95634651
6597;20,95634651
6598;20,95634651
6599;20,95634651
6600;20,95634651
6601;32,00898701
6602;19,39938607
6603;19,39938607
6604;19,39938607
6605;19,39938607
6606;19,39938607
6607;19,39938607
6608;82,64138466
6609;103,3017308
6610;113,6319039
6611;113,6319039
6612;134,2922501
6613;134,2922501
6614;92,97155774
6615;134,2922501
6616;103,3017308
6617;48,49846517
6618;32,00898701
6619;20,36935537
6620;19,39938607
6621;19,39938607
6622;19,39938607
6623;19,39938607
6624;19,39938607
6625;31,59242855
6626;28,4331857
6627;28,4331857
6628;28,4331857
6629;28,4331857
6630;28,4331857
6631;28,4331857
6632;28,4331857
6633;28,4331857
6634;28,4331857
6635;28,4331857
6636;28,4331857
6637;28,4331857
6638;28,4331857
6639;28,4331857
6640;28,4331857
6641;28,4331857
6642;28,4331857
6643;28,4331857
6644;28,4331857
6645;28,4331857
6646;28,4331857
6647;28,4331857
6648;28,4331857
6649;29,19132232
6650;29,19132232
6651;29,19132232
6652;29,19132232
6653;29,19132232
6654;29,19132232
6655;29,19132232
6656;29,19132232
6657;29,19132232
6658;29,19132232
6659;29,19132232
6660;29,19132232
6661;29,19132232
6662;29,19132232
6663;29,19132232
6664;29,19132232
6665;29,19132232
6666;29,19132232
6667;29,19132232
6668;29,19132232
6669;29,19132232
6670;29,19132232
6671;29,19132232
6672;29,19132232
6673;20,60919865
6674;20,60919865
6675;20,60919865
6676;20,60919865
6677;20,60919865
6678;20,60919865
6679;20,60919865
6680;87,79518626
6681;98,76958455
6682;109,7439828
6683;109,7439828
6684;131,6927794
6685;131,6927794
6686;87,79518626
6687;131,6927794
6688;131,6927794
6689;76,82078798
6690;21,94879657
6691;21,63965859
6692;21,63965859
6693;21,63965859
6694;21,63965859
6695;21,63965859
6696;21,63965859
6697;13,64741568
6698;20,79606198
6699;20,79606198
6700;20,79606198
6701;20,79606198
6702;20,79606198
6703;20,79606198
6704;87,6683988
6705;97,81947656
6706;107,9705543
6707;107,9705543
6708;129,1955351
6709;129,1955351
6710;85,8227483
6711;129,1955351
6712;129,1955351
6713;76,13308317
6714;32,49384685
6715;21,44593892
6716;21,44593892
6717;21,44593892
6718;21,44593892
6719;21,44593892
6720;21,44593892
6721;21,64006125
6722;21,64006125
6723;21,64006125
6724;21,64006125
6725;21,64006125
6726;21,64006125
6727;21,64006125
6728;88,46194735
6729;98,70490968
6730;108,947872
6731;108,947872
6732;130,364975
6733;130,364975
6734;86,59959057
6735;130,364975
6736;130,364975
6737;76,82221744
6738;32,78797159
6739;21,64006125
6740;21,64006125
6741;21,64006125
6742;21,64006125
6743;21,64006125
6744;21,64006125
6745;21,90052401
6746;21,90052401
6747;21,90052401
6748;21,90052401
6749;21,90052401
6750;21,90052401
6751;21,90052401
6752;89,52668754
6753;99,89293557
6754;110,2591836
6755;110,2591836
6756;131,9340658
6757;131,9340658
6758;87,64191517
6759;131,9340658
6760;131,9340658
6761;77,74686023
6762;33,18261214
6763;21,90052401
6764;21,90052401
6765;21,90052401
6766;21,90052401
6767;21,90052401
6768;21,90052401
6769;32,95457752
6770;19,97247122
6771;19,97247122
6772;19,97247122
6773;19,97247122
6774;19,97247122
6775;19,97247122
6776;85,0827274
6777;106,3534093
6778;116,9887502
6779;116,9887502
6780;138,259432
6781;138,259432
6782;95,71806833
6783;138,259432
6784;106,3534093
6785;49,93117805
6786;32,95457752
6787;20,97109478
6788;19,97247122
6789;19,97247122
6790;19,97247122
6791;19,97247122
6792;19,97247122
6793;31,62347969
6794;28,46113172
6795;28,46113172
6796;28,46113172
6797;28,46113172
6798;28,46113172
6799;28,46113172
6800;28,46113172
6801;28,46113172
6802;28,46113172
6803;28,46113172
6804;28,46113172
6805;28,46113172
6806;28,46113172
6807;28,46113172
6808;28,46113172
6809;28,46113172
6810;28,46113172
6811;28,46113172
6812;28,46113172
6813;28,46113172
6814;28,46113172
6815;28,46113172
6816;28,46113172
6817;28,57959734
6818;28,57959734
6819;28,57959734
6820;28,57959734
6821;28,57959734
6822;28,57959734
6823;28,57959734
6824;28,57959734
6825;28,57959734
6826;28,57959734
6827;28,57959734
6828;28,57959734
6829;28,57959734
6830;28,57959734
6831;28,57959734
6832;28,57959734
6833;28,57959734
6834;28,57959734
6835;28,57959734
6836;28,57959734
6837;28,57959734
6838;28,57959734
6839;28,57959734
6840;28,57959734
6841;19,84377175
6842;19,84377175
6843;19,84377175
6844;19,84377175
6845;19,84377175
6846;19,84377175
6847;19,84377175
6848;84,53446767
6849;95,10127613
6850;105,6680846
6851;105,6680846
6852;126,8017015
6853;126,8017015
6854;84,53446767
6855;126,8017015
6856;126,8017015
6857;73,96765921
6858;21,13361692
6859;20,83596034
6860;20,83596034
6861;20,83596034
6862;20,83596034
6863;20,83596034
6864;20,83596034
6865;13,53249712
6866;20,62094799
6867;20,62094799
6868;20,62094799
6869;20,62094799
6870;20,62094799
6871;20,62094799
6872;86,93018386
6873;96,99578409
6874;107,0613843
6875;107,0613843
6876;128,1076394
6877;128,1076394
6878;85,10007472
6879;128,1076394
6880;128,1076394
6881;75,49200177
6882;32,22023123
6883;21,26535261
6884;21,26535261
6885;21,26535261
6886;21,26535261
6887;21,26535261
6888;21,26535261
6889;21,77029263
6890;21,77029263
6891;21,77029263
6892;21,77029263
6893;21,77029263
6894;21,77029263
6895;21,77029263
6896;88,99431745
6897;99,29892263
6898;109,6035278
6899;109,6035278
6900;131,1495204
6901;131,1495204
6902;87,12075287
6903;131,1495204
6904;131,1495204
6905;77,28453884
6906;32,98529186
6907;21,77029263
6908;21,77029263
6909;21,77029263
6910;21,77029263
6911;21,77029263
6912;21,77029263
6913;22,73074905
6914;22,73074905
6915;22,73074905
6916;22,73074905
6917;22,73074905
6918;22,73074905
6919;22,73074905
6920;92,92054688
6921;103,6797681
6922;114,4389893
6923;114,4389893
6924;136,9355428
6925;136,9355428
6926;90,96432484
6927;136,9355428
6928;136,9355428
6929;80,69415914
6930;34,44052887
6931;22,73074905
6932;22,73074905
6933;22,73074905
6934;22,73074905
6935;22,73074905
6936;22,73074905
6937;34,97017832
6938;21,19404747
6939;21,19404747
6940;21,19404747
6941;21,19404747
6942;21,19404747
6943;21,19404747
6944;90,28664221
6945;112,8583028
6946;124,144133
6947;124,144133
6948;146,7157936
6949;146,7157936
6950;101,5724725
6951;146,7157936
6952;112,8583028
6953;52,98511867
6954;34,97017832
6955;22,25374984
6956;21,19404747
6957;21,19404747
6958;21,19404747
6959;21,19404747
6960;21,19404747
6961;36,79039328
6962;33,11135395
6963;33,11135395
6964;33,11135395
6965;33,11135395
6966;33,11135395
6967;33,11135395
6968;33,11135395
6969;33,11135395
6970;33,11135395
6971;33,11135395
6972;33,11135395
6973;33,11135395
6974;33,11135395
6975;33,11135395
6976;33,11135395
6977;33,11135395
6978;33,11135395
6979;33,11135395
6980;33,11135395
6981;33,11135395
6982;33,11135395
6983;33,11135395
6984;33,11135395
6985;31,33517755
6986;31,33517755
6987;31,33517755
6988;31,33517755
6989;31,33517755
6990;31,33517755
6991;31,33517755
6992;31,33517755
6993;31,33517755
6994;31,33517755
6995;31,33517755
6996;31,33517755
6997;31,33517755
6998;31,33517755
6999;31,33517755
7000;31,33517755
7001;31,33517755
7002;31,33517755
7003;31,33517755
7004;31,33517755
7005;31,33517755
7006;31,33517755
7007;31,33517755
7008;31,33517755
7009;20,56233578
7010;20,56233578
7011;20,56233578
7012;20,56233578
7013;20,56233578
7014;20,56233578
7015;20,56233578
7016;87,59555043
7017;98,54499423
7018;109,494438
7019;109,494438
7020;131,3933256
7021;131,3933256
7022;87,59555043
7023;131,3933256
7024;131,3933256
7025;76,64610663
7026;21,89888761
7027;21,59045257
7028;21,59045257
7029;21,59045257
7030;21,59045257
7031;21,59045257
7032;21,59045257
7033;13,57428568
7034;20,6846258
7035;20,6846258
7036;20,6846258
7037;20,6846258
7038;20,6846258
7039;20,6846258
7040;87,19862566
7041;97,29530863
7042;107,3919916
7043;107,3919916
7044;128,5032378
7045;128,5032378
7046;85,36286512
7047;128,5032378
7048;128,5032378
7049;75,72512228
7050;32,31972782
7051;21,33102036
7052;21,33102036
7053;21,33102036
7054;21,33102036
7055;21,33102036
7056;21,33102036
7057;21,62378233
7058;21,62378233
7059;21,62378233
7060;21,62378233
7061;21,62378233
7062;21,62378233
7063;21,62378233
7064;88,39540109
7065;98,63065806
7066;108,865915
7067;108,865915
7068;130,2669069
7069;130,2669069
7070;86,53444528
7071;130,2669069
7072;130,2669069
7073;76,76442727
7074;32,76330656
7075;21,62378233
7076;21,62378233
7077;21,62378233
7078;21,62378233
7079;21,62378233
7080;21,62378233
7081;21,93308185
7082;21,93308185
7083;21,93308185
7084;21,93308185
7085;21,93308185
7086;21,93308185
7087;21,93308185
7088;89,65978006
7089;100,0414388
7090;110,4230976
7091;110,4230976
7092;132,1302022
7093;132,1302022
7094;87,77220575
7095;132,1302022
7096;132,1302022
7097;77,86244058
7098;33,2319422
7099;21,93308185
7100;21,93308185
7101;21,93308185
7102;21,93308185
7103;21,93308185
7104;21,93308185
7105;33,72598029
7106;20,43998806
7107;20,43998806
7108;20,43998806
7109;20,43998806
7110;20,43998806
7111;20,43998806
7112;87,07434912
7113;108,8429364
7114;119,72723
7115;119,72723
7116;141,4958173
7117;141,4958173
7118;97,95864276
7119;141,4958173
7120;108,8429364
7121;51,09997014
7122;33,72598029
7123;21,46198746
7124;20,43998806
7125;20,43998806
7126;20,43998806
7127;20,43998806
7128;20,43998806
7129;32,75955027
7130;29,48359524
7131;29,48359524
7132;29,48359524
7133;29,48359524
7134;29,48359524
7135;29,48359524
7136;29,48359524
7137;29,48359524
7138;29,48359524
7139;29,48359524
7140;29,48359524
7141;29,48359524
7142;29,48359524
7143;29,48359524
7144;29,48359524
7145;29,48359524
7146;29,48359524
7147;29,48359524
7148;29,48359524
7149;29,48359524
7150;29,48359524
7151;29,48359524
7152;29,48359524
7153;29,67368975
7154;29,67368975
7155;29,67368975
7156;29,67368975
7157;29,67368975
7158;29,67368975
7159;29,67368975
7160;29,67368975
7161;29,67368975
7162;29,67368975
7163;29,67368975
7164;29,67368975
7165;29,67368975
7166;29,67368975
7167;29,67368975
7168;29,67368975
7169;29,67368975
7170;29,67368975
7171;29,67368975
7172;29,67368975
7173;29,67368975
7174;29,67368975
7175;29,67368975
7176;29,67368975
7177;21,28089981
7178;21,28089981
7179;21,28089981
7180;21,28089981
7181;21,28089981
7182;21,28089981
7183;21,28089981
7184;90,65663319
7185;101,9887123
7186;113,3207915
7187;113,3207915
7188;135,9849498
7189;135,9849498
7190;90,65663319
7191;135,9849498
7192;135,9849498
7193;79,32455404
7194;22,6641583
7195;22,3449448
7196;22,3449448
7197;22,3449448
7198;22,3449448
7199;22,3449448
7200;22,3449448
7201;14,18021991
7202;21,60795415
7203;21,60795415
7204;21,60795415
7205;21,60795415
7206;21,60795415
7207;21,60795415
7208;91,09103172
7209;101,6384143
7210;112,185797
7211;112,185797
7212;134,2394152
7213;134,2394152
7214;89,17332579
7215;134,2394152
7216;134,2394152
7217;79,10536965
7218;33,76242836
7219;22,28320272
7220;22,28320272
7221;22,28320272
7222;22,28320272
7223;22,28320272
7224;22,28320272
7225;22,43772845
7226;22,43772845
7227;22,43772845
7228;22,43772845
7229;22,43772845
7230;22,43772845
7231;22,43772845
7232;91,72271417
7233;102,343239
7234;112,9637638
7235;112,9637638
7236;135,1703156
7237;135,1703156
7238;89,79170967
7239;135,1703156
7240;135,1703156
7241;79,65393599
7242;33,99655826
7243;22,43772845
7244;22,43772845
7245;22,43772845
7246;22,43772845
7247;22,43772845
7248;22,43772845
7249;22,34005491
7250;22,34005491
7251;22,34005491
7252;22,34005491
7253;22,34005491
7254;22,34005491
7255;22,34005491
7256;91,3234366
7257;101,8977293
7258;112,4720219
7259;112,4720219
7260;134,5819066
7261;134,5819066
7262;89,40083794
7263;134,5819066
7264;134,5819066
7265;79,30719495
7266;33,84856805
7267;22,34005491
7268;22,34005491
7269;22,34005491
7270;22,34005491
7271;22,34005491
7272;22,34005491
7273;33,60156049
7274;20,36458212
7275;20,36458212
7276;20,36458212
7277;20,36458212
7278;20,36458212
7279;20,36458212
7280;86,75311981
7281;108,4413998
7282;119,2855397
7283;119,2855397
7284;140,9738197
7285;140,9738197
7286;97,59725979
7287;140,9738197
7288;108,4413998
7289;50,91145529
7290;33,60156049
7291;21,38281122
7292;20,36458212
7293;20,36458212
7294;20,36458212
7295;20,36458212
7296;20,36458212
7297;33,53015261
7298;30,17713735
7299;30,17713735
7300;30,17713735
7301;30,17713735
7302;30,17713735
7303;30,17713735
7304;30,17713735
7305;30,17713735
7306;30,17713735
7307;30,17713735
7308;30,17713735
7309;30,17713735
7310;30,17713735
7311;30,17713735
7312;30,17713735
7313;30,17713735
7314;30,17713735
7315;30,17713735
7316;30,17713735
7317;30,17713735
7318;30,17713735
7319;30,17713735
7320;30,17713735
7321;31,01359927
7322;31,01359927
7323;31,01359927
7324;31,01359927
7325;31,01359927
7326;31,01359927
7327;31,01359927
7328;31,01359927
7329;31,01359927
7330;31,01359927
7331;31,01359927
7332;31,01359927
7333;31,01359927
7334;31,01359927
7335;31,01359927
7336;31,01359927
7337;31,01359927
7338;31,01359927
7339;31,01359927
7340;31,01359927
7341;31,01359927
7342;31,01359927
7343;31,01359927
7344;31,01359927
7345;21,56207704
7346;21,56207704
7347;21,56207704
7348;21,56207704
7349;21,56207704
7350;21,56207704
7351;21,56207704
7352;91,85444819
7353;103,3362542
7354;114,8180602
7355;114,8180602
7356;137,7816723
7357;137,7816723
7358;91,85444819
7359;137,7816723
7360;137,7816723
7361;80,37264216
7362;22,96361205
7363;22,64018089
7364;22,64018089
7365;22,64018089
7366;22,64018089
7367;22,64018089
7368;22,64018089
7369;14,54586988
7370;22,16513505
7371;22,16513505
7372;22,16513505
7373;22,16513505
7374;22,16513505
7375;22,16513505
7376;93,43989745
7377;104,259254
7378;115,0786105
7379;115,0786105
7380;137,7009015
7381;137,7009015
7382;91,47274171
7383;137,7009015
7384;137,7009015
7385;81,1451741
7386;34,63302352
7387;22,85779552
7388;22,85779552
7389;22,85779552
7390;22,85779552
7391;22,85779552
7392;22,85779552
7393;22,43772845
7394;22,43772845
7395;22,43772845
7396;22,43772845
7397;22,43772845
7398;22,43772845
7399;22,43772845
7400;91,72271417
7401;102,343239
7402;112,9637638
7403;112,9637638
7404;135,1703156
7405;135,1703156
7406;89,79170967
7407;135,1703156
7408;135,1703156
7409;79,65393599
7410;33,99655826
7411;22,43772845
7412;22,43772845
7413;22,43772845
7414;22,43772845
7415;22,43772845
7416;22,43772845
7417;21,99819754
7418;21,99819754
7419;21,99819754
7420;21,99819754
7421;21,99819754
7422;21,99819754
7423;21,99819754
7424;89,92596511
7425;100,3384453
7426;110,7509255
7427;110,7509255
7428;132,5224749
7429;132,5224749
7430;88,0327869
7431;132,5224749
7432;132,5224749
7433;78,09360128
7434;33,33060234
7435;21,99819754
7436;21,99819754
7437;21,99819754
7438;21,99819754
7439;21,99819754
7440;21,99819754
7441;34,52226703
7442;20,92258608
7443;20,92258608
7444;20,92258608
7445;20,92258608
7446;20,92258608
7447;20,92258608
7448;89,1302167
7449;111,4127709
7450;122,554048
7451;122,554048
7452;144,8366021
7453;144,8366021
7454;100,2714938
7455;144,8366021
7456;111,4127709
7457;52,3064652
7458;34,52226703
7459;21,96871538
7460;20,92258608
7461;20,92258608
7462;20,92258608
7463;20,92258608
7464;20,92258608
7465;35,60485122
7466;32,0443661
7467;32,0443661
7468;32,0443661
7469;32,0443661
7470;32,0443661
7471;32,0443661
7472;32,0443661
7473;32,0443661
7474;32,0443661
7475;32,0443661
7476;32,0443661
7477;32,0443661
7478;32,0443661
7479;32,0443661
7480;32,0443661
7481;32,0443661
7482;32,0443661
7483;32,0443661
7484;32,0443661
7485;32,0443661
7486;32,0443661
7487;32,0443661
7488;32,0443661
7489;34,01499659
7490;34,01499659
7491;34,01499659
7492;34,01499659
7493;34,01499659
7494;34,01499659
7495;34,01499659
7496;34,01499659
7497;34,01499659
7498;34,01499659
7499;34,01499659
7500;34,01499659
7501;34,01499659
7502;34,01499659
7503;34,01499659
7504;34,01499659
7505;34,01499659
7506;34,01499659
7507;34,01499659
7508;34,01499659
7509;34,01499659
7510;34,01499659
7511;34,01499659
7512;34,01499659
7513;21,99946384
7514;21,99946384
7515;21,99946384
7516;21,99946384
7517;21,99946384
7518;21,99946384
7519;21,99946384
7520;93,71771595
7521;105,4324304
7522;117,1471449
7523;117,1471449
7524;140,5765739
7525;140,5765739
7526;93,71771595
7527;140,5765739
7528;140,5765739
7529;82,00300146
7530;23,42942899
7531;23,09943703
7532;23,09943703
7533;23,09943703
7534;23,09943703
7535;23,09943703
7536;23,09943703
7537;14,6503413
7538;22,32432959
7539;22,32432959
7540;22,32432959
7541;22,32432959
7542;22,32432959
7543;22,32432959
7544;94,11100194
7545;105,0080653
7546;115,9051287
7547;115,9051287
7548;138,6898976
7549;138,6898976
7550;92,12971769
7551;138,6898976
7552;138,6898976
7553;81,72797537
7554;34,88176499
7555;23,02196489
7556;23,02196489
7557;23,02196489
7558;23,02196489
7559;23,02196489
7560;23,02196489
7561;22,9098172
7562;22,9098172
7563;22,9098172
7564;22,9098172
7565;22,9098172
7566;22,9098172
7567;22,9098172
7568;93,65255576
7569;104,4965359
7570;115,340516
7571;115,340516
7572;138,0142927
7573;138,0142927
7574;91,68092301
7575;138,0142927
7576;138,0142927
7577;81,32985106
7578;34,71184424
7579;22,9098172
7580;22,9098172
7581;22,9098172
7582;22,9098172
7583;22,9098172
7584;22,9098172
7585;23,28423241
7586;23,28423241
7587;23,28423241
7588;23,28423241
7589;23,28423241
7590;23,28423241
7591;23,28423241
7592;95,18311978
7593;106,2043231
7594;117,2255265
7595;117,2255265
7596;140,2698607
7597;140,2698607
7598;93,17926462
7599;140,2698607
7600;140,2698607
7601;82,65902507
7602;35,27914002
7603;23,28423241
7604;23,28423241
7605;23,28423241
7606;23,28423241
7607;23,28423241
7608;23,28423241
7609;34,27342743
7610;20,7717742
7611;20,7717742
7612;20,7717742
7613;20,7717742
7614;20,7717742
7615;20,7717742
7616;88,48775808
7617;110,6096976
7618;121,6706674
7619;121,6706674
7620;143,7926069
7621;143,7926069
7622;99,54872784
7623;143,7926069
7624;110,6096976
7625;51,92943549
7626;34,27342743
7627;21,81036291
7628;20,7717742
7629;20,7717742
7630;20,7717742
7631;20,7717742
7632;20,7717742
7633;34,95280308
7634;31,45752278
7635;31,45752278
7636;31,45752278
7637;31,45752278
7638;31,45752278
7639;31,45752278
7640;31,45752278
7641;31,45752278
7642;31,45752278
7643;31,45752278
7644;31,45752278
7645;31,45752278
7646;31,45752278
7647;31,45752278
7648;31,45752278
7649;31,45752278
7650;31,45752278
7651;31,45752278
7652;31,45752278
7653;31,45752278
7654;31,45752278
7655;31,45752278
7656;31,45752278
7657;31,7639486
7658;31,7639486
7659;31,7639486
7660;31,7639486
7661;31,7639486
7662;31,7639486
7663;31,7639486
7664;31,7639486
7665;31,7639486
7666;31,7639486
7667;31,7639486
7668;31,7639486
7669;31,7639486
7670;31,7639486
7671;31,7639486
7672;31,7639486
7673;31,7639486
7674;31,7639486
7675;31,7639486
7676;31,7639486
7677;31,7639486
7678;31,7639486
7679;31,7639486
7680;31,7639486
7681;21,93698001
7682;21,93698001
7683;21,93698001
7684;21,93698001
7685;21,93698001
7686;21,93698001
7687;21,93698001
7688;93,45153484
7689;105,1329767
7690;116,8144186
7691;116,8144186
7692;140,1773023
7693;140,1773023
7694;93,45153484
7695;140,1773023
7696;140,1773023
7697;81,77009299
7698;23,36288371
7699;23,03382901
7700;23,03382901
7701;23,03382901
7702;23,03382901
7703;23,03382901
7704;23,03382901
7705;14,97420269
7706;22,81783268
7707;22,81783268
7708;22,81783268
7709;22,81783268
7710;22,81783268
7711;22,81783268
7712;96,19142587
7713;107,3293804
7714;118,467335
7715;118,467335
7716;141,7557855
7717;141,7557855
7718;94,16634322
7719;141,7557855
7720;141,7557855
7721;83,53465931
7722;35,65286356
7723;23,53088995
7724;23,53088995
7725;23,53088995
7726;23,53088995
7727;23,53088995
7728;23,53088995
7729;23,49585841
7730;23,49585841
7731;23,49585841
7732;23,49585841
7733;23,49585841
7734;23,49585841
7735;23,49585841
7736;96,04822118
7737;107,1695942
7738;118,2909671
7739;118,2909671
7740;141,544747
7741;141,544747
7742;94,02615336
7743;141,544747
7744;141,544747
7745;83,41029734
7746;35,59978546
7747;23,49585841
7748;23,49585841
7749;23,49585841
7750;23,49585841
7751;23,49585841
7752;23,49585841
7753;22,69819121
7754;22,69819121
7755;22,69819121
7756;22,69819121
7757;22,69819121
7758;22,69819121
7759;22,69819121
7760;92,78745436
7761;103,5312649
7762;114,2750754
7763;114,2750754
7764;136,7394064
7765;136,7394064
7766;90,83403427
7767;136,7394064
7768;136,7394064
7769;80,57857879
7770;34,3911988
7771;22,69819121
7772;22,69819121
7773;22,69819121
7774;22,69819121
7775;22,69819121
7776;22,69819121
7777;34,64668683
7778;20,99799202
7779;20,99799202
7780;20,99799202
7781;20,99799202
7782;20,99799202
7783;20,99799202
7784;89,45144601
7785;111,8143075
7786;122,9957383
7787;122,9957383
7788;145,3585998
7789;145,3585998
7790;100,6328768
7791;145,3585998
7792;111,8143075
7793;52,49498005
7794;34,64668683
7795;22,04789162
7796;20,99799202
7797;20,99799202
7798;20,99799202
7799;20,99799202
7800;20,99799202
7801;38,45015217
7802;34,60513695
7803;34,60513695
7804;34,60513695
7805;34,60513695
7806;34,60513695
7807;34,60513695
7808;34,60513695
7809;34,60513695
7810;34,60513695
7811;34,60513695
7812;34,60513695
7813;34,60513695
7814;34,60513695
7815;34,60513695
7816;34,60513695
7817;34,60513695
7818;34,60513695
7819;34,60513695
7820;34,60513695
7821;34,60513695
7822;34,60513695
7823;34,60513695
7824;34,60513695
7825;35,30130972
7826;35,30130972
7827;35,30130972
7828;35,30130972
7829;35,30130972
7830;35,30130972
7831;35,30130972
7832;35,30130972
7833;35,30130972
7834;35,30130972
7835;35,30130972
7836;35,30130972
7837;35,30130972
7838;35,30130972
7839;35,30130972
7840;35,30130972
7841;35,30130972
7842;35,30130972
7843;35,30130972
7844;35,30130972
7845;35,30130972
7846;35,30130972
7847;35,30130972
7848;35,30130972
7849;22,26502011
7850;22,26502011
7851;22,26502011
7852;22,26502011
7853;22,26502011
7854;22,26502011
7855;22,26502011
7856;94,84898567
7857;106,7051089
7858;118,5612321
7859;118,5612321
7860;142,2734785
7861;142,2734785
7862;94,84898567
7863;142,2734785
7864;142,2734785
7865;82,99286246
7866;23,71224642
7867;23,37827112
7868;23,37827112
7869;23,37827112
7870;23,37827112
7871;23,37827112
7872;23,37827112
7873;15,26672267
7874;23,2635774
7875;23,2635774
7876;23,2635774
7877;23,2635774
7878;23,2635774
7879;23,2635774
7880;98,07051846
7881;109,4260522
7882;120,7815859
7883;120,7815859
7884;144,5249746
7885;144,5249746
7886;96,00587596
7887;144,5249746
7888;144,5249746
7889;85,16650287
7890;36,34933968
7891;23,99056419
7892;23,99056419
7893;23,99056419
7894;23,99056419
7895;23,99056419
7896;23,99056419
7897;23,87027362
7898;23,87027362
7899;23,87027362
7900;23,87027362
7901;23,87027362
7902;23,87027362
7903;23,87027362
7904;97,5787852
7905;108,8773814
7906;120,1759776
7907;120,1759776
7908;143,800315
7909;143,800315
7910;95,52449498
7911;143,800315
7912;143,800315
7913;84,73947135
7914;36,16708124
7915;23,87027362
7916;23,87027362
7917;23,87027362
7918;23,87027362
7919;23,87027362
7920;23,87027362
7921;23,49585841
7922;23,49585841
7923;23,49585841
7924;23,49585841
7925;23,49585841
7926;23,49585841
7927;23,49585841
7928;96,04822118
7929;107,1695942
7930;118,2909671
7931;118,2909671
7932;141,544747
7933;141,544747
7934;94,02615336
7935;141,544747
7936;141,544747
7937;83,41029734
7938;35,59978546
7939;23,49585841
7940;23,49585841
7941;23,49585841
7942;23,49585841
7943;23,49585841
7944;23,49585841
7945;35,9904207
7946;21,81237618
7947;21,81237618
7948;21,81237618
7949;21,81237618
7950;21,81237618
7951;21,81237618
7952;92,92072255
7953;116,1509032
7954;127,7659935
7955;127,7659935
7956;150,9961741
7957;150,9961741
7958;104,5358129
7959;150,9961741
7960;116,1509032
7961;54,53094046
7962;35,9904207
7963;22,90299499
7964;21,81237618
7965;21,81237618
7966;21,81237618
7967;21,81237618
7968;21,81237618
7969;41,17689891
7970;37,05920902
7971;37,05920902
7972;37,05920902
7973;37,05920902
7974;37,05920902
7975;37,05920902
7976;37,05920902
7977;37,05920902
7978;37,05920902
7979;37,05920902
7980;37,05920902
7981;37,05920902
7982;37,05920902
7983;37,05920902
7984;37,05920902
7985;37,05920902
7986;37,05920902
7987;37,05920902
7988;37,05920902
7989;37,05920902
7990;37,05920902
7991;37,05920902
7992;37,05920902
7993;37,65955048
7994;37,65955048
7995;37,65955048
7996;37,65955048
7997;37,65955048
7998;37,65955048
7999;37,65955048
8000;37,65955048
8001;37,65955048
8002;37,65955048
8003;37,65955048
8004;37,65955048
8005;37,65955048
8006;37,65955048
8007;37,65955048
8008;37,65955048
8009;37,65955048
8010;37,65955048
8011;37,65955048
8012;37,65955048
8013;37,65955048
8014;37,65955048
8015;37,65955048
8016;37,65955048
8017;23,34744364
8018;23,34744364
8019;23,34744364
8020;23,34744364
8021;23,34744364
8022;23,34744364
8023;23,34744364
8024;99,46010991
8025;111,8926237
8026;124,3251374
8027;124,3251374
8028;149,1901649
8029;149,1901649
8030;99,46010991
8031;149,1901649
8032;149,1901649
8033;87,02759617
8034;24,86502748
8035;24,51481582
8036;24,51481582
8037;24,51481582
8038;24,51481582
8039;24,51481582
8040;24,51481582
8041;15,84191
8042;24,14005333
8043;24,14005333
8044;24,14005333
8045;24,14005333
8046;24,14005333
8047;24,14005333
8048;101,7654123
8049;113,5487758
8050;125,3321394
8051;125,3321394
8052;149,9700813
8053;149,9700813
8054;99,62298258
8055;149,9700813
8056;149,9700813
8057;88,37522648
8058;37,71883332
8059;24,89442999
8060;24,89442999
8061;24,89442999
8062;24,89442999
8063;24,89442999
8064;24,89442999
8065;25,28744323
8066;25,28744323
8067;25,28744323
8068;25,28744323
8069;25,28744323
8070;25,28744323
8071;25,28744323
8072;103,3720028
8073;115,3413926
8074;127,3107824
8075;127,3107824
8076;152,3376883
8077;152,3376883
8078;101,1957501
8079;152,3376883
8080;152,3376883
8081;89,77042346
8082;38,31430792
8083;25,28744323
8084;25,28744323
8085;25,28744323
8086;25,28744323
8087;25,28744323
8088;25,28744323
8089;25,64173563
8090;25,64173563
8091;25,64173563
8092;25,64173563
8093;25,64173563
8094;25,64173563
8095;25,64173563
8096;104,8203072
8097;116,9573954
8098;129,0944836
8099;129,0944836
8100;154,4720316
8101;154,4720316
8102;102,6135639
8103;154,4720316
8104;154,4720316
8105;91,02816149
8106;38,85111459
8107;25,64173563
8108;25,64173563
8109;25,64173563
8110;25,64173563
8111;25,64173563
8112;25,64173563
8113;38,112814
8114;23,09867515
8115;23,09867515
8116;23,09867515
8117;23,09867515
8118;23,09867515
8119;23,09867515
8120;98,40035614
8121;123,0004452
8122;135,3004897
8123;135,3004897
8124;159,9005787
8125;159,9005787
8126;110,7004007
8127;159,9005787
8128;123,0004452
8129;57,74668788
8130;38,112814
8131;24,25360891
8132;23,09867515
8133;23,09867515
8134;23,09867515
8135;23,09867515
8136;23,09867515
8137;41,17689891
8138;37,05920902
8139;37,05920902
8140;37,05920902
8141;37,05920902
8142;37,05920902
8143;37,05920902
8144;37,05920902
8145;37,05920902
8146;37,05920902
8147;37,05920902
8148;37,05920902
8149;37,05920902
8150;37,05920902
8151;37,05920902
8152;37,05920902
8153;37,05920902
8154;37,05920902
8155;37,05920902
8156;37,05920902
8157;37,05920902
8158;37,05920902
8159;37,05920902
8160;37,05920902
8161;35,89086991
8162;35,89086991
8163;35,89086991
8164;35,89086991
8165;35,89086991
8166;35,89086991
8167;35,89086991
8168;35,89086991
8169;35,89086991
8170;35,89086991
8171;35,89086991
8172;35,89086991
8173;35,89086991
8174;35,89086991
8175;35,89086991
8176;35,89086991
8177;35,89086991
8178;35,89086991
8179;35,89086991
8180;35,89086991
8181;35,89086991
8182;35,89086991
8183;35,89086991
8184;35,89086991
8185;23,4494354
8186;23,4494354
8187;23,4494354
8188;23,4494354
8189;23,4494354
8190;23,4494354
8191;23,4494354
8192;99,8945948
8193;112,3814192
8194;124,8682435
8195;124,8682435
8196;149,8418922
8197;149,8418922
8198;99,8945948
8199;149,8418922
8200;149,8418922
8201;87,40777045
8202;24,9736487
8203;24,62190717
8204;24,62190717
8205;24,62190717
8206;24,62190717
8207;24,62190717
8208;24,62190717
8209;15,70548783
8210;23,93217194
8211;23,93217194
8212;23,93217194
8213;23,93217194
8214;23,93217194
8215;23,93217194
8216;100,8890623
8217;112,5709538
8218;124,2528452
8219;124,2528452
8220;148,6786182
8221;148,6786182
8222;98,76508206
8223;148,6786182
8224;148,6786182
8225;87,6141857
8226;37,39401865
8227;24,68005231
8228;24,68005231
8229;24,68005231
8230;24,68005231
8231;24,68005231
8232;24,68005231
8233;23,57725302
8234;23,57725302
8235;23,57725302
8236;23,57725302
8237;23,57725302
8238;23,57725302
8239;23,57725302
8240;96,38095249
8241;107,5408522
8242;118,700752
8243;118,700752
8244;142,0350879
8245;142,0350879
8246;94,3518798
8247;142,0350879
8248;142,0350879
8249;83,69924821
8250;35,72311063
8251;23,57725302
8252;23,57725302
8253;23,57725302
8254;23,57725302
8255;23,57725302
8256;23,57725302
8257;23,59353194
8258;23,59353194
8259;23,59353194
8260;23,59353194
8261;23,59353194
8262;23,59353194
8263;23,59353194
8264;96,44749875
8265;107,6151039
8266;118,782709
8267;118,782709
8268;142,1331561
8269;142,1331561
8270;94,41702509
8271;142,1331561
8272;142,1331561
8273;83,75703839
8274;35,74777567
8275;23,59353194
8276;23,59353194
8277;23,59353194
8278;23,59353194
8279;23,59353194
8280;23,59353194
8281;35,19413397
8282;21,32977816
8283;21,32977816
8284;21,32977816
8285;21,32977816
8286;21,32977816
8287;21,32977816
8288;90,86485497
8289;113,5810687
8290;124,9391756
8291;124,9391756
8292;147,6553893
8293;147,6553893
8294;102,2229618
8295;147,6553893
8296;113,5810687
8297;53,3244454
8298;35,19413397
8299;22,39626707
8300;21,32977816
8301;21,32977816
8302;21,32977816
8303;21,32977816
8304;21,32977816
8305;37,56099562
8306;33,80489606
8307;33,80489606
8308;33,80489606
8309;33,80489606
8310;33,80489606
8311;33,80489606
8312;33,80489606
8313;33,80489606
8314;33,80489606
8315;33,80489606
8316;33,80489606
8317;33,80489606
8318;33,80489606
8319;33,80489606
8320;33,80489606
8321;33,80489606
8322;33,80489606
8323;33,80489606
8324;33,80489606
8325;33,80489606
8326;33,80489606
8327;33,80489606
8328;33,80489606
8329;34,55096039
8330;34,55096039
8331;34,55096039
8332;34,55096039
8333;34,55096039
8334;34,55096039
8335;34,55096039
8336;34,55096039
8337;34,55096039
8338;34,55096039
8339;34,55096039
8340;34,55096039
8341;34,55096039
8342;34,55096039
8343;34,55096039
8344;34,55096039
8345;34,55096039
8346;34,55096039
8347;34,55096039
8348;34,55096039
8349;34,55096039
8350;34,55096039
8351;34,55096039
8352;34,55096039
8353;22,48371351
8354;22,48371351
8355;22,48371351
8356;22,48371351
8357;22,48371351
8358;22,48371351
8359;22,48371351
8360;95,78061955
8361;107,753197
8362;119,7257744
8363;119,7257744
8364;143,6709293
8365;143,6709293
8366;95,78061955
8367;143,6709293
8368;143,6709293
8369;83,80804211
8370;23,94515489
8371;23,60789919
8372;23,60789919
8373;23,60789919
8374;23,60789919
8375;23,60789919
8376;23,60789919
8377;14,9010727
8378;22,7063965
8379;22,7063965
8380;22,7063965
8381;22,7063965
8382;22,7063965
8383;22,7063965
8384;95,72165273
8385;106,8052125
8386;117,8887723
8387;117,8887723
8388;141,0634882
8389;141,0634882
8390;93,70646004
8391;141,0634882
8392;141,0634882
8393;83,12669842
8394;35,47874452
8395;23,41597139
8396;23,41597139
8397;23,41597139
8398;23,41597139
8399;23,41597139
8400;23,41597139
8401;22,89353828
8402;22,89353828
8403;22,89353828
8404;22,89353828
8405;22,89353828
8406;22,89353828
8407;22,89353828
8408;93,5860095
8409;104,4222843
8410;115,2585591
8411;115,2585591
8412;137,9162245
8413;137,9162245
8414;91,61577772
8415;137,9162245
8416;137,9162245
8417;81,27206088
8418;34,68717921
8419;22,89353828
8420;22,89353828
8421;22,89353828
8422;22,89353828
8423;22,89353828
8424;22,89353828
8425;22,79586474
8426;22,79586474
8427;22,79586474
8428;22,79586474
8429;22,79586474
8430;22,79586474
8431;22,79586474
8432;93,18673193
8433;103,9767746
8434;114,7668172
8435;114,7668172
8436;137,3278155
8437;137,3278155
8438;91,22490599
8439;137,3278155
8440;137,3278155
8441;80,92531983
8442;34,539189
8443;22,79586474
8444;22,79586474
8445;22,79586474
8446;22,79586474
8447;22,79586474
8448;22,79586474
8449;35,06971416
8450;21,25437222
8451;21,25437222
8452;21,25437222
8453;21,25437222
8454;21,25437222
8455;21,25437222
8456;90,54362566
8457;113,1795321
8458;124,4974853
8459;124,4974853
8460;147,1333917
8461;147,1333917
8462;101,8615789
8463;147,1333917
8464;113,1795321
8465;53,13593055
8466;35,06971416
8467;22,31709083
8468;21,25437222
8469;21,25437222
8470;21,25437222
8471;21,25437222
8472;21,25437222
8473;39,51714002
8474;35,56542602
8475;35,56542602
8476;35,56542602
8477;35,56542602
8478;35,56542602
8479;35,56542602
8480;35,56542602
8481;35,56542602
8482;35,56542602
8483;35,56542602
8484;35,56542602
8485;35,56542602
8486;35,56542602
8487;35,56542602
8488;35,56542602
8489;35,56542602
8490;35,56542602
8491;35,56542602
8492;35,56542602
8493;35,56542602
8494;35,56542602
8495;35,56542602
8496;35,56542602
8497;33,53262916
8498;33,53262916
8499;33,53262916
8500;33,53262916
8501;33,53262916
8502;33,53262916
8503;33,53262916
8504;33,53262916
8505;33,53262916
8506;33,53262916
8507;33,53262916
8508;33,53262916
8509;33,53262916
8510;33,53262916
8511;33,53262916
8512;33,53262916
8513;33,53262916
8514;33,53262916
8515;33,53262916
8516;33,53262916
8517;33,53262916
8518;33,53262916
8519;33,53262916
8520;33,53262916
8521;21,99946384
8522;21,99946384
8523;21,99946384
8524;21,99946384
8525;21,99946384
8526;21,99946384
8527;21,99946384
8528;93,71771595
8529;105,4324304
8530;117,1471449
8531;117,1471449
8532;140,5765739
8533;140,5765739
8534;93,71771595
8535;140,5765739
8536;140,5765739
8537;82,00300146
8538;23,42942899
8539;23,09943703
8540;23,09943703
8541;23,09943703
8542;23,09943703
8543;23,09943703
8544;23,09943703
8545;15,08912125
8546;22,99294667
8547;22,99294667
8548;22,99294667
8549;22,99294667
8550;22,99294667
8551;22,99294667
8552;96,92964082
8553;108,1530729
8554;119,376505
8555;119,376505
8556;142,8436812
8557;142,8436812
8558;94,8890168
8559;142,8436812
8560;142,8436812
8561;84,17574071
8562;35,92647918
8563;23,71147626
8564;23,71147626
8565;23,71147626
8566;23,71147626
8567;23,71147626
8568;23,71147626
8569;23,12144319
8570;23,12144319
8571;23,12144319
8572;23,12144319
8573;23,12144319
8574;23,12144319
8575;23,12144319
8576;94,51765716
8577;105,4618069
8578;116,4059567
8579;116,4059567
8580;139,289179
8581;139,289179
8582;92,52781175
8583;139,289179
8584;139,289179
8585;82,08112332
8586;35,03248968
8587;23,12144319
8588;23,12144319
8589;23,12144319
8590;23,12144319
8591;23,12144319
8592;23,12144319
8593;22,24238138
8594;22,24238138
8595;22,24238138
8596;22,24238138
8597;22,24238138
8598;22,24238138
8599;22,24238138
8600;90,92415903
8601;101,4522196
8602;111,9802801
8603;111,9802801
8604;133,9934975
8605;133,9934975
8606;89,00996621
8607;133,9934975
8608;133,9934975
8609;78,9604539
8610;33,70057785
8611;22,24238138
8612;22,24238138
8613;22,24238138
8614;22,24238138
8615;22,24238138
8616;22,24238138
8617;34,17389158
8618;20,71144944
8619;20,71144944
8620;20,71144944
8621;20,71144944
8622;20,71144944
8623;20,71144944
8624;88,23077463
8625;110,2884683
8626;121,3173151
8627;121,3173151
8628;143,3750088
8629;143,3750088
8630;99,25962146
8631;143,3750088
8632;110,2884683
8633;51,77862361
8634;34,17389158
8635;21,74702192
8636;20,71144944
8637;20,71144944
8638;20,71144944
8639;20,71144944
8640;20,71144944
8641;36,61256197
8642;32,95130577
8643;32,95130577
8644;32,95130577
8645;32,95130577
8646;32,95130577
8647;32,95130577
8648;32,95130577
8649;32,95130577
8650;32,95130577
8651;32,95130577
8652;32,95130577
8653;32,95130577
8654;32,95130577
8655;32,95130577
8656;32,95130577
8657;32,95130577
8658;32,95130577
8659;32,95130577
8660;32,95130577
8661;32,95130577
8662;32,95130577
8663;32,95130577
8664;32,95130577
8665;35,24771334
8666;35,24771334
8667;35,24771334
8668;35,24771334
8669;35,24771334
8670;35,24771334
8671;35,24771334
8672;35,24771334
8673;35,24771334
8674;35,24771334
8675;35,24771334
8676;35,24771334
8677;35,24771334
8678;35,24771334
8679;35,24771334
8680;35,24771334
8681;35,24771334
8682;35,24771334
8683;35,24771334
8684;35,24771334
8685;35,24771334
8686;35,24771334
8687;35,24771334
8688;35,24771334
8689;21,89011714
8690;21,89011714
8691;21,89011714
8692;21,89011714
8693;21,89011714
8694;21,89011714
8695;21,89011714
8696;93,25189901
8697;104,9083864
8698;116,5648738
8699;116,5648738
8700;139,8778485
8701;139,8778485
8702;93,25189901
8703;139,8778485
8704;139,8778485
8705;81,59541163
8706;23,31297475
8707;22,984623
8708;22,984623
8709;22,984623
8710;22,984623
8711;22,984623
8712;22,984623
8713;14,62944701
8714;22,29249068
8715;22,29249068
8716;22,29249068
8717;22,29249068
8718;22,29249068
8719;22,29249068
8720;93,97678104
8721;104,8583031
8722;115,7398251
8723;115,7398251
8724;138,4920984
8725;138,4920984
8726;91,9983225
8727;138,4920984
8728;138,4920984
8729;81,61141512
8730;34,8320167
8731;22,98913102
8732;22,98913102
8733;22,98913102
8734;22,98913102
8735;22,98913102
8736;22,98913102
8737;23,26795349
8738;23,26795349
8739;23,26795349
8740;23,26795349
8741;23,26795349
8742;23,26795349
8743;23,26795349
8744;95,11657352
8745;106,1300715
8746;117,1435695
8747;117,1435695
8748;140,1717926
8749;140,1717926
8750;93,11411934
8751;140,1717926
8752;140,1717926
8753;82,6012349
8754;35,25447499
8755;23,26795349
8756;23,26795349
8757;23,26795349
8758;23,26795349
8759;23,26795349
8760;23,26795349
