datetime,plant_1_heat_demand,DE_DA_price,natural_gas_price,co2_price,DE_ID3_price,DE_ID3_volume,aFRR_energy_down_quantity,aFRR_energy_down_price,aFRR_capacity_down_price,high_load_window,co2_intensity_kgco2_MWh
01.01.2025 00:00,8.43,2.16,74.7,,43.2225,638.3225,0.0,,28.8,0,202.58779359543416
01.01.2025 01:00,8.43,1.6,74.7,,13.0425,587.2775,3.453,-2.803333333333333,28.8,0,205.3710114003506
01.01.2025 02:00,8.43,0.0,74.7,,23.0,776.4425,18.417,15.0625,28.8,0,196.50780125519063
01.01.2025 03:00,8.43,-0.01,74.7,,15.2575,545.165,5.865,14.905,28.8,0,201.1278309107978
01.01.2025 04:00,8.43,-0.01,74.7,,10.015,490.8925,2.713,10.783333333333331,23.72,0,201.6483125827997
01.01.2025 05:00,8.43,-0.06,74.7,,7.79,429.505,54.674,-34.075,23.72,0,198.7058184528981
01.01.2025 06:00,8.64,-0.09,74.7,,11.0525,530.8125,18.98,-24.87,23.72,0,190.57165209195347
01.01.2025 07:00,8.78,-0.01,74.7,,16.6325,657.035,141.277,-92.165,23.72,0,182.64090747585905
01.01.2025 08:00,8.97,-0.01,74.7,,7.2675,666.89,84.236,-70.2325,19.12,0,174.22666047051447
01.01.2025 09:00,8.97,-0.04,74.7,,3.925,684.8225,327.723,-154.44,19.12,0,169.72055151144835
01.01.2025 10:00,8.97,-0.03,74.7,,-0.55,517.1025,82.589,498.02,19.12,1,158.92035379710416
01.01.2025 11:00,8.97,-0.1,74.7,,-1.1025,432.6825,13.138,630.5124999999999,19.12,1,154.25959754733807
01.01.2025 12:00,8.97,-0.05,74.7,,-0.9075,424.025,12.285,-16.5925,19.17,1,148.6743077045486
01.01.2025 13:00,8.97,-0.1,74.7,,1.4025,432.76,5.497,-29.665,19.17,1,146.94315342086182
01.01.2025 14:00,8.78,-1.01,74.7,,5.0575,603.735,53.992,-61.2975,19.17,1,149.39530240711397
01.01.2025 15:00,8.64,-0.01,74.7,,4.365,473.81,54.244,-66.17,19.17,1,148.7219364783733
01.01.2025 16:00,8.5,-0.01,74.7,,0.7649999999999999,445.2225,4.64,-17.32,10.5,1,152.82097441619132
01.01.2025 17:00,8.5,0.07,74.7,,3.0125,406.625,53.152,-52.87,10.5,1,153.20845999781002
01.01.2025 18:00,8.5,1.01,74.7,,0.0725000000000002,445.2275,43.395,-104.58,10.5,1,157.7411489314278
01.01.2025 19:00,8.5,1.48,74.7,,-0.4949999999999999,462.6775,10.812,-57.86666666666667,10.5,1,162.2292042786458
01.01.2025 20:00,8.5,1.0,74.7,,-1.325,485.6275,207.18,-131.1125,13.4,0,162.21515489060425
01.01.2025 21:00,8.5,0.07,74.7,,2.0475000000000003,535.355,14.297,-39.59,13.4,0,166.1310597378225
01.01.2025 22:00,8.43,10.05,74.7,,0.3225000000000002,514.835,41.176,-63.352500000000006,13.4,0,171.69310874137676
01.01.2025 23:00,8.43,7.01,74.7,,-0.4225,369.38,240.823,-157.8225,13.4,0,171.89622728218043
02.01.2025 00:00,8.43,2.55,74.7,,-2.4225,418.705,127.621,-57.82,20.8,0,181.65723258341063
02.01.2025 01:00,8.43,1.56,74.7,,-3.89,422.0975,179.046,-70.14,20.8,0,184.4825540179696
02.01.2025 02:00,8.43,3.45,74.7,,-2.4675,467.155,268.559,-50.9525,20.8,0,185.1268997124653
02.01.2025 03:00,8.43,7.02,74.7,,0.0574999999999996,459.73,31.82,-12.722499999999998,20.8,0,188.0090133622908
02.01.2025 04:00,8.43,12.75,74.7,,22.915,734.0675,125.03,-37.705,22.0,0,210.331219178218
02.01.2025 05:00,8.43,30.07,74.7,,76.15,751.26,603.957,-191.745,22.0,0,230.17370231531547
02.01.2025 06:00,8.64,67.13,74.7,,83.2525,900.4975,107.308,-34.25,22.0,0,265.10364623304685
02.01.2025 07:00,8.78,98.83,74.7,,118.38,811.99,82.85900000000001,15.6025,22.0,0,312.5046492249011
02.01.2025 08:00,8.97,121.53,74.7,,130.39,699.045,2.734,55.39,6.36,0,349.0649633535003
02.01.2025 09:00,8.97,127.23,74.7,,127.67,624.08,2.148,85.42,6.36,0,371.7912210161843
02.01.2025 10:00,8.97,126.35,74.7,,124.5175,658.28,26.978,41.8625,6.36,1,389.36372681835
02.01.2025 11:00,8.97,119.97,74.7,,115.3875,666.5550000000001,58.066,49.9375,6.36,1,397.38203429515295
02.01.2025 12:00,8.97,115.95,74.7,,111.6125,642.1975,3.232,57.655,9.05,1,401.9347007087284
02.01.2025 13:00,8.97,113.9,74.7,,114.7975,653.5525,0.0,,9.05,1,404.1834394771774
02.01.2025 14:00,8.78,122.21,74.7,,137.3025,857.435,70.858,41.625,9.05,1,417.9183911344878
02.01.2025 15:00,8.64,130.11,74.7,,130.59,729.8225,11.386,79.35,9.05,1,409.323938831936
02.01.2025 16:00,8.5,138.59,74.7,,142.01,644.465,63.63100000000001,48.6775,3.3,1,409.36855566057193
02.01.2025 17:00,8.5,152.87,74.7,,142.235,636.1675,62.659,67.20333333333333,3.3,1,371.0393746236193
02.01.2025 18:00,8.5,152.94,74.7,,122.8025,586.0649999999999,96.557,49.8025,3.3,1,369.4410937072432
02.01.2025 19:00,8.5,139.15,74.7,,116.7925,574.1575,44.654,46.3125,3.3,1,364.0875114583538
02.01.2025 20:00,8.5,130.0,74.7,,93.2025,615.81,68.47200000000001,6.355,6.59,0,372.3642478651482
02.01.2025 21:00,8.5,119.78,74.7,,105.9525,539.76,15.634,27.155,6.59,0,383.44135586872574
02.01.2025 22:00,8.43,113.42,74.7,,94.6175,588.285,74.033,35.0875,6.59,0,379.4386114969604
02.01.2025 23:00,8.43,82.47,74.7,,86.8025,568.0675,0.0,,6.59,0,366.2087213482765
03.01.2025 00:00,8.43,99.56,74.7,,86.825,620.84,126.654,29.1825,14.67,0,355.4258614213635
03.01.2025 01:00,8.43,87.53,74.7,,85.4,485.4175,233.332,22.6175,14.67,0,348.93454530017107
03.01.2025 02:00,8.43,85.01,74.7,,80.0075,447.0025,35.874,50.67333333333334,14.67,0,346.9703503566393
03.01.2025 03:00,8.43,83.79,74.7,,77.78999999999999,486.385,248.432,13.467499999999998,14.67,0,345.03755660483654
03.01.2025 04:00,8.43,77.5,74.7,,79.11,451.395,284.443,4.449999999999999,12.97,0,334.71954298365074
03.01.2025 05:00,8.43,79.88,74.7,,76.4975,523.28,515.74,-36.305,12.97,0,328.70560587912416
03.01.2025 06:00,8.64,83.56,74.7,,57.0325,719.485,494.17,-24.6425,12.97,0,319.0680417568652
03.01.2025 07:00,8.78,78.43,74.7,,54.405,699.65,150.21699999999998,26.3025,12.97,0,310.1337567492684
03.01.2025 08:00,8.97,82.57,74.7,,56.23,783.9675,17.483999999999998,45.3375,4.4,0,301.685708508171
03.01.2025 09:00,8.97,80.76,74.7,,65.535,851.26,68.753,-24.844999999999995,4.4,0,294.4306632255905
03.01.2025 10:00,8.97,77.64,74.7,,63.3425,748.5475,24.95,34.0875,4.4,1,287.4127925267994
03.01.2025 11:00,8.97,70.48,74.7,,63.7075,797.1625,22.27,93.485,4.4,1,277.3990848007571
03.01.2025 12:00,8.97,69.94,74.7,,60.99,819.9675,224.118,8.465,5.98,1,274.13011990323224
03.01.2025 13:00,8.97,77.8,74.7,,57.625,822.015,61.172,20.175,5.98,1,273.9347916884539
03.01.2025 14:00,8.78,78.81,74.7,,70.9725,858.4300000000001,114.847,-5.824999999999999,5.98,1,273.74873319724395
03.01.2025 15:00,8.64,85.29,74.7,,83.985,861.265,150.227,31.265,5.98,1,290.80249861849666
03.01.2025 16:00,8.5,105.51,74.7,,94.215,706.0025,0.021,,2.08,1,309.1002651659197
03.01.2025 17:00,8.5,116.66,74.7,,103.555,717.56,25.18,45.9,2.08,1,312.40397937083924
03.01.2025 18:00,8.5,115.06,74.7,,109.7275,862.085,14.918,32.9,2.08,1,313.7525017674441
03.01.2025 19:00,8.5,114.91,74.7,,103.715,842.51,137.602,31.66,2.08,1,322.4818579980149
03.01.2025 20:00,8.5,113.3,74.7,,107.3675,627.3525,152.954,37.565,4.17,0,334.19355211317725
03.01.2025 21:00,8.5,107.8,74.7,,106.45,629.8,1.978,84.94333333333333,4.17,0,347.44017384900656
03.01.2025 22:00,8.43,98.22,74.7,,94.5425,572.135,0.003,,4.17,0,356.6106938187827
03.01.2025 23:00,8.43,88.57,74.7,,109.505,479.035,147.842,54.9625,4.17,0,365.0287570973887
04.01.2025 00:00,8.13,90.43,74.7,,106.0475,509.095,103.729,52.35,11.13,0,365.8647765509471
04.01.2025 01:00,8.13,90.29,74.7,,102.3775,533.7975,0.332,95.78,11.13,0,381.076158168004
04.01.2025 02:00,8.13,90.2,74.7,,107.675,521.2775,0.285,61.425,11.13,0,408.1160693969482
04.01.2025 03:00,8.13,91.52,74.7,,109.7875,511.71,0.734,123.8825,11.13,0,439.0583366042223
04.01.2025 04:00,8.13,95.95,74.7,,112.7625,409.2475,0.074,99.985,9.43,0,469.6325119069601
04.01.2025 05:00,8.13,102.11,74.7,,118.1775,524.5799999999999,0.599,128.91,9.43,0,508.7531058826414
04.01.2025 06:00,8.26,110.66,74.7,,124.2925,496.8075,27.334,59.6225,9.43,0,530.6973536129898
04.01.2025 07:00,8.36,119.96,74.7,,128.165,450.455,37.098,82.97,9.43,0,541.4499213395704
04.01.2025 08:00,8.51,128.39,74.7,,127.815,477.655,0.286,97.59666666666664,3.12,0,527.402061077427
04.01.2025 09:00,8.51,130.75,74.7,,131.16500000000002,629.9549999999999,13.802,86.29333333333334,3.12,0,508.8512187143674
04.01.2025 10:00,8.51,130.34,74.7,,132.745,561.46,123.15,61.735,3.12,0,497.4858514654973
04.01.2025 11:00,8.51,128.29,74.7,,121.6875,545.8225,0.0,,3.12,0,484.0745119362211
04.01.2025 12:00,8.51,130.03,74.7,,134.765,523.56,8.79,64.75,3.59,0,495.87874547827874
04.01.2025 13:00,8.51,129.85,74.7,,130.89499999999998,559.3775,11.185,39.42,3.59,0,490.6832893678688
04.01.2025 14:00,8.36,136.4,74.7,,140.1325,541.64,0.04,141.7,3.59,0,502.45905330449307
04.01.2025 15:00,8.26,138.72,74.7,,144.71,544.255,1.613,104.145,3.59,0,499.200268265984
04.01.2025 16:00,8.17,142.0,74.7,,155.7225,548.54,1.316,111.04,1.52,0,485.0434345004983
04.01.2025 17:00,8.17,151.24,74.7,,158.5975,596.9175,3.43,105.605,1.52,0,469.6919060308848
04.01.2025 18:00,8.17,143.85,74.7,,143.48,604.2275,0.502,107.41,1.52,0,477.8079410352364
04.01.2025 19:00,8.17,137.96,74.7,,134.21,508.0425,0.088,124.7,1.52,0,490.0765134185168
04.01.2025 20:00,8.17,129.49,74.7,,132.2975,402.4425,15.817,81.035,3.15,0,508.1438286480238
04.01.2025 21:00,8.17,122.83,74.7,,119.9775,389.1075,6.777,83.14666666666666,3.15,0,512.401405641547
04.01.2025 22:00,8.13,118.29,74.7,,119.04,459.61,5.03,85.04,3.15,0,513.9209744311486
04.01.2025 23:00,8.13,109.49,74.7,,104.99,859.8775,263.248,-28.626666666666665,3.15,0,512.2832792608743
05.01.2025 00:00,8.11,113.84,74.7,,97.01,564.4775,0.173,261.68,8.54,0,513.1249431820207
05.01.2025 01:00,8.11,100.33,74.7,,108.8075,741.5550000000001,0.005,61.2,8.54,0,503.67756494410025
05.01.2025 02:00,8.11,93.61,74.7,,96.2825,487.2225,2.446,75.10333333333334,8.54,0,502.2345237896703
05.01.2025 03:00,8.11,93.87,74.7,,108.85,562.6275,0.0,,8.54,0,510.7577374819989
05.01.2025 04:00,8.11,89.38,74.7,,102.3175,440.9425,24.853,55.9925,7.6,0,497.96192530719753
05.01.2025 05:00,8.11,83.55,74.7,,95.7925,508.1175,12.425,47.145,7.6,0,479.8517162196937
05.01.2025 06:00,8.25,83.92,74.7,,103.8975,496.8275,185.828,34.6025,7.6,0,447.0354429043719
05.01.2025 07:00,8.34,82.53,74.7,,112.365,502.8775,702.585,7.067499999999999,7.6,0,410.9745521583931
05.01.2025 08:00,8.49,84.05,74.7,,111.3525,642.48,78.352,44.2875,3.19,0,376.4535280961114
05.01.2025 09:00,8.49,89.15,74.7,,101.845,610.03,370.928,32.305,3.19,0,348.30759518045363
05.01.2025 10:00,8.49,82.95,74.7,,100.265,581.81,127.529,43.5675,3.19,0,326.0111430125586
05.01.2025 11:00,8.49,88.82,74.7,,105.25,657.0775,2.251,55.82,3.19,0,301.5099498328732
05.01.2025 12:00,8.49,81.66,74.7,,113.34,750.3775,0.541,65.315,4.24,0,286.98856125456393
05.01.2025 13:00,8.49,78.39,74.7,,99.34,691.0275,0.952,51.8,4.24,0,265.1241431620715
05.01.2025 14:00,8.34,68.0,74.7,,91.145,653.4275,17.299,43.54,4.24,0,257.5849375028173
05.01.2025 15:00,8.25,50.64,74.7,,86.6325,610.5525,19.338,46.126666666666665,4.24,0,245.60957923872496
05.01.2025 16:00,8.15,49.91,74.7,,89.8675,481.9225,39.312,41.803333333333335,2.14,0,234.8481963134298
05.01.2025 17:00,8.15,66.3,74.7,,86.8275,437.985,88.727,42.4475,2.14,0,223.47060107394267
05.01.2025 18:00,8.15,65.05,74.7,,87.125,511.13,24.419,32.2775,2.14,0,217.61268026213244
05.01.2025 19:00,8.15,51.28,74.7,,83.635,494.21,4.42,18.846666666666668,2.14,0,209.54155393575317
05.01.2025 20:00,8.15,36.85,74.7,,87.4875,621.3225,6.264,-20.13,7.81,0,200.3072624166466
05.01.2025 21:00,8.15,36.8,74.7,,102.665,812.9300000000001,70.068,-25.95,7.81,0,199.46349825501352
05.01.2025 22:00,8.11,34.68,74.7,,102.3325,1110.37,15.428,16.905,7.81,0,211.05908733528372
05.01.2025 23:00,8.11,28.14,74.7,,53.9825,867.2925,0.006,,7.81,0,205.3701679115472
06.01.2025 00:00,8.43,27.52,74.7,,59.2775,799.1600000000001,0.3360000000000001,36.39333333333334,37.0,0,177.84897399759774
06.01.2025 01:00,8.43,19.26,74.7,,56.1425,778.4175,6.37,14.555,37.0,0,176.26181996846756
06.01.2025 02:00,8.43,11.35,74.7,,38.3025,669.7175,0.719,16.966666666666665,37.0,0,175.70455713690149
06.01.2025 03:00,8.43,9.2,74.7,,30.765,568.015,59.557,-24.87,37.0,0,171.01658301573838
06.01.2025 04:00,8.43,10.0,74.7,,29.03,654.58,311.785,-43.8725,33.0,0,167.03622894891288
06.01.2025 05:00,8.43,14.81,74.7,,16.6625,795.9575,101.992,-63.4575,33.0,0,160.95650315793185
06.01.2025 06:00,8.64,23.82,74.7,,33.845,705.835,39.355,-1.3125,33.0,0,157.22535915309354
06.01.2025 07:00,8.78,31.72,74.7,,51.5275,567.1475,17.475,-3.7099999999999977,33.0,0,160.29845226542747
06.01.2025 08:00,8.97,41.37,74.7,,43.932500000000005,653.8975,94.723,-16.2275,8.34,0,158.26712614110102
06.01.2025 09:00,8.97,36.36,74.7,,34.16,623.5775,5.235,2.0075,8.34,0,156.07646047744836
06.01.2025 10:00,8.97,34.69,74.7,,30.7425,548.9425,228.906,-34.81,8.34,1,147.39631185257858
06.01.2025 11:00,8.97,32.83,74.7,,24.5075,619.7049999999999,180.492,-35.0375,8.34,1,139.35602362207706
06.01.2025 12:00,8.97,31.28,74.7,,14.4975,737.155,49.542,-10.2625,12.24,1,135.70393691052942
06.01.2025 13:00,8.97,28.6,74.7,,8.8125,749.6225000000001,33.123000000000005,1.785,12.24,1,134.64799140913047
06.01.2025 14:00,8.78,25.61,74.7,,25.1675,705.21,119.566,-40.725,12.24,1,141.2036838437473
06.01.2025 15:00,8.64,26.32,74.7,,29.85,629.11,102.044,-31.6325,12.24,1,149.6927705983876
06.01.2025 16:00,8.5,26.87,74.7,,34.6525,594.4200000000001,7.74,5.4375,4.42,1,154.31623694885857
06.01.2025 17:00,8.5,31.66,74.7,,40.19,584.44,3.381,-0.3599999999999994,4.42,1,162.01974092376935
06.01.2025 18:00,8.5,31.58,74.7,,33.595,690.985,218.53,-84.0575,4.42,1,178.02138362142517
06.01.2025 19:00,8.5,28.74,74.7,,25.6825,773.9075,112.271,-55.805,4.42,1,185.4842714547748
06.01.2025 20:00,8.5,26.59,74.7,,23.94,690.96,36.394,-29.295,7.45,0,196.057782157864
06.01.2025 21:00,8.5,13.82,74.7,,23.6825,751.9925000000001,45.748000000000005,-33.27,7.45,0,197.80002939416704
06.01.2025 22:00,8.43,26.94,74.7,,15.9375,667.0225,30.288,-26.9475,7.45,0,198.17290175871815
06.01.2025 23:00,8.43,12.99,74.7,,12.46,495.71,88.33000000000001,-58.08,7.45,0,193.5721949592361
07.01.2025 00:00,8.43,19.07,74.7,,16.69,483.9175,14.316,6.42,26.0,0,178.04497048208668
07.01.2025 01:00,8.43,8.71,74.7,,11.9875,447.5775,32.203,-16.7775,26.0,0,172.23270649511528
07.01.2025 02:00,8.43,8.9,74.7,,8.405000000000001,417.21,34.548,-11.65,26.0,0,172.91835733097588
07.01.2025 03:00,8.43,5.01,74.7,,6.91,466.9225,90.048,-50.8325,26.0,0,173.2778244985064
07.01.2025 04:00,8.43,5.13,74.7,,6.955,633.7750000000001,18.947,4.605,22.22,0,174.28629801261758
07.01.2025 05:00,8.43,5.8,74.7,,62.1175,779.2225,2.674,9.036666666666669,22.22,0,185.4642957509868
07.01.2025 06:00,8.64,48.86,74.7,,84.67500000000001,687.1475,17.439,-15.75666666666667,22.22,0,197.56995261423495
07.01.2025 07:00,8.78,76.83,74.7,,97.495,543.9475,2.666,30.01,22.22,0,222.037781169416
07.01.2025 08:00,8.97,85.08,74.7,,103.4175,651.9649999999999,15.034,13.4675,4.7,0,223.9101599665661
07.01.2025 09:00,8.97,84.24,74.7,,86.9325,650.3275,97.777,-12.24,4.7,0,226.321726021054
07.01.2025 10:00,8.97,75.25,74.7,,67.205,731.4925,3.928,10.32,4.7,1,225.70413693589023
07.01.2025 11:00,8.97,62.8,74.7,,58.3875,716.17,0.038,34.10666666666667,4.7,1,212.69179502548548
07.01.2025 12:00,8.97,62.44,74.7,,68.79,878.3625,66.393,-26.0775,6.3,1,207.9285444430199
07.01.2025 13:00,8.97,63.9,74.7,,75.5575,826.6025,2.173,25.270000000000003,6.3,1,208.04740124050295
07.01.2025 14:00,8.78,72.56,74.7,,89.58,741.6775,1.084,32.78,6.3,1,218.32101339678704
07.01.2025 15:00,8.64,78.11,74.7,,98.45,687.8975,8.268,46.02333333333333,6.3,1,233.5209250250917
07.01.2025 16:00,8.5,79.98,74.7,,109.1075,600.6225,22.717,37.695,2.18,1,240.06655204911905
07.01.2025 17:00,8.5,96.03,74.7,,109.19,507.0,0.0,,2.18,1,240.1154401315372
07.01.2025 18:00,8.5,101.11,74.7,,97.5125,765.2525,6.0760000000000005,36.185,2.18,1,246.3579166059531
07.01.2025 19:00,8.5,86.21,74.7,,87.755,839.0025,158.704,-21.172500000000003,2.18,1,255.28440078504016
07.01.2025 20:00,8.5,78.01,74.7,,79.9925,670.1800000000001,85.35499999999999,-7.0200000000000005,6.18,0,262.112570134644
07.01.2025 21:00,8.5,72.45,74.7,,78.10249999999999,568.31,2.779,-29.76,6.18,0,265.771802730177
07.01.2025 22:00,8.43,72.45,74.7,,79.16,673.635,77.602,-16.2925,6.18,0,264.39710026502905
07.01.2025 23:00,8.43,50.04,74.7,,71.01,645.51,0.381,70.665,6.18,0,267.42874856580903
08.01.2025 00:00,8.43,71.05,74.7,,77.505,475.6975,55.792,-6.525,30.45,0,256.8601475218748
08.01.2025 01:00,8.43,68.01,74.7,,66.9625,551.5025,8.651,-2.1,30.45,0,261.8219232297766
08.01.2025 02:00,8.43,63.34,74.7,,61.1375,444.2225,4.568,28.106666666666666,30.45,0,272.7212490457058
08.01.2025 03:00,8.43,57.01,74.7,,62.4825,505.9725,166.448,-26.0175,30.45,0,275.2546929289812
08.01.2025 04:00,8.43,66.29,74.7,,63.977500000000006,687.6375,58.374,6.8625,18.05,0,284.36613166792404
08.01.2025 05:00,8.43,72.07,74.7,,76.4175,741.44,134.97,-75.48,18.05,0,305.7422820621667
08.01.2025 06:00,8.64,82.7,74.7,,75.055,696.0975,44.909,15.435,18.05,0,320.54298356799563
08.01.2025 07:00,8.78,100.73,74.7,,86.30499999999999,547.5925,87.06099999999999,6.460000000000001,18.05,0,334.6089039698066
08.01.2025 08:00,8.97,128.22,74.7,,81.5325,544.6925,14.085,50.4975,3.33,0,349.2079818179976
08.01.2025 09:00,8.97,108.18,74.7,,87.6775,671.4350000000001,258.55400000000003,-22.5875,3.33,0,362.9765893574599
08.01.2025 10:00,8.97,94.65,74.7,,97.0225,681.495,45.49400000000001,37.68,3.33,1,367.2849493306175
08.01.2025 11:00,8.97,100.01,74.7,,95.4575,771.835,104.865,30.5625,3.33,1,371.1254940478536
08.01.2025 12:00,8.97,89.99,74.7,,112.8275,817.6325,7.492,24.3,4.08,1,377.7588163603989
08.01.2025 13:00,8.97,97.2,74.7,,129.69,834.365,22.159,28.180000000000003,4.08,1,391.190902217489
08.01.2025 14:00,8.78,110.19,74.7,,137.4225,730.4175,16.214,36.01,4.08,1,402.9792476030552
08.01.2025 15:00,8.64,127.8,74.7,,149.3775,925.48,321.404,13.375,4.08,1,405.1886854391997
08.01.2025 16:00,8.5,135.82,74.7,,151.805,926.0775,17.778,116.19,1.25,1,399.42968269468327
08.01.2025 17:00,8.5,155.46,74.7,,143.8425,747.7775,2.311,96.885,1.25,1,402.1920349592952
08.01.2025 18:00,8.5,149.23,74.7,,125.6,709.9325,38.12,66.935,1.25,1,410.280804558887
08.01.2025 19:00,8.5,146.48,74.7,,107.235,721.905,3.836,90.805,1.25,1,423.5167181568143
08.01.2025 20:00,8.5,136.86,74.7,,103.1075,475.7475,18.286,73.83500000000001,3.81,0,454.3863008714114
08.01.2025 21:00,8.5,127.86,74.7,,101.41,513.9375,15.087,103.8775,3.81,0,472.7019815488841
08.01.2025 22:00,8.43,115.92,74.7,,85.55,530.41,40.656,81.63499999999999,3.81,0,481.5985034117468
08.01.2025 23:00,8.43,103.59,74.7,,90.6925,490.51,0.134,73.615,3.81,0,483.667689269313
09.01.2025 00:00,8.43,101.44,74.7,,92.23,428.0125,16.871,75.8075,15.4,0,485.6665344179804
09.01.2025 01:00,8.43,100.0,74.7,,94.78,353.43,0.0,134.03,15.4,0,490.8751001696795
09.01.2025 02:00,8.43,98.77,74.7,,97.75,420.0425,2.983,106.1725,15.4,0,504.2476024705604
09.01.2025 03:00,8.43,95.22,74.7,,98.9125,483.46,88.914,68.14,15.4,0,509.9432034269577
09.01.2025 04:00,8.43,98.28,74.7,,107.4725,553.085,0.593,73.81,10.83,0,511.22968431934834
09.01.2025 05:00,8.43,102.65,74.7,,124.195,638.685,9.601,52.93,10.83,0,516.9789248321108
09.01.2025 06:00,8.64,133.54,74.7,,153.325,662.66,4.374,67.38,10.83,0,507.8142142459964
09.01.2025 07:00,8.78,148.8,74.7,,214.96,770.13,28.114,63.89,10.83,0,483.5316802288726
09.01.2025 08:00,8.97,164.88,74.7,,259.44,1106.6799999999998,71.765,73.5325,2.21,0,484.72771139385605
09.01.2025 09:00,8.97,156.15,74.7,,182.1275,1167.3575,19.703,91.8925,2.21,0,482.3981147103013
09.01.2025 10:00,8.97,147.64,74.7,,169.93,940.6175,222.25,69.28,2.21,1,478.1614837778923
09.01.2025 11:00,8.97,140.21,74.7,,153.165,1382.065,75.86500000000001,84.98333333333333,2.21,1,464.8223366173844
09.01.2025 12:00,8.97,128.18,74.7,,133.2775,972.665,0.734,105.9925,2.79,1,475.86189535775407
09.01.2025 13:00,8.97,121.15,74.7,,131.0125,702.1925,0.0,139.41,2.79,1,483.9811956556986
09.01.2025 14:00,8.78,123.95,74.7,,129.6725,717.13,1.9,96.55,2.79,1,485.3152433516369
09.01.2025 15:00,8.64,127.53,74.7,,129.95,690.4275,0.148,120.085,2.79,1,472.43941002925
09.01.2025 16:00,8.5,123.75,74.7,,130.01,763.9575,0.108,129.035,1.0,1,446.5816228141269
09.01.2025 17:00,8.5,130.91,74.7,,131.3475,799.44,19.444,108.085,1.0,1,418.1464677494809
09.01.2025 18:00,8.5,134.75,74.7,,129.7725,739.46,92.59,89.365,1.0,1,408.3741376324258
09.01.2025 19:00,8.5,125.44,74.7,,122.7325,758.67,0.991,123.77,1.0,1,406.6016577811478
09.01.2025 20:00,8.5,119.23,74.7,,117.685,863.73,4.301,138.45499999999998,3.47,0,392.1237872495676
09.01.2025 21:00,8.5,104.99,74.7,,113.79,607.845,132.43,91.7675,3.47,0,380.271232758936
09.01.2025 22:00,8.43,101.1,74.7,,101.3575,684.155,168.261,50.2775,3.47,0,377.7439630837491
09.01.2025 23:00,8.43,88.19,74.7,,87.3675,571.23,66.299,48.1425,3.47,0,366.4047962291716
10.01.2025 00:00,8.43,84.79,74.7,,86.42999999999999,508.3375,23.714,68.145,19.7,0,336.17468487075325
10.01.2025 01:00,8.43,80.23,74.7,,82.0975,436.565,3.026,326.025,19.7,0,314.83988519675245
10.01.2025 02:00,8.43,71.29,74.7,,83.42,391.12,0.104,80.66000000000001,19.7,0,300.4799808414172
10.01.2025 03:00,8.43,69.05,74.7,,82.47999999999999,473.4325,0.035,65.89,19.7,0,293.5646790186121
10.01.2025 04:00,8.43,69.89,74.7,,91.845,450.205,1.731,80.6575,12.05,0,314.98312899817853
10.01.2025 05:00,8.43,83.9,74.7,,107.1675,646.9300000000001,24.136,44.97,12.05,0,339.66954260794523
10.01.2025 06:00,8.64,99.09,74.7,,115.4275,588.335,0.0,683.48,12.05,0,363.0148167798911
10.01.2025 07:00,8.78,123.92,74.7,,132.3925,594.0225,0.364,212.88,12.05,0,382.83184688475137
10.01.2025 08:00,8.97,139.47,74.7,,134.1375,766.6099999999999,3.152,102.485,1.95,0,371.8329149555513
10.01.2025 09:00,8.97,136.92,74.7,,122.905,715.4975,4.632999999999999,74.79333333333334,1.95,0,372.992565461016
10.01.2025 10:00,8.97,123.57,74.7,,114.625,788.865,0.7689999999999999,75.85333333333334,1.95,1,380.3915214981183
10.01.2025 11:00,8.97,113.59,74.7,,104.2975,641.49,92.5,57.39,1.95,1,381.0517828485928
10.01.2025 12:00,8.97,107.43,74.7,,96.1325,676.1425,158.70299999999995,54.385,2.43,1,381.05743501558544
10.01.2025 13:00,8.97,105.01,74.7,,97.55,848.2475,20.28,76.4425,2.43,1,378.5203427364745
10.01.2025 14:00,8.78,110.01,74.7,,111.5625,803.2775,0.078,98.8325,2.43,1,391.7166179768998
10.01.2025 15:00,8.64,128.69,74.7,,119.4125,616.655,8.194999999999999,74.045,2.43,1,413.4824270131148
10.01.2025 16:00,8.5,134.87,74.7,,123.8325,534.13,21.736,77.11666666666666,0.9,1,411.88380523061824
10.01.2025 17:00,8.5,142.56,74.7,,126.31,546.435,30.142,68.175,0.9,1,402.840264831959
10.01.2025 18:00,8.5,144.12,74.7,,117.17,514.23,0.614,86.805,0.9,1,400.4353602432272
10.01.2025 19:00,8.5,141.05,74.7,,113.2875,571.0925,35.667,62.625,0.9,1,411.4721798603705
10.01.2025 20:00,8.5,134.82,74.7,,117.995,679.505,206.548,36.5275,2.84,0,435.12737736196055
10.01.2025 21:00,8.5,122.51,74.7,,102.9425,592.16,30.754,63.102500000000006,2.84,0,437.0161634404232
10.01.2025 22:00,8.43,119.77,74.7,,91.6975,424.9275,55.109,42.7375,2.84,0,443.9563594751386
10.01.2025 23:00,8.43,111.71,74.7,,102.8125,475.5975,204.618,33.535,2.84,0,438.181774669972
11.01.2025 00:00,8.13,106.64,74.7,,95.485,375.88,47.441,50.1475,12.24,0,428.1617746519827
11.01.2025 01:00,8.13,98.99,74.7,,87.735,366.5925,133.746,36.56,12.24,0,426.151982026114
11.01.2025 02:00,8.13,95.71,74.7,,81.4325,338.3075,0.3,243.3075,12.24,0,410.60070941287614
11.01.2025 03:00,8.13,89.45,74.7,,83.2975,307.3625,14.531,64.225,12.24,0,403.31608146283565
11.01.2025 04:00,8.13,88.35,74.7,,80.81,321.74,80.564,41.08,8.95,0,395.8952506623884
11.01.2025 05:00,8.13,88.4,74.7,,90.8175,436.665,57.819,60.5025,8.95,0,397.4106400244032
11.01.2025 06:00,8.26,88.13,74.7,,99.6025,569.3725,390.614,9.0325,8.95,0,394.10700092617054
11.01.2025 07:00,8.36,94.68,74.7,,97.08,465.9375,314.561,25.450000000000003,8.95,0,393.1514446931517
11.01.2025 08:00,8.51,107.65,74.7,,94.3675,611.5025,191.291,36.63,2.69,0,387.621985620367
11.01.2025 09:00,8.51,103.14,74.7,,89.11500000000001,689.19,113.379,52.9825,2.69,0,379.8829583135399
11.01.2025 10:00,8.51,101.13,74.7,,84.7875,609.4175,127.93,52.6875,2.69,0,363.1237962858549
11.01.2025 11:00,8.51,99.56,74.7,,84.785,747.8275,75.251,44.833333333333336,2.69,0,346.41634774458737
11.01.2025 12:00,8.51,96.74,74.7,,90.76,646.2775,19.492,45.22,3.03,0,341.68981801348554
11.01.2025 13:00,8.51,93.15,74.7,,94.57,762.5725,284.274,32.557500000000005,3.03,0,348.11690701583336
11.01.2025 14:00,8.36,94.9,74.7,,89.4675,757.41,76.609,73.3,3.03,0,358.74083827384595
11.01.2025 15:00,8.26,104.89,74.7,,88.7375,710.365,257.401,32.7075,3.03,0,363.9276454936583
11.01.2025 16:00,8.17,112.12,74.7,,91.9,693.4725,253.154,43.5,0.98,0,358.6687943251697
11.01.2025 17:00,8.17,119.8,74.7,,92.8175,684.8225,2.2910000000000004,82.05000000000001,0.98,0,347.7809000739537
11.01.2025 18:00,8.17,122.34,74.7,,90.1225,612.115,40.593,53.05,0.98,0,348.25019999257995
11.01.2025 19:00,8.17,114.85,74.7,,86.825,484.2075,327.922,11.465,0.98,0,349.7436414919712
11.01.2025 20:00,8.17,111.19,74.7,,84.365,415.2425,87.27000000000001,50.735,2.92,0,357.6972550304518
11.01.2025 21:00,8.17,104.8,74.7,,85.5825,353.995,123.192,73.3375,2.92,0,371.1302782474564
11.01.2025 22:00,8.13,103.07,74.7,,88.09,436.425,32.532,48.24,2.92,0,385.4943556219338
11.01.2025 23:00,8.13,105.69,74.7,,91.77,468.155,126.583,62.1025,2.92,0,399.1284256031129
12.01.2025 00:00,8.11,83.58,74.7,,89.685,349.34,6.55,58.915,9.62,0,387.4729467041095
12.01.2025 01:00,8.11,83.79,74.7,,87.0625,339.8575,129.241,41.307500000000005,9.62,0,401.6304878148894
12.01.2025 02:00,8.11,86.75,74.7,,84.6575,308.745,501.039,-2.0425000000000004,9.62,0,405.4255622843011
12.01.2025 03:00,8.11,84.2,74.7,,71.03,360.8825,56.136,45.9525,9.62,0,401.9787568699175
12.01.2025 04:00,8.11,85.0,74.7,,71.405,407.7175,174.538,46.625,7.59,0,391.63139749718016
12.01.2025 05:00,8.11,83.75,74.7,,77.7525,548.91,12.843,87.7825,7.59,0,395.544373538797
12.01.2025 06:00,8.25,85.9,74.7,,86.8275,449.7,0.023,118.38,7.59,0,424.8230328383909
12.01.2025 07:00,8.34,101.75,74.7,,96.23,584.26,33.069,307.5975,7.59,0,455.1153692587992
12.01.2025 08:00,8.49,114.67,74.7,,110.4875,548.2725,1.658,384.0533333333333,2.5,0,463.1431441823444
12.01.2025 09:00,8.49,120.07,74.7,,110.1375,539.1975,502.415,9.3325,2.5,0,458.7554872401654
12.01.2025 10:00,8.49,117.77,74.7,,101.8275,622.0425,286.905,42.3525,2.5,0,451.90429694762247
12.01.2025 11:00,8.49,105.61,74.7,,92.255,544.3275,543.724,24.8525,2.5,0,441.72045820061686
12.01.2025 12:00,8.49,102.99,74.7,,82.4425,748.8525,544.76,20.775,2.53,0,429.49611365285455
12.01.2025 13:00,8.49,99.61,74.7,,80.97,937.525,28.09,85.1325,2.53,0,417.3537800076606
12.01.2025 14:00,8.34,104.74,74.7,,106.1325,783.8175,7.013999999999999,130.82999999999998,2.53,0,443.7679960079039
12.01.2025 15:00,8.25,118.7,74.7,,131.0925,771.2049999999999,0.245,372.605,2.53,0,499.8725435354321
12.01.2025 16:00,8.15,132.92,74.7,,142.695,553.0925,0.0,,0.95,0,537.6945898579463
12.01.2025 17:00,8.15,141.0,74.7,,149.83499999999998,492.155,2.6790000000000003,232.75,0.95,0,518.6174973724385
12.01.2025 18:00,8.15,146.66,74.7,,151.34,529.57,153.237,63.5225,0.95,0,522.6357556114319
12.01.2025 19:00,8.15,143.66,74.7,,135.94,608.41,7.81,81.5,0.95,0,535.5136439879228
12.01.2025 20:00,8.15,134.86,74.7,,126.54,459.64,2.553,73.02333333333333,2.4,0,572.9789992631233
12.01.2025 21:00,8.15,127.49,74.7,,123.6675,398.1975,0.0,97.65,2.4,0,611.589885134986
12.01.2025 22:00,8.11,121.2,74.7,,118.7175,376.325,0.0,93.89666666666666,2.4,0,627.6686144632124
12.01.2025 23:00,8.11,114.9,74.7,,114.73,350.67,12.605,73.3175,2.4,0,649.7327247037092
13.01.2025 00:00,8.43,112.39,74.7,,106.4,358.3375,0.013,90.68,9.23,0,652.140584250137
13.01.2025 01:00,8.43,105.07,74.7,,106.09,337.7925,0.086,86.8,9.23,0,654.8832361522024
13.01.2025 02:00,8.43,104.46,74.7,,108.8125,407.6825,0.332,89.42,9.23,0,646.0036581804633
13.01.2025 03:00,8.43,100.37,74.7,,104.92,360.9375,1.565,179.265,9.23,0,629.9173975021047
13.01.2025 04:00,8.43,100.0,74.7,,100.465,541.585,0.0,79.27,6.26,0,604.3691613853096
13.01.2025 05:00,8.43,110.11,74.7,,114.07,649.285,0.0,,6.26,0,587.3082196167147
13.01.2025 06:00,8.64,140.28,74.7,,141.7,714.9975000000001,0.0,,6.26,0,570.4638015976144
13.01.2025 07:00,8.78,181.92,74.7,,223.63,830.2225,0.0,,6.26,0,531.5340258297886
13.01.2025 08:00,8.97,223.09,74.7,,167.335,960.785,129.426,213.6175,1.85,0,512.8994680758079
13.01.2025 09:00,8.97,174.09,74.7,,135.625,1036.9299999999998,72.448,58.51,1.85,0,485.4034742697808
13.01.2025 10:00,8.97,141.69,74.7,,111.345,832.9775,221.084,49.7525,1.85,1,453.4629160937944
13.01.2025 11:00,8.97,115.73,74.7,,98.04,817.3525,155.81900000000002,62.815,1.85,1,424.1358958781984
13.01.2025 12:00,8.97,104.1,74.7,,94.4525,863.4350000000001,507.024,2.8475,2.08,1,410.0537657075729
13.01.2025 13:00,8.97,103.04,74.7,,99.78,1039.5875,99.112,35.4025,2.08,1,404.22283487048327
13.01.2025 14:00,8.78,104.67,74.7,,120.8975,888.8975,46.654,262.3933333333334,2.08,1,420.49710015987847
13.01.2025 15:00,8.64,138.2,74.7,,137.005,694.33,20.395,68.39,2.08,1,465.0103083183038
13.01.2025 16:00,8.5,142.62,74.7,,152.42,845.095,0.0,683.54,0.84,1,471.9663569531386
13.01.2025 17:00,8.5,149.0,74.7,,160.16750000000002,783.895,0.283,155.39,0.84,1,452.7809263105986
13.01.2025 18:00,8.5,149.0,74.7,,141.7125,729.83,1.233,125.85,0.84,1,444.02569382193735
13.01.2025 19:00,8.5,139.73,74.7,,126.4775,651.585,0.0,95.61,0.84,1,451.95946942781177
13.01.2025 20:00,8.5,123.18,74.7,,131.015,731.49,61.605,70.4875,2.21,0,452.1352177815624
13.01.2025 21:00,8.5,120.22,74.7,,120.71,696.2725,85.559,98.3275,2.21,0,442.674783084127
13.01.2025 22:00,8.43,115.57,74.7,,107.765,772.0775,6.02,75.58,2.21,0,433.87331790134544
13.01.2025 23:00,8.43,102.31,74.7,,109.1875,571.7475000000001,13.884,85.56666666666666,2.21,0,418.3053594150247
14.01.2025 00:00,8.43,106.38,74.7,,104.5,347.415,14.14,58.39,9.03,0,410.35535996989694
14.01.2025 01:00,8.43,103.7,74.7,,101.4925,411.9625,32.834,354.53,9.03,0,403.3991977973338
14.01.2025 02:00,8.43,99.08,74.7,,94.585,384.1875,0.009,85.8,9.03,0,402.1417726315422
14.01.2025 03:00,8.43,97.99,74.7,,107.7575,415.1175,0.0,95.72,9.03,0,397.8339526946117
14.01.2025 04:00,8.43,101.88,74.7,,115.7325,506.28,0.161,395.9533333333334,7.24,0,404.9074542821142
14.01.2025 05:00,8.43,107.64,74.7,,144.905,832.2875,7.536,96.72666666666667,7.24,0,409.3411414338511
14.01.2025 06:00,8.64,123.4,74.7,,158.66,717.235,0.014,683.58,7.24,0,414.2504794583417
14.01.2025 07:00,8.78,156.62,74.7,,166.1675,710.5925,1.257,580.6666666666666,7.24,0,418.9919692606172
14.01.2025 08:00,8.97,184.03,74.7,,134.07999999999998,1054.935,0.0,350.51,2.72,0,395.8990379900648
14.01.2025 09:00,8.97,151.86,74.7,,113.4675,1006.4975,0.01,91.0,2.72,0,389.76796776254446
14.01.2025 10:00,8.97,117.62,74.7,,116.68,962.3875,0.566,87.63,2.72,1,375.9170679348276
14.01.2025 11:00,8.97,109.31,74.7,,108.4425,821.61,31.736,79.96000000000001,2.72,1,369.0428906152587
14.01.2025 12:00,8.97,103.11,74.7,,101.18,774.5450000000001,59.633,87.5,1.94,1,361.1633768300366
14.01.2025 13:00,8.97,108.11,74.7,,96.47,800.765,0.151,150.8425,1.94,1,361.69366867355546
14.01.2025 14:00,8.78,115.35,74.7,,114.0925,999.46,1.251,98.34,1.94,1,374.8478215847995
14.01.2025 15:00,8.64,125.35,74.7,,123.4625,968.205,5.8,98.76333333333334,1.94,1,403.9638175773736
14.01.2025 16:00,8.5,141.97,74.7,,151.3775,773.0350000000001,60.161,68.08,0.71,1,425.1588248162251
14.01.2025 17:00,8.5,165.86,74.7,,168.7925,716.5475,0.193,100.18666666666668,0.71,1,412.5133209999184
14.01.2025 18:00,8.5,170.07,74.7,,160.1975,669.7425000000001,0.7010000000000001,90.7275,0.71,1,407.0506624400296
14.01.2025 19:00,8.5,158.38,74.7,,145.5375,589.0225,1.118,89.33333333333333,0.71,1,421.15791662058666
14.01.2025 20:00,8.5,135.46,74.7,,139.4875,558.2725,20.142,96.71,1.97,0,439.7426151265232
14.01.2025 21:00,8.5,117.69,74.7,,137.635,570.66,106.145,72.32249999999999,1.97,0,448.7317834641559
14.01.2025 22:00,8.43,121.0,74.7,,127.2175,535.1800000000001,4.2330000000000005,80.085,1.97,0,457.3814471221631
14.01.2025 23:00,8.43,121.76,74.7,,122.67,399.49,4.394,76.25999999999999,1.97,0,460.84677007484015
15.01.2025 00:00,8.43,108.28,74.7,,117.54,388.8125,0.2329999999999999,103.75333333333332,7.87,0,456.6610101582529
15.01.2025 01:00,8.43,107.72,74.7,,110.7625,359.8175,0.102,95.6425,7.87,0,456.8584737611274
15.01.2025 02:00,8.43,108.41,74.7,,106.3725,339.95,0.216,528.305,7.87,0,472.3805705036034
15.01.2025 03:00,8.43,108.04,74.7,,110.925,427.985,7.723,314.41,7.87,0,489.9839437760407
15.01.2025 04:00,8.43,108.75,74.7,,113.6375,539.5550000000001,3.618,241.1975,8.7,0,505.4235284253618
15.01.2025 05:00,8.43,114.92,74.7,,132.3175,835.04,1.35,88.9825,8.7,0,520.0372516919903
15.01.2025 06:00,8.64,134.49,74.7,,203.5525,825.3025,1.853,79.63,8.7,0,543.8200711281735
15.01.2025 07:00,8.78,191.79,74.7,,273.2625,831.83,0.03,254.72,8.7,0,559.516390477594
15.01.2025 08:00,8.97,307.24,74.7,,278.77750000000003,689.455,0.041,204.69,1.71,0,574.1194762601167
15.01.2025 09:00,8.97,315.02,74.7,,274.1225,898.1525,0.279,143.49666666666667,1.71,0,557.1744313605514
15.01.2025 10:00,8.97,311.03,74.7,,228.405,850.46,17.594,98.005,1.71,1,560.0286534661054
15.01.2025 11:00,8.97,304.8,74.7,,193.5725,701.075,1.031,172.16,1.71,1,561.0556561179643
15.01.2025 12:00,8.97,311.02,74.7,,178.24,657.88,0.002,183.47,1.65,1,568.8144380927506
15.01.2025 13:00,8.97,309.34,74.7,,160.665,540.8925,0.0,197.48,1.65,1,579.0058299277925
15.01.2025 14:00,8.78,285.83,74.7,,163.3575,647.5875000000001,0.009,485.465,1.65,1,601.1718337392325
15.01.2025 15:00,8.64,301.74,74.7,,186.7175,661.96,0.064,235.1975,1.65,1,611.8227800858099
15.01.2025 16:00,8.5,333.52,74.7,,190.9525,512.645,0.0,527.25,0.52,1,592.6552019054425
15.01.2025 17:00,8.5,377.99,74.7,,203.6025,543.915,8.688,106.545,0.52,1,580.1175628111869
15.01.2025 18:00,8.5,324.74,74.7,,180.1475,790.1775,8.416,108.19333333333331,0.52,1,571.7714707192283
15.01.2025 19:00,8.5,270.09,74.7,,168.6525,751.135,8.937000000000001,141.48,0.52,1,587.6142189563693
15.01.2025 20:00,8.5,181.66,74.7,,151.455,524.7375,21.787,105.04,1.82,0,621.0289520986053
15.01.2025 21:00,8.5,150.87,74.7,,137.35,371.655,79.45700000000001,89.3575,1.82,0,638.4696133381012
15.01.2025 22:00,8.43,141.16,74.7,,129.025,485.2025,5.039,109.99333333333334,1.82,0,638.8071972421968
15.01.2025 23:00,8.43,123.9,74.7,,135.7875,456.345,15.946,104.425,1.82,0,626.132473741517
16.01.2025 00:00,8.43,126.33,74.7,,129.485,502.78,18.023,120.8725,6.46,0,613.6229265388724
16.01.2025 01:00,8.43,119.12,74.7,,125.285,402.3425,10.45,117.94,6.46,0,614.7657173818931
16.01.2025 02:00,8.43,117.62,74.7,,126.1425,283.0075,1.271,195.17,6.46,0,612.898414609316
16.01.2025 03:00,8.43,115.03,74.7,,127.1575,365.7975,11.642,111.2,6.46,0,605.7630363764164
16.01.2025 04:00,8.43,115.75,74.7,,131.63,553.485,0.629,112.16,5.52,0,594.8199604387089
16.01.2025 05:00,8.43,123.27,74.7,,147.97750000000002,581.395,50.408,96.20666666666666,5.52,0,587.5458521663539
16.01.2025 06:00,8.64,138.7,74.7,,166.9425,513.73,9.403,88.96,5.52,0,564.7944061097627
16.01.2025 07:00,8.78,173.04,74.7,,185.71,483.475,9.35,145.35500000000002,5.52,0,532.7180336804681
16.01.2025 08:00,8.97,199.65,74.7,,176.505,765.4300000000001,0.142,299.86,1.47,0,501.1835766894754
16.01.2025 09:00,8.97,175.0,74.7,,159.5575,744.4525,0.066,112.97,1.47,0,484.7942952929054
16.01.2025 10:00,8.97,151.9,74.7,,155.4925,710.8225,3.797,103.425,1.47,1,473.29127492876734
16.01.2025 11:00,8.97,140.64,74.7,,144.5225,602.635,22.77,102.3625,1.47,1,450.9956495315726
16.01.2025 12:00,8.97,131.13,74.7,,137.7275,645.165,0.031,99.78,1.48,1,448.4192307849997
16.01.2025 13:00,8.97,130.58,74.7,,150.82999999999998,753.5025,0.106,299.515,1.48,1,459.5257797360482
16.01.2025 14:00,8.78,138.42,74.7,,158.51,661.4775,0.078,234.6,1.48,1,480.0683622753769
16.01.2025 15:00,8.64,163.04,74.7,,171.0925,533.76,0.976,127.215,1.48,1,515.6558943256506
16.01.2025 16:00,8.5,179.2,74.7,,181.7925,684.09,10.595,113.33333333333331,0.49,1,512.3949228494182
16.01.2025 17:00,8.5,191.56,74.7,,183.905,624.25,6.366,137.865,0.49,1,507.87341692924406
16.01.2025 18:00,8.5,184.32,74.7,,167.70499999999998,594.81,0.95,115.96,0.49,1,490.6575275164562
16.01.2025 19:00,8.5,179.97,74.7,,154.60500000000002,525.73,3.484,118.03666666666668,0.49,1,502.35344828669554
16.01.2025 20:00,8.5,159.6,74.7,,141.9025,469.105,33.806,118.4275,2.5,0,516.4362761068959
16.01.2025 21:00,8.5,141.6,74.7,,132.25,399.0875,1.602,287.54999999999995,2.5,0,530.9991554217165
16.01.2025 22:00,8.43,135.29,74.7,,121.565,538.355,41.518,97.9675,2.5,0,540.5511369782265
16.01.2025 23:00,8.43,123.75,74.7,,119.9225,516.5699999999999,2.132,96.58,2.5,0,546.9980125533333
17.01.2025 00:00,8.43,118.87,74.7,,114.08,314.42,0.088,88.81,5.47,0,542.1195226337917
17.01.2025 01:00,8.43,118.39,74.7,,117.8775,292.14,0.03,97.5575,5.47,0,544.1688320389687
17.01.2025 02:00,8.43,115.71,74.7,,115.175,275.1,0.353,99.73333333333332,5.47,0,549.8610979409829
17.01.2025 03:00,8.43,114.72,74.7,,110.725,387.8725,0.0,,5.47,0,555.6498343531666
17.01.2025 04:00,8.43,115.48,74.7,,126.215,516.99,0.023,119.0725,4.88,0,568.9719206761272
17.01.2025 05:00,8.43,122.16,74.7,,139.39499999999998,711.8225,0.0,142.66666666666666,4.88,0,579.6837633786881
17.01.2025 06:00,8.64,140.8,74.7,,167.035,673.5225,8.284,95.37,4.88,0,582.7210271130641
17.01.2025 07:00,8.78,175.01,74.7,,207.2925,502.3475,0.0,150.09,4.88,0,550.4893576556614
17.01.2025 08:00,8.97,208.13,74.7,,198.9,726.06,3.272,147.78,1.25,0,528.366839837028
17.01.2025 09:00,8.97,175.34,74.7,,200.97,1091.8875,0.002,134.73,1.25,0,517.2939119878168
17.01.2025 10:00,8.97,158.0,74.7,,177.8525,1026.1475,0.164,134.38,1.25,1,517.6478316682902
17.01.2025 11:00,8.97,140.73,74.7,,167.7625,828.6675,0.0,,1.25,1,513.0363032425714
17.01.2025 12:00,8.97,126.44,74.7,,173.29500000000002,742.985,0.0,,1.29,1,508.43551504382464
17.01.2025 13:00,8.97,124.03,74.7,,177.05,774.9300000000001,0.0,,1.29,1,511.623530279441
17.01.2025 14:00,8.78,132.99,74.7,,213.835,986.6425,0.0,,1.29,1,532.7632348932582
17.01.2025 15:00,8.64,151.98,74.7,,229.735,813.6975,0.015,160.14,1.29,1,534.7899109902615
17.01.2025 16:00,8.5,170.21,74.7,,235.9,671.005,0.0,,0.42,1,541.822533358388
17.01.2025 17:00,8.5,178.79,74.7,,215.535,767.575,0.016,181.68,0.42,1,552.2641676553035
17.01.2025 18:00,8.5,179.92,74.7,,211.0525,732.7225,0.0,,0.42,1,562.0649286865154
17.01.2025 19:00,8.5,174.22,74.7,,171.6025,636.625,0.931,117.71,0.42,1,575.4852125995479
17.01.2025 20:00,8.5,157.91,74.7,,144.925,636.5375,0.153,132.15,1.64,0,601.6107669724289
17.01.2025 21:00,8.5,145.0,74.7,,145.305,443.375,12.325,396.135,1.64,0,606.2160374565108
17.01.2025 22:00,8.43,139.97,74.7,,141.4075,443.8325,0.734,138.8775,1.64,0,597.8761317356235
17.01.2025 23:00,8.43,126.84,74.7,,123.2625,408.48,0.206,196.9433333333333,1.64,0,597.8506299228998
18.01.2025 00:00,8.13,125.29,74.7,,134.065,434.7075,2.041,226.04,4.79,0,602.1601391622326
18.01.2025 01:00,8.13,121.05,74.7,,119.14,305.8175,0.0849999999999999,172.615,4.79,0,598.2642013653065
18.01.2025 02:00,8.13,120.98,74.7,,119.01,275.77250000000004,0.0,,4.79,0,601.6398474155438
18.01.2025 03:00,8.13,118.85,74.7,,118.165,237.9525,0.0,,4.79,0,609.1811617735227
18.01.2025 04:00,8.13,116.46,74.7,,118.5225,277.39,0.0,,4.28,0,618.6997468916607
18.01.2025 05:00,8.13,119.77,74.7,,117.73,321.8375,0.0,112.48,4.28,0,623.3987385186674
18.01.2025 06:00,8.26,119.75,74.7,,127.8525,379.605,0.158,105.52333333333333,4.28,0,624.6455163493122
18.01.2025 07:00,8.36,133.39,74.7,,133.14249999999998,409.285,0.0,,4.28,0,620.2657162684752
18.01.2025 08:00,8.51,145.63,74.7,,143.61,558.5475,0.0,,1.91,0,615.4016699748436
18.01.2025 09:00,8.51,144.1,74.7,,133.335,700.9125,0.0,,1.91,0,580.3065019203789
18.01.2025 10:00,8.51,131.21,74.7,,145.85750000000002,818.2225000000001,0.0,,1.91,0,538.524338561047
18.01.2025 11:00,8.51,121.56,74.7,,141.845,864.2975,0.0,,1.91,0,487.80859627358814
18.01.2025 12:00,8.51,118.87,74.7,,130.5275,608.5725,0.0,,1.68,0,485.16374805321095
18.01.2025 13:00,8.51,115.01,74.7,,136.885,709.1175,0.088,125.86,1.68,0,487.2060381330692
18.01.2025 14:00,8.36,119.32,74.7,,158.2175,794.7225000000001,0.396,134.25,1.68,0,519.005710526289
18.01.2025 15:00,8.26,133.32,74.7,,200.325,987.1,0.371,159.285,1.68,0,567.9106082420503
18.01.2025 16:00,8.17,149.71,74.7,,215.7275,654.01,1.086,151.22,1.0,0,584.8799825380212
18.01.2025 17:00,8.17,164.59,74.7,,196.4975,616.4725,0.006,132.88,1.0,0,563.966774685242
18.01.2025 18:00,8.17,167.57,74.7,,218.4025,701.9925000000001,0.0,130.79,1.0,0,561.4777015784707
18.01.2025 19:00,8.17,167.85,74.7,,169.52,620.605,0.024,127.3425,1.0,0,555.6053266493038
18.01.2025 20:00,8.17,156.12,74.7,,155.86,607.57,0.0,123.735,1.65,0,578.9912929296835
18.01.2025 21:00,8.17,143.42,74.7,,136.875,482.885,0.0,134.53,1.65,0,589.8310937956526
18.01.2025 22:00,8.13,136.4,74.7,,133.6675,423.06,0.0,125.33333333333331,1.65,0,607.602208518038
18.01.2025 23:00,8.13,129.36,74.7,,127.78,538.0925,0.004,131.24,1.65,0,611.9874995432507
19.01.2025 00:00,8.11,129.73,74.7,,136.47,458.3025,0.291,67.42,4.11,0,602.1243174271865
19.01.2025 01:00,8.11,124.2,74.7,,126.3975,336.7,1.021,121.42,4.11,0,600.4625554355744
19.01.2025 02:00,8.11,123.05,74.7,,123.275,298.99,0.088,113.24,4.11,0,606.3094087731452
19.01.2025 03:00,8.11,121.24,74.7,,122.275,267.7975,0.159,112.36,4.11,0,610.9004541304984
19.01.2025 04:00,8.11,120.18,74.7,,121.2725,240.775,0.049,114.385,3.7,0,611.6291046215425
19.01.2025 05:00,8.11,120.0,74.7,,123.9475,246.135,0.0,104.025,3.7,0,605.9621820561947
19.01.2025 06:00,8.25,121.57,74.7,,121.32,373.1375,0.0,113.365,3.7,0,602.7788635447047
19.01.2025 07:00,8.34,123.33,74.7,,127.0375,406.8075,0.0,111.795,3.7,0,599.7237374752826
19.01.2025 08:00,8.49,123.6,74.7,,136.67,490.71,71.402,66.1225,1.82,0,576.5614596354532
19.01.2025 09:00,8.49,125.16,74.7,,127.6825,764.7225,0.762,56.265,1.82,0,509.63683901608977
19.01.2025 10:00,8.49,125.19,74.7,,116.09,633.6850000000001,0.394,32.17,1.82,0,439.1530199648813
19.01.2025 11:00,8.49,121.56,74.7,,118.575,560.9300000000001,4.324,34.62,1.82,0,403.1960465351973
19.01.2025 12:00,8.49,112.25,74.7,,130.5125,678.5875,65.577,27.48,4.34,0,396.5670860314086
19.01.2025 13:00,8.49,107.51,74.7,,131.3675,708.2525,2.194,55.39000000000001,4.34,0,417.488967146212
19.01.2025 14:00,8.34,116.81,74.7,,146.35750000000002,811.1025,0.0,,4.34,0,466.78451056518986
19.01.2025 15:00,8.25,126.29,74.7,,154.2375,766.2025,0.063,118.39,4.34,0,531.6600773321334
19.01.2025 16:00,8.15,140.15,74.7,,167.64499999999998,651.81,3.431,86.055,1.02,0,569.0654964737371
19.01.2025 17:00,8.15,149.67,74.7,,166.0925,602.4825,0.0,,1.02,0,538.7828201326681
19.01.2025 18:00,8.15,159.04,74.7,,170.38,541.185,0.009,64.79,1.02,0,522.3844784122448
19.01.2025 19:00,8.15,156.6,74.7,,158.1225,556.3975,2.061,61.92333333333334,1.02,0,523.6527443783323
19.01.2025 20:00,8.15,149.06,74.7,,161.4275,588.905,1.889,54.135000000000005,1.37,0,539.9936203741787
19.01.2025 21:00,8.15,139.26,74.7,,148.435,476.41,1.21,102.93,1.37,0,553.1766617926673
19.01.2025 22:00,8.11,130.99,74.7,,128.3675,422.6925,1.809,60.900000000000006,1.37,0,567.9603455603011
19.01.2025 23:00,8.11,122.94,74.7,,121.15,384.83,0.738,100.27,1.37,0,578.2025472513394
20.01.2025 00:00,8.43,122.27,74.7,,118.4375,300.0825,0.034,102.12333333333332,4.53,0,581.9017954523244
20.01.2025 01:00,8.43,119.44,74.7,,120.4625,279.1625,0.0,115.0,4.53,0,587.2463894982519
20.01.2025 02:00,8.43,116.56,74.7,,117.2625,314.50750000000005,0.0,112.44,4.53,0,594.318593236989
20.01.2025 03:00,8.43,114.41,74.7,,115.8475,412.1425,0.0,100.56666666666666,4.53,0,599.5986861603957
20.01.2025 04:00,8.43,115.45,74.7,,128.6725,492.2225,4.871,99.01333333333334,4.0,0,602.1493323805213
20.01.2025 05:00,8.43,127.54,74.7,,144.545,714.455,22.128,60.12,4.0,0,600.8266137651902
20.01.2025 06:00,8.64,161.71,74.7,,194.245,649.1225,1.568,114.54,4.0,0,593.2130086631958
20.01.2025 07:00,8.78,276.48,74.7,,281.28,660.765,0.0,,4.0,0,564.2507907442787
20.01.2025 08:00,8.97,431.99,74.7,,260.65,753.125,0.0,,1.4,0,537.0620121869598
20.01.2025 09:00,8.97,291.7,74.7,,231.5375,862.53,0.0,108.68,1.4,0,508.0104830108016
20.01.2025 10:00,8.97,236.29,74.7,,208.015,607.6800000000001,0.0,,1.4,1,489.2430383569468
20.01.2025 11:00,8.97,187.48,74.7,,206.275,620.285,0.0,,1.4,1,475.2041408172528
20.01.2025 12:00,8.97,176.0,74.7,,228.4125,731.4225,0.0,,2.17,1,473.9003509546292
20.01.2025 13:00,8.97,171.39,74.7,,240.5575,873.5825,0.0,,2.17,1,493.7008480297091
20.01.2025 14:00,8.78,191.85,74.7,,279.6125,975.25,0.0,,2.17,1,528.3033690465813
20.01.2025 15:00,8.64,277.17,74.7,,339.6675,758.855,0.0,163.68,2.17,1,547.982316163221
20.01.2025 16:00,8.5,402.12,74.7,,418.2825,526.2925,0.0,138.99,0.75,1,566.427932688482
20.01.2025 17:00,8.5,583.4,74.7,,253.335,636.905,0.002,,0.75,1,552.8414299483169
20.01.2025 18:00,8.5,473.28,74.7,,240.595,771.575,0.069,103.75,0.75,1,555.6432689556502
20.01.2025 19:00,8.5,295.57,74.7,,209.8625,809.91,11.606,107.27666666666666,0.75,1,555.3683168476337
20.01.2025 20:00,8.5,220.0,74.7,,174.3375,750.19,0.3269999999999999,134.90333333333334,1.26,0,569.1630557365717
20.01.2025 21:00,8.5,170.0,74.7,,135.515,615.2425000000001,0.092,111.18,1.26,0,576.0597025205416
20.01.2025 22:00,8.43,152.51,74.7,,120.43,514.0675,1.23,102.475,1.26,0,581.4985325398284
20.01.2025 23:00,8.43,137.98,74.7,,127.8075,404.94,5.133,90.53,1.26,0,583.31570684178
21.01.2025 00:00,8.43,127.52,74.7,,122.525,345.1075,0.441,106.96666666666664,4.09,0,588.429063473183
21.01.2025 01:00,8.43,121.65,74.7,,120.24,316.98,0.0,,4.09,0,588.4664117181928
21.01.2025 02:00,8.43,116.67,74.7,,115.415,285.97,0.209,101.985,4.09,0,590.2598881124707
21.01.2025 03:00,8.43,113.86,74.7,,118.9975,371.5875,0.018,101.9875,4.09,0,589.9019399723861
21.01.2025 04:00,8.43,113.54,74.7,,122.4075,402.8775,0.003,126.53666666666668,3.92,0,590.2642216579267
21.01.2025 05:00,8.43,122.34,74.7,,172.5725,658.1800000000001,10.353,74.855,3.92,0,580.9913251535726
21.01.2025 06:00,8.64,142.2,74.7,,219.9875,625.86,0.0,,3.92,0,562.4757010661449
21.01.2025 07:00,8.78,190.06,74.7,,249.74,519.89,0.0,,3.92,0,531.7165148239737
21.01.2025 08:00,8.97,248.32,74.7,,238.7725,705.0225,82.596,62.510000000000005,1.65,0,515.9737018643636
21.01.2025 09:00,8.97,211.68,74.7,,205.32,952.7125,6.179,108.95,1.65,0,502.56003406495086
21.01.2025 10:00,8.97,198.05,74.7,,171.2875,902.52,0.028,133.0,1.65,1,495.3830692238784
21.01.2025 11:00,8.97,161.5,74.7,,157.5825,673.0675,5.617,61.96333333333333,1.65,1,473.3983077005639
21.01.2025 12:00,8.97,147.44,74.7,,153.62,522.385,0.0,73.18,1.9,1,471.9541268048838
21.01.2025 13:00,8.97,142.83,74.7,,151.0525,729.355,0.0,72.98,1.9,1,480.96840340653904
21.01.2025 14:00,8.78,150.05,74.7,,188.3775,693.7725,0.0,,1.9,1,510.9237896906801
21.01.2025 15:00,8.64,173.43,74.7,,306.76250000000005,590.3199999999999,0.0,,1.9,1,537.2319653360323
21.01.2025 16:00,8.5,212.13,74.7,,391.345,597.2675,0.0,145.87,1.0,1,551.8920106411613
21.01.2025 17:00,8.5,301.15,74.7,,290.1675,685.755,0.0,,1.0,1,552.0703132663198
21.01.2025 18:00,8.5,251.93,74.7,,319.655,783.9725,0.0,,1.0,1,557.1299015700421
21.01.2025 19:00,8.5,202.68,74.7,,438.605,938.955,0.004,83.35,1.0,1,555.9998357407918
21.01.2025 20:00,8.5,174.84,74.7,,253.575,744.37,46.349,70.7925,1.5,0,569.3409432454989
21.01.2025 21:00,8.5,155.19,74.7,,160.335,723.4075,0.0,,1.5,0,577.1003056772786
21.01.2025 22:00,8.43,138.6,74.7,,143.36,563.7925,0.0,150.0,1.5,0,590.7238144285674
21.01.2025 23:00,8.43,125.29,74.7,,143.07999999999998,518.9975,6.413,104.45666666666666,1.5,0,592.4356397340935
22.01.2025 00:00,8.43,128.0,74.7,,136.2425,458.835,7.633,104.26,3.51,0,596.7500423347601
22.01.2025 01:00,8.43,125.06,74.7,,127.1425,283.415,0.385,106.04,3.51,0,605.2442832515421
22.01.2025 02:00,8.43,122.22,74.7,,121.0325,326.71500000000003,0.043,107.73,3.51,0,606.7047306798815
22.01.2025 03:00,8.43,121.66,74.7,,121.5075,345.5875,0.004,119.03,3.51,0,604.9160141335075
22.01.2025 04:00,8.43,123.16,74.7,,130.5525,544.065,0.0,119.47,3.34,0,598.246773037685
22.01.2025 05:00,8.43,128.32,74.7,,150.065,529.6875,8.138,92.82,3.34,0,588.5300309173462
22.01.2025 06:00,8.64,156.92,74.7,,189.0175,523.105,0.009,,3.34,0,565.4368451434651
22.01.2025 07:00,8.78,208.25,74.7,,329.38,628.44,1.354,171.89999999999998,3.34,0,509.5480054454379
22.01.2025 08:00,8.97,238.6,74.7,,247.0825,973.19,17.028,118.2025,1.33,0,490.8858743278312
22.01.2025 09:00,8.97,199.41,74.7,,188.605,1261.4450000000002,0.0,,1.33,0,473.96135149138416
22.01.2025 10:00,8.97,179.06,74.7,,160.6525,819.155,29.675,113.03,1.33,1,454.884877904368
22.01.2025 11:00,8.97,172.94,74.7,,140.63,524.0025,68.1,106.7975,1.33,1,441.1226780057669
22.01.2025 12:00,8.97,165.0,74.7,,146.38,485.455,62.467,105.345,1.53,1,442.1914093540395
22.01.2025 13:00,8.97,170.0,74.7,,150.485,528.51,10.271,99.47,1.53,1,452.16020635239096
22.01.2025 14:00,8.78,179.92,74.7,,158.1575,572.8725,0.0,,1.53,1,471.4830816543829
22.01.2025 15:00,8.64,195.67,74.7,,170.87,561.49,0.007,159.76,1.53,1,476.1951790342809
22.01.2025 16:00,8.5,199.04,74.7,,166.73,501.715,0.014,156.95999999999998,0.86,1,462.0671606830048
22.01.2025 17:00,8.5,208.99,74.7,,149.0675,527.1475,0.0,,0.86,1,446.693463116732
22.01.2025 18:00,8.5,180.43,74.7,,138.7875,682.76,1.964,81.125,0.86,1,439.3338819910436
22.01.2025 19:00,8.5,167.08,74.7,,132.9025,660.3525,36.3,68.6225,0.86,1,448.4517668948229
22.01.2025 20:00,8.5,134.49,74.7,,128.48250000000002,579.8275,68.30000000000001,71.62,1.42,0,452.1643561008463
22.01.2025 21:00,8.5,127.78,74.7,,120.8,459.1025,1.674,98.83333333333331,1.42,0,448.04138668524166
22.01.2025 22:00,8.43,128.09,74.7,,108.99,550.555,2.587,94.985,1.42,0,447.4917573485784
22.01.2025 23:00,8.43,114.68,74.7,,138.88,537.0475,0.222,108.16,1.42,0,442.4159365428561
23.01.2025 00:00,8.43,113.7,74.7,,121.23,568.535,155.71,73.835,3.95,0,433.8433030446072
23.01.2025 01:00,8.43,108.88,74.7,,110.72,516.7775,137.623,65.145,3.95,0,429.86386615355127
23.01.2025 02:00,8.43,105.58,74.7,,97.205,465.1575,0.019,87.08,3.95,0,419.5901692864139
23.01.2025 03:00,8.43,100.01,74.7,,105.0925,456.2675,38.816,79.17,3.95,0,407.3029486689071
23.01.2025 04:00,8.43,97.59,74.7,,112.2225,514.82,352.835,48.48,3.79,0,403.73236940122354
23.01.2025 05:00,8.43,100.01,74.7,,105.8725,633.4775,152.748,47.2375,3.79,0,390.08965716547925
23.01.2025 06:00,8.64,106.41,74.7,,104.785,789.21,78.41300000000001,53.06,3.79,0,381.0837624521398
23.01.2025 07:00,8.78,136.6,74.7,,121.4425,642.9625,40.301,64.6675,3.79,0,358.95418166799226
23.01.2025 08:00,8.97,159.03,74.7,,121.4325,664.8924999999999,7.785,55.875,2.08,0,342.6344229724912
23.01.2025 09:00,8.97,155.42,74.7,,107.355,580.01,0.0,87.63499999999999,2.08,0,329.6665850351658
23.01.2025 10:00,8.97,130.94,74.7,,94.28,686.5025,313.093,8.045,2.08,1,329.52212792917186
23.01.2025 11:00,8.97,116.1,74.7,,81.5775,835.1975,163.972,20.567500000000003,2.08,1,321.7174864106528
23.01.2025 12:00,8.97,94.93,74.7,,80.59,765.9725000000001,78.399,-2.942500000000001,2.29,1,301.58881012441
23.01.2025 13:00,8.97,88.56,74.7,,78.1075,788.3925,141.378,15.85,2.29,1,292.3945506781082
23.01.2025 14:00,8.78,85.86,74.7,,100.0625,805.185,132.476,24.71,2.29,1,298.74579480246405
23.01.2025 15:00,8.64,89.8,74.7,,119.8325,699.5025,119.981,29.9225,2.29,1,320.4923568867434
23.01.2025 16:00,8.5,89.87,74.7,,126.275,675.54,76.139,42.69,1.25,1,332.9381200037316
23.01.2025 17:00,8.5,106.75,74.7,,125.5775,743.55,92.257,50.42333333333334,1.25,1,337.7815779630994
23.01.2025 18:00,8.5,112.0,74.7,,116.015,728.14,244.08,46.6625,1.25,1,338.6295315188283
23.01.2025 19:00,8.5,101.87,74.7,,93.2725,808.1475,68.085,31.955,1.25,1,342.0680584613012
23.01.2025 20:00,8.5,86.36,74.7,,82.4275,714.63,118.46,28.9375,4.0,0,328.0603431474181
23.01.2025 21:00,8.5,74.28,74.7,,77.3875,701.84,42.534,26.3225,4.0,0,304.6326274399756
23.01.2025 22:00,8.43,75.68,74.7,,62.625,687.64,123.399,10.3825,4.0,0,302.35805383195213
23.01.2025 23:00,8.43,58.23,74.7,,54.4075,593.6975,43.662,30.633333333333336,4.0,0,286.41556247854453
24.01.2025 00:00,8.43,69.03,74.7,,42.3375,526.895,1.06,54.9975,25.42,0,265.4893088134032
24.01.2025 01:00,8.43,58.16,74.7,,50.32,479.0175,0.6,64.78,25.42,0,250.41390587859095
24.01.2025 02:00,8.43,45.05,74.7,,64.57,394.7375,0.5660000000000001,40.135,25.42,0,242.29819465842328
24.01.2025 03:00,8.43,40.6,74.7,,62.1,499.9475,20.536,-41.03333333333334,25.42,0,244.99587512893632
24.01.2025 04:00,8.43,50.17,74.7,,70.39750000000001,607.0625,16.977,-12.6175,12.0,0,248.75867436963276
24.01.2025 05:00,8.43,73.2,74.7,,73.2325,719.06,15.038,5.91,12.0,0,253.50925061565897
24.01.2025 06:00,8.64,85.44,74.7,,84.085,603.755,1.408,74.535,12.0,0,262.5091610991175
24.01.2025 07:00,8.78,109.16,74.7,,91.05,627.13,49.711,44.45666666666667,12.0,0,268.7005008664347
24.01.2025 08:00,8.97,116.23,74.7,,73.28999999999999,831.0975000000001,371.789,14.645,2.33,0,260.4178386474559
24.01.2025 09:00,8.97,96.34,74.7,,47.955,937.485,596.617,-18.83,2.33,0,245.5612968182293
24.01.2025 10:00,8.97,88.9,74.7,,26.3725,905.1025,489.703,-29.07,2.33,1,229.12877693144597
24.01.2025 11:00,8.97,78.44,74.7,,13.18,692.565,470.026,-73.3875,2.33,1,222.9716317427901
24.01.2025 12:00,8.97,76.48,74.7,,8.7475,775.5475,105.936,14.1,4.87,1,215.0650482928189
24.01.2025 13:00,8.97,74.69,74.7,,7.1575,796.0899999999999,171.711,-31.3725,4.87,1,214.5500883237684
24.01.2025 14:00,8.78,74.51,74.7,,31.07,746.2525,236.071,-19.72,4.87,1,211.28527255389787
24.01.2025 15:00,8.64,74.51,74.7,,34.985,708.6375,106.031,12.35,4.87,1,223.5410530848985
24.01.2025 16:00,8.5,75.25,74.7,,48.3925,719.01,110.334,-5.860000000000002,2.0,1,230.09433644720065
24.01.2025 17:00,8.5,83.02,74.7,,69.94749999999999,629.7675,254.391,-46.3375,2.0,1,236.4983830712993
24.01.2025 18:00,8.5,88.59,74.7,,60.0975,605.8275,375.173,-69.55,2.0,1,240.7917307805606
24.01.2025 19:00,8.5,91.78,74.7,,39.605,620.2625,63.529,-29.44,2.0,1,244.2141772375808
24.01.2025 20:00,8.5,84.99,74.7,,19.2475,605.68,120.323,-68.50999999999999,8.66,0,248.8221542356768
24.01.2025 21:00,8.5,80.79,74.7,,12.1475,561.9025,23.884,-10.355,8.66,0,250.21676800282452
24.01.2025 22:00,8.43,91.97,74.7,,14.16,528.095,45.861,-29.1475,8.66,0,255.92400414240123
24.01.2025 23:00,8.43,86.29,74.7,,25.685,567.9075,40.238,10.89,8.66,0,260.06391547852866
25.01.2025 00:00,8.13,59.04,74.7,,47.175,620.0425,14.818,43.21,12.39,0,244.0286074552743
25.01.2025 01:00,8.13,64.96,74.7,,53.795,654.2025,53.233,25.6525,12.39,0,237.79211367642023
25.01.2025 02:00,8.13,63.55,74.7,,61.4375,527.38,10.886,44.29666666666666,12.39,0,238.6298635141228
25.01.2025 03:00,8.13,67.17,74.7,,46.7325,559.48,95.45,41.4625,12.39,0,248.88640201089888
25.01.2025 04:00,8.13,76.77,74.7,,37.8075,572.355,0.022,95.1675,7.57,0,258.8203006373337
25.01.2025 05:00,8.13,76.89,74.7,,34.745,636.5975,25.666,69.99666666666667,7.57,0,257.8463221152278
25.01.2025 06:00,8.26,79.32,74.7,,30.59,667.9725,57.742,61.915,7.57,0,248.07076274807756
25.01.2025 07:00,8.36,76.89,74.7,,50.935,682.0175,119.381,46.4575,7.57,0,242.14492079534932
25.01.2025 08:00,8.51,88.99,74.7,,60.7675,659.21,0.0,,2.08,0,238.25934560186047
25.01.2025 09:00,8.51,87.31,74.7,,73.245,970.81,348.451,5.2425,2.08,0,240.340328128794
25.01.2025 10:00,8.51,86.32,74.7,,65.0425,930.5525,138.37,31.7825,2.08,0,237.7831915517761
25.01.2025 11:00,8.51,88.15,74.7,,54.235,923.535,34.568000000000005,61.6075,2.08,0,232.6689591390412
25.01.2025 12:00,8.51,82.55,74.7,,61.3725,1096.3525,96.704,55.05,3.19,0,230.0551801396413
25.01.2025 13:00,8.51,81.98,74.7,,74.4125,1048.91,167.926,43.7125,3.19,0,241.98340029203231
25.01.2025 14:00,8.36,89.0,74.7,,100.0825,1257.085,34.237,48.10666666666666,3.19,0,265.7193748085615
25.01.2025 15:00,8.26,111.07,74.7,,133.6525,1039.215,187.191,41.655,3.19,0,323.286203837524
25.01.2025 16:00,8.17,132.97,74.7,,142.88,773.27,59.408,81.2325,1.31,0,373.6176811601584
25.01.2025 17:00,8.17,145.85,74.7,,141.1825,550.885,55.269,82.10666666666667,1.31,0,406.4015800875964
25.01.2025 18:00,8.17,151.0,74.7,,136.0325,610.2275,0.196,111.19,1.31,0,432.4781292272285
25.01.2025 19:00,8.17,147.53,74.7,,145.89,593.135,111.39,72.3125,1.31,0,450.04142217799927
25.01.2025 20:00,8.17,137.6,74.7,,133.06,580.485,15.0,82.015,3.5,0,479.6912876531376
25.01.2025 21:00,8.17,134.61,74.7,,125.8675,511.0675,1.093,101.89,3.5,0,497.3626719742128
25.01.2025 22:00,8.13,132.26,74.7,,114.0025,517.8399999999999,0.269,100.6,3.5,0,510.63245405131227
25.01.2025 23:00,8.13,122.03,74.7,,98.675,538.46,40.370000000000005,74.84,3.5,0,532.4375636784484
26.01.2025 00:00,8.11,126.21,74.7,,96.4725,488.9275,104.272,58.525,7.97,0,543.2510526035733
26.01.2025 01:00,8.11,115.79,74.7,,92.2675,446.3875,56.412000000000006,59.9925,7.97,0,526.8922045288466
26.01.2025 02:00,8.11,111.3,74.7,,90.9175,293.44,0.509,80.15,7.97,0,496.6449645621309
26.01.2025 03:00,8.11,106.85,74.7,,94.99,272.7575,0.0,107.76,7.97,0,482.4477559305605
26.01.2025 04:00,8.11,105.43,74.7,,100.6175,368.97,53.945,71.525,5.26,0,475.0754112672728
26.01.2025 05:00,8.11,107.86,74.7,,86.17,473.205,102.213,64.4125,5.26,0,461.1190858798976
26.01.2025 06:00,8.25,110.6,74.7,,81.035,560.135,108.285,58.885,5.26,0,432.0091209357184
26.01.2025 07:00,8.34,117.62,74.7,,91.2575,704.71,0.049,87.295,5.26,0,408.9383669367612
26.01.2025 08:00,8.49,124.17,74.7,,96.1025,785.985,0.6930000000000001,82.19999999999999,1.6,0,408.4287054122594
26.01.2025 09:00,8.49,121.97,74.7,,93.5325,736.5500000000001,71.886,63.13,1.6,0,403.9448710126096
26.01.2025 10:00,8.49,105.51,74.7,,91.555,944.5925,31.113,65.8125,1.6,0,374.9416180750894
26.01.2025 11:00,8.49,102.57,74.7,,83.55250000000001,846.495,8.479,60.985,1.6,0,339.837234283183
26.01.2025 12:00,8.49,96.73,74.7,,76.965,973.36,0.735,96.84,3.16,0,322.1644967332608
26.01.2025 13:00,8.49,90.02,74.7,,81.5825,871.8225,17.922,46.175,3.16,0,315.3443793482709
26.01.2025 14:00,8.34,92.52,74.7,,94.12,875.745,3.224,48.29,3.16,0,335.82350536662403
26.01.2025 15:00,8.25,111.63,74.7,,118.9025,781.73,14.102,66.0,3.16,0,381.0683728770591
26.01.2025 16:00,8.15,125.92,74.7,,138.1125,678.915,4.36,47.66,1.28,0,412.33597153863104
26.01.2025 17:00,8.15,132.77,74.7,,147.0625,795.88,4.695,84.5925,1.28,0,391.9244019280656
26.01.2025 18:00,8.15,118.94,74.7,,117.865,769.44,234.828,71.4125,1.28,0,372.4157845730392
26.01.2025 19:00,8.15,90.32,74.7,,97.43,745.2825,141.418,55.1725,1.28,0,361.15291222005976
26.01.2025 20:00,8.15,78.93,74.7,,72.8225,683.03,4.058999999999999,43.7425,8.18,0,329.70639934873407
26.01.2025 21:00,8.15,68.26,74.7,,67.24,764.395,3.447,50.0375,8.18,0,267.0987107464456
26.01.2025 22:00,8.11,49.25,74.7,,49.38999999999999,655.5975000000001,22.833,-19.4,8.18,0,245.08955983576016
26.01.2025 23:00,8.11,23.89,74.7,,38.635,619.415,196.647,-129.3475,8.18,0,232.40770398657983
27.01.2025 00:00,8.43,40.14,74.7,,15.3375,605.1949999999999,26.043,-18.735,63.18,0,218.11474306583875
27.01.2025 01:00,8.43,35.26,74.7,,12.88,472.5975,48.142,-31.067500000000003,63.18,0,211.32624511832444
27.01.2025 02:00,8.43,26.38,74.7,,4.907500000000001,389.005,31.768,-9.695,63.18,0,203.16962371598748
27.01.2025 03:00,8.43,14.07,74.7,,1.5975,425.1275,40.098,-27.9675,63.18,0,195.86679602636937
27.01.2025 04:00,8.43,10.1,74.7,,18.065,524.745,0.16,11.67,40.0,0,192.8320383813516
27.01.2025 05:00,8.43,21.52,74.7,,40.6925,770.81,33.126,-44.77,40.0,0,191.28234356836063
27.01.2025 06:00,8.64,34.1,74.7,,66.815,834.8275,27.75,-40.2225,40.0,0,181.9895207473233
27.01.2025 07:00,8.78,56.99,74.7,,74.735,720.9475,11.536,0.817499999999999,40.0,0,195.2326908592413
27.01.2025 08:00,8.97,71.76,74.7,,67.4475,658.71,4.205,20.42,9.7,0,202.9580488905853
27.01.2025 09:00,8.97,62.96,74.7,,74.3325,747.5425,61.204,-31.542500000000004,9.7,0,207.4800074888797
27.01.2025 10:00,8.97,45.57,74.7,,68.53,817.06,8.376999999999999,2.3625,9.7,1,211.25295400836967
27.01.2025 11:00,8.97,40.11,74.7,,63.435,818.9425,1.369,22.39333333333333,9.7,1,200.33196981526572
27.01.2025 12:00,8.97,35.66,74.7,,74.88,849.8725,401.572,-129.935,18.0,1,202.32701021878933
27.01.2025 13:00,8.97,38.37,74.7,,66.52,958.16,1.863,2.37,18.0,1,207.54618960891835
27.01.2025 14:00,8.78,53.95,74.7,,85.7975,950.06,9.983,-45.905,18.0,1,220.23417970914983
27.01.2025 15:00,8.64,86.79,74.7,,105.195,745.8725000000001,60.824,20.8,18.0,1,243.61705993799205
27.01.2025 16:00,8.5,102.46,74.7,,117.06,634.3924999999999,139.391,24.065,2.0,1,265.16186086856527
27.01.2025 17:00,8.5,118.56,74.7,,112.1375,579.2025,26.74,51.16,2.0,1,263.8499918919792
27.01.2025 18:00,8.5,118.67,74.7,,97.385,650.5975,183.364,23.4775,2.0,1,264.0599534219389
27.01.2025 19:00,8.5,100.05,74.7,,82.96000000000001,524.3975,14.589,38.46666666666667,2.0,1,260.7129439013684
27.01.2025 20:00,8.5,94.07,74.7,,74.015,602.755,17.194,10.767499999999998,6.81,0,265.2444371278524
27.01.2025 21:00,8.5,85.08,74.7,,75.7975,765.285,62.690000000000005,-10.455000000000002,6.81,0,249.7871971275341
27.01.2025 22:00,8.43,82.26,74.7,,61.735,654.86,1.603,14.54,6.81,0,242.85749276289363
27.01.2025 23:00,8.43,69.28,74.7,,63.4125,584.3225,20.534,11.0025,6.81,0,236.9214959186529
28.01.2025 00:00,8.43,76.92,74.7,,58.13,575.88,205.289,-63.97,25.14,0,238.24369235283703
28.01.2025 01:00,8.43,71.53,74.7,,36.89,564.7675,3.936,25.71,25.14,0,243.22528785090117
28.01.2025 02:00,8.43,57.33,74.7,,38.182500000000005,645.11,3.17,15.46,25.14,0,251.77852639082172
28.01.2025 03:00,8.43,69.28,74.7,,39.9,728.7225,36.934,-1.0025,25.14,0,258.63063363646097
28.01.2025 04:00,8.43,76.92,74.7,,56.150000000000006,720.01,13.16,16.365,18.0,0,273.32849713777347
28.01.2025 05:00,8.43,77.59,74.7,,87.7825,831.5250000000001,19.57,-17.427500000000002,18.0,0,294.1194141022245
28.01.2025 06:00,8.64,98.22,74.7,,110.1875,715.3425,0.427,69.705,18.0,0,314.85175728901464
28.01.2025 07:00,8.78,125.45,74.7,,135.87,554.535,0.145,105.68,18.0,0,332.7147935864814
28.01.2025 08:00,8.97,147.5,74.7,,133.3775,688.2175,0.242,84.29,4.43,0,335.4585620163677
28.01.2025 09:00,8.97,135.3,74.7,,150.49,1040.4875,159.767,60.3025,4.43,0,344.4284906850612
28.01.2025 10:00,8.97,120.53,74.7,,140.7425,896.4225,27.853,60.135,4.43,1,340.9512684075432
28.01.2025 11:00,8.97,116.34,74.7,,130.9925,897.7925,1.446,56.495,4.43,1,356.5841913247605
28.01.2025 12:00,8.97,114.75,74.7,,128.82999999999998,639.745,72.27799999999999,45.2275,6.67,1,373.4141338541984
28.01.2025 13:00,8.97,117.39,74.7,,131.715,682.1825,83.711,61.3125,6.67,1,384.3148467875968
28.01.2025 14:00,8.78,121.33,74.7,,132.98,719.1975,11.402,73.445,6.67,1,394.1512677915304
28.01.2025 15:00,8.64,139.91,74.7,,137.35750000000002,769.7425,0.005,112.775,6.67,1,392.75974743239743
28.01.2025 16:00,8.5,147.0,74.7,,146.905,644.6775,0.004,,1.42,1,390.36627688065306
28.01.2025 17:00,8.5,149.6,74.7,,185.93,705.2950000000001,0.628,97.77,1.42,1,371.7244423543647
28.01.2025 18:00,8.5,134.94,74.7,,150.0,822.5225,20.264,90.05250000000001,1.42,1,356.8951234070806
28.01.2025 19:00,8.5,128.9,74.7,,139.60500000000002,1036.8475,44.47,37.57,1.42,1,351.6805193746835
28.01.2025 20:00,8.5,94.76,74.7,,127.5125,871.965,131.267,39.66,4.73,0,340.5635955798118
28.01.2025 21:00,8.5,87.26,74.7,,112.55,802.7175,87.054,33.7375,4.73,0,330.1744510371149
28.01.2025 22:00,8.43,79.8,74.7,,94.4925,593.6600000000001,60.843,37.6675,4.73,0,327.11103242274135
28.01.2025 23:00,8.43,64.43,74.7,,82.0325,495.0925,9.442,48.3425,4.73,0,309.53179270025794
29.01.2025 00:00,8.43,87.72,74.7,,74.77,475.6925,1.071,41.370000000000005,19.0,0,281.90407446683145
29.01.2025 01:00,8.43,83.39,74.7,,74.22749999999999,397.705,0.0,100.02666666666669,19.0,0,274.94618027209185
29.01.2025 02:00,8.43,78.16,74.7,,69.3975,376.33,23.888,45.1325,19.0,0,273.63996775941024
29.01.2025 03:00,8.43,75.64,74.7,,73.0325,407.4525,17.994999999999997,36.8225,19.0,0,269.59034737757474
29.01.2025 04:00,8.43,79.01,74.7,,72.205,606.8725,10.496,49.545,14.0,0,271.18219515311864
29.01.2025 05:00,8.43,86.98,74.7,,79.3925,655.6800000000001,22.427,23.185,14.0,0,285.3936918632481
29.01.2025 06:00,8.64,93.14,74.7,,121.2075,682.0725,0.012,63.83,14.0,0,302.5259802708379
29.01.2025 07:00,8.78,141.42,74.7,,129.46,660.385,0.755,88.54499999999999,14.0,0,320.2689561487649
29.01.2025 08:00,8.97,142.54,74.7,,115.995,1005.4875,136.601,10.765,5.16,0,313.8555567181995
29.01.2025 09:00,8.97,130.45,74.7,,88.5525,941.8775,26.34,45.0275,5.16,0,308.515867693836
29.01.2025 10:00,8.97,105.05,74.7,,72.725,895.145,76.114,22.2975,5.16,1,275.35317327182696
29.01.2025 11:00,8.97,89.25,74.7,,60.8275,993.98,78.191,7.252500000000001,5.16,1,237.76298249275564
29.01.2025 12:00,8.97,85.0,74.7,,49.1125,961.8425,67.783,13.2425,16.48,1,213.31296012871547
29.01.2025 13:00,8.97,85.53,74.7,,61.39,924.93,63.742,28.093333333333334,16.48,1,213.12917840304172
29.01.2025 14:00,8.78,87.67,74.7,,83.135,1085.7525,146.628,-56.2775,16.48,1,227.7441839441138
29.01.2025 15:00,8.64,102.75,74.7,,114.245,1089.1725,7.96,69.495,16.48,1,273.4425436487563
29.01.2025 16:00,8.5,132.66,74.7,,150.6175,732.9300000000001,9.715,81.74333333333334,1.22,1,331.4421893146928
29.01.2025 17:00,8.5,149.57,74.7,,154.7275,682.885,81.583,52.7325,1.22,1,330.9140664425789
29.01.2025 18:00,8.5,150.09,74.7,,137.3175,712.0275,27.713,54.55,1.22,1,337.0140175054493
29.01.2025 19:00,8.5,146.3,74.7,,125.475,674.385,21.945,59.1625,1.22,1,357.7627836441952
29.01.2025 20:00,8.5,131.95,74.7,,109.0025,603.6175000000001,18.132,60.9825,3.6,0,360.9978830902157
29.01.2025 21:00,8.5,119.65,74.7,,107.465,528.5525,7.752000000000001,64.28333333333333,3.6,0,362.9705387778891
29.01.2025 22:00,8.43,111.99,74.7,,105.2225,550.92,117.204,46.095,3.6,0,371.9628370292898
29.01.2025 23:00,8.43,99.33,74.7,,109.04,486.3125,158.36,59.185,3.6,0,377.2989225974203
30.01.2025 00:00,8.43,92.41,74.7,,104.4725,446.5725,3.012,89.52,12.4,0,368.7769836903431
30.01.2025 01:00,8.43,92.43,74.7,,101.7325,421.62,6.0680000000000005,81.0,12.4,0,376.1858614267419
30.01.2025 02:00,8.43,93.33,74.7,,95.945,501.1225,3.1560000000000006,81.4425,12.4,0,384.4155720832355
30.01.2025 03:00,8.43,92.95,74.7,,104.0575,484.135,0.561,53.47,12.4,0,401.0251308362066
30.01.2025 04:00,8.43,92.43,74.7,,109.615,578.0225,0.395,96.0925,9.98,0,418.70600473680383
30.01.2025 05:00,8.43,108.65,74.7,,138.64249999999998,597.36,29.862,74.17,9.98,0,436.7879949660005
30.01.2025 06:00,8.64,139.83,74.7,,152.1575,656.5175,40.919,81.57499999999999,9.98,0,451.7515227299094
30.01.2025 07:00,8.78,152.64,74.7,,150.47,662.1175000000001,0.01,,9.98,0,446.9356183767216
30.01.2025 08:00,8.97,160.3,74.7,,154.64249999999998,703.5725,57.794,76.6525,2.95,0,445.86408963140445
30.01.2025 09:00,8.97,151.51,74.7,,137.54500000000002,719.6175000000001,3.681,89.1875,2.95,0,434.4394046339456
30.01.2025 10:00,8.97,135.09,74.7,,120.685,632.1725,47.083000000000006,84.215,2.95,1,431.6701843610341
30.01.2025 11:00,8.97,123.25,74.7,,109.16,684.5325,1.746,102.98666666666666,2.95,1,420.2730122495782
30.01.2025 12:00,8.97,115.89,74.7,,115.7525,681.5025,0.874,108.36333333333334,5.77,1,425.3550676516275
30.01.2025 13:00,8.97,113.3,74.7,,133.0725,635.36,69.384,83.005,5.77,1,447.3464479470251
30.01.2025 14:00,8.78,129.41,74.7,,139.4025,791.8924999999999,74.458,96.915,5.77,1,466.83207130469344
30.01.2025 15:00,8.64,153.22,74.7,,149.0775,622.5725,6.835,90.52333333333333,5.77,1,493.9031616712148
30.01.2025 16:00,8.5,160.87,74.7,,162.34,589.6525,0.128,94.69,1.16,1,496.7440619298423
30.01.2025 17:00,8.5,180.36,74.7,,160.0775,490.4475,4.468,97.485,1.16,1,482.6560460373981
30.01.2025 18:00,8.5,176.58,74.7,,149.775,703.0425,43.851,92.23,1.16,1,469.3957012802687
30.01.2025 19:00,8.5,161.28,74.7,,138.3925,660.01,0.6549999999999999,109.61666666666667,1.16,1,462.3524737075575
30.01.2025 20:00,8.5,150.2,74.7,,117.9375,582.3050000000001,0.594,101.17,2.9,0,460.19480546964496
30.01.2025 21:00,8.5,134.17,74.7,,116.0475,546.5475,26.355,77.3875,2.9,0,458.9614581883254
30.01.2025 22:00,8.43,126.46,74.7,,109.655,529.6975,0.032,110.92333333333332,2.9,0,438.4644021650463
30.01.2025 23:00,8.43,120.2,74.7,,113.82,407.2225,5.48,99.185,2.9,0,432.2232597977128
31.01.2025 00:00,8.43,120.0,74.7,,115.695,389.6,10.295,97.0375,9.22,0,432.6739557157368
31.01.2025 01:00,8.43,117.08,74.7,,109.355,357.45,19.792,99.71,9.22,0,425.8424173300593
31.01.2025 02:00,8.43,113.89,74.7,,105.83,394.055,0.7230000000000001,100.2,9.22,0,417.1580182795395
31.01.2025 03:00,8.43,113.12,74.7,,105.6575,496.8525,0.0849999999999999,102.99,9.22,0,414.7892726922913
31.01.2025 04:00,8.43,115.98,74.7,,115.9025,554.8675000000001,64.856,96.74,7.25,0,418.3377999788103
31.01.2025 05:00,8.43,120.74,74.7,,130.48250000000002,558.38,17.874,93.875,7.25,0,423.9582368419175
31.01.2025 06:00,8.64,131.87,74.7,,146.92,703.605,0.029,104.84,7.25,0,419.6737721353687
31.01.2025 07:00,8.78,157.97,74.7,,158.7125,534.2975,3.584,105.05,7.25,0,424.6182857254833
31.01.2025 08:00,8.97,163.7,74.7,,141.91,802.7975,63.400000000000006,94.95,2.2,0,417.6214089025224
31.01.2025 09:00,8.97,154.82,74.7,,113.5825,969.855,104.543,90.165,2.2,0,419.5810196320507
31.01.2025 10:00,8.97,130.1,74.7,,110.9,945.875,230.451,81.4325,2.2,1,403.3381611964248
31.01.2025 11:00,8.97,126.2,74.7,,105.68,692.96,342.91700000000003,73.615,2.2,1,388.3958230705177
31.01.2025 12:00,8.97,120.06,74.7,,95.81,956.9225,38.399,91.9425,4.58,1,375.1508203082069
31.01.2025 13:00,8.97,121.19,74.7,,106.38,1042.285,49.712,80.64,4.58,1,378.8340575042127
31.01.2025 14:00,8.78,119.76,74.7,,125.385,914.265,2.87,90.7,4.58,1,423.4027739006768
31.01.2025 15:00,8.64,149.87,74.7,,152.96,651.2574999999999,2.755,102.1525,4.58,1,477.1550402316751
31.01.2025 16:00,8.5,168.26,74.7,,162.4,565.48,91.178,75.46000000000001,0.89,1,510.3658119962028
31.01.2025 17:00,8.5,185.26,74.7,,156.83249999999998,572.765,0.0,,0.89,1,512.9235567581261
31.01.2025 18:00,8.5,184.48,74.7,,167.3825,576.6424999999999,0.295,94.90000000000002,0.89,1,518.2425285020013
31.01.2025 19:00,8.5,178.99,74.7,,153.8075,523.9225,32.077,96.3475,0.89,1,507.5583379371225
31.01.2025 20:00,8.5,162.66,74.7,,140.605,494.5525,10.688,88.89500000000001,2.17,0,534.9588509604388
31.01.2025 21:00,8.5,152.7,74.7,,139.4225,410.2925,0.164,108.62,2.17,0,564.2193488260684
31.01.2025 22:00,8.43,144.31,74.7,,136.985,437.2625,2.7470000000000003,91.52,2.17,0,576.9278010018165
31.01.2025 23:00,8.43,131.41,74.7,,123.5725,368.54,454.763,80.2175,2.17,0,580.3774079582051
01.02.2025 00:00,8.1,136.93,74.7,,116.855,335.0625,84.497,82.575,6.94,0,585.0872036152283
01.02.2025 01:00,8.1,129.42,74.7,,117.7825,310.3575,39.215,83.1425,6.94,0,587.3225513324268
01.02.2025 02:00,8.1,124.24,74.7,,122.2525,268.8275,0.286,96.30333333333331,6.94,0,593.2798887081345
01.02.2025 03:00,8.1,119.12,74.7,,116.5225,236.215,0.341,105.52,6.94,0,601.0796571729459
01.02.2025 04:00,8.1,118.86,74.7,,116.86,312.70000000000005,0.0,,5.91,0,605.4793507699567
01.02.2025 05:00,8.1,120.54,74.7,,127.1275,439.8325,0.0,108.81,5.91,0,611.7169230717569
01.02.2025 06:00,8.23,127.1,74.7,,147.8575,500.555,0.794,96.68,5.91,0,613.7997200097477
01.02.2025 07:00,8.33,144.74,74.7,,155.7175,518.32,0.0,,5.91,0,600.1874842666663
01.02.2025 08:00,8.47,153.46,74.7,,150.365,794.625,32.174,84.875,2.02,0,559.954574866442
01.02.2025 09:00,8.47,142.44,74.7,,129.70499999999998,888.9875,167.079,86.05250000000001,2.02,0,503.1795082453512
01.02.2025 10:00,8.47,128.4,74.7,,108.7675,892.6175000000001,28.871,96.46,2.02,0,455.8005012076998
01.02.2025 11:00,8.47,120.08,74.7,,109.46,695.435,6.125,96.71,2.02,0,426.03711987425686
01.02.2025 12:00,8.47,110.29,74.7,,101.2825,592.4675,7.971,83.24333333333334,4.51,0,413.587413733209
01.02.2025 13:00,8.47,103.4,74.7,,113.915,885.0024999999999,15.412,76.7,4.51,0,421.7394459195733
01.02.2025 14:00,8.33,113.7,74.7,,128.755,961.1,25.584,78.8175,4.51,0,459.25460660418935
01.02.2025 15:00,8.23,129.49,74.7,,147.16750000000002,871.105,12.357,92.77,4.51,0,534.7918097056961
01.02.2025 16:00,8.14,154.43,74.7,,160.2025,624.06,2.258,103.645,1.0,0,595.1028721796051
01.02.2025 17:00,8.14,168.27,74.7,,161.2325,503.185,0.0139999999999999,149.32333333333335,1.0,0,587.1576416880575
01.02.2025 18:00,8.14,167.51,74.7,,154.41,627.4025,41.221,94.69,1.0,0,560.3569759241526
01.02.2025 19:00,8.14,162.98,74.7,,153.3,624.3425,28.187,100.1325,1.0,0,566.5621198149253
01.02.2025 20:00,8.14,156.6,74.7,,129.8725,526.2475,0.093,114.04,1.99,0,594.5936576095091
01.02.2025 21:00,8.14,145.24,74.7,,130.665,452.935,8.758000000000001,106.9075,1.99,0,624.1468149120294
01.02.2025 22:00,8.1,141.73,74.7,,121.385,410.6125,31.717,93.5275,1.99,0,628.4548948086184
01.02.2025 23:00,8.1,131.74,74.7,,123.6375,374.7475,15.812,98.3175,1.99,0,629.7166472553279
02.02.2025 00:00,8.08,133.26,74.7,,119.4775,341.5525,3.338,105.205,5.7,0,626.6940164941363
02.02.2025 01:00,8.08,126.91,74.7,,121.595,300.795,23.139,86.1125,5.7,0,630.4885298491598
02.02.2025 02:00,8.08,122.99,74.7,,117.5375,213.5575,1.135,82.48,5.7,0,635.4241428867605
02.02.2025 03:00,8.08,120.66,74.7,,119.1625,255.4775,0.0,,5.7,0,641.5493459652935
02.02.2025 04:00,8.08,122.34,74.7,,120.9575,231.8525,0.0,,4.8,0,645.8908405285972
02.02.2025 05:00,8.08,123.41,74.7,,122.9075,344.4375,0.0,,4.8,0,653.9028951806637
02.02.2025 06:00,8.22,128.09,74.7,,130.6975,396.3,0.021,122.1,4.8,0,655.7563289179463
02.02.2025 07:00,8.31,135.9,74.7,,138.5525,400.3875,0.0,,4.8,0,642.8371943213361
02.02.2025 08:00,8.44,137.3,74.7,,138.14499999999998,682.0275,98.728,93.46,1.84,0,607.6455682608587
02.02.2025 09:00,8.44,137.7,74.7,,123.4025,851.605,178.047,82.73,1.84,0,527.8736890333868
02.02.2025 10:00,8.44,130.04,74.7,,111.845,762.63,369.451,82.27250000000001,1.84,0,469.3909491990343
02.02.2025 11:00,8.44,129.33,74.7,,107.7975,682.7025,156.626,88.3425,1.84,0,431.381570442891
02.02.2025 12:00,8.44,122.24,74.7,,102.19,592.105,470.12,58.635,4.27,0,413.15839116969744
02.02.2025 13:00,8.44,111.88,74.7,,106.99,844.165,38.588,71.2975,4.27,0,419.7766392322227
02.02.2025 14:00,8.31,116.42,74.7,,118.9375,932.9725,14.3,89.18666666666667,4.27,0,457.09034289834347
02.02.2025 15:00,8.22,127.97,74.7,,142.16,838.9375,14.955000000000002,87.1525,4.27,0,535.3739474452436
02.02.2025 16:00,8.12,151.21,74.7,,160.5,528.71,0.151,136.4333333333333,0.95,0,617.3605613998243
02.02.2025 17:00,8.12,164.03,74.7,,167.79500000000002,366.48,0.001,,0.95,0,616.2493937358527
02.02.2025 18:00,8.12,172.49,74.7,,166.29250000000002,427.5675,0.001,112.15,0.95,0,595.4487745785783
02.02.2025 19:00,8.12,173.95,74.7,,158.7125,417.2725,0.555,99.18,0.95,0,594.259180858139
02.02.2025 20:00,8.12,165.5,74.7,,140.6075,406.86,0.95,97.79666666666668,1.76,0,625.9372092219588
02.02.2025 21:00,8.12,155.77,74.7,,137.555,382.105,0.0,91.85,1.76,0,642.0951129157434
02.02.2025 22:00,8.08,148.44,74.7,,134.395,368.6475,0.006,,1.76,0,648.846918848729
02.02.2025 23:00,8.08,133.24,74.7,,125.5725,409.7675,24.002,100.07666666666668,1.76,0,658.3293684867
03.02.2025 00:00,8.4,129.54,74.7,,127.1575,381.1075,1.364,107.0575,5.51,0,655.807207896879
03.02.2025 01:00,8.4,126.63,74.7,,122.55,388.03,50.489,83.745,5.51,0,658.0866797182541
03.02.2025 02:00,8.4,124.72,74.7,,113.1675,409.0675,0.062,112.8375,5.51,0,659.172550698745
03.02.2025 03:00,8.4,120.04,74.7,,112.3125,440.8725,0.0,114.4075,5.51,0,660.4770063331969
03.02.2025 04:00,8.4,123.24,74.7,,109.1025,573.0525,0.0,126.27333333333333,4.38,0,656.7009646854343
03.02.2025 05:00,8.4,127.77,74.7,,144.48000000000002,633.34,12.084,74.97,4.38,0,654.8944585340191
03.02.2025 06:00,8.61,159.18,74.7,,178.4625,612.6925,0.227,85.41,4.38,0,630.763410753344
03.02.2025 07:00,8.77,207.88,74.7,,257.255,656.6424999999999,0.0,,4.38,0,590.4292986492273
03.02.2025 08:00,8.98,243.23,74.7,,178.6375,928.23,53.728,88.07000000000001,1.49,0,557.5057137799083
03.02.2025 09:00,8.98,178.04,74.7,,146.615,992.99,2.481,93.85,1.49,0,532.4849696576838
03.02.2025 10:00,8.98,149.95,74.7,,136.7725,850.195,0.063,74.83,1.49,1,494.2283518452796
03.02.2025 11:00,8.98,126.05,74.7,,137.4925,927.6975,14.824,95.8525,1.49,1,454.378031542584
03.02.2025 12:00,8.98,117.27,74.7,,130.0,863.4250000000001,18.53,79.2775,3.32,1,436.7394676075099
03.02.2025 13:00,8.98,115.29,74.7,,135.5275,903.3725,10.195,89.24000000000001,3.32,1,443.7518799600808
03.02.2025 14:00,8.77,124.18,74.7,,144.5425,735.3924999999999,0.04,105.34,3.32,1,471.15186000497874
03.02.2025 15:00,8.61,145.86,74.7,,161.8025,654.2725,0.913,106.24,3.32,1,527.8782301674726
03.02.2025 16:00,8.46,170.71,74.7,,178.35,572.3050000000001,25.589,101.525,0.79,1,560.1409761400403
03.02.2025 17:00,8.46,216.0,74.7,,181.0225,471.5025,0.0,,0.79,1,558.8554945442496
03.02.2025 18:00,8.46,200.73,74.7,,201.61,747.6675,0.235,124.3575,0.79,1,545.6146439514856
03.02.2025 19:00,8.46,201.1,74.7,,164.3375,619.0175,0.0,107.97,0.79,1,529.8062739581155
03.02.2025 20:00,8.46,167.74,74.7,,145.9225,505.1275,0.437,111.0075,1.54,0,549.5945176978503
03.02.2025 21:00,8.46,153.0,74.7,,146.60750000000002,457.105,0.228,102.16,1.54,0,565.9712333014128
03.02.2025 22:00,8.4,144.23,74.7,,135.76999999999998,408.06,0.0,,1.54,0,566.9677849695883
03.02.2025 23:00,8.4,135.81,74.7,,133.97500000000002,419.6925,0.061,101.765,1.54,0,566.3044678580012
04.02.2025 00:00,8.4,132.4,74.7,,129.4,374.6825,3.1180000000000003,100.565,4.58,0,569.3100101051324
04.02.2025 01:00,8.4,125.54,74.7,,126.46,320.1675,2.177,99.7925,4.58,0,570.1365066266856
04.02.2025 02:00,8.4,123.18,74.7,,123.7525,303.77,0.0,111.25,4.58,0,568.4199747517424
04.02.2025 03:00,8.4,123.99,74.7,,126.59,256.515,0.0,127.3075,4.58,0,570.2973804279887
04.02.2025 04:00,8.4,123.25,74.7,,128.655,380.0575,0.022,133.155,3.73,0,569.2942181089342
04.02.2025 05:00,8.4,127.63,74.7,,157.2225,458.97,0.939,130.43,3.73,0,569.5007454845468
04.02.2025 06:00,8.61,155.42,74.7,,189.5075,434.615,0.0,152.19333333333336,3.73,0,537.5990283737514
04.02.2025 07:00,8.77,192.24,74.7,,216.9375,710.7975,0.0,,3.73,0,498.0948681470538
04.02.2025 08:00,8.98,211.99,74.7,,174.70999999999998,866.135,0.0,,1.43,0,479.6692613377889
04.02.2025 09:00,8.98,163.31,74.7,,154.45,1097.1825,0.0,,1.43,0,462.65178258161205
04.02.2025 10:00,8.98,136.53,74.7,,144.5375,870.2975,12.045,79.79,1.43,1,441.2213699826059
04.02.2025 11:00,8.98,126.57,74.7,,138.68,819.095,8.341000000000001,86.625,1.43,1,415.8674380684221
04.02.2025 12:00,8.98,116.89,74.7,,127.055,718.8475,0.942,101.15333333333332,3.9,1,407.9661015342924
04.02.2025 13:00,8.98,113.17,74.7,,127.84,754.235,9.039,53.98666666666666,3.9,1,416.2622830545558
04.02.2025 14:00,8.77,120.09,74.7,,138.96,843.7775,0.089,118.65666666666668,3.9,1,433.1894738799487
04.02.2025 15:00,8.61,127.47,74.7,,153.86,795.7750000000001,0.0249999999999999,120.615,3.9,1,465.36512450019353
04.02.2025 16:00,8.46,164.81,74.7,,167.17,595.595,0.64,113.29500000000002,0.7,1,487.7769525901356
04.02.2025 17:00,8.46,168.99,74.7,,180.62,612.2725,0.0,,0.7,1,471.6008493413124
04.02.2025 18:00,8.46,175.0,74.7,,198.0375,968.0275,0.0,,0.7,1,456.6552218262137
04.02.2025 19:00,8.46,162.04,74.7,,168.0125,890.3825,0.0,,0.7,1,458.3846553811384
04.02.2025 20:00,8.46,145.01,74.7,,158.545,724.7475000000001,85.015,83.74,1.44,0,469.302142502975
04.02.2025 21:00,8.46,132.43,74.7,,145.2525,666.9275,75.021,85.5725,1.44,0,462.1597990716567
04.02.2025 22:00,8.4,129.42,74.7,,132.10750000000002,573.9100000000001,28.397,85.055,1.44,0,464.4912848033984
04.02.2025 23:00,8.4,120.62,74.7,,130.3025,479.9475,0.105,98.94,1.44,0,453.63374646517616
05.02.2025 00:00,8.4,113.34,74.7,,126.665,377.1675,0.549,99.525,4.38,0,448.4024686844711
05.02.2025 01:00,8.4,109.67,74.7,,124.415,353.3875,1.086,77.71666666666665,4.38,0,448.7281708722556
05.02.2025 02:00,8.4,109.4,74.7,,120.435,345.775,0.275,101.36666666666667,4.38,0,442.0130124318948
05.02.2025 03:00,8.4,108.18,74.7,,125.9025,390.6975,1.3629999999999998,103.9475,4.38,0,433.6928562415146
05.02.2025 04:00,8.4,115.17,74.7,,140.0075,578.8225,1.17,98.54333333333334,3.69,0,439.283880551724
05.02.2025 05:00,8.4,122.42,74.7,,155.005,650.9825000000001,14.525,92.89333333333332,3.69,0,449.946681020022
05.02.2025 06:00,8.61,139.81,74.7,,174.925,660.71,0.004,124.31,3.69,0,453.2652966195594
05.02.2025 07:00,8.77,165.32,74.7,,206.8225,709.3425,0.0,,3.69,0,451.8042028362259
05.02.2025 08:00,8.98,180.81,74.7,,195.865,1015.2175,0.243,112.075,2.0,0,445.7035462104482
05.02.2025 09:00,8.98,159.33,74.7,,165.85,973.1975,5.606,87.74,2.0,0,452.9845179387327
05.02.2025 10:00,8.98,132.19,74.7,,155.6,836.9425,4.186999999999999,85.74,2.0,1,452.2374661862067
05.02.2025 11:00,8.98,119.96,74.7,,144.9075,775.185,25.778,103.8825,2.0,1,449.9210319612171
05.02.2025 12:00,8.98,115.46,74.7,,137.6775,647.1475,0.0,146.685,6.57,1,442.4248104873021
05.02.2025 13:00,8.98,118.8,74.7,,136.2875,710.6475,0.0,124.51,6.57,1,442.5099918970437
05.02.2025 14:00,8.77,128.85,74.7,,141.685,811.6525,0.0,,6.57,1,463.7159112212516
05.02.2025 15:00,8.61,144.12,74.7,,156.7225,826.905,0.0,,6.57,1,504.22618207762736
05.02.2025 16:00,8.46,160.58,74.7,,179.8825,770.9275,0.014,164.145,0.65,1,541.4264801316568
05.02.2025 17:00,8.46,177.19,74.7,,192.27,666.3475,0.0,,0.65,1,539.5437066680838
05.02.2025 18:00,8.46,189.9,74.7,,201.0425,800.5225,0.155,161.01333333333335,0.65,1,544.8225924012337
05.02.2025 19:00,8.46,189.63,74.7,,175.7675,551.485,0.0,,0.65,1,547.641665736272
05.02.2025 20:00,8.46,170.0,74.7,,161.83249999999998,510.5975,0.035,116.39,1.24,0,559.5681247007153
05.02.2025 21:00,8.46,155.42,74.7,,166.1925,570.6975,0.115,158.36666666666667,1.24,0,585.3829514264513
05.02.2025 22:00,8.4,143.7,74.7,,136.715,472.73,0.017,163.97333333333333,1.24,0,595.9430473383252
05.02.2025 23:00,8.4,133.21,74.7,,122.8375,438.3,55.803,94.1475,1.24,0,612.2203036081728
06.02.2025 00:00,8.4,133.67,74.7,,121.06,345.9375,41.099,107.895,3.84,0,623.6763520328586
06.02.2025 01:00,8.4,129.57,74.7,,114.2675,298.7275,0.0,112.71,3.84,0,629.1266241322979
06.02.2025 02:00,8.4,125.87,74.7,,117.84,280.04,0.0,117.55,3.84,0,641.6918328315869
06.02.2025 03:00,8.4,125.0,74.7,,120.6025,297.02,0.0,104.50333333333332,3.84,0,649.2268960291891
06.02.2025 04:00,8.4,125.01,74.7,,127.6475,490.66,31.226,93.47,3.12,0,653.282026439809
06.02.2025 05:00,8.4,135.28,74.7,,143.695,545.51,33.835,95.14,3.12,0,648.1619026543018
06.02.2025 06:00,8.61,156.12,74.7,,171.72,500.0225,4.509,113.475,3.12,0,634.8768283206239
06.02.2025 07:00,8.77,180.09,74.7,,198.0075,579.6275,0.127,112.26,3.12,0,585.1160991561645
06.02.2025 08:00,8.98,219.42,74.7,,167.29,695.98,0.0,120.825,1.21,0,562.2684405205326
06.02.2025 09:00,8.98,178.99,74.7,,157.93,630.005,0.0,112.665,1.21,0,565.3526050740942
06.02.2025 10:00,8.98,160.14,74.7,,148.48749999999998,652.13,0.0,108.21,1.21,1,562.2350084642719
06.02.2025 11:00,8.98,152.56,74.7,,149.8425,594.885,0.0,,1.21,1,567.3271771391524
06.02.2025 12:00,8.98,147.89,74.7,,147.675,547.135,0.0,103.05,3.2,1,549.4464493248613
06.02.2025 13:00,8.98,145.48,74.7,,151.125,515.335,0.0,111.78,3.2,1,545.4986420683799
06.02.2025 14:00,8.77,137.79,74.7,,153.465,486.9175,0.0,,3.2,1,548.9576175721554
06.02.2025 15:00,8.61,150.8,74.7,,172.8025,615.7275,0.388,123.27,3.2,1,554.3139835966355
06.02.2025 16:00,8.46,164.89,74.7,,178.4225,638.1524999999999,78.544,80.59666666666666,0.6,1,543.1792275340183
06.02.2025 17:00,8.46,171.59,74.7,,158.57999999999998,782.035,0.253,102.915,0.6,1,510.6783569882712
06.02.2025 18:00,8.46,170.48,74.7,,158.4525,670.9025,1.488,107.6475,0.6,1,488.74551834967
06.02.2025 19:00,8.46,162.95,74.7,,143.82,557.415,44.897,95.7075,0.6,1,479.1458531258885
06.02.2025 20:00,8.46,141.33,74.7,,134.81,517.4449999999999,147.107,72.48333333333333,1.14,0,479.5079727402274
06.02.2025 21:00,8.46,131.26,74.7,,143.2125,599.1225,127.462,68.7725,1.14,0,470.68493566570174
06.02.2025 22:00,8.4,134.0,74.7,,119.6525,572.335,283.55600000000004,46.8925,1.14,0,458.8477092107769
06.02.2025 23:00,8.4,121.95,74.7,,101.7,725.3375,90.766,76.6,1.14,0,435.6445722037371
07.02.2025 00:00,8.4,126.05,74.7,,90.615,655.28,206.545,65.105,3.6,0,420.1175239121189
07.02.2025 01:00,8.4,112.7,74.7,,88.9975,567.9925000000001,272.71,45.0975,3.6,0,393.6331145141221
07.02.2025 02:00,8.4,108.82,74.7,,87.6975,441.795,514.983,35.025,3.6,0,378.5431983167295
07.02.2025 03:00,8.4,105.0,74.7,,81.9575,457.56,166.984,53.7075,3.6,0,361.2457487758813
07.02.2025 04:00,8.4,104.81,74.7,,82.455,603.105,120.434,56.4825,3.33,0,344.91875565137195
07.02.2025 05:00,8.4,105.07,74.7,,86.0,948.66,178.904,45.505,3.33,0,344.3244557263677
07.02.2025 06:00,8.61,112.39,74.7,,97.805,838.34,28.762,80.385,3.33,0,345.04132454386774
07.02.2025 07:00,8.77,141.66,74.7,,110.33,642.9075,38.025,55.870000000000005,3.33,0,357.71530485529297
07.02.2025 08:00,8.98,164.21,74.7,,98.59,879.95,40.563,56.9525,1.8,0,347.1243644137171
07.02.2025 09:00,8.98,150.36,74.7,,86.2975,818.185,221.653,48.965,1.8,0,333.3704044736095
07.02.2025 10:00,8.98,133.88,74.7,,84.6675,667.7975,119.215,45.91,1.8,1,314.31635832498034
07.02.2025 11:00,8.98,115.14,74.7,,79.4225,734.7775,256.494,47.655,1.8,1,292.3687305553213
07.02.2025 12:00,8.98,111.49,74.7,,76.32249999999999,703.6275,378.225,48.92,3.5,1,285.64640930214983
07.02.2025 13:00,8.98,106.77,74.7,,79.3,808.135,21.272,55.645,3.5,1,293.22513889471907
07.02.2025 14:00,8.77,109.59,74.7,,88.045,1020.9175,8.31,63.7225,3.5,1,305.5063356612534
07.02.2025 15:00,8.61,111.68,74.7,,104.8625,722.6800000000001,104.907,45.665,3.5,1,328.0723174284967
07.02.2025 16:00,8.46,126.61,74.7,,109.0575,641.8425,262.983,39.7725,1.0,1,355.6980846354974
07.02.2025 17:00,8.46,142.85,74.7,,111.0875,593.7725,3.538,60.735,1.0,1,360.61518755200814
07.02.2025 18:00,8.46,149.05,74.7,,107.0875,724.9300000000001,26.0,78.1025,1.0,1,341.0606159656884
07.02.2025 19:00,8.46,144.32,74.7,,94.265,670.355,274.507,43.9675,1.0,1,347.6684806981873
07.02.2025 20:00,8.46,126.93,74.7,,92.52,509.8175,349.91,28.985,1.4,0,360.16360347282966
07.02.2025 21:00,8.46,100.0,74.7,,89.05250000000001,432.81,59.151,47.1775,1.4,0,360.9251883059047
07.02.2025 22:00,8.4,98.72,74.7,,88.425,389.7875,29.786,44.5275,1.4,0,360.0757022831863
07.02.2025 23:00,8.4,100.14,74.7,,86.9975,388.57,46.228,32.9275,1.4,0,363.61402623402097
08.02.2025 00:00,8.1,81.34,74.7,,84.875,329.87,18.24,51.8625,4.56,0,338.7675056645744
08.02.2025 01:00,8.1,84.85,74.7,,84.9325,247.585,22.087,47.3725,4.56,0,331.8499187242669
08.02.2025 02:00,8.1,85.8,74.7,,88.9125,216.3325,76.827,40.2775,4.56,0,335.2369212602213
08.02.2025 03:00,8.1,87.08,74.7,,85.655,235.2475,14.836,53.81,4.56,0,337.4000399799106
08.02.2025 04:00,8.1,89.69,74.7,,82.8375,334.9975,47.664,46.85,4.86,0,341.69472972329487
08.02.2025 05:00,8.1,90.99,74.7,,91.6075,421.155,107.391,48.8475,4.86,0,346.8023084882801
08.02.2025 06:00,8.23,90.8,74.7,,89.94500000000001,457.525,43.348,41.24,4.86,0,357.731567046157
08.02.2025 07:00,8.33,95.31,74.7,,101.23,572.1725,115.348,41.3,4.86,0,359.9415753170801
08.02.2025 08:00,8.47,111.11,74.7,,89.445,746.3675,115.686,36.3425,3.33,0,342.2447844421196
08.02.2025 09:00,8.47,92.68,74.7,,74.93,799.1800000000001,249.463,36.03,3.33,0,309.96613251934355
08.02.2025 10:00,8.47,79.42,74.7,,63.7475,738.985,153.07,35.51,3.33,0,275.0245632219119
08.02.2025 11:00,8.47,68.75,74.7,,53.51,738.4275,209.365,16.6475,3.33,0,260.30747147823354
08.02.2025 12:00,8.47,67.71,74.7,,48.785,802.49,21.124,48.3875,3.93,0,260.63668975207355
08.02.2025 13:00,8.47,79.85,74.7,,68.35249999999999,885.98,146.191,16.5225,3.93,0,270.04761528412234
08.02.2025 14:00,8.33,89.85,74.7,,92.7025,889.305,27.024,83.2075,3.93,0,308.28017727949083
08.02.2025 15:00,8.23,118.0,74.7,,113.6125,696.9024999999999,41.256,34.6625,3.93,0,376.2968602030478
08.02.2025 16:00,8.14,140.87,74.7,,138.48,604.9025,118.642,14.215,0.9,0,441.3234722285132
08.02.2025 17:00,8.14,150.0,74.7,,124.3125,529.1525,71.22200000000001,40.935,0.9,0,440.2023889035717
08.02.2025 18:00,8.14,160.49,74.7,,125.2775,606.6375,163.684,14.8425,0.9,0,427.5910768843497
08.02.2025 19:00,8.14,161.1,74.7,,123.45,795.1225,1.418,58.68,0.9,0,432.2852550895448
08.02.2025 20:00,8.14,156.42,74.7,,117.32,622.54,6.227,74.195,1.12,0,455.1829662872643
08.02.2025 21:00,8.14,149.0,74.7,,129.3525,493.0725,5.713,98.535,1.12,0,480.7324973348785
08.02.2025 22:00,8.1,144.0,74.7,,116.5425,363.37,15.485,67.61,1.12,0,499.469287852349
08.02.2025 23:00,8.1,136.31,74.7,,121.83,360.545,9.391,57.285,1.12,0,528.2033708024314
09.02.2025 00:00,8.08,135.0,74.7,,119.9125,302.2075,0.021,67.43,3.41,0,533.62158372896
09.02.2025 01:00,8.08,134.51,74.7,,118.105,254.09,40.269,58.0875,3.41,0,540.1955127607314
09.02.2025 02:00,8.08,130.18,74.7,,108.955,281.6475,33.814,66.905,3.41,0,540.2843511868797
09.02.2025 03:00,8.08,119.3,74.7,,105.4425,230.1275,5.752,94.17,3.41,0,542.7223975681865
09.02.2025 04:00,8.08,116.79,74.7,,97.1725,273.36,1.297,83.80333333333333,3.08,0,545.2325084394004
09.02.2025 05:00,8.08,117.0,74.7,,101.835,406.64,11.037,67.82333333333334,3.08,0,539.833480667734
09.02.2025 06:00,8.22,117.0,74.7,,105.375,384.645,0.006,104.915,3.08,0,525.1534109395029
09.02.2025 07:00,8.31,133.43,74.7,,104.7325,514.38,14.373,90.47,3.08,0,522.6744192014912
09.02.2025 08:00,8.44,136.77,74.7,,95.1575,603.6675,0.018,96.44666666666669,2.0,0,472.47159849565446
09.02.2025 09:00,8.44,123.97,74.7,,87.0925,724.105,1.398,80.4775,2.0,0,415.8354160225279
09.02.2025 10:00,8.44,114.79,74.7,,81.7325,593.6975,31.171,60.345,2.0,0,374.6000948457589
09.02.2025 11:00,8.44,105.65,74.7,,80.0775,639.365,25.982,64.39750000000001,2.0,0,350.683478820912
09.02.2025 12:00,8.44,98.71,74.7,,73.1,643.4525,42.914,51.465,3.24,0,345.7654235120346
09.02.2025 13:00,8.44,95.53,74.7,,73.07,808.585,4.529,66.36,3.24,0,348.801478446385
09.02.2025 14:00,8.31,109.9,74.7,,94.83,770.73,0.149,103.8,3.24,0,378.3007841447919
09.02.2025 15:00,8.22,120.4,74.7,,126.865,722.1025,0.165,103.81,3.24,0,430.7493811900853
09.02.2025 16:00,8.12,141.96,74.7,,134.445,474.5925,116.14,22.7575,0.77,0,458.2064467729158
09.02.2025 17:00,8.12,148.58,74.7,,135.335,490.8225,9.42,57.16,0.77,0,451.2671931420509
09.02.2025 18:00,8.12,161.93,74.7,,129.88,406.8125,30.884,62.45,0.77,0,421.82157177171456
09.02.2025 19:00,8.12,156.13,74.7,,127.7425,480.61,4.548,100.04,0.77,0,420.0984021041173
09.02.2025 20:00,8.12,150.65,74.7,,130.77,393.4,12.593,109.7,0.99,0,440.88303665832166
09.02.2025 21:00,8.12,142.92,74.7,,133.98,382.7775,0.737,99.30666666666669,0.99,0,458.4706804581322
09.02.2025 22:00,8.08,143.0,74.7,,131.5075,413.3625,71.494,60.415,0.99,0,461.1810828143172
09.02.2025 23:00,8.08,127.97,74.7,,119.2825,389.0175,126.897,44.4175,0.99,0,456.40151777835496
10.02.2025 00:00,8.4,118.58,74.7,,109.3325,370.7275,20.881,50.24,2.91,0,458.93122132228655
10.02.2025 01:00,8.4,111.82,74.7,,104.75,284.14,18.389,54.0725,2.91,0,453.0752705044193
10.02.2025 02:00,8.4,109.22,74.7,,104.595,275.5525,27.19,52.9,2.91,0,447.76150018460834
10.02.2025 03:00,8.4,106.29,74.7,,104.03,287.185,3.237,56.366666666666674,2.91,0,442.5799134356888
10.02.2025 04:00,8.4,105.85,74.7,,115.935,548.9749999999999,2.201,86.39999999999999,2.7,0,441.0898857188608
10.02.2025 05:00,8.4,112.0,74.7,,122.1675,653.6275,19.089,79.79,2.7,0,436.4912742135341
10.02.2025 06:00,8.61,145.38,74.7,,132.2125,509.625,4.265000000000001,58.303333333333335,2.7,0,421.34590135285134
10.02.2025 07:00,8.77,162.02,74.7,,149.6375,524.08,34.887,70.94666666666667,2.7,0,404.3502970484733
10.02.2025 08:00,8.98,181.36,74.7,,128.67000000000002,639.2975,142.9,45.91,1.5,0,388.3108902703166
10.02.2025 09:00,8.98,163.18,74.7,,112.755,719.5675,64.90899999999999,58.985,1.5,0,382.69745438583385
10.02.2025 10:00,8.98,135.9,74.7,,111.3675,744.625,11.244,82.03,1.5,1,371.97438231671407
10.02.2025 11:00,8.98,115.28,74.7,,98.0875,614.585,30.23,58.525,1.5,1,359.09504583360695
10.02.2025 12:00,8.98,109.36,74.7,,88.24249999999999,714.0275,279.086,20.355,2.81,1,354.66409850147824
10.02.2025 13:00,8.98,109.74,74.7,,93.48,679.09,217.188,35.13,2.81,1,349.6378343837073
10.02.2025 14:00,8.77,123.07,74.7,,97.0075,713.06,0.008,48.34,2.81,1,354.3986210220839
10.02.2025 15:00,8.61,128.54,74.7,,114.9425,727.6225,56.471,65.01,2.81,1,363.7737634864698
10.02.2025 16:00,8.46,133.58,74.7,,130.1225,556.8275,55.272000000000006,57.1075,0.93,1,376.5331206501537
10.02.2025 17:00,8.46,133.82,74.7,,129.07,612.855,24.682,83.1125,0.93,1,364.42409892174993
10.02.2025 18:00,8.46,142.11,74.7,,126.5825,609.5699999999999,92.413,59.635000000000005,0.93,1,357.44064367547475
10.02.2025 19:00,8.46,114.85,74.7,,119.98,726.6025,50.477,44.29,0.93,1,360.53630916025577
10.02.2025 20:00,8.46,94.37,74.7,,113.145,673.83,92.216,36.585,5.14,0,355.7404907536448
10.02.2025 21:00,8.46,91.48,74.7,,102.8125,621.2975,57.771,43.895,5.14,0,350.9552910294217
10.02.2025 22:00,8.4,88.87,74.7,,99.35,470.9425,163.309,23.2025,5.14,0,354.25314537906775
10.02.2025 23:00,8.4,87.38,74.7,,93.9825,557.7525,4.152,58.28,5.14,0,340.2642700855213
11.02.2025 00:00,8.4,77.45,74.7,,106.3875,596.88,0.0,,21.61,0,327.2139142076975
11.02.2025 01:00,8.4,71.1,74.7,,103.7575,483.41,0.708,47.02666666666667,21.61,0,336.46358032277897
11.02.2025 02:00,8.4,71.62,74.7,,114.4975,419.0225,1.6829999999999998,39.74333333333333,21.61,0,340.7621679188576
11.02.2025 03:00,8.4,74.89,74.7,,113.775,511.3875000000001,17.406,31.163333333333338,21.61,0,348.49425812785137
11.02.2025 04:00,8.4,77.45,74.7,,123.955,735.4675,4.702,57.68000000000001,9.63,0,353.8152789459837
11.02.2025 05:00,8.4,87.44,74.7,,162.1325,877.155,139.031,-3.9675,9.63,0,364.5962031440282
11.02.2025 06:00,8.61,100.46,74.7,,174.9875,940.4725,16.114,57.98333333333333,9.63,0,376.1684759171416
11.02.2025 07:00,8.77,134.93,74.7,,177.95499999999998,809.4325,2.172,68.32,9.63,0,377.6859459182402
11.02.2025 08:00,8.98,155.53,74.7,,181.94,975.95,104.473,67.1925,2.85,0,378.06251045466416
11.02.2025 09:00,8.98,141.42,74.7,,160.82,1189.5925,7.991999999999999,51.42,2.85,0,383.66935640801336
11.02.2025 10:00,8.98,96.65,74.7,,161.7,980.6425,95.483,53.78666666666667,2.85,1,385.0654195058916
11.02.2025 11:00,8.98,92.78,74.7,,153.95,769.005,4.49,52.3175,2.85,1,379.7751708897711
11.02.2025 12:00,8.98,97.68,74.7,,154.0025,692.915,19.779,38.24666666666667,3.0,1,378.3280587100256
11.02.2025 13:00,8.98,111.11,74.7,,161.6,742.1475,0.0,168.59,3.0,1,386.21037189494393
11.02.2025 14:00,8.77,123.46,74.7,,175.335,768.51,0.01,112.395,3.0,1,394.73028312764205
11.02.2025 15:00,8.61,143.69,74.7,,175.94,885.8175,13.96,16.8275,3.0,1,400.54171798895726
11.02.2025 16:00,8.46,144.47,74.7,,164.85750000000002,907.91,0.083,155.08666666666667,0.72,1,407.95155723990894
11.02.2025 17:00,8.46,159.97,74.7,,173.865,608.185,1.503,162.36,0.72,1,405.2229201925462
11.02.2025 18:00,8.46,168.19,74.7,,170.60500000000002,512.14,15.961,74.98666666666666,0.72,1,381.4840329351746
11.02.2025 19:00,8.46,167.45,74.7,,157.8525,314.3175,0.442,145.01999999999998,0.72,1,394.7977192409676
11.02.2025 20:00,8.46,162.63,74.7,,158.01,135.97,0.0,120.8,2.17,0,412.7493778060047
11.02.2025 21:00,8.46,148.75,74.7,,136.4325,75.33250000000001,80.52099999999999,137.04500000000002,2.17,0,422.7229622642337
11.02.2025 22:00,8.4,142.95,74.7,,150.305,355.565,240.065,70.1975,2.17,0,431.9787782400833
11.02.2025 23:00,8.4,128.24,74.7,,118.225,457.46,419.785,64.4425,2.17,0,430.4202814549717
12.02.2025 00:00,8.4,129.13,74.7,,107.67,515.615,127.749,60.42,9.0,0,431.66235207410887
12.02.2025 01:00,8.4,127.77,74.7,,100.0525,361.2575,18.593,59.7425,9.0,0,431.40042577915983
12.02.2025 02:00,8.4,126.82,74.7,,100.7875,456.085,199.358,59.8625,9.0,0,427.7662937458599
12.02.2025 03:00,8.4,126.59,74.7,,94.9925,566.12,6.551,58.895,9.0,0,426.0522269208376
12.02.2025 04:00,8.4,128.74,74.7,,109.255,529.365,52.731,63.8075,5.16,0,425.2918115104171
12.02.2025 05:00,8.4,131.24,74.7,,128.185,465.81,68.465,57.64,5.16,0,442.48952004067627
12.02.2025 06:00,8.61,151.13,74.7,,142.8325,452.675,28.106,56.125,5.16,0,449.14836357214085
12.02.2025 07:00,8.77,163.64,74.7,,173.4925,458.645,0.3359999999999999,100.94333333333334,5.16,0,451.542350382994
12.02.2025 08:00,8.98,180.0,74.7,,164.38,661.8975,23.928,55.6675,2.0,0,437.3424118965377
12.02.2025 09:00,8.98,174.92,74.7,,149.4075,636.59,109.579,70.72,2.0,0,438.4926971803999
12.02.2025 10:00,8.98,162.05,74.7,,137.7225,581.1275,148.34799999999998,57.6825,2.0,1,431.9184807135696
12.02.2025 11:00,8.98,144.01,74.7,,134.59,500.465,0.484,71.89500000000001,2.0,1,421.6355500897616
12.02.2025 12:00,8.98,137.28,74.7,,136.48250000000002,621.7375,0.005,106.92,2.34,1,420.7456189585699
12.02.2025 13:00,8.98,142.03,74.7,,148.4325,631.1025,4.052,66.005,2.34,1,441.3164101617713
12.02.2025 14:00,8.77,149.4,74.7,,180.455,702.435,4.464,113.73,2.34,1,462.4018135152956
12.02.2025 15:00,8.61,159.67,74.7,,182.8525,801.505,0.856,146.865,2.34,1,475.2355368034442
12.02.2025 16:00,8.46,173.21,74.7,,202.6275,696.0675,0.671,146.23,0.64,1,496.7533282257827
12.02.2025 17:00,8.46,184.59,74.7,,214.81,614.005,0.021,186.36,0.64,1,485.563810961874
12.02.2025 18:00,8.46,197.13,74.7,,218.7125,732.2625,0.017,162.6,0.64,1,484.37398223042544
12.02.2025 19:00,8.46,192.57,74.7,,188.44,727.7975,0.352,150.275,0.64,1,487.96672481662233
12.02.2025 20:00,8.46,173.9,74.7,,164.7475,487.8275,0.323,161.24,1.55,0,528.9286609595868
12.02.2025 21:00,8.46,155.78,74.7,,164.12,420.23,18.592,103.755,1.55,0,551.3181970859611
12.02.2025 22:00,8.4,150.38,74.7,,143.16500000000002,628.9875,1.004,145.6,1.55,0,573.2005637922861
12.02.2025 23:00,8.4,141.81,74.7,,137.7475,424.4325,0.411,121.97333333333331,1.55,0,593.2780240991337
13.02.2025 00:00,8.4,140.33,74.7,,141.42,368.15,0.235,114.685,6.0,0,605.7018064172536
13.02.2025 01:00,8.4,137.75,74.7,,145.5775,310.76,0.004,121.58,6.0,0,615.6712890424644
13.02.2025 02:00,8.4,140.79,74.7,,156.2175,397.825,0.655,126.06333333333332,6.0,0,619.0168618291052
13.02.2025 03:00,8.4,136.59,74.7,,153.81,396.43,0.588,119.335,6.0,0,622.0014267391573
13.02.2025 04:00,8.4,140.0,74.7,,150.255,577.915,3.537,102.34,3.7,0,617.288400561538
13.02.2025 05:00,8.4,142.0,74.7,,172.9125,579.285,4.296,82.255,3.7,0,610.6349539810611
13.02.2025 06:00,8.61,159.99,74.7,,203.3225,625.8050000000001,0.091,170.70666666666668,3.7,0,600.3544182349515
13.02.2025 07:00,8.77,190.33,74.7,,216.755,515.4925000000001,0.113,149.52,3.7,0,570.756105834901
13.02.2025 08:00,8.98,222.36,74.7,,226.16,532.165,0.065,156.105,1.66,0,554.4419843046905
13.02.2025 09:00,8.98,220.05,74.7,,209.2775,591.39,0.004,,1.66,0,530.9860166624286
13.02.2025 10:00,8.98,203.89,74.7,,208.6025,748.9549999999999,0.089,191.5,1.66,1,537.5930983546722
13.02.2025 11:00,8.98,184.68,74.7,,198.0275,616.6424999999999,0.0,,1.66,1,533.2729833021814
13.02.2025 12:00,8.98,174.52,74.7,,204.455,832.9025,0.157,122.745,2.1,1,527.7092526049092
13.02.2025 13:00,8.98,170.1,74.7,,211.87,666.3924999999999,0.02,83.54,2.1,1,527.5877754310457
13.02.2025 14:00,8.77,166.7,74.7,,220.8575,635.12,0.001,,2.1,1,524.8313504018228
13.02.2025 15:00,8.61,170.1,74.7,,231.8725,628.2775,0.026,171.215,2.1,1,525.4335177574729
13.02.2025 16:00,8.46,182.0,74.7,,237.0575,830.085,71.709,133.005,0.57,1,522.7218322193432
13.02.2025 17:00,8.46,213.05,74.7,,218.8775,658.3425,0.156,94.43,0.57,1,486.957046188889
13.02.2025 18:00,8.46,207.17,74.7,,202.285,710.0550000000001,0.0,,0.57,1,485.8002347023268
13.02.2025 19:00,8.46,196.52,74.7,,185.285,650.5275,0.0,,0.57,1,488.0693008405975
13.02.2025 20:00,8.46,177.03,74.7,,166.9175,540.3475,1.572,124.72333333333331,1.29,0,504.736733367138
13.02.2025 21:00,8.46,162.92,74.7,,152.87,492.4525,0.119,122.36666666666667,1.29,0,515.5708785875336
13.02.2025 22:00,8.4,153.12,74.7,,131.6075,460.5175,0.238,130.4275,1.29,0,533.3686287666529
13.02.2025 23:00,8.4,138.97,74.7,,129.225,386.32,0.8270000000000001,111.47666666666667,1.29,0,548.3532544795407
14.02.2025 00:00,8.4,139.21,74.7,,128.2,309.795,0.0,,5.09,0,555.5403700972456
14.02.2025 01:00,8.4,132.8,74.7,,126.0675,280.405,0.117,107.055,5.09,0,560.1378249499886
14.02.2025 02:00,8.4,128.5,74.7,,123.495,213.3825,0.112,125.925,5.09,0,566.3987882005484
14.02.2025 03:00,8.4,127.65,74.7,,125.2625,267.02250000000004,1.111,100.31666666666666,5.09,0,575.9282555797545
14.02.2025 04:00,8.4,129.58,74.7,,137.14,399.155,5.452,121.72,2.99,0,583.0196080914448
14.02.2025 05:00,8.4,139.59,74.7,,147.3875,586.485,33.908,116.18333333333334,2.99,0,588.3406666231813
14.02.2025 06:00,8.61,162.89,74.7,,190.5425,528.6525,1.735,108.105,2.99,0,582.2831614127127
14.02.2025 07:00,8.77,227.08,74.7,,199.07,549.6275,0.0,,2.99,0,558.8361577549837
14.02.2025 08:00,8.98,265.64,74.7,,189.8125,717.865,0.379,146.65666666666667,1.42,0,542.11668584516
14.02.2025 09:00,8.98,215.11,74.7,,176.75,721.8050000000001,0.002,122.56,1.42,0,546.3064087755763
14.02.2025 10:00,8.98,181.03,74.7,,172.7375,722.7175,0.0,,1.42,1,567.6460687066468
14.02.2025 11:00,8.98,163.01,74.7,,172.4725,627.4975,0.0,,1.42,1,571.0556694807098
14.02.2025 12:00,8.98,149.86,74.7,,168.3,641.0350000000001,0.0,110.33,1.69,1,579.6070999136551
14.02.2025 13:00,8.98,148.61,74.7,,175.8925,574.335,0.002,,1.69,1,596.4163197048802
14.02.2025 14:00,8.77,155.8,74.7,,184.4625,655.7574999999999,0.0,,1.69,1,614.7224707824034
14.02.2025 15:00,8.61,175.06,74.7,,201.1375,791.365,1.314,131.935,1.69,1,628.9460133328082
14.02.2025 16:00,8.46,200.0,74.7,,241.3825,606.5475,3.842,102.83,0.55,1,608.0282370202701
14.02.2025 17:00,8.46,298.91,74.7,,209.3625,593.6424999999999,4.449000000000001,114.2525,0.55,1,587.5711531506929
14.02.2025 18:00,8.46,293.06,74.7,,182.29,702.63,4.688000000000001,115.315,0.55,1,586.557665297293
14.02.2025 19:00,8.46,225.7,74.7,,175.495,645.59,1.861,111.66333333333334,0.55,1,606.589683168209
14.02.2025 20:00,8.46,183.55,74.7,,154.015,440.965,3.437,120.72,1.05,0,637.8872131840953
14.02.2025 21:00,8.46,163.79,74.7,,143.04500000000002,482.13,0.458,103.92,1.05,0,654.7217977530008
14.02.2025 22:00,8.4,153.0,74.7,,128.8975,388.8625,0.087,97.07,1.05,0,664.7989066968419
14.02.2025 23:00,8.4,140.03,74.7,,134.885,345.3,0.256,104.515,1.05,0,675.7001931194827
15.02.2025 00:00,8.1,135.29,74.7,,132.75,256.67,0.2339999999999999,113.07333333333334,3.63,0,675.5150208091601
15.02.2025 01:00,8.1,130.34,74.7,,124.005,234.5875,0.358,105.1025,3.63,0,680.7800000469081
15.02.2025 02:00,8.1,120.0,74.7,,120.93,245.0075,0.061,117.78000000000002,3.63,0,681.9728706611262
15.02.2025 03:00,8.1,118.24,74.7,,119.8925,235.105,0.06,125.91,3.63,0,679.3102123130976
15.02.2025 04:00,8.1,118.45,74.7,,122.58,246.7775,0.035,110.63,2.63,0,679.6337452445207
15.02.2025 05:00,8.1,120.37,74.7,,136.895,353.0075,0.37,113.095,2.63,0,677.7146866482574
15.02.2025 06:00,8.23,133.74,74.7,,149.17000000000002,355.65,0.1109999999999999,111.28,2.63,0,668.986556879148
15.02.2025 07:00,8.33,148.58,74.7,,159.43,419.4175,0.0,,2.63,0,652.6890493048186
15.02.2025 08:00,8.47,150.67,74.7,,167.34,694.0525,0.0,,1.95,0,624.1940272562845
15.02.2025 09:00,8.47,137.01,74.7,,156.32,907.035,0.308,120.41333333333334,1.95,0,586.4017371588055
15.02.2025 10:00,8.47,124.59,74.7,,146.82999999999998,852.9749999999999,0.166,117.56,1.95,0,563.5472609971035
15.02.2025 11:00,8.47,118.36,74.7,,130.1075,784.4925000000001,0.0,113.43,1.95,0,541.7247041908515
15.02.2025 12:00,8.47,112.39,74.7,,133.1425,687.655,0.099,124.82,5.2,0,539.8266903838755
15.02.2025 13:00,8.47,110.01,74.7,,133.8425,726.885,0.293,112.17,5.2,0,546.3545342816088
15.02.2025 14:00,8.33,116.15,74.7,,145.5575,610.905,0.028,144.885,5.2,0,570.6705601472236
15.02.2025 15:00,8.23,128.83,74.7,,157.85750000000002,677.005,0.0,117.16,5.2,0,599.5964558068813
15.02.2025 16:00,8.14,145.89,74.7,,170.07999999999998,537.26,0.092,112.44666666666666,0.97,0,622.3933206202821
15.02.2025 17:00,8.14,164.54,74.7,,178.635,351.03000000000003,0.022,123.75,0.97,0,614.4926380134746
15.02.2025 18:00,8.14,174.7,74.7,,178.5475,505.7175,0.099,86.555,0.97,0,589.9008332829931
15.02.2025 19:00,8.14,164.76,74.7,,160.18,451.04,8.983,103.2775,0.97,0,613.3138523652801
15.02.2025 20:00,8.14,149.65,74.7,,147.775,417.9075,0.28,109.365,1.0,0,630.4828846679998
15.02.2025 21:00,8.14,128.31,74.7,,138.795,444.7,0.242,101.2,1.0,0,634.0069026393508
15.02.2025 22:00,8.1,132.37,74.7,,136.2175,438.585,0.8400000000000001,98.0475,1.0,0,625.3447559423531
15.02.2025 23:00,8.1,124.54,74.7,,127.5075,440.9875,14.02,87.03999999999999,1.0,0,607.5285398837601
16.02.2025 00:00,8.08,134.11,74.7,,123.615,341.77,0.14,111.35,3.4,0,587.5544730206734
16.02.2025 01:00,8.08,128.9,74.7,,121.7075,318.3625,0.0,,3.4,0,578.5343001237687
16.02.2025 02:00,8.08,123.57,74.7,,115.75,348.295,0.5249999999999999,85.3375,3.4,0,568.5701139891017
16.02.2025 03:00,8.08,119.9,74.7,,117.26,353.5775,0.386,110.8575,3.4,0,554.7659616451908
16.02.2025 04:00,8.08,119.57,74.7,,114.525,350.76250000000005,20.656,75.5675,2.98,0,540.562493802574
16.02.2025 05:00,8.08,120.18,74.7,,106.3775,566.635,23.703,93.2925,2.98,0,519.8038070740658
16.02.2025 06:00,8.22,119.92,74.7,,112.295,448.4075,15.969,85.36,2.98,0,509.0011558147192
16.02.2025 07:00,8.31,127.51,74.7,,119.245,422.3525,71.637,73.3,2.98,0,506.3392629688697
16.02.2025 08:00,8.44,129.6,74.7,,121.3475,468.675,273.16700000000003,61.3025,3.19,0,503.1082213338538
16.02.2025 09:00,8.44,130.49,74.7,,116.21,605.4525,380.839,29.4375,3.19,0,480.1872609763051
16.02.2025 10:00,8.44,127.7,74.7,,92.92,782.735,327.59,46.78,3.19,0,441.8828072905121
16.02.2025 11:00,8.44,124.03,74.7,,95.2625,705.6475,108.029,49.4,3.19,0,392.1866542520911
16.02.2025 12:00,8.44,124.67,74.7,,81.8675,625.965,22.236,37.785,16.0,0,382.9111516131469
16.02.2025 13:00,8.44,118.77,74.7,,82.4375,975.735,1.141,56.99,16.0,0,379.7020234395099
16.02.2025 14:00,8.31,121.02,74.7,,96.0525,899.7650000000001,5.217,56.31,16.0,0,403.7166237521709
16.02.2025 15:00,8.22,129.55,74.7,,112.28,822.6525,0.05,103.11,16.0,0,468.0040064445319
16.02.2025 16:00,8.12,137.68,74.7,,143.925,609.2875,0.081,85.695,0.9,0,537.6446255901342
16.02.2025 17:00,8.12,153.98,74.7,,167.5125,534.24,0.004,149.73,0.9,0,555.0614061842621
16.02.2025 18:00,8.12,169.98,74.7,,161.2675,468.7375,3.398,93.68,0.9,0,526.920870926918
16.02.2025 19:00,8.12,160.29,74.7,,151.41750000000002,477.11,1.447,102.375,0.9,0,533.0652745174727
16.02.2025 20:00,8.12,153.72,74.7,,128.875,386.5725,0.051,117.5,0.95,0,549.3765709315826
16.02.2025 21:00,8.12,139.34,74.7,,130.365,431.0325,0.0,,0.95,0,561.6263367477837
16.02.2025 22:00,8.08,137.62,74.7,,120.9825,473.1175,0.019,113.56333333333332,0.95,0,571.6242139838399
16.02.2025 23:00,8.08,131.51,74.7,,117.45,306.3775,0.86,96.105,0.95,0,581.4635210519629
17.02.2025 00:00,8.4,128.05,74.7,,114.1375,359.5425,0.0,96.91,2.89,0,591.3197259199306
17.02.2025 01:00,8.4,121.06,74.7,,114.735,263.245,0.002,101.28666666666668,2.89,0,599.0723865667924
17.02.2025 02:00,8.4,120.34,74.7,,114.435,269.685,0.004,111.4625,2.89,0,609.5981785414913
17.02.2025 03:00,8.4,125.52,74.7,,114.625,342.0675,0.0,122.75,2.89,0,616.4732915035873
17.02.2025 04:00,8.4,128.94,74.7,,125.66,429.045,0.023,145.6075,2.38,0,617.7885838542355
17.02.2025 05:00,8.4,131.54,74.7,,154.4025,581.9475,0.054,117.935,2.38,0,615.4732590653427
17.02.2025 06:00,8.61,153.16,74.7,,216.0725,685.955,0.0,,2.38,0,584.1119430998797
17.02.2025 07:00,8.77,204.74,74.7,,223.27,870.65,13.076,120.90666666666668,2.38,0,535.9056073804112
17.02.2025 08:00,8.98,209.79,74.7,,160.2575,1198.1475,32.026,81.305,1.99,0,509.3523143705464
17.02.2025 09:00,8.98,171.3,74.7,,126.5325,1163.005,153.56799999999998,41.0375,1.99,0,484.3288414562356
17.02.2025 10:00,8.98,139.67,74.7,,107.075,949.305,168.058,12.97,1.99,1,448.5544064787529
17.02.2025 11:00,8.98,117.19,74.7,,92.5725,710.3425,237.248,35.065,1.99,1,410.7668292921434
17.02.2025 12:00,8.98,109.47,74.7,,87.5625,796.54,342.244,19.24,10.02,1,395.0159839023625
17.02.2025 13:00,8.98,106.78,74.7,,96.305,839.0775,275.427,5.715000000000001,10.02,1,402.5093235806624
17.02.2025 14:00,8.77,111.89,74.7,,113.0025,1093.3425,70.733,57.7575,10.02,1,429.889053507101
17.02.2025 15:00,8.61,132.27,74.7,,150.6375,1005.2375,8.608,112.43,10.02,1,491.4156094504411
17.02.2025 16:00,8.46,158.96,74.7,,201.54,878.435,25.635,94.66,0.76,1,554.0607023813888
17.02.2025 17:00,8.46,222.92,74.7,,221.7275,591.6375,0.0,142.05,0.76,1,578.348071624208
17.02.2025 18:00,8.46,271.0,74.7,,200.66,501.7725,0.0,,0.76,1,567.7614771239325
17.02.2025 19:00,8.46,215.36,74.7,,170.6875,465.8175,0.0,111.7,0.76,1,563.2347067922803
17.02.2025 20:00,8.46,177.86,74.7,,151.7575,438.6175,1.434,104.6,0.92,0,575.2211993999606
17.02.2025 21:00,8.46,155.19,74.7,,139.17000000000002,419.665,5.488,91.8925,0.92,0,599.0948638217958
17.02.2025 22:00,8.4,139.39,74.7,,127.385,345.64,2.135,97.7575,0.92,0,622.009297751365
17.02.2025 23:00,8.4,129.57,74.7,,121.27,273.285,25.768,78.7475,0.92,0,629.349928282826
18.02.2025 00:00,8.4,132.95,74.7,,113.49,269.5025,0.125,104.08,2.47,0,623.1879367961342
18.02.2025 01:00,8.4,125.0,74.7,,117.27,244.7575,0.178,99.30666666666669,2.47,0,623.0132606369568
18.02.2025 02:00,8.4,123.56,74.7,,113.6475,267.425,0.004,103.655,2.47,0,618.0112105844049
18.02.2025 03:00,8.4,117.11,74.7,,113.7075,270.56,14.04,92.3025,2.47,0,615.4386490729976
18.02.2025 04:00,8.4,115.66,74.7,,114.98,387.1425,47.895,74.6925,2.15,0,606.3480363537902
18.02.2025 05:00,8.4,121.93,74.7,,129.89499999999998,622.3225,75.279,68.81666666666668,2.15,0,595.6035797062509
18.02.2025 06:00,8.61,143.61,74.7,,190.4325,485.4725,0.8,118.89,2.15,0,573.0648363584148
18.02.2025 07:00,8.77,190.34,74.7,,202.66,833.8425,60.116,85.83,2.15,0,527.042382880478
18.02.2025 08:00,8.98,193.8,74.7,,136.985,1108.8425,29.256,78.7125,1.9,0,487.4814355178144
18.02.2025 09:00,8.98,143.53,74.7,,114.3025,962.21,158.928,49.156666666666666,1.9,0,451.56008299942266
18.02.2025 10:00,8.98,124.24,74.7,,97.115,900.4075,255.593,29.685,1.9,1,409.67436400597535
18.02.2025 11:00,8.98,109.71,74.7,,77.48,748.565,245.884,7.2825,1.9,1,370.8017536865844
18.02.2025 12:00,8.98,96.41,74.7,,67.5925,714.4375,542.765,-36.1875,388.0,1,335.6694761746752
18.02.2025 13:00,8.98,88.53,74.7,,83.02,833.7475,348.312,4.6,388.0,1,328.0881930981193
18.02.2025 14:00,8.77,98.35,74.7,,95.4625,1053.685,97.653,56.71,388.0,1,352.6592609062045
18.02.2025 15:00,8.61,110.0,74.7,,118.4575,1042.605,71.915,63.88,388.0,1,403.7295595692202
18.02.2025 16:00,8.46,128.16,74.7,,160.415,970.875,0.366,101.48333333333332,0.65,1,475.0039630196196
18.02.2025 17:00,8.46,177.61,74.7,,160.7875,755.0425,0.03,94.86,0.65,1,487.330837643418
18.02.2025 18:00,8.46,174.32,74.7,,142.845,729.5925,1.42,87.64999999999999,0.65,1,464.7921654964573
18.02.2025 19:00,8.46,155.91,74.7,,123.01,622.76,0.0,101.77666666666666,0.65,1,447.2550217957604
18.02.2025 20:00,8.46,142.42,74.7,,117.1225,431.3625,6.597,79.2,0.9,0,446.9843673306817
18.02.2025 21:00,8.46,129.41,74.7,,112.1025,438.93,5.481000000000001,50.49,0.9,0,446.18714910405873
18.02.2025 22:00,8.4,121.9,74.7,,100.59,507.6975,0.032,60.07,0.9,0,434.2515780845677
18.02.2025 23:00,8.4,114.45,74.7,,97.725,432.7125,0.255,65.91,0.9,0,426.82778191418686
19.02.2025 00:00,8.4,104.54,74.7,,89.83,373.4175,0.039,77.27999999999999,2.79,0,426.2462873445561
19.02.2025 01:00,8.4,99.29,74.7,,94.3975,277.96500000000003,1.977,66.85,2.79,0,424.171020313395
19.02.2025 02:00,8.4,99.6,74.7,,95.2,340.4,14.317,63.376666666666665,2.79,0,425.2441620268964
19.02.2025 03:00,8.4,97.29,74.7,,92.705,388.0125,2.611,49.955,2.79,0,427.2922120745184
19.02.2025 04:00,8.4,94.5,74.7,,94.215,431.36,47.175,48.1,2.37,0,423.52096505087815
19.02.2025 05:00,8.4,97.48,74.7,,115.505,674.435,119.268,37.8825,2.37,0,419.756196573959
19.02.2025 06:00,8.61,115.0,74.7,,125.4875,491.46,7.887,89.88,2.37,0,410.8163470583417
19.02.2025 07:00,8.77,149.5,74.7,,128.0,833.6175,109.891,40.30666666666667,2.37,0,390.2944150058927
19.02.2025 08:00,8.98,166.37,74.7,,92.6075,1043.5375,261.813,21.3125,4.49,0,365.8779177469703
19.02.2025 09:00,8.98,128.76,74.7,,83.35,954.9475,64.554,40.215,4.49,0,333.0577134517269
19.02.2025 10:00,8.98,107.91,74.7,,66.575,525.2925,197.203,-19.21,4.49,1,299.90654783690167
19.02.2025 11:00,8.98,89.28,74.7,,51.2225,476.33,167.204,-0.4849999999999994,4.49,1,269.6322643035951
19.02.2025 12:00,8.98,81.52,74.7,,34.545,631.4775,457.419,-75.55499999999999,37.9,1,250.38367897928552
19.02.2025 13:00,8.98,82.74,74.7,,46.4025,829.925,201.337,-20.9275,37.9,1,251.47334823301213
19.02.2025 14:00,8.77,85.2,74.7,,69.35,946.9975,215.345,-71.9075,37.9,1,271.4432100483649
19.02.2025 15:00,8.61,90.63,74.7,,93.49,1057.655,39.976,11.895,37.9,1,317.7999223133778
19.02.2025 16:00,8.46,110.03,74.7,,115.455,786.855,450.495,16.947499999999998,0.66,1,377.3629557428078
19.02.2025 17:00,8.46,131.28,74.7,,116.905,767.1225000000001,258.968,42.84,0.66,1,395.3901292149005
19.02.2025 18:00,8.46,142.98,74.7,,107.485,689.5675,136.348,28.615,0.66,1,377.832897812469
19.02.2025 19:00,8.46,144.42,74.7,,90.3025,692.6025,15.356000000000002,73.505,0.66,1,365.16882042035184
19.02.2025 20:00,8.46,120.9,74.7,,87.5275,589.9000000000001,336.512,26.0725,0.95,0,365.0880767714618
19.02.2025 21:00,8.46,113.75,74.7,,94.97,603.7825,90.239,49.2425,0.95,0,371.0614889528916
19.02.2025 22:00,8.4,107.13,74.7,,90.485,494.9475,234.209,18.015,0.95,0,386.6647371387448
19.02.2025 23:00,8.4,99.81,74.7,,83.72749999999999,469.26,6.2,60.885,0.95,0,387.299990428908
20.02.2025 00:00,8.4,86.17,74.7,,84.55499999999999,352.1125,16.971,44.28333333333333,2.57,0,379.6491965727311
20.02.2025 01:00,8.4,85.2,74.7,,84.765,387.2825,18.04,46.065,2.57,0,370.2245730184276
20.02.2025 02:00,8.4,84.56,74.7,,96.3475,526.9449999999999,178.048,25.5125,2.57,0,377.2324346226658
20.02.2025 03:00,8.4,83.64,74.7,,89.46,463.4225,0.0,,2.57,0,384.0183689103722
20.02.2025 04:00,8.4,82.18,74.7,,90.2675,502.34,5.232,85.8625,2.19,0,380.4593033989232
20.02.2025 05:00,8.4,83.84,74.7,,107.305,629.12,102.587,36.875,2.19,0,393.3376600679082
20.02.2025 06:00,8.61,86.31,74.7,,120.9,522.6274999999999,68.618,51.28,2.19,0,404.0323361333539
20.02.2025 07:00,8.77,110.41,74.7,,128.7125,727.8525,0.179,87.71,2.19,0,390.42513401529146
20.02.2025 08:00,8.98,127.98,74.7,,115.8725,1064.46,0.074,129.74,2.91,0,371.2779328315682
20.02.2025 09:00,8.98,105.87,74.7,,117.63,1107.1225,216.454,14.4225,2.91,0,363.9210594106567
20.02.2025 10:00,8.98,93.72,74.7,,109.5425,945.3075,211.58,5.3475,2.91,1,360.39375109085006
20.02.2025 11:00,8.98,87.23,74.7,,101.475,849.78,48.106,53.015,2.91,1,351.5470830126899
20.02.2025 12:00,8.98,86.87,74.7,,101.28,789.61,7.1080000000000005,78.6625,16.42,1,348.37704919224296
20.02.2025 13:00,8.98,84.51,74.7,,106.175,786.09,4.784,104.29,16.42,1,353.524052729714
20.02.2025 14:00,8.77,84.78,74.7,,119.95,999.4975,0.006,72.275,16.42,1,373.8821759515292
20.02.2025 15:00,8.61,90.05,74.7,,145.2,1021.6425,4.436,110.72,16.42,1,404.2761501298536
20.02.2025 16:00,8.46,98.34,74.7,,163.3525,889.815,55.309,59.67,0.77,1,419.8265147762258
20.02.2025 17:00,8.46,110.13,74.7,,155.6325,652.71,3.226,64.34,0.77,1,417.0246455642897
20.02.2025 18:00,8.46,112.38,74.7,,142.1775,642.2175,81.54599999999999,62.015,0.77,1,394.7729311064948
20.02.2025 19:00,8.46,122.45,74.7,,132.085,723.0675,64.122,61.8375,0.77,1,380.6700823346757
20.02.2025 20:00,8.46,105.91,74.7,,108.49,721.61,107.293,59.765,2.0,0,391.233436805572
20.02.2025 21:00,8.46,92.41,74.7,,94.46,639.4975,64.456,50.5375,2.0,0,396.0456814991532
20.02.2025 22:00,8.4,90.84,74.7,,85.2325,485.4325,157.904,59.01,2.0,0,395.9506912127566
20.02.2025 23:00,8.4,83.0,74.7,,83.265,445.63,52.948,59.4275,2.0,0,383.20093505577256
21.02.2025 00:00,8.4,75.51,74.7,,84.35249999999999,410.8,0.6599999999999999,72.16333333333334,4.12,0,376.57385083584535
21.02.2025 01:00,8.4,74.99,74.7,,85.10249999999999,389.4225,13.192,64.0875,4.12,0,381.8309576671674
21.02.2025 02:00,8.4,79.8,74.7,,80.61500000000001,353.97,1.866,74.04,4.12,0,401.5551385285182
21.02.2025 03:00,8.4,83.4,74.7,,83.37,345.52250000000004,43.278,60.8225,4.12,0,401.42999700742666
21.02.2025 04:00,8.4,82.4,74.7,,88.8775,504.03,45.117,64.53999999999999,1.99,0,406.6971691945876
21.02.2025 05:00,8.4,82.03,74.7,,106.325,770.4725,9.6,74.9525,1.99,0,419.3196086412846
21.02.2025 06:00,8.61,106.47,74.7,,128.6,574.81,34.857,69.8275,1.99,0,426.0581210994926
21.02.2025 07:00,8.77,152.5,74.7,,119.0625,576.1475,146.497,60.2825,1.99,0,406.5166475206858
21.02.2025 08:00,8.98,145.21,74.7,,92.065,822.005,119.531,37.513333333333335,2.3,0,391.4107731222997
21.02.2025 09:00,8.98,120.98,74.7,,77.3575,966.485,132.56199999999998,42.08,2.3,0,369.6688303028696
21.02.2025 10:00,8.98,98.68,74.7,,68.5375,943.405,196.554,26.1775,2.3,1,328.66185926635075
21.02.2025 11:00,8.98,83.4,74.7,,56.5325,800.5725,254.555,14.875,2.3,1,293.4117959276203
21.02.2025 12:00,8.98,78.0,74.7,,45.085,667.235,152.542,23.055,11.09,1,271.87537366060707
21.02.2025 13:00,8.98,76.41,74.7,,46.3825,996.7275,67.021,42.6025,11.09,1,266.1779676273368
21.02.2025 14:00,8.77,79.52,74.7,,65.9875,1305.5925,81.613,29.5075,11.09,1,275.01468403224544
21.02.2025 15:00,8.61,82.94,74.7,,87.11500000000001,999.31,31.012,61.06,11.09,1,307.792316574893
21.02.2025 16:00,8.46,103.47,74.7,,94.9625,628.2,574.029,29.8425,0.65,1,366.09972922300216
21.02.2025 17:00,8.46,103.45,74.7,,89.73,724.2225,547.926,33.6025,0.65,1,370.8721801847172
21.02.2025 18:00,8.46,101.98,74.7,,72.495,744.2675,206.602,50.67,0.65,1,339.8095695770489
21.02.2025 19:00,8.46,81.95,74.7,,67.9075,672.6725,17.937,43.6675,0.65,1,310.24634447935216
21.02.2025 20:00,8.46,80.25,74.7,,62.95,671.0325,36.541,-5.41,3.99,0,288.3113195530264
21.02.2025 21:00,8.46,70.85,74.7,,64.22749999999999,559.035,32.199,5.3475,3.99,0,268.21729194696866
21.02.2025 22:00,8.4,70.64,74.7,,58.765,552.9125,43.342,-9.0325,3.99,0,271.0655617729104
21.02.2025 23:00,8.4,64.33,74.7,,68.3925,581.72,2.858,32.8975,3.99,0,270.9982349167959
22.02.2025 00:00,8.1,50.99,74.7,,66.77250000000001,417.785,0.0,,16.8,0,253.185732791058
22.02.2025 01:00,8.1,48.62,74.7,,74.97,436.18,0.122,47.925,16.8,0,249.8315446195595
22.02.2025 02:00,8.1,47.96,74.7,,72.77,385.975,3.06,50.915,16.8,0,253.3867558644428
22.02.2025 03:00,8.1,42.62,74.7,,70.3175,332.44,0.41,49.79,16.8,0,261.2126667435839
22.02.2025 04:00,8.1,41.2,74.7,,70.595,302.3025,0.0,,14.88,0,262.47469441513687
22.02.2025 05:00,8.1,49.15,74.7,,68.3725,454.15,1.11,55.64,14.88,0,265.5323852738189
22.02.2025 06:00,8.23,49.11,74.7,,69.3075,386.575,19.144,-0.8549999999999999,14.88,0,255.28855066277168
22.02.2025 07:00,8.33,61.22,74.7,,75.71,557.3975,4.412999999999999,26.32,14.88,0,247.4132245057823
22.02.2025 08:00,8.47,68.25,74.7,,66.2725,676.2475,8.444,19.89,6.44,0,231.76708151821467
22.02.2025 09:00,8.47,67.74,74.7,,65.61749999999999,640.89,5.142,30.8075,6.44,0,215.3114532465738
22.02.2025 10:00,8.47,53.21,74.7,,59.6475,670.265,35.25,9.8525,6.44,0,207.27160676617723
22.02.2025 11:00,8.47,47.13,74.7,,39.2125,692.185,40.734,-10.6225,6.44,0,202.1849876737274
22.02.2025 12:00,8.47,40.4,74.7,,46.182500000000005,872.9350000000001,7.813000000000001,25.32,16.02,0,202.94835320988597
22.02.2025 13:00,8.47,52.69,74.7,,64.74000000000001,910.96,3.702,70.405,16.02,0,210.6130703134437
22.02.2025 14:00,8.33,68.0,74.7,,90.8875,930.3725,0.074,76.04333333333334,16.02,0,240.35393125546244
22.02.2025 15:00,8.23,85.6,74.7,,124.5075,804.74,161.573,13.6825,16.02,0,302.7867933585475
22.02.2025 16:00,8.14,100.95,74.7,,139.5275,715.755,46.805,66.66,0.97,0,323.00265917868967
22.02.2025 17:00,8.14,108.38,74.7,,147.97,574.16,0.4669999999999999,104.79333333333334,0.97,0,328.5468198545499
22.02.2025 18:00,8.14,106.98,74.7,,154.8525,701.4475,4.763,83.6725,0.97,0,315.765652262242
22.02.2025 19:00,8.14,115.18,74.7,,132.045,722.7975,41.853,72.975,0.97,0,321.0997784745724
22.02.2025 20:00,8.14,103.0,74.7,,122.01,583.16,5.241,78.77,2.69,0,336.7143215692123
22.02.2025 21:00,8.14,101.58,74.7,,126.9375,610.3975,7.369999999999999,78.925,2.69,0,348.2422981344829
22.02.2025 22:00,8.1,94.27,74.7,,126.52,652.1175,14.296,70.26333333333334,2.69,0,350.7416355211245
22.02.2025 23:00,8.1,83.51,74.7,,102.0525,611.065,67.931,39.345,2.69,0,359.9677023542258
23.02.2025 00:00,8.08,91.1,74.7,,86.04,410.1025,3.031,71.7225,7.54,0,373.5399428897104
23.02.2025 01:00,8.08,84.99,74.7,,79.4825,370.4325,14.893,56.6525,7.54,0,384.40240062802616
23.02.2025 02:00,8.08,86.21,74.7,,78.615,277.8325,19.412,54.3575,7.54,0,390.8035069740095
23.02.2025 03:00,8.08,83.63,74.7,,79.2725,322.5925,0.055,,7.54,0,397.9242051768873
23.02.2025 04:00,8.08,85.77,74.7,,81.55,353.65,0.0,,6.12,0,404.91090858824384
23.02.2025 05:00,8.08,87.33,74.7,,88.34,432.2025,3.903000000000001,59.2375,6.12,0,417.488794546672
23.02.2025 06:00,8.22,87.7,74.7,,106.72,456.3475,0.019,60.0,6.12,0,431.8062790095928
23.02.2025 07:00,8.31,108.0,74.7,,115.12,542.355,0.0,,6.12,0,440.0692071211573
23.02.2025 08:00,8.44,112.24,74.7,,98.355,698.0975000000001,8.455,35.2375,5.0,0,414.4388398703353
23.02.2025 09:00,8.44,99.35,74.7,,75.9975,980.075,142.48000000000002,-21.8075,5.0,0,386.7109352825271
23.02.2025 10:00,8.44,83.0,74.7,,52.455,985.465,278.649,-37.4525,5.0,0,321.1852750071843
23.02.2025 11:00,8.44,81.5,74.7,,25.6925,907.6925,312.79999999999995,-76.295,5.0,0,263.8863523949391
23.02.2025 12:00,8.44,71.12,74.7,,6.815,654.96,164.251,-39.3325,18.28,0,232.47850900165804
23.02.2025 13:00,8.44,69.2,74.7,,2.2750000000000004,793.965,46.972,-17.3725,18.28,0,232.73820917489417
23.02.2025 14:00,8.31,64.75,74.7,,29.1275,1096.1875,4.779,23.965,18.28,0,244.9327075189441
23.02.2025 15:00,8.22,69.11,74.7,,86.9525,1019.185,41.993,38.1875,18.28,0,288.4452468722759
23.02.2025 16:00,8.12,84.7,74.7,,178.1775,805.4425,29.182,28.83,0.72,0,380.1758248863698
23.02.2025 17:00,8.12,150.45,74.7,,176.91750000000002,730.0925,16.69,78.11,0.72,0,405.0528707552016
23.02.2025 18:00,8.12,154.69,74.7,,171.98000000000002,816.91,147.91899999999998,61.0725,0.72,0,393.3129379726146
23.02.2025 19:00,8.12,117.02,74.7,,127.7175,893.72,257.095,15.0675,0.72,0,376.1006878661861
23.02.2025 20:00,8.12,96.03,74.7,,94.4625,652.4100000000001,54.458,23.175,2.16,0,377.0693662961481
23.02.2025 21:00,8.12,77.32,74.7,,87.1025,532.7525,9.202,40.375,2.16,0,363.7728386814106
23.02.2025 22:00,8.08,73.81,74.7,,76.975,475.965,62.542,36.8875,2.16,0,347.0404278094015
23.02.2025 23:00,8.08,65.99,74.7,,69.34,561.4225,20.659,31.1275,2.16,0,319.3169972027691
24.02.2025 00:00,8.4,70.83,74.7,,69.345,453.3125,3.793,61.31,27.85,0,296.25148235532254
24.02.2025 01:00,8.4,67.99,74.7,,55.275,446.9025,12.723,69.71333333333332,27.85,0,290.64207810212724
24.02.2025 02:00,8.4,40.98,74.7,,62.95,546.335,39.285,42.75,27.85,0,290.51688849181096
24.02.2025 03:00,8.4,37.1,74.7,,69.59,431.7675,66.586,33.7125,27.85,0,295.0368624519939
24.02.2025 04:00,8.4,65.34,74.7,,70.36749999999999,507.9475,53.267,35.34,16.53,0,304.58071689919825
24.02.2025 05:00,8.4,70.03,74.7,,78.7225,668.395,96.288,0.9366666666666662,16.53,0,301.08691106997594
24.02.2025 06:00,8.61,81.0,74.7,,95.93,659.7425000000001,119.776,26.5525,16.53,0,305.3745997703166
24.02.2025 07:00,8.77,84.8,74.7,,89.95750000000001,667.1225,231.538,12.0925,16.53,0,309.29085182412246
24.02.2025 08:00,8.98,106.68,74.7,,57.3475,913.2425,168.372,-4.1075,5.12,0,297.643703546528
24.02.2025 09:00,8.98,93.26,74.7,,32.835,1016.7175,18.107,15.669999999999998,5.12,0,272.24539084137666
24.02.2025 10:00,8.98,79.04,74.7,,44.325,965.4825,10.679,22.5675,5.12,1,252.4856000785281
24.02.2025 11:00,8.98,83.44,74.7,,43.225,959.2025,20.976,19.19,5.12,1,233.9590785632854
24.02.2025 12:00,8.98,81.63,74.7,,48.2675,719.5925,11.192,28.42,13.9,1,226.13990953598423
24.02.2025 13:00,8.98,83.0,74.7,,64.175,694.2725,3.52,72.4775,13.9,1,224.7699957277627
24.02.2025 14:00,8.77,86.4,74.7,,80.635,659.0550000000001,5.513999999999999,22.545,13.9,1,232.569503425327
24.02.2025 15:00,8.61,92.55,74.7,,80.8025,762.3525,65.622,50.425,13.9,1,266.6328080666069
24.02.2025 16:00,8.46,100.7,74.7,,87.4825,866.355,2.156,63.1,0.66,1,286.7818832397371
24.02.2025 17:00,8.46,112.94,74.7,,107.23,798.4225,480.202,52.5375,0.66,1,302.0256539280849
24.02.2025 18:00,8.46,137.81,74.7,,112.075,769.78,21.037,77.365,0.66,1,310.9791962659522
24.02.2025 19:00,8.46,148.71,74.7,,106.8525,645.81,162.823,59.4425,0.66,1,309.62071136686336
24.02.2025 20:00,8.46,129.27,74.7,,106.485,620.2175,34.837,76.665,1.83,0,317.06469736109807
24.02.2025 21:00,8.46,112.29,74.7,,105.73,553.7225000000001,38.585,73.81666666666666,1.83,0,338.7812102034733
24.02.2025 22:00,8.4,112.9,74.7,,101.8175,613.885,63.65,62.455,1.83,0,366.2067682270293
24.02.2025 23:00,8.4,106.48,74.7,,106.12,467.3025,7.776,81.37333333333333,1.83,0,381.3377593804807
25.02.2025 00:00,8.4,90.6,74.7,,109.4025,362.7775,21.989,66.06666666666668,10.76,0,414.86556680849935
25.02.2025 01:00,8.4,89.91,74.7,,109.8175,426.5375,1.581,75.22,10.76,0,436.6562239188205
25.02.2025 02:00,8.4,93.39,74.7,,110.69,441.0325,0.299,83.165,10.76,0,459.1609533854637
25.02.2025 03:00,8.4,93.86,74.7,,125.5775,610.265,4.906,82.13666666666667,10.76,0,483.72259200518425
25.02.2025 04:00,8.4,97.43,74.7,,143.3375,721.54,7.224,87.1375,8.36,0,505.5779873554967
25.02.2025 05:00,8.4,105.78,74.7,,171.3975,1042.3925,4.196,87.525,8.36,0,524.6914277595649
25.02.2025 06:00,8.61,144.87,74.7,,196.0025,931.4275,218.303,61.5225,8.36,0,521.2250209569099
25.02.2025 07:00,8.77,167.16,74.7,,195.9375,813.11,52.768,92.0575,8.36,0,510.057278195938
25.02.2025 08:00,8.98,173.34,74.7,,146.72,1035.5675,344.483,66.0625,3.42,0,497.4009035669824
25.02.2025 09:00,8.98,153.73,74.7,,118.59,1058.9475,378.726,67.8075,3.42,0,474.9320030599268
25.02.2025 10:00,8.98,140.36,74.7,,95.9575,980.405,127.551,86.52250000000001,3.42,1,438.3586248950811
25.02.2025 11:00,8.98,126.75,74.7,,100.7225,860.155,29.266,95.6425,3.42,1,415.7201452219946
25.02.2025 12:00,8.98,124.63,74.7,,110.7925,831.3675000000001,164.36,86.9175,9.2,1,429.55865297313073
25.02.2025 13:00,8.98,125.81,74.7,,114.43,867.5525,109.845,85.64,9.2,1,461.7922565464302
25.02.2025 14:00,8.77,134.38,74.7,,137.825,887.98,0.7269999999999999,121.17,9.2,1,500.61859708836295
25.02.2025 15:00,8.61,148.34,74.7,,159.17000000000002,852.6775,68.32900000000001,102.615,9.2,1,545.5809137081808
25.02.2025 16:00,8.46,170.68,74.7,,211.0025,865.345,39.455,87.45,0.55,1,579.7814577900131
25.02.2025 17:00,8.46,207.97,74.7,,234.1125,589.8925,0.31,126.6,0.55,1,594.8050249701898
25.02.2025 18:00,8.46,233.05,74.7,,184.9675,534.8050000000001,3.382,116.25333333333332,0.55,1,590.0147566556695
25.02.2025 19:00,8.46,188.09,74.7,,153.5525,677.5775,2.93,110.205,0.55,1,598.7502136474886
25.02.2025 20:00,8.46,156.96,74.7,,141.99,559.5675,47.186,99.7475,1.44,0,611.8280936479794
25.02.2025 21:00,8.46,142.47,74.7,,139.59,479.505,18.173,97.67666666666666,1.44,0,630.3313539535351
25.02.2025 22:00,8.4,129.46,74.7,,123.4375,549.0275,7.072,98.84,1.44,0,634.6008600939141
25.02.2025 23:00,8.4,115.13,74.7,,115.895,444.435,2.537,114.125,1.44,0,639.3947694986588
26.02.2025 00:00,8.4,122.99,74.7,,116.4,346.46250000000003,0.0289999999999999,110.555,6.62,0,639.9646082250237
26.02.2025 01:00,8.4,119.82,74.7,,115.7925,281.445,0.03,112.62666666666668,6.62,0,642.9833274090533
26.02.2025 02:00,8.4,116.94,74.7,,114.1275,300.255,0.031,113.36,6.62,0,636.3718922107373
26.02.2025 03:00,8.4,115.98,74.7,,114.765,248.985,0.03,105.0025,6.62,0,628.0023855530012
26.02.2025 04:00,8.4,116.56,74.7,,116.9425,435.2925,0.091,96.64,5.37,0,616.1794667399023
26.02.2025 05:00,8.4,117.27,74.7,,140.715,483.7000000000001,12.278,85.84,5.37,0,605.1823146874182
26.02.2025 06:00,8.61,132.65,74.7,,155.20749999999998,495.98,0.109,108.315,5.37,0,579.2015741341149
26.02.2025 07:00,8.77,159.93,74.7,,166.01749999999998,687.4,0.31,113.96,5.37,0,550.0259984764484
26.02.2025 08:00,8.98,175.19,74.7,,149.4925,857.0775,28.422,106.3125,2.6,0,518.0242145357926
26.02.2025 09:00,8.98,160.22,74.7,,143.3175,757.0025,1.344,114.45,2.6,0,519.7400001766448
26.02.2025 10:00,8.98,141.37,74.7,,139.2125,618.0525,0.071,116.18,2.6,1,510.78920262720897
26.02.2025 11:00,8.98,129.95,74.7,,135.5425,718.3425,0.022,133.75,2.6,1,498.7965804576422
26.02.2025 12:00,8.98,120.53,74.7,,147.21,839.8925,32.2,94.755,6.3,1,499.2034679820716
26.02.2025 13:00,8.98,119.89,74.7,,151.54,651.985,27.0,87.2125,6.3,1,495.1436598335048
26.02.2025 14:00,8.77,125.12,74.7,,145.8875,542.49,6.867,87.19333333333333,6.3,1,511.8508558724649
26.02.2025 15:00,8.61,132.9,74.7,,144.1975,477.54,5.765000000000001,97.725,6.3,1,530.6316209784381
26.02.2025 16:00,8.46,149.75,74.7,,145.0575,719.6975,0.123,120.51,0.52,1,550.8057575963924
26.02.2025 17:00,8.46,165.01,74.7,,156.37,532.24,0.006,135.34,0.52,1,563.8629776249372
26.02.2025 18:00,8.46,172.57,74.7,,149.285,556.24,39.315,98.63666666666668,0.52,1,547.2664491827445
26.02.2025 19:00,8.46,162.82,74.7,,130.3175,599.5425,196.715,76.62,0.52,1,535.9611601746449
26.02.2025 20:00,8.46,147.38,74.7,,106.925,689.56,20.982,87.00999999999999,1.19,0,531.2306579408789
26.02.2025 21:00,8.46,118.44,74.7,,105.24,506.435,0.746,96.8275,1.19,0,511.5137557968849
26.02.2025 22:00,8.4,120.94,74.7,,97.7325,518.7125,22.353,87.1125,1.19,0,496.5877875294356
26.02.2025 23:00,8.4,112.46,74.7,,106.32,467.7875,11.047,78.685,1.19,0,485.2141469621211
27.02.2025 00:00,8.4,101.48,74.7,,108.155,399.395,93.623,67.4875,4.36,0,481.2261305628079
27.02.2025 01:00,8.4,103.81,74.7,,101.855,423.255,17.151,85.0,4.36,0,480.1302584949251
27.02.2025 02:00,8.4,101.24,74.7,,99.2575,402.61,7.276,81.09,4.36,0,477.08244949892025
27.02.2025 03:00,8.4,99.6,74.7,,100.25,457.2175,21.433,69.66,4.36,0,480.96781302281846
27.02.2025 04:00,8.4,100.43,74.7,,103.74,620.8925,10.678999999999998,78.635,3.87,0,493.2086741692489
27.02.2025 05:00,8.4,105.87,74.7,,123.205,731.215,45.287,91.7725,3.87,0,510.0291365080029
27.02.2025 06:00,8.61,115.18,74.7,,151.5775,578.2475000000001,0.598,101.995,3.87,0,519.6929217110292
27.02.2025 07:00,8.77,152.32,74.7,,150.445,704.8225,0.593,129.44,3.87,0,506.5422529532934
27.02.2025 08:00,8.98,159.05,74.7,,133.8925,722.685,44.441,77.4425,2.23,0,491.02849519612784
27.02.2025 09:00,8.98,142.58,74.7,,113.075,940.605,153.396,71.0325,2.23,0,481.512035444602
27.02.2025 10:00,8.98,129.94,74.7,,99.4425,845.905,339.775,61.655,2.23,1,465.8491598761423
27.02.2025 11:00,8.98,110.0,74.7,,98.9,672.89,31.028,74.0925,2.23,1,449.2009987374852
27.02.2025 12:00,8.98,101.1,74.7,,99.36,712.69,47.35300000000001,66.2425,5.4,1,445.9764382300658
27.02.2025 13:00,8.98,109.25,74.7,,99.565,862.1600000000001,32.183,77.2225,5.4,1,449.8729498468137
27.02.2025 14:00,8.77,110.0,74.7,,111.1875,936.4475,9.928,83.305,5.4,1,469.7740420922034
27.02.2025 15:00,8.61,123.0,74.7,,128.56,891.3025,0.032,98.41333333333334,5.4,1,509.8310672280978
27.02.2025 16:00,8.46,142.62,74.7,,146.015,753.855,0.5509999999999999,99.92333333333332,0.48,1,553.3370791590144
27.02.2025 17:00,8.46,158.69,74.7,,146.6275,516.95,0.0,82.98,0.48,1,569.8475370036101
27.02.2025 18:00,8.46,174.71,74.7,,147.2025,551.8625,0.0,,0.48,1,567.3141404038422
27.02.2025 19:00,8.46,163.17,74.7,,143.665,584.905,0.266,100.84,0.48,1,560.3838470010626
27.02.2025 20:00,8.46,144.61,74.7,,135.905,492.14,3.907,97.0975,1.0,0,576.793018382851
27.02.2025 21:00,8.46,136.54,74.7,,130.26999999999998,509.51,0.7430000000000001,103.0075,1.0,0,597.7078167140934
27.02.2025 22:00,8.4,124.69,74.7,,113.2775,510.5525,0.013,94.15,1.0,0,602.1634580613206
27.02.2025 23:00,8.4,114.89,74.7,,112.8625,465.435,35.029999999999994,93.3,1.0,0,605.9488394631725
28.02.2025 00:00,8.4,115.47,74.7,,107.0125,378.0375,4.842,102.49333333333334,3.62,0,605.8510187590923
28.02.2025 01:00,8.4,110.54,74.7,,100.4075,339.0325,1.717,91.3275,3.62,0,608.7207322179986
28.02.2025 02:00,8.4,109.38,74.7,,102.32,293.455,3.2,93.35,3.62,0,610.2966917512384
28.02.2025 03:00,8.4,106.93,74.7,,104.17,373.8225,1.038,96.375,3.62,0,609.8694697637343
28.02.2025 04:00,8.4,112.03,74.7,,108.195,498.2225,38.446,98.1675,3.08,0,606.9607551830311
28.02.2025 05:00,8.4,112.63,74.7,,127.4675,543.825,101.915,83.23,3.08,0,608.4493480813944
28.02.2025 06:00,8.61,135.99,74.7,,140.5075,420.5625,3.275,98.18666666666668,3.08,0,596.486481458689
28.02.2025 07:00,8.77,150.0,74.7,,145.5325,606.385,34.686,90.5,3.08,0,563.3404435492687
28.02.2025 08:00,8.98,161.82,74.7,,130.5425,677.5225,72.033,87.885,2.73,0,526.4920129057807
28.02.2025 09:00,8.98,145.5,74.7,,114.4575,788.215,28.494,84.53666666666668,2.73,0,523.786839988433
28.02.2025 10:00,8.98,127.7,74.7,,112.6275,698.0350000000001,49.164,90.45,2.73,1,517.1687643710741
28.02.2025 11:00,8.98,115.97,74.7,,106.4825,617.76,17.036,100.055,2.73,1,506.27515711003593
28.02.2025 12:00,8.98,109.51,74.7,,102.945,692.9,21.143,96.71,4.44,1,492.64071215985473
28.02.2025 13:00,8.98,108.57,74.7,,102.8075,690.7850000000001,8.577,100.18,4.44,1,486.3725137889262
28.02.2025 14:00,8.77,111.58,74.7,,114.6475,712.1025,9.715,100.065,4.44,1,493.3648738012596
28.02.2025 15:00,8.61,125.57,74.7,,123.8825,544.7425000000001,38.837,91.33,4.44,1,515.6310739482882
28.02.2025 16:00,8.46,135.05,74.7,,141.9575,596.3475,90.753,93.2175,0.46,1,547.7884171783803
28.02.2025 17:00,8.46,152.85,74.7,,143.20000000000002,494.81500000000005,0.0,99.79,0.46,1,551.3109057104858
28.02.2025 18:00,8.46,161.24,74.7,,146.245,534.4275,5.725,89.18,0.46,1,540.3473961635812
28.02.2025 19:00,8.46,158.86,74.7,,134.335,469.7225,32.51,96.125,0.46,1,535.2863378611216
28.02.2025 20:00,8.46,143.96,74.7,,115.8625,484.61,30.704,91.485,0.87,0,561.7481338487618
28.02.2025 21:00,8.46,132.94,74.7,,114.19,402.505,0.309,97.82,0.87,0,598.0883532893745
28.02.2025 22:00,8.4,127.43,74.7,,111.1575,439.4275,1.144,95.92,0.87,0,608.7648471076028
28.02.2025 23:00,8.4,119.03,74.7,,120.76,350.7525,3.597,104.09666666666664,0.87,0,621.2661702347245
01.03.2025 00:00,8.02,128.19,74.7,,119.4025,373.6525,6.853,100.6975,2.97,0,620.3523294206921
01.03.2025 01:00,8.02,120.38,74.7,,117.015,308.66,0.042,99.94,2.97,0,623.744960879563
01.03.2025 02:00,8.02,117.09,74.7,,110.84,266.90250000000003,0.742,112.58,2.97,0,628.4238140054618
01.03.2025 03:00,8.02,112.15,74.7,,111.0025,234.465,0.491,98.15,2.97,0,630.2892490345847
01.03.2025 04:00,8.02,109.75,74.7,,115.6875,250.1875,27.761,90.4175,2.9,0,634.0284383482356
01.03.2025 05:00,8.02,114.38,74.7,,121.39,365.9525,114.4,83.86749999999999,2.9,0,634.6095569975646
01.03.2025 06:00,8.15,118.86,74.7,,134.35500000000002,421.75,3.212,94.52,2.9,0,628.2304123311529
01.03.2025 07:00,8.24,135.79,74.7,,133.66,434.3325,28.133000000000003,93.21,2.9,0,614.1671331020376
01.03.2025 08:00,8.37,138.79,74.7,,125.0575,602.0525,44.476,88.71000000000001,2.58,0,567.8488789535663
01.03.2025 09:00,8.37,137.74,74.7,,114.6425,735.7425000000001,20.132,83.88,2.58,0,530.4110588480404
01.03.2025 10:00,8.37,125.08,74.7,,100.9625,670.88,0.046,96.095,2.58,0,495.44552616329537
01.03.2025 11:00,8.37,112.11,74.7,,96.4625,584.7675,0.0,,2.58,0,458.082969235081
01.03.2025 12:00,8.37,102.21,74.7,,96.9075,687.0525,10.294,87.64666666666666,6.55,0,440.3724529536873
01.03.2025 13:00,8.37,97.27,74.7,,95.395,657.98,0.571,84.425,6.55,0,436.6913997070617
01.03.2025 14:00,8.24,99.39,74.7,,99.4675,806.1725,0.23,96.25666666666666,6.55,0,444.41582115923234
01.03.2025 15:00,8.15,109.23,74.7,,117.245,758.665,0.944,110.8625,6.55,0,480.550804063016
01.03.2025 16:00,8.06,125.41,74.7,,137.7125,716.04,5.816,73.71333333333332,0.49,0,533.4940460001242
01.03.2025 17:00,8.06,145.0,74.7,,163.685,555.4775,0.0,,0.49,0,552.2361750465417
01.03.2025 18:00,8.06,158.55,74.7,,151.8275,580.1225,0.0,,0.49,0,525.5744564705852
01.03.2025 19:00,8.06,150.78,74.7,,141.1075,696.2475,127.64,78.94749999999999,0.49,0,521.3901986563686
01.03.2025 20:00,8.06,137.29,74.7,,130.2825,612.5575,31.506,93.1425,0.87,0,523.9730835785832
01.03.2025 21:00,8.06,128.6,74.7,,126.735,460.1575,0.846,93.275,0.87,0,544.7422534306667
01.03.2025 22:00,8.02,123.57,74.7,,114.085,409.8825,18.99,87.9375,0.87,0,552.9758591952707
01.03.2025 23:00,8.02,119.92,74.7,,125.53,526.5,26.565,72.58,0.87,0,556.4478886423196
02.03.2025 00:00,8.0,123.94,74.7,,113.8875,449.6975,0.005,,2.83,0,546.1812650188027
02.03.2025 01:00,8.0,107.54,74.7,,133.48,602.5125,0.021,82.65,2.83,0,534.953121611484
02.03.2025 02:00,8.0,99.32,74.7,,108.4,336.7025,0.0,,2.83,0,515.1976121462833
02.03.2025 03:00,8.0,93.01,74.7,,111.495,460.735,0.0,,2.83,0,514.8443751274785
02.03.2025 04:00,8.0,94.23,74.7,,148.565,490.9175,3.443,63.46,2.85,0,507.0939109624826
02.03.2025 05:00,8.0,93.98,74.7,,121.7775,615.14,58.13,62.595,2.85,0,502.52112506831264
02.03.2025 06:00,8.13,95.89,74.7,,117.8175,503.055,41.853,72.6475,2.85,0,503.3481822122995
02.03.2025 07:00,8.23,102.6,74.7,,104.965,782.1425,282.062,17.4625,2.85,0,491.55190384581874
02.03.2025 08:00,8.35,103.11,74.7,,79.6925,1155.8049999999998,66.855,39.5425,24.69,0,430.7464533001446
02.03.2025 09:00,8.35,89.0,74.7,,38.1175,1017.24,73.062,32.0,24.69,0,337.17681785876937
02.03.2025 10:00,8.35,68.3,74.7,,12.2225,970.7625,132.87,-7.3825,24.69,0,256.3842133199461
02.03.2025 11:00,8.35,49.0,74.7,,-8.7925,883.5600000000001,321.257,-116.57,24.69,0,218.70928664732935
02.03.2025 12:00,8.35,27.5,74.7,,-21.845,810.5675,164.42,-59.947500000000005,63.09,0,206.198681642702
02.03.2025 13:00,8.35,3.13,74.7,,-21.06,928.0275,196.537,-69.8925,63.09,0,211.1697506341948
02.03.2025 14:00,8.23,2.84,74.7,,30.9825,1039.7575000000002,35.603,1.2625000000000006,63.09,0,223.7676852933172
02.03.2025 15:00,8.13,50.73,74.7,,81.405,1102.15,31.349,47.3125,63.09,0,257.4130521210738
02.03.2025 16:00,8.04,80.43,74.7,,119.1725,1046.5375,13.484,62.415,3.23,0,381.13619000693353
02.03.2025 17:00,8.04,126.55,74.7,,147.6,791.3775,4.592,94.4,3.23,0,481.6130803645128
02.03.2025 18:00,8.04,143.09,74.7,,145.5925,625.0899999999999,74.739,72.3875,3.23,0,469.1434467299583
02.03.2025 19:00,8.04,146.1,74.7,,136.35,667.4225,4.985,78.00666666666666,3.23,0,464.4221553533125
02.03.2025 20:00,8.04,132.98,74.7,,121.0625,494.83,1.3650000000000002,86.77333333333333,1.44,0,473.9606905689452
02.03.2025 21:00,8.04,120.0,74.7,,129.4775,457.1725,0.022,118.1,1.44,0,475.1810233110541
02.03.2025 22:00,8.0,120.79,74.7,,116.4925,504.6025,5.672000000000001,89.6525,1.44,0,471.5888731646543
02.03.2025 23:00,8.0,112.78,74.7,,115.605,495.5525,14.045,86.2975,1.44,0,478.24503084692685
03.03.2025 00:00,8.31,108.01,74.7,,100.7525,356.305,0.248,92.15666666666668,2.92,0,471.97838990168793
03.03.2025 01:00,8.31,103.69,74.7,,100.6975,301.77750000000003,0.061,104.05,2.92,0,473.8468361528393
03.03.2025 02:00,8.31,102.79,74.7,,100.55,288.845,0.0,111.02,2.92,0,467.0311150853744
03.03.2025 03:00,8.31,99.7,74.7,,104.1475,358.95,0.0,,2.92,0,465.9442892307064
03.03.2025 04:00,8.31,103.37,74.7,,123.15,551.1775,0.066,97.765,2.53,0,468.3939856062679
03.03.2025 05:00,8.31,116.7,74.7,,139.3525,714.8199999999999,60.40299999999999,80.86,2.53,0,458.2793923392345
03.03.2025 06:00,8.48,137.51,74.7,,151.41500000000002,675.8475,150.002,44.035,2.53,0,434.1239549477516
03.03.2025 07:00,8.63,163.0,74.7,,121.93,1164.875,373.416,-6.724999999999999,2.53,0,406.7366932702385
03.03.2025 08:00,8.84,147.52,74.7,,84.9475,1170.48,81.966,27.8625,15.6,0,358.17585487501145
03.03.2025 09:00,8.84,106.74,74.7,,48.4025,1117.61,114.451,22.2375,15.6,0,303.07467124392986
03.03.2025 10:00,8.84,72.39,74.7,,7.6625,945.7925,418.652,-10.14,15.6,0,247.2625434086684
03.03.2025 11:00,8.84,6.4,74.7,,-2.97,724.9425,961.188,-46.005,15.6,0,210.89015952059785
03.03.2025 12:00,8.84,0.33,74.7,,-4.01,739.0550000000001,875.206,-38.5375,41.81,0,202.4885878056017
03.03.2025 13:00,8.84,0.01,74.7,,31.8025,890.9725000000001,424.256,-16.6625,41.81,0,207.5552799907165
03.03.2025 14:00,8.63,61.4,74.7,,70.0,1186.2,368.821,-18.745,41.81,0,230.24972285947703
03.03.2025 15:00,8.48,84.1,74.7,,98.6025,1150.0925,261.351,-5.786666666666666,41.81,0,300.1466892931194
03.03.2025 16:00,8.36,106.36,74.7,,132.985,985.41,4.25,72.14,1.74,0,400.6527708970148
03.03.2025 17:00,8.36,148.79,74.7,,167.1,695.6475,0.103,96.23,1.74,0,461.6773753647623
03.03.2025 18:00,8.36,183.95,74.7,,182.195,846.9375,20.547,85.50999999999999,1.74,0,468.50107131669705
03.03.2025 19:00,8.36,175.93,74.7,,152.525,684.965,5.697,86.30250000000001,1.74,0,469.9150442379976
03.03.2025 20:00,8.36,150.49,74.7,,128.1625,491.16,0.545,85.0575,1.01,0,474.5488133715176
03.03.2025 21:00,8.36,128.21,74.7,,121.0775,516.1275,0.221,106.865,1.01,0,489.1190176147525
03.03.2025 22:00,8.31,124.93,74.7,,111.1075,459.5975,0.232,96.615,1.01,0,498.2035059684069
03.03.2025 23:00,8.31,122.46,74.7,,102.4975,384.4925,1.343,106.14,1.01,0,510.5526643999482
04.03.2025 00:00,8.31,121.0,74.7,,102.7725,374.13,0.621,65.27,2.4,0,513.8846581680154
04.03.2025 01:00,8.31,109.44,74.7,,98.3725,292.3825,2.75,86.78,2.4,0,514.8338112352865
04.03.2025 02:00,8.31,103.79,74.7,,106.505,407.7,0.0,,2.4,0,523.8148650688252
04.03.2025 03:00,8.31,104.82,74.7,,104.23,383.3,0.04,104.69,2.4,0,529.3995811137869
04.03.2025 04:00,8.31,100.28,74.7,,116.575,574.415,0.129,99.195,2.35,0,531.8433674300821
04.03.2025 05:00,8.31,111.51,74.7,,139.5225,798.2049999999999,21.075,42.75,2.35,0,521.379640298306
04.03.2025 06:00,8.48,141.86,74.7,,154.54500000000002,662.9925000000001,34.875,85.355,2.35,0,484.71819433421257
04.03.2025 07:00,8.63,169.61,74.7,,124.8225,981.685,162.152,68.67500000000001,2.35,0,447.1249396399272
04.03.2025 08:00,8.84,141.95,74.7,,89.8425,1078.5925,62.397,55.61,25.5,0,400.0881412959733
04.03.2025 09:00,8.84,110.98,74.7,,60.7475,1046.025,104.36,-4.77,25.5,0,345.0067464592454
04.03.2025 10:00,8.84,80.02,74.7,,21.1725,1057.9225,148.824,-53.13,25.5,0,290.959364730308
04.03.2025 11:00,8.84,48.58,74.7,,2.5425,748.7175,428.361,-46.252500000000005,25.5,0,238.6476143051941
04.03.2025 12:00,8.84,20.53,74.7,,-0.27,774.8925,211.318,-7.8275,40.0,0,219.5400355295225
04.03.2025 13:00,8.84,14.34,74.7,,23.5575,931.2375,130.372,9.79,40.0,0,219.9480661699488
04.03.2025 14:00,8.63,52.31,74.7,,72.27,1071.9475,90.174,49.5,40.0,0,221.4777078925783
04.03.2025 15:00,8.48,81.29,74.7,,97.09,982.59,22.206000000000003,75.33,40.0,0,282.91737221015086
04.03.2025 16:00,8.36,111.15,74.7,,132.85,908.0425,38.895,40.28333333333333,1.7,0,369.66895313245664
04.03.2025 17:00,8.36,148.61,74.7,,159.3175,618.3975,14.705,74.1325,1.7,0,440.4444152722019
04.03.2025 18:00,8.36,180.92,74.7,,178.72,810.7049999999999,54.914,90.7975,1.7,0,435.3909724088497
04.03.2025 19:00,8.36,163.67,74.7,,129.88,741.285,47.417,73.09,1.7,0,421.5293612464176
04.03.2025 20:00,8.36,134.13,74.7,,114.3325,666.2775,95.312,77.4325,1.01,0,421.63402696000566
04.03.2025 21:00,8.36,114.38,74.7,,112.435,563.505,346.899,60.61,1.01,0,413.1452013936138
04.03.2025 22:00,8.31,114.41,74.7,,104.24,452.5225,97.247,66.05250000000001,1.01,0,411.2157044848818
04.03.2025 23:00,8.31,106.81,74.7,,90.265,326.2125,16.514,64.50333333333333,1.01,0,409.2728353017751
05.03.2025 00:00,8.31,90.05,74.7,,95.4475,407.84,1.876,61.99,2.35,0,392.93836918674447
05.03.2025 01:00,8.31,83.07,74.7,,99.6475,448.2875,151.189,59.765,2.35,0,388.0272401412735
05.03.2025 02:00,8.31,83.01,74.7,,98.6,459.2375,87.416,61.88666666666666,2.35,0,387.686892780633
05.03.2025 03:00,8.31,79.71,74.7,,100.155,571.8475,28.441,66.025,2.35,0,387.07174078677406
05.03.2025 04:00,8.31,81.63,74.7,,113.475,633.165,11.076,55.705,2.28,0,382.42248864463534
05.03.2025 05:00,8.31,91.94,74.7,,131.99,642.4425,17.533,70.1725,2.28,0,377.82402639203394
05.03.2025 06:00,8.48,115.57,74.7,,127.1625,666.69,34.71,52.915,2.28,0,355.333318580296
05.03.2025 07:00,8.63,140.16,74.7,,105.175,1048.9675,183.282,-114.715,2.28,0,331.59887044985527
05.03.2025 08:00,8.84,85.64,74.7,,53.395,1117.3,1.418,4.65,31.23,0,293.8558797027366
05.03.2025 09:00,8.84,41.63,74.7,,17.11,1092.2975,71.039,-81.65666666666667,31.23,0,221.4084149068615
05.03.2025 10:00,8.84,0.02,74.7,,9.1775,983.08,242.795,-134.26,31.23,0,187.63938542799397
05.03.2025 11:00,8.84,-0.07,74.7,,-5.345,608.6475,161.998,-105.6275,31.23,0,176.9578671706522
05.03.2025 12:00,8.84,-4.28,74.7,,-6.48,657.385,64.039,-52.77,60.0,0,179.2965233014675
05.03.2025 13:00,8.84,-3.7,74.7,,2.6774999999999998,833.525,64.5,-52.4125,60.0,0,184.37491590212147
05.03.2025 14:00,8.63,0.05,74.7,,49.13,1107.9875,100.219,-76.0825,60.0,0,189.53323141217697
05.03.2025 15:00,8.48,48.5,74.7,,105.8375,1112.9775,31.227,37.0325,60.0,0,232.20839139938116
05.03.2025 16:00,8.36,89.89,74.7,,122.89249999999998,993.2125,6.192,84.8325,2.35,0,318.0720771667511
05.03.2025 17:00,8.36,133.13,74.7,,146.17000000000002,556.6,17.679000000000002,82.695,2.35,0,395.7772071787263
05.03.2025 18:00,8.36,146.23,74.7,,137.185,762.21,31.2,43.95,2.35,0,392.1117593010151
05.03.2025 19:00,8.36,145.89,74.7,,115.3875,603.5174999999999,25.64,51.53,2.35,0,391.31010374143534
05.03.2025 20:00,8.36,123.0,74.7,,114.0325,618.8775,161.971,41.807500000000005,1.0,0,403.3845231373671
05.03.2025 21:00,8.36,108.12,74.7,,114.6825,544.7775,111.767,45.725,1.0,0,399.3523918324892
05.03.2025 22:00,8.31,109.12,74.7,,104.19,451.1375000000001,4.018,45.60333333333333,1.0,0,403.9021790361852
05.03.2025 23:00,8.31,96.98,74.7,,91.8425,378.72,60.358,45.685,1.0,0,402.8619129166735
06.03.2025 00:00,8.31,83.9,74.7,,92.4675,348.6175,77.966,42.775,5.69,0,399.3664855506792
06.03.2025 01:00,8.31,84.84,74.7,,97.1175,374.845,97.361,52.2725,5.69,0,405.0801838668349
06.03.2025 02:00,8.31,87.0,74.7,,90.845,321.0925,6.477,56.57333333333333,5.69,0,406.8316318906631
06.03.2025 03:00,8.31,88.12,74.7,,93.4575,354.5375,0.326,80.95,5.69,0,406.92863643085263
06.03.2025 04:00,8.31,94.56,74.7,,97.5575,515.9,12.115,69.6475,8.0,0,410.6258079686201
06.03.2025 05:00,8.31,95.91,74.7,,129.7,639.8975,15.726,74.75333333333333,8.0,0,419.7274453957026
06.03.2025 06:00,8.48,139.28,74.7,,140.23250000000002,652.4225,17.218,79.43,8.0,0,403.1717689881573
06.03.2025 07:00,8.63,151.32,74.7,,107.9725,957.855,215.681,38.76,8.0,0,386.0187022865617
06.03.2025 08:00,8.84,108.5,74.7,,71.045,1039.37,1.536,52.44,35.75,0,340.30522540345675
06.03.2025 09:00,8.84,78.7,74.7,,28.8575,1103.1125,44.554,16.94333333333333,35.75,0,271.5194518337734
06.03.2025 10:00,8.84,50.47,74.7,,7.18,958.66,307.388,-26.2925,35.75,0,223.50309530390308
06.03.2025 11:00,8.84,4.02,74.7,,4.67,659.8625,402.362,-18.8525,35.75,0,207.89997153582567
06.03.2025 12:00,8.84,0.08,74.7,,-2.8725,648.3725,297.49800000000005,-17.9025,75.0,0,193.43850954349097
06.03.2025 13:00,8.84,0.02,74.7,,11.735,825.0274999999999,277.317,-4.3050000000000015,75.0,0,192.54968025193577
06.03.2025 14:00,8.63,13.16,74.7,,62.5825,1073.975,45.139,56.2,75.0,0,203.39215434086336
06.03.2025 15:00,8.48,71.0,74.7,,111.6725,1091.2875,52.636,42.485,75.0,0,279.1859211305296
06.03.2025 16:00,8.36,116.52,74.7,,159.04250000000002,1119.92,0.131,94.36,3.0,0,404.7906370588911
06.03.2025 17:00,8.36,148.95,74.7,,422.6875,919.2225,0.0,,3.0,0,473.9384057346
06.03.2025 18:00,8.36,165.36,74.7,,256.335,1207.225,6.725,196.54,3.0,0,482.3802744378487
06.03.2025 19:00,8.36,149.1,74.7,,175.3475,1248.58,69.26299999999999,72.7825,3.0,0,472.3098701233228
06.03.2025 20:00,8.36,125.64,74.7,,138.21,935.4925,26.547,70.65333333333334,2.11,0,460.8292935832784
06.03.2025 21:00,8.36,106.63,74.7,,143.9075,869.415,53.99,77.05,2.11,0,451.7766666488687
06.03.2025 22:00,8.31,101.47,74.7,,120.005,694.8824999999999,101.076,72.7075,2.11,0,449.0363803518384
06.03.2025 23:00,8.31,91.11,74.7,,122.1675,470.705,27.014,65.5975,2.11,0,453.7272303598373
07.03.2025 00:00,8.31,90.27,74.7,,115.5125,472.0925,8.779,69.74,4.32,0,471.1216639838858
07.03.2025 01:00,8.31,90.27,74.7,,115.25,376.86,0.453,96.61666666666667,4.32,0,491.4520047277723
07.03.2025 02:00,8.31,91.38,74.7,,122.625,392.8475,0.263,105.44,4.32,0,498.5727581368062
07.03.2025 03:00,8.31,91.69,74.7,,129.0375,451.7375,6.249,85.96333333333332,4.32,0,500.13148829752544
07.03.2025 04:00,8.31,99.0,74.7,,178.4625,799.87,27.992,84.77999999999999,4.3,0,502.101586517724
07.03.2025 05:00,8.31,115.17,74.7,,308.73,1021.6675,24.631,71.295,4.3,0,482.72587147125535
07.03.2025 06:00,8.48,135.67,74.7,,239.1325,1039.125,322.053,65.775,4.3,0,462.22629443733103
07.03.2025 07:00,8.63,147.7,74.7,,160.1125,1344.815,210.332,44.5,4.3,0,437.3426936566429
07.03.2025 08:00,8.84,122.23,74.7,,98.715,1254.3175,18.996,28.885,28.54,0,390.1879890199787
07.03.2025 09:00,8.84,83.0,74.7,,58.9525,1198.4,53.07599999999999,7.539999999999999,28.54,0,323.03536849499613
07.03.2025 10:00,8.84,65.3,74.7,,37.23,1064.83,31.361,9.2475,28.54,0,244.48689897905388
07.03.2025 11:00,8.84,31.81,74.7,,9.4825,726.56,159.623,-74.0175,28.54,0,212.9749213992685
07.03.2025 12:00,8.84,12.79,74.7,,12.4075,715.8375,61.99,-27.965000000000003,62.95,0,206.7370745253754
07.03.2025 13:00,8.84,8.08,74.7,,46.555,914.1775,74.211,-8.017499999999998,62.95,0,211.4442577554763
07.03.2025 14:00,8.63,37.06,74.7,,91.675,1044.0625,20.722,20.05666666666667,62.95,0,239.2829417059513
07.03.2025 15:00,8.48,90.15,74.7,,119.5575,997.155,52.545,38.120000000000005,62.95,0,336.46523373036405
07.03.2025 16:00,8.36,126.99,74.7,,174.505,903.1775,122.969,26.996666666666663,2.18,0,469.4614481501623
07.03.2025 17:00,8.36,149.91,74.7,,267.5775,531.475,25.291,72.4675,2.18,0,550.6454596685937
07.03.2025 18:00,8.36,216.64,74.7,,216.645,568.335,190.866,67.99249999999999,2.18,0,555.4572920760937
07.03.2025 19:00,8.36,178.68,74.7,,145.69,538.355,87.471,69.355,2.18,0,557.3643506121336
07.03.2025 20:00,8.36,148.7,74.7,,135.0325,537.435,85.001,73.3625,1.5,0,562.0681547373056
07.03.2025 21:00,8.36,132.4,74.7,,138.09,583.525,4.223,89.2775,1.5,0,576.4650453783736
07.03.2025 22:00,8.31,119.11,74.7,,133.5075,532.635,20.486,82.4375,1.5,0,589.4529782769823
07.03.2025 23:00,8.31,111.83,74.7,,111.195,510.9625,91.629,74.83500000000001,1.5,0,605.8460787939457
08.03.2025 00:00,8.02,124.97,74.7,,101.2675,437.8975,11.125,80.41,3.23,0,610.2389148495388
08.03.2025 01:00,8.02,113.94,74.7,,101.8625,285.6725,15.891,84.425,3.23,0,614.6197898661285
08.03.2025 02:00,8.02,117.22,74.7,,107.2075,229.035,4.085,84.84,3.23,0,617.7795142631608
08.03.2025 03:00,8.02,116.76,74.7,,105.775,182.9525,0.001,,3.23,0,619.9241895146725
08.03.2025 04:00,8.02,118.42,74.7,,115.14,300.2375,6.306,84.4525,3.42,0,627.7165588171157
08.03.2025 05:00,8.02,121.3,74.7,,129.1475,447.635,15.578,78.53999999999999,3.42,0,616.6168917114551
08.03.2025 06:00,8.15,127.82,74.7,,114.6,537.9100000000001,102.269,61.2,3.42,0,601.437525759751
08.03.2025 07:00,8.24,120.59,74.7,,92.2075,959.5975,121.907,21.075000000000003,3.42,0,539.9926377338902
08.03.2025 08:00,8.37,98.04,74.7,,42.62,1011.7025,4.461,39.535,39.2,0,396.69793340329977
08.03.2025 09:00,8.37,72.54,74.7,,3.395,843.825,29.651,-1.3675000000000006,39.2,0,266.7200014189478
08.03.2025 10:00,8.37,18.05,74.7,,0.5499999999999998,700.2175,147.803,-69.6125,39.2,0,215.3655556802013
08.03.2025 11:00,8.37,2.07,74.7,,-7.805,600.23,173.879,-58.39,39.2,0,196.6494581991384
08.03.2025 12:00,8.37,-0.34,74.7,,-14.245,534.59,476.618,-23.185,81.52,0,193.2643757649473
08.03.2025 13:00,8.37,-0.1,74.7,,-1.08,784.7925,306.285,-18.21,81.52,0,198.05225877768623
08.03.2025 14:00,8.24,0.07,74.7,,41.2925,1079.2925,183.473,-0.8975,81.52,0,204.59411927264003
08.03.2025 15:00,8.15,56.2,74.7,,81.775,1167.775,327.134,4.4825,81.52,0,241.41810104082705
08.03.2025 16:00,8.06,100.86,74.7,,111.0975,1157.8875,34.334,59.8925,5.84,0,350.9716866871959
08.03.2025 17:00,8.06,145.58,74.7,,132.34,756.58,443.044,22.7825,5.84,0,422.5067063656198
08.03.2025 18:00,8.06,174.05,74.7,,87.9825,1024.205,619.813,5.925,5.84,0,389.4173981371188
08.03.2025 19:00,8.06,140.03,74.7,,72.785,950.955,543.962,9.8175,5.84,0,339.4140933767392
08.03.2025 20:00,8.06,111.21,74.7,,58.5875,905.73,179.527,26.5025,1.7,0,304.17122544356874
08.03.2025 21:00,8.06,100.0,74.7,,61.1125,742.8775,418.441,17.155,1.7,0,287.6760437289784
08.03.2025 22:00,8.02,99.24,74.7,,59.010000000000005,634.16,138.25,44.9825,1.7,0,292.07560320884227
08.03.2025 23:00,8.02,97.94,74.7,,64.7025,555.8275,0.653,70.08749999999999,1.7,0,302.5439228793483
09.03.2025 00:00,8.0,95.19,74.7,,71.92,537.76,24.876,58.435,3.88,0,324.9648512752796
09.03.2025 01:00,8.0,94.81,74.7,,74.4,377.31,14.185,58.19,3.88,0,360.8268300974482
09.03.2025 02:00,8.0,94.44,74.7,,78.47,328.815,0.135,90.455,3.88,0,398.7992209102092
09.03.2025 03:00,8.0,96.51,74.7,,80.37,282.105,0.0559999999999999,58.185,3.88,0,424.4061989604039
09.03.2025 04:00,8.0,98.67,74.7,,82.2325,325.8875,4.5520000000000005,73.735,3.86,0,437.4408418216067
09.03.2025 05:00,8.0,101.51,74.7,,80.2025,450.33,17.145,57.3525,3.86,0,433.4734920463742
09.03.2025 06:00,8.13,100.0,74.7,,75.5475,668.4475,4.7940000000000005,52.79,3.86,0,407.987025790422
09.03.2025 07:00,8.23,93.01,74.7,,39.6675,973.07,25.869,-27.2325,3.86,0,341.6845531132175
09.03.2025 08:00,8.35,65.4,74.7,,10.8925,913.7925,0.269,39.165,52.5,0,259.6109468004309
09.03.2025 09:00,8.35,29.27,74.7,,0.1600000000000001,960.7675,9.09,9.52,52.5,0,215.30038852177927
09.03.2025 10:00,8.35,10.1,74.7,,-11.4375,603.33,63.303,-55.962500000000006,52.5,0,196.97066698074204
09.03.2025 11:00,8.35,0.03,74.7,,-14.5775,489.76,147.531,-56.9475,52.5,0,189.0895516194526
09.03.2025 12:00,8.35,-2.26,74.7,,-21.2125,570.8675000000001,137.281,0.9999999999999996,87.0,0,190.23461706140105
09.03.2025 13:00,8.35,-2.04,74.7,,-1.9450000000000005,686.5975,80.211,2.3625000000000003,87.0,0,196.44652171125088
09.03.2025 14:00,8.23,0.09,74.7,,38.2575,959.9125,44.638000000000005,47.835,87.0,0,206.57842268655597
09.03.2025 15:00,8.13,17.39,74.7,,91.5825,1196.6775,0.191,96.8975,87.0,0,251.6344753040305
09.03.2025 16:00,8.04,90.56,74.7,,121.945,1014.8225,3.216,76.825,8.1,0,384.877705849221
09.03.2025 17:00,8.04,125.74,74.7,,142.26,730.2525,4.8950000000000005,88.32333333333334,8.1,0,500.51996260213946
09.03.2025 18:00,8.04,135.37,74.7,,135.2925,581.7225000000001,13.81,84.07249999999999,8.1,0,495.3069174437757
09.03.2025 19:00,8.04,136.7,74.7,,131.04,588.0975,26.649,48.51,8.1,0,498.7235589813542
09.03.2025 20:00,8.04,130.2,74.7,,114.1375,476.3675,7.849,65.8375,1.64,0,497.0949567992443
09.03.2025 21:00,8.04,122.7,74.7,,102.0475,343.7325,26.337,42.8875,1.64,0,535.2651118672068
09.03.2025 22:00,8.0,112.8,74.7,,101.2675,456.5925,0.7150000000000001,81.2825,1.64,0,555.0915587558786
09.03.2025 23:00,8.0,106.83,74.7,,97.7575,352.8425,1.77,82.9975,1.64,0,580.7217309690864
10.03.2025 00:00,8.31,96.83,74.7,,98.51,333.74,16.278,65.0375,3.02,0,603.0854584174936
10.03.2025 01:00,8.31,94.92,74.7,,94.8775,213.9075,0.24,87.745,3.02,0,621.6529286980958
10.03.2025 02:00,8.31,96.7,74.7,,94.96,208.1225,0.006,87.67,3.02,0,633.4641415791749
10.03.2025 03:00,8.31,96.87,74.7,,103.135,314.19,0.036,107.5,3.02,0,637.2811625513525
10.03.2025 04:00,8.31,94.65,74.7,,122.7,523.4300000000001,1.843,94.335,3.03,0,633.6830051339234
10.03.2025 05:00,8.31,106.37,74.7,,141.87,643.4725,33.146,73.3,3.03,0,623.0821864428162
10.03.2025 06:00,8.48,148.49,74.7,,149.465,654.855,5.876,89.785,3.03,0,571.1776546600818
10.03.2025 07:00,8.63,159.75,74.7,,123.11,923.2025,32.817,65.68,3.03,0,500.32066747132967
10.03.2025 08:00,8.84,133.96,74.7,,104.1425,1038.69,27.716,68.02,23.12,0,436.480059500103
10.03.2025 09:00,8.84,98.88,74.7,,84.72749999999999,923.185,199.929,46.245,23.12,0,383.771612292675
10.03.2025 10:00,8.84,84.38,74.7,,83.1625,761.785,104.531,51.05,23.12,0,341.55917045949553
10.03.2025 11:00,8.84,77.88,74.7,,68.0625,684.2675,140.755,55.765,23.12,0,317.4101486660811
10.03.2025 12:00,8.84,76.02,74.7,,69.485,712.7775,63.148,53.2575,41.15,0,294.2502772039363
10.03.2025 13:00,8.84,77.32,74.7,,85.7275,828.5475,7.832,82.85000000000001,41.15,0,296.46187468896767
10.03.2025 14:00,8.63,83.91,74.7,,104.08,884.105,11.841,88.1425,41.15,0,350.49755139194406
10.03.2025 15:00,8.48,97.47,74.7,,127.7575,972.76,88.26400000000001,63.58,41.15,0,413.1850501685325
10.03.2025 16:00,8.36,127.47,74.7,,138.26,792.7275,0.3369999999999999,95.12666666666668,3.74,0,472.8980230522865
10.03.2025 17:00,8.36,147.97,74.7,,150.6825,535.925,4.655,90.41,3.74,0,515.2285525155809
10.03.2025 18:00,8.36,174.92,74.7,,145.685,511.8675,233.288,81.98,3.74,0,503.8591184519478
10.03.2025 19:00,8.36,160.24,74.7,,128.94,693.1475,109.569,81.265,3.74,0,492.5200473265478
10.03.2025 20:00,8.36,142.14,74.7,,115.6,701.6175000000001,15.378,87.99000000000001,1.26,0,518.3780350732591
10.03.2025 21:00,8.36,126.59,74.7,,108.6825,490.71,35.39,85.19,1.26,0,544.5361190955874
10.03.2025 22:00,8.31,106.88,74.7,,102.915,461.8825,18.909,84.54666666666667,1.26,0,567.4579833707123
10.03.2025 23:00,8.31,97.97,74.7,,100.3875,311.7725,199.332,83.2025,1.26,0,577.6681296501501
11.03.2025 00:00,8.31,104.39,74.7,,96.64,356.9275,6.534999999999999,87.40333333333332,2.79,0,588.2022422299724
11.03.2025 01:00,8.31,101.8,74.7,,94.42,256.2375,62.523,83.6675,2.79,0,602.3385115265783
11.03.2025 02:00,8.31,99.73,74.7,,94.2275,267.365,59.015,85.5175,2.79,0,604.9202259197418
11.03.2025 03:00,8.31,100.5,74.7,,94.705,284.4525,74.644,84.7,2.79,0,608.9321820746118
11.03.2025 04:00,8.31,102.53,74.7,,104.605,345.015,47.288,84.28,2.8,0,607.9671323713426
11.03.2025 05:00,8.31,110.86,74.7,,125.2225,564.535,33.921,90.55666666666669,2.8,0,605.4562625072424
11.03.2025 06:00,8.48,148.04,74.7,,137.8675,539.2850000000001,17.585,86.97,2.8,0,572.6895841008466
11.03.2025 07:00,8.63,152.98,74.7,,137.37,778.91,0.188,97.18,2.8,0,519.4664424045438
11.03.2025 08:00,8.84,146.49,74.7,,122.8825,910.36,53.95199999999999,85.82666666666667,14.12,0,489.80893118467793
11.03.2025 09:00,8.84,128.53,74.7,,108.6425,1193.8,0.6739999999999999,91.16,14.12,0,458.7657792526905
11.03.2025 10:00,8.84,102.0,74.7,,99.8825,868.0675,6.627,82.34666666666668,14.12,0,431.4555397856383
11.03.2025 11:00,8.84,97.48,74.7,,100.385,723.455,16.405,88.65,14.12,0,412.0181880219602
11.03.2025 12:00,8.84,96.44,74.7,,99.6975,709.71,3.371,87.14,28.33,0,414.3982952874077
11.03.2025 13:00,8.84,98.38,74.7,,101.2725,829.2075,8.205,82.06,28.33,0,421.9514963682302
11.03.2025 14:00,8.63,102.35,74.7,,110.7075,747.6375,0.0,94.9,28.33,0,442.3936188553008
11.03.2025 15:00,8.48,112.84,74.7,,133.925,786.5975,1.673,94.295,28.33,0,475.6705700570821
11.03.2025 16:00,8.36,132.86,74.7,,154.015,779.9050000000001,21.21,94.58333333333331,2.77,0,508.86308199914487
11.03.2025 17:00,8.36,171.95,74.7,,156.2875,565.0350000000001,17.592,96.15,2.77,0,529.714376871724
11.03.2025 18:00,8.36,205.02,74.7,,155.7825,554.7475,6.699999999999999,116.0925,2.77,0,527.9792585055864
11.03.2025 19:00,8.36,180.95,74.7,,146.8225,352.2175,60.201,86.59,2.77,0,519.8234443331313
11.03.2025 20:00,8.36,149.43,74.7,,125.1575,172.885,24.445,88.55,1.14,0,523.058148904686
11.03.2025 21:00,8.36,133.0,74.7,,115.505,48.96,14.712000000000002,92.1525,1.14,0,550.8740425034147
11.03.2025 22:00,8.31,121.25,74.7,,100.585,151.27666666666667,26.181,89.13,1.14,0,569.4559398652716
11.03.2025 23:00,8.31,107.34,74.7,,110.2,302.845,40.728,85.93,1.14,0,586.0841015384235
12.03.2025 00:00,8.31,101.73,74.7,,103.745,298.8575,0.809,95.19,2.45,0,592.6545325860006
12.03.2025 01:00,8.31,100.09,74.7,,100.7025,310.99249999999995,15.713,85.85249999999999,2.45,0,598.6767209779289
12.03.2025 02:00,8.31,97.79,74.7,,101.0,241.09,1.149,94.1675,2.45,0,603.2699401840606
12.03.2025 03:00,8.31,97.38,74.7,,100.85,291.115,3.088,91.45666666666666,2.45,0,606.3029885941208
12.03.2025 04:00,8.31,101.8,74.7,,107.315,431.9525,5.048,95.0275,2.49,0,614.8093970234124
12.03.2025 05:00,8.31,110.31,74.7,,128.225,484.5475,1.74,102.23,2.49,0,622.5599680815761
12.03.2025 06:00,8.48,144.54,74.7,,147.31,506.085,0.792,121.79,2.49,0,600.0143715123775
12.03.2025 07:00,8.63,161.64,74.7,,145.425,599.0274999999999,4.227,115.3175,2.49,0,551.5566095619342
12.03.2025 08:00,8.84,148.41,74.7,,134.14,683.3725,47.870000000000005,93.95666666666666,9.2,0,524.7938637216382
12.03.2025 09:00,8.84,125.0,74.7,,116.8825,715.69,0.164,92.39,9.2,0,522.7684872418652
12.03.2025 10:00,8.84,102.62,74.7,,131.76749999999998,816.9300000000001,3.656,79.17,9.2,0,512.2685017266684
12.03.2025 11:00,8.84,99.69,74.7,,134.845,829.46,44.17,100.7375,9.2,0,497.6867820939606
12.03.2025 12:00,8.84,98.07,74.7,,120.0275,879.78,0.0,,18.45,0,488.2137575945199
12.03.2025 13:00,8.84,99.91,74.7,,122.0325,885.87,0.0,,18.45,0,491.0009159943273
12.03.2025 14:00,8.63,101.65,74.7,,142.82,1000.3775,5.172,110.53,18.45,0,514.8495363575198
12.03.2025 15:00,8.48,117.74,74.7,,153.54500000000002,950.9125,13.146999999999998,86.36333333333334,18.45,0,537.4462081588947
12.03.2025 16:00,8.36,142.1,74.7,,175.895,775.9200000000001,1.857,112.61666666666667,1.95,0,562.3632588709256
12.03.2025 17:00,8.36,157.03,74.7,,192.14,552.935,1.93,89.16,1.95,0,574.8651237176042
12.03.2025 18:00,8.36,199.75,74.7,,174.55,571.6524999999999,0.042,145.995,1.95,0,568.2484096709675
12.03.2025 19:00,8.36,179.49,74.7,,146.615,539.71,0.077,147.86,1.95,0,582.7773673406523
12.03.2025 20:00,8.36,148.05,74.7,,134.4675,547.7975,0.275,143.39666666666665,1.01,0,598.7010802128525
12.03.2025 21:00,8.36,132.2,74.7,,123.945,422.91,14.613,103.2075,1.01,0,630.0092601629913
12.03.2025 22:00,8.31,120.0,74.7,,109.6575,388.575,1.336,144.09,1.01,0,642.489000426544
12.03.2025 23:00,8.31,109.91,74.7,,107.62,306.4,0.016,104.575,1.01,0,643.0029622140787
13.03.2025 00:00,8.31,108.52,74.7,,103.94,273.065,29.096,82.95333333333333,2.3,0,645.2393949610714
13.03.2025 01:00,8.31,102.25,74.7,,102.6325,247.765,130.677,80.5475,2.3,0,648.9314566744922
13.03.2025 02:00,8.31,98.98,74.7,,97.9575,270.92,1.314,89.92,2.3,0,640.1870138455758
13.03.2025 03:00,8.31,96.71,74.7,,100.56,305.1825,0.6930000000000001,92.52,2.3,0,627.7839612544927
13.03.2025 04:00,8.31,98.35,74.7,,107.1725,442.1975,41.53,96.025,2.27,0,616.5744188600943
13.03.2025 05:00,8.31,105.88,74.7,,126.76,565.905,20.258,104.44,2.27,0,614.0733790505901
13.03.2025 06:00,8.48,132.99,74.7,,148.16750000000002,490.235,34.276,105.5175,2.27,0,601.0654891787459
13.03.2025 07:00,8.63,159.87,74.7,,149.1725,732.8100000000001,60.662000000000006,100.4,2.27,0,547.9354238734398
13.03.2025 08:00,8.84,158.03,74.7,,125.2125,899.6025,113.2,91.065,6.44,0,505.730704033661
13.03.2025 09:00,8.84,148.13,74.7,,105.3075,950.835,123.856,89.26666666666667,6.44,0,476.9362362264757
13.03.2025 10:00,8.84,123.77,74.7,,101.935,768.155,0.0659999999999999,102.86,6.44,0,451.7906319519929
13.03.2025 11:00,8.84,110.7,74.7,,114.2675,666.8425,0.107,101.03,6.44,0,451.2124891227919
13.03.2025 12:00,8.84,110.01,74.7,,119.6925,716.21,9.635,100.57,13.12,0,444.8801872595987
13.03.2025 13:00,8.84,108.22,74.7,,115.39,673.78,10.483,101.00666666666666,13.12,0,469.9955141336327
13.03.2025 14:00,8.63,107.54,74.7,,115.525,722.6975,0.002,,13.12,0,489.41956846557457
13.03.2025 15:00,8.48,109.99,74.7,,123.0025,808.3050000000001,14.12,106.07333333333332,13.12,0,511.1890078791576
13.03.2025 16:00,8.36,121.47,74.7,,145.32,862.35,50.874,92.4625,1.64,0,534.268534784349
13.03.2025 17:00,8.36,142.65,74.7,,181.6925,766.1225,0.075,103.15,1.64,0,541.8307391914511
13.03.2025 18:00,8.36,166.05,74.7,,168.3725,640.3299999999999,0.0,,1.64,0,533.5693337784228
13.03.2025 19:00,8.36,173.47,74.7,,155.4625,765.1,5.834,102.86666666666667,1.64,0,530.9207796490753
13.03.2025 20:00,8.36,149.0,74.7,,134.82,618.9675,6.182,118.675,0.94,0,544.1735820822777
13.03.2025 21:00,8.36,135.69,74.7,,130.79,496.46,128.51,90.9375,0.94,0,589.9546092363275
13.03.2025 22:00,8.31,123.48,74.7,,117.1125,424.25,49.546,92.16666666666669,0.94,0,603.4217344143553
13.03.2025 23:00,8.31,111.63,74.7,,114.84,323.05499999999995,1.899,90.3425,0.94,0,619.6808723353752
14.03.2025 00:00,8.31,109.09,74.7,,110.91,227.435,6.7490000000000006,84.56,2.09,0,627.9816941069378
14.03.2025 01:00,8.31,106.0,74.7,,107.2575,208.6175,0.907,94.9,2.09,0,633.1901536614032
14.03.2025 02:00,8.31,105.9,74.7,,105.505,233.6425,0.258,98.4975,2.09,0,631.7537393425924
14.03.2025 03:00,8.31,103.83,74.7,,108.26,339.3375,0.075,107.28,2.09,0,628.6738729928944
14.03.2025 04:00,8.31,105.3,74.7,,111.2825,540.29,0.104,98.47,1.99,0,627.8605900526674
14.03.2025 05:00,8.31,113.99,74.7,,139.58249999999998,642.9175,0.1,89.3,1.99,0,627.3934392548807
14.03.2025 06:00,8.48,143.02,74.7,,154.1125,399.055,0.0,,1.99,0,596.7040438618537
14.03.2025 07:00,8.63,155.11,74.7,,167.8825,676.1025,5.575,121.5,1.99,0,530.422755282594
14.03.2025 08:00,8.84,155.0,74.7,,140.8525,956.6775,48.969,102.8675,4.92,0,494.12447608587615
14.03.2025 09:00,8.84,132.09,74.7,,117.8175,874.735,95.352,90.8975,4.92,0,490.25318962675794
14.03.2025 10:00,8.84,112.0,74.7,,108.7725,726.6975,163.817,87.6625,4.92,0,466.5984952663712
14.03.2025 11:00,8.84,106.35,74.7,,105.9925,557.04,182.486,87.85000000000001,4.92,0,454.3857113934836
14.03.2025 12:00,8.84,104.5,74.7,,102.98,743.785,0.165,97.65,10.29,0,449.2441056237644
14.03.2025 13:00,8.84,104.59,74.7,,106.5875,635.7725,0.086,102.46,10.29,0,456.86549718298704
14.03.2025 14:00,8.63,105.38,74.7,,121.4975,856.265,0.023,133.09,10.29,0,476.67892656980536
14.03.2025 15:00,8.48,109.39,74.7,,140.87,1020.78,0.018,146.0,10.29,0,487.9584158226808
14.03.2025 16:00,8.36,124.84,74.7,,152.8575,906.05,0.104,114.255,1.33,0,504.3720989062997
14.03.2025 17:00,8.36,146.44,74.7,,153.0825,648.5025,0.0,,1.33,0,513.0059285749542
14.03.2025 18:00,8.36,155.33,74.7,,151.6875,674.405,0.047,135.17333333333332,1.33,0,506.6681955205997
14.03.2025 19:00,8.36,150.91,74.7,,136.025,659.69,63.398,92.07,1.33,0,503.23658150463945
14.03.2025 20:00,8.36,130.01,74.7,,121.75,598.3475000000001,11.95,77.8775,0.86,0,521.8570314458206
14.03.2025 21:00,8.36,111.39,74.7,,116.74,401.9225,0.608,88.61,0.86,0,529.4064529096693
14.03.2025 22:00,8.31,114.0,74.7,,108.7,402.825,35.686,68.08,0.86,0,523.50662427619
14.03.2025 23:00,8.31,105.17,74.7,,99.9675,421.445,43.074,49.5775,0.86,0,510.5192816382613
15.03.2025 00:00,8.02,112.15,74.7,,86.325,414.44,0.458,63.336666666666666,2.46,0,489.4695794752597
15.03.2025 01:00,8.02,103.14,74.7,,84.33500000000001,297.3725,1.921,73.60000000000001,2.46,0,475.9724188637418
15.03.2025 02:00,8.02,96.0,74.7,,85.125,317.97,19.027,56.9075,2.46,0,467.7883872214161
15.03.2025 03:00,8.02,89.9,74.7,,86.625,321.81,156.19,36.2525,2.46,0,463.26406728422216
15.03.2025 04:00,8.02,86.9,74.7,,90.9975,310.4475,22.023000000000003,62.255,2.55,0,459.172182805468
15.03.2025 05:00,8.02,90.55,74.7,,92.4475,468.68,68.484,48.4475,2.55,0,457.2016834503005
15.03.2025 06:00,8.15,97.01,74.7,,92.49,409.835,3.725,70.97,2.55,0,452.2552495016379
15.03.2025 07:00,8.24,99.42,74.7,,85.9,584.8725,26.888,54.5825,2.55,0,438.6942813541874
15.03.2025 08:00,8.37,98.77,74.7,,82.385,695.6275,0.523,76.505,14.35,0,411.18102405173227
15.03.2025 09:00,8.37,86.4,74.7,,66.8225,734.28,0.011,56.080000000000005,14.35,0,366.8109652195208
15.03.2025 10:00,8.37,72.39,74.7,,70.2125,783.655,33.535,7.795,14.35,0,310.05406368492186
15.03.2025 11:00,8.37,67.16,74.7,,63.3025,757.245,33.811,33.55,14.35,0,283.0831745097569
15.03.2025 12:00,8.37,57.32,74.7,,54.1675,785.4675,92.564,5.52,28.55,0,259.3580435397617
15.03.2025 13:00,8.37,48.0,74.7,,62.4125,769.5350000000001,30.273,64.2625,28.55,0,249.77346327842616
15.03.2025 14:00,8.24,54.51,74.7,,72.14750000000001,739.01,39.643,8.9425,28.55,0,260.23841483632987
15.03.2025 15:00,8.15,70.8,74.7,,81.1175,852.7674999999999,62.561,42.5275,28.55,0,302.8480612856311
15.03.2025 16:00,8.06,84.24,74.7,,105.1725,803.9925000000001,91.559,67.39750000000001,2.4,0,357.82531123315573
15.03.2025 17:00,8.06,121.91,74.7,,126.6275,545.4300000000001,0.905,82.31,2.4,0,399.4202114687791
15.03.2025 18:00,8.06,130.3,74.7,,126.245,538.7925,1.83,85.91,2.4,0,401.985291024015
15.03.2025 19:00,8.06,132.96,74.7,,106.0925,522.055,25.933,159.18,2.4,0,397.3682019855561
15.03.2025 20:00,8.06,121.46,74.7,,100.605,491.055,4.183999999999999,102.8025,1.29,0,405.1254003749129
15.03.2025 21:00,8.06,108.5,74.7,,101.1475,382.5375,0.867,87.24,1.29,0,413.1590991517565
15.03.2025 22:00,8.02,105.02,74.7,,89.7825,361.005,4.69,80.1375,1.29,0,440.1131937741315
15.03.2025 23:00,8.02,95.25,74.7,,87.245,313.65,0.0689999999999999,83.77000000000001,1.29,0,453.35946120100766
16.03.2025 00:00,8.0,90.01,74.7,,81.8875,258.2275,3.6309999999999993,66.81666666666666,2.51,0,460.47007942603466
16.03.2025 01:00,8.0,85.79,74.7,,79.36500000000001,240.2025,0.182,95.5475,2.51,0,472.022475325748
16.03.2025 02:00,8.0,79.62,74.7,,83.245,216.0825,0.0,85.0,2.51,0,484.31738302471183
16.03.2025 03:00,8.0,78.18,74.7,,87.4875,277.5975,0.646,88.31333333333333,2.51,0,497.0926422019006
16.03.2025 04:00,8.0,78.6,74.7,,99.8225,304.2625,0.063,91.015,2.59,0,500.2224531057507
16.03.2025 05:00,8.0,80.51,74.7,,97.225,358.8875,6.536,51.49,2.59,0,500.0375491959726
16.03.2025 06:00,8.13,85.14,74.7,,92.815,537.94,112.02,38.145,2.59,0,496.8400401778833
16.03.2025 07:00,8.23,82.07,74.7,,71.5725,719.0074999999999,36.303,24.05333333333333,2.59,0,438.4301292509834
16.03.2025 08:00,8.35,77.95,74.7,,35.3,905.5975,101.35,15.545,32.0,0,343.466821714218
16.03.2025 09:00,8.35,56.9,74.7,,0.7325000000000008,795.0475,98.503,-1.5574999999999992,32.0,0,257.9352740742027
16.03.2025 10:00,8.35,24.09,74.7,,-8.3875,626.0174999999999,13.971,19.185,32.0,0,225.0368568155739
16.03.2025 11:00,8.35,2.9,74.7,,-8.1375,527.4300000000001,127.553,-6.1525,32.0,0,211.08141631621865
16.03.2025 12:00,8.35,1.01,74.7,,-5.165,514.8425,176.297,-27.07,61.42,0,207.4911838975036
16.03.2025 13:00,8.35,0.19,74.7,,-6.065,548.355,175.155,-43.5825,61.42,0,210.19080913060176
16.03.2025 14:00,8.23,2.53,74.7,,4.15,780.9300000000001,24.461,8.85,61.42,0,218.54430464559664
16.03.2025 15:00,8.13,31.0,74.7,,58.33,1070.9425,39.53,34.2075,61.42,0,242.6720952690589
16.03.2025 16:00,8.04,71.11,74.7,,97.3825,1068.7325,10.601,71.2825,3.52,0,303.3374669427165
16.03.2025 17:00,8.04,116.81,74.7,,130.42000000000002,686.085,0.036,113.22,3.52,0,400.2412548258625
16.03.2025 18:00,8.04,130.84,74.7,,139.7175,687.7775,0.549,103.525,3.52,0,418.5572291093905
16.03.2025 19:00,8.04,140.0,74.7,,134.3875,624.6850000000001,0.3,102.2375,3.52,0,419.9728222710857
16.03.2025 20:00,8.04,125.28,74.7,,117.565,540.2475,35.401,36.056666666666665,1.55,0,421.41402205353614
16.03.2025 21:00,8.04,107.73,74.7,,115.1,519.0550000000001,0.738,39.76,1.55,0,431.03415948821896
16.03.2025 22:00,8.0,100.8,74.7,,99.2825,559.9350000000001,125.606,41.73,1.55,0,431.7765056080996
16.03.2025 23:00,8.0,79.71,74.7,,93.25,518.08,647.708,16.75,1.55,0,428.8796579368805
17.03.2025 00:00,8.31,78.1,74.7,,81.5325,470.0475,261.668,31.205,3.74,0,395.869546509335
17.03.2025 01:00,8.31,79.01,74.7,,75.045,387.895,106.716,47.9075,3.74,0,379.9927202166076
17.03.2025 02:00,8.31,78.79,74.7,,71.2375,378.75,195.777,41.6325,3.74,0,373.2922261282746
17.03.2025 03:00,8.31,80.91,74.7,,71.275,455.745,47.451,60.7875,3.74,0,365.7121093471821
17.03.2025 04:00,8.31,85.85,74.7,,78.1375,637.7149999999999,177.537,43.7,2.44,0,375.2004219119211
17.03.2025 05:00,8.31,103.3,74.7,,92.8775,740.585,181.47,13.852499999999996,2.44,0,394.17992253965537
17.03.2025 06:00,8.48,135.18,74.7,,126.3575,868.33,0.991,83.69666666666666,2.44,0,388.67271488458505
17.03.2025 07:00,8.63,152.87,74.7,,88.0125,1022.1975,205.931,-6.857499999999998,2.44,0,366.5684313986778
17.03.2025 08:00,8.84,135.24,74.7,,67.36749999999999,1087.6325000000002,219.471,-52.9525,20.65,0,341.3727371648122
17.03.2025 09:00,8.84,100.73,74.7,,32.055,961.66,60.564,10.1675,20.65,0,282.83446937292433
17.03.2025 10:00,8.84,68.21,74.7,,8.267499999999998,814.21,216.114,-27.6625,20.65,0,234.3156795439282
17.03.2025 11:00,8.84,50.56,74.7,,0.515,623.0074999999999,1.511,58.96,20.65,0,215.1180901523268
17.03.2025 12:00,8.84,31.17,74.7,,22.6075,678.0350000000001,232.88,-37.99,44.67,0,214.01535812590495
17.03.2025 13:00,8.84,27.95,74.7,,49.125,1149.3675,656.4159999999999,-56.7325,44.67,0,214.52865077999863
17.03.2025 14:00,8.63,50.14,74.7,,69.72749999999999,1175.5975,458.63,-10.7175,44.67,0,229.8684260960345
17.03.2025 15:00,8.48,70.01,74.7,,89.1425,1125.1325,238.33,18.0525,44.67,0,281.92540691868965
17.03.2025 16:00,8.36,98.55,74.7,,121.185,1323.46,234.025,41.6875,2.35,0,381.0112622177604
17.03.2025 17:00,8.36,143.05,74.7,,148.78,789.435,24.237,76.235,2.35,0,462.7348645454343
17.03.2025 18:00,8.36,177.33,74.7,,153.8075,715.395,0.065,145.81,2.35,0,485.0587968719283
17.03.2025 19:00,8.36,170.0,74.7,,127.0675,697.985,1.111,107.91333333333334,2.35,0,468.4133298525653
17.03.2025 20:00,8.36,141.5,74.7,,115.5425,602.8025,5.836,87.2875,1.1,0,481.3960511826245
17.03.2025 21:00,8.36,118.85,74.7,,117.175,519.465,2.166,83.31666666666666,1.1,0,497.3480901572032
17.03.2025 22:00,8.31,107.86,74.7,,106.6975,478.615,4.678,81.7075,1.1,0,504.0027722888527
17.03.2025 23:00,8.31,93.5,74.7,,94.75,431.25,0.142,79.49333333333334,1.1,0,510.02421565883606
18.03.2025 00:00,8.31,92.2,74.7,,97.83,327.67499999999995,4.072,88.59333333333332,2.42,0,516.5476538157295
18.03.2025 01:00,8.31,89.99,74.7,,97.8175,295.5,0.0,,2.42,0,527.3718036217696
18.03.2025 02:00,8.31,92.37,74.7,,100.04,302.8375,0.003,105.2,2.42,0,531.0658433277183
18.03.2025 03:00,8.31,89.2,74.7,,102.8625,412.43,0.183,110.6875,2.42,0,529.4870752454754
18.03.2025 04:00,8.31,95.25,74.7,,117.18,543.2175,1.358,97.02333333333333,2.2,0,524.4179492318771
18.03.2025 05:00,8.31,110.74,74.7,,140.98250000000002,552.2525,1.88,71.87,2.2,0,506.7821108936134
18.03.2025 06:00,8.48,138.9,74.7,,143.7325,689.8299999999999,301.926,49.03,2.2,0,460.9928093879175
18.03.2025 07:00,8.63,136.68,74.7,,105.7675,1006.38,91.124,37.29,2.2,0,407.6389160996711
18.03.2025 08:00,8.84,106.52,74.7,,63.4775,1018.0925,213.086,-43.267500000000005,47.23,0,347.53538351825614
18.03.2025 09:00,8.84,71.53,74.7,,19.55,1042.5375,77.515,-17.5775,47.23,0,276.036859945458
18.03.2025 10:00,8.84,25.27,74.7,,-11.9275,733.6525,188.793,-20.1525,47.23,0,222.61343563453943
18.03.2025 11:00,8.84,0.68,74.7,,-16.625,621.0225,458.759,-63.6675,47.23,0,203.0895070138316
18.03.2025 12:00,8.84,-1.46,74.7,,-22.0875,650.965,377.73,-12.7375,93.77,0,199.75820494660013
18.03.2025 13:00,8.84,-0.3,74.7,,-8.825,809.415,304.336,-7.405000000000001,93.77,0,217.60535883797323
18.03.2025 14:00,8.63,5.72,74.7,,29.762500000000003,856.5025,212.241,22.5675,93.77,0,227.3689290209321
18.03.2025 15:00,8.48,50.28,74.7,,87.9925,1243.5325,61.605,51.3825,93.77,0,263.1653786789994
18.03.2025 16:00,8.36,95.94,74.7,,134.5525,1211.0825,9.367,81.18,2.0,0,380.7518548262401
18.03.2025 17:00,8.36,140.9,74.7,,149.665,821.09,3.2630000000000003,96.9,2.0,0,494.8716292849713
18.03.2025 18:00,8.36,170.91,74.7,,150.055,846.4925000000001,1.301,96.71,2.0,0,517.078632741192
18.03.2025 19:00,8.36,167.46,74.7,,138.175,669.66,28.822,82.215,2.0,0,494.8043710432168
18.03.2025 20:00,8.36,142.39,74.7,,118.055,551.585,49.747,71.14333333333333,0.96,0,488.5558019796404
18.03.2025 21:00,8.36,123.04,74.7,,109.5875,543.4350000000001,11.066,96.045,0.96,0,503.8358539954714
18.03.2025 22:00,8.31,115.97,74.7,,106.1575,418.2875,2.52,88.1375,0.96,0,518.6434946235952
18.03.2025 23:00,8.31,103.29,74.7,,97.59,375.925,6.516,72.71,0.96,0,522.0552108159002
19.03.2025 00:00,8.31,107.29,74.7,,97.7825,308.8825,2.718,90.8525,2.18,0,530.9165010380204
19.03.2025 01:00,8.31,102.4,74.7,,96.7575,283.7975,0.1099999999999999,,2.18,0,540.8875604570594
19.03.2025 02:00,8.31,101.19,74.7,,103.83,309.35,7.387,83.7075,2.18,0,558.0217284208311
19.03.2025 03:00,8.31,102.0,74.7,,107.995,313.02750000000003,5.101999999999999,84.6375,2.18,0,568.4907861650759
19.03.2025 04:00,8.31,106.59,74.7,,117.7875,495.8575,2.597,67.8,1.98,0,575.3653110655407
19.03.2025 05:00,8.31,122.52,74.7,,142.93,537.115,0.8130000000000001,111.165,1.98,0,568.9155480103753
19.03.2025 06:00,8.48,158.05,74.7,,150.1775,815.135,65.288,36.75666666666667,1.98,0,525.8225496635317
19.03.2025 07:00,8.63,147.74,74.7,,103.0925,1085.8049999999998,20.933,-2.5900000000000003,1.98,0,465.1339647443423
19.03.2025 08:00,8.84,108.23,74.7,,54.6225,1056.955,86.14099999999999,-53.6225,42.0,0,386.9083188934026
19.03.2025 09:00,8.84,79.5,74.7,,22.255,1015.2425,218.744,-25.8725,42.0,0,308.484492423906
19.03.2025 10:00,8.84,26.52,74.7,,2.51,565.5525,278.054,-53.557500000000005,42.0,0,257.7744864841148
19.03.2025 11:00,8.84,-0.04,74.7,,-17.51,544.1225,362.482,-7.439999999999999,42.0,0,236.46855960091207
19.03.2025 12:00,8.84,-0.56,74.7,,-17.71,648.4725,535.568,-24.895,85.52,0,228.60322900893004
19.03.2025 13:00,8.84,-0.25,74.7,,1.2950000000000017,836.2425,239.688,36.965,85.52,0,234.4344889836537
19.03.2025 14:00,8.63,0.99,74.7,,62.775,1057.9225,13.997,79.515,85.52,0,248.33548072282824
19.03.2025 15:00,8.48,66.73,74.7,,102.105,1133.5075,8.434,79.985,85.52,0,308.20109079655714
19.03.2025 16:00,8.36,109.85,74.7,,144.04000000000002,1180.25,100.501,46.495000000000005,1.74,0,453.8525253882698
19.03.2025 17:00,8.36,147.56,74.7,,251.35,1090.0,26.885,90.585,1.74,0,553.0678765768497
19.03.2025 18:00,8.36,248.18,74.7,,279.3575,832.455,1.327,88.49,1.74,0,580.4965846528784
19.03.2025 19:00,8.36,220.3,74.7,,169.7,999.96,40.664,84.55,1.74,0,569.0674690770461
19.03.2025 20:00,8.36,176.68,74.7,,139.6475,770.06,7.479,79.28,0.85,0,559.1637750346433
19.03.2025 21:00,8.36,138.24,74.7,,127.25,585.1475,9.162,103.8375,0.85,0,563.7297397012344
19.03.2025 22:00,8.31,124.45,74.7,,111.685,475.0825,38.145,79.7825,0.85,0,584.7049210848062
19.03.2025 23:00,8.31,111.14,74.7,,114.16,429.425,47.489,73.245,0.85,0,585.413048662789
20.03.2025 00:00,8.31,117.17,74.7,,105.2075,356.8325,140.829,77.115,1.93,0,575.5219343109312
20.03.2025 01:00,8.31,102.86,74.7,,100.9025,286.175,32.515,80.45,1.93,0,567.9518291711096
20.03.2025 02:00,8.31,99.56,74.7,,100.2175,264.615,6.013,88.94666666666666,1.93,0,561.9954495611782
20.03.2025 03:00,8.31,100.08,74.7,,113.0625,314.67,16.326999999999998,86.6775,1.93,0,564.0103342199866
20.03.2025 04:00,8.31,102.83,74.7,,126.7,428.7925,29.739,84.745,1.74,0,566.9110485431772
20.03.2025 05:00,8.31,119.7,74.7,,145.555,561.4475,37.245,85.05666666666667,1.74,0,554.0564448574636
20.03.2025 06:00,8.48,144.84,74.7,,132.2975,800.3775,121.449,75.535,1.74,0,502.1290922511511
20.03.2025 07:00,8.63,141.21,74.7,,100.7,1001.3125,3.4210000000000003,66.53666666666668,1.74,0,464.7697244340426
20.03.2025 08:00,8.84,99.87,74.7,,86.8625,1071.3175,67.169,2.1725,37.54,0,390.6923185724193
20.03.2025 09:00,8.84,79.45,74.7,,67.3425,1216.22,72.845,9.775,37.54,0,320.1168780349214
20.03.2025 10:00,8.84,37.51,74.7,,56.9125,1162.4275,330.102,16.2125,37.54,0,266.59108002133024
20.03.2025 11:00,8.84,3.42,74.7,,28.5625,746.6725,338.137,17.135,37.54,0,239.7382245660209
20.03.2025 12:00,8.84,0.43,74.7,,11.435,762.435,252.015,14.545,73.15,0,218.61425288034224
20.03.2025 13:00,8.84,0.65,74.7,,26.86,952.58,11.96,40.83,73.15,0,224.02092587251704
20.03.2025 14:00,8.63,16.6,74.7,,77.8625,1033.0925,0.047,100.39666666666666,73.15,0,243.1480859005072
20.03.2025 15:00,8.48,79.42,74.7,,106.5225,1150.8200000000002,27.44,81.50333333333333,73.15,0,337.95754376796094
20.03.2025 16:00,8.36,120.76,74.7,,147.78,1136.5875,118.906,58.4675,1.54,0,467.70227730809614
20.03.2025 17:00,8.36,155.14,74.7,,289.89,773.22,20.751,77.69,1.54,0,556.510140404938
20.03.2025 18:00,8.36,280.07,74.7,,253.5725,703.8575,11.237,94.14,1.54,0,588.5731477930544
20.03.2025 19:00,8.36,253.85,74.7,,160.2275,766.3475,17.784,104.19,1.54,0,586.9299551805797
20.03.2025 20:00,8.36,164.0,74.7,,135.545,619.335,54.189,83.7675,1.0,0,581.7813117639947
20.03.2025 21:00,8.36,136.82,74.7,,124.785,424.7975,138.248,75.74,1.0,0,610.3239230197904
20.03.2025 22:00,8.31,125.03,74.7,,114.0825,328.755,0.0,,1.0,0,620.3521642655395
20.03.2025 23:00,8.31,117.91,74.7,,111.0325,404.965,7.429,74.86,1.0,0,636.1515875655102
21.03.2025 00:00,8.31,125.07,74.7,,106.8325,414.005,0.39,92.5075,1.75,0,641.8078452474896
21.03.2025 01:00,8.31,116.41,74.7,,105.5625,405.555,2.757,84.44749999999999,1.75,0,640.47784014456
21.03.2025 02:00,8.31,112.74,74.7,,106.745,299.62,0.261,90.865,1.75,0,637.8009073675335
21.03.2025 03:00,8.31,105.81,74.7,,105.2325,322.42,34.905,80.19333333333333,1.75,0,635.633555400227
21.03.2025 04:00,8.31,109.1,74.7,,120.005,390.3875,4.587,84.3025,1.6,0,628.9334273542933
21.03.2025 05:00,8.31,127.49,74.7,,136.18,604.6424999999999,80.188,71.84,1.6,0,602.0756409361206
21.03.2025 06:00,8.48,156.0,74.7,,120.975,873.9675,137.251,44.355,1.6,0,533.2659965817757
21.03.2025 07:00,8.63,148.27,74.7,,85.205,1059.3674999999998,134.19299999999998,23.4825,1.6,0,452.77400085609423
21.03.2025 08:00,8.84,110.73,74.7,,54.5825,1170.77,130.284,3.942500000000001,33.54,0,330.9340503875036
21.03.2025 09:00,8.84,73.31,74.7,,34.8825,1166.7424999999998,209.879,-15.38,33.54,0,227.2595522684408
21.03.2025 10:00,8.84,43.25,74.7,,1.6849999999999996,877.5550000000001,174.151,-19.1,33.54,0,177.7817612439398
21.03.2025 11:00,8.84,7.35,74.7,,-11.305,891.2175,289.881,-28.5225,33.54,0,163.33183376993452
21.03.2025 12:00,8.84,0.81,74.7,,-16.495,816.195,117.004,-14.65,71.2,0,153.03556980707037
21.03.2025 13:00,8.84,0.0,74.7,,-8.7975,827.3675000000001,149.118,4.842499999999999,71.2,0,151.1959602575142
21.03.2025 14:00,8.63,2.49,74.7,,13.79,867.1425,145.09699999999998,1.8900000000000008,71.2,0,151.35223619879378
21.03.2025 15:00,8.48,12.36,74.7,,45.3825,1097.7925,133.754,-20.105,71.2,0,152.3217960274515
21.03.2025 16:00,8.36,46.22,74.7,,79.13,945.2625,23.931,21.995,6.8,0,168.33669048407046
21.03.2025 17:00,8.36,100.24,74.7,,163.615,1091.2175,515.759,-32.5225,6.8,0,203.6638792462555
21.03.2025 18:00,8.36,120.65,74.7,,80.1275,1255.5175,452.814,-34.7925,6.8,0,226.00591454443048
21.03.2025 19:00,8.36,83.5,74.7,,36.685,1116.76,296.058,-38.7475,6.8,0,189.4128739759716
21.03.2025 20:00,8.36,70.0,74.7,,13.3225,754.7725,159.77700000000002,-39.8125,8.8,0,171.086707543624
21.03.2025 21:00,8.36,47.19,74.7,,4.61,553.5775,46.794,-7.7625,8.8,0,168.19515688614237
21.03.2025 22:00,8.31,27.13,74.7,,0.2349999999999998,395.96,87.689,-35.4525,8.8,0,175.66118041590897
21.03.2025 23:00,8.31,18.45,74.7,,0.0824999999999999,362.825,104.643,-63.54,8.8,0,176.0597633403568
22.03.2025 00:00,8.02,26.93,74.7,,1.15,307.9525,10.514,-2.5250000000000004,16.89,0,167.98890407292902
22.03.2025 01:00,8.02,12.57,74.7,,-0.2875,283.6775,36.372,-22.5175,16.89,0,158.6189215697965
22.03.2025 02:00,8.02,9.07,74.7,,-0.35,220.5775,20.937,-1.6224999999999996,16.89,0,157.09367192257105
22.03.2025 03:00,8.02,6.88,74.7,,-0.7075,258.025,135.151,-78.35249999999999,16.89,0,161.8645155272844
22.03.2025 04:00,8.02,10.12,74.7,,-1.925,315.0275,55.489,-31.0725,13.16,0,165.56233373333984
22.03.2025 05:00,8.02,12.95,74.7,,-2.5325,338.025,87.728,-38.505,13.16,0,168.47396923221578
22.03.2025 06:00,8.15,13.01,74.7,,-3.29,464.8625,63.532,-44.6425,13.16,0,180.02809486978862
22.03.2025 07:00,8.24,13.04,74.7,,-6.35,679.1899999999999,506.327,-141.4,13.16,0,189.83450084959165
22.03.2025 08:00,8.37,3.11,74.7,,-14.3975,995.61,751.235,-2124.3125,42.1,0,184.8043317390565
22.03.2025 09:00,8.37,0.0,74.7,,-22.255000000000003,1076.4925,734.793,-513.6475,42.1,0,173.64445881312224
22.03.2025 10:00,8.37,-1.86,74.7,,-40.15,1087.5925,505.452,-152.3175,42.1,0,165.62637159767092
22.03.2025 11:00,8.37,-6.31,74.7,,-55.535,1051.2975,381.78,-148.5775,42.1,0,159.6220891213528
22.03.2025 12:00,8.37,-15.18,74.7,,-49.835,1101.5175,237.998,-107.7825,78.73,0,153.34295970544116
22.03.2025 13:00,8.37,-15.04,74.7,,-33.575,948.23,241.44,-111.2825,78.73,0,150.38585658962907
22.03.2025 14:00,8.24,-6.79,74.7,,-12.58,901.3975,248.039,-88.2,78.73,0,149.28126141727438
22.03.2025 15:00,8.15,-1.51,74.7,,-6.91,1132.135,200.386,-1206.2399999999998,78.73,0,154.5215524678518
22.03.2025 16:00,8.06,1.01,74.7,,16.287499999999998,1101.6125,134.467,-155.455,16.55,0,178.2240597108408
22.03.2025 17:00,8.06,34.99,74.7,,40.33,825.505,272.704,-99.7525,16.55,0,200.36790265371263
22.03.2025 18:00,8.06,60.03,74.7,,38.58,893.555,189.174,-100.405,16.55,0,207.50081703289013
22.03.2025 19:00,8.06,50.95,74.7,,22.0825,780.255,57.635000000000005,-53.46,16.55,0,214.1325959043232
22.03.2025 20:00,8.06,42.15,74.7,,14.25,537.865,35.269,-28.0,7.86,0,225.4620115249577
22.03.2025 21:00,8.06,36.12,74.7,,10.7,518.0725,47.178,-29.28,7.86,0,220.45867966254525
22.03.2025 22:00,8.02,37.14,74.7,,13.572500000000002,478.3975,12.242,20.8275,7.86,0,221.00871843982893
22.03.2025 23:00,8.02,35.69,74.7,,13.3,419.365,27.409,4.432499999999999,7.86,0,236.2455190285567
23.03.2025 00:00,8.0,13.69,74.7,,15.815,414.5775,35.394,0.2324999999999999,13.25,0,217.02782941488704
23.03.2025 01:00,8.0,19.01,74.7,,8.645,360.38,13.121,28.18,13.25,0,201.37912618853545
23.03.2025 02:00,8.0,23.65,74.7,,4.22,366.385,31.723,0.8025000000000007,13.25,0,200.04690425109965
23.03.2025 03:00,8.0,23.49,74.7,,0.48,325.675,1.549,70.72,13.25,0,206.9425262739432
23.03.2025 04:00,8.0,24.82,74.7,,3.72,316.5125,28.115,4.38,9.64,0,215.1482516588135
23.03.2025 05:00,8.0,25.01,74.7,,4.88,377.6025,50.349,-7.175,9.64,0,216.33141550235968
23.03.2025 06:00,8.13,24.84,74.7,,4.5575,458.71,2.077,29.149999999999995,9.64,0,214.2718253841472
23.03.2025 07:00,8.23,24.26,74.7,,13.23,627.075,2.459,44.24666666666667,9.64,0,212.87680190035704
23.03.2025 08:00,8.35,18.99,74.7,,19.7825,932.2875,13.132,22.7175,33.89,0,195.7539059498945
23.03.2025 09:00,8.35,23.09,74.7,,17.46,920.26,36.370000000000005,36.025,33.89,0,185.8489008980192
23.03.2025 10:00,8.35,13.78,74.7,,16.685,769.69,33.364,-4.5,33.89,0,181.1071973095031
23.03.2025 11:00,8.35,9.6,74.7,,9.38,886.5550000000001,14.29,14.955,33.89,0,174.94475191394017
23.03.2025 12:00,8.35,13.49,74.7,,1.91,826.8924999999999,0.6890000000000001,59.235,64.02,0,179.2936380045816
23.03.2025 13:00,8.35,5.01,74.7,,5.029999999999999,915.08,4.393,25.55333333333333,64.02,0,186.89058355827416
23.03.2025 14:00,8.23,11.46,74.7,,55.6925,1001.12,0.7390000000000001,88.83333333333333,64.02,0,206.1153935006575
23.03.2025 15:00,8.13,42.5,74.7,,94.9475,967.075,0.306,95.4275,64.02,0,246.71469178201815
23.03.2025 16:00,8.04,84.42,74.7,,121.33,899.3050000000001,0.129,113.95,8.19,0,358.3875349663055
23.03.2025 17:00,8.04,124.23,74.7,,140.4,722.3275,0.0,,8.19,0,448.8141308423293
23.03.2025 18:00,8.04,140.0,74.7,,150.60250000000002,606.0425,0.0,,8.19,0,470.55286764249695
23.03.2025 19:00,8.04,142.51,74.7,,151.76749999999998,667.39,4.506,95.905,8.19,0,482.1166236192189
23.03.2025 20:00,8.04,140.58,74.7,,141.1575,650.385,3.051,98.4525,4.5,0,515.4637409717478
23.03.2025 21:00,8.04,130.0,74.7,,136.95,567.115,0.006,120.01,4.5,0,560.3543148366007
23.03.2025 22:00,8.0,126.47,74.7,,120.2675,385.35,0.064,104.44666666666669,4.5,0,588.0905743101123
23.03.2025 23:00,8.0,114.24,74.7,,115.1675,417.8675,4.220000000000001,89.4225,4.5,0,621.3914559571131
24.03.2025 00:00,8.31,110.45,74.7,,114.7375,379.585,1.639,88.52250000000001,6.83,0,651.2420871972279
24.03.2025 01:00,8.31,107.29,74.7,,111.72,348.805,0.452,93.02,6.83,0,670.9746905136143
24.03.2025 02:00,8.31,101.91,74.7,,109.3125,309.2075,0.305,94.7725,6.83,0,678.2693895625763
24.03.2025 03:00,8.31,98.94,74.7,,109.0825,321.7875,18.809,62.82,6.83,0,685.876517481455
24.03.2025 04:00,8.31,101.99,74.7,,113.2375,532.185,38.114,61.555,5.46,0,683.8086541013499
24.03.2025 05:00,8.31,119.82,74.7,,151.2625,560.2975,3.87,100.92666666666666,5.46,0,674.3590710735224
24.03.2025 06:00,8.48,141.5,74.7,,157.1175,529.6475,0.295,108.68,5.46,0,618.6080998000266
24.03.2025 07:00,8.63,164.28,74.7,,163.155,899.1600000000001,0.0419999999999999,98.99,5.46,0,558.1358127067995
24.03.2025 08:00,8.84,161.86,74.7,,153.5275,1089.75,1.606,95.88666666666666,19.93,0,503.7616852838772
24.03.2025 09:00,8.84,135.38,74.7,,137.6225,1311.455,13.605,71.325,19.93,0,474.7274467135711
24.03.2025 10:00,8.84,111.16,74.7,,121.35,1174.655,60.252,34.025,19.93,0,462.2343508139245
24.03.2025 11:00,8.84,107.36,74.7,,98.4,906.985,137.564,32.7325,19.93,0,444.47250879550495
24.03.2025 12:00,8.84,100.75,74.7,,90.7325,749.2049999999999,51.868,73.6425,33.71,0,419.0353427443577
24.03.2025 13:00,8.84,100.87,74.7,,88.4725,885.705,19.241,54.3,33.71,0,411.585728776638
24.03.2025 14:00,8.63,106.57,74.7,,95.8275,915.9675,37.118,86.5175,33.71,0,424.45020843391154
24.03.2025 15:00,8.48,115.85,74.7,,105.39,814.8,28.432,103.255,33.71,0,460.7764834617601
24.03.2025 16:00,8.36,130.95,74.7,,166.265,880.9350000000001,17.496,101.705,3.87,0,515.7418158230453
24.03.2025 17:00,8.36,154.15,74.7,,210.39,788.7225,1.969,99.53,3.87,0,533.2504148270386
24.03.2025 18:00,8.36,211.99,74.7,,211.1425,546.73,0.0,,3.87,0,551.6196677635098
24.03.2025 19:00,8.36,193.0,74.7,,157.3025,293.0325,42.544,85.6275,3.87,0,553.551496148983
24.03.2025 20:00,8.36,161.84,74.7,,134.08,158.4075,181.99,69.405,2.76,0,559.5728345056455
24.03.2025 21:00,8.36,138.55,74.7,,115.905,62.120000000000005,101.013,68.3175,2.76,0,587.242463536623
24.03.2025 22:00,8.31,125.58,74.7,,96.17,208.7975,12.108999999999998,66.89,2.76,0,612.5782552958257
24.03.2025 23:00,8.31,115.16,74.7,,105.45,347.54,30.262,65.74249999999999,2.76,0,633.7335968796642
25.03.2025 00:00,8.31,102.07,74.7,,99.32,363.7875,4.508,81.01,4.4,0,625.1485892301763
25.03.2025 01:00,8.31,101.76,74.7,,94.2325,394.3475,0.636,88.57000000000001,4.4,0,617.8947721136919
25.03.2025 02:00,8.31,100.2,74.7,,94.785,277.145,11.141,77.67,4.4,0,610.8277727009935
25.03.2025 03:00,8.31,102.67,74.7,,91.875,298.9575,0.753,78.01,4.4,0,597.9488944858015
25.03.2025 04:00,8.31,101.96,74.7,,99.645,436.56,5.732,82.5625,3.55,0,587.1865942083416
25.03.2025 05:00,8.31,107.39,74.7,,122.8875,497.4425,34.53,79.905,3.55,0,578.5224912191572
25.03.2025 06:00,8.48,136.05,74.7,,121.155,548.9525,0.275,96.24666666666668,3.55,0,540.563440067466
25.03.2025 07:00,8.63,142.13,74.7,,110.8725,741.1275,29.968,68.1875,3.55,0,496.1806353386464
25.03.2025 08:00,8.84,133.36,74.7,,97.2525,912.165,76.835,36.495000000000005,15.42,0,468.5794551019769
25.03.2025 09:00,8.84,106.41,74.7,,82.57,1072.28,104.463,17.525,15.42,0,416.761660696464
25.03.2025 10:00,8.84,92.03,74.7,,67.6375,1055.6675,172.607,-11.935,15.42,0,358.37220171620714
25.03.2025 11:00,8.84,78.8,74.7,,41.005,897.0275,370.501,-48.735,15.42,0,298.0446746219532
25.03.2025 12:00,8.84,68.45,74.7,,19.8425,941.365,334.347,4.2425,26.77,0,270.1105495202065
25.03.2025 13:00,8.84,69.23,74.7,,40.255,1004.885,312.296,12.94,26.77,0,267.64091390895294
25.03.2025 14:00,8.63,81.7,74.7,,74.94500000000001,1038.585,24.299,-6.287500000000001,26.77,0,281.2139193320237
25.03.2025 15:00,8.48,95.52,74.7,,94.42,984.36,35.984,-7.8225,26.77,0,338.7159127644021
25.03.2025 16:00,8.36,108.84,74.7,,124.69,977.115,3.611,83.91333333333334,2.87,0,410.7210507114784
25.03.2025 17:00,8.36,138.81,74.7,,146.335,600.3575000000001,4.882,77.78,2.87,0,472.8863524410228
25.03.2025 18:00,8.36,161.14,74.7,,148.23000000000002,605.8275,3.409,99.6,2.87,0,479.2714488818251
25.03.2025 19:00,8.36,166.36,74.7,,131.295,633.51,0.83,78.79666666666667,2.87,0,475.8118391147685
25.03.2025 20:00,8.36,148.6,74.7,,116.58,567.31,188.34,19.9375,1.93,0,491.1221904639482
25.03.2025 21:00,8.36,122.36,74.7,,106.7475,527.8399999999999,280.858,57.39,1.93,0,502.29972423393343
25.03.2025 22:00,8.31,114.83,74.7,,100.5975,480.0975,188.021,62.425,1.93,0,507.95977849496313
25.03.2025 23:00,8.31,102.05,74.7,,98.8575,402.8,8.109,70.85,1.93,0,501.1983315292758
26.03.2025 00:00,8.31,101.02,74.7,,100.25,415.3175,28.298,54.580000000000005,3.39,0,500.9509353832355
26.03.2025 01:00,8.31,97.96,74.7,,98.86,322.48749999999995,30.230000000000004,68.535,3.39,0,501.81499926725417
26.03.2025 02:00,8.31,97.36,74.7,,99.275,264.41,30.209,70.9725,3.39,0,502.92728057299854
26.03.2025 03:00,8.31,97.39,74.7,,94.685,273.985,2.604,71.225,3.39,0,500.9205074519258
26.03.2025 04:00,8.31,95.72,74.7,,102.7825,482.8875,27.863,61.69500000000001,2.69,0,496.1890554984789
26.03.2025 05:00,8.31,98.85,74.7,,117.955,624.36,62.717,62.7525,2.69,0,498.2204502107412
26.03.2025 06:00,8.48,128.76,74.7,,128.01250000000002,504.885,25.049,64.23,2.69,0,483.1542697025493
26.03.2025 07:00,8.63,141.95,74.7,,127.365,747.7775,16.121,68.03,2.69,0,456.99460880692845
26.03.2025 08:00,8.84,137.09,74.7,,114.825,792.6675,61.704,58.16666666666666,11.32,0,441.7089342867874
26.03.2025 09:00,8.84,111.86,74.7,,105.155,872.8725,0.582,57.48,11.32,0,429.1614424880035
26.03.2025 10:00,8.84,100.0,74.7,,102.99,525.73,20.538,52.06,11.32,0,423.69135665591006
26.03.2025 11:00,8.84,96.39,74.7,,115.6825,631.9275,0.008,69.74,11.32,0,403.2191528137482
26.03.2025 12:00,8.84,94.81,74.7,,129.26999999999998,708.14,0.013,165.98,23.13,0,400.0483058555649
26.03.2025 13:00,8.84,84.5,74.7,,140.11,714.8775,0.003,,23.13,0,396.9766730296506
26.03.2025 14:00,8.63,90.79,74.7,,141.6625,771.215,0.111,115.84,23.13,0,418.4678949509454
26.03.2025 15:00,8.48,94.36,74.7,,147.4025,1291.23,0.432,99.94,23.13,0,453.8885668583084
26.03.2025 16:00,8.36,101.45,74.7,,152.1525,1348.2825,0.383,109.2666666666667,2.17,0,485.2192112367303
26.03.2025 17:00,8.36,135.16,74.7,,162.76250000000002,837.615,0.049,112.14,2.17,0,527.6256056997273
26.03.2025 18:00,8.36,162.0,74.7,,163.8325,680.575,0.027,125.49,2.17,0,536.3998699278674
26.03.2025 19:00,8.36,169.54,74.7,,141.4725,635.665,0.523,96.8425,2.17,0,524.8600976830985
26.03.2025 20:00,8.36,153.27,74.7,,119.2075,571.515,0.177,106.8025,1.32,0,548.5371588444293
26.03.2025 21:00,8.36,129.4,74.7,,113.465,532.735,1.827,95.7875,1.32,0,583.1176200501596
26.03.2025 22:00,8.31,120.27,74.7,,107.555,408.7425,2.588,78.19999999999999,1.32,0,595.9146328487755
26.03.2025 23:00,8.31,108.91,74.7,,100.1325,350.125,0.443,77.62,1.32,0,599.6008226455333
27.03.2025 00:00,8.31,104.93,74.7,,94.3025,296.2025,0.0,,2.8,0,591.2899931925408
27.03.2025 01:00,8.31,98.98,74.7,,96.6125,305.57,12.094,68.35333333333334,2.8,0,583.3072375699785
27.03.2025 02:00,8.31,97.8,74.7,,95.4425,236.7775,0.663,66.53,2.8,0,575.0181984683727
27.03.2025 03:00,8.31,98.85,74.7,,93.9425,312.5525,5.162,86.595,2.8,0,566.3326273809571
27.03.2025 04:00,8.31,97.07,74.7,,100.1025,439.16,0.076,97.3675,2.23,0,557.4671955373851
27.03.2025 05:00,8.31,104.9,74.7,,120.0375,429.105,0.418,89.41333333333334,2.23,0,552.2174885166241
27.03.2025 06:00,8.48,129.83,74.7,,132.55,607.9225,49.537000000000006,90.6175,2.23,0,528.0764263771997
27.03.2025 07:00,8.63,140.0,74.7,,116.3875,867.8275,123.616,59.932500000000005,2.23,0,480.7791180493428
27.03.2025 08:00,8.84,123.5,74.7,,98.9825,999.2725,276.938,29.865,19.98,0,443.703672428416
27.03.2025 09:00,8.84,89.92,74.7,,79.9625,1057.315,35.558,37.61,19.98,0,390.5554448583973
27.03.2025 10:00,8.84,77.61,74.7,,64.1775,1229.925,100.638,30.0725,19.98,0,323.1003715468104
27.03.2025 11:00,8.84,45.48,74.7,,40.900000000000006,885.1225,96.993,40.510000000000005,19.98,0,269.4276034097023
27.03.2025 12:00,8.84,24.81,74.7,,18.5925,747.51,408.734,5.015000000000001,55.83,0,236.28211204107092
27.03.2025 13:00,8.84,6.67,74.7,,44.322500000000005,864.38,159.006,24.5225,55.83,0,237.6745652995856
27.03.2025 14:00,8.63,30.34,74.7,,70.83,856.9275,87.17,20.39,55.83,0,250.61283447702232
27.03.2025 15:00,8.48,74.93,74.7,,94.8075,847.04,206.161,21.6675,55.83,0,321.5051987189813
27.03.2025 16:00,8.36,93.74,74.7,,107.54,846.09,40.211,44.81,2.2,0,412.82610137721343
27.03.2025 17:00,8.36,127.25,74.7,,132.7625,591.7575,0.283,88.6,2.2,0,500.590836451447
27.03.2025 18:00,8.36,157.9,74.7,,149.9025,565.7225,0.0,,2.2,0,524.0139526608797
27.03.2025 19:00,8.36,170.7,74.7,,135.3425,749.235,16.888,90.36,2.2,0,510.4359058039952
27.03.2025 20:00,8.36,141.61,74.7,,116.32,747.4475,37.628,74.3425,1.17,0,507.9593667083863
27.03.2025 21:00,8.36,124.42,74.7,,98.7775,559.685,6.481,83.67,1.17,0,537.8300607736936
27.03.2025 22:00,8.31,113.1,74.7,,99.2025,501.3025,0.334,87.34666666666668,1.17,0,548.0163300075598
27.03.2025 23:00,8.31,100.91,74.7,,89.7175,374.42,0.022,84.34,1.17,0,529.0580982909355
28.03.2025 00:00,8.31,90.0,74.7,,85.1325,410.9375,0.268,73.01666666666667,2.56,0,516.2274816645074
28.03.2025 01:00,8.31,79.38,74.7,,84.4325,422.5925,0.019,62.77,2.56,0,503.5255255543302
28.03.2025 02:00,8.31,79.02,74.7,,86.8875,403.0225,0.2759999999999999,64.34,2.56,0,494.4710247669735
28.03.2025 03:00,8.31,79.38,74.7,,87.0125,361.595,0.0,,2.56,0,486.0243050299446
28.03.2025 04:00,8.31,79.84,74.7,,101.08,513.115,20.107,74.5275,2.09,0,483.3688275725667
28.03.2025 05:00,8.31,103.51,74.7,,122.96,623.4775,20.111,90.765,2.09,0,474.9337924759152
28.03.2025 06:00,8.48,128.52,74.7,,130.1775,1009.9975,0.64,83.44,2.09,0,434.33968166946624
28.03.2025 07:00,8.63,122.2,74.7,,98.4575,1269.97,7.842,49.656666666666666,2.09,0,391.4413179796326
28.03.2025 08:00,8.84,102.08,74.7,,71.7625,1196.8125,226.251,-13.4575,39.33,0,344.94519091154604
28.03.2025 09:00,8.84,75.57,74.7,,24.7175,1204.2625,486.482,-91.0175,39.33,0,276.1485164042451
28.03.2025 10:00,8.84,25.77,74.7,,3.71,900.2425,328.555,-41.25,39.33,0,218.21080352079596
28.03.2025 11:00,8.84,1.68,74.7,,-8.0075,669.8425,443.891,-41.3475,39.33,0,194.44510887424275
28.03.2025 12:00,8.84,-0.01,74.7,,-13.4025,667.365,100.352,4.179999999999999,69.81,0,194.27804558428943
28.03.2025 13:00,8.84,-0.03,74.7,,-15.2225,879.1975,83.524,-5.0275,69.81,0,205.59584084317183
28.03.2025 14:00,8.63,14.48,74.7,,37.51,1035.605,161.397,-1.2725000000000009,69.81,0,222.7110146327473
28.03.2025 15:00,8.48,70.1,74.7,,78.25999999999999,1067.9425,122.937,-0.7375000000000007,69.81,0,277.8984208691087
28.03.2025 16:00,8.36,104.19,74.7,,105.9475,1074.5575,37.109,58.04999999999999,2.31,0,404.3765931027367
28.03.2025 17:00,8.36,132.0,74.7,,144.9425,793.9475,14.744,69.0,2.31,0,493.03175529223705
28.03.2025 18:00,8.36,165.99,74.7,,141.9375,659.5925,19.222,63.97,2.31,0,512.4732915423409
28.03.2025 19:00,8.36,165.9,74.7,,117.205,660.2725,73.328,69.59,2.31,0,497.80342907342254
28.03.2025 20:00,8.36,148.03,74.7,,101.3775,500.42,135.867,62.25,1.05,0,497.15491024394913
28.03.2025 21:00,8.36,124.56,74.7,,95.6475,512.73,22.927,71.63250000000001,1.05,0,514.5226313730411
28.03.2025 22:00,8.31,117.94,74.7,,90.185,443.7175,8.297,86.76249999999999,1.05,0,522.9450869774855
28.03.2025 23:00,8.31,110.12,74.7,,89.8725,570.5074999999999,32.811,70.86500000000001,1.05,0,548.3278951392159
29.03.2025 00:00,8.02,113.62,74.7,,93.01,540.01,0.043,91.93,2.38,0,548.8494301537933
29.03.2025 01:00,8.02,103.91,74.7,,87.515,389.6,13.764,61.25,2.38,0,549.1584286738118
29.03.2025 02:00,8.02,96.54,74.7,,85.5775,363.64,20.588,60.432500000000005,2.38,0,535.112316099621
29.03.2025 03:00,8.02,96.22,74.7,,72.5725,359.7325,26.109,65.16,2.38,0,517.1858399869801
29.03.2025 04:00,8.02,96.5,74.7,,75.97,422.0175,86.617,59.43,2.15,0,479.82195964647286
29.03.2025 05:00,8.02,92.74,74.7,,71.2625,458.4925,24.043,71.69,2.15,0,458.3255988160252
29.03.2025 06:00,8.15,96.73,74.7,,70.6675,587.785,41.947,57.245,2.15,0,436.2279971470657
29.03.2025 07:00,8.24,98.44,74.7,,66.43,734.3774999999999,76.057,18.7325,2.15,0,409.4930113945424
29.03.2025 08:00,8.37,91.86,74.7,,49.98,968.1375,131.716,-13.9125,26.8,0,346.0654531204464
29.03.2025 09:00,8.37,76.14,74.7,,18.5725,1034.7225,99.07,-14.035,26.8,0,259.4415400864211
29.03.2025 10:00,8.37,65.67,74.7,,7.792499999999999,1049.185,344.26,-27.75,26.8,0,219.04784393019452
29.03.2025 11:00,8.37,65.34,74.7,,1.1399999999999988,1079.825,373.9740000000001,-32.9725,26.8,0,206.25707823469045
29.03.2025 12:00,8.37,65.33,74.7,,-15.715,877.2925,61.085,5.23,58.26,0,200.91871274270997
29.03.2025 13:00,8.37,2.06,74.7,,-19.0825,865.4475,74.03,31.1325,58.26,0,197.0059712629433
29.03.2025 14:00,8.24,3.94,74.7,,-11.835,928.6675,165.861,1.8925,58.26,0,203.1321109848207
29.03.2025 15:00,8.15,25.27,74.7,,22.2425,1135.05,185.523,0.7749999999999999,58.26,0,213.0321209783618
29.03.2025 16:00,8.06,66.26,74.7,,76.6625,1237.1,18.146,44.57666666666668,3.84,0,249.90240409604945
29.03.2025 17:00,8.06,100.1,74.7,,135.60500000000002,929.6675,0.0,,3.84,0,336.4805834707448
29.03.2025 18:00,8.06,146.91,74.7,,189.9525,887.8525,0.0,129.55,3.84,0,400.2061698088018
29.03.2025 19:00,8.06,152.22,74.7,,125.9325,1048.895,21.667,79.5625,3.84,0,416.0272138500872
29.03.2025 20:00,8.06,121.07,74.7,,95.8025,807.3975,113.137,52.755,1.42,0,410.5698263532855
29.03.2025 21:00,8.06,100.42,74.7,,82.66,661.815,84.163,46.8025,1.42,0,408.8591016592805
29.03.2025 22:00,8.02,82.75,74.7,,72.27250000000001,682.1725,65.954,41.03,1.42,0,390.42171380171646
29.03.2025 23:00,8.02,68.27,74.7,,68.66749999999999,729.915,2.355,35.822500000000005,1.42,0,350.7200339650569
30.03.2025 00:00,8.0,46.31,74.7,,41.4175,726.7049999999999,1.866,12.745,7.05,0,278.7189882630484
30.03.2025 01:00,8.0,15.89,74.7,,21.3325,621.435,17.689999999999998,8.775,7.05,0,252.4761894278797
30.03.2025 03:00,8.0,5.1,74.7,,15.0925,611.91,1.652,14.57,7.05,0,238.4370055775339
30.03.2025 04:00,8.0,1.2,74.7,,15.03,592.255,3.713,23.2825,10.24,0,219.0882977951953
30.03.2025 05:00,8.0,0.09,74.7,,18.535,665.6800000000001,12.786,12.6475,10.24,0,205.27556774217575
30.03.2025 06:00,8.0,0.03,74.7,,14.675,1143.3475,135.506,-73.485,10.24,0,186.1533619696113
30.03.2025 07:00,8.13,0.0,74.7,,2.905,1049.4125,8.032,-1.1733333333333344,10.24,0,172.3029541443653
30.03.2025 08:00,8.23,-0.01,74.7,,-0.7149999999999999,818.13,1.061,7.8525,36.08,0,163.49367206266092
30.03.2025 09:00,8.35,-0.04,74.7,,0.0125,735.0975,53.648,-26.565,36.08,0,150.95502077106516
30.03.2025 10:00,8.35,-3.47,74.7,,-0.395,779.265,60.821,-25.3675,36.08,0,146.95971795375704
30.03.2025 11:00,8.35,-11.34,74.7,,-5.6725,994.9925,86.65899999999999,-79.055,36.08,0,144.58331029752654
30.03.2025 12:00,8.35,-18.5,74.7,,-6.1775,823.6925,194.941,-40.795,73.14,0,142.67065706105416
30.03.2025 13:00,8.35,-25.76,74.7,,-3.8575,731.54,117.405,-17.1225,73.14,0,152.616603284529
30.03.2025 14:00,8.35,-26.07,74.7,,-3.205,983.155,112.668,-14.760000000000002,73.14,0,155.2411836518087
30.03.2025 15:00,8.23,-12.96,74.7,,12.11,1307.0175,41.215,6.9575000000000005,73.14,0,147.0951920652616
30.03.2025 16:00,8.13,-4.01,74.7,,58.0175,1493.7125,9.505,1.3900000000000006,20.64,0,141.00375232465697
30.03.2025 17:00,8.04,-0.01,74.7,,84.525,950.335,196.129,-27.0575,20.64,0,140.5499244589122
30.03.2025 18:00,8.04,14.41,74.7,,64.475,901.285,290.323,-46.54,20.64,0,160.81247029037067
30.03.2025 19:00,8.04,60.83,74.7,,54.2225,867.925,0.305,50.915,20.64,0,180.830263269466
30.03.2025 20:00,8.04,58.86,74.7,,68.17999999999999,780.08,7.221,31.0075,6.05,0,177.85668702202207
30.03.2025 21:00,8.04,50.01,74.7,,66.55,741.9275,88.53299999999999,3.0950000000000006,6.05,0,186.4859938145204
30.03.2025 22:00,8.04,61.71,74.7,,44.0725,672.5600000000001,45.197,-7.845000000000001,6.05,0,203.11797578803743
30.03.2025 23:00,8.0,56.44,74.7,,41.6375,634.33,26.321,28.2475,6.05,0,199.0329186924111
31.03.2025 00:00,8.0,65.57,74.7,,38.125,670.0600000000001,6.409,25.2625,25.0,0,193.5898636538301
31.03.2025 01:00,8.31,63.25,74.7,,45.675,579.505,0.213,29.01333333333333,25.0,0,202.68840790339613
31.03.2025 02:00,8.31,64.41,74.7,,53.9,621.65,12.083,14.91,25.0,0,213.4577707152258
31.03.2025 03:00,8.31,67.22,74.7,,67.83500000000001,739.3925,52.041,16.2075,25.0,0,233.2524371522848
31.03.2025 04:00,8.31,68.97,74.7,,84.885,862.155,16.316,52.98,12.77,0,273.471412978838
31.03.2025 05:00,8.31,88.0,74.7,,148.3475,797.5625,0.0,85.97,12.77,0,321.9044561970608
31.03.2025 06:00,8.31,109.27,74.7,,209.3475,1045.9924999999998,4.983,113.89,12.77,0,369.5530012917808
31.03.2025 07:00,8.48,143.54,74.7,,143.4575,1128.3125,0.102,185.25,12.77,0,372.9189969279214
31.03.2025 08:00,8.63,174.23,74.7,,115.315,1399.87,59.31,74.8675,22.7,0,381.91341450912375
31.03.2025 09:00,8.84,133.17,74.7,,106.3,1250.8625,112.795,72.1825,22.7,0,369.78297234429806
31.03.2025 10:00,8.84,110.27,74.7,,88.5475,1082.955,129.015,69.925,22.7,0,352.9455300136849
31.03.2025 11:00,8.84,99.04,74.7,,71.2775,897.3275,356.3,36.04,22.7,0,338.6092079690821
31.03.2025 12:00,8.84,83.54,74.7,,69.3275,757.26,43.28,52.4625,46.42,0,313.2747976059392
31.03.2025 13:00,8.84,74.1,74.7,,68.745,765.1225,147.29,45.015,46.42,0,282.37598172505943
31.03.2025 14:00,8.84,73.58,74.7,,77.92,920.28,130.997,41.255,46.42,0,273.16727678566593
31.03.2025 15:00,8.63,69.55,74.7,,95.4875,988.835,242.512,36.775,46.42,0,289.9765051296382
31.03.2025 16:00,8.48,76.24,74.7,,116.6275,945.5275,244.283,42.14,9.62,0,343.03607607319327
31.03.2025 17:00,8.36,100.83,74.7,,136.1875,764.2275,262.762,45.94,9.62,0,405.6680201339199
31.03.2025 18:00,8.36,131.57,74.7,,146.22,819.4475,26.373,103.71666666666664,9.62,0,457.1914425296643
31.03.2025 19:00,8.36,183.96,74.7,,126.78,827.9675,0.12,114.14,9.62,0,491.3043573706232
31.03.2025 20:00,8.36,172.73,74.7,,108.3175,583.4175,7.555,79.12666666666667,2.83,0,494.6799868670706
31.03.2025 21:00,8.36,135.03,74.7,,96.7825,488.535,27.278,79.3175,2.83,0,509.2827635474528
31.03.2025 22:00,8.36,115.25,74.7,,100.93,357.37,3.795,84.2225,2.83,0,542.2775546046419
31.03.2025 23:00,8.31,102.34,74.7,,96.7475,339.375,40.66,68.28,2.83,0,564.0160236583841
01.04.2025 00:00,8.31,101.56,74.7,,93.6475,312.755,15.362,79.44,8.9,0,579.9292917209859
01.04.2025 01:00,8.41,95.02,74.7,,93.165,201.445,0.811,86.85,8.9,0,584.4454463241699
01.04.2025 02:00,8.41,92.91,74.7,,90.745,333.6,6.073,73.40333333333332,8.9,0,588.8002786613965
01.04.2025 03:00,8.41,93.5,74.7,,96.5325,392.3875,0.8440000000000001,78.6625,8.9,0,587.2540343398558
01.04.2025 04:00,8.41,91.43,74.7,,115.6075,476.4,8.516,74.24000000000001,6.35,0,576.0525061139858
01.04.2025 05:00,8.41,100.71,74.7,,145.3,647.9575,12.952,75.69,6.35,0,564.450138630411
01.04.2025 06:00,8.41,129.46,74.7,,154.9325,794.6975,0.059,125.375,6.35,0,518.4484869360891
01.04.2025 07:00,8.64,179.96,74.7,,98.3075,1221.3375,0.81,108.435,6.35,0,478.5778181016578
01.04.2025 08:00,8.79,159.37,74.7,,81.015,1223.3575,11.193,82.595,27.55,0,447.0414752194272
01.04.2025 09:00,9.0,108.47,74.7,,33.4225,1097.4375,326.428,37.0125,27.55,0,403.8491947927598
01.04.2025 10:00,9.0,86.17,74.7,,-1.3350000000000009,886.3525,219.335,25.17,27.55,0,316.50789690915315
01.04.2025 11:00,9.0,70.26,74.7,,-6.4825,835.3725,147.488,-2.5575,27.55,0,224.2155026224427
01.04.2025 12:00,9.0,53.15,74.7,,-8.2,788.31,107.068,12.0225,80.66,0,199.62740970223672
01.04.2025 13:00,9.0,11.57,74.7,,-1.035,823.585,511.151,-31.5325,80.66,0,193.4432459117134
01.04.2025 14:00,9.0,10.89,74.7,,7.717500000000001,779.215,423.42,-30.9725,80.66,0,192.5074754264925
01.04.2025 15:00,8.79,26.7,74.7,,55.945,1181.4525,352.004,-20.5525,80.66,0,197.65911833401407
01.04.2025 16:00,8.64,65.23,74.7,,75.28,1194.035,258.664,-15.607499999999998,8.77,0,212.9151055590464
01.04.2025 17:00,8.48,82.8,74.7,,109.675,725.1575,249.776,4.0525,8.77,0,272.11740121955614
01.04.2025 18:00,8.48,122.39,74.7,,116.515,706.015,82.64,75.40666666666667,8.77,0,360.10625977610005
01.04.2025 19:00,8.48,155.72,74.7,,92.645,771.2475,34.036,65.425,8.77,0,398.56285836134936
01.04.2025 20:00,8.48,138.0,74.7,,83.89,754.69,268.387,51.365,2.2,0,388.0044444481749
01.04.2025 21:00,8.48,110.9,74.7,,67.995,741.135,111.191,51.6375,2.2,0,368.9635865587752
01.04.2025 22:00,8.48,95.64,74.7,,60.5225,555.26,315.664,38.0725,2.2,0,357.6106444570818
01.04.2025 23:00,8.41,79.45,74.7,,59.645,429.955,42.576,48.7475,2.2,0,329.103643083064
02.04.2025 00:00,8.41,68.06,74.7,,60.1975,352.28,1.39,63.8,7.1,0,308.96575049545976
02.04.2025 01:00,8.41,66.93,74.7,,62.855,331.95000000000005,78.886,49.855,7.1,0,308.37774861151934
02.04.2025 02:00,8.41,66.8,74.7,,63.745000000000005,402.8225,205.797,41.195,7.1,0,314.7965936579088
02.04.2025 03:00,8.41,67.97,74.7,,70.015,421.7525,19.639,50.9525,7.1,0,322.4951478252616
02.04.2025 04:00,8.41,68.9,74.7,,82.955,627.93,1.51,45.29,4.05,0,329.6960781178929
02.04.2025 05:00,8.41,82.18,74.7,,115.3975,624.2975,47.455,22.98,4.05,0,356.6876980700676
02.04.2025 06:00,8.41,113.84,74.7,,120.6175,889.7025,0.063,88.65,4.05,0,359.7230849992827
02.04.2025 07:00,8.64,150.31,74.7,,76.1,1086.3425,5.165,65.08500000000001,4.05,0,361.622466201307
02.04.2025 08:00,8.79,124.7,74.7,,22.9625,1124.4375,79.671,11.3975,28.82,0,336.4634150286336
02.04.2025 09:00,9.0,84.74,74.7,,-13.677500000000002,968.81,104.762,-32.765,28.82,0,278.7271712731631
02.04.2025 10:00,9.0,48.38,74.7,,-41.725,918.385,256.351,-121.14499999999998,28.82,0,188.64003237201223
02.04.2025 11:00,9.0,0.0,74.7,,-63.5025,824.1275,213.7,-149.1375,28.82,0,166.94035311752293
02.04.2025 12:00,9.0,-4.92,74.7,,-37.7225,798.21,212.961,-35.3925,77.38,0,166.57377277140904
02.04.2025 13:00,9.0,-20.06,74.7,,-24.43,757.59,170.539,-40.34,77.38,0,166.4887922907402
02.04.2025 14:00,9.0,-21.02,74.7,,-14.645,943.6975,265.182,-52.985,77.38,0,158.7266012004796
02.04.2025 15:00,8.79,-10.0,74.7,,16.572499999999998,1196.95,223.301,-17.9575,77.38,0,155.81036984316586
02.04.2025 16:00,8.64,-1.73,74.7,,71.16,1393.715,388.088,-1031.3675,17.0,0,166.6859879097554
02.04.2025 17:00,8.48,15.37,74.7,,95.535,899.3425,271.979,-1079.525,17.0,0,186.8962561696034
02.04.2025 18:00,8.48,88.84,74.7,,105.175,876.6975,83.768,19.84,17.0,0,253.7754168349311
02.04.2025 19:00,8.48,125.35,74.7,,78.3125,637.185,37.8,38.605,17.0,0,284.193228423345
02.04.2025 20:00,8.48,114.0,74.7,,75.8325,587.8175,114.459,25.075,2.03,0,289.8614551767502
02.04.2025 21:00,8.48,96.07,74.7,,67.3425,576.7475,28.717,44.285,2.03,0,288.495264647499
02.04.2025 22:00,8.48,82.63,74.7,,70.2425,499.21,139.201,24.700000000000003,2.03,0,294.2968205649254
02.04.2025 23:00,8.41,71.43,74.7,,73.5475,534.7850000000001,23.043,48.1475,2.03,0,279.7527964621459
03.04.2025 00:00,8.41,67.0,74.7,,68.79,539.575,45.355,30.5025,5.89,0,268.9519105487441
03.04.2025 01:00,8.41,67.0,74.7,,70.875,449.2225,74.145,31.3725,5.89,0,289.0128162861088
03.04.2025 02:00,8.41,67.0,74.7,,73.41,397.48,6.876,61.2875,5.89,0,299.85161732555224
03.04.2025 03:00,8.41,68.95,74.7,,92.42,512.0825,23.636000000000003,46.072500000000005,5.89,0,317.9090176114244
03.04.2025 04:00,8.41,71.0,74.7,,137.8875,689.0475,34.158,39.46,3.38,0,333.6870825652473
03.04.2025 05:00,8.41,86.22,74.7,,184.41,821.8199999999999,7.85,58.565,3.38,0,348.1614555693068
03.04.2025 06:00,8.41,129.71,74.7,,159.88,983.2975,0.6679999999999999,127.495,3.38,0,350.39616775463014
03.04.2025 07:00,8.64,162.77,74.7,,87.4475,1113.6375,36.792,68.65,3.38,0,351.9578545443453
03.04.2025 08:00,8.79,133.3,74.7,,51.85,1259.53,38.164,65.2175,26.6,0,329.6812226277131
03.04.2025 09:00,9.0,79.11,74.7,,12.8075,1006.6025,70.03999999999999,17.1575,26.6,0,284.28335546224
03.04.2025 10:00,9.0,40.47,74.7,,4.3875,859.36,133.45499999999998,-2.2750000000000004,26.6,0,214.78456568964543
03.04.2025 11:00,9.0,-0.16,74.7,,-10.075,617.665,529.8389999999999,-66.0775,26.6,0,180.02395267460014
03.04.2025 12:00,9.0,-1.19,74.7,,-12.5475,615.93,336.465,-37.4925,83.78,0,165.00018351411012
03.04.2025 13:00,9.0,-8.4,74.7,,4.34,770.2525,249.877,-17.545,83.78,0,165.0435070886836
03.04.2025 14:00,9.0,-5.85,74.7,,27.44,1136.58,309.35,-58.18,83.78,0,166.8019804315834
03.04.2025 15:00,8.79,-0.27,74.7,,87.8175,1339.5525,260.9,40.0,83.78,0,175.12004759795963
03.04.2025 16:00,8.64,16.09,74.7,,139.815,1383.2325,171.983,9.7575,17.0,0,210.9387290254386
03.04.2025 17:00,8.48,75.0,74.7,,193.21,1120.4975,81.536,18.366666666666664,17.0,0,325.5211216614177
03.04.2025 18:00,8.48,138.0,74.7,,202.8075,1065.185,0.242,81.89,17.0,0,449.7215836097366
03.04.2025 19:00,8.48,163.48,74.7,,130.8625,859.48,5.927,110.24,17.0,0,499.909650448838
03.04.2025 20:00,8.48,155.88,74.7,,110.4,626.9300000000001,197.821,45.88,1.6,0,484.4970783481703
03.04.2025 21:00,8.48,137.03,74.7,,104.185,568.4350000000001,69.651,66.3125,1.6,0,481.9773928963608
03.04.2025 22:00,8.48,113.21,74.7,,96.115,457.735,8.16,83.115,1.6,0,497.40331482151566
03.04.2025 23:00,8.41,104.63,74.7,,94.7675,386.1675,0.022,73.9525,1.6,0,517.0939334548159
04.04.2025 00:00,8.41,108.34,74.7,,99.1225,309.8375,0.008,76.44,4.47,0,543.2207140494052
04.04.2025 01:00,8.41,103.04,74.7,,113.1875,349.12,0.108,106.85666666666668,4.47,0,572.7880192760741
04.04.2025 02:00,8.41,102.89,74.7,,114.675,357.3575,0.017,112.37,4.47,0,599.2226705351861
04.04.2025 03:00,8.41,103.61,74.7,,119.3275,471.06,0.0,,4.47,0,610.7480463141502
04.04.2025 04:00,8.41,105.95,74.7,,162.56,703.4675,0.198,98.71,2.7,0,625.110009662882
04.04.2025 05:00,8.41,112.55,74.7,,190.83,670.1175000000001,16.747,52.06,2.7,0,618.1405029729107
04.04.2025 06:00,8.41,152.67,74.7,,137.47,1032.2975,1.711,77.89500000000001,2.7,0,562.5889155771757
04.04.2025 07:00,8.64,180.17,74.7,,95.6875,1064.1,4.845000000000001,92.70333333333332,2.7,0,519.9769535131666
04.04.2025 08:00,8.79,139.4,74.7,,51.6375,969.89,25.845,33.370000000000005,23.84,0,458.689103114049
04.04.2025 09:00,9.0,95.68,74.7,,28.2475,923.4425,72.056,6.7675,23.84,0,352.7882425990773
04.04.2025 10:00,9.0,65.0,74.7,,7.279999999999999,931.99,138.172,16.84,23.84,0,244.57804934422524
04.04.2025 11:00,9.0,7.82,74.7,,-9.72,692.2725,259.063,-80.35249999999999,23.84,0,195.1504415865459
04.04.2025 12:00,9.0,0.0,74.7,,-11.6875,746.41,228.773,-64.765,80.12,0,177.5062471968701
04.04.2025 13:00,9.0,-1.31,74.7,,1.3374999999999986,667.3025,163.369,-6.94,80.12,0,178.57244303801346
04.04.2025 14:00,9.0,-1.21,74.7,,23.14,1061.8125,202.449,-10.8325,80.12,0,183.71708682200384
04.04.2025 15:00,8.79,-0.13,74.7,,69.7225,1154.77,241.79,-7.662500000000003,80.12,0,190.72240948695887
04.04.2025 16:00,8.64,29.7,74.7,,100.48,1414.15,420.047,-21.635,15.71,0,217.34650972774284
04.04.2025 17:00,8.48,79.87,74.7,,129.2875,980.18,217.951,18.8975,15.71,0,314.1630406553736
04.04.2025 18:00,8.48,126.35,74.7,,133.075,872.985,59.841,70.23333333333333,15.71,0,415.4968639818708
04.04.2025 19:00,8.48,167.64,74.7,,99.77,692.2425,4.768,69.77,15.71,0,447.7631598941984
04.04.2025 20:00,8.48,155.99,74.7,,93.135,605.33,21.201,63.9275,1.47,0,446.8712711331453
04.04.2025 21:00,8.48,120.67,74.7,,94.0575,443.6625,0.877,83.40333333333334,1.47,0,439.4646423867383
04.04.2025 22:00,8.48,106.15,74.7,,94.955,492.4725,100.731,54.215,1.47,0,434.6417302734016
04.04.2025 23:00,8.41,96.97,74.7,,96.5725,491.965,0.75,71.7975,1.47,0,432.4367840716084
05.04.2025 00:00,8.41,109.23,74.7,,92.175,314.7275,23.717,55.0375,4.16,0,423.47557389419546
05.04.2025 01:00,8.11,102.76,74.7,,92.94,275.3125,0.115,77.06,4.16,0,400.8605474101179
05.04.2025 02:00,8.11,99.39,74.7,,89.6325,230.47,5.897,71.21,4.16,0,410.7392302034993
05.04.2025 03:00,8.11,99.4,74.7,,82.8175,293.1325,112.359,32.79,4.16,0,404.6219291685173
05.04.2025 04:00,8.11,98.31,74.7,,84.55,509.3725,5.548,57.03,2.93,0,390.8308250694622
05.04.2025 05:00,8.11,97.5,74.7,,82.86,598.9725,6.448,60.285,2.93,0,379.70740746641866
05.04.2025 06:00,8.11,102.98,74.7,,71.26,891.455,39.46,56.9775,2.93,0,363.1772335728266
05.04.2025 07:00,8.25,105.9,74.7,,26.1425,1110.005,63.186,17.245,2.93,0,317.9121765159865
05.04.2025 08:00,8.34,98.3,74.7,,-4.21,890.1725,190.348,-18.47,33.11,0,244.79518843886345
05.04.2025 09:00,8.49,57.16,74.7,,-6.9025,820.83,117.842,-16.31,33.11,0,166.99468639823917
05.04.2025 10:00,8.49,0.66,74.7,,-49.25,716.3299999999999,67.679,2.455,33.11,0,134.91418985193923
05.04.2025 11:00,8.49,-0.94,74.7,,-86.075,749.1225,190.173,-28.255000000000003,33.11,0,129.3409914387529
05.04.2025 12:00,8.49,-24.09,74.7,,-104.6825,726.825,244.383,-55.3275,88.14,0,130.2693688887474
05.04.2025 13:00,8.49,-47.73,74.7,,-78.2,834.7225,168.537,-18.83,88.14,0,132.03215096970484
05.04.2025 14:00,8.49,-49.1,74.7,,-22.4525,990.2475,248.303,-33.735,88.14,0,137.39701336741186
05.04.2025 15:00,8.34,-29.91,74.7,,-6.805,1106.1125000000002,210.69,-42.065,88.14,0,140.72247532336905
05.04.2025 16:00,8.25,-4.3,74.7,,40.95,1195.73,377.257,-774.7724999999999,34.49,0,141.29655195373726
05.04.2025 17:00,8.15,0.0,74.7,,76.2825,848.015,240.44,-47.695,34.49,0,141.67092918421184
05.04.2025 18:00,8.15,70.0,74.7,,81.6725,645.53,65.202,-12.0675,34.49,0,155.33875882575532
05.04.2025 19:00,8.15,99.4,74.7,,71.91,616.1800000000001,18.477,35.39333333333334,34.49,0,171.55000638529177
05.04.2025 20:00,8.15,98.9,74.7,,64.66,586.415,370.861,11.11,3.23,0,177.01713326067932
05.04.2025 21:00,8.15,84.25,74.7,,55.5875,611.505,24.694,53.2275,3.23,0,177.4792994933711
05.04.2025 22:00,8.15,78.99,74.7,,50.3325,556.94,254.358,10.115,3.23,0,177.66851723523556
05.04.2025 23:00,8.11,68.75,74.7,,25.3875,565.1475,503.683,-2.48,3.23,0,176.39409509251297
06.04.2025 00:00,8.11,70.45,74.7,,25.71,539.3775,23.746,36.63,5.61,0,180.02580813573772
06.04.2025 01:00,8.09,61.0,74.7,,38.6825,490.8525,5.833,42.2125,5.61,0,195.30450541367705
06.04.2025 02:00,8.09,62.72,74.7,,42.53,369.19,15.745,44.6475,5.61,0,208.80328018166932
06.04.2025 03:00,8.09,68.28,74.7,,47.06,347.61,14.028,44.4025,5.61,0,221.89105879793135
06.04.2025 04:00,8.09,69.95,74.7,,43.7225,360.295,117.742,33.5025,3.5,0,231.6313964885733
06.04.2025 05:00,8.09,77.43,74.7,,30.935,596.84,102.35,38.475,3.5,0,230.3647410704073
06.04.2025 06:00,8.09,76.54,74.7,,19.13,885.5475,5.842,25.77,3.5,0,222.8039207043402
06.04.2025 07:00,8.23,78.11,74.7,,-8.225,811.605,38.385,-14.935,3.5,0,215.9710465703681
06.04.2025 08:00,8.32,41.79,74.7,,-10.015,916.3925,69.85300000000001,-31.9875,34.94,0,184.7933648445465
06.04.2025 09:00,8.46,0.1,74.7,,-25.8275,776.0875,23.021,-5.5375,34.94,0,151.47753084945575
06.04.2025 10:00,8.46,-2.0,74.7,,-63.1125,776.5425,71.67099999999999,7.057499999999999,34.94,0,135.17292749719968
06.04.2025 11:00,8.46,-27.56,74.7,,-186.1475,712.015,209.402,-60.2125,34.94,0,129.59333732903923
06.04.2025 12:00,8.46,-60.01,74.7,,-287.43,754.9925,736.774,-315.2775,85.53,0,133.83015367169244
06.04.2025 13:00,8.46,-106.31,74.7,,-241.09,841.0475,876.269,-366.635,85.53,0,138.33761369671794
06.04.2025 14:00,8.46,-114.57,74.7,,-45.3475,1117.9925,309.198,-163.66,85.53,0,143.1844894238
06.04.2025 15:00,8.32,-70.0,74.7,,20.715000000000003,1102.3675,97.198,-43.41,85.53,0,148.88690498693256
06.04.2025 16:00,8.23,-18.95,74.7,,81.28999999999999,1165.1425,223.877,-108.715,26.75,0,156.37153176877888
06.04.2025 17:00,8.14,1.76,74.7,,110.0075,694.2975,76.753,-8.603333333333333,26.75,0,193.818592211809
06.04.2025 18:00,8.14,112.41,74.7,,115.625,612.265,4.066,51.255,26.75,0,318.6271041978072
06.04.2025 19:00,8.14,131.56,74.7,,103.6325,630.3475,6.109,64.005,26.75,0,410.0717498618263
06.04.2025 20:00,8.14,132.9,74.7,,92.1175,479.46,150.958,46.42,2.2,0,426.9797292770263
06.04.2025 21:00,8.14,121.38,74.7,,81.69749999999999,439.68,57.222,43.175,2.2,0,436.9969112795134
06.04.2025 22:00,8.14,111.84,74.7,,79.14,434.3725,8.669,49.9,2.2,0,456.1887964679826
06.04.2025 23:00,8.09,100.03,74.7,,79.725,349.3925,18.592,59.712500000000006,2.2,0,464.4549706547741
07.04.2025 00:00,8.09,86.71,74.7,,78.77,292.7025,2.25,72.0075,4.0,0,484.829304360818
07.04.2025 01:00,8.41,85.0,74.7,,80.8075,342.98,2.504,61.79,4.0,0,500.3549458893933
07.04.2025 02:00,8.41,81.73,74.7,,83.78,302.8725,4.722,78.1325,4.0,0,512.6378149033621
07.04.2025 03:00,8.41,83.53,74.7,,90.3825,423.505,10.173,70.8275,4.0,0,524.5858533515648
07.04.2025 04:00,8.41,85.45,74.7,,111.845,512.04,24.521,63.82333333333333,2.56,0,531.0887957792165
07.04.2025 05:00,8.41,98.74,74.7,,127.5025,557.255,37.267,62.045,2.56,0,526.4225812233592
07.04.2025 06:00,8.41,131.1,74.7,,137.0975,961.23,1.883,89.2125,2.56,0,485.316605121334
07.04.2025 07:00,8.64,175.97,74.7,,92.0975,1015.9875,7.335,67.83666666666666,2.56,0,449.667072519782
07.04.2025 08:00,8.79,144.61,74.7,,74.225,1233.725,118.566,16.0225,31.82,0,400.2847349656765
07.04.2025 09:00,9.0,107.1,74.7,,47.885000000000005,1044.23,103.359,10.6675,31.82,0,329.634074005991
07.04.2025 10:00,9.0,83.37,74.7,,10.11,677.74,101.356,20.3625,31.82,0,261.28398321838694
07.04.2025 11:00,9.0,65.0,74.7,,-13.545,693.33,422.011,-39.5975,31.82,0,198.26470820152684
07.04.2025 12:00,9.0,11.8,74.7,,-16.5075,696.04,252.705,-48.3525,94.0,0,169.45851045045546
07.04.2025 13:00,9.0,2.19,74.7,,-1.7524999999999995,899.6475,73.519,10.58,94.0,0,169.0878649164107
07.04.2025 14:00,9.0,3.94,74.7,,28.1275,1127.235,152.072,-19.43,94.0,0,173.64352104279268
07.04.2025 15:00,8.79,60.98,74.7,,66.3975,1307.2275,207.704,4.055000000000001,94.0,0,183.24093787508932
07.04.2025 16:00,8.64,72.0,74.7,,92.7175,1342.8525,50.179,34.8975,17.34,0,219.8693553445565
07.04.2025 17:00,8.48,102.43,74.7,,130.9925,925.0225,16.467000000000002,59.370000000000005,17.34,0,337.57038331038825
07.04.2025 18:00,8.48,127.6,74.7,,147.1275,779.4675,26.843,65.94,17.34,0,455.8434761201757
07.04.2025 19:00,8.48,168.45,74.7,,118.17,669.3375,2.1180000000000003,88.975,17.34,0,513.4555479540991
07.04.2025 20:00,8.48,165.05,74.7,,102.2225,547.18,93.555,60.86000000000001,1.69,0,515.2832121716923
07.04.2025 21:00,8.48,138.2,74.7,,87.9325,529.5175,130.733,61.3925,1.69,0,529.1880563241341
07.04.2025 22:00,8.48,121.02,74.7,,88.265,377.03,11.475,71.2775,1.69,0,563.6209732792848
07.04.2025 23:00,8.41,105.21,74.7,,86.595,299.7325,3.35,97.08,1.69,0,581.0118948033328
08.04.2025 00:00,8.41,94.93,74.7,,91.6825,316.7975,0.0,100.4775,3.21,0,601.7483020119731
08.04.2025 01:00,8.41,87.83,74.7,,94.3125,293.5525,0.012,,3.21,0,614.381521945031
08.04.2025 02:00,8.41,89.06,74.7,,94.0025,288.22,7.312,85.30250000000001,3.21,0,629.2802116377296
08.04.2025 03:00,8.41,89.9,74.7,,106.7375,452.53,10.0,80.18666666666667,3.21,0,630.9698271689057
08.04.2025 04:00,8.41,91.62,74.7,,169.63,806.16,0.712,85.71,2.23,0,641.4198634717791
08.04.2025 05:00,8.41,105.73,74.7,,211.3225,755.3425,0.008,,2.23,0,638.2628711116225
08.04.2025 06:00,8.41,142.97,74.7,,145.5575,1047.78,19.115,97.32,2.23,0,567.6674112121996
08.04.2025 07:00,8.64,180.55,74.7,,106.84,1223.8925,26.85,73.35,2.23,0,528.573530215181
08.04.2025 08:00,8.79,136.77,74.7,,82.02250000000001,1211.595,133.503,44.9925,24.7,0,474.7657621825273
08.04.2025 09:00,9.0,91.3,74.7,,25.4575,1044.905,187.676,21.82,24.7,0,400.54074188113685
08.04.2025 10:00,9.0,76.47,74.7,,-9.7925,798.0425,262.407,-6.262499999999998,24.7,0,304.8576348918437
08.04.2025 11:00,9.0,61.09,74.7,,-14.06,733.535,256.259,-10.7625,24.7,0,214.8965563450841
08.04.2025 12:00,9.0,19.57,74.7,,1.5300000000000002,811.005,287.468,-17.395,77.06,0,195.8621418257972
08.04.2025 13:00,9.0,16.83,74.7,,25.875,830.89,61.908,-4.4125000000000005,77.06,0,195.3868741314944
08.04.2025 14:00,9.0,28.59,74.7,,62.080000000000005,1193.4475,377.315,-22.425,77.06,0,203.2289379151069
08.04.2025 15:00,8.79,57.47,74.7,,87.6725,1204.2675,17.486,42.3525,77.06,0,226.76711238412216
08.04.2025 16:00,8.64,73.33,74.7,,109.3475,903.65,55.413,48.870000000000005,15.15,0,298.43959430758986
08.04.2025 17:00,8.48,90.34,74.7,,171.2025,623.855,99.844,36.575,15.15,0,407.3620861930317
08.04.2025 18:00,8.48,118.26,74.7,,194.1575,325.605,160.285,70.945,15.15,0,506.99576607111896
08.04.2025 19:00,8.48,180.4,74.7,,145.7975,155.9075,50.053,74.35,15.15,0,548.8609504788245
08.04.2025 20:00,8.48,171.31,74.7,,113.495,212.11,263.837,62.2275,1.48,0,547.5061829982283
08.04.2025 21:00,8.48,140.0,74.7,,99.385,351.91,25.442,79.82,1.48,0,554.4409098862586
08.04.2025 22:00,8.48,120.47,74.7,,97.725,327.065,1.629,86.3775,1.48,0,566.9879971063515
08.04.2025 23:00,8.41,105.12,74.7,,94.73,320.275,0.488,98.0,1.48,0,584.4916551278772
09.04.2025 00:00,8.41,104.99,74.7,,94.8825,186.1525,1.126,86.33999999999999,2.4,0,597.6968487355905
09.04.2025 01:00,8.41,95.99,74.7,,96.6125,230.7775,0.013,,2.4,0,604.944225472847
09.04.2025 02:00,8.41,94.67,74.7,,98.3975,244.975,0.052,86.41,2.4,0,613.116360230514
09.04.2025 03:00,8.41,94.45,74.7,,109.3875,372.845,59.882,72.2075,2.4,0,612.709077515024
09.04.2025 04:00,8.41,95.79,74.7,,138.46249999999998,507.665,14.777,71.45333333333333,1.84,0,604.122891060623
09.04.2025 05:00,8.41,109.45,74.7,,178.9075,651.0925,44.007,79.61333333333334,1.84,0,588.0315785914772
09.04.2025 06:00,8.41,152.68,74.7,,137.31,962.3125,5.315,84.42333333333333,1.84,0,536.6096274050528
09.04.2025 07:00,8.64,175.56,74.7,,99.0,1102.5075,10.791,77.9675,1.84,0,495.3021393997703
09.04.2025 08:00,8.79,131.56,74.7,,89.465,1204.7175,25.821,58.195,19.3,0,453.2364973115884
09.04.2025 09:00,9.0,99.51,74.7,,75.9275,1057.2625,106.897,48.5225,19.3,0,399.79926141171416
09.04.2025 10:00,9.0,82.71,74.7,,48.8175,1050.13,473.047,27.105,19.3,0,312.8605376849817
09.04.2025 11:00,9.0,59.69,74.7,,42.6075,1003.5025,65.513,43.3025,19.3,0,249.66733377236065
09.04.2025 12:00,9.0,13.61,74.7,,26.19,824.735,606.9580000000001,-9.3725,63.47,0,199.40632142091465
09.04.2025 13:00,9.0,6.72,74.7,,28.14,763.98,637.6189999999999,4.095000000000001,63.47,0,190.2301554816817
09.04.2025 14:00,9.0,13.27,74.7,,43.93,1023.1775,385.133,-1.825,63.47,0,182.99018818295963
09.04.2025 15:00,8.79,34.87,74.7,,67.77250000000001,1074.0925,44.881,42.56333333333333,63.47,0,186.863842856326
09.04.2025 16:00,8.64,62.98,74.7,,96.52,1168.72,70.566,33.215,11.6,0,218.08374297548136
09.04.2025 17:00,8.48,83.5,74.7,,114.5025,825.2425000000001,109.972,47.5325,11.6,0,284.2169171397276
09.04.2025 18:00,8.48,103.48,74.7,,132.1275,624.78,9.203,62.22666666666667,11.6,0,352.4841246105939
09.04.2025 19:00,8.48,131.57,74.7,,105.6825,651.63,104.391,62.385000000000005,11.6,0,386.0618757131155
09.04.2025 20:00,8.48,138.73,74.7,,89.63,537.005,1.441,83.1525,1.33,0,383.8235904657416
09.04.2025 21:00,8.48,111.23,74.7,,80.06,498.4975,3.707,73.085,1.33,0,393.0778124905146
09.04.2025 22:00,8.48,101.94,74.7,,82.47749999999999,433.135,249.13,43.572500000000005,1.33,0,410.9861048331216
09.04.2025 23:00,8.41,98.51,74.7,,78.83,437.5425,288.78700000000003,36.1175,1.33,0,425.4346816843295
10.04.2025 00:00,8.41,92.9,74.7,,83.64,390.3325,3.054,62.690000000000005,2.0,0,440.2656731290115
10.04.2025 01:00,8.41,89.55,74.7,,83.47749999999999,340.9875,6.134,74.62,2.0,0,459.8017863560714
10.04.2025 02:00,8.41,88.9,74.7,,90.965,404.68000000000006,0.6759999999999999,87.375,2.0,0,479.2148085389644
10.04.2025 03:00,8.41,87.92,74.7,,108.5525,562.6675,0.101,64.89,2.0,0,503.1000012231686
10.04.2025 04:00,8.41,90.0,74.7,,164.39249999999998,840.8100000000001,15.629,76.4275,1.62,0,524.1927304932674
10.04.2025 05:00,8.41,97.54,74.7,,206.16,827.2975,26.337,39.33,1.62,0,532.3066466012849
10.04.2025 06:00,8.41,132.44,74.7,,162.7975,1007.925,0.0,,1.62,0,504.2485069937369
10.04.2025 07:00,8.64,170.59,74.7,,135.22,1226.3075,0.0,,1.62,0,485.4009845443245
10.04.2025 08:00,8.79,135.44,74.7,,121.4625,1393.0075000000002,0.095,145.10500000000002,16.97,0,459.6389231553203
10.04.2025 09:00,9.0,102.4,74.7,,90.97,1313.5075,2.233,85.71999999999998,16.97,0,414.0124445989329
10.04.2025 10:00,9.0,85.71,74.7,,75.44,1232.73,7.217,99.8125,16.97,0,351.15670580695325
10.04.2025 11:00,9.0,66.34,74.7,,38.7725,1105.0125,73.58500000000001,46.0175,16.97,0,299.2698754466775
10.04.2025 12:00,9.0,34.95,74.7,,26.402500000000003,811.0225,150.59699999999998,14.893333333333333,59.83,0,244.9351766153545
10.04.2025 13:00,9.0,2.18,74.7,,9.6475,929.5825,505.008,1.88,59.83,0,204.0222012726179
10.04.2025 14:00,9.0,0.08,74.7,,7.69,1147.05,471.113,-0.51,59.83,0,187.9336593023472
10.04.2025 15:00,8.79,1.18,74.7,,60.0375,1127.755,411.268,-56.215,59.83,0,188.0163960295689
10.04.2025 16:00,8.64,54.44,74.7,,90.75,1316.19,355.368,-45.35,13.36,0,204.54437940971755
10.04.2025 17:00,8.48,70.0,74.7,,100.8,817.1275,164.06,42.0025,13.36,0,270.3573747748882
10.04.2025 18:00,8.48,101.68,74.7,,108.3025,835.665,25.276,49.49666666666667,13.36,0,341.05051716871395
10.04.2025 19:00,8.48,140.42,74.7,,85.0025,786.58,259.53,30.4325,13.36,0,373.0110547632901
10.04.2025 20:00,8.48,137.17,74.7,,77.355,704.8775,389.868,8.247499999999999,1.15,0,366.5361587784644
10.04.2025 21:00,8.48,97.56,74.7,,70.75999999999999,639.3525,52.286,35.945,1.15,0,348.75342980070684
10.04.2025 22:00,8.48,92.05,74.7,,64.3325,470.01,48.071,32.722500000000004,1.15,0,337.3802712658836
10.04.2025 23:00,8.41,81.11,74.7,,63.075,457.6125,66.873,26.635,1.15,0,324.5990211615996
11.04.2025 00:00,8.41,65.32,74.7,,69.4225,418.1275,6.828,33.9525,4.5,0,290.0250485262352
11.04.2025 01:00,8.41,60.75,74.7,,76.1925,346.135,0.105,44.53,4.5,0,282.89882077651527
11.04.2025 02:00,8.41,58.44,74.7,,86.3025,483.955,1.556,46.5475,4.5,0,292.3590038814178
11.04.2025 03:00,8.41,58.43,74.7,,115.055,707.0899999999999,69.749,32.443333333333335,4.5,0,308.5365822589676
11.04.2025 04:00,8.41,61.93,74.7,,156.6325,836.0899999999999,43.182,42.71,3.6,0,319.0584336715016
11.04.2025 05:00,8.41,71.99,74.7,,158.63,1083.755,28.313,39.75333333333333,3.6,0,317.75151545483027
11.04.2025 06:00,8.41,94.2,74.7,,156.7425,1372.89,16.228,45.22,3.6,0,305.4243630439594
11.04.2025 07:00,8.64,111.4,74.7,,102.265,1916.9325,87.009,49.2125,3.6,0,295.9224726861869
11.04.2025 08:00,8.79,85.9,74.7,,71.635,1934.215,121.621,10.759999999999998,30.58,0,280.70531676649296
11.04.2025 09:00,9.0,58.89,74.7,,33.6225,1571.1475,142.387,-17.930000000000003,30.58,0,240.6872517448793
11.04.2025 10:00,9.0,11.31,74.7,,0.3224999999999998,976.2475,93.099,-1.995,30.58,0,193.13212533031088
11.04.2025 11:00,9.0,0.0,74.7,,-0.8825000000000001,876.615,141.974,-8.3725,30.58,0,156.8393000417243
11.04.2025 12:00,9.0,-3.0,74.7,,-0.1975,772.4775,192.956,-19.36,87.52,0,146.71209540256638
11.04.2025 13:00,9.0,-4.99,74.7,,11.21,1060.78,5.833,35.3675,87.52,0,140.61431833748435
11.04.2025 14:00,9.0,-3.61,74.7,,52.135,1383.125,0.075,77.22,87.52,0,140.67808281557495
11.04.2025 15:00,8.79,-0.1,74.7,,102.6075,1753.9,0.005,51.035,87.52,0,151.68229805648178
11.04.2025 16:00,8.64,0.0,74.7,,128.3275,1561.54,60.348,-8.6325,30.68,0,187.2810517059361
11.04.2025 17:00,8.48,70.15,74.7,,191.0225,1016.505,32.422,14.895,30.68,0,270.92588467444494
11.04.2025 18:00,8.48,110.69,74.7,,192.2525,749.7225,0.298,111.57,30.68,0,350.7126217941665
11.04.2025 19:00,8.48,133.4,74.7,,135.635,711.5375,0.255,98.35,30.68,0,391.00606443547167
11.04.2025 20:00,8.48,155.0,74.7,,106.8925,604.3725,19.831,50.32666666666668,1.5,0,409.9131277066477
11.04.2025 21:00,8.48,130.46,74.7,,103.6225,443.355,3.278,76.02250000000001,1.5,0,427.0185130981337
11.04.2025 22:00,8.48,119.1,74.7,,101.095,454.9275,0.171,76.58500000000001,1.5,0,452.30797851777953
11.04.2025 23:00,8.41,105.49,74.7,,100.0575,462.1925,0.206,79.92999999999999,1.5,0,468.1652584847004
12.04.2025 00:00,8.41,107.84,74.7,,102.26,356.52750000000003,0.0419999999999999,105.68,3.35,0,476.6143743181959
12.04.2025 01:00,8.11,104.41,74.7,,106.09,341.1425,0.124,94.43,3.35,0,511.9008401919432
12.04.2025 02:00,8.11,100.93,74.7,,108.14,373.1,0.15,92.83666666666666,3.35,0,528.3687824103665
12.04.2025 03:00,8.11,98.15,74.7,,106.9325,393.1575,0.205,95.175,3.35,0,534.3396887895199
12.04.2025 04:00,8.11,98.99,74.7,,109.265,462.09,0.0,,2.8,0,532.6261895270875
12.04.2025 05:00,8.11,99.08,74.7,,107.535,620.73,0.87,82.995,2.8,0,530.029287593089
12.04.2025 06:00,8.11,104.42,74.7,,88.3275,849.26,17.031000000000002,59.09,2.8,0,485.0404412676641
12.04.2025 07:00,8.25,99.74,74.7,,67.8725,909.4725,10.588,67.65,2.8,0,450.03456602643126
12.04.2025 08:00,8.34,95.49,74.7,,35.3375,1185.4875,5.564,35.985,29.7,0,356.423805957111
12.04.2025 09:00,8.49,67.26,74.7,,13.0875,1036.46,191.129,10.25,29.7,0,242.6347966656918
12.04.2025 10:00,8.49,20.19,74.7,,-25.2775,1023.5975,224.986,-8.615,29.7,0,159.9294922729619
12.04.2025 11:00,8.49,0.0,74.7,,-60.24000000000001,789.0925,154.172,-3.4,29.7,0,137.17124531293956
12.04.2025 12:00,8.49,-9.23,74.7,,-68.98,752.9525,233.938,-26.52,87.25,0,133.14590647972886
12.04.2025 13:00,8.49,-40.04,74.7,,-27.2025,834.98,259.755,-20.2125,87.25,0,131.6338104526629
12.04.2025 14:00,8.49,-42.01,74.7,,-8.93,945.27,113.454,-1.3250000000000002,87.25,0,133.48912491498868
12.04.2025 15:00,8.34,-18.68,74.7,,47.17,1214.7424999999998,268.494,-7.649999999999999,87.25,0,137.78832023763118
12.04.2025 16:00,8.25,-0.08,74.7,,93.0075,1152.1525,230.714,2.9725,29.45,0,148.11198972698242
12.04.2025 17:00,8.15,59.47,74.7,,104.3375,750.615,137.345,21.9,29.45,0,191.51167010117445
12.04.2025 18:00,8.15,111.31,74.7,,115.7225,916.66,2.906,53.14,29.45,0,277.26008043814386
12.04.2025 19:00,8.15,150.06,74.7,,86.915,784.61,41.168,47.9275,29.45,0,304.7339010585929
12.04.2025 20:00,8.15,120.89,74.7,,75.7975,705.8225,199.672,36.9625,1.81,0,280.284620002586
12.04.2025 21:00,8.15,91.0,74.7,,57.485,610.7049999999999,169.765,36.6875,1.81,0,257.88179742597833
12.04.2025 22:00,8.15,86.27,74.7,,48.4525,516.86,537.8290000000001,21.6525,1.81,0,237.6489915499491
12.04.2025 23:00,8.11,64.27,74.7,,18.815,483.98,122.082,30.5425,1.81,0,211.67018567185016
13.04.2025 00:00,8.11,63.99,74.7,,16.205,521.7475,311.63800000000003,-7.0175,6.66,0,195.0767769164457
13.04.2025 01:00,8.09,56.0,74.7,,26.405,425.815,32.856,8.696666666666667,6.66,0,192.05047637021116
13.04.2025 02:00,8.09,42.36,74.7,,32.2475,362.005,151.166,15.09,6.66,0,191.91714349046487
13.04.2025 03:00,8.09,29.5,74.7,,29.1825,447.065,200.43,4.0275,6.66,0,192.08244747037207
13.04.2025 04:00,8.09,32.06,74.7,,26.72,454.3375,167.836,3.54,9.5,0,190.00936369002653
13.04.2025 05:00,8.09,34.48,74.7,,28.2425,601.31,536.108,-20.51,9.5,0,188.24310098756837
13.04.2025 06:00,8.09,29.41,74.7,,18.2825,804.36,517.108,-25.7075,9.5,0,182.0574938534748
13.04.2025 07:00,8.23,27.75,74.7,,17.13,1107.2225,17.067,31.3625,9.5,0,170.99235327703764
13.04.2025 08:00,8.32,12.87,74.7,,23.6775,1336.5975,12.005999999999998,19.80333333333333,35.6,0,156.07091304668995
13.04.2025 09:00,8.46,8.43,74.7,,42.13,1445.17,2.349,16.89,35.6,0,145.91564621211964
13.04.2025 10:00,8.46,0.0,74.7,,39.64,1300.1625,0.0,81.0,35.6,0,134.38282175426858
13.04.2025 11:00,8.46,-0.02,74.7,,21.47,1358.475,4.851999999999999,14.5475,35.6,0,131.00638626180483
13.04.2025 12:00,8.46,-3.02,74.7,,10.4025,1031.98,3.709,29.29,86.9,0,130.4573848041223
13.04.2025 13:00,8.46,-18.84,74.7,,8.4925,985.7425,137.801,-6.52,86.9,0,128.95563900521176
13.04.2025 14:00,8.46,-25.38,74.7,,41.8125,1095.8674999999998,18.367,44.8875,86.9,0,129.72548088606516
13.04.2025 15:00,8.32,-9.93,74.7,,55.995,1391.72,26.255000000000003,32.987500000000004,86.9,0,131.97906545692635
13.04.2025 16:00,8.23,-0.01,74.7,,86.5575,1462.545,205.819,-49.36,26.43,0,141.19885777021844
13.04.2025 17:00,8.14,17.56,74.7,,101.2975,1332.7225,60.418,27.4625,26.43,0,194.8023246691972
13.04.2025 18:00,8.14,98.63,74.7,,107.5575,871.3925,7.221,48.985,26.43,0,293.63110100027484
13.04.2025 19:00,8.14,120.65,74.7,,105.3775,640.8025,0.7070000000000001,67.27,26.43,0,373.6951286745498
13.04.2025 20:00,8.14,118.01,74.7,,109.4575,599.7925,5.62,66.2675,1.54,0,415.4076885173462
13.04.2025 21:00,8.14,108.06,74.7,,102.53,446.585,0.341,65.04,1.54,0,443.230385538237
13.04.2025 22:00,8.14,103.35,74.7,,93.02,615.5525,13.337,65.045,1.54,0,466.2565162821376
13.04.2025 23:00,8.09,94.98,74.7,,92.5925,477.255,102.391,55.1475,1.54,0,510.7489021939871
14.04.2025 00:00,8.09,87.56,74.7,,95.895,441.15,0.492,,4.0,0,537.1133305008094
14.04.2025 01:00,8.41,82.69,74.7,,103.3475,460.885,0.506,72.76,4.0,0,565.6514913967953
14.04.2025 02:00,8.41,82.11,74.7,,106.715,542.065,0.06,94.195,4.0,0,569.7508419418045
14.04.2025 03:00,8.41,82.29,74.7,,94.61,718.385,0.8620000000000001,100.9975,4.0,0,556.069012664336
14.04.2025 04:00,8.41,84.52,74.7,,111.05,593.905,0.07,97.96,4.4,0,549.7135819801462
14.04.2025 05:00,8.41,97.1,74.7,,122.1725,677.265,8.924,74.02250000000001,4.4,0,551.6910042995207
14.04.2025 06:00,8.41,124.34,74.7,,121.135,840.31,44.294,51.80666666666667,4.4,0,513.80006348554
14.04.2025 07:00,8.64,152.03,74.7,,97.7325,1096.7675,6.6240000000000006,85.19,4.4,0,480.1739735952474
14.04.2025 08:00,8.79,143.7,74.7,,77.6975,1096.4375,246.166,49.5225,21.39,0,443.3112317305998
14.04.2025 09:00,9.0,104.7,74.7,,59.795,1190.1925,516.067,-25.2375,21.39,0,404.5826334273386
14.04.2025 10:00,9.0,91.02,74.7,,35.415,981.2775,150.587,14.5075,21.39,0,321.30446472129336
14.04.2025 11:00,9.0,77.07,74.7,,22.1575,910.6475,133.248,7.7525,21.39,0,243.4690679510084
14.04.2025 12:00,9.0,62.35,74.7,,41.115,1046.7175,122.169,12.69,63.0,0,216.0448166196744
14.04.2025 13:00,9.0,61.64,74.7,,62.2325,1026.1675,17.951,32.53,63.0,0,217.65210789435977
14.04.2025 14:00,9.0,64.36,74.7,,70.78,1134.715,86.27,21.425,63.0,0,224.9387905192
14.04.2025 15:00,8.79,75.29,74.7,,84.295,978.535,426.392,18.97,63.0,0,268.4298893290561
14.04.2025 16:00,8.64,84.6,74.7,,104.0775,1012.48,146.495,28.345,15.89,0,323.2808437247261
14.04.2025 17:00,8.48,97.02,74.7,,120.58,791.0325,183.135,49.595,15.89,0,409.7122572875914
14.04.2025 18:00,8.48,119.35,74.7,,119.06,766.3375,15.404,68.06,15.89,0,462.48429618128296
14.04.2025 19:00,8.48,180.0,74.7,,98.0275,895.03,0.656,77.03333333333333,15.89,0,492.3436331200135
14.04.2025 20:00,8.48,140.61,74.7,,87.825,862.915,216.342,45.275000000000006,1.55,0,468.43181831852775
14.04.2025 21:00,8.48,102.83,74.7,,77.3825,802.97,129.7,43.7725,1.55,0,421.8794434297092
14.04.2025 22:00,8.48,82.59,74.7,,74.5025,437.66,320.735,27.815,1.55,0,386.1032651138522
14.04.2025 23:00,8.41,76.0,74.7,,68.7325,450.8,308.102,28.13,1.55,0,347.69114625960765
15.04.2025 00:00,8.41,72.93,74.7,,67.36,304.515,10.227,38.10666666666666,6.05,0,305.06147245614414
15.04.2025 01:00,8.41,73.2,74.7,,65.83500000000001,243.395,3.741,45.7,6.05,0,284.35825301233643
15.04.2025 02:00,8.41,67.38,74.7,,69.31,345.4175,24.778,39.22,6.05,0,293.60296170365365
15.04.2025 03:00,8.41,64.29,74.7,,72.42500000000001,428.1925,342.749,26.3475,6.05,0,301.4604554701078
15.04.2025 04:00,8.41,66.3,74.7,,86.0825,601.44,18.13,49.053333333333335,5.92,0,301.39022945856266
15.04.2025 05:00,8.41,70.42,74.7,,90.0175,591.46,141.88199999999998,36.7475,5.92,0,318.59431608324803
15.04.2025 06:00,8.41,83.03,74.7,,79.63250000000001,785.435,18.153,52.165,5.92,0,333.88758167076344
15.04.2025 07:00,8.64,96.99,74.7,,65.7275,985.8125,4.689,41.26,5.92,0,310.42223931488576
15.04.2025 08:00,8.79,98.56,74.7,,17.4425,1188.6625,23.22,13.03,23.46,0,284.8510918870802
15.04.2025 09:00,9.0,65.0,74.7,,10.3875,1208.3925,6.074,28.910000000000004,23.46,0,246.60214051256597
15.04.2025 10:00,9.0,48.93,74.7,,-4.2625,1216.18,113.429,-16.9375,23.46,0,199.9050151095801
15.04.2025 11:00,9.0,2.92,74.7,,1.12,1224.965,286.095,-28.1425,23.46,0,185.26602854230185
15.04.2025 12:00,9.0,0.08,74.7,,25.465,1042.1950000000002,95.649,-3.4275,67.19,0,182.1821313425844
15.04.2025 13:00,9.0,0.0,74.7,,53.0125,1203.985,5.382000000000001,23.4975,67.19,0,185.69737127181395
15.04.2025 14:00,9.0,0.1,74.7,,74.9325,1239.355,0.251,16.49,67.19,0,196.85527405260547
15.04.2025 15:00,8.79,29.27,74.7,,87.06,1371.4825,388.728,0.8025000000000011,67.19,0,227.6711502810812
15.04.2025 16:00,8.64,68.08,74.7,,86.45,1472.6375,273.128,14.1325,15.4,0,267.7744847060944
15.04.2025 17:00,8.48,86.57,74.7,,93.79,1005.2925,171.424,23.4325,15.4,0,309.9707747121531
15.04.2025 18:00,8.48,105.28,74.7,,99.91,876.2049999999999,19.544,65.3875,15.4,0,336.92849135343585
15.04.2025 19:00,8.48,133.58,74.7,,104.065,972.0225,0.009,,15.4,0,373.3236904873048
15.04.2025 20:00,8.48,141.54,74.7,,123.7775,1380.11,0.082,97.79,1.4,0,384.955708909432
15.04.2025 21:00,8.48,110.58,74.7,,104.4025,799.36,0.2309999999999999,95.1,1.4,0,409.8027857438617
15.04.2025 22:00,8.48,102.21,74.7,,108.1575,560.115,2.656,69.1925,1.4,0,416.70469884749286
15.04.2025 23:00,8.41,93.76,74.7,,100.9125,491.34,0.115,91.77,1.4,0,448.21454748608033
16.04.2025 00:00,8.41,88.01,74.7,,93.9275,479.1525,38.477,51.51333333333333,4.0,0,473.62184318766936
16.04.2025 01:00,8.41,82.04,74.7,,85.13749999999999,459.7775,63.094,49.415,4.0,0,480.7207373812908
16.04.2025 02:00,8.41,82.2,74.7,,94.3825,510.715,7.582,68.16,4.0,0,487.1148051394967
16.04.2025 03:00,8.41,81.4,74.7,,109.7,560.2,0.003,95.5,4.0,0,505.1983153838136
16.04.2025 04:00,8.41,82.99,74.7,,141.3875,616.0350000000001,10.438,74.68,3.69,0,525.2515907323773
16.04.2025 05:00,8.41,99.4,74.7,,143.245,688.58,43.371,54.7825,3.69,0,532.8563407151937
16.04.2025 06:00,8.41,121.0,74.7,,115.485,1031.155,164.10899999999998,35.72666666666667,3.69,0,483.4718803949784
16.04.2025 07:00,8.64,135.14,74.7,,97.415,1199.05,0.505,58.18,3.69,0,443.1846026628028
16.04.2025 08:00,8.79,109.94,74.7,,82.975,1242.8325,2.996,75.35,19.74,0,404.37392040985554
16.04.2025 09:00,9.0,94.82,74.7,,78.73,1350.615,424.192,-1.9674999999999996,19.74,0,358.654164655937
16.04.2025 10:00,9.0,79.75,74.7,,68.9125,1104.3475,373.365,-24.0725,19.74,0,303.0442216678839
16.04.2025 11:00,9.0,64.08,74.7,,63.19500000000001,1042.665,6.908,31.525,19.74,0,255.3011870342769
16.04.2025 12:00,9.0,35.3,74.7,,74.8675,1120.375,2.729,51.35,55.0,0,226.26407706758815
16.04.2025 13:00,9.0,22.4,74.7,,87.0125,1205.59,8.276,27.88,55.0,0,231.39642327453973
16.04.2025 14:00,9.0,24.94,74.7,,92.87,1103.255,7.269,25.850000000000005,55.0,0,258.12937955511967
16.04.2025 15:00,8.79,55.0,74.7,,106.1875,1176.9075,11.733,42.1075,55.0,0,294.2884033016335
16.04.2025 16:00,8.64,68.0,74.7,,106.7025,1102.0925,0.97,102.305,12.1,0,337.1695586444795
16.04.2025 17:00,8.48,93.16,74.7,,119.0375,779.5075,0.069,102.03,12.1,0,379.3305508057412
16.04.2025 18:00,8.48,118.0,74.7,,116.665,830.425,78.77099999999999,55.55,12.1,0,400.6972622569588
16.04.2025 19:00,8.48,146.52,74.7,,103.3,903.055,1.855,87.965,12.1,0,406.6785238504501
16.04.2025 20:00,8.48,136.48,74.7,,92.0425,798.1275,42.16,66.08,1.55,0,409.8191065126735
16.04.2025 21:00,8.48,121.0,74.7,,84.225,653.965,41.206,50.005,1.55,0,403.59616140473656
16.04.2025 22:00,8.48,109.69,74.7,,80.0775,465.105,22.546,62.23,1.55,0,397.7833267949276
16.04.2025 23:00,8.41,98.59,74.7,,81.065,422.3975,163.425,44.3325,1.55,0,399.9414078049807
17.04.2025 00:00,8.41,88.99,74.7,,79.6875,357.6825,4.927,73.5175,3.54,0,412.6487308331961
17.04.2025 01:00,8.41,83.99,74.7,,75.25,332.385,3.081,70.3825,3.54,0,414.11658659954696
17.04.2025 02:00,8.41,81.67,74.7,,77.19,438.24,39.789,59.3825,3.54,0,407.9136797248364
17.04.2025 03:00,8.41,80.07,74.7,,79.465,537.91,0.219,79.1275,3.54,0,403.20906827648014
17.04.2025 04:00,8.41,81.28,74.7,,94.56,638.535,101.832,51.6875,3.24,0,413.0947071896224
17.04.2025 05:00,8.41,87.43,74.7,,107.03,612.6725,77.153,50.66,3.24,0,427.7789288572704
17.04.2025 06:00,8.41,108.02,74.7,,110.96,845.515,0.103,79.66,3.24,0,424.3314136531312
17.04.2025 07:00,8.64,122.8,74.7,,103.925,1005.51,18.877,52.49,3.24,0,387.158282528469
17.04.2025 08:00,8.79,130.0,74.7,,97.155,1173.5425,0.074,72.99,15.89,0,363.3379991577224
17.04.2025 09:00,9.0,121.0,74.7,,102.9925,1302.6875,15.384,36.25,15.89,0,351.6989802882798
17.04.2025 10:00,9.0,110.0,74.7,,82.3975,1316.8725,12.568,69.055,15.89,0,335.7228185916143
17.04.2025 11:00,9.0,95.03,74.7,,80.0125,1007.88,32.01,49.9025,15.89,0,314.29110448145343
17.04.2025 12:00,9.0,80.84,74.7,,84.245,844.9975,0.05,76.18,42.51,0,293.05741532908417
17.04.2025 13:00,9.0,81.04,74.7,,84.655,783.995,4.996,45.055,42.51,0,289.2977575889739
17.04.2025 14:00,9.0,77.75,74.7,,89.4075,913.355,8.003,33.85666666666666,42.51,0,290.98743748459
17.04.2025 15:00,8.79,77.65,74.7,,106.31,832.98,0.516,84.34666666666666,42.51,0,305.31677762853667
17.04.2025 16:00,8.64,83.87,74.7,,126.5275,1204.3925,0.0,,10.44,0,327.89967556713566
17.04.2025 17:00,8.48,97.63,74.7,,134.7625,940.8425,0.444,101.49,10.44,0,353.1761144849612
17.04.2025 18:00,8.48,112.65,74.7,,136.7325,858.26,0.2279999999999999,128.15666666666667,10.44,0,364.3149015149623
17.04.2025 19:00,8.48,129.0,74.7,,150.9225,994.8925,0.0,,10.44,0,376.1147708677007
17.04.2025 20:00,8.48,122.79,74.7,,128.1575,990.9425,78.906,83.07333333333334,1.66,0,392.555199332818
17.04.2025 21:00,8.48,114.76,74.7,,103.0275,683.66,12.863,89.535,1.66,0,410.3135993811384
17.04.2025 22:00,8.48,98.9,74.7,,110.895,586.8475,0.0,,1.66,0,429.1119569761762
17.04.2025 23:00,8.41,96.52,74.7,,103.2475,721.7875,0.1939999999999999,88.255,1.66,0,443.4164548825146
18.04.2025 00:00,8.41,91.0,74.7,,100.2825,555.5675,7.1610000000000005,81.07,4.15,0,449.8928237824023
18.04.2025 01:00,8.41,81.3,74.7,,94.8325,452.7925,0.387,80.815,4.15,0,453.0381890218708
18.04.2025 02:00,8.41,79.12,74.7,,89.9125,383.2825,0.048,96.96,4.15,0,454.2758307486884
18.04.2025 03:00,8.41,77.94,74.7,,91.9575,397.91,0.808,82.49666666666667,4.15,0,448.7658127999846
18.04.2025 04:00,8.41,76.34,74.7,,87.43,528.26,155.031,51.7375,3.6,0,442.2844673264376
18.04.2025 05:00,8.41,76.35,74.7,,92.8625,563.87,108.862,53.5175,3.6,0,434.4852273695873
18.04.2025 06:00,8.41,79.39,74.7,,92.82,550.865,6.317,57.675,3.6,0,423.73939379415305
18.04.2025 07:00,8.64,87.98,74.7,,103.1475,724.8725000000001,0.265,91.945,3.6,0,416.7128292510138
18.04.2025 08:00,8.79,91.25,74.7,,94.895,969.035,107.044,58.26,16.64,0,413.4510117787416
18.04.2025 09:00,9.0,90.14,74.7,,88.84,992.585,29.829,61.0225,16.64,0,399.7278990328043
18.04.2025 10:00,9.0,88.3,74.7,,82.1925,846.77,2.119,44.48,16.64,0,384.19945116822703
18.04.2025 11:00,9.0,83.28,74.7,,78.7775,797.15,1.281,60.56333333333333,16.64,0,374.3678139681086
18.04.2025 12:00,9.0,75.03,74.7,,80.7425,711.685,23.538,37.9825,43.28,0,369.39281775351446
18.04.2025 13:00,9.0,63.75,74.7,,79.3425,720.2975,0.0,81.49,43.28,0,364.872508008964
18.04.2025 14:00,9.0,62.64,74.7,,85.6925,833.0174999999999,5.421,34.58,43.28,0,363.4387385505892
18.04.2025 15:00,8.79,65.36,74.7,,103.825,905.635,4.269,74.995,43.28,0,383.19973977323366
18.04.2025 16:00,8.64,76.61,74.7,,119.0575,862.98,19.075,52.626666666666665,9.8,0,416.2189710509035
18.04.2025 17:00,8.48,88.64,74.7,,121.5675,574.7,0.484,101.73333333333332,9.8,0,449.25194016374047
18.04.2025 18:00,8.48,103.5,74.7,,121.1825,519.0425,2.537,94.3975,9.8,0,459.055935578724
18.04.2025 19:00,8.48,123.12,74.7,,104.3925,512.9425,6.786,83.1275,9.8,0,456.8844063436562
18.04.2025 20:00,8.48,126.52,74.7,,100.8125,634.37,32.179,58.5175,1.37,0,466.1641272374445
18.04.2025 21:00,8.48,116.52,74.7,,95.545,567.3725,5.212,71.9325,1.37,0,472.726673077775
18.04.2025 22:00,8.48,106.35,74.7,,99.815,433.065,5.098,64.30666666666667,1.37,0,496.34835840441815
18.04.2025 23:00,8.41,99.12,74.7,,95.01,350.7375,0.034,76.89,1.37,0,510.2621106821549
19.04.2025 00:00,8.41,89.32,74.7,,91.125,257.9925,26.303,76.88,3.48,0,516.5027429378915
19.04.2025 01:00,8.11,80.01,74.7,,83.325,249.065,54.918,62.0225,3.48,0,522.3194613284351
19.04.2025 02:00,8.11,84.45,74.7,,87.3725,257.765,3.51,81.67,3.48,0,527.994209264439
19.04.2025 03:00,8.11,82.39,74.7,,85.445,296.435,0.0,93.0,3.48,0,530.2818596487916
19.04.2025 04:00,8.11,84.98,74.7,,96.1525,372.7625000000001,0.033,95.62,3.1,0,536.30187655687
19.04.2025 05:00,8.11,90.62,74.7,,111.365,585.91,0.319,96.29,3.1,0,541.5025133187871
19.04.2025 06:00,8.11,95.2,74.7,,85.27250000000001,879.165,244.012,64.6,3.1,0,522.5748337516604
19.04.2025 07:00,8.25,91.67,74.7,,73.745,1082.58,90.317,36.995,3.1,0,468.1163280097184
19.04.2025 08:00,8.34,83.89,74.7,,44.1325,1324.7225,13.142,61.3475,25.36,0,366.3610939509423
19.04.2025 09:00,8.49,76.43,74.7,,19.3325,1076.54,6.833,45.645,25.36,0,254.83304505867204
19.04.2025 10:00,8.49,29.99,74.7,,21.81,1096.285,1.127,56.3925,25.36,0,192.0363620813052
19.04.2025 11:00,8.49,4.54,74.7,,32.78,950.7175,3.132000000000001,39.38666666666666,25.36,0,166.8045043902935
19.04.2025 12:00,8.49,0.0,74.7,,12.62,851.4300000000001,31.651000000000003,13.6025,72.92,0,159.50875115174787
19.04.2025 13:00,8.49,-3.01,74.7,,25.6325,887.3775,8.15,11.0225,72.92,0,158.4452640199831
19.04.2025 14:00,8.49,-7.26,74.7,,26.39,1116.0175,108.502,25.67,72.92,0,163.28460976125675
19.04.2025 15:00,8.34,-0.86,74.7,,65.565,1112.505,218.543,14.8275,72.92,0,170.41054542386811
19.04.2025 16:00,8.25,0.2,74.7,,88.29,951.9375,257.325,16.91,20.32,0,186.948050231599
19.04.2025 17:00,8.15,64.01,74.7,,112.4775,664.065,2.819,50.695,20.32,0,246.40537103484783
19.04.2025 18:00,8.15,102.77,74.7,,138.6625,602.065,0.1,61.74,20.32,0,349.7390829032356
19.04.2025 19:00,8.15,126.84,74.7,,132.2525,650.8775,4.13,97.01,20.32,0,391.0686824046726
19.04.2025 20:00,8.15,142.71,74.7,,118.0675,635.335,13.114,69.07333333333334,1.46,0,398.4579856794227
19.04.2025 21:00,8.15,127.36,74.7,,102.755,488.48,12.98,71.92750000000001,1.46,0,397.92054383320857
19.04.2025 22:00,8.15,109.55,74.7,,96.9275,550.165,0.994,80.7125,1.46,0,397.29078583559806
19.04.2025 23:00,8.11,98.27,74.7,,96.8375,345.6075,8.701,51.92666666666667,1.46,0,425.29358964154096
20.04.2025 00:00,8.11,100.41,74.7,,89.2525,268.5,1.978,62.825,3.56,0,429.7278431978418
20.04.2025 01:00,8.09,94.9,74.7,,87.3675,238.7575,27.443,59.62,3.56,0,432.4191798717577
20.04.2025 02:00,8.09,98.98,74.7,,87.27250000000001,264.64,0.165,79.235,3.56,0,430.1759459188216
20.04.2025 03:00,8.09,97.41,74.7,,84.34,351.8825,0.864,76.92,3.56,0,431.76577224054654
20.04.2025 04:00,8.09,98.83,74.7,,86.37,430.02,0.48,56.39,3.45,0,435.0206509760576
20.04.2025 05:00,8.09,108.64,74.7,,79.10000000000001,878.2175,0.263,80.455,3.45,0,417.88789310210194
20.04.2025 06:00,8.09,109.38,74.7,,39.6725,929.83,39.518,33.035,3.45,0,403.4230473299055
20.04.2025 07:00,8.23,94.32,74.7,,4.672499999999999,971.39,0.946,58.03333333333333,3.45,0,339.2818827151832
20.04.2025 08:00,8.32,68.6,74.7,,11.677500000000002,1201.1925,5.533,-9.885,31.16,0,236.28072947387585
20.04.2025 09:00,8.46,18.63,74.7,,7.895,1093.7175000000002,105.426,-43.7025,31.16,0,183.38733504494863
20.04.2025 10:00,8.46,0.0,74.7,,-12.11,851.365,108.512,-84.14,31.16,0,158.9006757472141
20.04.2025 11:00,8.46,-5.72,74.7,,-24.745,724.8475,195.52,-101.675,31.16,0,147.95303259206128
20.04.2025 12:00,8.46,-34.99,74.7,,-28.2625,772.28,122.178,-60.7725,79.55,0,144.7126390067151
20.04.2025 13:00,8.46,-52.42,74.7,,-1.5099999999999998,882.305,20.447,-9.87,79.55,0,148.23703789676557
20.04.2025 14:00,8.46,-40.05,74.7,,21.7875,1063.41,48.277,-25.692500000000003,79.55,0,154.48487589174613
20.04.2025 15:00,8.32,-4.76,74.7,,54.73,1087.4,11.521,28.3225,79.55,0,161.9918493775279
20.04.2025 16:00,8.23,0.0,74.7,,90.765,1109.405,50.93,-5.440000000000001,22.62,0,175.878000337112
20.04.2025 17:00,8.14,72.42,74.7,,110.9425,1058.23,65.544,-7.079999999999998,22.62,0,241.12375082338087
20.04.2025 18:00,8.14,106.81,74.7,,122.57,720.0275,27.314,30.7925,22.62,0,339.1920369679959
20.04.2025 19:00,8.14,119.94,74.7,,107.8525,588.2925,5.132000000000001,76.895,22.62,0,373.3376822645913
20.04.2025 20:00,8.14,144.95,74.7,,126.88,713.46,0.0,,1.36,0,398.9052425501178
20.04.2025 21:00,8.14,137.56,74.7,,100.5825,682.3425,13.135,58.975,1.36,0,425.8570328745932
20.04.2025 22:00,8.14,121.82,74.7,,102.59,566.635,0.113,93.8,1.36,0,419.2446898089079
20.04.2025 23:00,8.09,110.68,74.7,,94.3075,385.2675,2.996,75.2625,1.36,0,470.9312220113567
21.04.2025 00:00,8.09,108.58,74.7,,91.545,314.945,0.027,,3.15,0,508.4529096144942
21.04.2025 01:00,8.41,97.59,74.7,,95.875,255.19,0.141,92.085,3.15,0,547.5949292905902
21.04.2025 02:00,8.41,96.47,74.7,,90.69,204.27,1.288,66.95333333333333,3.15,0,548.5095955318064
21.04.2025 03:00,8.41,96.84,74.7,,99.7975,303.73749999999995,0.003,,3.15,0,542.3315073315271
21.04.2025 04:00,8.41,97.98,74.7,,96.8025,326.0125,0.242,93.805,3.1,0,542.0069441701783
21.04.2025 05:00,8.41,98.54,74.7,,93.475,469.8025,2.786,77.9575,3.1,0,524.0659863604648
21.04.2025 06:00,8.41,97.07,74.7,,88.57,499.225,16.52,58.155,3.1,0,518.370006776575
21.04.2025 07:00,8.64,91.31,74.7,,71.59,767.405,64.987,49.13,3.1,0,469.9182409132479
21.04.2025 08:00,8.79,88.5,74.7,,67.175,775.6975,0.014,72.61500000000001,28.12,0,383.01374187514295
21.04.2025 09:00,9.0,87.99,74.7,,62.2225,848.055,0.372,63.61333333333334,28.12,0,288.5515901927771
21.04.2025 10:00,9.0,65.24,74.7,,63.7525,913.135,28.296,54.2025,28.12,0,233.04223733305636
21.04.2025 11:00,9.0,33.88,74.7,,56.3175,731.58,149.308,29.79,28.12,0,210.5474070250784
21.04.2025 12:00,9.0,17.19,74.7,,38.755,752.2674999999999,438.703,0.4950000000000001,74.93,0,199.2912063557029
21.04.2025 13:00,9.0,8.91,74.7,,39.3875,967.86,71.23700000000001,24.582500000000003,74.93,0,198.8135080834207
21.04.2025 14:00,9.0,8.43,74.7,,69.1925,1064.255,9.162,32.77,74.93,0,201.71584847246885
21.04.2025 15:00,8.79,10.01,74.7,,92.2125,891.01,0.008,67.66,74.93,0,215.14468673051795
21.04.2025 16:00,8.64,50.05,74.7,,103.8775,749.485,75.525,36.7425,20.34,0,270.52154371833655
21.04.2025 17:00,8.48,88.77,74.7,,111.865,685.565,16.203,48.555,20.34,0,357.73995708329494
21.04.2025 18:00,8.48,101.95,74.7,,120.65,515.4225,0.624,85.4425,20.34,0,443.47130943219423
21.04.2025 19:00,8.48,121.95,74.7,,113.63,664.955,9.914,63.67,20.34,0,497.1974811531828
21.04.2025 20:00,8.48,139.14,74.7,,107.72,654.14,3.2270000000000003,64.76333333333334,2.04,0,512.1729336035928
21.04.2025 21:00,8.48,132.1,74.7,,86.36500000000001,597.5425,7.326,70.6975,2.04,0,518.7353316218218
21.04.2025 22:00,8.48,122.77,74.7,,87.765,425.455,1.0550000000000002,64.065,2.04,0,546.3656465872355
21.04.2025 23:00,8.41,106.54,74.7,,80.0925,384.5725,106.217,46.825,2.04,0,554.5202456166982
22.04.2025 00:00,8.41,96.21,74.7,,81.25,320.625,0.009,99.51,3.0,0,551.3143938751206
22.04.2025 01:00,8.41,88.8,74.7,,80.845,321.34,0.215,96.4175,3.0,0,551.3319802411324
22.04.2025 02:00,8.41,87.4,74.7,,82.475,300.7825,0.491,81.25,3.0,0,555.2013849778072
22.04.2025 03:00,8.41,85.01,74.7,,88.925,457.7425,0.3299999999999999,74.05,3.0,0,564.1627852955501
22.04.2025 04:00,8.41,84.58,74.7,,103.3875,533.1525,1.873,88.3975,13.32,0,572.6289628992104
22.04.2025 05:00,8.41,97.39,74.7,,121.56,711.6325,76.316,43.775,13.32,0,577.6509644627574
22.04.2025 06:00,8.41,120.76,74.7,,152.4925,897.3299999999999,14.007,74.965,13.32,0,532.2663126965185
22.04.2025 07:00,8.64,151.54,74.7,,107.54,1088.64,133.314,55.275,13.32,0,448.91813057203086
22.04.2025 08:00,8.79,147.0,74.7,,86.275,964.185,126.175,46.6575,20.0,0,402.046046407561
22.04.2025 09:00,9.0,111.88,74.7,,76.3225,970.4225,45.193,57.3925,20.0,0,355.3784996760552
22.04.2025 10:00,9.0,95.2,74.7,,71.1675,736.3924999999999,31.397,57.2275,20.0,0,331.53647316871627
22.04.2025 11:00,9.0,89.97,74.7,,67.63,804.6025,22.829,57.1825,20.0,0,288.520661635612
22.04.2025 12:00,9.0,79.92,74.7,,72.0475,969.02,25.003,62.833333333333336,52.21,0,259.55935743632773
22.04.2025 13:00,9.0,67.66,74.7,,76.1875,1072.725,167.997,65.045,52.21,0,257.5410736213602
22.04.2025 14:00,9.0,71.47,74.7,,81.615,998.1925,11.536,67.495,52.21,0,278.6494827127109
22.04.2025 15:00,8.79,78.45,74.7,,91.31,907.4875,89.35499999999999,61.3325,52.21,0,298.19518723697786
22.04.2025 16:00,8.64,83.07,74.7,,107.6475,941.655,36.292,81.1825,14.94,0,352.6201926503745
22.04.2025 17:00,8.48,100.04,74.7,,148.5725,901.4925,27.752,61.895,14.94,0,418.48656171948807
22.04.2025 18:00,8.48,122.38,74.7,,228.4575,697.0775,0.417,86.33333333333333,14.94,0,489.056764622312
22.04.2025 19:00,8.48,192.32,74.7,,132.0825,613.9225,2.658,106.12,14.94,0,531.1513819412846
22.04.2025 20:00,8.48,263.2,74.7,,111.7575,598.405,15.25,64.905,1.3,0,548.244055265037
22.04.2025 21:00,8.48,157.28,74.7,,99.445,514.1025,3.246,83.4125,1.3,0,570.5329792251706
22.04.2025 22:00,8.48,122.28,74.7,,94.61,370.03,15.221,81.28,1.3,0,612.5678585251566
22.04.2025 23:00,8.41,109.6,74.7,,88.9975,343.6175,12.54,71.395,1.3,0,649.7380473930082
23.04.2025 00:00,8.41,106.72,74.7,,84.1,311.5375,0.117,81.85249999999999,2.67,0,674.9055834080655
23.04.2025 01:00,8.41,99.4,74.7,,81.035,297.6775,1.6679999999999997,131.3075,2.67,0,672.2965912854718
23.04.2025 02:00,8.41,96.84,74.7,,81.3925,362.6925,0.235,84.44666666666666,2.67,0,667.028705788322
23.04.2025 03:00,8.41,96.7,74.7,,94.0625,413.8425,4.792000000000001,78.74,2.67,0,666.8557437943414
23.04.2025 04:00,8.41,101.2,74.7,,109.03,544.2125,0.334,80.6825,4.94,0,664.3680883061485
23.04.2025 05:00,8.41,108.23,74.7,,101.715,697.9675,189.042,52.525,4.94,0,655.5164115389769
23.04.2025 06:00,8.41,137.09,74.7,,98.555,854.6275,96.684,60.375,4.94,0,583.4730489727976
23.04.2025 07:00,8.64,152.0,74.7,,75.0525,965.53,42.947,65.07249999999999,4.94,0,513.1991873055363
23.04.2025 08:00,8.79,128.84,74.7,,75.7625,1007.25,11.7,67.05,16.54,0,442.4051788306363
23.04.2025 09:00,9.0,100.0,74.7,,70.1725,835.94,116.584,23.365,16.54,0,372.6852388431806
23.04.2025 10:00,9.0,92.0,74.7,,46.83,906.2025,19.88,38.4625,16.54,0,317.96202112326745
23.04.2025 11:00,9.0,94.39,74.7,,37.32,981.1775,65.33600000000001,11.453333333333331,16.54,0,281.64234250912176
23.04.2025 12:00,9.0,81.04,74.7,,62.955,1210.005,36.551,52.4875,39.8,0,258.88470444030804
23.04.2025 13:00,9.0,80.29,74.7,,72.91499999999999,965.3675,22.794,52.4725,39.8,0,258.090607366517
23.04.2025 14:00,9.0,88.0,74.7,,78.9825,1055.6425,0.021,51.83,39.8,0,275.98820901834506
23.04.2025 15:00,8.79,92.35,74.7,,88.7225,978.63,1.114,66.41000000000001,39.8,0,297.86321849167626
23.04.2025 16:00,8.64,99.05,74.7,,105.3925,850.3299999999999,1.156,55.77,11.0,0,352.346188324476
23.04.2025 17:00,8.48,108.28,74.7,,122.085,589.625,0.248,89.11,11.0,0,396.4621930800825
23.04.2025 18:00,8.48,128.9,74.7,,117.2525,605.4425,0.022,79.35,11.0,0,436.3537801651562
23.04.2025 19:00,8.48,155.97,74.7,,100.935,718.0225,43.888,70.62,11.0,0,447.3911812699242
23.04.2025 20:00,8.48,148.67,74.7,,91.095,576.1225,80.333,67.38,1.3,0,450.6594741650613
23.04.2025 21:00,8.48,126.11,74.7,,85.7325,607.2225,9.786,55.1075,1.3,0,455.1369538933639
23.04.2025 22:00,8.48,108.2,74.7,,83.60499999999999,442.4325,2.28,48.44,1.3,0,457.92274439066136
23.04.2025 23:00,8.41,97.15,74.7,,77.8175,433.985,43.989,53.02,1.3,0,452.7314655370953
24.04.2025 00:00,8.41,94.17,74.7,,79.01249999999999,415.8225,7.606999999999999,64.73333333333333,4.13,0,447.9405111473558
24.04.2025 01:00,8.41,88.3,74.7,,76.585,382.8925,4.919,74.095,4.13,0,447.71545663857694
24.04.2025 02:00,8.41,86.7,74.7,,75.52250000000001,424.6025,4.201,69.8875,4.13,0,451.9047390114991
24.04.2025 03:00,8.41,85.65,74.7,,80.77,428.4175,0.393,83.15666666666668,4.13,0,442.00448222561454
24.04.2025 04:00,8.41,84.35,74.7,,88.6475,534.125,41.054,56.8975,3.75,0,446.5068626278777
24.04.2025 05:00,8.41,90.93,74.7,,105.98,720.7,54.945,59.44,3.75,0,449.9161779997565
24.04.2025 06:00,8.41,110.34,74.7,,101.715,763.735,261.715,39.16333333333333,3.75,0,446.3767290948745
24.04.2025 07:00,8.64,118.51,74.7,,104.26,1163.7675,0.247,81.14500000000001,3.75,0,410.6721020220752
24.04.2025 08:00,8.79,117.65,74.7,,94.65,1081.81,139.26600000000002,48.255,13.14,0,411.57294595019096
24.04.2025 09:00,9.0,108.91,74.7,,93.525,892.9275,37.729,59.25666666666666,13.14,0,394.1138157094101
24.04.2025 10:00,9.0,96.67,74.7,,81.9,756.5975,1.951,126.3175,13.14,0,372.0783832545918
24.04.2025 11:00,9.0,93.55,74.7,,85.5575,760.0525,0.0,,13.14,0,343.921194584979
24.04.2025 12:00,9.0,81.56,74.7,,80.5075,652.0625,38.136,,30.0,0,329.97069794151344
24.04.2025 13:00,9.0,78.95,74.7,,82.44,693.0699999999999,26.816000000000003,603.8,30.0,0,333.4851375510766
24.04.2025 14:00,9.0,78.04,74.7,,86.4,783.1675,0.1969999999999999,96.535,30.0,0,342.61724240722845
24.04.2025 15:00,8.79,78.72,74.7,,95.8075,730.1975,17.371000000000002,59.035,30.0,0,354.3809503798959
24.04.2025 16:00,8.64,83.37,74.7,,105.6175,838.24,0.0,,9.25,0,372.52210098018
24.04.2025 17:00,8.48,95.36,74.7,,132.4975,673.3975,0.127,98.035,9.25,0,390.39194916729406
24.04.2025 18:00,8.48,101.02,74.7,,140.52,777.2175,0.0,,9.25,0,418.6165921067407
24.04.2025 19:00,8.48,114.64,74.7,,119.265,841.6975,0.941,128.01749999999998,9.25,0,415.6108565738331
24.04.2025 20:00,8.48,121.61,74.7,,114.795,675.185,0.545,92.64,1.19,0,426.1508212735535
24.04.2025 21:00,8.48,114.48,74.7,,103.17,588.1025,0.535,113.64666666666666,1.19,0,445.0946680732194
24.04.2025 22:00,8.48,106.53,74.7,,107.925,461.435,0.091,125.93,1.19,0,463.3845760713901
24.04.2025 23:00,8.41,93.1,74.7,,99.015,420.785,0.005,,1.19,0,483.2748792025153
25.04.2025 00:00,8.41,91.03,74.7,,97.82,333.9125,1.008,89.06,2.7,0,491.0844459155114
25.04.2025 01:00,8.41,82.92,74.7,,101.915,273.9075,0.277,73.39,2.7,0,507.9882666392672
25.04.2025 02:00,8.41,82.23,74.7,,110.4375,411.56,0.0,,2.7,0,516.8383964735515
25.04.2025 03:00,8.41,83.4,74.7,,115.325,534.8975,3.303,86.6675,2.7,0,525.9935542800783
25.04.2025 04:00,8.41,84.95,74.7,,141.2425,645.215,2.155,79.975,2.82,0,530.6459253644846
25.04.2025 05:00,8.41,94.64,74.7,,162.9475,786.4425,1.598,74.165,2.82,0,533.1299459812649
25.04.2025 06:00,8.41,104.41,74.7,,205.0525,1190.4299999999998,0.17,134.82,2.82,0,513.905383996078
25.04.2025 07:00,8.64,113.39,74.7,,169.45,1280.92,0.0,,2.82,0,472.3249334967179
25.04.2025 08:00,8.79,111.0,74.7,,105.8425,1194.2375,0.567,89.695,11.45,0,444.3828135038893
25.04.2025 09:00,9.0,99.41,74.7,,91.64,970.91,8.493,76.925,11.45,0,433.8035018540312
25.04.2025 10:00,9.0,88.17,74.7,,99.9425,1126.0175,0.018,97.81,11.45,0,386.4230537117577
25.04.2025 11:00,9.0,75.45,74.7,,77.8625,1097.4475,41.683,54.2625,11.45,0,340.653493333061
25.04.2025 12:00,9.0,66.61,74.7,,72.6775,1008.4725,102.177,31.89333333333333,26.98,0,311.3455880330986
25.04.2025 13:00,9.0,48.03,74.7,,75.14750000000001,795.6775,2.186,46.07,26.98,0,266.3797549637994
25.04.2025 14:00,9.0,40.99,74.7,,87.4825,705.6175,70.798,41.03,26.98,0,256.4224601642992
25.04.2025 15:00,8.79,59.47,74.7,,104.9725,1004.4425,36.274,40.9075,26.98,0,278.59602227691505
25.04.2025 16:00,8.64,73.04,74.7,,125.2375,1069.175,0.262,100.2575,8.03,0,316.79453365329425
25.04.2025 17:00,8.48,84.19,74.7,,148.81,1006.855,0.667,108.92,8.03,0,366.5909652762921
25.04.2025 18:00,8.48,99.43,74.7,,137.4675,830.965,0.0989999999999999,99.04666666666668,8.03,0,404.1950033308985
25.04.2025 19:00,8.48,115.99,74.7,,113.385,687.835,0.129,93.81,8.03,0,426.3215605302102
25.04.2025 20:00,8.48,123.78,74.7,,109.525,693.885,16.596,71.005,1.1,0,426.73747916032585
25.04.2025 21:00,8.48,109.63,74.7,,108.3,625.395,0.098,85.91333333333334,1.1,0,430.2062045322554
25.04.2025 22:00,8.48,100.37,74.7,,87.71000000000001,448.12,0.038,88.17666666666666,1.1,0,438.6805400251896
25.04.2025 23:00,8.41,92.09,74.7,,92.79,352.285,0.0,,1.1,0,439.5192661523001
26.04.2025 00:00,8.41,100.0,74.7,,101.5925,327.1125,0.0,,2.48,0,427.2680970634658
26.04.2025 01:00,8.11,92.19,74.7,,94.7875,248.165,2.377,75.9325,2.48,0,426.6225536436156
26.04.2025 02:00,8.11,91.02,74.7,,86.4225,291.135,13.761,68.99000000000001,2.48,0,421.9718107223661
26.04.2025 03:00,8.11,89.66,74.7,,88.4225,265.945,0.063,82.68,2.48,0,421.4411318704247
26.04.2025 04:00,8.11,89.01,74.7,,95.435,381.525,0.068,78.71,2.92,0,412.8024020642652
26.04.2025 05:00,8.11,90.86,74.7,,86.22999999999999,525.96,0.0139999999999999,93.48,2.92,0,404.0400003774148
26.04.2025 06:00,8.11,93.01,74.7,,66.25,692.775,0.0,,2.92,0,380.0029894530892
26.04.2025 07:00,8.25,86.33,74.7,,55.1475,870.925,4.1850000000000005,26.195,2.92,0,317.68532237621
26.04.2025 08:00,8.34,72.19,74.7,,19.99,1021.8475,80.27199999999999,-2.5874999999999995,28.61,0,228.068892376041
26.04.2025 09:00,8.49,34.45,74.7,,8.6275,982.7475,63.156,-8.622499999999999,28.61,0,164.58707993438114
26.04.2025 10:00,8.49,2.55,74.7,,15.3725,905.3775,233.005,-25.265,28.61,0,144.09756043776912
26.04.2025 11:00,8.49,-0.01,74.7,,0.7799999999999999,715.705,405.936,-22.97,28.61,0,135.23175847211505
26.04.2025 12:00,8.49,-7.63,74.7,,-0.1100000000000001,693.6525,297.454,-16.6375,72.48,0,132.41132003190785
26.04.2025 13:00,8.49,-14.85,74.7,,-3.165,742.2025,421.551,-15.1125,72.48,0,133.4222386621033
26.04.2025 14:00,8.49,-10.77,74.7,,8.74,852.28,51.499,19.43,72.48,0,135.03288308319716
26.04.2025 15:00,8.34,-2.19,74.7,,33.0825,1034.4175,161.918,-1.7249999999999996,72.48,0,140.72142873798836
26.04.2025 16:00,8.25,-0.02,74.7,,67.025,1234.22,309.479,-27.512500000000003,22.6,0,147.49887917263516
26.04.2025 17:00,8.15,30.99,74.7,,104.7875,790.835,3.518,54.8625,22.6,0,167.21980642264884
26.04.2025 18:00,8.15,79.0,74.7,,190.4525,1048.1725,0.0,93.34,22.6,0,215.54151357937
26.04.2025 19:00,8.15,99.81,74.7,,108.865,1114.425,5.377000000000001,79.465,22.6,0,254.15040981098457
26.04.2025 20:00,8.15,107.4,74.7,,87.9575,845.0525,106.733,42.235,1.33,0,255.02619444286344
26.04.2025 21:00,8.15,96.85,74.7,,67.64,658.1775,39.683,41.0525,1.33,0,234.4093160871909
26.04.2025 22:00,8.15,85.26,74.7,,63.89,499.38,107.726,24.395,1.33,0,205.6906789687555
26.04.2025 23:00,8.11,72.31,74.7,,44.975,528.7674999999999,5.998,46.1175,1.33,0,190.28304144385152
27.04.2025 00:00,8.11,67.71,74.7,,40.585,450.93,0.071,124.41,4.75,0,185.12221581563392
27.04.2025 01:00,8.09,62.91,74.7,,43.6475,330.6325,0.0,88.27,4.75,0,180.6021269950004
27.04.2025 02:00,8.09,57.96,74.7,,46.0425,350.125,2.952,39.6275,4.75,0,182.51810225250676
27.04.2025 03:00,8.09,59.12,74.7,,56.3675,419.3825,3.282,34.230000000000004,4.75,0,188.28299780249964
27.04.2025 04:00,8.09,61.94,74.7,,64.52749999999999,523.17,0.004,283.3866666666667,4.1,0,196.5710602946012
27.04.2025 05:00,8.09,69.05,74.7,,61.5275,707.54,0.633,173.80999999999997,4.1,0,202.12530525248204
27.04.2025 06:00,8.09,69.14,74.7,,25.715,828.4425,5.674,15.825,4.1,0,203.23040550675225
27.04.2025 07:00,8.23,63.72,74.7,,3.164999999999999,969.77,12.584,14.9925,4.1,0,195.88158838332447
27.04.2025 08:00,8.32,34.95,74.7,,-12.9575,1201.975,21.879,-6.98,40.28,0,179.2174686135073
27.04.2025 09:00,8.46,0.04,74.7,,-63.575,1208.5325,8.172,-10.36,40.28,0,156.0280712394422
27.04.2025 10:00,8.46,-3.0,74.7,,-108.535,949.265,61.503,-12.8525,40.28,0,142.47872656701128
27.04.2025 11:00,8.46,-33.88,74.7,,-116.1975,984.485,73.92099999999999,-37.9675,40.28,0,136.80550530825346
27.04.2025 12:00,8.46,-101.04,74.7,,-114.7925,911.31,16.858,-14.9925,86.98,0,134.98821109079805
27.04.2025 13:00,8.46,-129.81,74.7,,-65.43,956.7625,43.667,-18.2425,86.98,0,135.04933457843538
27.04.2025 14:00,8.46,-116.61,74.7,,-11.3975,973.13,0.55,49.9425,86.98,0,138.8127434621214
27.04.2025 15:00,8.32,-50.0,74.7,,-0.0124999999999992,1016.38,102.769,-10.94,86.98,0,145.3559754010601
27.04.2025 16:00,8.23,-5.17,74.7,,82.91499999999999,1025.2475,98.827,-4.556666666666668,23.25,0,158.19185906917124
27.04.2025 17:00,8.14,18.35,74.7,,117.485,921.3425,12.207,38.25,23.25,0,207.30414790302052
27.04.2025 18:00,8.14,91.98,74.7,,133.475,774.4775,0.1119999999999999,76.71000000000001,23.25,0,340.4115882600896
27.04.2025 19:00,8.14,110.83,74.7,,113.6075,684.0975,0.2209999999999999,92.18666666666668,23.25,0,413.1621119641086
27.04.2025 20:00,8.14,124.23,74.7,,109.7525,580.4475,1.778,78.72749999999999,1.25,0,442.8893295640768
27.04.2025 21:00,8.14,109.24,74.7,,97.0075,470.0675,2.198,70.6675,1.25,0,453.6371322468351
27.04.2025 22:00,8.14,99.0,74.7,,85.805,415.1175,0.461,82.3475,1.25,0,464.207257850231
27.04.2025 23:00,8.09,93.77,74.7,,81.205,360.38,0.252,74.48,1.25,0,494.8542753347502
28.04.2025 00:00,8.09,92.24,74.7,,81.9175,295.4225,0.0,89.315,3.24,0,519.7486908075845
28.04.2025 01:00,8.41,86.49,74.7,,87.5,305.9075,0.003,70.0,3.24,0,545.226489283818
28.04.2025 02:00,8.41,83.1,74.7,,93.2475,362.3375,0.0,,3.24,0,571.1084569242723
28.04.2025 03:00,8.41,85.41,74.7,,114.385,644.2525,0.037,78.96,3.24,0,589.850912439126
28.04.2025 04:00,8.41,91.19,74.7,,138.20749999999998,658.9675,0.794,80.4425,4.52,0,593.336547602867
28.04.2025 05:00,8.41,99.49,74.7,,141.4575,761.99,0.14,86.58,4.52,0,565.1204212405673
28.04.2025 06:00,8.41,140.0,74.7,,101.1375,992.7425,216.525,47.85,4.52,0,477.3920237619587
28.04.2025 07:00,8.64,131.09,74.7,,75.7825,1125.155,87.177,46.9625,4.52,0,413.825616167503
28.04.2025 08:00,8.79,96.85,74.7,,31.7125,1098.635,61.27,5.28,27.26,0,333.00326747766945
28.04.2025 09:00,9.0,67.37,74.7,,28.8625,1047.5025,133.99,-8.215,27.26,0,253.13175370472052
28.04.2025 10:00,9.0,10.03,74.7,,10.6475,767.835,21.394,22.0875,27.26,0,192.3872160907352
28.04.2025 11:00,9.0,-0.01,74.7,,-6.8525,746.935,57.973,8.0875,27.26,0,176.1623945329298
28.04.2025 12:00,9.0,-4.02,74.7,,-6.172499999999999,764.515,418.072,-48.1725,82.06,0,165.74802808657049
28.04.2025 13:00,9.0,-5.9,74.7,,23.8225,1126.9125,801.677,-20.44,82.06,0,165.12690634692902
28.04.2025 14:00,9.0,-6.18,74.7,,36.02,1395.4725,394.858,-6.0200000000000005,82.06,0,169.98859975840082
28.04.2025 15:00,8.79,-1.54,74.7,,91.12,1326.5675,197.081,5.172499999999999,82.06,0,176.34491474701224
28.04.2025 16:00,8.64,2.01,74.7,,117.6625,1293.8425,165.399,18.6975,31.21,0,204.4518427386768
28.04.2025 17:00,8.48,71.83,74.7,,186.68,978.905,76.831,31.316666666666663,31.21,0,309.63778419276633
28.04.2025 18:00,8.48,101.92,74.7,,279.1625,1001.98,3.756,63.435,31.21,0,409.0709473769704
28.04.2025 19:00,8.48,149.9,74.7,,151.8875,920.035,0.0,,31.21,0,467.5306184371113
28.04.2025 20:00,8.48,194.81,74.7,,115.6275,800.415,89.521,58.02,1.42,0,486.99372038720594
28.04.2025 21:00,8.48,128.83,74.7,,99.975,631.6225,86.77499999999999,68.19250000000001,1.42,0,493.8156032248802
28.04.2025 22:00,8.48,106.24,74.7,,88.2825,384.1775,137.74800000000002,59.275,1.42,0,516.8920039615605
28.04.2025 23:00,8.41,96.83,74.7,,85.9975,332.82,6.471,61.255,1.42,0,538.0210546017852
29.04.2025 00:00,8.41,90.64,74.7,,80.5125,368.37,3.882,131.7825,2.72,0,548.8253101409291
29.04.2025 01:00,8.41,86.86,74.7,,82.83250000000001,301.9525,0.0,248.28,2.72,0,548.761793806573
29.04.2025 02:00,8.41,81.76,74.7,,86.91499999999999,350.5825,0.0,,2.72,0,553.6091766275977
29.04.2025 03:00,8.41,79.17,74.7,,92.58,461.3225,0.0,,2.72,0,553.0212851527128
29.04.2025 04:00,8.41,80.03,74.7,,108.065,583.11,4.426,72.8725,3.33,0,548.0384033607057
29.04.2025 05:00,8.41,90.57,74.7,,112.045,747.8225,74.422,65.4625,3.33,0,542.1441578029235
29.04.2025 06:00,8.41,107.0,74.7,,93.495,1077.2075,229.883,55.6525,3.33,0,494.2341816985148
29.04.2025 07:00,8.64,113.13,74.7,,74.7925,1206.87,8.032,59.0,3.33,0,429.7086223134091
29.04.2025 08:00,8.79,99.98,74.7,,18.5375,1029.8225,3.88,20.61,65.0,0,348.84665810582885
29.04.2025 09:00,9.0,78.0,74.7,,-3.289999999999999,908.9675,100.601,-16.045,65.0,0,274.95389043650096
29.04.2025 10:00,9.0,9.31,74.7,,-3.6275,704.9300000000001,167.55900000000003,-19.4475,65.0,0,205.86553271626
29.04.2025 11:00,9.0,0.0,74.7,,-14.105,583.5475,25.017,7.782500000000001,65.0,0,176.5095234422617
29.04.2025 12:00,9.0,-0.76,74.7,,-4.934999999999999,645.73,61.461,34.8925,1593.0,0,166.97782228172937
29.04.2025 13:00,9.0,-1.9,74.7,,-0.1149999999999984,741.185,88.339,0.2075,1593.0,0,165.88807257146652
29.04.2025 14:00,9.0,-1.67,74.7,,11.7875,1011.16,89.273,9.5875,1593.0,0,164.69586250781035
29.04.2025 15:00,8.79,-0.01,74.7,,69.4125,1073.995,139.672,6.283333333333332,1593.0,0,170.7784990152603
29.04.2025 16:00,8.64,14.82,74.7,,96.38,1115.875,24.014,45.955,40.26,0,189.7177120637029
29.04.2025 17:00,8.48,77.6,74.7,,144.1675,890.9225,4.513999999999999,57.35,40.26,0,291.295718117374
29.04.2025 18:00,8.48,102.0,74.7,,167.5675,714.185,0.235,89.745,40.26,0,399.8230051846241
29.04.2025 19:00,8.48,139.83,74.7,,118.34,573.46,0.0,,40.26,0,452.6518670785449
29.04.2025 20:00,8.48,174.75,74.7,,116.23,806.8625,9.898,58.415000000000006,1.25,0,466.0117797163069
29.04.2025 21:00,8.48,129.11,74.7,,92.1525,619.6875,173.96800000000002,46.4925,1.25,0,465.8091577296507
29.04.2025 22:00,8.48,108.83,74.7,,87.6375,357.8475,15.232,57.105,1.25,0,476.19225035071634
29.04.2025 23:00,8.41,97.82,74.7,,80.625,410.66,1.409,230.8275,1.25,0,508.4324805521841
30.04.2025 00:00,8.41,95.0,74.7,,84.6625,337.13,0.002,89.39,5.07,0,527.0900741791752
30.04.2025 01:00,8.41,90.0,74.7,,86.4725,280.5075,0.0,,5.07,0,541.4189407095803
30.04.2025 02:00,8.41,87.59,74.7,,88.645,276.845,0.0,,5.07,0,556.6740595778128
30.04.2025 03:00,8.41,88.25,74.7,,90.66,401.5025,0.0,654.87,5.07,0,569.1862768580579
30.04.2025 04:00,8.41,91.4,74.7,,111.3275,459.39,0.0,99.08,17.35,0,577.5446987681994
30.04.2025 05:00,8.41,95.83,74.7,,115.045,637.7125000000001,0.065,195.32,17.35,0,579.3438059161255
30.04.2025 06:00,8.41,115.27,74.7,,93.65,980.2125,33.932,81.2275,17.35,0,494.9280690445685
30.04.2025 07:00,8.64,120.3,74.7,,66.4325,848.3774999999999,25.662,163.4625,17.35,0,432.1699633233536
30.04.2025 08:00,8.79,99.9,74.7,,13.06,1026.205,7.063,51.46,815.82,0,362.7524481439606
30.04.2025 09:00,9.0,76.7,74.7,,-6.089999999999999,852.8425,77.593,-38.245000000000005,815.82,0,259.4922120854528
30.04.2025 10:00,9.0,7.08,74.7,,-0.5025,691.54,95.201,79.72999999999999,815.82,0,197.7236029955393
30.04.2025 11:00,9.0,0.0,74.7,,-3.6525,640.0350000000001,30.988,26.76,815.82,0,174.77994169557311
30.04.2025 12:00,9.0,-1.0,74.7,,-2.7725,659.5375,193.041,-9.3325,211.51,0,169.1717662751865
30.04.2025 13:00,9.0,-6.21,74.7,,2.8874999999999997,794.22,259.225,-16.43,211.51,0,162.95891464908777
30.04.2025 14:00,9.0,-3.0,74.7,,8.6625,985.4,226.435,17.59,211.51,0,167.65912182161526
30.04.2025 15:00,8.79,-0.02,74.7,,63.785,1078.6875,230.035,15.705,211.51,0,176.35324134412093
30.04.2025 16:00,8.64,19.91,74.7,,95.945,1110.895,227.814,13.9175,28.16,0,197.8193365428817
30.04.2025 17:00,8.48,78.39,74.7,,119.8125,944.395,37.558,185.31,28.16,0,289.2599004035344
30.04.2025 18:00,8.48,101.8,74.7,,164.1025,778.0025,2.445,88.46999999999998,28.16,0,407.5628942196657
30.04.2025 19:00,8.48,130.37,74.7,,109.77,814.985,0.99,67.12,28.16,0,463.4012594042805
30.04.2025 20:00,8.48,176.43,74.7,,91.7,629.245,0.6549999999999999,126.08333333333331,1.17,0,496.7933530466097
30.04.2025 21:00,8.48,128.0,74.7,,84.685,517.5775,18.032,59.5625,1.17,0,493.46572720655854
30.04.2025 22:00,8.48,108.33,74.7,,86.8875,500.9225,3.316,179.16,1.17,0,505.313782618998
30.04.2025 23:00,8.41,98.68,74.7,,89.66,335.9675,0.017,83.66,1.17,0,530.8464535063301
01.05.2025 00:00,8.41,97.51,74.7,,95.8525,305.2275,0.055,80.08,3.07,0,509.5640537666116
01.05.2025 01:00,8.35,91.78,74.7,,97.7625,246.5525,0.021,91.83,3.07,0,529.612280441851
01.05.2025 02:00,8.35,90.46,74.7,,96.8825,296.6825,0.0,,3.07,0,547.2665381792857
01.05.2025 03:00,8.35,90.63,74.7,,90.77,278.8,0.133,86.87,3.07,0,555.770645258144
01.05.2025 04:00,8.35,90.5,74.7,,92.045,437.4225,1.012,78.67,7.06,0,559.008767536498
01.05.2025 05:00,8.35,84.16,74.7,,82.385,656.26,0.109,86.0475,7.06,0,566.0534564644461
01.05.2025 06:00,8.35,83.94,74.7,,54.79,946.455,1.156,239.82,7.06,0,506.4365309221348
01.05.2025 07:00,8.54,78.04,74.7,,21.8325,975.14,3.027,21.185,7.06,0,374.20298257930057
01.05.2025 08:00,8.69,62.1,74.7,,6.29,1147.085,14.25,73.765,129.0,0,219.6168474735972
01.05.2025 09:00,8.9,0.0,74.7,,-3.1925,920.37,9.223,13.43,129.0,0,148.74664058134093
01.05.2025 10:00,8.9,-3.0,74.7,,-11.0625,673.8425,6.863,69.17750000000001,129.0,0,134.31096191981806
01.05.2025 11:00,8.9,-40.1,74.7,,-41.6175,586.3025,2.9290000000000003,109.1325,129.0,0,127.30778797804916
01.05.2025 12:00,8.9,-85.01,74.7,,-58.510000000000005,790.56,7.104,22.5125,149.79,0,119.81847007430537
01.05.2025 13:00,8.9,-129.99,74.7,,-16.29,787.86,11.212000000000002,123.835,149.79,0,119.87644318477469
01.05.2025 14:00,8.9,-118.11,74.7,,4.6825,949.1525,29.524,81.115,149.79,0,123.62103766149998
01.05.2025 15:00,8.69,-49.99,74.7,,39.335,999.355,1.716,243.785,149.79,0,126.96902901934892
01.05.2025 16:00,8.54,-5.17,74.7,,90.1925,1021.9925,16.67,15.786666666666669,34.35,0,139.7632991710026
01.05.2025 17:00,8.4,40.77,74.7,,133.0425,923.7975,58.147,40.4,34.35,0,178.9325057154437
01.05.2025 18:00,8.4,96.14,74.7,,185.915,745.3175,0.36,72.00999999999999,34.35,0,292.1554527420236
01.05.2025 19:00,8.4,129.87,74.7,,121.9775,762.2775,0.121,125.49,34.35,0,340.5883731770506
01.05.2025 20:00,8.4,164.38,74.7,,97.9125,620.3225,2.084,82.555,2.12,0,362.9950120884424
01.05.2025 21:00,8.4,122.45,74.7,,89.3725,517.855,3.115,139.2975,2.12,0,356.6497467171202
01.05.2025 22:00,8.4,100.73,74.7,,93.47,574.9300000000001,1.812,82.88666666666667,2.12,0,355.3829911237058
01.05.2025 23:00,8.35,87.1,74.7,,88.11500000000001,476.4975,3.315,73.19,2.12,0,347.3456782940723
02.05.2025 00:00,8.35,89.92,74.7,,80.5275,340.635,44.784,57.8325,3.43,0,329.8632696435542
02.05.2025 01:00,8.35,77.12,74.7,,74.7175,412.9625,19.405,56.1375,3.43,0,322.4540831388218
02.05.2025 02:00,8.35,66.9,74.7,,76.785,376.905,36.17,41.400000000000006,3.43,0,307.4307834970146
02.05.2025 03:00,8.35,63.91,74.7,,85.85000000000001,492.4925,0.089,61.79,3.43,0,289.1140820626616
02.05.2025 04:00,8.35,66.0,74.7,,97.39,587.665,19.122,59.903333333333336,5.03,0,287.91563145972657
02.05.2025 05:00,8.35,74.01,74.7,,85.575,686.2425,53.146,38.8225,5.03,0,295.95535094295246
02.05.2025 06:00,8.35,86.83,74.7,,69.9425,793.59,253.936,27.223333333333333,5.03,0,273.70040447271265
02.05.2025 07:00,8.54,88.55,74.7,,29.4875,962.7275,20.837,67.165,5.03,0,242.58955702547365
02.05.2025 08:00,8.69,84.9,74.7,,2.1050000000000004,972.08,75.602,177.1575,73.33,0,194.38270783974644
02.05.2025 09:00,8.9,55.0,74.7,,2.005,862.36,93.48,18.085,73.33,0,157.34119080908945
02.05.2025 10:00,8.9,0.85,74.7,,-4.33,797.885,28.028,103.0175,73.33,0,143.9401445405292
02.05.2025 11:00,8.9,-0.01,74.7,,-3.575,715.6700000000001,29.972,0.0824999999999991,73.33,0,130.82523407759135
02.05.2025 12:00,8.9,-0.8,74.7,,-0.6725,848.405,26.215,59.440000000000005,100.0,0,125.5684733986918
02.05.2025 13:00,8.9,-3.0,74.7,,-0.4725000000000001,934.485,77.447,-0.3425000000000002,100.0,0,121.5688434830728
02.05.2025 14:00,8.9,-4.0,74.7,,-2.155,1150.9875,20.356,114.78666666666668,100.0,0,123.63168329114852
02.05.2025 15:00,8.69,-0.08,74.7,,42.5,1248.235,92.352,250.5375,100.0,0,127.93302350837534
02.05.2025 16:00,8.54,0.3,74.7,,97.02,1309.295,0.062,654.1166666666667,28.25,0,132.44384240205542
02.05.2025 17:00,8.4,67.5,74.7,,128.29250000000002,980.0175,9.348,98.93,28.25,0,157.75181642610016
02.05.2025 18:00,8.4,99.9,74.7,,156.6625,804.66,0.293,59.185,28.25,0,227.6529741952374
02.05.2025 19:00,8.4,118.39,74.7,,163.43,1009.2675,0.021,86.68,28.25,0,281.1592996448368
02.05.2025 20:00,8.4,150.4,74.7,,123.0025,966.0725,0.037,86.6,1.73,0,301.8165135033914
02.05.2025 21:00,8.4,121.24,74.7,,106.5575,615.26,12.47,153.0675,1.73,0,319.587664713411
02.05.2025 22:00,8.4,106.72,74.7,,91.1275,368.245,1.377,57.6,1.73,0,341.00052613329456
02.05.2025 23:00,8.35,96.44,74.7,,80.6825,411.8725,102.804,119.9175,1.73,0,351.4522551607116
03.05.2025 00:00,8.35,97.81,74.7,,79.62,308.5825,48.5,74.42999999999999,2.75,0,364.97377652532015
03.05.2025 01:00,8.05,93.34,74.7,,76.2375,314.9025,25.923,49.22,2.75,0,376.30450926866615
03.05.2025 02:00,8.05,92.2,74.7,,77.47749999999999,308.905,10.608,180.4375,2.75,0,380.94409827367656
03.05.2025 03:00,8.05,92.0,74.7,,74.92,329.47,2.556,109.855,2.75,0,379.3948987823287
03.05.2025 04:00,8.05,91.23,74.7,,76.22,384.3725,8.229000000000001,44.5675,4.04,0,371.16751159216255
03.05.2025 05:00,8.05,91.84,74.7,,73.0975,589.645,17.619,25.262500000000003,4.04,0,352.6310708545823
03.05.2025 06:00,8.05,92.86,74.7,,65.215,889.1275,255.326,-1.8125,4.04,0,301.9336284473691
03.05.2025 07:00,8.19,87.73,74.7,,49.4725,1142.0549999999998,146.24599999999998,22.015,4.04,0,251.0428534768664
03.05.2025 08:00,8.28,79.9,74.7,,60.3575,1253.6375,18.611,22.48,52.37,0,197.25597501542404
03.05.2025 09:00,8.4,13.53,74.7,,56.77,1169.66,35.484,59.07,52.37,0,167.02261541624554
03.05.2025 10:00,8.4,0.01,74.7,,39.5975,1113.2575000000002,0.012,132.16,52.37,0,157.8937632611457
03.05.2025 11:00,8.4,-0.01,74.7,,21.67,947.185,1.3090000000000002,85.16000000000001,52.37,0,153.33280644935215
03.05.2025 12:00,8.4,-1.16,74.7,,19.6825,937.9525,12.212,16.3675,84.99,0,146.15749781596733
03.05.2025 13:00,8.4,-3.04,74.7,,35.09,1196.3125,31.798,46.865,84.99,0,144.9330419951641
03.05.2025 14:00,8.4,-2.69,74.7,,51.53,1288.6125,0.51,48.27,84.99,0,141.37463313233283
03.05.2025 15:00,8.28,-0.03,74.7,,71.285,1370.2725,200.523,-2.6375,84.99,0,142.35327625670226
03.05.2025 16:00,8.19,0.0,74.7,,78.3725,1269.33,200.332,15.013333333333334,27.69,0,150.99469098246527
03.05.2025 17:00,8.1,28.87,74.7,,86.41499999999999,965.5775,1.398,15.885,27.69,0,171.3769661382579
03.05.2025 18:00,8.1,68.11,74.7,,112.855,860.2175,0.323,63.685,27.69,0,194.04900378172337
03.05.2025 19:00,8.1,77.54,74.7,,89.35,877.4649999999999,1.779,90.67,27.69,0,217.44971665852472
03.05.2025 20:00,8.1,90.27,74.7,,83.9525,861.8675000000001,27.379,43.48333333333333,2.31,0,223.67644918220287
03.05.2025 21:00,8.1,87.02,74.7,,65.8,717.335,5.221,50.8325,2.31,0,216.0351210485111
03.05.2025 22:00,8.1,78.63,74.7,,38.0175,776.7275,41.120000000000005,23.79,2.31,0,210.72095606290628
03.05.2025 23:00,8.05,65.91,74.7,,18.59,778.1525,6.661,64.2925,2.31,0,184.54654044293576
04.05.2025 00:00,8.05,60.3,74.7,,13.0875,537.8525,0.022,42.2375,8.79,0,169.46584933554286
04.05.2025 01:00,8.04,44.9,74.7,,4.2925,560.23,56.865,-10.69,8.79,0,159.3752332417738
04.05.2025 02:00,8.04,31.47,74.7,,-2.6275,552.3975,297.727,-106.4025,8.79,0,152.63675461680765
04.05.2025 03:00,8.04,20.39,74.7,,-3.3325,429.3175,86.931,-27.7275,8.79,0,151.7376754125271
04.05.2025 04:00,8.04,20.02,74.7,,-3.65,561.085,6.592,24.385,10.69,0,152.9635477579613
04.05.2025 05:00,8.04,15.58,74.7,,-6.26,601.0925,100.67,-34.8725,10.69,0,153.80922646611577
04.05.2025 06:00,8.04,13.62,74.7,,-10.9825,865.71,1.28,16.4625,10.69,0,153.79145426273124
04.05.2025 07:00,8.17,7.83,74.7,,-6.047499999999999,843.9225,56.332,-16.302500000000002,10.69,0,152.76081707161063
04.05.2025 08:00,8.26,2.93,74.7,,2.4775,911.265,33.217,-16.255,48.03,0,143.10078871607146
04.05.2025 09:00,8.39,0.0,74.7,,2.0525,779.5475,1.055,28.715,48.03,0,127.55587122088195
04.05.2025 10:00,8.39,-0.01,74.7,,2.6675,754.02,0.0,205.1025,48.03,0,122.90938002127947
04.05.2025 11:00,8.39,-0.01,74.7,,0.64,773.5725,2.867,21.665,48.03,0,121.80614443548735
04.05.2025 12:00,8.39,-0.02,74.7,,-0.375,741.2725,7.959999999999999,9.54,74.16,0,121.27408781521125
04.05.2025 13:00,8.39,-2.0,74.7,,2.1875,768.5775,0.0,77.28,74.16,0,126.69350466270488
04.05.2025 14:00,8.39,-5.01,74.7,,10.3975,896.6775,5.826,38.49,74.16,0,131.77679439731523
04.05.2025 15:00,8.26,-1.59,74.7,,34.347500000000004,1077.065,0.464,59.815,74.16,0,136.97521311398012
04.05.2025 16:00,8.17,-0.01,74.7,,85.11500000000001,1120.55,3.616,23.0575,29.26,0,147.43576860420723
04.05.2025 17:00,8.08,10.07,74.7,,99.955,916.585,1.374,39.36,29.26,0,167.642881273597
04.05.2025 18:00,8.08,80.08,74.7,,104.44,740.865,1.616,64.85,29.26,0,247.84263578366784
04.05.2025 19:00,8.08,95.95,74.7,,106.5725,688.7925,0.157,78.21000000000001,29.26,0,320.00475494017155
04.05.2025 20:00,8.08,109.0,74.7,,96.9425,657.04,12.834,54.60333333333333,1.74,0,355.9998127232016
04.05.2025 21:00,8.08,112.38,74.7,,85.445,572.2675,8.326,56.947500000000005,1.74,0,362.2852115055852
04.05.2025 22:00,8.08,101.79,74.7,,78.395,488.585,0.6539999999999999,43.9375,1.74,0,379.2062025457977
04.05.2025 23:00,8.04,87.35,74.7,,74.405,490.5975,15.618000000000002,49.88,1.74,0,372.42803645670426
05.05.2025 00:00,8.04,75.18,74.7,,67.965,424.28,24.434,52.03,5.83,0,330.0820937303
05.05.2025 01:00,8.35,70.51,74.7,,71.38749999999999,340.21000000000004,1.577,51.615,5.83,0,304.3313496028282
05.05.2025 02:00,8.35,72.25,74.7,,70.1275,475.8725,60.593,23.887500000000003,5.83,0,296.9977770768801
05.05.2025 03:00,8.35,75.15,74.7,,77.1,621.465,8.377,54.1775,5.83,0,299.7071442952061
05.05.2025 04:00,8.35,74.98,74.7,,96.83,637.095,0.022,58.785,6.08,0,307.1283224177966
05.05.2025 05:00,8.35,89.49,74.7,,114.56,679.71,0.204,61.005,6.08,0,324.5375437881968
05.05.2025 06:00,8.35,110.92,74.7,,106.8075,1028.83,33.922,65.19,6.08,0,325.02155634604554
05.05.2025 07:00,8.54,122.57,74.7,,84.8075,1142.4875,81.324,23.195,6.08,0,296.359980434864
05.05.2025 08:00,8.69,106.69,74.7,,62.23,1234.2875,190.509,-17.79,32.45,0,279.080320143484
05.05.2025 09:00,8.9,90.82,74.7,,65.255,1094.7125,4.578,147.19,32.45,0,227.28159053744287
05.05.2025 10:00,8.9,80.0,74.7,,68.9475,900.5525,28.912,8.26,32.45,0,177.13445382197727
05.05.2025 11:00,8.9,61.65,74.7,,61.120000000000005,822.2675,13.383,39.935,32.45,0,169.829391719674
05.05.2025 12:00,8.9,53.83,74.7,,61.39,897.56,19.401,17.555,58.9,0,175.62721705943162
05.05.2025 13:00,8.9,49.66,74.7,,73.715,799.5475,0.5409999999999999,45.1775,58.9,0,172.65476409050953
05.05.2025 14:00,8.9,59.3,74.7,,78.41,894.35,24.676,36.235,58.9,0,182.04109344979497
05.05.2025 15:00,8.69,70.42,74.7,,91.9825,860.505,12.872,28.9775,58.9,0,202.4176135694772
05.05.2025 16:00,8.54,78.88,74.7,,104.51,710.7925,31.701000000000004,23.380000000000003,21.78,0,235.76139692037677
05.05.2025 17:00,8.4,89.22,74.7,,125.1475,675.565,5.51,59.36333333333334,21.78,0,281.66586627833885
05.05.2025 18:00,8.4,100.1,74.7,,113.305,629.9225,0.5619999999999999,87.24249999999999,21.78,0,322.24787204527166
05.05.2025 19:00,8.4,128.92,74.7,,103.14,617.9025,5.877,83.8425,21.78,0,345.4242610751978
05.05.2025 20:00,8.4,128.0,74.7,,94.1475,537.8475,18.996,53.085,1.74,0,366.6037930764946
05.05.2025 21:00,8.4,113.17,74.7,,81.0025,579.08,31.781,36.16,1.74,0,367.978046308603
05.05.2025 22:00,8.4,101.52,74.7,,80.66,503.74,6.673,44.41,1.74,0,375.3638195665373
05.05.2025 23:00,8.35,94.46,74.7,,74.4275,386.7625,1.183,60.75666666666666,1.74,0,374.69402480217263
06.05.2025 00:00,8.35,87.22,74.7,,81.77,382.1075,0.005,62.05,4.02,0,363.17585647556825
06.05.2025 01:00,8.35,81.68,74.7,,81.015,340.7625,0.003,,4.02,0,353.2682473541534
06.05.2025 02:00,8.35,81.29,74.7,,85.6775,397.945,3.774,65.025,4.02,0,365.386305687177
06.05.2025 03:00,8.35,79.96,74.7,,80.47,597.4475,0.94,68.93666666666667,4.02,0,373.7790345380041
06.05.2025 04:00,8.35,82.39,74.7,,118.8225,744.32,0.0,,4.43,0,377.5374173341412
06.05.2025 05:00,8.35,97.08,74.7,,133.635,1004.5175,8.267,21.55,4.43,0,368.8578430209518
06.05.2025 06:00,8.35,114.57,74.7,,101.3925,1121.98,5.259,85.6225,4.43,0,323.47393735552254
06.05.2025 07:00,8.54,121.86,74.7,,75.25999999999999,1097.1575,86.846,12.8925,4.43,0,285.85021628358123
06.05.2025 08:00,8.69,108.37,74.7,,34.722500000000004,1178.3375,244.732,-38.2675,28.73,0,257.53795273840205
06.05.2025 09:00,8.9,83.08,74.7,,13.3075,1045.87,57.853,-5.5425,28.73,0,193.8105883370759
06.05.2025 10:00,8.9,72.27,74.7,,5.834999999999999,915.58,44.379000000000005,25.125000000000004,28.73,0,149.08880699507228
06.05.2025 11:00,8.9,59.89,74.7,,0.135,864.355,28.511000000000003,17.6025,28.73,0,140.61444769498408
06.05.2025 12:00,8.9,42.81,74.7,,10.365,905.445,52.218,13.7025,54.7,0,138.53911085256203
06.05.2025 13:00,8.9,38.17,74.7,,15.85,1135.18,300.035,-33.06,54.7,0,139.11001636714298
06.05.2025 14:00,8.9,45.44,74.7,,31.4725,1081.505,21.999,35.010000000000005,54.7,0,139.0895400180557
06.05.2025 15:00,8.69,65.0,74.7,,63.3475,1251.6825,0.257,23.15,54.7,0,148.41274872284697
06.05.2025 16:00,8.54,73.73,74.7,,98.9275,1460.27,1.318,36.9925,18.61,0,168.37935192918937
06.05.2025 17:00,8.4,89.99,74.7,,127.3325,1103.01,34.852,29.295,18.61,0,217.6813105555069
06.05.2025 18:00,8.4,106.89,74.7,,162.64,797.835,1.467,65.25,18.61,0,292.4307508612469
06.05.2025 19:00,8.4,134.09,74.7,,131.6425,676.63,0.027,111.0,18.61,0,331.8270128366675
06.05.2025 20:00,8.4,161.18,74.7,,121.3725,674.6,21.473,68.735,1.36,0,359.6677673036066
06.05.2025 21:00,8.4,136.6,74.7,,95.5075,502.43,53.185,57.61,1.36,0,370.2968639965366
06.05.2025 22:00,8.4,118.28,74.7,,99.17,427.3825,2.785,83.425,1.36,0,397.32740254680266
06.05.2025 23:00,8.35,101.27,74.7,,92.285,355.6125,0.859,75.81333333333333,1.36,0,427.2150377964385
07.05.2025 00:00,8.35,92.67,74.7,,88.38250000000001,314.0775,0.2309999999999999,84.43,3.26,0,436.7645770299064
07.05.2025 01:00,8.35,87.05,74.7,,89.16499999999999,268.6975,2.912,43.995000000000005,3.26,0,452.3362455914052
07.05.2025 02:00,8.35,85.63,74.7,,90.435,383.55,19.497,71.8525,3.26,0,466.9182847433343
07.05.2025 03:00,8.35,88.6,74.7,,94.8675,467.09,146.845,24.68,3.26,0,471.74000712744254
07.05.2025 04:00,8.35,95.16,74.7,,116.0875,588.4175,17.596,60.723333333333336,3.38,0,472.2149269711834
07.05.2025 05:00,8.35,108.57,74.7,,125.4425,784.5725,0.01,81.29,3.38,0,467.5111768769559
07.05.2025 06:00,8.35,131.68,74.7,,136.1175,1079.34,0.303,68.94666666666667,3.38,0,409.09007009481047
07.05.2025 07:00,8.54,143.95,74.7,,83.0775,1104.4675,78.545,31.835,3.38,0,365.43021677719753
07.05.2025 08:00,8.69,125.0,74.7,,65.9575,943.525,43.85,41.9475,22.9,0,327.10773921021826
07.05.2025 09:00,8.9,96.43,74.7,,54.695,905.08,57.778,22.22,22.9,0,278.31604589169393
07.05.2025 10:00,8.9,82.41,74.7,,46.53,802.6525,67.59,4.24,22.9,0,220.59707884034776
07.05.2025 11:00,8.9,73.3,74.7,,41.7675,741.255,8.529,51.7,22.9,0,188.0164259153398
07.05.2025 12:00,8.9,64.43,74.7,,54.735,914.0725,98.441,30.99,42.84,0,177.3189539676091
07.05.2025 13:00,8.9,63.92,74.7,,71.0775,934.69,13.136,47.0375,42.84,0,177.6523361955954
07.05.2025 14:00,8.9,68.04,74.7,,81.845,1121.8375,7.526000000000001,56.43000000000001,42.84,0,182.3397284372106
07.05.2025 15:00,8.69,75.0,74.7,,94.4975,1103.3674999999998,7.563000000000001,61.315,42.84,0,217.6417721700557
07.05.2025 16:00,8.54,81.8,74.7,,114.9425,1040.1625,4.588,72.005,14.61,0,264.79486940760324
07.05.2025 17:00,8.4,95.85,74.7,,140.0575,903.84,11.921,78.50333333333333,14.61,0,308.4789740440506
07.05.2025 18:00,8.4,108.49,74.7,,209.9375,834.5225,0.0,58.59,14.61,0,343.5308936627896
07.05.2025 19:00,8.4,128.93,74.7,,158.76,822.9725,0.008,,14.61,0,368.6222185056124
07.05.2025 20:00,8.4,147.15,74.7,,121.19,731.7225,21.704,59.96333333333333,1.26,0,383.7154031448674
07.05.2025 21:00,8.4,125.18,74.7,,100.315,545.6975,1.966,77.8475,1.26,0,387.6454269563232
07.05.2025 22:00,8.4,108.49,74.7,,95.1675,356.23,0.042,85.8325,1.26,0,406.51379533327895
07.05.2025 23:00,8.35,96.59,74.7,,94.385,381.4175,0.0,109.66,1.26,0,418.8390399868983
08.05.2025 00:00,8.35,95.86,74.7,,94.105,296.98,1.577,77.94,2.83,0,419.1289283257949
08.05.2025 01:00,8.35,91.66,74.7,,91.1625,248.24,3.331,84.3,2.83,0,407.5062257651485
08.05.2025 02:00,8.35,91.51,74.7,,91.7575,315.15250000000003,2.051,100.085,2.83,0,424.70310657583366
08.05.2025 03:00,8.35,93.18,74.7,,101.4475,428.4675,0.414,92.83,2.83,0,443.12792784795374
08.05.2025 04:00,8.35,96.09,74.7,,128.5275,553.705,0.031,105.85,2.8,0,453.05949191337567
08.05.2025 05:00,8.35,109.25,74.7,,137.5425,720.4525,0.301,80.19,2.8,0,462.8929732485166
08.05.2025 06:00,8.35,124.27,74.7,,131.405,1018.2125,0.014,109.76,2.8,0,412.9958082565959
08.05.2025 07:00,8.54,138.73,74.7,,91.9225,1069.505,257.155,51.836666666666666,2.8,0,376.2339432855962
08.05.2025 08:00,8.69,124.11,74.7,,70.64,1222.6725,169.884,23.7025,18.7,0,342.21775676393526
08.05.2025 09:00,8.9,101.13,74.7,,43.095,1005.085,175.406,-3.74,18.7,0,283.0937185391051
08.05.2025 10:00,8.9,87.81,74.7,,9.48,850.845,85.502,5.987500000000001,18.7,0,207.1774715543777
08.05.2025 11:00,8.9,75.34,74.7,,47.535,1176.11,0.051,34.715,18.7,0,174.0614135302294
08.05.2025 12:00,8.9,64.25,74.7,,69.9075,1180.1275,1.841,35.8,36.66,0,162.6162312827548
08.05.2025 13:00,8.9,63.75,74.7,,85.755,1084.1925,0.901,112.65,36.66,0,181.48518718926852
08.05.2025 14:00,8.9,70.05,74.7,,107.1725,1339.575,3.378,97.15,36.66,0,213.2142066759224
08.05.2025 15:00,8.69,78.77,74.7,,112.095,1264.0,0.39,67.63,36.66,0,229.51103796906816
08.05.2025 16:00,8.54,85.3,74.7,,135.32999999999998,1412.24,1.088,72.44,11.87,0,265.7823846700761
08.05.2025 17:00,8.4,91.63,74.7,,203.8425,1305.7575,0.6880000000000001,76.995,11.87,0,311.95463109427374
08.05.2025 18:00,8.4,109.09,74.7,,292.06,878.4475,2.152,76.06,11.87,0,360.6844431107292
08.05.2025 19:00,8.4,134.96,74.7,,202.265,895.5275,0.0,,11.87,0,374.08845258239495
08.05.2025 20:00,8.4,185.08,74.7,,139.595,953.185,26.904,68.27666666666666,1.13,0,397.7835237078887
08.05.2025 21:00,8.4,143.18,74.7,,124.3525,634.0799999999999,7.348,63.355,1.13,0,402.014092395679
08.05.2025 22:00,8.4,114.77,74.7,,106.545,496.29,1.352,76.2475,1.13,0,425.5292761319333
08.05.2025 23:00,8.35,106.48,74.7,,104.3375,387.6975,0.017,78.0,1.13,0,454.1450006783556
09.05.2025 00:00,8.35,102.27,74.7,,112.3075,456.485,0.0,,2.3,0,475.48626177930817
09.05.2025 01:00,8.35,96.55,74.7,,115.04,501.1175,1.809,89.33,2.3,0,486.5795208453196
09.05.2025 02:00,8.35,93.76,74.7,,122.785,626.3675000000001,5.191,75.58,2.3,0,498.4486913710136
09.05.2025 03:00,8.35,95.09,74.7,,135.2075,698.915,18.683,74.3175,2.3,0,509.0956112975397
09.05.2025 04:00,8.35,100.28,74.7,,157.6525,813.9275,0.035,91.98,2.31,0,518.8567474063291
09.05.2025 05:00,8.35,112.4,74.7,,163.645,1046.315,0.097,88.92,2.31,0,510.2544048215767
09.05.2025 06:00,8.35,141.0,74.7,,115.295,1242.175,0.008,140.0,2.31,0,448.622957025451
09.05.2025 07:00,8.54,136.03,74.7,,78.29,1197.3225,0.627,97.09333333333332,2.31,0,377.5743602546293
09.05.2025 08:00,8.69,100.61,74.7,,54.0,1303.195,25.466,38.7725,23.85,0,311.3671603883027
09.05.2025 09:00,8.9,82.0,74.7,,17.275,1051.01,151.53199999999998,0.7424999999999999,23.85,0,222.7631340165813
09.05.2025 10:00,8.9,51.6,74.7,,6.2075000000000005,760.435,177.378,-2.9675,23.85,0,172.97806394063167
09.05.2025 11:00,8.9,0.1,74.7,,-2.605,662.665,322.243,-39.947500000000005,23.85,0,149.35523900244496
09.05.2025 12:00,8.9,-0.74,74.7,,-6.3375,850.0475,244.107,-34.325,59.76,0,143.14123133671006
09.05.2025 13:00,8.9,-0.04,74.7,,5.404999999999999,837.33,2.0569999999999995,35.8025,59.76,0,146.61397013920353
09.05.2025 14:00,8.9,-0.01,74.7,,17.607499999999998,1244.4,141.811,-24.2075,59.76,0,148.37453650946446
09.05.2025 15:00,8.69,0.09,74.7,,63.405,1200.85,151.338,-22.6125,59.76,0,151.37822605063903
09.05.2025 16:00,8.54,52.66,74.7,,90.985,1284.755,2.416,20.5375,18.47,0,166.36570906833202
09.05.2025 17:00,8.4,79.06,74.7,,118.5625,933.885,5.356,43.45,18.47,0,214.34119985118247
09.05.2025 18:00,8.4,98.9,74.7,,129.7575,609.24,0.105,42.81,18.47,0,315.62742929702506
09.05.2025 19:00,8.4,120.0,74.7,,139.7075,710.415,0.0,,18.47,0,376.4224674821895
09.05.2025 20:00,8.4,149.13,74.7,,109.555,668.305,12.856,29.456666666666667,1.01,0,403.90699573085874
09.05.2025 21:00,8.4,130.35,74.7,,101.3275,462.01,0.0,90.33,1.01,0,401.69944573976767
09.05.2025 22:00,8.4,107.32,74.7,,99.47,433.0975,0.0,93.875,1.01,0,406.65008482573575
09.05.2025 23:00,8.35,98.32,74.7,,98.5275,403.6175,27.649,49.4475,1.01,0,414.8356207518395
10.05.2025 00:00,8.35,105.22,74.7,,101.7375,446.1975,2.161,70.37,2.07,0,423.52260806280367
10.05.2025 01:00,8.05,102.91,74.7,,102.22,311.4225,0.005,79.57,2.07,0,438.6716390874648
10.05.2025 02:00,8.05,98.78,74.7,,125.4775,478.2675,0.019,81.555,2.07,0,445.0203286655324
10.05.2025 03:00,8.05,96.28,74.7,,123.635,521.8975,0.0,140.0,2.07,0,453.33526492473214
10.05.2025 04:00,8.05,100.9,74.7,,121.4125,612.6625,0.0,140.0,2.39,0,453.4985511377674
10.05.2025 05:00,8.05,100.47,74.7,,107.6425,861.3525,11.314,51.425,2.39,0,466.7403773488015
10.05.2025 06:00,8.05,97.73,74.7,,85.6575,1092.7375,0.93,85.86,2.39,0,445.03652889718416
10.05.2025 07:00,8.19,93.91,74.7,,46.4275,1213.7675,6.467,42.32,2.39,0,364.035733431642
10.05.2025 08:00,8.28,73.72,74.7,,32.6325,1188.98,2.779,48.4,48.46,0,247.9463565614447
10.05.2025 09:00,8.4,9.02,74.7,,8.0325,910.0975,18.724,-2.543333333333333,48.46,0,169.51390990047005
10.05.2025 10:00,8.4,-0.07,74.7,,-15.2025,687.91,32.979,-4.6275,48.46,0,139.6489990207043
10.05.2025 11:00,8.4,-22.88,74.7,,-75.86749999999999,629.015,19.694,-5.2700000000000005,48.46,0,130.9970379403738
10.05.2025 12:00,8.4,-58.48,74.7,,-127.6925,811.59,73.478,-51.715,85.66,0,126.4410248336807
10.05.2025 13:00,8.4,-114.53,74.7,,-61.1,845.2975,47.569,-21.2675,85.66,0,127.0376802649892
10.05.2025 14:00,8.4,-110.51,74.7,,-3.8475,1053.18,13.199,14.04,85.66,0,131.175400309892
10.05.2025 15:00,8.28,-49.52,74.7,,44.50749999999999,1275.08,9.64,12.51,85.66,0,134.1814938498743
10.05.2025 16:00,8.19,-5.94,74.7,,84.4125,1071.085,20.885,21.84,27.32,0,141.7112771225623
10.05.2025 17:00,8.1,23.99,74.7,,97.265,867.0425,0.024,60.495000000000005,27.32,0,165.95816353992407
10.05.2025 18:00,8.1,95.27,74.7,,112.02,620.4725000000001,0.411,46.08,27.32,0,237.7083990776792
10.05.2025 19:00,8.1,124.04,74.7,,120.9575,640.6675,1.003,61.935,27.32,0,305.2308831849847
10.05.2025 20:00,8.1,163.2,74.7,,106.5225,548.6775,1.376,62.16,1.27,0,325.01426626881647
10.05.2025 21:00,8.1,129.49,74.7,,95.26,486.1825,11.105,63.77,1.27,0,311.6880135358011
10.05.2025 22:00,8.1,107.72,74.7,,91.3175,432.225,7.827,66.75750000000001,1.27,0,296.75655646865346
10.05.2025 23:00,8.05,94.49,74.7,,82.1125,412.525,27.267000000000003,49.8925,1.27,0,296.4465971597874
11.05.2025 00:00,8.05,97.8,74.7,,83.1125,370.35,7.32,61.0775,2.72,0,299.49530482428514
11.05.2025 01:00,8.04,95.1,74.7,,82.45,304.52,4.514,59.053333333333335,2.72,0,309.73229736053884
11.05.2025 02:00,8.04,94.51,74.7,,87.2075,220.9775,0.009,86.62666666666667,2.72,0,309.11094380062275
11.05.2025 03:00,8.04,95.42,74.7,,86.1475,352.89750000000004,1.75,50.885,2.72,0,310.26923816075566
11.05.2025 04:00,8.04,95.39,74.7,,82.0375,474.4175,37.403,19.5375,3.93,0,311.02192943734667
11.05.2025 05:00,8.04,95.45,74.7,,81.4825,801.69,0.01,85.83,3.93,0,298.6145183535823
11.05.2025 06:00,8.04,87.61,74.7,,30.545,1059.78,0.043,76.975,3.93,0,283.0170203155811
11.05.2025 07:00,8.17,65.76,74.7,,18.965,1199.2225,1.036,30.69,3.93,0,228.70241578890392
11.05.2025 08:00,8.26,4.96,74.7,,-5.2175,972.4825,5.218999999999999,13.395,78.09,0,168.72379379642712
11.05.2025 09:00,8.39,-0.1,74.7,,-22.185,764.5975000000001,3.841,9.5175,78.09,0,141.91757676533126
11.05.2025 10:00,8.39,-12.02,74.7,,-107.915,862.3925,25.742,-24.115,78.09,0,127.25840307543078
11.05.2025 11:00,8.39,-51.95,74.7,,-160.775,738.7049999999999,83.894,-53.625,78.09,0,118.02067355356274
11.05.2025 12:00,8.39,-212.82,74.7,,-125.6875,866.715,331.732,-135.1275,169.98,0,116.89526065127068
11.05.2025 13:00,8.39,-250.32,74.7,,-39.2525,809.0575,403.893,-68.56,169.98,0,117.86946212874952
11.05.2025 14:00,8.39,-230.98,74.7,,-12.645,819.2025,194.213,-34.6175,169.98,0,120.7356101761454
11.05.2025 15:00,8.26,-110.06,74.7,,24.2575,1183.3125,51.374,3.53,169.98,0,123.33111279493646
11.05.2025 16:00,8.17,-18.52,74.7,,73.605,1171.775,13.709,24.066666666666663,37.0,0,132.65551225407654
11.05.2025 17:00,8.08,-0.08,74.7,,104.86,945.01,3.51,33.68666666666667,37.0,0,149.3618646512969
11.05.2025 18:00,8.08,85.96,74.7,,134.8325,873.8249999999999,0.0,,37.0,0,188.09131905724144
11.05.2025 19:00,8.08,117.11,74.7,,122.87,1044.83,4.932,14.37,37.0,0,225.07958128501488
11.05.2025 20:00,8.08,124.86,74.7,,94.415,942.63,60.034,19.4475,1.69,0,233.71012451576885
11.05.2025 21:00,8.08,109.55,74.7,,87.75999999999999,723.9675,9.183,47.4275,1.69,0,219.6813945076109
11.05.2025 22:00,8.08,98.45,74.7,,74.5675,590.0350000000001,3.452,38.5175,1.69,0,215.8190118183693
11.05.2025 23:00,8.04,84.68,74.7,,73.545,373.32,12.309,34.355,1.69,0,211.37954255829712
12.05.2025 00:00,8.04,86.0,74.7,,79.4525,361.295,3.482,61.325,8.76,0,223.0956973261947
12.05.2025 01:00,8.35,81.28,74.7,,80.75,379.84,0.147,71.17,8.76,0,230.16729728095584
12.05.2025 02:00,8.35,80.95,74.7,,92.0725,441.8325,0.0,,8.76,0,235.76454330523416
12.05.2025 03:00,8.35,81.48,74.7,,97.8175,541.335,0.243,35.42,8.76,0,245.41279061326412
12.05.2025 04:00,8.35,84.65,74.7,,126.5425,696.4925000000001,3.876,24.02,31.04,0,256.60830551221284
12.05.2025 05:00,8.35,97.71,74.7,,172.415,929.0675,0.023,77.42,31.04,0,263.4467971132248
12.05.2025 06:00,8.35,137.05,74.7,,101.5975,1102.405,59.267,28.44333333333333,31.04,0,238.1479577234217
12.05.2025 07:00,8.54,141.15,74.7,,67.955,1235.85,70.943,29.525,31.04,0,219.18782856017228
12.05.2025 08:00,8.69,108.49,74.7,,30.2125,1013.155,251.827,-7.7875,431.72,0,195.87044198142755
12.05.2025 09:00,8.9,69.74,74.7,,11.8775,901.5525,458.187,-8.9225,431.72,0,153.20325942533142
12.05.2025 10:00,8.9,0.49,74.7,,-0.8974999999999999,663.205,378.063,-9.35,431.72,0,120.50575549681729
12.05.2025 11:00,8.9,-3.91,74.7,,-2.3575,571.98,138.894,5.565,431.72,0,114.1235666045533
12.05.2025 12:00,8.9,-25.0,74.7,,-1.415,629.115,224.011,4.5625,675.0,0,113.05555183616777
12.05.2025 13:00,8.9,-35.0,74.7,,1.245,707.9325,116.439,13.455,675.0,0,114.49503079004872
12.05.2025 14:00,8.9,-29.9,74.7,,19.655,1140.9725,206.338,5.6425,675.0,0,115.5014289256326
12.05.2025 15:00,8.69,-8.59,74.7,,65.45,1230.5124999999998,67.468,48.6725,675.0,0,119.41706031255868
12.05.2025 16:00,8.54,-0.01,74.7,,93.345,1281.77,95.945,5.890000000000001,475.73,0,128.6588049978524
12.05.2025 17:00,8.4,72.58,74.7,,144.975,987.8475,46.866,38.93666666666667,475.73,0,171.1177270432329
12.05.2025 18:00,8.4,107.12,74.7,,209.51,870.1275,3.941,47.66,475.73,0,244.21881279228467
12.05.2025 19:00,8.4,141.41,74.7,,130.5075,963.6475,16.247,22.21,475.73,0,295.41404111239444
12.05.2025 20:00,8.4,172.7,74.7,,99.2725,731.775,51.77,34.255,34.0,0,319.26355181654344
12.05.2025 21:00,8.4,117.25,74.7,,89.605,549.9225,123.555,18.65,34.0,0,314.20444727227846
12.05.2025 22:00,8.4,100.11,74.7,,87.97500000000001,340.59,2.638,57.425,34.0,0,310.0749038301502
12.05.2025 23:00,8.35,92.97,74.7,,85.215,291.765,0.624,66.5425,34.0,0,316.47590605696666
13.05.2025 00:00,8.35,89.87,74.7,,90.535,332.6575,0.063,70.18,29.64,0,330.4388046751277
13.05.2025 01:00,8.35,88.55,74.7,,99.3125,395.25,0.447,62.96,29.64,0,347.7807385230456
13.05.2025 02:00,8.35,89.2,74.7,,102.8875,437.63,3.847,72.43,29.64,0,377.8124132391988
13.05.2025 03:00,8.35,93.94,74.7,,103.66,488.645,20.695,57.6975,29.64,0,405.7440960528366
13.05.2025 04:00,8.35,96.71,74.7,,122.6575,699.155,12.813,73.25,14.15,0,423.81053811915046
13.05.2025 05:00,8.35,104.0,74.7,,126.6975,813.6225000000001,0.026,78.02,14.15,0,429.4468710776691
13.05.2025 06:00,8.35,136.77,74.7,,98.645,1190.2425,0.908,84.3225,14.15,0,391.5352805985823
13.05.2025 07:00,8.54,128.33,74.7,,75.08,1236.0725,87.053,46.62,14.15,0,355.1232289340018
13.05.2025 08:00,8.69,100.42,74.7,,13.875,1009.5675,173.889,27.292500000000004,149.53,0,305.8050812631011
13.05.2025 09:00,8.9,79.36,74.7,,-10.3875,788.8225,437.025,-18.9375,149.53,0,227.8779896839561
13.05.2025 10:00,8.9,16.09,74.7,,-14.815,716.7025,114.234,6.5525,149.53,0,162.08711211077045
13.05.2025 11:00,8.9,-0.75,74.7,,-13.765,502.1425,93.852,1.8525000000000005,149.53,0,145.78693566882683
13.05.2025 12:00,8.9,-6.0,74.7,,-16.6075,630.8625,247.452,2.5900000000000007,240.0,0,143.1919844617995
13.05.2025 13:00,8.9,-16.0,74.7,,-6.227499999999999,737.4549999999999,32.871,19.88,240.0,0,143.07013295322622
13.05.2025 14:00,8.9,-6.55,74.7,,6.604999999999999,829.3075,91.968,31.625,240.0,0,147.34764894303518
13.05.2025 15:00,8.69,-3.83,74.7,,69.0875,1026.3875,65.891,31.6325,240.0,0,155.64587349150838
13.05.2025 16:00,8.54,0.55,74.7,,102.8825,805.96,15.879,24.68,99.41,0,171.4911157672365
13.05.2025 17:00,8.4,74.0,74.7,,193.01,559.585,27.852,40.14,99.41,0,239.41781157276668
13.05.2025 18:00,8.4,105.23,74.7,,249.945,449.53,52.56,36.1675,99.41,0,329.4106884499401
13.05.2025 19:00,8.4,151.07,74.7,,158.6975,595.165,0.084,86.12,99.41,0,390.2702397317332
13.05.2025 20:00,8.4,223.58,74.7,,125.86,552.8050000000001,0.002,,10.64,0,415.59242570343775
13.05.2025 21:00,8.4,148.96,74.7,,121.99,483.375,3.339,65.93,10.64,0,424.9509472249686
13.05.2025 22:00,8.4,111.97,74.7,,107.0975,469.3675,32.766000000000005,66.0075,10.64,0,424.9344420745163
13.05.2025 23:00,8.35,102.63,74.7,,101.135,413.8975,0.412,84.725,10.64,0,446.1837865349957
14.05.2025 00:00,8.35,102.78,74.7,,102.355,335.51750000000004,1.965,87.5,14.26,0,473.2940863454784
14.05.2025 01:00,8.35,97.3,74.7,,109.66,324.0,1.912,73.035,14.26,0,478.2920676612492
14.05.2025 02:00,8.35,95.41,74.7,,113.3775,342.6975,0.062,87.745,14.26,0,491.8192952928962
14.05.2025 03:00,8.35,96.96,74.7,,116.01,495.6275,0.881,83.415,14.26,0,495.8101369817888
14.05.2025 04:00,8.35,98.56,74.7,,126.7425,475.585,0.593,73.46333333333332,8.19,0,483.5990617529769
14.05.2025 05:00,8.35,103.94,74.7,,129.055,996.055,0.3989999999999999,83.33666666666666,8.19,0,461.661508207497
14.05.2025 06:00,8.35,128.58,74.7,,93.465,1173.63,379.537,61.11,8.19,0,405.0411703282609
14.05.2025 07:00,8.54,122.51,74.7,,64.76,1240.2675,94.038,41.94,8.19,0,350.0187283767256
14.05.2025 08:00,8.69,99.56,74.7,,11.3375,1163.265,126.55,-30.636666666666667,99.2,0,270.3623705355444
14.05.2025 09:00,8.9,70.92,74.7,,0.9750000000000004,919.8525,186.97,-60.5275,99.2,0,181.8548490135176
14.05.2025 10:00,8.9,0.2,74.7,,-3.14,603.215,81.175,4.49,99.2,0,144.54078209878614
14.05.2025 11:00,8.9,-1.67,74.7,,-4.5375,644.3225,84.44800000000001,9.5975,99.2,0,134.7001027206478
14.05.2025 12:00,8.9,-18.16,74.7,,-5.57,705.8675000000001,75.03,-0.8275000000000006,195.0,0,132.6523020674689
14.05.2025 13:00,8.9,-29.91,74.7,,-3.155,669.2925,149.67000000000002,-6.0975,195.0,0,134.59876223384612
14.05.2025 14:00,8.9,-31.82,74.7,,3.9625,945.4925,42.446000000000005,32.19,195.0,0,136.63266097127183
14.05.2025 15:00,8.69,-12.79,74.7,,25.9725,1200.7025,282.92,6.055,195.0,0,137.70043280991123
14.05.2025 16:00,8.54,-1.33,74.7,,78.795,1204.5275,268.434,15.6275,67.52,0,143.75489954825866
14.05.2025 17:00,8.4,30.94,74.7,,101.6725,1004.4875,191.802,26.45,67.52,0,154.4489038996947
14.05.2025 18:00,8.4,91.6,74.7,,114.6875,650.3375,26.726,56.02,67.52,0,226.1320138908317
14.05.2025 19:00,8.4,114.0,74.7,,102.2575,626.4100000000001,111.711,44.265,67.52,0,284.15945822374084
14.05.2025 20:00,8.4,158.45,74.7,,91.77,674.405,74.929,52.79,5.78,0,310.5355132256966
14.05.2025 21:00,8.4,132.59,74.7,,75.255,713.805,8.548,63.2825,5.78,0,313.2936779660794
14.05.2025 22:00,8.4,109.08,74.7,,85.1225,462.55,2.048,66.89,5.78,0,311.40792847405584
14.05.2025 23:00,8.35,99.86,74.7,,80.6925,385.3925,9.391,64.8375,5.78,0,304.6444698951529
15.05.2025 00:00,8.35,98.06,74.7,,83.7825,312.5025,1.097,76.655,12.58,0,311.2362225014534
15.05.2025 01:00,8.35,89.88,74.7,,89.395,423.5675,0.0,,12.58,0,316.6937204406005
15.05.2025 02:00,8.35,87.8,74.7,,84.9425,531.8399999999999,204.706,39.035,12.58,0,338.4026961788883
15.05.2025 03:00,8.35,87.63,74.7,,90.3775,518.935,16.33,65.395,12.58,0,340.0209834238876
15.05.2025 04:00,8.35,90.28,74.7,,99.475,561.565,20.626,61.16,7.0,0,336.66433849494024
15.05.2025 05:00,8.35,98.94,74.7,,111.225,769.9725,22.105,72.5425,7.0,0,337.67188253779454
15.05.2025 06:00,8.35,119.9,74.7,,97.44,1347.37,12.876,57.16,7.0,0,312.5165063782249
15.05.2025 07:00,8.54,119.91,74.7,,61.18,1328.025,216.759,39.34,7.0,0,285.54547998348875
15.05.2025 08:00,8.69,102.06,74.7,,-1.5725000000000016,1040.99,39.521,29.52,296.07,0,244.76942798634087
15.05.2025 09:00,8.9,75.65,74.7,,-1.5225,873.8875,228.889,-96.4275,296.07,0,170.1445783799844
15.05.2025 10:00,8.9,4.58,74.7,,-4.827500000000001,739.2225,129.309,-8.022499999999999,296.07,0,141.12631264767472
15.05.2025 11:00,8.9,-0.08,74.7,,-7.2,587.5425,16.869,38.675,296.07,0,136.1014731288683
15.05.2025 12:00,8.9,-4.97,74.7,,-3.73,573.8225,153.947,3.625,1597.12,0,133.80338301205958
15.05.2025 13:00,8.9,-14.76,74.7,,-3.22,684.51,211.828,-1.1500000000000004,1597.12,0,133.02904706918287
15.05.2025 14:00,8.9,-14.25,74.7,,0.0324999999999997,790.5725,224.48800000000003,-2.92,1597.12,0,130.83477767234726
15.05.2025 15:00,8.69,-6.62,74.7,,1.5325000000000006,1067.3175,267.957,-4.3325,1597.12,0,130.61722005467345
15.05.2025 16:00,8.54,-0.6,74.7,,70.315,1150.8075,77.011,10.9875,290.0,0,135.1006436873934
15.05.2025 17:00,8.4,3.83,74.7,,119.725,1226.1725,83.922,5.286666666666666,290.0,0,146.0989476241001
15.05.2025 18:00,8.4,76.11,74.7,,142.455,947.78,11.053,64.63666666666667,290.0,0,204.77366377766396
15.05.2025 19:00,8.4,108.97,74.7,,218.015,1109.97,0.984,,290.0,0,278.90510776128855
15.05.2025 20:00,8.4,130.74,74.7,,122.5825,936.015,43.049,65.86999999999999,4.6,0,315.9287731098834
15.05.2025 21:00,8.4,125.13,74.7,,98.3,706.7475,465.746,26.98,4.6,0,334.26398999164024
15.05.2025 22:00,8.4,110.49,74.7,,92.3,413.76,303.637,43.4375,4.6,0,349.218469255654
15.05.2025 23:00,8.35,101.0,74.7,,85.885,362.2475,2.489,48.02666666666666,4.6,0,357.5289500004965
16.05.2025 00:00,8.35,94.5,74.7,,86.6375,323.0375,21.108,57.655,7.78,0,368.7685825163354
16.05.2025 01:00,8.35,88.47,74.7,,97.1175,314.9625,0.0,,7.78,0,370.7255883148065
16.05.2025 02:00,8.35,84.91,74.7,,96.5525,423.11,0.091,75.54,7.78,0,372.48540648605945
16.05.2025 03:00,8.35,85.0,74.7,,102.0675,442.255,29.493,54.89000000000001,7.78,0,374.97365381470064
16.05.2025 04:00,8.35,88.76,74.7,,106.985,490.6375,44.033,59.60333333333333,4.83,0,373.2417174020258
16.05.2025 05:00,8.35,98.26,74.7,,114.395,679.0550000000001,0.136,81.89,4.83,0,361.9452682320929
16.05.2025 06:00,8.35,113.18,74.7,,96.6225,1068.85,0.0,,4.83,0,332.5095239709836
16.05.2025 07:00,8.54,117.6,74.7,,80.0625,1097.235,27.558,44.18666666666667,4.83,0,300.2250284909733
16.05.2025 08:00,8.69,106.66,74.7,,32.03,1193.14,329.169,-10.1675,119.75,0,255.7021369438388
16.05.2025 09:00,8.9,78.99,74.7,,20.905,1030.005,70.157,12.2725,119.75,0,192.4831807595723
16.05.2025 10:00,8.9,11.11,74.7,,22.6475,1168.2175,4.643,9.53,119.75,0,132.64727481354126
16.05.2025 11:00,8.9,-0.01,74.7,,3.2225,925.245,249.629,3.785,119.75,0,125.84867708620204
16.05.2025 12:00,8.9,-3.15,74.7,,0.82,770.4475,349.926,-3.9325,246.13,0,126.9730312114307
16.05.2025 13:00,8.9,-1.97,74.7,,8.175,871.5975,52.35,49.9175,246.13,0,124.99946096889636
16.05.2025 14:00,8.9,-1.55,74.7,,41.7875,1205.035,0.8570000000000001,48.91,246.13,0,126.01324394587864
16.05.2025 15:00,8.69,-0.01,74.7,,78.7175,1364.1225,18.226,25.095,246.13,0,129.43891081316394
16.05.2025 16:00,8.54,2.98,74.7,,103.2675,1258.7925,71.422,37.48,74.25,0,147.23654693847976
16.05.2025 17:00,8.4,69.79,74.7,,118.1975,1122.9625,38.037,52.8925,74.25,0,188.8766482671494
16.05.2025 18:00,8.4,100.05,74.7,,156.9675,905.735,10.764,65.99000000000001,74.25,0,247.09913636166823
16.05.2025 19:00,8.4,111.81,74.7,,141.405,846.2325000000001,12.018,89.0,74.25,0,294.63188708539093
16.05.2025 20:00,8.4,154.91,74.7,,114.22,693.2175,0.039,88.6,3.41,0,322.8969379828036
16.05.2025 21:00,8.4,143.23,74.7,,103.935,666.6525,11.785,81.5175,3.41,0,336.329221569398
16.05.2025 22:00,8.4,116.08,74.7,,99.8625,621.8,134.179,58.3,3.41,0,347.44913682531694
16.05.2025 23:00,8.35,102.08,74.7,,98.105,626.0425,44.463,54.3725,3.41,0,356.6473447576516
17.05.2025 00:00,8.35,93.0,74.7,,102.595,530.5525,3.912,68.84,5.44,0,351.77116029989315
17.05.2025 01:00,8.05,93.48,74.7,,99.5575,414.6375,0.12,106.0,5.44,0,352.23109623006525
17.05.2025 02:00,8.05,88.93,74.7,,95.2275,430.54,0.0,,5.44,0,347.1544760576606
17.05.2025 03:00,8.05,88.9,74.7,,90.44,432.24,0.612,71.05,5.44,0,345.2044119718395
17.05.2025 04:00,8.05,89.89,74.7,,87.4325,498.415,153.546,44.9,4.39,0,343.542791596658
17.05.2025 05:00,8.05,93.46,74.7,,84.6125,744.53,12.225,79.9075,4.39,0,331.1160812459352
17.05.2025 06:00,8.05,91.56,74.7,,68.395,996.415,0.0,72.89333333333333,4.39,0,303.3300169514312
17.05.2025 07:00,8.19,89.85,74.7,,40.36,1148.0375,24.48,41.47666666666667,4.39,0,256.409628513624
17.05.2025 08:00,8.28,59.11,74.7,,10.935,996.3525,67.837,29.8125,97.33,0,187.5908727915977
17.05.2025 09:00,8.4,0.86,74.7,,-1.9575,617.1800000000001,48.619,4.9725,97.33,0,131.83962612501463
17.05.2025 10:00,8.4,-0.06,74.7,,-3.59,606.6975,51.74799999999999,22.4775,97.33,0,119.23770959029254
17.05.2025 11:00,8.4,-4.49,74.7,,-6.215,685.735,82.562,8.6075,97.33,0,115.98272137196284
17.05.2025 12:00,8.4,-4.96,74.7,,-4.5275,539.39,85.912,6.282500000000001,187.71,0,114.94143928179668
17.05.2025 13:00,8.4,-10.02,74.7,,-2.5675,657.715,61.417,9.052499999999998,187.71,0,119.01997055676873
17.05.2025 14:00,8.4,-11.27,74.7,,1.93,728.17,18.105,27.765,187.71,0,123.25611464569012
17.05.2025 15:00,8.28,-5.8,74.7,,23.9075,1121.5975,0.0,63.48,187.71,0,127.96541940100649
17.05.2025 16:00,8.19,-0.8,74.7,,90.7825,1155.22,0.189,44.50666666666667,62.22,0,132.31487658543233
17.05.2025 17:00,8.1,5.01,74.7,,102.9275,1167.64,176.082,26.395,62.22,0,142.4553569931597
17.05.2025 18:00,8.1,78.77,74.7,,112.725,906.3975,0.039,81.785,62.22,0,205.83496791850405
17.05.2025 19:00,8.1,99.64,74.7,,122.735,569.0525,18.396,40.63333333333333,62.22,0,260.5757253843515
17.05.2025 20:00,8.1,121.38,74.7,,117.8425,648.1475,3.138,75.905,3.14,0,296.71211761591576
17.05.2025 21:00,8.1,130.21,74.7,,101.83,483.6775,2.577,64.72,3.14,0,302.12121419703635
17.05.2025 22:00,8.1,129.9,74.7,,104.4625,611.48,14.948,52.815,3.14,0,310.6446264291217
17.05.2025 23:00,8.05,111.6,74.7,,95.56,444.3525,14.523,60.9825,3.14,0,325.311421474072
18.05.2025 00:00,8.05,106.73,74.7,,96.475,330.77,3.661,68.2575,4.37,0,336.9533589241156
18.05.2025 01:00,8.04,101.49,74.7,,101.5775,320.0975,0.965,69.86,4.37,0,360.25099407744204
18.05.2025 02:00,8.04,98.57,74.7,,88.065,355.0,160.554,48.9525,4.37,0,377.53205101978585
18.05.2025 03:00,8.04,97.4,74.7,,93.405,395.125,3.508,84.1225,4.37,0,371.9183900009416
18.05.2025 04:00,8.04,98.41,74.7,,77.445,440.5025,0.187,82.58666666666666,5.73,0,360.7711644837729
18.05.2025 05:00,8.04,97.98,74.7,,90.69,505.2275,0.036,64.92,5.73,0,344.00736836739725
18.05.2025 06:00,8.04,91.3,74.7,,70.4125,828.485,7.517,52.1175,5.73,0,313.0221110972884
18.05.2025 07:00,8.17,87.16,74.7,,41.0025,963.1175,1.979,57.16,5.73,0,273.3139601033801
18.05.2025 08:00,8.26,67.86,74.7,,10.675,929.66,0.046,56.696666666666665,78.05,0,210.06255212155853
18.05.2025 09:00,8.39,10.1,74.7,,7.3525,730.8924999999999,58.851,16.48,78.05,0,150.99087022983375
18.05.2025 10:00,8.39,0.0,74.7,,9.33,782.415,0.074,29.205,78.05,0,132.89560741455347
18.05.2025 11:00,8.39,-0.2,74.7,,7.3075,820.16,12.663,31.74,78.05,0,127.12136987220676
18.05.2025 12:00,8.39,-2.0,74.7,,0.24,735.19,145.452,-10.1675,140.96,0,123.67134680771127
18.05.2025 13:00,8.39,-7.37,74.7,,-1.0475,633.8975,37.139,13.5025,140.96,0,122.81068215953891
18.05.2025 14:00,8.39,-15.0,74.7,,8.85,919.71,35.073,8.035,140.96,0,126.97742957888929
18.05.2025 15:00,8.26,-8.97,74.7,,29.3475,1170.6725,34.463,26.1825,140.96,0,133.26493350432946
18.05.2025 16:00,8.17,-0.2,74.7,,84.05,1165.76,84.52000000000001,-25.035,48.33,0,137.5252110914109
18.05.2025 17:00,8.08,9.67,74.7,,108.31,1117.1975,6.127000000000001,63.30500000000001,48.33,0,157.06531494802465
18.05.2025 18:00,8.08,91.38,74.7,,110.97,842.0725,15.25,57.900000000000006,48.33,0,241.5146556929124
18.05.2025 19:00,8.08,108.4,74.7,,110.55,555.2025,51.783,61.17333333333334,48.33,0,337.5185118968072
18.05.2025 20:00,8.08,125.17,74.7,,122.935,701.84,14.869,86.775,2.76,0,390.4424465255324
18.05.2025 21:00,8.08,130.47,74.7,,112.795,654.3275,5.669,75.82666666666667,2.76,0,410.1348765674744
18.05.2025 22:00,8.08,118.41,74.7,,111.625,428.56,12.669,71.8125,2.76,0,409.1432766011751
18.05.2025 23:00,8.04,103.62,74.7,,107.0825,392.6925,7.737,87.3425,2.76,0,431.3054131472256
19.05.2025 00:00,8.04,110.48,74.7,,109.145,346.0,0.421,88.86,3.7,0,465.6125321126717
19.05.2025 01:00,8.35,102.62,74.7,,104.675,294.37,5.458,81.875,3.7,0,483.8879704248847
19.05.2025 02:00,8.35,96.1,74.7,,111.5825,325.0825,2.432,84.68333333333334,3.7,0,492.0307643090563
19.05.2025 03:00,8.35,92.95,74.7,,118.1825,460.2225,0.35,81.69,3.7,0,496.7002471857902
19.05.2025 04:00,8.35,98.03,74.7,,133.47,567.91,0.404,97.77333333333333,3.73,0,489.9471509669397
19.05.2025 05:00,8.35,109.39,74.7,,129.04500000000002,821.1175,2.264,85.76666666666667,3.73,0,474.1723368508167
19.05.2025 06:00,8.35,131.22,74.7,,107.05,878.7674999999999,0.906,90.28,3.73,0,401.33014595223096
19.05.2025 07:00,8.54,137.22,74.7,,91.4225,918.135,29.854,71.12333333333333,3.73,0,351.0348268508422
19.05.2025 08:00,8.69,113.41,74.7,,70.1425,958.3825,20.225,73.69,59.02,0,316.0082318682169
19.05.2025 09:00,8.9,93.69,74.7,,52.7975,652.21,159.50799999999998,23.545,59.02,0,258.45571261910135
19.05.2025 10:00,8.9,69.59,74.7,,29.8925,596.295,83.519,36.405,59.02,0,201.77314679153423
19.05.2025 11:00,8.9,28.56,74.7,,36.0575,762.7175,45.122,32.29666666666666,59.02,0,167.932776269853
19.05.2025 12:00,8.9,12.77,74.7,,55.1,828.2674999999999,9.2,52.395,98.19,0,162.45225673708055
19.05.2025 13:00,8.9,5.0,74.7,,69.9075,969.2975,2.889,36.32666666666667,98.19,0,165.95661030075
19.05.2025 14:00,8.9,8.0,74.7,,81.86,794.1025,40.095,0.5233333333333334,98.19,0,179.0070211689786
19.05.2025 15:00,8.69,28.15,74.7,,93.1775,1006.6525,151.72,9.295,98.19,0,205.65731078696223
19.05.2025 16:00,8.54,72.98,74.7,,116.9525,998.6275,46.14,18.05,34.66,0,245.30678594104617
19.05.2025 17:00,8.4,97.09,74.7,,196.605,883.565,9.611,53.78333333333334,34.66,0,318.4362216256874
19.05.2025 18:00,8.4,114.49,74.7,,286.7425,736.3475,6.803,74.35,34.66,0,391.3066495945815
19.05.2025 19:00,8.4,148.45,74.7,,182.595,883.0899999999999,0.378,137.4075,34.66,0,440.2975328533862
19.05.2025 20:00,8.4,229.11,74.7,,136.255,671.0175,149.84,34.915,2.35,0,485.9043298291866
19.05.2025 21:00,8.4,154.86,74.7,,123.4275,605.2975,303.656,39.635,2.35,0,492.8527087274377
19.05.2025 22:00,8.4,126.81,74.7,,123.03,514.025,17.04,65.325,2.35,0,506.1867166059442
19.05.2025 23:00,8.35,111.88,74.7,,117.4125,335.195,3.201,83.965,2.35,0,523.4673425166804
20.05.2025 00:00,8.35,114.95,74.7,,120.5675,344.9425,19.496,71.19999999999999,3.1,0,556.121517491172
20.05.2025 01:00,8.35,106.03,74.7,,106.245,370.71,0.8619999999999999,95.95,3.1,0,570.8397746620225
20.05.2025 02:00,8.35,102.5,74.7,,115.1875,369.6,0.048,117.67,3.1,0,580.5553530758982
20.05.2025 03:00,8.35,104.04,74.7,,125.035,482.6425,0.032,106.84,3.1,0,589.3051484451423
20.05.2025 04:00,8.35,109.14,74.7,,141.0125,593.21,0.258,87.99000000000001,3.28,0,590.5973420823813
20.05.2025 05:00,8.35,118.96,74.7,,140.125,855.675,2.187,75.13,3.28,0,575.0963799344415
20.05.2025 06:00,8.35,143.21,74.7,,116.1875,961.41,2.425,71.445,3.28,0,489.6375111754823
20.05.2025 07:00,8.54,130.81,74.7,,92.275,989.3625,0.01,65.65,3.28,0,422.4012441976542
20.05.2025 08:00,8.69,100.0,74.7,,56.57,977.98,22.335,39.2575,51.67,0,344.23497839263524
20.05.2025 09:00,8.9,85.2,74.7,,9.697500000000002,949.1425,281.448,-53.905,51.67,0,252.17127002360104
20.05.2025 10:00,8.9,61.58,74.7,,-14.7475,851.9375,86.31899999999999,-9.4625,51.67,0,178.25353005357178
20.05.2025 11:00,8.9,15.95,74.7,,-16.6325,783.6525,34.61,7.1475,51.67,0,162.82733062891498
20.05.2025 12:00,8.9,0.17,74.7,,-11.825,828.635,266.765,-8.975,79.97,0,162.55071351225578
20.05.2025 13:00,8.9,0.01,74.7,,-12.6,777.3475,223.832,-15.0525,79.97,0,160.93678617143115
20.05.2025 14:00,8.9,0.09,74.7,,31.57,912.385,35.975,7.02,79.97,0,163.06242982513493
20.05.2025 15:00,8.69,7.61,74.7,,77.765,1124.2525,54.79,23.21,79.97,0,168.1260921943174
20.05.2025 16:00,8.54,67.87,74.7,,108.98,1172.4699999999998,60.344,13.013333333333334,31.0,0,193.1559029411825
20.05.2025 17:00,8.4,97.15,74.7,,130.48250000000002,901.5175,49.512,43.16,31.0,0,255.5809643967159
20.05.2025 18:00,8.4,111.79,74.7,,131.39999999999998,678.21,0.3379999999999999,96.74,31.0,0,328.50421744900706
20.05.2025 19:00,8.4,141.23,74.7,,127.26,582.7725,0.099,78.21333333333332,31.0,0,366.5014180172048
20.05.2025 20:00,8.4,192.25,74.7,,120.4725,739.9,0.018,91.34,2.0,0,391.8384926123136
20.05.2025 21:00,8.4,148.97,74.7,,109.5875,638.155,30.908,26.486666666666668,2.0,0,394.9810712717315
20.05.2025 22:00,8.4,120.0,74.7,,107.12,560.5275,11.726,35.33,2.0,0,399.8867902389606
20.05.2025 23:00,8.35,107.93,74.7,,106.115,400.1375,3.716,62.82,2.0,0,420.04034452819513
21.05.2025 00:00,8.35,107.93,74.7,,93.365,400.83,47.219,44.2,2.7,0,423.2832784998347
21.05.2025 01:00,8.35,102.33,74.7,,91.215,416.855,5.793,65.94,2.7,0,402.1393289339424
21.05.2025 02:00,8.35,97.9,74.7,,92.055,418.1375,1.442,72.96666666666665,2.7,0,396.3819497564767
21.05.2025 03:00,8.35,94.9,74.7,,101.655,485.415,0.971,80.595,2.7,0,385.21739499323786
21.05.2025 04:00,8.35,93.7,74.7,,115.9375,534.0550000000001,5.042,69.93333333333334,2.96,0,383.73004673629214
21.05.2025 05:00,8.35,102.49,74.7,,107.185,643.735,21.908,66.395,2.96,0,377.54315553263217
21.05.2025 06:00,8.35,112.48,74.7,,90.8,911.065,52.522,42.635,2.96,0,336.71198593752035
21.05.2025 07:00,8.54,116.54,74.7,,49.38,1266.8825,203.419,1.0225000000000009,2.96,0,308.7210395791567
21.05.2025 08:00,8.69,107.82,74.7,,16.6375,1285.9625,177.657,-33.5575,47.84,0,264.26288838564506
21.05.2025 09:00,8.9,84.82,74.7,,-7.5425,888.1625,344.608,-27.7075,47.84,0,211.60558745868855
21.05.2025 10:00,8.9,42.22,74.7,,-9.62,761.3025,74.658,-25.5725,47.84,0,179.54971083957605
21.05.2025 11:00,8.9,0.15,74.7,,-9.13,673.8050000000001,154.656,-13.4475,47.84,0,166.62537320522796
21.05.2025 12:00,8.9,-0.1,74.7,,-8.86,656.6775,379.241,-38.945,94.68,0,155.48309554933863
21.05.2025 13:00,8.9,-2.2,74.7,,-15.635,855.355,190.345,-23.3475,94.68,0,155.14413673283147
21.05.2025 14:00,8.9,-1.53,74.7,,-4.395,936.81,29.349,-16.9175,94.68,0,162.3578718915677
21.05.2025 15:00,8.69,-0.01,74.7,,45.0,1245.7475,63.665,-26.296666666666667,94.68,0,167.84507433511538
21.05.2025 16:00,8.54,2.06,74.7,,99.58,1423.8075,41.60099999999999,-124.30666666666669,37.4,0,177.1842272750377
21.05.2025 17:00,8.4,49.08,74.7,,130.2625,1262.0675,91.183,-47.005,37.4,0,195.07036645886475
21.05.2025 18:00,8.4,86.32,74.7,,159.86,1072.91,64.654,282.59,37.4,0,239.26438588855825
21.05.2025 19:00,8.4,100.1,74.7,,140.595,1000.465,55.706,-2.9074999999999998,37.4,0,259.4737089762022
21.05.2025 20:00,8.4,114.35,74.7,,119.21,736.015,29.084000000000003,0.450000000000001,2.08,0,269.0613752785009
21.05.2025 21:00,8.4,110.27,74.7,,109.73,727.0225,7.688000000000001,27.28,2.08,0,275.1046515641545
21.05.2025 22:00,8.4,100.72,74.7,,99.1875,615.3975,75.809,-7.4975,2.08,0,290.4564046828407
21.05.2025 23:00,8.35,90.0,74.7,,95.535,533.155,120.127,0.3475000000000001,2.08,0,288.5405318038173
22.05.2025 00:00,8.35,98.54,74.7,,93.2525,400.055,54.831,35.3725,2.98,0,307.6790971777288
22.05.2025 01:00,8.35,88.28,74.7,,93.385,362.045,3.065,77.2625,2.98,0,310.4415188896331
22.05.2025 02:00,8.35,83.65,74.7,,91.75,347.105,6.543,58.63,2.98,0,307.49628130484524
22.05.2025 03:00,8.35,81.5,74.7,,93.7475,412.3175,47.646,47.97,2.98,0,307.2736648269513
22.05.2025 04:00,8.35,83.34,74.7,,119.6625,706.2175,0.655,67.64,2.91,0,307.7656639760858
22.05.2025 05:00,8.35,90.0,74.7,,126.555,948.4975,22.326,5.715000000000003,2.91,0,309.04674935702263
22.05.2025 06:00,8.35,107.67,74.7,,148.6275,1182.525,48.754000000000005,-2.389999999999999,2.91,0,294.79061386882563
22.05.2025 07:00,8.54,106.01,74.7,,115.06,1455.8775,114.391,-26.425,2.91,0,276.9564443273151
22.05.2025 08:00,8.69,98.16,74.7,,121.055,1716.035,2.5860000000000003,12.816666666666668,43.7,0,255.54336124874544
22.05.2025 09:00,8.9,54.54,74.7,,84.4475,1555.1475,81.488,-48.05,43.7,0,238.29368309139417
22.05.2025 10:00,8.9,1.66,74.7,,43.22,1442.3275,7.715000000000001,-38.32,43.7,0,215.6472969977894
22.05.2025 11:00,8.9,0.01,74.7,,13.47,1076.48,57.688,-17.895000000000003,43.7,0,189.3808365547308
22.05.2025 12:00,8.9,-1.91,74.7,,7.432499999999999,1038.9175,21.431,0.3199999999999985,101.48,0,150.57519915428628
22.05.2025 13:00,8.9,-12.77,74.7,,11.24,930.515,42.941,-73.53,101.48,0,138.31546796805077
22.05.2025 14:00,8.9,-15.4,74.7,,18.12,1097.3975,87.557,-21.0825,101.48,0,133.69545274916376
22.05.2025 15:00,8.69,-10.9,74.7,,70.8625,1442.475,123.634,-59.5075,101.48,0,131.5370611781708
22.05.2025 16:00,8.54,-2.99,74.7,,81.325,1262.6125,211.467,-113.5575,53.32,0,135.9856987384619
22.05.2025 17:00,8.4,-0.01,74.7,,95.345,1303.1675,287.63800000000003,-103.78,53.32,0,150.86488954378314
22.05.2025 18:00,8.4,50.0,74.7,,116.5675,1183.545,174.306,-1165.5825000000002,53.32,0,180.97732104717625
22.05.2025 19:00,8.4,106.84,74.7,,134.54,952.44,1.93,52.915,53.32,0,234.22303463751817
22.05.2025 20:00,8.4,115.0,74.7,,115.1325,830.66,19.762,66.5725,3.71,0,265.7941538132091
22.05.2025 21:00,8.4,127.25,74.7,,107.205,822.53,1.747,75.92999999999999,3.71,0,274.0667901383599
22.05.2025 22:00,8.4,117.48,74.7,,96.32,597.0675,81.991,54.9175,3.71,0,287.47144778890373
22.05.2025 23:00,8.35,103.23,74.7,,88.6925,498.9475,72.868,46.8775,3.71,0,302.3502297658948
23.05.2025 00:00,8.35,101.1,74.7,,80.5925,547.54,100.212,40.005,2.5,0,320.80978641343484
23.05.2025 01:00,8.35,93.16,74.7,,79.6525,397.93,46.111,46.5725,2.5,0,319.3741977193169
23.05.2025 02:00,8.35,87.12,74.7,,82.6275,511.265,86.171,35.666666666666664,2.5,0,309.10951381602564
23.05.2025 03:00,8.35,86.56,74.7,,88.36,694.715,75.77499999999999,45.3975,2.5,0,299.37844210192054
23.05.2025 04:00,8.35,93.08,74.7,,100.4125,700.6025,115.193,36.2925,2.5,0,309.9352164007647
23.05.2025 05:00,8.35,106.82,74.7,,102.5325,657.355,26.102,68.135,2.5,0,326.22500441218085
23.05.2025 06:00,8.35,128.49,74.7,,96.6575,979.955,13.861,53.17,2.5,0,307.8278381973862
23.05.2025 07:00,8.54,132.8,74.7,,75.72,1148.8,174.881,31.0525,2.5,0,279.8041356538474
23.05.2025 08:00,8.69,114.67,74.7,,47.625,1172.2125,168.36700000000002,38.08,39.63,0,245.71472242535145
23.05.2025 09:00,8.9,85.9,74.7,,38.29,1344.95,9.891,51.105,39.63,0,181.6324336504861
23.05.2025 10:00,8.9,70.0,74.7,,6.9,1079.6725,14.087,15.3875,39.63,0,152.83980658582647
23.05.2025 11:00,8.9,54.05,74.7,,-0.5974999999999997,886.6175,12.514,17.630000000000003,39.63,0,139.92827357663953
23.05.2025 12:00,8.9,13.44,74.7,,-8.94,870.3175,35.075,-11.86,86.6,0,134.70660275639656
23.05.2025 13:00,8.9,0.62,74.7,,-6.805,957.5,61.49,-14.0375,86.6,0,129.75603759705606
23.05.2025 14:00,8.9,0.0,74.7,,1.2225,1060.5475,135.25,-0.6599999999999999,86.6,0,130.79531787758285
23.05.2025 15:00,8.69,0.0,74.7,,37.0675,1123.255,346.122,-21.545,86.6,0,131.41401309473616
23.05.2025 16:00,8.54,25.33,74.7,,75.9025,1210.4425,362.375,-58.535,36.45,0,141.35710600451094
23.05.2025 17:00,8.4,71.91,74.7,,91.98,1185.235,247.023,2.825,36.45,0,167.35797261796858
23.05.2025 18:00,8.4,97.6,74.7,,121.68,844.635,0.005,79.48,36.45,0,218.4805273968051
23.05.2025 19:00,8.4,114.36,74.7,,110.0225,840.6474999999999,4.912,50.42,36.45,0,277.1402765888517
23.05.2025 20:00,8.4,130.47,74.7,,101.31,812.19,14.669,78.2125,2.14,0,315.13455434673904
23.05.2025 21:00,8.4,139.29,74.7,,86.44,872.4425,0.459,82.69333333333333,2.14,0,327.1818207811755
23.05.2025 22:00,8.4,126.93,74.7,,85.225,588.895,0.201,86.58,2.14,0,323.4909384554778
23.05.2025 23:00,8.35,108.0,74.7,,76.97999999999999,643.5225,19.87,65.9125,2.14,0,314.1016099936057
24.05.2025 00:00,8.35,98.99,74.7,,68.55,542.5225,50.864,54.91,2.3,0,298.7315896045808
24.05.2025 01:00,8.05,94.76,74.7,,67.02250000000001,470.365,29.311,56.84,2.3,0,291.84976854280166
24.05.2025 02:00,8.05,88.74,74.7,,68.02250000000001,443.0,8.33,50.6,2.3,0,286.8938680335648
24.05.2025 03:00,8.05,84.22,74.7,,75.1425,412.5025,10.458,48.16,2.3,0,270.95458916393613
24.05.2025 04:00,8.05,82.93,74.7,,77.67750000000001,542.0925,5.9,47.33,2.8,0,274.08176836258383
24.05.2025 05:00,8.05,80.71,74.7,,63.845,634.63,108.385,41.0375,2.8,0,280.22918529670267
24.05.2025 06:00,8.05,82.07,74.7,,32.955,936.3175,133.438,2.67,2.8,0,267.11691878453007
24.05.2025 07:00,8.19,76.9,74.7,,-2.3999999999999995,839.2025,39.921,-8.6825,2.8,0,223.62465421305745
24.05.2025 08:00,8.28,62.09,74.7,,-4.2525,902.805,48.991,-23.965,47.96,0,161.16953705760966
24.05.2025 09:00,8.4,12.26,74.7,,-6.9275,878.625,7.343,-2.495,47.96,0,131.4350148106062
24.05.2025 10:00,8.4,-0.01,74.7,,-4.717499999999999,713.5225,1.897,33.739999999999995,47.96,0,122.314834893028
24.05.2025 11:00,8.4,-0.11,74.7,,-6.324999999999999,668.5225,80.134,-35.2175,47.96,0,120.03536015188956
24.05.2025 12:00,8.4,-0.15,74.7,,-15.005,994.41,102.668,-38.3025,87.6,0,118.68343493651096
24.05.2025 13:00,8.4,-0.19,74.7,,-19.0475,947.585,32.944,-2.8600000000000003,87.6,0,118.05214311443466
24.05.2025 14:00,8.4,-0.39,74.7,,-7.475,956.465,8.655999999999999,3.2300000000000004,87.6,0,121.82521327503964
24.05.2025 15:00,8.28,-1.77,74.7,,3.1450000000000005,1167.57,0.8160000000000001,28.066666666666663,87.6,0,126.6821912725628
24.05.2025 16:00,8.19,-0.39,74.7,,29.955,1145.0175,82.25,-33.485,38.07,0,129.22014853843433
24.05.2025 17:00,8.1,48.67,74.7,,93.175,1133.385,0.267,11.03,38.07,0,124.01320931184264
24.05.2025 18:00,8.1,85.34,74.7,,80.2575,942.9725,0.49,55.67,38.07,0,125.2389124529599
24.05.2025 19:00,8.1,109.08,74.7,,78.1675,814.985,23.198,34.239999999999995,38.07,0,151.94981771220327
24.05.2025 20:00,8.1,111.0,74.7,,42.89,779.965,36.348,14.6,2.1,0,165.51679900906404
24.05.2025 21:00,8.1,107.92,74.7,,13.85,732.2275,8.608,41.25,2.1,0,163.49818081971785
24.05.2025 22:00,8.1,92.06,74.7,,11.61,621.2425,19.726,16.2575,2.1,0,159.26974934789416
24.05.2025 23:00,8.05,79.67,74.7,,13.7,574.8975,5.24,16.1425,2.1,0,159.44503481413426
25.05.2025 00:00,8.05,23.82,74.7,,16.19,457.8875,0.042,43.697500000000005,11.25,0,145.66090067481184
25.05.2025 01:00,8.04,22.9,74.7,,12.1,423.585,8.63,15.565,11.25,0,151.80903032886997
25.05.2025 02:00,8.04,14.39,74.7,,11.1,328.675,1.596,27.6025,11.25,0,158.4638690801961
25.05.2025 03:00,8.04,8.38,74.7,,15.437499999999998,417.76,0.521,48.885,11.25,0,150.57127303762144
25.05.2025 04:00,8.04,3.9,74.7,,8.4175,428.185,5.634,12.8425,14.35,0,148.98321909154257
25.05.2025 05:00,8.04,2.11,74.7,,9.145,526.7325,2.6,15.093333333333334,14.35,0,144.15823681676105
25.05.2025 06:00,8.04,1.17,74.7,,7.640000000000001,820.35,2.148,11.995,14.35,0,138.05158439277503
25.05.2025 07:00,8.17,1.21,74.7,,-2.545,844.8025,9.091,2.7775,14.35,0,133.44501336475238
25.05.2025 08:00,8.26,0.03,74.7,,1.7175,843.6975,13.354,-1.0674999999999997,43.76,0,130.249220558025
25.05.2025 09:00,8.39,0.0,74.7,,1.2825,752.1125,10.612,-19.825,43.76,0,137.1249596828996
25.05.2025 10:00,8.39,-0.61,74.7,,1.9325,799.995,0.744,22.3475,43.76,0,147.23042795883566
25.05.2025 11:00,8.39,-0.6,74.7,,-0.5125,685.53,0.527,25.8175,43.76,0,139.80343834813726
25.05.2025 12:00,8.39,-0.25,74.7,,-3.0025,623.27,6.1,8.785,76.71,0,134.10526123021972
25.05.2025 13:00,8.39,-3.19,74.7,,-1.3875,627.55,0.651,35.9575,76.71,0,131.26322985301255
25.05.2025 14:00,8.39,-5.05,74.7,,-1.7574999999999998,819.85,67.304,1.3075,76.71,0,133.58761905547618
25.05.2025 15:00,8.26,-4.95,74.7,,-3.5524999999999998,940.9425,65.783,0.63,76.71,0,132.28940522049783
25.05.2025 16:00,8.17,-1.37,74.7,,34.79,1248.355,327.103,-104.8275,39.97,0,136.44373573426924
25.05.2025 17:00,8.08,0.0,74.7,,85.485,1032.2375,0.354,20.77,39.97,0,128.75025255418734
25.05.2025 18:00,8.08,11.72,74.7,,105.4075,830.1025,2.64,46.15,39.97,0,148.30274182493343
25.05.2025 19:00,8.08,92.95,74.7,,102.305,701.9075,1.0710000000000002,87.735,39.97,0,195.85129135766744
25.05.2025 20:00,8.08,100.0,74.7,,109.2325,726.35,0.301,57.58,2.1,0,227.5633261094657
25.05.2025 21:00,8.08,107.41,74.7,,99.205,721.21,0.515,88.69,2.1,0,246.68397638854853
25.05.2025 22:00,8.08,102.23,74.7,,93.3875,606.035,41.45,51.665,2.1,0,254.7921895113664
25.05.2025 23:00,8.04,92.92,74.7,,93.6,552.4475,31.378,72.33500000000001,2.1,0,269.2482549051581
26.05.2025 00:00,8.04,88.13,74.7,,89.65,447.61,13.06,72.93,6.11,0,277.65093435326264
26.05.2025 01:00,8.35,79.12,74.7,,87.06,348.2625,3.657,61.25333333333333,6.11,0,280.61731272427767
26.05.2025 02:00,8.35,73.21,74.7,,85.9575,539.325,110.543,58.0325,6.11,0,280.8604766200667
26.05.2025 03:00,8.35,71.83,74.7,,95.3375,692.94,0.382,63.8,6.11,0,269.58644867487266
26.05.2025 04:00,8.35,76.7,74.7,,111.315,725.7275,8.711,53.47333333333333,6.46,0,269.90359475679656
26.05.2025 05:00,8.35,85.48,74.7,,128.36,679.89,19.532,56.3125,6.46,0,274.80372955888856
26.05.2025 06:00,8.35,116.2,74.7,,118.23,1113.355,29.741,55.01333333333333,6.46,0,269.30982981049954
26.05.2025 07:00,8.54,143.17,74.7,,93.185,1234.275,127.678,52.58,6.46,0,254.00363806611355
26.05.2025 08:00,8.69,129.91,74.7,,51.135,1331.6,166.052,15.775,42.53,0,227.16699300504808
26.05.2025 09:00,8.9,91.41,74.7,,14.9625,1130.1225,6.79,47.33,42.53,0,182.70592217190008
26.05.2025 10:00,8.9,16.17,74.7,,14.8025,1018.4025,0.001,,42.53,0,139.43415567964686
26.05.2025 11:00,8.9,0.05,74.7,,16.35,1010.6925,6.303,43.56333333333333,42.53,0,129.01912825180003
26.05.2025 12:00,8.9,-0.42,74.7,,5.6875,937.1725,11.01,18.54,84.7,0,124.0497473996278
26.05.2025 13:00,8.9,-1.45,74.7,,6.8575,871.0699999999999,2.207,29.1025,84.7,0,121.57378985747434
26.05.2025 14:00,8.9,-1.18,74.7,,23.09,1139.3975,0.219,23.13,84.7,0,120.68619774713945
26.05.2025 15:00,8.69,-0.82,74.7,,67.9675,1286.2325,44.97,2.785,84.7,0,123.73638091324976
26.05.2025 16:00,8.54,0.0,74.7,,96.815,1329.1125,9.395,14.826666666666668,33.07,0,132.50835569992444
26.05.2025 17:00,8.4,17.65,74.7,,103.795,1296.8775,59.388000000000005,11.45,33.07,0,161.66050568126835
26.05.2025 18:00,8.4,95.76,74.7,,114.7425,915.635,0.332,69.36333333333333,33.07,0,217.23100200402573
26.05.2025 19:00,8.4,119.33,74.7,,121.605,698.2225,0.078,98.845,33.07,0,271.8594352446012
26.05.2025 20:00,8.4,169.87,74.7,,109.0375,745.135,0.0,,1.7,0,324.22898041940664
26.05.2025 21:00,8.4,161.57,74.7,,93.125,608.925,24.338,65.92999999999999,1.7,0,337.456067081365
26.05.2025 22:00,8.4,119.38,74.7,,83.8125,703.7725,203.59,21.055,1.7,0,339.6181470856288
26.05.2025 23:00,8.35,98.86,74.7,,76.205,679.51,100.477,20.075,1.7,0,315.2356069501077
27.05.2025 00:00,8.35,88.51,74.7,,68.5,571.79,102.273,21.9725,4.24,0,306.03996381948286
27.05.2025 01:00,8.35,73.92,74.7,,69.06,442.8025,10.42,21.42,4.24,0,274.6143211687249
27.05.2025 02:00,8.35,62.02,74.7,,76.45,555.8775,0.284,52.42,4.24,0,261.7777681087744
27.05.2025 03:00,8.35,61.98,74.7,,74.4325,504.8475,2.258,61.252500000000005,4.24,0,261.67756289565494
27.05.2025 04:00,8.35,67.7,74.7,,80.0325,478.31,10.863,40.8475,4.91,0,263.19609068547
27.05.2025 05:00,8.35,62.2,74.7,,66.8,698.6525,238.404,0.8124999999999999,4.91,0,256.9844151855494
27.05.2025 06:00,8.35,67.7,74.7,,60.3825,1019.6725,27.914,-16.483333333333334,4.91,0,235.30630854846555
27.05.2025 07:00,8.54,73.9,74.7,,30.705,1255.85,206.599,-97.24,4.91,0,211.0604999570808
27.05.2025 08:00,8.69,68.63,74.7,,-3.2,1330.455,483.521,-110.2875,44.5,0,188.53047448903305
27.05.2025 09:00,8.9,50.17,74.7,,-19.3725,1209.825,420.787,-451.6475,44.5,0,162.63145033894378
27.05.2025 10:00,8.9,4.26,74.7,,-23.905,1104.93,71.755,-117.355,44.5,0,147.644248136076
27.05.2025 11:00,8.9,3.19,74.7,,-14.1725,1078.715,66.9,-69.5025,44.5,0,132.4477253062759
27.05.2025 12:00,8.9,0.03,74.7,,4.885,1072.5375,48.681,-45.1875,80.86,0,120.50070801245982
27.05.2025 13:00,8.9,0.02,74.7,,44.985,1441.945,29.875,-32.365,80.86,0,118.12683049601142
27.05.2025 14:00,8.9,0.09,74.7,,62.97,1388.395,50.393,-58.6425,80.86,0,120.65045397623868
27.05.2025 15:00,8.69,3.14,74.7,,87.95,1347.4,7.169,28.9025,80.86,0,127.27191434107456
27.05.2025 16:00,8.54,55.17,74.7,,104.275,1232.26,85.974,-2.646666666666666,28.05,0,143.45542313259418
27.05.2025 17:00,8.4,84.55,74.7,,146.9175,1162.895,4.992,50.865,28.05,0,181.78918068669316
27.05.2025 18:00,8.4,103.0,74.7,,117.4725,1024.2,7.888999999999999,72.68,28.05,0,226.70645990360708
27.05.2025 19:00,8.4,122.64,74.7,,102.86,990.175,0.033,84.13,28.05,0,260.70918477252195
27.05.2025 20:00,8.4,137.6,74.7,,99.3325,1056.965,55.533,61.215,1.67,0,279.40689591726243
27.05.2025 21:00,8.4,111.16,74.7,,76.15,900.365,382.714,28.805,1.67,0,274.71699520689594
27.05.2025 22:00,8.4,100.34,74.7,,72.2675,779.1949999999999,106.915,54.7925,1.67,0,265.5470748182812
27.05.2025 23:00,8.35,82.41,74.7,,67.67,604.06,43.969,43.5225,1.67,0,242.6691721297332
28.05.2025 00:00,8.35,76.43,74.7,,73.765,539.335,6.446000000000001,48.055,10.37,0,212.0014276888585
28.05.2025 01:00,8.35,69.01,74.7,,77.96,524.8175,0.048,69.72,10.37,0,204.491100778956
28.05.2025 02:00,8.35,67.39,74.7,,85.1025,566.2175,0.0,,10.37,0,200.68665206091188
28.05.2025 03:00,8.35,61.01,74.7,,91.2325,687.2125,7.199,20.676666666666662,10.37,0,215.6520810562184
28.05.2025 04:00,8.35,65.19,74.7,,95.7375,767.5225,1.346,55.175,18.23,0,219.94337732170163
28.05.2025 05:00,8.35,72.52,74.7,,103.6075,769.7475000000001,0.732,24.755000000000003,18.23,0,226.94100655334057
28.05.2025 06:00,8.35,92.85,74.7,,109.7925,913.0575,0.554,47.0225,18.23,0,225.7177939446783
28.05.2025 07:00,8.54,100.09,74.7,,100.8625,886.4549999999999,0.467,65.155,18.23,0,216.0169000306341
28.05.2025 08:00,8.69,95.0,74.7,,101.98,1043.6025,0.122,60.675,34.02,0,214.89191072488916
28.05.2025 09:00,8.9,90.0,74.7,,84.0225,1143.83,29.928,55.095,34.02,0,213.72192179453504
28.05.2025 10:00,8.9,76.48,74.7,,74.52250000000001,1077.5,12.937,41.7575,34.02,0,198.52717293759108
28.05.2025 11:00,8.9,71.46,74.7,,70.0325,1023.51,16.497999999999998,43.5825,34.02,0,183.27594359398805
28.05.2025 12:00,8.9,65.67,74.7,,91.0975,1223.0175,34.212,12.89,70.0,0,164.93122457041363
28.05.2025 13:00,8.9,58.03,74.7,,99.9375,1522.8325,26.653,37.505,70.0,0,162.8147932719529
28.05.2025 14:00,8.9,53.21,74.7,,108.24,1526.36,68.475,-0.0199999999999999,70.0,0,176.25088428690592
28.05.2025 15:00,8.69,42.1,74.7,,113.255,1381.2625,56.644,18.9175,70.0,0,186.9390467691969
28.05.2025 16:00,8.54,67.28,74.7,,107.42,1210.8175,15.212,17.5475,29.38,0,200.12916940478303
28.05.2025 17:00,8.4,83.7,74.7,,111.83,1153.545,50.38,17.965,29.38,0,216.97564177637565
28.05.2025 18:00,8.4,94.99,74.7,,106.1125,972.545,4.1930000000000005,58.837500000000006,29.38,0,231.8917025263896
28.05.2025 19:00,8.4,114.83,74.7,,115.6225,886.06,0.359,79.065,29.38,0,244.3669798599393
28.05.2025 20:00,8.4,134.83,74.7,,105.4575,912.0475,28.88,62.6475,1.5,0,262.15434284190565
28.05.2025 21:00,8.4,139.91,74.7,,96.055,601.7049999999999,27.964,67.0575,1.5,0,270.0379237837403
28.05.2025 22:00,8.4,124.29,74.7,,96.3225,522.8050000000001,0.009,96.2,1.5,0,280.2802091621046
28.05.2025 23:00,8.35,104.27,74.7,,97.3025,647.6675,3.258,54.34666666666666,1.5,0,287.59207240592303
29.05.2025 00:00,8.35,99.13,74.7,,89.64,409.7,4.44,64.8775,5.17,0,297.41385373674706
29.05.2025 01:00,8.35,94.8,74.7,,84.8825,362.8725,0.823,76.6225,5.17,0,299.1666968902986
29.05.2025 02:00,8.35,92.06,74.7,,90.6075,443.6125,0.0,,5.17,0,306.97649203101105
29.05.2025 03:00,8.35,91.55,74.7,,96.6775,461.315,0.293,86.88499999999999,5.17,0,318.3388517576705
29.05.2025 04:00,8.35,91.54,74.7,,93.0225,435.98,0.097,83.28,5.63,0,331.723424965052
29.05.2025 05:00,8.35,91.36,74.7,,86.525,662.5375,0.633,84.4425,5.63,0,345.5053836146652
29.05.2025 06:00,8.35,89.46,74.7,,78.0675,902.96,2.4530000000000003,60.015,5.63,0,333.57223816476017
29.05.2025 07:00,8.54,86.49,74.7,,54.3175,1016.91,4.537,30.175,5.63,0,288.15636474007925
29.05.2025 08:00,8.69,82.95,74.7,,16.9125,1008.585,70.366,8.857500000000002,37.99,0,228.6437896145204
29.05.2025 09:00,8.9,62.83,74.7,,1.8525,956.265,6.715,5.240000000000001,37.99,0,168.33920211301273
29.05.2025 10:00,8.9,19.93,74.7,,-8.0575,891.61,40.84,-17.432499999999997,37.99,0,144.7963523847232
29.05.2025 11:00,8.9,1.71,74.7,,-15.595,819.4000000000001,13.759,2.81,37.99,0,131.46095484388508
29.05.2025 12:00,8.9,0.03,74.7,,-15.9575,754.31,0.1689999999999999,32.42,75.77,0,126.2888449283344
29.05.2025 13:00,8.9,-1.68,74.7,,-16.6025,825.78,2.446,16.529999999999998,75.77,0,125.18434956841642
29.05.2025 14:00,8.9,-1.99,74.7,,-7.7275,860.2925,9.15,4.5325,75.77,0,125.99373529350584
29.05.2025 15:00,8.69,-1.98,74.7,,3.452500000000001,1021.6925,65.261,31.2525,75.77,0,131.30829654452435
29.05.2025 16:00,8.54,-1.09,74.7,,45.44499999999999,851.01,99.091,18.34,30.58,0,145.50353184824894
29.05.2025 17:00,8.4,23.13,74.7,,67.775,696.21,26.953,53.445,30.58,0,160.02306737235148
29.05.2025 18:00,8.4,65.5,74.7,,77.6975,632.7975,0.116,61.405,30.58,0,169.43576947583415
29.05.2025 19:00,8.4,80.2,74.7,,81.05,578.4475,25.417,61.2225,30.58,0,180.5890245981861
29.05.2025 20:00,8.4,77.17,74.7,,94.23,725.01,0.0,96.09999999999998,1.74,0,197.2819634474172
29.05.2025 21:00,8.4,73.73,74.7,,70.54,725.205,73.065,35.02333333333333,1.74,0,207.0345743338362
29.05.2025 22:00,8.4,76.66,74.7,,48.3575,717.8875,175.132,28.845,1.74,0,207.23460159159453
29.05.2025 23:00,8.35,57.5,74.7,,42.2025,613.0975,69.737,19.8925,1.74,0,190.20149833178635
30.05.2025 00:00,8.35,45.42,74.7,,55.92,595.3375,2.537,34.9675,8.91,0,179.78713043233483
30.05.2025 01:00,8.35,25.67,74.7,,47.99,563.08,82.968,16.96,8.91,0,177.1784189486511
30.05.2025 02:00,8.35,32.99,74.7,,50.0275,618.335,112.834,10.615,8.91,0,182.4674867386917
30.05.2025 03:00,8.35,33.95,74.7,,50.5425,640.8100000000001,26.954,26.055,8.91,0,183.65081204082708
30.05.2025 04:00,8.35,37.39,74.7,,63.65,644.0625,84.451,20.2625,6.88,0,183.35823465739287
30.05.2025 05:00,8.35,55.08,74.7,,65.77250000000001,755.51,1.463,35.395,6.88,0,181.0583182715048
30.05.2025 06:00,8.35,69.73,74.7,,45.6375,1006.1225,69.416,18.1375,6.88,0,178.64105158352646
30.05.2025 07:00,8.54,68.38,74.7,,11.4,1250.475,67.43299999999999,-0.2799999999999993,6.88,0,167.079666005444
30.05.2025 08:00,8.69,53.01,74.7,,-13.6725,1082.5775,309.188,-83.455,38.64,0,137.27872622175482
30.05.2025 09:00,8.9,29.13,74.7,,-10.025,777.005,56.818000000000005,-26.590000000000003,38.64,0,118.52189410877472
30.05.2025 10:00,8.9,1.83,74.7,,-6.69,845.28,4.206,-1.8049999999999995,38.64,0,112.25860284944568
30.05.2025 11:00,8.9,-0.02,74.7,,-4.9575,792.015,13.437,-14.5875,38.64,0,113.24570660178809
30.05.2025 12:00,8.9,-1.01,74.7,,-5.1475,623.26,12.293,-19.09,75.95,0,107.92365496618508
30.05.2025 13:00,8.9,-3.1,74.7,,-5.0725,635.9975,15.941,-14.635000000000002,75.95,0,106.4532124925976
30.05.2025 14:00,8.9,-3.0,74.7,,-4.635,923.88,16.193,9.155,75.95,0,108.51054019008656
30.05.2025 15:00,8.69,-1.34,74.7,,-6.5725,1317.3425,48.92,-4.5825,75.95,0,112.26660971974889
30.05.2025 16:00,8.54,-0.04,74.7,,77.41,1476.12,107.472,-1.2825000000000002,32.17,0,118.25767889297222
30.05.2025 17:00,8.4,5.88,74.7,,105.875,1358.4075,49.45,-1.565,32.17,0,132.06517188796755
30.05.2025 18:00,8.4,73.52,74.7,,142.4275,971.765,0.2769999999999999,64.44333333333334,32.17,0,170.90825570084402
30.05.2025 19:00,8.4,111.84,74.7,,152.015,803.815,0.04,97.03,32.17,0,235.9629669146862
30.05.2025 20:00,8.4,136.95,74.7,,139.2725,773.69,0.009,142.13,1.52,0,281.5530280487937
30.05.2025 21:00,8.4,145.89,74.7,,110.695,555.3675000000001,0.0,,1.52,0,306.71079613967856
30.05.2025 22:00,8.4,130.19,74.7,,105.5425,380.0575,0.0,104.685,1.52,0,323.71697491731493
30.05.2025 23:00,8.35,108.15,74.7,,105.8375,413.845,0.022,96.535,1.52,0,347.7677158958193
31.05.2025 00:00,8.35,107.0,74.7,,102.6775,327.4525,0.004,87.5,5.21,0,372.1931511368271
31.05.2025 01:00,8.05,99.94,74.7,,101.5225,234.2325,0.7230000000000001,87.37,5.21,0,391.6984717231615
31.05.2025 02:00,8.05,98.75,74.7,,102.825,318.74,3.828,79.3775,5.21,0,418.9444735238051
31.05.2025 03:00,8.05,99.07,74.7,,97.5325,293.88750000000005,2.452,89.43,5.21,0,437.2989867854467
31.05.2025 04:00,8.05,99.91,74.7,,88.7725,466.7675,1.973,72.775,4.73,0,453.6783460898994
31.05.2025 05:00,8.05,98.29,74.7,,83.63,748.6675,39.115,47.59333333333333,4.73,0,452.6589965154149
31.05.2025 06:00,8.05,94.79,74.7,,47.2725,881.8825,108.217,32.932500000000005,4.73,0,386.2352211363495
31.05.2025 07:00,8.19,84.61,74.7,,-4.5025,851.9475,21.121,-10.51,4.73,0,291.7087945394713
31.05.2025 08:00,8.28,55.0,74.7,,-3.08,805.0225,9.97,2.3150000000000013,40.36,0,201.10281976230655
31.05.2025 09:00,8.4,1.0,74.7,,-5.775,610.23,5.211,4.0225,40.36,0,165.9957488567062
31.05.2025 10:00,8.4,-0.02,74.7,,-1.36,640.51,0.154,43.1325,40.36,0,146.39729481072942
31.05.2025 11:00,8.4,-1.0,74.7,,-1.745,634.8525,6.607,15.755,40.36,0,135.68448968354102
31.05.2025 12:00,8.4,-3.07,74.7,,-1.045,692.9275,36.668,4.7225,74.7,0,130.97353677849472
31.05.2025 13:00,8.4,-13.17,74.7,,-11.145,639.5799999999999,34.733000000000004,16.4125,74.7,0,129.95327915376845
31.05.2025 14:00,8.4,-7.75,74.7,,49.72,509.4725,70.182,38.4075,74.7,0,134.83901004193768
31.05.2025 15:00,8.28,-3.0,74.7,,52.9,781.47,48.517,35.17333333333334,74.7,0,145.2708728927783
31.05.2025 16:00,8.19,-0.05,74.7,,111.34,1039.0925,2.14,30.61,33.27,0,162.4001436332166
31.05.2025 17:00,8.1,41.4,74.7,,140.07999999999998,1120.2875,3.901,101.57666666666668,33.27,0,211.8643293618849
31.05.2025 18:00,8.1,88.85,74.7,,167.12,787.155,14.146999999999998,90.365,33.27,0,286.50435295435545
31.05.2025 19:00,8.1,131.41,74.7,,161.2075,719.21,7.56,90.20666666666666,33.27,0,331.1324345660729
31.05.2025 20:00,8.1,192.35,74.7,,110.625,665.21,31.744,85.9625,1.37,0,353.5701590401561
31.05.2025 21:00,8.1,192.37,74.7,,84.5875,710.885,267.251,40.3975,1.37,0,360.397655164585
31.05.2025 22:00,8.1,133.49,74.7,,82.03999999999999,625.71,0.251,70.49666666666667,1.37,0,351.6494652254649
31.05.2025 23:00,8.05,102.06,74.7,,79.7225,527.1275,66.44200000000001,44.97,1.37,0,332.90458511116464
01.06.2025 00:00,8.05,92.53,74.7,,70.295,470.7,439.1,4.914999999999999,4.75,0,322.89813943138785
01.06.2025 01:00,8.04,85.22,74.7,,58.765,473.435,317.386,20.495,4.75,0,306.23351889877426
01.06.2025 02:00,8.04,77.13,74.7,,32.9675,639.9225,364.458,14.1275,4.75,0,274.68199592352613
01.06.2025 03:00,8.04,74.09,74.7,,22.1175,615.8325,32.081,18.9675,4.75,0,236.60031507552168
01.06.2025 04:00,8.04,72.66,74.7,,11.785,777.285,77.64,-4.655,5.49,0,232.36245841526187
01.06.2025 05:00,8.04,66.11,74.7,,22.05,823.16,9.28,39.8525,5.49,0,220.84644038003583
01.06.2025 06:00,8.04,35.84,74.7,,6.785,940.815,42.992,-20.9325,5.49,0,204.91087529056105
01.06.2025 07:00,8.17,13.0,74.7,,7.04,1046.535,0.129,27.355,5.49,0,185.305248410896
01.06.2025 08:00,8.27,2.4,74.7,,0.185,884.2425000000001,0.0,34.8,42.45,0,176.51418254234775
01.06.2025 09:00,8.39,-0.01,74.7,,-0.2450000000000001,770.66,1.035,280.38,42.45,0,165.18519010481458
01.06.2025 10:00,8.39,-0.6,74.7,,-1.4325,698.7425000000001,0.2019999999999999,119.05,42.45,0,152.82044918601542
01.06.2025 11:00,8.39,-2.11,74.7,,-0.5,804.235,0.0,31.426666666666662,42.45,0,144.09436845320454
01.06.2025 12:00,8.39,-5.48,74.7,,-2.4625,751.04,0.16,11.8,79.11,0,137.03779981253643
01.06.2025 13:00,8.39,-12.93,74.7,,-1.7575,768.6524999999999,44.331,4.3475,79.11,0,131.38452304471278
01.06.2025 14:00,8.39,-20.41,74.7,,-0.9225,887.63,44.967,15.975,79.11,0,130.2776736060271
01.06.2025 15:00,8.27,-15.61,74.7,,12.605,1015.01,20.703,53.123333333333335,79.11,0,130.44096444090988
01.06.2025 16:00,8.17,-6.0,74.7,,39.4625,1411.67,39.67,32.85,35.52,0,135.4639012723707
01.06.2025 17:00,8.08,-0.99,74.7,,72.155,1182.485,101.338,-11.7525,35.52,0,138.09627005939308
01.06.2025 18:00,8.08,19.23,74.7,,83.2425,1037.4225,88.63,53.055,35.52,0,159.77474815342595
01.06.2025 19:00,8.08,78.85,74.7,,91.17,759.78,7.204,57.28333333333333,35.52,0,209.23658787686077
01.06.2025 20:00,8.08,93.66,74.7,,93.165,714.985,156.55100000000002,39.156666666666666,1.52,0,262.0294086906721
01.06.2025 21:00,8.08,106.86,74.7,,84.9175,644.91,256.199,40.2825,1.52,0,284.608529953894
01.06.2025 22:00,8.08,105.93,74.7,,79.93,547.3599999999999,28.673,47.91333333333333,1.52,0,298.843742853836
01.06.2025 23:00,8.04,90.49,74.7,,88.2775,540.5725,0.154,59.82,1.52,0,312.91070511371726
02.06.2025 00:00,8.04,81.76,74.7,,78.875,446.18,53.312,46.9,4.02,0,339.1829872044691
02.06.2025 01:00,8.35,75.31,74.7,,84.9375,360.15,27.065,53.1175,4.02,0,350.35432764101813
02.06.2025 02:00,8.35,75.0,74.7,,97.3275,489.8425,0.105,324.84000000000003,4.02,0,357.7680633820711
02.06.2025 03:00,8.35,77.75,74.7,,98.2425,434.0675,1.579,465.3733333333334,4.02,0,361.8706110931738
02.06.2025 04:00,8.35,83.05,74.7,,107.1025,567.66,199.998,45.403333333333336,4.23,0,365.3423505388884
02.06.2025 05:00,8.35,91.93,74.7,,110.825,587.2475,0.013,48.53,4.23,0,355.94454319551176
02.06.2025 06:00,8.35,108.15,74.7,,125.85,1170.9225,0.283,70.36500000000001,4.23,0,318.4980410119982
02.06.2025 07:00,8.54,117.9,74.7,,105.09,1215.2175,90.737,53.34,4.23,0,294.9951255667472
02.06.2025 08:00,8.7,102.36,74.7,,84.0325,1274.225,70.96300000000001,26.95,63.66,0,277.51792965040863
02.06.2025 09:00,8.91,85.6,74.7,,76.4975,1271.03,54.692,0.6725000000000003,63.66,0,248.4485588407713
02.06.2025 10:00,8.91,57.47,74.7,,69.74249999999999,1174.9375,17.338,-5.58,63.66,0,208.9636110204612
02.06.2025 11:00,8.91,33.21,74.7,,80.4875,1165.4225,0.0,,63.66,0,184.49732794698548
02.06.2025 12:00,8.91,20.0,74.7,,67.7525,1183.5275,1.333,4.98,71.12,0,172.0711046480865
02.06.2025 13:00,8.91,12.78,74.7,,56.445,1043.505,0.001,40.95,71.12,0,177.25438883938335
02.06.2025 14:00,8.91,11.0,74.7,,84.025,1197.585,0.0,,71.12,0,169.82887833322243
02.06.2025 15:00,8.7,19.75,74.7,,100.4075,1185.205,0.009,,71.12,0,176.91641393699504
02.06.2025 16:00,8.54,55.84,74.7,,125.8025,1402.325,1.534,93.45,27.45,0,221.59076688685485
02.06.2025 17:00,8.4,82.8,74.7,,178.85000000000002,1258.575,0.189,119.545,27.45,0,284.0833447394002
02.06.2025 18:00,8.4,94.95,74.7,,274.04,905.855,4.251,94.02,27.45,0,338.8180365619429
02.06.2025 19:00,8.4,109.32,74.7,,268.5125,801.0975,8.839,90.29,27.45,0,373.33930755075545
02.06.2025 20:00,8.4,195.91,74.7,,174.9075,730.6175000000001,14.975,91.12,1.34,0,395.3498159802672
02.06.2025 21:00,8.4,245.37,74.7,,124.2775,675.14,14.694,72.295,1.34,0,412.8048083489886
02.06.2025 22:00,8.4,141.66,74.7,,141.935,677.0799999999999,0.861,96.17333333333332,1.34,0,438.3554509937579
02.06.2025 23:00,8.35,110.04,74.7,,149.54,589.81,0.003,,1.34,0,479.0516221418829
03.06.2025 00:00,8.35,111.49,74.7,,128.66750000000002,409.03,0.024,109.17,3.4,0,491.89187748875673
03.06.2025 01:00,8.35,109.91,74.7,,128.2475,400.49,1.404,62.86,3.4,0,521.5445836106658
03.06.2025 02:00,8.35,102.02,74.7,,132.3475,399.495,3.899,75.4325,3.4,0,542.4672626371239
03.06.2025 03:00,8.35,99.23,74.7,,137.01999999999998,655.505,15.294,122.525,3.4,0,536.5075941314585
03.06.2025 04:00,8.35,94.89,74.7,,175.1825,856.2975,8.577,248.94,3.34,0,518.0693201714821
03.06.2025 05:00,8.35,107.6,74.7,,154.0575,1079.5125,21.588,248.33500000000004,3.34,0,480.5935790668408
03.06.2025 06:00,8.35,130.76,74.7,,89.5625,1255.08,1.0699999999999998,50.23,3.34,0,394.0578175633368
03.06.2025 07:00,8.54,116.85,74.7,,61.0275,1567.565,0.014,164.36,3.34,0,334.1050898580675
03.06.2025 08:00,8.7,85.98,74.7,,21.065,1175.3425,26.99,-0.6825000000000001,42.12,0,250.69200455654027
03.06.2025 09:00,8.91,59.46,74.7,,1.9350000000000005,909.96,48.737,-24.6275,42.12,0,158.7052225460319
03.06.2025 10:00,8.91,2.0,74.7,,-12.1725,946.6225,11.663,73.365,42.12,0,129.200353100481
03.06.2025 11:00,8.91,-0.05,74.7,,-19.795,764.7674999999999,30.102,-30.64,42.12,0,130.14071100138935
03.06.2025 12:00,8.91,-1.01,74.7,,-33.1625,836.315,114.873,-65.33500000000001,75.25,0,133.10788981759308
03.06.2025 13:00,8.91,-3.0,74.7,,-35.935,1108.4625,18.145,86.4825,75.25,0,132.08582407257532
03.06.2025 14:00,8.91,-4.32,74.7,,-20.625,1212.8125,0.0,219.85333333333327,75.25,0,133.36560107684414
03.06.2025 15:00,8.7,-1.33,74.7,,41.64,1238.28,59.278,84.73,75.25,0,135.4363293782324
03.06.2025 16:00,8.54,0.0,74.7,,83.70249999999999,1202.3,57.727,8.735,26.48,0,145.83129974216416
03.06.2025 17:00,8.4,66.0,74.7,,125.135,1151.035,0.009,87.64,26.48,0,167.47743137412863
03.06.2025 18:00,8.4,87.79,74.7,,209.88,995.76,0.0,90.0,26.48,0,237.95593634559327
03.06.2025 19:00,8.4,109.41,74.7,,178.885,1035.855,2.943,118.16,26.48,0,272.6925360108384
03.06.2025 20:00,8.4,132.9,74.7,,104.2625,872.0275,50.409,46.00666666666667,1.82,0,285.19113564495467
03.06.2025 21:00,8.4,112.29,74.7,,74.03999999999999,684.9325,91.747,32.76,1.82,0,283.25419989387274
03.06.2025 22:00,8.4,106.12,74.7,,67.675,713.205,23.894,39.7475,1.82,0,274.5016929874437
03.06.2025 23:00,8.35,95.49,74.7,,55.685,736.0675,22.68,28.69,1.82,0,271.2423370755056
04.06.2025 00:00,8.35,74.95,74.7,,62.4175,645.13,0.003,535.59,3.15,0,238.17606696478836
04.06.2025 01:00,8.35,67.25,74.7,,71.4875,554.3075,0.237,404.53,3.15,0,232.138908689418
04.06.2025 02:00,8.35,64.78,74.7,,75.295,616.1025,0.012,329.46500000000003,3.15,0,250.78613022899265
04.06.2025 03:00,8.35,65.0,74.7,,84.53,693.685,2.46,80.95,3.15,0,263.1781425142841
04.06.2025 04:00,8.35,68.32,74.7,,92.55,786.2525,3.678,70.535,3.06,0,281.11426917872
04.06.2025 05:00,8.35,80.32,74.7,,105.905,745.755,0.271,54.5,3.06,0,284.1558444418939
04.06.2025 06:00,8.35,99.77,74.7,,86.70750000000001,1025.4675,2.234,62.1,3.06,0,264.63040823631854
04.06.2025 07:00,8.54,113.74,74.7,,92.315,1251.8000000000002,0.005,100.94,3.06,0,232.265280018527
04.06.2025 08:00,8.7,112.4,74.7,,76.05250000000001,1456.99,35.337,102.7875,33.43,0,227.43490213129667
04.06.2025 09:00,8.91,79.08,74.7,,49.945,1173.23,37.018,35.3675,33.43,0,211.18233880392012
04.06.2025 10:00,8.91,72.4,74.7,,27.0675,937.29,1.085,38.19,33.43,0,180.95421044078216
04.06.2025 11:00,8.91,48.36,74.7,,29.7525,1021.1975,0.0,,33.43,0,147.90033365888812
04.06.2025 12:00,8.91,20.12,74.7,,20.8975,1080.5625,38.009,36.586666666666666,66.4,0,143.22673906320065
04.06.2025 13:00,8.91,9.69,74.7,,10.0175,1223.225,83.58500000000001,10.2725,66.4,0,143.98809003498047
04.06.2025 14:00,8.91,18.26,74.7,,30.405,1180.9825,78.941,24.085,66.4,0,142.7169614463218
04.06.2025 15:00,8.7,43.35,74.7,,59.2625,1251.745,1.508,44.46333333333333,66.4,0,148.2531528021625
04.06.2025 16:00,8.54,72.4,74.7,,93.4975,1173.8475,7.571,35.96333333333333,21.81,0,162.9093277011827
04.06.2025 17:00,8.4,91.45,74.7,,98.0325,936.33,3.291,81.11500000000001,21.81,0,212.7815692891931
04.06.2025 18:00,8.4,108.91,74.7,,119.1675,752.4125,17.494,65.43,21.81,0,279.26754704646555
04.06.2025 19:00,8.4,145.98,74.7,,119.665,745.01,0.707,88.275,21.81,0,326.4776403827417
04.06.2025 20:00,8.4,192.85,74.7,,98.1075,750.55,136.215,63.485,1.33,0,353.96104913508634
04.06.2025 21:00,8.4,138.82,74.7,,92.025,544.7775,21.072,68.37,1.33,0,372.1788029285172
04.06.2025 22:00,8.4,112.43,74.7,,93.375,445.4175,12.05,65.80333333333333,1.33,0,392.0685998425478
04.06.2025 23:00,8.35,94.08,74.7,,86.64,451.8175,17.777,68.745,1.33,0,403.9274643938907
05.06.2025 00:00,8.35,97.67,74.7,,76.1575,452.0775,24.333,53.845,2.8,0,425.1802600772257
05.06.2025 01:00,8.35,92.7,74.7,,75.3875,426.355,1.713,73.16999999999999,2.8,0,424.7098110319101
05.06.2025 02:00,8.35,86.84,74.7,,81.06,393.8125,3.838,51.51,2.8,0,414.9190349865879
05.06.2025 03:00,8.35,86.1,74.7,,82.75999999999999,428.54,30.478,69.56,2.8,0,406.8559514998225
05.06.2025 04:00,8.35,87.01,74.7,,91.26,495.3525,228.327,35.465,4.38,0,393.7503813425416
05.06.2025 05:00,8.35,88.09,74.7,,92.465,761.8275,0.156,65.21,4.38,0,362.5343172957293
05.06.2025 06:00,8.35,113.78,74.7,,97.9325,842.9124999999999,0.065,72.84,4.38,0,310.4753213402047
05.06.2025 07:00,8.54,129.03,74.7,,72.3575,1011.87,101.885,33.38,4.38,0,285.38049951469696
05.06.2025 08:00,8.7,116.6,74.7,,50.875,997.7225,87.532,31.4325,53.55,0,248.0660382614477
05.06.2025 09:00,8.91,83.03,74.7,,48.3125,971.1775,51.776,18.87666666666667,53.55,0,187.5074950491476
05.06.2025 10:00,8.91,66.0,74.7,,35.295,935.025,449.837,5.007499999999999,53.55,0,142.63172178754076
05.06.2025 11:00,8.91,46.18,74.7,,34.197500000000005,1088.4975,88.676,15.6775,53.55,0,128.19002788676778
05.06.2025 12:00,8.91,20.0,74.7,,39.1875,1053.9625,13.919,30.1025,137.18,0,120.7794873787421
05.06.2025 13:00,8.91,11.03,74.7,,37.9875,1170.65,31.841,22.665,137.18,0,110.4438405886478
05.06.2025 14:00,8.91,7.07,74.7,,68.7875,1139.985,2.817,59.14,137.18,0,112.7249817424118
05.06.2025 15:00,8.7,19.87,74.7,,86.325,1295.275,268.773,-4.5025,137.18,0,128.95932970700403
05.06.2025 16:00,8.54,57.5,74.7,,138.405,1372.845,38.06,10.7,20.98,0,154.88694952771166
05.06.2025 17:00,8.4,81.08,74.7,,156.0425,1489.465,293.787,6.8475,20.98,0,185.95269307738636
05.06.2025 18:00,8.4,100.94,74.7,,146.10500000000002,1103.105,21.772,21.32,20.98,0,223.4431412605369
05.06.2025 19:00,8.4,112.19,74.7,,127.5725,974.9825,2.403,86.6,20.98,0,263.5825496210633
05.06.2025 20:00,8.4,136.4,74.7,,93.73,902.96,29.823,57.57333333333333,1.71,0,279.3839513913709
05.06.2025 21:00,8.4,106.95,74.7,,75.27,707.4525,53.081,54.045,1.71,0,279.7826037833375
05.06.2025 22:00,8.4,96.37,74.7,,72.735,728.1975,39.024,47.84666666666667,1.71,0,267.08749770812165
05.06.2025 23:00,8.35,81.36,74.7,,57.2175,581.2425000000001,206.99,9.616666666666664,1.71,0,228.97675815784277
06.06.2025 00:00,8.35,76.29,74.7,,45.3975,600.49,194.544,6.140000000000001,4.2,0,188.28450223302653
06.06.2025 01:00,8.35,66.12,74.7,,34.36,550.4300000000001,191.232,12.725,4.2,0,156.08470875395446
06.06.2025 02:00,8.35,60.86,74.7,,23.2275,549.665,217.078,-7.0,4.2,0,141.58645772481546
06.06.2025 03:00,8.35,55.27,74.7,,13.185,553.4375,29.281,31.9575,4.2,0,134.75525802483304
06.06.2025 04:00,8.35,52.78,74.7,,13.2075,566.76,21.148,22.8225,3.64,0,129.525328527892
06.06.2025 05:00,8.35,63.7,74.7,,4.6325,722.8925,34.767999999999994,19.23,3.64,0,126.2392098619832
06.06.2025 06:00,8.35,67.02,74.7,,-4.4225,978.5675,28.109,-2.0650000000000004,3.64,0,117.8988028133584
06.06.2025 07:00,8.54,74.43,74.7,,-11.32,963.945,19.487,1.1575000000000002,3.64,0,117.50460822606972
06.06.2025 08:00,8.7,59.61,74.7,,-4.16,920.3675,154.647,-106.1475,47.0,0,110.45853917827468
06.06.2025 09:00,8.91,3.94,74.7,,-2.68,888.235,33.52,-13.985,47.0,0,102.83179821267872
06.06.2025 10:00,8.91,-0.01,74.7,,-4.9325,756.4675,11.945,-8.165,47.0,0,102.70064610102816
06.06.2025 11:00,8.91,-0.27,74.7,,-5.0925,721.4825000000001,31.788,-3.7175,47.0,0,103.81743481545308
06.06.2025 12:00,8.91,-2.07,74.7,,-3.4975,806.78,7.417,-1.0850000000000004,90.3,0,101.3929684838275
06.06.2025 13:00,8.91,-4.93,74.7,,-3.16,887.3775,38.684,-17.927500000000002,90.3,0,98.94621746446128
06.06.2025 14:00,8.91,-5.06,74.7,,-0.7624999999999997,936.8775,147.028,-65.74,90.3,0,95.84587047324165
06.06.2025 15:00,8.7,-4.96,74.7,,10.175,1369.0425,103.191,-50.5425,90.3,0,98.42152009341405
06.06.2025 16:00,8.54,-1.0,74.7,,83.5175,1411.045,143.836,-55.2475,31.43,0,109.81413365986089
06.06.2025 17:00,8.4,0.0,74.7,,172.49,1319.6975,50.67,-26.55,31.43,0,116.32376402980528
06.06.2025 18:00,8.4,50.47,74.7,,238.74,1102.9225,19.739,4.7925,31.43,0,151.66859570766997
06.06.2025 19:00,8.4,84.19,74.7,,213.365,1033.065,37.85,56.175,31.43,0,201.2904104228138
06.06.2025 20:00,8.4,112.57,74.7,,113.87,761.5675,22.01,73.85666666666667,1.38,0,230.99788176949824
06.06.2025 21:00,8.4,129.29,74.7,,93.1725,719.26,0.081,83.22333333333334,1.38,0,245.01190725950116
06.06.2025 22:00,8.4,125.72,74.7,,88.9,680.5975000000001,1.255,82.5375,1.38,0,251.00405424395396
06.06.2025 23:00,8.35,103.24,74.7,,89.4725,640.46,40.423,42.70333333333334,1.38,0,250.17537075480067
07.06.2025 00:00,8.35,87.61,74.7,,91.2225,478.965,0.452,137.06,2.93,0,258.8971554185091
07.06.2025 01:00,8.06,83.5,74.7,,97.42,483.2525,0.812,65.1,2.93,0,277.3873680792971
07.06.2025 02:00,8.06,78.02,74.7,,99.995,357.0925,26.959,65.1,2.93,0,288.6047755860856
07.06.2025 03:00,8.06,81.89,74.7,,98.2,363.05,0.299,82.67,2.93,0,295.57973537678816
07.06.2025 04:00,8.06,82.27,74.7,,87.63,426.51,0.8140000000000001,79.71000000000001,3.19,0,319.95298106135823
07.06.2025 05:00,8.06,81.99,74.7,,85.5075,561.93,0.015,85.2,3.19,0,321.1396292614017
07.06.2025 06:00,8.06,85.47,74.7,,85.6875,800.2775,0.056,77.88,3.19,0,298.7726362890955
07.06.2025 07:00,8.19,86.74,74.7,,71.3175,914.8275,14.524,99.3775,3.19,0,279.69835462678475
07.06.2025 08:00,8.28,79.86,74.7,,35.5475,973.38,203.042,-8.655,37.88,0,235.3557806507137
07.06.2025 09:00,8.41,65.3,74.7,,18.14,1011.935,160.522,-11.8525,37.88,0,177.85514238086532
07.06.2025 10:00,8.41,30.53,74.7,,-1.2050000000000003,961.885,13.891,31.0475,37.88,0,142.71892941692795
07.06.2025 11:00,8.41,9.44,74.7,,-3.17,868.6025,23.048,23.655,37.88,0,123.9218935157763
07.06.2025 12:00,8.41,1.19,74.7,,11.935,948.2625,0.0,60.065,78.14,0,118.53453751323028
07.06.2025 13:00,8.41,-0.01,74.7,,18.2225,842.11,48.871,6.806666666666668,78.14,0,118.60709471391264
07.06.2025 14:00,8.41,-0.02,74.7,,32.6025,929.9925,9.925999999999998,201.07,78.14,0,117.58886559648964
07.06.2025 15:00,8.28,-0.02,74.7,,68.01,1283.0125,0.026,57.195,78.14,0,120.44974500758816
07.06.2025 16:00,8.19,-0.87,74.7,,90.41,1253.395,1.52,40.99,30.49,0,128.02193548065526
07.06.2025 17:00,8.1,26.91,74.7,,118.5675,1032.92,3.084,292.91,30.49,0,159.33373538799032
07.06.2025 18:00,8.1,70.1,74.7,,116.7575,1039.0375,9.433,100.0,30.49,0,201.1041852262844
07.06.2025 19:00,8.1,85.01,74.7,,120.5225,767.3225,41.352,57.3225,30.49,0,217.9218620621405
07.06.2025 20:00,8.1,109.9,74.7,,112.7725,716.8175,0.279,104.24,1.34,0,241.24353077701235
07.06.2025 21:00,8.1,110.26,74.7,,93.3925,605.9725000000001,30.143,100.91666666666669,1.34,0,246.51508915330143
07.06.2025 22:00,8.1,98.01,74.7,,84.28,699.215,73.751,72.1075,1.34,0,243.85535292790655
07.06.2025 23:00,8.06,80.09,74.7,,72.4825,604.5725,75.739,1.1850000000000005,1.34,0,234.23902994597563
08.06.2025 00:00,8.06,93.84,74.7,,59.3725,744.455,58.513,17.072499999999998,3.38,0,223.2195229141117
08.06.2025 01:00,8.04,83.0,74.7,,36.215,609.61,64.203,9.239999999999998,3.38,0,219.47268362144547
08.06.2025 02:00,8.04,76.86,74.7,,6.244999999999999,476.5225,55.96,-13.155,3.38,0,196.48724578877955
08.06.2025 03:00,8.04,69.74,74.7,,-6.2475000000000005,398.15,34.545,-19.77,3.38,0,183.1610751279181
08.06.2025 04:00,8.04,67.02,74.7,,-11.615000000000002,504.9175,64.269,-32.487500000000004,4.88,0,175.87700071808257
08.06.2025 05:00,8.04,55.66,74.7,,-15.5575,593.5475,4.01,15.2875,4.88,0,168.24688591934932
08.06.2025 06:00,8.04,39.02,74.7,,-11.66,745.0,4.428,32.59,4.88,0,154.74405664737452
08.06.2025 07:00,8.17,3.71,74.7,,-3.51,821.7375,24.761,26.045,4.88,0,139.74186869483862
08.06.2025 08:00,8.27,0.0,74.7,,-2.69,801.665,4.042,6.09,58.65,0,126.8865799997509
08.06.2025 09:00,8.39,-0.5,74.7,,-4.975,699.9225,5.338,1.89,58.65,0,119.8829692209322
08.06.2025 10:00,8.39,-2.0,74.7,,-9.72,822.1424999999999,51.402,-16.785,58.65,0,113.01533383025634
08.06.2025 11:00,8.39,-8.21,74.7,,-30.805,707.4225,17.816,0.4349999999999996,58.65,0,109.72750346849924
08.06.2025 12:00,8.39,-19.92,74.7,,-45.5,543.775,16.378,9.46,122.11,0,107.68447205089966
08.06.2025 13:00,8.39,-39.98,74.7,,-46.0,587.235,8.63,14.9125,122.11,0,110.992574910221
08.06.2025 14:00,8.39,-52.56,74.7,,-35.83,721.2225,16.549,11.335,122.11,0,114.46556417857884
08.06.2025 15:00,8.27,-53.06,74.7,,-17.907500000000002,886.04,0.377,63.59,122.11,0,113.71317087622644
08.06.2025 16:00,8.17,-38.89,74.7,,-6.9275,824.135,8.997,20.145,51.0,0,111.96960296825569
08.06.2025 17:00,8.08,-16.71,74.7,,-8.8125,1105.26,25.66,74.45750000000001,51.0,0,108.3751101600608
08.06.2025 18:00,8.08,-0.01,74.7,,4.085,1083.635,140.926,-61.15,51.0,0,114.096147203979
08.06.2025 19:00,8.08,39.65,74.7,,14.625,642.365,1.165,18.875,51.0,0,111.58183046468628
08.06.2025 20:00,8.08,60.88,74.7,,9.44,725.18,131.85399999999998,-24.3325,1.9,0,117.10802758605662
08.06.2025 21:00,8.08,69.55,74.7,,-1.9375,634.4225,102.244,-7.035,1.9,0,119.02866316705322
08.06.2025 22:00,8.08,65.07,74.7,,-5.4375,575.2925,77.233,-9.6825,1.9,0,125.66775651818593
08.06.2025 23:00,8.04,51.13,74.7,,-6.2575,485.09,16.872,24.22,1.9,0,129.05577802596454
09.06.2025 00:00,8.04,4.8,74.7,,-6.735,452.38,213.313,-30.4975,4.19,0,132.93928870811422
09.06.2025 01:00,8.35,4.15,74.7,,-6.7625,546.0775,46.374,-5.66,4.19,0,135.18624508714475
09.06.2025 02:00,8.35,4.19,74.7,,-2.98,457.9925,3.882,156.6125,4.19,0,137.96814889621248
09.06.2025 03:00,8.35,4.27,74.7,,0.7599999999999999,432.8325,6.955,16.2625,4.19,0,140.35737164081718
09.06.2025 04:00,8.35,13.42,74.7,,2.225,520.035,21.966,7.8475,7.38,0,147.07866317085464
09.06.2025 05:00,8.35,32.2,74.7,,-4.295,551.645,91.567,-45.1275,7.38,0,150.53277280991392
09.06.2025 06:00,8.35,44.97,74.7,,-4.427499999999999,778.64,1.718,39.3175,7.38,0,147.2006574381042
09.06.2025 07:00,8.54,40.04,74.7,,-2.545,805.1975,113.719,-42.39,7.38,0,144.11582214575168
09.06.2025 08:00,8.7,2.97,74.7,,-2.6775,633.4275,174.674,-74.28,45.92,0,134.1109741682735
09.06.2025 09:00,8.91,-0.62,74.7,,-6.449999999999999,467.5575,301.633,-91.1225,45.92,0,122.5510163661988
09.06.2025 10:00,8.91,-1.14,74.7,,-22.0875,729.53,137.544,-27.3225,45.92,0,116.60624390830262
09.06.2025 11:00,8.91,-4.14,74.7,,-23.65,712.2425000000001,5.178000000000001,-4.200000000000001,45.92,0,113.77585346997404
09.06.2025 12:00,8.91,-10.0,74.7,,-13.6025,785.765,56.260000000000005,-41.7125,89.99,0,114.00431662090428
09.06.2025 13:00,8.91,-19.33,74.7,,-2.4775,741.9025,15.771,-1.8833333333333333,89.99,0,113.54318649839875
09.06.2025 14:00,8.91,-15.76,74.7,,-3.3925,879.7475,10.085,18.7425,89.99,0,114.74269890756362
09.06.2025 15:00,8.7,-4.5,74.7,,1.6925000000000008,1230.87,22.236,8.096666666666666,89.99,0,118.66033295569386
09.06.2025 16:00,8.54,-1.0,74.7,,57.705,1189.84,107.56,-15.29,35.46,0,127.47009852230082
09.06.2025 17:00,8.4,0.09,74.7,,84.35,1017.6625,94.888,-32.02,35.46,0,142.20224210388272
09.06.2025 18:00,8.4,69.54,74.7,,121.8775,808.9175,0.0,,35.46,0,194.1517312245223
09.06.2025 19:00,8.4,117.79,74.7,,145.6125,690.03,0.404,103.11,35.46,0,264.0797283473016
09.06.2025 20:00,8.4,141.4,74.7,,133.975,789.8225,4.989,94.845,1.46,0,312.0067704009891
09.06.2025 21:00,8.4,148.42,74.7,,94.2975,569.015,6.816000000000001,85.69,1.46,0,335.9958654881142
09.06.2025 22:00,8.4,126.52,74.7,,82.5825,673.495,35.858,57.315,1.46,0,339.5659085526269
09.06.2025 23:00,8.35,101.19,74.7,,63.55,750.99,116.628,36.9725,1.46,0,346.3605001601897
10.06.2025 00:00,8.35,86.65,74.7,,53.275,537.675,176.137,28.3225,3.08,0,322.152226762339
10.06.2025 01:00,8.35,78.07,74.7,,41.3825,585.935,465.667,-1.1849999999999996,3.08,0,269.332016991717
10.06.2025 02:00,8.35,69.66,74.7,,35.8225,536.0325,215.376,2.5475,3.08,0,232.28401307478637
10.06.2025 03:00,8.35,59.95,74.7,,37.82,561.0025,69.154,39.8925,3.08,0,217.9183965934796
10.06.2025 04:00,8.35,54.16,74.7,,61.045,512.9100000000001,2.284,58.205,4.38,0,213.72306812152547
10.06.2025 05:00,8.35,62.18,74.7,,53.515,781.1,163.652,20.485,4.38,0,212.9654100933569
10.06.2025 06:00,8.35,74.62,74.7,,56.447500000000005,1084.0925,4.791,68.47,4.38,0,195.0650769981659
10.06.2025 07:00,8.54,82.79,74.7,,38.1275,1173.425,7.69,54.13,4.38,0,176.74436599842517
10.06.2025 08:00,8.7,83.17,74.7,,18.085,1120.01,4.052,53.44,34.95,0,148.47845624900617
10.06.2025 09:00,8.91,69.0,74.7,,14.88,999.53,9.829,12.996666666666664,34.95,0,137.41373786570216
10.06.2025 10:00,8.91,22.21,74.7,,-2.2,986.9475,87.744,-20.0225,34.95,0,127.2544885144643
10.06.2025 11:00,8.91,0.1,74.7,,-0.1024999999999998,830.03,1.319,66.94749999999999,34.95,0,118.20834989714665
10.06.2025 12:00,8.91,-0.19,74.7,,-0.3,624.5725,0.41,46.655,76.41,0,114.920260286981
10.06.2025 13:00,8.91,-2.33,74.7,,12.982500000000002,755.015,0.0,89.9,76.41,0,109.54207219166692
10.06.2025 14:00,8.91,-4.26,74.7,,40.65,1019.225,0.0,89.57333333333334,76.41,0,103.50177855457196
10.06.2025 15:00,8.7,-1.04,74.7,,61.715,1013.7475,4.353,63.193333333333335,76.41,0,110.99687139251958
10.06.2025 16:00,8.54,0.03,74.7,,64.86,919.9475,48.723,24.0075,28.8,0,115.47548775022253
10.06.2025 17:00,8.4,53.99,74.7,,76.1675,563.3725,163.48600000000002,6.7925,28.8,0,116.99061953604463
10.06.2025 18:00,8.4,69.6,74.7,,74.925,190.5275,91.572,27.57,28.8,0,144.15965500758793
10.06.2025 19:00,8.4,82.08,74.7,,81.8975,77.84333333333333,241.63,29.815,28.8,0,178.06723706890006
10.06.2025 20:00,8.4,83.97,74.7,,85.3625,297.49,285.147,25.5725,1.28,0,191.2825782132273
10.06.2025 21:00,8.4,91.28,74.7,,77.19,520.5025,44.577,80.40333333333334,1.28,0,203.67383313510717
10.06.2025 22:00,8.4,97.94,74.7,,80.2075,556.5550000000001,84.173,52.53,1.28,0,203.4721833685439
10.06.2025 23:00,8.35,85.31,74.7,,73.765,525.4175,179.637,-3.56,1.28,0,214.31896019978964
11.06.2025 00:00,8.35,73.01,74.7,,77.1225,362.1525,10.879,38.995,2.83,0,217.50271923031127
11.06.2025 01:00,8.35,71.38,74.7,,72.0375,335.9775,28.692,22.692500000000003,2.83,0,213.30555643105836
11.06.2025 02:00,8.35,70.58,74.7,,77.19749999999999,446.7175,2.226,46.785,2.83,0,213.6105597176344
11.06.2025 03:00,8.35,69.86,74.7,,87.5775,498.6575,142.87,4.217499999999999,2.83,0,217.31802075205465
11.06.2025 04:00,8.35,73.59,74.7,,100.7575,619.385,5.924,77.6325,3.41,0,237.9489627626486
11.06.2025 05:00,8.35,83.6,74.7,,103.39,639.5975,1.885,87.1575,3.41,0,260.3603882926983
11.06.2025 06:00,8.35,101.26,74.7,,108.27,935.2275,96.927,44.836666666666666,3.41,0,246.2110031012261
11.06.2025 07:00,8.54,107.8,74.7,,70.15,1088.06,268.449,0.4800000000000004,3.41,0,224.71795458202348
11.06.2025 08:00,8.7,85.09,74.7,,33.765,1048.065,20.275,32.165,38.88,0,200.68075440639325
11.06.2025 09:00,8.91,66.7,74.7,,4.447499999999999,890.805,52.981,4.6625,38.88,0,169.12980512048398
11.06.2025 10:00,8.91,22.98,74.7,,-0.1425,915.595,16.156,12.5225,38.88,0,144.80352023941185
11.06.2025 11:00,8.91,1.3,74.7,,-12.4525,856.3924999999999,6.72,26.19,38.88,0,136.41813495175325
11.06.2025 12:00,8.91,-0.36,74.7,,-12.4675,712.2175,17.634,17.235,89.28,0,129.1380604578298
11.06.2025 13:00,8.91,-0.97,74.7,,-10.87,755.3975,16.255,11.03,89.28,0,125.21931250835846
11.06.2025 14:00,8.91,-3.4,74.7,,1.6875,1008.875,119.416,-4.8725000000000005,89.28,0,122.50719615711196
11.06.2025 15:00,8.7,-2.4,74.7,,50.3425,1098.49,64.146,-0.25,89.28,0,128.9154463903161
11.06.2025 16:00,8.54,-0.01,74.7,,80.4625,1266.685,27.463,-4.503333333333334,24.73,0,138.51065040883208
11.06.2025 17:00,8.4,66.47,74.7,,120.7325,960.6025,1.036,22.4975,24.73,0,168.3311132440717
11.06.2025 18:00,8.4,89.34,74.7,,196.0375,853.79,0.339,68.08,24.73,0,253.02074515362165
11.06.2025 19:00,8.4,132.28,74.7,,209.37,796.4725,2.551,64.65,24.73,0,329.0364852545149
11.06.2025 20:00,8.4,217.0,74.7,,122.3475,723.8225,78.787,42.1525,1.14,0,384.3379508899075
11.06.2025 21:00,8.4,180.0,74.7,,96.05,650.71,53.642,40.5925,1.14,0,403.75136727850577
11.06.2025 22:00,8.4,119.34,74.7,,90.0375,381.175,41.996,35.5075,1.14,0,404.88029048147007
11.06.2025 23:00,8.35,94.07,74.7,,91.255,312.5975,21.25,54.65,1.14,0,401.99100064139776
12.06.2025 00:00,8.35,92.91,74.7,,89.595,314.95,16.282,45.04,2.49,0,402.7104097821287
12.06.2025 01:00,8.35,87.7,74.7,,75.81,421.765,96.315,35.9025,2.49,0,401.0296021012922
12.06.2025 02:00,8.35,85.43,74.7,,79.395,400.0725,6.533,68.66,2.49,0,384.3303941873692
12.06.2025 03:00,8.35,84.85,74.7,,83.19,434.2,0.0,,2.49,0,367.78976276933145
12.06.2025 04:00,8.35,89.06,74.7,,104.94,547.5550000000001,25.696,39.336666666666666,2.8,0,361.10923709347736
12.06.2025 05:00,8.35,92.0,74.7,,95.8825,736.915,9.89,58.045,2.8,0,338.92374435762395
12.06.2025 06:00,8.35,114.85,74.7,,82.92,1212.0425,2.283,61.14,2.8,0,299.07109553859283
12.06.2025 07:00,8.54,104.3,74.7,,39.760000000000005,1325.715,22.92,25.25333333333333,2.8,0,256.4688870459105
12.06.2025 08:00,8.7,78.86,74.7,,-0.4149999999999991,851.0425,238.509,-15.305,35.23,0,197.9719983678697
12.06.2025 09:00,8.91,36.09,74.7,,-0.2599999999999998,799.0775,182.208,-5.895,35.23,0,146.1039262542997
12.06.2025 10:00,8.91,0.0,74.7,,-8.5925,791.4775,2.97,31.5375,35.23,0,128.17133833946502
12.06.2025 11:00,8.91,-2.0,74.7,,-17.134999999999998,665.7574999999999,27.471,19.555,35.23,0,123.9213913701066
12.06.2025 12:00,8.91,-15.91,74.7,,-21.9875,715.9725,31.953,25.54,79.1,0,121.59393971475158
12.06.2025 13:00,8.91,-27.9,74.7,,-8.969999999999999,697.1775,3.249,-1.81,79.1,0,122.41276232584292
12.06.2025 14:00,8.91,-25.47,74.7,,-0.8925000000000001,781.6425,0.251,,79.1,0,124.62640632779102
12.06.2025 15:00,8.7,-11.57,74.7,,22.95,1077.635,44.454,-0.6575000000000002,79.1,0,129.52513764945667
12.06.2025 16:00,8.54,-2.78,74.7,,72.69500000000001,1202.325,163.638,-21.995,29.87,0,132.6797511223125
12.06.2025 17:00,8.4,14.9,74.7,,113.9225,1152.3175,54.916,6.029999999999999,29.87,0,140.41255760295073
12.06.2025 18:00,8.4,79.96,74.7,,150.45499999999998,967.63,14.049,52.39,29.87,0,171.74123596840477
12.06.2025 19:00,8.4,112.55,74.7,,172.0725,1054.8225,0.0,,29.87,0,208.96567339361843
12.06.2025 20:00,8.4,132.0,74.7,,112.19,910.8525,194.788,25.92,1.37,0,223.0989417567088
12.06.2025 21:00,8.4,111.0,74.7,,83.8025,707.7925,23.176,44.88,1.37,0,222.20928354413053
12.06.2025 22:00,8.4,105.0,74.7,,76.1575,475.61,40.217,81.16250000000001,1.37,0,211.8655196398124
12.06.2025 23:00,8.35,86.9,74.7,,78.0575,393.5925,7.199,49.2975,1.37,0,213.7840115513348
13.06.2025 00:00,8.35,70.29,74.7,,78.9725,313.145,5.936,23.22,3.14,0,210.35944199479937
13.06.2025 01:00,8.35,55.25,74.7,,76.295,313.2075,77.059,14.8375,3.14,0,207.97016417987425
13.06.2025 02:00,8.35,58.61,74.7,,75.2825,406.2025,16.584,40.79,3.14,0,216.8154037808147
13.06.2025 03:00,8.35,63.42,74.7,,81.59,432.1525,18.287,30.475,3.14,0,222.9988317411333
13.06.2025 04:00,8.35,63.84,74.7,,94.99,465.205,7.005,35.93,2.67,0,227.1308549971972
13.06.2025 05:00,8.35,70.71,74.7,,97.3975,686.855,58.854,54.56,2.67,0,231.62848055089884
13.06.2025 06:00,8.35,83.68,74.7,,80.85249999999999,917.8225,53.817,39.855,2.67,0,219.50833867903455
13.06.2025 07:00,8.54,87.26,74.7,,48.035,1034.2425,113.756,9.24,2.67,0,206.6547998331049
13.06.2025 08:00,8.7,77.39,74.7,,12.315,811.4275,125.463,-2.995,35.95,0,178.33192920003512
13.06.2025 09:00,8.91,40.03,74.7,,8.9225,845.2475,304.254,-37.9725,35.95,0,157.67497621894432
13.06.2025 10:00,8.91,4.1,74.7,,1.6075,645.665,22.467,20.0525,35.95,0,136.06812716171038
13.06.2025 11:00,8.91,-0.03,74.7,,-1.4125,619.115,2.096,3.452500000000001,35.95,0,120.83121910414842
13.06.2025 12:00,8.91,-2.05,74.7,,-2.715,554.6175000000001,6.716,22.3675,76.9,0,118.31008995743689
13.06.2025 13:00,8.91,-6.09,74.7,,8.21,672.78,3.634,28.0275,76.9,0,120.29759606820843
13.06.2025 14:00,8.91,-6.01,74.7,,25.965000000000003,1042.8625,110.302,4.31,76.9,0,114.20418022992514
13.06.2025 15:00,8.7,-2.38,74.7,,66.06,1172.785,172.30599999999998,-0.6975,76.9,0,116.20423232161198
13.06.2025 16:00,8.54,-0.01,74.7,,90.9475,1182.0175,114.233,8.5375,28.9,0,121.8944299322095
13.06.2025 17:00,8.4,35.9,74.7,,209.5675,1021.1425,5.119,32.09,28.9,0,147.083278017274
13.06.2025 18:00,8.4,80.04,74.7,,184.67,1008.475,5.132,56.93,28.9,0,187.7865355369807
13.06.2025 19:00,8.4,108.9,74.7,,113.0025,834.0,3.893,89.225,28.9,0,218.405083703131
13.06.2025 20:00,8.4,111.19,74.7,,85.77000000000001,750.2225,395.056,16.47,1.39,0,240.68007778512617
13.06.2025 21:00,8.4,94.9,74.7,,63.6425,664.6800000000001,75.286,54.5975,1.39,0,223.52964006566452
13.06.2025 22:00,8.4,90.0,74.7,,67.2875,603.2725,12.599,72.4825,1.39,0,197.1506839491544
13.06.2025 23:00,8.35,71.3,74.7,,68.175,418.14,1.872,64.4625,1.39,0,186.7466082912599
14.06.2025 00:00,8.35,73.99,74.7,,75.2825,354.975,49.857,17.32,6.3,0,172.2060254545426
14.06.2025 01:00,8.06,71.2,74.7,,81.4925,369.4325,25.682,27.19333333333333,6.3,0,173.12996024459966
14.06.2025 02:00,8.06,66.15,74.7,,82.6525,364.195,25.119,37.23333333333333,6.3,0,175.98040075696213
14.06.2025 03:00,8.06,66.88,74.7,,82.53999999999999,527.0525,0.0,,6.3,0,184.27629133392304
14.06.2025 04:00,8.06,68.06,74.7,,85.625,797.0899999999999,0.01,53.64,6.81,0,194.52116665767036
14.06.2025 05:00,8.06,64.52,74.7,,69.8575,1236.115,1.679,63.46666666666668,6.81,0,189.3895647975977
14.06.2025 06:00,8.06,54.68,74.7,,35.235,1118.8875,8.269,19.066666666666663,6.81,0,180.07171447371695
14.06.2025 07:00,8.19,20.3,74.7,,-2.955,960.41,21.902,5.8325000000000005,6.81,0,157.54342190940068
14.06.2025 08:00,8.28,7.74,74.7,,0.7675000000000001,887.085,902.529,-271.1,47.39,0,138.65706669827793
14.06.2025 09:00,8.41,0.0,74.7,,-14.5125,860.9025,46.354,-21.0975,47.39,0,120.70307193490784
14.06.2025 10:00,8.41,-2.02,74.7,,-38.535,703.46,30.944000000000003,-22.47,47.39,0,113.6310321975816
14.06.2025 11:00,8.41,-9.08,74.7,,-55.7275,782.195,4.721,40.3175,47.39,0,113.3117786091387
14.06.2025 12:00,8.41,-35.72,74.7,,-43.54,977.795,2.521,31.47,77.5,0,114.91581183957037
14.06.2025 13:00,8.41,-38.0,74.7,,-14.2975,954.36,2.306,48.7725,77.5,0,117.18035102241224
14.06.2025 14:00,8.41,-25.75,74.7,,1.8100000000000005,907.4925,0.137,54.31,77.5,0,116.793138110015
14.06.2025 15:00,8.28,-6.7,74.7,,34.182500000000005,1394.33,45.486,24.32,77.5,0,119.91095926416703
14.06.2025 16:00,8.19,-0.37,74.7,,88.3375,1261.9375,23.14,17.895,28.0,0,129.18813957754995
14.06.2025 17:00,8.1,8.86,74.7,,121.6775,1122.1175,15.462,29.8725,28.0,0,148.54232033856223
14.06.2025 18:00,8.1,83.38,74.7,,173.9125,862.105,0.04,61.44,28.0,0,217.48444013781315
14.06.2025 19:00,8.1,121.55,74.7,,318.89,879.01,0.001,,28.0,0,258.22494824888
14.06.2025 20:00,8.1,127.27,74.7,,367.2925,933.3475,0.0,,1.19,0,276.10969890057913
14.06.2025 21:00,8.1,117.68,74.7,,168.785,1076.6325,0.019,304.9,1.19,0,289.51058382450367
14.06.2025 22:00,8.1,121.39,74.7,,115.5825,920.85,8.39,99.22666666666667,1.19,0,290.8781992097156
14.06.2025 23:00,8.06,109.0,74.7,,104.1825,684.635,80.25399999999999,81.295,1.19,0,290.66597598332214
15.06.2025 00:00,8.06,91.93,74.7,,89.145,450.035,27.896,62.1175,3.23,0,284.96137773286523
15.06.2025 01:00,8.04,88.87,74.7,,97.7725,437.3625,0.307,72.89,3.23,0,291.75293312902176
15.06.2025 02:00,8.04,87.23,74.7,,103.2275,442.8175,5.425,74.965,3.23,0,315.19365636482587
15.06.2025 03:00,8.04,90.94,74.7,,90.00999999999999,615.2774999999999,76.675,41.74,3.23,0,337.40294039112206
15.06.2025 04:00,8.04,91.99,74.7,,81.49,643.665,168.314,22.35,3.87,0,341.31525277690287
15.06.2025 05:00,8.04,92.15,74.7,,83.315,906.065,0.0,38.0,3.87,0,337.2888204701661
15.06.2025 06:00,8.04,84.99,74.7,,70.82,1038.65,9.865,34.3875,3.87,0,286.78192089175553
15.06.2025 07:00,8.17,66.21,74.7,,51.23,1247.475,2.674,35.34,3.87,0,227.87747616200383
15.06.2025 08:00,8.27,53.86,74.7,,32.9725,887.7375000000001,0.768,59.1925,38.65,0,190.23757125338483
15.06.2025 09:00,8.39,5.55,74.7,,51.285,974.5025,1.4859999999999998,35.0175,38.65,0,167.50963274075457
15.06.2025 10:00,8.39,0.0,74.7,,19.35,948.815,88.43299999999999,-2.0700000000000003,38.65,0,156.0367323988429
15.06.2025 11:00,8.39,-0.02,74.7,,-4.7525,875.5575,37.421,23.6725,38.65,0,149.252066083188
15.06.2025 12:00,8.39,-1.22,74.7,,-4.5175,885.89,10.459,20.2725,70.1,0,145.31525430917836
15.06.2025 13:00,8.39,-5.61,74.7,,-2.4375,868.78,61.717,2.452500000000001,70.1,0,149.11408551349015
15.06.2025 14:00,8.39,-5.0,74.7,,14.0925,944.7275,1.55,18.173333333333336,70.1,0,144.8809875125395
15.06.2025 15:00,8.27,-2.0,74.7,,56.620000000000005,1225.0575,7.715,17.995,70.1,0,151.24557598090726
15.06.2025 16:00,8.17,-0.01,74.7,,82.605,974.2975,1.81,41.765,25.53,0,165.78719561401476
15.06.2025 17:00,8.08,54.79,74.7,,92.87,894.9775,58.791,20.565,25.53,0,192.41773787719416
15.06.2025 18:00,8.08,96.43,74.7,,86.0025,957.5275,128.948,136.1725,25.53,0,251.58359337154332
15.06.2025 19:00,8.08,109.0,74.7,,100.9275,618.74,13.258,75.075,25.53,0,293.6285139777081
15.06.2025 20:00,8.08,114.59,74.7,,101.8575,668.2725,0.222,84.88666666666667,1.1,0,321.0298274623815
15.06.2025 21:00,8.08,135.43,74.7,,93.535,606.3425,19.25,94.29,1.1,0,339.20486907877887
15.06.2025 22:00,8.08,127.63,74.7,,87.6925,517.88,150.807,32.6575,1.1,0,359.0059611433847
15.06.2025 23:00,8.04,106.54,74.7,,84.3875,491.43,52.173,50.84,1.1,0,369.10700535934177
16.06.2025 00:00,8.04,105.72,74.7,,70.4975,553.615,425.504,20.546666666666667,2.73,0,375.5260436307488
16.06.2025 01:00,8.35,91.64,74.7,,67.275,394.3575,305.952,31.167500000000004,2.73,0,356.6925851823598
16.06.2025 02:00,8.35,86.94,74.7,,68.6425,468.985,18.537,44.13,2.73,0,345.02350734728856
16.06.2025 03:00,8.35,84.0,74.7,,79.1175,520.8425,0.0,,2.73,0,340.7571338289864
16.06.2025 04:00,8.35,83.28,74.7,,91.44,563.635,0.004,84.95,2.96,0,351.44356614382883
16.06.2025 05:00,8.35,88.39,74.7,,103.7525,539.925,4.988,76.9975,2.96,0,377.7529618037759
16.06.2025 06:00,8.35,112.43,74.7,,102.645,892.7775,57.526,26.64,2.96,0,345.6304434656686
16.06.2025 07:00,8.54,123.49,74.7,,90.055,1143.325,1.135,120.0275,2.96,0,301.8941643812985
16.06.2025 08:00,8.7,108.92,74.7,,75.905,1311.8075,70.646,35.31,34.85,0,277.9821397292191
16.06.2025 09:00,8.91,84.49,74.7,,53.365,1225.505,53.642,31.826666666666664,34.85,0,231.6463910945447
16.06.2025 10:00,8.91,60.28,74.7,,33.4875,909.7275,1.027,65.82,34.85,0,172.9784637015945
16.06.2025 11:00,8.91,14.02,74.7,,45.6125,1170.1725,0.382,37.61,34.85,0,152.94285539409174
16.06.2025 12:00,8.91,1.62,74.7,,46.1175,1130.175,1.874,129.57666666666668,68.75,0,146.7105976138306
16.06.2025 13:00,8.91,0.07,74.7,,45.6225,1062.46,3.768,81.655,68.75,0,145.31381175245446
16.06.2025 14:00,8.91,0.0,74.7,,55.5475,1225.07,136.623,-6.925000000000001,68.75,0,145.50403739231834
16.06.2025 15:00,8.7,0.0,74.7,,69.5925,1151.0375,48.625,-8.655,68.75,0,148.62535780047722
16.06.2025 16:00,8.54,13.61,74.7,,90.115,1253.045,5.966,31.82333333333333,25.39,0,155.83775067086165
16.06.2025 17:00,8.4,70.0,74.7,,103.1525,1106.7075,26.876,3.4224999999999994,25.39,0,207.43182940828257
16.06.2025 18:00,8.4,89.24,74.7,,122.1425,924.0,6.911,81.49666666666667,25.39,0,302.89890326305726
16.06.2025 19:00,8.4,116.0,74.7,,124.92,750.56,0.0,,25.39,0,383.2711805246084
16.06.2025 20:00,8.4,186.1,74.7,,116.73,662.86,0.03,88.73,1.0,0,442.11928636504473
16.06.2025 21:00,8.4,190.0,74.7,,111.81,607.41,4.208,89.82333333333334,1.0,0,458.21618967790073
16.06.2025 22:00,8.4,129.18,74.7,,101.755,413.89,18.008,62.855,1.0,0,468.846796167614
16.06.2025 23:00,8.35,106.9,74.7,,96.345,298.7575,2.834,73.07,1.0,0,487.9196147190438
17.06.2025 00:00,8.35,103.98,74.7,,93.4775,295.5375,0.02,119.14,3.0,0,510.1578066928368
17.06.2025 01:00,8.35,98.26,74.7,,95.315,278.5225,0.021,187.61,3.0,0,524.5261515205057
17.06.2025 02:00,8.35,94.95,74.7,,101.16,278.3375,2.072,84.43666666666667,3.0,0,554.3920103968055
17.06.2025 03:00,8.35,94.19,74.7,,109.5075,393.4675,0.0,,3.0,0,560.8260646840271
17.06.2025 04:00,8.35,95.24,74.7,,119.6975,561.765,7.368,83.27,2.69,0,559.4087955007061
17.06.2025 05:00,8.35,102.51,74.7,,110.935,774.25,22.571,114.6575,2.69,0,538.3081000819295
17.06.2025 06:00,8.35,118.76,74.7,,96.6725,938.5675,0.21,151.08249999999998,2.69,0,465.10091537208217
17.06.2025 07:00,8.54,107.01,74.7,,52.54,1044.1174999999998,8.754,76.055,2.69,0,396.7419544913441
17.06.2025 08:00,8.7,98.59,74.7,,0.6874999999999982,883.2724999999999,32.501,0.9775,56.69,0,302.1013055000216
17.06.2025 09:00,8.91,70.74,74.7,,-20.9875,685.5725,53.198,-24.8625,56.69,0,195.0114033717801
17.06.2025 10:00,8.91,4.34,74.7,,-16.93,678.865,28.501,2.7575000000000003,56.69,0,154.01064216925732
17.06.2025 11:00,8.91,-0.61,74.7,,-25.9525,594.96,33.721000000000004,6.8125,56.69,0,150.83276119333632
17.06.2025 12:00,8.91,-0.86,74.7,,-38.5125,725.855,37.231,1.2550000000000003,132.41,0,144.6749019425165
17.06.2025 13:00,8.91,-4.91,74.7,,-37.0925,860.4975000000001,22.409,22.3125,132.41,0,145.79785383693385
17.06.2025 14:00,8.91,-6.2,74.7,,-19.1775,994.7625,79.147,-31.3525,132.41,0,149.78365304389132
17.06.2025 15:00,8.7,-2.56,74.7,,57.2675,1282.9924999999998,91.131,-8.850000000000001,132.41,0,152.9802799830574
17.06.2025 16:00,8.54,8.65,74.7,,103.5275,1335.0925,0.017,54.75,43.46,0,164.93285053236224
17.06.2025 17:00,8.4,79.23,74.7,,143.6925,1036.83,58.408,54.265,43.46,0,223.3741420182677
17.06.2025 18:00,8.4,103.36,74.7,,200.5275,995.94,4.35,134.61333333333332,43.46,0,342.338823567638
17.06.2025 19:00,8.4,129.08,74.7,,193.6875,918.28,3.066,150.82333333333335,43.46,0,427.4793492489538
17.06.2025 20:00,8.4,241.8,74.7,,139.585,719.4925,0.077,115.46,1.75,0,489.3324743605354
17.06.2025 21:00,8.4,241.38,74.7,,111.92,617.51,8.857000000000001,161.395,1.75,0,509.9365767327731
17.06.2025 22:00,8.4,138.19,74.7,,113.25,498.26,7.168,100.93,1.75,0,513.1750151037159
17.06.2025 23:00,8.35,116.36,74.7,,110.4825,336.5575,1.299,92.8675,1.75,0,538.3446016998674
18.06.2025 00:00,8.35,113.0,74.7,,104.8325,290.4825,2.297,105.2975,2.29,0,562.8344834666561
18.06.2025 01:00,8.35,106.8,74.7,,101.1375,224.36,0.229,91.965,2.29,0,566.7346004549821
18.06.2025 02:00,8.35,101.5,74.7,,100.5825,290.735,1.565,89.815,2.29,0,577.8955217703963
18.06.2025 03:00,8.35,95.84,74.7,,105.4575,323.6675,1.388,94.3975,2.29,0,572.4632677176874
18.06.2025 04:00,8.35,97.01,74.7,,116.5775,399.525,0.0,,2.34,0,565.3674145259739
18.06.2025 05:00,8.35,103.57,74.7,,127.185,631.88,2.402,84.5,2.34,0,545.1390119649767
18.06.2025 06:00,8.35,112.35,74.7,,115.55,898.9725000000001,12.667,84.18,2.34,0,470.75641631802375
18.06.2025 07:00,8.54,114.9,74.7,,79.39,903.0275,58.341,22.695,2.34,0,403.6996008855645
18.06.2025 08:00,8.7,111.39,74.7,,28.67,1031.6975,77.326,9.3775,37.36,0,331.95130987584304
18.06.2025 09:00,8.91,78.97,74.7,,36.9725,1175.2925,46.796,-3.0925,37.36,0,244.86809569260103
18.06.2025 10:00,8.91,21.77,74.7,,3.595,976.7225,31.329,-1.9375,37.36,0,175.54272001152785
18.06.2025 11:00,8.91,1.17,74.7,,1.5074999999999998,738.6975,34.382000000000005,-1.7674999999999992,37.36,0,157.3964102704045
18.06.2025 12:00,8.91,-0.23,74.7,,-7.85,731.235,17.28,-6.982500000000002,82.68,0,148.6280959493207
18.06.2025 13:00,8.91,-1.04,74.7,,3.765,661.5350000000001,12.711,11.493333333333334,82.68,0,147.3599162086818
18.06.2025 14:00,8.91,-2.3,74.7,,39.3725,962.33,8.695,23.655,82.68,0,145.21975366904562
18.06.2025 15:00,8.7,-2.17,74.7,,75.93,1086.315,61.171,-22.45,82.68,0,147.25612050392672
18.06.2025 16:00,8.54,0.99,74.7,,95.21,1086.475,21.008,-10.105,30.43,0,165.94457096735735
18.06.2025 17:00,8.4,74.0,74.7,,118.9175,1014.8275,63.114,23.305,30.43,0,222.6623987317097
18.06.2025 18:00,8.4,107.15,74.7,,141.67000000000002,1011.5725,0.404,193.91,30.43,0,307.81340879229367
18.06.2025 19:00,8.4,116.4,74.7,,178.3625,805.5350000000001,0.0,,30.43,0,377.56726638484935
18.06.2025 20:00,8.4,140.99,74.7,,165.1175,869.1175000000001,3.3560000000000003,126.3,1.37,0,418.8101546716401
18.06.2025 21:00,8.4,175.32,74.7,,125.2325,716.48,54.171,43.626666666666665,1.37,0,440.92012792762927
18.06.2025 22:00,8.4,133.06,74.7,,107.4075,502.79,132.19799999999998,40.3075,1.37,0,453.13519882690497
18.06.2025 23:00,8.35,115.35,74.7,,99.1875,366.4,1.384,92.0675,1.37,0,456.3569930319391
19.06.2025 00:00,8.35,112.2,74.7,,102.775,383.995,0.038,99.32,2.25,0,459.7491058801186
19.06.2025 01:00,8.35,106.4,74.7,,101.505,271.46500000000003,0.192,98.3,2.25,0,439.5786795478975
19.06.2025 02:00,8.35,105.29,74.7,,97.725,288.315,0.16,102.1,2.25,0,413.9706455015892
19.06.2025 03:00,8.35,99.51,74.7,,96.1775,351.3375,28.63,44.69,2.25,0,408.5562742806076
19.06.2025 04:00,8.35,100.94,74.7,,95.22,465.315,0.1569999999999999,94.88,3.6,0,404.0296117006524
19.06.2025 05:00,8.35,95.68,74.7,,84.9525,720.0125,1.403,76.58666666666666,3.6,0,370.1562755396897
19.06.2025 06:00,8.35,101.51,74.7,,40.54,847.96,3.568,32.1,3.6,0,314.1256322822565
19.06.2025 07:00,8.54,89.25,74.7,,0.2424999999999997,906.505,114.809,-63.925,3.6,0,240.87981018780707
19.06.2025 08:00,8.7,71.25,74.7,,-0.9725,819.9975,119.875,-68.52250000000001,48.01,0,166.85869985852668
19.06.2025 09:00,8.91,0.86,74.7,,-7.1075,712.21,224.185,-88.8075,48.01,0,130.0334778208882
19.06.2025 10:00,8.91,-1.33,74.7,,-20.0525,526.1275,181.912,-67.0325,48.01,0,121.571027749225
19.06.2025 11:00,8.91,-29.98,74.7,,-33.92,481.1275,235.851,-75.945,48.01,0,114.5085914545288
19.06.2025 12:00,8.91,-52.21,74.7,,-42.835,600.885,175.387,-67.7375,88.41,0,113.0562374638596
19.06.2025 13:00,8.91,-65.44,74.7,,-16.49,618.0975,126.655,-73.17750000000001,88.41,0,113.88381775496909
19.06.2025 14:00,8.91,-64.95,74.7,,-3.06,768.34,131.632,-75.61500000000001,88.41,0,116.17338174513526
19.06.2025 15:00,8.7,-39.79,74.7,,18.2425,1076.5,168.463,-75.49,88.41,0,114.97737420836336
19.06.2025 16:00,8.54,-4.95,74.7,,69.67500000000001,1219.7875,191.826,-91.6075,34.0,0,119.40884084474558
19.06.2025 17:00,8.4,2.3,74.7,,143.605,1106.4175,15.005,13.605000000000004,34.0,0,123.71324965646066
19.06.2025 18:00,8.4,80.33,74.7,,131.16,892.2675,83.526,12.575,34.0,0,176.6017400500973
19.06.2025 19:00,8.4,118.47,74.7,,147.58249999999998,700.7275,0.203,97.88,34.0,0,256.5242875414141
19.06.2025 20:00,8.4,138.85,74.7,,143.4875,824.98,10.322,95.025,1.39,0,317.796538119336
19.06.2025 21:00,8.4,141.8,74.7,,109.32,649.915,100.931,52.785,1.39,0,335.59939815445136
19.06.2025 22:00,8.4,129.66,74.7,,103.9725,516.685,56.17,72.3725,1.39,0,339.1431782928332
19.06.2025 23:00,8.35,108.89,74.7,,93.1225,383.0075,52.607,55.3575,1.39,0,351.9302586848469
20.06.2025 00:00,8.35,109.49,74.7,,99.46,238.26,3.064,86.56,2.05,0,365.6210268810765
20.06.2025 01:00,8.35,104.57,74.7,,98.9975,235.4475,11.184,70.97333333333334,2.05,0,376.57070580467695
20.06.2025 02:00,8.35,103.24,74.7,,94.74,267.7075,19.303,71.0425,2.05,0,398.4624980481445
20.06.2025 03:00,8.35,105.01,74.7,,101.385,346.72,0.693,96.385,2.05,0,415.0403379891429
20.06.2025 04:00,8.35,104.27,74.7,,111.025,459.3925,0.028,97.72,2.34,0,429.0308825848504
20.06.2025 05:00,8.35,109.04,74.7,,110.25,681.4475,3.411,88.05,2.34,0,421.7182485168485
20.06.2025 06:00,8.35,120.9,74.7,,103.2575,926.7475,2.149,84.9025,2.34,0,353.760572748933
20.06.2025 07:00,8.54,118.66,74.7,,72.5825,1098.75,48.966,57.1325,2.34,0,306.30078362093525
20.06.2025 08:00,8.7,110.98,74.7,,32.75,1000.14,28.456,65.505,37.3,0,241.8105183088659
20.06.2025 09:00,8.91,81.69,74.7,,9.5125,883.8924999999999,142.522,14.6475,37.3,0,169.67223492117202
20.06.2025 10:00,8.91,15.83,74.7,,-8.345,871.3299999999999,58.45,-0.3800000000000001,37.3,0,130.4160233655495
20.06.2025 11:00,8.91,4.03,74.7,,-17.8675,651.8325,70.742,-0.8574999999999999,37.3,0,120.972249315615
20.06.2025 12:00,8.91,0.0,74.7,,-15.25,753.485,7.886,41.2325,77.16,0,115.32490949885096
20.06.2025 13:00,8.91,-1.0,74.7,,-0.6325000000000003,739.535,60.05499999999999,16.825,77.16,0,114.97695064131332
20.06.2025 14:00,8.91,-0.17,74.7,,31.275,875.43,130.681,26.975,77.16,0,114.54122153165996
20.06.2025 15:00,8.7,0.91,74.7,,89.0,929.515,19.309,47.7,77.16,0,118.65469070369596
20.06.2025 16:00,8.54,28.99,74.7,,112.455,1263.4325,132.16500000000002,25.56,26.57,0,137.09474886785068
20.06.2025 17:00,8.4,87.35,74.7,,134.7625,1143.205,90.587,55.815,26.57,0,212.6985949649886
20.06.2025 18:00,8.4,111.01,74.7,,157.4925,781.6975,10.288,86.7,26.57,0,309.3083836473044
20.06.2025 19:00,8.4,136.13,74.7,,141.7575,752.1600000000001,3.869,117.24,26.57,0,391.5263032746909
20.06.2025 20:00,8.4,201.29,74.7,,124.0025,695.1775,16.014,114.96666666666664,1.26,0,444.5655169723573
20.06.2025 21:00,8.4,178.63,74.7,,117.375,596.5875,24.919,100.41,1.26,0,449.6005762520845
20.06.2025 22:00,8.4,137.05,74.7,,113.845,566.5625,29.72,86.325,1.26,0,445.62112895597016
20.06.2025 23:00,8.35,121.38,74.7,,104.8575,335.82,0.038,99.64333333333332,1.26,0,453.85978769615
21.06.2025 00:00,8.35,118.52,74.7,,110.2,435.695,6.944,91.32666666666668,1.89,0,482.298812546899
21.06.2025 01:00,8.06,110.48,74.7,,92.4675,279.7275,36.425,80.9375,1.89,0,500.0541039752263
21.06.2025 02:00,8.06,108.15,74.7,,102.335,343.9225,2.745,84.81,1.89,0,494.7132384591056
21.06.2025 03:00,8.06,106.76,74.7,,96.3875,316.7425,1.794,94.0625,1.89,0,513.9955377574199
21.06.2025 04:00,8.06,109.1,74.7,,92.3725,453.235,0.201,94.7375,2.38,0,515.9016338012012
21.06.2025 05:00,8.06,104.45,74.7,,79.86,549.5925,0.43,92.755,2.38,0,488.1015365308707
21.06.2025 06:00,8.06,100.71,74.7,,44.27,936.69,78.123,36.8575,2.38,0,407.8920238635263
21.06.2025 07:00,8.19,90.74,74.7,,-12.0875,1099.905,11.149,48.445,2.38,0,287.026736383343
21.06.2025 08:00,8.28,75.93,74.7,,-52.1775,1122.23,24.432,12.9025,41.29,0,180.16360473954524
21.06.2025 09:00,8.41,23.4,74.7,,-116.76,1028.4775,27.771,2.134999999999998,41.29,0,151.96780188071494
21.06.2025 10:00,8.41,0.19,74.7,,-205.6775,835.7425000000001,17.386,-3.3175000000000017,41.29,0,133.91179703432385
21.06.2025 11:00,8.41,-2.01,74.7,,-187.11,1038.96,5.631,5.85,41.29,0,125.84244534618873
21.06.2025 12:00,8.41,-13.96,74.7,,-114.8675,1008.5225,4.63,-0.6150000000000002,76.62,0,124.41484543270064
21.06.2025 13:00,8.41,-29.98,74.7,,-53.7,1001.725,0.354,12.94,76.62,0,121.44298851482364
21.06.2025 14:00,8.41,-26.31,74.7,,-9.909999999999998,915.305,44.385,2.625,76.62,0,122.1001375920318
21.06.2025 15:00,8.28,-4.42,74.7,,40.985,1138.6975,111.166,-40.21,76.62,0,124.68782607999724
21.06.2025 16:00,8.19,0.09,74.7,,84.38,1115.6675,53.196,6.772500000000001,27.35,0,135.2503667895213
21.06.2025 17:00,8.1,59.99,74.7,,143.0575,1301.0525,2.504,68.505,27.35,0,170.307718954329
21.06.2025 18:00,8.1,100.95,74.7,,186.4175,903.2525,60.094,33.425,27.35,0,269.24201087865373
21.06.2025 19:00,8.1,127.9,74.7,,206.7225,1008.475,17.903,98.3275,27.35,0,365.02872690641465
21.06.2025 20:00,8.1,156.74,74.7,,152.085,942.56,34.942,92.0725,1.19,0,420.153922927658
21.06.2025 21:00,8.1,165.3,74.7,,109.6625,835.665,0.067,95.25333333333332,1.19,0,444.1251536616275
21.06.2025 22:00,8.1,140.78,74.7,,112.6775,761.44,73.096,55.325,1.19,0,442.2118700599392
21.06.2025 23:00,8.06,119.2,74.7,,100.005,630.2975,32.315,81.43249999999999,1.19,0,435.09458810379647
22.06.2025 00:00,8.06,108.15,74.7,,95.425,519.29,123.61,31.35333333333333,2.27,0,412.9012369020684
22.06.2025 01:00,8.04,101.07,74.7,,73.80499999999999,403.9225,80.957,53.425,2.27,0,399.302878750988
22.06.2025 02:00,8.04,97.46,74.7,,74.55250000000001,317.2225,30.205,67.815,2.27,0,365.68753464084233
22.06.2025 03:00,8.04,92.12,74.7,,67.9725,563.235,2.881,37.79666666666667,2.27,0,312.7210983921732
22.06.2025 04:00,8.04,89.69,74.7,,57.575,697.3725,23.888,53.1525,7.29,0,289.6529379529382
22.06.2025 05:00,8.04,87.95,74.7,,-0.1675000000000004,946.515,8.605,41.81,7.29,0,257.6972955495864
22.06.2025 06:00,8.04,71.98,74.7,,-14.985,994.0125,47.772,-15.36,7.29,0,214.790500082893
22.06.2025 07:00,8.17,26.44,74.7,,-8.7425,1037.8975,35.422,0.2974999999999999,7.29,0,170.4391241483928
22.06.2025 08:00,8.27,0.0,74.7,,-26.5525,993.8925,20.94,-4.0475,55.02,0,149.17118863140144
22.06.2025 09:00,8.39,-0.09,74.7,,-41.7325,716.8225,36.36,-11.22,55.02,0,139.90632556213222
22.06.2025 10:00,8.39,-11.11,74.7,,-52.8175,696.8475,1.603,77.005,55.02,0,128.2066834923925
22.06.2025 11:00,8.39,-38.56,74.7,,-67.515,722.635,56.372,-0.0399999999999991,55.02,0,118.94703310445404
22.06.2025 12:00,8.39,-67.41,74.7,,-60.385,689.13,186.467,-26.2925,109.36,0,115.01783133498893
22.06.2025 13:00,8.39,-99.01,74.7,,-35.28,857.79,54.8,-15.8825,109.36,0,115.11812845909624
22.06.2025 14:00,8.39,-81.0,74.7,,-13.935,1031.6950000000002,1.594,40.925,109.36,0,116.76666116827737
22.06.2025 15:00,8.27,-40.09,74.7,,3.2525000000000004,1109.185,2.393,48.565,109.36,0,121.18345320993907
22.06.2025 16:00,8.17,-7.68,74.7,,50.08,1227.3325,33.969,-4.846666666666667,35.46,0,135.33281639996727
22.06.2025 17:00,8.08,-0.01,74.7,,92.24,1031.9924999999998,0.094,62.05666666666667,35.46,0,142.04419874911514
22.06.2025 18:00,8.08,69.75,74.7,,108.2975,956.515,0.192,78.755,35.46,0,160.22688275526392
22.06.2025 19:00,8.08,109.33,74.7,,109.265,888.365,0.119,76.2,35.46,0,214.9180634243941
22.06.2025 20:00,8.08,123.9,74.7,,114.455,887.1925,0.481,133.65666666666667,1.24,0,239.77649232408933
22.06.2025 21:00,8.08,134.33,74.7,,113.785,1005.4725,0.131,103.92,1.24,0,251.6716781979299
22.06.2025 22:00,8.08,126.32,74.7,,76.36500000000001,971.4775,245.243,22.665,1.24,0,246.09420185779945
22.06.2025 23:00,8.04,101.63,74.7,,51.8775,845.935,8.239,13.84,1.24,0,234.4608610615701
23.06.2025 00:00,8.04,70.3,74.7,,46.3775,759.5225,44.497,50.035,2.88,0,227.71536673269523
23.06.2025 01:00,8.35,63.8,74.7,,42.5925,641.8900000000001,333.519,-5.07,2.88,0,205.28042029359904
23.06.2025 02:00,8.35,63.79,74.7,,51.66,490.99,19.644,33.67,2.88,0,207.2489568789868
23.06.2025 03:00,8.35,64.51,74.7,,61.197500000000005,601.8725,1.37,61.64666666666667,2.88,0,190.60054687502003
23.06.2025 04:00,8.35,72.5,74.7,,88.5625,768.4225,0.0,,5.78,0,186.45997983342855
23.06.2025 05:00,8.35,84.92,74.7,,92.4525,1010.57,0.276,40.59,5.78,0,183.51481727599733
23.06.2025 06:00,8.35,89.12,74.7,,73.2225,1114.88,0.0,,5.78,0,205.24068474073687
23.06.2025 07:00,8.54,92.24,74.7,,12.830000000000002,1200.9,53.34199999999999,26.41333333333333,5.78,0,195.4518964839762
23.06.2025 08:00,8.7,78.96,74.7,,2.47,1123.435,516.45,-36.8725,715.32,0,159.74672684248537
23.06.2025 09:00,8.91,18.64,74.7,,-0.97,561.1850000000001,297.054,-18.7175,715.32,0,123.45006236677526
23.06.2025 10:00,8.91,-0.01,74.7,,-1.6325,696.64,249.056,-5.265000000000001,715.32,0,111.92784952773576
23.06.2025 11:00,8.91,-6.11,74.7,,-3.445,544.7049999999999,428.524,-20.2775,715.32,0,107.09241986102708
23.06.2025 12:00,8.91,-12.76,74.7,,-5.0675,463.8775,160.45000000000002,9.1375,1006.44,0,104.2977502697622
23.06.2025 13:00,8.91,-26.45,74.7,,-2.695,473.61,0.203,76.00999999999999,1006.44,0,107.29921936366006
23.06.2025 14:00,8.91,-32.75,74.7,,0.3575,680.6775,13.546,18.3925,1006.44,0,112.60085935381746
23.06.2025 15:00,8.7,-32.69,74.7,,0.53,845.625,101.461,-14.7875,1006.44,0,117.86119675024511
23.06.2025 16:00,8.54,-25.0,74.7,,27.5075,1363.13,308.82,-37.48,879.0,0,123.0286378362913
23.06.2025 17:00,8.4,-13.11,74.7,,55.025000000000006,1317.14,562.823,-90.555,879.0,0,129.16288226072191
23.06.2025 18:00,8.4,-1.01,74.7,,70.8075,1096.7775,305.127,-491.38000000000005,879.0,0,147.133791614435
23.06.2025 19:00,8.4,20.0,74.7,,98.605,949.99,0.0,108.18,879.0,0,177.48244849385298
23.06.2025 20:00,8.4,83.5,74.7,,100.28,810.5975000000001,377.713,-4.5825,5.0,0,200.7475797345749
23.06.2025 21:00,8.4,90.0,74.7,,90.6925,674.9775,24.596,53.78333333333334,5.0,0,233.0827621189013
23.06.2025 22:00,8.4,97.78,74.7,,80.4875,591.71,191.927,20.1225,5.0,0,244.66855819525333
23.06.2025 23:00,8.35,89.53,74.7,,72.07,514.7025000000001,128.294,61.260000000000005,5.0,0,247.51689536660837
24.06.2025 00:00,8.35,77.08,74.7,,64.885,420.7975,38.038,63.15,14.7,0,244.1764454748554
24.06.2025 01:00,8.35,66.79,74.7,,66.8675,452.95,18.347,72.9875,14.7,0,217.7847398781092
24.06.2025 02:00,8.35,63.79,74.7,,71.37,305.795,108.597,38.255,14.7,0,206.24172431621557
24.06.2025 03:00,8.35,58.12,74.7,,62.8425,472.4225,224.562,18.9025,14.7,0,198.72583831381752
24.06.2025 04:00,8.35,66.52,74.7,,77.0275,500.2025,24.94,24.81,23.19,0,192.06399131842684
24.06.2025 05:00,8.35,69.75,74.7,,80.1925,741.535,23.263,41.045,23.19,0,191.8425181321849
24.06.2025 06:00,8.35,88.15,74.7,,78.355,1180.825,19.166,62.6375,23.19,0,199.45427845977852
24.06.2025 07:00,8.54,88.02,74.7,,44.9275,1429.8275,8.943999999999999,46.355,23.19,0,202.28742992523289
24.06.2025 08:00,8.7,41.27,74.7,,6.172499999999999,971.1525,177.61,-20.25,140.0,0,175.08677502151164
24.06.2025 09:00,8.91,-0.01,74.7,,-1.1175000000000002,661.5475,331.402,-26.9225,140.0,0,132.19288390677588
24.06.2025 10:00,8.91,-4.01,74.7,,-1.345,580.8275,250.308,-18.905,140.0,0,114.2571669975846
24.06.2025 11:00,8.91,-12.41,74.7,,-2.185,560.26,172.946,-16.759999999999998,140.0,0,107.28159096089716
24.06.2025 12:00,8.91,-20.09,74.7,,-2.185,595.755,75.80000000000001,-1.8725000000000005,202.86,0,101.5317535566192
24.06.2025 13:00,8.91,-22.75,74.7,,-1.195,712.23,79.647,-3.78,202.86,0,101.30899740701511
24.06.2025 14:00,8.91,-19.27,74.7,,0.3075000000000001,785.915,54.31,25.1975,202.86,0,105.04519264062635
24.06.2025 15:00,8.7,-7.56,74.7,,18.575000000000003,1278.31,37.301,13.9925,202.86,0,111.85078980954734
24.06.2025 16:00,8.54,-3.06,74.7,,75.505,1188.725,86.86500000000001,-0.7049999999999996,127.14,0,116.70798751766586
24.06.2025 17:00,8.4,2.09,74.7,,96.415,1094.76,253.133,-31.09,127.14,0,124.82421943117154
24.06.2025 18:00,8.4,61.77,74.7,,126.34,979.28,26.959,40.23666666666667,127.14,0,171.92598705543045
24.06.2025 19:00,8.4,97.25,74.7,,110.5775,715.53,0.079,99.2,127.14,0,223.28900587380312
24.06.2025 20:00,8.4,123.9,74.7,,106.4975,610.455,30.844,87.33000000000001,3.14,0,251.60246074906243
24.06.2025 21:00,8.4,122.49,74.7,,98.6375,570.9025,102.979,50.7675,3.14,0,264.72191412599926
24.06.2025 22:00,8.4,97.41,74.7,,92.0225,571.9200000000001,182.281,29.705,3.14,0,263.54334604234555
24.06.2025 23:00,8.35,98.02,74.7,,112.35,758.3275,1.537,80.45,3.14,0,262.618340745937
25.06.2025 00:00,8.35,78.85,74.7,,103.8025,725.585,15.674,91.435,6.94,0,263.5826443458961
25.06.2025 01:00,8.35,67.63,74.7,,111.97,808.5725,2.844,52.58,6.94,0,261.1144766137232
25.06.2025 02:00,8.35,70.02,74.7,,111.3775,677.9549999999999,29.529,79.33333333333333,6.94,0,270.20999103448696
25.06.2025 03:00,8.35,69.07,74.7,,106.2075,848.1225,274.589,34.254999999999995,6.94,0,266.0274940417143
25.06.2025 04:00,8.35,70.01,74.7,,122.83,820.39,93.373,66.88499999999999,9.65,0,268.47163024669265
25.06.2025 05:00,8.35,82.77,74.7,,121.57,988.8925,48.649,72.4,9.65,0,263.3873819476943
25.06.2025 06:00,8.35,105.72,74.7,,118.7525,1107.6125000000002,3.1670000000000003,101.3125,9.65,0,246.3610606319969
25.06.2025 07:00,8.54,112.36,74.7,,80.0475,1135.6374999999998,83.93100000000001,42.86,9.65,0,217.5088023872354
25.06.2025 08:00,8.7,97.87,74.7,,75.72749999999999,1311.05,47.775,30.62,93.3,0,207.62662009385008
25.06.2025 09:00,8.91,70.02,74.7,,51.8275,1333.0625,238.453,-9.616666666666667,93.3,0,179.53379279527647
25.06.2025 10:00,8.91,10.07,74.7,,21.9225,1028.9375,168.322,12.623333333333331,93.3,0,156.60877178581353
25.06.2025 11:00,8.91,0.07,74.7,,40.065,1050.28,0.0,,93.3,0,137.92885790367043
25.06.2025 12:00,8.91,-0.02,74.7,,57.0525,1056.28,15.282,46.755,138.9,0,131.31267963103116
25.06.2025 13:00,8.91,-0.14,74.7,,71.195,1301.8975,44.727,33.776666666666664,138.9,0,128.9287745369375
25.06.2025 14:00,8.91,-0.51,74.7,,89.575,1399.7675,7.293,53.2475,138.9,0,141.74295111757348
25.06.2025 15:00,8.7,0.0,74.7,,109.3125,1465.0025,87.993,48.515,138.9,0,166.00559384037194
25.06.2025 16:00,8.54,17.84,74.7,,133.6825,1590.9525,115.406,30.955,79.65,0,206.46150701944737
25.06.2025 17:00,8.4,84.47,74.7,,202.685,1340.1325,9.946,127.8575,79.65,0,251.81623565823529
25.06.2025 18:00,8.4,105.8,74.7,,273.64750000000004,1281.335,0.468,122.685,79.65,0,320.9280213443604
25.06.2025 19:00,8.4,134.19,74.7,,441.6175,787.06,0.0,,79.65,0,404.89255280782015
25.06.2025 20:00,8.4,200.0,74.7,,309.9525,852.8050000000001,5.897,138.985,2.06,0,488.40107025875767
25.06.2025 21:00,8.4,247.02,74.7,,173.0125,830.535,1.38,84.64,2.06,0,530.6898090764696
25.06.2025 22:00,8.4,173.62,74.7,,116.34,737.6324999999999,5.306,93.25,2.06,0,562.7137224840329
25.06.2025 23:00,8.35,126.84,74.7,,116.1375,471.6425,1.954,118.3025,2.06,0,565.7096583135707
26.06.2025 00:00,8.35,119.95,74.7,,106.3125,430.0125,6.077,108.5675,3.8,0,580.8668270881369
26.06.2025 01:00,8.35,107.63,74.7,,97.93,453.025,0.067,99.76,3.8,0,580.6267617997828
26.06.2025 02:00,8.35,102.83,74.7,,89.4075,522.0475,40.776,74.24,3.8,0,573.8310102662568
26.06.2025 03:00,8.35,98.62,74.7,,104.545,559.76,0.18,107.355,3.8,0,523.9338768873486
26.06.2025 04:00,8.35,98.79,74.7,,118.29,739.085,1.235,119.4975,4.8,0,508.2288665009811
26.06.2025 05:00,8.35,102.91,74.7,,116.0175,792.335,6.311,91.49,4.8,0,486.0278658450024
26.06.2025 06:00,8.35,119.9,74.7,,126.07,1087.7625,0.0,,4.8,0,431.91613685553097
26.06.2025 07:00,8.54,120.91,74.7,,108.38,1043.9175,2.351,105.86333333333334,4.8,0,384.54518225541466
26.06.2025 08:00,8.7,106.79,74.7,,99.6325,947.7175,3.214,72.17999999999999,58.15,0,352.7185879662969
26.06.2025 09:00,8.91,96.45,74.7,,97.4875,1009.9825,0.01,109.7,58.15,0,302.49552253215825
26.06.2025 10:00,8.91,88.95,74.7,,52.555,1072.2975,196.735,31.8625,58.15,0,246.42607839878357
26.06.2025 11:00,8.91,77.88,74.7,,4.8875,1191.4475,315.347,-6.195,58.15,0,213.0859766067593
26.06.2025 12:00,8.91,70.25,74.7,,-7.72,1042.2175,55.271,14.4575,88.98,0,176.80378545573666
26.06.2025 13:00,8.91,59.25,74.7,,-2.08,943.3475,31.345,15.09,88.98,0,157.23923635995422
26.06.2025 14:00,8.91,51.12,74.7,,26.345,954.3025,6.209,25.906666666666663,88.98,0,157.47134864623067
26.06.2025 15:00,8.7,48.99,74.7,,68.6175,1187.7825,6.488,44.3125,88.98,0,148.51041837981876
26.06.2025 16:00,8.54,63.04,74.7,,64.91,1256.855,315.434,16.657500000000002,46.62,0,157.09722419879972
26.06.2025 17:00,8.4,70.3,74.7,,68.73,1252.875,47.361,-4.66,46.62,0,173.69837268898704
26.06.2025 18:00,8.4,89.23,74.7,,84.0525,956.28,57.296,37.23,46.62,0,198.208815250536
26.06.2025 19:00,8.4,93.95,74.7,,88.14500000000001,661.5525,15.118,74.1075,46.62,0,217.2710788803044
26.06.2025 20:00,8.4,99.14,74.7,,93.6975,652.06,23.594,66.4,1.86,0,236.94127619607744
26.06.2025 21:00,8.4,100.0,74.7,,76.5525,782.5799999999999,109.604,44.1475,1.86,0,256.1438641834279
26.06.2025 22:00,8.4,108.64,74.7,,82.99000000000001,753.06,0.063,52.95,1.86,0,257.5891460832139
26.06.2025 23:00,8.35,97.23,74.7,,80.405,677.73,8.020999999999999,103.16333333333334,1.86,0,253.07454761193085
27.06.2025 00:00,8.35,84.5,74.7,,78.5775,549.7975,59.633,73.605,4.4,0,267.0446647641411
27.06.2025 01:00,8.35,78.83,74.7,,78.8975,564.3925,52.845,73.675,4.4,0,271.9582153033974
27.06.2025 02:00,8.35,75.67,74.7,,83.06,551.1975,17.355,61.5775,4.4,0,275.03975566079987
27.06.2025 03:00,8.35,80.41,74.7,,84.7075,576.8025,17.855999999999998,68.17,4.4,0,285.6453445126053
27.06.2025 04:00,8.35,82.39,74.7,,99.545,644.4225,0.0819999999999999,90.06333333333333,4.96,0,289.2011321490839
27.06.2025 05:00,8.35,88.9,74.7,,109.405,696.21,48.767,50.03333333333333,4.96,0,299.3131886616652
27.06.2025 06:00,8.35,105.58,74.7,,104.0975,897.035,33.535,58.9875,4.96,0,289.22795976399175
27.06.2025 07:00,8.54,113.2,74.7,,91.5125,916.71,25.902,78.825,4.96,0,274.48335101345185
27.06.2025 08:00,8.7,107.7,74.7,,77.965,895.2550000000001,381.652,22.9775,43.67,0,259.79183159026223
27.06.2025 09:00,8.91,90.94,74.7,,76.775,1018.53,76.399,44.33,43.67,0,241.93276110606277
27.06.2025 10:00,8.91,79.12,74.7,,80.3325,1150.65,40.297,49.055,43.67,0,224.53100465633804
27.06.2025 11:00,8.91,67.45,74.7,,77.1175,1030.9725,6.822,77.93,43.67,0,213.50885920612023
27.06.2025 12:00,8.91,54.53,74.7,,84.0975,1046.7225,1.877,72.89500000000001,81.45,0,206.15036549599785
27.06.2025 13:00,8.91,28.3,74.7,,83.865,1132.58,2.45,59.48,81.45,0,197.01540610988863
27.06.2025 14:00,8.91,7.87,74.7,,59.8425,1133.5275,159.26999999999998,42.7875,81.45,0,203.6880064920109
27.06.2025 15:00,8.7,9.88,74.7,,75.3825,1278.2025,135.887,37.365,81.45,0,200.24769658669533
27.06.2025 16:00,8.54,29.92,74.7,,92.525,1238.0725,3.122,105.18666666666668,44.86,0,192.8347904441605
27.06.2025 17:00,8.4,70.68,74.7,,97.9275,1033.48,8.73,69.5375,44.86,0,213.0968901886507
27.06.2025 18:00,8.4,91.73,74.7,,107.675,960.5875,21.918,73.0825,44.86,0,272.64933218965126
27.06.2025 19:00,8.4,107.15,74.7,,109.405,783.3775,1.0060000000000002,107.69,44.86,0,332.3791182641523
27.06.2025 20:00,8.4,124.86,74.7,,98.3025,680.6600000000001,44.071000000000005,91.4075,1.51,0,373.8496082245277
27.06.2025 21:00,8.4,134.94,74.7,,87.9675,742.2975,381.689,37.735,1.51,0,398.09155842881626
27.06.2025 22:00,8.4,126.24,74.7,,80.4975,829.7475,17.818,95.8725,1.51,0,392.7611906377043
27.06.2025 23:00,8.35,107.7,74.7,,74.89,566.8225,4.711,80.155,1.51,0,360.8645904361173
28.06.2025 00:00,8.35,94.7,74.7,,70.4575,466.11,0.086,109.01,3.3,0,326.76824273812963
28.06.2025 01:00,8.06,89.61,74.7,,65.7575,339.58,11.163,64.9525,3.3,0,291.65412707663927
28.06.2025 02:00,8.06,82.02,74.7,,68.7225,379.925,6.597,47.57,3.3,0,274.53635236433274
28.06.2025 03:00,8.06,76.59,74.7,,77.2925,420.295,0.0,106.7,3.3,0,260.80794572096033
28.06.2025 04:00,8.06,70.27,74.7,,83.0725,555.5775,0.0,,4.4,0,255.8846503502017
28.06.2025 05:00,8.06,75.4,74.7,,80.3725,888.06,1.133,82.61,4.4,0,229.34368449844015
28.06.2025 06:00,8.06,74.0,74.7,,46.5525,1039.225,0.058,107.8125,4.4,0,209.47421473163263
28.06.2025 07:00,8.19,58.84,74.7,,-1.9000000000000004,800.5350000000001,14.496,43.24,4.4,0,187.81002039422856
28.06.2025 08:00,8.28,27.8,74.7,,-15.575,867.81,56.395,17.065,49.2,0,143.5154865893851
28.06.2025 09:00,8.41,2.34,74.7,,-6.2475,710.4675,167.386,-22.425,49.2,0,117.55328532058124
28.06.2025 10:00,8.41,0.01,74.7,,-7.967499999999999,785.94,38.725,-4.174999999999999,49.2,0,109.79815434326513
28.06.2025 11:00,8.41,-0.04,74.7,,-26.98,1087.91,37.75,47.61749999999999,49.2,0,111.60861614018836
28.06.2025 12:00,8.41,-1.0,74.7,,-30.705,911.9025,16.855999999999998,34.7725,84.0,0,107.80693603523191
28.06.2025 13:00,8.41,-2.01,74.7,,-32.315,1092.31,3.531,60.4225,84.0,0,108.95793224666764
28.06.2025 14:00,8.41,-3.09,74.7,,-23.6675,1001.325,13.368,80.1625,84.0,0,110.551954917037
28.06.2025 15:00,8.28,-1.01,74.7,,-17.245,999.66,10.236,30.9875,84.0,0,112.85101072765278
28.06.2025 16:00,8.19,-1.0,74.7,,30.692500000000003,985.0175,164.18200000000002,-15.395,42.29,0,117.15946368850284
28.06.2025 17:00,8.1,2.97,74.7,,90.605,835.69,141.027,-2.665,42.29,0,118.1502991364995
28.06.2025 18:00,8.1,62.73,74.7,,109.12,681.7225,4.853,36.45,42.29,0,139.02317609747274
28.06.2025 19:00,8.1,95.03,74.7,,113.31,514.115,0.959,106.785,42.29,0,188.5772633109016
28.06.2025 20:00,8.1,108.99,74.7,,118.04,552.635,1.897,77.05666666666667,1.35,0,225.6381649304934
28.06.2025 21:00,8.1,123.86,74.7,,100.86,544.2725,2.474,77.465,1.35,0,250.4051388275256
28.06.2025 22:00,8.1,119.84,74.7,,97.7525,522.4275,32.837,67.4525,1.35,0,258.57828740033983
28.06.2025 23:00,8.06,103.5,74.7,,84.83500000000001,478.5875,72.548,55.33,1.35,0,258.6227644817616
29.06.2025 00:00,8.06,95.07,74.7,,82.85,384.1175,0.672,92.2925,3.29,0,252.8315657899158
29.06.2025 01:00,8.04,89.42,74.7,,73.1925,339.96250000000003,0.08,114.0,3.29,0,258.7191744679242
29.06.2025 02:00,8.04,89.66,74.7,,80.0025,279.265,0.0,110.905,3.29,0,255.9882689811328
29.06.2025 03:00,8.04,86.82,74.7,,79.8325,273.5825,0.029,77.13,3.29,0,252.17774214580967
29.06.2025 04:00,8.04,85.31,74.7,,74.9,400.4175,1.33,104.225,8.26,0,259.28938092692044
29.06.2025 05:00,8.04,85.3,74.7,,63.2675,605.3775,0.018,111.7275,8.26,0,257.96984945182714
29.06.2025 06:00,8.04,86.39,74.7,,18.8825,777.0775,0.746,100.525,8.26,0,237.88943945440448
29.06.2025 07:00,8.17,74.92,74.7,,-6.8675,783.8175,73.474,-3.68,8.26,0,210.32990528048265
29.06.2025 08:00,8.27,47.52,74.7,,-32.417500000000004,926.5725,57.336,-21.3875,51.76,0,162.17679329809687
29.06.2025 09:00,8.39,1.99,74.7,,-11.8425,775.1225,68.40599999999999,-9.8625,51.76,0,142.97546510112892
29.06.2025 10:00,8.39,0.0,74.7,,-15.51,689.24,30.315,-17.2375,51.76,0,125.57658992505009
29.06.2025 11:00,8.39,-0.26,74.7,,-24.94,590.44,55.725,-0.5700000000000003,51.76,0,119.51489415188009
29.06.2025 12:00,8.39,-5.4,74.7,,-20.5075,627.1975,120.34,-8.095,91.67,0,115.56367511556527
29.06.2025 13:00,8.39,-20.1,74.7,,-11.177499999999998,608.94,166.832,-2.6900000000000004,91.67,0,113.16131735005878
29.06.2025 14:00,8.39,-24.01,74.7,,-7.715000000000001,794.1775,522.143,-19.9575,91.67,0,112.55049813537887
29.06.2025 15:00,8.27,-15.45,74.7,,-21.5475,1024.2675,186.019,0.7599999999999998,91.67,0,113.10206829439278
29.06.2025 16:00,8.17,-2.69,74.7,,15.57,1161.9625,452.709,-1542.1775,52.73,0,122.14950856049629
29.06.2025 17:00,8.08,0.01,74.7,,95.3425,1045.285,136.55700000000002,-23.002500000000005,52.73,0,129.20939959518068
29.06.2025 18:00,8.08,77.44,74.7,,113.0375,795.06,1.758,76.44666666666666,52.73,0,174.6553885903393
29.06.2025 19:00,8.08,102.14,74.7,,115.605,585.6175000000001,1.032,104.415,52.73,0,260.2313138340311
29.06.2025 20:00,8.08,111.98,74.7,,118.9625,590.78,0.0,,1.14,0,333.94946150350233
29.06.2025 21:00,8.08,118.07,74.7,,103.6075,527.3175,15.698,106.515,1.14,0,366.57208409281856
29.06.2025 22:00,8.08,113.73,74.7,,106.105,498.5675,0.075,121.46,1.14,0,375.6643007384277
29.06.2025 23:00,8.04,101.0,74.7,,88.0525,390.1625,3.072,90.81,1.14,0,398.8856848168226
30.06.2025 00:00,8.04,98.73,74.7,,83.81,312.8125,1.8010000000000002,95.8575,2.75,0,413.5854922771964
30.06.2025 01:00,8.35,89.03,74.7,,82.385,249.085,0.0,120.27,2.75,0,428.7280685582948
30.06.2025 02:00,8.35,85.03,74.7,,89.7925,335.6725,0.0,,2.75,0,437.8755339082797
30.06.2025 03:00,8.35,84.13,74.7,,98.9325,364.875,0.51,104.67,2.75,0,449.3825993428385
30.06.2025 04:00,8.35,86.51,74.7,,112.2575,547.81,1.789,100.54,5.11,0,455.9390672866482
30.06.2025 05:00,8.35,97.41,74.7,,114.1725,753.5925,1.013,112.115,5.11,0,461.5580113966171
30.06.2025 06:00,8.35,114.9,74.7,,102.06,894.2774999999999,0.023,107.24,5.11,0,414.2387525505797
30.06.2025 07:00,8.54,111.7,74.7,,90.59,855.085,25.784,85.8975,5.11,0,357.21492993494104
30.06.2025 08:00,8.7,108.52,74.7,,84.42,841.485,20.354,91.3725,102.62,0,304.9280790117457
30.06.2025 09:00,8.91,91.77,74.7,,90.85,1196.9625,44.941,84.6425,102.62,0,246.3311861321172
30.06.2025 10:00,8.91,74.65,74.7,,76.97999999999999,1125.275,232.186,38.985,102.62,0,210.10958423889213
30.06.2025 11:00,8.91,43.73,74.7,,74.495,821.0475,118.75,50.675,102.62,0,195.4034757080018
30.06.2025 12:00,8.91,19.05,74.7,,72.555,850.635,150.76,56.8675,156.44,0,181.4381083022472
30.06.2025 13:00,8.91,9.96,74.7,,77.19,790.7725,86.53999999999999,50.5725,156.44,0,180.28238396215517
30.06.2025 14:00,8.91,19.65,74.7,,79.4725,929.715,221.384,22.5175,156.44,0,188.78467547851892
30.06.2025 15:00,8.7,60.0,74.7,,94.4325,1006.6875,25.016,73.9725,156.44,0,193.07402781879216
30.06.2025 16:00,8.54,80.5,74.7,,142.4575,1325.0725,92.358,106.0375,56.68,0,229.8507173267912
30.06.2025 17:00,8.4,91.98,74.7,,304.98,903.17,66.494,105.73333333333332,56.68,0,299.5331137902474
30.06.2025 18:00,8.4,110.01,74.7,,514.1775,817.96,0.082,124.21,56.68,0,377.4703542793345
30.06.2025 19:00,8.4,178.94,74.7,,544.5675,757.04,0.0,,56.68,0,431.9029868775352
30.06.2025 20:00,8.4,288.97,74.7,,284.0825,1248.82,41.493,55.12,1.16,0,468.39448907111614
30.06.2025 21:00,8.4,233.35,74.7,,143.7475,1246.7825,68.089,114.705,1.16,0,475.0171747234836
30.06.2025 22:00,8.4,157.0,74.7,,119.9775,783.05,57.93900000000001,79.33250000000001,1.16,0,465.6128575289554
30.06.2025 23:00,8.35,122.65,74.7,,95.57,483.2000000000001,59.372,91.3475,1.16,0,454.1747938205417
01.07.2025 00:00,8.35,111.28,74.7,,96.7075,401.825,58.161,83.68,2.5,0,455.9344813522725
01.07.2025 01:00,8.39,95.29,74.7,,90.0775,321.40250000000003,13.303,75.61,2.5,0,439.5426411760415
01.07.2025 02:00,8.39,89.1,74.7,,89.85,312.265,2.022,75.6125,2.5,0,434.9141129990956
01.07.2025 03:00,8.39,88.08,74.7,,95.7175,472.23,3.819,77.25333333333333,2.5,0,424.1710333989744
01.07.2025 04:00,8.39,90.01,74.7,,116.61,552.2225,1.126,85.0,3.95,0,425.56170729067634
01.07.2025 05:00,8.39,96.5,74.7,,119.0925,629.6725,24.259,83.3175,3.95,0,440.6217818102128
01.07.2025 06:00,8.39,114.97,74.7,,112.7125,820.935,12.699,110.0975,3.95,0,422.40659548074336
01.07.2025 07:00,8.6,120.11,74.7,,96.1,893.365,30.731,75.12,3.95,0,395.5605434916338
01.07.2025 08:00,8.76,114.72,74.7,,92.1325,751.5174999999999,153.90200000000002,44.0725,100.07,0,353.77443338544424
01.07.2025 09:00,8.97,91.19,74.7,,79.52250000000001,784.5225,196.183,32.0775,100.07,0,287.3235613803094
01.07.2025 10:00,8.97,84.31,74.7,,74.2275,636.13,0.32,86.16,100.07,0,242.99755408165308
01.07.2025 11:00,8.97,69.56,74.7,,74.75999999999999,613.7025,0.302,96.725,100.07,0,217.94964682644445
01.07.2025 12:00,8.97,44.54,74.7,,86.2625,760.96,0.056,103.01,161.0,0,210.1498499260374
01.07.2025 13:00,8.97,42.47,74.7,,86.065,737.0375,0.0,,161.0,0,216.05164303726872
01.07.2025 14:00,8.97,57.65,74.7,,98.7725,1007.475,0.0,,161.0,0,228.0836150257074
01.07.2025 15:00,8.76,78.14,74.7,,94.76,1206.75,75.05799999999999,67.4425,161.0,0,240.6116719583572
01.07.2025 16:00,8.6,90.8,74.7,,150.38,1297.82,169.511,-17.236666666666668,64.76,0,279.10540401078504
01.07.2025 17:00,8.45,102.02,74.7,,422.315,947.4275,131.399,78.23,64.76,0,343.5938434875369
01.07.2025 18:00,8.45,152.08,74.7,,524.56,820.1675,51.015,67.97999999999999,64.76,0,415.3554268836663
01.07.2025 19:00,8.45,307.27,74.7,,639.3625,935.635,0.0,,64.76,0,465.86277247083575
01.07.2025 20:00,8.45,476.19,74.7,,392.15,1130.03,0.561,72.74,1.11,0,500.7243534166419
01.07.2025 21:00,8.45,406.81,74.7,,140.6475,1151.6550000000002,4.856999999999999,220.97333333333336,1.11,0,501.5235315623769
01.07.2025 22:00,8.45,250.01,74.7,,139.98250000000002,897.285,13.326,104.5025,1.11,0,488.9264695201864
01.07.2025 23:00,8.39,147.65,74.7,,133.7625,755.4125,2.766,105.61,1.11,0,475.0414140180266
02.07.2025 00:00,8.39,119.29,74.7,,117.4975,462.715,0.447,120.72333333333331,2.2,0,456.0057522439473
02.07.2025 01:00,8.39,102.7,74.7,,121.605,423.05,13.556,80.275,2.2,0,435.0486678224261
02.07.2025 02:00,8.39,92.54,74.7,,116.8275,433.1725,0.036,73.12,2.2,0,425.1358577947258
02.07.2025 03:00,8.39,92.08,74.7,,119.2025,518.8275,3.2,87.88,2.2,0,422.71070886227926
02.07.2025 04:00,8.39,91.71,74.7,,108.97,594.565,12.489,82.05,3.46,0,425.8508480063277
02.07.2025 05:00,8.39,100.55,74.7,,110.5675,753.38,1.33,95.225,3.46,0,430.8501997478208
02.07.2025 06:00,8.39,116.43,74.7,,100.5225,939.6975,0.241,111.49,3.46,0,423.4111402431309
02.07.2025 07:00,8.6,110.42,74.7,,99.8725,925.6775,0.0,115.00333333333332,3.46,0,381.9461584643285
02.07.2025 08:00,8.76,104.52,74.7,,95.225,1140.99,120.445,48.78,56.94,0,335.1612517194269
02.07.2025 09:00,8.97,92.62,74.7,,84.88499999999999,964.7675,16.983,108.745,56.94,0,284.54374193476764
02.07.2025 10:00,8.97,81.06,74.7,,82.37,848.0925,0.138,107.875,56.94,0,238.21375002817507
02.07.2025 11:00,8.97,69.93,74.7,,75.785,761.765,5.566,50.48,56.94,0,210.31943057956795
02.07.2025 12:00,8.97,36.12,74.7,,81.6,823.555,56.534,70.58,98.0,0,209.05543450621525
02.07.2025 13:00,8.97,32.59,74.7,,90.6725,1046.8525,19.817,67.4775,98.0,0,207.90547687349164
02.07.2025 14:00,8.97,46.61,74.7,,89.87,1060.7825,2.5940000000000003,94.4625,98.0,0,212.2493753997103
02.07.2025 15:00,8.76,71.49,74.7,,108.6575,1282.97,0.781,97.1625,98.0,0,229.8548572242248
02.07.2025 16:00,8.6,79.6,74.7,,146.915,1461.04,0.424,86.5,39.7,0,260.18925434566654
02.07.2025 17:00,8.45,89.27,74.7,,229.615,1164.3275,205.144,1.270000000000001,39.7,0,306.7471900519548
02.07.2025 18:00,8.45,113.99,74.7,,155.345,937.36,23.121,118.85,39.7,0,348.5633879192342
02.07.2025 19:00,8.45,186.01,74.7,,109.77,1148.6375,16.088,95.65,39.7,0,380.34379449700367
02.07.2025 20:00,8.45,240.07,74.7,,117.755,1245.6475,130.758,59.31,1.04,0,396.4219889854716
02.07.2025 21:00,8.45,180.21,74.7,,92.97,969.885,73.055,65.195,1.04,0,407.29839105289614
02.07.2025 22:00,8.45,134.93,74.7,,113.575,921.7025,14.343,119.3975,1.04,0,377.0185179877335
02.07.2025 23:00,8.39,108.5,74.7,,104.2725,709.5725,75.491,59.75,1.04,0,358.55969985286055
03.07.2025 00:00,8.39,83.49,74.7,,103.8475,741.44,18.399,75.25666666666666,2.23,0,316.7063496534025
03.07.2025 01:00,8.39,81.15,74.7,,124.1175,1085.58,0.0,,2.23,0,314.6284774784212
03.07.2025 02:00,8.39,79.0,74.7,,126.9925,905.76,0.345,94.84,2.23,0,329.3332682008005
03.07.2025 03:00,8.39,78.93,74.7,,124.0675,1067.425,9.331,73.785,2.23,0,340.2633921761057
03.07.2025 04:00,8.39,80.88,74.7,,114.7625,854.385,55.291,62.58,3.95,0,343.5088185103413
03.07.2025 05:00,8.39,86.45,74.7,,142.175,955.4975,0.918,75.99,3.95,0,329.3870727612607
03.07.2025 06:00,8.39,104.92,74.7,,122.17,1245.725,17.68,93.5625,3.95,0,303.40345833952153
03.07.2025 07:00,8.6,108.03,74.7,,101.585,1183.7425,50.477,58.6175,3.95,0,270.0101436688431
03.07.2025 08:00,8.76,104.9,74.7,,97.58,1201.6825,49.341,55.25666666666667,75.62,0,244.4192536582113
03.07.2025 09:00,8.97,90.45,74.7,,84.9125,1069.9875,28.385,74.635,75.62,0,222.2870866199683
03.07.2025 10:00,8.97,75.06,74.7,,86.4975,1103.955,1.009,76.63999999999999,75.62,0,210.75979562408463
03.07.2025 11:00,8.97,57.35,74.7,,85.05,1161.98,17.119,6.54,75.62,0,205.3855691259416
03.07.2025 12:00,8.97,42.16,74.7,,69.215,1024.94,73.18900000000001,32.035,100.0,0,205.4254857985476
03.07.2025 13:00,8.97,33.91,74.7,,52.33,916.925,120.86,18.26,100.0,0,203.0576280858474
03.07.2025 14:00,8.97,24.72,74.7,,52.4725,1063.4575,43.077000000000005,37.735,100.0,0,188.4711133992184
03.07.2025 15:00,8.76,37.86,74.7,,62.015,1343.325,42.499,48.3,100.0,0,187.0511090923762
03.07.2025 16:00,8.6,58.57,74.7,,84.78,1223.3375,2.159,70.2175,36.19,0,192.25585038529871
03.07.2025 17:00,8.45,81.0,74.7,,116.6425,1058.955,380.261,23.225,36.19,0,220.50511819149068
03.07.2025 18:00,8.45,95.19,74.7,,118.36,901.9425,2.8120000000000003,90.42666666666666,36.19,0,290.60663589979333
03.07.2025 19:00,8.45,107.2,74.7,,127.8025,726.275,0.0,112.07,36.19,0,375.4241148222711
03.07.2025 20:00,8.45,146.96,74.7,,130.3825,747.535,0.0,,1.13,0,440.9098154062909
03.07.2025 21:00,8.45,166.67,74.7,,115.9525,648.125,186.175,75.19500000000001,1.13,0,467.0251434974032
03.07.2025 22:00,8.45,133.3,74.7,,101.3925,493.3975,306.563,70.9975,1.13,0,475.0218583732288
03.07.2025 23:00,8.39,117.03,74.7,,94.585,347.89,5.103,78.02333333333333,1.13,0,512.1510081996513
04.07.2025 00:00,8.39,111.01,74.7,,97.2325,297.415,0.0,,1.97,0,540.4712533832204
04.07.2025 01:00,8.39,105.45,74.7,,99.02,295.595,0.015,103.73,1.97,0,552.7128049647908
04.07.2025 02:00,8.39,101.31,74.7,,94.87,323.705,0.004,,1.97,0,564.2375238317675
04.07.2025 03:00,8.39,98.44,74.7,,105.225,419.3125,0.0,102.6,1.97,0,567.8563164514203
04.07.2025 04:00,8.39,103.2,74.7,,117.3825,553.955,0.0,,2.96,0,569.796749414702
04.07.2025 05:00,8.39,106.63,74.7,,122.57,828.93,0.047,108.58,2.96,0,554.3688234505745
04.07.2025 06:00,8.39,122.38,74.7,,102.8075,1015.9175,22.904,86.14333333333333,2.96,0,499.579047170578
04.07.2025 07:00,8.6,116.46,74.7,,85.4,1224.43,1.975,88.58333333333333,2.96,0,446.0260289172778
04.07.2025 08:00,8.76,100.0,74.7,,66.47,1050.98,184.201,71.3175,50.86,0,376.6138461111744
04.07.2025 09:00,8.97,91.15,74.7,,20.995,1014.685,198.016,18.09,50.86,0,262.6652616866125
04.07.2025 10:00,8.97,70.01,74.7,,1.585,707.9075,360.964,-4.609999999999999,50.86,0,187.32534314158517
04.07.2025 11:00,8.97,6.69,74.7,,-12.24,898.0425,511.744,-31.0025,50.86,0,156.27909104471527
04.07.2025 12:00,8.97,-0.05,74.7,,-13.3075,928.685,15.893,36.325,82.62,0,147.38224649885746
04.07.2025 13:00,8.97,-1.56,74.7,,1.67,830.4649999999999,0.077,73.1575,82.62,0,144.82997830938348
04.07.2025 14:00,8.97,-1.37,74.7,,33.925,1123.4425,117.163,35.42,82.62,0,143.1989400945592
04.07.2025 15:00,8.76,-0.61,74.7,,65.2675,1279.49,140.904,-9.53,82.62,0,142.66581469209802
04.07.2025 16:00,8.6,2.39,74.7,,87.095,1117.6925,55.051,24.9525,31.08,0,155.70793638548002
04.07.2025 17:00,8.45,62.04,74.7,,159.595,1042.485,48.35,33.0675,31.08,0,199.9934303785252
04.07.2025 18:00,8.45,88.68,74.7,,153.2925,1098.9125,19.228,67.66499999999999,31.08,0,295.86742053373706
04.07.2025 19:00,8.45,110.0,74.7,,136.905,737.905,0.304,132.85,31.08,0,369.3302299324935
04.07.2025 20:00,8.45,130.74,74.7,,113.2975,642.8225,128.504,69.23333333333333,1.06,0,421.5384813976903
04.07.2025 21:00,8.45,150.1,74.7,,94.155,586.635,153.478,54.27,1.06,0,447.9623983249916
04.07.2025 22:00,8.45,129.68,74.7,,94.5775,760.6475,32.549,74.59,1.06,0,440.3635984782785
04.07.2025 23:00,8.39,107.99,74.7,,95.1575,627.36,9.603,90.6925,1.06,0,449.9947926369185
05.07.2025 00:00,8.39,104.2,74.7,,113.6875,717.61,1.958,81.095,2.21,0,430.96427437839327
05.07.2025 01:00,8.09,94.98,74.7,,105.2,621.94,15.849,80.335,2.21,0,418.0805244255168
05.07.2025 02:00,8.09,96.5,74.7,,102.2975,665.2175,15.763000000000002,76.935,2.21,0,389.9646921434392
05.07.2025 03:00,8.09,93.4,74.7,,83.1425,645.2775,29.134,63.75333333333333,2.21,0,373.6242963696669
05.07.2025 04:00,8.09,94.5,74.7,,76.245,787.0825,84.811,23.26,3.07,0,346.7108032733852
05.07.2025 05:00,8.09,83.49,74.7,,25.8025,872.6175,174.36,0.585,3.07,0,302.91900282751953
05.07.2025 06:00,8.09,84.47,74.7,,3.6175000000000006,805.9425,77.754,-4.1775,3.07,0,256.88652762663617
05.07.2025 07:00,8.23,43.77,74.7,,-12.785,883.52,346.621,-14.9925,3.07,0,211.0876829197605
05.07.2025 08:00,8.32,17.86,74.7,,-25.99,860.4175,355.111,-27.135,47.94,0,180.8962578552858
05.07.2025 09:00,8.46,3.34,74.7,,-9.6675,914.595,576.843,-45.7425,47.94,0,149.26964201557809
05.07.2025 10:00,8.46,0.0,74.7,,-10.2025,757.31,488.979,-29.195,47.94,0,132.76188525576086
05.07.2025 11:00,8.46,-0.08,74.7,,-10.39,665.1600000000001,187.953,-6.6000000000000005,47.94,0,122.81037340384252
05.07.2025 12:00,8.46,-1.01,74.7,,-10.6,574.56,99.651,0.2749999999999994,79.08,0,120.04918155770022
05.07.2025 13:00,8.46,-2.05,74.7,,-10.3775,663.4675,144.918,-16.32,79.08,0,120.81165530826374
05.07.2025 14:00,8.46,-2.11,74.7,,-6.905,805.9425,117.163,-11.315,79.08,0,119.41794801540745
05.07.2025 15:00,8.32,-2.01,74.7,,-17.94,874.9925,171.54700000000005,-22.09,79.08,0,122.07917307725704
05.07.2025 16:00,8.23,-2.26,74.7,,2.34,957.5225,339.559,-86.5125,38.65,0,131.7476759945557
05.07.2025 17:00,8.13,0.0,74.7,,54.615,970.6675,237.484,-58.395,38.65,0,137.30670032280514
05.07.2025 18:00,8.13,41.25,74.7,,77.51,734.825,20.203000000000003,12.835,38.65,0,172.9795552671016
05.07.2025 19:00,8.13,85.0,74.7,,85.645,620.8100000000001,0.945,68.55666666666667,38.65,0,217.6171372234101
05.07.2025 20:00,8.13,111.01,74.7,,94.9875,568.11,4.281000000000001,72.7175,1.16,0,274.0942583981443
05.07.2025 21:00,8.13,122.96,74.7,,94.15,519.1175000000001,101.481,33.7275,1.16,0,287.64110580887075
05.07.2025 22:00,8.13,117.14,74.7,,101.2325,495.365,35.151,49.1325,1.16,0,292.5725231098436
05.07.2025 23:00,8.09,108.21,74.7,,101.465,484.66,2.6590000000000003,77.7075,1.16,0,312.29626076769466
06.07.2025 00:00,8.09,95.15,74.7,,117.1775,537.6775,0.128,96.79,2.29,0,299.9803087438987
06.07.2025 01:00,8.07,89.5,74.7,,126.4225,596.3275000000001,11.458,82.85666666666667,2.29,0,286.9000961901239
06.07.2025 02:00,8.07,85.94,74.7,,130.385,640.985,0.0,,2.29,0,278.8119688642944
06.07.2025 03:00,8.07,83.95,74.7,,132.4725,696.465,0.105,104.74,2.29,0,296.2191252513863
06.07.2025 04:00,8.07,82.6,74.7,,118.4825,936.0475,0.079,114.7,4.05,0,293.79285752476807
06.07.2025 05:00,8.07,82.0,74.7,,106.9275,924.64,2.965,97.2725,4.05,0,291.8916984364343
06.07.2025 06:00,8.07,78.46,74.7,,97.245,960.305,11.169,68.12333333333333,4.05,0,273.86836707219965
06.07.2025 07:00,8.21,77.57,74.7,,64.5275,1023.835,208.23,28.7725,4.05,0,231.20253793571595
06.07.2025 08:00,8.3,70.57,74.7,,34.57,984.7675,399.899,5.6475,44.47,0,195.36435175645133
06.07.2025 09:00,8.43,38.81,74.7,,7.25,790.1899999999999,252.268,4.475,44.47,0,163.09800238296123
06.07.2025 10:00,8.43,19.21,74.7,,3.2375,730.6175000000001,154.28300000000002,5.5075,44.47,0,142.585805037717
06.07.2025 11:00,8.43,13.19,74.7,,7.495,713.96,131.466,5.140000000000001,44.47,0,141.42320674455036
06.07.2025 12:00,8.43,10.26,74.7,,51.4125,1165.205,0.536,43.24333333333333,73.68,0,141.2325346076487
06.07.2025 13:00,8.43,5.85,74.7,,58.5525,1117.26,69.59100000000001,39.9225,73.68,0,142.96603042744596
06.07.2025 14:00,8.43,11.2,74.7,,74.985,1189.0325,256.057,16.4825,73.68,0,165.08074704961058
06.07.2025 15:00,8.3,50.57,74.7,,95.39,1235.14,112.947,24.35333333333333,73.68,0,182.7182190831434
06.07.2025 16:00,8.21,70.77,74.7,,116.2625,1092.435,0.0,84.545,30.15,0,210.4289935562993
06.07.2025 17:00,8.12,100.29,74.7,,125.405,941.815,0.031,114.23,30.15,0,273.72512162477136
06.07.2025 18:00,8.12,107.37,74.7,,123.6125,713.9225,72.228,65.55,30.15,0,342.371603703306
06.07.2025 19:00,8.12,112.16,74.7,,117.1575,668.285,246.618,43.1525,30.15,0,406.00292600783456
06.07.2025 20:00,8.12,120.32,74.7,,113.06,554.69,63.842,67.50666666666666,1.13,0,429.2776847830419
06.07.2025 21:00,8.12,125.04,74.7,,114.15,537.63,11.209,85.53,1.13,0,469.31521118876987
06.07.2025 22:00,8.12,122.21,74.7,,123.0325,548.91,4.979,57.0625,1.13,0,495.06107894844735
06.07.2025 23:00,8.07,110.78,74.7,,112.5325,565.85,45.886,63.723333333333336,1.13,0,510.73162388804656
07.07.2025 00:00,8.07,118.84,74.7,,102.16,534.255,1.66,90.415,1.91,0,531.2673114201014
07.07.2025 01:00,8.39,107.42,74.7,,96.375,426.7275,0.759,98.38,1.91,0,546.1435014672575
07.07.2025 02:00,8.39,101.92,74.7,,99.275,421.43,0.1129999999999999,89.1275,1.91,0,538.9607779150068
07.07.2025 03:00,8.39,99.12,74.7,,96.435,481.0675,1.098,83.58500000000001,1.91,0,531.3761263271072
07.07.2025 04:00,8.39,101.0,74.7,,118.63,667.51,1.7049999999999998,71.11333333333333,2.89,0,531.9876422459188
07.07.2025 05:00,8.39,108.22,74.7,,131.275,558.4975000000001,6.067,70.17333333333333,2.89,0,543.5453071958202
07.07.2025 06:00,8.39,134.2,74.7,,125.925,846.81,4.45,65.49000000000001,2.89,0,495.35572073573394
07.07.2025 07:00,8.6,143.67,74.7,,116.8675,886.3975,1.149,102.15666666666668,2.89,0,443.1367168167541
07.07.2025 08:00,8.76,152.29,74.7,,95.865,1008.1925,59.984,61.7125,33.91,0,410.3418357443833
07.07.2025 09:00,8.97,131.99,74.7,,85.165,894.7025,77.782,77.9225,33.91,0,380.7719787054017
07.07.2025 10:00,8.97,108.64,74.7,,76.255,998.2475,18.67,80.28,33.91,0,333.7950004787076
07.07.2025 11:00,8.97,108.98,74.7,,67.56,1031.9275,236.385,44.67,33.91,0,282.2133281294293
07.07.2025 12:00,8.97,90.24,74.7,,65.83250000000001,725.415,183.438,45.16,63.84,0,241.6214645487014
07.07.2025 13:00,8.97,71.0,74.7,,72.0475,808.215,51.08,60.705,63.84,0,218.87309184468012
07.07.2025 14:00,8.97,53.02,74.7,,73.5775,869.605,3.122,65.44,63.84,0,206.4727309029199
07.07.2025 15:00,8.76,50.67,74.7,,82.2525,1009.01,0.024,96.0,63.84,0,208.14623769012343
07.07.2025 16:00,8.6,52.51,74.7,,89.2175,936.1425,1.995,60.4675,26.29,0,226.4616527296912
07.07.2025 17:00,8.45,72.3,74.7,,100.595,766.525,5.947,26.35,26.29,0,255.76037371382407
07.07.2025 18:00,8.45,87.95,74.7,,94.875,640.31,16.116,58.895,26.29,0,294.7378224926588
07.07.2025 19:00,8.45,92.27,74.7,,99.7,584.0875,74.953,61.54,26.29,0,327.3691305706161
07.07.2025 20:00,8.45,97.28,74.7,,109.5325,663.69,21.844,63.553333333333335,1.28,0,350.41783708000537
07.07.2025 21:00,8.45,109.92,74.7,,102.3125,722.76,75.411,68.87666666666667,1.28,0,371.5340536658499
07.07.2025 22:00,8.45,110.09,74.7,,99.305,561.0775,21.489,73.28,1.28,0,379.54676521739
07.07.2025 23:00,8.39,95.82,74.7,,91.77,529.705,28.857000000000003,65.575,1.28,0,389.52344763007454
08.07.2025 00:00,8.39,103.83,74.7,,88.375,320.9275,1.749,64.62,2.23,0,379.9611101815984
08.07.2025 01:00,8.39,92.9,74.7,,90.83,402.625,0.308,72.27333333333333,2.23,0,368.8190950142498
08.07.2025 02:00,8.39,86.13,74.7,,96.3375,489.5525,0.161,86.525,2.23,0,362.3121367537242
08.07.2025 03:00,8.39,84.78,74.7,,103.0075,562.9300000000001,9.567,83.93,2.23,0,351.1908080139733
08.07.2025 04:00,8.39,85.37,74.7,,104.905,762.8924999999999,28.961,72.35249999999999,2.7,0,357.3070072937579
08.07.2025 05:00,8.39,91.14,74.7,,107.9725,657.1925,14.21,75.46666666666665,2.7,0,361.88239648154297
08.07.2025 06:00,8.39,107.99,74.7,,104.6575,930.5225,9.127,89.25999999999999,2.7,0,375.1793181293073
08.07.2025 07:00,8.6,118.65,74.7,,95.72,956.04,1.112,103.73333333333332,2.7,0,350.24713067861273
08.07.2025 08:00,8.76,117.76,74.7,,88.485,894.1025,73.297,59.557500000000005,69.84,0,322.6484953657762
08.07.2025 09:00,8.97,94.06,74.7,,87.75999999999999,785.105,8.792,101.04333333333334,69.84,0,287.76004285096
08.07.2025 10:00,8.97,81.78,74.7,,78.36250000000001,831.71,89.20100000000001,53.135000000000005,69.84,0,244.2851576698555
08.07.2025 11:00,8.97,78.44,74.7,,78.0775,909.81,10.647,59.7075,69.84,0,224.703833061844
08.07.2025 12:00,8.97,60.15,74.7,,62.260000000000005,794.085,429.872,11.555,75.83,0,208.44035024223933
08.07.2025 13:00,8.97,54.72,74.7,,28.7925,830.165,665.953,-23.6925,75.83,0,202.6782784891192
08.07.2025 14:00,8.97,53.04,74.7,,23.5525,1016.71,425.103,-66.2025,75.83,0,193.1349577782928
08.07.2025 15:00,8.76,54.65,74.7,,61.735,1110.575,105.36,-4.8525,75.83,0,192.71242724434128
08.07.2025 16:00,8.6,65.2,74.7,,80.1925,1018.0675,11.88,83.9025,24.23,0,190.7349194689816
08.07.2025 17:00,8.45,79.98,74.7,,92.7225,839.14,43.688,37.8475,24.23,0,219.07713166829777
08.07.2025 18:00,8.45,83.92,74.7,,96.8325,414.8975,91.32,10.5,24.23,0,275.8447849857289
08.07.2025 19:00,8.45,102.1,74.7,,105.69,191.7275,73.443,38.303333333333335,24.23,0,329.2984143086578
08.07.2025 20:00,8.45,122.77,74.7,,92.0325,369.6525,6.869999999999999,75.13,1.16,0,360.3569186133017
08.07.2025 21:00,8.45,123.34,74.7,,94.5125,524.4175,0.369,85.01,1.16,0,375.52986727746537
08.07.2025 22:00,8.45,116.65,74.7,,97.5525,588.4525,8.689,73.97,1.16,0,395.2853947233353
08.07.2025 23:00,8.39,100.95,74.7,,87.77,350.2375,1.077,90.535,1.16,0,410.1021452734069
09.07.2025 00:00,8.39,97.15,74.7,,83.58,255.9325,2.246,84.4725,1.91,0,422.9921772845998
09.07.2025 01:00,8.39,86.85,74.7,,84.4,273.6675,0.019,81.57,1.91,0,422.3349636771648
09.07.2025 02:00,8.39,83.86,74.7,,85.6,300.21500000000003,0.156,91.71,1.91,0,420.2501578908032
09.07.2025 03:00,8.39,84.65,74.7,,90.9175,485.155,2.818,80.8925,1.91,0,428.7189134816901
09.07.2025 04:00,8.39,85.1,74.7,,100.8925,457.8675,9.159,73.0,2.38,0,432.1953897678432
09.07.2025 05:00,8.39,96.15,74.7,,105.02,716.395,8.56,75.02,2.38,0,436.9821555206872
09.07.2025 06:00,8.39,113.66,74.7,,112.5625,866.3175,0.004,97.985,2.38,0,411.8021129535242
09.07.2025 07:00,8.6,116.46,74.7,,86.21,1139.8175,86.649,48.7075,2.38,0,368.1043962536394
09.07.2025 08:00,8.76,113.59,74.7,,76.3975,923.19,10.887,65.6675,37.4,0,322.2639019664029
09.07.2025 09:00,8.97,95.66,74.7,,77.16749999999999,918.5775,0.0,,37.4,0,278.22960957620364
09.07.2025 10:00,8.97,84.68,74.7,,77.255,1008.575,0.0,,37.4,0,238.4309048321851
09.07.2025 11:00,8.97,77.77,74.7,,76.34,956.9475,7.437,83.71,37.4,0,216.19550705037437
09.07.2025 12:00,8.97,65.67,74.7,,74.82,904.44,8.922,62.145,60.9,0,200.20321585107425
09.07.2025 13:00,8.97,46.69,74.7,,67.955,862.1475,147.485,39.215,60.9,0,194.6087414449684
09.07.2025 14:00,8.97,37.78,74.7,,65.445,924.68,76.019,25.96,60.9,0,195.64615656827291
09.07.2025 15:00,8.76,48.32,74.7,,80.67,1095.515,13.142,41.833333333333336,60.9,0,197.9557328515789
09.07.2025 16:00,8.6,71.13,74.7,,84.9925,1041.985,17.154,22.07,20.47,0,228.79903048537523
09.07.2025 17:00,8.45,84.73,74.7,,100.57,878.46,7.736,26.180000000000003,20.47,0,282.33118736702875
09.07.2025 18:00,8.45,99.01,74.7,,107.2675,803.99,0.691,79.3825,20.47,0,358.97588291588386
09.07.2025 19:00,8.45,115.98,74.7,,124.295,815.0475,0.007,363.66,20.47,0,422.0120900992737
09.07.2025 20:00,8.45,135.34,74.7,,121.5725,663.8,29.13,81.94,1.07,0,470.01635320324806
09.07.2025 21:00,8.45,138.24,74.7,,112.215,531.605,35.295,83.6675,1.07,0,489.63068597288367
09.07.2025 22:00,8.45,119.79,74.7,,104.6875,577.9200000000001,22.892000000000003,88.4475,1.07,0,513.5488694891235
09.07.2025 23:00,8.39,104.9,74.7,,100.9575,353.43,5.040000000000001,87.735,1.07,0,535.8072788972988
10.07.2025 00:00,8.39,100.91,74.7,,96.505,309.1075,25.308000000000003,73.815,1.71,0,558.7169961754873
10.07.2025 01:00,8.39,95.73,74.7,,93.685,297.3525,20.086,73.3375,1.71,0,578.0659159968244
10.07.2025 02:00,8.39,89.1,74.7,,96.2175,319.565,0.204,89.24,1.71,0,590.2768068652458
10.07.2025 03:00,8.39,86.45,74.7,,105.46,397.44,0.075,101.35,1.71,0,601.5306183837951
10.07.2025 04:00,8.39,87.97,74.7,,112.9225,437.3725,3.366,79.95,2.11,0,599.7573219072875
10.07.2025 05:00,8.39,98.62,74.7,,111.8225,597.6175000000001,2.487,100.1525,2.11,0,581.5274367401461
10.07.2025 06:00,8.39,107.61,74.7,,106.6025,957.66,0.0,110.955,2.11,0,531.4748405105703
10.07.2025 07:00,8.6,107.23,74.7,,88.77250000000001,1115.2675,3.609,92.22666666666667,2.11,0,461.8934634355919
10.07.2025 08:00,8.76,105.35,74.7,,76.8275,876.8125,84.942,63.515,31.14,0,388.7482882438438
10.07.2025 09:00,8.97,88.9,74.7,,62.9675,786.0675,406.873,14.6,31.14,0,315.3098407730766
10.07.2025 10:00,8.97,82.0,74.7,,35.095,739.46,29.028,52.873333333333335,31.14,0,239.96926132494357
10.07.2025 11:00,8.97,65.33,74.7,,30.66,827.8475,11.04,52.7425,31.14,0,200.79304031995545
10.07.2025 12:00,8.97,45.22,74.7,,39.4675,986.0925,26.53,41.36,53.49,0,189.1601463415028
10.07.2025 13:00,8.97,39.51,74.7,,57.79,1002.2725,22.017,81.5775,53.49,0,182.90861763441384
10.07.2025 14:00,8.97,39.55,74.7,,66.22,1006.485,88.88499999999999,19.8875,53.49,0,185.5895734436124
10.07.2025 15:00,8.76,56.71,74.7,,76.42,1059.9425,5.306,86.1275,53.49,0,192.72682829611523
10.07.2025 16:00,8.6,76.8,74.7,,84.675,898.0825,3.3400000000000003,67.2125,17.8,0,216.5284332976114
10.07.2025 17:00,8.45,86.4,74.7,,108.0,969.6175,0.199,76.32666666666667,17.8,0,290.2435585635343
10.07.2025 18:00,8.45,100.2,74.7,,131.3875,716.255,2.467,87.80666666666667,17.8,0,368.0545651847567
10.07.2025 19:00,8.45,114.39,74.7,,125.2625,704.335,0.105,111.44666666666669,17.8,0,413.7383702657148
10.07.2025 20:00,8.45,134.67,74.7,,114.9275,659.1975,1.169,100.18,1.0,0,444.819206952992
10.07.2025 21:00,8.45,132.7,74.7,,111.63,732.9425,4.886,94.37,1.0,0,478.3892052943693
10.07.2025 22:00,8.45,120.88,74.7,,106.025,437.5925,189.567,31.54,1.0,0,502.0207101260111
10.07.2025 23:00,8.39,107.69,74.7,,103.9775,424.4325,11.807,101.91,1.0,0,528.0858662677392
11.07.2025 00:00,8.39,104.75,74.7,,106.465,379.9025,0.316,93.54,1.5,0,543.1333688076766
11.07.2025 01:00,8.39,99.57,74.7,,102.5275,250.19,10.339,87.92,1.5,0,543.9590647496264
11.07.2025 02:00,8.39,95.0,74.7,,99.2075,283.165,0.31,92.13666666666668,1.5,0,547.1488040234086
11.07.2025 03:00,8.39,90.69,74.7,,101.905,366.04,0.0,,1.5,0,548.168746637717
11.07.2025 04:00,8.39,91.53,74.7,,101.465,560.4425,0.0,94.58,1.86,0,544.0490155116768
11.07.2025 05:00,8.39,99.4,74.7,,112.1775,608.2375000000001,0.0279999999999999,98.625,1.86,0,528.9757842888469
11.07.2025 06:00,8.39,107.41,74.7,,107.33,877.1475,2.406,91.13333333333333,1.86,0,490.16059625176166
11.07.2025 07:00,8.6,105.92,74.7,,101.41,824.88,0.0,,1.86,0,431.6547425241266
11.07.2025 08:00,8.76,105.18,74.7,,95.175,886.8475,10.331,83.5375,25.67,0,379.67858227764975
11.07.2025 09:00,8.97,93.3,74.7,,88.9225,887.3525,33.491,67.0075,25.67,0,303.65652697040395
11.07.2025 10:00,8.97,82.9,74.7,,75.71,841.265,56.8,74.77,25.67,0,242.2060440926093
11.07.2025 11:00,8.97,73.15,74.7,,51.375,866.685,13.141,86.28,25.67,0,202.2183172785822
11.07.2025 12:00,8.97,63.82,74.7,,26.775,1014.8175,37.488,45.0225,52.87,0,168.2187159127768
11.07.2025 13:00,8.97,42.16,74.7,,21.645,973.5225,18.364,74.0575,52.87,0,155.839391296983
11.07.2025 14:00,8.97,32.04,74.7,,47.065,1064.53,198.362,3.9,52.87,0,148.99229133605084
11.07.2025 15:00,8.76,38.1,74.7,,73.7375,1089.805,8.257,35.053333333333335,52.87,0,146.15536558708584
11.07.2025 16:00,8.6,59.55,74.7,,83.275,1092.46,98.789,21.125,15.75,0,154.62690333693087
11.07.2025 17:00,8.45,83.15,74.7,,97.515,985.0725,12.451,39.61666666666667,15.75,0,203.92403123878063
11.07.2025 18:00,8.45,86.44,74.7,,107.3925,773.815,4.216,67.035,15.75,0,266.293446573922
11.07.2025 19:00,8.45,101.93,74.7,,135.2975,723.5475,0.0,112.53,15.75,0,322.0485627445629
11.07.2025 20:00,8.45,117.5,74.7,,130.625,834.0475,10.848,98.85,1.0,0,360.763004718274
11.07.2025 21:00,8.45,118.08,74.7,,111.2,671.385,0.034,105.61,1.0,0,364.6310431783808
11.07.2025 22:00,8.45,113.8,74.7,,108.105,532.1524999999999,3.386,105.2725,1.0,0,378.93973390874567
11.07.2025 23:00,8.39,103.82,74.7,,107.215,587.3475,1.461,99.43333333333334,1.0,0,398.9780721554257
12.07.2025 00:00,8.39,112.23,74.7,,104.7325,569.79,4.719,88.66250000000001,1.88,0,437.9619262400858
12.07.2025 01:00,8.09,104.57,74.7,,107.14,521.3475,0.001,93.28,1.88,0,442.1945027705631
12.07.2025 02:00,8.09,103.68,74.7,,103.875,459.315,0.0,,1.88,0,454.3395155804695
12.07.2025 03:00,8.09,97.4,74.7,,97.4875,578.7275,0.106,105.40333333333332,1.88,0,430.8464104542418
12.07.2025 04:00,8.09,93.33,74.7,,94.4625,551.1225,0.0,106.5,2.5,0,424.2706688043152
12.07.2025 05:00,8.09,89.94,74.7,,98.5925,691.435,0.0,,2.5,0,397.49903624833536
12.07.2025 06:00,8.09,85.27,74.7,,90.31,825.645,60.132,43.40333333333333,2.5,0,349.9187448668963
12.07.2025 07:00,8.23,87.98,74.7,,58.8475,934.93,20.788,69.1425,2.5,0,296.1148228098743
12.07.2025 08:00,8.32,83.8,74.7,,21.4825,887.1675,15.949,60.89750000000001,33.47,0,228.0942171671296
12.07.2025 09:00,8.46,59.86,74.7,,-0.9349999999999998,785.3225,263.852,-24.72,33.47,0,165.58912399618885
12.07.2025 10:00,8.46,18.19,74.7,,-8.515,720.465,421.707,-31.185,33.47,0,139.36455136001575
12.07.2025 11:00,8.46,3.0,74.7,,-17.2225,767.3225,32.045,-6.52,33.47,0,134.740279199338
12.07.2025 12:00,8.46,0.22,74.7,,-7.125,723.4225,7.795999999999999,27.5275,67.31,0,135.55736192432414
12.07.2025 13:00,8.46,0.0,74.7,,20.9225,805.1275,3.216,35.92333333333333,67.31,0,140.05082943069883
12.07.2025 14:00,8.46,0.0,74.7,,37.56,881.715,34.709,33.834999999999994,67.31,0,144.07258815510687
12.07.2025 15:00,8.32,0.22,74.7,,75.2525,911.8675,0.0,,67.31,0,148.42750459498313
12.07.2025 16:00,8.23,19.73,74.7,,97.7225,919.36,3.766,58.96,19.99,0,164.32267883868525
12.07.2025 17:00,8.13,73.89,74.7,,110.145,773.73,6.973,63.9375,19.99,0,213.46823864025995
12.07.2025 18:00,8.13,106.2,74.7,,105.6075,643.3975,4.978,69.16499999999999,19.99,0,277.81484166579924
12.07.2025 19:00,8.13,109.2,74.7,,107.0675,441.1425,0.051,133.12,19.99,0,316.51883478777944
12.07.2025 20:00,8.13,120.0,74.7,,109.4,536.015,0.065,108.77666666666666,1.15,0,351.6868648522346
12.07.2025 21:00,8.13,125.02,74.7,,99.43,425.105,0.432,96.85666666666668,1.15,0,357.37355885850616
12.07.2025 22:00,8.13,125.0,74.7,,99.3975,468.905,3.769,99.415,1.15,0,364.8434332715868
12.07.2025 23:00,8.09,115.42,74.7,,97.0475,449.735,3.809,92.6275,1.15,0,385.88451676651977
13.07.2025 00:00,8.09,115.35,74.7,,95.385,323.1825,0.708,102.775,1.72,0,410.2178734910294
13.07.2025 01:00,8.07,109.14,74.7,,92.6925,321.4075,0.054,98.0525,1.72,0,428.2547519971653
13.07.2025 02:00,8.07,108.42,74.7,,90.9,280.525,0.008,110.47,1.72,0,449.4149463443557
13.07.2025 03:00,8.07,107.35,74.7,,89.9875,317.15,0.0,110.0,1.72,0,459.9459345002448
13.07.2025 04:00,8.07,104.64,74.7,,88.9275,427.4425,0.02,94.32,2.78,0,459.74624003874646
13.07.2025 05:00,8.07,100.85,74.7,,89.12,653.4975,0.009,88.56,2.78,0,446.0946097926733
13.07.2025 06:00,8.07,95.8,74.7,,86.1875,992.855,0.085,131.35500000000002,2.78,0,393.7367903778888
13.07.2025 07:00,8.21,92.18,74.7,,76.68,1112.4475,0.0,116.195,2.78,0,332.6039040882713
13.07.2025 08:00,8.3,87.94,74.7,,47.5,1041.2675,28.69,38.495,38.36,0,274.8017200146201
13.07.2025 09:00,8.43,57.62,74.7,,19.655,930.01,54.821,25.1575,38.36,0,232.83180575707135
13.07.2025 10:00,8.43,4.28,74.7,,-2.349999999999999,739.515,11.609,17.6975,38.36,0,189.3564640282833
13.07.2025 11:00,8.43,0.05,74.7,,-14.6475,691.5025,26.044,6.1975,38.36,0,166.783707440708
13.07.2025 12:00,8.43,0.0,74.7,,-17.605,664.2425000000001,22.531,8.455,66.87,0,158.7758334650057
13.07.2025 13:00,8.43,0.0,74.7,,-7.5925,678.0,14.099,10.285,66.87,0,150.43396729424313
13.07.2025 14:00,8.43,0.0,74.7,,0.2424999999999997,900.565,12.639,18.8925,66.87,0,145.77091216443293
13.07.2025 15:00,8.3,0.0,74.7,,57.3475,1218.5575,8.641,22.8175,66.87,0,146.09665800853776
13.07.2025 16:00,8.21,2.36,74.7,,90.265,1218.26,0.34,70.68333333333332,22.94,0,167.08163534146456
13.07.2025 17:00,8.12,73.4,74.7,,109.0825,1098.845,0.003,,22.94,0,245.1381805903786
13.07.2025 18:00,8.12,100.61,74.7,,117.8725,824.7775,10.374,51.82666666666668,22.94,0,353.6547895331796
13.07.2025 19:00,8.12,113.74,74.7,,117.495,598.21,31.901,77.08749999999999,22.94,0,448.0866314240308
13.07.2025 20:00,8.12,120.0,74.7,,115.3725,588.735,39.039,71.73,1.03,0,508.8591007374519
13.07.2025 21:00,8.12,127.7,74.7,,106.34,499.045,0.236,107.685,1.03,0,552.5785773214102
13.07.2025 22:00,8.12,126.94,74.7,,112.3325,485.855,0.217,99.12333333333332,1.03,0,564.1024271156778
13.07.2025 23:00,8.07,115.41,74.7,,113.02,455.86,0.016,101.035,1.03,0,615.9791799817627
14.07.2025 00:00,8.07,114.02,74.7,,106.1775,398.455,2.499,95.32333333333334,1.48,0,627.709429684051
14.07.2025 01:00,8.39,104.01,74.7,,93.15,361.725,0.291,110.0,1.48,0,633.4005370066468
14.07.2025 02:00,8.39,98.17,74.7,,95.345,298.4575,3.284,88.42333333333333,1.48,0,642.7609742498344
14.07.2025 03:00,8.39,94.94,74.7,,100.8,418.0425,8.366,86.815,1.48,0,640.3705153241102
14.07.2025 04:00,8.39,99.32,74.7,,102.5575,460.9525,2.553,86.2425,2.17,0,623.4433636793897
14.07.2025 05:00,8.39,108.93,74.7,,108.645,593.7175,0.096,104.245,2.17,0,594.7021772637606
14.07.2025 06:00,8.39,117.87,74.7,,100.54,852.5699999999999,2.465,111.9425,2.17,0,526.3949121863316
14.07.2025 07:00,8.6,121.62,74.7,,93.295,759.48,0.031,108.755,2.17,0,452.8230904059865
14.07.2025 08:00,8.76,112.06,74.7,,86.4425,794.76,26.105,69.35000000000001,27.19,0,396.3893521817227
14.07.2025 09:00,8.97,92.43,74.7,,86.5975,890.9300000000001,13.953,70.1375,27.19,0,346.35548600117846
14.07.2025 10:00,8.97,84.58,74.7,,86.4125,765.135,0.0,99.12,27.19,0,296.81601255451346
14.07.2025 11:00,8.97,79.67,74.7,,79.01,845.975,1.2970000000000002,56.905,27.19,0,274.871424353781
14.07.2025 12:00,8.97,70.98,74.7,,78.7775,676.5,29.539,46.43,50.86,0,269.7521097008419
14.07.2025 13:00,8.97,64.17,74.7,,67.88499999999999,852.0025,136.392,2.6674999999999995,50.86,0,252.68496635291348
14.07.2025 14:00,8.97,57.15,74.7,,78.2125,1012.89,27.51,60.105,50.86,0,240.18102764092808
14.07.2025 15:00,8.76,55.82,74.7,,87.4275,1000.8725,1.846,64.3,50.86,0,231.86114214188945
14.07.2025 16:00,8.6,71.1,74.7,,95.5675,998.9175,1.341,91.33,17.05,0,262.0866669104711
14.07.2025 17:00,8.45,84.58,74.7,,111.4325,834.1725,0.203,105.77,17.05,0,328.72660043860805
14.07.2025 18:00,8.45,98.94,74.7,,112.0475,739.6475,8.243,85.3,17.05,0,404.4431495005399
14.07.2025 19:00,8.45,110.11,74.7,,114.0175,562.905,35.724999999999994,75.845,17.05,0,454.1921412319709
14.07.2025 20:00,8.45,139.99,74.7,,113.5875,638.635,1.749,102.35,1.0,0,490.2341839437287
14.07.2025 21:00,8.45,141.57,74.7,,107.815,620.21,0.0,109.9,1.0,0,511.75187970616616
14.07.2025 22:00,8.45,126.14,74.7,,106.0175,404.03,3.5090000000000003,133.575,1.0,0,520.9611602693128
14.07.2025 23:00,8.39,115.15,74.7,,103.8225,436.41,10.973,78.86749999999999,1.0,0,560.6486817178609
15.07.2025 00:00,8.39,106.1,74.7,,94.72,424.045,4.882,78.125,1.3,0,586.4217991222182
15.07.2025 01:00,8.39,103.06,74.7,,93.92,330.9875,6.885,80.5725,1.3,0,576.6165937899405
15.07.2025 02:00,8.39,93.86,74.7,,95.975,407.3425,13.839,80.135,1.3,0,571.4893657222925
15.07.2025 03:00,8.39,88.28,74.7,,97.9125,520.9225,6.22,79.45,1.3,0,549.1286151914786
15.07.2025 04:00,8.39,87.12,74.7,,112.9575,551.96,6.736,80.64,2.02,0,524.7420361137155
15.07.2025 05:00,8.39,93.0,74.7,,117.455,722.865,0.096,103.505,2.02,0,504.8234581116312
15.07.2025 06:00,8.39,110.33,74.7,,106.33,895.1475,1.371,109.125,2.02,0,458.1138054873612
15.07.2025 07:00,8.6,113.41,74.7,,92.1125,890.3725,27.434000000000005,88.315,2.02,0,410.7613172441492
15.07.2025 08:00,8.76,106.86,74.7,,78.555,997.31,16.277,76.30666666666667,23.16,0,374.1698929098701
15.07.2025 09:00,8.97,90.82,74.7,,76.78,930.3975,3.892,87.57666666666667,23.16,0,307.14765194381295
15.07.2025 10:00,8.97,77.67,74.7,,59.385000000000005,1037.38,10.991,92.9175,23.16,0,252.26979478273412
15.07.2025 11:00,8.97,65.0,74.7,,53.5775,976.34,13.173,50.42333333333334,23.16,0,217.26175874489053
15.07.2025 12:00,8.97,59.19,74.7,,67.1625,1178.0075,3.12,64.95,53.72,0,175.68392453685792
15.07.2025 13:00,8.97,47.26,74.7,,58.105,1044.2475,47.145,38.315,53.72,0,169.09698662746305
15.07.2025 14:00,8.97,40.2,74.7,,48.99,1040.4975,9.709,,53.72,0,181.3893060120133
15.07.2025 15:00,8.76,42.57,74.7,,77.5475,1051.9225,0.8069999999999999,66.37,53.72,0,188.02916068210072
15.07.2025 16:00,8.6,65.0,74.7,,100.6675,973.4775,85.249,35.47666666666667,14.3,0,209.19121302186164
15.07.2025 17:00,8.45,84.87,74.7,,102.5075,871.645,45.419,49.010000000000005,14.3,0,276.5924625255025
15.07.2025 18:00,8.45,101.54,74.7,,103.1075,770.485,13.141,90.855,14.3,0,356.26343920227066
15.07.2025 19:00,8.45,108.15,74.7,,103.7425,585.31,11.647,88.2725,14.3,0,428.77303742259824
15.07.2025 20:00,8.45,119.78,74.7,,103.2775,586.6725,143.262,47.175,1.0,0,485.5862066884883
15.07.2025 21:00,8.45,141.99,74.7,,96.75,554.3675000000001,83.223,57.2525,1.0,0,519.0228775609901
15.07.2025 22:00,8.45,121.28,74.7,,92.5475,534.565,10.243,75.94,1.0,0,533.3173215903837
15.07.2025 23:00,8.39,112.45,74.7,,85.945,466.38,56.921,54.6375,1.0,0,538.1280209125615
16.07.2025 00:00,8.39,97.63,74.7,,82.0875,406.8925,88.108,41.0275,1.16,0,538.3961128537684
16.07.2025 01:00,8.39,93.99,74.7,,84.2025,393.48,3.865,80.73,1.16,0,532.4167599855039
16.07.2025 02:00,8.39,86.67,74.7,,86.22,402.6925,0.283,74.25,1.16,0,510.8401464207984
16.07.2025 03:00,8.39,83.43,74.7,,86.255,512.6925,3.057,81.95333333333333,1.16,0,490.3039503022294
16.07.2025 04:00,8.39,84.26,74.7,,102.0125,660.0025,0.5660000000000001,81.795,1.78,0,487.4436983050047
16.07.2025 05:00,8.39,90.41,74.7,,102.5575,755.165,3.033,65.36,1.78,0,480.9243777635315
16.07.2025 06:00,8.39,105.74,74.7,,104.3625,834.6975,0.09,101.50333333333332,1.78,0,450.5552509788681
16.07.2025 07:00,8.6,112.63,74.7,,100.6775,916.1275,24.880000000000003,71.615,1.78,0,423.3871888497175
16.07.2025 08:00,8.76,111.92,74.7,,95.5575,909.2225,4.884,70.50333333333333,18.59,0,392.9780126340311
16.07.2025 09:00,8.97,104.21,74.7,,80.19749999999999,1029.26,364.311,25.555,18.59,0,364.3761131816153
16.07.2025 10:00,8.97,89.8,74.7,,70.6675,952.6175,415.331,23.4775,18.59,0,316.68219102178153
16.07.2025 11:00,8.97,85.65,74.7,,54.9225,1030.37,196.897,25.5475,18.59,0,289.84884525573466
16.07.2025 12:00,8.97,81.96,74.7,,58.135,920.1725,253.507,24.8525,40.52,0,262.77315990628193
16.07.2025 13:00,8.97,78.62,74.7,,67.9625,1016.0475,129.242,16.165,40.52,0,240.26078762326196
16.07.2025 14:00,8.97,68.06,74.7,,74.01249999999999,945.565,58.705,33.75,40.52,0,232.12305690494625
16.07.2025 15:00,8.76,69.2,74.7,,82.8025,958.9425,18.136,53.67,40.52,0,241.9530838543231
16.07.2025 16:00,8.6,80.86,74.7,,99.3075,908.2675,0.139,89.31666666666666,11.97,0,276.7067812267493
16.07.2025 17:00,8.45,89.09,74.7,,111.955,887.3199999999999,35.899,63.2675,11.97,0,334.7623805356944
16.07.2025 18:00,8.45,95.49,74.7,,120.4125,758.4275,41.436,73.92,11.97,0,392.4829013145528
16.07.2025 19:00,8.45,108.37,74.7,,119.22,626.585,3.4,88.50333333333333,11.97,0,430.7019742193633
16.07.2025 20:00,8.45,119.72,74.7,,120.16,671.8275,11.944,80.54,0.94,0,465.74912572471226
16.07.2025 21:00,8.45,129.04,74.7,,107.2125,797.4725,40.576,70.855,0.94,0,474.1075398582386
16.07.2025 22:00,8.45,120.71,74.7,,101.535,688.185,9.569,78.14,0.94,0,476.65236938863166
16.07.2025 23:00,8.39,110.55,74.7,,95.835,518.0074999999999,1.531,389.3299999999999,0.94,0,484.1302408794976
17.07.2025 00:00,8.39,103.76,74.7,,91.59,343.8625,0.0,107.73,1.06,0,491.82364404376136
17.07.2025 01:00,8.39,98.33,74.7,,91.5975,450.54,0.232,96.97,1.06,0,486.22421755672815
17.07.2025 02:00,8.39,89.96,74.7,,88.715,502.295,0.363,94.44,1.06,0,491.0656019155611
17.07.2025 03:00,8.39,84.81,74.7,,99.555,573.94,9.309,86.34,1.06,0,486.5510175474229
17.07.2025 04:00,8.39,85.76,74.7,,100.5475,566.51,6.214,88.7675,1.55,0,478.3361614744805
17.07.2025 05:00,8.39,89.0,74.7,,104.0175,521.1225,3.224,96.115,1.55,0,454.69670684594337
17.07.2025 06:00,8.39,104.05,74.7,,102.855,833.765,10.748,89.91333333333334,1.55,0,439.6833947178038
17.07.2025 07:00,8.6,110.33,74.7,,80.3875,924.905,32.120999999999995,135.54000000000002,1.55,0,403.8326895946178
17.07.2025 08:00,8.76,105.92,74.7,,80.7825,948.3875,0.0,,16.43,0,357.9442496689431
17.07.2025 09:00,8.97,93.1,74.7,,79.11,918.595,78.369,66.1225,16.43,0,306.7421385829288
17.07.2025 10:00,8.97,85.0,74.7,,70.905,829.1475,108.232,19.465,16.43,0,254.28206036475515
17.07.2025 11:00,8.97,77.07,74.7,,57.72,782.3924999999999,16.387999999999998,67.16,16.43,0,227.7364043563656
17.07.2025 12:00,8.97,70.17,74.7,,37.8275,852.36,35.596000000000004,50.01,43.83,0,208.0931349175733
17.07.2025 13:00,8.97,55.26,74.7,,31.74,1088.3175,2.568,66.9875,43.83,0,199.1623108690955
17.07.2025 14:00,8.97,49.78,74.7,,68.4475,1033.035,23.689,73.6875,43.83,0,199.1261248010673
17.07.2025 15:00,8.76,66.18,74.7,,83.965,1037.335,0.256,88.83500000000001,43.83,0,200.94452998926008
17.07.2025 16:00,8.6,74.79,74.7,,86.5,909.54,173.902,34.7,9.93,0,227.78706702154895
17.07.2025 17:00,8.45,82.71,74.7,,98.275,923.3475,38.778,64.39,9.93,0,281.6177012106984
17.07.2025 18:00,8.45,94.98,74.7,,107.935,586.6275,12.93,71.83666666666666,9.93,0,357.4357125096629
17.07.2025 19:00,8.45,109.73,74.7,,114.1575,593.4875,0.802,147.995,9.93,0,426.7420556700332
17.07.2025 20:00,8.45,120.75,74.7,,108.06,679.2925,164.255,66.83500000000001,1.06,0,460.0061246646343
17.07.2025 21:00,8.45,132.0,74.7,,101.5625,595.4275,10.602,95.6725,1.06,0,483.2048968924991
17.07.2025 22:00,8.45,125.07,74.7,,98.87,448.1475,7.687,90.54666666666668,1.06,0,514.3055226699655
17.07.2025 23:00,8.39,114.18,74.7,,98.215,342.9025,0.082,89.775,1.06,0,552.5038912601151
18.07.2025 00:00,8.39,106.8,74.7,,95.1975,272.6775,2.409,82.3775,1.0,0,585.1849886099332
18.07.2025 01:00,8.39,99.15,74.7,,98.44,272.2525,2.5,83.0925,1.0,0,605.2890107148837
18.07.2025 02:00,8.39,95.36,74.7,,98.1975,341.1625,16.318,77.6975,1.0,0,623.2400350318294
18.07.2025 03:00,8.39,96.37,74.7,,103.69,370.48,2.128,84.30333333333334,1.0,0,635.0373906423113
18.07.2025 04:00,8.39,98.66,74.7,,114.6025,428.6225,2.596,73.46000000000001,1.3,0,653.8307253377541
18.07.2025 05:00,8.39,108.23,74.7,,113.5675,505.7525,2.377,88.71999999999998,1.3,0,644.6435490681536
18.07.2025 06:00,8.39,115.92,74.7,,100.76,619.8725000000001,0.384,103.58,1.3,0,580.5981505267655
18.07.2025 07:00,8.6,116.17,74.7,,89.85249999999999,752.1525,0.534,89.8275,1.3,0,526.8182493508364
18.07.2025 08:00,8.76,109.39,74.7,,84.555,763.1175,1.221,124.2,12.91,0,461.8834671063161
18.07.2025 09:00,8.97,98.13,74.7,,80.7675,749.19,6.129,82.28999999999999,12.91,0,401.510472773042
18.07.2025 10:00,8.97,84.98,74.7,,74.3025,637.54,37.218,50.54,12.91,0,347.8502225124725
18.07.2025 11:00,8.97,82.02,74.7,,62.4425,663.3299999999999,15.203,73.035,12.91,0,302.4351647176283
18.07.2025 12:00,8.97,80.0,74.7,,70.8025,666.4275,10.626,55.905,33.5,0,267.4399842789056
18.07.2025 13:00,8.97,73.02,74.7,,73.5425,672.99,12.278,45.74333333333334,33.5,0,251.11897563111532
18.07.2025 14:00,8.97,71.2,74.7,,82.7775,748.2925,0.0,,33.5,0,252.95099843356488
18.07.2025 15:00,8.76,72.68,74.7,,86.8575,728.9100000000001,52.973000000000006,46.69,33.5,0,267.31017639204725
18.07.2025 16:00,8.6,79.99,74.7,,88.09,882.5275,112.153,30.5525,8.3,0,298.30876248950466
18.07.2025 17:00,8.45,84.07,74.7,,100.5875,751.2625,32.326,67.1425,8.3,0,366.4881304554788
18.07.2025 18:00,8.45,99.92,74.7,,111.72,702.2475,63.653,46.7475,8.3,0,451.5247825891877
18.07.2025 19:00,8.45,120.0,74.7,,112.9175,462.2925,118.809,37.485,8.3,0,510.86556453976414
18.07.2025 20:00,8.45,146.55,74.7,,106.07,472.1225,1.893,109.4425,0.9,0,554.6557626497228
18.07.2025 21:00,8.45,144.44,74.7,,110.425,601.01,21.955,76.655,0.9,0,584.9269942278894
18.07.2025 22:00,8.45,125.88,74.7,,103.4525,437.6425,9.533,83.465,0.9,0,592.567872271334
18.07.2025 23:00,8.39,113.48,74.7,,102.685,258.995,3.559,104.3475,0.9,0,588.0543136531687
19.07.2025 00:00,8.39,107.6,74.7,,104.0625,212.1225,1.6150000000000002,83.6275,1.03,0,615.3057489698934
19.07.2025 01:00,8.09,105.35,74.7,,102.0525,241.31,0.187,95.89,1.03,0,623.8972339932529
19.07.2025 02:00,8.09,103.19,74.7,,101.4125,233.66,1.226,123.88,1.03,0,627.6051687822433
19.07.2025 03:00,8.09,101.63,74.7,,100.475,243.685,5.964,127.1925,1.03,0,634.9225823248776
19.07.2025 04:00,8.09,98.38,74.7,,102.86,444.9775,0.005,82.13,1.81,0,632.4610435387513
19.07.2025 05:00,8.09,93.69,74.7,,95.9775,608.235,11.222,78.14500000000001,1.81,0,601.6364556544193
19.07.2025 06:00,8.09,98.39,74.7,,82.735,878.025,4.632,84.92666666666666,1.81,0,529.6986688575388
19.07.2025 07:00,8.23,86.89,74.7,,43.9375,855.515,2.734,220.865,1.81,0,414.9759335296031
19.07.2025 08:00,8.32,78.89,74.7,,8.865,883.065,10.843,49.64,27.98,0,281.2231426619841
19.07.2025 09:00,8.46,52.98,74.7,,-1.625,692.2225,38.504000000000005,30.72,27.98,0,172.6396820872833
19.07.2025 10:00,8.46,10.0,74.7,,-1.005,557.3475,15.078,21.96,27.98,0,145.22588574331326
19.07.2025 11:00,8.46,0.65,74.7,,2.195,595.1600000000001,216.104,-4.3875,27.98,0,139.50670569479468
19.07.2025 12:00,8.46,0.0,74.7,,-1.6975,578.1525,69.968,9.6075,61.0,0,135.44139768225142
19.07.2025 13:00,8.46,-0.01,74.7,,1.1375000000000002,641.8975,10.524,35.5475,61.0,0,134.6200043473935
19.07.2025 14:00,8.46,0.0,74.7,,31.910000000000004,973.115,9.573,38.8925,61.0,0,136.7448261492134
19.07.2025 15:00,8.32,2.08,74.7,,77.8675,1028.9375,3.197,77.0925,61.0,0,143.12070485088938
19.07.2025 16:00,8.23,29.33,74.7,,94.1325,976.31,0.034,63.68,15.96,0,160.12360570398835
19.07.2025 17:00,8.13,76.85,74.7,,113.7925,852.58,0.0,108.58,15.96,0,217.17523537004496
19.07.2025 18:00,8.13,98.4,74.7,,118.195,577.2225,0.0,,15.96,0,275.706885174931
19.07.2025 19:00,8.13,114.47,74.7,,132.4875,852.135,4.973999999999999,97.41,15.96,0,303.6212285024989
19.07.2025 20:00,8.13,112.87,74.7,,112.5275,713.2475,54.518,77.0075,1.0,0,325.0387088439344
19.07.2025 21:00,8.13,108.08,74.7,,103.12,588.075,365.816,21.055,1.0,0,321.2533938847549
19.07.2025 22:00,8.13,105.63,74.7,,106.485,467.3025,14.202,66.855,1.0,0,314.858846549546
19.07.2025 23:00,8.09,98.07,74.7,,96.6875,361.965,26.353,78.3425,1.0,0,317.9127204265648
20.07.2025 00:00,8.09,91.29,74.7,,104.7575,336.715,0.2299999999999999,126.63666666666668,2.02,0,310.689572245997
20.07.2025 01:00,8.07,88.94,74.7,,104.9725,350.12,0.595,87.76,2.02,0,317.06755335489487
20.07.2025 02:00,8.07,89.27,74.7,,100.1275,362.475,0.7150000000000001,251.6625,2.02,0,330.31814158352825
20.07.2025 03:00,8.07,100.41,74.7,,98.7975,368.535,0.0,,2.02,0,360.4559544659355
20.07.2025 04:00,8.07,101.7,74.7,,91.7425,471.6725,0.164,85.935,2.57,0,386.3357810434957
20.07.2025 05:00,8.07,98.27,74.7,,88.5125,612.8525,6.271000000000001,67.205,2.57,0,394.5324651058671
20.07.2025 06:00,8.07,97.2,74.7,,78.4475,775.9675,15.572,217.4725,2.57,0,376.5893230888212
20.07.2025 07:00,8.21,80.59,74.7,,29.25,846.3875,276.729,15.755,2.57,0,316.73415833807576
20.07.2025 08:00,8.3,77.86,74.7,,-13.9925,873.6175000000001,255.111,-24.6075,34.15,0,238.23880164419532
20.07.2025 09:00,8.43,44.58,74.7,,-21.73,760.8375,172.45,-30.0325,34.15,0,178.47598415117994
20.07.2025 10:00,8.43,9.04,74.7,,-24.445,620.585,85.11,-21.3025,34.15,0,158.81396544244808
20.07.2025 11:00,8.43,2.07,74.7,,-13.275,521.5174999999999,185.187,-49.92,34.15,0,150.8341284272732
20.07.2025 12:00,8.43,0.0,74.7,,-1.6700000000000008,647.38,41.91,-2.5325,67.44,0,146.30982604824322
20.07.2025 13:00,8.43,-0.01,74.7,,1.0724999999999998,791.3525,53.316,-5.16,67.44,0,146.43107912513096
20.07.2025 14:00,8.43,0.0,74.7,,60.105,1046.41,13.167000000000002,43.8475,67.44,0,149.28029693319763
20.07.2025 15:00,8.3,9.09,74.7,,78.61500000000001,1181.8625000000002,32.748,15.185,67.44,0,161.83714228190618
20.07.2025 16:00,8.21,69.33,74.7,,96.6475,987.06,9.987,52.01,15.67,0,206.1181345984882
20.07.2025 17:00,8.12,92.74,74.7,,122.4925,983.1075,0.0,,15.67,0,285.5748869514845
20.07.2025 18:00,8.12,100.26,74.7,,115.1825,826.3225,7.782,185.5725,15.67,0,365.8119082515818
20.07.2025 19:00,8.12,112.0,74.7,,110.58,703.0975,27.295,82.5475,15.67,0,429.05499618366406
20.07.2025 20:00,8.12,116.0,74.7,,100.9575,766.2425000000001,79.844,60.99,0.9,0,454.79048467916107
20.07.2025 21:00,8.12,115.01,74.7,,95.0625,850.1625,5.552,100.4875,0.9,0,452.4753226826055
20.07.2025 22:00,8.12,114.85,74.7,,85.325,663.405,13.581,87.44,0.9,0,453.38289145200895
20.07.2025 23:00,8.07,105.05,74.7,,89.25,564.83,0.065,91.03,0.9,0,438.3666999000519
21.07.2025 00:00,8.07,87.08,74.7,,90.3425,497.435,0.666,81.505,1.33,0,450.3390790018603
21.07.2025 01:00,8.39,79.73,74.7,,89.38,436.5425,0.401,81.725,1.33,0,457.1437503785797
21.07.2025 02:00,8.39,83.48,74.7,,93.955,468.0,8.357,82.01666666666667,1.33,0,473.251668012932
21.07.2025 03:00,8.39,83.3,74.7,,94.6175,557.785,34.422,61.755,1.33,0,490.09326716934686
21.07.2025 04:00,8.39,83.49,74.7,,114.9625,766.3925,0.0,85.93,1.78,0,506.5648553237976
21.07.2025 05:00,8.39,96.22,74.7,,112.9525,706.615,1.035,101.225,1.78,0,523.1599642327309
21.07.2025 06:00,8.39,113.96,74.7,,118.9725,628.96,0.0,,1.78,0,494.2993194411753
21.07.2025 07:00,8.6,126.56,74.7,,110.7775,657.3025,1.357,94.925,1.78,0,461.3733720337023
21.07.2025 08:00,8.76,123.91,74.7,,119.43,772.7925,0.0,,19.67,0,444.5643220646251
21.07.2025 09:00,8.97,109.64,74.7,,117.87,827.5899999999999,0.003,,19.67,0,453.9567693471001
21.07.2025 10:00,8.97,105.99,74.7,,110.535,744.27,0.018,121.23,19.67,0,422.7040331792695
21.07.2025 11:00,8.97,98.88,74.7,,105.2125,686.3225,0.036,62.29,19.67,0,415.00869388234855
21.07.2025 12:00,8.97,84.9,74.7,,93.97,783.5925,40.097,59.695,39.32,0,397.30829934137705
21.07.2025 13:00,8.97,81.73,74.7,,89.905,745.9300000000001,0.241,68.0,39.32,0,383.0764059351217
21.07.2025 14:00,8.97,85.79,74.7,,90.725,784.01,0.155,88.20666666666666,39.32,0,353.37031570675697
21.07.2025 15:00,8.76,87.96,74.7,,88.135,923.0125,53.622,68.27,39.32,0,340.27118775364585
21.07.2025 16:00,8.6,90.95,74.7,,94.2725,1088.3425,216.613,57.59,10.11,0,342.17962777957825
21.07.2025 17:00,8.45,104.3,74.7,,105.065,855.6475,12.446,105.3,10.11,0,342.9349233390356
21.07.2025 18:00,8.45,105.82,74.7,,109.32,711.8299999999999,5.687,106.28,10.11,0,363.4342580720221
21.07.2025 19:00,8.45,119.69,74.7,,150.785,981.57,0.0,,10.11,0,391.2041675206744
21.07.2025 20:00,8.45,123.25,74.7,,130.23,1029.235,3.985,71.26,1.0,0,420.9962592385704
21.07.2025 21:00,8.45,120.09,74.7,,109.45,787.485,5.604,141.855,1.0,0,442.7910452071573
21.07.2025 22:00,8.45,108.76,74.7,,105.0975,643.2675,5.348,91.4625,1.0,0,465.4989432707589
21.07.2025 23:00,8.39,100.04,74.7,,103.5875,499.435,7.75,86.2925,1.0,0,475.3741711400728
22.07.2025 00:00,8.39,92.79,74.7,,92.6175,385.4825,4.848,104.515,1.2,0,465.3731957382057
22.07.2025 01:00,8.39,87.2,74.7,,87.3125,392.315,2.261,153.0025,1.2,0,454.1617384522693
22.07.2025 02:00,8.39,85.48,74.7,,92.485,386.3825,0.066,432.61,1.2,0,444.3285273816383
22.07.2025 03:00,8.39,82.0,74.7,,110.025,462.01,0.055,86.28,1.2,0,435.87441067799847
22.07.2025 04:00,8.39,81.0,74.7,,125.2175,687.48,0.004,115.72,1.6,0,434.7247614408093
22.07.2025 05:00,8.39,89.28,74.7,,121.2525,688.965,0.049,126.81,1.6,0,428.6400943442648
22.07.2025 06:00,8.39,108.8,74.7,,119.8125,953.5125,0.401,124.295,1.6,0,406.69899252328753
22.07.2025 07:00,8.6,109.28,74.7,,108.735,978.8975,2.9490000000000003,138.09666666666666,1.6,0,382.1090294796539
22.07.2025 08:00,8.76,102.49,74.7,,110.07,1210.4925,5.845,80.16,22.8,0,348.6231649072744
22.07.2025 09:00,8.97,91.29,74.7,,80.67750000000001,1173.7925,268.435,56.4275,22.8,0,315.92697347937496
22.07.2025 10:00,8.97,81.73,74.7,,61.59,1235.6375,314.828,22.885,22.8,0,279.96464519237816
22.07.2025 11:00,8.97,68.41,74.7,,23.67,1188.5325,99.512,5.9475,22.8,0,218.60961210003865
22.07.2025 12:00,8.97,39.63,74.7,,-0.4599999999999999,848.6475,51.61,30.8725,62.69,0,170.48508632617362
22.07.2025 13:00,8.97,10.0,74.7,,-5.8575,874.7025,16.241,53.8675,62.69,0,160.6150136106629
22.07.2025 14:00,8.97,0.17,74.7,,7.065,1063.3525,5.638,53.04,62.69,0,158.17114228991363
22.07.2025 15:00,8.76,4.16,74.7,,58.94,1137.45,26.425,17.386666666666667,62.69,0,155.97939422930975
22.07.2025 16:00,8.6,36.9,74.7,,81.7325,1121.8925,0.002,85.45,15.24,0,162.0884669946297
22.07.2025 17:00,8.45,75.79,74.7,,100.035,1050.1275,44.716,35.955,15.24,0,208.0954167360457
22.07.2025 18:00,8.45,88.98,74.7,,104.5125,795.985,2.459,86.4675,15.24,0,276.0390186472433
22.07.2025 19:00,8.45,108.57,74.7,,100.3825,739.9300000000001,4.606,230.3275,15.24,0,317.0301855251587
22.07.2025 20:00,8.45,112.56,74.7,,92.155,865.8525,8.154,149.42000000000002,0.92,0,330.8960250995896
22.07.2025 21:00,8.45,113.22,74.7,,69.145,924.76,68.316,80.045,0.92,0,325.6790054246742
22.07.2025 22:00,8.45,108.48,74.7,,78.2,586.3225,9.681,147.605,0.92,0,307.741184766431
22.07.2025 23:00,8.39,102.93,74.7,,76.09,480.1025,2.108,247.2925,0.92,0,285.9597886396101
23.07.2025 00:00,8.39,87.65,74.7,,69.955,458.2925,29.661,58.6175,3.03,0,274.9792599337685
23.07.2025 01:00,8.39,79.47,74.7,,64.0275,468.5275,17.663,74.785,3.03,0,265.1356105088535
23.07.2025 02:00,8.39,78.5,74.7,,66.2475,465.4725,43.466,58.7575,3.03,0,265.8332754699061
23.07.2025 03:00,8.39,76.04,74.7,,83.3825,574.285,229.994,15.33,3.03,0,263.8092553753933
23.07.2025 04:00,8.39,77.69,74.7,,90.65,659.54,0.946,94.69666666666669,3.57,0,269.6819486540964
23.07.2025 05:00,8.39,80.64,74.7,,102.7675,770.56,0.786,86.46,3.57,0,287.31777085331214
23.07.2025 06:00,8.39,91.35,74.7,,93.92,938.7275,0.074,100.07,3.57,0,275.7376024940012
23.07.2025 07:00,8.6,99.87,74.7,,79.8675,988.63,0.0,111.01,3.57,0,245.735640539698
23.07.2025 08:00,8.76,96.5,74.7,,58.355,975.39,86.982,27.3375,21.0,0,230.21116628238428
23.07.2025 09:00,8.97,81.69,74.7,,42.3575,1091.5225,5.157,87.625,21.0,0,190.93098036999783
23.07.2025 10:00,8.97,67.3,74.7,,47.1775,1095.5975,2.39,56.825,21.0,0,148.86030548216266
23.07.2025 11:00,8.97,53.5,74.7,,66.85,1104.7275,100.633,49.156666666666666,21.0,0,137.67669264858284
23.07.2025 12:00,8.97,33.72,74.7,,67.7725,1143.95,80.80799999999999,47.46,67.0,0,137.23920350806264
23.07.2025 13:00,8.97,23.73,74.7,,70.64,996.91,3.584,73.665,67.0,0,143.1559623175765
23.07.2025 14:00,8.97,26.82,74.7,,71.16,1286.4525,139.17399999999998,52.91,67.0,0,151.11332823189016
23.07.2025 15:00,8.76,40.3,74.7,,83.64750000000001,1174.705,0.0,,67.0,0,155.74552576160178
23.07.2025 16:00,8.6,67.81,74.7,,95.7325,1244.3425,33.129000000000005,42.54333333333333,16.24,0,175.92240556736888
23.07.2025 17:00,8.45,78.05,74.7,,102.675,979.6875,13.072,87.775,16.24,0,236.135675779086
23.07.2025 18:00,8.45,86.07,74.7,,112.675,739.96,115.103,86.0325,16.24,0,308.7525200889505
23.07.2025 19:00,8.45,105.0,74.7,,116.0075,691.7225,40.972,78.065,16.24,0,382.0753703970162
23.07.2025 20:00,8.45,112.98,74.7,,107.315,610.12,1.585,86.755,0.9,0,431.3191998683433
23.07.2025 21:00,8.45,119.74,74.7,,99.185,659.2025000000001,1.991,188.31,0.9,0,461.0599167277655
23.07.2025 22:00,8.45,110.54,74.7,,98.695,465.78,50.083000000000006,150.8175,0.9,0,495.4026717858682
23.07.2025 23:00,8.39,103.06,74.7,,95.1875,322.3325,9.148,99.5575,0.9,0,526.7405258207917
24.07.2025 00:00,8.39,97.82,74.7,,97.075,348.9925,0.061,101.265,1.73,0,541.4240474577163
24.07.2025 01:00,8.39,94.08,74.7,,93.8575,280.245,0.043,93.91,1.73,0,560.3425574037017
24.07.2025 02:00,8.39,89.29,74.7,,105.3425,481.33,0.8089999999999999,102.89666666666666,1.73,0,578.0176814621458
24.07.2025 03:00,8.39,89.29,74.7,,103.9875,425.3425,18.28,84.03,1.73,0,592.660482962143
24.07.2025 04:00,8.39,93.45,74.7,,116.98,589.6,0.249,101.69,1.95,0,591.5570563970698
24.07.2025 05:00,8.39,102.65,74.7,,114.6425,636.2725,27.348000000000003,82.51333333333334,1.95,0,591.5580533744035
24.07.2025 06:00,8.39,112.05,74.7,,112.52,839.44,0.629,105.31,1.95,0,541.0964271589988
24.07.2025 07:00,8.6,117.22,74.7,,102.0525,915.935,0.0,,1.95,0,507.15157574899285
24.07.2025 08:00,8.76,110.4,74.7,,96.415,1017.0575,3.427,91.62,15.65,0,482.2503189102247
24.07.2025 09:00,8.97,96.22,74.7,,98.86,762.31,29.009,82.69,15.65,0,433.6223109403663
24.07.2025 10:00,8.97,89.17,74.7,,92.7875,594.435,31.241000000000003,88.91,15.65,0,385.4440865745768
24.07.2025 11:00,8.97,84.39,74.7,,84.1725,745.895,118.695,54.985,15.65,0,356.63431756209934
24.07.2025 12:00,8.97,82.17,74.7,,84.39,747.6675,2.923,87.07333333333334,38.47,0,336.38107107486945
24.07.2025 13:00,8.97,80.43,74.7,,87.915,731.0575,0.069,97.44,38.47,0,314.0319332110417
24.07.2025 14:00,8.97,82.05,74.7,,94.1425,804.1975,9.547,85.02666666666666,38.47,0,318.5301000866896
24.07.2025 15:00,8.76,84.77,74.7,,95.6875,976.6925,26.206,71.2075,38.47,0,341.54965964104457
24.07.2025 16:00,8.6,93.34,74.7,,112.2975,1196.9875000000002,60.726,66.1625,9.96,0,367.2602440740284
24.07.2025 17:00,8.45,100.6,74.7,,113.57,1031.67,170.066,62.32,9.96,0,402.9595558945209
24.07.2025 18:00,8.45,109.2,74.7,,135.765,718.115,0.079,98.38,9.96,0,445.508536024876
24.07.2025 19:00,8.45,130.0,74.7,,125.6475,671.33,0.0,,9.96,0,486.1908286027241
24.07.2025 20:00,8.45,154.16,74.7,,116.3,702.19,18.116,91.6,0.87,0,504.3727137111668
24.07.2025 21:00,8.45,140.64,74.7,,108.975,504.1875,12.465,100.325,0.87,0,512.0556941287132
24.07.2025 22:00,8.45,118.38,74.7,,106.755,444.3475,0.237,124.8125,0.87,0,524.8175634371191
24.07.2025 23:00,8.39,109.39,74.7,,108.2775,411.5525,0.098,105.065,0.87,0,564.7146927101385
25.07.2025 00:00,8.39,111.27,74.7,,106.175,356.6075,2.617,97.22333333333334,1.34,0,592.2117074703733
25.07.2025 01:00,8.39,103.67,74.7,,96.465,374.425,3.74,82.37,1.34,0,598.6892934118487
25.07.2025 02:00,8.39,97.05,74.7,,91.155,378.6175,2.652,92.9825,1.34,0,607.7664006241836
25.07.2025 03:00,8.39,92.94,74.7,,97.355,446.9925,23.924,69.485,1.34,0,593.1933447842991
25.07.2025 04:00,8.39,96.97,74.7,,111.4725,698.585,0.468,80.11,1.6,0,580.6020623376103
25.07.2025 05:00,8.39,98.2,74.7,,117.64,608.98,0.041,105.38,1.6,0,564.6791657385205
25.07.2025 06:00,8.39,108.87,74.7,,115.48,933.38,0.107,102.86,1.6,0,514.9666827167637
25.07.2025 07:00,8.6,112.95,74.7,,100.05,942.795,11.613,115.1325,1.6,0,469.6330462850018
25.07.2025 08:00,8.76,110.85,74.7,,92.11,948.8775,29.926,77.07,13.1,0,424.75385649723785
25.07.2025 09:00,8.97,98.2,74.7,,90.8975,819.7725,1.302,106.6975,13.1,0,369.6975316395188
25.07.2025 10:00,8.97,94.08,74.7,,90.5275,769.25,0.138,177.98,13.1,0,319.3370482019866
25.07.2025 11:00,8.97,85.15,74.7,,92.8125,802.495,0.0,102.58,13.1,0,296.20001519388484
25.07.2025 12:00,8.97,83.09,74.7,,79.2225,715.4875,43.133,68.89333333333333,33.0,0,286.89767066630327
25.07.2025 13:00,8.97,78.7,74.7,,76.6875,766.19,11.37,71.44666666666666,33.0,0,278.005230262993
25.07.2025 14:00,8.97,76.31,74.7,,83.2075,772.7975,0.0,106.425,33.0,0,260.3430407550497
25.07.2025 15:00,8.76,79.27,74.7,,94.1325,1042.9299999999998,0.0,102.61,33.0,0,261.53975061073163
25.07.2025 16:00,8.6,81.09,74.7,,104.78,968.98,0.121,105.52,8.22,0,280.98394265846616
25.07.2025 17:00,8.45,84.02,74.7,,114.0825,868.8924999999999,1.0479999999999998,90.21,8.22,0,327.1763926447502
25.07.2025 18:00,8.45,90.45,74.7,,125.1375,696.3425,9.9,86.36666666666667,8.22,0,385.9467384016183
25.07.2025 19:00,8.45,101.81,74.7,,127.7325,566.465,12.746,87.49,8.22,0,433.0905412115404
25.07.2025 20:00,8.45,109.28,74.7,,127.1775,611.99,3.928,82.04,0.9,0,466.6159371668768
25.07.2025 21:00,8.45,121.21,74.7,,113.875,455.4725,1.866,98.86666666666667,0.9,0,474.2574296174981
25.07.2025 22:00,8.45,112.6,74.7,,112.8475,324.4125,7.873,83.63,0.9,0,487.71651492748623
25.07.2025 23:00,8.39,110.25,74.7,,102.9825,331.405,34.138,69.5025,0.9,0,542.3892932720571
26.07.2025 00:00,8.39,106.76,74.7,,98.905,283.87,5.394,86.8325,1.32,0,554.4752621339073
26.07.2025 01:00,8.09,100.7,74.7,,98.3175,209.7775,0.636,86.34,1.32,0,572.1805200838834
26.07.2025 02:00,8.09,97.73,74.7,,100.2175,279.77,0.0,,1.32,0,569.8728523286303
26.07.2025 03:00,8.09,96.65,74.7,,102.825,245.12,0.013,95.61,1.32,0,577.4136874141295
26.07.2025 04:00,8.09,96.45,74.7,,102.5075,319.4875,9.335,78.47749999999999,1.62,0,572.8495854783171
26.07.2025 05:00,8.09,94.89,74.7,,95.4925,403.2175,1.103,82.59333333333335,1.62,0,563.5027137405062
26.07.2025 06:00,8.09,97.13,74.7,,95.3975,652.2425,2.692,76.40666666666667,1.62,0,541.2620969840414
26.07.2025 07:00,8.23,96.1,74.7,,92.6725,760.135,9.411,85.3025,1.62,0,487.45524929142
26.07.2025 08:00,8.32,87.96,74.7,,84.935,790.965,41.536,65.2475,16.0,0,423.214901565708
26.07.2025 09:00,8.46,85.85,74.7,,83.39750000000001,898.015,5.817,49.19,16.0,0,361.5799658850652
26.07.2025 10:00,8.46,79.59,74.7,,78.465,828.655,6.9670000000000005,87.11,16.0,0,303.5566607993104
26.07.2025 11:00,8.46,75.2,74.7,,63.3975,789.5725,51.399,61.4375,16.0,0,279.1636464739599
26.07.2025 12:00,8.46,66.42,74.7,,61.035,773.71,1.394,61.120000000000005,41.86,0,258.0983293322937
26.07.2025 13:00,8.46,49.87,74.7,,73.3675,815.315,0.259,85.51,41.86,0,224.13886974562004
26.07.2025 14:00,8.46,50.09,74.7,,77.25,808.615,11.182,72.65666666666668,41.86,0,220.3858301896532
26.07.2025 15:00,8.32,68.07,74.7,,88.08,909.4125,0.145,80.5975,41.86,0,238.2196940087553
26.07.2025 16:00,8.23,74.81,74.7,,95.4025,728.635,23.156,71.43,9.64,0,276.2482077496376
26.07.2025 17:00,8.13,84.2,74.7,,102.1425,566.4350000000001,81.119,53.25,9.64,0,344.22907397308995
26.07.2025 18:00,8.13,98.2,74.7,,105.6525,441.3925,0.024,98.04,9.64,0,420.76549204078094
26.07.2025 19:00,8.13,106.6,74.7,,107.5625,404.5775,0.002,105.28,9.64,0,455.8653224929196
26.07.2025 20:00,8.13,121.95,74.7,,100.785,458.0475,0.0,99.8,0.85,0,488.6559871608237
26.07.2025 21:00,8.13,127.07,74.7,,88.9675,482.3425,7.977,87.7575,0.85,0,501.9760672549312
26.07.2025 22:00,8.13,116.72,74.7,,92.335,409.0625,0.997,99.945,0.85,0,537.4495894691892
26.07.2025 23:00,8.09,108.8,74.7,,85.265,332.095,1.871,89.5575,0.85,0,564.9127752970661
27.07.2025 00:00,8.09,104.64,74.7,,88.515,253.7225,8.607,72.35499999999999,1.57,0,549.2412738052392
27.07.2025 01:00,8.07,99.47,74.7,,89.4225,217.24,5.656000000000001,71.9125,1.57,0,553.2948967620947
27.07.2025 02:00,8.07,95.01,74.7,,90.1025,225.9775,0.154,85.97,1.57,0,539.7109854130932
27.07.2025 03:00,8.07,92.07,74.7,,88.36500000000001,223.665,1.284,82.125,1.57,0,532.917475336925
27.07.2025 04:00,8.07,91.99,74.7,,86.9225,283.8075,0.274,71.44,1.96,0,513.0229001755037
27.07.2025 05:00,8.07,89.88,74.7,,85.2,366.185,8.021,69.2775,1.96,0,492.28135069225766
27.07.2025 06:00,8.07,88.79,74.7,,80.705,511.3625,34.663,59.8125,1.96,0,460.61263789067823
27.07.2025 07:00,8.21,86.58,74.7,,76.575,706.415,110.396,32.555,1.96,0,403.0548557161387
27.07.2025 08:00,8.3,83.76,74.7,,64.5425,792.9475,60.314,38.9725,16.98,0,329.3359983839356
27.07.2025 09:00,8.43,81.71,74.7,,38.6625,842.51,90.068,14.2675,16.98,0,262.20625277264173
27.07.2025 10:00,8.43,75.91,74.7,,7.72,1057.6025,98.226,-0.7599999999999993,16.98,0,205.30721640103835
27.07.2025 11:00,8.43,70.52,74.7,,-9.7675,729.8050000000001,1.551,36.335,16.98,0,181.77599332204505
27.07.2025 12:00,8.43,45.93,74.7,,-5.1625,723.2850000000001,4.496,35.97666666666667,53.0,0,169.3180155523883
27.07.2025 13:00,8.43,15.04,74.7,,15.5275,728.2049999999999,5.682,30.67,53.0,0,165.81589401089275
27.07.2025 14:00,8.43,8.85,74.7,,42.88,908.8275,0.003,73.21000000000001,53.0,0,165.23677122737178
27.07.2025 15:00,8.3,17.3,74.7,,74.9925,1027.25,0.465,35.53,53.0,0,166.6365100162362
27.07.2025 16:00,8.21,45.74,74.7,,91.0175,734.99,0.0,,12.4,0,180.55021095830196
27.07.2025 17:00,8.12,82.36,74.7,,100.615,659.185,0.767,80.83999999999999,12.4,0,221.77287652987212
27.07.2025 18:00,8.12,95.66,74.7,,109.115,475.0225,0.0,,12.4,0,294.9580650262335
27.07.2025 19:00,8.12,102.47,74.7,,108.4775,394.595,0.3,97.88,12.4,0,352.3976983951502
27.07.2025 20:00,8.12,107.95,74.7,,109.165,548.4675,3.43,94.035,0.83,0,364.8735206463496
27.07.2025 21:00,8.12,114.71,74.7,,103.0525,403.8425,36.431,88.56,0.83,0,375.2612099401612
27.07.2025 22:00,8.12,107.33,74.7,,93.38,376.9,24.847,70.19,0.83,0,391.145175406054
27.07.2025 23:00,8.07,102.69,74.7,,87.43,317.315,3.4080000000000004,76.75,0.83,0,423.18715757440737
28.07.2025 00:00,8.07,100.0,74.7,,81.9025,248.5225,8.502,61.6,1.45,0,420.2443014726719
28.07.2025 01:00,8.39,88.77,74.7,,79.355,253.97,39.502,45.175,1.45,0,401.85095264740335
28.07.2025 02:00,8.39,83.5,74.7,,76.62,259.4675,9.343,63.3025,1.45,0,393.811308927069
28.07.2025 03:00,8.39,79.67,74.7,,79.075,352.545,2.768,66.8225,1.45,0,380.37964951497935
28.07.2025 04:00,8.39,79.51,74.7,,92.09,419.125,21.773,48.425,1.61,0,373.6557421098101
28.07.2025 05:00,8.39,89.52,74.7,,97.6125,532.6725,9.329,72.87,1.61,0,371.0462422050959
28.07.2025 06:00,8.39,108.88,74.7,,98.0125,659.4300000000001,0.04,93.12,1.61,0,362.709619242384
28.07.2025 07:00,8.6,121.97,74.7,,94.4975,927.0675,12.078,72.2225,1.61,0,323.8222564988122
28.07.2025 08:00,8.76,118.37,74.7,,78.305,911.3725,79.498,32.74,12.49,0,301.2647891453095
28.07.2025 09:00,8.97,105.45,74.7,,69.5925,853.91,68.818,38.85,12.49,0,276.508500663855
28.07.2025 10:00,8.97,97.25,74.7,,60.087500000000006,939.635,181.968,7.937500000000001,12.49,0,224.97160729059675
28.07.2025 11:00,8.97,90.96,74.7,,54.92,976.4975,2.737,71.31,12.49,0,189.07000252177824
28.07.2025 12:00,8.97,81.79,74.7,,32.730000000000004,893.08,2.264,111.46,34.8,0,170.02887550895056
28.07.2025 13:00,8.97,77.52,74.7,,32.685,877.7975,0.2719999999999999,76.5675,34.8,0,158.81133974326576
28.07.2025 14:00,8.97,68.33,74.7,,48.7525,908.88,27.387,32.765,34.8,0,153.63293488770083
28.07.2025 15:00,8.76,73.97,74.7,,63.5325,1041.51,19.086,48.655,34.8,0,155.70355316284508
28.07.2025 16:00,8.6,77.28,74.7,,82.10499999999999,1172.725,47.413,28.08333333333333,8.5,0,161.04841650506543
28.07.2025 17:00,8.45,88.12,74.7,,86.75,1043.6775,52.822,46.785,8.5,0,179.7000766177708
28.07.2025 18:00,8.45,97.2,74.7,,92.8025,752.6025,4.629,65.55666666666667,8.5,0,239.73818722287973
28.07.2025 19:00,8.45,103.59,74.7,,92.735,614.405,11.658,91.3125,8.5,0,276.72936303060663
28.07.2025 20:00,8.45,114.14,74.7,,87.6675,678.3425,38.701,77.5375,0.85,0,296.57703388516893
28.07.2025 21:00,8.45,114.34,74.7,,67.955,742.7875,281.929,9.735,0.85,0,303.8067182798763
28.07.2025 22:00,8.45,105.26,74.7,,74.3675,623.955,131.431,18.4225,0.85,0,301.5294028030525
28.07.2025 23:00,8.39,92.43,74.7,,65.0075,577.0625,52.901,38.055,0.85,0,284.32067736339513
29.07.2025 00:00,8.39,87.51,74.7,,61.02,500.8725,4.395,73.3225,1.31,0,253.39507240122035
29.07.2025 01:00,8.39,84.1,74.7,,65.825,418.535,0.0,78.98,1.31,0,245.01345763529173
29.07.2025 02:00,8.39,82.9,74.7,,77.70500000000001,392.76,1.576,79.45,1.31,0,236.79886837440816
29.07.2025 03:00,8.39,82.1,74.7,,75.415,469.3375,0.02,81.35,1.31,0,250.71020933351403
29.07.2025 04:00,8.39,83.89,74.7,,78.865,573.28,0.411,77.8325,1.6,0,257.5458496681974
29.07.2025 05:00,8.39,92.88,74.7,,88.085,608.1475,0.518,85.395,1.6,0,272.570966930813
29.07.2025 06:00,8.39,101.07,74.7,,81.8875,887.165,0.061,94.37,1.6,0,266.1163716147631
29.07.2025 07:00,8.6,109.25,74.7,,68.6275,1038.4275,37.124,34.74,1.6,0,240.12838251991832
29.07.2025 08:00,8.76,99.02,74.7,,52.1775,1165.6675,5.6,70.10333333333334,13.44,0,220.4755282098122
29.07.2025 09:00,8.97,80.2,74.7,,20.9225,971.905,69.551,-1.7024999999999997,13.44,0,177.9229165940065
29.07.2025 10:00,8.97,66.37,74.7,,3.4399999999999995,902.5425,56.133,11.3575,13.44,0,154.8382847887974
29.07.2025 11:00,8.97,54.0,74.7,,-0.9325,665.1325,58.256,1.6799999999999995,13.44,0,141.0571971141326
29.07.2025 12:00,8.97,25.6,74.7,,-1.315,723.83,19.441,39.5475,54.15,0,130.96994349945953
29.07.2025 13:00,8.97,4.34,74.7,,3.9525,807.5600000000001,49.45,7.6375,54.15,0,127.22213197213992
29.07.2025 14:00,8.97,1.07,74.7,,35.0325,851.69,38.661,28.9225,54.15,0,125.87444568631656
29.07.2025 15:00,8.76,6.2,74.7,,73.64,1074.1475,24.929,23.9775,54.15,0,128.41579837299145
29.07.2025 16:00,8.6,44.41,74.7,,92.04,1135.7575000000002,1.204,74.34666666666666,8.58,0,145.9380840141825
29.07.2025 17:00,8.45,78.24,74.7,,102.2025,1043.1725,19.309,28.2125,8.58,0,195.38235291379652
29.07.2025 18:00,8.45,94.81,74.7,,109.2125,754.36,0.037,78.66,8.58,0,248.0516452457269
29.07.2025 19:00,8.45,105.32,74.7,,119.645,632.02,5.59,76.11,8.58,0,293.25088712316483
29.07.2025 20:00,8.45,123.56,74.7,,111.355,694.3025,6.295999999999999,275.98,0.8,0,319.63847516926256
29.07.2025 21:00,8.45,126.01,74.7,,94.83,557.9225,65.126,38.8975,0.8,0,331.0429868736241
29.07.2025 22:00,8.45,111.94,74.7,,92.22,555.885,6.099,72.3725,0.8,0,340.411433521342
29.07.2025 23:00,8.39,102.07,74.7,,82.725,365.895,1.728,88.92750000000001,0.8,0,356.32761549164195
30.07.2025 00:00,8.39,94.92,74.7,,84.03999999999999,371.6275,0.012,91.08,1.25,0,349.4999396341492
30.07.2025 01:00,8.39,90.88,74.7,,78.075,333.275,15.414,71.1275,1.25,0,342.1882157985081
30.07.2025 02:00,8.39,86.93,74.7,,77.8075,376.99,27.503,54.765,1.25,0,331.6872059891944
30.07.2025 03:00,8.39,83.24,74.7,,91.465,523.5625,0.5770000000000001,85.24666666666667,1.25,0,325.07627966783417
30.07.2025 04:00,8.39,84.89,74.7,,100.4525,510.1275,2.399,70.105,1.45,0,329.64080537450764
30.07.2025 05:00,8.39,94.72,74.7,,98.8,628.9925000000001,55.369,42.125,1.45,0,333.30378993510413
30.07.2025 06:00,8.39,100.38,74.7,,98.9025,939.69,0.0,107.84,1.45,0,312.76832172043817
30.07.2025 07:00,8.6,97.47,74.7,,87.85249999999999,927.94,0.013,100.535,1.45,0,282.62641633907697
30.07.2025 08:00,8.76,93.88,74.7,,72.75,1159.1325000000002,0.008,99.87,11.32,0,246.22730099109975
30.07.2025 09:00,8.97,79.02,74.7,,66.195,1158.1525,20.934,35.4725,11.32,0,215.1334066911564
30.07.2025 10:00,8.97,63.29,74.7,,32.2175,881.5475,0.241,,11.32,0,184.66468415234905
30.07.2025 11:00,8.97,40.43,74.7,,15.8725,1055.7725,22.456,47.2675,11.32,0,160.1019984844403
30.07.2025 12:00,8.97,24.79,74.7,,2.6925,829.16,1.825,66.46666666666665,44.52,0,137.00909926261306
30.07.2025 13:00,8.97,17.69,74.7,,12.115,897.3725,0.378,78.33,44.52,0,139.03498876861747
30.07.2025 14:00,8.97,10.7,74.7,,48.79,894.335,5.453,64.0375,44.52,0,140.94032732263656
30.07.2025 15:00,8.76,28.03,74.7,,77.8025,911.0175,7.194,32.5825,44.52,0,144.82696446711617
30.07.2025 16:00,8.6,45.61,74.7,,94.795,1109.6425,28.924,18.405,7.73,0,155.19835250823394
30.07.2025 17:00,8.45,75.68,74.7,,115.3625,1071.5925,1.588,69.93,7.73,0,178.6181552728316
30.07.2025 18:00,8.45,93.97,74.7,,119.2975,676.1175,1.299,102.33,7.73,0,211.42178531060964
30.07.2025 19:00,8.45,101.86,74.7,,114.685,608.0150000000001,0.063,100.49,7.73,0,250.02833141672548
30.07.2025 20:00,8.45,109.07,74.7,,111.155,699.2725,0.118,103.935,0.77,0,262.3017773441252
30.07.2025 21:00,8.45,109.0,74.7,,100.5,542.505,55.649,66.4075,0.77,0,269.2501830058944
30.07.2025 22:00,8.45,104.0,74.7,,94.6075,518.8050000000001,16.678,69.7475,0.77,0,272.780665199015
30.07.2025 23:00,8.39,92.41,74.7,,92.88,422.6925,0.164,102.11,0.77,0,278.09157525523943
31.07.2025 00:00,8.39,88.93,74.7,,86.18,422.58,0.268,82.845,1.51,0,263.3614238203742
31.07.2025 01:00,8.39,82.11,74.7,,83.3325,358.0675,2.073,80.49000000000001,1.51,0,255.4893811036536
31.07.2025 02:00,8.39,79.0,74.7,,83.0275,369.1775,0.838,85.355,1.51,0,251.872091313427
31.07.2025 03:00,8.39,77.27,74.7,,97.365,536.9775,0.003,,1.51,0,248.6328539268411
31.07.2025 04:00,8.39,78.51,74.7,,107.945,667.2475,0.24,95.82,1.67,0,248.0640870371608
31.07.2025 05:00,8.39,85.43,74.7,,108.24,661.6475,2.265,222.1833333333333,1.67,0,258.09550852355744
31.07.2025 06:00,8.39,98.14,74.7,,107.8325,999.055,0.933,416.005,1.67,0,253.7838009172703
31.07.2025 07:00,8.6,100.46,74.7,,92.8925,1117.915,14.08,63.41666666666666,1.67,0,230.75397435704988
31.07.2025 08:00,8.76,94.09,74.7,,75.1675,1025.6975,19.939,69.21000000000001,10.68,0,215.99689220320852
31.07.2025 09:00,8.97,88.91,74.7,,78.285,1110.1525,0.0,312.23,10.68,0,197.05028025111216
31.07.2025 10:00,8.97,74.17,74.7,,68.85249999999999,922.0075,27.517,52.255,10.68,0,178.1109671665722
31.07.2025 11:00,8.97,70.04,74.7,,67.5375,886.1725,4.0360000000000005,80.695,10.68,0,167.67364171598126
31.07.2025 12:00,8.97,61.15,74.7,,69.475,950.0025,208.773,30.01,45.0,0,149.98936194289797
31.07.2025 13:00,8.97,48.05,74.7,,68.705,1037.47,284.038,1.74,45.0,0,152.6024033261051
31.07.2025 14:00,8.97,35.06,74.7,,80.24,1036.1525,34.275,,45.0,0,163.6277657009701
31.07.2025 15:00,8.76,55.07,74.7,,93.4175,1022.0675,8.836,45.8975,45.0,0,169.41668770706144
31.07.2025 16:00,8.6,72.43,74.7,,102.355,983.8275,0.4009999999999999,76.53,6.8,0,190.74726920276092
31.07.2025 17:00,8.45,84.56,74.7,,122.91,921.0375,2.066,75.5475,6.8,0,227.65067549260107
31.07.2025 18:00,8.45,96.9,74.7,,133.79250000000002,800.6975,9.151,76.91333333333334,6.8,0,285.46183519902195
31.07.2025 19:00,8.45,111.92,74.7,,131.9625,668.84,1.748,105.84,6.8,0,332.53972661080377
31.07.2025 20:00,8.45,128.27,74.7,,109.935,566.51,12.894,89.475,0.74,0,356.47075299952235
31.07.2025 21:00,8.45,125.11,74.7,,101.2975,522.0274999999999,2.542,93.2175,0.74,0,374.8440632286249
31.07.2025 22:00,8.45,114.16,74.7,,100.0875,389.5175,1.472,103.7075,0.74,0,388.2561961927567
31.07.2025 23:00,8.39,102.79,74.7,,99.105,339.045,2.953,89.93333333333334,0.74,0,409.2953631093301
01.08.2025 00:00,8.39,105.31,74.7,,99.95,412.3075,0.383,84.57,1.27,0,391.8705452602384
01.08.2025 01:00,8.36,98.54,74.7,,100.08,292.0525,0.053,,1.27,0,399.6232569006988
01.08.2025 02:00,8.36,92.15,74.7,,112.015,322.4275,0.0,,1.27,0,403.4906416367298
01.08.2025 03:00,8.36,89.17,74.7,,105.795,473.785,9.261,89.64333333333333,1.27,0,414.9680860400613
01.08.2025 04:00,8.36,94.21,74.7,,106.36,478.57,8.693000000000001,88.4775,1.29,0,413.974316634396
01.08.2025 05:00,8.36,100.58,74.7,,108.1975,639.155,15.805,125.7825,1.29,0,420.6203739684113
01.08.2025 06:00,8.36,106.69,74.7,,99.2425,727.16,92.093,58.185,1.29,0,380.8171806796115
01.08.2025 07:00,8.55,110.71,74.7,,92.3175,774.3025,7.814999999999999,95.625,1.29,0,352.2057126498131
01.08.2025 08:00,8.7,106.64,74.7,,81.58250000000001,1079.9675,156.691,15.025,9.02,0,328.274743435117
01.08.2025 09:00,8.91,103.67,74.7,,73.27,978.8,13.318,60.44,9.02,0,286.43184909727484
01.08.2025 10:00,8.91,97.95,74.7,,54.995000000000005,1049.7575,113.504,27.9325,9.02,0,225.69166203014856
01.08.2025 11:00,8.91,84.1,74.7,,17.735,851.8925,171.29500000000002,5.2375,9.02,0,196.06820262121585
01.08.2025 12:00,8.91,77.05,74.7,,3.65,788.8924999999999,69.136,8.622499999999999,35.88,0,159.86732372722017
01.08.2025 13:00,8.91,61.97,74.7,,4.192500000000001,956.055,66.686,4.4525,35.88,0,144.35586354431592
01.08.2025 14:00,8.91,49.06,74.7,,42.0625,1126.9675,112.983,2.3075,35.88,0,140.26435550228783
01.08.2025 15:00,8.7,49.1,74.7,,59.9125,1120.4425,0.929,37.77666666666666,35.88,0,140.8577885868062
01.08.2025 16:00,8.55,69.93,74.7,,94.16,1088.7175,0.0,,6.54,0,150.0559662056577
01.08.2025 17:00,8.4,83.59,74.7,,102.3675,960.8475,41.466,28.055,6.54,0,185.28361165904045
01.08.2025 18:00,8.4,96.45,74.7,,106.6175,742.45,64.068,44.9925,6.54,0,260.99645882553176
01.08.2025 19:00,8.4,109.51,74.7,,102.8125,699.185,3.4730000000000003,95.87,6.54,0,309.9404690900708
01.08.2025 20:00,8.4,119.23,74.7,,102.23,737.8625,0.213,157.32,0.72,0,345.9477541834355
01.08.2025 21:00,8.4,117.51,74.7,,97.6525,593.9100000000001,27.553,135.335,0.72,0,355.42352737688105
01.08.2025 22:00,8.4,110.72,74.7,,93.3525,471.5675,27.07,79.015,0.72,0,356.115183799264
01.08.2025 23:00,8.36,102.73,74.7,,91.0075,409.8325,7.285,82.0625,0.72,0,367.1371270807549
02.08.2025 00:00,8.36,104.47,74.7,,86.655,327.92999999999995,19.585,75.26,1.24,0,374.07526320548993
02.08.2025 01:00,8.06,100.32,74.7,,84.61,346.4825,29.595,58.32333333333333,1.24,0,370.82201311389207
02.08.2025 02:00,8.06,97.79,74.7,,75.28,296.76750000000004,5.937,78.24000000000001,1.24,0,369.4142789643468
02.08.2025 03:00,8.06,92.16,74.7,,70.6975,379.88,38.757,60.0775,1.24,0,368.6238322218331
02.08.2025 04:00,8.06,91.29,74.7,,68.1075,397.125,0.019,90.52,1.41,0,353.3600623876351
02.08.2025 05:00,8.06,90.77,74.7,,72.0475,439.59,13.175999999999998,62.8525,1.41,0,332.10933472322307
02.08.2025 06:00,8.06,89.67,74.7,,64.8275,638.4425,3.3240000000000003,73.6125,1.41,0,318.3290390046236
02.08.2025 07:00,8.19,84.7,74.7,,52.85,878.435,44.699,47.935,1.41,0,289.1633000077462
02.08.2025 08:00,8.29,78.4,74.7,,11.3875,870.0425,11.549,11.003333333333332,15.07,0,227.57803234980344
02.08.2025 09:00,8.41,65.68,74.7,,-3.44,790.88,13.142,25.75333333333333,15.07,0,171.7667419121532
02.08.2025 10:00,8.41,31.09,74.7,,-5.625,711.46,9.685,34.0775,15.07,0,149.66390243488578
02.08.2025 11:00,8.41,5.68,74.7,,-4.8675,654.41,61.409,2.380000000000001,15.07,0,140.32353046375263
02.08.2025 12:00,8.41,2.95,74.7,,-10.945,657.5725,51.807,-6.1875,51.32,0,133.28773305604682
02.08.2025 13:00,8.41,0.0,74.7,,-10.235,697.715,8.643999999999998,32.1075,51.32,0,129.08993020347947
02.08.2025 14:00,8.41,0.0,74.7,,-5.18,813.44,7.392,34.730000000000004,51.32,0,127.5374774921994
02.08.2025 15:00,8.29,0.0,74.7,,51.97,985.655,0.0,69.4425,51.32,0,127.21078201306857
02.08.2025 16:00,8.19,5.3,74.7,,76.0925,966.265,78.06,0.6933333333333339,16.39,0,132.0802494011919
02.08.2025 17:00,8.1,60.69,74.7,,82.0375,788.4475,5.238,28.43,16.39,0,144.35642350641547
02.08.2025 18:00,8.1,91.32,74.7,,88.86,629.76,0.0,,16.39,0,186.56282779899084
02.08.2025 19:00,8.1,102.0,74.7,,103.295,651.78,0.0,,16.39,0,214.18084230568968
02.08.2025 20:00,8.1,109.49,74.7,,103.8725,714.28,7.019,87.35,0.76,0,235.74218308410892
02.08.2025 21:00,8.1,108.42,74.7,,91.9675,643.7525,7.033,98.355,0.76,0,243.37968568399896
02.08.2025 22:00,8.1,104.34,74.7,,83.1575,562.885,9.14,92.96666666666664,0.76,0,247.35767738986647
02.08.2025 23:00,8.06,95.0,74.7,,77.595,404.205,145.922,27.27,0.76,0,247.695784043584
03.08.2025 00:00,8.06,85.09,74.7,,62.0825,477.41,66.267,39.9275,4.63,0,244.20920490969436
03.08.2025 01:00,8.04,77.52,74.7,,47.4675,420.035,25.535,40.6875,4.63,0,234.0710184704552
03.08.2025 02:00,8.04,71.95,74.7,,39.8825,430.09,33.471000000000004,40.7325,4.63,0,198.98129517383248
03.08.2025 03:00,8.04,68.14,74.7,,40.0625,396.4975,8.192,53.7525,4.63,0,185.1543189037101
03.08.2025 04:00,8.04,65.77,74.7,,31.77,532.23,0.5760000000000001,78.725,5.2,0,183.4604071421804
03.08.2025 05:00,8.04,59.98,74.7,,19.185,520.2175,0.006,79.65,5.2,0,181.47416425309788
03.08.2025 06:00,8.04,46.8,74.7,,11.275,592.38,0.086,71.37,5.2,0,175.3010381893937
03.08.2025 07:00,8.18,26.0,74.7,,-1.13,672.3199999999999,20.249,23.725,5.2,0,166.5407465532063
03.08.2025 08:00,8.27,6.16,74.7,,5.42,721.4300000000001,10.512,16.817500000000003,31.72,0,152.1206929461342
03.08.2025 09:00,8.39,0.0,74.7,,-0.51,647.51,33.325,20.0175,31.72,0,141.57336285308585
03.08.2025 10:00,8.39,-1.01,74.7,,-0.7150000000000001,685.01,31.603,-0.865,31.72,0,131.96220646338887
03.08.2025 11:00,8.39,-2.1,74.7,,-2.4325,680.0350000000001,58.873000000000005,0.2274999999999998,31.72,0,127.38800794457757
03.08.2025 12:00,8.39,-3.0,74.7,,-8.0975,806.23,0.22,29.95,58.48,0,123.6682889535255
03.08.2025 13:00,8.39,-9.9,74.7,,-2.515,691.1725,0.003,43.765,58.48,0,123.40027421390872
03.08.2025 14:00,8.39,-10.08,74.7,,2.365,675.0175,0.823,43.91333333333333,58.48,0,127.29817430077186
03.08.2025 15:00,8.27,-4.98,74.7,,30.910000000000004,1012.76,8.891,21.415,58.48,0,125.2912219009158
03.08.2025 16:00,8.18,-1.5,74.7,,69.685,1107.35,7.800000000000001,12.156666666666666,27.49,0,126.02307180029727
03.08.2025 17:00,8.08,3.61,74.7,,76.045,897.2475,126.336,-6.602499999999999,27.49,0,129.13939494644814
03.08.2025 18:00,8.08,71.13,74.7,,79.9175,775.1,2.267,76.145,27.49,0,155.59977598444362
03.08.2025 19:00,8.08,88.13,74.7,,88.45,571.7125,0.0,,27.49,0,190.68750585606992
03.08.2025 20:00,8.08,97.87,74.7,,86.8525,555.4925,10.495,84.73,0.74,0,211.3711758411388
03.08.2025 21:00,8.08,95.99,74.7,,80.87,525.365,10.062,91.9325,0.74,0,219.241819635401
03.08.2025 22:00,8.08,97.3,74.7,,84.7525,547.73,40.219,73.6125,0.74,0,216.16354297501192
03.08.2025 23:00,8.04,85.09,74.7,,68.0275,594.54,345.23900000000003,-13.0275,0.74,0,215.25967972941956
04.08.2025 00:00,8.04,81.05,74.7,,63.4275,490.355,20.899,58.6975,3.6,0,208.1274624060021
04.08.2025 01:00,8.36,70.07,74.7,,61.995,462.51,22.419,53.0325,3.6,0,179.40014165898708
04.08.2025 02:00,8.36,69.97,74.7,,71.48,431.9925,0.092,79.71000000000001,3.6,0,176.55752728263698
04.08.2025 03:00,8.36,70.62,74.7,,82.92,631.1275,80.221,42.2925,3.6,0,183.58156927584636
04.08.2025 04:00,8.36,74.03,74.7,,98.7425,778.5325,109.902,37.3675,3.37,0,200.6806642334407
04.08.2025 05:00,8.36,82.94,74.7,,130.815,804.0799999999999,96.853,44.5975,3.37,0,229.77076655882868
04.08.2025 06:00,8.36,95.12,74.7,,139.8725,931.635,35.505,68.2275,3.37,0,227.27443907393456
04.08.2025 07:00,8.55,102.72,74.7,,85.9125,1047.8875,43.876000000000005,73.6975,3.37,0,220.50490183443577
04.08.2025 08:00,8.7,101.44,74.7,,67.795,994.73,76.076,60.5525,17.36,0,218.7298542351765
04.08.2025 09:00,8.91,97.05,74.7,,44.8675,1033.3725,0.6699999999999999,64.86500000000001,17.36,0,202.37318556193893
04.08.2025 10:00,8.91,80.05,74.7,,5.819999999999999,943.2475,5.288,65.2875,17.36,0,169.773142199056
04.08.2025 11:00,8.91,56.33,74.7,,2.4425000000000003,771.005,3.5860000000000003,32.2025,17.36,0,153.9460815527122
04.08.2025 12:00,8.91,14.84,74.7,,-7.805,736.16,27.713,38.07333333333333,46.03,0,133.47972312571864
04.08.2025 13:00,8.91,4.05,74.7,,-5.6475,662.565,0.802,52.51,46.03,0,119.75287453024129
04.08.2025 14:00,8.91,0.66,74.7,,-1.1624999999999996,973.135,66.595,5.2,46.03,0,115.1185004877246
04.08.2025 15:00,8.7,0.02,74.7,,39.3475,1319.325,4.302,20.01333333333333,46.03,0,116.2063449834746
04.08.2025 16:00,8.55,22.09,74.7,,70.4625,1257.5175,12.527,34.0125,13.88,0,124.35209114855152
04.08.2025 17:00,8.4,67.24,74.7,,84.97749999999999,983.635,87.286,34.475,13.88,0,138.73242674806303
04.08.2025 18:00,8.4,80.91,74.7,,90.5575,839.78,0.0,101.31,13.88,0,165.87815464043013
04.08.2025 19:00,8.4,84.54,74.7,,77.80499999999999,800.9725,85.32300000000001,49.650000000000006,13.88,0,180.74932375749825
04.08.2025 20:00,8.4,80.21,74.7,,66.535,926.19,216.386,4.252500000000001,2.0,0,182.725841849476
04.08.2025 21:00,8.4,72.7,74.7,,48.9575,857.435,222.74,-17.1325,2.0,0,165.89431669839752
04.08.2025 22:00,8.4,66.63,74.7,,31.8375,795.3475,52.898,26.845,2.0,0,138.30452225322665
04.08.2025 23:00,8.36,47.69,74.7,,33.34,686.605,72.51499999999999,35.715,2.0,0,137.39530467061672
05.08.2025 00:00,8.36,21.52,74.7,,31.1425,629.01,13.861,49.905,4.9,0,138.6887841679883
05.08.2025 01:00,8.36,15.34,74.7,,26.2675,558.6875,88.799,-0.2950000000000002,4.9,0,144.89041799035303
05.08.2025 02:00,8.36,15.9,74.7,,23.625,706.79,49.688,18.7375,4.9,0,148.10308614747208
05.08.2025 03:00,8.36,23.96,74.7,,45.1325,844.1975,55.273,33.615,4.9,0,154.7105830754176
05.08.2025 04:00,8.36,54.47,74.7,,72.0275,763.7925,1.85,55.00666666666666,3.2,0,159.91819689874026
05.08.2025 05:00,8.36,76.19,74.7,,77.4475,816.1025,1.44,86.34,3.2,0,151.78342467514813
05.08.2025 06:00,8.36,92.25,74.7,,57.895,1219.3175,0.002,91.455,3.2,0,150.11657412184317
05.08.2025 07:00,8.55,92.08,74.7,,38.1225,1226.905,0.071,66.14999999999999,3.2,0,146.0081926172188
05.08.2025 08:00,8.7,74.74,74.7,,23.1675,1446.85,7.220000000000001,59.92,17.66,0,140.82802953387016
05.08.2025 09:00,8.91,3.89,74.7,,6.8775,1117.325,4.701,67.3125,17.66,0,134.78607899607698
05.08.2025 10:00,8.91,-0.21,74.7,,5.795,1147.51,0.073,94.45,17.66,0,122.11785852896266
05.08.2025 11:00,8.91,-2.01,74.7,,0.7125,976.4225,6.595000000000001,44.807500000000005,17.66,0,114.5832202822979
05.08.2025 12:00,8.91,-4.94,74.7,,-0.1825,789.9675,27.966,22.425,61.04,0,110.71516978564505
05.08.2025 13:00,8.91,-9.5,74.7,,-1.1124999999999998,750.6725,16.315,61.995,61.04,0,111.27066088849028
05.08.2025 14:00,8.91,-11.83,74.7,,-1.65,611.5975,75.907,,61.04,0,113.66268142505534
05.08.2025 15:00,8.7,-9.92,74.7,,1.0825,903.085,23.446,,61.04,0,112.70479845798886
05.08.2025 16:00,8.55,-5.07,74.7,,15.15,1287.3874999999998,75.707,,24.71,0,114.9241651390242
05.08.2025 17:00,8.4,-0.52,74.7,,68.5175,1273.0925,66.891,-49.53,24.71,0,114.23695446490667
05.08.2025 18:00,8.4,1.07,74.7,,96.4075,930.805,14.524,30.23333333333333,24.71,0,118.90341205503108
05.08.2025 19:00,8.4,72.48,74.7,,92.5525,894.9225,51.999,36.285,24.71,0,139.4417420242669
05.08.2025 20:00,8.4,89.97,74.7,,88.155,789.215,34.006,52.34,2.6,0,154.03225134874424
05.08.2025 21:00,8.4,107.15,74.7,,71.32249999999999,780.11,71.209,14.597499999999998,2.6,0,156.38457550317725
05.08.2025 22:00,8.4,87.18,74.7,,64.3125,563.435,54.234,21.19,2.6,0,155.1514607912959
05.08.2025 23:00,8.36,81.0,74.7,,51.8,468.555,45.623,19.0625,2.6,0,145.87888212083476
06.08.2025 00:00,8.36,75.13,74.7,,57.5775,331.33,1.644,55.1475,4.63,0,137.70686635464392
06.08.2025 01:00,8.36,59.89,74.7,,63.625,327.0625,11.188,47.75666666666667,4.63,0,136.94449896320197
06.08.2025 02:00,8.36,60.76,74.7,,62.4925,479.16,80.88799999999999,4.1075,4.63,0,141.5943149708564
06.08.2025 03:00,8.36,61.01,74.7,,70.63499999999999,617.945,6.023,19.98333333333333,4.63,0,144.45863279646792
06.08.2025 04:00,8.36,60.35,74.7,,76.39,722.7850000000001,7.42,28.7675,22.2,0,153.27487453157437
06.08.2025 05:00,8.36,81.7,74.7,,83.6975,735.3925,1.593,62.91,22.2,0,161.9144061529257
06.08.2025 06:00,8.36,103.77,74.7,,82.50999999999999,1186.6750000000002,0.0,119.01,22.2,0,155.47284785652596
06.08.2025 07:00,8.55,102.94,74.7,,57.925,1341.15,1.601,90.26333333333334,22.2,0,150.86315894828394
06.08.2025 08:00,8.7,83.94,74.7,,5.835,1041.6975,33.686,-10.0975,65.72,0,147.3875961448171
06.08.2025 09:00,8.91,27.74,74.7,,-3.5500000000000003,952.115,8.520999999999999,13.7525,65.72,0,137.84698149817933
06.08.2025 10:00,8.91,-0.01,74.7,,0.0349999999999999,757.2325000000001,4.504,72.715,65.72,0,120.68187365426007
06.08.2025 11:00,8.91,-2.05,74.7,,1.57,705.615,5.334,22.0925,65.72,0,113.50291791405954
06.08.2025 12:00,8.91,-8.47,74.7,,-0.525,867.74,45.112,-5.5,96.29,0,110.82744780707934
06.08.2025 13:00,8.91,-11.79,74.7,,2.56,837.7725,70.896,12.42,96.29,0,110.41880900110642
06.08.2025 14:00,8.91,-6.0,74.7,,3.83,930.9225,188.755,-5.84,96.29,0,114.8768086708316
06.08.2025 15:00,8.7,-3.11,74.7,,41.085,1161.1975,177.33,112.955,96.29,0,119.39271821681326
06.08.2025 16:00,8.55,-1.01,74.7,,86.7,1259.8,1.581,62.02666666666667,42.56,0,130.67170188708093
06.08.2025 17:00,8.4,52.15,74.7,,118.39,1203.275,1.467,101.8525,42.56,0,154.03091673503775
06.08.2025 18:00,8.4,97.19,74.7,,157.79000000000002,890.3924999999999,0.365,89.09,42.56,0,214.6192173316112
06.08.2025 19:00,8.4,113.7,74.7,,122.5675,898.5025,1.369,100.0775,42.56,0,294.38106496170843
06.08.2025 20:00,8.4,170.16,74.7,,112.3125,667.4275,26.812,76.4,1.58,0,341.7758599328213
06.08.2025 21:00,8.4,157.08,74.7,,97.3625,475.65,5.876,90.8425,1.58,0,381.3253681722196
06.08.2025 22:00,8.4,110.0,74.7,,99.8575,446.3275,12.852,86.42,1.58,0,394.1966392097325
06.08.2025 23:00,8.36,101.6,74.7,,97.9475,351.3075,1.935,82.46666666666665,1.58,0,438.2889576149959
07.08.2025 00:00,8.36,97.58,74.7,,91.1425,237.7075,1.157,96.5925,2.8,0,461.32235848775167
07.08.2025 01:00,8.36,97.04,74.7,,90.6475,315.745,0.86,93.70666666666666,2.8,0,457.0634445796717
07.08.2025 02:00,8.36,91.44,74.7,,96.41,374.7975,13.96,78.0575,2.8,0,454.009243723769
07.08.2025 03:00,8.36,88.79,74.7,,104.84,428.14,6.552,85.22,2.8,0,436.1518958094518
07.08.2025 04:00,8.36,88.93,74.7,,102.29,484.735,16.667,82.965,6.2,0,416.2333732880077
07.08.2025 05:00,8.36,92.85,74.7,,110.45,679.01,0.827,89.6,6.2,0,382.3674636843832
07.08.2025 06:00,8.36,107.46,74.7,,95.885,811.76,0.046,107.26,6.2,0,336.8436373902897
07.08.2025 07:00,8.55,106.5,74.7,,78.18,960.5425,0.009,104.72,6.2,0,280.4266676936826
07.08.2025 08:00,8.7,100.48,74.7,,39.98,1173.945,0.647,71.585,32.0,0,238.3714807289844
07.08.2025 09:00,8.91,77.63,74.7,,0.2350000000000003,973.3725,196.084,-7.785,32.0,0,186.40764403241175
07.08.2025 10:00,8.91,22.23,74.7,,-3.45,889.0475,263.601,-28.53,32.0,0,143.90067553694985
07.08.2025 11:00,8.91,0.0,74.7,,-20.64,871.985,169.462,-12.975,32.0,0,129.88600674001185
07.08.2025 12:00,8.91,-0.12,74.7,,-23.5775,869.765,24.277,12.8,72.5,0,122.13532389749072
07.08.2025 13:00,8.91,-1.99,74.7,,-9.685,919.375,8.916,-1.1999999999999995,72.5,0,120.7753022918648
07.08.2025 14:00,8.91,-0.29,74.7,,18.705,1117.23,1.074,,72.5,0,122.97897707416088
07.08.2025 15:00,8.7,-0.01,74.7,,67.055,1251.965,29.191,,72.5,0,129.45771749530164
07.08.2025 16:00,8.55,2.0,74.7,,91.725,1129.485,0.0,96.92,23.2,0,138.47808192542763
07.08.2025 17:00,8.4,65.59,74.7,,146.385,1014.6775,0.0,110.5,23.2,0,175.521932320764
07.08.2025 18:00,8.4,94.23,74.7,,160.9625,1319.2875,2.251,62.0,23.2,0,263.01380557055995
07.08.2025 19:00,8.4,111.95,74.7,,142.74,1116.33,0.0,,23.2,0,323.81383410170963
07.08.2025 20:00,8.4,141.94,74.7,,132.58,908.035,0.786,98.945,1.18,0,365.2255479025745
07.08.2025 21:00,8.4,127.5,74.7,,105.75,691.4,26.351,79.60499999999999,1.18,0,378.7140654747662
07.08.2025 22:00,8.4,110.0,74.7,,92.84,541.5475,84.611,74.37,1.18,0,389.491685793937
07.08.2025 23:00,8.36,101.28,74.7,,91.5025,504.9425,5.3420000000000005,96.9125,1.18,0,424.7410659010227
08.08.2025 00:00,8.36,93.9,74.7,,88.13250000000001,467.835,3.092,103.14,2.24,0,421.1493883637481
08.08.2025 01:00,8.36,89.49,74.7,,91.9925,379.505,0.8200000000000001,103.3775,2.24,0,413.4636992573611
08.08.2025 02:00,8.36,86.13,74.7,,90.2525,444.9725,0.002,,2.24,0,405.7935798685385
08.08.2025 03:00,8.36,82.66,74.7,,104.015,674.8175,0.0,,2.24,0,398.0512415532628
08.08.2025 04:00,8.36,81.45,74.7,,113.47,723.48,36.016000000000005,80.1625,3.74,0,392.3608758395191
08.08.2025 05:00,8.36,91.14,74.7,,114.8825,734.28,12.012,81.47333333333334,3.74,0,376.2592000561564
08.08.2025 06:00,8.36,100.43,74.7,,102.81,907.515,1.477,98.4625,3.74,0,344.4057684186829
08.08.2025 07:00,8.55,103.05,74.7,,90.3075,1032.3975,0.205,105.465,3.74,0,309.35072459966085
08.08.2025 08:00,8.7,109.14,74.7,,71.24,1169.77,17.329,68.3775,27.62,0,274.93168799877395
08.08.2025 09:00,8.91,89.9,74.7,,46.59,1257.6374999999998,12.391,47.35666666666666,27.62,0,219.20723198604003
08.08.2025 10:00,8.91,66.0,74.7,,39.1325,1179.8875,0.151,81.91,27.62,0,170.29225578740392
08.08.2025 11:00,8.91,8.39,74.7,,50.66,1336.95,6.309,55.64333333333334,27.62,0,144.64548911516528
08.08.2025 12:00,8.91,0.0,74.7,,31.5075,1012.5275,0.0,104.64333333333332,69.68,0,135.2795828891649
08.08.2025 13:00,8.91,-0.01,74.7,,30.645,1170.1725,27.002,46.7,69.68,0,129.55202523857866
08.08.2025 14:00,8.91,-0.02,74.7,,49.605,1220.615,0.324,75.395,69.68,0,129.336271463909
08.08.2025 15:00,8.7,-0.01,74.7,,84.71,1393.935,0.0,108.24,69.68,0,130.9561693182992
08.08.2025 16:00,8.55,10.49,74.7,,96.62,1012.4175,0.8089999999999999,70.14500000000001,18.83,0,147.56324010304064
08.08.2025 17:00,8.4,71.74,74.7,,103.1275,1079.7825,17.422,52.6625,18.83,0,207.5596407084844
08.08.2025 18:00,8.4,103.86,74.7,,113.38,760.7475,0.101,91.6,18.83,0,288.2689810996539
08.08.2025 19:00,8.4,113.97,74.7,,116.395,725.015,0.0,177.25,18.83,0,362.28683181981023
08.08.2025 20:00,8.4,144.62,74.7,,99.1675,560.7975,3.435,102.185,1.03,0,413.1678931893194
08.08.2025 21:00,8.4,151.51,74.7,,97.9875,499.195,1.641,99.02,1.03,0,436.5261136730962
08.08.2025 22:00,8.4,121.59,74.7,,100.575,470.585,0.145,97.45,1.03,0,459.9124494858796
08.08.2025 23:00,8.36,108.46,74.7,,100.7775,387.9625,1.937,87.57,1.03,0,493.06559318570805
09.08.2025 00:00,8.36,101.93,74.7,,96.5425,298.6125,17.847,82.7775,1.87,0,522.790144262552
09.08.2025 01:00,8.06,100.43,74.7,,90.44,223.86,8.326,83.33250000000001,1.87,0,548.1750564342958
09.08.2025 02:00,8.06,99.94,74.7,,92.3025,174.695,0.0,,1.87,0,564.5068882690923
09.08.2025 03:00,8.06,97.8,74.7,,104.5575,358.16,0.0,,1.87,0,564.2762082710078
09.08.2025 04:00,8.06,96.87,74.7,,98.62,393.2525,2.83,77.39,2.63,0,547.7742823805634
09.08.2025 05:00,8.06,97.01,74.7,,92.9725,581.8425,15.032,75.42,2.63,0,522.4321341530374
09.08.2025 06:00,8.06,97.26,74.7,,80.5625,939.2975,29.92,60.1025,2.63,0,489.4739628908154
09.08.2025 07:00,8.19,93.45,74.7,,53.17,1275.7775,0.0,,2.63,0,359.1507164195965
09.08.2025 08:00,8.29,70.19,74.7,,41.39,1134.5225,4.1240000000000006,55.09333333333333,41.62,0,227.2851529195084
09.08.2025 09:00,8.41,15.34,74.7,,8.4275,884.8625,14.014,31.567500000000003,41.62,0,176.18076934440938
09.08.2025 10:00,8.41,-0.02,74.7,,-5.2725,701.0025,2.881,36.6275,41.62,0,152.9220454961316
09.08.2025 11:00,8.41,-1.0,74.7,,-9.73,754.375,0.021,81.05,41.62,0,141.57421122161574
09.08.2025 12:00,8.41,-6.63,74.7,,-18.0425,667.55,0.987,42.725,82.01,0,134.57135830635454
09.08.2025 13:00,8.41,-15.14,74.7,,-7.84,680.885,13.061,18.35,82.01,0,129.23403156379652
09.08.2025 14:00,8.41,-15.37,74.7,,-1.7075,737.2275,5.798,45.6125,82.01,0,129.90585107017108
09.08.2025 15:00,8.29,-4.1,74.7,,-0.8025000000000002,887.6025,11.646,39.8875,82.01,0,131.5347020897626
09.08.2025 16:00,8.19,-0.04,74.7,,59.6675,1038.5925,14.728,18.646666666666665,30.72,0,136.04286824575073
09.08.2025 17:00,8.1,6.29,74.7,,94.0675,849.39,2.115,43.4,30.72,0,146.80540475898977
09.08.2025 18:00,8.1,85.9,74.7,,105.5025,684.64,1.07,96.64,30.72,0,187.6648431789978
09.08.2025 19:00,8.1,104.2,74.7,,124.875,883.2425000000001,14.206,69.66,30.72,0,253.6957536084985
09.08.2025 20:00,8.1,127.62,74.7,,105.225,686.04,0.622,88.07,1.29,0,269.5353714914568
09.08.2025 21:00,8.1,119.31,74.7,,95.5825,515.6625,4.444,86.65666666666668,1.29,0,273.1643151265789
09.08.2025 22:00,8.1,107.89,74.7,,90.15,521.685,2.385,86.0675,1.29,0,271.81174236189383
09.08.2025 23:00,8.06,94.97,74.7,,83.8925,406.35,5.839,84.11,1.29,0,269.81108419476914
10.08.2025 00:00,8.06,84.79,74.7,,78.37,416.625,5.7010000000000005,80.86749999999999,3.47,0,252.06352584366903
10.08.2025 01:00,8.04,83.23,74.7,,72.0575,417.2975,3.159,80.3975,3.47,0,248.2374250640666
10.08.2025 02:00,8.04,83.1,74.7,,74.2625,391.1,7.633999999999999,69.115,3.47,0,245.23016616754887
10.08.2025 03:00,8.04,77.95,74.7,,76.04,423.135,18.248,64.47749999999999,3.47,0,235.86646884547667
10.08.2025 04:00,8.04,80.68,74.7,,80.5075,406.075,0.269,80.27250000000001,5.26,0,237.68592150631537
10.08.2025 05:00,8.04,83.69,74.7,,61.36750000000001,736.6475,0.0,78.95,5.26,0,243.77619488011305
10.08.2025 06:00,8.04,82.27,74.7,,18.667500000000004,1009.1725,0.495,76.585,5.26,0,245.6787932856068
10.08.2025 07:00,8.18,74.7,74.7,,7.922499999999999,891.765,3.5,33.169999999999995,5.26,0,221.0151888848544
10.08.2025 08:00,8.27,26.36,74.7,,-1.3475,795.3775,20.18,2.245,64.8,0,187.2726116612897
10.08.2025 09:00,8.39,-0.01,74.7,,-7.74,736.74,10.141,7.1575,64.8,0,146.45639780688543
10.08.2025 10:00,8.39,-3.11,74.7,,-14.857499999999998,833.5725,10.435,29.005000000000003,64.8,0,135.86445952451575
10.08.2025 11:00,8.39,-15.6,74.7,,-29.8675,814.835,17.129,25.5025,64.8,0,129.92848632556547
10.08.2025 12:00,8.39,-40.03,74.7,,-26.205,703.71,104.583,-13.095,99.42,0,122.20642905312778
10.08.2025 13:00,8.39,-61.08,74.7,,-9.385,619.345,61.564,-3.3550000000000004,99.42,0,116.48780122324528
10.08.2025 14:00,8.39,-50.94,74.7,,-2.2375000000000003,704.605,27.253,0.9024999999999994,99.42,0,115.50631180964672
10.08.2025 15:00,8.27,-22.12,74.7,,16.177500000000002,1025.7225,62.844,-9.785,99.42,0,120.92175015219765
10.08.2025 16:00,8.18,-1.21,74.7,,91.125,1223.5825,128.729,-7.442500000000003,41.38,0,126.36184252117992
10.08.2025 17:00,8.08,2.13,74.7,,115.475,1181.2075,2.52,21.05,41.38,0,145.05946928581488
10.08.2025 18:00,8.08,82.64,74.7,,122.3625,741.5025,11.811,65.63,41.38,0,219.328471992812
10.08.2025 19:00,8.08,108.55,74.7,,118.205,569.335,0.0,,41.38,0,311.2002386819403
10.08.2025 20:00,8.08,118.95,74.7,,107.9225,498.5425,0.008,98.095,1.3,0,368.4892025868336
10.08.2025 21:00,8.08,122.45,74.7,,97.61,465.3175,153.081,57.3125,1.3,0,387.57752055334095
10.08.2025 22:00,8.08,106.98,74.7,,98.3275,307.98,10.055,82.7075,1.3,0,401.4306167928521
10.08.2025 23:00,8.04,98.9,74.7,,91.1825,280.27750000000003,0.0,106.71,1.3,0,421.0725413536802
11.08.2025 00:00,8.04,99.82,74.7,,88.5125,233.865,7.425,81.85499999999999,2.3,0,435.5705253752492
11.08.2025 01:00,8.36,91.97,74.7,,83.6425,231.1975,44.283,75.77250000000001,2.3,0,447.163781836143
11.08.2025 02:00,8.36,87.44,74.7,,90.15,394.41,25.406,80.5525,2.3,0,454.4951915942533
11.08.2025 03:00,8.36,85.19,74.7,,94.135,447.785,17.461,73.32249999999999,2.3,0,458.3872364503399
11.08.2025 04:00,8.36,92.85,74.7,,99.16,585.3975,5.042000000000001,85.2325,3.29,0,467.3579137036625
11.08.2025 05:00,8.36,103.51,74.7,,102.675,704.595,2.067,99.16,3.29,0,478.4739859302723
11.08.2025 06:00,8.36,129.22,74.7,,93.75,990.9225,17.416,78.265,3.29,0,415.2211431705982
11.08.2025 07:00,8.55,133.49,74.7,,81.695,931.51,10.701,75.795,3.29,0,346.0156559404454
11.08.2025 08:00,8.7,105.35,74.7,,47.7875,1186.4875,0.014,106.45,36.5,0,282.2948177331665
11.08.2025 09:00,8.91,90.75,74.7,,27.2025,1024.385,4.592,63.47,36.5,0,213.00683709162087
11.08.2025 10:00,8.91,50.0,74.7,,20.33,842.14,9.004999999999999,53.307500000000005,36.5,0,154.1811482298038
11.08.2025 11:00,8.91,2.54,74.7,,0.3199999999999998,717.8675000000001,98.824,-6.555,36.5,0,137.22702214198216
11.08.2025 12:00,8.91,0.0,74.7,,2.2600000000000007,708.3475,12.142,27.7325,76.5,0,131.63019173291767
11.08.2025 13:00,8.91,0.0,74.7,,22.7175,986.355,19.706,61.24,76.5,0,132.10870448662106
11.08.2025 14:00,8.91,0.0,74.7,,56.5075,1013.8575,21.96,51.62,76.5,0,130.0167072007551
11.08.2025 15:00,8.7,9.0,74.7,,91.1,1284.11,7.071,7.74,76.5,0,142.8782286057554
11.08.2025 16:00,8.55,56.14,74.7,,116.66,1257.3625,0.57,87.11333333333334,22.5,0,181.04007821667105
11.08.2025 17:00,8.4,92.25,74.7,,161.76749999999998,922.97,13.711,78.65,22.5,0,277.0328384277945
11.08.2025 18:00,8.4,108.26,74.7,,171.5025,874.135,5.778,80.24000000000001,22.5,0,379.3327474280784
11.08.2025 19:00,8.4,154.0,74.7,,127.705,842.71,2.109,77.8,22.5,0,452.2739241350893
11.08.2025 20:00,8.4,191.95,74.7,,105.4475,816.6975,134.56,74.765,1.5,0,500.1477425591185
11.08.2025 21:00,8.4,138.88,74.7,,91.6725,596.4925000000001,14.92,86.385,1.5,0,489.5308852556783
11.08.2025 22:00,8.4,108.87,74.7,,90.415,337.85,13.158,86.41499999999999,1.5,0,503.9019724939977
11.08.2025 23:00,8.36,96.0,74.7,,84.0525,233.275,1.405,85.6725,1.5,0,514.4417411981622
12.08.2025 00:00,8.36,93.0,74.7,,80.39,172.31,18.035,67.3,1.74,0,497.5533288989534
12.08.2025 01:00,8.36,89.67,74.7,,81.3325,197.5825,2.544,86.4625,1.74,0,490.11911942100585
12.08.2025 02:00,8.36,85.41,74.7,,81.7675,233.1025,0.107,82.05,1.74,0,489.7698318372225
12.08.2025 03:00,8.36,85.13,74.7,,94.9075,357.8925,0.0,,1.74,0,493.77981480107775
12.08.2025 04:00,8.36,86.48,74.7,,97.0075,416.7675,3.717,85.89333333333333,2.3,0,511.9066401175893
12.08.2025 05:00,8.36,93.97,74.7,,108.6525,624.11,0.046,102.29,2.3,0,530.2573941070985
12.08.2025 06:00,8.36,106.91,74.7,,101.495,765.585,12.903,92.08,2.3,0,487.4802982670745
12.08.2025 07:00,8.55,104.63,74.7,,90.57,971.075,8.687000000000001,93.405,2.3,0,418.60587397641086
12.08.2025 08:00,8.7,98.71,74.7,,96.765,1514.6325,0.0,109.0,42.14,0,352.8639299800847
12.08.2025 09:00,8.91,92.49,74.7,,74.385,1430.67,22.548,67.6125,42.14,0,264.9206673248433
12.08.2025 10:00,8.91,79.53,74.7,,43.43,1140.8225,22.721,56.035,42.14,0,220.9000313902118
12.08.2025 11:00,8.91,40.41,74.7,,16.794999999999998,908.805,11.911,69.255,42.14,0,189.3069071702357
12.08.2025 12:00,8.91,8.38,74.7,,12.2925,904.2675,14.896,53.4275,82.32,0,159.97969655138598
12.08.2025 13:00,8.91,3.0,74.7,,40.135,1007.3225,86.169,-2.395,82.32,0,154.68043023159902
12.08.2025 14:00,8.91,5.15,74.7,,85.96000000000001,1310.1375,0.975,87.24000000000001,82.32,0,153.36695250069957
12.08.2025 15:00,8.7,35.05,74.7,,102.2675,1327.6,0.004,104.275,82.32,0,165.2288074758629
12.08.2025 16:00,8.55,73.12,74.7,,119.7175,1264.4375,13.432,95.03000000000002,24.15,0,222.85773771316025
12.08.2025 17:00,8.4,94.06,74.7,,190.6825,1070.055,60.836,82.37333333333333,24.15,0,298.3198917867004
12.08.2025 18:00,8.4,106.1,74.7,,167.525,1010.285,0.712,113.42,24.15,0,376.7695871041961
12.08.2025 19:00,8.4,149.31,74.7,,118.8525,839.73,103.617,80.86,24.15,0,402.4520571432367
12.08.2025 20:00,8.4,156.16,74.7,,109.6075,716.2975,204.48,77.8725,1.36,0,411.5396802737056
12.08.2025 21:00,8.4,140.4,74.7,,98.045,368.9175,38.739,89.81,1.36,0,395.18560600328215
12.08.2025 22:00,8.4,114.07,74.7,,94.78,192.005,6.773,97.0225,1.36,0,391.5893739835874
12.08.2025 23:00,8.36,97.73,74.7,,109.095,173.47750000000002,0.002,102.62,1.36,0,391.46616054676633
13.08.2025 00:00,8.36,95.72,74.7,,99.4325,301.64,0.104,97.83,1.5,0,396.6222651559706
13.08.2025 01:00,8.36,90.0,74.7,,96.455,408.72,0.204,92.33666666666666,1.5,0,404.5534970493746
13.08.2025 02:00,8.36,86.89,74.7,,94.96,408.89,11.522,86.37666666666667,1.5,0,428.29993467352926
13.08.2025 03:00,8.36,84.71,74.7,,96.1225,460.485,30.158,73.0125,1.5,0,444.296311531266
13.08.2025 04:00,8.36,87.07,74.7,,108.7375,439.0275,0.867,88.995,2.03,0,455.7577198651134
13.08.2025 05:00,8.36,93.3,74.7,,109.7125,560.0174999999999,0.677,106.2375,2.03,0,479.8574829391259
13.08.2025 06:00,8.36,108.87,74.7,,100.2425,789.9025,0.27,107.52333333333333,2.03,0,463.7706648018132
13.08.2025 07:00,8.55,107.52,74.7,,89.2875,932.3775,0.0,,2.03,0,412.15425929986367
13.08.2025 08:00,8.7,105.87,74.7,,80.35499999999999,889.365,0.016,101.79666666666668,34.85,0,351.8690881841337
13.08.2025 09:00,8.91,93.6,74.7,,77.07,977.7525,2.545,90.91,34.85,0,286.32796959414554
13.08.2025 10:00,8.91,89.26,74.7,,58.575,878.355,0.043,87.83999999999999,34.85,0,233.15345004056687
13.08.2025 11:00,8.91,68.2,74.7,,27.28,731.3175,7.071,74.1575,34.85,0,197.3946358374678
13.08.2025 12:00,8.91,44.29,74.7,,22.985,863.8225,121.93200000000002,59.5375,73.48,0,172.5913533420657
13.08.2025 13:00,8.91,27.89,74.7,,68.625,1074.485,0.0,,73.48,0,162.4618853713823
13.08.2025 14:00,8.91,41.66,74.7,,82.50999999999999,1041.6675,0.0,103.0,73.48,0,162.86445321006377
13.08.2025 15:00,8.7,70.9,74.7,,91.9925,1296.9675,0.0,,73.48,0,192.79257108050268
13.08.2025 16:00,8.55,84.3,74.7,,116.6125,1232.605,0.0,121.59,20.52,0,245.26483061197555
13.08.2025 17:00,8.4,96.64,74.7,,177.69,1097.755,0.191,124.715,20.52,0,331.55041245666985
13.08.2025 18:00,8.4,115.34,74.7,,181.52,1105.38,19.540000000000003,94.7,20.52,0,403.6068373735731
13.08.2025 19:00,8.4,193.3,74.7,,113.305,906.0725,4.013,117.5325,20.52,0,442.6073234446853
13.08.2025 20:00,8.4,226.64,74.7,,103.4275,815.1475,52.8,68.57666666666667,1.1,0,457.0946267203341
13.08.2025 21:00,8.4,154.52,74.7,,89.34,655.6275,42.790000000000006,73.8225,1.1,0,459.2950915793538
13.08.2025 22:00,8.4,123.21,74.7,,92.4225,460.175,52.586000000000006,75.25999999999999,1.1,0,459.113470109912
13.08.2025 23:00,8.36,106.27,74.7,,93.1375,324.95,0.088,172.14,1.1,0,478.9415966291182
14.08.2025 00:00,8.36,98.1,74.7,,93.545,288.47,0.0,,1.3,0,480.8239611440815
14.08.2025 01:00,8.36,92.0,74.7,,89.9675,301.1075,0.0,110.78,1.3,0,496.8620606087217
14.08.2025 02:00,8.36,88.45,74.7,,95.8775,331.945,0.004,,1.3,0,518.1657326079237
14.08.2025 03:00,8.36,88.2,74.7,,104.725,474.85,0.0,,1.3,0,540.2350207972149
14.08.2025 04:00,8.36,88.53,74.7,,116.665,599.4175,0.147,152.53333333333333,1.8,0,558.0820651103243
14.08.2025 05:00,8.36,97.52,74.7,,116.94,847.56,6.469,110.395,1.8,0,569.9981482561526
14.08.2025 06:00,8.36,107.94,74.7,,102.155,1084.9075,0.0,,1.8,0,514.4270698538721
14.08.2025 07:00,8.55,109.92,74.7,,94.865,1074.3325,0.155,91.48,1.8,0,438.4690375978756
14.08.2025 08:00,8.7,99.51,74.7,,81.6175,1012.37,3.4730000000000003,74.30666666666666,28.43,0,381.3461095456074
14.08.2025 09:00,8.91,91.1,74.7,,62.265,950.7375,71.88,58.385,28.43,0,302.42416568144574
14.08.2025 10:00,8.91,81.26,74.7,,33.7725,988.085,4.124,83.26333333333334,28.43,0,238.15022669991916
14.08.2025 11:00,8.91,67.57,74.7,,14.1575,991.38,84.44800000000001,48.947500000000005,28.43,0,200.18004052733855
14.08.2025 12:00,8.91,54.09,74.7,,42.2275,964.3,7.374,73.85000000000001,64.68,0,180.70941076094212
14.08.2025 13:00,8.91,41.02,74.7,,72.2975,1006.6325,0.228,93.48666666666668,64.68,0,169.68163792616653
14.08.2025 14:00,8.91,54.9,74.7,,81.535,947.0925,0.106,102.47,64.68,0,180.2701985375536
14.08.2025 15:00,8.7,69.43,74.7,,96.945,962.9475,2.648,78.94,64.68,0,216.74750308995544
14.08.2025 16:00,8.55,78.99,74.7,,106.4475,1102.6825,54.242,67.7025,16.0,0,278.83833240499723
14.08.2025 17:00,8.4,97.22,74.7,,160.13,1124.36,52.201,73.16000000000001,16.0,0,354.5855726480363
14.08.2025 18:00,8.4,115.54,74.7,,193.6975,1113.3175,0.232,119.44666666666666,16.0,0,438.5347840499239
14.08.2025 19:00,8.4,233.8,74.7,,123.4375,1045.305,9.527,124.79,16.0,0,478.2061857554093
14.08.2025 20:00,8.4,283.89,74.7,,107.4475,745.6225,8.158999999999999,104.24,1.02,0,500.5997560066276
14.08.2025 21:00,8.4,155.84,74.7,,101.0425,589.0799999999999,5.171,92.6125,1.02,0,507.2071743064529
14.08.2025 22:00,8.4,120.71,74.7,,95.995,467.54,5.179,97.0175,1.02,0,510.5995198813873
14.08.2025 23:00,8.36,105.95,74.7,,95.79,379.8425,0.013,105.06,1.02,0,535.4726825174364
15.08.2025 00:00,8.36,99.59,74.7,,95.7375,381.9425,0.009,95.51,1.13,0,531.6592276139829
15.08.2025 01:00,8.36,98.97,74.7,,85.63,313.2425,4.0920000000000005,79.2025,1.13,0,529.6948709725935
15.08.2025 02:00,8.36,93.9,74.7,,82.4675,350.9475,1.956,111.6875,1.13,0,525.3555956278101
15.08.2025 03:00,8.36,90.33,74.7,,86.47749999999999,350.3125,0.664,97.535,1.13,0,530.9547132847615
15.08.2025 04:00,8.36,92.0,74.7,,92.545,442.4625,0.0,98.23,1.49,0,521.5133592141592
15.08.2025 05:00,8.36,96.91,74.7,,97.645,635.115,1.846,100.76,1.49,0,533.1250713596123
15.08.2025 06:00,8.36,101.66,74.7,,99.855,1039.585,0.0,382.565,1.49,0,505.92058282910057
15.08.2025 07:00,8.55,101.31,74.7,,96.755,1137.405,0.0,,1.49,0,451.808600411382
15.08.2025 08:00,8.7,96.6,74.7,,69.9075,1388.975,5.956,85.22,28.57,0,342.91519169782265
15.08.2025 09:00,8.91,83.47,74.7,,25.0325,1309.225,140.38299999999998,9.62,28.57,0,238.3892119639833
15.08.2025 10:00,8.91,43.9,74.7,,1.5575,948.635,103.935,14.5025,28.57,0,172.51140183482107
15.08.2025 11:00,8.91,3.0,74.7,,-10.2675,862.01,21.963,32.9225,28.57,0,137.4584959551456
15.08.2025 12:00,8.91,0.08,74.7,,-9.675,834.4675,24.632,29.135,87.19,0,129.23919549070175
15.08.2025 13:00,8.91,0.0,74.7,,-0.5449999999999999,814.6475,10.765,68.965,87.19,0,126.73123405326344
15.08.2025 14:00,8.91,0.0,74.7,,30.1225,1076.8525,102.071,33.365,87.19,0,128.09741102711982
15.08.2025 15:00,8.7,1.72,74.7,,77.915,1102.345,0.023,77.66,87.19,0,137.84690360988597
15.08.2025 16:00,8.55,27.66,74.7,,97.6175,1172.9925,3.776,84.90666666666667,19.47,0,154.0253672137988
15.08.2025 17:00,8.4,77.96,74.7,,113.1525,954.8975,38.044,73.3525,19.47,0,209.78958639609957
15.08.2025 18:00,8.4,105.89,74.7,,115.295,895.8975,0.338,107.03000000000002,19.47,0,268.7704652781222
15.08.2025 19:00,8.4,114.38,74.7,,107.97,852.76,21.624,88.67,19.47,0,315.6092544056476
15.08.2025 20:00,8.4,124.01,74.7,,98.9625,665.385,26.782,84.16,1.06,0,329.6867849327006
15.08.2025 21:00,8.4,111.5,74.7,,94.85,699.7325000000001,0.035,106.43,1.06,0,337.2957903784404
15.08.2025 22:00,8.4,105.94,74.7,,100.73,673.0475,0.902,90.09666666666668,1.06,0,340.607816088112
15.08.2025 23:00,8.36,95.96,74.7,,96.5075,480.5025,2.253,126.68,1.06,0,338.86782673921607
16.08.2025 00:00,8.36,96.11,74.7,,92.845,337.11,3.839,79.88,2.2,0,341.9104831397838
16.08.2025 01:00,8.06,90.92,74.7,,88.325,311.0075,0.14,81.54,2.2,0,345.0157880027642
16.08.2025 02:00,8.06,89.78,74.7,,80.8675,416.2575,1.46,75.62666666666667,2.2,0,343.63942709343604
16.08.2025 03:00,8.06,85.35,74.7,,83.5925,300.005,0.0,99.26,2.2,0,323.8017104079975
16.08.2025 04:00,8.06,84.05,74.7,,86.30250000000001,361.3825,0.0,,3.5,0,318.3891945313798
16.08.2025 05:00,8.06,87.09,74.7,,84.32249999999999,556.1175000000001,7.418,50.19,3.5,0,317.580160816238
16.08.2025 06:00,8.06,91.01,74.7,,91.2375,845.25,0.0,,3.5,0,308.12257878546404
16.08.2025 07:00,8.19,90.02,74.7,,90.2675,1120.575,0.7989999999999999,79.515,3.5,0,285.8078797350197
16.08.2025 08:00,8.29,80.99,74.7,,71.7875,1287.7125,0.369,80.97999999999999,38.07,0,254.86759179422444
16.08.2025 09:00,8.41,67.94,74.7,,42.94,1132.4925,0.003,78.0,38.07,0,212.8155434440072
16.08.2025 10:00,8.41,25.12,74.7,,37.0775,1156.6875,0.388,38.84,38.07,0,165.49061301461103
16.08.2025 11:00,8.41,3.8,74.7,,52.8175,1361.3525,1.606,53.580000000000005,38.07,0,139.92675607927248
16.08.2025 12:00,8.41,0.17,74.7,,41.735,1201.04,7.169,60.27333333333333,84.31,0,127.73382568836932
16.08.2025 13:00,8.41,-0.01,74.7,,22.6175,1264.3575,7.423999999999999,44.785,84.31,0,122.5139772327847
16.08.2025 14:00,8.41,-0.01,74.7,,15.3375,1291.5325,2.207,42.432500000000005,84.31,0,118.3758715202589
16.08.2025 15:00,8.29,-0.01,74.7,,57.1525,1575.17,161.29700000000005,17.333333333333332,84.31,0,117.209282769273
16.08.2025 16:00,8.19,0.71,74.7,,91.8625,1201.4675,0.0,,28.39,0,121.3778145007503
16.08.2025 17:00,8.1,16.21,74.7,,105.435,949.4525,24.693,69.06666666666666,28.39,0,151.09311059582456
16.08.2025 18:00,8.1,69.92,74.7,,103.8975,609.385,0.888,84.5775,28.39,0,185.6319283826946
16.08.2025 19:00,8.1,95.0,74.7,,108.5975,698.86,18.635,75.35,28.39,0,218.45678059605103
16.08.2025 20:00,8.1,102.62,74.7,,107.47,682.16,1.484,85.725,2.0,0,234.424458600626
16.08.2025 21:00,8.1,100.61,74.7,,97.4475,634.0775,20.999,72.9075,2.0,0,237.2327926194879
16.08.2025 22:00,8.1,95.0,74.7,,99.37,490.7000000000001,3.938,81.3575,2.0,0,244.49126405294507
16.08.2025 23:00,8.06,90.0,74.7,,88.27,324.045,6.149000000000001,94.9525,2.0,0,260.00778311666
17.08.2025 00:00,8.06,91.28,74.7,,77.425,358.045,5.691,78.42,3.33,0,279.26312792993315
17.08.2025 01:00,8.04,85.34,74.7,,80.08500000000001,339.4875,0.172,79.99333333333334,3.33,0,293.4188006893434
17.08.2025 02:00,8.04,86.86,74.7,,78.02250000000001,281.02,2.398,73.345,3.33,0,297.4733541920433
17.08.2025 03:00,8.04,86.63,74.7,,83.895,345.935,0.347,78.2325,3.33,0,315.1496858444026
17.08.2025 04:00,8.04,87.73,74.7,,86.2575,480.19,0.034,87.365,4.11,0,325.03316558782285
17.08.2025 05:00,8.04,89.93,74.7,,82.47,505.6925,32.324,69.0,4.11,0,338.8989611948512
17.08.2025 06:00,8.04,89.89,74.7,,80.875,927.5675,58.439,57.9825,4.11,0,336.35525896556135
17.08.2025 07:00,8.18,81.03,74.7,,61.56,1164.5425,8.573,59.955,4.11,0,307.44761025389647
17.08.2025 08:00,8.27,76.24,74.7,,37.43,1256.855,143.434,44.6725,56.09,0,250.64007137951629
17.08.2025 09:00,8.39,32.59,74.7,,3.3975000000000004,1099.615,117.702,15.4875,56.09,0,193.7422370729048
17.08.2025 10:00,8.39,9.96,74.7,,-1.22,914.465,18.723,47.64,56.09,0,157.4361134716092
17.08.2025 11:00,8.39,0.1,74.7,,3.79,990.4675,1.563,23.34,56.09,0,147.3277082372199
17.08.2025 12:00,8.39,-0.2,74.7,,4.035,768.9175,110.592,9.505,86.71,0,143.09010590789092
17.08.2025 13:00,8.39,-0.93,74.7,,7.1075,882.455,170.042,6.7525,86.71,0,140.52530644179444
17.08.2025 14:00,8.39,-1.25,74.7,,18.0025,923.34,8.203,38.54,86.71,0,140.40834323496415
17.08.2025 15:00,8.27,0.65,74.7,,79.6375,1174.3425,6.821,59.17,86.71,0,143.28725671204447
17.08.2025 16:00,8.18,13.81,74.7,,100.6575,1025.8725,0.091,65.74,28.14,0,168.2589353951452
17.08.2025 17:00,8.08,72.4,74.7,,116.6875,800.6275,0.782,86.3075,28.14,0,245.02579938482185
17.08.2025 18:00,8.08,96.69,74.7,,113.735,589.615,23.76,75.5675,28.14,0,338.8089669444221
17.08.2025 19:00,8.08,110.0,74.7,,113.7525,608.1025,0.004,,28.14,0,414.57280978608577
17.08.2025 20:00,8.08,110.66,74.7,,113.19,618.4225,2.349,78.78666666666668,2.22,0,472.68192721562673
17.08.2025 21:00,8.08,110.14,74.7,,103.46,410.9925,1.671,84.0175,2.22,0,472.693827043864
17.08.2025 22:00,8.08,105.1,74.7,,98.47,399.6575,0.029,89.6825,2.22,0,491.06856128040505
17.08.2025 23:00,8.04,102.54,74.7,,94.2025,314.37,2.245,76.41,2.22,0,530.0651101051898
18.08.2025 00:00,8.04,91.99,74.7,,86.62,292.135,0.0,111.95,2.1,0,555.5902579779988
18.08.2025 01:00,8.36,87.13,74.7,,84.9775,302.5075,0.006,96.92,2.1,0,570.8283493664871
18.08.2025 02:00,8.36,84.33,74.7,,89.86500000000001,302.925,0.006,95.34,2.1,0,584.2606228923225
18.08.2025 03:00,8.36,83.85,74.7,,102.73,441.6175,1.87,94.3375,2.1,0,590.4130012418334
18.08.2025 04:00,8.36,89.46,74.7,,112.9725,499.4975,4.051,86.4675,2.63,0,595.0809109154472
18.08.2025 05:00,8.36,99.27,74.7,,144.1875,720.305,2.624,65.63,2.63,0,584.5590811799447
18.08.2025 06:00,8.36,118.51,74.7,,107.3725,892.8175,6.682,201.66,2.63,0,517.446452711864
18.08.2025 07:00,8.55,130.13,74.7,,90.475,858.3775,0.145,159.605,2.63,0,435.93836755807087
18.08.2025 08:00,8.7,109.87,74.7,,74.5125,1017.4425,2.8760000000000003,76.72749999999999,35.18,0,377.9539845218731
18.08.2025 09:00,8.91,88.84,74.7,,59.8275,916.6675,24.675,90.12666666666668,35.18,0,276.8167065382424
18.08.2025 10:00,8.91,72.06,74.7,,39.85,756.5625,18.702,59.815,35.18,0,205.8532577662592
18.08.2025 11:00,8.91,45.93,74.7,,37.465,591.5725,17.673000000000002,59.2275,35.18,0,163.8680881794332
18.08.2025 12:00,8.91,20.04,74.7,,39.735,759.31,2.828,63.6425,67.04,0,152.28038681071016
18.08.2025 13:00,8.91,14.23,74.7,,65.19,972.4275,2.257,101.86,67.04,0,152.78643867330118
18.08.2025 14:00,8.91,18.34,74.7,,77.4,1005.39,16.247,72.1825,67.04,0,155.41995368723946
18.08.2025 15:00,8.7,54.56,74.7,,89.3575,1031.085,5.8950000000000005,92.43666666666668,67.04,0,176.40476291664203
18.08.2025 16:00,8.55,70.94,74.7,,103.0325,971.415,8.523,94.94666666666669,18.87,0,226.15553317762664
18.08.2025 17:00,8.4,90.32,74.7,,125.9625,799.385,21.045,83.9825,18.87,0,317.4493214790688
18.08.2025 18:00,8.4,109.87,74.7,,130.0975,672.43,23.130000000000003,72.015,18.87,0,429.8478446766186
18.08.2025 19:00,8.4,185.5,74.7,,115.0475,819.1675,0.0,115.58,18.87,0,500.03923101934913
18.08.2025 20:00,8.4,197.42,74.7,,105.1725,667.155,157.481,51.51333333333333,1.36,0,525.5833742645244
18.08.2025 21:00,8.4,124.67,74.7,,95.2425,507.4925,9.962,78.36,1.36,0,520.0667867758457
18.08.2025 22:00,8.4,107.49,74.7,,95.615,449.8625,0.235,84.7875,1.36,0,528.0947700086103
18.08.2025 23:00,8.36,102.0,74.7,,97.755,348.8125,0.0,,1.36,0,546.3379655936981
19.08.2025 00:00,8.36,101.01,74.7,,93.595,219.385,0.0,,1.94,0,549.6405608280519
19.08.2025 01:00,8.36,94.82,74.7,,94.8075,274.22,0.0,,1.94,0,547.0024075497028
19.08.2025 02:00,8.36,88.2,74.7,,96.85,267.4825,0.267,97.965,1.94,0,564.191470874684
19.08.2025 03:00,8.36,86.37,74.7,,106.93,410.075,0.0,120.0,1.94,0,586.1705624342272
19.08.2025 04:00,8.36,90.09,74.7,,116.72,555.0525,0.727,108.595,2.03,0,594.495379849521
19.08.2025 05:00,8.36,102.5,74.7,,112.225,716.6425,2.139,100.58,2.03,0,571.2056286348463
19.08.2025 06:00,8.36,111.1,74.7,,100.0375,1088.4125,5.6530000000000005,81.38333333333333,2.03,0,511.6359052963145
19.08.2025 07:00,8.55,109.95,74.7,,82.725,970.6675,1.797,95.44333333333331,2.03,0,434.4969704804005
19.08.2025 08:00,8.7,98.05,74.7,,64.69500000000001,1097.0075,0.027,94.49,31.47,0,348.13430387132354
19.08.2025 09:00,8.91,88.57,74.7,,55.8275,1063.5725,0.308,81.46000000000001,31.47,0,239.5540663455486
19.08.2025 10:00,8.91,69.64,74.7,,35.3075,903.5025,22.383,56.04,31.47,0,180.4628343985435
19.08.2025 11:00,8.91,43.23,74.7,,8.8125,697.785,6.129,66.8,31.47,0,155.49178607951302
19.08.2025 12:00,8.91,22.85,74.7,,9.7425,723.9475,26.884,17.689999999999998,74.29,0,142.0558564430072
19.08.2025 13:00,8.91,8.97,74.7,,31.1425,738.085,32.292,0.1799999999999997,74.29,0,145.6962320266905
19.08.2025 14:00,8.91,15.26,74.7,,58.24,790.9275,36.8,57.07,74.29,0,146.17619321363588
19.08.2025 15:00,8.7,30.89,74.7,,80.4025,962.605,13.829,54.175,74.29,0,157.88345436792517
19.08.2025 16:00,8.55,60.6,74.7,,99.33,997.7975,0.0419999999999999,80.89666666666666,17.58,0,185.4964963804348
19.08.2025 17:00,8.4,91.48,74.7,,120.1675,865.7275,35.184,47.88,17.58,0,279.32120484798463
19.08.2025 18:00,8.4,101.91,74.7,,133.6475,755.3199999999999,0.888,95.74333333333334,17.58,0,384.16888452801857
19.08.2025 19:00,8.4,120.51,74.7,,118.105,825.8775,1.171,100.19,17.58,0,434.9932032216688
19.08.2025 20:00,8.4,128.62,74.7,,110.1975,697.115,4.191,89.60499999999999,1.24,0,454.2250733885833
19.08.2025 21:00,8.4,111.06,74.7,,105.9775,645.6925,0.066,104.65,1.24,0,468.60727175998846
19.08.2025 22:00,8.4,104.41,74.7,,102.2025,551.965,0.254,91.72333333333334,1.24,0,488.4080401108768
19.08.2025 23:00,8.36,97.2,74.7,,99.53,410.05,2.054,96.94666666666669,1.24,0,513.5286060930649
20.08.2025 00:00,8.36,97.7,74.7,,87.5175,298.095,0.48,102.13,1.57,0,542.4913077257951
20.08.2025 01:00,8.36,93.18,74.7,,83.5775,261.3525,0.153,92.015,1.57,0,550.4938037498775
20.08.2025 02:00,8.36,87.64,74.7,,89.4575,273.1225,0.393,85.41,1.57,0,543.2484314841503
20.08.2025 03:00,8.36,85.78,74.7,,98.4925,375.4,0.678,84.85,1.57,0,540.4921683701665
20.08.2025 04:00,8.36,89.66,74.7,,109.22,494.4925,0.0,,1.62,0,536.9718284917956
20.08.2025 05:00,8.36,98.8,74.7,,106.2675,594.4425,3.649,104.93,1.62,0,525.1098974563464
20.08.2025 06:00,8.36,108.84,74.7,,99.555,887.8325,4.195,98.995,1.62,0,476.1451676657555
20.08.2025 07:00,8.55,110.12,74.7,,94.705,1020.335,0.002,,1.62,0,438.8184169192016
20.08.2025 08:00,8.7,103.91,74.7,,87.0625,1102.4575,31.772,76.345,25.74,0,377.5544368845604
20.08.2025 09:00,8.91,90.05,74.7,,79.05,1075.26,9.305,54.29,25.74,0,302.7112268842882
20.08.2025 10:00,8.91,80.98,74.7,,49.2675,1134.7825,114.931,33.2775,25.74,0,233.98987911083503
20.08.2025 11:00,8.91,69.06,74.7,,11.04,1078.4475,65.533,11.925,25.74,0,197.5416385333638
20.08.2025 12:00,8.91,49.07,74.7,,1.7600000000000002,900.915,8.876999999999999,35.165,59.59,0,165.1488939840664
20.08.2025 13:00,8.91,35.0,74.7,,37.7475,876.8175,3.822,67.395,59.59,0,160.1157379873084
20.08.2025 14:00,8.91,42.03,74.7,,76.4725,891.47,0.0,98.88,59.59,0,163.92164933438346
20.08.2025 15:00,8.7,73.02,74.7,,96.675,862.3225,2.282,96.5275,59.59,0,187.12596680750187
20.08.2025 16:00,8.55,81.45,74.7,,113.3975,833.59,14.811,84.16333333333334,15.2,0,251.9672422973028
20.08.2025 17:00,8.4,101.69,74.7,,122.07,800.965,25.391,79.6925,15.2,0,334.7325202919397
20.08.2025 18:00,8.4,109.16,74.7,,124.61,682.31,0.231,103.59,15.2,0,383.33367040358496
20.08.2025 19:00,8.4,135.15,74.7,,113.135,677.6125,4.234,84.10333333333334,15.2,0,420.2018384205279
20.08.2025 20:00,8.4,126.11,74.7,,100.03,603.7425000000001,83.73599999999999,53.1625,1.12,0,425.0093082916795
20.08.2025 21:00,8.4,114.95,74.7,,92.825,465.605,2.0940000000000003,128.66,1.12,0,426.41930295412334
20.08.2025 22:00,8.4,103.49,74.7,,89.83,418.3425,1.439,83.5825,1.12,0,437.4681924491673
20.08.2025 23:00,8.36,97.34,74.7,,83.455,291.37,2.4240000000000004,123.45,1.12,0,456.3329595071664
21.08.2025 00:00,8.36,96.11,74.7,,84.22,221.79,1.587,82.905,1.41,0,477.17882486149006
21.08.2025 01:00,8.36,90.73,74.7,,89.63,266.58,0.329,84.61500000000001,1.41,0,499.6596140618717
21.08.2025 02:00,8.36,87.52,74.7,,96.355,341.8325,0.0,,1.41,0,526.4135678951279
21.08.2025 03:00,8.36,90.88,74.7,,100.2925,430.805,0.046,95.98,1.41,0,553.6260522640317
21.08.2025 04:00,8.36,92.37,74.7,,106.5425,505.9025,4.071,87.3075,1.36,0,558.4980701645926
21.08.2025 05:00,8.36,108.59,74.7,,106.7675,575.6575,34.056000000000004,73.85249999999999,1.36,0,545.8246352097274
21.08.2025 06:00,8.36,115.6,74.7,,98.9975,710.5975,2.48,94.39,1.36,0,502.87274747130846
21.08.2025 07:00,8.55,116.89,74.7,,89.4925,856.2049999999999,6.726,83.30499999999999,1.36,0,447.78284499631854
21.08.2025 08:00,8.7,107.79,74.7,,71.0175,829.24,6.956,82.435,21.4,0,403.1071162548157
21.08.2025 09:00,8.91,97.32,74.7,,60.0175,907.1975,234.492,33.865,21.4,0,334.0426703394169
21.08.2025 10:00,8.91,85.85,74.7,,30.1975,929.19,261.342,28.22,21.4,0,231.47422455806569
21.08.2025 11:00,8.91,77.64,74.7,,18.3775,850.51,3.536,82.7125,21.4,0,170.78042513941057
21.08.2025 12:00,8.91,69.49,74.7,,25.895,913.0775,7.874,51.845,47.65,0,156.4759918383433
21.08.2025 13:00,8.91,66.09,74.7,,47.8175,859.345,19.671,60.0,47.65,0,155.09698103953747
21.08.2025 14:00,8.91,56.26,74.7,,73.63,882.715,0.619,73.2,47.65,0,156.84766848753742
21.08.2025 15:00,8.7,68.2,74.7,,92.0225,870.4975,127.022,25.2975,47.65,0,166.33330946445312
21.08.2025 16:00,8.55,72.39,74.7,,100.6625,1104.525,49.082,40.973333333333336,12.74,0,189.34976798675007
21.08.2025 17:00,8.4,92.88,74.7,,102.7225,1030.6425,36.314,57.78,12.74,0,224.17626626340277
21.08.2025 18:00,8.4,103.2,74.7,,108.1175,874.93,0.0,97.73,12.74,0,266.3661559632821
21.08.2025 19:00,8.4,106.39,74.7,,104.705,806.015,0.5660000000000001,259.27,12.74,0,296.5836241536919
21.08.2025 20:00,8.4,110.73,74.7,,97.045,799.3275,67.509,60.35999999999999,2.65,0,309.1521351103761
21.08.2025 21:00,8.4,110.73,74.7,,87.4125,702.635,18.083,72.975,2.65,0,315.5914520094457
21.08.2025 22:00,8.4,105.0,74.7,,88.09,550.5350000000001,18.595,61.870000000000005,2.65,0,323.06677369851855
21.08.2025 23:00,8.36,95.78,74.7,,82.565,520.655,3.232,90.28000000000002,2.65,0,331.2553353363236
22.08.2025 00:00,8.36,89.27,74.7,,82.9125,417.205,0.046,82.74000000000001,1.29,0,339.5841479440683
22.08.2025 01:00,8.36,81.99,74.7,,80.7525,382.205,0.742,52.76,1.29,0,332.2676282184471
22.08.2025 02:00,8.36,78.59,74.7,,79.4675,447.9925,12.58,60.870000000000005,1.29,0,335.682745908156
22.08.2025 03:00,8.36,77.52,74.7,,86.5775,479.335,0.789,79.86,1.29,0,330.4270971710981
22.08.2025 04:00,8.36,77.65,74.7,,106.0175,687.63,0.078,87.48,1.24,0,334.78689753348044
22.08.2025 05:00,8.36,87.9,74.7,,112.59,933.8175,0.0,,1.24,0,344.0581550015467
22.08.2025 06:00,8.36,105.76,74.7,,113.525,1528.12,0.0,,1.24,0,332.34173773287887
22.08.2025 07:00,8.55,107.45,74.7,,107.6375,1463.2675,0.518,107.28,1.24,0,317.5766096355916
22.08.2025 08:00,8.7,102.32,74.7,,82.6925,1485.9275,19.081,74.935,26.15,0,284.79647249615914
22.08.2025 09:00,8.91,90.02,74.7,,69.1725,1659.195,0.319,59.94,26.15,0,230.58224906385283
22.08.2025 10:00,8.91,72.44,74.7,,57.28,1410.9325,12.313,65.62333333333333,26.15,0,172.640000538592
22.08.2025 11:00,8.91,42.5,74.7,,57.0375,1214.6125,0.076,85.66,26.15,0,150.37533462843805
22.08.2025 12:00,8.91,14.07,74.7,,41.0575,1171.715,51.402,31.61,69.84,0,138.07164775393977
22.08.2025 13:00,8.91,3.84,74.7,,50.495000000000005,1333.0,269.38,32.8775,69.84,0,131.9638185570952
22.08.2025 14:00,8.91,0.02,74.7,,77.3725,1440.44,1.046,54.91,69.84,0,123.7593464113015
22.08.2025 15:00,8.7,4.01,74.7,,91.105,1331.79,8.096,66.23666666666666,69.84,0,131.2611995097202
22.08.2025 16:00,8.55,40.64,74.7,,102.8075,1226.3225,9.518,70.18,19.16,0,157.6488371966381
22.08.2025 17:00,8.4,73.14,74.7,,114.84,1135.8225,0.086,100.15,19.16,0,188.3044923896154
22.08.2025 18:00,8.4,95.17,74.7,,121.11,1103.205,24.667,67.59,19.16,0,230.8417465283356
22.08.2025 19:00,8.4,106.07,74.7,,120.81,972.71,16.644,96.3625,19.16,0,269.1008073697701
22.08.2025 20:00,8.4,113.0,74.7,,108.7875,962.1975,472.108,44.8475,1.58,0,292.3442382253924
22.08.2025 21:00,8.4,107.63,74.7,,94.985,660.2925,122.26,63.3625,1.58,0,307.8161878573319
22.08.2025 22:00,8.4,103.09,74.7,,95.125,719.1975,22.086,68.6025,1.58,0,318.5812523167193
22.08.2025 23:00,8.36,94.37,74.7,,85.985,745.0425,322.723,28.975,1.58,0,326.19195681887606
23.08.2025 00:00,8.36,95.33,74.7,,85.235,659.8675,73.877,62.2575,1.6,0,321.0154067016923
23.08.2025 01:00,8.06,89.32,74.7,,83.6425,554.1,6.178,77.23,1.6,0,304.18240782527016
23.08.2025 02:00,8.06,87.76,74.7,,90.0,453.7175,1.013,95.86333333333332,1.6,0,285.1578818360554
23.08.2025 03:00,8.06,85.21,74.7,,94.38,548.0699999999999,0.63,81.58,1.6,0,274.7576466266122
23.08.2025 04:00,8.06,85.56,74.7,,101.7925,777.0475,4.868,86.7475,2.19,0,278.3279294001338
23.08.2025 05:00,8.06,85.6,74.7,,97.8275,956.3275,281.515,43.8725,2.19,0,277.90833535943113
23.08.2025 06:00,8.06,86.67,74.7,,85.82249999999999,1243.9125,98.621,49.9725,2.19,0,260.9859669201882
23.08.2025 07:00,8.19,86.78,74.7,,57.5775,1287.5575,80.12100000000001,42.3775,2.19,0,236.15884250668984
23.08.2025 08:00,8.29,83.57,74.7,,9.28,1102.025,147.322,1.4725,42.6,0,204.1461164099452
23.08.2025 09:00,8.41,62.9,74.7,,-7.1525,981.3725,130.411,-8.0775,42.6,0,159.37256687787527
23.08.2025 10:00,8.41,14.69,74.7,,-8.0375,1052.2125,26.104,-6.797499999999999,42.6,0,133.0384528112751
23.08.2025 11:00,8.41,3.29,74.7,,-11.455,875.6975,68.828,-1.1825,42.6,0,124.43300712036329
23.08.2025 12:00,8.41,1.32,74.7,,-15.38,905.91,149.015,-10.9475,80.08,0,121.28408142026592
23.08.2025 13:00,8.41,0.06,74.7,,-17.3025,870.835,95.563,-13.7375,80.08,0,123.48233422749504
23.08.2025 14:00,8.41,0.07,74.7,,-6.380000000000001,923.6975,57.95,-7.569999999999999,80.08,0,126.63156305876204
23.08.2025 15:00,8.29,3.52,74.7,,47.505,1167.48,53.734,12.47,80.08,0,125.22510667323438
23.08.2025 16:00,8.19,12.1,74.7,,88.2025,1219.26,26.648,17.066666666666666,23.88,0,127.21699423393432
23.08.2025 17:00,8.1,72.19,74.7,,101.03,960.5,1.136,57.23,23.88,0,152.8693992697901
23.08.2025 18:00,8.1,100.31,74.7,,114.7175,754.215,0.231,91.805,23.88,0,218.6725368751112
23.08.2025 19:00,8.1,112.22,74.7,,106.3325,714.0925,6.399,91.0725,23.88,0,288.8066621419204
23.08.2025 20:00,8.1,123.67,74.7,,98.015,776.11,116.31,9.0275,1.62,0,305.28095312395806
23.08.2025 21:00,8.1,120.43,74.7,,86.555,774.53,94.378,23.2325,1.62,0,322.83780648847727
23.08.2025 22:00,8.1,111.16,74.7,,82.535,746.875,36.741,50.1425,1.62,0,331.24952133025715
23.08.2025 23:00,8.06,105.28,74.7,,81.265,558.335,6.183,91.575,1.62,0,340.0012703702249
24.08.2025 00:00,8.06,100.5,74.7,,88.16,482.0525,0.011,112.785,1.52,0,344.9750367201332
24.08.2025 01:00,8.04,95.13,74.7,,87.18,361.58,85.446,53.7025,1.52,0,364.3683182536302
24.08.2025 02:00,8.04,94.41,74.7,,90.89,352.56,0.193,99.825,1.52,0,368.8843483286712
24.08.2025 03:00,8.04,92.13,74.7,,93.0575,372.3725,39.157,69.3275,1.52,0,386.11287921634425
24.08.2025 04:00,8.04,91.2,74.7,,87.32,393.015,5.445,87.1,2.05,0,387.5238864032346
24.08.2025 05:00,8.04,90.97,74.7,,74.5625,610.59,54.91,46.4975,2.05,0,383.2427304214972
24.08.2025 06:00,8.04,90.0,74.7,,57.5375,768.1025,1.772,83.87333333333333,2.05,0,351.5081170087456
24.08.2025 07:00,8.18,85.01,74.7,,13.665,1046.515,0.161,53.15,2.05,0,289.0972386983911
24.08.2025 08:00,8.27,72.84,74.7,,22.7275,1201.2325,162.993,-37.66,45.6,0,215.70714075487064
24.08.2025 09:00,8.39,4.8,74.7,,-0.1949999999999999,767.985,87.82,1.7775000000000003,45.6,0,163.9422364813957
24.08.2025 10:00,8.39,-0.01,74.7,,0.2775,744.6075,2.259,36.92,45.6,0,142.2730428261177
24.08.2025 11:00,8.39,-0.07,74.7,,1.13,792.89,0.916,59.95666666666667,45.6,0,136.16349481855073
24.08.2025 12:00,8.39,-1.98,74.7,,0.3775,822.7125,42.125,-2.6100000000000003,81.46,0,133.35713740198543
24.08.2025 13:00,8.39,-7.45,74.7,,-0.6975,754.5425,21.057,2.705,81.46,0,131.01007690730148
24.08.2025 14:00,8.39,-7.4,74.7,,-9.765,1003.03,11.202,12.2675,81.46,0,132.0546011011946
24.08.2025 15:00,8.27,-0.1,74.7,,33.5775,1494.5975,99.203,-2.4750000000000005,81.46,0,136.80955242927038
24.08.2025 16:00,8.18,0.0,74.7,,83.2725,1284.2,30.598,15.385,25.37,0,141.38408753899284
24.08.2025 17:00,8.08,63.36,74.7,,104.56,996.85,2.812,26.59,25.37,0,174.75397170511698
24.08.2025 18:00,8.08,99.81,74.7,,110.4775,788.19,1.11,94.47666666666667,25.37,0,263.0710447546673
24.08.2025 19:00,8.08,110.5,74.7,,109.31,824.9425,0.0,,25.37,0,341.7647895213575
24.08.2025 20:00,8.08,117.31,74.7,,108.19,633.325,11.607,71.97333333333334,1.39,0,366.9405866259317
24.08.2025 21:00,8.08,114.32,74.7,,96.5525,611.19,55.533,51.3625,1.39,0,382.06582767976863
24.08.2025 22:00,8.08,107.5,74.7,,95.1325,625.17,3.733,77.5875,1.39,0,389.4601643761521
24.08.2025 23:00,8.04,100.52,74.7,,90.86,557.1725,21.186,84.0325,1.39,0,408.39789629835445
25.08.2025 00:00,8.04,95.28,74.7,,90.23,455.9875,1.127,100.9125,3.57,0,408.6085039227502
25.08.2025 01:00,8.36,87.03,74.7,,89.6075,398.8525,1.972,111.885,3.57,0,412.890738681481
25.08.2025 02:00,8.36,84.02,74.7,,90.6125,341.5175,3.396,100.0825,3.57,0,421.45964246822086
25.08.2025 03:00,8.36,82.9,74.7,,103.2225,636.235,1.189,93.57,3.57,0,429.1248691178995
25.08.2025 04:00,8.36,83.46,74.7,,111.18,793.335,2.149,93.3725,6.54,0,435.1196591823416
25.08.2025 05:00,8.36,102.46,74.7,,119.99,881.3275,3.537,80.29,6.54,0,433.5952620192582
25.08.2025 06:00,8.36,115.38,74.7,,110.7725,1119.865,0.153,102.875,6.54,0,411.1562834222637
25.08.2025 07:00,8.55,125.0,74.7,,98.49,1244.6675,11.797,96.015,6.54,0,346.95966515471173
25.08.2025 08:00,8.7,110.04,74.7,,95.655,2092.8425,4.809,81.45,142.93,0,292.0299663351829
25.08.2025 09:00,8.91,91.97,74.7,,74.02,1765.2425,110.096,51.605,142.93,0,251.4391536239196
25.08.2025 10:00,8.91,72.98,74.7,,39.7125,1248.1625,4.3260000000000005,84.875,142.93,0,205.4437073113429
25.08.2025 11:00,8.91,35.02,74.7,,13.6975,1148.9575,119.672,44.725,142.93,0,166.5176442704801
25.08.2025 12:00,8.91,10.0,74.7,,8.395,1072.4175,218.541,19.2975,432.73,0,145.69789623194362
25.08.2025 13:00,8.91,5.93,74.7,,19.185,1128.2925,121.818,31.175,432.73,0,140.2574876254298
25.08.2025 14:00,8.91,6.78,74.7,,45.9525,1353.27,36.277,57.22,432.73,0,142.41353373082697
25.08.2025 15:00,8.7,25.2,74.7,,79.7925,1200.8325,4.736,31.42,432.73,0,145.57962483685543
25.08.2025 16:00,8.55,56.43,74.7,,103.445,1264.545,55.18,67.06,89.5,0,186.369594326746
25.08.2025 17:00,8.4,86.67,74.7,,147.5725,1358.7025,23.177,228.78,89.5,0,286.56410162814404
25.08.2025 18:00,8.4,111.54,74.7,,215.855,1014.555,0.237,132.77,89.5,0,402.0483370842824
25.08.2025 19:00,8.4,159.03,74.7,,133.365,1024.4975,0.738,97.79,89.5,0,511.8653218536441
25.08.2025 20:00,8.4,232.82,74.7,,116.93,1046.38,27.565,80.82,15.0,0,537.4812080505835
25.08.2025 21:00,8.4,138.04,74.7,,105.81,767.5325,1.034,86.86,15.0,0,547.239157359209
25.08.2025 22:00,8.4,115.04,74.7,,104.2275,626.6400000000001,0.004,90.8075,15.0,0,583.2363092100809
25.08.2025 23:00,8.36,105.15,74.7,,99.9875,472.805,4.106999999999999,90.57,15.0,0,604.9498229226359
26.08.2025 00:00,8.36,105.8,74.7,,95.98,309.3425,26.630000000000003,75.4375,12.81,0,613.8495449408877
26.08.2025 01:00,8.36,100.44,74.7,,90.995,270.17,30.953,76.395,12.81,0,616.6507349667764
26.08.2025 02:00,8.36,96.58,74.7,,94.2175,320.0725,8.756,84.8775,12.81,0,617.6091473742474
26.08.2025 03:00,8.36,94.79,74.7,,104.3175,513.3725,1.069,85.94666666666666,12.81,0,620.4052857794873
26.08.2025 04:00,8.36,96.27,74.7,,120.435,612.5600000000001,0.783,87.96333333333332,10.0,0,619.5414552175748
26.08.2025 05:00,8.36,106.6,74.7,,121.3025,757.49,2.196,80.41,10.0,0,607.8502468887485
26.08.2025 06:00,8.36,124.59,74.7,,107.54,1102.6750000000002,12.845,101.32,10.0,0,546.339763835245
26.08.2025 07:00,8.55,123.45,74.7,,88.385,1104.085,120.24,67.83500000000001,10.0,0,482.3734546608173
26.08.2025 08:00,8.7,106.79,74.7,,74.41499999999999,1079.085,4.413,88.7975,62.8,0,401.1189714763866
26.08.2025 09:00,8.91,90.0,74.7,,56.885,1176.53,174.942,52.0325,62.8,0,283.34849402568534
26.08.2025 10:00,8.91,77.47,74.7,,35.905,1052.755,124.544,45.9925,62.8,0,225.77522558776712
26.08.2025 11:00,8.91,61.6,74.7,,22.89,1019.1725,51.075,27.6975,62.8,0,186.38501686008223
26.08.2025 12:00,8.91,41.95,74.7,,37.985,965.535,19.611,44.895,123.2,0,165.82856418864665
26.08.2025 13:00,8.91,26.28,74.7,,59.9175,906.3475,6.853999999999999,30.39333333333333,123.2,0,164.09915975578826
26.08.2025 14:00,8.91,38.05,74.7,,87.995,1352.6174999999998,0.003,95.12,123.2,0,167.68986905109222
26.08.2025 15:00,8.7,72.39,74.7,,99.74,1548.5075000000002,51.642,50.96,123.2,0,195.94574073653064
26.08.2025 16:00,8.55,88.26,74.7,,142.6025,1503.845,10.167,78.61,36.15,0,291.1233968793339
26.08.2025 17:00,8.4,105.05,74.7,,337.8175,1292.4125,0.0,,36.15,0,379.5990397242835
26.08.2025 18:00,8.4,131.09,74.7,,477.775,1164.8825,0.474,103.97,36.15,0,441.1115911706871
26.08.2025 19:00,8.4,196.88,74.7,,161.925,1663.115,1.57,102.83,36.15,0,478.94209723405976
26.08.2025 20:00,8.4,180.17,74.7,,121.0925,1218.9025,164.806,74.955,9.0,0,470.9009927230056
26.08.2025 21:00,8.4,123.3,74.7,,100.71,1063.6075,25.373,78.8225,9.0,0,443.144314784621
26.08.2025 22:00,8.4,109.47,74.7,,92.0875,687.42,2.991,92.3625,9.0,0,408.5512330917278
26.08.2025 23:00,8.36,97.67,74.7,,85.3375,584.89,1.118,98.77,9.0,0,386.3980272907679
27.08.2025 00:00,8.36,96.59,74.7,,85.645,446.8175,0.084,86.66,6.83,0,382.3135988103349
27.08.2025 01:00,8.36,89.98,74.7,,83.635,439.3175,16.652,83.535,6.83,0,389.8779458762351
27.08.2025 02:00,8.36,86.52,74.7,,83.41499999999999,536.8725000000001,5.007,87.36,6.83,0,403.8500278605849
27.08.2025 03:00,8.36,87.25,74.7,,95.325,528.8775,1.119,87.0625,6.83,0,411.8892834124595
27.08.2025 04:00,8.36,90.0,74.7,,116.475,643.59,3.413,84.01666666666667,5.8,0,426.73227873902266
27.08.2025 05:00,8.36,97.73,74.7,,125.27,659.4,3.019,64.13,5.8,0,447.9391116488466
27.08.2025 06:00,8.36,110.0,74.7,,135.8275,1097.985,0.0,,5.8,0,438.0028149916748
27.08.2025 07:00,8.55,115.19,74.7,,114.275,1270.0425,5.093,104.41333333333334,5.8,0,408.6692636671421
27.08.2025 08:00,8.7,113.64,74.7,,93.3775,1215.5325,103.139,69.3675,65.0,0,379.0314029720135
27.08.2025 09:00,8.91,101.63,74.7,,66.8175,1282.28,162.027,58.91,65.0,0,337.2850084861224
27.08.2025 10:00,8.91,86.0,74.7,,48.265,1258.5975,27.052,54.3775,65.0,0,259.29542780036235
27.08.2025 11:00,8.91,79.29,74.7,,29.685,1164.0025,74.413,22.4775,65.0,0,194.6747122599184
27.08.2025 12:00,8.91,64.38,74.7,,25.83,1568.66,189.812,-6.795,86.0,0,170.53361932345555
27.08.2025 13:00,8.91,50.68,74.7,,51.275,1520.895,1.833,60.8,86.0,0,169.64929155759833
27.08.2025 14:00,8.91,50.94,74.7,,81.6825,1374.5075000000002,0.215,103.28,86.0,0,173.05136305159826
27.08.2025 15:00,8.7,76.18,74.7,,105.0975,1519.9,0.828,81.57,86.0,0,197.66486775653595
27.08.2025 16:00,8.55,85.1,74.7,,141.985,1497.6375,13.624,89.945,26.94,0,286.16688822007933
27.08.2025 17:00,8.4,104.94,74.7,,219.2075,1356.39,0.732,108.66,26.94,0,373.0931138466337
27.08.2025 18:00,8.4,134.63,74.7,,183.8775,1276.9375,25.152,111.47666666666667,26.94,0,443.1064937925537
27.08.2025 19:00,8.4,222.07,74.7,,124.895,1241.6775,2.977,96.32,26.94,0,485.4783479569196
27.08.2025 20:00,8.4,222.04,74.7,,114.38,986.1525,97.493,68.905,5.0,0,500.2535826652419
27.08.2025 21:00,8.4,128.87,74.7,,100.3875,864.735,140.17,64.0125,5.0,0,498.2175161006294
27.08.2025 22:00,8.4,113.63,74.7,,90.0925,630.9975000000001,3.05,93.55666666666669,5.0,0,511.5923540221172
27.08.2025 23:00,8.36,103.57,74.7,,88.65,528.0975000000001,0.077,87.81,5.0,0,515.291159862368
28.08.2025 00:00,8.36,97.15,74.7,,87.7675,406.5475,0.0,96.39,4.66,0,538.1579302023908
28.08.2025 01:00,8.36,91.92,74.7,,89.83500000000001,390.4175,1.663,108.625,4.66,0,551.7244580446201
28.08.2025 02:00,8.36,87.89,74.7,,93.4675,437.885,0.603,91.415,4.66,0,557.9231835290491
28.08.2025 03:00,8.36,87.09,74.7,,95.9375,580.56,2.96,86.235,4.66,0,566.7340630600085
28.08.2025 04:00,8.36,90.23,74.7,,117.565,658.24,0.293,96.8675,3.8,0,561.062300812856
28.08.2025 05:00,8.36,98.72,74.7,,126.9475,774.9675,0.955,92.85,3.8,0,560.590604906259
28.08.2025 06:00,8.36,121.63,74.7,,120.03,748.9275,2.738,104.5,3.8,0,549.3487263896909
28.08.2025 07:00,8.55,143.79,74.7,,112.2725,949.2075,0.0,,3.8,0,487.07249049824327
28.08.2025 08:00,8.7,143.95,74.7,,102.9075,1047.6799999999998,0.0,114.95,33.95,0,455.7870939359565
28.08.2025 09:00,8.91,121.84,74.7,,90.0825,969.08,8.796999999999999,78.01,33.95,0,431.0046864324996
28.08.2025 10:00,8.91,112.27,74.7,,85.5475,871.65,63.06,81.175,33.95,0,401.4392032287634
28.08.2025 11:00,8.91,108.13,74.7,,85.6,710.935,0.921,93.585,33.95,0,377.8706126414104
28.08.2025 12:00,8.91,100.89,74.7,,84.875,657.985,13.789,76.905,59.68,0,362.9435077170897
28.08.2025 13:00,8.91,100.96,74.7,,84.675,643.7975,0.153,105.86,59.68,0,367.4672622176296
28.08.2025 14:00,8.91,100.89,74.7,,86.89,1028.59,93.778,,59.68,0,378.7579330499897
28.08.2025 15:00,8.7,100.66,74.7,,107.275,1021.4475,19.295,83.06,59.68,0,388.2603447298935
28.08.2025 16:00,8.55,96.1,74.7,,130.2975,1191.66,0.0,,18.05,0,405.7166790186904
28.08.2025 17:00,8.4,129.84,74.7,,144.425,930.0975,0.3789999999999999,105.66333333333334,18.05,0,429.0018434436386
28.08.2025 18:00,8.4,160.85,74.7,,122.98,1226.4499999999998,4.484999999999999,110.9,18.05,0,441.4975235944991
28.08.2025 19:00,8.4,210.0,74.7,,111.67,888.105,3.469,109.59,18.05,0,469.8556011844617
28.08.2025 20:00,8.4,153.16,74.7,,97.8125,860.31,0.223,106.62,3.4,0,486.4550371251664
28.08.2025 21:00,8.4,124.18,74.7,,96.775,811.0275,0.0,,3.4,0,515.5192024734888
28.08.2025 22:00,8.4,107.11,74.7,,97.11,515.4100000000001,0.323,86.00333333333333,3.4,0,534.2969186879261
28.08.2025 23:00,8.36,92.15,74.7,,96.7625,599.4875,0.0,,3.4,0,533.3386015292425
29.08.2025 00:00,8.36,85.04,74.7,,93.235,567.31,0.0209999999999999,89.825,3.82,0,538.4754210205756
29.08.2025 01:00,8.36,83.27,74.7,,91.0825,421.8875,10.962,83.855,3.82,0,542.2570058254437
29.08.2025 02:00,8.36,83.1,74.7,,90.2425,450.5625,2.031,95.2725,3.82,0,540.7077143149431
29.08.2025 03:00,8.36,81.59,74.7,,94.69,513.2775,44.033,62.445,3.82,0,535.8443139967947
29.08.2025 04:00,8.36,83.01,74.7,,111.4925,758.4925000000001,12.093,79.66,2.96,0,521.3434762218004
29.08.2025 05:00,8.36,91.0,74.7,,126.2075,909.8575,16.736,81.735,2.96,0,504.3079651882085
29.08.2025 06:00,8.36,117.55,74.7,,126.1275,1175.475,0.717,101.29,2.96,0,473.1340482475194
29.08.2025 07:00,8.55,121.39,74.7,,93.61,1085.1275,4.840000000000001,88.945,2.96,0,417.6690947287882
29.08.2025 08:00,8.7,120.0,74.7,,78.4575,1035.31,0.455,87.275,28.92,0,397.8005486759416
29.08.2025 09:00,8.91,110.36,74.7,,41.0175,1074.635,50.044,52.705,28.92,0,356.8596306910439
29.08.2025 10:00,8.91,84.25,74.7,,13.2625,1215.6575,43.203,25.94,28.92,0,270.6499520647623
29.08.2025 11:00,8.91,78.08,74.7,,13.9075,1166.3975,6.193,62.54333333333333,28.92,0,189.2272354765365
29.08.2025 12:00,8.91,67.44,74.7,,39.2125,1012.4475,22.179,27.100000000000005,53.84,0,167.9507404521944
29.08.2025 13:00,8.91,53.96,74.7,,74.175,741.5225,22.335,32.795,53.84,0,162.22616959945367
29.08.2025 14:00,8.91,59.64,74.7,,81.2325,516.935,1.11,63.92,53.84,0,177.83938477433574
29.08.2025 15:00,8.7,73.06,74.7,,99.85,834.4975000000001,8.106,45.13,53.84,0,201.60529248809613
29.08.2025 16:00,8.55,85.0,74.7,,115.9975,1059.505,38.932,50.4575,15.89,0,242.41478382053785
29.08.2025 17:00,8.4,104.82,74.7,,120.89,946.405,0.0,,15.89,0,305.96774232287424
29.08.2025 18:00,8.4,118.51,74.7,,130.8275,1095.2025,72.578,67.9,15.89,0,351.3696491338425
29.08.2025 19:00,8.4,147.68,74.7,,110.2775,1229.2,46.587,108.63,15.89,0,381.21780619536656
29.08.2025 20:00,8.4,116.5,74.7,,100.5675,956.165,43.654,62.6575,2.46,0,369.98751345429866
29.08.2025 21:00,8.4,111.96,74.7,,97.575,838.1775,4.038,90.75,2.46,0,382.3654605100999
29.08.2025 22:00,8.4,95.7,74.7,,98.205,786.43,1.277,96.55,2.46,0,384.2260663561552
29.08.2025 23:00,8.36,86.07,74.7,,91.775,499.59,1.963,91.3,2.46,0,370.6869724521968
30.08.2025 00:00,8.36,92.5,74.7,,92.6475,514.81,3.018,86.61666666666667,3.1,0,357.9441073303799
30.08.2025 01:00,8.06,86.56,74.7,,91.0775,590.5899999999999,0.631,66.39,3.1,0,359.0748844128122
30.08.2025 02:00,8.06,83.3,74.7,,97.705,556.6125,0.525,84.73,3.1,0,353.4849291594012
30.08.2025 03:00,8.06,81.51,74.7,,95.605,487.2175,1.051,95.955,3.1,0,358.8046529460727
30.08.2025 04:00,8.06,83.39,74.7,,101.0175,332.40000000000003,4.694,95.1025,2.94,0,366.3122718468152
30.08.2025 05:00,8.06,87.72,74.7,,102.57,494.83,0.0409999999999999,99.71666666666664,2.94,0,369.55738352460446
30.08.2025 06:00,8.06,95.02,74.7,,99.715,837.7275,0.388,86.69,2.94,0,355.5433290632433
30.08.2025 07:00,8.19,98.09,74.7,,95.0175,758.5275,54.567,60.682500000000005,2.94,0,326.3759730571134
30.08.2025 08:00,8.29,89.64,74.7,,77.185,841.84,5.7780000000000005,59.25333333333333,34.4,0,288.3187549921436
30.08.2025 09:00,8.41,78.6,74.7,,54.665,1075.1475,28.448,34.45,34.4,0,230.0925907566317
30.08.2025 10:00,8.41,36.46,74.7,,19.7725,1265.4725,114.852,17.9225,34.4,0,175.50187625860235
30.08.2025 11:00,8.41,5.23,74.7,,5.2675,1127.6125000000002,99.463,22.05,34.4,0,137.76357931732213
30.08.2025 12:00,8.41,0.0,74.7,,2.0375,977.61,51.882,36.785,83.88,0,126.624480076212
30.08.2025 13:00,8.41,-0.01,74.7,,2.06,1008.0675,46.931,22.9225,83.88,0,125.3992204839371
30.08.2025 14:00,8.41,-0.01,74.7,,28.020000000000003,1111.4175,189.956,6.6375,83.88,0,129.11952266859177
30.08.2025 15:00,8.29,-0.38,74.7,,78.7825,1206.255,74.011,16.9575,83.88,0,138.64788602342085
30.08.2025 16:00,8.19,9.48,74.7,,104.0525,1080.655,10.41,35.84,20.35,0,153.97521563397743
30.08.2025 17:00,8.1,81.1,74.7,,175.9725,1200.9925,19.746,57.96,20.35,0,212.93028085309373
30.08.2025 18:00,8.1,103.9,74.7,,182.8625,1244.2,0.0,,20.35,0,302.98410114050023
30.08.2025 19:00,8.1,127.07,74.7,,120.185,913.3925,8.498,86.58,20.35,0,363.7330826496573
30.08.2025 20:00,8.1,129.98,74.7,,95.795,776.865,206.936,45.7425,2.15,0,384.6669213704654
30.08.2025 21:00,8.1,120.39,74.7,,81.975,666.5450000000001,34.93,68.8925,2.15,0,383.6680767354446
30.08.2025 22:00,8.1,104.94,74.7,,82.0475,677.3100000000001,2.234,76.09,2.15,0,371.2193828660152
30.08.2025 23:00,8.06,90.3,74.7,,76.6975,586.285,2.7510000000000003,73.235,2.15,0,342.62328550961774
31.08.2025 00:00,8.06,88.74,74.7,,79.2425,547.335,10.357,56.69500000000001,3.0,0,322.30478778231713
31.08.2025 01:00,8.04,78.91,74.7,,75.68,423.68,8.620999999999999,76.045,3.0,0,305.71373611647914
31.08.2025 02:00,8.04,70.53,74.7,,71.2025,401.355,21.969,62.9125,3.0,0,281.0380324836434
31.08.2025 03:00,8.04,67.02,74.7,,75.8775,363.26,0.861,79.38,3.0,0,247.8035234083304
31.08.2025 04:00,8.04,63.79,74.7,,85.00999999999999,620.905,0.0,91.425,3.3,0,238.30095868355676
31.08.2025 05:00,8.04,64.56,74.7,,75.33,805.41,0.596,69.96,3.3,0,232.70712280916763
31.08.2025 06:00,8.04,65.0,74.7,,41.795,1085.3475,0.492,83.49,3.3,0,227.2040007582514
31.08.2025 07:00,8.18,62.13,74.7,,14.345,1292.79,71.634,31.58,3.3,0,205.41255872027625
31.08.2025 08:00,8.27,22.3,74.7,,-0.7699999999999996,1000.49,24.487,22.5725,71.25,0,163.4216274118687
31.08.2025 09:00,8.39,5.2,74.7,,-5.0575,1059.6675,5.159000000000001,24.855,71.25,0,142.6197686543511
31.08.2025 10:00,8.39,-0.01,74.7,,-6.675,920.155,9.472,66.36,71.25,0,136.06216002783447
31.08.2025 11:00,8.39,-0.02,74.7,,-9.4225,856.9475,10.281,19.6275,71.25,0,128.71837840318804
31.08.2025 12:00,8.39,-0.11,74.7,,-8.645,952.4025,18.518,10.0625,93.3,0,129.25319922579945
31.08.2025 13:00,8.39,-1.0,74.7,,-4.2225,958.285,34.963,31.195,93.3,0,132.83721733450966
31.08.2025 14:00,8.39,-0.61,74.7,,8.73,1241.505,71.62299999999999,22.206666666666663,93.3,0,134.81007744647488
31.08.2025 15:00,8.27,0.0,74.7,,76.325,1287.45,4.984,53.3,93.3,0,143.79015159374808
31.08.2025 16:00,8.18,25.47,74.7,,99.1325,1223.6375,0.958,63.29,20.98,0,167.38162745128966
31.08.2025 17:00,8.08,79.74,74.7,,112.055,944.0175,0.03,102.04,20.98,0,258.0147567760183
31.08.2025 18:00,8.08,117.59,74.7,,124.5175,966.4475,0.0,108.63,20.98,0,349.55165138606844
31.08.2025 19:00,8.08,135.1,74.7,,106.2,1118.515,0.0,140.0,20.98,0,403.0646388795427
31.08.2025 20:00,8.08,132.07,74.7,,94.29,1278.27,98.32,58.99999999999999,1.95,0,401.2930395768943
31.08.2025 21:00,8.08,114.15,74.7,,77.66,815.8825,176.835,50.9525,1.95,0,402.37824077096695
31.08.2025 22:00,8.08,102.63,74.7,,75.505,611.8825,108.188,57.46,1.95,0,379.1880655546284
31.08.2025 23:00,8.04,89.76,74.7,,73.1625,543.7525,29.647,77.175,1.95,0,338.5409436699334
01.09.2025 00:00,8.04,84.08,74.7,,76.6775,418.03,6.043,33.5,3.15,0,337.62182161869686
01.09.2025 01:00,8.33,81.43,74.7,,82.4575,615.185,0.091,81.39,3.15,0,338.9801586974258
01.09.2025 02:00,8.33,80.97,74.7,,80.8425,606.9725,3.141,82.07333333333334,3.15,0,360.9967606741373
01.09.2025 03:00,8.33,80.03,74.7,,92.625,736.7,2.197,81.6525,3.15,0,375.5057880237255
01.09.2025 04:00,8.33,81.37,74.7,,105.0925,948.6025,13.699,71.1,3.44,0,385.87744825119626
01.09.2025 05:00,8.33,92.58,74.7,,107.9275,817.8925,5.097,79.7,3.44,0,404.63870379144487
01.09.2025 06:00,8.33,120.43,74.7,,107.645,1121.0675,0.0,,3.44,0,384.71543319898194
01.09.2025 07:00,8.51,125.67,74.7,,96.4575,1302.18,0.003,,3.44,0,352.4854439812527
01.09.2025 08:00,8.66,116.1,74.7,,108.6425,1736.335,0.046,125.045,43.51,0,328.8134666440855
01.09.2025 09:00,8.87,98.19,74.7,,100.505,1718.215,0.061,52.84,43.51,0,318.6820988598893
01.09.2025 10:00,8.87,82.0,74.7,,90.2975,1748.4475,0.0,,43.51,0,295.68578881683703
01.09.2025 11:00,8.87,69.4,74.7,,97.175,1849.785,104.597,68.8875,43.51,1,272.89421609866326
01.09.2025 12:00,8.87,38.27,74.7,,94.21,1865.1775,79.91199999999999,60.60666666666666,88.33,1,259.5644552126625
01.09.2025 13:00,8.87,25.03,74.7,,77.8625,1642.5575,19.233,77.29,88.33,1,246.09180586056257
01.09.2025 14:00,8.87,42.73,74.7,,90.63,1474.5775,3.825,76.32,88.33,0,256.0000830461296
01.09.2025 15:00,8.66,67.76,74.7,,116.39,1739.52,96.63,66.8075,88.33,1,270.300298000228
01.09.2025 16:00,8.51,84.67,74.7,,169.0975,1839.495,0.035,103.66,17.0,1,332.3718697416781
01.09.2025 17:00,8.38,109.7,74.7,,312.56,1355.9375,25.391,68.81,17.0,1,394.7671795870172
01.09.2025 18:00,8.38,155.32,74.7,,259.6325,1414.4825,0.0,,17.0,1,439.2602036675916
01.09.2025 19:00,8.38,250.65,74.7,,148.08,1571.24,0.003,,17.0,0,472.9245149806629
01.09.2025 20:00,8.38,210.56,74.7,,116.6325,1116.3575,70.866,76.24666666666667,2.23,0,483.3632438041552
01.09.2025 21:00,8.38,125.2,74.7,,94.7375,943.535,19.999,84.2125,2.23,0,494.7263273513066
01.09.2025 22:00,8.38,112.4,74.7,,92.3575,636.085,3.242,88.8475,2.23,0,503.3067071703035
01.09.2025 23:00,8.33,100.53,74.7,,91.3525,679.5675,1.605,83.12666666666667,2.23,0,501.4667901299791
02.09.2025 00:00,8.33,95.01,74.7,,93.2925,501.7025,0.494,83.69,2.91,0,498.6675748101304
02.09.2025 01:00,8.33,90.11,74.7,,95.8925,445.7375,0.112,84.275,2.91,0,503.45435565302256
02.09.2025 02:00,8.33,90.84,74.7,,96.7875,514.4425,2.248,83.99000000000001,2.91,0,518.5558737590649
02.09.2025 03:00,8.33,92.5,74.7,,103.1925,547.605,1.547,84.44,2.91,0,525.5411970495945
02.09.2025 04:00,8.33,94.8,74.7,,124.24,707.13,1.104,88.94666666666667,2.52,0,523.6207105057144
02.09.2025 05:00,8.33,106.85,74.7,,142.4275,875.5875,16.805,72.3,2.52,0,521.9429547079144
02.09.2025 06:00,8.33,134.39,74.7,,125.825,1129.5725,5.973,88.625,2.52,0,472.65316462705925
02.09.2025 07:00,8.51,153.67,74.7,,100.6925,1147.5725,3.366,99.64666666666666,2.52,0,435.8047423483214
02.09.2025 08:00,8.66,147.48,74.7,,88.86749999999999,1217.45,79.324,79.3775,29.3,0,421.7238923231162
02.09.2025 09:00,8.87,121.05,74.7,,71.53,1081.935,269.196,52.8725,29.3,0,388.04097659059295
02.09.2025 10:00,8.87,102.14,74.7,,52.7675,1185.0,0.658,52.19,29.3,0,321.6970220521197
02.09.2025 11:00,8.87,84.66,74.7,,35.8875,1312.495,32.192,43.32333333333333,29.3,1,256.66399610749966
02.09.2025 12:00,8.87,78.94,74.7,,49.665,1240.5700000000002,0.7989999999999999,71.13,76.42,1,219.70789310808323
02.09.2025 13:00,8.87,79.73,74.7,,66.86250000000001,1358.77,201.696,35.9575,76.42,1,196.0860043734325
02.09.2025 14:00,8.87,78.54,74.7,,82.505,1193.155,183.102,40.285,76.42,0,195.8820914876307
02.09.2025 15:00,8.66,84.37,74.7,,89.2375,1133.29,356.495,21.34,76.42,1,215.86257162776477
02.09.2025 16:00,8.51,95.0,74.7,,122.1425,1651.4575,23.556,43.51,13.68,1,270.3612663355567
02.09.2025 17:00,8.38,108.97,74.7,,256.03000000000003,1104.5125,144.2,74.43,13.68,1,333.491850675213
02.09.2025 18:00,8.38,173.16,74.7,,221.5725,992.06,0.293,97.06,13.68,1,401.6556812484092
02.09.2025 19:00,8.38,311.51,74.7,,109.315,945.3575,78.44800000000001,69.89999999999999,13.68,0,452.7634976678568
02.09.2025 20:00,8.38,263.79,74.7,,96.475,809.765,88.537,71.925,1.87,0,459.25358553213925
02.09.2025 21:00,8.38,140.92,74.7,,92.4775,709.895,37.553,71.1525,1.87,0,462.9545272551508
02.09.2025 22:00,8.38,110.47,74.7,,99.235,689.7975,20.915,70.20666666666666,1.87,0,453.3266831058784
02.09.2025 23:00,8.33,91.21,74.7,,104.8825,824.385,3.966,64.67,1.87,0,427.8420912976625
03.09.2025 00:00,8.33,97.25,74.7,,94.2775,675.8525,16.73,71.685,2.68,0,401.9521316538552
03.09.2025 01:00,8.33,90.74,74.7,,86.92,622.4025,11.177,71.265,2.68,0,368.4290534920285
03.09.2025 02:00,8.33,85.95,74.7,,87.265,529.7025,0.789,,2.68,0,360.4008186795568
03.09.2025 03:00,8.33,81.72,74.7,,89.6875,477.1625,0.065,81.66,2.68,0,338.8658830522881
03.09.2025 04:00,8.33,81.23,74.7,,103.2175,732.6175,5.199000000000001,63.95,2.64,0,328.5756103761657
03.09.2025 05:00,8.33,86.97,74.7,,152.89,1044.2975,0.026,71.28,2.64,0,320.0691862400813
03.09.2025 06:00,8.33,103.2,74.7,,109.1775,1414.5075,34.863,65.57333333333334,2.64,0,303.9597421108025
03.09.2025 07:00,8.51,112.34,74.7,,84.22,1374.12,95.893,51.965,2.64,0,276.3493513804361
03.09.2025 08:00,8.66,109.13,74.7,,21.9475,1488.9975,325.906,-27.8625,42.81,0,247.96186162776948
03.09.2025 09:00,8.87,85.3,74.7,,-8.3125,1157.6425,113.013,-12.165,42.81,0,198.35913899250005
03.09.2025 10:00,8.87,29.04,74.7,,-14.5425,1154.6125,101.499,-14.3425,42.81,0,154.01954587845452
03.09.2025 11:00,8.87,0.03,74.7,,-12.625,833.635,264.929,-27.9325,42.81,1,141.93661486350817
03.09.2025 12:00,8.87,-0.1,74.7,,-15.0375,775.4525,332.408,-33.78,88.42,1,136.84864052853914
03.09.2025 13:00,8.87,-0.1,74.7,,-18.1975,1007.7225,239.671,-88.07,88.42,1,137.17727735467412
03.09.2025 14:00,8.87,-0.28,74.7,,-18.2625,1086.6975,149.985,-89.76,88.42,0,134.99554428513335
03.09.2025 15:00,8.66,0.0,74.7,,30.925,1369.7225,132.571,-76.0375,88.42,1,141.84949654415124
03.09.2025 16:00,8.51,3.89,74.7,,78.4725,1290.7075,71.147,-38.0775,85.94,1,149.7321293088242
03.09.2025 17:00,8.38,63.46,74.7,,117.6,1229.095,10.5,59.675,85.94,1,161.25395980011768
03.09.2025 18:00,8.38,102.35,74.7,,138.375,1513.76,0.62,93.33,85.94,1,209.6117449642317
03.09.2025 19:00,8.38,110.92,74.7,,85.98,1088.835,45.569,63.0975,85.94,0,239.11047766334912
03.09.2025 20:00,8.38,104.0,74.7,,75.6975,1070.8225,32.75,42.8225,3.9,0,247.08950356985608
03.09.2025 21:00,8.38,94.17,74.7,,56.8,742.6975,7.692,73.445,3.9,0,236.3745606692153
03.09.2025 22:00,8.38,80.68,74.7,,75.03,781.5024999999999,73.27600000000001,30.855,3.9,0,217.8967118345414
03.09.2025 23:00,8.33,54.25,74.7,,67.07249999999999,674.785,26.444,8.393333333333333,3.9,0,204.3011631811284
04.09.2025 00:00,8.33,21.65,74.7,,74.8625,741.3725,0.0,81.35,42.54,0,202.4414687448147
04.09.2025 01:00,8.33,17.7,74.7,,80.33500000000001,745.51,1.281,70.53,42.54,0,210.87675082503705
04.09.2025 02:00,8.33,17.87,74.7,,83.55,619.36,4.9830000000000005,74.56,42.54,0,226.63634801941
04.09.2025 03:00,8.33,30.02,74.7,,96.625,871.1925,14.829,64.91666666666667,42.54,0,235.85020319369687
04.09.2025 04:00,8.33,59.92,74.7,,103.565,936.09,24.669000000000004,78.02,20.48,0,253.44571354734023
04.09.2025 05:00,8.33,83.89,74.7,,116.8575,945.5975,25.701,75.60000000000001,20.48,0,255.81222888896767
04.09.2025 06:00,8.33,107.87,74.7,,114.9475,1279.595,0.001,133.0,20.48,0,269.7323941667385
04.09.2025 07:00,8.51,120.0,74.7,,93.905,1688.24,1.531,100.35333333333334,20.48,0,252.0434559585902
04.09.2025 08:00,8.66,108.09,74.7,,45.04,1666.285,2.74,75.64999999999999,67.15,0,237.5975072188226
04.09.2025 09:00,8.87,77.81,74.7,,4.23,1169.75,40.078,-3.9625,67.15,0,196.87052035507608
04.09.2025 10:00,8.87,41.45,74.7,,-8.21,1106.0175,55.747,-21.155,67.15,0,154.5957864096971
04.09.2025 11:00,8.87,5.79,74.7,,-8.0175,1153.7175,61.651,-16.305,67.15,1,139.97598839589645
04.09.2025 12:00,8.87,3.2,74.7,,1.39,1220.645,46.515,-21.795,194.05,1,137.22124708207758
04.09.2025 13:00,8.87,3.36,74.7,,38.8525,1389.4075,9.949000000000002,18.175,194.05,1,139.1168260031846
04.09.2025 14:00,8.87,34.89,74.7,,77.48,1516.6375,11.203,35.825,194.05,0,150.24427998645416
04.09.2025 15:00,8.66,71.0,74.7,,105.66,1203.2325,37.793,73.2975,194.05,1,183.0754368055708
04.09.2025 16:00,8.51,90.05,74.7,,196.1475,1401.1125,0.693,68.22,79.39,1,282.9182100653641
04.09.2025 17:00,8.38,109.13,74.7,,375.2675,1234.8375,0.104,98.07,79.39,1,376.3478639210995
04.09.2025 18:00,8.38,191.8,74.7,,276.745,1559.84,0.104,241.42,79.39,1,427.6334399884219
04.09.2025 19:00,8.38,350.0,74.7,,140.1925,1399.24,72.932,67.255,79.39,0,466.7786920982877
04.09.2025 20:00,8.38,218.82,74.7,,110.135,1190.1775,175.97,67.1625,2.17,0,461.4897673782049
04.09.2025 21:00,8.38,124.93,74.7,,93.49,902.9675,23.307,81.5275,2.17,0,474.2068051783844
04.09.2025 22:00,8.38,112.14,74.7,,91.87,741.3525,0.164,87.315,2.17,0,473.76791413000194
04.09.2025 23:00,8.33,101.3,74.7,,84.785,600.0649999999999,9.335,84.305,2.17,0,488.754460599627
05.09.2025 00:00,8.33,95.25,74.7,,81.66499999999999,591.3775,2.6260000000000003,89.485,14.67,0,481.9045439335624
05.09.2025 01:00,8.33,86.1,74.7,,79.47,486.5425,8.814,78.46,14.67,0,459.3821004921726
05.09.2025 02:00,8.33,85.26,74.7,,77.7975,511.9775,16.509,81.0375,14.67,0,445.8697578174984
05.09.2025 03:00,8.33,85.2,74.7,,85.42,598.19,0.3,106.515,14.67,0,434.7262124482286
05.09.2025 04:00,8.33,85.6,74.7,,104.71,676.33,10.784,73.195,7.76,0,443.6261942294373
05.09.2025 05:00,8.33,97.36,74.7,,109.5,892.0975,12.54,84.065,7.76,0,472.6578779455301
05.09.2025 06:00,8.33,119.16,74.7,,106.445,1044.615,0.0279999999999999,109.09,7.76,0,470.83305067427375
05.09.2025 07:00,8.51,132.13,74.7,,90.45,1181.935,0.0,,7.76,0,443.8831252105036
05.09.2025 08:00,8.66,125.75,74.7,,80.35,1278.0549999999998,10.914,82.22749999999999,33.5,0,421.6570924291224
05.09.2025 09:00,8.87,100.4,74.7,,75.65,1311.1475,49.014,69.9925,33.5,0,384.3269986759904
05.09.2025 10:00,8.87,87.83,74.7,,69.59,1402.4875,128.659,71.4325,33.5,0,314.7519686900755
05.09.2025 11:00,8.87,84.15,74.7,,70.1,1400.51,3.5420000000000003,77.64999999999999,33.5,1,262.34454311638524
05.09.2025 12:00,8.87,78.25,74.7,,70.955,1403.4775,44.818,67.49000000000001,80.66,1,230.5231288294636
05.09.2025 13:00,8.87,72.19,74.7,,79.78999999999999,1096.24,0.5,73.87,80.66,1,233.0753791301414
05.09.2025 14:00,8.87,70.17,74.7,,82.87,1003.5525,177.058,56.32,80.66,0,233.77106875904943
05.09.2025 15:00,8.66,77.53,74.7,,83.565,1169.4875,39.398,60.5725,80.66,1,252.6927836702067
05.09.2025 16:00,8.51,85.0,74.7,,110.4875,1190.2425,0.0279999999999999,97.51,41.41,1,288.0118024031856
05.09.2025 17:00,8.38,90.96,74.7,,168.0475,1160.16,0.474,97.57333333333334,41.41,1,355.0881869149068
05.09.2025 18:00,8.38,108.95,74.7,,149.155,1225.405,22.009,92.62333333333332,41.41,1,433.1400783030316
05.09.2025 19:00,8.38,154.53,74.7,,114.59,930.2975,0.002,,41.41,0,467.8825378794669
05.09.2025 20:00,8.38,150.75,74.7,,98.9875,651.7525,3.783,102.0675,1.82,0,501.5181814491799
05.09.2025 21:00,8.38,117.1,74.7,,98.6875,730.4625,0.069,109.355,1.82,0,513.7077454355906
05.09.2025 22:00,8.38,107.71,74.7,,92.8525,692.9775,0.48,89.58,1.82,0,551.3108152705572
05.09.2025 23:00,8.33,100.7,74.7,,95.99,538.6725,0.451,94.24,1.82,0,572.676724882807
06.09.2025 00:00,8.33,101.21,74.7,,92.635,349.7275,0.282,98.02333333333333,7.72,0,589.9911518904969
06.09.2025 01:00,8.04,100.59,74.7,,99.53,375.8925,0.061,102.63,7.72,0,595.4958748094593
06.09.2025 02:00,8.04,99.57,74.7,,99.2775,316.005,0.875,93.52333333333333,7.72,0,615.3089081546514
06.09.2025 03:00,8.04,97.84,74.7,,99.415,359.3175,0.692,95.7375,7.72,0,619.9376253267612
06.09.2025 04:00,8.04,96.96,74.7,,96.26,249.34,28.288,79.73,4.93,0,632.2541655658748
06.09.2025 05:00,8.04,98.01,74.7,,90.3725,244.745,64.796,60.9175,4.93,0,628.4083950399224
06.09.2025 06:00,8.04,102.6,74.7,,89.505,329.4625,0.348,96.90666666666668,4.93,0,583.6038660019925
06.09.2025 07:00,8.17,100.91,74.7,,78.2275,187.9875,157.483,42.3475,4.93,0,508.98940429433776
06.09.2025 08:00,8.26,95.98,74.7,,-0.3525000000000009,466.31,11.88,8.907499999999999,36.75,0,394.58787850927
06.09.2025 09:00,8.39,79.11,74.7,,-5.7125,485.7675,81.409,3.767500000000002,36.75,0,246.81776220349872
06.09.2025 10:00,8.39,11.35,74.7,,7.7925,555.3025,170.113,-19.0225,36.75,0,170.2547267025165
06.09.2025 11:00,8.39,0.0,74.7,,21.0475,463.4725,126.435,-9.575,36.75,0,149.75967931046165
06.09.2025 12:00,8.39,-0.02,74.7,,19.605,576.155,121.192,-15.8325,89.58,0,144.14985125341536
06.09.2025 13:00,8.39,-0.86,74.7,,42.5,730.8975,180.845,-17.045,89.58,0,143.0072133106115
06.09.2025 14:00,8.39,-0.99,74.7,,42.0475,758.4025,21.472,15.76,89.58,0,147.1064767958364
06.09.2025 15:00,8.26,-0.01,74.7,,76.3675,1051.125,310.92,-41.08,89.58,0,159.53814618520474
06.09.2025 16:00,8.17,40.99,74.7,,159.6875,837.2524999999999,318.562,-35.105,27.86,0,191.3479360012321
06.09.2025 17:00,8.08,87.6,74.7,,162.655,905.3425,104.279,49.65,27.86,0,298.4372758165558
06.09.2025 18:00,8.08,116.47,74.7,,119.845,728.1424999999999,25.139,90.65333333333336,27.86,0,406.20019876452847
06.09.2025 19:00,8.08,158.39,74.7,,84.48,689.6025,207.769,59.04,27.86,0,453.49018309013184
06.09.2025 20:00,8.08,139.54,74.7,,81.63499999999999,595.8675,390.482,39.7125,1.5,0,446.8487733089408
06.09.2025 21:00,8.08,109.95,74.7,,69.475,618.59,142.85500000000002,59.3325,1.5,0,404.6984306806898
06.09.2025 22:00,8.08,92.95,74.7,,74.36500000000001,537.865,85.24199999999999,56.04,1.5,0,358.9988372906094
06.09.2025 23:00,8.04,82.56,74.7,,68.4875,443.84,233.603,39.225,1.5,0,322.95421268025444
07.09.2025 00:00,8.04,89.72,74.7,,65.0575,403.0475,25.089,56.620000000000005,6.01,0,287.0430598492654
07.09.2025 01:00,8.02,85.02,74.7,,65.05250000000001,339.0575,22.849,68.3,6.01,0,261.3632990892577
07.09.2025 02:00,8.02,80.77,74.7,,72.395,310.8075,74.42399999999999,54.895,6.01,0,256.34320804481854
07.09.2025 03:00,8.02,83.4,74.7,,77.52,449.8475,99.536,37.5025,6.01,0,251.5909915755781
07.09.2025 04:00,8.02,82.92,74.7,,79.2425,548.1675,8.566,62.655,4.81,0,251.4711938234257
07.09.2025 05:00,8.02,82.67,74.7,,63.775000000000006,874.5174999999999,15.057,49.1,4.81,0,239.9621840368572
07.09.2025 06:00,8.02,81.5,74.7,,24.365,1088.94,14.379,49.31333333333333,4.81,0,232.19089350156705
07.09.2025 07:00,8.15,55.48,74.7,,14.9925,1299.5325,15.756,43.0075,4.81,0,203.55951606067623
07.09.2025 08:00,8.24,0.0,74.7,,6.75,1364.3325,2.025,17.255,59.16,0,165.7153899093259
07.09.2025 09:00,8.37,-0.09,74.7,,-3.1950000000000003,1015.06,88.149,-33.37,59.16,0,148.37280867918943
07.09.2025 10:00,8.37,-4.0,74.7,,-17.575000000000003,776.9775,236.723,-43.225,59.16,0,134.68611002901434
07.09.2025 11:00,8.37,-20.09,74.7,,-46.975,960.76,34.695,4.217499999999999,59.16,0,126.70861530779152
07.09.2025 12:00,8.37,-40.02,74.7,,-57.19,1063.59,35.919,-1.1875,98.43,0,125.03139495719596
07.09.2025 13:00,8.37,-53.4,74.7,,-27.5,1047.9475,64.304,12.4675,98.43,0,127.6284538088776
07.09.2025 14:00,8.37,-49.99,74.7,,-4.762499999999999,1056.3975,93.244,-4.2275,98.43,0,131.79961990104172
07.09.2025 15:00,8.24,-21.21,74.7,,19.4,1184.2,244.605,-129.865,98.43,0,133.28275455956668
07.09.2025 16:00,8.15,-2.47,74.7,,83.395,1018.0175,102.8,-44.49666666666667,30.59,0,137.18249953611073
07.09.2025 17:00,8.06,3.36,74.7,,103.535,925.37,1.154,41.54,30.59,0,148.51852910073023
07.09.2025 18:00,8.06,95.91,74.7,,110.11,1108.5225,15.759,45.1,30.59,0,223.42613175208973
07.09.2025 19:00,8.06,108.3,74.7,,90.2075,964.655,147.644,8.18,30.59,0,270.050027180994
07.09.2025 20:00,8.06,96.25,74.7,,79.42750000000001,695.6525,82.049,32.4075,2.1,0,261.14370219424103
07.09.2025 21:00,8.06,86.02,74.7,,77.495,654.3475,1.781,59.36666666666667,2.1,0,256.06776442854147
07.09.2025 22:00,8.06,85.01,74.7,,89.985,643.3475,0.0,,2.1,0,264.1025036738124
07.09.2025 23:00,8.02,86.06,74.7,,93.1275,607.395,9.898,66.7175,2.1,0,265.13233510070927
08.09.2025 00:00,8.02,79.66,74.7,,88.5675,497.41,0.4659999999999999,89.86333333333333,6.74,0,269.8652075145558
08.09.2025 01:00,8.33,85.74,74.7,,87.41,369.0675,9.124,79.1175,6.74,0,281.4374497537636
08.09.2025 02:00,8.33,84.7,74.7,,86.64,463.62,10.5,69.74,6.74,0,292.3675535905411
08.09.2025 03:00,8.33,82.27,74.7,,95.48,605.11,1.349,77.9525,6.74,0,307.21770622923754
08.09.2025 04:00,8.33,83.79,74.7,,113.165,689.9475,0.242,99.8975,8.17,0,336.5699889553286
08.09.2025 05:00,8.33,95.6,74.7,,135.0325,729.8175,0.528,100.16,8.17,0,375.2041852177092
08.09.2025 06:00,8.33,109.9,74.7,,125.845,1088.26,2.401,107.91,8.17,0,387.1889382991442
08.09.2025 07:00,8.51,148.14,74.7,,106.4925,1336.8825000000002,0.824,108.58,8.17,0,362.1471178735698
08.09.2025 08:00,8.66,125.53,74.7,,92.69,1354.5025,31.759,83.57333333333334,38.99,0,339.73402561534084
08.09.2025 09:00,8.87,102.05,74.7,,85.0775,954.4225,11.899,93.1375,38.99,0,321.244336575676
08.09.2025 10:00,8.87,85.83,74.7,,84.125,982.585,90.87,42.615,38.99,0,274.4529113751287
08.09.2025 11:00,8.87,76.14,74.7,,85.4275,994.44,5.7,43.87,38.99,1,246.89246709567072
08.09.2025 12:00,8.87,65.35,74.7,,96.9875,1196.3775,0.0,,76.67,1,245.4791915646037
08.09.2025 13:00,8.87,60.84,74.7,,110.51,1406.5425,0.0,,76.67,1,258.6411435057568
08.09.2025 14:00,8.87,69.65,74.7,,119.1825,1388.8275,1.345,133.86,76.67,0,285.90279458560474
08.09.2025 15:00,8.66,78.46,74.7,,175.735,1692.1725,0.078,186.58,76.67,1,346.2183190492918
08.09.2025 16:00,8.51,99.72,74.7,,522.65,1291.6825,0.6699999999999999,180.59666666666664,23.54,1,414.97243155315664
08.09.2025 17:00,8.38,124.28,74.7,,963.795,759.9575,12.728,98.04,23.54,1,461.1748177621109
08.09.2025 18:00,8.38,196.61,74.7,,755.3975,807.1975,0.0,,23.54,1,499.4510265360637
08.09.2025 19:00,8.38,413.66,74.7,,319.055,1347.3725,152.023,157.54333333333332,23.54,0,525.0246059351498
08.09.2025 20:00,8.38,308.52,74.7,,152.5725,1300.495,111.636,76.5775,1.95,0,525.3388357230235
08.09.2025 21:00,8.38,152.0,74.7,,113.6525,825.2675,26.61,88.3775,1.95,0,546.1366467414659
08.09.2025 22:00,8.38,123.93,74.7,,108.7875,594.9375,2.423,91.92,1.95,0,581.7871764312322
08.09.2025 23:00,8.33,113.12,74.7,,105.575,507.0175,4.821,91.83,1.95,0,608.9903292443582
09.09.2025 00:00,8.33,114.52,74.7,,105.25,399.565,6.851000000000001,95.9825,6.1,0,627.5082558568731
09.09.2025 01:00,8.33,112.46,74.7,,106.4,385.2475,0.516,102.05,6.1,0,640.0144096842366
09.09.2025 02:00,8.33,110.35,74.7,,108.49,396.61,0.324,110.37333333333332,6.1,0,644.6033794473176
09.09.2025 03:00,8.33,109.8,74.7,,120.3675,662.935,0.012,98.03,6.1,0,646.0651608271438
09.09.2025 04:00,8.33,110.86,74.7,,201.8975,1067.7975,5.431,77.02666666666666,4.37,0,636.654544227616
09.09.2025 05:00,8.33,118.18,74.7,,323.5925,1307.29,14.047,78.45,4.37,0,622.006143615827
09.09.2025 06:00,8.33,182.39,74.7,,223.7325,1494.9275,0.0,120.0,4.37,0,558.1386174969651
09.09.2025 07:00,8.51,300.0,74.7,,133.2825,1693.7525,0.193,99.89,4.37,0,497.2579168889756
09.09.2025 08:00,8.66,196.98,74.7,,132.48000000000002,1732.4775,0.007,82.86,27.24,0,462.9179029740835
09.09.2025 09:00,8.87,127.59,74.7,,135.16500000000002,1751.4275,0.48,117.295,27.24,0,422.8132695406608
09.09.2025 10:00,8.87,101.73,74.7,,117.3225,1545.5325,1.507,96.1975,27.24,0,377.4987078275624
09.09.2025 11:00,8.87,99.25,74.7,,107.795,1183.905,15.788,99.6075,27.24,1,367.0435714692517
09.09.2025 12:00,8.87,87.18,74.7,,115.205,1118.23,6.468,86.565,58.25,1,358.56996677016656
09.09.2025 13:00,8.87,85.69,74.7,,114.275,1182.4250000000002,0.108,123.97,58.25,1,357.0196300103665
09.09.2025 14:00,8.87,85.51,74.7,,131.805,1329.5,4.936999999999999,113.29,58.25,0,368.3646636816054
09.09.2025 15:00,8.66,92.49,74.7,,150.01999999999998,1429.755,21.497,92.05,58.25,1,399.6942001220926
09.09.2025 16:00,8.51,103.35,74.7,,289.72,1249.2925,0.0,,18.03,1,436.5368779245638
09.09.2025 17:00,8.38,127.41,74.7,,463.9,1121.71,3.713,89.58,18.03,1,482.09062108467697
09.09.2025 18:00,8.38,192.68,74.7,,240.04,1095.13,5.311,115.535,18.03,1,501.2388135088127
09.09.2025 19:00,8.38,386.4,74.7,,123.325,1142.0125,35.545,91.5875,18.03,0,520.0708648326731
09.09.2025 20:00,8.38,215.59,74.7,,114.81,1004.835,12.392,89.545,2.92,0,526.585400091652
09.09.2025 21:00,8.38,133.37,74.7,,108.16,862.5675,5.773,96.38,2.92,0,559.8951472585301
09.09.2025 22:00,8.38,115.79,74.7,,104.1275,575.465,10.516,83.80333333333333,2.92,0,571.0863584463178
09.09.2025 23:00,8.33,109.3,74.7,,103.12,510.4975,1.543,100.32666666666668,2.92,0,583.1086623939459
10.09.2025 00:00,8.33,106.93,74.7,,101.8725,424.3725,0.007,,6.17,0,594.7789423704675
10.09.2025 01:00,8.33,107.29,74.7,,100.3075,385.3375,0.173,96.64,6.17,0,595.9818668717696
10.09.2025 02:00,8.33,103.73,74.7,,101.1975,466.21,4.177,83.33,6.17,0,611.1122629371558
10.09.2025 03:00,8.33,104.81,74.7,,105.4,571.4975,0.882,89.025,6.17,0,623.9796085504116
10.09.2025 04:00,8.33,104.55,74.7,,137.8225,800.9425,0.039,111.55333333333331,3.6,0,636.1530200646105
10.09.2025 05:00,8.33,114.28,74.7,,194.72,1176.665,13.704,83.06,3.6,0,633.6853293717668
10.09.2025 06:00,8.33,133.35,74.7,,180.155,1273.365,6.705,124.13,3.6,0,588.1099969237143
10.09.2025 07:00,8.51,223.39,74.7,,137.3625,1197.65,1.396,119.48,3.6,0,522.8943715221109
10.09.2025 08:00,8.66,171.94,74.7,,119.8825,1028.17,10.86,95.705,22.33,0,494.3571706072048
10.09.2025 09:00,8.87,129.46,74.7,,129.235,1096.6875,0.173,149.4225,22.33,0,458.3483125909419
10.09.2025 10:00,8.87,107.33,74.7,,118.1375,1176.3025,9.381,81.14666666666666,22.33,0,429.9916924503341
10.09.2025 11:00,8.87,102.39,74.7,,106.035,1052.04,97.724,74.29333333333334,22.33,1,402.2157744952551
10.09.2025 12:00,8.87,88.85,74.7,,106.15,1111.375,4.353,102.06,45.13,1,398.6586992768806
10.09.2025 13:00,8.87,86.09,74.7,,103.48,1241.655,3.249,96.62,45.13,1,395.7375632063492
10.09.2025 14:00,8.87,87.8,74.7,,104.4125,1173.94,0.0,,45.13,0,402.4217980298425
10.09.2025 15:00,8.66,90.8,74.7,,114.6325,1137.4075,30.159,90.63333333333333,45.13,1,411.273871642963
10.09.2025 16:00,8.51,105.07,74.7,,136.5325,1358.5175,41.371,86.4325,15.44,1,443.16760981258847
10.09.2025 17:00,8.38,127.78,74.7,,194.3275,1409.6575,90.433,86.505,15.44,1,478.0236632156558
10.09.2025 18:00,8.38,170.59,74.7,,138.73,1058.485,116.997,85.63,15.44,1,516.0654422535804
10.09.2025 19:00,8.38,275.19,74.7,,99.1525,1042.31,178.933,65.675,15.44,0,529.3703929420043
10.09.2025 20:00,8.38,169.07,74.7,,95.07,989.0225,19.124,90.1725,2.54,0,529.3811974094806
10.09.2025 21:00,8.38,122.94,74.7,,86.0675,882.965,3.717,86.26750000000001,2.54,0,527.2263983507114
10.09.2025 22:00,8.38,101.58,74.7,,78.5825,730.81,34.539,65.2,2.54,0,482.13169392997975
10.09.2025 23:00,8.33,87.63,74.7,,71.63,730.5675,7.340999999999999,73.3575,2.54,0,439.3428351090735
11.09.2025 00:00,8.33,88.21,74.7,,70.9625,612.01,0.89,83.84666666666666,5.06,0,386.3472108475351
11.09.2025 01:00,8.33,85.0,74.7,,72.0625,582.175,1.371,76.54,5.06,0,350.0906345832068
11.09.2025 02:00,8.33,77.13,74.7,,71.655,683.23,0.696,74.58000000000001,5.06,0,330.0274817311169
11.09.2025 03:00,8.33,70.67,74.7,,79.6075,721.0425,0.0,81.9,5.06,0,319.1368386142157
11.09.2025 04:00,8.33,70.67,74.7,,103.265,775.7475000000001,3.004,70.55,3.36,0,320.7664512089017
11.09.2025 05:00,8.33,79.05,74.7,,114.1225,687.94,49.399,50.92,3.36,0,330.40730791924284
11.09.2025 06:00,8.33,111.18,74.7,,117.2575,1216.16,0.228,97.16,3.36,0,335.2795891304832
11.09.2025 07:00,8.51,125.33,74.7,,89.525,1472.39,8.273000000000001,101.0225,3.36,0,303.11911618487204
11.09.2025 08:00,8.66,120.36,74.7,,47.0275,1534.8225,20.435,58.4975,64.19,0,280.2412935009821
11.09.2025 09:00,8.87,102.05,74.7,,0.3849999999999998,1416.0575,18.035,34.965,64.19,0,225.95472424933985
11.09.2025 10:00,8.87,73.64,74.7,,-8.6275,1140.8475,92.302,-5.7675,64.19,0,156.20931206957405
11.09.2025 11:00,8.87,8.23,74.7,,-8.5875,1086.135,10.361,20.44,64.19,1,128.20767625398776
11.09.2025 12:00,8.87,-0.01,74.7,,-6.62,876.835,137.468,-21.5525,87.76,1,125.01399879272306
11.09.2025 13:00,8.87,-0.07,74.7,,-3.4575,961.28,21.192,11.7,87.76,1,122.03496781331334
11.09.2025 14:00,8.87,-0.72,74.7,,13.66,1257.09,23.199,13.9125,87.76,0,126.68466158348495
11.09.2025 15:00,8.66,0.0,74.7,,61.31,1486.7525,32.212,13.159999999999998,87.76,1,130.54569423950716
11.09.2025 16:00,8.51,8.96,74.7,,92.535,1589.1025,1.318,78.78999999999999,259.14,1,140.61619646224378
11.09.2025 17:00,8.38,75.82,74.7,,119.73,1027.0975,8.856,65.85666666666667,259.14,1,194.1002054806969
11.09.2025 18:00,8.38,118.57,74.7,,111.705,1229.4375,0.078,108.32,259.14,1,262.941112918822
11.09.2025 19:00,8.38,132.86,74.7,,111.2175,1407.445,15.038,61.010000000000005,259.14,0,278.77981861363253
11.09.2025 20:00,8.38,125.25,74.7,,79.625,1245.8675,177.963,16.3675,2.8,0,277.53011194985936
11.09.2025 21:00,8.38,111.45,74.7,,62.485,1243.175,2.656,49.155,2.8,0,270.06523303574977
11.09.2025 22:00,8.38,84.81,74.7,,40.15,1238.355,5.962,52.38,2.8,0,248.8162798848002
11.09.2025 23:00,8.33,63.89,74.7,,48.6675,982.1775,20.822000000000003,30.086666666666662,2.8,0,211.25378664020465
12.09.2025 00:00,8.33,32.83,74.7,,56.53,851.48,4.779,54.97,21.72,0,182.2619212052347
12.09.2025 01:00,8.33,33.23,74.7,,65.7125,765.185,9.604,70.66333333333334,21.72,0,184.57616304419693
12.09.2025 02:00,8.33,20.94,74.7,,74.8225,834.5600000000001,1.88,64.70333333333333,21.72,0,187.71841380660973
12.09.2025 03:00,8.33,16.35,74.7,,81.39750000000001,677.405,11.421,46.515,21.72,0,193.50556943734597
12.09.2025 04:00,8.33,29.15,74.7,,101.1075,758.7475000000001,17.779,40.015,12.57,0,202.849129034612
12.09.2025 05:00,8.33,51.84,74.7,,107.5925,717.635,23.534,67.815,12.57,0,206.4295007320152
12.09.2025 06:00,8.33,95.29,74.7,,107.785,1192.2375,0.247,,12.57,0,208.9831728572393
12.09.2025 07:00,8.51,105.73,74.7,,87.51,1631.6175,38.275,71.2225,12.57,0,209.4881937455198
12.09.2025 08:00,8.66,102.01,74.7,,38.7,1375.9825,47.572,23.616666666666664,44.87,0,202.45318648249253
12.09.2025 09:00,8.87,48.07,74.7,,5.5075,1100.01,144.505,-74.10000000000001,44.87,0,176.03693895161922
12.09.2025 10:00,8.87,1.85,74.7,,0.6275,763.1600000000001,103.596,-10.125,44.87,0,127.75980002140156
12.09.2025 11:00,8.87,-1.66,74.7,,-0.9575,644.365,7.465999999999999,58.9675,44.87,1,108.48500789100125
12.09.2025 12:00,8.87,-5.11,74.7,,-0.8400000000000001,674.7850000000001,19.011,15.53,100.0,1,108.11763462390056
12.09.2025 13:00,8.87,-8.66,74.7,,-0.4774999999999999,731.59,100.99,-21.3,100.0,1,110.44109191343286
12.09.2025 14:00,8.87,-6.19,74.7,,2.325,955.8175,78.74199999999999,-11.8475,100.0,0,111.1874220299946
12.09.2025 15:00,8.66,-4.0,74.7,,43.8425,1237.8725,47.798,9.905,100.0,1,113.34948963171372
12.09.2025 16:00,8.51,-0.01,74.7,,111.9675,1550.06,51.268,-29.91,75.5,1,127.31316258038623
12.09.2025 17:00,8.38,57.69,74.7,,241.6325,1490.4975,0.022,92.34,75.5,1,164.0356712981869
12.09.2025 18:00,8.38,108.71,74.7,,223.7775,1271.435,43.508,68.71666666666667,75.5,1,241.89816304462863
12.09.2025 19:00,8.38,155.36,74.7,,113.22,1270.2375000000002,86.46700000000001,69.28,75.5,0,278.7920118462742
12.09.2025 20:00,8.38,152.24,74.7,,97.6825,905.3925,28.019,73.8375,2.88,0,285.6947693413019
12.09.2025 21:00,8.38,113.96,74.7,,85.315,722.0550000000001,0.001,97.915,2.88,0,288.93724715612603
12.09.2025 22:00,8.38,102.85,74.7,,82.4325,653.66,46.321,64.89,2.88,0,284.38923793583655
12.09.2025 23:00,8.33,96.66,74.7,,59.4875,658.2625,86.695,57.7625,2.88,0,277.8386950930051
13.09.2025 00:00,8.33,85.89,74.7,,37.0275,769.13,18.679,60.78666666666666,9.89,0,242.80464862820813
13.09.2025 01:00,8.04,72.75,74.7,,30.48,714.9475,2.304,92.37666666666668,9.89,0,210.1703786890535
13.09.2025 02:00,8.04,72.45,74.7,,39.395,652.1700000000001,0.0,,9.89,0,205.8045606283504
13.09.2025 03:00,8.04,72.45,74.7,,45.94,572.795,6.850999999999999,80.64750000000001,9.89,0,209.10816685434293
13.09.2025 04:00,8.04,69.79,74.7,,51.9,507.955,0.0,92.93,7.67,0,209.21152261376972
13.09.2025 05:00,8.04,72.75,74.7,,54.215,632.27,0.401,81.045,7.67,0,214.0013290201864
13.09.2025 06:00,8.04,74.71,74.7,,40.04,962.34,43.0,54.895,7.67,0,205.8406935520129
13.09.2025 07:00,8.17,74.11,74.7,,17.84,1212.175,15.829999999999998,51.9425,7.67,0,188.22459097118616
13.09.2025 08:00,8.26,72.45,74.7,,-7.4925,1046.46,5.67,30.085,40.65,0,168.8860219817497
13.09.2025 09:00,8.39,53.85,74.7,,-12.87,1123.72,59.321,-17.7875,40.65,0,154.20829131638402
13.09.2025 10:00,8.39,14.3,74.7,,-27.3725,1093.1925,238.076,-85.71249999999999,40.65,0,140.75238138495683
13.09.2025 11:00,8.39,2.37,74.7,,-29.7175,891.6425,105.533,-33.6725,40.65,0,120.92112307765666
13.09.2025 12:00,8.39,0.0,74.7,,-20.4525,958.6675,32.035,-6.664999999999999,95.89,0,117.58716120542071
13.09.2025 13:00,8.39,-0.01,74.7,,-15.46,893.0525,86.99199999999999,-22.7875,95.89,0,116.83598610938
13.09.2025 14:00,8.39,-0.01,74.7,,2.125000000000001,1104.6575,73.00999999999999,-39.1,95.89,0,116.40917188437216
13.09.2025 15:00,8.26,-0.01,74.7,,66.445,1455.9,194.923,-272.51750000000004,95.89,0,122.7403541856605
13.09.2025 16:00,8.17,3.88,74.7,,103.4425,1287.8525,12.898,-3.039999999999999,45.64,0,128.05917636324205
13.09.2025 17:00,8.08,74.11,74.7,,171.3875,997.1975,13.696000000000002,63.81333333333333,45.64,0,165.2171518445585
13.09.2025 18:00,8.08,108.1,74.7,,164.065,1302.4325,0.0,,45.64,0,232.9045520671069
13.09.2025 19:00,8.08,121.9,74.7,,110.27,1207.3675,13.725,91.33,45.64,0,246.7501337942995
13.09.2025 20:00,8.08,118.77,74.7,,96.44,1037.4525,80.428,71.81,2.52,0,244.16429500856523
13.09.2025 21:00,8.08,111.17,74.7,,89.9075,1033.605,0.001,103.245,2.52,0,244.87180066997684
13.09.2025 22:00,8.08,100.0,74.7,,95.1125,792.6725,2.356,82.9675,2.52,0,260.057301352575
13.09.2025 23:00,8.04,87.18,74.7,,91.2925,652.21,10.136,85.94749999999999,2.52,0,269.61333376485527
14.09.2025 00:00,8.04,85.69,74.7,,86.05,602.2225,19.032,81.13333333333334,7.0,0,269.3272894944243
14.09.2025 01:00,8.02,77.57,74.7,,78.225,517.735,30.377,79.3925,7.0,0,288.36161741324884
14.09.2025 02:00,8.02,80.61,74.7,,81.9825,478.8975,1.596,102.76,7.0,0,294.3634793453533
14.09.2025 03:00,8.02,85.93,74.7,,87.2025,556.3100000000001,4.655,80.52333333333333,7.0,0,299.306856499142
14.09.2025 04:00,8.02,93.77,74.7,,92.3875,580.5475,0.331,87.67,5.75,0,315.4547686119034
14.09.2025 05:00,8.02,99.82,74.7,,98.8925,638.0550000000001,0.072,93.55,5.75,0,322.92061176604693
14.09.2025 06:00,8.02,100.75,74.7,,104.02,858.5675,9.138,84.4675,5.75,0,317.17109741074955
14.09.2025 07:00,8.15,105.36,74.7,,93.8025,1368.585,2.496,106.78,5.75,0,292.4135694202872
14.09.2025 08:00,8.24,108.48,74.7,,75.2025,1339.52,5.033,72.47333333333334,39.3,0,262.9688197587691
14.09.2025 09:00,8.37,87.78,74.7,,55.447500000000005,1123.98,2.383,56.185,39.3,0,228.7808973425035
14.09.2025 10:00,8.37,61.68,74.7,,45.9025,1256.305,2.044,48.765,39.3,0,179.061775261454
14.09.2025 11:00,8.37,17.58,74.7,,22.57,1249.37,69.832,29.375,39.3,0,140.81291537472288
14.09.2025 12:00,8.37,6.52,74.7,,21.2425,1075.0925,199.078,-9.9125,87.77,0,123.57001176049592
14.09.2025 13:00,8.37,0.0,74.7,,25.965,1140.125,212.835,-14.66,87.77,0,118.09688130610304
14.09.2025 14:00,8.37,-0.01,74.7,,70.5325,1319.0,83.40100000000001,18.5875,87.77,0,116.28939610582202
14.09.2025 15:00,8.24,0.0,74.7,,95.2375,1204.38,36.12,13.28,87.77,0,124.72468919572196
14.09.2025 16:00,8.15,19.33,74.7,,152.7925,1379.3275,21.991,35.8,35.16,0,163.40300618403535
14.09.2025 17:00,8.06,98.2,74.7,,237.365,1409.315,3.932,73.7,35.16,0,240.63209627573457
14.09.2025 18:00,8.06,124.34,74.7,,160.7525,1240.5325,0.444,122.18,35.16,0,315.69101649005995
14.09.2025 19:00,8.06,153.29,74.7,,107.5475,1259.005,154.481,46.31333333333333,35.16,0,352.53980247329696
14.09.2025 20:00,8.06,126.01,74.7,,86.095,964.3575,9.88,90.9825,2.58,0,330.29445049281406
14.09.2025 21:00,8.06,97.37,74.7,,61.3525,893.365,2.768,86.235,2.58,0,288.6303359805277
14.09.2025 22:00,8.06,77.02,74.7,,19.365,715.4725000000001,19.775,50.895,2.58,0,235.21820764961888
14.09.2025 23:00,8.02,14.27,74.7,,19.335,697.5125,22.263,-0.1299999999999994,2.58,0,165.2682690418296
15.09.2025 00:00,8.02,20.0,74.7,,14.76,666.8675,223.392,-51.0,21.52,0,144.29472999069105
15.09.2025 01:00,8.33,3.87,74.7,,5.37,564.515,16.247,-18.5225,21.52,0,133.0722956770303
15.09.2025 02:00,8.33,1.39,74.7,,1.6225,500.5725,48.688,-34.559999999999995,21.52,0,126.50777227814056
15.09.2025 03:00,8.33,0.01,74.7,,9.7725,630.655,0.005,80.36333333333333,21.52,0,123.4643900975847
15.09.2025 04:00,8.33,0.0,74.7,,26.8225,843.53,0.339,5.59,22.2,0,122.30873074528492
15.09.2025 05:00,8.33,0.9,74.7,,34.0075,905.955,54.816,-22.925,22.2,0,120.43289136880097
15.09.2025 06:00,8.33,20.27,74.7,,33.115,991.305,0.0279999999999999,97.96666666666664,22.2,0,116.9464495027593
15.09.2025 07:00,8.51,54.31,74.7,,10.4475,1288.2425,41.065,36.705,22.2,0,113.96884961035391
15.09.2025 08:00,8.66,40.4,74.7,,1.2524999999999995,1070.16,110.544,-14.0875,58.61,0,116.1722827294866
15.09.2025 09:00,8.87,0.9,74.7,,0.92,949.48,44.912,1.1424999999999996,58.61,0,113.98802992872923
15.09.2025 10:00,8.87,-0.47,74.7,,0.2125,742.2725,45.444,-9.5,58.61,0,110.47641351160212
15.09.2025 11:00,8.87,-2.61,74.7,,-0.7324999999999999,700.335,210.338,-45.785,58.61,1,100.28981358544377
15.09.2025 12:00,8.87,-8.0,74.7,,-0.035,656.3399999999999,566.402,-50.27,103.74,1,99.14992235248116
15.09.2025 13:00,8.87,-14.27,74.7,,0.1449999999999998,739.5475,283.63800000000003,-20.24,103.74,1,97.71351953549797
15.09.2025 14:00,8.87,-13.7,74.7,,0.1775000000000002,974.63,246.543,-27.10333333333333,103.74,0,98.90504756356248
15.09.2025 15:00,8.66,-8.9,74.7,,12.6525,1460.12,165.765,-14.9425,103.74,1,98.41222743357494
15.09.2025 16:00,8.51,-5.24,74.7,,54.7725,1333.1374999999998,88.196,23.77,83.6,1,105.492658373162
15.09.2025 17:00,8.38,-0.53,74.7,,101.035,1421.0075,28.226000000000003,61.715,83.6,1,105.6070224904957
15.09.2025 18:00,8.38,14.01,74.7,,80.505,1531.5525,163.178,23.225,83.6,1,126.00283291570835
15.09.2025 19:00,8.38,53.93,74.7,,33.05,1403.67,3.913,96.62666666666668,83.6,0,150.9749756989633
15.09.2025 20:00,8.38,47.37,74.7,,19.485,1077.8475,154.62,25.5925,5.0,0,129.66301500437808
15.09.2025 21:00,8.38,5.33,74.7,,4.7775,786.545,119.611,16.447499999999998,5.0,0,122.27583303980694
15.09.2025 22:00,8.38,2.91,74.7,,3.3425,529.585,121.996,8.6625,5.0,0,123.17109472598555
15.09.2025 23:00,8.33,0.06,74.7,,1.73,446.33,127.901,10.5925,5.0,0,115.33835022915314
16.09.2025 00:00,8.33,-0.01,74.7,,0.2275,379.0125,38.894000000000005,0.9675000000000002,24.75,0,109.43239006130467
16.09.2025 01:00,8.33,-0.09,74.7,,0.32,382.2375,68.664,-6.596666666666668,24.75,0,107.73050294848944
16.09.2025 02:00,8.33,-0.23,74.7,,0.02,359.445,133.022,-1.7425000000000002,24.75,0,110.24603922982436
16.09.2025 03:00,8.33,-1.05,74.7,,2.2125000000000004,416.7725,84.306,-2.9075,24.75,0,111.7510695720029
16.09.2025 04:00,8.33,-1.33,74.7,,24.325,961.0925,18.19,10.583333333333334,21.57,0,110.94136390269357
16.09.2025 05:00,8.33,-0.01,74.7,,67.87,1275.6799999999998,7.668,66.08,21.57,0,112.32792600319884
16.09.2025 06:00,8.33,2.32,74.7,,66.15,1556.0825,0.179,106.5575,21.57,0,112.07009483435168
16.09.2025 07:00,8.51,16.21,74.7,,26.4,1514.5749999999998,46.138000000000005,36.7575,21.57,0,120.22900877277613
16.09.2025 08:00,8.66,3.81,74.7,,2.245,1083.6475,182.61,-23.4775,467.2,0,117.77405004911918
16.09.2025 09:00,8.87,-1.01,74.7,,-0.215,842.39,212.073,-109.225,467.2,0,103.575848323622
16.09.2025 10:00,8.87,-5.11,74.7,,-0.955,714.2225,51.334,18.7275,467.2,0,97.87702168786186
16.09.2025 11:00,8.87,-10.38,74.7,,-0.1049999999999999,654.19,42.978,18.8925,467.2,1,98.9796696641156
16.09.2025 12:00,8.87,-20.05,74.7,,-0.2149999999999999,733.0,110.328,-13.8525,159.94,1,100.82553628964918
16.09.2025 13:00,8.87,-18.03,74.7,,-1.0025,880.5225,141.45,-30.0925,159.94,1,97.41958491684233
16.09.2025 14:00,8.87,-11.17,74.7,,1.0049999999999997,1025.21,45.915,6.6425,159.94,0,100.43556770665528
16.09.2025 15:00,8.66,-9.99,74.7,,37.995000000000005,1366.0075,72.259,-14.3025,159.94,1,107.75776572684023
16.09.2025 16:00,8.51,-3.24,74.7,,110.1775,1512.7575,30.584,4.11,284.57,1,110.18681835615332
16.09.2025 17:00,8.38,0.0,74.7,,117.08,1020.93,42.744,14.83,284.57,1,119.24254764732162
16.09.2025 18:00,8.38,72.64,74.7,,109.1925,597.8025,87.02799999999999,27.7775,284.57,1,162.07201971096268
16.09.2025 19:00,8.38,103.33,74.7,,96.8975,228.4775,216.076,21.4625,284.57,0,176.92351540778262
16.09.2025 20:00,8.38,112.97,74.7,,82.8475,119.82,498.703,-21.1025,27.04,0,174.874432370898
16.09.2025 21:00,8.38,92.97,74.7,,70.8825,304.4775,31.782,29.73,27.04,0,156.94236844147758
16.09.2025 22:00,8.38,80.55,74.7,,74.0925,658.9975000000001,7.824999999999999,50.265,27.04,0,158.304511829885
16.09.2025 23:00,8.33,65.44,74.7,,77.10249999999999,654.335,24.281,63.3125,27.04,0,170.06481464720076
17.09.2025 00:00,8.33,70.8,74.7,,77.77250000000001,609.0025,38.282,55.470000000000006,25.18,0,153.24554716251322
17.09.2025 01:00,8.33,63.47,74.7,,78.30250000000001,732.1949999999999,1.177,92.675,25.18,0,180.6950453485105
17.09.2025 02:00,8.33,50.95,74.7,,80.1375,660.7725,4.098,78.665,25.18,0,193.79360084874867
17.09.2025 03:00,8.33,48.53,74.7,,94.9775,706.235,19.484,61.88249999999999,25.18,0,202.56202841098207
17.09.2025 04:00,8.33,60.01,74.7,,106.28,808.78,67.14099999999999,10.635,13.81,0,218.1308431331404
17.09.2025 05:00,8.33,73.82,74.7,,121.85,882.04,45.589,17.826666666666668,13.81,0,235.719204180979
17.09.2025 06:00,8.33,98.85,74.7,,122.32,1109.9425,2.318,95.08,13.81,0,238.76876213746291
17.09.2025 07:00,8.51,117.34,74.7,,92.0475,1362.0775,91.141,47.29333333333333,13.81,0,230.0616686955383
17.09.2025 08:00,8.66,112.74,74.7,,66.1825,1232.29,149.921,41.815,99.91,0,213.1550101658524
17.09.2025 09:00,8.87,95.14,74.7,,52.275,1342.985,184.603,33.2975,99.91,0,194.06742514105105
17.09.2025 10:00,8.87,69.14,74.7,,22.685,1346.6950000000002,534.681,3.475,99.91,0,161.48815731855416
17.09.2025 11:00,8.87,41.38,74.7,,7.905,1305.69,414.61,-39.932500000000005,99.91,1,149.22175956562137
17.09.2025 12:00,8.87,10.5,74.7,,4.4775,1269.425,75.041,2.452500000000001,100.77,1,139.40035921932147
17.09.2025 13:00,8.87,7.88,74.7,,52.4775,1302.35,69.404,3.4350000000000005,100.77,1,134.53456354117873
17.09.2025 14:00,8.87,10.59,74.7,,78.8375,1375.37,3.326,41.11,100.77,0,136.22288330752588
17.09.2025 15:00,8.66,43.09,74.7,,99.665,1306.6075,0.067,88.695,100.77,1,152.26775299326957
17.09.2025 16:00,8.51,81.17,74.7,,132.92000000000002,1195.7425,0.123,102.51,75.82,1,180.49994326839555
17.09.2025 17:00,8.38,110.0,74.7,,194.29,1452.0275,21.201,71.07,75.82,1,223.2965113238021
17.09.2025 18:00,8.38,123.31,74.7,,150.0675,1533.885,0.0,,75.82,1,263.6761587209224
17.09.2025 19:00,8.38,142.58,74.7,,104.34,1251.6075,209.628,70.3525,75.82,0,286.5530473093408
17.09.2025 20:00,8.38,123.52,74.7,,103.93,1246.85,63.003,64.335,10.0,0,282.9661612695647
17.09.2025 21:00,8.38,94.2,74.7,,71.7375,980.4525,371.401,23.1225,10.0,0,282.2044794016422
17.09.2025 22:00,8.38,86.1,74.7,,63.155,964.08,204.02,40.0825,10.0,0,257.45558013801343
17.09.2025 23:00,8.33,73.07,74.7,,47.165,587.03,26.852,65.6625,10.0,0,215.4444792135636
18.09.2025 00:00,8.33,53.12,74.7,,23.7275,596.5525,345.326,8.26,26.91,0,177.93480940142018
18.09.2025 01:00,8.33,48.29,74.7,,9.4775,715.5174999999999,351.857,-62.04,26.91,0,171.70609251635497
18.09.2025 02:00,8.33,38.47,74.7,,13.43,636.255,102.942,27.57,26.91,0,174.9877177917096
18.09.2025 03:00,8.33,37.96,74.7,,46.4725,768.63,10.043,60.53666666666667,26.91,0,176.73035125093548
18.09.2025 04:00,8.33,48.12,74.7,,92.1425,892.63,29.82,59.775,16.61,0,179.95918656435956
18.09.2025 05:00,8.33,74.15,74.7,,101.34,795.26,144.506,62.8025,16.61,0,188.7032228019409
18.09.2025 06:00,8.33,105.81,74.7,,103.0925,1014.3975,65.22800000000001,72.045,16.61,0,210.5447105593332
18.09.2025 07:00,8.51,117.21,74.7,,75.885,1256.8425,0.32,102.21,16.61,0,210.616844822512
18.09.2025 08:00,8.66,111.28,74.7,,39.29,1359.8975,15.034,53.1375,76.67,0,187.58193874669377
18.09.2025 09:00,8.87,90.8,74.7,,0.0849999999999999,1020.895,7.206,19.82,76.67,0,159.42558262248411
18.09.2025 10:00,8.87,65.1,74.7,,-1.6050000000000002,829.6475,36.545,2.0375,76.67,0,128.51724874740358
18.09.2025 11:00,8.87,5.89,74.7,,-7.2775,933.84,51.374,4.615,76.67,1,118.93929716782694
18.09.2025 12:00,8.87,0.2,74.7,,-12.0275,955.035,360.43,-61.8025,97.05,1,114.65477344244742
18.09.2025 13:00,8.87,0.0,74.7,,-10.765,1091.0325,46.877,-2.2350000000000003,97.05,1,117.00710421941888
18.09.2025 14:00,8.87,0.0,74.7,,2.055000000000001,963.9175,131.877,-6.69,97.05,0,120.2327625952296
18.09.2025 15:00,8.66,0.52,74.7,,68.52250000000001,1156.9075,177.30700000000002,-6.965,97.05,1,125.20607052262854
18.09.2025 16:00,8.51,15.31,74.7,,114.0875,1359.615,271.57800000000003,-18.3325,57.25,1,143.9285633770135
18.09.2025 17:00,8.38,89.79,74.7,,128.7225,1036.8675,26.573,18.39,57.25,1,186.3707056694645
18.09.2025 18:00,8.38,115.45,74.7,,119.3025,1258.835,3.859,104.37,57.25,1,253.2279596278678
18.09.2025 19:00,8.38,134.23,74.7,,94.57,1055.0475,11.621,100.74666666666668,57.25,0,267.97545237520467
18.09.2025 20:00,8.38,128.68,74.7,,98.7175,922.965,0.032,112.9525,11.07,0,261.4244071602587
18.09.2025 21:00,8.38,110.0,74.7,,86.54249999999999,673.755,4.517,100.3725,11.07,0,262.18324535490035
18.09.2025 22:00,8.38,98.94,74.7,,88.1825,576.105,44.765,69.2625,11.07,0,266.07834465731173
18.09.2025 23:00,8.33,88.2,74.7,,92.785,515.5275,4.277,79.515,11.07,0,264.75682892643226
19.09.2025 00:00,8.33,74.09,74.7,,89.71000000000001,444.5750000000001,1.737,81.7275,20.79,0,266.4762926200749
19.09.2025 01:00,8.33,72.47,74.7,,89.71000000000001,537.1375,2.8150000000000004,63.89333333333334,20.79,0,281.5411267193785
19.09.2025 02:00,8.33,73.45,74.7,,97.6425,587.3725,1.519,83.4825,20.79,0,287.02123981397443
19.09.2025 03:00,8.33,73.7,74.7,,111.7225,672.0975,6.957,82.705,20.79,0,297.9802807155538
19.09.2025 04:00,8.33,74.02,74.7,,151.59,1106.2725,28.413,65.22,10.3,0,307.6516399862085
19.09.2025 05:00,8.33,89.59,74.7,,183.2625,1147.36,17.886,91.5875,10.3,0,325.99769790355504
19.09.2025 06:00,8.33,118.92,74.7,,120.59,1222.3175,1.538,107.37,10.3,0,325.71704092529416
19.09.2025 07:00,8.51,143.42,74.7,,94.01,1316.2624999999998,3.322,91.0275,10.3,0,304.1170393007387
19.09.2025 08:00,8.66,118.29,74.7,,64.695,1396.33,0.681,90.325,270.72,0,289.5110643222751
19.09.2025 09:00,8.87,95.18,74.7,,18.3775,1149.8875,4.286,75.91,270.72,0,241.21249747560643
19.09.2025 10:00,8.87,53.7,74.7,,1.715,1146.5500000000002,7.947000000000001,44.7875,270.72,0,163.60289562817678
19.09.2025 11:00,8.87,13.03,74.7,,-8.3075,1059.685,100.719,6.5875,270.72,1,137.53877082412964
19.09.2025 12:00,8.87,0.99,74.7,,-9.2475,965.1375,79.328,1.8225,100.72,1,129.63791500969216
19.09.2025 13:00,8.87,0.0,74.7,,2.6500000000000004,979.0975,19.515,17.9325,100.72,1,131.51473108059545
19.09.2025 14:00,8.87,0.0,74.7,,55.505,1230.8825,3.364,60.06,100.72,0,136.2397314364981
19.09.2025 15:00,8.66,11.97,74.7,,105.2475,1354.595,0.205,104.30666666666666,100.72,1,153.389444452537
19.09.2025 16:00,8.51,74.46,74.7,,168.9075,1294.5825,3.53,100.25333333333332,48.96,1,217.32451753497773
19.09.2025 17:00,8.38,119.44,74.7,,175.20499999999998,1337.6325000000002,64.779,67.18333333333334,48.96,1,339.33935214210567
19.09.2025 18:00,8.38,255.21,74.7,,136.54,1491.74,7.584,89.025,48.96,1,431.80837150005794
19.09.2025 19:00,8.38,409.24,74.7,,98.87,1380.0075,118.744,53.35999999999999,48.96,0,459.2874073028567
19.09.2025 20:00,8.38,167.59,74.7,,85.65,1029.2375000000002,135.41199999999998,60.145,6.66,0,432.3993463974479
19.09.2025 21:00,8.38,111.82,74.7,,73.2725,713.8025,261.96000000000004,45.447500000000005,6.66,0,386.510976033427
19.09.2025 22:00,8.38,86.04,74.7,,77.7125,739.5575,95.126,60.8175,6.66,0,335.92260514726206
19.09.2025 23:00,8.33,78.93,74.7,,71.045,585.3925,184.026,32.125,6.66,0,292.76481010944286
20.09.2025 00:00,8.33,87.24,74.7,,61.89,510.5725,79.476,51.035,14.52,0,251.9882434164031
20.09.2025 01:00,8.04,77.91,74.7,,67.065,513.9225,142.473,48.64,14.52,0,227.9878427002296
20.09.2025 02:00,8.04,74.99,74.7,,69.39750000000001,476.235,0.062,94.9725,14.52,0,220.59539993353616
20.09.2025 03:00,8.04,74.8,74.7,,72.5575,478.1775,35.519,73.3275,14.52,0,220.86869077520785
20.09.2025 04:00,8.04,74.79,74.7,,78.3075,529.9024999999999,126.671,49.555,8.8,0,226.7253763967701
20.09.2025 05:00,8.04,80.21,74.7,,73.76,673.94,44.701,58.81999999999999,8.8,0,233.32864285672804
20.09.2025 06:00,8.04,88.51,74.7,,62.125,923.885,11.289,79.3925,8.8,0,232.4723733562691
20.09.2025 07:00,8.17,86.97,74.7,,14.315,1121.3875,41.979,40.1475,8.8,0,220.04799738715653
20.09.2025 08:00,8.26,75.29,74.7,,0.1474999999999999,936.435,16.738,19.2175,77.81,0,167.90119347328022
20.09.2025 09:00,8.39,24.9,74.7,,-5.42,1048.405,80.95100000000001,35.803333333333335,77.81,0,131.56872601713755
20.09.2025 10:00,8.39,3.02,74.7,,-7.1225,768.24,26.534,32.955,77.81,0,125.84354375848817
20.09.2025 11:00,8.39,-0.28,74.7,,-6.9625,600.0675,28.251,37.3825,77.81,0,121.19034422854978
20.09.2025 12:00,8.39,-6.1,74.7,,-5.8575,682.2175,80.664,0.3125000000000001,89.16,0,119.4376689767924
20.09.2025 13:00,8.39,-10.86,74.7,,0.5874999999999999,917.4225,9.908,37.56666666666667,89.16,0,119.81211742892565
20.09.2025 14:00,8.39,-5.1,74.7,,36.755,1402.4975,11.584,49.1625,89.16,0,119.28668175708135
20.09.2025 15:00,8.26,-0.04,74.7,,89.78999999999999,1345.7375000000002,6.073,22.505000000000003,89.16,0,121.29841825205672
20.09.2025 16:00,8.17,26.36,74.7,,132.645,1494.4925,0.028,91.13,38.4,0,143.14927206949454
20.09.2025 17:00,8.08,93.84,74.7,,175.3225,1403.94,8.756,76.69333333333333,38.4,0,210.7351343959984
20.09.2025 18:00,8.08,124.58,74.7,,114.19,1538.8525,62.961,45.1,38.4,0,261.30334688365804
20.09.2025 19:00,8.08,134.1,74.7,,88.8325,1256.625,14.27,61.0875,38.4,0,270.05513372208407
20.09.2025 20:00,8.08,99.08,74.7,,86.545,978.99,6.7410000000000005,78.49000000000001,5.58,0,256.0068114642292
20.09.2025 21:00,8.08,81.95,74.7,,87.3325,1099.3475,2.7110000000000003,79.64333333333333,5.58,0,238.80985521616915
20.09.2025 22:00,8.08,74.5,74.7,,50.4125,921.705,1.514,69.78333333333335,5.58,0,224.70542872662463
20.09.2025 23:00,8.04,48.3,74.7,,18.28,828.36,7.886,41.28,5.58,0,219.0487259624861
21.09.2025 00:00,8.04,8.07,74.7,,12.2425,644.9275,0.0,86.73,18.91,0,196.0387388206425
21.09.2025 01:00,8.02,3.7,74.7,,21.65,618.6525,5.682,43.3475,18.91,0,176.2040589559375
21.09.2025 02:00,8.02,3.46,74.7,,33.6225,723.51,24.334,13.52,18.91,0,175.0691955311919
21.09.2025 03:00,8.02,1.65,74.7,,23.5975,707.51,9.569,51.89,18.91,0,179.09494264815476
21.09.2025 04:00,8.02,2.08,74.7,,31.4625,725.5575,100.693,21.83,19.25,0,192.6611712634077
21.09.2025 05:00,8.02,3.23,74.7,,22.1225,805.0675,115.223,50.63666666666666,19.25,0,200.1657394690518
21.09.2025 06:00,8.02,4.41,74.7,,9.6775,965.06,315.84000000000003,-57.6575,19.25,0,190.223707188155
21.09.2025 07:00,8.15,5.23,74.7,,-0.6675,864.2475,226.608,-28.03,19.25,0,177.59158335174862
21.09.2025 08:00,8.24,3.01,74.7,,-8.592500000000001,890.81,30.426,11.84,63.74,0,156.37609074255647
21.09.2025 09:00,8.37,1.31,74.7,,-14.6175,867.1925,279.00800000000004,-43.05,63.74,0,144.3769009974679
21.09.2025 10:00,8.37,0.0,74.7,,-28.0175,779.9725000000001,57.706,17.1675,63.74,0,134.7213172719019
21.09.2025 11:00,8.37,-0.09,74.7,,-36.415,815.8175,187.478,-43.8025,63.74,0,125.67735630714996
21.09.2025 12:00,8.37,-1.2,74.7,,-27.97,937.16,157.778,-41.2125,80.86,0,123.95887638421034
21.09.2025 13:00,8.37,-2.02,74.7,,-14.335,979.1175,162.25,-42.16,80.86,0,130.08823191797828
21.09.2025 14:00,8.37,-1.31,74.7,,1.1125000000000007,1032.085,1.409,25.915,80.86,0,140.0885685528716
21.09.2025 15:00,8.24,-0.01,74.7,,73.235,1381.205,0.081,69.925,80.86,0,149.54359928681447
21.09.2025 16:00,8.15,9.47,74.7,,107.7375,1290.74,6.694000000000001,61.22666666666667,39.25,0,163.5962294999314
21.09.2025 17:00,8.06,85.18,74.7,,108.2775,1096.7375,29.162,57.3575,39.25,0,207.7633597646816
21.09.2025 18:00,8.06,113.96,74.7,,102.705,994.6325,1.344,93.64,39.25,0,250.71748256429672
21.09.2025 19:00,8.06,120.57,74.7,,97.11,727.03,2.223,90.98,39.25,0,273.3969095655554
21.09.2025 20:00,8.06,118.84,74.7,,90.29,705.715,23.415,65.315,4.69,0,300.508885830648
21.09.2025 21:00,8.06,104.68,74.7,,80.34,715.335,31.357,56.5625,4.69,0,318.3989569827525
21.09.2025 22:00,8.06,96.35,74.7,,80.88,506.6875,3.849,73.5575,4.69,0,334.2492902756932
21.09.2025 23:00,8.02,91.68,74.7,,80.4925,388.505,0.0,78.1,4.69,0,329.83337500334034
22.09.2025 00:00,8.02,87.33,74.7,,79.36,450.61,1.567,72.68666666666667,22.23,0,331.5780081250212
22.09.2025 01:00,8.33,83.57,74.7,,74.715,439.395,6.856,71.795,22.23,0,332.3689721950493
22.09.2025 02:00,8.33,79.21,74.7,,68.52,653.935,12.914,64.2925,22.23,0,324.2349707597358
22.09.2025 03:00,8.33,79.21,74.7,,75.225,756.2049999999999,9.68,70.965,22.23,0,314.4897291346598
22.09.2025 04:00,8.33,80.35,74.7,,90.5,849.37,5.866,74.0125,16.73,0,323.0103822258786
22.09.2025 05:00,8.33,93.59,74.7,,105.1275,773.935,15.082,71.735,16.73,0,342.33760794409113
22.09.2025 06:00,8.33,118.69,74.7,,109.1125,953.5275,0.742,98.0,16.73,0,357.1128121163033
22.09.2025 07:00,8.51,130.0,74.7,,93.1975,1162.4375,0.119,81.09,16.73,0,351.19604792364214
22.09.2025 08:00,8.66,130.0,74.7,,82.56,1182.23,0.244,85.03,40.87,0,347.933322501809
22.09.2025 09:00,8.87,108.57,74.7,,72.89,1132.83,44.159,46.8075,40.87,0,343.5310471452964
22.09.2025 10:00,8.87,91.82,74.7,,42.2275,1096.585,209.123,11.2525,40.87,0,307.40322347752294
22.09.2025 11:00,8.87,77.86,74.7,,22.5425,1106.375,34.905,44.13,40.87,1,245.67864314032963
22.09.2025 12:00,8.87,74.04,74.7,,39.56,1064.3225,5.582999999999999,60.7,65.16,1,201.31939765638765
22.09.2025 13:00,8.87,71.17,74.7,,52.81,1180.21,116.576,13.755,65.16,1,196.76011891967084
22.09.2025 14:00,8.87,70.23,74.7,,73.0375,1275.025,12.543,43.425,65.16,0,202.22650886704568
22.09.2025 15:00,8.66,78.39,74.7,,92.5575,949.5225,91.866,26.825,65.16,1,226.6585789128944
22.09.2025 16:00,8.51,84.79,74.7,,115.3975,952.345,49.325,39.57,159.55,1,290.84589888373847
22.09.2025 17:00,8.38,100.13,74.7,,136.335,828.935,10.981,85.465,159.55,1,361.1164599005833
22.09.2025 18:00,8.38,128.08,74.7,,118.8725,1033.5549999999998,160.504,48.3325,159.55,1,402.1116971751932
22.09.2025 19:00,8.38,140.92,74.7,,103.8875,901.8675,64.887,65.2125,159.55,0,403.5549085041481
22.09.2025 20:00,8.38,130.0,74.7,,95.34,794.605,40.181,61.26666666666667,6.16,0,423.5203605238876
22.09.2025 21:00,8.38,114.24,74.7,,85.47749999999999,612.63,20.151,62.79999999999999,6.16,0,447.3633063944589
22.09.2025 22:00,8.38,97.72,74.7,,91.22,555.925,10.52,77.265,6.16,0,449.9538395610782
22.09.2025 23:00,8.33,89.99,74.7,,88.8875,468.825,162.227,72.42,6.16,0,449.59546036097856
23.09.2025 00:00,8.33,88.6,74.7,,88.2675,380.2000000000001,82.578,78.9025,14.63,0,465.94009512781497
23.09.2025 01:00,8.33,90.0,74.7,,88.4275,396.605,79.719,77.91499999999999,14.63,0,480.7828982811221
23.09.2025 02:00,8.33,89.73,74.7,,91.1925,516.6625,8.568999999999999,84.83,14.63,0,482.2200725381205
23.09.2025 03:00,8.33,89.93,74.7,,97.3175,633.4549999999999,139.72099999999998,73.27250000000001,14.63,0,489.4160447641681
23.09.2025 04:00,8.33,91.34,74.7,,130.075,801.51,0.408,107.98333333333332,9.47,0,491.79838423297423
23.09.2025 05:00,8.33,98.11,74.7,,189.27,1138.5125,15.202,71.27,9.47,0,501.7779433667854
23.09.2025 06:00,8.33,122.01,74.7,,171.6875,1144.725,15.031,110.4675,9.47,0,475.53593348251593
23.09.2025 07:00,8.51,172.36,74.7,,114.0325,1309.35,47.784,80.9225,9.47,0,452.3797997430824
23.09.2025 08:00,8.66,162.8,74.7,,88.03,1067.2,4.315,87.6275,92.2,0,436.2441971806783
23.09.2025 09:00,8.87,125.76,74.7,,75.85,984.3675,6.895999999999999,62.620000000000005,92.2,0,399.7820830356322
23.09.2025 10:00,8.87,93.92,74.7,,63.14,961.3,0.17,99.30666666666669,92.2,0,338.6305961130971
23.09.2025 11:00,8.87,85.51,74.7,,67.77250000000001,994.41,7.638,102.3725,92.2,1,287.2179992931889
23.09.2025 12:00,8.87,77.54,74.7,,79.34,980.3925,7.625,80.46666666666667,167.35,1,263.89341353461833
23.09.2025 13:00,8.87,74.24,74.7,,89.75,1028.62,0.794,81.39,167.35,1,263.13425178197974
23.09.2025 14:00,8.87,74.25,74.7,,94.53,1078.3525,49.152,87.02,167.35,0,273.0768939501799
23.09.2025 15:00,8.66,84.11,74.7,,116.3225,1121.2575,92.216,68.95,167.35,1,302.59467749495167
23.09.2025 16:00,8.51,85.76,74.7,,157.78750000000002,1112.21,229.561,53.745,38.0,1,349.8938083558873
23.09.2025 17:00,8.38,102.9,74.7,,213.245,753.4675,5.878,88.85,38.0,1,401.22419396493774
23.09.2025 18:00,8.38,136.83,74.7,,123.31,771.29,0.214,122.98,38.0,1,429.3097493145806
23.09.2025 19:00,8.38,149.58,74.7,,106.0225,706.1274999999999,248.567,56.505,38.0,0,421.7279434465783
23.09.2025 20:00,8.38,115.81,74.7,,90.505,685.31,219.356,58.6375,4.4,0,410.0276318156849
23.09.2025 21:00,8.38,94.0,74.7,,80.4675,612.84,22.513,80.115,4.4,0,389.5952429680052
23.09.2025 22:00,8.38,84.91,74.7,,81.405,466.57,21.12,73.5775,4.4,0,358.4069171599882
23.09.2025 23:00,8.33,84.1,74.7,,74.8375,536.385,44.14,67.2225,4.4,0,342.8951464680492
24.09.2025 00:00,8.33,82.67,74.7,,74.39,371.4625,7.638,78.4575,11.49,0,329.8099307062207
24.09.2025 01:00,8.33,82.32,74.7,,69.7575,451.015,206.79,44.5825,11.49,0,321.2777852891284
24.09.2025 02:00,8.33,81.61,74.7,,69.95750000000001,450.855,0.143,84.25,11.49,0,320.5389783126663
24.09.2025 03:00,8.33,77.95,74.7,,76.8125,507.0975,4.475,75.37333333333333,11.49,0,312.2840312875506
24.09.2025 04:00,8.33,78.59,74.7,,91.98,733.985,34.771,64.595,9.68,0,312.7980291843836
24.09.2025 05:00,8.33,82.67,74.7,,110.81,728.9025,60.778,66.6925,9.68,0,319.0549598507006
24.09.2025 06:00,8.33,109.76,74.7,,111.43,877.9675,47.461,85.2125,9.68,0,331.2364027750797
24.09.2025 07:00,8.51,118.01,74.7,,79.7525,937.065,0.146,98.39333333333332,9.68,0,314.9090518481562
24.09.2025 08:00,8.66,120.45,74.7,,69.72,1138.4,0.0,,354.0,0,306.30336694335506
24.09.2025 09:00,8.87,107.0,74.7,,59.86,1207.485,97.724,36.205,354.0,0,286.5780560204531
24.09.2025 10:00,8.87,85.54,74.7,,32.410000000000004,1303.045,170.179,-11.4375,354.0,0,251.44061938947112
24.09.2025 11:00,8.87,70.09,74.7,,28.6,1291.8625,0.179,49.98,354.0,1,199.9037852900457
24.09.2025 12:00,8.87,27.1,74.7,,39.9825,1127.4175,0.994,31.45,379.0,1,167.6244728152788
24.09.2025 13:00,8.87,10.66,74.7,,63.7825,1182.9975,7.912,52.56,379.0,1,164.4646246787664
24.09.2025 14:00,8.87,9.9,74.7,,74.715,1097.5475,117.196,18.975,379.0,0,168.83031156985646
24.09.2025 15:00,8.66,15.0,74.7,,86.955,1022.41,293.91200000000003,-32.0025,379.0,1,177.14439636567144
24.09.2025 16:00,8.51,66.1,74.7,,108.1725,960.71,0.0,104.21,246.63,1,194.53374718234423
24.09.2025 17:00,8.38,85.69,74.7,,128.08249999999998,1094.7525,0.0,,246.63,1,231.39362878839196
24.09.2025 18:00,8.38,113.08,74.7,,107.3325,1220.775,57.519,73.6375,246.63,1,263.51008576913785
24.09.2025 19:00,8.38,115.93,74.7,,82.965,1056.7925,58.602,59.0225,246.63,0,256.60433038986577
24.09.2025 20:00,8.38,113.95,74.7,,73.2775,912.3,4.4030000000000005,73.23,7.17,0,255.2175816552316
24.09.2025 21:00,8.38,91.29,74.7,,73.335,687.1424999999999,20.807,54.83,7.17,0,238.9499128721814
24.09.2025 22:00,8.38,85.5,74.7,,61.38,722.54,99.278,18.81,7.17,0,225.35505910228392
24.09.2025 23:00,8.33,69.68,74.7,,55.0375,521.09,34.8,46.1075,7.17,0,204.96160660123732
25.09.2025 00:00,8.33,73.3,74.7,,53.69,483.3475,51.062,25.36,16.51,0,185.99432261850484
25.09.2025 01:00,8.33,69.69,74.7,,57.8475,442.3175,27.133,45.965,16.51,0,180.89549668929183
25.09.2025 02:00,8.33,67.81,74.7,,62.82,515.9525,13.261,69.3125,16.51,0,183.42222543510303
25.09.2025 03:00,8.33,68.09,74.7,,71.795,576.7325000000001,0.673,57.735,16.51,0,183.8879682667678
25.09.2025 04:00,8.33,71.69,74.7,,94.12,704.1675,1.328,71.1425,13.5,0,195.9849989018517
25.09.2025 05:00,8.33,77.33,74.7,,105.7075,776.1775,2.651,63.685,13.5,0,225.6883022345504
25.09.2025 06:00,8.33,108.55,74.7,,115.8,813.1175000000001,0.902,95.46,13.5,0,243.54817771614557
25.09.2025 07:00,8.51,124.26,74.7,,109.88,1071.86,0.012,114.95666666666666,13.5,0,238.78618330658816
25.09.2025 08:00,8.66,124.99,74.7,,102.7575,1364.7825,6.801,78.745,93.69,0,230.02073966463496
25.09.2025 09:00,8.87,104.88,74.7,,98.995,1259.2125,13.614,75.0075,93.69,0,229.78547866373592
25.09.2025 10:00,8.87,77.95,74.7,,84.30250000000001,1287.9625,23.634,45.025,93.69,0,226.1443683589316
25.09.2025 11:00,8.87,69.24,74.7,,76.5525,1208.195,1.376,98.12666666666668,93.69,1,226.0517857887572
25.09.2025 12:00,8.87,38.18,74.7,,79.55250000000001,1003.29,0.475,84.82,118.23,1,213.76420242167177
25.09.2025 13:00,8.87,16.03,74.7,,86.175,1118.4475,0.243,98.81,118.23,1,206.36638156634743
25.09.2025 14:00,8.87,20.1,74.7,,98.5475,1331.2125,47.543,70.76,118.23,0,216.51836252662892
25.09.2025 15:00,8.66,43.66,74.7,,106.0575,1140.1175,105.394,60.275,118.23,1,221.51390841625107
25.09.2025 16:00,8.51,75.0,74.7,,138.8975,1147.8725,1.84,82.39,74.72,1,234.1982451298923
25.09.2025 17:00,8.38,88.79,74.7,,153.385,1118.0725,9.977,104.8375,74.72,1,269.2856583388431
25.09.2025 18:00,8.38,117.04,74.7,,131.51749999999998,1227.82,117.656,74.72333333333334,74.72,1,276.7193467898665
25.09.2025 19:00,8.38,121.47,74.7,,106.9425,898.1475,5.603,91.31666666666666,74.72,0,278.75792760449576
25.09.2025 20:00,8.38,123.75,74.7,,96.015,721.985,44.742,67.4275,5.0,0,280.89901437002806
25.09.2025 21:00,8.38,105.83,74.7,,86.7225,631.205,2.206,84.19666666666667,5.0,0,286.72443916751195
25.09.2025 22:00,8.38,94.77,74.7,,87.695,779.315,67.729,57.555,5.0,0,299.095623409872
25.09.2025 23:00,8.33,81.09,74.7,,86.55,581.0225,1.119,79.24,5.0,0,299.1036267779641
26.09.2025 00:00,8.33,78.48,74.7,,87.5,476.935,1.147,80.27,12.8,0,294.1003783614775
26.09.2025 01:00,8.33,75.0,74.7,,88.89,558.4475,0.932,79.705,12.8,0,301.2471669177376
26.09.2025 02:00,8.33,73.17,74.7,,94.8875,632.6225,0.277,89.65,12.8,0,308.49468912424123
26.09.2025 03:00,8.33,73.18,74.7,,101.825,679.5825,0.053,102.66666666666669,12.8,0,314.43039319267166
26.09.2025 04:00,8.33,74.93,74.7,,119.895,908.705,0.186,88.285,9.18,0,328.23637784047656
26.09.2025 05:00,8.33,82.0,74.7,,133.4225,794.9225,1.342,88.66,9.18,0,345.77740992712216
26.09.2025 06:00,8.33,107.74,74.7,,148.0625,1039.265,0.702,97.92,9.18,0,344.0217911588429
26.09.2025 07:00,8.51,120.33,74.7,,125.27,1223.35,0.631,116.665,9.18,0,330.71855369972974
26.09.2025 08:00,8.66,123.56,74.7,,99.735,1191.0825,2.308,98.055,62.3,0,313.1165731790943
26.09.2025 09:00,8.87,110.41,74.7,,84.38,796.125,0.797,92.15,62.3,0,305.9345354154436
26.09.2025 10:00,8.87,89.84,74.7,,104.8425,992.5525,0.0,108.19,62.3,0,288.3877243519226
26.09.2025 11:00,8.87,85.36,74.7,,97.01,1093.635,5.015000000000001,83.63499999999999,62.3,1,258.1365091142691
26.09.2025 12:00,8.87,78.96,74.7,,88.2475,1070.2925,14.232,93.44333333333331,73.26,1,250.1260898209325
26.09.2025 13:00,8.87,73.16,74.7,,82.055,1011.305,105.247,86.5575,73.26,1,251.1506152294682
26.09.2025 14:00,8.87,75.05,74.7,,82.4625,1164.635,369.631,44.285,73.26,0,249.02167850948987
26.09.2025 15:00,8.66,79.99,74.7,,98.5975,1210.5175,26.046,71.1225,73.26,1,257.48050956553874
26.09.2025 16:00,8.51,98.81,74.7,,121.4925,1062.3125,9.553,87.905,44.17,1,288.2215799696021
26.09.2025 17:00,8.38,109.8,74.7,,121.0725,1011.46,36.904,82.305,44.17,1,321.5014556530349
26.09.2025 18:00,8.38,123.65,74.7,,112.01,1072.61,0.0,,44.17,1,325.17849662749813
26.09.2025 19:00,8.38,133.02,74.7,,100.36,903.155,0.0,116.95,44.17,0,318.0396376399044
26.09.2025 20:00,8.38,119.61,74.7,,103.0275,710.8925,1.965,103.7,3.89,0,328.39450204964527
26.09.2025 21:00,8.38,106.21,74.7,,92.965,614.4475,0.527,73.31,3.89,0,343.33339653053207
26.09.2025 22:00,8.38,96.9,74.7,,91.48,619.2425,2.251,83.89,3.89,0,348.8630406324804
26.09.2025 23:00,8.33,89.9,74.7,,90.3225,541.0725,0.053,86.18333333333334,3.89,0,355.608775436471
27.09.2025 00:00,8.33,84.99,74.7,,91.1625,458.28,2.127,85.545,9.69,0,352.68186964527507
27.09.2025 01:00,8.04,83.26,74.7,,98.3175,656.0174999999999,0.6,92.56,9.69,0,366.2427047673455
27.09.2025 02:00,8.04,82.7,74.7,,98.4,643.785,8.175,85.0,9.69,0,374.8188830671984
27.09.2025 03:00,8.04,82.51,74.7,,100.1,595.265,3.706,92.2775,9.69,0,374.4271481877946
27.09.2025 04:00,8.04,85.28,74.7,,102.6625,657.0225,0.164,93.1,7.79,0,379.8440976787407
27.09.2025 05:00,8.04,89.19,74.7,,102.955,618.01,8.044,81.88333333333333,7.79,0,394.9747521326712
27.09.2025 06:00,8.04,90.57,74.7,,105.99,736.035,0.795,90.70333333333332,7.79,0,389.5020026001005
27.09.2025 07:00,8.17,105.45,74.7,,103.6125,933.4175,0.043,102.59,7.79,0,377.9619851551065
27.09.2025 08:00,8.26,109.71,74.7,,99.265,978.5075,1.96,92.445,45.02,0,352.29496253329904
27.09.2025 09:00,8.39,96.92,74.7,,89.255,994.3475,7.745999999999999,80.095,45.02,0,331.814564652321
27.09.2025 10:00,8.39,87.86,74.7,,85.585,1091.1975,0.0,92.99,45.02,0,290.31572284114344
27.09.2025 11:00,8.39,75.0,74.7,,84.5,1073.205,1.131,91.84,45.02,0,265.6854550903086
27.09.2025 12:00,8.39,59.77,74.7,,83.8625,1058.5275,1.931,90.615,62.49,0,259.0895973145598
27.09.2025 13:00,8.39,36.11,74.7,,84.91,989.6525,0.387,95.11,62.49,0,257.5946159102056
27.09.2025 14:00,8.39,48.54,74.7,,93.9425,962.715,0.0,,62.49,0,258.3139053702787
27.09.2025 15:00,8.26,78.22,74.7,,108.6975,1018.28,5.67,78.85499999999999,62.49,0,276.07040806251604
27.09.2025 16:00,8.17,93.1,74.7,,124.895,1023.2925,28.321,71.89,31.01,0,323.6851092270671
27.09.2025 17:00,8.08,112.01,74.7,,127.955,866.965,0.277,101.705,31.01,0,386.6313084396012
27.09.2025 18:00,8.08,133.35,74.7,,117.245,829.8225,0.833,113.3,31.01,0,418.85435390842287
27.09.2025 19:00,8.08,148.61,74.7,,114.385,738.765,1.084,107.145,31.01,0,416.0354967712427
27.09.2025 20:00,8.08,122.53,74.7,,114.005,696.26,5.459,95.0125,3.25,0,435.1780003321454
27.09.2025 21:00,8.08,114.4,74.7,,108.87,583.8299999999999,0.273,92.99,3.25,0,450.21345777557104
27.09.2025 22:00,8.08,107.56,74.7,,108.665,590.015,14.33,83.8475,3.25,0,466.3037782653846
27.09.2025 23:00,8.04,99.54,74.7,,97.8375,485.1775,5.922,82.6475,3.25,0,484.8484242651102
28.09.2025 00:00,8.04,97.56,74.7,,97.8,353.5475,17.552,74.8275,7.59,0,497.4869145220629
28.09.2025 01:00,8.02,95.31,74.7,,99.66,363.295,0.413,87.24666666666667,7.59,0,511.21704300202566
28.09.2025 02:00,8.02,94.32,74.7,,101.61,311.495,0.82,101.15,7.59,0,529.4172980901648
28.09.2025 03:00,8.02,91.47,74.7,,101.0875,324.6175,0.489,88.98,7.59,0,541.7297006173395
28.09.2025 04:00,8.02,97.77,74.7,,100.44,436.845,0.016,86.19,6.43,0,548.4295930871269
28.09.2025 05:00,8.02,97.58,74.7,,105.0,519.8725,0.359,93.25333333333332,6.43,0,551.6054926778968
28.09.2025 06:00,8.02,100.91,74.7,,98.5975,691.0525,7.692000000000001,85.945,6.43,0,547.2461534878463
28.09.2025 07:00,8.15,105.79,74.7,,90.64,942.4725,0.049,81.42,6.43,0,526.061152965832
28.09.2025 08:00,8.24,98.77,74.7,,81.64500000000001,1105.11,0.007,91.06,43.06,0,453.51696694827314
28.09.2025 09:00,8.37,95.04,74.7,,52.005,1112.735,0.877,66.655,43.06,0,352.46151302608985
28.09.2025 10:00,8.37,82.08,74.7,,22.3275,1079.295,67.215,38.545,43.06,0,271.3878124240146
28.09.2025 11:00,8.37,37.47,74.7,,3.95,1075.1925,138.178,-2.4475,43.06,0,210.9507376709344
28.09.2025 12:00,8.37,17.11,74.7,,0.8399999999999999,967.6225,11.821,29.545,89.43,0,185.16268870210493
28.09.2025 13:00,8.37,8.53,74.7,,40.71,1208.1950000000002,5.843,68.8425,89.43,0,183.86657899641065
28.09.2025 14:00,8.37,13.0,74.7,,89.48,1286.5125,13.177,76.49666666666667,89.43,0,192.75691692924957
28.09.2025 15:00,8.24,61.33,74.7,,109.3325,1084.4625,0.295,136.16333333333333,89.43,0,227.6414553940517
28.09.2025 16:00,8.15,86.0,74.7,,128.57999999999998,959.5975,29.397,62.1725,28.42,0,325.1437285251582
28.09.2025 17:00,8.06,105.89,74.7,,139.8075,951.4275,0.4,100.51,28.42,0,435.8470790019948
28.09.2025 18:00,8.06,131.02,74.7,,115.23,967.985,37.376,75.9,28.42,0,499.5451306553926
28.09.2025 19:00,8.06,137.97,74.7,,104.6775,683.135,20.135,79.545,28.42,0,470.2391380419393
28.09.2025 20:00,8.06,125.93,74.7,,107.57,741.0725,2.088,89.25333333333333,3.0,0,473.7407356416464
28.09.2025 21:00,8.06,113.51,74.7,,94.2025,594.48,0.4669999999999999,97.66,3.0,0,475.8846033458668
28.09.2025 22:00,8.06,102.29,74.7,,94.07,561.76,0.498,89.06,3.0,0,484.02543159198416
28.09.2025 23:00,8.02,95.74,74.7,,91.1875,374.87,10.102,80.54333333333334,3.0,0,507.36322214282575
29.09.2025 00:00,8.02,90.95,74.7,,93.8075,393.7275,1.473,81.785,8.0,0,532.2347133499219
29.09.2025 01:00,8.33,88.76,74.7,,91.945,434.8825,10.215,85.245,8.0,0,548.9589896944098
29.09.2025 02:00,8.33,87.88,74.7,,91.385,518.4975,2.657,81.25,8.0,0,563.9658530447698
29.09.2025 03:00,8.33,87.94,74.7,,102.3,615.725,0.75,82.38666666666667,8.0,0,575.9972715414091
29.09.2025 04:00,8.33,88.31,74.7,,135.5725,1040.9425,1.608,77.40666666666667,6.02,0,589.4589868086468
29.09.2025 05:00,8.33,98.37,74.7,,253.1825,1227.495,44.561,85.70666666666666,6.02,0,597.6539991153747
29.09.2025 06:00,8.33,134.98,74.7,,189.205,1175.2424999999998,0.007,,6.02,0,561.3856450748917
29.09.2025 07:00,8.51,222.1,74.7,,125.62,1333.3125,13.512,102.19333333333331,6.02,0,516.734072515248
29.09.2025 08:00,8.66,166.91,74.7,,98.3025,1246.5375,13.046,72.75,33.12,0,487.39119919265033
29.09.2025 09:00,8.87,122.06,74.7,,87.985,1052.4225,53.586,65.8125,33.12,0,443.31922198445096
29.09.2025 10:00,8.87,90.21,74.7,,70.41499999999999,1040.6975,76.588,64.01,33.12,0,399.3972423212059
29.09.2025 11:00,8.87,84.95,74.7,,57.2225,879.995,382.276,31.235,33.12,1,332.26451236498866
29.09.2025 12:00,8.87,78.71,74.7,,73.09,1052.315,10.192,79.06333333333333,58.35,1,273.8850363063331
29.09.2025 13:00,8.87,77.08,74.7,,86.4425,1071.685,9.798,79.63,58.35,1,261.7021232798222
29.09.2025 14:00,8.87,83.33,74.7,,90.32,1165.2225,191.692,,58.35,0,289.32587608699527
29.09.2025 15:00,8.66,87.4,74.7,,123.9625,1179.45,16.022,82.815,58.35,1,353.70590504686515
29.09.2025 16:00,8.51,99.98,74.7,,204.23,1212.505,135.226,56.2175,21.26,1,433.0169102255266
29.09.2025 17:00,8.38,140.79,74.7,,219.135,948.18,83.359,93.46666666666664,21.26,1,498.8099192946838
29.09.2025 18:00,8.38,302.65,74.7,,124.4125,848.39,0.506,120.45,21.26,1,525.5858897835188
29.09.2025 19:00,8.38,406.78,74.7,,109.775,773.175,11.599,102.14,21.26,0,519.5534130683282
29.09.2025 20:00,8.38,167.6,74.7,,101.1625,770.73,4.37,90.9825,2.53,0,518.9948780822001
29.09.2025 21:00,8.38,123.85,74.7,,93.67,565.7925,2.458,90.5,2.53,0,531.2377268127052
29.09.2025 22:00,8.38,108.3,74.7,,97.44,409.655,15.965,86.3375,2.53,0,549.1485102040124
29.09.2025 23:00,8.33,93.68,74.7,,92.1075,289.065,5.949,76.35000000000001,2.53,0,557.9069120651704
30.09.2025 00:00,8.33,101.1,74.7,,93.9325,304.035,0.423,94.395,7.25,0,564.418757095052
30.09.2025 01:00,8.33,98.43,74.7,,93.055,287.565,1.027,88.725,7.25,0,567.3995975924995
30.09.2025 02:00,8.33,98.93,74.7,,95.345,331.6175,0.355,88.35499999999999,7.25,0,572.1411122155671
30.09.2025 03:00,8.33,94.99,74.7,,108.015,390.67,0.134,78.25999999999999,7.25,0,579.6741186395493
30.09.2025 04:00,8.33,99.12,74.7,,135.3975,598.6424999999999,6.518,67.5875,5.24,0,587.8455145609919
30.09.2025 05:00,8.33,112.08,74.7,,208.72,734.255,3.372,75.48666666666666,5.24,0,591.7075754045671
30.09.2025 06:00,8.33,141.86,74.7,,162.6225,1064.8375,0.034,120.06,5.24,0,564.7981861880886
30.09.2025 07:00,8.51,244.0,74.7,,128.0,1116.155,1.907,91.81,5.24,0,509.6727938348703
30.09.2025 08:00,8.66,209.23,74.7,,112.2625,1204.03,30.028,87.18,32.7,0,491.8051375147628
30.09.2025 09:00,8.87,141.85,74.7,,90.83,1006.1225,45.831,74.31333333333333,32.7,0,460.2632976261322
30.09.2025 10:00,8.87,115.2,74.7,,81.825,985.6975,8.981,81.105,32.7,0,412.2956108612955
30.09.2025 11:00,8.87,96.72,74.7,,81.055,771.4175,11.584,74.18666666666667,32.7,1,359.59973074201105
30.09.2025 12:00,8.87,87.91,74.7,,79.51,779.0225,118.038,53.225,47.51,1,319.8396551341588
30.09.2025 13:00,8.87,86.04,74.7,,86.2375,952.41,0.753,100.21,47.51,1,326.1921520480256
30.09.2025 14:00,8.87,87.26,74.7,,95.625,1045.1675,12.596,72.58500000000001,47.51,0,342.4353247546136
30.09.2025 15:00,8.66,96.8,74.7,,120.6125,1034.0549999999998,15.002,85.57499999999999,47.51,1,391.2567947527222
30.09.2025 16:00,8.51,104.03,74.7,,160.51749999999998,1055.3025,16.214,91.3875,16.71,1,450.8030776647683
30.09.2025 17:00,8.38,142.64,74.7,,169.7925,1131.38,7.226,102.78666666666668,16.71,1,496.3437051913366
30.09.2025 18:00,8.38,294.54,74.7,,122.83,941.9975,0.097,136.015,16.71,1,510.86457092326407
30.09.2025 19:00,8.38,357.77,74.7,,110.9225,764.3275,9.037,99.3625,16.71,0,501.1011000050212
30.09.2025 20:00,8.38,147.28,74.7,,96.825,726.31,6.832,93.3,2.5,0,493.8278302976887
30.09.2025 21:00,8.38,116.04,74.7,,88.1075,532.8975,14.418,73.88999999999999,2.5,0,500.798884584971
30.09.2025 22:00,8.38,101.63,74.7,,92.1225,521.8475,0.517,91.33666666666666,2.5,0,508.7633465095373
30.09.2025 23:00,8.33,92.54,74.7,,87.9125,470.985,0.42,83.68,2.5,0,514.7863399877735
01.10.2025 00:00,8.33,91.565,74.7,,87.91,367.2275,0.024,85.21,6.2,0,521.7028568544256
01.10.2025 01:00,8.36,86.285,74.7,,91.3375,308.525,0.98,88.75999999999999,6.2,0,531.7848727313215
01.10.2025 02:00,8.36,84.8725,74.7,,91.75,397.585,0.0,91.34,6.2,0,544.7994248043749
01.10.2025 03:00,8.36,88.325,74.7,,107.4625,390.1825,0.137,86.625,6.2,0,548.3786810941547
01.10.2025 04:00,8.36,87.655,74.7,,135.23250000000002,539.41,1.88,98.88,4.48,0,545.0829129001471
01.10.2025 05:00,8.36,95.3275,74.7,,195.915,630.6975,0.326,97.66,4.48,0,572.6893275407018
01.10.2025 06:00,8.36,124.96,74.7,,161.8525,763.4925000000001,5.390000000000001,119.09333333333336,4.48,0,542.6103441262097
01.10.2025 07:00,8.55,173.29999999999998,74.7,,115.3175,947.6525,95.143,79.3375,4.48,0,502.07183738471394
01.10.2025 08:00,8.71,139.0875,74.7,,94.0775,912.635,111.084,50.85,26.78,0,465.5389283824135
01.10.2025 09:00,8.91,105.25,74.7,,85.20750000000001,993.7725,92.301,58.19,26.78,0,419.3671895104167
01.10.2025 10:00,8.91,86.035,74.7,,73.225,1100.935,218.649,37.43,26.78,0,358.1577535136425
01.10.2025 11:00,8.91,70.5675,74.7,,58.71,1232.6625,112.869,59.6125,26.78,1,300.78581370954646
01.10.2025 12:00,8.91,66.025,74.7,,66.52,1208.5725,94.309,51.8075,41.37,1,260.03570158247646
01.10.2025 13:00,8.91,68.4,74.7,,82.9,1054.5525,5.649,77.77333333333333,41.37,1,256.45687257508433
01.10.2025 14:00,8.91,72.6275,74.7,,88.8275,1044.2125,32.251000000000005,57.13,41.37,0,287.02202883253494
01.10.2025 15:00,8.71,81.7225,74.7,,117.145,1225.83,35.415,86.29,41.37,1,351.0859072805212
01.10.2025 16:00,8.55,92.87,74.7,,165.565,1181.2325,9.337,70.38,14.96,1,428.94488610681697
01.10.2025 17:00,8.4,135.39999999999998,74.7,,177.2575,1066.135,1.214,112.805,14.96,1,501.7184437034131
01.10.2025 18:00,8.4,253.2375,74.7,,113.6625,861.2225000000001,0.0,124.55,14.96,1,543.2702438500053
01.10.2025 19:00,8.4,339.9925,74.7,,96.3975,813.21,3.234,107.815,14.96,0,530.1636878773194
01.10.2025 20:00,8.4,152.0225,74.7,,85.7875,713.41,3.768,95.495,2.21,0,522.7252575665264
01.10.2025 21:00,8.4,113.035,74.7,,81.175,657.135,13.617,75.43333333333334,2.21,0,511.13234145662
01.10.2025 22:00,8.4,98.51,74.7,,81.395,502.91,0.019,89.375,2.21,0,494.447683390412
01.10.2025 23:00,8.36,90.6475,74.7,,79.9675,465.965,5.073,86.3675,2.21,0,476.0662480094769
02.10.2025 00:00,8.36,90.805,74.7,,78.5025,442.01,20.976,74.955,5.63,0,469.0588447192684
02.10.2025 01:00,8.36,88.0,74.7,,78.425,452.4675,27.042,71.71000000000001,5.63,0,479.44436743398575
02.10.2025 02:00,8.36,86.52499999999999,74.7,,80.14,422.0475,0.671,85.85499999999999,5.63,0,490.409759797687
02.10.2025 03:00,8.36,88.56,74.7,,81.3,640.6775,0.019,90.06333333333333,5.63,0,501.1297091728601
02.10.2025 04:00,8.36,90.8075,74.7,,100.085,605.16,0.25,89.2025,4.05,0,513.472255545747
02.10.2025 05:00,8.36,95.9725,74.7,,115.1375,744.2975,24.07,58.295,4.05,0,531.4576466570771
02.10.2025 06:00,8.36,128.72,74.7,,118.725,1118.8525,0.0,,4.05,0,510.6760087334351
02.10.2025 07:00,8.55,181.0875,74.7,,104.46,1352.7925,4.038,99.14666666666666,4.05,0,474.8118872425296
02.10.2025 08:00,8.71,136.67749999999998,74.7,,89.6775,1448.6,16.659,65.375,25.0,0,425.5004036373359
02.10.2025 09:00,8.91,100.505,74.7,,77.8075,1347.075,103.914,-1.1133333333333333,25.0,0,380.4556624760372
02.10.2025 10:00,8.91,91.48,74.7,,53.265,1198.105,361.629,-19.825,25.0,0,312.50344798164565
02.10.2025 11:00,8.91,78.285,74.7,,28.3725,1325.935,339.545,-1.5675,25.0,1,242.78632864290455
02.10.2025 12:00,8.91,65.77,74.7,,20.6325,1293.5475,139.966,5.865,43.01,1,207.44855479005471
02.10.2025 13:00,8.91,60.5,74.7,,59.39750000000001,1186.4425,104.91,17.552500000000002,43.01,1,203.1182089910004
02.10.2025 14:00,8.91,71.28999999999999,74.7,,77.6225,1169.46,38.748000000000005,46.9675,43.01,0,212.28731404911545
02.10.2025 15:00,8.71,80.6625,74.7,,101.8375,1147.375,41.959,50.9975,43.01,1,244.3107549246563
02.10.2025 16:00,8.55,91.445,74.7,,135.32,1099.275,0.377,88.71666666666665,15.2,1,323.4462525505384
02.10.2025 17:00,8.4,113.32,74.7,,143.8125,1085.475,17.0,86.345,15.2,1,431.9845677597588
02.10.2025 18:00,8.4,167.925,74.7,,106.7875,888.6899999999999,25.363,98.0675,15.2,1,483.4696877083604
02.10.2025 19:00,8.4,176.8375,74.7,,92.6575,843.64,24.459,80.41,15.2,0,464.4307880921568
02.10.2025 20:00,8.4,109.92,74.7,,98.04,873.985,2.622,97.615,3.94,0,437.92576569341406
02.10.2025 21:00,8.4,90.855,74.7,,85.7225,779.19,2.086,85.69,3.94,0,408.7867329287735
02.10.2025 22:00,8.4,96.6575,74.7,,81.845,441.26,0.0,,3.94,0,383.8741774536037
02.10.2025 23:00,8.36,82.0925,74.7,,75.94,475.16,0.026,91.495,3.94,0,358.8746728903937
03.10.2025 00:00,8.36,85.9325,74.7,,71.4875,502.0025,0.0,87.075,6.1,0,329.45409131763347
03.10.2025 01:00,8.36,77.14,74.7,,76.64,478.74,0.0,88.34,6.1,0,311.90919076552194
03.10.2025 02:00,8.36,71.75,74.7,,81.645,461.0425,0.033,86.5,6.1,0,290.8079935121226
03.10.2025 03:00,8.36,73.9075,74.7,,81.83,351.6175,0.0,,6.1,0,283.40225875732693
03.10.2025 04:00,8.36,76.2875,74.7,,92.03,442.745,0.0,,6.04,0,285.89006723361
03.10.2025 05:00,8.36,77.98,74.7,,110.1075,726.13,0.0,,6.04,0,295.5961891790645
03.10.2025 06:00,8.36,93.78,74.7,,125.1675,1202.6,0.0,,6.04,0,293.2627015353972
03.10.2025 07:00,8.55,100.4175,74.7,,93.8275,1670.7575,72.076,32.653333333333336,6.04,0,277.8785697136969
03.10.2025 08:00,8.71,103.68,74.7,,43.2725,1389.135,5.5840000000000005,93.9175,49.15,0,238.51567081214543
03.10.2025 09:00,8.91,83.9025,74.7,,33.535,1467.1275,0.0,304.38,49.15,0,185.4012744081517
03.10.2025 10:00,8.91,59.9975,74.7,,33.695,1188.3425,65.732,22.8275,49.15,0,146.66021550378844
03.10.2025 11:00,8.91,40.5025,74.7,,21.7675,1040.9875000000002,157.514,-8.497499999999999,49.15,1,130.5790232012225
03.10.2025 12:00,8.91,26.3525,74.7,,11.64,1167.335,95.339,-5.24,71.24,1,121.73714954417038
03.10.2025 13:00,8.91,16.502499999999998,74.7,,18.99,1130.3725,21.664,1.42,71.24,1,118.61224477703604
03.10.2025 14:00,8.91,26.2025,74.7,,35.885,1030.9525,35.285,13.02,71.24,0,123.68226800733572
03.10.2025 15:00,8.71,49.8825,74.7,,66.035,1017.0725,141.221,-41.555,71.24,1,134.19521779548546
03.10.2025 16:00,8.55,63.3925,74.7,,140.825,1101.2975,10.273,36.004999999999995,20.1,1,154.0120530981391
03.10.2025 17:00,8.4,89.9,74.7,,148.015,1559.6575,0.0,,20.1,1,179.3492080850245
03.10.2025 18:00,8.4,120.76,74.7,,64.0925,1458.4075,70.816,64.3275,20.1,1,201.07134720783677
03.10.2025 19:00,8.4,109.01,74.7,,27.06,1081.96,227.861,-67.1375,20.1,0,195.06018251180325
03.10.2025 20:00,8.4,75.03999999999999,74.7,,3.2325,709.09,125.903,-43.03,9.0,0,166.59996129611514
03.10.2025 21:00,8.4,43.4425,74.7,,0.305,577.65,25.312,-6.4575,9.0,0,158.44023169514958
03.10.2025 22:00,8.4,25.4025,74.7,,-0.91,730.855,11.705,25.52,9.0,0,155.38932978132186
03.10.2025 23:00,8.36,11.1075,74.7,,2.97,593.8875,365.796,-472.8425,9.0,0,146.00674941309035
04.10.2025 00:00,8.36,0.7250000000000001,74.7,,0.83,396.6825,176.16,-30.1225,16.37,0,134.86952677430608
04.10.2025 01:00,8.35,-0.01,74.7,,-1.88,459.555,140.28,-15.3725,16.37,0,130.13718120551383
04.10.2025 02:00,8.35,-0.0425,74.7,,-4.157500000000001,434.46,191.438,-35.2525,16.37,0,131.35487406396032
04.10.2025 03:00,8.35,-0.0975,74.7,,-2.8549999999999995,411.63,25.098,19.6275,16.37,0,132.37966909763094
04.10.2025 04:00,8.35,-1.1275,74.7,,-1.9625,440.79,67.67699999999999,-13.23,16.34,0,135.67755839035095
04.10.2025 05:00,8.35,-1.905,74.7,,0.0074999999999999,473.2025,21.071,36.325,16.34,0,129.43246526751273
04.10.2025 06:00,8.35,-1.915,74.7,,1.885,506.3775,24.649,9.7225,16.34,0,122.28397580998634
04.10.2025 07:00,8.54,-0.775,74.7,,10.395,853.3675000000001,0.056,68.8,16.34,0,109.51663736742738
04.10.2025 08:00,8.7,-0.3,74.7,,13.445,1082.565,0.0,,40.81,0,100.56868860797454
04.10.2025 09:00,8.91,-0.1625,74.7,,9.0775,1304.5825,35.303000000000004,17.5,40.81,0,96.23362583688072
04.10.2025 10:00,8.91,-0.09,74.7,,4.3625,1204.505,107.085,8.9725,40.81,0,97.86443294540962
04.10.2025 11:00,8.91,-0.0975,74.7,,0.9325,826.64,77.53999999999999,-1.9350000000000005,40.81,0,98.31767650748746
04.10.2025 12:00,8.91,-0.08,74.7,,0.7775,793.6475,35.333,3.785,64.8,0,97.25638233405608
04.10.2025 13:00,8.91,-0.44,74.7,,2.46,764.0275,4.332,54.09,64.8,0,98.83843371094753
04.10.2025 14:00,8.91,-2.045,74.7,,8.2575,863.2975,0.012,42.715,64.8,0,98.82884777844808
04.10.2025 15:00,8.7,-2.605,74.7,,3.3375000000000004,1084.955,18.746,-3.4933333333333323,64.8,0,99.48552361524337
04.10.2025 16:00,8.54,-0.095,74.7,,10.5075,873.4925,2.732,76.515,29.94,0,97.66505190835416
04.10.2025 17:00,8.4,-0.0925,74.7,,12.4825,958.2225,77.677,-39.22666666666667,29.94,0,99.05996430915592
04.10.2025 18:00,8.4,1.105,74.7,,2.8125,865.1925,1.915,55.6375,29.94,0,92.80091315019592
04.10.2025 19:00,8.4,3.23,74.7,,1.4225,704.9449999999999,17.997999999999998,7.4,29.94,0,94.75988604615011
04.10.2025 20:00,8.4,0.3225,74.7,,4.475,659.145,6.263,16.025,11.29,0,97.51775668032889
04.10.2025 21:00,8.4,-0.0949999999999999,74.7,,1.355,576.2775,48.032,-7.352499999999999,11.29,0,100.27835342139872
04.10.2025 22:00,8.4,-0.0525,74.7,,0.47,393.2975,81.425,-12.79,11.29,0,103.65567907806448
04.10.2025 23:00,8.35,-0.3425,74.7,,0.1575,381.455,316.48,-48.705,11.29,0,105.53069245231524
05.10.2025 00:00,8.35,-0.7475,74.7,,-0.8175000000000001,395.3725,131.118,-10.205,16.47,0,110.43475822857224
05.10.2025 01:00,8.04,-1.4025,74.7,,-0.1975,393.7925,23.796,24.4975,16.47,0,112.11246796748009
05.10.2025 02:00,8.04,-4.19,74.7,,-0.0775,402.765,50.094,3.5175,16.47,0,116.6993603469434
05.10.2025 03:00,8.04,-4.3775,74.7,,0.385,341.39750000000004,95.715,-13.9375,16.47,0,114.96118276973492
05.10.2025 04:00,8.04,-4.98,74.7,,-0.5375,410.615,123.493,-19.13,16.01,0,115.85951251739098
05.10.2025 05:00,8.04,-4.4575,74.7,,0.1475,511.0425,228.305,-32.015,16.01,0,115.9852769607397
05.10.2025 06:00,8.04,-3.76,74.7,,1.7299999999999998,532.1975,89.284,-12.31,16.01,0,116.61047521313924
05.10.2025 07:00,8.18,-1.505,74.7,,1.1825,553.065,98.511,-4.9975000000000005,16.01,0,111.27177921030152
05.10.2025 08:00,8.27,-0.0875,74.7,,0.1149999999999999,553.4025,174.429,-17.5625,34.99,0,106.08827964420188
05.10.2025 09:00,8.39,-1.3925,74.7,,-1.955,819.8675000000001,9.013,10.0325,34.99,0,105.0264039268052
05.10.2025 10:00,8.39,-3.33,74.7,,-0.1574999999999999,737.23,16.45,5.446666666666666,34.99,0,101.96572366088078
05.10.2025 11:00,8.39,-2.0175,74.7,,0.4225,577.09,0.059,91.86666666666667,34.99,0,101.37457444524053
05.10.2025 12:00,8.39,-3.415,74.7,,0.27,575.915,33.605,36.305,60.72,0,97.9241817264193
05.10.2025 13:00,8.39,-3.3875,74.7,,1.6775000000000002,586.3975,35.014,-0.1349999999999998,60.72,0,97.01031613322678
05.10.2025 14:00,8.39,-2.9425,74.7,,6.6575,764.115,3.49,53.21666666666667,60.72,0,98.67096198722942
05.10.2025 15:00,8.27,-2.3925,74.7,,16.0475,965.585,16.439999999999998,-8.903333333333334,60.72,0,102.44971616615102
05.10.2025 16:00,8.18,-0.6875,74.7,,56.03,1042.9975,0.025,56.11,24.95,0,106.40520706544648
05.10.2025 17:00,8.09,0.8525,74.7,,82.29,1172.7975,164.24,-11.745,24.95,0,115.3788063571734
05.10.2025 18:00,8.09,16.0825,74.7,,58.66,1114.71,91.618,0.0175,24.95,0,129.77956651355706
05.10.2025 19:00,8.09,35.0475,74.7,,37.985,909.62,52.456,33.195,24.95,0,147.53951291768388
05.10.2025 20:00,8.09,19.83,74.7,,42.75,769.86,112.762,16.1725,8.0,0,144.60871048173703
05.10.2025 21:00,8.09,5.4775,74.7,,33.165,817.53,19.928,31.2475,8.0,0,145.8134048406164
05.10.2025 22:00,8.09,5.202500000000001,74.7,,40.9625,852.905,36.761,17.255,8.0,0,138.92646244786715
05.10.2025 23:00,8.04,4.075,74.7,,36.4325,825.665,226.665,-0.2124999999999999,8.0,0,133.35685846125244
06.10.2025 00:00,8.04,20.845,74.7,,27.465,824.6725,124.083,9.0925,14.82,0,136.6326997187742
06.10.2025 01:00,8.36,10.0475,74.7,,17.62,773.5825,7.033,21.2775,14.82,0,125.27629939364242
06.10.2025 02:00,8.36,9.1025,74.7,,39.46,813.7475,14.198,22.5925,14.82,0,128.019250248404
06.10.2025 03:00,8.36,10.7325,74.7,,58.4925,926.135,37.999,23.14,14.82,0,134.6860638622194
06.10.2025 04:00,8.36,16.8,74.7,,82.625,1032.315,24.871,20.4625,18.1,0,141.08440359552245
06.10.2025 05:00,8.36,22.6025,74.7,,117.9725,824.925,0.005,88.84,18.1,0,161.07607711160426
06.10.2025 06:00,8.36,68.585,74.7,,126.9925,1023.4375,0.131,95.8,18.1,0,200.9152902132856
06.10.2025 07:00,8.55,105.0525,74.7,,114.8225,1078.415,29.829,66.91666666666667,18.1,0,234.0069359603553
06.10.2025 08:00,8.71,121.7675,74.7,,108.07,1036.5675,15.145,81.61333333333333,28.38,0,253.949023411016
06.10.2025 09:00,8.91,121.1175,74.7,,106.7725,1267.18,0.0,138.99,28.38,0,268.1641156549016
06.10.2025 10:00,8.91,100.5275,74.7,,99.565,1180.9075,0.229,108.61333333333334,28.38,0,268.84003044831263
06.10.2025 11:00,8.91,89.3025,74.7,,100.0425,1285.015,0.009,106.825,28.38,1,267.29186312738017
06.10.2025 12:00,8.91,87.325,74.7,,102.745,1181.67,0.004,108.5,54.55,1,273.5057339458085
06.10.2025 13:00,8.91,84.5975,74.7,,112.1075,1223.8875,0.0,,54.55,1,277.42873351698665
06.10.2025 14:00,8.91,92.3275,74.7,,124.355,1397.99,0.018,121.74,54.55,0,287.9037647480666
06.10.2025 15:00,8.71,94.5475,74.7,,149.99,1925.14,18.384,81.2075,54.55,1,312.39257070894257
06.10.2025 16:00,8.55,104.7725,74.7,,190.6875,1649.29,0.711,106.315,19.0,1,347.8244345401217
06.10.2025 17:00,8.4,120.29,74.7,,198.69,1219.5575,1.129,128.74,19.0,1,366.98288461623946
06.10.2025 18:00,8.4,141.5875,74.7,,152.4675,1039.77,0.0,,19.0,1,376.8841248669172
06.10.2025 19:00,8.4,168.315,74.7,,133.1725,1024.7375,0.0,,19.0,0,401.7205568906765
06.10.2025 20:00,8.4,133.6775,74.7,,119.7275,795.81,0.038,123.66,5.9,0,410.08786190828846
06.10.2025 21:00,8.4,120.2025,74.7,,110.7325,862.6225,0.018,124.53,5.9,0,442.8266871438727
06.10.2025 22:00,8.4,118.665,74.7,,108.1575,835.98,0.631,110.2975,5.9,0,476.3999322528524
06.10.2025 23:00,8.36,105.5,74.7,,103.235,637.13,2.287,102.80666666666669,5.9,0,490.25702560070897
07.10.2025 00:00,8.36,100.2625,74.7,,106.4225,521.81,0.243,94.84,10.81,0,503.4327388692499
07.10.2025 01:00,8.36,93.9875,74.7,,112.815,635.24,0.3379999999999999,106.975,10.81,0,518.5685019475231
07.10.2025 02:00,8.36,89.8175,74.7,,115.1125,802.6725,22.208,99.7725,10.81,0,534.0054167447713
07.10.2025 03:00,8.36,89.55,74.7,,120.46,764.165,1.254,114.35,10.81,0,548.9999927698625
07.10.2025 04:00,8.36,92.975,74.7,,160.2775,1149.5225,0.288,131.5,9.96,0,559.9678338758534
07.10.2025 05:00,8.36,96.74,74.7,,258.7925,1180.8175,0.355,142.20666666666668,9.96,0,569.431864493781
07.10.2025 06:00,8.36,134.885,74.7,,302.7975,1219.335,0.845,144.985,9.96,0,544.5916233817884
07.10.2025 07:00,8.55,228.555,74.7,,176.865,1308.5275,21.309,127.4925,9.96,0,514.4507464418646
07.10.2025 08:00,8.71,287.67,74.7,,120.235,1374.9075,56.352,104.0525,21.0,0,507.0796200642809
07.10.2025 09:00,8.91,212.1825,74.7,,98.34,1388.39,40.947,82.9075,21.0,0,495.80621447002034
07.10.2025 10:00,8.91,154.66,74.7,,92.2475,1402.19,98.121,55.0225,21.0,0,489.2356909609804
07.10.2025 11:00,8.91,129.9075,74.7,,89.46000000000001,1204.8875,90.679,59.765,21.0,1,464.76179421523153
07.10.2025 12:00,8.91,110.94,74.7,,92.56,1215.8674999999998,11.874,,45.0,1,448.2342944615166
07.10.2025 13:00,8.91,106.1825,74.7,,101.6175,1101.9225,6.428,61.02,45.0,1,445.76643615376
07.10.2025 14:00,8.91,105.3525,74.7,,116.85,1107.8125,0.0,,45.0,0,450.0897815537584
07.10.2025 15:00,8.71,113.16,74.7,,147.3,1251.9875,2.155,106.25,45.0,1,470.96743717238223
07.10.2025 16:00,8.55,122.105,74.7,,164.95499999999998,1031.3175,3.905,109.7575,13.64,1,495.2404781090104
07.10.2025 17:00,8.4,151.84,74.7,,156.65,901.4775,26.721,104.17,13.64,1,505.1232062438513
07.10.2025 18:00,8.4,202.4175,74.7,,173.53,1325.54,2.105,141.94,13.64,1,504.02867466490807
07.10.2025 19:00,8.4,213.28,74.7,,121.285,1471.965,12.059,106.31,13.64,0,504.3292179489155
07.10.2025 20:00,8.4,146.34,74.7,,102.25,889.855,1.17,102.5675,4.4,0,512.8508049964372
07.10.2025 21:00,8.4,123.2425,74.7,,95.43,637.7725,0.005,99.18333333333334,4.4,0,538.8819681742941
07.10.2025 22:00,8.4,107.4225,74.7,,96.7225,475.7975,0.005,,4.4,0,541.6176883875378
07.10.2025 23:00,8.36,97.4825,74.7,,92.6375,501.9475,8.138000000000002,83.21,4.4,0,542.5608352725579
08.10.2025 00:00,8.36,93.4525,74.7,,90.52,516.36,2.302,89.55,8.27,0,545.5949564834688
08.10.2025 01:00,8.36,88.4375,74.7,,89.4675,480.2925,2.1900000000000004,89.37,8.27,0,546.828220658118
08.10.2025 02:00,8.36,87.56,74.7,,90.34,570.0025,0.025,97.02,8.27,0,542.3876955884455
08.10.2025 03:00,8.36,86.975,74.7,,97.465,616.4025,0.0,98.0,8.27,0,549.7014669174736
08.10.2025 04:00,8.36,89.6725,74.7,,121.2025,650.01,4.905,87.62,7.25,0,555.1499201771892
08.10.2025 05:00,8.36,97.395,74.7,,137.6025,807.8775,5.513,91.43666666666668,7.25,0,570.9190191717917
08.10.2025 06:00,8.36,117.1075,74.7,,143.51749999999998,1034.13,30.311,98.7,7.25,0,557.2523567062776
08.10.2025 07:00,8.55,155.58,74.7,,123.5825,962.1525,21.15,93.69333333333331,7.25,0,528.8497596009436
08.10.2025 08:00,8.71,166.395,74.7,,107.295,933.52,13.984,84.80250000000001,86.24,0,515.7245526373626
08.10.2025 09:00,8.91,135.17499999999998,74.7,,98.4975,838.2975,9.852,95.14666666666666,86.24,0,508.9317873562538
08.10.2025 10:00,8.91,118.445,74.7,,90.9575,809.7875,43.277,74.04666666666667,86.24,0,474.0868352070728
08.10.2025 11:00,8.91,103.325,74.7,,91.12,798.8025,102.144,69.33,86.24,1,441.5916297771832
08.10.2025 12:00,8.91,90.8225,74.7,,91.015,846.0575,42.021,69.685,38.0,1,420.6852268150832
08.10.2025 13:00,8.91,89.33500000000001,74.7,,97.9225,924.745,176.964,58.525,38.0,1,412.0554699316244
08.10.2025 14:00,8.91,90.4425,74.7,,117.1725,972.5125,54.391,74.05,38.0,0,425.26673015336576
08.10.2025 15:00,8.71,99.4275,74.7,,150.485,879.5550000000001,8.392,79.54333333333334,38.0,1,448.9070962795453
08.10.2025 16:00,8.55,117.465,74.7,,186.0,887.265,0.072,137.38,10.54,1,488.4352986957955
08.10.2025 17:00,8.4,149.48000000000002,74.7,,256.32,1416.12,0.0,,10.54,1,516.4450144864252
08.10.2025 18:00,8.4,183.8075,74.7,,188.82,1047.86,0.887,136.11,10.54,1,536.6485483475974
08.10.2025 19:00,8.4,199.0025,74.7,,131.9175,804.7225000000001,37.426,88.7325,10.54,0,540.7161972965125
08.10.2025 20:00,8.4,141.695,74.7,,124.795,800.63,0.168,110.195,3.15,0,548.7799043323985
08.10.2025 21:00,8.4,114.74,74.7,,116.855,735.8075,30.68,89.99,3.15,0,579.9859529159365
08.10.2025 22:00,8.4,108.24,74.7,,102.245,568.6175,1.296,90.6425,3.15,0,588.8924304415324
08.10.2025 23:00,8.36,97.8325,74.7,,101.69,454.3425,1.6949999999999998,89.785,3.15,0,587.077149116417
09.10.2025 00:00,8.36,97.215,74.7,,101.5025,465.59,0.0289999999999999,107.6,6.64,0,597.1642649483009
09.10.2025 01:00,8.36,92.5825,74.7,,97.6225,541.86,0.373,105.6,6.64,0,604.1227140698627
09.10.2025 02:00,8.36,93.2625,74.7,,101.0325,544.99,2.848,106.5675,6.64,0,606.2698270112328
09.10.2025 03:00,8.36,90.8175,74.7,,109.655,994.405,0.0849999999999999,94.71666666666664,6.64,0,602.4419944765984
09.10.2025 04:00,8.36,92.7,74.7,,134.565,945.16,0.0,75.46,5.62,0,600.6709143597341
09.10.2025 05:00,8.36,101.1525,74.7,,147.1325,1018.7425,0.285,-26.544999999999995,5.62,0,596.0163348629886
09.10.2025 06:00,8.36,125.58,74.7,,159.7425,1286.695,0.274,124.41,5.62,0,573.8081197127538
09.10.2025 07:00,8.55,145.0,74.7,,147.015,1546.7275,0.0,,5.62,0,522.6041617074171
09.10.2025 08:00,8.71,149.9,74.7,,120.9975,1400.3225,0.0,103.99,38.12,0,502.8037274881832
09.10.2025 09:00,8.91,132.4875,74.7,,104.325,1603.235,0.268,84.89333333333333,38.12,0,487.9201794264674
09.10.2025 10:00,8.91,109.6875,74.7,,100.3725,1255.91,6.772,93.20666666666666,38.12,0,454.6005704442083
09.10.2025 11:00,8.91,96.9625,74.7,,119.8475,1423.5225,0.0,,38.12,1,408.294272314257
09.10.2025 12:00,8.91,91.0225,74.7,,135.1,1658.2475,0.032,110.89,119.74,1,392.1471605082288
09.10.2025 13:00,8.91,83.3525,74.7,,129.355,1566.1075,0.569,648.5425,119.74,1,390.0109201436277
09.10.2025 14:00,8.91,83.2,74.7,,141.435,1579.66,0.009,130.3,119.74,0,395.1812395679476
09.10.2025 15:00,8.71,88.8275,74.7,,170.3175,1510.5075000000002,23.05,105.47,119.74,1,406.30719368375264
09.10.2025 16:00,8.55,92.075,74.7,,162.88,1330.42,193.72,48.71,16.0,1,428.6935451554457
09.10.2025 17:00,8.4,110.01,74.7,,144.77,1257.075,57.782,93.0925,16.0,1,438.89021183016473
09.10.2025 18:00,8.4,122.9075,74.7,,113.325,976.2325,0.012,,16.0,1,443.897008723115
09.10.2025 19:00,8.4,123.1125,74.7,,99.8975,899.38,1.869,107.6125,16.0,0,429.7610049223289
09.10.2025 20:00,8.4,112.3625,74.7,,96.4675,761.585,0.003,109.27,3.55,0,421.9568526582465
09.10.2025 21:00,8.4,98.0925,74.7,,87.53,657.93,11.898,78.2075,3.55,0,406.4199681865325
09.10.2025 22:00,8.4,96.8325,74.7,,87.63,463.38,0.885,88.4525,3.55,0,397.5636294525247
09.10.2025 23:00,8.36,88.7,74.7,,84.67,538.02,129.62,51.0925,3.55,0,385.9244025201936
10.10.2025 00:00,8.36,88.01,74.7,,86.085,558.575,0.008,209.13,8.68,0,373.7858477259916
10.10.2025 01:00,8.36,84.9675,74.7,,85.53,557.06,7.826,83.4875,8.68,0,366.9550330127046
10.10.2025 02:00,8.36,80.0875,74.7,,84.5875,568.115,3.432,82.3575,8.68,0,372.0848470481797
10.10.2025 03:00,8.36,78.285,74.7,,86.235,570.8025,8.325000000000001,76.2025,8.68,0,368.5987062065599
10.10.2025 04:00,8.36,79.21000000000001,74.7,,90.74,806.7425000000001,3.1659999999999995,82.175,6.13,0,365.0227597480283
10.10.2025 05:00,8.36,86.0725,74.7,,108.4825,864.79,1.083,87.92,6.13,0,372.3625243421577
10.10.2025 06:00,8.36,102.6375,74.7,,114.3175,1034.4925,0.0,105.6,6.13,0,368.6678287243621
10.10.2025 07:00,8.55,119.325,74.7,,111.025,1276.91,0.0,,6.13,0,368.1313675692893
10.10.2025 08:00,8.71,122.6125,74.7,,114.59,1456.365,0.128,111.78333333333336,34.1,0,360.3018976810066
10.10.2025 09:00,8.91,107.765,74.7,,126.7,1748.5575,0.0,,34.1,0,343.6283899818795
10.10.2025 10:00,8.91,93.0075,74.7,,156.8475,1706.0775,0.0,,34.1,0,326.82697454970446
10.10.2025 11:00,8.91,82.1175,74.7,,134.525,1565.6925,0.0,,34.1,1,327.3582678005357
10.10.2025 12:00,8.91,77.5325,74.7,,118.205,1817.2475,0.306,104.92,59.04,1,342.4301874332535
10.10.2025 13:00,8.91,75.69,74.7,,123.085,1755.3525,0.004,,59.04,1,349.8765492877656
10.10.2025 14:00,8.91,77.2575,74.7,,122.945,1550.495,0.006,170.64,59.04,0,348.80211445015385
10.10.2025 15:00,8.71,88.89500000000001,74.7,,126.755,1265.275,22.054,83.53,59.04,1,357.08382614590107
10.10.2025 16:00,8.55,97.8575,74.7,,121.915,1214.19,68.095,98.5725,11.6,1,389.3786047042969
10.10.2025 17:00,8.4,118.2,74.7,,134.21,1073.2125,11.44,110.7925,11.6,1,408.88400586494674
10.10.2025 18:00,8.4,120.605,74.7,,127.2525,1267.29,2.158,117.685,11.6,1,410.64941861767545
10.10.2025 19:00,8.4,123.29,74.7,,115.7075,1201.58,83.427,82.7475,11.6,0,401.30994011053394
10.10.2025 20:00,8.4,115.39,74.7,,104.815,904.8025,3.49,98.975,2.96,0,395.2536731327308
10.10.2025 21:00,8.4,103.915,74.7,,94.5225,724.74,0.369,83.36,2.96,0,396.2507252069445
10.10.2025 22:00,8.4,97.7375,74.7,,92.2025,650.1775,0.117,97.7375,2.96,0,405.2471275731038
10.10.2025 23:00,8.36,93.35,74.7,,89.61500000000001,707.04,11.973,84.07,2.96,0,395.15887785433983
11.10.2025 00:00,8.36,92.9675,74.7,,83.74000000000001,547.8725000000001,0.989,102.105,6.67,0,365.5492260207987
11.10.2025 01:00,8.35,88.83500000000001,74.7,,78.5975,561.0225,0.053,110.885,6.67,0,352.80648360799734
11.10.2025 02:00,8.35,87.3875,74.7,,76.985,416.3225,0.0,108.95,6.67,0,347.4454047776533
11.10.2025 03:00,8.35,84.175,74.7,,76.815,500.835,0.032,96.50666666666666,6.67,0,338.5783858493845
11.10.2025 04:00,8.35,82.0275,74.7,,82.80250000000001,503.74,0.005,110.73,5.84,0,337.19018095273435
11.10.2025 05:00,8.35,84.755,74.7,,85.6525,653.3725000000001,8.767,68.79,5.84,0,341.50617934536746
11.10.2025 06:00,8.35,90.265,74.7,,103.9125,809.2175,0.0,110.8,5.84,0,366.2950476829743
11.10.2025 07:00,8.54,96.7525,74.7,,100.9625,1215.355,16.258,89.5975,5.84,0,387.135439747793
11.10.2025 08:00,8.7,100.4,74.7,,92.2975,1291.655,0.17,88.34,29.84,0,376.8147781269293
11.10.2025 09:00,8.91,92.96,74.7,,79.665,1246.6375,0.0,,29.84,0,353.0309022737146
11.10.2025 10:00,8.91,82.4325,74.7,,77.245,1140.935,0.0,,29.84,0,303.8701101551577
11.10.2025 11:00,8.91,74.02,74.7,,78.4675,1194.73,0.328,93.17,29.84,0,273.03707613397694
11.10.2025 12:00,8.91,55.4175,74.7,,72.64,996.1525,0.325,87.51333333333334,67.15,0,256.1814898908708
11.10.2025 13:00,8.91,46.7725,74.7,,81.845,947.83,0.046,84.65,67.15,0,249.4790438671264
11.10.2025 14:00,8.91,51.03,74.7,,104.1675,1011.14,0.0,,67.15,0,254.7212509037098
11.10.2025 15:00,8.7,76.9425,74.7,,120.1425,1139.8925,43.275000000000006,87.05000000000001,67.15,0,302.40434441969046
11.10.2025 16:00,8.54,83.65,74.7,,122.4625,939.3975,5.867,89.7425,10.12,0,379.3487484455265
11.10.2025 17:00,8.4,114.005,74.7,,121.875,1011.39,0.0,,10.12,0,446.7691981640352
11.10.2025 18:00,8.4,126.4375,74.7,,111.6875,945.7325,2.04,110.455,10.12,0,468.3771467291959
11.10.2025 19:00,8.4,130.1725,74.7,,106.595,828.4275,7.239,103.2375,10.12,0,474.70111871930783
11.10.2025 20:00,8.4,120.635,74.7,,101.775,684.4725,1.508,97.675,3.11,0,500.9252613371522
11.10.2025 21:00,8.4,112.545,74.7,,90.6075,565.9549999999999,0.417,98.06,3.11,0,517.7652472564503
11.10.2025 22:00,8.4,106.9075,74.7,,93.0375,639.055,0.204,100.6725,3.11,0,533.7739899728572
11.10.2025 23:00,8.35,95.0975,74.7,,90.9625,528.335,4.261,89.9425,3.11,0,517.9330081708406
12.10.2025 00:00,8.35,96.1775,74.7,,88.4125,522.6175000000001,0.431,103.2975,5.88,0,497.8045610290589
12.10.2025 01:00,8.04,92.1675,74.7,,87.95,452.6875,0.0,126.2325,5.88,0,480.5327887152438
12.10.2025 02:00,8.04,88.86,74.7,,92.0575,550.535,0.054,122.10666666666668,5.88,0,453.185989455313
12.10.2025 03:00,8.04,85.13,74.7,,92.7675,650.14,3.728,102.135,5.88,0,435.5063772349389
12.10.2025 04:00,8.04,86.4125,74.7,,95.525,655.9225,0.0,,5.85,0,411.0530677173942
12.10.2025 05:00,8.04,86.6575,74.7,,93.92,640.8025,14.429,86.38250000000001,5.85,0,407.4962310972809
12.10.2025 06:00,8.04,88.3,74.7,,96.8275,835.3900000000001,5.807,100.8825,5.85,0,418.2146206513686
12.10.2025 07:00,8.18,89.1725,74.7,,104.6525,995.085,0.437,118.65,5.85,0,417.0950459940376
12.10.2025 08:00,8.27,88.66,74.7,,94.8225,1193.0375,1.155,105.71,26.29,0,394.5505637453674
12.10.2025 09:00,8.39,83.0625,74.7,,84.825,1149.69,1.394,95.09666666666668,26.29,0,360.17612380193657
12.10.2025 10:00,8.39,76.205,74.7,,78.4875,1198.6750000000002,1.089,106.09333333333332,26.29,0,311.66738246172724
12.10.2025 11:00,8.39,71.9,74.7,,73.33500000000001,1069.385,0.0,,26.29,0,277.44242264093725
12.10.2025 12:00,8.39,66.8875,74.7,,79.39,981.5275,0.0,,53.7,0,264.2899693043607
12.10.2025 13:00,8.39,52.16,74.7,,88.1675,1070.5975,35.129000000000005,83.495,53.7,0,269.4992163424996
12.10.2025 14:00,8.39,62.475,74.7,,99.9775,1137.525,38.454,94.26,53.7,0,291.95326727094084
12.10.2025 15:00,8.27,79.985,74.7,,114.11,878.6225000000001,0.009,98.315,53.7,0,343.8664576864703
12.10.2025 16:00,8.18,88.0025,74.7,,125.445,817.615,0.0,,10.11,0,413.4547825945786
12.10.2025 17:00,8.09,105.55,74.7,,135.905,879.8175,0.0,,10.11,0,483.80423176658405
12.10.2025 18:00,8.09,108.9,74.7,,128.49,872.5374999999999,1.331,123.45,10.11,0,512.4618156941749
12.10.2025 19:00,8.09,116.64,74.7,,126.865,859.1775,2.411,118.42,10.11,0,517.6403095591857
12.10.2025 20:00,8.09,115.5275,74.7,,113.2725,711.5575,30.519,93.975,2.74,0,555.9155913346045
12.10.2025 21:00,8.09,110.4475,74.7,,100.745,746.2225,12.433,97.45,2.74,0,578.9033755551277
12.10.2025 22:00,8.09,107.79,74.7,,99.1525,697.715,2.999,99.6525,2.74,0,601.2690404134546
12.10.2025 23:00,8.04,93.445,74.7,,93.7475,509.4725,1.616,100.045,2.74,0,602.3345815363388
13.10.2025 00:00,8.04,93.4525,74.7,,96.9925,509.6675,0.0,112.5,5.0,0,605.4695271443842
13.10.2025 01:00,8.36,90.26,74.7,,97.4525,564.3924999999999,4.835,84.01,5.0,0,616.1917419022565
13.10.2025 02:00,8.36,90.8325,74.7,,97.7775,590.0225,8.553,99.61,5.0,0,628.9630579805237
13.10.2025 03:00,8.36,89.1225,74.7,,110.5525,794.875,0.29,91.50666666666666,5.0,0,639.6557965489524
13.10.2025 04:00,8.36,93.4525,74.7,,142.4375,927.1275,32.668,81.635,19.68,0,654.0383193532565
13.10.2025 05:00,8.36,98.095,74.7,,173.95499999999998,965.0725,4.641,110.55,19.68,0,652.8734368877338
13.10.2025 06:00,8.36,131.41,74.7,,176.855,1312.2025,12.095,125.3675,19.68,0,629.9443745086205
13.10.2025 07:00,8.55,218.6375,74.7,,152.3975,1335.3175,13.032,119.29333333333334,19.68,0,601.0049571062855
13.10.2025 08:00,8.71,199.5575,74.7,,124.4475,1332.7775,68.717,93.9725,19.12,0,569.3924748069937
13.10.2025 09:00,8.91,150.185,74.7,,113.135,1295.7025,68.592,92.98,19.12,0,546.3290736376616
13.10.2025 10:00,8.91,125.0975,74.7,,108.3625,1498.2475,16.879,102.495,19.12,0,518.1068532441194
13.10.2025 11:00,8.91,110.0,74.7,,111.5075,1500.475,2.744,102.775,19.12,1,472.7777020483392
13.10.2025 12:00,8.91,95.1,74.7,,118.03,1367.6775,1.184,112.83,42.75,1,457.7215961930797
13.10.2025 13:00,8.91,89.8575,74.7,,134.6225,1262.895,0.0,,42.75,1,448.6666030033503
13.10.2025 14:00,8.91,92.0975,74.7,,171.1975,1537.14,35.185,100.05,42.75,0,457.64180076678673
13.10.2025 15:00,8.71,101.8425,74.7,,250.0,1673.1950000000002,24.603,87.435,42.75,1,488.50374626853056
13.10.2025 16:00,8.55,117.9025,74.7,,403.5825,1276.4975,8.212,94.06666666666666,7.83,1,524.0123724199948
13.10.2025 17:00,8.4,180.6,74.7,,394.3575,1074.745,0.0,,7.83,1,552.9314604477761
13.10.2025 18:00,8.4,305.74,74.7,,244.57,1382.605,0.0,,7.83,1,555.4366313524383
13.10.2025 19:00,8.4,306.575,74.7,,141.1725,1011.4025,11.772,110.42333333333332,7.83,0,553.2630039655342
13.10.2025 20:00,8.4,186.9525,74.7,,121.98,691.2975,16.378999999999998,105.25,2.11,0,572.0421104484958
13.10.2025 21:00,8.4,137.175,74.7,,109.0125,654.385,0.907,103.3,2.11,0,601.5810844170526
13.10.2025 22:00,8.4,121.9875,74.7,,113.4425,600.9425,0.219,117.02,2.11,0,616.754453059328
13.10.2025 23:00,8.36,111.275,74.7,,112.835,476.0925,19.718,103.35,2.11,0,614.0624382061876
14.10.2025 00:00,8.36,109.1825,74.7,,114.7025,559.5975,2.376,109.6375,4.3,0,609.7664759048782
14.10.2025 01:00,8.36,103.015,74.7,,118.005,577.0775,1.206,103.665,4.3,0,599.5514690782916
14.10.2025 02:00,8.36,99.52,74.7,,120.9175,570.9275,0.8539999999999999,123.95,4.3,0,588.3218766234164
14.10.2025 03:00,8.36,98.8675,74.7,,125.14,535.8175,4.334,106.89,4.3,0,575.0591175002154
14.10.2025 04:00,8.36,100.0475,74.7,,136.5825,910.8025,0.158,108.46,8.72,0,562.399321736805
14.10.2025 05:00,8.36,101.4475,74.7,,169.17,902.5225,2.672,119.92666666666666,8.72,0,551.1727596625747
14.10.2025 06:00,8.36,123.2925,74.7,,181.6175,1210.8125,2.448,113.52,8.72,0,542.1086764062193
14.10.2025 07:00,8.55,160.195,74.7,,152.8375,1242.3875,21.588,104.0375,8.72,0,514.6049463680517
14.10.2025 08:00,8.71,190.82,74.7,,127.5575,1388.4775,65.99199999999999,88.455,66.89,0,495.999813235992
14.10.2025 09:00,8.91,156.445,74.7,,111.4925,1579.545,230.415,53.185,66.89,0,484.9592774147376
14.10.2025 10:00,8.91,134.725,74.7,,94.6225,1408.92,38.261,87.3,66.89,0,459.6868446885779
14.10.2025 11:00,8.91,119.845,74.7,,90.885,1276.4575,7.826,84.3375,66.89,1,427.20145710160153
14.10.2025 12:00,8.91,107.6475,74.7,,93.4925,1177.7075,0.109,125.69,81.72,1,403.6080264295184
14.10.2025 13:00,8.91,102.9975,74.7,,104.815,1075.93,6.207,79.05,81.72,1,404.0999002888825
14.10.2025 14:00,8.91,105.265,74.7,,121.61,1038.08,3.51,91.56333333333332,81.72,0,421.4071845215615
14.10.2025 15:00,8.71,122.275,74.7,,163.7575,1134.885,0.346,110.71666666666664,81.72,1,454.50409156961007
14.10.2025 16:00,8.55,146.6,74.7,,347.04,1323.1575,10.088,85.86000000000001,6.86,1,504.2050217774985
14.10.2025 17:00,8.4,219.195,74.7,,336.075,1020.35,0.618,138.03,6.86,1,542.3673205583041
14.10.2025 18:00,8.4,404.9575,74.7,,201.7175,1185.425,10.923,110.3,6.86,1,548.6492249423222
14.10.2025 19:00,8.4,407.205,74.7,,135.49,830.7325000000001,22.401,103.7725,6.86,0,550.5691317063604
14.10.2025 20:00,8.4,225.48,74.7,,128.44,782.0675,27.003,102.45,1.78,0,562.9346861057475
14.10.2025 21:00,8.4,163.04,74.7,,119.2,362.3175,0.167,116.73333333333332,1.78,0,620.6040713744765
14.10.2025 22:00,8.4,129.85750000000002,74.7,,105.2,212.6525,0.874,96.28000000000002,1.78,0,644.4983308482861
14.10.2025 23:00,8.36,115.36,74.7,,108.9075,105.515,0.0,104.475,1.78,0,654.559452232743
15.10.2025 00:00,8.36,115.4625,74.7,,119.2025,248.825,0.168,114.26666666666668,3.91,0,668.7862307449682
15.10.2025 01:00,8.36,111.865,74.7,,114.3625,537.115,0.008,120.0,3.91,0,672.6365167170993
15.10.2025 02:00,8.36,107.68,74.7,,116.7775,564.71,21.357,98.2925,3.91,0,671.724785644069
15.10.2025 03:00,8.36,103.6175,74.7,,118.035,588.8475000000001,5.863,92.67,3.91,0,670.6421098393655
15.10.2025 04:00,8.36,106.48,74.7,,130.68,598.16,13.957999999999998,90.24,6.15,0,664.2343211997742
15.10.2025 05:00,8.36,114.3975,74.7,,186.31,756.26,17.853,98.5225,6.15,0,659.3339157257034
15.10.2025 06:00,8.36,151.96,74.7,,167.4325,937.235,0.3409999999999999,125.44,6.15,0,631.3113534207478
15.10.2025 07:00,8.55,278.74,74.7,,138.0225,998.4475,2.8510000000000004,113.0125,6.15,0,585.7421837571447
15.10.2025 08:00,8.71,276.1975,74.7,,120.825,1060.0675,21.506,104.1975,27.0,0,574.1626964348656
15.10.2025 09:00,8.91,181.0525,74.7,,104.8125,1355.5275,37.401,96.84666666666668,27.0,0,551.3841079277873
15.10.2025 10:00,8.91,142.3575,74.7,,102.5625,1252.525,6.4990000000000006,106.94,27.0,0,513.5813722319666
15.10.2025 11:00,8.91,126.105,74.7,,106.27,1465.695,0.476,108.535,27.0,1,476.2786509095773
15.10.2025 12:00,8.91,119.425,74.7,,116.705,1352.285,1.152,98.0,46.79,1,461.6300841503711
15.10.2025 13:00,8.91,112.8775,74.7,,124.535,1248.3975,4.438,110.29333333333334,46.79,1,466.193801988846
15.10.2025 14:00,8.91,115.3925,74.7,,130.095,1019.465,4.3020000000000005,102.96,46.79,0,474.1512248618116
15.10.2025 15:00,8.71,122.6425,74.7,,134.66,1010.1025,12.862,116.815,46.79,1,496.052413100066
15.10.2025 16:00,8.55,135.6925,74.7,,151.62,953.6325,60.919,103.89,5.52,1,520.0033902422583
15.10.2025 17:00,8.4,170.0,74.7,,141.9975,875.2225,22.073,108.49,5.52,1,547.3506620327761
15.10.2025 18:00,8.4,221.8775,74.7,,127.9975,883.1275,3.737,113.05333333333331,5.52,1,532.5034086899343
15.10.2025 19:00,8.4,220.0,74.7,,120.1975,712.0875,0.476,117.61,5.52,0,525.509103869755
15.10.2025 20:00,8.4,152.845,74.7,,101.8975,691.335,5.781,102.0675,1.6,0,530.933049978692
15.10.2025 21:00,8.4,124.3425,74.7,,94.7075,685.28,20.408,84.35499999999999,1.6,0,531.6395283962743
15.10.2025 22:00,8.4,98.21,74.7,,95.565,677.135,2.491,97.4025,1.6,0,537.794356656379
15.10.2025 23:00,8.36,88.17,74.7,,91.6625,639.53,4.991,92.18,1.6,0,524.4801511503047
16.10.2025 00:00,8.36,88.16499999999999,74.7,,90.3575,576.5174999999999,6.159999999999999,88.6825,3.89,0,508.0741095968608
16.10.2025 01:00,8.36,85.8075,74.7,,93.57,638.2275,0.0,,3.89,0,495.9374007628272
16.10.2025 02:00,8.36,88.0,74.7,,98.77,662.465,10.763000000000002,92.175,3.89,0,501.0235488839609
16.10.2025 03:00,8.36,86.655,74.7,,98.9875,695.4425,23.906,81.59,3.89,0,507.1492032651251
16.10.2025 04:00,8.36,88.335,74.7,,129.3425,863.21,1.5379999999999998,55.135000000000005,5.84,0,504.3518384779106
16.10.2025 05:00,8.36,85.045,74.7,,137.08249999999998,793.105,17.134999999999998,85.055,5.84,0,501.6599110009247
16.10.2025 06:00,8.36,96.1925,74.7,,146.345,912.325,1.535,65.91,5.84,0,491.4198888176063
16.10.2025 07:00,8.55,116.1225,74.7,,130.9675,1078.0925,0.405,126.68,5.84,0,483.3991689700981
16.10.2025 08:00,8.71,132.76749999999998,74.7,,121.345,1188.2875,0.86,109.225,41.24,0,463.4590413283461
16.10.2025 09:00,8.91,119.93,74.7,,112.58,1069.565,37.056,99.5175,41.24,0,458.61144287883855
16.10.2025 10:00,8.91,92.2375,74.7,,110.06,1042.125,7.681999999999999,104.45666666666666,41.24,0,439.0590474405191
16.10.2025 11:00,8.91,88.3075,74.7,,101.2425,980.2725,146.872,57.5675,41.24,1,407.2364369743854
16.10.2025 12:00,8.91,83.4025,74.7,,107.7725,1194.075,7.203,55.69,38.46,1,388.59606743804727
16.10.2025 13:00,8.91,81.47500000000001,74.7,,118.015,1276.5125,0.0,,38.46,1,386.1698197460341
16.10.2025 14:00,8.91,82.98,74.7,,124.305,1180.6875,4.433,94.02,38.46,0,396.8408944057927
16.10.2025 15:00,8.71,83.0275,74.7,,148.4725,1410.81,0.105,140.28,38.46,1,409.02390598693785
16.10.2025 16:00,8.55,89.0275,74.7,,166.14499999999998,1293.31,5.553,140.23666666666665,4.96,1,448.5044808959984
16.10.2025 17:00,8.4,120.915,74.7,,160.4475,1195.05,0.0,,4.96,1,479.7681924522112
16.10.2025 18:00,8.4,130.0,74.7,,134.985,964.88,1.116,121.14,4.96,1,473.96831009458026
16.10.2025 19:00,8.4,140.59,74.7,,123.8,876.4775,4.125,109.245,4.96,0,471.68893437672
16.10.2025 20:00,8.4,125.595,74.7,,103.31,793.9775,31.318,81.19999999999999,1.53,0,481.504917908779
16.10.2025 21:00,8.4,102.2325,74.7,,94.46,753.1949999999999,6.9590000000000005,85.92333333333333,1.53,0,487.36884089691
16.10.2025 22:00,8.4,99.855,74.7,,91.4875,582.105,40.062,70.63666666666667,1.53,0,503.7446249171521
16.10.2025 23:00,8.36,93.3625,74.7,,89.655,524.89,44.516,81.8975,1.53,0,500.392953053324
17.10.2025 00:00,8.36,88.14750000000001,74.7,,86.645,484.98,2.107,89.2725,3.8,0,496.5299629043184
17.10.2025 01:00,8.36,88.3125,74.7,,85.935,554.96,0.264,94.91333333333334,3.8,0,493.4609246440774
17.10.2025 02:00,8.36,89.0575,74.7,,85.595,575.29,0.006,101.055,3.8,0,495.8388624364317
17.10.2025 03:00,8.36,88.4575,74.7,,88.16,649.9525,0.0,94.62,3.8,0,497.963886290867
17.10.2025 04:00,8.36,90.5875,74.7,,106.74,702.4025,0.057,102.37,4.91,0,497.8344213514668
17.10.2025 05:00,8.36,94.51,74.7,,131.66750000000002,732.785,2.255,95.555,4.91,0,510.9953331434348
17.10.2025 06:00,8.36,107.91,74.7,,135.4075,848.1075,10.445,122.24333333333334,4.91,0,514.7011837519829
17.10.2025 07:00,8.55,129.485,74.7,,132.9525,939.0075,0.001,,4.91,0,493.7927464629039
17.10.2025 08:00,8.71,144.835,74.7,,117.9575,1210.6475,7.207,106.275,22.47,0,485.11631118299056
17.10.2025 09:00,8.91,129.02,74.7,,103.2475,1508.2825,14.646999999999998,96.25,22.47,0,468.9431302519994
17.10.2025 10:00,8.91,117.18,74.7,,99.23,1361.4075,69.646,89.51666666666667,22.47,0,452.7111434975785
17.10.2025 11:00,8.91,99.0375,74.7,,98.6575,1130.6675,23.964,96.03,22.47,1,411.9049806881678
17.10.2025 12:00,8.91,88.14,74.7,,94.035,1055.23,34.418,86.9,31.41,1,399.994468740451
17.10.2025 13:00,8.91,86.7175,74.7,,105.0025,1110.125,9.804,85.13499999999999,31.41,1,397.8331521423414
17.10.2025 14:00,8.91,87.805,74.7,,115.6975,1076.4925,1.623,93.9,31.41,0,406.5593877207402
17.10.2025 15:00,8.71,88.6425,74.7,,121.3,1103.475,31.488,94.64,31.41,1,422.1156587845542
17.10.2025 16:00,8.55,95.0,74.7,,141.70749999999998,1080.4225,117.882,93.6175,4.35,1,451.594267907504
17.10.2025 17:00,8.4,117.1675,74.7,,137.64,1052.3725,51.044,111.35,4.35,1,478.5289953295653
17.10.2025 18:00,8.4,129.31,74.7,,115.2275,847.575,50.187,106.15,4.35,1,484.3164641585094
17.10.2025 19:00,8.4,130.69,74.7,,92.645,763.1475,86.963,91.3225,4.35,0,478.2377098777432
17.10.2025 20:00,8.4,116.9875,74.7,,93.25,694.2375,60.013,82.26249999999999,1.53,0,483.1814507955432
17.10.2025 21:00,8.4,104.055,74.7,,88.97,648.325,99.699,71.62,1.53,0,489.8594824576916
17.10.2025 22:00,8.4,102.1825,74.7,,90.6025,498.6375,25.006,80.9425,1.53,0,494.97259208595335
17.10.2025 23:00,8.36,92.4975,74.7,,91.0425,473.5425,6.216,93.46666666666664,1.53,0,491.76341382322926
18.10.2025 00:00,8.36,94.615,74.7,,89.39,405.705,4.444,102.03666666666668,3.31,0,493.1777321384986
18.10.2025 01:00,8.35,89.86,74.7,,86.375,465.92,1.68,101.575,3.31,0,498.15327407411553
18.10.2025 02:00,8.35,89.8125,74.7,,83.3925,445.3975,2.922,92.0275,3.31,0,507.5129103723904
18.10.2025 03:00,8.35,88.33500000000001,74.7,,82.3475,362.0475,1.371,94.37,3.31,0,509.7940878129691
18.10.2025 04:00,8.35,88.35,74.7,,84.2675,565.365,0.276,94.76666666666668,4.18,0,513.6487587782143
18.10.2025 05:00,8.35,88.315,74.7,,93.58,470.19,0.866,93.76,4.18,0,520.223010311399
18.10.2025 06:00,8.35,91.955,74.7,,100.6775,532.765,0.665,80.75,4.18,0,537.1588715996866
18.10.2025 07:00,8.54,109.4725,74.7,,97.5925,882.795,0.249,111.86,4.18,0,555.4901646595926
18.10.2025 08:00,8.7,114.545,74.7,,87.22,986.28,64.099,79.4,18.0,0,529.6961948379626
18.10.2025 09:00,8.91,102.2425,74.7,,69.6125,1126.6325000000002,43.277,69.0975,18.0,0,465.0991169193838
18.10.2025 10:00,8.91,91.4675,74.7,,54.7775,1229.5475,179.858,43.8525,18.0,0,370.00204608701927
18.10.2025 11:00,8.91,80.7875,74.7,,51.345,1038.8375,20.65,53.165,18.0,0,281.0722000363391
18.10.2025 12:00,8.91,73.94,74.7,,62.34,1045.0425,112.368,33.6075,30.97,0,242.6506157611965
18.10.2025 13:00,8.91,67.5325,74.7,,76.975,1145.3875,10.393,78.33666666666666,30.97,0,241.53475031972988
18.10.2025 14:00,8.91,72.2975,74.7,,86.43,1011.1425,0.001,82.19,30.97,0,260.02290407001084
18.10.2025 15:00,8.7,83.5,74.7,,108.0275,816.895,0.183,94.08666666666666,30.97,0,324.1498851196013
18.10.2025 16:00,8.54,96.55,74.7,,122.25,696.31,2.948,96.04333333333334,3.89,0,431.2016973245994
18.10.2025 17:00,8.4,120.64,74.7,,120.8225,845.6600000000001,34.872,95.315,3.89,0,535.2619571704167
18.10.2025 18:00,8.4,133.235,74.7,,94.8925,859.13,115.108,71.025,3.89,0,535.3688640358548
18.10.2025 19:00,8.4,124.8225,74.7,,82.41,742.415,27.849,81.87,3.89,0,499.8518116621577
18.10.2025 20:00,8.4,112.995,74.7,,84.4725,734.135,4.104,87.9075,1.43,0,470.24677742651954
18.10.2025 21:00,8.4,92.5525,74.7,,84.1875,648.8125,9.081,80.6525,1.43,0,448.746620075635
18.10.2025 22:00,8.4,95.5775,74.7,,77.2475,643.3425,9.23,72.8725,1.43,0,421.7689802533322
18.10.2025 23:00,8.35,94.355,74.7,,75.305,540.6275,0.5980000000000001,73.0675,1.43,0,396.0569340053306
19.10.2025 00:00,8.35,92.3425,74.7,,69.3575,467.2225,0.655,79.005,4.2,0,361.671506901107
19.10.2025 01:00,8.04,87.58500000000001,74.7,,70.515,495.8625,0.143,71.87,4.2,0,334.86105654937614
19.10.2025 02:00,8.04,82.2925,74.7,,69.5975,381.4775,1.037,78.4525,4.2,0,322.8910853902953
19.10.2025 03:00,8.04,82.14,74.7,,67.1125,466.655,1.337,80.6325,4.2,0,323.60529520686714
19.10.2025 04:00,8.04,83.2125,74.7,,74.2225,386.795,21.2,58.953333333333326,5.39,0,324.9016549620943
19.10.2025 05:00,8.04,83.4975,74.7,,77.3225,407.3875,22.964,76.2275,5.39,0,317.35126263658606
19.10.2025 06:00,8.04,85.25,74.7,,79.72,649.98,0.0,79.06,5.39,0,314.7561329225712
19.10.2025 07:00,8.18,85.255,74.7,,75.3325,920.515,191.653,8.215,5.39,0,304.90738656767513
19.10.2025 08:00,8.27,87.1575,74.7,,58.6325,1039.2925,164.985,12.7425,21.25,0,285.3527402378909
19.10.2025 09:00,8.39,78.4325,74.7,,35.0725,1014.405,27.889000000000003,35.27,21.25,0,239.60495245880392
19.10.2025 10:00,8.39,69.6375,74.7,,-5.695,1065.1675,75.675,17.3525,21.25,0,187.8315607734757
19.10.2025 11:00,8.39,60.3,74.7,,-16.0925,939.58,86.484,5.4775,21.25,0,166.8870986216239
19.10.2025 12:00,8.39,34.567499999999995,74.7,,-14.915,1130.0675,113.374,-3.2825,46.23,0,159.00881932342404
19.10.2025 13:00,8.39,20.295,74.7,,29.82,1331.875,213.84,1.585,46.23,0,160.55633433170854
19.10.2025 14:00,8.39,36.2175,74.7,,75.9325,1230.41,112.219,13.515,46.23,0,165.81187245546255
19.10.2025 15:00,8.27,66.77250000000001,74.7,,108.7625,1054.84,102.48,-7.670000000000001,46.23,0,174.07267151916767
19.10.2025 16:00,8.18,89.93,74.7,,102.0825,965.18,182.93,23.39,6.41,0,242.49526855126064
19.10.2025 17:00,8.09,106.0725,74.7,,79.39,933.9575,161.429,28.3975,6.41,0,270.5885836480507
19.10.2025 18:00,8.09,107.6875,74.7,,62.995000000000005,739.4175,27.195,59.425,6.41,0,253.22239275353948
19.10.2025 19:00,8.09,85.62,74.7,,67.5025,628.3275,4.385,33.723333333333336,6.41,0,213.78986494493572
19.10.2025 20:00,8.09,75.5025,74.7,,80.9025,551.6175000000001,1.511,60.086666666666666,7.61,0,203.98404089486544
19.10.2025 21:00,8.09,73.15,74.7,,71.27499999999999,509.5275,97.551,25.4575,7.61,0,212.30292327022767
19.10.2025 22:00,8.09,74.74249999999999,74.7,,74.21000000000001,445.8975,32.643,45.3925,7.61,0,232.1263888800819
19.10.2025 23:00,8.04,60.855,74.7,,78.4025,483.0225,5.232,53.7825,7.61,0,225.4700309670173
20.10.2025 00:00,8.04,70.03750000000001,74.7,,74.8725,484.515,174.308,12.335,36.54,0,224.68929827022856
20.10.2025 01:00,8.36,63.975,74.7,,76.74000000000001,489.5475,0.8039999999999999,38.915,36.54,0,235.3180378601619
20.10.2025 02:00,8.36,60.98,74.7,,77.895,502.065,1.313,81.72,36.54,0,233.14286111775044
20.10.2025 03:00,8.36,60.0025,74.7,,83.575,487.0725,14.071,68.06,36.54,0,232.1632696560824
20.10.2025 04:00,8.36,60.6025,74.7,,90.1325,651.7675,59.813,23.88,23.15,0,239.14437516123976
20.10.2025 05:00,8.36,74.81,74.7,,115.9225,664.2175,19.373,53.03666666666667,23.15,0,259.4756077013669
20.10.2025 06:00,8.36,76.2525,74.7,,133.8775,685.51,4.976,51.11,23.15,0,258.355930698095
20.10.2025 07:00,8.55,91.8675,74.7,,117.195,1094.9675,0.0,,23.15,0,261.9356902512536
20.10.2025 08:00,8.71,125.0975,74.7,,108.0425,1139.135,0.0,,173.85,0,258.66740096316016
20.10.2025 09:00,8.91,92.185,74.7,,94.1475,1278.78,79.58,56.620000000000005,173.85,0,246.15509824968092
20.10.2025 10:00,8.91,73.15,74.7,,83.385,1336.37,8.041,66.71000000000001,173.85,0,241.76292528114183
20.10.2025 11:00,8.91,69.935,74.7,,80.305,1146.2225,65.274,66.9875,173.85,1,239.42942674185977
20.10.2025 12:00,8.91,60.2875,74.7,,79.785,1063.59,148.592,43.4675,181.0,1,237.71320421039653
20.10.2025 13:00,8.91,65.27250000000001,74.7,,88.6625,1057.76,57.628,41.60333333333333,181.0,1,237.05385136485097
20.10.2025 14:00,8.91,76.08500000000001,74.7,,111.2925,935.385,0.587,75.31,181.0,0,242.31072651503683
20.10.2025 15:00,8.71,97.14,74.7,,122.9075,956.0775,27.194,73.42,181.0,1,265.5741374471925
20.10.2025 16:00,8.55,119.51,74.7,,113.1075,937.14,0.869,96.215,23.38,1,290.74050783385815
20.10.2025 17:00,8.4,131.1225,74.7,,98.7525,864.9024999999999,0.0,,23.38,1,297.16427337755243
20.10.2025 18:00,8.4,125.09,74.7,,93.5125,792.3275,0.033,85.17,23.38,1,275.884099326862
20.10.2025 19:00,8.4,103.0,74.7,,86.7575,778.755,19.304,66.0925,23.38,0,260.09953301159334
20.10.2025 20:00,8.4,82.29,74.7,,81.6275,749.7850000000001,70.37,23.903333333333336,8.72,0,245.93700843235297
20.10.2025 21:00,8.4,76.2525,74.7,,77.7,824.1275,5.629,59.5875,8.72,0,237.06407444552025
20.10.2025 22:00,8.4,68.3775,74.7,,76.725,850.9775,0.0579999999999999,114.71,8.72,0,223.8132951583925
20.10.2025 23:00,8.36,51.0,74.7,,73.8925,831.4100000000001,27.599,25.886666666666667,8.72,0,212.9187658142868
21.10.2025 00:00,8.36,61.48,74.7,,69.435,663.835,32.28,58.845,33.81,0,206.9860389046225
21.10.2025 01:00,8.36,43.8325,74.7,,62.495,555.36,26.717,34.4375,33.81,0,199.2269011341686
21.10.2025 02:00,8.36,33.0725,74.7,,59.2475,633.5975000000001,2.348,72.865,33.81,0,195.61502056291417
21.10.2025 03:00,8.36,22.2775,74.7,,68.48,762.745,0.3349999999999999,70.9825,33.81,0,193.85511835745297
21.10.2025 04:00,8.36,25.9125,74.7,,83.17,735.2275,34.187,22.6225,40.0,0,195.21672751167264
21.10.2025 05:00,8.36,47.46,74.7,,91.895,751.8725,20.983,-26.86,40.0,0,203.4504254852708
21.10.2025 06:00,8.36,75.095,74.7,,98.5675,865.25,19.217,-18.035,40.0,0,202.7342265096513
21.10.2025 07:00,8.55,88.1225,74.7,,98.8975,931.625,40.023,54.900000000000006,40.0,0,218.21490214020656
21.10.2025 08:00,8.71,91.5825,74.7,,87.985,1306.51,197.091,-18.005000000000003,102.5,0,228.28426650824176
21.10.2025 09:00,8.91,84.7175,74.7,,76.9025,1458.7375,10.583,,102.5,0,229.08305907683365
21.10.2025 10:00,8.91,74.27,74.7,,68.88,1548.74,4.207,51.36000000000001,102.5,0,194.39583070959725
21.10.2025 11:00,8.91,65.1125,74.7,,69.0525,1280.5925,16.223,47.43666666666667,102.5,1,174.8714647244252
21.10.2025 12:00,8.91,47.455,74.7,,66.0475,1275.8025,132.587,5.9525,123.22,1,169.0325352852509
21.10.2025 13:00,8.91,31.5825,74.7,,82.4925,1601.385,153.406,-5.2475,123.22,1,179.73203867874872
21.10.2025 14:00,8.91,33.06,74.7,,82.2775,1446.1125,219.734,-62.695,123.22,0,180.52418488135783
21.10.2025 15:00,8.71,60.23,74.7,,102.22,1113.0925,40.515,17.08,123.22,1,210.2818521661963
21.10.2025 16:00,8.55,68.2025,74.7,,118.1175,973.6175,0.042,96.98,13.66,1,242.91317500253376
21.10.2025 17:00,8.4,100.0,74.7,,122.825,998.56,0.0,,13.66,1,292.77994183250183
21.10.2025 18:00,8.4,121.8,74.7,,109.365,835.6475,44.078,95.4125,13.66,1,304.8203175585321
21.10.2025 19:00,8.4,115.385,74.7,,93.2325,827.41,2.177,91.12,13.66,0,305.2794562886938
21.10.2025 20:00,8.4,99.6725,74.7,,92.5725,704.0025,10.097,85.8575,5.91,0,314.56138704361695
21.10.2025 21:00,8.4,81.055,74.7,,82.555,589.5799999999999,10.16,70.6075,5.91,0,306.97820698746943
21.10.2025 22:00,8.4,81.68,74.7,,82.66499999999999,502.1425,0.562,92.965,5.91,0,307.18470251267934
21.10.2025 23:00,8.36,74.33,74.7,,86.12,450.515,0.0,123.39,5.91,0,303.184179229935
22.10.2025 00:00,8.36,87.8375,74.7,,87.57499999999999,521.4975,0.6609999999999999,96.44,23.77,0,315.03660369440735
22.10.2025 01:00,8.36,87.4925,74.7,,88.0725,494.4425,0.011,116.72,23.77,0,321.9570226628316
22.10.2025 02:00,8.36,85.405,74.7,,90.005,520.0600000000001,0.0,,23.77,0,324.0676385121319
22.10.2025 03:00,8.36,89.3475,74.7,,99.07,773.255,14.235,85.18666666666667,23.77,0,336.8014474962355
22.10.2025 04:00,8.36,89.5025,74.7,,113.46,938.3075,41.446,64.03,20.42,0,354.2040012918052
22.10.2025 05:00,8.36,90.175,74.7,,137.1125,905.1375,10.094,79.005,20.42,0,384.084301908557
22.10.2025 06:00,8.36,99.3925,74.7,,141.79,962.4975,0.03,113.3,20.42,0,414.0471320271165
22.10.2025 07:00,8.55,100.1825,74.7,,128.1775,1224.0875,19.588,104.12,20.42,0,420.0171883448918
22.10.2025 08:00,8.71,113.7575,74.7,,105.975,1051.5225,14.251,100.19,44.51,0,434.5441868662178
22.10.2025 09:00,8.91,125.7175,74.7,,96.245,919.7975,0.065,89.84,44.51,0,435.22540482484806
22.10.2025 10:00,8.91,105.7275,74.7,,87.625,1032.205,0.043,104.17,44.51,0,416.2723368967545
22.10.2025 11:00,8.91,91.215,74.7,,83.07,1001.4225,57.546,80.9475,44.51,1,405.0164343351193
22.10.2025 12:00,8.91,87.1,74.7,,84.1075,1142.31,66.374,76.58,53.06,1,401.56418568840365
22.10.2025 13:00,8.91,86.0,74.7,,105.8075,1031.8175,0.143,100.26,53.06,1,398.52826624783575
22.10.2025 14:00,8.91,93.46,74.7,,140.89,970.39,0.002,150.27,53.06,0,422.4813582681714
22.10.2025 15:00,8.71,110.655,74.7,,224.495,1421.545,0.646,141.71,53.06,1,467.95762711407934
22.10.2025 16:00,8.55,135.0,74.7,,368.8125,1224.43,25.37,80.28,6.54,1,508.92154609409386
22.10.2025 17:00,8.4,198.0525,74.7,,348.945,1222.415,0.0,,6.54,1,545.1270254315286
22.10.2025 18:00,8.4,296.4825,74.7,,194.2325,1309.8075,1.7879999999999998,165.9,6.54,1,553.0285505612144
22.10.2025 19:00,8.4,279.76,74.7,,119.475,1011.3125,16.663,104.9575,6.54,0,549.8641349977651
22.10.2025 20:00,8.4,185.31,74.7,,98.9125,755.3325,0.218,105.68333333333334,4.03,0,550.729519971911
22.10.2025 21:00,8.4,133.9475,74.7,,91.0025,676.7675,5.69,93.7525,4.03,0,562.6086244346795
22.10.2025 22:00,8.4,122.065,74.7,,109.2675,900.935,3.996,96.26333333333334,4.03,0,581.3984094245172
22.10.2025 23:00,8.36,108.0925,74.7,,96.4475,851.8975,47.989,89.7675,4.03,0,572.1588825344311
23.10.2025 00:00,8.36,101.375,74.7,,89.3275,673.6800000000001,75.224,71.06,14.2,0,531.8319353081273
23.10.2025 01:00,8.36,98.745,74.7,,72.4825,819.855,158.295,70.6125,14.2,0,480.7491837910301
23.10.2025 02:00,8.36,95.0675,74.7,,68.43,608.81,0.108,107.55,14.2,0,403.5402066074528
23.10.2025 03:00,8.36,79.9225,74.7,,64.75,640.7025,57.824,97.3225,14.2,0,298.82747021815345
23.10.2025 04:00,8.36,70.9975,74.7,,72.3125,632.03,200.893,56.695,18.2,0,235.6532240551918
23.10.2025 05:00,8.36,67.52,74.7,,92.485,686.6475,39.126000000000005,83.44,18.2,0,220.92002154129275
23.10.2025 06:00,8.36,72.25,74.7,,94.0975,691.7025,225.543,67.2175,18.2,0,226.62851447861803
23.10.2025 07:00,8.55,82.2825,74.7,,86.9725,852.21,28.242,96.83,18.2,0,247.9849849966761
23.10.2025 08:00,8.71,90.0,74.7,,89.22749999999999,1117.305,26.406,85.5,78.58,0,245.0149325694137
23.10.2025 09:00,8.91,83.0175,74.7,,90.71,1462.8975,33.48,133.755,78.58,0,234.28496917152395
23.10.2025 10:00,8.91,79.7025,74.7,,81.7375,1437.3225,3.487,2.34,78.58,0,226.2887005581112
23.10.2025 11:00,8.91,69.6,74.7,,78.43,1420.9325,26.468,21.81,78.58,1,226.6695199006741
23.10.2025 12:00,8.91,66.0975,74.7,,71.5475,1479.8575,11.639,20.22,84.0,1,210.6306156991946
23.10.2025 13:00,8.91,64.105,74.7,,62.105,1367.22,109.129,-49.05333333333334,84.0,1,198.02667668739335
23.10.2025 14:00,8.91,63.535,74.7,,64.495,1288.25,50.04,47.5625,84.0,0,189.7918249320656
23.10.2025 15:00,8.71,75.605,74.7,,77.965,1334.065,15.479,23.39,84.0,1,199.3045352546345
23.10.2025 16:00,8.55,85.4975,74.7,,75.47999999999999,1056.0725,1.69,65.45,27.73,1,198.35335596488372
23.10.2025 17:00,8.4,98.1175,74.7,,72.19749999999999,1085.355,1.772,100.05333333333334,27.73,1,210.42674450644716
23.10.2025 18:00,8.4,114.93,74.7,,63.99,1123.025,0.377,111.64,27.73,1,198.6370634666184
23.10.2025 19:00,8.4,107.9125,74.7,,50.21,1184.6225,77.477,-36.09,27.73,0,195.45130105040235
23.10.2025 20:00,8.4,87.7125,74.7,,40.59,1054.485,11.217,20.3475,24.1,0,183.82937704271149
23.10.2025 21:00,8.4,82.8125,74.7,,14.9875,989.035,3.358,23.43,24.1,0,167.71266468931324
23.10.2025 22:00,8.4,77.655,74.7,,-1.1775000000000002,910.28,3.122,29.41,24.1,0,158.102329744999
23.10.2025 23:00,8.36,60.0775,74.7,,-1.5,599.6475,84.964,-59.715,24.1,0,139.0116717123431
24.10.2025 00:00,8.36,14.335,74.7,,-1.78,497.16,34.458,-1.0724999999999998,20.81,0,136.34719340181078
24.10.2025 01:00,8.36,9.835,74.7,,-3.1725000000000003,524.09,81.947,-32.9575,20.81,0,133.29956968599595
24.10.2025 02:00,8.36,6.525,74.7,,-4.9275,594.4175,95.079,-35.6825,20.81,0,129.48937675508444
24.10.2025 03:00,8.36,1.025,74.7,,-3.825,621.8025,61.96,-9.1075,20.81,0,127.53520967044496
24.10.2025 04:00,8.36,2.19,74.7,,5.775,932.5475,63.068,-15.824999999999998,18.0,0,134.28179803092956
24.10.2025 05:00,8.36,7.525,74.7,,27.19,1126.005,332.071,-1687.375,18.0,0,139.46653009299632
24.10.2025 06:00,8.36,23.2775,74.7,,28.655,1298.3525,115.53,-102.105,18.0,0,141.01189281708332
24.10.2025 07:00,8.55,64.985,74.7,,17.8675,1096.2625,8.574,63.5325,18.0,0,155.20390736743371
24.10.2025 08:00,8.71,84.87,74.7,,6.085,1015.155,76.058,31.1575,43.45,0,151.75523808068743
24.10.2025 09:00,8.91,76.5475,74.7,,1.7674999999999998,781.6424999999999,226.659,-9.9975,43.45,0,142.1435546137536
24.10.2025 10:00,8.91,58.3025,74.7,,-4.6275,815.05,223.594,-18.6275,43.45,0,120.6000237911469
24.10.2025 11:00,8.91,33.0,74.7,,-8.9375,967.9725,306.388,-122.0025,43.45,1,104.29264255591234
24.10.2025 12:00,8.91,1.2525,74.7,,-9.7825,854.5425,422.286,-169.155,70.82,1,104.64408058497528
24.10.2025 13:00,8.91,-0.01,74.7,,-10.1525,845.4725,316.996,-88.095,70.82,1,106.19750809803888
24.10.2025 14:00,8.91,-0.01,74.7,,-4.6675,792.16,181.615,-33.7475,70.82,0,105.25331518516413
24.10.2025 15:00,8.71,1.81,74.7,,9.765,866.8025,92.594,0.3799999999999999,70.82,1,105.20134240953227
24.10.2025 16:00,8.55,37.32,74.7,,47.495,1091.9775,69.001,15.2325,21.55,1,114.40786206030424
24.10.2025 17:00,8.4,66.26,74.7,,43.5575,1099.61,121.345,-0.3550000000000022,21.55,1,130.5386451776732
24.10.2025 18:00,8.4,74.61,74.7,,13.8425,913.3675,72.143,19.3725,21.55,1,144.6683924581136
24.10.2025 19:00,8.4,74.61250000000001,74.7,,1.3025000000000002,839.7225,148.441,-26.4325,21.55,0,147.47031625039344
24.10.2025 20:00,8.4,57.05,74.7,,1.0475,645.9975,106.71,-9.237499999999995,17.18,0,142.5057130021554
24.10.2025 21:00,8.4,41.5075,74.7,,-1.965,558.74,103.437,-8.344999999999999,17.18,0,138.65977658136086
24.10.2025 22:00,8.4,28.9225,74.7,,1.025,509.895,108.294,-5.734999999999999,17.18,0,139.7032618428301
24.10.2025 23:00,8.36,9.9675,74.7,,2.54,582.69,31.479,-51.8875,17.18,0,140.47266293728248
25.10.2025 00:00,8.36,3.525,74.7,,3.775,547.6800000000001,3.3790000000000004,32.63,16.3,0,139.84969837683042
25.10.2025 01:00,8.35,1.3199999999999998,74.7,,3.37,547.8975,18.495,19.08,16.3,0,139.70187003551175
25.10.2025 02:00,8.35,0.925,74.7,,0.1075,474.8575,60.979,-7.052500000000001,16.3,0,136.1705067107179
25.10.2025 03:00,8.35,-0.0025,74.7,,0.25,481.2525,56.608,12.404999999999998,16.3,0,129.38748183544087
25.10.2025 04:00,8.35,-0.0075,74.7,,0.7925,558.5675,22.472,19.3975,17.05,0,128.17476268919808
25.10.2025 05:00,8.35,0.1649999999999999,74.7,,0.59,562.1225,102.172,-81.46,17.05,0,127.85039590595956
25.10.2025 06:00,8.35,0.5225,74.7,,1.3225,559.9475,13.835,-0.6975000000000002,17.05,0,125.25718607615173
25.10.2025 07:00,8.54,0.99,74.7,,1.28,565.2475,0.386,29.6675,17.05,0,116.72842866674408
25.10.2025 08:00,8.7,3.995,74.7,,1.3825,641.1525,37.399,-36.0325,37.28,0,106.85226300371308
25.10.2025 09:00,8.91,7.5825,74.7,,-1.2175,718.065,67.84,-28.845,37.28,0,101.15242634131388
25.10.2025 10:00,8.91,6.7275,74.7,,-1.15,755.6225,7.229,4.175,37.28,0,99.11964755827408
25.10.2025 11:00,8.91,4.765000000000001,74.7,,0.7224999999999999,807.085,0.129,30.33,37.28,0,98.42339058970346
25.10.2025 12:00,8.91,6.095000000000001,74.7,,6.3575,1002.5475,1.811,44.8825,57.4,0,102.59770375582356
25.10.2025 13:00,8.91,4.37,74.7,,3.4425,771.0,16.94,1.6500000000000008,57.4,0,101.77325613197414
25.10.2025 14:00,8.91,4.03,74.7,,3.56,784.9425,12.689,0.5750000000000002,57.4,0,104.10233588522335
25.10.2025 15:00,8.7,3.945,74.7,,18.975,1033.5475,46.441,-35.8125,57.4,0,105.0517823139671
25.10.2025 16:00,8.54,5.5575,74.7,,44.2025,968.0,34.962,4.465000000000002,17.19,0,105.7048868638558
25.10.2025 17:00,8.4,25.3075,74.7,,85.3025,1203.48,1.839,73.55499999999999,17.19,0,106.10872794980736
25.10.2025 18:00,8.4,55.2525,74.7,,58.235,1251.7325,3.1790000000000003,58.0425,17.19,0,109.3555881448112
25.10.2025 19:00,8.4,61.265,74.7,,30.3425,982.565,9.971,57.575,17.19,0,127.214267678618
25.10.2025 20:00,8.4,33.995,74.7,,47.5175,1188.035,5.33,29.5425,12.66,0,118.37799230605032
25.10.2025 21:00,8.4,14.1075,74.7,,38.9725,1019.0275,15.754,-1.1275,12.66,0,121.25632208482833
25.10.2025 22:00,8.4,16.682499999999997,74.7,,18.425,701.2025,9.665,5.195,12.66,0,132.65833650180096
25.10.2025 23:00,8.35,8.17,74.7,,24.7975,762.8275,32.992999999999995,-0.7875000000000014,12.66,0,140.1066428639549
26.10.2025 00:00,8.35,5.5725,74.7,,18.3,730.215,48.748,-34.836666666666666,15.82,0,131.33531262070363
26.10.2025 01:00,8.04,3.6975,74.7,,5.6025,816.96,104.753,-16.49,15.82,0,137.8766544878466
26.10.2025 02:00,8.04,3.19,74.7,,-2.64,624.03,365.086,120.89666666666666,15.82,0,140.65618735329898
26.10.2025 02:00,8.04,2.015,74.7,,-2.315,536.8525,41.947,-2.7575000000000003,15.82,0,135.75807338313496
26.10.2025 03:00,8.04,0.3425,74.7,,-0.4975,461.045,76.402,-11.695,15.82,0,129.894121961135
26.10.2025 04:00,8.04,0.1025,74.7,,1.5949999999999998,528.1175000000001,72.459,7.606666666666666,16.24,0,123.44722402459313
26.10.2025 05:00,8.04,0.105,74.7,,2.01,563.925,41.281,28.2425,16.24,0,123.79028832632474
26.10.2025 06:00,8.18,0.1075,74.7,,6.7975,887.755,0.0,,16.24,0,116.8428867317862
26.10.2025 07:00,8.27,0.1025,74.7,,5.2425,919.085,60.652,-49.67,16.24,0,110.3652564132902
26.10.2025 08:00,8.39,-0.01,74.7,,0.7050000000000001,720.0025,88.82900000000001,-64.35,34.44,0,101.64781700243566
26.10.2025 09:00,8.39,-0.3125,74.7,,-0.7325,642.94,114.206,-68.5175,34.44,0,96.4104327925419
26.10.2025 10:00,8.39,-0.065,74.7,,-0.9375,494.8475,58.86,-35.17,34.44,0,93.21755677585124
26.10.2025 11:00,8.39,-0.08,74.7,,-2.455,613.1575,174.589,-30.9925,34.44,0,94.01437026066566
26.10.2025 12:00,8.39,-0.065,74.7,,-2.035,600.9225,38.179,1.6475000000000002,53.79,0,94.87956026035988
26.10.2025 13:00,8.39,-0.545,74.7,,1.375,680.735,0.001,85.59,53.79,0,97.93843627413754
26.10.2025 14:00,8.27,-0.7325,74.7,,12.8275,1039.56,45.318,0.7224999999999999,53.79,0,102.45013978431534
26.10.2025 15:00,8.18,-0.01,74.7,,39.075,1288.1375,16.203,-2.1966666666666668,53.79,0,103.87676313909944
26.10.2025 16:00,8.09,3.0375,74.7,,44.83,1177.135,41.999,40.335,17.37,0,105.0237219101482
26.10.2025 17:00,8.09,30.0025,74.7,,37.1275,1032.8175,100.826,25.4875,17.37,0,105.72223587431888
26.10.2025 18:00,8.09,42.0225,74.7,,13.26,1141.51,242.732,-27.575,17.37,0,120.06727286129144
26.10.2025 19:00,8.09,34.730000000000004,74.7,,2.77,926.915,148.656,-21.83,17.37,0,132.05115364787835
26.10.2025 20:00,8.09,16.642500000000002,74.7,,3.57,684.0725,41.96,-8.0525,13.39,0,128.34663848249656
26.10.2025 21:00,8.09,3.065,74.7,,-0.6699999999999999,823.885,143.31799999999998,-69.0325,13.39,0,121.0136315738555
26.10.2025 22:00,8.04,14.9075,74.7,,-5.0575,775.4225,47.959,-26.4075,13.39,0,113.77326228699228
26.10.2025 23:00,8.04,5.0600000000000005,74.7,,-5.6825,669.0649999999999,8.873000000000001,21.735,13.39,0,114.57543660713132
27.10.2025 00:00,8.36,1.3424999999999998,74.7,,-7.4875,585.63,0.0,83.31,28.0,0,120.71902337423062
27.10.2025 01:00,8.36,1.825,74.7,,-8.145,729.065,22.983,0.2750000000000003,28.0,0,112.6229461609685
27.10.2025 02:00,8.36,1.25,74.7,,-6.9675,718.2175,6.311,12.7175,28.0,0,115.82634485005056
27.10.2025 03:00,8.36,-0.0025,74.7,,-2.215,760.31,10.779,17.0925,28.0,0,121.10038852303228
27.10.2025 04:00,8.36,1.3075,74.7,,30.25,1096.3275,1.405,55.1275,28.31,0,124.11498282247572
27.10.2025 05:00,8.36,10.7825,74.7,,70.295,1079.79,7.332,24.71,28.31,0,126.99643518933244
27.10.2025 06:00,8.55,55.0,74.7,,86.995,1150.4675,0.434,84.78333333333333,28.31,0,132.31225989067028
27.10.2025 07:00,8.71,86.065,74.7,,95.09,1208.9025,0.004,103.66,28.31,0,152.6140353509383
27.10.2025 08:00,8.91,100.1475,74.7,,86.7425,1143.0,19.34,54.185,28.02,0,143.80456958556712
27.10.2025 09:00,8.91,101.86,74.7,,83.535,974.0275,26.051,58.57666666666666,28.02,0,147.25516347084
27.10.2025 10:00,8.91,96.7375,74.7,,68.1325,1013.1575,53.393,12.676666666666668,28.02,0,143.86194893165276
27.10.2025 11:00,8.91,94.6325,74.7,,62.15,1151.6775,5.762,43.81,28.02,1,145.98681590275456
27.10.2025 12:00,8.91,82.6975,74.7,,69.525,1121.4675,0.0,,44.02,1,147.19795715751764
27.10.2025 13:00,8.91,81.1225,74.7,,78.6525,1155.3674999999998,0.153,119.82,44.02,1,148.5648358506943
27.10.2025 14:00,8.71,83.3475,74.7,,89.075,1223.995,33.115,108.9,44.02,0,158.43633074645953
27.10.2025 15:00,8.55,83.66499999999999,74.7,,107.3325,1027.7325,2.377,35.38,44.02,1,169.72426448201907
27.10.2025 16:00,8.4,99.2325,74.7,,105.835,1038.6725,1.046,44.63,12.11,1,182.7102999128932
27.10.2025 17:00,8.4,110.71,74.7,,94.22,1212.0475,107.438,33.625,12.11,1,188.12509329180332
27.10.2025 18:00,8.4,126.5375,74.7,,67.275,1197.2675,182.378,28.0975,12.11,1,191.31777245507288
27.10.2025 19:00,8.4,113.4975,74.7,,44.8,1154.1675,57.666,25.46,12.11,0,194.59399393265565
27.10.2025 20:00,8.4,95.035,74.7,,41.2125,1230.61,199.17,-48.295,10.01,0,189.2064884052716
27.10.2025 21:00,8.4,77.94,74.7,,31.6275,1091.135,74.881,-23.5925,10.01,0,174.60833449384475
27.10.2025 22:00,8.36,74.48,74.7,,20.685,974.05,69.608,-9.607500000000002,10.01,0,173.7294750727729
27.10.2025 23:00,8.36,62.425,74.7,,10.48,763.9575,57.0,-0.7724999999999999,10.01,0,154.67132655328925
28.10.2025 00:00,8.36,44.11,74.7,,1.8825,715.485,24.308,17.7725,48.3,0,154.85358114570158
28.10.2025 01:00,8.36,28.8825,74.7,,-1.1925,659.6525,1.832,49.965,48.3,0,152.16807633394552
28.10.2025 02:00,8.36,18.5425,74.7,,-0.6475,752.095,1.477,43.625,48.3,0,151.3427338036601
28.10.2025 03:00,8.36,10.2225,74.7,,16.4,915.455,5.745,37.05,48.3,0,150.43139579313075
28.10.2025 04:00,8.36,10.9525,74.7,,60.785,950.905,5.642,41.4375,47.15,0,152.09067292405487
28.10.2025 05:00,8.36,30.4075,74.7,,79.2175,1034.975,3.388,0.18,47.15,0,157.40559783324787
28.10.2025 06:00,8.55,59.5225,74.7,,71.685,1251.525,69.173,25.816666666666663,47.15,0,166.16766738730436
28.10.2025 07:00,8.71,80.3825,74.7,,60.615,1466.8525,60.106,58.9275,47.15,0,177.69867672882071
28.10.2025 08:00,8.91,89.395,74.7,,52.46,1467.215,76.267,44.465,25.0,0,172.00084785041298
28.10.2025 09:00,8.91,87.36500000000001,74.7,,45.325,1515.71,16.89,58.4,25.0,0,161.00056616699035
28.10.2025 10:00,8.91,81.0025,74.7,,30.465,1309.4125,130.701,16.1025,25.0,0,159.42065515594453
28.10.2025 11:00,8.91,75.41499999999999,74.7,,17.052500000000002,1202.23,39.479,11.0425,25.0,1,153.27164112116748
28.10.2025 12:00,8.91,67.56,74.7,,31.5675,1320.4,0.023,,42.98,1,147.57818340850326
28.10.2025 13:00,8.91,62.3025,74.7,,54.8,1264.1075,7.704,74.04,42.98,1,147.63808060181077
28.10.2025 14:00,8.71,64.42,74.7,,77.6525,1361.4975,6.408,50.63,42.98,0,154.66634375826754
28.10.2025 15:00,8.55,73.0975,74.7,,89.07,1379.1325,206.246,12.1225,42.98,1,161.96420630529218
28.10.2025 16:00,8.4,80.07249999999999,74.7,,87.5125,1438.0025,0.728,133.73333333333335,10.82,1,182.38772619268912
28.10.2025 17:00,8.4,93.8325,74.7,,88.465,1117.835,3.491,127.1725,10.82,1,185.2628804812192
28.10.2025 18:00,8.4,110.23,74.7,,74.6425,972.3725,26.827,62.695,10.82,1,192.59002250869253
28.10.2025 19:00,8.4,106.9125,74.7,,64.87,964.5775,60.627,39.1025,10.82,0,195.16703691231223
28.10.2025 20:00,8.4,91.925,74.7,,71.3825,867.8525,78.929,31.09,9.22,0,197.6776771685133
28.10.2025 21:00,8.4,80.8375,74.7,,60.6675,883.3025,146.146,-7.3125,9.22,0,190.27621405255752
28.10.2025 22:00,8.36,79.58,74.7,,59.9975,761.0275,10.535,67.76,9.22,0,187.8854281319175
28.10.2025 23:00,8.36,73.2225,74.7,,45.1625,719.915,0.55,82.12,9.22,0,181.0358346001917
29.10.2025 00:00,8.36,58.8025,74.7,,41.665,930.305,86.61500000000001,31.35,21.61,0,160.1405593171384
29.10.2025 01:00,8.36,54.035,74.7,,38.88,921.7325,42.553,44.6375,21.61,0,158.1259376864888
29.10.2025 02:00,8.36,54.155,74.7,,38.2075,962.28,0.009,55.37,21.61,0,161.27300760139985
29.10.2025 03:00,8.36,56.3475,74.7,,52.82,876.865,6.209,41.0175,21.61,0,175.08755581353117
29.10.2025 04:00,8.36,54.725,74.7,,82.53,794.4300000000001,10.863,57.375,19.56,0,194.22858387512696
29.10.2025 05:00,8.36,66.6175,74.7,,90.87,995.215,43.607,47.23333333333333,19.56,0,224.3818178221753
29.10.2025 06:00,8.55,95.4325,74.7,,84.07,1257.45,33.652,80.195,19.56,0,263.9802464385153
29.10.2025 07:00,8.71,107.5325,74.7,,74.7775,1210.8425,40.115,73.7575,19.56,0,275.12624784090485
29.10.2025 08:00,8.91,100.265,74.7,,63.1825,1221.0725,73.182,47.555,20.52,0,260.3620228759286
29.10.2025 09:00,8.91,85.805,74.7,,61.005,1140.7175,5.482,68.12,20.52,0,228.6381502666169
29.10.2025 10:00,8.91,71.9525,74.7,,67.3275,1312.0075,0.0,,20.52,0,202.7742396482106
29.10.2025 11:00,8.91,70.2125,74.7,,81.1175,1465.315,0.091,102.53666666666668,20.52,1,198.3250883703027
29.10.2025 12:00,8.91,70.8375,74.7,,98.045,1470.1325000000002,36.15,61.2,33.93,1,212.7861647640706
29.10.2025 13:00,8.91,77.1125,74.7,,115.6425,1291.9775,38.326,70.4975,33.93,1,240.3135725622613
29.10.2025 14:00,8.71,88.8525,74.7,,145.37,1306.995,0.017,118.15,33.93,0,283.79442161291234
29.10.2025 15:00,8.55,116.3575,74.7,,183.88,1519.4125,112.444,69.1375,33.93,1,329.17419787126835
29.10.2025 16:00,8.4,126.2325,74.7,,143.72,1555.08,0.0409999999999999,132.07,8.28,1,343.9533308314209
29.10.2025 17:00,8.4,126.975,74.7,,104.4875,1256.99,10.817,94.80666666666669,8.28,1,328.70110924767096
29.10.2025 18:00,8.4,128.7425,74.7,,99.9625,1362.19,0.0,158.93,8.28,1,311.1009104387105
29.10.2025 19:00,8.4,113.5425,74.7,,90.2075,1081.56,29.367,74.555,8.28,0,312.707168869532
29.10.2025 20:00,8.4,102.65,74.7,,87.365,891.9925000000001,3.391,96.3225,6.88,0,307.1496130361046
29.10.2025 21:00,8.4,96.5025,74.7,,83.1775,892.815,4.212,87.1375,6.88,0,321.281820656406
29.10.2025 22:00,8.36,94.4225,74.7,,80.3375,911.775,407.609,27.3325,6.88,0,323.6197521863246
29.10.2025 23:00,8.36,87.1425,74.7,,75.46000000000001,788.9325,11.727,68.2,6.88,0,304.70656696646284
30.10.2025 00:00,8.36,75.245,74.7,,72.765,795.0475,6.720000000000001,58.67333333333334,16.0,0,277.82701314824635
30.10.2025 01:00,8.36,70.105,74.7,,61.4475,934.5775,112.003,51.825,16.0,0,246.46623097039597
30.10.2025 02:00,8.36,65.525,74.7,,48.7525,863.105,58.216,51.095,16.0,0,224.31077233329503
30.10.2025 03:00,8.36,60.4175,74.7,,57.385,1085.5725,229.56,34.8675,16.0,0,207.65928293333587
30.10.2025 04:00,8.36,57.1525,74.7,,62.835,1021.06,262.289,32.1475,16.86,0,196.5348825426993
30.10.2025 05:00,8.36,60.0125,74.7,,60.9525,957.5775,353.55,-879.4675,16.86,0,185.63199018591123
30.10.2025 06:00,8.55,69.1775,74.7,,50.4725,1247.8275,195.587,40.6725,16.86,0,190.32661367885996
30.10.2025 07:00,8.71,79.9375,74.7,,46.0575,1800.3225,52.252,5.34,16.86,0,203.4946478460215
30.10.2025 08:00,8.91,85.2975,74.7,,17.44,1554.745,292.89300000000003,-92.815,61.0,0,208.87894070953408
30.10.2025 09:00,8.91,66.7225,74.7,,-0.3449999999999997,1120.755,184.035,-54.6075,61.0,0,194.0612856307186
30.10.2025 10:00,8.91,42.9025,74.7,,-10.3525,1234.53,643.8109999999999,-197.625,61.0,0,172.23509065479544
30.10.2025 11:00,8.91,7.0825000000000005,74.7,,-8.1775,877.1324999999999,238.975,-61.8,61.0,1,158.74158028200915
30.10.2025 12:00,8.91,-0.0025,74.7,,15.285,1171.11,14.603,30.2475,54.55,1,155.81309833241048
30.10.2025 13:00,8.91,0.0024999999999999,74.7,,80.975,1479.7825,53.254,7.81,54.55,1,157.03515866646177
30.10.2025 14:00,8.71,31.2925,74.7,,109.445,1441.095,42.333,,54.55,0,166.8471144292629
30.10.2025 15:00,8.55,69.8,74.7,,114.6575,1840.5975,76.392,76.28,54.55,1,220.82302013872768
30.10.2025 16:00,8.4,85.295,74.7,,112.9425,1510.3475,14.118,87.09333333333332,6.37,1,286.22134434322817
30.10.2025 17:00,8.4,117.93,74.7,,103.0925,1106.8375,7.275,94.63666666666668,6.37,1,315.04293194314005
30.10.2025 18:00,8.4,117.6975,74.7,,92.3775,858.685,1.52,104.655,6.37,1,324.828817858014
30.10.2025 19:00,8.4,117.6725,74.7,,96.4075,759.56,0.0,,6.37,0,335.9369774264309
30.10.2025 20:00,8.4,105.2875,74.7,,101.795,678.38,0.5469999999999999,87.14750000000001,5.3,0,350.671316547386
30.10.2025 21:00,8.4,98.035,74.7,,94.2425,578.9075,18.954,70.24,5.3,0,355.96467645062825
30.10.2025 22:00,8.36,98.44,74.7,,85.89,504.73,3.107,79.19333333333333,5.3,0,371.1968941152633
30.10.2025 23:00,8.36,84.8325,74.7,,82.3225,433.78,1.853,75.88666666666667,5.3,0,373.763532174934
31.10.2025 00:00,8.36,87.74000000000001,74.7,,80.4925,482.23,21.747,40.14,11.11,0,377.1291559527345
31.10.2025 01:00,8.36,78.1575,74.7,,83.5275,551.955,5.649,91.145,11.11,0,380.0587729363424
31.10.2025 02:00,8.36,74.74,74.7,,92.8275,609.2025,0.0,82.215,11.11,0,378.4551249891017
31.10.2025 03:00,8.36,75.675,74.7,,100.9675,578.6225,1.662,80.58333333333333,11.11,0,379.52935255665193
31.10.2025 04:00,8.36,79.7625,74.7,,114.2,979.8225,0.895,92.965,10.95,0,390.0204954657686
31.10.2025 05:00,8.36,91.825,74.7,,122.275,1090.49,9.834,90.12,10.95,0,392.4826522320977
31.10.2025 06:00,8.55,120.385,74.7,,109.7975,1174.075,2.022,108.36333333333334,10.95,0,375.9230839164993
31.10.2025 07:00,8.71,119.5725,74.7,,90.885,987.9225,22.128,84.62666666666667,10.95,0,353.5231873097553
31.10.2025 08:00,8.91,108.765,74.7,,94.6425,997.09,0.063,96.085,24.84,0,325.4559523921067
31.10.2025 09:00,8.91,83.0125,74.7,,88.2,1053.2175,10.378,81.88,24.84,0,288.20662795728435
31.10.2025 10:00,8.91,75.67,74.7,,91.1875,1247.7625,3.2880000000000003,93.77333333333333,24.84,0,270.5028280430184
31.10.2025 11:00,8.91,74.0875,74.7,,94.8725,1199.8375,17.063,94.50333333333332,24.84,1,267.9762596260228
31.10.2025 12:00,8.91,75.99000000000001,74.7,,109.28,1378.0075000000002,96.106,72.31,31.58,1,278.5669003405266
31.10.2025 13:00,8.91,84.2075,74.7,,121.5975,1069.5725,0.181,104.585,31.58,1,308.9372256440124
31.10.2025 14:00,8.71,106.7,74.7,,124.04,931.585,14.146999999999998,93.425,31.58,0,346.3414772086824
31.10.2025 15:00,8.55,127.0775,74.7,,116.38,732.6225,72.973,84.26750000000001,31.58,1,366.4013588740393
31.10.2025 16:00,8.4,132.0475,74.7,,116.7625,1008.43,0.097,97.65,5.76,1,369.3749422569882
31.10.2025 17:00,8.4,122.175,74.7,,101.26,819.28,401.143,53.005,5.76,1,346.9975395990701
31.10.2025 18:00,8.4,107.28,74.7,,85.265,856.35,196.236,51.3625,5.76,1,328.6791110673147
31.10.2025 19:00,8.4,90.005,74.7,,75.685,853.1575,163.281,45.99,5.76,0,327.3265843885372
31.10.2025 20:00,8.4,86.0475,74.7,,69.83500000000001,838.995,320.806,15.8375,4.65,0,313.2981595193166
31.10.2025 21:00,8.4,87.465,74.7,,56.975,758.5625,61.698,18.2,4.65,0,284.8297940272089
31.10.2025 22:00,8.36,81.845,74.7,,48.16,712.7525,0.012,80.07499999999999,4.65,0,265.9516691279368
31.10.2025 23:00,8.36,67.60249999999999,74.7,,48.78,762.4100000000001,4.811,33.68,4.65,0,234.33783127032456
01.11.2025 00:00,8.06,54.7075,74.7,,55.75,812.1675,0.0,86.34,12.58,0,215.476584977767
01.11.2025 01:00,8.06,38.115,74.7,,69.2075,861.5475,1.01,78.6975,12.58,0,212.05769896677864
01.11.2025 02:00,8.06,28.2725,74.7,,72.9125,842.2,0.017,86.28,12.58,0,217.1030213613685
01.11.2025 03:00,8.06,29.9575,74.7,,60.3075,742.865,2.613,78.17333333333333,12.58,0,223.28292484715791
01.11.2025 04:00,8.06,19.9025,74.7,,47.9175,795.73,4.992,34.035,14.13,0,201.9008697025465
01.11.2025 05:00,8.06,15.3275,74.7,,47.265,902.8725,40.281000000000006,37.89,14.13,0,199.13877161846
01.11.2025 06:00,8.19,11.6275,74.7,,43.57,1089.26,70.47,32.08,14.13,0,181.2366554144353
01.11.2025 07:00,8.28,17.605,74.7,,28.5975,1098.6025,106.205,18.442500000000003,14.13,0,162.57154195964782
01.11.2025 08:00,8.41,29.95,74.7,,34.645,1111.3675,9.772,30.776666666666667,27.58,0,143.81191307310883
01.11.2025 09:00,8.41,27.045,74.7,,23.555,1209.755,75.006,11.095,27.58,0,130.39577857179654
01.11.2025 10:00,8.41,18.3,74.7,,29.7925,1390.22,9.312,68.15333333333334,27.58,0,128.13354690887837
01.11.2025 11:00,8.41,15.7575,74.7,,45.905,1273.6325,80.03399999999999,52.00333333333333,27.58,0,127.86506721527576
01.11.2025 12:00,8.41,21.015,74.7,,72.0,1233.995,0.0,,41.47,0,131.8537014750098
01.11.2025 13:00,8.41,31.74,74.7,,81.84,961.4775,2.806,67.33,41.47,0,148.2149745279988
01.11.2025 14:00,8.28,54.0025,74.7,,87.5075,839.6475,0.539,74.155,41.47,0,174.01669431161082
01.11.2025 15:00,8.19,59.0725,74.7,,111.24,1321.2,0.0,,41.47,0,190.38356103907208
01.11.2025 16:00,8.1,76.58500000000001,74.7,,109.14,1358.0075000000002,36.893,92.8525,9.94,0,207.2012498542204
01.11.2025 17:00,8.1,88.78999999999999,74.7,,102.6825,1292.7725,189.058,69.0125,9.94,0,209.0249004692169
01.11.2025 18:00,8.1,89.055,74.7,,87.33500000000001,911.685,54.58,80.41,9.94,0,218.60405712329012
01.11.2025 19:00,8.1,86.4,74.7,,80.15,667.9775,2.542,90.55666666666669,9.94,0,229.164275503653
01.11.2025 20:00,8.1,86.1975,74.7,,84.595,649.4175,0.0,117.705,6.49,0,225.73035908122156
01.11.2025 21:00,8.1,83.2825,74.7,,87.1125,660.2225,18.86,58.38,6.49,0,232.92275195124648
01.11.2025 22:00,8.06,82.93,74.7,,82.845,731.935,258.774,55.695,6.49,0,253.2847463609672
01.11.2025 23:00,8.06,77.5075,74.7,,77.91499999999999,625.805,179.937,55.5325,6.49,0,248.252855980715
02.11.2025 00:00,8.04,64.285,74.7,,78.3475,612.5275,82.524,60.57,11.58,0,262.11567570039875
02.11.2025 01:00,8.04,60.3275,74.7,,78.2025,624.7675,323.142,59.795,11.58,0,263.33464464339266
02.11.2025 02:00,8.04,60.9775,74.7,,81.125,525.9224999999999,128.664,67.32,11.58,0,270.6913426293649
02.11.2025 03:00,8.04,62.7325,74.7,,82.3875,544.39,3.544,75.455,11.58,0,283.53923670768506
02.11.2025 04:00,8.04,67.0175,74.7,,83.195,730.89,0.0,,13.3,0,284.3399225049952
02.11.2025 05:00,8.04,68.81,74.7,,89.1925,820.9475,0.284,86.98,13.3,0,292.11313139717987
02.11.2025 06:00,8.17,70.3475,74.7,,100.085,951.46,44.187,74.87666666666667,13.3,0,286.04281185777666
02.11.2025 07:00,8.27,75.53,74.7,,95.5625,1077.8175,195.784,68.6125,13.3,0,289.54324630851
02.11.2025 08:00,8.39,77.12,74.7,,89.87,1006.11,31.136000000000003,80.75666666666666,20.32,0,286.8295115623695
02.11.2025 09:00,8.39,78.4575,74.7,,88.21000000000001,1023.1275,0.024,88.79499999999999,20.32,0,274.1446461188676
02.11.2025 10:00,8.39,74.99,74.7,,90.1425,1074.5975,1.002,90.91,20.32,0,262.88815433716104
02.11.2025 11:00,8.39,74.97999999999999,74.7,,92.3125,1046.5475,19.318,82.82,20.32,0,261.9774310541885
02.11.2025 12:00,8.39,75.2125,74.7,,105.1325,974.2675,0.044,96.41,29.44,0,276.13311206197585
02.11.2025 13:00,8.39,83.1625,74.7,,120.3725,1041.9975,4.674,80.31,29.44,0,303.5803591594708
02.11.2025 14:00,8.27,92.55,74.7,,120.3125,738.8475,12.415,78.58,29.44,0,340.3866702065312
02.11.2025 15:00,8.17,110.6525,74.7,,118.23,867.5050000000001,19.232,97.91333333333334,29.44,0,370.1447879539716
02.11.2025 16:00,8.08,116.5025,74.7,,119.6425,1080.5025,0.076,105.8,6.04,0,376.0018982519391
02.11.2025 17:00,8.08,132.0725,74.7,,119.1175,1116.8,0.114,106.975,6.04,0,351.06443684805606
02.11.2025 18:00,8.08,130.4075,74.7,,102.785,1035.34,5.038,110.945,6.04,0,334.14199596226683
02.11.2025 19:00,8.08,113.6075,74.7,,95.48,885.685,0.093,101.95,6.04,0,337.4107119597606
02.11.2025 20:00,8.08,98.6,74.7,,101.7575,856.0475,0.0,,4.55,0,350.4824276963039
02.11.2025 21:00,8.08,95.33,74.7,,87.685,752.1525,2.328,81.99333333333334,4.55,0,353.3016728672377
02.11.2025 22:00,8.04,93.1775,74.7,,83.275,635.11,194.716,52.165,4.55,0,347.8460882331418
02.11.2025 23:00,8.04,85.04249999999999,74.7,,72.9875,797.9225,209.482,56.0825,4.55,0,330.30187774794507
03.11.2025 00:00,8.35,82.44,74.7,,63.9475,802.3175,7.528,92.79,13.14,0,319.0216374803495
03.11.2025 01:00,8.35,80.105,74.7,,58.755,752.71,1.125,86.2375,13.14,0,302.9313718194085
03.11.2025 02:00,8.35,74.9975,74.7,,63.6275,757.4425,74.595,64.765,13.14,0,290.82889363001027
03.11.2025 03:00,8.35,73.14,74.7,,73.0275,571.76,2.248,85.93,13.14,0,283.1666162369927
03.11.2025 04:00,8.35,74.9725,74.7,,86.25750000000001,632.51,9.829,86.35249999999999,10.82,0,289.8271441262792
03.11.2025 05:00,8.35,75.0,74.7,,107.915,807.6125,37.879,79.72749999999999,10.82,0,304.2735844477428
03.11.2025 06:00,8.54,95.33,74.7,,102.11,881.74,1.273,102.635,10.82,0,314.5093988042038
03.11.2025 07:00,8.7,117.255,74.7,,84.73750000000001,1020.01,11.489,76.1625,10.82,0,287.6702786501606
03.11.2025 08:00,8.91,105.0,74.7,,73.9825,1089.64,93.708,32.74,17.07,0,276.45380885725945
03.11.2025 09:00,8.91,85.7625,74.7,,64.64750000000001,1132.35,68.422,33.004999999999995,17.07,0,253.7561589210658
03.11.2025 10:00,8.91,75.44500000000001,74.7,,57.885000000000005,1032.715,74.167,31.0125,17.07,0,227.55287430031265
03.11.2025 11:00,8.91,71.675,74.7,,60.227500000000006,1144.6925,108.054,44.7925,17.07,1,214.62913987607888
03.11.2025 12:00,8.91,67.99000000000001,74.7,,66.0975,1117.87,83.917,63.50333333333333,25.93,1,205.25467913353785
03.11.2025 13:00,8.91,71.925,74.7,,82.095,973.8275,230.829,20.485,25.93,1,208.9796502115909
03.11.2025 14:00,8.7,74.975,74.7,,91.0925,818.655,17.071,69.045,25.93,0,229.1177119583517
03.11.2025 15:00,8.54,82.60499999999999,74.7,,92.82,786.985,84.842,79.6425,25.93,1,266.9254157416471
03.11.2025 16:00,8.4,92.735,74.7,,95.7625,818.2275,74.315,82.66499999999999,6.46,1,299.18456558342683
03.11.2025 17:00,8.4,92.52,74.7,,82.065,790.5350000000001,133.735,73.9775,6.46,1,300.87686729682747
03.11.2025 18:00,8.4,90.555,74.7,,71.1125,768.665,10.201,88.7875,6.46,1,289.45024134955725
03.11.2025 19:00,8.4,81.57499999999999,74.7,,65.2525,874.5975,1.758,90.7125,6.46,0,288.7814614473656
03.11.2025 20:00,8.4,71.63250000000001,74.7,,69.0325,976.66,5.482,78.06,7.5,0,269.56723064203766
03.11.2025 21:00,8.4,60.00749999999999,74.7,,54.4575,1066.61,46.069,40.572500000000005,7.5,0,270.3085143527407
03.11.2025 22:00,8.35,52.7125,74.7,,38.335,989.71,20.831,49.3025,7.5,0,278.1596199080556
03.11.2025 23:00,8.35,28.715,74.7,,51.83,984.775,24.009,29.71,7.5,0,274.66442406753924
04.11.2025 00:00,8.35,16.53,74.7,,67.08500000000001,954.23,3.949,59.05,37.83,0,266.3723511714361
04.11.2025 01:00,8.35,7.2575,74.7,,73.6625,871.04,0.0,83.87,37.83,0,265.9480418524876
04.11.2025 02:00,8.35,4.925,74.7,,78.535,782.0899999999999,7.362,54.6525,37.83,0,273.884868270042
04.11.2025 03:00,8.35,6.3125,74.7,,80.2775,684.2475,39.574,56.16,37.83,0,285.7536225183196
04.11.2025 04:00,8.35,21.1975,74.7,,104.965,945.0975,1.307,63.78,21.83,0,302.81790917880943
04.11.2025 05:00,8.35,58.4325,74.7,,138.2375,979.505,0.034,81.0,21.83,0,307.5148141337587
04.11.2025 06:00,8.54,81.0375,74.7,,112.685,1577.665,0.0999999999999999,101.775,21.83,0,321.96582784061326
04.11.2025 07:00,8.7,114.3075,74.7,,82.225,1377.7675,40.232,72.48666666666666,21.83,0,305.3044876994877
04.11.2025 08:00,8.91,110.0,74.7,,74.0025,1270.8625,24.1,62.81,21.5,0,294.4666128754406
04.11.2025 09:00,8.91,80.8475,74.7,,66.3675,1230.4375,254.914,5.77,21.5,0,257.4439920906283
04.11.2025 10:00,8.91,60.6475,74.7,,59.33,1244.085,35.852000000000004,14.863333333333337,21.5,0,230.8134920506465
04.11.2025 11:00,8.91,52.87,74.7,,73.135,1301.8325,85.787,25.74,21.5,1,211.8661134044822
04.11.2025 12:00,8.91,50.1525,74.7,,85.8725,1098.03,22.859,103.57,22.3,1,207.27171707866555
04.11.2025 13:00,8.91,66.9375,74.7,,105.42,1051.5375,30.003,50.73,22.3,1,228.882449650376
04.11.2025 14:00,8.7,81.05,74.7,,117.2875,1009.455,8.501000000000001,39.25,22.3,0,286.47914585947547
04.11.2025 15:00,8.54,116.265,74.7,,117.4425,893.1175000000001,54.206,67.55000000000001,22.3,1,348.97133471118315
04.11.2025 16:00,8.4,127.475,74.7,,108.11,839.9725,137.102,61.5375,4.77,1,374.55858262275456
04.11.2025 17:00,8.4,129.1,74.7,,88.965,925.0675,31.027,85.85249999999999,4.77,1,361.007363046029
04.11.2025 18:00,8.4,122.7625,74.7,,79.235,940.38,53.309,68.2525,4.77,1,346.70915730992346
04.11.2025 19:00,8.4,106.6975,74.7,,72.9725,805.285,8.086,74.775,4.77,0,339.50596067683966
04.11.2025 20:00,8.4,96.7525,74.7,,77.725,781.2425000000001,3.922,77.605,4.97,0,325.25374197615554
04.11.2025 21:00,8.4,91.365,74.7,,74.665,699.505,1.642,83.52666666666666,4.97,0,308.4430827152308
04.11.2025 22:00,8.35,86.2375,74.7,,65.71000000000001,721.335,0.891,80.01333333333334,4.97,0,306.7684301872654
04.11.2025 23:00,8.35,76.1225,74.7,,66.7625,590.94,115.49,35.36,4.97,0,291.8435134183265
05.11.2025 00:00,8.35,77.33,74.7,,64.205,551.0999999999999,2.79,71.00333333333333,19.89,0,273.02144228580204
05.11.2025 01:00,8.35,75.8225,74.7,,65.7775,534.3475000000001,25.184,61.7,19.89,0,265.29822505328013
05.11.2025 02:00,8.35,74.35499999999999,74.7,,72.535,538.095,0.0,,19.89,0,271.4214453056383
05.11.2025 03:00,8.35,74.6825,74.7,,76.395,679.1525,0.912,84.9975,19.89,0,280.766900667703
05.11.2025 04:00,8.35,78.885,74.7,,80.4375,867.535,0.3,90.31,12.85,0,297.9790270990812
05.11.2025 05:00,8.35,85.0,74.7,,104.0475,860.7,4.429,31.11,12.85,0,318.5068604648702
05.11.2025 06:00,8.54,91.3625,74.7,,98.2,1306.005,0.4939999999999999,88.49666666666667,12.85,0,330.7267642260905
05.11.2025 07:00,8.7,115.9,74.7,,81.2975,1313.6425,0.0,,12.85,0,337.5374051663226
05.11.2025 08:00,8.91,107.115,74.7,,73.4425,1380.89,24.556,77.28666666666668,88.45,0,309.7797262406932
05.11.2025 09:00,8.91,74.54,74.7,,78.02,1575.15,31.523,82.7875,88.45,0,260.57057507496233
05.11.2025 10:00,8.91,62.8825,74.7,,73.8925,1468.015,379.011,18.07,88.45,0,245.75505983933897
05.11.2025 11:00,8.91,62.0075,74.7,,80.7125,1500.9275,190.286,45.5875,88.45,1,253.20016919871227
05.11.2025 12:00,8.91,62.07,74.7,,99.4475,1354.565,0.919,69.17,18.9,1,266.51146100280926
05.11.2025 13:00,8.91,77.3325,74.7,,119.1725,1277.5549999999998,9.035,79.01,18.9,1,312.68575204663045
05.11.2025 14:00,8.7,96.1925,74.7,,132.1525,994.565,0.073,92.05,18.9,0,376.6571938400434
05.11.2025 15:00,8.54,115.395,74.7,,126.6575,1084.8775,90.243,81.255,18.9,1,447.1164166574021
05.11.2025 16:00,8.4,141.3825,74.7,,113.95,856.64,4.129,104.58,3.8,1,465.52692501597846
05.11.2025 17:00,8.4,147.4175,74.7,,102.805,937.185,52.052,93.385,3.8,1,450.0261006757297
05.11.2025 18:00,8.4,127.58,74.7,,85.5525,854.1425,19.405,84.865,3.8,1,439.1503456541677
05.11.2025 19:00,8.4,114.755,74.7,,84.13,773.1725,0.048,113.355,3.8,0,429.5955324251749
05.11.2025 20:00,8.4,104.79,74.7,,91.53,678.485,16.343,80.1675,4.09,0,425.2772663127335
05.11.2025 21:00,8.4,98.9175,74.7,,82.3225,724.435,13.739,76.98333333333333,4.09,0,415.1158909371349
05.11.2025 22:00,8.35,88.8475,74.7,,82.58,601.815,1.418,81.9375,4.09,0,418.6753571147036
05.11.2025 23:00,8.35,87.7,74.7,,78.9325,518.2425,247.55300000000005,52.9825,4.09,0,412.42642353358406
06.11.2025 00:00,8.35,93.3725,74.7,,83.3575,428.705,12.645,77.41,11.79,0,411.758566419744
06.11.2025 01:00,8.35,90.83,74.7,,83.2925,464.285,18.498,75.725,11.79,0,418.987889473528
06.11.2025 02:00,8.35,91.3975,74.7,,84.905,455.6225,0.214,89.07,11.79,0,425.4953386632345
06.11.2025 03:00,8.35,90.505,74.7,,92.0925,657.3675000000001,4.367,89.575,11.79,0,431.7296182225055
06.11.2025 04:00,8.35,91.9,74.7,,107.79,911.09,26.719,81.04,9.16,0,450.5785010740521
06.11.2025 05:00,8.35,92.17,74.7,,124.5275,1157.1925,19.615,79.7,9.16,0,488.0580919045504
06.11.2025 06:00,8.54,118.35,74.7,,115.63,1360.645,0.961,106.56333333333332,9.16,0,507.3645077421916
06.11.2025 07:00,8.7,130.2325,74.7,,101.18,1187.185,3.0050000000000003,106.73666666666668,9.16,0,487.0229178879715
06.11.2025 08:00,8.91,119.68,74.7,,94.19,1312.32,0.0,,47.84,0,467.7749751288388
06.11.2025 09:00,8.91,93.2125,74.7,,89.72749999999999,1056.945,2.217,113.79,47.84,0,426.9095703173308
06.11.2025 10:00,8.91,85.1575,74.7,,86.4325,1059.34,3.107,91.865,47.84,0,387.1749019623415
06.11.2025 11:00,8.91,83.7,74.7,,93.095,1124.5175,10.732,87.42,47.84,1,369.1487674094896
06.11.2025 12:00,8.91,83.9925,74.7,,105.145,1417.735,23.993,82.8925,116.25,1,371.54565962651577
06.11.2025 13:00,8.91,87.17999999999999,74.7,,122.7075,1325.245,0.771,58.2,116.25,1,405.7072182121706
06.11.2025 14:00,8.7,99.485,74.7,,131.2375,1166.5125,0.0,,116.25,0,462.331081040057
06.11.2025 15:00,8.54,128.24,74.7,,130.2175,1336.99,74.086,89.07,116.25,1,526.3860346557244
06.11.2025 16:00,8.4,147.495,74.7,,125.055,1280.395,0.313,115.39,3.22,1,534.0639738089458
06.11.2025 17:00,8.4,154.255,74.7,,115.4775,905.1675,5.044,109.445,3.22,1,503.3300825988512
06.11.2025 18:00,8.4,137.4475,74.7,,99.895,873.6675,3.759,107.09333333333332,3.22,1,481.5289000550453
06.11.2025 19:00,8.4,126.4625,74.7,,92.585,999.9875,20.457,86.61500000000001,3.22,0,473.3775298298655
06.11.2025 20:00,8.4,114.97,74.7,,90.0925,744.7475000000001,43.741,72.34,2.91,0,474.39057752497416
06.11.2025 21:00,8.4,100.98,74.7,,86.295,600.2925,16.252,78.56,2.91,0,480.0047970109496
06.11.2025 22:00,8.35,97.485,74.7,,87.16,464.6075,2.208,89.3525,2.91,0,490.6446578880602
06.11.2025 23:00,8.35,90.5525,74.7,,85.3575,440.035,7.567,80.7,2.91,0,495.51166317908775
07.11.2025 00:00,8.35,90.1775,74.7,,84.095,478.505,34.833,71.06,7.77,0,499.5048174190517
07.11.2025 01:00,8.35,88.8225,74.7,,83.3325,482.935,1.288,80.46000000000001,7.77,0,502.3973770489295
07.11.2025 02:00,8.35,89.6,74.7,,84.8175,582.0799999999999,0.0,92.96,7.77,0,503.797201408147
07.11.2025 03:00,8.35,89.61250000000001,74.7,,91.0275,658.7925,7.077,81.125,7.77,0,511.9014084265663
07.11.2025 04:00,8.35,90.41,74.7,,106.305,980.4925,17.968999999999998,76.02250000000001,6.63,0,535.7136884546733
07.11.2025 05:00,8.35,94.21,74.7,,126.965,965.95,0.6519999999999999,87.375,6.63,0,554.0420381486406
07.11.2025 06:00,8.54,112.265,74.7,,123.52,991.7525,0.001,,6.63,0,549.8076936779934
07.11.2025 07:00,8.7,133.8825,74.7,,114.745,1165.415,3.661,108.69,6.63,0,525.0031278326348
07.11.2025 08:00,8.91,128.0475,74.7,,104.2425,1177.2825,6.362,92.08333333333331,24.7,0,512.0156150663639
07.11.2025 09:00,8.91,108.105,74.7,,98.1575,1102.2675,0.0,,24.7,0,497.65731677034165
07.11.2025 10:00,8.91,93.38,74.7,,98.5525,935.6775,0.001,87.32,24.7,0,476.00212908844975
07.11.2025 11:00,8.91,89.9875,74.7,,102.8625,1222.415,42.169,100.87,24.7,1,460.77554201916
07.11.2025 12:00,8.91,88.80250000000001,74.7,,118.24,1360.0325,0.0,,34.65,1,467.74382531590766
07.11.2025 13:00,8.91,92.0525,74.7,,133.5125,1174.48,0.0,,34.65,1,488.3540960239664
07.11.2025 14:00,8.7,103.1,74.7,,142.72,1004.5275,0.0,,34.65,0,530.019536533185
07.11.2025 15:00,8.54,129.6225,74.7,,145.58,937.81,0.022,128.72,34.65,1,564.0812870289901
07.11.2025 16:00,8.4,165.1225,74.7,,136.5475,880.7625,0.049,120.0,2.6,1,576.0461094706675
07.11.2025 17:00,8.4,178.5375,74.7,,130.3725,761.7675,4.632,100.84,2.6,1,570.206063223258
07.11.2025 18:00,8.4,145.6825,74.7,,124.08,706.89,5.375,124.41333333333334,2.6,1,582.0361812185903
07.11.2025 19:00,8.4,131.4825,74.7,,122.295,874.615,11.516,106.3575,2.6,0,602.4386987091108
07.11.2025 20:00,8.4,119.4275,74.7,,115.0575,866.5275,5.242,115.0275,2.41,0,616.618032063282
07.11.2025 21:00,8.4,106.6525,74.7,,95.8275,585.6975,6.529,96.6375,2.41,0,623.7428742067461
07.11.2025 22:00,8.35,98.275,74.7,,95.84,626.64,18.743,88.305,2.41,0,635.609648911825
07.11.2025 23:00,8.35,92.0525,74.7,,97.2675,454.0475,0.496,90.83,2.41,0,645.7338011227131
08.11.2025 00:00,8.06,96.53,74.7,,95.295,372.2925,1.002,89.845,6.9,0,654.3318436460942
08.11.2025 01:00,8.06,96.325,74.7,,96.6275,386.83,10.252,91.4325,6.9,0,656.9375051535304
08.11.2025 02:00,8.06,93.9975,74.7,,95.9425,322.38,13.033,90.195,6.9,0,657.233199855313
08.11.2025 03:00,8.06,93.9725,74.7,,94.7825,313.515,7.247,88.9725,6.9,0,656.7844106678482
08.11.2025 04:00,8.06,95.0375,74.7,,91.9225,533.1475,29.715,80.75,5.56,0,656.6676807659086
08.11.2025 05:00,8.06,94.195,74.7,,96.77,636.445,5.659,75.47333333333333,5.56,0,657.3731830176652
08.11.2025 06:00,8.19,95.2775,74.7,,106.8675,713.87,4.128,87.29,5.56,0,654.2522762451051
08.11.2025 07:00,8.28,103.8425,74.7,,104.9275,961.9475,0.51,100.62666666666668,5.56,0,643.825156990667
08.11.2025 08:00,8.41,105.5,74.7,,105.7675,920.81,0.325,86.475,18.03,0,615.5900834355635
08.11.2025 09:00,8.41,103.62,74.7,,102.9125,782.98,0.254,89.945,18.03,0,579.5984079510692
08.11.2025 10:00,8.41,102.1775,74.7,,98.08,819.0799999999999,6.133,89.58999999999999,18.03,0,556.7549635615657
08.11.2025 11:00,8.41,96.9475,74.7,,103.9375,904.635,9.199,92.32333333333334,18.03,0,541.5656426907026
08.11.2025 12:00,8.41,95.16,74.7,,113.4375,1005.68,1.071,99.765,23.82,0,540.2833838163243
08.11.2025 13:00,8.41,95.9125,74.7,,127.02,829.505,0.0,,23.82,0,556.550953824418
08.11.2025 14:00,8.28,101.5425,74.7,,135.84,784.01,0.004,,23.82,0,586.1132526796686
08.11.2025 15:00,8.19,117.6175,74.7,,141.70000000000002,796.56,0.316,113.16,23.82,0,611.0261269250523
08.11.2025 16:00,8.1,124.635,74.7,,138.1925,741.4725,0.13,207.19,2.17,0,612.9903159740556
08.11.2025 17:00,8.1,134.915,74.7,,130.60750000000002,758.115,6.6160000000000005,122.85666666666668,2.17,0,596.2990660928313
08.11.2025 18:00,8.1,136.5325,74.7,,117.48,696.36,53.084,95.44666666666669,2.17,0,598.9732017580932
08.11.2025 19:00,8.1,131.98000000000002,74.7,,103.555,608.5975,20.567,91.41,2.17,0,618.0126467266708
08.11.2025 20:00,8.1,122.9675,74.7,,95.4025,587.815,4.57,84.8475,2.04,0,636.3269380838201
08.11.2025 21:00,8.1,113.305,74.7,,93.565,635.7725,2.318,92.45333333333332,2.04,0,648.1162270174947
08.11.2025 22:00,8.06,106.26,74.7,,92.015,563.66,7.274,87.935,2.04,0,651.5303138471635
08.11.2025 23:00,8.06,96.905,74.7,,96.3625,455.4025,10.869,86.6375,2.04,0,658.160302971926
09.11.2025 00:00,8.04,96.345,74.7,,91.7,444.89,58.294,83.10499999999999,5.52,0,663.0069883032508
09.11.2025 01:00,8.04,94.555,74.7,,90.885,404.73,13.005,92.2025,5.52,0,662.1436249156886
09.11.2025 02:00,8.04,92.8325,74.7,,89.265,355.6775,13.695,93.895,5.52,0,656.982422580165
09.11.2025 03:00,8.04,91.1325,74.7,,89.4575,322.33,2.236,84.37666666666667,5.52,0,651.1878182500877
09.11.2025 04:00,8.04,91.6475,74.7,,88.39,445.32,0.363,85.59,5.13,0,648.4988278270894
09.11.2025 05:00,8.04,91.685,74.7,,89.515,509.76,0.619,84.89,5.13,0,645.1030964532292
09.11.2025 06:00,8.17,89.9375,74.7,,91.46,629.0375,3.601,81.5475,5.13,0,643.9889653087702
09.11.2025 07:00,8.27,88.615,74.7,,95.2975,793.44,2.728,83.33,5.13,0,643.8452421514414
09.11.2025 08:00,8.39,97.2725,74.7,,93.915,764.9025,55.086,77.5175,14.2,0,626.2226319689171
09.11.2025 09:00,8.39,97.6175,74.7,,92.7175,689.6875,8.546,91.495,14.2,0,601.8065779654542
09.11.2025 10:00,8.39,97.0325,74.7,,90.6575,689.135,4.037,75.62,14.2,0,582.9368374506101
09.11.2025 11:00,8.39,97.305,74.7,,90.1575,769.8725,0.989,76.6,14.2,0,571.0376491211587
09.11.2025 12:00,8.39,97.8375,74.7,,91.9825,722.8225,7.721,79.16499999999999,17.83,0,567.7008450058579
09.11.2025 13:00,8.39,96.4025,74.7,,98.7225,792.835,0.052,102.57666666666668,17.83,0,576.912854465313
09.11.2025 14:00,8.27,97.315,74.7,,111.2175,901.4425,0.347,95.19,17.83,0,595.9453334773507
09.11.2025 15:00,8.17,97.795,74.7,,122.8125,755.105,0.071,118.21,17.83,0,617.3941053284399
09.11.2025 16:00,8.08,109.8475,74.7,,126.38,814.135,0.0,,1.96,0,625.9955920287971
09.11.2025 17:00,8.08,125.1,74.7,,122.495,593.7925,20.838,115.71,1.96,0,602.6621236888902
09.11.2025 18:00,8.08,126.1,74.7,,103.3775,598.585,68.479,88.7575,1.96,0,605.7896504339121
09.11.2025 19:00,8.08,117.955,74.7,,95.5825,655.5925,8.768,85.76666666666667,1.96,0,615.4422434729771
09.11.2025 20:00,8.08,106.0,74.7,,98.8825,778.96,4.83,84.58500000000001,1.86,0,629.7875612229266
09.11.2025 21:00,8.08,93.5375,74.7,,97.05,683.835,1.957,92.8,1.86,0,621.8503597071499
09.11.2025 22:00,8.04,92.315,74.7,,88.705,722.7575,9.415,77.97,1.86,0,625.3595202693294
09.11.2025 23:00,8.04,89.93,74.7,,88.665,574.1025,3.066,85.7325,1.86,0,617.6423515100229
10.11.2025 00:00,8.35,88.98,74.7,,88.52,544.205,27.926,81.69749999999999,4.88,0,608.9905670756265
10.11.2025 01:00,8.35,87.63499999999999,74.7,,86.48249999999999,462.7425,45.089,78.4325,4.88,0,604.6929156657586
10.11.2025 02:00,8.35,88.9025,74.7,,86.2775,430.165,57.429,74.4875,4.88,0,603.0582746856156
10.11.2025 03:00,8.35,87.5225,74.7,,89.7075,570.0925,0.252,89.86000000000001,4.88,0,600.5470972181565
10.11.2025 04:00,8.35,87.1775,74.7,,103.0425,972.56,0.715,89.11000000000001,4.36,0,605.2559789343288
10.11.2025 05:00,8.35,92.3125,74.7,,134.825,1002.9675,5.768,80.60000000000001,4.36,0,623.5266096931107
10.11.2025 06:00,8.54,113.4525,74.7,,147.41,1106.185,9.001,115.4675,4.36,0,611.8495994904554
10.11.2025 07:00,8.7,142.995,74.7,,128.81,1294.3625,72.0,93.1025,4.36,0,561.9347940799355
10.11.2025 08:00,8.91,157.875,74.7,,109.8125,1172.895,44.219,97.37,10.85,0,533.0134076166144
10.11.2025 09:00,8.91,144.2975,74.7,,104.205,847.435,23.362,104.875,10.85,0,527.7904212532276
10.11.2025 10:00,8.91,126.2725,74.7,,96.755,885.9725000000001,4.279,87.02,10.85,0,518.4165728457637
10.11.2025 11:00,8.91,115.245,74.7,,93.9325,699.0775,22.323,64.2325,10.85,1,501.7165560130578
10.11.2025 12:00,8.91,105.9225,74.7,,97.775,957.81,43.367,46.59,13.45,1,488.9118908401608
10.11.2025 13:00,8.91,108.41,74.7,,116.885,985.2525,3.815,80.61,13.45,1,488.9054324277631
10.11.2025 14:00,8.7,115.565,74.7,,128.6775,887.8575000000001,0.221,115.12,13.45,0,509.6509197023452
10.11.2025 15:00,8.54,126.2525,74.7,,129.0525,809.385,0.03,125.605,13.45,1,531.2631886121014
10.11.2025 16:00,8.4,133.35500000000002,74.7,,120.755,848.095,0.582,127.5,1.62,1,527.7291520311433
10.11.2025 17:00,8.4,139.4025,74.7,,103.2175,855.5975,38.403,116.0425,1.62,1,504.222899969286
10.11.2025 18:00,8.4,120.725,74.7,,89.335,762.085,27.568,76.5075,1.62,1,488.8112166761056
10.11.2025 19:00,8.4,103.6625,74.7,,94.6225,709.1725,3.124,79.11333333333334,1.62,0,488.2137324493012
10.11.2025 20:00,8.4,90.11,74.7,,92.6625,714.155,28.707,74.39333333333333,1.68,0,484.3441660096581
10.11.2025 21:00,8.4,88.9875,74.7,,86.5675,689.445,125.827,53.725,1.68,0,463.9975114925867
10.11.2025 22:00,8.35,88.39250000000001,74.7,,86.60249999999999,643.14,6.089,87.5175,1.68,0,436.525458601514
10.11.2025 23:00,8.35,83.87,74.7,,83.78,480.9425,1.93,70.06333333333333,1.68,0,415.41294444072736
11.11.2025 00:00,8.35,83.19,74.7,,85.2225,542.1525,0.118,79.47,14.2,0,390.1689495939378
11.11.2025 01:00,8.35,79.9825,74.7,,80.61749999999999,517.39,31.712000000000003,57.693333333333335,14.2,0,379.7825077916615
11.11.2025 02:00,8.35,75.80250000000001,74.7,,75.655,651.8425,44.72,45.8375,14.2,0,374.78658789890335
11.11.2025 03:00,8.35,74.87,74.7,,80.1375,655.095,1.707,84.22,14.2,0,366.4651881107932
11.11.2025 04:00,8.35,75.495,74.7,,86.3575,989.3175,0.027,80.38,8.76,0,361.6840557422252
11.11.2025 05:00,8.35,77.07249999999999,74.7,,100.305,765.4225,3.215,64.03333333333333,8.76,0,364.4849516960678
11.11.2025 06:00,8.54,86.7875,74.7,,111.1875,820.1425,0.147,96.03,8.76,0,386.5313596614572
11.11.2025 07:00,8.7,105.21,74.7,,120.085,1015.7975,3.856,132.44,8.76,0,406.607911389036
11.11.2025 08:00,8.91,113.7975,74.7,,109.2375,1208.45,40.427,91.045,13.4,0,393.9677283633747
11.11.2025 09:00,8.91,103.115,74.7,,100.92,1371.7025,0.1919999999999999,106.32,13.4,0,379.1150802687424
11.11.2025 10:00,8.91,91.4725,74.7,,93.59,1040.51,10.098,89.115,13.4,0,371.898513280693
11.11.2025 11:00,8.91,87.9225,74.7,,94.1425,1047.09,0.045,116.47,13.4,1,359.2706973644622
11.11.2025 12:00,8.91,86.66,74.7,,104.5525,1063.515,15.968,84.05250000000001,13.21,1,357.1492180797995
11.11.2025 13:00,8.91,89.93,74.7,,117.645,922.9975,6.620000000000001,86.06,13.21,1,378.2290631833577
11.11.2025 14:00,8.7,101.235,74.7,,128.12,624.345,2.558,92.11,13.21,0,421.6460306121626
11.11.2025 15:00,8.54,124.275,74.7,,126.8825,862.38,2.018,113.73,13.21,1,462.2577239141093
11.11.2025 16:00,8.4,143.0725,74.7,,117.045,930.955,11.45,109.69333333333331,1.32,1,477.3033363673263
11.11.2025 17:00,8.4,143.2575,74.7,,110.0775,839.9975,11.105,91.40333333333336,1.32,1,460.7427134283406
11.11.2025 18:00,8.4,114.9975,74.7,,102.1275,804.6675,39.541,67.07333333333334,1.32,1,453.3734808855064
11.11.2025 19:00,8.4,105.0325,74.7,,87.0275,697.685,66.839,72.4725,1.32,0,452.917891102627
11.11.2025 20:00,8.4,98.175,74.7,,83.005,636.265,7.348,74.66666666666667,1.9,0,430.8133157792462
11.11.2025 21:00,8.4,96.3825,74.7,,72.3425,595.2375,7.45,90.03999999999999,1.9,0,407.9600830085508
11.11.2025 22:00,8.35,92.06,74.7,,70.12,524.135,19.087,74.745,1.9,0,384.3389345511772
11.11.2025 23:00,8.35,75.5,74.7,,63.965,479.1725,21.223000000000003,37.126666666666665,1.9,0,349.7290511334599
12.11.2025 00:00,8.35,74.9775,74.7,,74.39750000000001,587.73,0.0,,12.0,0,327.882435293383
12.11.2025 01:00,8.35,68.315,74.7,,78.85,702.425,0.0,,12.0,0,320.21714336474605
12.11.2025 02:00,8.35,64.41,74.7,,79.505,597.45,3.704,69.43666666666667,12.0,0,321.22560294959595
12.11.2025 03:00,8.35,62.4,74.7,,80.9625,551.1125,8.798,64.89,12.0,0,334.1419507657359
12.11.2025 04:00,8.35,62.3,74.7,,104.0575,784.145,5.293,49.8775,7.66,0,328.0884215400981
12.11.2025 05:00,8.35,69.30000000000001,74.7,,121.5,628.94,27.074,56.5175,7.66,0,342.9572670652138
12.11.2025 06:00,8.54,76.9975,74.7,,103.5175,791.5425,16.716,94.235,7.66,0,348.49953562983296
12.11.2025 07:00,8.7,107.26,74.7,,100.895,810.1575,0.0,,7.66,0,335.79825506604493
12.11.2025 08:00,8.91,100.7225,74.7,,91.845,1117.58,67.59400000000001,7.803333333333334,149.0,0,323.6679831550025
12.11.2025 09:00,8.91,78.1125,74.7,,96.865,1129.6,0.0,,149.0,0,290.9294998431395
12.11.2025 10:00,8.91,71.5275,74.7,,98.7225,1294.66,0.0,,149.0,0,271.37515020958654
12.11.2025 11:00,8.91,60.005,74.7,,105.6375,1151.09,0.0,,149.0,1,268.01494505076977
12.11.2025 12:00,8.91,59.135,74.7,,129.04500000000002,1312.7825,0.0,,37.07,1,275.6949675177232
12.11.2025 13:00,8.91,73.7675,74.7,,182.4375,1315.725,6.206,120.51333333333334,37.07,1,299.0926509262521
12.11.2025 14:00,8.7,80.425,74.7,,174.2825,1698.62,14.756,219.7075,37.07,0,327.31819985676094
12.11.2025 15:00,8.54,104.97,74.7,,140.175,1410.835,46.931,107.1125,37.07,1,331.9932277409177
12.11.2025 16:00,8.4,113.625,74.7,,94.185,1072.2875,71.878,92.0275,3.0,1,339.43836271002954
12.11.2025 17:00,8.4,115.395,74.7,,84.765,937.5675,28.691,80.485,3.0,1,315.9889415506554
12.11.2025 18:00,8.4,104.8675,74.7,,74.82249999999999,888.1850000000001,92.504,59.8275,3.0,1,290.092211542386
12.11.2025 19:00,8.4,88.9275,74.7,,67.8175,739.29,37.771,57.09,3.0,0,284.03632991777096
12.11.2025 20:00,8.4,80.945,74.7,,72.5125,764.8625,0.999,87.6825,8.42,0,264.07282137553244
12.11.2025 21:00,8.4,76.905,74.7,,60.475,804.18,6.862,76.11,8.42,0,241.43302816888388
12.11.2025 22:00,8.35,75.545,74.7,,63.44,865.0425,51.262,24.275,8.42,0,234.1561123137348
12.11.2025 23:00,8.35,56.935,74.7,,56.985,786.145,7.435,18.845,8.42,0,215.6457178348632
13.11.2025 00:00,8.35,32.917500000000004,74.7,,58.8875,698.335,3.821,25.87,40.82,0,197.26963163335785
13.11.2025 01:00,8.35,18.9725,74.7,,65.5,849.6725,0.0,,40.82,0,190.4963925124624
13.11.2025 02:00,8.35,11.1875,74.7,,77.87,765.985,21.595,48.650000000000006,40.82,0,193.87211753067308
13.11.2025 03:00,8.35,7.78,74.7,,79.0575,848.4525,3.581,67.66666666666667,40.82,0,196.9393469250183
13.11.2025 04:00,8.35,6.0,74.7,,77.11,1124.4975,3.843,15.22,22.6,0,203.88401933046427
13.11.2025 05:00,8.35,25.9725,74.7,,92.38,777.8425,47.742,26.59,22.6,0,215.35579332694292
13.11.2025 06:00,8.54,50.885000000000005,74.7,,74.07000000000001,1068.26,4.884,74.09,22.6,0,228.1700979009123
13.11.2025 07:00,8.7,76.845,74.7,,72.63,1719.995,0.177,,22.6,0,233.8285635464439
13.11.2025 08:00,8.91,66.0825,74.7,,65.6625,1685.39,17.725,37.35,49.83,0,221.3544899457656
13.11.2025 09:00,8.91,53.61,74.7,,67.35,1385.035,2.722,62.05,49.83,0,196.93313561283463
13.11.2025 10:00,8.91,50.3225,74.7,,72.36749999999999,1404.095,0.209,75.94,49.83,0,176.92955617075464
13.11.2025 11:00,8.91,42.96,74.7,,81.9025,1284.015,10.577,66.96,49.83,1,174.20849759240895
13.11.2025 12:00,8.91,48.09,74.7,,89.4125,1112.01,44.677,55.9225,29.13,1,181.4787058583703
13.11.2025 13:00,8.91,60.5725,74.7,,100.4975,1284.895,0.0,,29.13,1,215.95103371820417
13.11.2025 14:00,8.7,77.33500000000001,74.7,,99.135,1186.2375,213.743,0.2299999999999968,29.13,0,266.5132159117746
13.11.2025 15:00,8.54,101.665,74.7,,112.76,1247.73,27.312,44.74,29.13,1,318.2663106042669
13.11.2025 16:00,8.4,111.5125,74.7,,113.44,1083.3275,24.722,97.56,2.7,1,343.5747721958425
13.11.2025 17:00,8.4,130.1,74.7,,110.555,1138.415,78.702,80.1525,2.7,1,343.799870708486
13.11.2025 18:00,8.4,131.8025,74.7,,104.3925,956.085,14.204,80.4225,2.7,1,354.0825966511106
13.11.2025 19:00,8.4,129.8875,74.7,,103.2675,786.04,64.539,81.685,2.7,0,375.5097658469292
13.11.2025 20:00,8.4,111.845,74.7,,97.995,649.0725,3.545,81.55,3.81,0,398.0338464918398
13.11.2025 21:00,8.4,116.6075,74.7,,90.92,685.69,0.105,88.53,3.81,0,423.8642198245536
13.11.2025 22:00,8.35,110.585,74.7,,92.285,548.405,0.8009999999999999,88.32499999999999,3.81,0,454.4765527923684
13.11.2025 23:00,8.35,102.7725,74.7,,89.0625,457.6175,0.2329999999999999,95.11,3.81,0,480.2199409259752
14.11.2025 00:00,8.35,98.4425,74.7,,85.645,475.41,0.136,85.97999999999999,13.16,0,508.5676468417093
14.11.2025 01:00,8.35,95.8025,74.7,,85.435,514.7775,0.137,81.74,13.16,0,524.6985926999641
14.11.2025 02:00,8.35,94.9325,74.7,,88.7925,505.33,0.766,86.61333333333333,13.16,0,524.3288978298053
14.11.2025 03:00,8.35,91.53,74.7,,90.3375,533.1025,5.523,88.595,13.16,0,512.4943186992697
14.11.2025 04:00,8.35,92.13,74.7,,110.1875,773.985,1.875,92.5475,8.6,0,518.853457917224
14.11.2025 05:00,8.35,91.6025,74.7,,148.38,1063.035,0.0,150.01,8.6,0,523.006614833374
14.11.2025 06:00,8.54,112.7775,74.7,,130.5825,1482.5325,17.773,113.5475,8.6,0,490.951586419176
14.11.2025 07:00,8.7,138.3475,74.7,,104.96,1187.7475,9.985,102.64333333333332,8.6,0,450.67396077100375
14.11.2025 08:00,8.91,136.385,74.7,,106.68,1229.1425,2.506,83.28,20.8,0,432.5982292383843
14.11.2025 09:00,8.91,120.9025,74.7,,105.305,1153.45,4.909,83.53999999999999,20.8,0,412.63215302203406
14.11.2025 10:00,8.91,112.0275,74.7,,115.7575,1199.0324999999998,0.0,,20.8,0,392.5215608612433
14.11.2025 11:00,8.91,106.035,74.7,,121.355,1169.83,0.879,120.0775,20.8,1,393.2499916809021
14.11.2025 12:00,8.91,101.225,74.7,,122.8575,1304.12,10.712,111.315,15.76,1,400.4553840243897
14.11.2025 13:00,8.91,105.4225,74.7,,115.52,971.5275,15.041,92.6875,15.76,1,413.2681539687841
14.11.2025 14:00,8.7,107.0625,74.7,,106.93,851.39,0.182,100.12,15.76,0,425.21544387566047
14.11.2025 15:00,8.54,115.3925,74.7,,138.4775,974.355,0.0,,15.76,1,436.466591264245
14.11.2025 16:00,8.4,115.965,74.7,,151.675,1407.875,0.006,193.07,1.61,1,442.11883538583504
14.11.2025 17:00,8.4,131.57,74.7,,111.5475,1113.545,20.469,115.40333333333336,1.61,1,437.0813312775865
14.11.2025 18:00,8.4,119.81,74.7,,106.68,1000.28,32.572,107.0075,1.61,1,449.955417790017
14.11.2025 19:00,8.4,106.49,74.7,,112.6175,862.8275,5.257,106.1425,1.61,0,453.174075032338
14.11.2025 20:00,8.4,98.915,74.7,,100.9025,813.6425,102.324,76.695,3.09,0,435.3645830826518
14.11.2025 21:00,8.4,93.1625,74.7,,86.6,710.2025000000001,38.61,78.875,3.09,0,416.17740319788487
14.11.2025 22:00,8.35,97.015,74.7,,84.685,613.06,0.0,87.03,3.09,0,386.5184437563403
14.11.2025 23:00,8.35,78.65,74.7,,90.66,617.54,0.011,111.13,3.09,0,358.7426208986865
15.11.2025 00:00,8.06,77.3775,74.7,,92.5825,639.5799999999999,0.713,94.96333333333332,15.43,0,347.7909919388358
15.11.2025 01:00,8.06,77.95,74.7,,90.25,610.36,49.501,82.58333333333333,15.43,0,346.87939830425324
15.11.2025 02:00,8.06,74.7175,74.7,,86.285,404.405,0.027,90.7,15.43,0,339.2793862737114
15.11.2025 03:00,8.06,73.03,74.7,,85.125,540.28,3.945,85.2975,15.43,0,329.7154145574648
15.11.2025 04:00,8.06,72.2,74.7,,80.16,561.1800000000001,0.546,91.4025,13.67,0,315.75384558864005
15.11.2025 05:00,8.06,70.615,74.7,,86.91499999999999,538.9975,19.203,85.23,13.67,0,307.45081636955643
15.11.2025 06:00,8.19,68.1575,74.7,,90.265,393.1575,72.506,72.77,13.67,0,302.81801983934326
15.11.2025 07:00,8.28,77.055,74.7,,87.6725,643.385,92.858,67.6875,13.67,0,312.1148779286601
15.11.2025 08:00,8.41,80.065,74.7,,86.0125,667.5675,167.078,54.4275,18.54,0,303.4663919175397
15.11.2025 09:00,8.41,85.235,74.7,,83.365,758.7674999999999,261.786,50.2625,18.54,0,287.6326821073612
15.11.2025 10:00,8.41,85.6125,74.7,,84.37,778.5925,25.479,67.56,18.54,0,270.07756725727114
15.11.2025 11:00,8.41,85.4225,74.7,,87.4375,1021.88,119.075,49.06,18.54,0,261.6575734986727
15.11.2025 12:00,8.41,84.1925,74.7,,98.8475,686.265,10.19,56.47,14.78,0,262.410295149954
15.11.2025 13:00,8.41,90.6675,74.7,,118.775,830.5975,26.657,63.50666666666666,14.78,0,276.1524590418276
15.11.2025 14:00,8.28,94.6525,74.7,,117.815,727.1275,0.534,130.355,14.78,0,317.3039387161982
15.11.2025 15:00,8.19,101.1925,74.7,,119.2725,677.59,0.448,114.25666666666666,14.78,0,347.30815319070354
15.11.2025 16:00,8.1,109.7925,74.7,,108.7225,702.06,5.13,103.095,1.51,0,363.7952452718763
15.11.2025 17:00,8.1,121.8,74.7,,101.8825,610.33,99.541,57.8375,1.51,0,356.32474085609
15.11.2025 18:00,8.1,121.5225,74.7,,89.405,549.125,52.888,70.8125,1.51,0,355.4350044553079
15.11.2025 19:00,8.1,114.065,74.7,,91.86,603.01,7.366,77.0825,1.51,0,356.493034945592
15.11.2025 20:00,8.1,109.125,74.7,,94.31,551.635,5.6530000000000005,79.36333333333333,2.26,0,358.6583792635028
15.11.2025 21:00,8.1,102.885,74.7,,90.665,579.585,5.5600000000000005,89.83,2.26,0,373.01869405920735
15.11.2025 22:00,8.06,101.7175,74.7,,99.02,635.2774999999999,20.718,71.54,2.26,0,388.03520239274985
15.11.2025 23:00,8.06,97.8675,74.7,,93.705,590.015,7.090000000000001,87.945,2.26,0,411.0132294384091
16.11.2025 00:00,8.04,93.7475,74.7,,90.6225,496.255,17.561,79.975,9.93,0,431.3122488857012
16.11.2025 01:00,8.04,95.0,74.7,,90.19,486.8625,0.041,90.17,9.93,0,444.8187160684527
16.11.2025 02:00,8.04,93.35,74.7,,93.135,503.53,0.0,,9.93,0,450.7846722884889
16.11.2025 03:00,8.04,91.45,74.7,,96.375,469.3925,12.245,81.14999999999999,9.93,0,457.1651323591246
16.11.2025 04:00,8.04,88.215,74.7,,88.9425,561.3175,7.798999999999999,88.4,7.28,0,464.3557064798731
16.11.2025 05:00,8.04,91.13,74.7,,92.8675,690.18,17.847,82.3225,7.28,0,462.73330294565824
16.11.2025 06:00,8.17,85.6725,74.7,,96.4725,593.97,30.061,84.4525,7.28,0,448.1088407028761
16.11.2025 07:00,8.27,92.4875,74.7,,92.2275,761.7725,20.776,84.9875,7.28,0,458.2454408506602
16.11.2025 08:00,8.39,98.49,74.7,,95.2075,743.4475,0.0,110.32,12.94,0,448.46523408046914
16.11.2025 09:00,8.39,101.185,74.7,,103.915,752.3025,0.289,100.565,12.94,0,431.48912307065456
16.11.2025 10:00,8.39,99.2775,74.7,,107.8125,780.8125,0.443,96.73,12.94,0,432.77167420829824
16.11.2025 11:00,8.39,102.5675,74.7,,109.9475,815.4225,0.749,102.495,12.94,0,437.6304749409835
16.11.2025 12:00,8.39,102.4675,74.7,,114.915,923.535,0.0,,10.52,0,444.38982837195175
16.11.2025 13:00,8.39,103.9975,74.7,,121.7825,768.8225,0.011,114.97,10.52,0,469.2518836118651
16.11.2025 14:00,8.27,109.265,74.7,,125.1275,673.7425000000001,0.074,110.97,10.52,0,507.0984292792839
16.11.2025 15:00,8.17,116.72,74.7,,128.12,807.46,0.0,,10.52,0,521.4643071939332
16.11.2025 16:00,8.08,124.495,74.7,,130.5675,1025.4825,0.0,,1.19,0,514.4373741666104
16.11.2025 17:00,8.08,129.3725,74.7,,126.005,1082.93,0.8210000000000001,106.93,1.19,0,484.59272790399086
16.11.2025 18:00,8.08,125.21,74.7,,108.855,759.66,97.398,98.6925,1.19,0,465.5465419732601
16.11.2025 19:00,8.08,115.33,74.7,,96.2,825.4725000000001,15.373,90.555,1.19,0,468.9661139381146
16.11.2025 20:00,8.08,102.7175,74.7,,96.02,733.0375,7.832,92.4325,1.96,0,470.1948486582823
16.11.2025 21:00,8.08,91.41,74.7,,86.6,628.9775,28.404,83.765,1.96,0,455.6782513573485
16.11.2025 22:00,8.04,94.385,74.7,,95.67,769.1700000000001,0.008,99.41,1.96,0,445.3374411844377
16.11.2025 23:00,8.04,86.5275,74.7,,93.275,681.27,27.668,80.71333333333332,1.96,0,414.2501800296134
17.11.2025 00:00,8.35,88.29,74.7,,89.10249999999999,700.58,1.384,93.26333333333334,8.66,0,402.51854241199857
17.11.2025 01:00,8.35,80.5575,74.7,,85.2625,900.835,201.713,45.83,8.66,0,399.7258664941685
17.11.2025 02:00,8.35,74.0875,74.7,,83.0075,910.8725,65.38,78.07,8.66,0,392.7337623119508
17.11.2025 03:00,8.35,71.32249999999999,74.7,,88.80499999999999,855.835,4.592,89.3575,8.66,0,375.0638869046807
17.11.2025 04:00,8.35,74.095,74.7,,108.815,824.8425,77.29599999999999,75.355,7.77,0,380.7679548521393
17.11.2025 05:00,8.35,83.6,74.7,,130.495,964.775,0.007,90.22,7.77,0,405.8517365058544
17.11.2025 06:00,8.54,89.59,74.7,,135.16750000000002,1082.2725,102.84,90.455,7.77,0,435.40592313084494
17.11.2025 07:00,8.7,114.8675,74.7,,133.63,1217.8225,0.0,,7.77,0,432.1545282741552
17.11.2025 08:00,8.91,126.9925,74.7,,131.2175,1245.77,12.084,102.65666666666668,10.12,0,430.0343757716223
17.11.2025 09:00,8.91,121.6875,74.7,,124.9575,1283.9975,58.962,105.44333333333331,10.12,0,416.9138750150063
17.11.2025 10:00,8.91,105.215,74.7,,102.9225,1167.8425,186.237,91.6,10.12,0,409.9408268552826
17.11.2025 11:00,8.91,84.3925,74.7,,92.8375,958.3925,211.153,77.34,10.12,1,387.6395637628284
17.11.2025 12:00,8.91,77.805,74.7,,91.8825,887.99,48.253,102.575,8.89,1,362.4647013926975
17.11.2025 13:00,8.91,77.785,74.7,,98.4875,861.085,0.791,81.5,8.89,1,350.7906367194409
17.11.2025 14:00,8.7,87.035,74.7,,125.7325,1123.8,10.694,106.03,8.89,0,364.15809151665553
17.11.2025 15:00,8.54,97.52,74.7,,129.5525,1404.67,242.37,93.85,8.89,1,404.1796679003104
17.11.2025 16:00,8.4,107.32,74.7,,130.98250000000002,1397.84,132.34,131.20666666666668,1.17,1,414.3290736627206
17.11.2025 17:00,8.4,117.355,74.7,,127.4125,1396.2625,0.8430000000000001,178.8733333333333,1.17,1,406.891778691358
17.11.2025 18:00,8.4,116.4925,74.7,,120.045,1190.265,23.288,108.2525,1.17,1,394.01514891895215
17.11.2025 19:00,8.4,110.7025,74.7,,105.2625,1154.8625,119.834,86.9175,1.17,0,393.1360247765207
17.11.2025 20:00,8.4,102.89,74.7,,92.135,1011.785,62.519,79.38666666666667,2.89,0,393.5131319462112
17.11.2025 21:00,8.4,92.6975,74.7,,86.615,859.5025,0.0,164.29,2.89,0,377.72817630357423
17.11.2025 22:00,8.35,89.7075,74.7,,87.3875,690.935,48.406,64.6375,2.89,0,371.131860633526
17.11.2025 23:00,8.35,81.14,74.7,,84.55,674.3924999999999,8.394,86.66499999999999,2.89,0,353.50917304453304
18.11.2025 00:00,8.35,84.88499999999999,74.7,,81.5125,559.0975000000001,7.643000000000001,114.96999999999998,8.5,0,317.618548660087
18.11.2025 01:00,8.35,82.83,74.7,,76.955,636.1175000000001,106.384,69.57,8.5,0,311.1221928636376
18.11.2025 02:00,8.35,79.0375,74.7,,79.69,699.4675,125.773,58.9875,8.5,0,306.2373094403455
18.11.2025 03:00,8.35,77.7175,74.7,,81.045,981.16,8.475999999999999,71.99,8.5,0,301.9155951331557
18.11.2025 04:00,8.35,80.5125,74.7,,89.60249999999999,1083.44,132.392,62.1875,8.52,0,307.66436224233104
18.11.2025 05:00,8.35,83.4725,74.7,,105.435,928.3675,89.329,65.30499999999999,8.52,0,342.7904258148799
18.11.2025 06:00,8.54,91.0475,74.7,,106.0025,1288.41,4.979,81.0375,8.52,0,379.39940752444943
18.11.2025 07:00,8.7,104.735,74.7,,94.89,1254.995,30.136,74.13499999999999,8.52,0,401.8822741153232
18.11.2025 08:00,8.91,119.84,74.7,,89.6125,1123.5225,1.855,90.46,8.1,0,391.2356337094432
18.11.2025 09:00,8.91,107.45,74.7,,88.6925,964.2,5.322,107.98,8.1,0,384.3032206430216
18.11.2025 10:00,8.91,92.1275,74.7,,86.2825,897.3775,13.841,69.02,8.1,0,364.7675783409893
18.11.2025 11:00,8.91,88.7975,74.7,,89.45,963.0025,44.217,71.86,8.1,1,345.98738563341266
18.11.2025 12:00,8.91,89.2,74.7,,91.9125,945.7425,129.978,52.6525,7.08,1,345.7808167609312
18.11.2025 13:00,8.91,90.6,74.7,,107.6075,1103.19,39.377,68.15,7.08,1,356.8428142967688
18.11.2025 14:00,8.7,96.575,74.7,,121.995,1079.9675,6.783,61.77,7.08,0,388.684281807045
18.11.2025 15:00,8.54,120.595,74.7,,136.22,916.4975,4.57,105.54666666666668,7.08,1,418.8394614803254
18.11.2025 16:00,8.4,141.9125,74.7,,129.0525,1091.0025,2.442,319.685,0.8,1,425.17817106875214
18.11.2025 17:00,8.4,151.66,74.7,,121.9425,869.905,0.582,104.875,0.8,1,411.0561347378061
18.11.2025 18:00,8.4,143.8025,74.7,,101.9125,544.79,0.625,81.69500000000001,0.8,1,409.3266302768744
18.11.2025 19:00,8.4,131.15,74.7,,92.385,189.3675,0.518,79.535,0.8,0,416.46768290656735
18.11.2025 20:00,8.4,107.13,74.7,,92.0725,46.43,0.993,91.7775,2.0,0,432.5068966124751
18.11.2025 21:00,8.4,94.6425,74.7,,85.405,,2.838,69.715,2.0,0,431.894537749865
18.11.2025 22:00,8.35,97.4825,74.7,,93.4475,341.1033333333333,80.377,55.48,2.0,0,428.9870001674328
18.11.2025 23:00,8.35,89.9625,74.7,,89.8325,475.135,89.51,55.4725,2.0,0,421.6881784887136
19.11.2025 00:00,8.35,87.3775,74.7,,87.235,536.9225,159.36,56.99,6.3,0,400.2548924835321
19.11.2025 01:00,8.35,86.225,74.7,,83.6375,590.4675,4.996,81.49,6.3,0,395.1858150154696
19.11.2025 02:00,8.35,84.1675,74.7,,84.755,591.36,0.174,92.825,6.3,0,393.3666687218088
19.11.2025 03:00,8.35,83.185,74.7,,90.8225,775.965,0.075,105.34,6.3,0,398.0215552774772
19.11.2025 04:00,8.35,84.3925,74.7,,113.355,875.9599999999999,4.852,84.0075,5.14,0,417.6743874067676
19.11.2025 05:00,8.35,87.0025,74.7,,130.0025,818.2775,5.669,103.7975,5.14,0,446.6253622405912
19.11.2025 06:00,8.54,99.03,74.7,,142.995,992.58,0.505,116.2,5.14,0,460.0653629159085
19.11.2025 07:00,8.7,127.03,74.7,,134.4175,1251.5625,17.481,117.215,5.14,0,445.4637660369106
19.11.2025 08:00,8.91,136.67000000000002,74.7,,117.53,1233.6675,58.06,100.1325,6.6,0,418.7266109904556
19.11.2025 09:00,8.91,115.1625,74.7,,106.9575,979.9475,0.0,,6.6,0,405.6437612756166
19.11.2025 10:00,8.91,97.5225,74.7,,116.8,1036.125,0.006,,6.6,0,393.2537810929082
19.11.2025 11:00,8.91,91.62,74.7,,119.1675,1059.4975,6.406000000000001,110.39333333333332,6.6,1,389.0202109427791
19.11.2025 12:00,8.91,89.59,74.7,,131.5725,1278.3075,4.129,97.27,5.84,1,395.3090740889659
19.11.2025 13:00,8.91,93.5975,74.7,,147.9175,1272.1775,0.0,,5.84,1,412.2725427653585
19.11.2025 14:00,8.7,104.62,74.7,,158.95999999999998,1423.5225,0.182,139.87,5.84,0,428.6021335538457
19.11.2025 15:00,8.54,113.05,74.7,,157.4775,1527.3325,0.0,,5.84,1,435.6509619221672
19.11.2025 16:00,8.4,117.8075,74.7,,141.9425,1219.1425,7.618,142.75,0.69,1,441.0344621557634
19.11.2025 17:00,8.4,127.5675,74.7,,119.1525,1040.045,96.63,96.465,0.69,1,428.1661962868157
19.11.2025 18:00,8.4,119.19,74.7,,110.44,1087.73,0.6880000000000001,119.83666666666666,0.69,1,434.3132833125156
19.11.2025 19:00,8.4,119.05,74.7,,107.2625,879.0225,44.037,80.7,0.69,0,453.2745937919487
19.11.2025 20:00,8.4,105.6875,74.7,,98.51,915.6675,15.797,88.7475,1.71,0,462.4973238589606
19.11.2025 21:00,8.4,100.225,74.7,,87.9425,805.8425,14.739,79.0225,1.71,0,469.77131278235686
19.11.2025 22:00,8.35,99.17,74.7,,91.905,648.2674999999999,1.754,109.8125,1.71,0,475.799844567479
19.11.2025 23:00,8.35,91.885,74.7,,88.865,538.9549999999999,3.171,92.135,1.71,0,461.7174897336373
20.11.2025 00:00,8.35,90.6275,74.7,,84.2425,642.76,97.926,63.9875,5.97,0,448.0172483684352
20.11.2025 01:00,8.35,88.0925,74.7,,84.4375,564.5375,36.653,74.80499999999999,5.97,0,432.1832016955088
20.11.2025 02:00,8.35,87.0325,74.7,,87.295,519.21,10.446,121.1575,5.97,0,427.2503251176946
20.11.2025 03:00,8.35,86.795,74.7,,91.665,672.905,0.206,121.2625,5.97,0,428.74067104039233
20.11.2025 04:00,8.35,87.125,74.7,,103.6675,828.6975,9.718,74.65,6.0,0,434.88517656016313
20.11.2025 05:00,8.35,90.5025,74.7,,135.54,958.505,50.876,74.375,6.0,0,446.76476769760177
20.11.2025 06:00,8.54,103.6825,74.7,,143.5475,1004.925,7.505,95.08,6.0,0,461.8819726511469
20.11.2025 07:00,8.7,144.4075,74.7,,149.0875,1038.8275,1.288,129.515,6.0,0,468.6742948204146
20.11.2025 08:00,8.91,155.715,74.7,,141.79,981.855,21.626,104.53,5.31,0,470.0932015333594
20.11.2025 09:00,8.91,153.655,74.7,,136.265,1103.46,15.541,90.175,5.31,0,468.62322353695447
20.11.2025 10:00,8.91,141.27,74.7,,137.9725,981.8675,11.096,94.7525,5.31,0,469.3768989864149
20.11.2025 11:00,8.91,129.3025,74.7,,140.25,1020.9275,0.135,115.62,5.31,1,459.08466137342
20.11.2025 12:00,8.91,125.055,74.7,,160.8,1243.3275,7.266,85.32499999999999,4.44,1,458.6992031895248
20.11.2025 13:00,8.91,126.1,74.7,,165.0225,1196.1875,50.965,78.26,4.44,1,466.6438038627399
20.11.2025 14:00,8.7,134.2025,74.7,,236.9975,1266.99,0.689,107.16333333333334,4.44,0,480.630787465422
20.11.2025 15:00,8.54,149.685,74.7,,187.635,1242.2675,4.879,190.27,4.44,1,503.5145781786475
20.11.2025 16:00,8.4,175.82999999999998,74.7,,165.73000000000002,1376.9375,2.744,293.86,0.52,1,498.2792858655878
20.11.2025 17:00,8.4,175.4725,74.7,,159.2225,1485.94,0.003,,0.52,1,501.8922108730004
20.11.2025 18:00,8.4,163.25,74.7,,145.61,1286.3775,0.0,,0.52,1,510.2645342123102
20.11.2025 19:00,8.4,156.01749999999998,74.7,,126.045,1011.61,11.378,128.61,0.52,0,522.908527005211
20.11.2025 20:00,8.4,137.1025,74.7,,118.39,822.0350000000001,7.175000000000001,102.745,1.4,0,543.2876318467578
20.11.2025 21:00,8.4,120.7525,74.7,,105.1975,686.1525,16.052999999999997,95.7625,1.4,0,562.7794273008346
20.11.2025 22:00,8.35,108.235,74.7,,98.195,577.51,6.198,121.35666666666668,1.4,0,577.3615605117745
20.11.2025 23:00,8.35,93.7625,74.7,,94.735,599.7975,13.832,86.845,1.4,0,579.3408903201052
21.11.2025 00:00,8.35,101.5525,74.7,,92.975,498.6775,0.1659999999999999,94.3025,4.73,0,586.2343192407113
21.11.2025 01:00,8.35,94.14,74.7,,94.1225,510.0075,0.359,90.59,4.73,0,590.8849652552632
21.11.2025 02:00,8.35,90.2825,74.7,,92.7975,558.2225,10.174,94.9175,4.73,0,595.7621246036301
21.11.2025 03:00,8.35,90.185,74.7,,100.5725,832.24,89.744,77.745,4.73,0,596.9509992157743
21.11.2025 04:00,8.35,93.625,74.7,,119.3525,1129.8725,37.785,85.3,4.16,0,596.8929455741422
21.11.2025 05:00,8.35,101.865,74.7,,169.115,1261.765,0.0,,4.16,0,590.1326723210773
21.11.2025 06:00,8.54,133.525,74.7,,220.8325,1557.115,7.008000000000001,113.27,4.16,0,587.1273320941784
21.11.2025 07:00,8.7,180.42,74.7,,187.4075,1469.475,7.517,129.915,4.16,0,558.5647582349749
21.11.2025 08:00,8.91,205.3825,74.7,,148.4,1328.79,55.088,132.33333333333334,4.18,0,526.2843076832146
21.11.2025 09:00,8.91,181.83,74.7,,129.4525,1226.65,138.539,103.20333333333332,4.18,0,501.7889554980332
21.11.2025 10:00,8.91,151.015,74.7,,118.6875,1185.2025,77.506,93.79333333333334,4.18,0,491.86827095189454
21.11.2025 11:00,8.91,137.72,74.7,,133.54500000000002,1318.7475,216.121,78.8275,4.18,1,476.0950887990884
21.11.2025 12:00,8.91,130.3425,74.7,,138.61249999999998,1168.075,10.888,102.0875,3.74,1,475.56548683485846
21.11.2025 13:00,8.91,135.57500000000002,74.7,,156.2375,1324.8025,0.031,102.15,3.74,1,492.60667386221496
21.11.2025 14:00,8.7,153.7525,74.7,,223.5625,1118.86,0.035,277.365,3.74,0,529.3263967145983
21.11.2025 15:00,8.54,196.8375,74.7,,227.6575,1143.1675,0.771,218.51,3.74,1,562.7323227127451
21.11.2025 16:00,8.4,251.87,74.7,,178.62,1232.9825,40.402,111.465,0.48,1,559.9433612412652
21.11.2025 17:00,8.4,250.0075,74.7,,136.095,1265.7775,21.227,132.44,0.48,1,544.7688095082032
21.11.2025 18:00,8.4,205.0875,74.7,,119.47,1066.625,21.379,117.0125,0.48,1,544.2879143747914
21.11.2025 19:00,8.4,171.3675,74.7,,101.735,796.88,10.939,103.3925,0.48,0,550.267834849106
21.11.2025 20:00,8.4,141.95,74.7,,94.87,813.4300000000001,6.584,108.97666666666667,1.17,0,568.5415177493235
21.11.2025 21:00,8.4,117.3075,74.7,,92.685,716.2975,3.462,107.98666666666668,1.17,0,577.6020585090066
21.11.2025 22:00,8.35,104.9,74.7,,90.71,662.4625,0.161,94.21,1.17,0,555.8926192097681
21.11.2025 23:00,8.35,95.0325,74.7,,83.9075,513.73,0.0,99.2,1.17,0,525.0413226016765
22.11.2025 00:00,8.06,102.2475,74.7,,79.3675,584.2925,0.0,104.13,3.98,0,496.70283667239664
22.11.2025 01:00,8.06,94.6,74.7,,75.4,701.28,0.154,95.7575,3.98,0,468.43623487542095
22.11.2025 02:00,8.06,88.44,74.7,,75.25,622.2625,0.154,93.73,3.98,0,437.75364146757073
22.11.2025 03:00,8.06,85.2775,74.7,,76.4,435.7625,0.108,97.6325,3.98,0,435.4815122608902
22.11.2025 04:00,8.06,86.0975,74.7,,79.3725,556.3299999999999,2.769,84.0375,3.99,0,431.23385426416826
22.11.2025 05:00,8.06,85.2775,74.7,,82.8,576.8225,0.966,97.08666666666666,3.99,0,433.74070218899016
22.11.2025 06:00,8.19,90.5225,74.7,,85.94749999999999,726.6475,1.531,85.285,3.99,0,430.33873563808015
22.11.2025 07:00,8.28,106.7475,74.7,,87.74000000000001,888.0725,0.0,,3.99,0,430.78450746051897
22.11.2025 08:00,8.41,104.21,74.7,,79.5325,1055.5175,2.883,97.52666666666666,8.7,0,398.9508248784165
22.11.2025 09:00,8.41,89.1175,74.7,,71.01750000000001,1153.65,1.956,84.92750000000001,8.7,0,356.65030023669567
22.11.2025 10:00,8.41,82.00999999999999,74.7,,68.965,1063.79,33.524,63.445,8.7,0,308.7251974445447
22.11.2025 11:00,8.41,78.58,74.7,,69.3875,1025.3725,12.782,71.3275,8.7,0,285.5157831241397
22.11.2025 12:00,8.41,76.2825,74.7,,76.1825,1010.8025,74.731,46.5275,7.16,0,274.6742558147949
22.11.2025 13:00,8.41,75.3675,74.7,,92.0225,764.1025,18.771,51.70666666666667,7.16,0,289.2881045350172
22.11.2025 14:00,8.28,81.645,74.7,,111.0175,853.8625,2.202,90.865,7.16,0,330.7547588707096
22.11.2025 15:00,8.19,88.965,74.7,,101.8475,882.0725,0.1,118.08,7.16,0,390.4048888811212
22.11.2025 16:00,8.1,105.0,74.7,,99.4775,803.8725,0.765,91.87,1.01,0,392.69331688705824
22.11.2025 17:00,8.1,114.455,74.7,,90.885,681.97,2.804,80.0975,1.01,0,383.3787930453925
22.11.2025 18:00,8.1,109.2525,74.7,,86.3175,596.7525,17.309,70.6975,1.01,0,371.26597705804846
22.11.2025 19:00,8.1,98.33,74.7,,85.81,509.205,50.652,79.33666666666666,1.01,0,360.3232636417278
22.11.2025 20:00,8.1,86.61,74.7,,93.53,573.065,0.04,101.95,1.9,0,351.2083410811771
22.11.2025 21:00,8.1,89.2475,74.7,,89.345,614.1775,0.029,151.92,1.9,0,344.0465116520625
22.11.2025 22:00,8.06,89.4275,74.7,,88.175,626.6425,1.241,120.435,1.9,0,345.6808231436932
22.11.2025 23:00,8.06,82.23,74.7,,85.11749999999999,654.7425000000001,0.017,99.21333333333332,1.9,0,337.6607549343166
23.11.2025 00:00,8.04,81.5275,74.7,,82.8775,604.715,0.004,,5.15,0,344.35428930418175
23.11.2025 01:00,8.04,74.35249999999999,74.7,,74.8525,653.185,0.0,,5.15,0,346.6793438777918
23.11.2025 02:00,8.04,70.44,74.7,,75.1125,513.29,0.0,,5.15,0,339.79428508661226
23.11.2025 03:00,8.04,63.23,74.7,,77.75999999999999,470.335,0.0,,5.15,0,328.9306621023882
23.11.2025 04:00,8.04,60.885,74.7,,75.1425,582.4675,0.0,,7.74,0,323.3944563824841
23.11.2025 05:00,8.04,64.21,74.7,,77.91499999999999,647.8375,0.819,46.26,7.74,0,322.95329765066293
23.11.2025 06:00,8.17,62.03,74.7,,81.0625,792.0275,0.0,,7.74,0,303.9265682257709
23.11.2025 07:00,8.27,67.9825,74.7,,78.5575,995.755,0.0,,7.74,0,304.5026723502216
23.11.2025 08:00,8.39,67.8325,74.7,,78.7575,1230.51,0.0,,9.9,0,286.23573503715966
23.11.2025 09:00,8.39,65.96,74.7,,71.11500000000001,1111.955,114.727,37.4775,9.9,0,261.86953086048214
23.11.2025 10:00,8.39,65.985,74.7,,62.85,1126.92,139.235,9.6525,9.9,0,237.67585545077637
23.11.2025 11:00,8.39,66.69,74.7,,51.2475,1367.1325,19.039,49.20333333333334,9.9,0,222.2945332387584
23.11.2025 12:00,8.39,67.8625,74.7,,63.1525,1284.62,0.0,,9.14,0,219.0564431137077
23.11.2025 13:00,8.39,65.45750000000001,74.7,,77.5375,1080.1975,0.873,44.86,9.14,0,220.3610600126381
23.11.2025 14:00,8.27,69.42750000000001,74.7,,80.61500000000001,1036.835,0.0,153.19,9.14,0,231.899564548294
23.11.2025 15:00,8.17,77.28999999999999,74.7,,80.805,882.26,4.672999999999999,92.065,9.14,0,245.10036732243373
23.11.2025 16:00,8.08,77.8875,74.7,,88.195,775.9425,15.753,84.34333333333333,2.02,0,242.45422715857245
23.11.2025 17:00,8.08,80.84,74.7,,94.7925,925.5975,1.519,114.05,2.02,0,236.43471246953348
23.11.2025 18:00,8.08,82.54249999999999,74.7,,94.1275,770.7225,35.611999999999995,66.225,2.02,0,244.028064132229
23.11.2025 19:00,8.08,83.7975,74.7,,93.405,899.9225,5.441999999999999,138.14333333333337,2.02,0,263.255914409992
23.11.2025 20:00,8.08,77.4125,74.7,,96.645,908.99,78.65,53.9125,4.18,0,273.02408172412686
23.11.2025 21:00,8.08,74.16,74.7,,91.4,902.4725,2.861,144.6925,4.18,0,280.83393159425395
23.11.2025 22:00,8.04,75.1675,74.7,,85.64999999999999,717.6725,31.945,86.315,4.18,0,297.6425859828014
23.11.2025 23:00,8.04,71.2625,74.7,,86.75999999999999,673.085,0.001,,4.18,0,295.92856951222427
24.11.2025 00:00,8.35,72.4575,74.7,,86.24,609.54,3.726,82.11,9.9,0,305.1998903547397
24.11.2025 01:00,8.35,70.0625,74.7,,84.09,627.7775,0.333,96.96,9.9,0,315.7815907545212
24.11.2025 02:00,8.35,72.255,74.7,,78.475,805.305,0.009,,9.9,0,323.05600129087657
24.11.2025 03:00,8.35,73.275,74.7,,79.475,1034.385,0.475,56.65,9.9,0,327.622832182625
24.11.2025 04:00,8.35,73.755,74.7,,87.33250000000001,1250.4875,2.316,31.545,11.75,0,342.7156715237001
24.11.2025 05:00,8.35,80.065,74.7,,102.4825,1125.185,2.882,69.6225,11.75,0,361.4507393426419
24.11.2025 06:00,8.54,90.3075,74.7,,123.56,983.63,1.411,91.635,11.75,0,394.6363012053393
24.11.2025 07:00,8.7,104.3925,74.7,,148.26999999999998,1089.415,0.0,,11.75,0,427.4846589921639
24.11.2025 08:00,8.91,107.785,74.7,,141.1575,1115.03,3.485,104.08666666666666,6.55,0,435.3235834078442
24.11.2025 09:00,8.91,110.26,74.7,,133.675,1220.3675,50.93,80.545,6.55,0,437.1346746953517
24.11.2025 10:00,8.91,117.4475,74.7,,129.28,1155.78,4.367,130.3175,6.55,0,449.572101865745
24.11.2025 11:00,8.91,128.0375,74.7,,138.7625,923.955,0.434,64.7,6.55,1,465.52272492346697
24.11.2025 12:00,8.91,134.235,74.7,,148.275,1120.9625,0.494,208.9633333333333,5.44,1,475.0070969274132
24.11.2025 13:00,8.91,149.9925,74.7,,159.115,1059.185,0.008,180.96,5.44,1,485.7781309284374
24.11.2025 14:00,8.7,173.5375,74.7,,168.375,928.2925,2.322,222.7225,5.44,0,504.7961337421018
24.11.2025 15:00,8.54,195.8125,74.7,,162.45,846.59,1.05,182.2325,5.44,1,509.91603982130016
24.11.2025 16:00,8.4,225.775,74.7,,145.5725,838.1225000000001,20.091,217.0625,1.15,1,507.6618531285853
24.11.2025 17:00,8.4,263.4825,74.7,,133.70499999999998,890.115,4.35,246.50333333333333,1.15,1,496.6315092535689
24.11.2025 18:00,8.4,230.5875,74.7,,124.1225,785.0775,1.446,149.71333333333334,1.15,1,511.1701344425247
24.11.2025 19:00,8.4,188.305,74.7,,100.005,786.9725,27.526,108.1275,1.15,0,521.3832108164872
24.11.2025 20:00,8.4,151.185,74.7,,93.385,831.95,42.228,76.5925,2.5,0,536.7048703984369
24.11.2025 21:00,8.4,135.235,74.7,,87.2275,589.6175000000001,56.761,72.605,2.5,0,557.8676764135458
24.11.2025 22:00,8.35,123.035,74.7,,86.6525,597.04,57.108,57.1175,2.5,0,562.6692565845431
24.11.2025 23:00,8.35,105.405,74.7,,85.635,604.13,28.65,72.785,2.5,0,564.9433471309871
25.11.2025 00:00,8.35,100.9,74.7,,85.0475,460.47,50.047,78.2475,5.88,0,568.1060560464554
25.11.2025 01:00,8.35,99.1525,74.7,,86.47749999999999,431.6425,8.626000000000001,88.79666666666667,5.88,0,573.5246172100187
25.11.2025 02:00,8.35,97.5875,74.7,,84.06,448.39,54.427,76.735,5.88,0,586.9055346534287
25.11.2025 03:00,8.35,96.0975,74.7,,91.39,620.4175,7.975,86.355,5.88,0,593.1253548298927
25.11.2025 04:00,8.35,99.51,74.7,,117.9525,743.4725000000001,2.342,82.745,7.37,0,601.2054348424701
25.11.2025 05:00,8.35,106.73,74.7,,194.245,827.21,6.712,95.79,7.37,0,618.3716391810896
25.11.2025 06:00,8.54,122.4075,74.7,,223.6175,800.1225,0.35,137.82,7.37,0,617.4920970250469
25.11.2025 07:00,8.7,291.02,74.7,,197.2075,721.2425,0.0,,7.37,0,603.5854952795468
25.11.2025 08:00,8.91,333.275,74.7,,177.015,714.8375,3.141,116.56,4.91,0,578.7017841273071
25.11.2025 09:00,8.91,292.65,74.7,,152.7125,581.265,6.807,158.6,4.91,0,570.8754045314873
25.11.2025 10:00,8.91,273.085,74.7,,145.845,581.64,0.0,,4.91,0,557.6602230323216
25.11.2025 11:00,8.91,326.6275,74.7,,150.9075,648.9425,0.876,199.78333333333333,4.91,1,558.8425669230176
25.11.2025 12:00,8.91,351.0,74.7,,163.6975,671.3050000000001,0.003,,3.95,1,557.5854183114016
25.11.2025 13:00,8.91,317.65250000000003,74.7,,180.3175,765.255,0.0,,3.95,1,558.9831564976154
25.11.2025 14:00,8.7,300.0,74.7,,200.98,922.455,0.0,,3.95,0,566.8114475496307
25.11.2025 15:00,8.54,309.995,74.7,,236.455,951.0525,0.0,,3.95,1,564.525607376053
25.11.2025 16:00,8.4,325.0825,74.7,,185.02,967.6975,4.683,272.8275,0.78,1,563.7368116203501
25.11.2025 17:00,8.4,373.3125,74.7,,163.7175,1269.5075,25.763,148.3775,0.78,1,545.7554055283374
25.11.2025 18:00,8.4,297.905,74.7,,142.1125,988.8475,0.004,200.4933333333333,0.78,1,548.4881521756533
25.11.2025 19:00,8.4,249.3725,74.7,,123.7225,909.3925,12.787,102.73333333333332,0.78,0,570.409159851801
25.11.2025 20:00,8.4,172.835,74.7,,106.13,729.0799999999999,8.234,103.21,1.9,0,593.5726946493679
25.11.2025 21:00,8.4,135.02,74.7,,99.2175,639.1975,24.554,94.46,1.9,0,614.7700859559899
25.11.2025 22:00,8.35,119.155,74.7,,96.025,542.88,32.72,74.81,1.9,0,622.2459676522059
25.11.2025 23:00,8.35,102.035,74.7,,86.3675,596.0475,19.781,516.145,1.9,0,619.2312068415833
26.11.2025 00:00,8.35,92.855,74.7,,83.94749999999999,530.78,0.659,91.955,4.2,0,606.3001865200913
26.11.2025 01:00,8.35,89.94999999999999,74.7,,82.9875,455.59,0.076,99.5925,4.2,0,590.1015381560143
26.11.2025 02:00,8.35,88.325,74.7,,84.4875,551.3775,11.498,86.94749999999999,4.2,0,584.4651105879212
26.11.2025 03:00,8.35,89.435,74.7,,88.5375,738.885,3.288,88.3775,4.2,0,581.9008631620931
26.11.2025 04:00,8.35,89.80250000000001,74.7,,107.5525,1029.2,0.953,89.63333333333333,4.91,0,573.5298843343893
26.11.2025 05:00,8.35,97.25,74.7,,149.8325,901.38,0.019,112.405,4.91,0,586.5202658050804
26.11.2025 06:00,8.54,129.8225,74.7,,165.5625,985.455,0.09,200.57,4.91,0,597.9233208829463
26.11.2025 07:00,8.7,191.17,74.7,,163.41000000000005,993.8,0.0,,4.91,0,573.11166456975
26.11.2025 08:00,8.91,237.2225,74.7,,161.4325,871.0675,0.343,129.34,3.8,0,545.7949463982666
26.11.2025 09:00,8.91,211.8475,74.7,,149.20499999999998,602.0600000000001,3.188,113.8925,3.8,0,536.6268120695884
26.11.2025 10:00,8.91,197.1375,74.7,,139.64749999999998,501.1425,0.406,119.5275,3.8,0,535.0073224148607
26.11.2025 11:00,8.91,170.4975,74.7,,145.6675,425.6475,1.14,109.07666666666668,3.8,1,545.9994698139196
26.11.2025 12:00,8.91,164.6825,74.7,,140.9225,489.6175,1.228,87.575,2.98,1,558.327724558625
26.11.2025 13:00,8.91,168.2375,74.7,,161.8725,456.2775,0.434,97.25,2.98,1,555.1328021795262
26.11.2025 14:00,8.7,184.49,74.7,,184.3725,859.63,0.0,,2.98,0,568.5034216079163
26.11.2025 15:00,8.54,223.7225,74.7,,192.5325,1277.555,0.364,192.3,2.98,1,566.7926438403282
26.11.2025 16:00,8.4,294.3775,74.7,,177.4,1256.87,0.0,,0.71,1,555.6620443510105
26.11.2025 17:00,8.4,294.61,74.7,,150.92000000000002,1088.6174999999998,0.114,161.52,0.71,1,544.6504099212689
26.11.2025 18:00,8.4,228.93,74.7,,137.445,886.1075,2.675,135.625,0.71,1,559.7932293927545
26.11.2025 19:00,8.4,183.675,74.7,,112.41,725.1425,5.904,110.3,0.71,0,575.3126586060685
26.11.2025 20:00,8.4,141.26,74.7,,94.9925,658.1325,22.713,86.2625,1.48,0,580.779837151513
26.11.2025 21:00,8.4,114.9475,74.7,,84.185,633.12,22.568,84.1425,1.48,0,575.7418660813677
26.11.2025 22:00,8.35,101.9925,74.7,,82.28,580.1600000000001,6.771,74.6675,1.48,0,547.4711642991085
26.11.2025 23:00,8.35,90.1875,74.7,,73.8575,584.09,4.251,84.2275,1.48,0,505.9863857139652
27.11.2025 00:00,8.35,89.945,74.7,,68.435,656.235,27.426,64.44,4.0,0,456.95778576070967
27.11.2025 01:00,8.35,84.275,74.7,,68.5675,545.9275,15.01,80.7075,4.0,0,430.2272807882616
27.11.2025 02:00,8.35,79.9475,74.7,,69.395,486.535,57.651,70.315,4.0,0,416.6336287854765
27.11.2025 03:00,8.35,77.3425,74.7,,68.97,600.9225,82.445,52.315,4.0,0,405.6659292615868
27.11.2025 04:00,8.35,79.94749999999999,74.7,,76.67,656.63,71.144,54.8825,4.19,0,392.16617403287137
27.11.2025 05:00,8.35,82.0775,74.7,,86.2675,755.085,42.232,56.8725,4.19,0,395.9846278987868
27.11.2025 06:00,8.54,112.22,74.7,,90.29,781.385,26.217,72.3,4.19,0,393.0689016928736
27.11.2025 07:00,8.7,122.0,74.7,,82.4075,750.985,0.758,86.54499999999999,4.19,0,384.03420810865344
27.11.2025 08:00,8.91,123.105,74.7,,84.35,810.685,33.169,66.9325,6.16,0,374.9459461964663
27.11.2025 09:00,8.91,106.9525,74.7,,75.45,882.7575,135.907,44.9775,6.16,0,358.6300542164979
27.11.2025 10:00,8.91,90.9475,74.7,,63.505,1003.28,110.863,28.036666666666665,6.16,0,333.07012277875504
27.11.2025 11:00,8.91,88.66499999999999,74.7,,71.0625,796.255,0.707,54.125,6.16,1,303.305371605323
27.11.2025 12:00,8.91,87.0625,74.7,,76.14500000000001,673.485,13.335,-5.992499999999998,3.0,1,300.87349594632167
27.11.2025 13:00,8.91,85.75999999999999,74.7,,78.9525,649.55,1.969,30.92,3.0,1,297.9236980308328
27.11.2025 14:00,8.7,89.2475,74.7,,77.865,579.97,5.82,81.45666666666666,3.0,0,301.61409715768445
27.11.2025 15:00,8.54,90.6,74.7,,82.3375,574.7275,4.559,90.755,3.0,1,311.84726880759246
27.11.2025 16:00,8.4,90.43,74.7,,78.8425,582.52,159.318,33.0575,0.99,1,308.0872272484654
27.11.2025 17:00,8.4,97.5075,74.7,,81.26,583.565,1.536,95.45,0.99,1,304.85910026208467
27.11.2025 18:00,8.4,101.3925,74.7,,78.01,556.035,1.154,102.0275,0.99,1,304.0247095426364
27.11.2025 19:00,8.4,88.27,74.7,,76.91,645.5975,4.95,93.475,0.99,0,302.2956085788546
27.11.2025 20:00,8.4,85.39750000000001,74.7,,78.0075,705.7225,8.827,76.2675,5.94,0,293.0243149305685
27.11.2025 21:00,8.4,80.625,74.7,,72.735,591.355,2.669,84.395,5.94,0,291.1146639823596
27.11.2025 22:00,8.35,85.105,74.7,,70.14999999999999,609.78,0.183,72.8525,5.94,0,293.7827202241076
27.11.2025 23:00,8.35,69.45750000000001,74.7,,67.4675,579.5975,2.588,67.9875,5.94,0,277.2528539837712
28.11.2025 00:00,8.35,60.84,74.7,,71.425,573.2149999999999,0.198,85.29,19.0,0,275.49345678645733
28.11.2025 01:00,8.35,55.0,74.7,,73.635,578.0675,3.751,67.9025,19.0,0,275.2541899304604
28.11.2025 02:00,8.35,52.93,74.7,,79.0375,575.3475,13.965,62.5325,19.0,0,274.2120869859362
28.11.2025 03:00,8.35,47.8825,74.7,,82.875,586.4275,0.8619999999999999,72.89333333333333,19.0,0,271.55355097242614
28.11.2025 04:00,8.35,58.375,74.7,,90.7325,811.2825,0.605,78.3125,8.52,0,280.98549348273343
28.11.2025 05:00,8.35,61.04,74.7,,99.42,931.14,0.35,101.42,8.52,0,295.57010717732896
28.11.2025 06:00,8.54,82.8625,74.7,,121.045,1084.73,0.0,,8.52,0,305.58127816926446
28.11.2025 07:00,8.7,87.82,74.7,,117.735,971.9575,0.0,,8.52,0,326.8632788449112
28.11.2025 08:00,8.91,100.475,74.7,,107.495,874.5925,0.049,102.31,4.75,0,326.2715976063277
28.11.2025 09:00,8.91,103.4,74.7,,99.625,772.3475,12.772,84.38,4.75,0,333.0747757608889
28.11.2025 10:00,8.91,97.845,74.7,,94.67,550.49,9.244,87.35249999999999,4.75,0,327.7659962905136
28.11.2025 11:00,8.91,102.82,74.7,,97.3325,584.1675,1.602,94.53333333333336,4.75,1,328.2018170427577
28.11.2025 12:00,8.91,98.7125,74.7,,101.905,806.9275,20.774,73.92,2.86,1,329.65247124585096
28.11.2025 13:00,8.91,99.45,74.7,,109.69,713.135,0.136,147.62,2.86,1,346.6259328036641
28.11.2025 14:00,8.7,98.79,74.7,,116.3725,858.2775,0.008,99.9,2.86,0,368.1883242417271
28.11.2025 15:00,8.54,104.67,74.7,,121.79,947.67,0.0,,2.86,1,380.7949103587299
28.11.2025 16:00,8.4,103.4,74.7,,115.6975,1028.285,50.141000000000005,80.6525,0.82,1,373.0287439519788
28.11.2025 17:00,8.4,96.1575,74.7,,109.0225,895.185,44.326,76.735,0.82,1,359.1059184696554
28.11.2025 18:00,8.4,98.125,74.7,,99.7175,798.265,4.074,106.635,0.82,1,363.6818622339392
28.11.2025 19:00,8.4,93.32,74.7,,99.025,723.3725,8.265,91.0825,0.82,0,356.5200044347331
28.11.2025 20:00,8.4,88.45750000000001,74.7,,101.7975,729.35,20.899,82.8975,4.24,0,344.72701508474523
28.11.2025 21:00,8.4,85.41,74.7,,95.295,777.565,2.172,80.06333333333333,4.24,0,336.03527096845625
28.11.2025 22:00,8.35,85.545,74.7,,89.81,554.865,0.911,80.66333333333334,4.24,0,343.0242057997516
28.11.2025 23:00,8.35,77.83,74.7,,88.19749999999999,329.5825,0.742,82.5,4.24,0,344.9826421952198
29.11.2025 00:00,8.06,81.72999999999999,74.7,,88.91,58.0,0.0,98.29,9.89,0,349.1893724732213
29.11.2025 01:00,8.06,80.89750000000001,74.7,,87.9575,,0.0,,9.89,0,351.0480015560407
29.11.2025 02:00,8.06,81.33500000000001,74.7,,106.4575,118.03,0.0,,9.89,0,362.2732801842725
29.11.2025 03:00,8.06,82.5575,74.7,,104.535,191.96,0.002,105.575,9.89,0,361.7280800100438
29.11.2025 04:00,8.06,85.6975,74.7,,87.2075,279.46500000000003,7.497999999999999,84.9425,5.69,0,376.861972759014
29.11.2025 05:00,8.06,89.9975,74.7,,89.795,303.2575,1.483,82.9025,5.69,0,395.8979800625775
29.11.2025 06:00,8.19,90.8875,74.7,,98.8575,243.0075,0.0,98.745,5.69,0,393.2603209165875
29.11.2025 07:00,8.28,96.175,74.7,,105.4125,262.02,2.201,83.42,5.69,0,394.6471657143536
29.11.2025 08:00,8.41,89.15,74.7,,96.4475,278.15250000000003,10.405,87.36,4.48,0,390.1672827656767
29.11.2025 09:00,8.41,101.5825,74.7,,90.055,341.2825,4.754,85.4875,4.48,0,379.45703908587336
29.11.2025 10:00,8.41,101.44,74.7,,89.36,515.5024999999999,0.004,,4.48,0,367.3708603695966
29.11.2025 11:00,8.41,95.2625,74.7,,92.3075,732.78,0.057,96.01,4.48,0,349.9273294336973
29.11.2025 12:00,8.41,86.0975,74.7,,112.2325,494.065,2.24,86.79666666666667,3.09,0,349.9356771321967
29.11.2025 13:00,8.41,87.9575,74.7,,99.5525,377.34,0.949,83.445,3.09,0,365.3735561293428
29.11.2025 14:00,8.28,91.7275,74.7,,114.22,591.8399999999999,0.887,91.85,3.09,0,385.1839081424322
29.11.2025 15:00,8.19,102.7225,74.7,,117.9875,498.41,46.236,92.64666666666666,3.09,0,395.02451494262544
29.11.2025 16:00,8.1,102.645,74.7,,105.75,441.105,42.566,81.75999999999999,0.79,0,377.9853073365216
29.11.2025 17:00,8.1,107.085,74.7,,93.3225,459.48,0.228,82.63666666666667,0.79,0,364.3870648330087
29.11.2025 18:00,8.1,98.13,74.7,,90.9125,505.7675,2.66,88.4,0.79,0,361.2820444391695
29.11.2025 19:00,8.1,88.43,74.7,,87.76,466.195,34.297,76.4325,0.79,0,350.59979038510625
29.11.2025 20:00,8.1,81.1125,74.7,,89.31,415.9125,0.053,97.63666666666666,2.84,0,335.9662880359772
29.11.2025 21:00,8.1,80.8,74.7,,84.0375,548.6275,0.7150000000000001,91.35333333333334,2.84,0,327.128210433592
29.11.2025 22:00,8.06,83.49000000000001,74.7,,80.9625,543.9975,2.9730000000000003,83.44,2.84,0,328.2859974874473
29.11.2025 23:00,8.06,77.72749999999999,74.7,,79.60499999999999,402.8175,27.1,61.625,2.84,0,313.42618094294755
30.11.2025 00:00,8.04,75.9725,74.7,,75.465,396.74,41.295,63.0475,7.8,0,298.2289841402543
30.11.2025 01:00,8.04,69.7825,74.7,,69.395,371.0875,0.5820000000000001,81.975,7.8,0,281.6770242275438
30.11.2025 02:00,8.04,67.4375,74.7,,78.0175,411.4725,1.5279999999999998,78.5,7.8,0,276.81674744611524
30.11.2025 03:00,8.04,65.355,74.7,,79.8325,333.1775,2.804,77.07,7.8,0,277.6087583812829
30.11.2025 04:00,8.04,67.0,74.7,,67.505,523.8725000000001,64.061,46.865,8.75,0,280.2502587633661
30.11.2025 05:00,8.04,74.2925,74.7,,72.395,565.3475,23.87,56.03,8.75,0,280.89434198545166
30.11.2025 06:00,8.17,75.5775,74.7,,80.9575,459.735,1.368,76.11,8.75,0,278.99409120677586
30.11.2025 07:00,8.27,75.975,74.7,,75.0775,593.535,1.478,79.58,8.75,0,287.0676705252031
30.11.2025 08:00,8.39,79.84,74.7,,84.9625,509.3725,0.006,95.47,4.91,0,300.24211982367603
30.11.2025 09:00,8.39,80.65,74.7,,89.615,437.23,1.633,71.015,4.91,0,302.9680743488878
30.11.2025 10:00,8.39,84.4225,74.7,,88.6475,499.6225,0.009,78.08,4.91,0,299.3954764021372
30.11.2025 11:00,8.39,81.5425,74.7,,92.2925,550.2275,0.227,78.13,4.91,0,314.1234854913523
30.11.2025 12:00,8.39,80.695,74.7,,100.635,614.1275,0.0,,3.97,0,332.8968160387277
30.11.2025 13:00,8.39,82.5175,74.7,,117.5525,736.1725,0.0,,3.97,0,359.9446430014234
30.11.2025 14:00,8.27,87.5475,74.7,,113.51,612.665,32.327,99.6175,3.97,0,382.659192677194
30.11.2025 15:00,8.17,93.5775,74.7,,104.54,404.48,1.687,120.95,3.97,0,381.1795481610679
30.11.2025 16:00,8.08,92.81,74.7,,91.8075,454.7475,39.305,90.3925,0.74,0,373.1220127572914
30.11.2025 17:00,8.08,104.0475,74.7,,90.2925,462.415,0.951,,0.74,0,358.1663457441616
30.11.2025 18:00,8.08,106.2125,74.7,,92.58,479.71,6.883,88.10666666666667,0.74,0,351.3873232880651
30.11.2025 19:00,8.08,104.1275,74.7,,86.71000000000001,359.135,48.994,73.915,0.74,0,354.9965132168081
30.11.2025 20:00,8.08,97.525,74.7,,87.535,472.4925,13.923,78.7175,2.17,0,354.65822419443765
30.11.2025 21:00,8.08,92.93,74.7,,75.345,512.0625,1.004,81.87,2.17,0,354.30370952660417
30.11.2025 22:00,8.04,92.5975,74.7,,75.8275,489.76,9.836,70.14,2.17,0,356.37153042742
30.11.2025 23:00,8.04,87.1275,74.7,,62.3575,639.1800000000001,55.088,47.8925,2.17,0,359.724891511466
01.12.2025 00:00,8.36,87.995,74.7,,61.24,435.9675,14.084,76.7375,5.93,0,342.4639719266881
01.12.2025 01:00,8.36,86.02250000000001,74.7,,63.1275,422.9,0.349,79.555,5.93,0,317.3788838809461
01.12.2025 02:00,8.36,81.34,74.7,,60.615,538.5475,6.497,84.1325,5.93,0,313.9716143092296
01.12.2025 03:00,8.36,85.14,74.7,,69.735,430.3825,0.309,76.60499999999999,5.93,0,320.0681723703681
01.12.2025 04:00,8.36,80.2575,74.7,,80.9325,470.585,0.071,87.34666666666665,4.95,0,333.34814124091247
01.12.2025 05:00,8.36,88.745,74.7,,103.1325,618.31,0.002,97.74,4.95,0,348.4977421369984
01.12.2025 06:00,8.56,88.625,74.7,,110.2675,688.785,0.003,160.91,4.95,0,353.2086718761585
01.12.2025 07:00,8.72,127.86,74.7,,95.665,679.835,1.951,114.73666666666668,4.95,0,351.0070288138125
01.12.2025 08:00,8.92,139.3325,74.7,,89.47749999999999,610.6025,33.634,71.245,3.93,0,343.8377553541733
01.12.2025 09:00,8.92,105.095,74.7,,79.83250000000001,598.14,105.336,40.875,3.93,0,337.8194447280549
01.12.2025 10:00,8.92,93.7325,74.7,,71.075,654.345,23.189,62.9,3.93,1,315.1732194367581
01.12.2025 11:00,8.92,85.96,74.7,,70.48,640.4525,27.645,74.91499999999999,3.93,1,303.0289047749227
01.12.2025 12:00,8.92,85.01750000000001,74.7,,85.05,777.4725,9.831,60.870000000000005,2.94,1,289.6996905786168
01.12.2025 13:00,8.92,90.07,74.7,,95.835,658.015,8.623,63.85,2.94,1,312.6831045077167
01.12.2025 14:00,8.72,107.2175,74.7,,94.4075,659.5475,2.66,96.95,2.94,1,343.06368363177086
01.12.2025 15:00,8.56,120.3225,74.7,,82.38,667.4325,23.669,100.50333333333332,2.94,1,350.4025644956713
01.12.2025 16:00,8.41,112.965,74.7,,80.8125,724.265,17.839,85.1525,0.98,1,338.61747519024
01.12.2025 17:00,8.41,94.4125,74.7,,80.5125,698.0,110.803,67.545,0.98,1,317.1808333895176
01.12.2025 18:00,8.41,88.9925,74.7,,69.095,657.035,36.649,65.7325,0.98,1,310.1022270225092
01.12.2025 19:00,8.41,86.7675,74.7,,58.5,735.84,160.32999999999998,41.275,0.98,1,298.38485368513454
01.12.2025 20:00,8.41,82.3,74.7,,59.9575,781.5175,265.78700000000003,17.9375,6.61,0,287.0674590809752
01.12.2025 21:00,8.41,75.95,74.7,,50.7775,779.615,180.992,33.0875,6.61,0,263.9247242979435
01.12.2025 22:00,8.36,76.43,74.7,,59.0475,863.11,15.67,69.265,6.61,0,264.72386758555126
01.12.2025 23:00,8.36,71.80250000000001,74.7,,62.9875,538.0275,35.748,50.96,6.61,0,262.7846688582025
02.12.2025 00:00,8.36,65.7775,74.7,,59.9425,316.1225,86.893,32.5475,30.94,0,261.73106430223123
02.12.2025 01:00,8.36,58.82,74.7,,38.1475,537.28,96.748,16.145,30.94,0,257.478921352213
02.12.2025 02:00,8.36,54.935,74.7,,53.9525,790.1524999999999,0.176,71.735,30.94,0,252.65370796590676
02.12.2025 03:00,8.36,53.7325,74.7,,49.1625,924.2675,122.202,-26.2825,30.94,0,252.30150997116743
02.12.2025 04:00,8.36,50.4675,74.7,,64.45,914.4875,15.662,39.605,27.21,0,252.7391806778733
02.12.2025 05:00,8.36,64.58500000000001,74.7,,89.75,965.7975,25.461,49.295,27.21,0,256.76675999163
02.12.2025 06:00,8.56,78.5125,74.7,,97.65,1001.96,0.06,97.0,27.21,0,278.2308632470266
02.12.2025 07:00,8.72,87.7875,74.7,,97.76,903.66,1.603,99.83,27.21,0,316.78012021878044
02.12.2025 08:00,8.92,87.65,74.7,,92.15,1023.6425,0.21,106.6575,68.89,0,321.6319115618611
02.12.2025 09:00,8.92,88.28,74.7,,84.25,950.61,2.948,93.0275,68.89,0,318.0285524996029
02.12.2025 10:00,8.92,85.8325,74.7,,87.715,985.36,0.03,87.56,68.89,1,315.7166109623516
02.12.2025 11:00,8.92,86.7225,74.7,,92.2575,971.71,15.398,91.715,68.89,1,310.95262645962094
02.12.2025 12:00,8.92,87.44749999999999,74.7,,98.3875,1017.4025,2.107,94.27,16.67,1,333.79567344305786
02.12.2025 13:00,8.92,97.035,74.7,,132.3175,1045.7125,0.011,98.3,16.67,1,374.7768284508708
02.12.2025 14:00,8.72,105.0075,74.7,,148.45749999999998,1255.69,0.033,117.46,16.67,1,421.0527474566954
02.12.2025 15:00,8.56,140.37,74.7,,162.6425,1308.165,1.675,85.78,16.67,1,453.6454669957911
02.12.2025 16:00,8.41,136.34,74.7,,159.0625,1287.9025,0.788,122.87,0.88,1,463.58030164515947
02.12.2025 17:00,8.41,151.64,74.7,,150.9525,1321.86,0.438,181.77,0.88,1,455.2507015796312
02.12.2025 18:00,8.41,162.14249999999998,74.7,,140.0775,1090.22,21.231,113.3875,0.88,1,465.265957305631
02.12.2025 19:00,8.41,163.2025,74.7,,127.13,910.16,0.447,121.74,0.88,1,479.44326883480704
02.12.2025 20:00,8.41,154.885,74.7,,120.88,807.61,12.53,108.7925,2.94,0,515.7953838541671
02.12.2025 21:00,8.41,129.3475,74.7,,108.6725,898.9725,17.744,93.605,2.94,0,530.8998422820152
02.12.2025 22:00,8.36,119.2225,74.7,,97.685,532.88,10.347,84.7675,2.94,0,555.5240457775853
02.12.2025 23:00,8.36,99.1375,74.7,,95.785,530.7025,0.775,101.4175,2.94,0,571.4280461161669
03.12.2025 00:00,8.36,90.835,74.7,,98.6275,404.7225,4.341,89.2675,10.71,0,578.6210895144804
03.12.2025 01:00,8.36,89.0725,74.7,,96.58,451.685,7.51,90.0575,10.71,0,584.4465984241442
03.12.2025 02:00,8.36,90.2575,74.7,,98.61,440.5725,7.511,88.56,10.71,0,596.2076720214754
03.12.2025 03:00,8.36,89.8775,74.7,,103.445,583.0925,0.463,91.96,10.71,0,599.8963592729906
03.12.2025 04:00,8.36,90.02,74.7,,127.1575,765.5725,1.205,93.16666666666669,10.17,0,604.228943043867
03.12.2025 05:00,8.36,98.98,74.7,,166.2425,851.015,0.286,101.11,10.17,0,616.0378871907358
03.12.2025 06:00,8.56,150.945,74.7,,186.9125,1069.1675,2.589,132.435,10.17,0,612.7738897610889
03.12.2025 07:00,8.72,200.0,74.7,,175.42000000000002,993.125,2.248,143.35,10.17,0,575.610191181004
03.12.2025 08:00,8.92,249.9975,74.7,,172.64999999999998,939.63,0.158,,11.9,0,562.8750256103949
03.12.2025 09:00,8.92,219.89,74.7,,176.38,940.2475,0.0,,11.9,0,564.8888430932915
03.12.2025 10:00,8.92,187.18,74.7,,181.96,1004.9,0.0,,11.9,1,554.0346253591273
03.12.2025 11:00,8.92,173.3725,74.7,,191.355,916.7225,2.704,128.765,11.9,1,556.1132531096669
03.12.2025 12:00,8.92,167.725,74.7,,207.78,930.9975,0.0,,5.34,1,569.4142072172168
03.12.2025 13:00,8.92,181.4075,74.7,,218.0725,1017.7675,0.0,,5.34,1,574.8007658849469
03.12.2025 14:00,8.72,199.9375,74.7,,235.0575,1057.8625,0.0,,5.34,1,585.6384859125739
03.12.2025 15:00,8.56,242.5625,74.7,,279.96000000000004,1135.345,0.0,,5.34,1,588.2765185047101
03.12.2025 16:00,8.41,308.35,74.7,,237.5375,1557.5025,0.0,,0.67,1,567.2506051341326
03.12.2025 17:00,8.41,259.6025,74.7,,215.1175,1405.865,0.004,235.51,0.67,1,561.3924467347399
03.12.2025 18:00,8.41,204.12,74.7,,155.52,1062.21,0.0,,0.67,1,574.4025589890133
03.12.2025 19:00,8.41,172.6275,74.7,,157.6175,1121.8674999999998,0.0,,0.67,1,579.4469314964289
03.12.2025 20:00,8.41,146.24,74.7,,136.35,998.18,22.21,151.20000000000002,2.06,0,580.1891420331583
03.12.2025 21:00,8.41,124.825,74.7,,120.6825,1036.6975,46.805,89.06,2.06,0,582.1096178365406
03.12.2025 22:00,8.36,113.405,74.7,,108.595,889.03,5.414999999999999,91.7,2.06,0,595.6478634837487
03.12.2025 23:00,8.36,104.135,74.7,,102.395,671.13,1.865,99.05,2.06,0,595.4495107706691
04.12.2025 00:00,8.36,97.3825,74.7,,103.3425,623.2225,0.361,99.37666666666668,6.69,0,597.2093689196317
04.12.2025 01:00,8.36,93.8825,74.7,,103.8225,528.0675,1.51,96.63,6.69,0,608.169786100885
04.12.2025 02:00,8.36,90.8325,74.7,,110.145,644.685,8.105,73.81,6.69,0,611.5432301544606
04.12.2025 03:00,8.36,90.3575,74.7,,119.9025,791.4825,0.021,,6.69,0,610.3659442315404
04.12.2025 04:00,8.36,92.3275,74.7,,138.70749999999998,948.8875,18.129,87.285,6.35,0,607.1115713142565
04.12.2025 05:00,8.36,96.755,74.7,,156.63,1045.8225,0.165,120.01,6.35,0,608.7210393263651
04.12.2025 06:00,8.56,124.865,74.7,,165.0025,1246.5,2.554,129.31,6.35,0,595.2687363127624
04.12.2025 07:00,8.72,128.41,74.7,,159.1675,1230.9625,0.794,149.755,6.35,0,550.940933739651
04.12.2025 08:00,8.92,144.7025,74.7,,159.1875,1185.22,1.712,204.825,5.6,0,532.1432218160369
04.12.2025 09:00,8.92,163.985,74.7,,157.3675,991.1425,2.155,145.69666666666666,5.6,0,520.6124412401974
04.12.2025 10:00,8.92,138.405,74.7,,156.7375,1023.3275,23.443,108.89666666666666,5.6,1,517.0298425288452
04.12.2025 11:00,8.92,148.0925,74.7,,170.0675,1136.8925,50.671,104.86,5.6,1,520.531219095901
04.12.2025 12:00,8.92,141.9625,74.7,,171.9475,1221.925,51.74,116.4725,3.79,1,528.6556630441129
04.12.2025 13:00,8.92,145.1825,74.7,,150.4725,1147.27,10.26,130.815,3.79,1,536.2985349595251
04.12.2025 14:00,8.72,152.0675,74.7,,151.65,973.085,1.484,141.84,3.79,1,555.418752381974
04.12.2025 15:00,8.56,150.9925,74.7,,149.66750000000002,1150.18,0.051,169.33,3.79,1,562.9901176730082
04.12.2025 16:00,8.41,145.1975,74.7,,170.85750000000002,1160.54,0.049,260.45,0.63,1,547.0573684226295
04.12.2025 17:00,8.41,144.6975,74.7,,143.9525,1180.12,3.057,144.1375,0.63,1,524.3161845086557
04.12.2025 18:00,8.41,142.33249999999998,74.7,,132.2425,1052.0125,3.636,124.24,0.63,1,522.4110293326066
04.12.2025 19:00,8.41,134.985,74.7,,119.7675,792.7975,13.611,110.97,0.63,1,533.0492931937026
04.12.2025 20:00,8.41,118.6025,74.7,,108.5775,726.52,3.732,110.0275,1.65,0,538.2658911989192
04.12.2025 21:00,8.41,103.3525,74.7,,99.585,674.6875,1.963,103.11,1.65,0,550.7842659643029
04.12.2025 22:00,8.36,109.0375,74.7,,99.1575,557.69,15.743,86.69,1.65,0,567.7553087813377
04.12.2025 23:00,8.36,98.2575,74.7,,96.9825,612.1725,7.348999999999999,94.6625,1.65,0,581.2017004602659
05.12.2025 00:00,8.36,95.7425,74.7,,94.3325,451.4425,13.873,86.3125,5.32,0,599.6450832359063
05.12.2025 01:00,8.36,93.8625,74.7,,96.1675,461.91,1.157,104.91333333333334,5.32,0,610.3325606427838
05.12.2025 02:00,8.36,90.92,74.7,,95.75,564.855,1.687,91.0275,5.32,0,625.9839195872696
05.12.2025 03:00,8.36,90.5675,74.7,,101.6525,551.535,0.223,99.4825,5.32,0,635.3494848681921
05.12.2025 04:00,8.36,94.03,74.7,,117.49,779.6925,1.156,95.28,4.95,0,641.7257296779521
05.12.2025 05:00,8.36,100.8725,74.7,,147.89749999999998,1008.475,0.232,114.495,4.95,0,646.2847996183211
05.12.2025 06:00,8.56,123.99,74.7,,165.805,944.3475,0.0,,4.95,0,644.0235776328745
05.12.2025 07:00,8.72,162.4175,74.7,,187.885,1253.0375,2.735,136.52,4.95,0,612.9830761307288
05.12.2025 08:00,8.92,184.4325,74.7,,167.12,1314.8725,0.015,,3.6,0,579.8804960923859
05.12.2025 09:00,8.92,184.145,74.7,,154.4225,1292.575,0.019,145.99,3.6,0,570.5149453877531
05.12.2025 10:00,8.92,171.3475,74.7,,142.0575,1066.9425,1.696,132.74,3.6,1,563.825306985898
05.12.2025 11:00,8.92,167.515,74.7,,140.485,878.48,0.934,130.44,3.6,1,566.909110465845
05.12.2025 12:00,8.92,161.56,74.7,,140.785,1015.255,2.397,122.15,2.58,1,572.6936185700886
05.12.2025 13:00,8.92,157.4475,74.7,,138.10250000000002,1042.875,0.0,,2.58,1,588.2509308062005
05.12.2025 14:00,8.72,161.1775,74.7,,134.89249999999998,917.34,0.0,,2.58,1,608.1929928742034
05.12.2025 15:00,8.56,162.3475,74.7,,130.5475,969.7075,0.0,,2.58,1,620.9978827440815
05.12.2025 16:00,8.41,169.4975,74.7,,119.88,932.82,41.418,83.86,0.54,1,605.738529000294
05.12.2025 17:00,8.41,158.305,74.7,,110.795,860.81,0.853,104.8125,0.54,1,585.546444733438
05.12.2025 18:00,8.41,147.2475,74.7,,97.7475,744.0175,3.3720000000000003,97.4125,0.54,1,596.5241148413645
05.12.2025 19:00,8.41,131.54,74.7,,98.4875,702.4125,1.4269999999999998,112.61,0.54,1,574.0983331244304
05.12.2025 20:00,8.41,115.15,74.7,,94.3325,694.215,1.412,107.4875,1.35,0,552.4730137378839
05.12.2025 21:00,8.41,97.555,74.7,,85.5925,772.8299999999999,0.0,98.6,1.35,0,510.1688799873584
05.12.2025 22:00,8.36,93.08,74.7,,82.35000000000001,894.8975,1.55,57.27,1.35,0,479.44808646965447
05.12.2025 23:00,8.36,84.1225,74.7,,76.4825,649.0725,12.622,58.6375,1.35,0,430.2268638263858
06.12.2025 00:00,8.07,82.08,74.7,,70.7675,645.6725,1.975,91.535,4.62,0,379.77179798666873
06.12.2025 01:00,8.07,76.9725,74.7,,70.6625,509.4925,5.305999999999999,83.9775,4.62,0,322.9729414300086
06.12.2025 02:00,8.07,73.63,74.7,,66.225,528.565,38.604,57.945,4.62,0,284.95902821687406
06.12.2025 03:00,8.07,70.01,74.7,,66.53999999999999,503.79,20.245,52.585,4.62,0,260.8116689494575
06.12.2025 04:00,8.07,67.42750000000001,74.7,,61.47,975.91,51.577,44.2025,6.44,0,247.94077798014132
06.12.2025 05:00,8.07,64.9725,74.7,,68.5575,550.0725,18.923,49.7775,6.44,0,242.4098952233965
06.12.2025 06:00,8.2,64.585,74.7,,68.695,721.665,7.792999999999999,62.53,6.44,0,236.41982452713708
06.12.2025 07:00,8.29,67.87,74.7,,77.105,687.8725,0.914,71.13,6.44,0,236.81019963203804
06.12.2025 08:00,8.42,78.6125,74.7,,81.4175,743.4300000000001,6.136,68.2075,4.57,0,243.9723666002828
06.12.2025 09:00,8.42,80.94,74.7,,80.77,754.9975,12.53,42.17,4.57,0,252.751819518059
06.12.2025 10:00,8.42,82.295,74.7,,84.2025,902.7875,0.907,58.65,4.57,0,256.34284398060606
06.12.2025 11:00,8.42,80.6125,74.7,,82.8725,790.2875,29.165000000000003,68.7525,4.57,0,259.2924370016136
06.12.2025 12:00,8.42,80.615,74.7,,85.3775,711.4449999999999,0.833,90.31,3.01,0,267.4713244722641
06.12.2025 13:00,8.42,81.325,74.7,,87.0875,676.0725,0.6880000000000001,94.31,3.01,0,278.8070041924236
06.12.2025 14:00,8.29,86.1725,74.7,,91.4425,717.5799999999999,0.001,90.35,3.01,0,294.01239346788026
06.12.2025 15:00,8.2,91.0225,74.7,,90.5225,814.33,4.273,80.68,3.01,0,306.45309163443613
06.12.2025 16:00,8.11,95.5875,74.7,,80.35,769.28,4.42,84.495,0.97,0,298.9624116035061
06.12.2025 17:00,8.11,95.1175,74.7,,75.7075,725.5225,7.513000000000001,84.75,0.97,0,289.8304602221616
06.12.2025 18:00,8.11,89.1825,74.7,,74.92,635.0225,4.475,89.955,0.97,0,281.73998964146546
06.12.2025 19:00,8.11,89.655,74.7,,74.2775,500.005,8.77,64.8125,0.97,0,273.49242094705403
06.12.2025 20:00,8.11,83.385,74.7,,75.52,535.56,25.487,69.5325,1.95,0,254.14326774758223
06.12.2025 21:00,8.11,80.61,74.7,,72.3625,591.81,6.448,79.88499999999999,1.95,0,245.2745221175505
06.12.2025 22:00,8.07,76.495,74.7,,72.155,639.815,1.322,70.095,1.95,0,236.7227218998279
06.12.2025 23:00,8.07,71.565,74.7,,68.545,553.7525,10.441,71.52,1.95,0,225.15292201195
07.12.2025 00:00,8.05,67.32249999999999,74.7,,68.9225,504.4475,0.503,70.52666666666666,14.46,0,224.44619155725843
07.12.2025 01:00,8.05,60.995000000000005,74.7,,76.31,511.4725,0.027,89.19999999999999,14.46,0,222.82648719469748
07.12.2025 02:00,8.05,59.4225,74.7,,78.7225,605.385,40.97,65.005,14.46,0,225.64628730928573
07.12.2025 03:00,8.05,58.56,74.7,,82.5875,731.7225,3.934,81.78,14.46,0,232.0037546248691
07.12.2025 04:00,8.05,62.075,74.7,,75.735,696.235,33.455,67.16499999999999,9.24,0,240.44984790389367
07.12.2025 05:00,8.05,62.005,74.7,,77.4875,807.9075,1.035,67.0,9.24,0,255.99392668735064
07.12.2025 06:00,8.18,63.72,74.7,,85.0075,838.155,0.009,89.67,9.24,0,256.67071472878035
07.12.2025 07:00,8.28,71.83500000000001,74.7,,94.88,750.5475,2.721,83.08666666666666,9.24,0,281.0470068651332
07.12.2025 08:00,8.4,77.9975,74.7,,95.0075,725.0550000000001,5.535,78.14999999999999,3.94,0,311.2903139064397
07.12.2025 09:00,8.4,85.555,74.7,,96.9675,850.735,0.523,80.12,3.94,0,315.73046551929383
07.12.2025 10:00,8.4,90.53,74.7,,96.905,994.485,0.263,85.3,3.94,0,311.3600179892352
07.12.2025 11:00,8.4,91.9225,74.7,,99.2975,967.415,0.0,,3.94,0,315.1575680439867
07.12.2025 12:00,8.4,97.4375,74.7,,100.485,860.755,0.004,110.2,2.34,0,324.82959502228954
07.12.2025 13:00,8.4,99.5725,74.7,,100.61,727.5675,0.294,92.29333333333334,2.34,0,344.31752257761747
07.12.2025 14:00,8.28,104.145,74.7,,98.395,606.6525,5.357,86.005,2.34,0,355.30702751122806
07.12.2025 15:00,8.18,105.735,74.7,,99.8825,797.505,0.036,87.42500000000001,2.34,0,359.0573474465191
07.12.2025 16:00,8.09,109.6075,74.7,,99.1525,793.81,0.605,119.17666666666668,0.67,0,353.5669591581934
07.12.2025 17:00,8.09,111.82,74.7,,78.295,894.0899999999999,26.33,86.9475,0.67,0,336.16267907806616
07.12.2025 18:00,8.09,96.88,74.7,,61.96,933.0825,40.634,70.595,0.67,0,316.90955490424824
07.12.2025 19:00,8.09,87.4625,74.7,,41.945,1206.165,60.488,38.3575,0.67,0,278.3071408298599
07.12.2025 20:00,8.09,83.75999999999999,74.7,,25.665,1208.7625,35.518,25.4475,4.0,0,228.88215793415333
07.12.2025 21:00,8.09,73.72,74.7,,7.17,897.48,63.232,13.4475,4.0,0,198.0576840501828
07.12.2025 22:00,8.05,65.5975,74.7,,0.1574999999999999,699.0550000000001,165.44400000000002,-72.11500000000001,4.0,0,185.78268784983476
07.12.2025 23:00,8.05,41.7375,74.7,,-0.0624999999999999,573.3325,33.191,-4.2700000000000005,4.0,0,171.7582731200098
08.12.2025 00:00,8.36,19.27,74.7,,0.59,462.1025,46.49,-14.535,57.98,0,170.0613463631111
08.12.2025 01:00,8.36,11.09,74.7,,0.41,585.905,160.06,-39.197500000000005,57.98,0,167.47171594991858
08.12.2025 02:00,8.36,11.6625,74.7,,1.5625,513.6225,152.993,-35.5375,57.98,0,166.3932396125362
08.12.2025 03:00,8.36,5.59,74.7,,7.975,777.485,31.181,36.2,57.98,0,168.1404454607198
08.12.2025 04:00,8.36,12.89,74.7,,50.9225,1047.68,14.479,7.479999999999999,32.0,0,175.29422248297308
08.12.2025 05:00,8.36,28.655,74.7,,71.36,1229.15,139.634,-102.9,32.0,0,201.2759852122234
08.12.2025 06:00,8.56,64.3175,74.7,,81.05,997.265,42.258,25.6475,32.0,0,217.9039617486885
08.12.2025 07:00,8.72,82.84,74.7,,73.115,920.51,3.797,88.1325,32.0,0,247.0159373201937
08.12.2025 08:00,8.92,100.0,74.7,,74.9425,999.285,9.596,69.51,4.3,0,262.56360750345846
08.12.2025 09:00,8.92,98.3375,74.7,,71.6875,979.8975,99.891,47.105,4.3,0,262.5841214352797
08.12.2025 10:00,8.92,86.0375,74.7,,78.8475,844.3225,0.436,59.37,4.3,1,254.95038194337155
08.12.2025 11:00,8.92,79.99000000000001,74.7,,82.705,893.4475,0.486,59.515,4.3,1,246.07036777357692
08.12.2025 12:00,8.92,79.3475,74.7,,92.17,937.3825,0.197,72.68,4.47,1,263.18429069254256
08.12.2025 13:00,8.92,86.845,74.7,,96.6375,826.3675,1.153,90.12666666666668,4.47,1,278.1401272816523
08.12.2025 14:00,8.72,94.08,74.7,,92.875,1030.0625,136.449,22.275,4.47,1,290.28647395727364
08.12.2025 15:00,8.56,100.145,74.7,,91.9225,1135.4925,47.887,71.9825,4.47,1,297.1309947864051
08.12.2025 16:00,8.41,101.075,74.7,,86.1525,1170.085,163.743,23.5675,0.86,1,292.51777463747794
08.12.2025 17:00,8.41,109.85,74.7,,84.32000000000001,1055.6825,6.538,105.2025,0.86,1,294.77579291014604
08.12.2025 18:00,8.41,100.2625,74.7,,76.3275,784.0225,32.697,76.13749999999999,0.86,1,288.91107281229125
08.12.2025 19:00,8.41,96.635,74.7,,77.245,806.335,11.227,73.72749999999999,0.86,1,284.27420033135434
08.12.2025 20:00,8.41,89.345,74.7,,88.4425,812.6975,82.725,53.0575,3.83,0,283.700530819028
08.12.2025 21:00,8.41,83.5175,74.7,,81.3475,1006.79,0.089,99.85,3.83,0,287.4936825095641
08.12.2025 22:00,8.36,80.21,74.7,,75.6625,964.2725,21.581,66.9275,3.83,0,290.9417906244844
08.12.2025 23:00,8.36,73.2525,74.7,,73.7325,752.3975,3.273,73.28,3.83,0,275.1426803652505
09.12.2025 00:00,8.36,73.69749999999999,74.7,,78.83,674.7475,0.298,90.24,16.85,0,257.2997292990395
09.12.2025 01:00,8.36,72.785,74.7,,85.0,756.63,1.04,77.33,16.85,0,264.62763101982694
09.12.2025 02:00,8.36,73.7125,74.7,,79.82249999999999,760.5775,88.89099999999999,55.605,16.85,0,292.4767001330996
09.12.2025 03:00,8.36,74.845,74.7,,83.3775,729.1975,1.544,63.14,16.85,0,303.6311335201458
09.12.2025 04:00,8.36,73.72,74.7,,94.9225,881.235,18.556,48.0,10.28,0,314.8405886122462
09.12.2025 05:00,8.36,80.205,74.7,,105.7325,1160.075,23.316,76.90333333333334,10.28,0,342.140045656064
09.12.2025 06:00,8.56,98.8475,74.7,,123.0975,932.8025,2.255,75.42,10.28,0,371.2947161926923
09.12.2025 07:00,8.72,105.79,74.7,,114.1175,1075.0925,1.798,97.775,10.28,0,369.1920298291535
09.12.2025 08:00,8.92,129.75,74.7,,102.555,942.69,97.271,56.025000000000006,3.31,0,352.47024058048487
09.12.2025 09:00,8.92,111.335,74.7,,99.3325,980.165,68.84,62.74,3.31,0,340.75076688240927
09.12.2025 10:00,8.92,103.06,74.7,,90.1325,972.54,44.549,62.25,3.31,1,335.10624249890134
09.12.2025 11:00,8.92,103.34,74.7,,88.2375,955.69,112.861,53.51,3.31,1,328.37158446792125
09.12.2025 12:00,8.92,97.83,74.7,,108.425,1115.215,7.670999999999999,60.05,2.44,1,322.7057770866988
09.12.2025 13:00,8.92,101.1,74.7,,132.74,1331.37,3.213,70.11,2.44,1,334.4276161223701
09.12.2025 14:00,8.72,100.22,74.7,,142.36,1360.1175,9.424,76.03,2.44,1,355.8814314526722
09.12.2025 15:00,8.56,110.885,74.7,,141.16750000000002,1425.37,13.375,92.4675,2.44,1,361.72236231860967
09.12.2025 16:00,8.41,108.3,74.7,,126.7275,1416.715,89.751,86.345,0.65,1,358.31222024753583
09.12.2025 17:00,8.41,104.5675,74.7,,100.5525,735.19,63.224,103.3625,0.65,1,350.06436759215404
09.12.2025 18:00,8.41,96.91,74.7,,86.17750000000001,510.73,0.478,105.3,0.65,1,336.9129150925672
09.12.2025 19:00,8.41,85.1025,74.7,,70.6925,322.745,218.225,50.55,0.65,1,326.64639907921475
09.12.2025 20:00,8.41,83.67,74.7,,75.555,523.975,190.509,9.1175,4.25,0,302.28830898088563
09.12.2025 21:00,8.41,79.35499999999999,74.7,,48.2125,714.14,5.645,63.59333333333333,4.25,0,277.2621231987355
09.12.2025 22:00,8.36,73.3325,74.7,,19.115,936.2325,32.477000000000004,27.06,4.25,0,257.08587588417265
09.12.2025 23:00,8.36,55.42,74.7,,11.2275,857.5799999999999,156.078,-13.4425,4.25,0,233.8943286506676
10.12.2025 00:00,8.36,43.9,74.7,,6.8875,698.9225,69.554,-0.3550000000000004,21.02,0,227.1334116624092
10.12.2025 01:00,8.36,36.48,74.7,,5.6575,728.6600000000001,78.004,30.5075,21.02,0,216.62965438493947
10.12.2025 02:00,8.36,31.0,74.7,,13.0,794.39,12.661,29.49666666666667,21.02,0,216.7522125280044
10.12.2025 03:00,8.36,35.1125,74.7,,40.6325,833.0725,102.518,-9.96,21.02,0,221.87452677259
10.12.2025 04:00,8.36,48.09,74.7,,72.9325,1090.2,26.274,28.895000000000003,16.75,0,225.51816152587529
10.12.2025 05:00,8.36,69.65,74.7,,81.8925,984.7225,5.361,52.307500000000005,16.75,0,244.02556658225663
10.12.2025 06:00,8.56,79.12,74.7,,100.9125,920.79,0.556,46.4,16.75,0,276.8714075793621
10.12.2025 07:00,8.72,87.505,74.7,,106.9075,1122.13,0.0,,16.75,0,319.02909675699897
10.12.2025 08:00,8.92,94.3325,74.7,,110.71,1165.875,0.0,111.47,18.8,0,320.73571782444355
10.12.2025 09:00,8.92,94.225,74.7,,114.0,1289.62,1.017,110.73,18.8,0,316.7931457538573
10.12.2025 10:00,8.92,87.72749999999999,74.7,,114.965,1350.64,0.427,108.63,18.8,1,312.7943932051333
10.12.2025 11:00,8.92,80.9975,74.7,,117.115,1489.665,0.229,102.955,18.8,1,320.7455732819302
10.12.2025 12:00,8.92,79.5,74.7,,119.575,1173.395,3.276,97.905,17.74,1,334.2348675829743
10.12.2025 13:00,8.92,81.4425,74.7,,122.03,923.3675,0.007,107.62,17.74,1,341.23798056219886
10.12.2025 14:00,8.72,90.2225,74.7,,117.2475,680.09,3.5890000000000004,98.015,17.74,1,360.16035351670826
10.12.2025 15:00,8.56,100.665,74.7,,110.675,825.0325,9.739,83.67,17.74,1,365.7812825115043
10.12.2025 16:00,8.41,104.0025,74.7,,99.985,898.6675,40.692,85.2475,2.87,1,358.9346189670638
10.12.2025 17:00,8.41,105.6725,74.7,,89.5025,921.935,5.282,105.0375,2.87,1,347.01200706546456
10.12.2025 18:00,8.41,104.695,74.7,,79.4075,954.9275,4.032,85.355,2.87,1,337.47442166400265
10.12.2025 19:00,8.41,96.7725,74.7,,76.985,698.7525,0.01,105.185,2.87,1,328.2568354637183
10.12.2025 20:00,8.41,87.75,74.7,,75.975,595.485,58.732,66.295,3.25,0,309.44585927678514
10.12.2025 21:00,8.41,86.31,74.7,,73.875,618.76,0.651,74.33666666666666,3.25,0,295.36582791028303
10.12.2025 22:00,8.36,82.485,74.7,,70.145,667.24,80.46,42.67,3.25,0,291.7765854464301
10.12.2025 23:00,8.36,76.425,74.7,,67.1575,739.1775,37.682,63.8125,3.25,0,273.75650604386624
11.12.2025 00:00,8.36,73.975,74.7,,62.0775,702.605,100.173,53.895,13.4,0,274.7865039322391
11.12.2025 01:00,8.36,73.41749999999999,74.7,,59.8375,685.475,429.12,25.8,13.4,0,273.88079925527785
11.12.2025 02:00,8.36,72.515,74.7,,60.4075,811.6425,254.888,34.02,13.4,0,271.699265347458
11.12.2025 03:00,8.36,75.2075,74.7,,72.075,834.6975,2.696,64.65333333333334,13.4,0,280.4405677438148
11.12.2025 04:00,8.36,76.9125,74.7,,77.35,1011.9625,36.675,55.6775,9.1,0,288.749493981226
11.12.2025 05:00,8.36,80.5925,74.7,,89.4775,630.1675,36.07,69.125,9.1,0,307.1174894111401
11.12.2025 06:00,8.56,90.09,74.7,,95.44,803.0975000000001,65.08500000000001,60.705,9.1,0,337.9845537203937
11.12.2025 07:00,8.72,98.11,74.7,,85.85,1035.4975,11.745,61.11,9.1,0,367.544451172832
11.12.2025 08:00,8.92,110.3575,74.7,,79.255,905.43,82.321,57.51,6.72,0,374.2883797512456
11.12.2025 09:00,8.92,106.1675,74.7,,73.275,984.9725,125.384,58.78,6.72,0,353.2205582804178
11.12.2025 10:00,8.92,93.18,74.7,,68.495,1010.9925,183.438,20.4175,6.72,1,328.4640100075813
11.12.2025 11:00,8.92,91.9175,74.7,,63.75,1145.7175,293.135,-18.48,6.72,1,316.78882312772186
11.12.2025 12:00,8.92,89.4,74.7,,71.5625,1055.27,133.866,23.3475,6.0,1,316.04058735697527
11.12.2025 13:00,8.92,90.22,74.7,,92.65,1156.35,41.181,38.6325,6.0,1,324.49124114016166
11.12.2025 14:00,8.72,97.7875,74.7,,105.1075,1093.33,7.824999999999999,88.21333333333332,6.0,1,355.7058937396609
11.12.2025 15:00,8.56,111.265,74.7,,100.055,1100.2675,19.247,78.3375,6.0,1,401.4900115963536
11.12.2025 16:00,8.41,114.7,74.7,,90.3925,1024.9775,5.33,86.1075,1.06,1,410.79317708157646
11.12.2025 17:00,8.41,115.405,74.7,,87.5125,857.6899999999999,0.773,108.5075,1.06,1,402.5546149650002
11.12.2025 18:00,8.41,112.5675,74.7,,83.9825,715.3775,3.213,84.5375,1.06,1,394.4215164599477
11.12.2025 19:00,8.41,107.79,74.7,,83.7875,701.1524999999999,0.3,99.365,1.06,1,387.4410896638855
11.12.2025 20:00,8.41,103.6425,74.7,,86.8375,739.2475,2.558,94.89666666666666,2.21,0,393.8936005787622
11.12.2025 21:00,8.41,94.3925,74.7,,87.3075,850.9675,6.148,115.57666666666668,2.21,0,399.07577321093765
11.12.2025 22:00,8.36,93.585,74.7,,90.9075,676.5475,0.028,127.665,2.21,0,410.7795509824713
11.12.2025 23:00,8.36,93.735,74.7,,91.6775,570.4525,0.046,92.55333333333331,2.21,0,420.97296645726135
12.12.2025 00:00,8.36,83.78,74.7,,85.975,532.7925,0.272,93.8,8.49,0,432.3035546071847
12.12.2025 01:00,8.36,86.22,74.7,,90.2875,465.4475,0.361,85.59333333333332,8.49,0,444.7428198759243
12.12.2025 02:00,8.36,87.9,74.7,,96.7675,647.755,0.0,,8.49,0,461.2538263713416
12.12.2025 03:00,8.36,90.1825,74.7,,99.08,680.6875,5.798,55.76,8.49,0,487.3070952145331
12.12.2025 04:00,8.36,90.7075,74.7,,117.8375,926.0875,1.416,90.71333333333332,5.66,0,508.1346334738405
12.12.2025 05:00,8.36,92.2125,74.7,,128.345,956.935,13.486,82.79,5.66,0,524.0742961758151
12.12.2025 06:00,8.56,101.2275,74.7,,129.47,906.965,3.694,99.02,5.66,0,528.518149500486
12.12.2025 07:00,8.72,121.325,74.7,,125.6875,1086.7975,0.119,113.84,5.66,0,506.51528128245815
12.12.2025 08:00,8.92,130.8525,74.7,,122.525,988.5425,0.0,,3.9,0,485.036675676821
12.12.2025 09:00,8.92,126.9025,74.7,,114.985,675.3175,3.221,110.9525,3.9,0,475.0489783151909
12.12.2025 10:00,8.92,121.955,74.7,,109.0175,517.8825,0.516,103.29666666666668,3.9,1,473.4120573422364
12.12.2025 11:00,8.92,118.305,74.7,,117.4975,657.1325,0.009,104.65,3.9,1,477.53374505036095
12.12.2025 12:00,8.92,113.0675,74.7,,126.0525,874.865,0.009,,3.1,1,489.5363411107576
12.12.2025 13:00,8.92,118.26,74.7,,135.0525,1049.7725,10.260000000000002,101.38,3.1,1,508.5025850900327
12.12.2025 14:00,8.72,126.8225,74.7,,130.555,931.9525,9.624,113.3625,3.1,1,534.9450940452565
12.12.2025 15:00,8.56,131.9475,74.7,,127.6025,927.5675,0.447,115.98,3.1,1,530.9455327194615
12.12.2025 16:00,8.41,145.4875,74.7,,125.155,946.205,5.905,116.44,0.68,1,527.4017349010495
12.12.2025 17:00,8.41,146.825,74.7,,124.255,889.785,16.689,101.28,0.68,1,513.2866801545235
12.12.2025 18:00,8.41,133.1,74.7,,120.6625,689.0150000000001,3.342,107.6825,0.68,1,516.43505846675
12.12.2025 19:00,8.41,128.0575,74.7,,118.0025,831.59,3.813,98.58333333333331,0.68,1,528.564039876195
12.12.2025 20:00,8.41,117.0025,74.7,,109.385,853.4925,34.601,91.655,1.56,0,555.1014988550206
12.12.2025 21:00,8.41,114.93,74.7,,94.1575,647.815,9.992,90.39,1.56,0,561.8177701225044
12.12.2025 22:00,8.36,103.82,74.7,,93.145,507.94,4.262,79.33500000000001,1.56,0,553.2627282116682
12.12.2025 23:00,8.36,91.7525,74.7,,92.0675,502.2275,19.689,75.945,1.56,0,531.92457298238
13.12.2025 00:00,8.07,92.2825,74.7,,90.59,478.98,17.025,75.22666666666667,5.62,0,520.1305179971863
13.12.2025 01:00,8.07,90.5025,74.7,,87.32499999999999,437.2225,3.632,85.2375,5.62,0,493.33185024801656
13.12.2025 02:00,8.07,87.39,74.7,,82.97749999999999,504.4775,16.2,81.38499999999999,5.62,0,478.93121644168656
13.12.2025 03:00,8.07,87.0425,74.7,,85.51,457.43,0.072,88.38333333333333,5.62,0,460.2354309417416
13.12.2025 04:00,8.07,85.0,74.7,,81.445,724.1775,11.269,80.825,4.45,0,457.9754171623849
13.12.2025 05:00,8.07,84.66749999999999,74.7,,83.02250000000001,797.9525,4.696000000000001,86.47,4.45,0,450.6371204488938
13.12.2025 06:00,8.2,79.1425,74.7,,86.5975,723.205,9.567,78.05250000000001,4.45,0,434.5568150812067
13.12.2025 07:00,8.29,81.135,74.7,,102.2475,666.1324999999999,1.719,85.6225,4.45,0,432.5776512294231
13.12.2025 08:00,8.42,95.9525,74.7,,101.235,711.165,0.518,91.74,3.53,0,449.0056603302871
13.12.2025 09:00,8.42,106.77,74.7,,100.54,755.9025,4.737,86.72666666666667,3.53,0,453.01350335681127
13.12.2025 10:00,8.42,102.585,74.7,,94.8925,773.48,6.397,87.135,3.53,0,449.3072232003468
13.12.2025 11:00,8.42,98.0925,74.7,,91.6975,595.6475,0.108,92.6,3.53,0,440.01238463510526
13.12.2025 12:00,8.42,93.7575,74.7,,100.1675,702.7475,0.0,76.65,2.64,0,433.87003763703433
13.12.2025 13:00,8.42,92.935,74.7,,114.3725,818.035,0.602,81.285,2.64,0,438.55817636436495
13.12.2025 14:00,8.29,95.7575,74.7,,118.465,704.49,2.198,105.72,2.64,0,448.1169789356738
13.12.2025 15:00,8.2,114.6575,74.7,,119.8675,538.0825,1.121,129.345,2.64,0,452.3528272489671
13.12.2025 16:00,8.11,119.7075,74.7,,121.4475,694.0975000000001,0.694,126.22,0.61,0,444.6308613000915
13.12.2025 17:00,8.11,118.4475,74.7,,109.67,780.865,21.651,101.7125,0.61,0,435.812041779458
13.12.2025 18:00,8.11,112.255,74.7,,89.08250000000001,797.8725,53.846,74.3725,0.61,0,432.51520139793735
13.12.2025 19:00,8.11,103.63,74.7,,86.81,690.835,4.071,85.9025,0.61,0,440.5821170963118
13.12.2025 20:00,8.11,91.7075,74.7,,86.1825,676.2049999999999,21.415,76.655,1.84,0,428.2839989901747
13.12.2025 21:00,8.11,90.5575,74.7,,84.14750000000001,659.1800000000001,7.051,73.4325,1.84,0,410.3836961987984
13.12.2025 22:00,8.07,93.685,74.7,,80.7075,650.2774999999999,1.208,81.2775,1.84,0,393.8050950335044
13.12.2025 23:00,8.07,84.3875,74.7,,79.16,525.81,5.347,78.5275,1.84,0,386.91762025152326
14.12.2025 00:00,8.05,91.195,74.7,,77.9025,423.2875,19.939,73.315,5.0,0,368.4232631834
14.12.2025 01:00,8.05,90.5225,74.7,,77.575,410.625,4.45,84.2,5.0,0,356.795455192994
14.12.2025 02:00,8.05,81.9,74.7,,69.775,587.955,2.935,78.4975,5.0,0,347.02706390516187
14.12.2025 03:00,8.05,79.95,74.7,,67.975,654.085,0.2309999999999999,87.285,5.0,0,344.31118192887595
14.12.2025 04:00,8.05,77.305,74.7,,70.8475,555.105,0.067,90.0975,4.36,0,337.47288439571264
14.12.2025 05:00,8.05,78.7625,74.7,,69.9375,704.7075,15.176000000000002,67.4975,4.36,0,329.8118346596902
14.12.2025 06:00,8.18,77.175,74.7,,75.8775,620.8475000000001,3.725,84.4025,4.36,0,318.004557768187
14.12.2025 07:00,8.28,77.4725,74.7,,76.3475,672.015,1.084,86.21999999999998,4.36,0,324.2752791119606
14.12.2025 08:00,8.4,81.76,74.7,,76.605,758.3675000000001,1.587,78.96000000000001,3.52,0,326.86110261553046
14.12.2025 09:00,8.4,82.345,74.7,,76.50750000000001,662.7275,26.062,55.00333333333333,3.52,0,318.6676301554544
14.12.2025 10:00,8.4,80.005,74.7,,77.2125,718.635,20.521,53.595,3.52,0,308.2177560157594
14.12.2025 11:00,8.4,84.0775,74.7,,78.3775,676.7850000000001,5.399,57.52,3.52,0,304.37169709795967
14.12.2025 12:00,8.4,87.27250000000001,74.7,,89.5975,781.0799999999999,0.0,,2.67,0,301.2087257139606
14.12.2025 13:00,8.4,86.95750000000001,74.7,,97.7825,854.8825,2.134,80.84,2.67,0,309.1810460501541
14.12.2025 14:00,8.28,88.65,74.7,,100.105,818.215,23.306,74.645,2.67,0,326.2876868484702
14.12.2025 15:00,8.18,92.0975,74.7,,95.32,774.6525,1.046,111.945,2.67,0,346.8570610027357
14.12.2025 16:00,8.09,99.2825,74.7,,92.275,706.455,0.0,,0.69,0,340.2982872619846
14.12.2025 17:00,8.09,102.785,74.7,,92.9075,675.235,0.296,98.8975,0.69,0,326.637370131245
14.12.2025 18:00,8.09,103.2925,74.7,,89.77499999999999,814.8975,3.762,91.84333333333332,0.69,0,328.36588555585115
14.12.2025 19:00,8.09,92.99,74.7,,86.9025,814.0174999999999,3.3600000000000003,88.82,0.69,0,327.2415920020925
14.12.2025 20:00,8.09,90.3975,74.7,,82.56,783.235,42.686,68.53999999999999,2.86,0,315.8617402541766
14.12.2025 21:00,8.09,84.4025,74.7,,76.345,588.995,7.265,66.8775,2.86,0,311.7368221098235
14.12.2025 22:00,8.05,82.65,74.7,,80.1475,532.96,5.445,78.91666666666667,2.86,0,304.4047387879052
14.12.2025 23:00,8.05,75.75,74.7,,79.255,502.235,21.026,72.5125,2.86,0,290.93483002713583
15.12.2025 00:00,8.36,72.5,74.7,,77.06,511.8725,4.721,85.82333333333334,8.32,0,288.8005273834856
15.12.2025 01:00,8.36,71.8775,74.7,,73.9475,493.2725,8.925,87.41,8.32,0,284.7817571934352
15.12.2025 02:00,8.36,71.0375,74.7,,75.22,571.54,5.956,75.71,8.32,0,282.6158224739671
15.12.2025 03:00,8.36,70.6675,74.7,,76.9225,578.58,0.012,88.00999999999999,8.32,0,277.99345352276885
15.12.2025 04:00,8.36,75.28,74.7,,81.9525,864.8975,0.001,97.36,7.41,0,289.48588427826616
15.12.2025 05:00,8.36,76.8025,74.7,,97.75,858.9475,0.78,80.01666666666667,7.41,0,301.81833350674424
15.12.2025 06:00,8.56,86.525,74.7,,108.595,946.94,0.037,97.36,7.41,0,321.0436040930602
15.12.2025 07:00,8.72,98.79,74.7,,109.1625,1222.0125,0.129,92.94,7.41,0,353.45323362099435
15.12.2025 08:00,8.92,101.1275,74.7,,105.4075,1235.65,7.241999999999999,76.29499999999999,3.31,0,346.01093288883817
15.12.2025 09:00,8.92,96.65,74.7,,101.1975,1171.7075,0.032,96.915,3.31,0,338.65731022913513
15.12.2025 10:00,8.92,89.61500000000001,74.7,,98.34,1308.47,5.244,85.84666666666668,3.31,1,320.63426111682844
15.12.2025 11:00,8.92,79.7225,74.7,,100.0075,1114.0725,11.591,82.4925,3.31,1,309.5912762405975
15.12.2025 12:00,8.92,79.77,74.7,,113.7825,1273.6875,0.116,81.03,3.88,1,320.50171691199444
15.12.2025 13:00,8.92,88.26,74.7,,121.1625,1071.3925,0.0,108.97,3.88,1,340.7346673071055
15.12.2025 14:00,8.72,95.4375,74.7,,121.3175,1314.5725,0.0,,3.88,1,368.61912472629
15.12.2025 15:00,8.56,107.3,74.7,,118.37,1383.615,0.0,,3.88,1,380.0212950337328
15.12.2025 16:00,8.41,108.655,74.7,,118.43,1336.93,21.802,92.2425,0.59,1,371.18361650130623
15.12.2025 17:00,8.41,104.2125,74.7,,108.1175,1256.2375,215.76,54.6025,0.59,1,357.757954597796
15.12.2025 18:00,8.41,98.1575,74.7,,97.1,1033.0825,61.743,80.4,0.59,1,355.2939562598372
15.12.2025 19:00,8.41,90.4175,74.7,,92.22,810.09,89.404,65.4525,0.59,1,345.8432665599932
15.12.2025 20:00,8.41,84.25,74.7,,95.3575,730.01,44.451,69.32249999999999,2.09,0,337.1973378698708
15.12.2025 21:00,8.41,85.17,74.7,,93.5225,645.7525,158.373,36.4575,2.09,0,337.7865096370335
15.12.2025 22:00,8.36,84.9775,74.7,,92.21,749.1925,16.175,76.525,2.09,0,345.33626812091853
15.12.2025 23:00,8.36,80.4625,74.7,,94.585,696.0625,10.935,89.7775,2.09,0,350.4655333407911
16.12.2025 00:00,8.36,80.67,74.7,,91.1725,628.01,1.921,91.195,6.52,0,350.41004489812906
16.12.2025 01:00,8.36,79.05250000000001,74.7,,90.9975,616.9975,0.8340000000000001,91.83,6.52,0,355.466119437477
16.12.2025 02:00,8.36,77.0975,74.7,,90.8075,579.13,6.563,78.65,6.52,0,352.5146435558965
16.12.2025 03:00,8.36,79.0525,74.7,,94.6475,700.7175,0.1699999999999999,95.655,6.52,0,358.0875237592893
16.12.2025 04:00,8.36,80.3875,74.7,,98.005,1098.2375000000002,4.866,41.77,4.6,0,375.37653195941607
16.12.2025 05:00,8.36,82.3125,74.7,,122.9125,1348.695,58.346,56.825,4.6,0,390.6576217715498
16.12.2025 06:00,8.56,88.4,74.7,,131.2475,1216.925,3.489,97.22333333333334,4.6,0,410.2385242660077
16.12.2025 07:00,8.72,91.385,74.7,,124.9275,1205.175,0.0,,4.6,0,418.9700979221642
16.12.2025 08:00,8.92,100.4675,74.7,,126.96,1499.595,0.0,,2.65,0,423.0963263632806
16.12.2025 09:00,8.92,101.265,74.7,,121.55,1315.985,11.233,100.67,2.65,0,409.3959687160277
16.12.2025 10:00,8.92,92.345,74.7,,122.0,1245.4325,0.179,109.06,2.65,1,404.3405467801075
16.12.2025 11:00,8.92,90.6075,74.7,,133.3125,1339.6625,5.368,89.64500000000001,2.65,1,419.8097836802695
16.12.2025 12:00,8.92,91.5125,74.7,,143.095,1557.74,0.471,88.45,2.36,1,441.51502488702727
16.12.2025 13:00,8.92,99.885,74.7,,142.26,1322.7575,18.37,84.73333333333333,2.36,1,463.41099204641256
16.12.2025 14:00,8.72,124.3975,74.7,,139.86,1153.675,13.517,91.405,2.36,1,488.2883339424812
16.12.2025 15:00,8.56,139.3775,74.7,,137.495,1048.1175,2.91,107.5,2.36,1,503.9591990844515
16.12.2025 16:00,8.41,155.3125,74.7,,132.9675,987.3725,0.16,104.685,0.48,1,499.0759666921625
16.12.2025 17:00,8.41,162.20499999999998,74.7,,120.5475,1050.8775,3.653000000000001,95.74,0.48,1,476.07875449306255
16.12.2025 18:00,8.41,142.25,74.7,,120.03,915.3475,0.134,110.035,0.48,1,469.0253319159888
16.12.2025 19:00,8.41,137.0975,74.7,,110.375,748.94,1.93,102.345,0.48,1,493.1639989972885
16.12.2025 20:00,8.41,128.85,74.7,,98.8175,621.3075,0.578,92.10333333333334,1.4,0,507.2821444512003
16.12.2025 21:00,8.41,118.9425,74.7,,91.1375,643.415,5.376,88.955,1.4,0,535.142829886044
16.12.2025 22:00,8.36,115.575,74.7,,97.4025,562.2025,0.287,88.24000000000001,1.4,0,549.6588927036161
16.12.2025 23:00,8.36,103.42,74.7,,96.155,555.335,7.393,88.6325,1.4,0,548.9316485005905
17.12.2025 00:00,8.36,89.0025,74.7,,92.3025,611.5625,1.764,91.525,4.87,0,540.1535973283951
17.12.2025 01:00,8.36,89.79,74.7,,90.7475,571.4475,1.157,101.0225,4.87,0,531.1407020524583
17.12.2025 02:00,8.36,86.4925,74.7,,91.13,614.1775,4.368,90.5475,4.87,0,520.8490483953705
17.12.2025 03:00,8.36,85.025,74.7,,93.465,582.835,2.352,86.34,4.87,0,521.6605886327638
17.12.2025 04:00,8.36,88.0775,74.7,,115.2575,950.2225,3.241,83.7175,3.55,0,523.6533998880017
17.12.2025 05:00,8.36,90.4975,74.7,,128.6,1030.48,3.064,80.875,3.55,0,530.4763684180695
17.12.2025 06:00,8.56,95.4875,74.7,,137.2725,971.555,1.217,100.21,3.55,0,538.0189212576272
17.12.2025 07:00,8.72,108.825,74.7,,131.6225,1144.6625,0.129,121.90333333333332,3.55,0,512.9132635182109
17.12.2025 08:00,8.92,133.46,74.7,,126.625,1096.985,2.069,114.1575,2.06,0,485.89917814099215
17.12.2025 09:00,8.92,126.295,74.7,,121.7025,1266.6375,3.995,94.93,2.06,0,469.1178433585234
17.12.2025 10:00,8.92,124.535,74.7,,118.865,1217.48,1.2,105.9025,2.06,1,467.5488228198551
17.12.2025 11:00,8.92,118.15,74.7,,123.3625,995.1725,1.163,104.8075,2.06,1,467.2436203419411
17.12.2025 12:00,8.92,111.895,74.7,,124.9425,1019.5425,0.121,80.97,2.5,1,473.26072948235264
17.12.2025 13:00,8.92,122.6575,74.7,,129.8025,900.135,1.001,91.105,2.5,1,497.76442231253225
17.12.2025 14:00,8.72,129.97,74.7,,129.925,906.4175,0.7969999999999999,108.15666666666668,2.5,1,518.4627828310404
17.12.2025 15:00,8.56,127.5025,74.7,,120.395,984.91,0.048,118.465,2.5,1,520.4895590077514
17.12.2025 16:00,8.41,126.4975,74.7,,102.1675,905.8925,207.293,53.0225,0.47,1,497.19212582689926
17.12.2025 17:00,8.41,122.825,74.7,,103.3275,878.7175,2.9240000000000004,91.3125,0.47,1,474.5125187052935
17.12.2025 18:00,8.41,111.4,74.7,,99.235,883.78,9.886,83.6875,0.47,1,472.7063243002557
17.12.2025 19:00,8.41,97.505,74.7,,102.1775,861.73,2.482,89.975,0.47,1,452.9038215517783
17.12.2025 20:00,8.41,94.71,74.7,,102.3725,876.7475,5.436,75.5275,1.72,0,435.20373473780086
17.12.2025 21:00,8.41,94.7025,74.7,,86.10499999999999,745.565,2.479,92.3475,1.72,0,405.1119649471681
17.12.2025 22:00,8.36,93.2175,74.7,,87.515,696.755,3.043,71.3425,1.72,0,380.8846936060559
17.12.2025 23:00,8.36,85.0,74.7,,78.7025,674.6975,8.006,80.075,1.72,0,342.98187101088024
18.12.2025 00:00,8.36,77.755,74.7,,69.205,640.54,0.003,91.08,4.97,0,302.9526308570993
18.12.2025 01:00,8.36,69.065,74.7,,61.445,711.155,8.424,76.905,4.97,0,273.7094685041685
18.12.2025 02:00,8.36,60.1275,74.7,,42.08,621.2175,17.933999999999997,51.43,4.97,0,254.8805878414224
18.12.2025 03:00,8.36,48.89,74.7,,44.78,809.8075,29.12,32.675,4.97,0,248.42604950196693
18.12.2025 04:00,8.36,44.8175,74.7,,64.0625,941.1475,1.893,71.025,3.93,0,241.0353565363696
18.12.2025 05:00,8.36,50.8275,74.7,,79.47749999999999,862.5550000000001,33.259,62.102500000000006,3.93,0,238.35328799172945
18.12.2025 06:00,8.56,63.24250000000001,74.7,,88.0075,903.655,0.369,102.1025,3.93,0,240.18619531689475
18.12.2025 07:00,8.72,81.525,74.7,,79.89750000000001,1064.54,7.324,89.21000000000001,3.93,0,260.5614539088043
18.12.2025 08:00,8.92,90.7425,74.7,,65.3775,1139.0125,19.356,65.1025,2.63,0,254.2138034741742
18.12.2025 09:00,8.92,88.5575,74.7,,57.6175,1299.895,220.278,11.735,2.63,0,241.4630056014899
18.12.2025 10:00,8.92,78.2825,74.7,,55.63,1362.6525,315.588,8.850000000000001,2.63,1,227.25041308230067
18.12.2025 11:00,8.92,78.2875,74.7,,62.935,1254.42,56.37,21.98,2.63,1,217.5516560991565
18.12.2025 12:00,8.92,77.4225,74.7,,76.705,1279.4075,0.973,33.2975,2.37,1,212.73475542304487
18.12.2025 13:00,8.92,79.47749999999999,74.7,,85.375,1158.655,0.0,96.49,2.37,1,215.78255346801376
18.12.2025 14:00,8.72,103.755,74.7,,85.905,922.64,5.172,90.52333333333333,2.37,1,233.09047841735432
18.12.2025 15:00,8.56,114.4925,74.7,,77.775,1136.4175,58.603,41.4025,2.37,1,246.8966312502195
18.12.2025 16:00,8.41,110.8825,74.7,,65.49,1141.51,170.98899999999998,10.345,0.58,1,233.03374358822765
18.12.2025 17:00,8.41,103.4175,74.7,,59.49,1070.15,156.722,-2.4150000000000005,0.58,1,219.5582518270321
18.12.2025 18:00,8.41,88.255,74.7,,39.22,1038.985,140.31,5.215000000000001,0.58,1,215.50620327770136
18.12.2025 19:00,8.41,80.14,74.7,,24.875,1121.6425,34.128,21.13,0.58,1,205.4499666520272
18.12.2025 20:00,8.41,67.6825,74.7,,28.9275,1105.2925,46.21,1.5275,17.45,0,187.8786990668124
18.12.2025 21:00,8.41,53.255,74.7,,21.115,920.21,26.752,44.4725,17.45,0,174.49029238136183
18.12.2025 22:00,8.36,51.8,74.7,,9.14,806.1975,95.425,-38.9425,17.45,0,190.38935525932777
18.12.2025 23:00,8.36,18.6525,74.7,,2.2875,567.1325,23.564,-4.01,17.45,0,178.47731187857823
19.12.2025 00:00,8.36,9.84,74.7,,1.1775,611.835,16.722,17.84,43.66,0,182.61434854214616
19.12.2025 01:00,8.36,5.8575,74.7,,1.735,600.1225,44.18,19.9725,43.66,0,174.9955795303007
19.12.2025 02:00,8.36,4.33,74.7,,6.7625,639.21,28.222,-4.0025,43.66,0,173.42885451426153
19.12.2025 03:00,8.36,3.515,74.7,,11.4275,794.015,30.718,-10.0775,43.66,0,176.31704783417044
19.12.2025 04:00,8.36,4.115,74.7,,48.2125,1136.6925,1.594,66.40333333333332,31.68,0,185.6490854812767
19.12.2025 05:00,8.36,10.775,74.7,,88.61,1198.78,0.159,93.84333333333332,31.68,0,197.13110442140896
19.12.2025 06:00,8.56,40.28,74.7,,94.3525,1255.5825,22.462000000000003,54.525,31.68,0,208.3608440179047
19.12.2025 07:00,8.72,76.7125,74.7,,94.7275,1098.1174999999998,2.274,93.6925,31.68,0,238.7209756024899
19.12.2025 08:00,8.92,89.5425,74.7,,94.3025,1098.84,0.253,95.6825,2.25,0,265.3204360968045
19.12.2025 09:00,8.92,89.38499999999999,74.7,,92.0225,980.5725,23.855,77.875,2.25,0,268.5129620502309
19.12.2025 10:00,8.92,89.23,74.7,,87.18,864.51,13.723,88.64,2.25,1,262.03730819116174
19.12.2025 11:00,8.92,87.49000000000001,74.7,,84.8275,923.3525,40.924,68.5325,2.25,1,267.8800162568873
19.12.2025 12:00,8.92,84.57249999999999,74.7,,91.3175,1028.835,2.333,80.02000000000001,2.17,1,276.7930579358426
19.12.2025 13:00,8.92,87.625,74.7,,97.92,815.745,0.091,90.72666666666667,2.17,1,303.13584152823256
19.12.2025 14:00,8.72,93.3475,74.7,,103.385,773.6375,0.063,107.50666666666666,2.17,1,328.4656380033624
19.12.2025 15:00,8.56,97.4025,74.7,,113.615,961.405,3.722,92.51,2.17,1,344.7731040754088
19.12.2025 16:00,8.41,100.3325,74.7,,115.365,986.885,1.416,109.68333333333334,0.47,1,346.3412388619839
19.12.2025 17:00,8.41,106.905,74.7,,105.7475,905.16,16.645,102.985,0.47,1,337.554684454212
19.12.2025 18:00,8.41,107.48,74.7,,96.205,786.6725,22.659,83.7,0.47,1,347.09072448260315
19.12.2025 19:00,8.41,105.1225,74.7,,90.9275,597.985,20.422,82.095,0.47,1,353.3836500634032
19.12.2025 20:00,8.41,102.91,74.7,,91.065,733.0899999999999,0.78,100.475,4.78,0,357.7938298115301
19.12.2025 21:00,8.41,98.4625,74.7,,90.3725,513.6675,0.0,98.325,4.78,0,364.6152879554302
19.12.2025 22:00,8.36,96.2775,74.7,,92.1675,571.5550000000001,0.003,89.015,4.78,0,375.796352128463
19.12.2025 23:00,8.36,90.18,74.7,,90.815,570.285,0.853,81.13,4.78,0,382.9969709610072
20.12.2025 00:00,8.07,84.8125,74.7,,91.0325,604.3175,0.302,101.83,12.97,0,408.4889779077295
20.12.2025 01:00,8.07,83.4,74.7,,90.1025,609.0925,0.039,103.05333333333331,12.97,0,417.4364719404495
20.12.2025 02:00,8.07,85.0025,74.7,,88.8325,558.2025,4.239,96.82333333333334,12.97,0,428.6904577325936
20.12.2025 03:00,8.07,87.4875,74.7,,92.995,487.81,0.011,103.08,12.97,0,439.9244719474113
20.12.2025 04:00,8.07,88.46000000000001,74.7,,99.32,514.12,0.017,104.04,9.21,0,456.71654245585046
20.12.2025 05:00,8.07,89.915,74.7,,108.7525,637.49,0.088,99.95,9.21,0,484.064962555733
20.12.2025 06:00,8.2,95.975,74.7,,117.7725,653.2525,0.058,93.86,9.21,0,512.5848684901898
20.12.2025 07:00,8.29,104.0,74.7,,118.47,682.6875,0.094,110.98,9.21,0,532.455475201929
20.12.2025 08:00,8.42,113.2075,74.7,,114.655,684.11,2.344,96.00666666666666,1.87,0,534.0753134322848
20.12.2025 09:00,8.42,114.8,74.7,,111.705,639.0525,7.186,103.7325,1.87,0,501.0778794018123
20.12.2025 10:00,8.42,112.6675,74.7,,103.9625,744.6600000000001,14.641,101.7975,1.87,0,481.3559032874745
20.12.2025 11:00,8.42,110.9875,74.7,,103.9625,782.405,0.003,,1.87,0,467.3784835463558
20.12.2025 12:00,8.42,110.2675,74.7,,111.7625,653.475,0.0,,1.8,0,470.63584276637744
20.12.2025 13:00,8.42,114.9825,74.7,,121.9,877.78,0.0,,1.8,0,490.54117068798297
20.12.2025 14:00,8.29,119.4825,74.7,,126.9375,882.8050000000001,0.018,127.8,1.8,0,510.337585478004
20.12.2025 15:00,8.2,120.6375,74.7,,129.9775,923.1425,0.004,,1.8,0,512.4022674443954
20.12.2025 16:00,8.11,120.205,74.7,,128.6275,979.06,0.0,,0.47,0,498.5042233985448
20.12.2025 17:00,8.11,122.3925,74.7,,122.5925,1055.2025,0.015,,0.47,0,476.6973168389061
20.12.2025 18:00,8.11,118.265,74.7,,111.945,855.6275,29.745,84.7975,0.47,0,466.5182386857895
20.12.2025 19:00,8.11,104.11,74.7,,103.035,624.09,27.287,82.2775,0.47,0,468.4638938655209
20.12.2025 20:00,8.11,96.3825,74.7,,99.05,702.955,6.155,79.67500000000001,2.6,0,479.10858907556326
20.12.2025 21:00,8.11,93.01,74.7,,96.1275,733.2225000000001,0.322,96.965,2.6,0,477.9101683199973
20.12.2025 22:00,8.07,92.245,74.7,,89.8575,420.9975,0.136,83.57,2.6,0,468.373966278996
20.12.2025 23:00,8.07,90.6725,74.7,,91.105,414.9175,4.599,102.39,2.6,0,448.3506974786768
21.12.2025 00:00,8.05,95.7,74.7,,87.80250000000001,366.3875,3.821,97.16,6.66,0,430.4821402136061
21.12.2025 01:00,8.05,90.045,74.7,,87.8125,335.345,33.512,85.535,6.66,0,416.9228286945662
21.12.2025 02:00,8.05,86.485,74.7,,92.71,330.9125,35.18,79.02,6.66,0,408.3241396228607
21.12.2025 03:00,8.05,85.39500000000001,74.7,,86.1325,429.16,42.423,74.33500000000001,6.66,0,401.6269377388131
21.12.2025 04:00,8.05,85.6275,74.7,,91.2275,480.565,3.423,80.9725,4.82,0,399.3194027739084
21.12.2025 05:00,8.05,86.825,74.7,,91.4125,536.505,2.54,86.72666666666667,4.82,0,397.54033057509344
21.12.2025 06:00,8.18,88.14,74.7,,100.695,611.5175,0.001,106.02,4.82,0,391.85368042042165
21.12.2025 07:00,8.28,92.8525,74.7,,98.8175,740.38,28.886,84.405,4.82,0,398.2220576938341
21.12.2025 08:00,8.4,102.1475,74.7,,91.0725,802.7725,18.902,83.83500000000001,2.1,0,390.9453172642717
21.12.2025 09:00,8.4,107.01,74.7,,82.45,924.7875,68.195,74.78999999999999,2.1,0,367.5666496980041
21.12.2025 10:00,8.4,102.5825,74.7,,82.8325,933.235,15.723,74.5275,2.1,0,335.3544039792995
21.12.2025 11:00,8.4,101.3,74.7,,84.6525,883.2875,14.007,73.47666666666667,2.1,0,314.1139638194592
21.12.2025 12:00,8.4,98.4825,74.7,,88.535,828.415,37.317,70.2875,2.07,0,310.1968318650375
21.12.2025 13:00,8.4,94.8675,74.7,,92.58,688.9775,12.658,64.63,2.07,0,313.5251470327393
21.12.2025 14:00,8.28,98.8925,74.7,,98.6675,693.285,0.0,90.09,2.07,0,331.5389245998873
21.12.2025 15:00,8.18,100.87,74.7,,98.575,665.6225,0.379,96.165,2.07,0,346.9063046619264
21.12.2025 16:00,8.09,97.515,74.7,,93.605,608.2225,43.76,70.075,0.69,0,340.02696570621583
21.12.2025 17:00,8.09,97.0675,74.7,,86.6475,793.4525000000001,71.098,54.2025,0.69,0,322.45848117694254
21.12.2025 18:00,8.09,90.795,74.7,,79.6425,780.4975,134.993,35.370000000000005,0.69,0,301.7736165015294
21.12.2025 19:00,8.09,86.14,74.7,,75.445,754.4975000000001,34.487,66.6425,0.69,0,270.2781945456616
21.12.2025 20:00,8.09,81.655,74.7,,81.995,752.7975,3.822,84.275,4.34,0,245.13594467056083
21.12.2025 21:00,8.09,78.8625,74.7,,76.5825,681.435,0.0549999999999999,81.65666666666667,4.34,0,227.04218386230824
21.12.2025 22:00,8.05,77.495,74.7,,63.8925,718.9549999999999,3.565,55.20333333333334,4.34,0,225.15309017333072
21.12.2025 23:00,8.05,70.905,74.7,,64.2325,613.9,77.774,53.072500000000005,4.34,0,227.33872455074567
22.12.2025 00:00,8.36,70.22749999999999,74.7,,63.44,593.81,1.55,86.17333333333333,12.56,0,225.0373232294568
22.12.2025 01:00,8.36,68.8275,74.7,,70.4375,671.03,91.121,46.845,12.56,0,226.1985475232222
22.12.2025 02:00,8.36,67.785,74.7,,71.60249999999999,604.7425000000001,36.312,62.8325,12.56,0,229.97160614791235
22.12.2025 03:00,8.36,66.31,74.7,,63.655,721.3675,101.028,-4.709999999999999,12.56,0,231.3255644737518
22.12.2025 04:00,8.36,71.5175,74.7,,70.5725,970.405,30.239,41.175,12.79,0,234.75216646947135
22.12.2025 05:00,8.36,74.1125,74.7,,79.77250000000001,717.17,54.9,-2.929999999999998,12.79,0,240.01461558594548
22.12.2025 06:00,8.56,78.1875,74.7,,79.1175,592.1675,282.442,-53.77250000000001,12.79,0,253.59956626597767
22.12.2025 07:00,8.72,90.4475,74.7,,86.19,497.74,0.037,90.46,12.79,0,281.71195660333905
22.12.2025 08:00,8.92,93.3425,74.7,,98.515,592.89,0.0,,1.75,0,292.2607894476361
22.12.2025 09:00,8.92,90.7925,74.7,,100.42,758.3575000000001,0.0,67.34,1.75,0,285.40681294923826
22.12.2025 10:00,8.92,89.2475,74.7,,105.735,693.5450000000001,0.0,,1.75,1,286.82662932748184
22.12.2025 11:00,8.92,85.0,74.7,,108.1525,751.3225,0.0,100.87666666666668,1.75,1,289.13935703809994
22.12.2025 12:00,8.92,86.34,74.7,,109.025,838.7175,7.314999999999999,93.50333333333332,1.66,1,291.24473259393415
22.12.2025 13:00,8.92,88.615,74.7,,103.1975,883.5975,34.32,93.6875,1.66,1,294.98954281247165
22.12.2025 14:00,8.72,92.1225,74.7,,97.68,830.0025,0.144,104.88,1.66,1,298.9697817901413
22.12.2025 15:00,8.56,99.5375,74.7,,103.9325,761.99,0.004,123.03,1.66,1,298.5054256574836
22.12.2025 16:00,8.41,101.18,74.7,,106.0875,837.0975000000001,5.01,101.78,0.56,1,296.427065286148
22.12.2025 17:00,8.41,107.8925,74.7,,102.2475,904.7025,18.179,93.51333333333332,0.56,1,292.0698902597728
22.12.2025 18:00,8.41,100.9,74.7,,95.1025,955.635,59.074,82.5425,0.56,1,304.8863300915476
22.12.2025 19:00,8.41,93.79,74.7,,89.39,921.69,3.3600000000000003,92.42,0.56,1,310.84502418723906
22.12.2025 20:00,8.41,89.47749999999999,74.7,,87.7575,976.855,58.739,78.2075,2.21,0,317.25494745917047
22.12.2025 21:00,8.41,84.86,74.7,,81.2925,792.09,20.766,80.22,2.21,0,318.10953735845567
22.12.2025 22:00,8.36,84.8225,74.7,,78.8125,680.135,52.229,69.3175,2.21,0,314.3412957002646
22.12.2025 23:00,8.36,77.9675,74.7,,77.225,714.0225,15.139,83.0375,2.21,0,290.9994229423829
23.12.2025 00:00,8.36,72.2325,74.7,,64.0275,741.9725000000001,280.695,-4.014999999999999,6.85,0,261.45850687625483
23.12.2025 01:00,8.36,65.0325,74.7,,58.78,765.2425000000001,26.166,48.28333333333333,6.85,0,242.82107543676412
23.12.2025 02:00,8.36,62.005,74.7,,51.72,751.5025,27.796,43.905,6.85,0,236.51605747862695
23.12.2025 03:00,8.36,59.06,74.7,,56.615,684.2049999999999,23.152,36.65,6.85,0,233.0027536178995
23.12.2025 04:00,8.36,58.1125,74.7,,63.8625,778.1475,0.659,84.185,6.07,0,229.99393399186363
23.12.2025 05:00,8.36,59.0225,74.7,,71.39750000000001,864.0725,208.94,-48.35,6.07,0,233.2533280327369
23.12.2025 06:00,8.56,67.8475,74.7,,73.0375,931.765,109.359,-14.915,6.07,0,237.60576831214863
23.12.2025 07:00,8.72,78.0175,74.7,,79.755,964.055,0.009,102.405,6.07,0,249.3553251916918
23.12.2025 08:00,8.92,83.875,74.7,,89.6725,1312.8775,0.0,,1.6,0,253.04468370608657
23.12.2025 09:00,8.92,85.465,74.7,,98.6025,1387.455,0.275,88.59,1.6,0,248.72690581022505
23.12.2025 10:00,8.92,83.8375,74.7,,107.6225,1246.155,0.0,,1.6,1,253.5426380715209
23.12.2025 11:00,8.92,81.86749999999999,74.7,,103.8475,1271.455,1.257,119.71,1.6,1,256.815565779299
23.12.2025 12:00,8.92,80.485,74.7,,99.065,1294.595,5.762,90.6,2.1,1,256.1625778123676
23.12.2025 13:00,8.92,79.2125,74.7,,90.74,1151.105,0.003,157.78,2.1,1,248.439857869098
23.12.2025 14:00,8.72,79.215,74.7,,88.4575,841.0825,52.854,92.1725,2.1,1,248.5332399124823
23.12.2025 15:00,8.56,81.8275,74.7,,93.115,1039.365,16.716,97.665,2.1,1,245.28407813275663
23.12.2025 16:00,8.41,83.6875,74.7,,93.3475,934.7625,0.355,126.19,0.87,1,235.31722065130583
23.12.2025 17:00,8.41,82.4675,74.7,,89.3675,973.26,43.919,86.56,0.87,1,232.52596404611788
23.12.2025 18:00,8.41,83.945,74.7,,83.44,1014.78,44.488,83.6075,0.87,1,232.5291411474
23.12.2025 19:00,8.41,82.465,74.7,,74.3275,833.165,0.002,95.71,0.87,1,230.5761496028496
23.12.2025 20:00,8.41,78.005,74.7,,76.715,711.2225,30.177,70.8,2.4,0,214.59943501426795
23.12.2025 21:00,8.41,69.93,74.7,,64.38,640.4725,125.601,47.0475,2.4,0,207.55490979092377
23.12.2025 22:00,8.36,71.83500000000001,74.7,,52.5525,852.5725,92.282,40.485,2.4,0,207.6153332096428
23.12.2025 23:00,8.36,64.0925,74.7,,48.400000000000006,923.415,39.631,58.135000000000005,2.4,0,201.1350023802343
24.12.2025 00:00,8.36,60.2475,74.7,,45.5025,907.7325,5.83,66.635,12.0,0,191.4639875882126
24.12.2025 01:00,8.36,55.8625,74.7,,43.54,895.3275000000001,211.348,33.2675,12.0,0,183.92250904724608
24.12.2025 02:00,8.36,56.8,74.7,,51.0,593.585,31.782,52.4,12.0,0,184.0715465896045
24.12.2025 03:00,8.36,55.84,74.7,,48.4725,860.05,2.03,62.04666666666666,12.0,0,185.74955698655327
24.12.2025 04:00,8.36,55.8475,74.7,,41.6975,1236.7175,1.168,85.13499999999999,9.85,0,186.40405887922333
24.12.2025 05:00,8.36,55.85,74.7,,52.0225,1272.295,0.003,70.2575,9.85,0,188.9698023853334
24.12.2025 06:00,8.56,57.215,74.7,,64.5175,1066.5625,30.516,56.7125,9.85,0,190.63322832092763
24.12.2025 07:00,8.72,67.44500000000001,74.7,,66.72749999999999,1015.93,0.0,104.18,9.85,0,203.269748113741
24.12.2025 08:00,8.92,81.0,74.7,,63.432500000000005,1230.0875,0.0,87.24,3.12,0,203.6335656820708
24.12.2025 09:00,8.92,82.47,74.7,,54.53,1386.3175,46.495,79.97,3.12,0,195.49752200113005
24.12.2025 10:00,8.92,76.02250000000001,74.7,,51.905,1352.665,92.908,69.5375,3.12,1,191.17813904157947
24.12.2025 11:00,8.92,69.2875,74.7,,45.2025,1412.06,2.342,63.995000000000005,3.12,1,186.28424242214453
24.12.2025 12:00,8.92,68.5125,74.7,,47.105,1510.915,0.725,77.10666666666667,4.24,1,182.20804420426123
24.12.2025 13:00,8.92,67.9875,74.7,,63.900000000000006,1211.4425,0.0,,4.24,1,183.32302084380865
24.12.2025 14:00,8.72,73.7575,74.7,,76.78999999999999,990.735,0.0,,4.24,1,190.4839522568053
24.12.2025 15:00,8.56,83.0525,74.7,,79.525,1076.91,15.951,93.475,4.24,1,196.0798932438732
24.12.2025 16:00,8.41,87.9,74.7,,65.1325,1087.41,32.617999999999995,89.905,2.22,1,194.36919749755765
24.12.2025 17:00,8.41,89.1325,74.7,,51.5525,1147.235,107.108,58.4675,2.22,1,190.2145575576664
24.12.2025 18:00,8.41,78.9075,74.7,,45.8325,1266.6075,46.54900000000001,75.1175,2.22,1,193.2426326288823
24.12.2025 19:00,8.41,71.77250000000001,74.7,,45.4625,1073.3025,87.069,32.435,2.22,1,194.78295791951015
24.12.2025 20:00,8.41,68.1575,74.7,,55.1,898.59,14.505,46.77333333333333,3.1,0,194.293979103574
24.12.2025 21:00,8.41,67.9875,74.7,,60.1375,816.2675,0.0,,3.1,0,194.96179935797352
24.12.2025 22:00,8.36,69.0075,74.7,,64.015,785.8525,0.0,95.42,3.1,0,204.4484831416221
24.12.2025 23:00,8.36,65.1625,74.7,,69.9225,873.265,0.0,,3.1,0,205.20660523788095
25.12.2025 00:00,8.36,63.22,74.7,,71.55,871.73,0.0,,10.15,0,210.85767175762092
25.12.2025 01:00,8.36,58.4425,74.7,,64.465,780.66,0.0,88.0,10.15,0,214.57494238617528
25.12.2025 02:00,8.36,56.8575,74.7,,61.5775,843.01,0.0,,10.15,0,220.52396885695973
25.12.2025 03:00,8.36,55.845,74.7,,61.995,960.5175,0.0,,10.15,0,221.61651780180028
25.12.2025 04:00,8.36,54.53,74.7,,70.41,929.23,0.0,,8.12,0,224.1384300968444
25.12.2025 05:00,8.36,52.605,74.7,,79.1575,1044.955,0.0,89.21000000000001,8.12,0,226.7739788698674
25.12.2025 06:00,8.56,49.165,74.7,,88.8675,1170.72,0.226,86.72666666666667,8.12,0,225.765581149272
25.12.2025 07:00,8.72,54.0275,74.7,,97.155,1582.645,0.0,,8.12,0,233.8763087504063
25.12.2025 08:00,8.92,64.205,74.7,,95.615,1439.3725,0.0,,3.99,0,247.72086554156687
25.12.2025 09:00,8.92,64.7075,74.7,,90.6525,1454.0525,5.935,86.75,3.99,0,244.92687908771552
25.12.2025 10:00,8.92,53.765,74.7,,83.2675,1452.9775,62.583,82.35249999999999,3.99,1,252.04475296250925
25.12.2025 11:00,8.92,48.9825,74.7,,77.7825,1363.6225,7.439,82.795,3.99,1,244.2211348617533
25.12.2025 12:00,8.92,48.4875,74.7,,90.7125,1399.235,0.912,80.79,6.14,1,235.7521764794752
25.12.2025 13:00,8.92,47.865,74.7,,108.96,1446.2525,0.0,99.38,6.14,1,245.3248914726323
25.12.2025 14:00,8.72,68.5475,74.7,,119.105,1298.885,6.687,106.71,6.14,1,284.2795107387976
25.12.2025 15:00,8.56,89.41499999999999,74.7,,113.155,1274.43,7.616999999999999,118.655,6.14,1,343.77970764586155
25.12.2025 16:00,8.41,92.235,74.7,,110.1875,1134.065,28.3,94.185,1.78,1,345.5457583329218
25.12.2025 17:00,8.41,94.005,74.7,,105.1075,858.2975,27.785,98.49,1.78,1,338.28680098128393
25.12.2025 18:00,8.41,94.055,74.7,,103.6025,781.155,11.147,101.77333333333333,1.78,1,337.3241239012027
25.12.2025 19:00,8.41,91.715,74.7,,99.9375,711.9225,3.681,100.29,1.78,1,339.5341141417336
25.12.2025 20:00,8.41,91.0325,74.7,,108.24,814.085,0.013,101.00666666666666,2.06,0,353.8084069663305
25.12.2025 21:00,8.41,92.7,74.7,,99.3125,664.31,0.656,100.69,2.06,0,365.8770611596789
25.12.2025 22:00,8.36,96.1525,74.7,,96.9175,631.8225,0.248,91.52,2.06,0,380.2855032165729
25.12.2025 23:00,8.36,91.47,74.7,,92.825,670.2775,66.3,80.465,2.06,0,391.8793903463122
26.12.2025 00:00,8.36,97.1,74.7,,87.9675,493.7275,4.218,93.12333333333332,6.16,0,398.0440136055621
26.12.2025 01:00,8.36,91.0525,74.7,,86.4375,509.51,0.305,,6.16,0,400.2424297049873
26.12.2025 02:00,8.36,85.8175,74.7,,85.7725,500.1675,0.004,95.16,6.16,0,403.7091664869557
26.12.2025 03:00,8.36,83.05250000000001,74.7,,83.4525,523.0475,0.486,89.69,6.16,0,408.4450872474841
26.12.2025 04:00,8.36,82.3925,74.7,,85.74000000000001,589.495,0.488,87.18,5.43,0,407.5836197374662
26.12.2025 05:00,8.36,82.83500000000001,74.7,,91.245,724.46,0.0,,5.43,0,401.9095331641974
26.12.2025 06:00,8.56,85.02,74.7,,105.7625,741.1775,0.0,,5.43,0,401.82188157389686
26.12.2025 07:00,8.72,93.115,74.7,,104.1175,959.8825,0.474,99.62,5.43,0,414.63145578333393
26.12.2025 08:00,8.92,98.9,74.7,,96.095,1068.5525,0.19,99.14,2.54,0,416.0123257394495
26.12.2025 09:00,8.92,96.73,74.7,,90.635,1212.8675,38.359,79.53999999999999,2.54,0,393.6393314807887
26.12.2025 10:00,8.92,89.25,74.7,,85.965,1114.13,39.163,84.205,2.54,1,351.06746404063205
26.12.2025 11:00,8.92,84.9925,74.7,,83.9825,1048.8025,47.941,81.51,2.54,1,322.82174734083344
26.12.2025 12:00,8.92,82.3125,74.7,,99.98,1280.7575,6.37,86.41,3.28,1,328.3968164722959
26.12.2025 13:00,8.92,83.0975,74.7,,112.715,1110.605,37.691,80.1125,3.28,1,353.3646463770094
26.12.2025 14:00,8.72,92.7,74.7,,113.4625,915.7425,2.069,92.60666666666668,3.28,1,410.92989670969007
26.12.2025 15:00,8.56,109.1425,74.7,,115.73,746.965,0.0,,3.28,1,460.4309264989828
26.12.2025 16:00,8.41,116.7725,74.7,,117.375,815.7175,14.297,100.18,1.05,1,460.79605691918016
26.12.2025 17:00,8.41,120.47,74.7,,116.8575,869.7225,0.0,,1.05,1,426.5807168264773
26.12.2025 18:00,8.41,116.9725,74.7,,114.135,734.385,2.612,118.23666666666666,1.05,1,420.63387229554536
26.12.2025 19:00,8.41,116.2625,74.7,,110.7475,646.7075,11.55,100.7475,1.05,1,426.41464743013614
26.12.2025 20:00,8.41,113.725,74.7,,107.705,726.265,3.495,98.42,1.64,0,441.7084661441331
26.12.2025 21:00,8.41,111.5,74.7,,94.6625,657.0375,0.195,98.30333333333331,1.64,0,456.61067573901136
26.12.2025 22:00,8.36,108.255,74.7,,90.6225,672.7975,2.454,97.005,1.64,0,463.8064309873885
26.12.2025 23:00,8.36,99.3675,74.7,,85.17,591.4675,6.215999999999999,92.6075,1.64,0,458.5354651811535
27.12.2025 00:00,8.07,96.69,74.7,,80.3925,461.5425,70.026,75.82249999999999,4.75,0,448.19119247572667
27.12.2025 01:00,8.07,91.725,74.7,,78.9875,467.035,23.373,83.39750000000001,4.75,0,435.36572841339046
27.12.2025 02:00,8.07,84.7075,74.7,,77.655,446.8975,0.064,87.905,4.75,0,431.3070878227185
27.12.2025 03:00,8.07,82.7175,74.7,,80.06,537.33,1.625,86.325,4.75,0,418.28896329342297
27.12.2025 04:00,8.07,83.9975,74.7,,77.8625,684.2725,12.101,81.2225,4.16,0,412.4567073211994
27.12.2025 05:00,8.07,83.17,74.7,,80.8875,703.49,79.09200000000001,71.3,4.16,0,405.0158671680224
27.12.2025 06:00,8.2,88.015,74.7,,84.19,770.99,25.626,81.8575,4.16,0,403.3675799898031
27.12.2025 07:00,8.29,99.505,74.7,,82.28,1197.52,88.525,69.98,4.16,0,397.8169722068983
27.12.2025 08:00,8.42,102.32,74.7,,78.91,1102.8625000000002,13.876,83.95,3.03,0,369.2199311713296
27.12.2025 09:00,8.42,93.81,74.7,,74.28999999999999,1035.0225,82.52900000000001,49.193333333333335,3.03,0,336.3307916224246
27.12.2025 10:00,8.42,80.0325,74.7,,61.2825,1277.25,158.35,38.545,3.03,0,301.64438286417214
27.12.2025 11:00,8.42,75.395,74.7,,55.315,1441.28,194.868,15.645,3.03,0,273.42205478986693
27.12.2025 12:00,8.42,74.54,74.7,,64.5525,1515.4825,128.39,42.4825,7.22,0,264.6735111451666
27.12.2025 13:00,8.42,76.7375,74.7,,85.92750000000001,1327.83,19.977,49.72666666666667,7.22,0,272.2944746862694
27.12.2025 14:00,8.29,81.19999999999999,74.7,,98.15,1067.3875,10.144,36.86,7.22,0,297.31128267951084
27.12.2025 15:00,8.2,94.5425,74.7,,105.1,993.5775,8.126000000000001,84.98666666666666,7.22,0,328.83213807404405
27.12.2025 16:00,8.11,103.0075,74.7,,105.2425,977.01,23.709,102.715,0.99,0,342.9181200290781
27.12.2025 17:00,8.11,105.925,74.7,,99.1325,982.355,57.332,85.6175,0.99,0,325.67180364804665
27.12.2025 18:00,8.11,108.4275,74.7,,88.8625,1212.6875,15.883,84.97666666666667,0.99,0,327.63571133604546
27.12.2025 19:00,8.11,105.0,74.7,,83.8,944.6475,3.662,102.37666666666668,0.99,0,331.8255061636213
27.12.2025 20:00,8.11,102.5875,74.7,,88.5675,778.21,0.528,105.6775,1.39,0,342.9530990854769
27.12.2025 21:00,8.11,93.895,74.7,,83.1225,600.9025,13.591,77.53,1.39,0,348.97329794378703
27.12.2025 22:00,8.07,95.4175,74.7,,78.82,567.22,0.861,89.9825,1.39,0,372.4924279351633
27.12.2025 23:00,8.07,91.295,74.7,,79.87,584.3299999999999,39.128,68.5125,1.39,0,375.9270739026921
28.12.2025 00:00,8.05,84.33500000000001,74.7,,76.9375,501.095,2.276,87.02,4.4,0,365.6523893270152
28.12.2025 01:00,8.05,83.37,74.7,,75.235,549.71,20.766,73.8875,4.4,0,371.32462657103537
28.12.2025 02:00,8.05,79.96000000000001,74.7,,78.775,562.7725,2.376,94.5,4.4,0,376.4079331501404
28.12.2025 03:00,8.05,78.8175,74.7,,83.7975,489.3025,0.0,99.5,4.4,0,389.2560728679344
28.12.2025 04:00,8.05,80.4475,74.7,,84.445,645.8299999999999,0.01,93.535,3.69,0,412.6933397478453
28.12.2025 05:00,8.05,83.61,74.7,,100.05,739.7925,0.0,,3.69,0,430.2296585299305
28.12.2025 06:00,8.18,86.47749999999999,74.7,,109.1975,778.41,0.249,101.63,3.69,0,447.5545118717778
28.12.2025 07:00,8.28,92.15,74.7,,105.6325,877.58,0.009,102.67,3.69,0,478.5821829570618
28.12.2025 08:00,8.4,97.3625,74.7,,95.6225,1144.8175,88.281,55.47666666666667,2.22,0,485.6824301009675
28.12.2025 09:00,8.4,96.565,74.7,,84.2025,1140.9875,152.424,50.1125,2.22,0,448.2569924863481
28.12.2025 10:00,8.4,88.2125,74.7,,76.395,1176.28,69.393,62.73,2.22,0,396.3835895608403
28.12.2025 11:00,8.4,88.3675,74.7,,77.0425,1202.9325,2.463,82.66666666666667,2.22,0,345.3652403651913
28.12.2025 12:00,8.4,80.0225,74.7,,88.995,1051.855,9.162,94.03666666666668,3.18,0,330.3199424235626
28.12.2025 13:00,8.4,80.025,74.7,,104.79,1244.705,6.939,64.8125,3.18,0,339.5361595964731
28.12.2025 14:00,8.28,86.6775,74.7,,110.2825,1221.5275,0.549,75.11,3.18,0,380.50696174716114
28.12.2025 15:00,8.18,100.87,74.7,,113.7,1177.42,0.006,,3.18,0,427.8983371855943
28.12.2025 16:00,8.09,110.8825,74.7,,110.4625,1073.73,0.016,,0.78,0,413.2256053308221
28.12.2025 17:00,8.09,113.7025,74.7,,102.43,1085.6175,5.023,104.66,0.78,0,380.9694261688187
28.12.2025 18:00,8.09,114.455,74.7,,99.065,918.2975,0.0,104.84333333333332,0.78,0,374.6933560645997
28.12.2025 19:00,8.09,109.3325,74.7,,94.38,946.2875,0.0,111.365,0.78,0,366.8138200778554
28.12.2025 20:00,8.09,105.01,74.7,,93.8925,771.0725,15.985,86.20333333333333,1.57,0,367.0127175512247
28.12.2025 21:00,8.09,99.0275,74.7,,84.0875,761.6175000000001,21.418,85.1575,1.57,0,373.35762610230086
28.12.2025 22:00,8.05,98.2825,74.7,,70.7925,919.11,0.398,87.41,1.57,0,373.84880871165575
28.12.2025 23:00,8.05,88.44,74.7,,69.085,785.135,0.026,90.89333333333332,1.57,0,352.4849538228507
29.12.2025 00:00,8.36,89.88,74.7,,67.41749999999999,872.225,1.932,83.725,4.88,0,325.6560187726593
29.12.2025 01:00,8.36,84.98249999999999,74.7,,65.7975,983.1925,1.848,80.28,4.88,0,316.17257852720775
29.12.2025 02:00,8.36,84.1825,74.7,,68.47,821.1325,0.051,106.7825,4.88,0,314.22840056638285
29.12.2025 03:00,8.36,82.19,74.7,,73.2875,730.94,4.07,89.1975,4.88,0,311.93672300800233
29.12.2025 04:00,8.36,83.6225,74.7,,79.575,853.115,3.256,82.77250000000001,4.73,0,319.23380658958456
29.12.2025 05:00,8.36,90.7925,74.7,,89.63,816.605,72.432,33.67,4.73,0,334.4290006053017
29.12.2025 06:00,8.56,96.3325,74.7,,94.93,977.5825,14.914,62.525,4.73,0,348.66616084488567
29.12.2025 07:00,8.72,104.7175,74.7,,94.9075,1070.2625,1.828,102.93,4.73,0,366.68073388487227
29.12.2025 08:00,8.92,113.8775,74.7,,92.765,1103.21,6.253,98.75,1.94,0,372.12297964658353
29.12.2025 09:00,8.92,111.01,74.7,,84.78999999999999,1010.075,50.817,72.88,1.94,0,352.77896941781
29.12.2025 10:00,8.92,97.645,74.7,,76.85249999999999,1055.515,34.631,63.315,1.94,1,334.0150759115453
29.12.2025 11:00,8.92,90.345,74.7,,75.9075,1153.0125,1.981,86.62,1.94,1,313.2505844476144
29.12.2025 12:00,8.92,87.6575,74.7,,82.2525,978.9525,42.884,68.215,3.22,1,304.3635345654187
29.12.2025 13:00,8.92,88.52250000000001,74.7,,90.875,1054.3225,12.585,82.58333333333333,3.22,1,303.76483235648345
29.12.2025 14:00,8.72,96.1025,74.7,,94.79,710.6975,40.726,66.61500000000001,3.22,1,311.9049830172436
29.12.2025 15:00,8.56,103.5075,74.7,,100.09,838.8399999999999,4.617,108.2225,3.22,1,326.6361206817611
29.12.2025 16:00,8.41,108.655,74.7,,103.7725,920.6975,0.203,106.335,0.77,1,333.81234024724506
29.12.2025 17:00,8.41,107.0075,74.7,,106.8775,1108.965,32.094,90.68333333333334,0.77,1,320.45207282388424
29.12.2025 18:00,8.41,103.3075,74.7,,98.17,922.3275,70.325,82.8075,0.77,1,310.7114894276542
29.12.2025 19:00,8.41,95.1475,74.7,,89.805,777.3399999999999,9.169,94.615,0.77,1,308.7253381877231
29.12.2025 20:00,8.41,90.3725,74.7,,89.0075,524.4100000000001,1.716,91.0275,1.76,0,313.06214248187325
29.12.2025 21:00,8.41,83.245,74.7,,85.0575,622.815,76.218,69.5475,1.76,0,310.4083038714816
29.12.2025 22:00,8.36,87.91499999999999,74.7,,76.285,732.3975,99.947,53.825,1.76,0,311.5972079668352
29.12.2025 23:00,8.36,83.3425,74.7,,72.4225,571.2925,0.585,90.40333333333332,1.76,0,303.0626967380274
30.12.2025 00:00,8.36,77.8625,74.7,,74.545,564.5975000000001,1.402,79.095,4.55,0,278.061948289091
30.12.2025 01:00,8.36,73.215,74.7,,77.3025,572.6625,82.51599999999999,65.625,4.55,0,271.2606367138601
30.12.2025 02:00,8.36,71.855,74.7,,75.9975,573.435,128.748,26.5725,4.55,0,270.34339756477544
30.12.2025 03:00,8.36,69.3575,74.7,,77.1275,539.515,26.704,16.79,4.55,0,265.1863185235983
30.12.2025 04:00,8.36,68.5375,74.7,,79.3725,764.73,131.882,3.0849999999999995,4.04,0,263.90700627460467
30.12.2025 05:00,8.36,71.99,74.7,,81.0025,819.26,120.49,11.7175,4.04,0,274.00308981947467
30.12.2025 06:00,8.56,80.02,74.7,,93.4625,891.5725,238.378,-9.7725,4.04,0,291.71973056003384
30.12.2025 07:00,8.72,87.97,74.7,,94.28,1132.61,23.269,65.65,4.04,0,310.87981717652
30.12.2025 08:00,8.92,94.8775,74.7,,97.1875,1514.0375,10.219,89.94999999999999,1.76,0,324.0864823528394
30.12.2025 09:00,8.92,94.3925,74.7,,85.8625,1293.1575,143.84,47.2575,1.76,0,320.7790365453548
30.12.2025 10:00,8.92,85.82,74.7,,74.8675,1475.795,61.244,63.785,1.76,1,303.15564719602406
30.12.2025 11:00,8.92,79.38,74.7,,70.89,1381.4825,86.658,41.7525,1.76,1,280.920436033632
30.12.2025 12:00,8.92,76.155,74.7,,82.2,1470.19,57.371,39.78,2.8,1,264.85424571997845
30.12.2025 13:00,8.92,76.7575,74.7,,99.455,1393.3825,8.396,63.14333333333334,2.8,1,263.56921320337955
30.12.2025 14:00,8.72,88.9675,74.7,,114.9375,1114.6975,12.672,66.39750000000001,2.8,1,297.5449748534036
30.12.2025 15:00,8.56,102.325,74.7,,118.475,1183.5125,49.564,106.21,2.8,1,334.2463867301234
30.12.2025 16:00,8.41,109.1,74.7,,116.7225,1340.75,0.0,,0.69,1,336.7674885551154
30.12.2025 17:00,8.41,110.715,74.7,,116.0325,1176.3975,1.7559999999999998,108.685,0.69,1,327.6133428232838
30.12.2025 18:00,8.41,109.12,74.7,,121.7075,1489.4375,0.0,107.91,0.69,1,330.24203373909273
30.12.2025 19:00,8.41,105.6075,74.7,,111.95,1365.1375,18.641,101.7975,0.69,1,340.2043407280827
30.12.2025 20:00,8.41,101.04,74.7,,112.265,1306.1925,16.297,97.835,1.38,0,351.5299975330985
30.12.2025 21:00,8.41,93.3225,74.7,,99.2825,894.235,2.601,97.395,1.38,0,376.8403210250752
30.12.2025 22:00,8.36,92.045,74.7,,88.08500000000001,748.46,5.078,95.85,1.38,0,376.46490975427537
30.12.2025 23:00,8.36,85.8075,74.7,,76.13,715.2925,30.235,78.975,1.38,0,359.60039236903106
31.12.2025 00:00,8.36,88.0825,74.7,,69.81,827.915,0.167,95.6025,3.99,0,327.00140881731363
31.12.2025 01:00,8.36,84.3375,74.7,,69.1075,754.5375,11.65,77.89333333333333,3.99,0,296.67919599158665
31.12.2025 02:00,8.36,80.2125,74.7,,68.13,696.63,5.618,77.8425,3.99,0,274.67927265075537
31.12.2025 03:00,8.36,76.58,74.7,,70.71000000000001,585.7850000000001,0.004,83.12333333333333,3.99,0,261.69352808476424
31.12.2025 04:00,8.36,74.9325,74.7,,72.5375,693.48,0.213,82.92999999999999,3.6,0,256.8896823322186
31.12.2025 05:00,8.36,77.3775,74.7,,74.7475,770.48,56.931,60.2375,3.6,0,257.8678245024044
31.12.2025 06:00,8.56,81.86749999999999,74.7,,85.5025,994.635,13.642,99.85,3.6,0,270.96240719196805
31.12.2025 07:00,8.72,85.2825,74.7,,87.6375,1307.6425,17.592000000000002,97.33666666666666,3.6,0,277.7040263812557
31.12.2025 08:00,8.92,95.7925,74.7,,87.645,1459.21,105.529,87.1,10.21,0,272.0840943726906
31.12.2025 09:00,8.92,95.335,74.7,,76.8275,1326.495,120.446,52.2075,10.21,0,260.86553559027817
31.12.2025 10:00,8.92,89.26249999999999,74.7,,72.5125,1316.01,62.348,57.385,10.21,1,243.1951703205532
31.12.2025 11:00,8.92,83.48,74.7,,67.3575,1346.2825,138.067,67.4575,10.21,1,221.21603431743137
31.12.2025 12:00,8.92,83.0475,74.7,,71.3,1198.9,49.583,40.3325,4.5,1,208.58429334629872
31.12.2025 13:00,8.92,85.17,74.7,,81.415,1240.9,0.841,78.53,4.5,1,208.3506929834544
31.12.2025 14:00,8.72,85.17750000000001,74.7,,92.8975,1250.3675,0.645,84.3075,4.5,1,219.8855774708332
31.12.2025 15:00,8.56,90.8325,74.7,,108.9175,1181.5975,0.057,103.39,4.5,1,247.0189255885393
31.12.2025 16:00,8.41,100.705,74.7,,111.085,1206.6175,80.334,30.9,1.21,1,266.2621119651152
31.12.2025 17:00,8.41,110.1,74.7,,99.35,1117.915,165.478,58.0675,1.21,1,270.9345632194267
31.12.2025 18:00,8.41,107.5275,74.7,,83.3075,922.5725,102.379,62.71,1.21,1,278.2219869758673
31.12.2025 19:00,8.41,95.99,74.7,,66.7775,1094.86,206.096,36.305,1.21,1,291.1393649323848
31.12.2025 20:00,8.41,86.8025,74.7,,51.075,1227.005,214.407,-0.2049999999999983,3.34,0,279.9902243764802
31.12.2025 21:00,8.41,79.7975,74.7,,34.4825,1229.6425,53.042,42.572500000000005,3.34,0,269.04992457640475
31.12.2025 22:00,8.36,81.39,74.7,,31.85,1375.7975,46.406000000000006,37.295,3.34,0,278.2057098359742
31.12.2025 23:00,8.36,76.4475,74.7,,27.85,1394.98,0.0,54.515,3.34,0,263.77600484963745
